contract_id,contract_name,address,file_path,compiler_version,data_source,has_reentrancy,has_access_control_issues,has_timestamp_dependency,has_unchecked_call,has_reentrancy_unlimited,has_reentrancy_benign,has_reentrancy_events,has_unchecked_transfer,has_controlled_delegatecall,has_delegatecall_loop,has_uninitialized_state,has_uninitialized_storage,has_uninitialized_local,has_tx_origin,has_inline_assembly,has_locked_ether,has_msg_value_loop,has_shadowing_state,has_shadowing_builtin,has_shadowing_abstract,has_unused_state_vars,has_unused_return_values,has_incorrect_solc_version,has_floating_pragma,has_outdated_compiler,high_severity_count,medium_severity_count,low_severity_count,num_functions,num_external_calls,num_state_vars,num_modifiers,max_cyclomatic_complexity,num_low_level_calls,lines_of_code,num_contracts_in_file,num_dependencies,avg_function_complexity,num_functions_high_complexity,num_comments,comment_to_code_ratio,num_payable_functions,num_library_calls,inheritance_depth,num_unused_functions,high_confidence_detectors,medium_confidence_detectors,low_confidence_detectors,security_detectors_triggered,optimization_detectors_triggered,total_detector_hits,unique_vulnerability_types,detectors_per_function,detectors_per_loc,risk_score_simple,risk_score_weighted,is_high_risk,contract_complexity_category,complexity_level,failure_reason,error_message,cfg_num_nodes,cfg_num_edges,cfg_num_cycles,cfg_max_depth,cfg_avg_branching,cfg_has_complex_loops,cfg_num_exit_points,cfg_cyclomatic_total,cg_num_nodes,cg_num_edges,cg_max_call_depth,cg_num_external_calls,cg_external_call_ratio,cg_has_cyclic_calls,cg_num_public_entry_points,cg_num_internal_functions,cg_avg_calls_per_function,cg_num_leaf_functions,dfg_num_state_vars,dfg_num_tainted_flows,dfg_has_cross_function_flow,dfg_num_sensitive_sinks,dfg_num_external_sources,dfg_taint_to_sink_ratio,dfg_num_unvalidated_inputs
2759,phishable,,data/smartbugs_curated/dataset/access_control/phishable.sol,,smartbugs_curated,False,True,False,False,False,False,False,False,False,False,False,False,False,True,False,False,False,False,False,False,False,False,True,False,False,1,1,5,3,1,1,0,1,0,18,1,1,1.0,0,6,0.3333333333333333,1,0,0,0,3,4,0,2,0,5,3,0.0,0.0,20.0,23.200000000000003,True,simple,0,,,6,3,0,2,0.5,False,0,3,3,2,1,1,0.3333333333333333,False,3,0,0.6666666666666666,4,1,2,True,1,2,2.0,2
2760,parity_wallet_bug_1,,data/smartbugs_curated/dataset/access_control/parity_wallet_bug_1.sol,,smartbugs_curated,True,True,True,True,False,False,True,False,False,False,True,False,True,False,True,False,False,False,False,False,True,False,True,False,False,3,3,66,6,3,7,0,5,3,395,4,1,1.6666666666666667,0,108,0.27341772151898736,1,0,1,0,74,7,0,6,0,17,8,0.0,0.0,111.0,515.1705882352942,True,moderate,1,,,20,16,0,5,0.8,False,3,10,6,1,1,3,0.75,False,5,1,0.16666666666666666,6,7,2,True,3,7,0.6666666666666666,4
2761,arbitrary_location_write_simple,,data/smartbugs_curated/dataset/access_control/arbitrary_location_write_simple.sol,,smartbugs_curated,False,False,False,False,False,False,False,False,False,False,False,False,False,False,False,False,False,False,False,False,False,False,True,False,False,1,1,6,6,2,2,0,1,0,32,1,1,1.0,0,6,0.1875,1,0,0,0,7,1,0,2,0,4,1,0.0,0.0,21.0,40.425,True,simple,0,,,15,9,0,2,0.6,False,0,6,6,4,1,2,0.3333333333333333,False,6,0,0.6666666666666666,5,2,2,True,0,3,0.0,2
2762,wallet_03_wrong_constructor,,data/smartbugs_curated/dataset/access_control/wallet_03_wrong_constructor.sol,,smartbugs_curated,False,False,False,False,True,False,False,False,False,False,False,False,False,False,False,False,False,False,False,False,False,False,True,False,False,0,0,4,4,2,2,0,1,0,31,1,1,1.0,0,10,0.3225806451612903,1,0,0,0,2,2,0,0,1,3,2,0.0,0.0,4.0,4.533333333333333,False,simple,0,,,12,8,0,3,0.6666666666666666,False,0,4,4,4,1,2,0.3333333333333333,False,4,0,1.0,4,2,2,True,2,2,1.0,2
2763,rubixi,,data/smartbugs_curated/dataset/access_control/rubixi.sol,,smartbugs_curated,False,False,False,True,True,False,False,False,False,False,False,False,False,False,False,False,False,False,False,False,False,False,True,False,False,1,5,25,19,5,7,1,8,0,125,1,1,2.3157894736842106,0,21,0.168,0,0,0,0,15,16,0,6,4,11,4,0.0,0.0,60.0,142.9090909090909,True,moderate,1,,,99,86,1,12,0.8686868686868687,False,6,44,19,9,2,5,0.35714285714285715,False,16,3,0.47368421052631576,12,7,6,True,5,7,1.2,7
2764,mycontract,,data/smartbugs_curated/dataset/access_control/mycontract.sol,,smartbugs_curated,False,True,False,False,False,False,False,False,False,False,False,False,False,True,False,False,False,False,False,False,False,False,True,False,False,1,1,3,2,1,1,0,1,0,18,1,1,1.0,0,7,0.3888888888888889,0,0,0,0,2,3,0,2,0,4,3,0.0,0.0,18.0,18.45,True,simple,0,,,5,3,0,2,0.6,False,0,2,2,1,1,1,0.5,False,2,0,0.5,2,1,1,True,1,2,1.0,1
2765,wallet_02_refund_nosub,,data/smartbugs_curated/dataset/access_control/wallet_02_refund_nosub.sol,,smartbugs_curated,False,False,False,False,True,False,False,False,False,False,False,False,False,False,False,False,False,False,False,False,False,False,True,False,False,0,0,4,5,3,2,0,1,0,35,1,1,1.0,0,11,0.3142857142857143,1,0,0,0,2,2,0,0,1,3,2,0.0,0.0,4.0,4.533333333333333,False,simple,0,,,14,9,0,3,0.6428571428571429,False,0,5,5,4,1,3,0.42857142857142855,False,5,0,0.8,5,2,2,True,3,2,0.6666666666666666,2
2766,incorrect_constructor_name1,,data/smartbugs_curated/dataset/access_control/incorrect_constructor_name1.sol,,smartbugs_curated,False,False,False,False,False,False,False,False,False,False,False,False,False,False,False,False,False,False,False,False,False,False,True,False,False,0,0,3,3,1,1,1,1,0,28,1,1,1.0,0,8,0.2857142857142857,1,0,0,0,3,0,0,0,0,2,1,0.0,0.0,3.0,4.5,False,simple,0,,,6,3,0,2,0.5,False,0,3,3,2,1,1,0.3333333333333333,False,3,0,0.6666666666666666,4,1,0,True,1,0,0.0,0
2767,wallet_04_confused_sign,,data/smartbugs_curated/dataset/access_control/wallet_04_confused_sign.sol,,smartbugs_curated,False,False,False,False,True,False,False,False,False,False,False,False,False,False,False,False,False,False,False,False,False,False,True,False,False,0,0,4,4,2,2,0,1,0,32,1,1,1.0,0,11,0.34375,1,0,0,0,2,2,0,0,1,3,2,0.0,0.0,4.0,4.533333333333333,False,simple,0,,,12,8,0,3,0.6666666666666666,False,0,4,4,4,1,2,0.3333333333333333,False,4,0,1.0,4,2,2,True,2,2,1.0,2
2768,multiowned_vulnerable,,data/smartbugs_curated/dataset/access_control/multiowned_vulnerable.sol,,smartbugs_curated,False,False,False,False,False,False,False,False,False,False,False,False,False,False,False,False,False,False,False,False,False,False,True,False,False,0,0,4,3,0,2,1,1,0,53,2,1,1.0,0,23,0.4339622641509434,0,0,0,0,4,0,0,0,0,2,1,0.0,0.0,4.0,8.0,False,simple,0,,,12,9,0,4,0.75,False,2,3,3,3,1,0,0.0,False,3,0,1.0,3,2,2,True,0,2,0.0,2
2769,mapping_write,,data/smartbugs_curated/dataset/access_control/mapping_write.sol,,smartbugs_curated,False,False,False,False,False,False,False,False,False,False,True,False,False,False,False,False,False,False,False,False,False,False,True,False,False,2,0,2,3,1,2,0,3,0,25,1,1,1.6666666666666667,0,7,0.28,0,0,0,0,4,1,0,2,0,4,2,0.0,0.0,22.0,25.85,True,simple,0,,,10,8,0,3,0.8,False,1,5,3,2,1,1,0.3333333333333333,False,3,0,0.6666666666666666,4,2,1,True,1,3,1.0,2
2770,simple_suicide,,data/smartbugs_curated/dataset/access_control/simple_suicide.sol,,smartbugs_curated,False,True,False,False,False,False,False,False,False,False,False,False,False,False,False,False,False,False,False,False,False,False,True,False,False,1,0,2,1,0,0,0,1,0,13,1,1,1.0,0,7,0.5384615384615384,0,0,0,0,3,0,0,1,0,2,2,0.0,0.0,12.0,18.0,False,simple,0,,,2,1,0,1,0.5,False,0,1,1,1,1,0,0.0,False,1,0,1.0,1,0,0,False,0,0,0.0,0
2771,incorrect_constructor_name3,,data/smartbugs_curated/dataset/access_control/incorrect_constructor_name3.sol,,smartbugs_curated,False,False,False,False,False,False,False,False,False,False,False,False,False,False,False,False,False,False,False,False,False,False,True,False,False,0,0,3,3,1,1,1,1,0,26,1,1,1.0,0,6,0.23076923076923078,1,0,0,0,3,0,0,0,0,2,1,0.0,0.0,3.0,4.5,False,simple,0,,,6,3,0,2,0.5,False,0,3,3,2,1,1,0.3333333333333333,False,3,0,0.6666666666666666,4,1,0,True,1,0,0.0,0
2772,incorrect_constructor_name2,,data/smartbugs_curated/dataset/access_control/incorrect_constructor_name2.sol,,smartbugs_curated,False,False,False,False,False,False,False,False,False,False,False,False,False,False,False,False,False,False,False,False,False,False,True,False,False,0,0,2,3,1,1,1,1,0,26,1,1,1.0,0,6,0.23076923076923078,1,0,0,0,2,0,0,0,0,1,1,0.0,0.0,2.0,4.0,False,simple,0,,,6,3,0,2,0.5,False,0,3,3,2,1,1,0.3333333333333333,False,3,0,0.6666666666666666,4,1,0,True,1,0,0.0,0
2773,unprotected0,,data/smartbugs_curated/dataset/access_control/unprotected0.sol,,smartbugs_curated,False,False,False,False,False,False,False,False,False,False,False,False,False,False,False,False,False,False,False,False,False,False,True,False,False,0,0,4,2,0,1,1,1,0,33,1,1,1.0,0,15,0.45454545454545453,0,0,0,0,3,1,0,0,0,3,1,0.0,0.0,4.0,4.933333333333334,False,simple,0,,,4,2,0,1,0.5,False,0,2,2,0,0,0,0.0,False,2,0,0.0,2,1,1,False,0,1,0.0,1
2774,proxy,,data/smartbugs_curated/dataset/access_control/proxy.sol,,smartbugs_curated,False,False,False,True,False,False,False,False,True,False,False,False,False,False,False,False,False,False,False,False,False,False,True,False,False,1,0,4,2,1,1,0,1,1,16,1,1,1.0,0,6,0.375,0,0,0,0,5,1,0,1,0,5,3,0.0,0.0,14.0,15.96,True,simple,0,,,4,2,0,1,0.5,False,0,2,2,1,1,1,0.5,False,2,0,0.5,2,1,1,False,1,2,1.0,1
2775,FibonacciBalance,,data/smartbugs_curated/dataset/access_control/FibonacciBalance.sol,,smartbugs_curated,False,True,False,True,False,False,False,False,True,False,True,False,False,False,False,False,False,False,False,False,False,False,True,False,False,4,0,9,5,3,5,0,1,2,52,2,1,1.0,0,18,0.34615384615384615,1,0,0,0,11,4,0,4,0,9,5,0.0,0.0,49.0,75.13333333333333,True,simple,0,,,10,5,0,3,0.5,False,0,5,5,3,1,3,0.5,False,3,2,0.6,4,5,1,True,3,1,0.3333333333333333,1
2776,parity_wallet_bug_2,,data/smartbugs_curated/dataset/access_control/parity_wallet_bug_2.sol,,smartbugs_curated,True,True,True,True,False,False,True,False,False,False,False,False,True,False,False,False,False,False,False,False,True,False,True,False,False,2,2,59,0,0,0,0,0,0,345,3,1,0.0,0,95,0.2753623188405797,0,0,0,0,58,6,0,4,0,13,7,0.0,0.0,89.0,425.83076923076925,True,simple,0,,,0,0,0,0,0.0,False,0,0,0,0,0,0,0.0,False,0,0,0.0,0,0,0,False,0,0,0.0,0
2777,governmental_survey,,data/smartbugs_curated/dataset/time_manipulation/governmental_survey.sol,,smartbugs_curated,False,True,True,True,True,False,False,False,False,False,False,False,False,False,False,False,False,False,False,False,False,False,True,False,False,1,3,9,4,2,5,0,3,0,44,2,1,2.5,0,7,0.1590909090909091,0,0,0,0,9,5,0,4,1,9,5,0.0,0.0,34.0,47.22222222222222,True,simple,0,,,23,19,0,7,0.8260869565217391,False,3,10,4,1,1,2,0.6666666666666666,False,3,1,0.25,4,5,0,True,2,0,0.0,0
2778,roulette,,data/smartbugs_curated/dataset/time_manipulation/roulette.sol,,smartbugs_curated,False,True,True,False,False,False,False,False,False,False,False,False,False,False,False,False,False,False,False,False,False,False,True,False,False,2,1,3,2,1,1,0,3,0,21,1,1,2.0,0,8,0.38095238095238093,2,0,0,0,3,3,0,3,0,5,3,0.0,0.0,28.0,28.560000000000002,True,simple,0,,,8,7,0,5,0.875,False,0,4,2,2,1,1,0.3333333333333333,False,2,0,1.0,3,1,0,True,1,0,0.0,0
2779,ether_lotto,,data/smartbugs_curated/dataset/time_manipulation/ether_lotto.sol,,smartbugs_curated,False,True,True,False,True,False,False,False,False,False,False,False,False,False,False,False,False,False,False,False,False,False,True,False,False,2,1,5,3,2,4,0,3,0,42,1,1,1.6666666666666667,0,22,0.5238095238095238,1,0,0,0,4,4,0,3,1,7,4,0.0,0.0,30.0,29.14285714285714,True,simple,0,,,13,11,0,7,0.8461538461538461,False,0,5,3,2,1,2,0.5,False,2,1,0.6666666666666666,4,4,0,True,2,0,0.0,0
2780,timed_crowdsale,,data/smartbugs_curated/dataset/time_manipulation/timed_crowdsale.sol,,smartbugs_curated,False,False,True,False,False,False,False,False,False,False,False,False,False,False,False,False,False,False,False,False,False,False,True,False,False,0,0,3,1,0,0,0,1,0,13,1,1,1.0,0,7,0.5384615384615384,0,0,0,0,2,1,0,0,0,2,2,0.0,0.0,3.0,4.05,False,simple,0,,,2,1,0,1,0.5,False,1,1,1,0,0,0,0.0,False,1,0,0.0,1,0,0,False,0,0,0.0,0
2781,lottopollo,,data/smartbugs_curated/dataset/time_manipulation/lottopollo.sol,,smartbugs_curated,False,True,True,True,False,False,False,False,False,False,False,False,False,False,False,False,False,False,False,False,False,False,True,False,False,1,2,4,3,2,2,0,7,0,31,1,1,3.0,0,7,0.22580645161290322,0,0,0,0,3,4,0,3,0,5,4,0.0,0.0,24.0,27.84,True,simple,0,,,16,16,0,4,1.0,False,1,9,3,3,2,2,0.4,False,2,1,1.0,2,2,1,True,2,2,0.5,2
2782,dos_number,,data/smartbugs_curated/dataset/denial_of_service/dos_number.sol,,smartbugs_curated,False,False,False,False,False,False,False,False,False,False,False,False,False,False,False,False,False,False,False,False,False,False,True,False,False,0,0,3,6,1,2,0,6,0,37,1,1,1.8333333333333333,0,9,0.24324324324324326,0,0,0,0,2,1,0,0,1,2,1,0.0,0.0,3.0,4.05,False,simple,0,,,22,18,2,7,0.8181818181818182,True,2,11,6,2,1,1,0.3333333333333333,False,5,1,0.3333333333333333,5,2,1,True,0,2,0.0,1
2783,send_loop,,data/smartbugs_curated/dataset/denial_of_service/send_loop.sol,,smartbugs_curated,False,False,False,False,False,False,False,False,False,False,True,False,False,False,False,False,False,False,False,False,False,False,True,False,False,1,0,3,2,3,2,0,4,0,22,1,1,2.5,0,8,0.36363636363636365,0,0,0,0,4,1,0,1,1,4,2,0.0,0.0,13.0,15.275,False,simple,0,,,10,9,1,5,0.9,False,0,5,2,1,1,3,0.75,False,2,0,0.5,2,2,0,True,1,0,0.0,0
2784,list_dos,,data/smartbugs_curated/dataset/denial_of_service/list_dos.sol,,smartbugs_curated,False,False,True,True,True,False,False,False,False,False,False,False,False,False,False,False,False,False,False,False,False,False,True,False,False,2,7,8,10,11,9,0,9,0,112,1,1,2.6,0,28,0.25,0,0,0,0,3,15,0,9,5,7,4,0.0,0.0,63.0,121.5,True,moderate,1,,,64,60,2,16,0.9375,False,5,26,10,2,2,11,0.8461538461538461,False,9,1,0.2,9,9,2,True,8,2,0.25,2
2785,dos_simple,,data/smartbugs_curated/dataset/denial_of_service/dos_simple.sol,,smartbugs_curated,False,False,False,False,False,False,False,False,False,False,False,False,False,False,False,False,False,False,False,False,False,False,True,False,False,0,0,2,1,2,1,0,5,0,21,1,1,5.0,0,6,0.2857142857142857,0,0,0,0,2,0,0,0,0,1,1,0.0,0.0,2.0,4.0,False,simple,0,,,11,11,1,6,1.0,False,2,5,1,0,0,2,1.0,False,1,0,0.0,1,1,0,True,1,0,0.0,0
2786,auction,,data/smartbugs_curated/dataset/denial_of_service/auction.sol,,smartbugs_curated,False,False,False,False,True,False,False,False,False,False,False,False,False,False,False,False,False,False,False,False,False,False,True,False,False,0,0,3,1,1,2,0,3,0,24,1,1,3.0,0,11,0.4583333333333333,1,0,0,0,2,1,0,0,1,2,2,0.0,0.0,3.0,4.05,False,simple,0,,,7,7,0,5,1.0,False,0,3,1,1,1,1,0.5,False,1,0,1.0,1,2,0,True,1,0,0.0,0
2787,dos_address,,data/smartbugs_curated/dataset/denial_of_service/dos_address.sol,,smartbugs_curated,False,False,False,False,False,False,False,False,False,False,False,False,False,False,False,False,False,False,False,False,False,False,True,False,False,1,0,2,5,2,2,0,4,0,29,1,1,2.0,0,6,0.20689655172413793,0,0,0,0,2,1,0,1,0,2,1,0.0,0.0,12.0,16.2,False,simple,0,,,18,15,1,5,0.8333333333333334,False,3,10,5,0,0,2,1.0,False,4,1,0.0,5,2,0,True,1,0,0.0,0
2788,lottery,,data/smartbugs_curated/dataset/bad_randomness/lottery.sol,,smartbugs_curated,False,False,False,False,False,False,False,False,False,False,False,False,False,False,False,False,False,False,False,False,False,False,True,False,False,1,1,7,5,2,2,0,6,0,55,1,1,3.2,0,19,0.34545454545454546,0,0,0,0,9,1,0,2,1,5,1,0.0,0.0,22.0,42.67999999999999,True,simple,0,,,27,24,1,7,0.8888888888888888,False,4,16,5,1,1,2,0.6666666666666666,False,5,0,0.2,5,2,0,True,1,0,0.0,0
2789,random_number_generator,,data/smartbugs_curated/dataset/bad_randomness/random_number_generator.sol,,smartbugs_curated,False,False,True,False,False,False,False,False,False,False,False,False,False,False,False,False,False,False,False,False,False,False,True,False,False,1,0,3,2,0,1,0,1,0,23,1,1,1.0,0,12,0.5217391304347826,0,0,0,0,2,2,0,1,0,3,2,0.0,0.0,13.0,14.733333333333333,False,simple,0,,,7,5,0,5,0.7142857142857143,False,1,2,2,1,0,0,0.0,False,0,2,0.5,2,1,0,True,0,1,0.0,1
2790,etheraffle,,data/smartbugs_curated/dataset/bad_randomness/etheraffle.sol,,smartbugs_curated,False,False,False,False,True,False,False,False,False,False,False,False,False,False,False,False,False,False,False,False,False,False,True,False,False,0,0,6,10,7,11,0,12,0,147,1,1,3.9,1,25,0.17006802721088435,2,0,0,0,3,3,0,0,2,5,2,0.0,0.0,6.0,6.119999999999999,False,moderate,1,,,91,93,6,12,1.021978021978022,True,1,39,10,4,3,7,0.6363636363636364,False,7,3,0.4,8,11,0,True,6,0,0.0,0
2791,lucky_doubler,,data/smartbugs_curated/dataset/bad_randomness/lucky_doubler.sol,,smartbugs_curated,False,False,True,True,True,False,False,False,False,False,False,False,False,False,False,False,False,False,False,False,False,False,True,False,False,3,4,12,15,6,8,1,13,0,146,1,1,2.466666666666667,1,28,0.1917808219178082,0,0,0,0,6,13,0,7,2,10,5,0.0,0.0,62.0,93.62,True,complex,2,,,91,84,0,22,0.9230769230769231,False,4,37,15,8,4,6,0.42857142857142855,False,10,5,0.5333333333333333,11,8,3,True,5,6,0.6,6
2792,guess_the_random_number,,data/smartbugs_curated/dataset/bad_randomness/guess_the_random_number.sol,,smartbugs_curated,False,True,True,False,False,False,False,False,False,False,False,False,False,False,False,False,False,False,False,False,False,False,True,False,False,1,2,4,3,1,1,0,3,0,23,1,1,1.6666666666666667,0,6,0.2608695652173913,2,0,0,0,5,2,0,3,0,5,3,0.0,0.0,24.0,30.720000000000002,True,simple,0,,,10,8,0,3,0.8,False,1,5,3,5,1,1,0.16666666666666666,False,3,0,1.6666666666666667,4,1,1,True,1,1,1.0,1
2793,smart_billions,,data/smartbugs_curated/dataset/bad_randomness/smart_billions.sol,,smartbugs_curated,False,False,False,False,True,False,False,False,False,False,False,False,False,False,False,False,False,True,False,False,False,False,True,False,False,3,16,58,39,8,20,2,17,0,708,6,1,3.6153846153846154,3,181,0.2556497175141243,7,1,3,0,59,20,0,19,6,15,4,0.0,0.0,168.0,817.5999999999999,True,critical,3,,,357,347,3,21,0.9719887955182073,False,39,141,39,51,4,8,0.13559322033898305,False,32,7,1.3076923076923077,22,20,10,True,4,25,2.5,22
2794,old_blockhash,,data/smartbugs_curated/dataset/bad_randomness/old_blockhash.sol,,smartbugs_curated,False,False,False,False,False,False,False,False,False,False,False,False,False,False,False,False,False,False,False,False,False,False,True,False,False,0,0,3,3,1,1,0,3,0,33,1,1,1.6666666666666667,0,8,0.24242424242424243,2,0,0,0,3,0,0,0,0,2,1,0.0,0.0,3.0,4.5,False,simple,0,,,14,12,0,5,0.8571428571428571,False,0,5,3,4,1,1,0.2,False,3,0,1.3333333333333333,2,1,1,True,1,1,1.0,1
2795,blackjack,,data/smartbugs_curated/dataset/bad_randomness/blackjack.sol,,smartbugs_curated,False,False,True,False,True,False,False,False,False,False,False,False,False,False,False,False,False,False,False,False,False,False,True,False,False,3,2,21,13,22,4,1,36,0,255,2,1,5.538461538461538,1,32,0.12549019607843137,2,7,0,0,21,8,0,5,5,8,3,0.0,0.0,61.0,202.825,True,complex,2,,,166,161,3,28,0.9698795180722891,True,27,72,13,11,2,22,0.6666666666666666,False,10,3,0.8461538461538461,6,4,2,True,13,5,0.15384615384615385,4
2796,integer_overflow_benign_1,,data/smartbugs_curated/dataset/arithmetic/integer_overflow_benign_1.sol,,smartbugs_curated,False,False,False,False,False,False,False,False,False,False,False,False,False,False,False,False,False,False,False,False,False,False,True,False,False,0,0,2,2,0,1,0,1,0,15,1,1,1.0,0,8,0.5333333333333333,0,0,0,0,3,0,0,0,0,2,1,0.0,0.0,2.0,3.0,False,simple,0,,,3,1,0,1,0.3333333333333333,False,0,2,2,0,0,0,0.0,False,1,1,0.0,2,1,0,True,0,1,0.0,1
2797,timelock,,data/smartbugs_curated/dataset/arithmetic/timelock.sol,,smartbugs_curated,False,False,True,False,False,False,False,False,False,False,False,False,False,False,False,False,False,False,False,False,False,False,True,False,False,0,0,4,3,1,2,0,1,0,26,1,1,1.0,0,7,0.2692307692307692,1,0,0,0,3,1,0,0,0,3,2,0.0,0.0,4.0,4.933333333333334,False,simple,0,,,11,8,0,5,0.7272727272727273,False,0,3,3,1,1,1,0.5,False,3,0,0.3333333333333333,3,2,1,True,1,1,1.0,1
2798,integer_overflow_multitx_multifunc_feasible,,data/smartbugs_curated/dataset/arithmetic/integer_overflow_multitx_multifunc_feasible.sol,,smartbugs_curated,False,False,False,False,False,False,False,False,False,False,False,False,False,False,False,False,False,False,False,False,False,False,True,False,False,0,0,2,3,0,2,0,3,0,22,1,1,1.6666666666666667,0,8,0.36363636363636365,0,0,0,0,2,0,0,0,0,1,1,0.0,0.0,2.0,4.0,False,simple,0,,,9,6,0,3,0.6666666666666666,False,1,5,3,0,0,0,0.0,False,2,1,0.0,3,2,1,True,0,1,0.0,1
2799,BECToken,,data/smartbugs_curated/dataset/arithmetic/BECToken.sol,,smartbugs_curated,False,False,False,False,False,False,False,False,False,False,False,False,False,False,False,False,False,False,False,False,False,False,True,False,False,0,0,24,3,0,4,0,1,0,259,9,1,1.0,0,117,0.4517374517374517,0,0,3,0,26,3,0,0,0,6,1,0.0,0.0,24.0,112.4,True,simple,0,,,10,7,0,4,0.7,False,0,3,3,1,1,0,0.0,False,2,1,0.3333333333333333,3,4,0,True,0,0,0.0,0
2800,overflow_simple_add,,data/smartbugs_curated/dataset/arithmetic/overflow_simple_add.sol,,smartbugs_curated,False,False,False,False,False,False,False,False,False,False,False,False,False,False,False,False,False,False,False,False,False,False,True,False,False,0,0,3,2,0,1,0,1,0,13,1,1,1.0,0,6,0.46153846153846156,0,0,0,0,3,0,0,0,0,2,1,0.0,0.0,3.0,4.5,False,simple,0,,,3,1,0,1,0.3333333333333333,False,0,2,2,0,0,0,0.0,False,1,1,0.0,2,1,1,True,0,1,0.0,1
2801,overflow_single_tx,,data/smartbugs_curated/dataset/arithmetic/overflow_single_tx.sol,,smartbugs_curated,False,False,False,False,False,False,False,False,False,False,False,False,False,False,False,False,False,False,False,False,False,False,True,False,False,0,0,2,7,0,1,0,1,0,41,1,1,1.0,0,19,0.4634146341463415,0,0,0,0,2,0,0,0,0,1,1,0.0,0.0,2.0,4.0,False,simple,0,,,13,6,0,1,0.46153846153846156,False,0,7,7,0,0,0,0.0,False,6,1,0.0,7,1,3,True,0,6,0.0,6
2802,integer_overflow_1,,data/smartbugs_curated/dataset/arithmetic/integer_overflow_1.sol,,smartbugs_curated,False,False,False,False,False,False,False,False,False,False,False,False,False,False,False,False,False,False,False,False,False,False,True,False,False,0,0,2,2,0,1,0,1,0,19,1,1,1.0,0,12,0.631578947368421,0,0,0,0,2,0,0,0,0,1,1,0.0,0.0,2.0,4.0,False,simple,0,,,3,1,0,1,0.3333333333333333,False,0,2,2,0,0,0,0.0,False,1,1,0.0,2,1,1,True,0,1,0.0,1
2803,token,,data/smartbugs_curated/dataset/arithmetic/token.sol,,smartbugs_curated,False,False,False,False,False,False,False,False,False,False,False,False,False,False,False,False,False,False,False,False,False,False,True,False,False,0,1,5,3,0,2,0,1,0,24,1,1,1.0,0,7,0.2916666666666667,0,0,0,0,6,0,0,1,0,3,1,0.0,0.0,10.0,20.0,False,simple,0,,,9,6,0,4,0.6666666666666666,False,2,3,3,1,1,0,0.0,False,3,0,0.3333333333333333,3,2,2,True,0,4,0.0,3
2804,integer_overflow_minimal,,data/smartbugs_curated/dataset/arithmetic/integer_overflow_minimal.sol,,smartbugs_curated,False,False,False,False,False,False,False,False,False,False,False,False,False,False,False,False,False,False,False,False,False,False,True,False,False,0,0,2,2,0,1,0,1,0,15,1,1,1.0,0,8,0.5333333333333333,0,0,0,0,2,0,0,0,0,1,1,0.0,0.0,2.0,4.0,False,simple,0,,,3,1,0,1,0.3333333333333333,False,0,2,2,0,0,0,0.0,False,1,1,0.0,2,1,1,True,0,1,0.0,1
2805,integer_overflow_mapping_sym_1,,data/smartbugs_curated/dataset/arithmetic/integer_overflow_mapping_sym_1.sol,,smartbugs_curated,False,False,False,False,False,False,False,False,False,False,False,False,False,False,False,False,False,False,False,False,False,False,True,False,False,0,0,2,1,0,1,0,1,0,14,1,1,1.0,0,7,0.5,0,0,0,0,2,0,0,0,0,1,1,0.0,0.0,2.0,4.0,False,simple,0,,,2,1,0,1,0.5,False,0,1,1,0,0,0,0.0,False,1,0,0.0,1,1,1,True,0,2,0.0,1
2806,insecure_transfer,,data/smartbugs_curated/dataset/arithmetic/insecure_transfer.sol,,smartbugs_curated,False,False,False,False,False,False,False,False,False,False,False,False,False,False,False,False,False,False,False,False,False,False,True,False,False,0,1,4,1,0,1,0,1,0,17,1,1,1.0,0,8,0.47058823529411764,0,0,0,0,5,0,0,1,0,3,1,0.0,0.0,9.0,14.999999999999998,False,simple,0,,,4,3,0,3,0.75,False,0,1,1,1,1,0,0.0,False,1,0,1.0,1,1,1,True,0,2,0.0,1
2807,integer_overflow_multitx_onefunc_feasible,,data/smartbugs_curated/dataset/arithmetic/integer_overflow_multitx_onefunc_feasible.sol,,smartbugs_curated,False,False,False,False,False,False,False,False,False,False,False,False,False,False,False,False,False,False,False,False,False,False,True,False,False,0,0,2,2,0,2,0,3,0,20,1,1,2.0,0,8,0.4,0,0,0,0,2,0,0,0,0,1,1,0.0,0.0,2.0,4.0,False,simple,0,,,8,6,0,3,0.75,False,1,4,2,0,0,0,0.0,False,1,1,0.0,2,2,1,True,0,1,0.0,1
2808,integer_overflow_add,,data/smartbugs_curated/dataset/arithmetic/integer_overflow_add.sol,,smartbugs_curated,False,False,False,False,False,False,False,False,False,False,False,False,False,False,False,False,False,False,False,False,False,False,True,False,False,0,0,2,2,0,1,0,1,0,15,1,1,1.0,0,8,0.5333333333333333,0,0,0,0,2,0,0,0,0,1,1,0.0,0.0,2.0,4.0,False,simple,0,,,3,1,0,1,0.3333333333333333,False,0,2,2,0,0,0,0.0,False,1,1,0.0,2,1,1,True,0,1,0.0,1
2809,tokensalechallenge,,data/smartbugs_curated/dataset/arithmetic/tokensalechallenge.sol,,smartbugs_curated,False,False,False,False,False,False,False,False,False,False,False,False,False,False,False,False,False,False,False,False,False,False,True,False,False,0,0,2,5,1,2,0,1,0,28,1,1,1.0,0,8,0.2857142857142857,2,0,0,0,2,0,0,0,0,1,1,0.0,0.0,2.0,4.0,False,simple,0,,,12,7,0,3,0.5833333333333334,False,1,5,5,4,1,1,0.2,False,4,1,0.8,3,2,2,True,1,3,2.0,3
2810,integer_overflow_mul,,data/smartbugs_curated/dataset/arithmetic/integer_overflow_mul.sol,,smartbugs_curated,False,False,False,False,False,False,False,False,False,False,False,False,False,False,False,False,False,False,False,False,False,False,True,False,False,0,0,2,2,0,1,0,1,0,15,1,1,1.0,0,8,0.5333333333333333,0,0,0,0,2,0,0,0,0,1,1,0.0,0.0,2.0,4.0,False,simple,0,,,3,1,0,1,0.3333333333333333,False,0,2,2,0,0,0,0.0,False,1,1,0.0,2,1,1,True,0,1,0.0,1
2811,0x941d225236464a25eb18076df7da6a91d0f95e9e,,data/smartbugs_curated/dataset/reentrancy/0x941d225236464a25eb18076df7da6a91d0f95e9e.sol,,smartbugs_curated,True,False,False,True,False,True,False,False,False,False,False,False,False,False,False,False,False,False,False,False,False,False,True,False,False,2,0,16,5,4,4,0,5,1,65,2,1,2.2,0,6,0.09230769230769231,3,0,0,0,17,3,0,2,0,8,3,0.0,0.0,36.0,85.95,True,simple,0,,,17,15,0,4,0.8823529411764706,False,0,11,5,0,0,4,1.0,False,4,1,0.0,5,4,2,True,4,2,0.5,2
2812,0x23a91059fdc9579a9fbd0edc5f2ea0bfdb70deb4,,data/smartbugs_curated/dataset/reentrancy/0x23a91059fdc9579a9fbd0edc5f2ea0bfdb70deb4.sol,,smartbugs_curated,True,False,False,True,False,False,False,False,False,False,False,False,False,False,False,False,False,False,False,False,False,False,True,False,False,2,0,14,5,4,3,0,5,1,60,2,1,2.2,0,6,0.1,2,0,0,0,16,2,0,2,0,7,3,0.0,0.0,34.0,84.5142857142857,True,simple,0,,,16,14,0,4,0.875,False,0,11,5,0,0,4,1.0,False,4,1,0.0,5,3,2,True,4,2,0.5,2
2813,etherstore,,data/smartbugs_curated/dataset/reentrancy/etherstore.sol,,smartbugs_curated,True,False,True,True,False,False,False,False,False,False,False,False,False,False,False,False,False,False,False,False,False,False,True,False,False,1,0,5,3,2,3,0,1,1,26,1,1,1.0,0,9,0.34615384615384615,1,0,0,0,5,2,0,1,0,6,4,0.0,0.0,15.0,15.999999999999998,True,simple,0,,,10,7,0,6,0.7,False,0,3,3,1,1,2,0.6666666666666666,False,2,1,0.3333333333333333,3,3,1,True,2,1,0.5,1
2814,0xbe4041d55db380c5ae9d4a9b9703f1ed4e7e3888,,data/smartbugs_curated/dataset/reentrancy/0xbe4041d55db380c5ae9d4a9b9703f1ed4e7e3888.sol,,smartbugs_curated,True,False,True,True,False,False,False,False,False,False,False,False,False,False,False,False,False,False,False,False,False,False,True,False,False,2,0,26,6,4,4,0,5,1,86,2,1,2.6666666666666665,0,6,0.06976744186046512,3,0,0,0,25,4,0,2,0,8,4,0.0,0.0,46.0,159.85,True,simple,0,,,29,26,0,5,0.896551724137931,False,2,16,6,1,1,4,0.8,False,6,0,0.16666666666666666,5,4,4,True,4,4,1.0,4
2815,0xb5e1b1ee15c6fa0e48fce100125569d430f1bd12,,data/smartbugs_curated/dataset/reentrancy/0xb5e1b1ee15c6fa0e48fce100125569d430f1bd12.sol,,smartbugs_curated,True,False,False,True,False,False,False,False,False,False,False,False,False,False,False,False,False,False,False,False,False,False,True,False,False,2,0,15,5,4,3,0,5,1,62,2,1,2.2,0,6,0.0967741935483871,3,0,0,0,17,2,0,2,0,7,3,0.0,0.0,35.0,92.0,True,simple,0,,,16,14,0,4,0.875,False,0,11,5,0,0,4,1.0,False,4,1,0.0,5,3,2,True,4,2,0.5,2
2816,etherbank,,data/smartbugs_curated/dataset/reentrancy/etherbank.sol,,smartbugs_curated,True,False,False,True,False,False,False,False,False,False,False,False,False,False,False,False,False,False,False,False,False,False,True,False,False,1,0,4,3,2,1,0,3,1,21,1,1,1.6666666666666667,0,6,0.2857142857142857,0,0,0,0,4,1,0,1,0,4,3,0.0,0.0,14.0,16.45,True,simple,0,,,10,7,0,4,0.7,False,2,5,3,0,0,2,1.0,False,3,0,0.0,3,1,0,True,2,1,0.0,1
2817,modifier_reentrancy,,data/smartbugs_curated/dataset/reentrancy/modifier_reentrancy.sol,,smartbugs_curated,True,False,False,False,False,False,False,False,False,False,False,False,False,False,False,False,False,False,False,False,True,False,True,False,False,0,1,4,2,0,2,2,1,0,43,3,1,1.0,0,9,0.20930232558139536,0,0,0,0,4,1,0,1,0,4,3,0.0,0.0,9.0,10.575,True,simple,0,,,5,3,0,3,0.6,False,0,2,2,2,1,0,0.0,False,1,1,1.0,3,2,0,True,0,0,0.0,0
2818,reentrance,,data/smartbugs_curated/dataset/reentrancy/reentrance.sol,,smartbugs_curated,True,False,False,True,False,False,False,False,False,False,False,False,False,False,False,False,False,False,False,False,False,False,True,False,False,1,0,7,4,2,1,0,5,1,25,1,1,2.0,0,6,0.24,2,0,0,0,7,1,0,1,0,5,3,0.0,0.0,17.0,26.180000000000003,True,simple,0,,,12,10,0,4,0.8333333333333334,False,1,8,4,0,0,2,1.0,False,4,0,0.0,4,1,2,True,2,3,1.0,3
2819,0x4e73b32ed6c35f570686b89848e5f39f20ecc106,,data/smartbugs_curated/dataset/reentrancy/0x4e73b32ed6c35f570686b89848e5f39f20ecc106.sol,,smartbugs_curated,True,False,False,True,False,False,False,False,False,False,False,False,False,False,False,False,False,False,False,False,False,False,True,False,False,2,0,20,6,4,4,0,5,1,78,2,1,1.6666666666666667,0,6,0.07692307692307693,3,0,0,0,21,2,0,2,0,6,3,0.0,0.0,40.0,149.33333333333334,True,simple,0,,,20,16,0,4,0.8,False,0,10,6,3,1,4,0.5714285714285714,False,6,0,0.5,4,4,3,True,4,3,0.75,3
2820,0xb93430ce38ac4a6bb47fb1fc085ea669353fd89e,,data/smartbugs_curated/dataset/reentrancy/0xb93430ce38ac4a6bb47fb1fc085ea669353fd89e.sol,,smartbugs_curated,True,False,False,True,False,False,False,False,False,False,False,False,False,False,False,False,False,False,False,False,False,False,True,False,False,2,0,14,5,4,3,0,5,1,60,2,1,2.2,0,6,0.1,2,0,0,0,16,2,0,2,0,7,3,0.0,0.0,34.0,84.5142857142857,True,simple,0,,,16,14,0,4,0.875,False,0,11,5,0,0,4,1.0,False,4,1,0.0,5,3,2,True,4,2,0.5,2
2821,0xbaf51e761510c1a11bf48dd87c0307ac8a8c8a4f,,data/smartbugs_curated/dataset/reentrancy/0xbaf51e761510c1a11bf48dd87c0307ac8a8c8a4f.sol,,smartbugs_curated,True,False,False,True,False,False,False,False,False,False,False,False,False,False,False,False,False,False,False,False,False,False,True,False,False,2,0,15,5,4,3,0,5,1,63,2,1,2.2,0,6,0.09523809523809523,3,0,0,0,17,2,0,2,0,7,3,0.0,0.0,35.0,92.0,True,simple,0,,,16,14,0,4,0.875,False,0,11,5,0,0,4,1.0,False,4,1,0.0,5,3,2,True,4,2,0.5,2
2822,0xaae1f51cf3339f18b6d3f3bdc75a5facd744b0b8,,data/smartbugs_curated/dataset/reentrancy/0xaae1f51cf3339f18b6d3f3bdc75a5facd744b0b8.sol,,smartbugs_curated,True,False,False,True,False,False,False,False,False,False,False,False,False,False,False,False,False,False,False,False,False,False,True,False,False,2,0,22,6,4,4,0,5,1,78,2,1,2.3333333333333335,0,6,0.07692307692307693,3,0,0,0,23,2,0,2,0,7,3,0.0,0.0,42.0,146.4,True,simple,0,,,24,20,0,4,0.8333333333333334,False,2,14,6,1,1,4,0.8,False,6,0,0.16666666666666666,5,4,3,True,4,3,0.75,3
2823,0x01f8c4e3fa3edeb29e514cba738d87ce8c091d3f,,data/smartbugs_curated/dataset/reentrancy/0x01f8c4e3fa3edeb29e514cba738d87ce8c091d3f.sol,,smartbugs_curated,True,False,False,True,False,False,False,False,False,False,False,False,False,False,False,False,False,False,False,False,False,False,True,False,False,2,0,20,7,4,4,0,5,1,78,2,1,2.142857142857143,0,6,0.07692307692307693,3,0,0,0,21,2,0,2,0,6,3,0.0,0.0,40.0,149.33333333333334,True,simple,0,,,26,23,0,4,0.8846153846153846,False,0,15,7,3,1,4,0.5714285714285714,False,6,1,0.42857142857142855,5,4,3,True,4,3,0.75,3
2824,reentrancy_insecure,,data/smartbugs_curated/dataset/reentrancy/reentrancy_insecure.sol,,smartbugs_curated,True,False,False,True,False,False,False,False,False,False,False,False,False,False,False,False,False,False,False,False,False,False,True,False,False,1,0,4,1,2,1,0,1,1,17,1,1,1.0,0,7,0.4117647058823529,0,0,0,0,4,1,0,1,0,4,3,0.0,0.0,14.0,16.45,True,simple,0,,,6,5,0,5,0.8333333333333334,False,0,1,1,1,1,2,0.6666666666666666,False,1,0,1.0,1,1,0,True,2,0,0.0,0
2825,simple_dao,,data/smartbugs_curated/dataset/reentrancy/simple_dao.sol,,smartbugs_curated,True,False,False,True,False,False,False,False,False,False,False,False,False,False,False,False,False,False,False,False,False,False,True,False,False,1,0,3,3,2,1,0,3,1,22,1,1,1.6666666666666667,0,6,0.2727272727272727,1,0,0,0,3,1,0,1,0,3,3,0.0,0.0,13.0,16.03333333333333,True,simple,0,,,9,7,0,3,0.7777777777777778,False,1,5,3,0,0,2,1.0,False,3,0,0.0,3,1,2,True,2,3,1.0,3
2826,0x4320e6f8c05b27ab4707cd1f6d5ce6f3e4b3a5a1,,data/smartbugs_curated/dataset/reentrancy/0x4320e6f8c05b27ab4707cd1f6d5ce6f3e4b3a5a1.sol,,smartbugs_curated,True,False,False,True,False,False,False,False,False,False,False,False,False,False,False,False,False,False,False,False,False,False,True,False,False,2,0,20,7,4,4,0,5,1,78,2,1,2.142857142857143,0,6,0.07692307692307693,3,0,0,0,21,2,0,2,0,6,3,0.0,0.0,40.0,149.33333333333334,True,simple,0,,,26,23,0,4,0.8846153846153846,False,0,15,7,3,1,4,0.5714285714285714,False,6,1,0.42857142857142855,5,4,3,True,4,3,0.75,3
2827,0x7541b76cb60f4c60af330c208b0623b7f54bf615,,data/smartbugs_curated/dataset/reentrancy/0x7541b76cb60f4c60af330c208b0623b7f54bf615.sol,,smartbugs_curated,True,False,True,True,False,False,False,False,False,False,False,False,False,False,False,False,False,False,False,False,False,False,True,False,False,2,0,19,5,4,3,0,5,1,71,2,1,2.2,0,6,0.08450704225352113,3,0,0,0,19,4,0,2,0,8,4,0.0,0.0,39.0,106.275,True,simple,0,,,21,19,0,6,0.9047619047619048,False,0,11,5,1,1,4,0.8,False,4,1,0.2,4,3,3,True,4,3,0.75,3
2828,0x561eac93c92360949ab1f1403323e6db345cbf31,,data/smartbugs_curated/dataset/reentrancy/0x561eac93c92360949ab1f1403323e6db345cbf31.sol,,smartbugs_curated,True,False,False,True,False,False,False,False,False,False,False,False,False,False,False,False,False,False,False,False,False,False,True,False,False,2,0,22,6,4,4,0,5,1,78,2,1,2.3333333333333335,0,6,0.07692307692307693,3,0,0,0,23,2,0,2,0,7,3,0.0,0.0,42.0,146.4,True,simple,0,,,24,20,0,4,0.8333333333333334,False,2,14,6,1,1,4,0.8,False,6,0,0.16666666666666666,5,4,3,True,4,3,0.75,3
2829,reentrancy_cross_function,,data/smartbugs_curated/dataset/reentrancy/reentrancy_cross_function.sol,,smartbugs_curated,True,False,False,True,False,False,False,False,False,False,False,False,False,False,False,False,False,False,False,False,False,False,True,False,False,1,1,4,2,2,1,0,3,1,23,1,1,2.0,0,7,0.30434782608695654,0,0,0,0,5,1,0,2,0,5,3,0.0,0.0,19.0,21.659999999999997,True,simple,0,,,11,10,0,5,0.9090909090909091,False,0,4,2,1,1,2,0.6666666666666666,False,2,0,0.5,2,1,1,True,2,2,0.5,1
2830,spank_chain_payment,,data/smartbugs_curated/dataset/reentrancy/spank_chain_payment.sol,,smartbugs_curated,True,True,True,True,True,True,True,False,False,False,False,False,False,False,True,False,False,False,False,False,False,False,True,False,False,3,17,98,5,0,1,0,1,0,778,5,1,1.0,0,120,0.15424164524421594,0,0,0,0,93,35,0,20,3,18,6,0.0,0.0,213.0,1390.4166666666667,True,simple,0,,,0,0,0,0,0.0,False,0,0,5,0,0,0,0.0,False,5,0,0.0,5,1,0,False,0,10,0.0,5
2831,0x7b368c4e805c3870b6c49a3f1f49f69af8662cf3,,data/smartbugs_curated/dataset/reentrancy/0x7b368c4e805c3870b6c49a3f1f49f69af8662cf3.sol,,smartbugs_curated,True,False,True,True,False,False,False,False,False,False,False,False,False,False,False,False,False,False,False,False,False,False,True,False,False,2,0,19,5,4,3,0,5,1,71,2,1,2.2,0,6,0.08450704225352113,3,0,0,0,19,4,0,2,0,8,4,0.0,0.0,39.0,106.275,True,simple,0,,,21,19,0,6,0.9047619047619048,False,0,11,5,1,1,4,0.8,False,4,1,0.2,4,3,3,True,4,3,0.75,3
2832,0x7a8721a9d64c74da899424c1b52acbf58ddc9782,,data/smartbugs_curated/dataset/reentrancy/0x7a8721a9d64c74da899424c1b52acbf58ddc9782.sol,,smartbugs_curated,True,False,False,True,False,False,False,False,False,False,False,False,False,False,False,False,False,False,False,False,False,False,True,False,False,2,0,15,6,5,4,1,5,1,70,2,1,2.0,0,6,0.08571428571428572,2,0,0,0,17,2,0,2,0,7,3,0.0,0.0,35.0,92.0,True,simple,0,,,20,17,0,4,0.85,False,0,12,6,1,1,5,0.8333333333333334,False,5,1,0.16666666666666666,6,4,2,True,4,2,0.5,2
2833,0xf015c35649c82f5467c9c74b7f28ee67665aad68,,data/smartbugs_curated/dataset/reentrancy/0xf015c35649c82f5467c9c74b7f28ee67665aad68.sol,,smartbugs_curated,True,False,True,True,False,False,False,False,False,False,False,False,False,False,False,False,False,False,False,False,False,False,True,False,False,2,0,19,5,4,3,0,5,1,71,2,1,2.2,0,6,0.08450704225352113,3,0,0,0,19,4,0,2,0,8,4,0.0,0.0,39.0,106.275,True,simple,0,,,21,19,0,6,0.9047619047619048,False,0,11,5,1,1,4,0.8,False,4,1,0.2,4,3,3,True,4,3,0.75,3
2834,0x8c7777c45481dba411450c228cb692ac3d550344,,data/smartbugs_curated/dataset/reentrancy/0x8c7777c45481dba411450c228cb692ac3d550344.sol,,smartbugs_curated,True,False,False,True,False,False,False,False,False,False,False,False,False,False,False,False,False,False,False,False,False,False,True,False,False,2,0,15,5,4,3,0,5,1,63,2,1,2.2,0,6,0.09523809523809523,3,0,0,0,17,2,0,2,0,7,3,0.0,0.0,35.0,92.0,True,simple,0,,,16,14,0,4,0.875,False,0,11,5,0,0,4,1.0,False,4,1,0.0,5,3,2,True,4,2,0.5,2
2835,0x627fa62ccbb1c1b04ffaecd72a53e37fc0e17839,,data/smartbugs_curated/dataset/reentrancy/0x627fa62ccbb1c1b04ffaecd72a53e37fc0e17839.sol,,smartbugs_curated,True,False,False,True,False,False,False,False,False,False,False,False,False,False,False,False,False,True,False,False,False,False,True,False,False,2,1,20,3,0,2,1,3,0,88,3,1,1.6666666666666667,0,7,0.07954545454545454,0,0,0,0,18,5,0,3,0,9,4,0.0,0.0,45.0,107.5,True,simple,0,,,8,6,0,2,0.75,False,0,5,3,1,1,0,0.0,False,2,1,0.3333333333333333,3,2,1,True,0,1,0.0,1
2836,reentrancy_bonus,,data/smartbugs_curated/dataset/reentrancy/reentrancy_bonus.sol,,smartbugs_curated,True,True,False,True,False,False,False,False,False,False,False,False,False,False,False,False,False,False,False,False,True,False,True,False,False,2,0,6,2,2,3,0,1,1,25,1,1,1.0,0,7,0.28,0,0,0,0,5,3,0,2,0,7,5,0.0,0.0,26.0,26.37142857142857,True,simple,0,,,11,9,0,5,0.8181818181818182,False,0,2,2,3,1,2,0.4,False,2,0,1.5,1,3,2,True,2,2,1.0,2
2837,0xcead721ef5b11f1a7b530171aab69b16c5e66b6e,,data/smartbugs_curated/dataset/reentrancy/0xcead721ef5b11f1a7b530171aab69b16c5e66b6e.sol,,smartbugs_curated,True,False,True,True,False,False,False,False,False,False,False,False,False,False,False,False,False,False,False,False,False,False,True,False,False,2,0,18,5,4,3,0,5,1,71,2,1,2.2,0,6,0.08450704225352113,3,0,0,0,18,4,0,2,0,8,4,0.0,0.0,38.0,98.8,True,simple,0,,,21,19,0,6,0.9047619047619048,False,0,11,5,1,1,4,0.8,False,4,1,0.2,4,3,3,True,4,3,0.75,3
2838,reentrancy_simple,,data/smartbugs_curated/dataset/reentrancy/reentrancy_simple.sol,,smartbugs_curated,True,False,False,True,False,False,False,False,False,False,False,False,False,False,False,False,False,False,False,False,False,False,True,False,False,1,0,4,3,2,1,0,3,1,24,1,1,1.6666666666666667,0,8,0.3333333333333333,1,0,0,0,4,1,0,1,0,4,3,0.0,0.0,14.0,16.45,True,simple,0,,,9,6,0,3,0.6666666666666666,False,2,5,3,0,0,2,1.0,False,3,0,0.0,3,1,0,True,2,1,0.0,1
2839,0x96edbe868531bd23a6c05e9d0c424ea64fb1b78b,,data/smartbugs_curated/dataset/reentrancy/0x96edbe868531bd23a6c05e9d0c424ea64fb1b78b.sol,,smartbugs_curated,True,False,True,True,False,False,False,False,False,False,False,False,False,False,False,False,False,False,False,False,False,False,True,False,False,2,0,26,6,4,4,0,5,1,86,2,1,2.6666666666666665,0,6,0.06976744186046512,3,0,0,0,25,4,0,2,0,8,4,0.0,0.0,46.0,159.85,True,simple,0,,,29,26,0,5,0.896551724137931,False,2,16,6,1,1,4,0.8,False,6,0,0.16666666666666666,5,4,4,True,4,4,1.0,4
2840,0x93c32845fae42c83a70e5f06214c8433665c2ab5,,data/smartbugs_curated/dataset/reentrancy/0x93c32845fae42c83a70e5f06214c8433665c2ab5.sol,,smartbugs_curated,True,False,True,True,False,False,False,False,False,False,False,False,False,False,False,False,False,False,False,False,False,False,True,False,False,2,0,19,5,4,3,0,5,1,71,2,1,2.2,0,6,0.08450704225352113,3,0,0,0,19,4,0,2,0,8,4,0.0,0.0,39.0,106.275,True,simple,0,,,21,19,0,6,0.9047619047619048,False,0,11,5,1,1,4,0.8,False,4,1,0.2,4,3,3,True,4,3,0.75,3
2841,reentrancy_dao,,data/smartbugs_curated/dataset/reentrancy/reentrancy_dao.sol,,smartbugs_curated,True,False,False,True,False,False,False,False,False,False,False,False,False,False,False,False,False,False,False,False,False,False,True,False,False,1,0,3,2,2,2,0,3,1,24,1,1,2.0,0,6,0.25,1,0,0,0,3,1,0,1,0,3,3,0.0,0.0,13.0,16.03333333333333,True,simple,0,,,11,10,0,6,0.9090909090909091,False,0,4,2,1,1,2,0.6666666666666666,False,2,0,0.5,2,2,0,True,2,0,0.0,0
2842,0x610495793564aed0f9c7fc48dc4c7c9151d34fd6,,data/smartbugs_curated/dataset/unchecked_low_level_calls/0x610495793564aed0f9c7fc48dc4c7c9151d34fd6.sol,,smartbugs_curated,False,False,False,True,False,False,False,False,False,False,False,False,False,False,False,False,False,False,False,False,False,False,True,False,False,0,1,8,5,3,2,1,1,1,27,1,1,1.0,0,6,0.2222222222222222,1,0,0,0,8,2,0,1,0,6,2,0.0,0.0,13.0,20.366666666666667,False,simple,0,,,12,7,0,2,0.5833333333333334,False,0,5,5,5,1,3,0.375,False,4,1,1.0,4,2,2,True,3,4,0.6666666666666666,2
2843,0xb0510d68f210b7db66e8c7c814f22680f2b8d1d6,,data/smartbugs_curated/dataset/unchecked_low_level_calls/0xb0510d68f210b7db66e8c7c814f22680f2b8d1d6.sol,,smartbugs_curated,False,False,False,True,False,False,False,False,False,False,False,False,False,False,False,False,False,True,False,False,True,False,True,False,False,0,5,18,7,16,6,0,1,4,108,3,1,1.0,0,22,0.2037037037037037,3,1,0,0,11,14,0,5,0,10,3,0.0,0.0,43.0,89.44,True,moderate,1,,,31,24,0,9,0.7741935483870968,False,2,7,7,6,2,16,0.7272727272727273,False,7,0,0.8571428571428571,4,6,1,True,13,2,0.07692307692307693,1
2844,0xbebbfe5b549f5db6e6c78ca97cac19d1fb03082c,,data/smartbugs_curated/dataset/unchecked_low_level_calls/0xbebbfe5b549f5db6e6c78ca97cac19d1fb03082c.sol,,smartbugs_curated,False,False,False,True,False,False,False,False,False,False,False,False,False,False,False,False,False,True,False,False,False,False,True,False,False,1,1,12,3,2,1,1,1,1,35,2,1,1.0,0,6,0.17142857142857143,1,0,0,0,11,4,0,2,0,9,4,0.0,0.0,27.0,41.4,True,simple,0,,,6,3,0,2,0.5,False,0,3,3,1,1,2,0.6666666666666666,False,2,1,0.3333333333333333,3,1,2,False,2,3,1.0,2
2845,0x7a4349a749e59a5736efb7826ee3496a2dfd5489,,data/smartbugs_curated/dataset/unchecked_low_level_calls/0x7a4349a749e59a5736efb7826ee3496a2dfd5489.sol,,smartbugs_curated,False,True,False,True,False,False,False,False,False,False,False,False,False,False,False,False,False,False,False,False,False,False,True,False,False,1,1,7,5,5,1,0,3,1,39,1,1,1.8,0,6,0.15384615384615385,4,0,0,0,7,3,0,2,0,7,3,0.0,0.0,22.0,28.6,True,simple,0,,,16,13,0,4,0.8125,False,0,9,5,4,1,5,0.5555555555555556,False,4,1,0.8,4,1,1,True,5,2,0.2,1
2846,0x958a8f594101d2c0485a52319f29b2647f2ebc06,,data/smartbugs_curated/dataset/unchecked_low_level_calls/0x958a8f594101d2c0485a52319f29b2647f2ebc06.sol,,smartbugs_curated,False,True,True,True,True,False,False,False,False,False,False,False,False,False,False,False,False,False,False,False,False,False,True,False,False,1,1,16,4,2,2,1,3,1,124,2,1,1.5,0,31,0.25,0,0,0,0,15,7,0,2,1,10,5,0.0,0.0,31.0,61.69,True,simple,0,,,12,9,0,2,0.75,False,0,6,4,2,1,2,0.5,False,4,0,0.5,3,2,2,True,2,4,1.0,2
2847,etherpot_lotto,,data/smartbugs_curated/dataset/unchecked_low_level_calls/etherpot_lotto.sol,,smartbugs_curated,False,False,True,True,True,False,False,False,False,False,False,False,False,False,False,False,False,False,False,False,False,False,True,False,False,1,2,7,15,2,4,0,8,0,115,1,1,2.4,0,23,0.2,0,0,0,0,3,7,0,3,2,6,4,0.0,0.0,27.0,35.55,True,moderate,1,,,81,70,1,14,0.8641975308641975,False,17,36,15,9,3,2,0.18181818181818182,False,14,1,0.6,11,4,1,True,2,16,0.5,10
2848,0x0cbe050f75bc8f8c2d6c0d249fea125fd6e1acc9,,data/smartbugs_curated/dataset/unchecked_low_level_calls/0x0cbe050f75bc8f8c2d6c0d249fea125fd6e1acc9.sol,,smartbugs_curated,False,False,False,True,False,False,False,False,False,False,False,False,False,False,False,False,False,False,False,False,False,False,True,False,False,0,1,4,1,1,0,0,1,1,12,1,1,1.0,0,6,0.5,0,0,0,0,3,2,0,1,0,4,2,0.0,0.0,9.0,9.9,False,simple,0,,,2,1,0,1,0.5,False,0,1,1,0,0,1,1.0,False,1,0,0.0,1,0,1,False,1,1,1.0,1
2849,lotto,,data/smartbugs_curated/dataset/unchecked_low_level_calls/lotto.sol,,smartbugs_curated,False,True,False,True,True,False,False,False,False,False,True,False,False,False,False,False,False,False,False,False,False,False,True,False,False,3,2,3,3,2,3,0,1,0,23,1,1,1.0,0,8,0.34782608695652173,0,0,0,0,6,4,0,5,1,6,5,0.0,0.0,43.0,63.06666666666666,True,simple,0,,,8,5,0,3,0.625,False,0,3,3,3,1,2,0.4,False,2,1,1.0,3,3,0,True,2,0,0.0,0
2850,0x5aa88d2901c68fda244f1d0584400368d2c8e739,,data/smartbugs_curated/dataset/unchecked_low_level_calls/0x5aa88d2901c68fda244f1d0584400368d2c8e739.sol,,smartbugs_curated,False,False,False,True,False,False,False,False,False,False,False,False,False,False,False,False,False,False,False,False,False,False,True,False,False,0,1,7,5,4,1,0,3,1,35,1,1,1.4,0,6,0.17142857142857143,4,0,0,0,6,3,0,1,0,6,2,0.0,0.0,12.0,16.2,False,simple,0,,,12,8,0,2,0.6666666666666666,False,0,7,5,4,1,4,0.5,False,4,1,0.8,4,1,2,True,4,3,0.5,2
2851,0xe82f0742a71a02b9e9ffc142fdcb6eb1ed06fb87,,data/smartbugs_curated/dataset/unchecked_low_level_calls/0xe82f0742a71a02b9e9ffc142fdcb6eb1ed06fb87.sol,,smartbugs_curated,False,True,False,True,False,False,False,False,False,False,False,False,False,False,False,False,False,False,False,False,False,False,True,False,False,1,1,7,5,5,1,0,3,1,35,1,1,1.8,0,6,0.17142857142857143,4,0,0,0,7,3,0,2,0,7,3,0.0,0.0,22.0,28.6,True,simple,0,,,16,13,0,4,0.8125,False,0,9,5,4,1,5,0.5555555555555556,False,4,1,0.8,4,1,1,True,5,2,0.2,1
2852,0xa46edd6a9a93feec36576ee5048146870ea2c3ae,,data/smartbugs_curated/dataset/unchecked_low_level_calls/0xa46edd6a9a93feec36576ee5048146870ea2c3ae.sol,,smartbugs_curated,False,False,False,True,False,False,False,False,False,False,False,False,False,False,False,False,False,False,False,False,False,False,True,False,False,0,1,7,1,1,0,0,4,1,17,1,1,4.0,0,6,0.35294117647058826,0,0,0,0,5,4,0,1,0,7,2,0.0,0.0,12.0,13.37142857142857,False,simple,0,,,10,10,1,7,1.0,False,1,4,1,2,1,1,0.3333333333333333,False,1,0,2.0,2,0,1,False,1,4,1.0,1
2853,0x78c2a1e91b52bca4130b6ed9edd9fbcfd4671c37,,data/smartbugs_curated/dataset/unchecked_low_level_calls/0x78c2a1e91b52bca4130b6ed9edd9fbcfd4671c37.sol,,smartbugs_curated,False,True,False,True,False,False,False,False,False,False,False,False,False,False,False,False,False,False,False,False,False,False,True,False,False,1,1,6,6,5,2,0,3,1,40,1,1,1.6666666666666667,0,6,0.15,4,0,0,0,6,3,0,2,0,7,3,0.0,0.0,21.0,24.3,True,simple,0,,,17,13,0,4,0.7647058823529411,False,0,10,6,4,1,5,0.5555555555555556,False,4,2,0.6666666666666666,5,2,1,True,5,2,0.2,1
2854,0x52d2e0f9b01101a59b38a3d05c80b7618aeed984,,data/smartbugs_curated/dataset/unchecked_low_level_calls/0x52d2e0f9b01101a59b38a3d05c80b7618aeed984.sol,,smartbugs_curated,False,True,False,True,False,False,False,True,False,False,False,False,False,False,False,False,False,False,False,False,False,False,True,False,False,3,1,5,2,0,0,0,1,0,29,2,1,1.0,0,6,0.20689655172413793,0,0,0,0,3,6,0,4,0,7,3,0.0,0.0,40.0,41.142857142857146,True,simple,0,,,0,0,0,0,0.0,False,0,0,2,0,0,0,0.0,False,2,0,0.0,2,0,0,False,0,3,0.0,2
2855,0x806a6bd219f162442d992bdc4ee6eba1f2c5a707,,data/smartbugs_curated/dataset/unchecked_low_level_calls/0x806a6bd219f162442d992bdc4ee6eba1f2c5a707.sol,,smartbugs_curated,False,True,False,True,False,False,False,False,False,False,False,False,False,False,False,False,False,False,False,False,False,False,True,False,False,1,1,7,5,5,1,0,3,1,39,1,1,1.8,0,6,0.15384615384615385,4,0,0,0,7,3,0,2,0,7,3,0.0,0.0,22.0,28.6,True,simple,0,,,16,13,0,4,0.8125,False,0,9,5,4,1,5,0.5555555555555556,False,4,1,0.8,4,1,1,True,5,2,0.2,1
2856,0x524960d55174d912768678d8c606b4d50b79d7b1,,data/smartbugs_curated/dataset/unchecked_low_level_calls/0x524960d55174d912768678d8c606b4d50b79d7b1.sol,,smartbugs_curated,False,False,False,True,False,False,False,False,False,False,False,False,False,False,False,False,False,False,False,False,False,False,True,False,False,0,1,3,1,2,0,0,3,1,21,1,1,3.0,0,6,0.2857142857142857,0,0,0,0,3,1,0,1,0,3,2,0.0,0.0,8.0,9.866666666666665,False,simple,0,,,13,12,0,11,0.9230769230769231,False,2,3,1,1,1,2,0.6666666666666666,False,1,0,1.0,1,0,0,False,2,0,0.0,0
2857,0x89c1b3807d4c67df034fffb62f3509561218d30b,,data/smartbugs_curated/dataset/unchecked_low_level_calls/0x89c1b3807d4c67df034fffb62f3509561218d30b.sol,,smartbugs_curated,False,False,False,False,False,False,False,False,False,False,False,False,False,False,False,False,False,False,False,False,False,False,False,False,False,0,0,0,0,0,0,0,0,0,0,1,0,0.0,0,0,0.0,0,0,0,0,0,0,0,0,0,0,0,0.0,0.0,0.0,0.0,False,simple,0,COMPILATION_ERROR,Compilation error: ,0,0,0,0,0.0,False,0,0,0,0,0,0,0.0,False,0,0,0.0,0,0,0,False,0,0,0.0,0
2858,0x8fd1e427396ddb511533cf9abdbebd0a7e08da35,,data/smartbugs_curated/dataset/unchecked_low_level_calls/0x8fd1e427396ddb511533cf9abdbebd0a7e08da35.sol,,smartbugs_curated,False,False,False,True,False,False,False,False,False,False,False,False,False,False,False,True,False,True,False,False,False,False,True,False,False,1,2,20,3,0,2,1,3,0,91,3,1,1.6666666666666667,0,8,0.08791208791208792,0,0,0,0,19,4,0,3,0,9,4,0.0,0.0,40.0,96.88888888888889,True,simple,0,,,8,6,0,2,0.75,False,0,5,3,1,1,0,0.0,False,2,1,0.3333333333333333,3,2,1,True,0,1,0.0,1
2859,0xf70d589d76eebdd7c12cc5eec99f8f6fa4233b9e,,data/smartbugs_curated/dataset/unchecked_low_level_calls/0xf70d589d76eebdd7c12cc5eec99f8f6fa4233b9e.sol,,smartbugs_curated,False,True,False,True,False,False,False,False,False,False,False,False,False,False,False,False,False,False,False,False,False,False,True,False,False,1,1,7,5,5,1,0,3,1,39,1,1,1.8,0,6,0.15384615384615385,4,0,0,0,7,3,0,2,0,7,3,0.0,0.0,22.0,28.6,True,simple,0,,,16,13,0,4,0.8125,False,0,9,5,4,1,5,0.5555555555555556,False,4,1,0.8,4,1,1,True,5,2,0.2,1
2860,0x9d06cbafa865037a01d322d3f4222fa3e04e5488,,data/smartbugs_curated/dataset/unchecked_low_level_calls/0x9d06cbafa865037a01d322d3f4222fa3e04e5488.sol,,smartbugs_curated,False,False,False,True,False,False,False,False,False,False,False,False,False,False,False,False,False,True,False,False,False,False,True,False,False,0,2,15,6,3,5,1,3,1,71,1,1,1.6666666666666667,0,27,0.38028169014084506,2,0,0,0,16,4,0,2,0,8,3,0.0,0.0,25.0,58.75,True,simple,0,,,35,30,0,9,0.8571428571428571,False,5,10,6,7,2,3,0.3,False,5,1,1.1666666666666667,5,5,3,True,3,3,1.0,3
2861,0xb7c5c5aa4d42967efe906e1b66cb8df9cebf04f7,,data/smartbugs_curated/dataset/unchecked_low_level_calls/0xb7c5c5aa4d42967efe906e1b66cb8df9cebf04f7.sol,,smartbugs_curated,True,False,False,True,False,False,False,False,False,False,False,False,False,False,False,False,False,False,False,False,False,False,True,False,False,1,1,4,2,2,1,0,1,1,22,1,1,1.0,0,12,0.5454545454545454,1,0,0,0,4,2,0,2,0,5,3,0.0,0.0,19.0,20.52,True,simple,0,,,5,3,0,2,0.6,False,0,2,2,0,0,2,1.0,False,2,0,0.0,2,1,0,True,2,0,0.0,0
2862,0x19cf8481ea15427a98ba3cdd6d9e14690011ab10,,data/smartbugs_curated/dataset/unchecked_low_level_calls/0x19cf8481ea15427a98ba3cdd6d9e14690011ab10.sol,,smartbugs_curated,True,True,False,True,False,False,True,True,False,False,False,False,False,False,False,False,False,False,True,False,True,False,True,False,False,2,3,87,1,0,0,0,1,0,402,6,1,1.0,0,82,0.20398009950248755,0,0,0,0,84,15,0,5,0,17,5,0.0,0.0,122.0,678.1764705882354,True,simple,0,,,0,0,0,0,0.0,False,0,0,1,0,0,0,0.0,False,1,0,0.0,1,0,0,False,0,2,0.0,1
2863,0x07f7ecb66d788ab01dc93b9b71a88401de7d0f2e,,data/smartbugs_curated/dataset/unchecked_low_level_calls/0x07f7ecb66d788ab01dc93b9b71a88401de7d0f2e.sol,,smartbugs_curated,False,True,True,True,True,True,True,False,False,False,False,False,False,False,False,False,False,False,False,False,True,False,True,False,False,3,2,14,17,7,9,4,5,2,255,2,1,1.2941176470588236,0,66,0.25882352941176473,3,0,0,0,9,11,0,5,1,12,6,0.0,0.0,54.0,75.14999999999999,True,moderate,1,,,72,57,0,11,0.7916666666666666,False,7,22,17,24,2,7,0.22580645161290322,False,14,3,1.411764705882353,14,9,7,True,7,11,1.0,8
2864,0xa1fceeff3acc57d257b917e30c4df661401d6431,,data/smartbugs_curated/dataset/unchecked_low_level_calls/0xa1fceeff3acc57d257b917e30c4df661401d6431.sol,,smartbugs_curated,False,False,False,True,False,False,False,False,False,False,False,False,False,False,False,False,False,False,False,False,False,False,True,False,False,0,1,5,2,1,0,1,4,1,29,1,1,2.5,0,6,0.20689655172413793,0,0,0,0,5,2,0,1,0,6,2,0.0,0.0,10.0,10.666666666666666,False,simple,0,,,14,13,1,10,0.9285714285714286,False,1,5,2,3,1,1,0.25,False,2,0,1.5,4,0,1,False,1,3,1.0,1
2865,mishandled,,data/smartbugs_curated/dataset/unchecked_low_level_calls/mishandled.sol,,smartbugs_curated,False,False,False,True,False,False,False,False,False,False,False,False,False,False,False,False,False,False,False,False,False,False,True,False,False,0,1,2,1,1,1,0,1,0,15,1,1,1.0,0,6,0.4,0,0,0,0,2,1,0,1,0,2,2,0.0,0.0,7.0,9.45,False,simple,0,,,4,3,0,3,0.75,False,0,1,1,0,0,1,1.0,False,1,0,0.0,1,1,0,True,1,0,0.0,0
2866,0xd2018bfaa266a9ec0a1a84b061640faa009def76,,data/smartbugs_curated/dataset/unchecked_low_level_calls/0xd2018bfaa266a9ec0a1a84b061640faa009def76.sol,,smartbugs_curated,False,True,False,True,False,False,False,False,False,False,False,False,False,False,False,False,False,False,False,False,False,False,True,False,False,1,1,7,5,5,1,0,3,1,39,1,1,1.8,0,6,0.15384615384615385,4,0,0,0,7,3,0,2,0,7,3,0.0,0.0,22.0,28.6,True,simple,0,,,16,13,0,4,0.8125,False,0,9,5,4,1,5,0.5555555555555556,False,4,1,0.8,4,1,1,True,5,2,0.2,1
2867,0x3a0e9acd953ffc0dd18d63603488846a6b8b2b01,,data/smartbugs_curated/dataset/unchecked_low_level_calls/0x3a0e9acd953ffc0dd18d63603488846a6b8b2b01.sol,,smartbugs_curated,False,False,False,True,False,False,False,False,False,False,False,False,False,False,False,True,False,True,False,False,False,False,True,False,False,1,2,20,3,0,2,1,3,0,91,3,1,1.6666666666666667,0,8,0.08791208791208792,0,0,0,0,19,4,0,3,0,9,4,0.0,0.0,40.0,96.88888888888889,True,simple,0,,,8,6,0,2,0.75,False,0,5,3,1,1,0,0.0,False,2,1,0.3333333333333333,3,2,1,True,0,1,0.0,1
2868,0xf29ebe930a539a60279ace72c707cba851a57707,,data/smartbugs_curated/dataset/unchecked_low_level_calls/0xf29ebe930a539a60279ace72c707cba851a57707.sol,,smartbugs_curated,False,False,False,True,False,False,False,False,False,False,False,False,False,False,False,False,False,False,False,False,False,False,True,False,False,0,1,3,3,3,1,0,1,1,17,1,1,1.0,0,6,0.35294117647058826,2,0,0,0,3,1,0,1,0,3,2,0.0,0.0,8.0,9.866666666666665,False,simple,0,,,6,3,0,3,0.5,False,0,3,3,1,1,3,0.75,False,2,1,0.3333333333333333,3,1,0,True,3,0,0.0,0
2869,0x2972d548497286d18e92b5fa1f8f9139e5653fd2,,data/smartbugs_curated/dataset/unchecked_low_level_calls/0x2972d548497286d18e92b5fa1f8f9139e5653fd2.sol,,smartbugs_curated,False,False,False,True,False,False,False,False,False,False,False,False,False,False,False,False,False,False,False,False,False,False,True,False,False,0,1,8,1,1,0,0,4,1,17,1,1,4.0,0,6,0.35294117647058826,0,0,0,0,6,4,0,1,0,7,2,0.0,0.0,13.0,16.34285714285714,False,simple,0,,,10,10,1,7,1.0,False,1,4,1,2,1,1,0.3333333333333333,False,1,0,2.0,2,0,1,False,1,4,1.0,1
2870,0x7d09edb07d23acb532a82be3da5c17d9d85806b4,,data/smartbugs_curated/dataset/unchecked_low_level_calls/0x7d09edb07d23acb532a82be3da5c17d9d85806b4.sol,,smartbugs_curated,False,True,True,True,True,True,True,False,False,False,False,False,False,False,False,False,False,False,False,False,True,False,True,False,False,3,2,14,17,7,9,4,5,2,253,2,1,1.2941176470588236,0,65,0.25691699604743085,3,0,0,0,9,11,0,5,1,12,6,0.0,0.0,54.0,75.14999999999999,True,moderate,1,,,71,56,0,11,0.7887323943661971,False,7,22,17,24,2,7,0.22580645161290322,False,14,3,1.411764705882353,14,9,7,True,7,11,1.0,8
2871,0x70f9eddb3931491aab1aeafbc1e7f1ca2a012db4,,data/smartbugs_curated/dataset/unchecked_low_level_calls/0x70f9eddb3931491aab1aeafbc1e7f1ca2a012db4.sol,,smartbugs_curated,False,True,False,True,False,False,False,False,False,False,False,False,False,False,False,False,False,False,False,False,False,False,True,False,False,1,1,7,5,5,1,0,3,1,25,1,1,1.8,0,6,0.24,4,0,0,0,7,3,0,2,0,7,3,0.0,0.0,22.0,28.6,True,simple,0,,,16,13,0,4,0.8125,False,0,9,5,4,1,5,0.5555555555555556,False,4,1,0.8,4,1,1,True,5,2,0.2,1
2872,king_of_the_ether_throne,,data/smartbugs_curated/dataset/unchecked_low_level_calls/king_of_the_ether_throne.sol,,smartbugs_curated,False,False,True,True,True,False,False,False,False,False,False,False,False,False,False,False,False,False,False,False,False,False,True,False,False,1,10,13,7,5,9,1,21,0,150,1,1,3.857142857142857,1,60,0.4,0,0,0,0,8,16,0,11,1,11,5,0.0,0.0,73.0,127.41818181818181,True,moderate,1,,,61,63,0,21,1.0327868852459017,False,2,27,7,3,1,5,0.625,False,6,1,0.42857142857142855,5,9,3,True,4,3,0.75,3
2873,0xb37f18af15bafb869a065b61fc83cfc44ed9cc27,,data/smartbugs_curated/dataset/unchecked_low_level_calls/0xb37f18af15bafb869a065b61fc83cfc44ed9cc27.sol,,smartbugs_curated,False,False,False,True,False,False,False,False,False,False,False,False,False,False,False,False,False,False,False,False,False,False,True,False,False,0,1,7,5,3,2,1,1,1,27,1,1,1.0,0,6,0.2222222222222222,1,0,0,0,6,2,0,1,0,5,2,0.0,0.0,12.0,17.759999999999998,False,simple,0,,,12,7,0,2,0.5833333333333334,False,0,5,5,5,1,3,0.375,False,4,1,1.0,4,2,2,True,3,3,0.6666666666666666,2
2874,0xdb1c55f6926e7d847ddf8678905ad871a68199d2,,data/smartbugs_curated/dataset/unchecked_low_level_calls/0xdb1c55f6926e7d847ddf8678905ad871a68199d2.sol,,smartbugs_curated,False,True,False,True,False,False,False,False,False,False,False,False,False,False,False,False,False,False,False,False,False,False,True,False,False,1,1,7,5,5,1,0,3,1,35,1,1,1.8,0,6,0.17142857142857143,4,0,0,0,7,3,0,2,0,7,3,0.0,0.0,22.0,28.6,True,simple,0,,,16,13,0,4,0.8125,False,0,9,5,4,1,5,0.5555555555555556,False,4,1,0.8,4,1,1,True,5,2,0.2,1
2875,0x39cfd754c85023648bf003bea2dd498c5612abfa,,data/smartbugs_curated/dataset/unchecked_low_level_calls/0x39cfd754c85023648bf003bea2dd498c5612abfa.sol,,smartbugs_curated,False,False,False,True,False,False,False,False,False,False,False,False,False,False,False,True,False,True,False,False,False,False,True,False,False,1,2,19,3,0,2,1,3,0,90,3,1,1.6666666666666667,0,8,0.08888888888888889,0,0,0,0,18,4,0,3,0,9,4,0.0,0.0,39.0,90.13333333333334,True,simple,0,,,8,6,0,2,0.75,False,0,5,3,1,1,0,0.0,False,2,1,0.3333333333333333,3,2,1,True,0,1,0.0,1
2876,0xe894d54dca59cb53fe9cbc5155093605c7068220,,data/smartbugs_curated/dataset/unchecked_low_level_calls/0xe894d54dca59cb53fe9cbc5155093605c7068220.sol,,smartbugs_curated,False,False,False,True,False,False,False,False,False,False,False,False,False,False,False,False,False,False,False,False,False,False,True,False,False,0,1,9,1,1,0,0,4,1,18,1,1,4.0,0,6,0.3333333333333333,0,0,0,0,7,4,0,1,0,7,2,0.0,0.0,14.0,19.6,False,simple,0,,,11,11,1,8,1.0,False,1,4,1,2,1,1,0.3333333333333333,False,1,0,2.0,2,0,1,False,1,5,1.0,1
2877,0xec329ffc97d75fe03428ae155fc7793431487f63,,data/smartbugs_curated/dataset/unchecked_low_level_calls/0xec329ffc97d75fe03428ae155fc7793431487f63.sol,,smartbugs_curated,True,False,False,True,False,False,False,False,False,False,False,False,False,False,True,False,False,False,False,False,False,False,True,False,False,1,3,17,3,2,1,1,1,1,104,3,1,1.0,0,31,0.2980769230769231,0,0,0,0,14,9,0,4,0,15,5,0.0,0.0,42.0,56.84,True,simple,0,,,8,5,0,2,0.625,False,0,3,3,2,1,2,0.5,False,3,0,0.6666666666666666,2,1,2,False,2,4,1.0,2
2878,0x3f2ef511aa6e75231e4deafc7a3d2ecab3741de2,,data/smartbugs_curated/dataset/unchecked_low_level_calls/0x3f2ef511aa6e75231e4deafc7a3d2ecab3741de2.sol,,smartbugs_curated,False,True,False,True,False,False,False,False,False,False,False,False,False,False,False,False,False,False,False,False,False,False,True,False,False,1,1,6,6,5,2,0,3,1,40,1,1,1.6666666666666667,0,6,0.15,4,0,0,0,6,3,0,2,0,7,3,0.0,0.0,21.0,24.3,True,simple,0,,,17,13,0,4,0.7647058823529411,False,0,10,6,4,1,5,0.5555555555555556,False,4,2,0.6666666666666666,5,2,1,True,5,2,0.2,1
2879,0x627fa62ccbb1c1b04ffaecd72a53e37fc0e17839,,data/smartbugs_curated/dataset/unchecked_low_level_calls/0x627fa62ccbb1c1b04ffaecd72a53e37fc0e17839.sol,,smartbugs_curated,True,False,False,True,False,False,False,False,False,False,False,False,False,False,False,False,False,True,False,False,False,False,True,False,False,2,1,20,3,0,2,1,3,0,88,3,1,1.6666666666666667,0,7,0.07954545454545454,0,0,0,0,18,5,0,3,0,9,4,0.0,0.0,45.0,107.5,True,simple,0,,,8,6,0,2,0.75,False,0,5,3,1,1,0,0.0,False,2,1,0.3333333333333333,3,2,1,True,0,1,0.0,1
2880,0xb11b2fed6c9354f7aa2f658d3b4d7b31d8a13b77,,data/smartbugs_curated/dataset/unchecked_low_level_calls/0xb11b2fed6c9354f7aa2f658d3b4d7b31d8a13b77.sol,,smartbugs_curated,False,False,False,True,False,False,False,False,False,False,False,False,False,False,False,False,False,True,False,False,False,False,True,False,False,1,1,12,3,2,1,1,1,1,35,2,1,1.0,0,6,0.17142857142857143,1,0,0,0,11,4,0,2,0,9,4,0.0,0.0,27.0,41.4,True,simple,0,,,6,3,0,2,0.5,False,0,3,3,1,1,2,0.6666666666666666,False,2,1,0.3333333333333333,3,1,2,False,2,3,1.0,2
2881,0x4a66ad0bca2d700f11e1f2fc2c106f7d3264504c,,data/smartbugs_curated/dataset/unchecked_low_level_calls/0x4a66ad0bca2d700f11e1f2fc2c106f7d3264504c.sol,,smartbugs_curated,False,False,False,True,False,False,False,False,False,False,False,False,False,False,False,False,False,False,False,False,False,False,True,False,False,0,1,6,2,1,2,0,4,1,20,1,1,2.5,0,6,0.3,0,0,0,0,7,3,0,1,0,8,2,0.0,0.0,11.0,12.5125,False,simple,0,,,13,12,1,8,0.9230769230769231,False,1,5,2,2,1,1,0.3333333333333333,False,1,1,1.0,3,2,1,True,1,2,1.0,1
2882,0xe09b1ab8111c2729a76f16de96bc86a7af837928,,data/smartbugs_curated/dataset/unchecked_low_level_calls/0xe09b1ab8111c2729a76f16de96bc86a7af837928.sol,,smartbugs_curated,True,True,True,True,True,True,True,False,False,False,False,False,False,False,False,False,False,False,False,False,False,False,True,False,False,4,1,21,23,9,18,3,11,1,317,2,1,2.0869565217391304,1,54,0.17034700315457413,3,0,0,0,4,22,0,5,7,13,5,0.0,0.0,66.0,98.4923076923077,True,critical,3,,,165,152,1,24,0.9212121212121213,False,7,48,23,38,2,9,0.19148936170212766,False,17,6,1.6521739130434783,21,18,13,True,6,36,2.1666666666666665,17
2883,0x3e013fc32a54c4c5b6991ba539dcd0ec4355c859,,data/smartbugs_curated/dataset/unchecked_low_level_calls/0x3e013fc32a54c4c5b6991ba539dcd0ec4355c859.sol,,smartbugs_curated,False,False,False,True,False,False,False,False,False,False,False,False,False,False,False,False,False,False,False,False,False,False,True,False,False,0,1,7,5,4,1,0,3,1,35,1,1,1.4,0,6,0.17142857142857143,4,0,0,0,6,3,0,1,0,6,2,0.0,0.0,12.0,16.2,False,simple,0,,,12,8,0,2,0.6666666666666666,False,0,7,5,4,1,4,0.5,False,4,1,0.8,4,1,2,True,4,3,0.5,2
2884,0xb620cee6b52f96f3c6b253e6eea556aa2d214a99,,data/smartbugs_curated/dataset/unchecked_low_level_calls/0xb620cee6b52f96f3c6b253e6eea556aa2d214a99.sol,,smartbugs_curated,False,False,True,True,False,False,False,False,False,False,False,False,False,False,False,False,False,True,False,False,False,False,True,False,False,3,4,13,18,9,9,3,3,3,112,1,1,1.3888888888888888,0,16,0.14285714285714285,13,0,0,0,15,7,0,7,0,10,4,0.0,0.0,63.0,125.37,True,moderate,1,,,66,49,0,5,0.7424242424242424,False,7,25,18,20,2,9,0.3103448275862069,False,16,2,1.1111111111111112,12,9,4,True,9,5,0.4444444444444444,4
2885,0x663e4229142a27f00bafb5d087e1e730648314c3,,data/smartbugs_curated/dataset/unchecked_low_level_calls/0x663e4229142a27f00bafb5d087e1e730648314c3.sol,,smartbugs_curated,True,True,True,True,True,True,True,True,False,False,False,False,False,False,True,False,False,False,False,False,False,True,True,False,False,7,12,172,6,0,0,0,1,0,2073,18,1,1.0,0,819,0.3950795947901592,0,0,0,0,129,71,0,19,3,24,7,0.0,0.0,302.0,2248.641666666667,True,moderate,1,,,0,0,0,0,0.0,False,0,0,6,0,0,0,0.0,False,6,0,0.0,6,0,0,False,0,10,0.0,5
2886,0xd5967fed03e85d1cce44cab284695b41bc675b5c,,data/smartbugs_curated/dataset/unchecked_low_level_calls/0xd5967fed03e85d1cce44cab284695b41bc675b5c.sol,,smartbugs_curated,False,False,False,True,False,False,False,False,False,False,False,False,False,False,False,False,False,False,False,False,False,False,True,False,False,0,1,8,1,1,0,0,4,1,17,1,1,4.0,0,6,0.35294117647058826,0,0,0,0,6,4,0,1,0,7,2,0.0,0.0,13.0,16.34285714285714,False,simple,0,,,10,10,1,7,1.0,False,1,4,1,2,1,1,0.3333333333333333,False,1,0,2.0,2,0,1,False,1,4,1.0,1
2887,0x84d9ec85c9c568eb332b7226a8f826d897e0a4a8,,data/smartbugs_curated/dataset/unchecked_low_level_calls/0x84d9ec85c9c568eb332b7226a8f826d897e0a4a8.sol,,smartbugs_curated,False,False,False,True,False,False,False,False,False,False,False,False,False,False,False,False,False,True,False,False,False,False,True,False,False,1,1,14,4,2,2,1,3,1,76,2,1,1.5,0,30,0.39473684210526316,0,0,0,0,19,4,0,2,0,9,3,0.0,0.0,29.0,70.24444444444444,True,simple,0,,,12,9,0,2,0.75,False,0,6,4,2,1,2,0.5,False,4,0,0.5,3,2,2,True,2,4,1.0,2
2888,0xf2570186500a46986f3139f65afedc2afe4f445d,,data/smartbugs_curated/dataset/unchecked_low_level_calls/0xf2570186500a46986f3139f65afedc2afe4f445d.sol,,smartbugs_curated,False,False,False,True,False,False,False,False,False,False,False,False,False,False,False,False,False,False,False,False,False,False,True,False,False,0,1,5,2,1,1,0,4,1,18,1,1,2.5,0,8,0.4444444444444444,0,0,0,0,5,2,0,1,0,6,2,0.0,0.0,10.0,10.666666666666666,False,simple,0,,,9,8,1,6,0.8888888888888888,False,0,5,2,1,1,1,0.5,False,1,1,0.5,2,1,1,True,1,1,1.0,1
2889,0x4051334adc52057aca763453820cb0e045076ef3,,data/smartbugs_curated/dataset/unchecked_low_level_calls/0x4051334adc52057aca763453820cb0e045076ef3.sol,,smartbugs_curated,False,False,False,True,False,False,False,False,False,False,False,False,False,False,False,False,False,False,False,False,False,False,True,False,False,0,1,8,1,1,0,0,4,1,17,1,1,4.0,0,6,0.35294117647058826,0,0,0,0,6,4,0,1,0,7,2,0.0,0.0,13.0,16.34285714285714,False,simple,0,,,10,10,1,7,1.0,False,1,4,1,2,1,1,0.3333333333333333,False,1,0,2.0,2,0,1,False,1,4,1.0,1
2890,0xe4eabdca81e31d9acbc4af76b30f532b6ed7f3bf,,data/smartbugs_curated/dataset/unchecked_low_level_calls/0xe4eabdca81e31d9acbc4af76b30f532b6ed7f3bf.sol,,smartbugs_curated,False,True,False,True,False,False,False,False,False,False,False,False,False,False,False,False,False,False,False,False,False,False,True,False,False,1,1,7,5,5,1,0,3,1,39,1,1,1.8,0,6,0.15384615384615385,4,0,0,0,7,3,0,2,0,7,3,0.0,0.0,22.0,28.6,True,simple,0,,,16,13,0,4,0.8125,False,0,9,5,4,1,5,0.5555555555555556,False,4,1,0.8,4,1,1,True,5,2,0.2,1
2891,0xbaa3de6504690efb064420d89e871c27065cdd52,,data/smartbugs_curated/dataset/unchecked_low_level_calls/0xbaa3de6504690efb064420d89e871c27065cdd52.sol,,smartbugs_curated,False,False,False,True,False,False,False,False,False,False,False,False,False,False,False,False,False,True,False,False,False,False,True,False,False,1,1,12,3,2,1,1,1,1,35,2,1,1.0,0,6,0.17142857142857143,1,0,0,0,11,4,0,2,0,9,4,0.0,0.0,27.0,41.4,True,simple,0,,,6,3,0,2,0.5,False,0,3,3,1,1,2,0.6666666666666666,False,2,1,0.3333333333333333,3,1,2,False,2,3,1.0,2
2892,unchecked_return_value,,data/smartbugs_curated/dataset/unchecked_low_level_calls/unchecked_return_value.sol,,smartbugs_curated,False,False,False,True,False,False,False,False,False,False,False,False,False,False,False,False,False,False,False,False,False,False,True,False,False,0,1,5,2,2,0,0,1,2,15,1,1,1.0,0,6,0.4,0,0,0,0,4,2,0,1,0,4,2,0.0,0.0,10.0,13.5,False,simple,0,,,4,2,0,1,0.5,False,0,2,2,1,1,2,0.6666666666666666,False,2,0,0.5,2,0,2,False,2,2,1.0,2
2893,0x4b71ad9c1a84b9b643aa54fdd66e2dec96e8b152,,data/smartbugs_curated/dataset/unchecked_low_level_calls/0x4b71ad9c1a84b9b643aa54fdd66e2dec96e8b152.sol,,smartbugs_curated,False,False,False,True,False,False,False,False,False,False,False,False,False,False,False,False,False,False,False,False,False,False,True,False,False,0,1,8,1,1,0,0,4,1,17,1,1,4.0,0,6,0.35294117647058826,0,0,0,0,6,4,0,1,0,7,2,0.0,0.0,13.0,16.34285714285714,False,simple,0,,,10,10,1,7,1.0,False,1,4,1,2,1,1,0.3333333333333333,False,1,0,2.0,2,0,1,False,1,4,1.0,1
2894,short_address_example,,data/smartbugs_curated/dataset/short_addresses/short_address_example.sol,,smartbugs_curated,False,False,False,False,False,False,False,False,False,False,False,False,False,False,False,False,False,False,False,False,False,False,True,False,False,0,0,2,3,0,1,0,3,0,24,1,1,1.6666666666666667,0,6,0.25,0,0,0,0,2,0,0,0,0,1,1,0.0,0.0,2.0,4.0,False,simple,0,,,12,9,0,6,0.75,False,3,5,3,0,0,0,0.0,False,3,0,0.0,3,1,1,True,0,3,0.0,2
2895,odds_and_evens,,data/smartbugs_curated/dataset/front_running/odds_and_evens.sol,,smartbugs_curated,False,True,False,False,True,False,False,False,False,False,False,False,False,False,False,False,False,False,False,False,False,False,True,False,False,1,0,5,4,3,3,0,5,0,42,1,1,3.0,0,7,0.16666666666666666,1,0,0,0,4,2,0,1,1,4,3,0.0,0.0,15.0,20.25,True,simple,0,,,25,23,0,7,0.92,False,2,12,4,2,1,3,0.6,False,3,1,0.5,3,3,1,True,3,1,0.3333333333333333,1
2896,ERC20,,data/smartbugs_curated/dataset/front_running/ERC20.sol,,smartbugs_curated,False,False,False,False,False,False,False,False,False,False,False,False,False,False,False,False,False,False,False,False,True,False,True,False,False,0,0,6,6,5,3,0,1,0,103,2,1,1.0,0,31,0.30097087378640774,0,4,0,0,4,3,0,0,0,4,2,0.0,0.0,6.0,9.15,False,simple,0,,,27,21,0,8,0.7777777777777778,False,5,6,6,3,1,5,0.625,False,6,0,0.5,4,3,4,True,2,11,2.0,6
2897,FindThisHash,,data/smartbugs_curated/dataset/front_running/FindThisHash.sol,,smartbugs_curated,False,True,False,False,False,False,False,False,False,False,False,False,False,False,False,False,False,False,False,False,False,False,True,False,False,1,0,3,3,1,1,0,1,0,16,1,1,1.0,0,7,0.4375,1,0,0,0,4,1,0,1,0,4,2,0.0,0.0,13.0,15.275,False,simple,0,,,5,2,0,2,0.4,False,0,3,3,2,1,1,0.3333333333333333,False,2,1,0.6666666666666666,4,1,1,True,1,1,1.0,1
2898,eth_tx_order_dependence_minimal,,data/smartbugs_curated/dataset/front_running/eth_tx_order_dependence_minimal.sol,,smartbugs_curated,False,False,False,False,True,False,False,False,False,False,False,False,False,False,False,False,False,False,False,False,False,False,True,False,False,0,0,5,3,2,3,0,1,0,28,1,1,1.0,0,7,0.25,1,0,0,0,2,3,0,0,2,3,2,0.0,0.0,5.0,6.833333333333334,False,simple,0,,,12,9,0,4,0.75,False,0,3,3,2,1,2,0.5,False,3,0,0.6666666666666666,2,3,1,True,2,1,0.5,1
2899,oz_Ownable2Step,,data/safe_contracts/openzeppelin-contracts/contracts/access/Ownable2Step.sol,,openzeppelin,False,False,False,False,False,False,False,False,False,False,False,False,False,False,False,False,False,False,False,False,False,False,True,False,False,0,0,7,6,0,1,1,3,0,59,3,1,2.0,0,35,0.5932203389830508,0,0,1,0,4,3,0,0,0,3,1,0.0,0.0,7.0,14.233333333333334,False,simple,0,,,24,21,0,4,0.875,False,1,12,6,10,1,0,0.0,False,3,3,1.6666666666666667,6,1,1,True,0,3,0.0,3
2900,oz_Ownable,,data/safe_contracts/openzeppelin-contracts/contracts/access/Ownable.sol,,openzeppelin,False,False,False,False,False,False,False,False,False,False,False,False,False,False,False,False,False,False,False,False,False,False,True,False,False,0,0,5,6,0,1,1,3,0,87,2,1,2.0,0,47,0.5402298850574713,0,0,1,0,3,2,0,0,0,2,1,0.0,0.0,5.0,11.0,False,simple,0,,,24,21,0,4,0.875,False,1,12,6,10,1,0,0.0,False,3,3,1.6666666666666667,6,1,1,True,0,3,0.0,3
2901,oz_AccessControl,,data/safe_contracts/openzeppelin-contracts/contracts/access/AccessControl.sol,,openzeppelin,False,False,False,False,False,False,False,False,False,False,False,False,False,False,False,False,False,False,False,False,False,False,True,True,False,0,0,10,12,0,2,1,3,0,189,5,1,1.5,0,121,0.6402116402116402,0,0,2,0,7,3,0,0,0,3,1,0.0,0.0,10.0,30.333333333333336,False,moderate,1,,,42,32,0,4,0.7619047619047619,False,7,18,12,20,2,0,0.0,True,6,6,1.6666666666666667,8,2,3,True,0,19,0.0,11
2902,oz_IAccessControl,,data/safe_contracts/openzeppelin-contracts/contracts/access/IAccessControl.sol,,openzeppelin,False,False,False,False,False,False,False,False,False,False,False,False,False,False,False,False,False,False,False,False,False,False,True,False,False,0,0,2,5,0,0,0,1,0,87,1,1,1.0,0,74,0.8505747126436781,0,0,0,0,2,0,0,0,0,1,1,0.0,0.0,2.0,4.0,False,simple,0,,,0,0,0,0,0.0,False,0,0,5,0,0,0,0.0,False,5,0,0.0,5,0,0,False,0,9,0.0,5
2903,oz_MultipleInheritanceInitializableMocks,,data/safe_contracts/openzeppelin-contracts/contracts/mocks/MultipleInheritanceInitializableMocks.sol,,openzeppelin,False,False,False,False,False,False,False,False,False,False,False,False,False,False,True,False,False,False,False,False,False,False,True,False,False,0,0,30,7,0,1,3,5,0,108,6,1,1.8571428571428572,0,36,0.3333333333333333,0,0,0,0,28,2,0,0,0,4,2,0.0,0.0,30.0,220.5,True,simple,0,,,25,21,0,6,0.84,False,3,13,7,7,0,0,0.0,False,0,7,1.0,4,1,0,True,0,0,0.0,0
2904,oz_ERC3156FlashBorrowerMock,,data/safe_contracts/openzeppelin-contracts/contracts/mocks/ERC3156FlashBorrowerMock.sol,,openzeppelin,False,False,False,False,False,False,False,False,False,False,False,False,False,False,True,False,False,False,False,False,False,True,True,True,False,0,2,33,3,4,3,0,6,0,42,7,1,2.6666666666666665,0,10,0.23809523809523808,0,1,1,0,20,15,0,2,0,5,3,0.0,0.0,43.0,262.3,True,simple,0,,,17,16,0,9,0.9411764705882353,False,2,8,3,2,1,4,0.6666666666666666,False,2,1,0.6666666666666666,3,3,2,True,1,7,2.0,2
2905,oz_MulticallHelper,,data/safe_contracts/openzeppelin-contracts/contracts/mocks/MulticallHelper.sol,,openzeppelin,False,False,False,False,False,False,False,False,False,False,False,False,False,False,True,False,False,False,False,False,False,False,True,True,False,0,0,41,1,4,0,0,7,0,19,13,1,7.0,0,1,0.05263157894736842,0,0,0,0,23,18,0,0,0,4,2,0.0,0.0,41.0,364.9,True,simple,0,,,15,16,2,11,1.0666666666666667,True,0,7,1,3,1,4,0.5714285714285714,False,1,0,3.0,3,0,1,False,2,3,0.5,1
2906,oz_MerkleTreeMock,,data/safe_contracts/openzeppelin-contracts/contracts/mocks/MerkleTreeMock.sol,,openzeppelin,False,False,False,False,False,False,False,False,False,False,False,False,False,False,False,False,False,False,False,False,False,False,False,False,False,0,0,0,0,0,0,0,0,0,0,1,0,0.0,0,0,0.0,0,0,0,0,0,0,0,0,0,0,0,0.0,0.0,0.0,0.0,False,simple,0,COMPILATION_ERROR,Compilation error: unresolved reference to identifier mcopy,0,0,0,0,0.0,False,0,0,0,0,0,0,0.0,False,0,0,0.0,0,0,0,False,0,0,0.0,0
2907,oz_ContextMock,,data/safe_contracts/openzeppelin-contracts/contracts/mocks/ContextMock.sol,,openzeppelin,False,False,False,False,False,False,False,False,False,False,False,False,False,False,False,False,False,False,False,False,False,False,True,False,False,0,0,4,3,0,0,0,1,0,25,3,1,1.0,0,1,0.04,0,0,1,0,3,1,0,0,0,2,1,0.0,0.0,4.0,7.4,False,simple,0,,,6,3,0,1,0.5,False,0,3,3,3,1,0,0.0,False,3,0,1.0,2,0,0,False,0,2,0.0,1
2908,oz_EIP712Verifier,,data/safe_contracts/openzeppelin-contracts/contracts/mocks/EIP712Verifier.sol,,openzeppelin,False,False,False,False,False,False,False,False,False,False,False,False,False,False,False,False,False,False,False,False,False,False,False,False,False,0,0,0,0,0,0,0,0,0,0,1,0,0.0,0,0,0.0,0,0,0,0,0,0,0,0,0,0,0,0.0,0.0,0.0,0.0,False,simple,0,COMPILATION_ERROR,Compilation error: unresolved reference to identifier mcopy,0,0,0,0,0.0,False,0,0,0,0,0,0,0.0,False,0,0,0.0,0,0,0,False,0,0,0.0,0
2909,oz_MerkleProofCustomHashMock,,data/safe_contracts/openzeppelin-contracts/contracts/mocks/MerkleProofCustomHashMock.sol,,openzeppelin,False,False,False,False,False,False,False,False,False,False,False,False,False,False,True,False,False,False,False,False,False,False,True,False,False,0,0,32,9,10,0,0,2,0,51,3,1,1.1111111111111112,0,2,0.0392156862745098,0,8,0,0,5,27,0,0,0,3,2,0.0,0.0,32.0,254.93333333333334,True,simple,0,,,20,11,0,2,0.55,False,10,10,9,2,0,10,0.8333333333333334,False,0,9,0.2222222222222222,10,0,9,False,4,26,2.25,9
2910,oz_AccessManagedTarget,,data/safe_contracts/openzeppelin-contracts/contracts/mocks/AccessManagedTarget.sol,,openzeppelin,False,False,False,False,False,True,True,False,False,False,False,False,False,False,True,False,False,False,False,False,False,False,True,True,False,0,0,31,6,2,2,1,5,0,27,8,1,2.5,0,2,0.07407407407407407,0,1,1,0,20,11,0,0,0,6,3,0.0,0.0,31.0,143.11666666666667,True,simple,0,,,32,30,0,8,0.9375,False,3,15,6,9,1,2,0.18181818181818182,False,3,3,1.5,7,2,2,True,2,5,1.0,4
2911,oz_SingleInheritanceInitializableMocks,,data/safe_contracts/openzeppelin-contracts/contracts/mocks/SingleInheritanceInitializableMocks.sol,,openzeppelin,False,False,False,False,False,False,False,False,False,False,False,False,False,False,True,True,False,False,False,False,False,False,True,False,False,0,1,9,7,0,1,3,5,0,41,4,1,1.8571428571428572,0,13,0.3170731707317073,0,0,0,0,5,5,0,1,0,5,2,0.0,0.0,14.0,23.8,False,simple,0,,,25,21,0,6,0.84,False,3,13,7,7,0,0,0.0,False,0,7,1.0,4,1,0,True,0,0,0.0,0
2912,oz_DummyImplementation,,data/safe_contracts/openzeppelin-contracts/contracts/mocks/DummyImplementation.sol,,openzeppelin,False,False,False,False,False,False,False,False,False,False,False,False,False,False,True,True,False,False,False,False,False,True,True,True,False,0,3,71,9,1,3,0,1,0,47,9,1,1.0,0,2,0.0425531914893617,2,1,0,0,35,39,0,3,0,7,3,0.0,0.0,86.0,765.4,True,simple,0,,,20,11,0,3,0.55,False,2,9,9,1,1,1,0.5,False,9,0,0.1111111111111111,9,3,4,False,0,6,0.0,4
2913,oz_ReentrancyMock,,data/safe_contracts/openzeppelin-contracts/contracts/mocks/ReentrancyMock.sol,,openzeppelin,False,False,False,True,False,False,False,False,False,False,False,False,False,False,True,False,False,False,False,False,False,False,True,False,False,0,0,28,10,6,1,0,3,1,46,5,1,1.4,0,1,0.021739130434782608,0,0,1,0,18,10,0,0,0,4,3,0.0,0.0,28.0,175.0,True,simple,0,,,37,29,0,6,0.7837837837837838,False,1,14,10,21,1,6,0.2222222222222222,True,9,1,2.1,8,1,3,True,6,4,0.5,4
2914,oz_ArraysMock,,data/safe_contracts/openzeppelin-contracts/contracts/mocks/ArraysMock.sol,,openzeppelin,False,False,False,False,False,False,False,False,False,False,False,False,False,False,False,False,False,False,False,False,False,False,False,False,False,0,0,0,0,0,0,0,0,0,0,1,0,0.0,0,0,0.0,0,0,0,0,0,0,0,0,0,0,0,0.0,0.0,0.0,0.0,False,simple,0,COMPILATION_ERROR,Compilation error: unresolved reference to identifier mcopy,0,0,0,0,0.0,False,0,0,0,0,0,0,0.0,False,0,0,0.0,0,0,0,False,0,0,0.0,0
2915,oz_Base64Dirty,,data/safe_contracts/openzeppelin-contracts/contracts/mocks/Base64Dirty.sol,,openzeppelin,False,False,False,False,False,False,False,False,False,False,False,False,False,False,True,False,False,False,False,False,False,False,True,False,False,1,2,76,1,1,0,0,1,0,14,3,1,1.0,0,2,0.14285714285714285,0,1,0,0,8,71,0,3,0,6,2,0.0,0.0,96.0,923.1999999999998,True,simple,0,,,4,3,0,3,0.75,False,1,1,1,0,0,1,1.0,False,1,0,0.0,1,0,1,False,0,1,0.0,1
2916,oz_AuthorityMock,,data/safe_contracts/openzeppelin-contracts/contracts/mocks/AuthorityMock.sol,,openzeppelin,False,False,False,False,False,False,False,False,False,False,False,False,False,False,False,False,False,False,False,False,False,False,True,True,False,0,0,11,1,0,0,0,1,0,55,7,1,1.0,0,12,0.21818181818181817,0,0,1,0,11,0,0,0,0,4,1,0.0,0.0,11.0,30.25,False,simple,0,,,2,1,0,1,0.5,False,0,1,1,1,1,0,0.0,False,1,0,1.0,1,0,0,False,0,3,0.0,1
2917,oz_RegressionImplementation,,data/safe_contracts/openzeppelin-contracts/contracts/mocks/RegressionImplementation.sol,,openzeppelin,False,False,False,False,False,False,False,False,False,False,False,False,False,False,True,False,False,False,False,False,False,False,True,False,False,0,0,13,2,0,1,0,1,0,43,5,1,1.0,0,1,0.023255813953488372,0,0,1,0,9,4,0,0,0,4,2,0.0,0.0,13.0,38.35,False,simple,0,,,4,2,0,1,0.5,False,0,2,2,1,1,0,0.0,False,2,0,0.5,2,1,1,False,0,1,0.0,1
2918,oz_StorageSlotMock,,data/safe_contracts/openzeppelin-contracts/contracts/mocks/StorageSlotMock.sol,,openzeppelin,False,False,False,False,False,False,False,False,False,False,False,False,False,False,True,False,False,False,False,False,False,False,True,False,False,0,0,43,18,18,2,0,1,0,64,7,1,1.0,0,2,0.03125,0,18,2,0,27,16,0,0,0,3,2,0.0,0.0,43.0,547.5333333333333,True,moderate,1,,,36,18,0,1,0.5,False,9,18,18,0,0,18,1.0,False,18,0,0.0,18,2,18,False,0,27,0.0,18
2919,oz_ERC165Mock,,data/safe_contracts/openzeppelin-contracts/contracts/mocks/ERC165Mock.sol,,openzeppelin,False,False,False,False,False,False,False,False,False,False,False,False,False,False,True,False,False,False,False,False,False,False,True,True,False,0,0,8,4,0,2,0,1,0,86,8,1,1.0,0,28,0.32558139534883723,0,0,1,0,8,0,0,0,0,4,2,0.0,0.0,8.0,16.0,False,simple,0,,,8,4,0,2,0.5,False,1,4,4,2,2,0,0.0,False,2,2,0.5,3,2,1,True,0,2,0.0,2
2920,oz_ReentrancyTransientMock,,data/safe_contracts/openzeppelin-contracts/contracts/mocks/ReentrancyTransientMock.sol,,openzeppelin,False,False,False,False,False,False,False,False,False,False,False,False,False,False,False,False,False,False,False,False,False,False,False,False,False,0,0,0,0,0,0,0,0,0,0,1,0,0.0,0,0,0.0,0,0,0,0,0,0,0,0,0,0,0,0.0,0.0,0.0,0.0,False,simple,0,COMPILATION_ERROR,Compilation error: unresolved reference to identifier tload,0,0,0,0,0.0,False,0,0,0,0,0,0,0.0,False,0,0,0.0,0,0,0,False,0,0,0.0,0
2921,oz_Stateless,,data/safe_contracts/openzeppelin-contracts/contracts/mocks/Stateless.sol,,openzeppelin,False,False,False,False,False,False,False,False,False,False,False,False,False,False,False,False,False,False,False,False,False,False,False,False,False,0,0,0,0,0,0,0,0,0,0,1,0,0.0,0,0,0.0,0,0,0,0,0,0,0,0,0,0,0,0.0,0.0,0.0,0.0,False,simple,0,COMPILATION_ERROR,Compilation error: unresolved reference to identifier mcopy,0,0,0,0,0.0,False,0,0,0,0,0,0,0.0,False,0,0,0.0,0,0,0,False,0,0,0.0,0
2922,oz_ReentrancyAttack,,data/safe_contracts/openzeppelin-contracts/contracts/mocks/ReentrancyAttack.sol,,openzeppelin,False,False,False,True,False,False,False,False,False,False,False,False,False,False,False,False,False,False,False,False,False,False,True,False,False,0,0,7,2,2,0,0,1,2,13,2,1,1.0,0,1,0.07692307692307693,0,0,1,0,5,2,0,0,0,3,2,0.0,0.0,7.0,14.933333333333334,False,simple,0,,,8,6,0,3,0.75,False,0,2,2,4,1,2,0.3333333333333333,False,2,0,2.0,2,0,2,False,2,2,1.0,2
2923,oz_TimelockReentrant,,data/safe_contracts/openzeppelin-contracts/contracts/mocks/TimelockReentrant.sol,,openzeppelin,False,False,False,False,False,False,False,False,False,False,False,False,False,False,True,False,False,False,False,False,False,True,True,False,False,0,1,29,3,1,3,0,3,0,21,4,1,1.6666666666666667,0,1,0.047619047619047616,0,1,0,0,15,15,0,1,0,5,3,0.0,0.0,34.0,173.4,True,simple,0,,,10,8,0,3,0.8,False,0,5,3,0,0,1,1.0,False,3,0,0.0,3,3,1,True,1,2,1.0,1
2924,oz_ConstructorMock,,data/safe_contracts/openzeppelin-contracts/contracts/mocks/ConstructorMock.sol,,openzeppelin,False,False,False,False,False,False,False,False,False,False,False,False,False,False,False,False,False,False,False,False,False,False,True,False,False,0,0,3,1,0,1,0,9,0,28,1,1,9.0,0,3,0.10714285714285714,0,0,0,0,4,0,0,0,1,3,1,0.0,0.0,3.0,4.0,False,simple,0,,,15,18,0,7,1.2,False,0,9,1,3,1,0,0.0,False,1,0,3.0,3,1,1,False,0,1,0.0,1
2925,oz_ERC2771ContextMock,,data/safe_contracts/openzeppelin-contracts/contracts/mocks/ERC2771ContextMock.sol,,openzeppelin,False,False,False,False,False,False,False,False,False,False,False,False,False,False,True,False,False,True,False,False,False,False,True,False,False,0,0,36,6,0,1,0,2,0,22,9,1,1.3333333333333333,0,3,0.13636363636363635,0,0,1,0,20,16,0,0,0,5,3,0.0,0.0,36.0,224.64,True,simple,0,,,20,14,0,4,0.7,False,7,8,6,7,1,0,0.0,True,2,4,1.1666666666666667,3,1,1,True,0,2,0.0,2
2926,oz_VotesExtendedMock,,data/safe_contracts/openzeppelin-contracts/contracts/mocks/VotesExtendedMock.sol,,openzeppelin,False,False,False,False,False,False,False,False,False,False,False,False,False,False,False,False,False,False,False,False,False,False,False,False,False,0,0,0,0,0,0,0,0,0,0,1,0,0.0,0,0,0.0,0,0,0,0,0,0,0,0,0,0,0,0.0,0.0,0.0,0.0,False,simple,0,COMPILATION_ERROR,Compilation error: unresolved reference to identifier mcopy,0,0,0,0,0.0,False,0,0,0,0,0,0,0.0,False,0,0,0.0,0,0,0,False,0,0,0.0,0
2927,oz_EtherReceiverMock,,data/safe_contracts/openzeppelin-contracts/contracts/mocks/EtherReceiverMock.sol,,openzeppelin,False,False,False,False,False,False,False,False,False,False,False,False,False,False,False,True,False,False,False,False,False,False,True,False,False,0,1,2,2,0,1,0,3,0,13,1,1,2.0,0,1,0.07692307692307693,1,0,0,0,3,0,0,1,0,2,2,0.0,0.0,7.0,10.5,False,simple,0,,,6,5,0,2,0.8333333333333334,False,0,4,2,1,1,0,0.0,False,2,0,0.5,2,1,1,True,0,1,0.0,1
2928,oz_CallReceiverMock,,data/safe_contracts/openzeppelin-contracts/contracts/mocks/CallReceiverMock.sol,,openzeppelin,False,False,False,False,False,False,False,False,False,False,False,False,False,False,True,True,False,False,False,False,False,False,True,False,False,0,1,7,15,1,1,0,3,0,83,2,1,1.1333333333333333,0,1,0.012048192771084338,11,0,0,0,7,2,0,1,1,6,2,0.0,0.0,12.0,16.8,False,moderate,1,,,48,33,1,5,0.6875,False,8,17,15,6,1,1,0.14285714285714285,False,15,0,0.4,13,1,0,True,0,14,0.0,6
2929,oz_PausableMock,,data/safe_contracts/openzeppelin-contracts/contracts/mocks/PausableMock.sol,,openzeppelin,False,False,False,False,False,False,False,False,False,False,False,False,False,False,False,False,False,False,False,False,False,False,True,False,False,0,0,6,5,0,2,0,1,0,23,3,1,1.0,0,1,0.043478260869565216,0,0,2,0,4,2,0,0,0,2,1,0.0,0.0,6.0,16.2,False,simple,0,,,13,8,0,2,0.6153846153846154,False,0,5,5,4,1,0,0.0,False,5,0,0.8,5,2,0,True,0,0,0.0,0
2930,oz_TransientSlotMock,,data/safe_contracts/openzeppelin-contracts/contracts/mocks/TransientSlotMock.sol,,openzeppelin,False,False,False,False,False,False,False,False,False,False,False,False,False,False,False,False,False,False,False,False,False,False,False,False,False,0,0,0,0,0,0,0,0,0,0,1,0,0.0,0,0,0.0,0,0,0,0,0,0,0,0,0,0,0,0.0,0.0,0.0,0.0,False,simple,0,COMPILATION_ERROR,Compilation error: unresolved reference to identifier tload,0,0,0,0,0.0,False,0,0,0,0,0,0,0.0,False,0,0,0.0,0,0,0,False,0,0,0.0,0
2931,oz_BatchCaller,,data/safe_contracts/openzeppelin-contracts/contracts/mocks/BatchCaller.sol,,openzeppelin,False,False,False,False,False,False,False,False,False,False,False,False,False,False,True,False,False,False,False,False,False,False,True,False,False,0,0,29,1,2,0,0,4,0,17,4,1,4.0,0,1,0.058823529411764705,0,1,0,0,15,14,0,0,0,3,2,0.0,0.0,29.0,239.73333333333332,True,simple,0,,,9,9,1,6,1.0,False,1,4,1,0,0,2,1.0,False,1,0,0.0,1,0,1,False,2,1,0.5,1
2932,oz_AccessManagerMock,,data/safe_contracts/openzeppelin-contracts/contracts/mocks/AccessManagerMock.sol,,openzeppelin,False,False,True,False,False,False,False,False,False,False,False,False,True,False,True,False,False,False,False,False,False,True,True,True,False,1,12,154,49,21,6,1,9,0,14,14,1,2.4693877551020407,0,1,0.07142857142857142,1,16,1,0,39,128,0,13,0,10,5,0.0,0.0,224.0,2880.64,True,complex,2,,,297,271,1,17,0.9124579124579124,False,42,121,49,94,4,21,0.1826086956521739,False,30,19,1.9183673469387754,32,6,23,True,2,87,11.5,45
2933,oz_InitializableMock,,data/safe_contracts/openzeppelin-contracts/contracts/mocks/InitializableMock.sol,,openzeppelin,False,False,False,False,False,False,False,False,False,False,False,False,False,False,True,True,False,False,False,False,False,False,True,False,False,0,1,6,8,0,3,0,1,0,99,10,1,1.0,0,5,0.050505050505050504,2,0,1,0,7,0,0,1,0,4,2,0.0,0.0,11.0,19.25,False,simple,0,,,21,13,0,2,0.6190476190476191,False,1,8,8,9,2,0,0.0,False,8,0,1.125,5,3,2,False,0,2,0.0,2
2934,oz_UpgradeableBeaconMock,,data/safe_contracts/openzeppelin-contracts/contracts/mocks/UpgradeableBeaconMock.sol,,openzeppelin,False,False,False,False,False,False,False,False,False,False,False,False,False,False,False,False,False,False,False,False,False,False,True,True,False,0,0,6,1,0,1,0,1,0,21,4,1,1.0,0,4,0.19047619047619047,0,0,1,0,6,1,0,0,1,5,1,0.0,0.0,6.0,8.04,False,simple,0,,,2,1,0,1,0.5,False,0,1,1,0,0,0,0.0,False,1,0,0.0,1,1,1,False,0,1,0.0,1
2935,oz_VotesMock,,data/safe_contracts/openzeppelin-contracts/contracts/mocks/VotesMock.sol,,openzeppelin,False,False,False,False,False,False,False,False,False,False,False,False,False,False,False,False,False,False,False,False,False,False,False,False,False,0,0,0,0,0,0,0,0,0,0,1,0,0.0,0,0,0.0,0,0,0,0,0,0,0,0,0,0,0,0.0,0.0,0.0,0.0,False,simple,0,COMPILATION_ERROR,Compilation error: unresolved reference to identifier mcopy,0,0,0,0,0.0,False,0,0,0,0,0,0,0.0,False,0,0,0.0,0,0,0,False,0,0,0.0,0
2936,oz_ERC1271WalletMock,,data/safe_contracts/openzeppelin-contracts/contracts/mocks/ERC1271WalletMock.sol,,openzeppelin,False,False,False,False,False,False,False,False,False,False,False,False,False,False,True,False,False,False,False,False,False,False,True,True,False,0,0,21,2,1,0,0,2,0,19,6,1,1.5,0,1,0.05263157894736842,0,1,1,0,12,9,0,0,0,4,2,0.0,0.0,21.0,96.07499999999999,True,simple,0,,,6,4,0,2,0.6666666666666666,False,2,3,2,2,1,1,0.3333333333333333,True,2,0,1.0,1,0,1,False,0,3,0.0,2
2937,oz_IGovernor,,data/safe_contracts/openzeppelin-contracts/contracts/governance/IGovernor.sol,,openzeppelin,False,False,False,False,False,False,False,False,False,False,False,False,False,False,False,False,False,False,False,False,False,False,True,True,False,0,0,8,27,0,0,0,1,0,402,3,1,1.0,0,266,0.6616915422885572,1,0,1,0,8,0,0,0,0,3,1,0.0,0.0,8.0,21.333333333333332,False,moderate,1,,,0,0,0,0,0.0,False,0,0,27,0,0,0,0.0,False,27,0,0.0,27,0,0,False,0,57,0.0,21
2938,oz_TimelockController,,data/safe_contracts/openzeppelin-contracts/contracts/governance/TimelockController.sol,,openzeppelin,False,True,True,True,False,False,True,False,False,False,False,False,False,False,True,False,False,False,False,False,False,True,True,True,False,1,3,50,24,4,6,1,9,1,422,13,1,2.625,0,191,0.45260663507109006,3,1,3,0,28,26,0,4,0,11,7,0.0,0.0,75.0,315.0,True,complex,2,,,145,137,4,14,0.9448275862068966,True,14,63,24,49,4,4,0.07547169811320754,True,18,6,2.0416666666666665,16,6,8,True,2,54,4.0,21
2939,oz_Governor,,data/safe_contracts/openzeppelin-contracts/contracts/governance/Governor.sol,,openzeppelin,False,False,False,False,False,False,False,False,False,False,False,False,False,False,False,False,False,False,False,False,False,False,False,False,False,0,0,0,0,0,0,0,0,0,0,1,0,0.0,0,0,0.0,0,0,0,0,0,0,0,0,0,0,0,0.0,0.0,0.0,0.0,False,simple,0,COMPILATION_ERROR,Compilation error: unresolved reference to identifier mcopy,0,0,0,0,0.0,False,0,0,0,0,0,0,0.0,False,0,0,0.0,0,0,0,False,0,0,0.0,0
2940,oz_Account,,data/safe_contracts/openzeppelin-contracts/contracts/account/Account.sol,,openzeppelin,False,False,True,False,False,False,False,False,False,False,False,False,False,False,True,False,False,False,False,False,True,True,True,True,False,1,10,820,10,2,0,2,3,0,136,17,1,1.7,0,69,0.5073529411764706,1,1,1,0,464,367,0,11,0,13,4,0.0,0.0,880.0,48799.38461538462,True,simple,0,,,32,25,0,4,0.78125,False,7,17,10,11,2,2,0.15384615384615385,True,5,5,1.1,7,0,2,False,1,10,2.0,5
2941,oz_ERC2771Forwarder,,data/safe_contracts/openzeppelin-contracts/contracts/metatx/ERC2771Forwarder.sol,,openzeppelin,False,False,False,False,False,False,False,False,False,False,False,False,False,False,False,False,False,False,False,False,False,False,False,False,False,0,0,0,0,0,0,0,0,0,0,1,0,0.0,0,0,0.0,0,0,0,0,0,0,0,0,0,0,0,0.0,0.0,0.0,0.0,False,simple,0,COMPILATION_ERROR,Compilation error: unresolved reference to identifier mcopy,0,0,0,0,0.0,False,0,0,0,0,0,0,0.0,False,0,0,0.0,0,0,0,False,0,0,0.0,0
2942,oz_ERC2771Context,,data/safe_contracts/openzeppelin-contracts/contracts/metatx/ERC2771Context.sol,,openzeppelin,False,False,False,False,False,False,False,False,False,False,False,False,False,False,False,False,False,False,False,False,False,False,True,False,False,0,0,10,6,0,1,0,2,0,81,2,1,1.3333333333333333,0,42,0.5185185185185185,0,0,1,0,3,7,0,0,0,3,1,0.0,0.0,10.0,26.333333333333336,False,simple,0,,,20,14,0,4,0.7,False,7,8,6,7,1,0,0.0,True,2,4,1.1666666666666667,3,1,1,True,0,2,0.0,2
2943,oz_CrosschainLinked,,data/safe_contracts/openzeppelin-contracts/contracts/crosschain/CrosschainLinked.sol,,openzeppelin,False,False,False,False,False,False,False,False,False,False,False,False,False,False,False,False,False,False,False,False,False,False,False,False,False,0,0,0,0,0,0,0,0,0,0,1,0,0.0,0,0,0.0,0,0,0,0,0,0,0,0,0,0,0,0.0,0.0,0.0,0.0,False,simple,0,COMPILATION_ERROR,Compilation error: unresolved reference to identifier mcopy,0,0,0,0,0.0,False,0,0,0,0,0,0,0.0,False,0,0,0.0,0,0,0,False,0,0,0.0,0
2944,oz_ERC7786Recipient,,data/safe_contracts/openzeppelin-contracts/contracts/crosschain/ERC7786Recipient.sol,,openzeppelin,False,False,False,False,False,False,False,False,False,False,False,False,False,False,False,True,False,False,False,False,False,False,True,True,False,0,1,8,3,2,1,0,5,0,59,4,1,2.3333333333333335,0,28,0.4745762711864407,1,2,1,0,7,2,0,1,0,5,2,0.0,0.0,13.0,21.84,False,simple,0,,,10,11,0,7,1.1,False,1,5,3,4,1,2,0.3333333333333333,False,1,2,1.3333333333333333,4,1,1,False,2,9,0.5,3
2945,oz_IERC1155,,data/safe_contracts/openzeppelin-contracts/contracts/interfaces/IERC1155.sol,,openzeppelin,False,False,False,False,False,False,False,False,False,False,False,False,False,False,False,False,False,False,False,False,False,False,True,True,False,0,0,5,6,0,0,0,1,0,4,2,1,1.0,0,2,0.5,0,0,1,0,5,0,0,0,0,2,1,0.0,0.0,5.0,12.5,False,simple,0,,,0,0,0,0,0.0,False,0,0,6,0,0,0,0.0,False,6,0,0.0,6,0,0,False,0,18,0.0,6
2946,oz_IERC1967,,data/safe_contracts/openzeppelin-contracts/contracts/interfaces/IERC1967.sol,,openzeppelin,False,False,False,False,False,False,False,False,False,False,False,False,False,False,False,False,False,False,False,False,False,False,True,False,False,0,0,2,0,0,0,0,0,0,20,1,1,0.0,0,14,0.7,0,0,0,0,2,0,0,0,0,1,1,0.0,0.0,2.0,4.0,False,simple,0,,,0,0,0,0,0.0,False,0,0,0,0,0,0,0.0,False,0,0,0.0,0,0,0,False,0,0,0.0,0
2947,oz_IERC165,,data/safe_contracts/openzeppelin-contracts/contracts/interfaces/IERC165.sol,,openzeppelin,False,False,False,False,False,False,False,False,False,False,False,False,False,False,False,False,False,False,False,False,False,False,True,False,False,0,0,3,1,0,0,0,1,0,4,1,1,1.0,0,2,0.5,0,0,0,0,3,0,0,0,0,1,1,0.0,0.0,3.0,9.0,False,simple,0,,,0,0,0,0,0.0,False,0,0,1,0,0,0,0.0,False,1,0,0.0,1,0,0,False,0,1,0.0,1
2948,oz_IERC3156,,data/safe_contracts/openzeppelin-contracts/contracts/interfaces/IERC3156.sol,,openzeppelin,False,False,False,False,False,False,False,False,False,False,False,False,False,False,False,False,False,False,False,False,False,False,True,False,False,0,0,4,0,0,0,0,0,0,0,1,0,0.0,0,0,0.0,0,0,0,0,4,0,0,0,0,1,1,0.0,0.0,4.0,16.0,False,simple,0,,,0,0,0,0,0.0,False,0,0,0,0,0,0,0.0,False,0,0,0.0,0,0,0,False,0,0,0.0,0
2949,oz_IERC1363Spender,,data/safe_contracts/openzeppelin-contracts/contracts/interfaces/IERC1363Spender.sol,,openzeppelin,False,False,False,False,False,False,False,False,False,False,False,False,False,False,False,False,False,False,False,False,False,False,True,False,False,0,0,2,1,0,0,0,1,0,24,1,1,1.0,0,20,0.8333333333333334,0,0,0,0,2,0,0,0,0,1,1,0.0,0.0,2.0,4.0,False,simple,0,,,0,0,0,0,0.0,False,0,0,1,0,0,0,0.0,False,1,0,0.0,1,0,0,False,0,3,0.0,1
2950,oz_IERC6909,,data/safe_contracts/openzeppelin-contracts/contracts/interfaces/IERC6909.sol,,openzeppelin,False,False,False,False,False,False,False,False,False,False,False,False,False,False,False,False,False,False,False,False,False,False,True,True,False,0,0,4,7,0,0,0,1,0,107,5,1,1.0,0,75,0.7009345794392523,0,0,1,0,4,0,0,0,0,2,1,0.0,0.0,4.0,8.0,False,simple,0,,,0,0,0,0,0.0,False,0,0,7,0,0,0,0.0,False,7,0,0.0,7,0,0,False,0,19,0.0,7
2951,oz_IERC2981,,data/safe_contracts/openzeppelin-contracts/contracts/interfaces/IERC2981.sol,,openzeppelin,False,False,False,False,False,False,False,False,False,False,False,False,False,False,False,False,False,False,False,False,False,False,True,True,False,0,0,4,1,0,0,0,1,0,23,2,1,1.0,0,15,0.6521739130434783,0,0,1,0,4,0,0,0,0,2,1,0.0,0.0,4.0,8.0,False,simple,0,,,0,0,0,0,0.0,False,0,0,1,0,0,0,0.0,False,1,0,0.0,1,0,0,False,0,2,0.0,1
2952,oz_IERC5267,,data/safe_contracts/openzeppelin-contracts/contracts/interfaces/IERC5267.sol,,openzeppelin,False,False,False,False,False,False,False,False,False,False,False,False,False,False,False,False,False,False,False,False,False,False,True,False,False,0,0,2,1,0,0,0,1,0,25,1,1,1.0,0,9,0.36,0,0,0,0,2,0,0,0,0,1,1,0.0,0.0,2.0,4.0,False,simple,0,,,0,0,0,0,0.0,False,0,0,1,0,0,0,0.0,False,1,0,0.0,1,0,0,False,0,0,0.0,0
2953,oz_IERC1271,,data/safe_contracts/openzeppelin-contracts/contracts/interfaces/IERC1271.sol,,openzeppelin,False,False,False,False,False,False,False,False,False,False,False,False,False,False,False,False,False,False,False,False,False,False,True,False,False,0,0,2,1,0,0,0,1,0,15,1,1,1.0,0,11,0.7333333333333333,0,0,0,0,2,0,0,0,0,1,1,0.0,0.0,2.0,4.0,False,simple,0,,,0,0,0,0,0.0,False,0,0,1,0,0,0,0.0,False,1,0,0.0,1,0,0,False,0,2,0.0,1
2954,oz_IERC20,,data/safe_contracts/openzeppelin-contracts/contracts/interfaces/IERC20.sol,,openzeppelin,False,False,False,False,False,False,False,False,False,False,False,False,False,False,False,False,False,False,False,False,False,False,True,False,False,0,0,3,6,0,0,0,1,0,4,1,1,1.0,0,2,0.5,0,0,0,0,3,0,0,0,0,1,1,0.0,0.0,3.0,9.0,False,simple,0,,,0,0,0,0,0.0,False,0,0,6,0,0,0,0.0,False,6,0,0.0,6,0,0,False,0,10,0.0,5
2955,oz_IERC1363,,data/safe_contracts/openzeppelin-contracts/contracts/interfaces/IERC1363.sol,,openzeppelin,False,False,False,False,False,False,False,False,False,False,False,False,False,False,False,False,False,False,False,False,False,False,True,True,False,0,0,7,6,0,0,0,1,0,77,3,1,1.0,0,66,0.8571428571428571,0,0,1,0,7,0,0,0,0,2,1,0.0,0.0,7.0,24.5,False,simple,0,,,0,0,0,0,0.0,False,0,0,6,0,0,0,0.0,False,6,0,0.0,3,0,0,False,0,17,0.0,6
2956,oz_IERC5313,,data/safe_contracts/openzeppelin-contracts/contracts/interfaces/IERC5313.sol,,openzeppelin,False,False,False,False,False,False,False,False,False,False,False,False,False,False,False,False,False,False,False,False,False,False,True,False,False,0,0,2,1,0,0,0,1,0,14,1,1,1.0,0,10,0.7142857142857143,0,0,0,0,2,0,0,0,0,1,1,0.0,0.0,2.0,4.0,False,simple,0,,,0,0,0,0,0.0,False,0,0,1,0,0,0,0.0,False,1,0,0.0,1,0,0,False,0,0,0.0,0
2957,oz_IERC4626,,data/safe_contracts/openzeppelin-contracts/contracts/interfaces/IERC4626.sol,,openzeppelin,False,False,False,False,False,False,False,False,False,False,False,False,False,False,False,False,False,False,False,False,False,False,True,True,False,0,0,5,16,0,0,0,1,0,210,3,1,1.0,0,181,0.861904761904762,0,0,2,0,5,0,0,0,0,2,1,0.0,0.0,5.0,12.5,False,moderate,1,,,0,0,0,0,0.0,False,0,0,16,0,0,0,0.0,False,16,0,0.0,16,0,0,False,0,20,0.0,14
2958,oz_IERC7751,,data/safe_contracts/openzeppelin-contracts/contracts/interfaces/IERC7751.sol,,openzeppelin,False,False,False,False,False,False,False,False,False,False,False,False,False,False,False,False,False,False,False,False,False,False,True,False,False,0,0,2,0,0,0,0,0,0,10,1,1,0.0,0,6,0.6,0,0,0,0,2,0,0,0,0,1,1,0.0,0.0,2.0,4.0,False,simple,0,,,0,0,0,0,0.0,False,0,0,0,0,0,0,0.0,False,0,0,0.0,0,0,0,False,0,0,0.0,0
2959,oz_IERC1363Receiver,,data/safe_contracts/openzeppelin-contracts/contracts/interfaces/IERC1363Receiver.sol,,openzeppelin,False,False,False,False,False,False,False,False,False,False,False,False,False,False,False,False,False,False,False,False,False,False,True,False,False,0,0,2,1,0,0,0,1,0,30,1,1,1.0,0,21,0.7,0,0,0,0,2,0,0,0,0,1,1,0.0,0.0,2.0,4.0,False,simple,0,,,0,0,0,0,0.0,False,0,0,1,0,0,0,0.0,False,1,0,0.0,1,0,0,False,0,4,0.0,1
2960,oz_IERC721Enumerable,,data/safe_contracts/openzeppelin-contracts/contracts/interfaces/IERC721Enumerable.sol,,openzeppelin,False,False,False,False,False,False,False,False,False,False,False,False,False,False,False,False,False,False,False,False,False,False,True,True,False,0,0,6,9,0,0,0,1,0,4,3,1,1.0,0,2,0.5,0,0,1,0,6,0,0,0,0,2,1,0.0,0.0,6.0,18.0,False,simple,0,,,0,0,0,0,0.0,False,0,0,9,0,0,0,0.0,False,9,0,0.0,8,0,0,False,0,19,0.0,9
2961,oz_IERC721,,data/safe_contracts/openzeppelin-contracts/contracts/interfaces/IERC721.sol,,openzeppelin,False,False,False,False,False,False,False,False,False,False,False,False,False,False,False,False,False,False,False,False,False,False,True,True,False,0,0,5,9,0,0,0,1,0,4,2,1,1.0,0,2,0.5,0,0,1,0,5,0,0,0,0,2,1,0.0,0.0,5.0,12.5,False,simple,0,,,0,0,0,0,0.0,False,0,0,9,0,0,0,0.0,False,9,0,0.0,8,0,0,False,0,19,0.0,9
2962,oz_IERC2309,,data/safe_contracts/openzeppelin-contracts/contracts/interfaces/IERC2309.sol,,openzeppelin,False,False,False,False,False,False,False,False,False,False,False,False,False,False,False,False,False,False,False,False,False,False,True,False,False,0,0,2,0,0,0,0,0,0,17,1,1,0.0,0,8,0.47058823529411764,0,0,0,0,2,0,0,0,0,1,1,0.0,0.0,2.0,4.0,False,simple,0,,,0,0,0,0,0.0,False,0,0,0,0,0,0,0.0,False,0,0,0.0,0,0,0,False,0,0,0.0,0
2963,oz_IERC20Metadata,,data/safe_contracts/openzeppelin-contracts/contracts/interfaces/IERC20Metadata.sol,,openzeppelin,False,False,False,False,False,False,False,False,False,False,False,False,False,False,False,False,False,False,False,False,False,False,True,True,False,0,0,5,6,0,0,0,1,0,4,2,1,1.0,0,2,0.5,0,0,0,0,5,0,0,0,0,2,1,0.0,0.0,5.0,12.5,False,simple,0,,,0,0,0,0,0.0,False,0,0,6,0,0,0,0.0,False,6,0,0.0,6,0,0,False,0,10,0.0,5
2964,oz_IERC2612,,data/safe_contracts/openzeppelin-contracts/contracts/interfaces/IERC2612.sol,,openzeppelin,False,False,False,False,False,False,False,False,False,False,False,False,False,False,False,False,False,False,False,False,False,False,True,True,False,0,0,5,0,0,0,0,0,0,5,2,1,0.0,0,2,0.4,0,0,1,0,5,0,0,0,0,3,1,0.0,0.0,5.0,8.333333333333334,False,simple,0,,,0,0,0,0,0.0,False,0,0,0,0,0,0,0.0,False,0,0,0.0,0,0,0,False,0,0,0.0,0
2965,oz_IERC5805,,data/safe_contracts/openzeppelin-contracts/contracts/interfaces/IERC5805.sol,,openzeppelin,False,False,False,False,False,False,False,False,False,False,False,False,False,False,False,False,False,False,False,False,False,False,True,True,False,0,0,6,0,0,0,0,0,0,6,3,1,0.0,0,2,0.3333333333333333,0,0,1,0,6,0,0,0,0,3,1,0.0,0.0,6.0,12.0,False,simple,0,,,0,0,0,0,0.0,False,0,0,0,0,0,0,0.0,False,0,0,0.0,0,0,0,False,0,0,0.0,0
2966,oz_IERC777,,data/safe_contracts/openzeppelin-contracts/contracts/interfaces/IERC777.sol,,openzeppelin,False,False,False,False,False,False,False,False,False,False,False,False,False,False,False,False,False,False,False,False,False,False,True,False,False,0,0,2,13,0,0,0,1,0,181,1,1,1.0,0,147,0.8121546961325967,0,0,0,0,2,0,0,0,0,1,1,0.0,0.0,2.0,4.0,False,moderate,1,,,0,0,0,0,0.0,False,0,0,13,0,0,0,0.0,False,13,0,0.0,13,0,0,False,0,19,0.0,8
2967,oz_IERC7913,,data/safe_contracts/openzeppelin-contracts/contracts/interfaces/IERC7913.sol,,openzeppelin,False,False,False,False,False,False,False,False,False,False,False,False,False,False,False,False,False,False,False,False,False,False,True,False,False,0,0,2,0,0,0,0,0,0,0,1,0,0.0,0,0,0.0,0,0,0,0,2,0,0,0,0,1,1,0.0,0.0,2.0,4.0,False,simple,0,,,0,0,0,0,0.0,False,0,0,0,0,0,0,0.0,False,0,0,0.0,0,0,0,False,0,0,0.0,0
2968,oz_IERC721Receiver,,data/safe_contracts/openzeppelin-contracts/contracts/interfaces/IERC721Receiver.sol,,openzeppelin,False,False,False,False,False,False,False,False,False,False,False,False,False,False,False,False,False,False,False,False,False,False,True,False,False,0,0,3,1,0,0,0,1,0,4,1,1,1.0,0,2,0.5,0,0,0,0,3,0,0,0,0,1,1,0.0,0.0,3.0,9.0,False,simple,0,,,0,0,0,0,0.0,False,0,0,1,0,0,0,0.0,False,1,0,0.0,1,0,0,False,0,4,0.0,1
2969,oz_IERC3156FlashLender,,data/safe_contracts/openzeppelin-contracts/contracts/interfaces/IERC3156FlashLender.sol,,openzeppelin,False,False,False,False,False,False,False,False,False,False,False,False,False,False,False,False,False,False,False,False,False,False,True,False,False,0,0,3,3,0,0,0,1,0,36,2,1,1.0,0,24,0.6666666666666666,0,0,0,0,3,0,0,0,0,1,1,0.0,0.0,3.0,9.0,False,simple,0,,,0,0,0,0,0.0,False,0,0,3,0,0,0,0.0,False,3,0,0.0,3,0,0,False,0,7,0.0,3
2970,oz_IERC4906,,data/safe_contracts/openzeppelin-contracts/contracts/interfaces/IERC4906.sol,,openzeppelin,False,False,False,False,False,False,False,False,False,False,False,False,False,False,False,False,False,False,False,False,False,False,True,True,False,0,0,7,0,0,0,0,0,0,16,3,1,0.0,0,9,0.5625,0,0,2,0,7,0,0,0,0,2,1,0.0,0.0,7.0,24.5,False,simple,0,,,0,0,0,0,0.0,False,0,0,0,0,0,0,0.0,False,0,0,0.0,0,0,0,False,0,0,0.0,0
2971,oz_IERC3156FlashBorrower,,data/safe_contracts/openzeppelin-contracts/contracts/interfaces/IERC3156FlashBorrower.sol,,openzeppelin,False,False,False,False,False,False,False,False,False,False,False,False,False,False,False,False,False,False,False,False,False,False,True,False,False,0,0,2,1,0,0,0,1,0,25,1,1,1.0,0,15,0.6,0,0,0,0,2,0,0,0,0,1,1,0.0,0.0,2.0,4.0,False,simple,0,,,0,0,0,0,0.0,False,0,0,1,0,0,0,0.0,False,1,0,0.0,1,0,0,False,0,5,0.0,1
2972,oz_IERC1820Registry,,data/safe_contracts/openzeppelin-contracts/contracts/interfaces/IERC1820Registry.sol,,openzeppelin,False,False,False,False,False,False,False,False,False,False,False,False,False,False,False,False,False,False,False,False,False,False,True,False,False,0,0,2,8,0,0,0,1,0,101,1,1,1.0,0,88,0.8712871287128713,0,0,0,0,2,0,0,0,0,1,1,0.0,0.0,2.0,4.0,False,simple,0,,,0,0,0,0,0.0,False,0,0,8,0,0,0,0.0,False,8,0,0.0,8,0,0,False,0,15,0.0,8
2973,oz_IERC777Recipient,,data/safe_contracts/openzeppelin-contracts/contracts/interfaces/IERC777Recipient.sol,,openzeppelin,False,False,False,False,False,False,False,False,False,False,False,False,False,False,False,False,False,False,False,False,False,False,True,False,False,0,0,2,1,0,0,0,1,0,33,1,1,1.0,0,22,0.6666666666666666,0,0,0,0,2,0,0,0,0,1,1,0.0,0.0,2.0,4.0,False,simple,0,,,0,0,0,0,0.0,False,0,0,1,0,0,0,0.0,False,1,0,0.0,1,0,0,False,0,6,0.0,1
2974,oz_IERC721Metadata,,data/safe_contracts/openzeppelin-contracts/contracts/interfaces/IERC721Metadata.sol,,openzeppelin,False,False,False,False,False,False,False,False,False,False,False,False,False,False,False,False,False,False,False,False,False,False,True,True,False,0,0,6,9,0,0,0,1,0,4,3,1,1.0,0,2,0.5,0,0,1,0,6,0,0,0,0,2,1,0.0,0.0,6.0,18.0,False,simple,0,,,0,0,0,0,0.0,False,0,0,9,0,0,0,0.0,False,9,0,0.0,8,0,0,False,0,19,0.0,9
2975,oz_IERC777Sender,,data/safe_contracts/openzeppelin-contracts/contracts/interfaces/IERC777Sender.sol,,openzeppelin,False,False,False,False,False,False,False,False,False,False,False,False,False,False,False,False,False,False,False,False,False,False,True,False,False,0,0,2,1,0,0,0,1,0,33,1,1,1.0,0,22,0.6666666666666666,0,0,0,0,2,0,0,0,0,1,1,0.0,0.0,2.0,4.0,False,simple,0,,,0,0,0,0,0.0,False,0,0,1,0,0,0,0.0,False,1,0,0.0,1,0,0,False,0,6,0.0,1
2976,oz_IERC1820Implementer,,data/safe_contracts/openzeppelin-contracts/contracts/interfaces/IERC1820Implementer.sol,,openzeppelin,False,False,False,False,False,False,False,False,False,False,False,False,False,False,False,False,False,False,False,False,False,False,True,False,False,0,0,2,1,0,0,0,1,0,18,1,1,1.0,0,14,0.7777777777777778,0,0,0,0,2,0,0,0,0,1,1,0.0,0.0,2.0,4.0,False,simple,0,,,0,0,0,0,0.0,False,0,0,1,0,0,0,0.0,False,1,0,0.0,1,0,0,False,0,2,0.0,1
2977,oz_IERC1155Receiver,,data/safe_contracts/openzeppelin-contracts/contracts/interfaces/IERC1155Receiver.sol,,openzeppelin,False,False,False,False,False,False,False,False,False,False,False,False,False,False,False,False,False,False,False,False,False,False,True,True,False,0,0,5,2,0,0,0,1,0,4,2,1,1.0,0,2,0.5,0,0,1,0,5,0,0,0,0,2,1,0.0,0.0,5.0,12.5,False,simple,0,,,0,0,0,0,0.0,False,0,0,2,0,0,0,0.0,False,2,0,0.0,2,0,0,False,0,10,0.0,2
2978,oz_IERC6372,,data/safe_contracts/openzeppelin-contracts/contracts/interfaces/IERC6372.sol,,openzeppelin,False,False,False,False,False,False,False,False,False,False,False,False,False,False,False,False,False,False,False,False,False,False,True,False,False,0,0,3,2,0,0,0,1,0,14,1,1,1.0,0,9,0.6428571428571429,0,0,0,0,3,0,0,0,0,2,1,0.0,0.0,3.0,4.5,False,simple,0,,,0,0,0,0,0.0,False,0,0,2,0,0,0,0.0,False,2,0,0.0,2,0,0,False,0,0,0.0,0
2979,oz_IERC1155MetadataURI,,data/safe_contracts/openzeppelin-contracts/contracts/interfaces/IERC1155MetadataURI.sol,,openzeppelin,False,False,False,False,False,False,False,False,False,False,False,False,False,False,False,False,False,False,False,False,False,False,True,True,False,0,0,6,6,0,0,0,1,0,4,3,1,1.0,0,2,0.5,0,0,1,0,6,0,0,0,0,2,1,0.0,0.0,6.0,18.0,False,simple,0,,,0,0,0,0,0.0,False,0,0,6,0,0,0,0.0,False,6,0,0.0,6,0,0,False,0,18,0.0,6
2980,oz_Base64,,data/safe_contracts/openzeppelin-contracts/contracts/utils/Base64.sol,,openzeppelin,False,False,False,False,False,False,False,False,False,False,False,False,False,False,True,False,False,False,False,False,False,False,True,False,False,1,2,76,5,2,0,0,16,0,202,2,1,6.6,2,84,0.4158415841584158,0,1,0,0,6,73,0,3,0,5,2,0.0,0.0,96.0,1096.32,True,moderate,1,,,127,133,17,47,1.047244094488189,True,5,33,5,10,0,2,0.16666666666666666,False,0,5,2.0,5,0,1,False,0,6,0.0,5
2981,oz_Create2,,data/safe_contracts/openzeppelin-contracts/contracts/utils/Create2.sol,,openzeppelin,False,False,False,False,False,False,False,False,False,False,False,False,False,False,True,False,False,False,False,False,False,False,True,False,False,0,0,31,3,4,0,0,9,0,83,3,1,3.6666666666666665,0,45,0.5421686746987951,0,2,0,0,16,15,0,0,0,3,2,0.0,0.0,31.0,273.83333333333337,True,simple,0,,,30,31,0,11,1.0333333333333334,False,1,11,3,11,0,4,0.26666666666666666,True,0,3,3.6666666666666665,9,0,1,False,2,8,0.5,3
2982,oz_Comparators,,data/safe_contracts/openzeppelin-contracts/contracts/utils/Comparators.sol,,openzeppelin,False,False,False,False,False,False,False,False,False,False,False,False,False,False,False,False,False,False,False,False,False,False,True,False,False,0,0,4,2,0,0,0,1,0,16,1,1,1.0,0,7,0.4375,0,0,0,0,2,2,0,0,0,2,1,0.0,0.0,4.0,6.8,False,simple,0,,,4,2,0,1,0.5,False,2,2,2,0,0,0,0.0,False,0,2,0.0,2,0,0,False,0,4,0.0,2
2983,oz_Context,,data/safe_contracts/openzeppelin-contracts/contracts/utils/Context.sol,,openzeppelin,False,False,False,False,False,False,False,False,False,False,False,False,False,False,False,False,False,False,False,False,False,False,True,False,False,0,0,5,3,0,0,0,1,0,24,1,1,1.0,0,12,0.5,0,0,0,0,2,3,0,0,0,2,1,0.0,0.0,5.0,10.25,False,simple,0,,,6,3,0,1,0.5,False,3,3,3,0,0,0,0.0,False,0,3,0.0,3,0,0,False,0,0,0.0,0
2984,oz_RelayedCall,,data/safe_contracts/openzeppelin-contracts/contracts/utils/RelayedCall.sol,,openzeppelin,False,False,False,True,False,False,False,False,False,False,False,False,False,False,True,False,False,False,False,False,False,False,True,False,False,0,0,10,6,2,0,0,5,1,121,1,1,1.6666666666666667,0,76,0.628099173553719,0,0,0,0,4,6,0,0,0,4,3,0.0,0.0,10.0,20.5,True,simple,0,,,33,29,0,18,0.8787878787878788,False,5,10,6,14,0,2,0.125,True,0,6,2.3333333333333335,9,0,1,False,1,13,1.0,5
2985,oz_NoncesKeyed,,data/safe_contracts/openzeppelin-contracts/contracts/utils/NoncesKeyed.sol,,openzeppelin,False,False,False,False,False,False,False,False,False,False,False,False,False,False,False,False,False,True,False,False,False,False,True,False,False,1,0,9,3,0,1,0,3,0,66,2,1,1.6666666666666667,0,35,0.5303030303030303,0,0,0,0,4,6,0,1,0,3,2,0.0,0.0,19.0,51.93333333333333,False,simple,0,,,9,7,0,3,0.7777777777777778,False,2,5,3,2,0,0,0.0,False,1,2,0.6666666666666666,3,1,1,True,0,4,0.0,3
2986,oz_Nonces,,data/safe_contracts/openzeppelin-contracts/contracts/utils/Nonces.sol,,openzeppelin,False,False,False,False,False,False,False,False,False,False,False,False,False,False,False,False,False,False,False,False,False,False,True,False,False,0,0,4,3,0,1,0,3,0,41,1,1,1.6666666666666667,0,22,0.5365853658536586,0,0,0,0,2,2,0,0,0,2,1,0.0,0.0,4.0,6.8,False,simple,0,,,9,7,0,3,0.7777777777777778,False,2,5,3,2,0,0,0.0,False,1,2,0.6666666666666666,3,1,1,True,0,4,0.0,3
2987,oz_StorageSlot,,data/safe_contracts/openzeppelin-contracts/contracts/utils/StorageSlot.sol,,openzeppelin,False,False,False,False,False,False,False,False,False,False,False,False,False,False,True,False,False,False,False,False,False,False,True,False,False,0,0,20,9,0,0,0,1,0,126,1,1,1.0,0,57,0.4523809523809524,0,0,0,0,11,9,0,0,0,3,2,0.0,0.0,20.0,115.33333333333334,False,simple,0,,,36,27,0,3,0.75,False,0,9,9,0,0,0,0.0,False,0,9,0.0,7,0,0,False,0,9,0.0,9
2988,oz_Pausable,,data/safe_contracts/openzeppelin-contracts/contracts/utils/Pausable.sol,,openzeppelin,False,False,False,False,False,False,False,False,False,False,False,False,False,False,False,False,False,False,False,False,False,False,True,False,False,0,0,10,5,0,1,2,3,0,98,2,1,1.8,0,60,0.6122448979591837,0,0,1,0,3,7,0,0,0,2,1,0.0,0.0,10.0,39.5,False,simple,0,,,18,15,0,3,0.8333333333333334,False,1,9,5,8,0,0,0.0,False,1,4,1.6,6,1,0,True,0,0,0.0,0
2989,oz_CAIP2,,data/safe_contracts/openzeppelin-contracts/contracts/utils/CAIP2.sol,,openzeppelin,False,False,False,False,False,False,False,False,False,False,False,False,False,False,False,False,False,False,False,False,False,False,False,False,False,0,0,0,0,0,0,0,0,0,0,1,0,0.0,0,0,0.0,0,0,0,0,0,0,0,0,0,0,0,0.0,0.0,0.0,0.0,False,simple,0,COMPILATION_ERROR,Compilation error: unresolved reference to identifier mcopy,0,0,0,0,0.0,False,0,0,0,0,0,0,0.0,False,0,0,0.0,0,0,0,False,0,0,0.0,0
2990,oz_Strings,,data/safe_contracts/openzeppelin-contracts/contracts/utils/Strings.sol,,openzeppelin,False,False,False,False,False,False,False,False,False,False,False,False,False,False,False,False,False,False,False,False,False,False,False,False,False,0,0,0,0,0,0,0,0,0,0,1,0,0.0,0,0,0.0,0,0,0,0,0,0,0,0,0,0,0,0.0,0.0,0.0,0.0,False,simple,0,COMPILATION_ERROR,Compilation error: unresolved reference to identifier mcopy,0,0,0,0,0.0,False,0,0,0,0,0,0,0.0,False,0,0,0.0,0,0,0,False,0,0,0.0,0
2991,oz_Arrays,,data/safe_contracts/openzeppelin-contracts/contracts/utils/Arrays.sol,,openzeppelin,False,False,False,False,False,False,False,False,False,False,False,False,False,False,False,False,False,False,False,False,False,False,False,False,False,0,0,0,0,0,0,0,0,0,0,1,0,0.0,0,0,0.0,0,0,0,0,0,0,0,0,0,0,0,0.0,0.0,0.0,0.0,False,simple,0,COMPILATION_ERROR,Compilation error: unresolved reference to identifier mcopy,0,0,0,0,0.0,False,0,0,0,0,0,0,0.0,False,0,0,0.0,0,0,0,False,0,0,0.0,0
2992,oz_TransientSlot,,data/safe_contracts/openzeppelin-contracts/contracts/utils/TransientSlot.sol,,openzeppelin,False,False,False,False,False,False,False,False,False,False,False,False,False,False,False,False,False,False,False,False,False,False,False,False,False,0,0,0,0,0,0,0,0,0,0,1,0,0.0,0,0,0.0,0,0,0,0,0,0,0,0,0,0,0,0.0,0.0,0.0,0.0,False,simple,0,COMPILATION_ERROR,Compilation error: unresolved reference to identifier tload,0,0,0,0,0.0,False,0,0,0,0,0,0,0.0,False,0,0,0.0,0,0,0,False,0,0,0.0,0
2993,oz_SlotDerivation,,data/safe_contracts/openzeppelin-contracts/contracts/utils/SlotDerivation.sol,,openzeppelin,False,False,False,False,False,False,False,False,False,False,False,False,False,False,True,False,False,False,False,False,False,False,True,False,False,0,0,21,10,0,0,0,1,0,144,1,1,1.0,0,67,0.4652777777777778,0,0,0,0,11,10,0,0,0,3,2,0.0,0.0,21.0,126.0,True,simple,0,,,70,60,0,13,0.8571428571428571,False,1,10,10,21,0,0,0.0,False,0,10,2.1,4,0,0,False,0,18,0.0,10
2994,oz_Panic,,data/safe_contracts/openzeppelin-contracts/contracts/utils/Panic.sol,,openzeppelin,False,False,False,False,False,False,False,False,False,False,False,False,False,False,True,False,False,False,False,False,False,False,True,False,False,0,0,4,2,0,10,0,1,0,54,1,1,1.0,0,34,0.6296296296296297,0,0,0,0,3,1,0,0,0,3,2,0.0,0.0,4.0,4.933333333333334,False,simple,0,,,16,14,0,9,0.875,False,0,2,2,2,0,0,0.0,False,0,2,1.0,3,10,0,False,0,1,0.0,1
2995,oz_ShortStrings,,data/safe_contracts/openzeppelin-contracts/contracts/utils/ShortStrings.sol,,openzeppelin,False,False,False,False,False,False,False,False,False,False,False,False,False,False,True,False,False,False,False,False,False,False,True,False,False,0,0,29,7,7,1,0,3,0,111,2,1,2.0,0,58,0.5225225225225225,0,1,0,0,13,16,0,0,0,4,2,0.0,0.0,29.0,175.45,True,simple,0,,,34,29,0,7,0.8529411764705882,False,9,14,7,7,0,7,0.5,False,0,7,1.0,4,1,6,True,0,9,0.0,6
2996,oz_ReentrancyGuard,,data/safe_contracts/openzeppelin-contracts/contracts/utils/ReentrancyGuard.sol,,openzeppelin,False,False,False,False,False,False,False,False,False,False,False,False,False,False,True,False,False,False,False,False,False,False,True,False,False,0,0,26,7,4,3,2,3,0,103,2,1,1.2857142857142858,0,63,0.6116504854368932,0,4,0,0,12,14,0,0,0,3,2,0.0,0.0,26.0,188.93333333333334,True,simple,0,,,18,12,0,2,0.6666666666666666,False,2,9,7,7,0,4,0.36363636363636365,False,0,7,1.0,3,3,0,True,0,0,0.0,0
2997,oz_CAIP10,,data/safe_contracts/openzeppelin-contracts/contracts/utils/CAIP10.sol,,openzeppelin,False,False,False,False,False,False,False,False,False,False,False,False,False,False,False,False,False,False,False,False,False,False,False,False,False,0,0,0,0,0,0,0,0,0,0,1,0,0.0,0,0,0.0,0,0,0,0,0,0,0,0,0,0,0,0.0,0.0,0.0,0.0,False,simple,0,COMPILATION_ERROR,Compilation error: unresolved reference to identifier mcopy,0,0,0,0,0.0,False,0,0,0,0,0,0,0.0,False,0,0,0.0,0,0,0,False,0,0,0.0,0
2998,oz_Base58,,data/safe_contracts/openzeppelin-contracts/contracts/utils/Base58.sol,,openzeppelin,False,False,False,False,False,False,False,False,False,False,False,False,False,False,True,False,False,False,False,False,False,False,True,False,False,0,0,8,4,0,0,0,25,0,211,1,1,12.25,2,79,0.3744075829383886,0,0,0,0,4,4,0,0,0,3,2,0.0,0.0,8.0,18.133333333333333,False,moderate,1,,,145,156,15,45,1.0758620689655172,True,4,49,4,12,0,0,0.0,False,0,4,3.0,7,0,0,False,0,4,0.0,4
2999,oz_Errors,,data/safe_contracts/openzeppelin-contracts/contracts/utils/Errors.sol,,openzeppelin,False,False,False,False,False,False,False,False,False,False,False,False,False,False,False,False,False,False,False,False,False,False,True,False,False,0,0,2,0,0,0,0,0,0,29,1,1,0.0,0,22,0.7586206896551724,0,0,0,0,2,0,0,0,0,1,1,0.0,0.0,2.0,4.0,False,simple,0,,,0,0,0,0,0.0,False,0,0,0,0,0,0,0.0,False,0,0,0.0,0,0,0,False,0,0,0.0,0
3000,oz_Blockhash,,data/safe_contracts/openzeppelin-contracts/contracts/utils/Blockhash.sol,,openzeppelin,False,False,False,False,False,False,False,False,False,False,False,False,False,False,True,False,False,False,False,False,False,False,True,False,False,0,0,5,3,0,1,0,2,0,46,1,1,1.3333333333333333,0,26,0.5652173913043478,0,0,0,0,3,2,0,0,0,3,2,0.0,0.0,5.0,7.333333333333334,False,simple,0,,,15,12,0,6,0.8,False,2,4,3,7,0,0,0.0,False,0,3,2.3333333333333335,7,1,0,True,0,2,0.0,2
3001,oz_Packing,,data/safe_contracts/openzeppelin-contracts/contracts/utils/Packing.sol,,openzeppelin,False,False,False,False,False,False,False,False,False,False,False,False,False,False,True,False,False,False,False,False,False,False,True,False,False,0,0,638,212,0,0,0,3,0,1442,1,1,1.7358490566037736,0,32,0.022191400832177532,0,0,0,0,426,212,0,0,0,4,2,0.0,0.0,638.0,91616.8,True,complex,2,,,1350,1216,0,5,0.9007407407407407,False,0,368,212,156,0,0,0.0,False,0,212,0.7358490566037735,57,0,0,False,0,502,0.0,212
3002,oz_RLP,,data/safe_contracts/openzeppelin-contracts/contracts/utils/RLP.sol,,openzeppelin,False,False,False,False,False,False,False,False,False,False,False,False,False,False,False,False,False,False,False,False,False,False,False,False,False,0,0,0,0,0,0,0,0,0,0,1,0,0.0,0,0,0.0,0,0,0,0,0,0,0,0,0,0,0,0.0,0.0,0.0,0.0,False,simple,0,COMPILATION_ERROR,Compilation error: unresolved reference to identifier mcopy,0,0,0,0,0.0,False,0,0,0,0,0,0,0.0,False,0,0,0.0,0,0,0,False,0,0,0.0,0
3003,oz_Bytes,,data/safe_contracts/openzeppelin-contracts/contracts/utils/Bytes.sol,,openzeppelin,False,False,False,False,False,False,False,False,False,False,False,False,False,False,False,False,False,False,False,False,False,False,False,False,False,0,0,0,0,0,0,0,0,0,0,1,0,0.0,0,0,0.0,0,0,0,0,0,0,0,0,0,0,0,0.0,0.0,0.0,0.0,False,simple,0,COMPILATION_ERROR,Compilation error: unresolved reference to identifier mcopy,0,0,0,0,0.0,False,0,0,0,0,0,0,0.0,False,0,0,0.0,0,0,0,False,0,0,0.0,0
3004,oz_Multicall,,data/safe_contracts/openzeppelin-contracts/contracts/utils/Multicall.sol,,openzeppelin,False,False,False,False,False,False,False,False,False,False,False,False,False,False,True,False,False,False,False,False,False,False,True,False,False,0,0,32,1,4,0,0,6,0,33,5,1,6.0,0,18,0.5454545454545454,0,1,1,0,16,16,0,0,0,3,2,0.0,0.0,32.0,290.1333333333333,True,simple,0,,,13,14,1,9,1.0769230769230769,False,1,6,1,2,1,4,0.6666666666666666,False,1,0,2.0,2,0,1,False,1,1,1.0,1
3005,oz_LowLevelCall,,data/safe_contracts/openzeppelin-contracts/contracts/utils/LowLevelCall.sol,,openzeppelin,False,False,False,False,False,False,False,False,False,False,False,False,False,False,True,False,False,False,False,False,False,False,True,False,False,0,0,24,12,0,0,0,1,0,114,1,1,1.0,0,31,0.2719298245614035,0,0,0,0,12,12,0,0,0,3,2,0.0,0.0,24.0,163.2,True,moderate,1,,,56,44,0,6,0.7857142857142857,False,2,12,12,31,0,0,0.0,True,0,12,2.5833333333333335,9,0,0,False,0,19,0.0,9
3006,oz_ReentrancyGuardTransient,,data/safe_contracts/openzeppelin-contracts/contracts/utils/ReentrancyGuardTransient.sol,,openzeppelin,False,False,False,False,False,False,False,False,False,False,False,False,False,False,False,False,False,False,False,False,False,False,False,False,False,0,0,0,0,0,0,0,0,0,0,1,0,0.0,0,0,0.0,0,0,0,0,0,0,0,0,0,0,0,0.0,0.0,0.0,0.0,False,simple,0,COMPILATION_ERROR,Compilation error: unresolved reference to identifier tload,0,0,0,0,0.0,False,0,0,0,0,0,0,0.0,False,0,0,0.0,0,0,0,False,0,0,0.0,0
3007,oz_Address,,data/safe_contracts/openzeppelin-contracts/contracts/utils/Address.sol,,openzeppelin,False,False,False,False,False,False,False,False,False,False,False,False,False,False,True,False,False,False,False,False,False,False,True,False,False,0,0,33,7,28,0,0,9,0,157,3,1,6.142857142857143,0,73,0.46496815286624205,0,17,0,0,14,19,0,0,0,3,2,0.0,0.0,33.0,300.29999999999995,True,moderate,1,,,71,76,0,8,1.0704225352112675,False,7,43,7,19,0,28,0.5957446808510638,False,0,7,2.7142857142857144,5,0,6,False,26,16,0.23076923076923078,7
3008,oz_Calldata,,data/safe_contracts/openzeppelin-contracts/contracts/utils/Calldata.sol,,openzeppelin,False,False,False,False,False,False,False,False,False,False,False,False,False,False,True,False,False,False,False,False,False,False,True,False,False,0,0,6,2,0,0,0,1,0,22,1,1,1.0,0,7,0.3181818181818182,0,0,0,0,4,2,0,0,0,3,2,0.0,0.0,6.0,10.8,False,simple,0,,,10,8,0,4,0.8,False,0,2,2,0,0,0,0.0,False,0,2,0.0,2,0,0,False,0,0,0.0,0
3009,oz_Memory,,data/safe_contracts/openzeppelin-contracts/contracts/utils/Memory.sol,,openzeppelin,False,False,False,False,False,False,False,False,False,False,False,False,False,False,False,False,False,False,False,False,False,False,False,False,False,0,0,0,0,0,0,0,0,0,0,1,0,0.0,0,0,0.0,0,0,0,0,0,0,0,0,0,0,0,0.0,0.0,0.0,0.0,False,simple,0,COMPILATION_ERROR,Compilation error: unresolved reference to identifier mcopy,0,0,0,0,0.0,False,0,0,0,0,0,0,0.0,False,0,0,0.0,0,0,0,False,0,0,0.0,0
3010,oz_Clones,,data/safe_contracts/openzeppelin-contracts/contracts/proxy/Clones.sol,,openzeppelin,False,False,False,False,False,False,False,False,False,False,False,False,False,False,True,False,False,False,False,False,False,False,True,False,False,0,0,53,14,10,0,0,5,0,277,4,1,2.0,0,140,0.5054151624548736,0,2,0,0,22,31,0,0,0,4,2,0.0,0.0,53.0,579.025,True,moderate,1,,,76,69,0,11,0.9078947368421053,False,10,28,14,33,0,10,0.23255813953488372,True,0,14,2.357142857142857,13,0,7,False,0,35,0.0,14
3011,oz_Proxy,,data/safe_contracts/openzeppelin-contracts/contracts/proxy/Proxy.sol,,openzeppelin,False,False,False,False,False,False,False,False,False,False,False,False,False,False,True,True,False,False,False,False,False,False,True,False,False,0,1,4,4,0,0,0,3,0,61,1,1,1.5,0,37,0.6065573770491803,1,0,0,0,5,0,0,1,0,4,2,0.0,0.0,9.0,11.25,False,simple,0,,,17,15,0,11,0.8823529411764706,False,0,5,4,11,3,0,0.0,False,1,3,2.75,9,0,0,False,0,1,0.0,1
3012,oz_VestingWallet,,data/safe_contracts/openzeppelin-contracts/contracts/finance/VestingWallet.sol,,openzeppelin,False,False,True,False,False,False,False,False,False,False,False,False,False,False,True,False,False,False,False,False,False,False,True,True,False,0,0,56,14,3,4,0,3,0,142,10,1,1.1428571428571428,0,75,0.528169014084507,2,2,2,0,27,29,0,0,0,5,3,0.0,0.0,56.0,529.76,True,moderate,1,,,39,25,0,4,0.6410256410256411,False,12,16,14,19,4,3,0.13636363636363635,True,13,1,1.3571428571428572,6,4,3,True,2,11,1.5,7
3013,oz_VestingWalletCliff,,data/safe_contracts/openzeppelin-contracts/contracts/finance/VestingWalletCliff.sol,,openzeppelin,False,False,True,False,False,False,False,False,False,False,False,False,False,False,True,False,False,False,False,False,False,False,True,True,False,0,0,125,14,3,4,0,3,0,46,12,1,1.1428571428571428,0,23,0.5,2,2,2,0,30,95,0,0,0,5,3,0.0,0.0,125.0,2412.5,True,moderate,1,,,39,25,0,4,0.6410256410256411,False,12,16,14,19,4,3,0.13636363636363635,True,13,1,1.3571428571428572,6,4,3,True,2,11,1.5,7
3014,oz_IAccessControlEnumerable,,data/safe_contracts/openzeppelin-contracts/contracts/access/extensions/IAccessControlEnumerable.sol,,openzeppelin,False,False,False,False,False,False,False,False,False,False,False,False,False,False,False,False,False,False,False,False,False,False,True,False,False,0,0,3,5,0,0,0,1,0,27,2,1,1.0,0,21,0.7777777777777778,0,0,0,0,3,0,0,0,0,1,1,0.0,0.0,3.0,9.0,False,simple,0,,,0,0,0,0,0.0,False,0,0,5,0,0,0,0.0,False,5,0,0.0,5,0,0,False,0,9,0.0,5
3015,oz_IAccessControlDefaultAdminRules,,data/safe_contracts/openzeppelin-contracts/contracts/access/extensions/IAccessControlDefaultAdminRules.sol,,openzeppelin,False,False,False,False,False,False,False,False,False,False,False,False,False,False,False,False,False,False,False,False,False,False,True,False,False,0,0,3,5,0,0,0,1,0,173,2,1,1.0,0,152,0.8786127167630058,0,0,0,0,3,0,0,0,0,1,1,0.0,0.0,3.0,9.0,False,simple,0,,,0,0,0,0,0.0,False,0,0,5,0,0,0,0.0,False,5,0,0.0,5,0,0,False,0,9,0.0,5
3016,oz_AccessControlEnumerable,,data/safe_contracts/openzeppelin-contracts/contracts/access/extensions/AccessControlEnumerable.sol,,openzeppelin,False,False,False,False,False,False,False,False,False,False,False,False,False,False,False,False,False,False,False,False,False,False,False,False,False,0,0,0,0,0,0,0,0,0,0,1,0,0.0,0,0,0.0,0,0,0,0,0,0,0,0,0,0,0,0.0,0.0,0.0,0.0,False,simple,0,COMPILATION_ERROR,Compilation error: unresolved reference to identifier mcopy,0,0,0,0,0.0,False,0,0,0,0,0,0,0.0,False,0,0,0.0,0,0,0,False,0,0,0.0,0
3017,oz_AccessControlDefaultAdminRules,,data/safe_contracts/openzeppelin-contracts/contracts/access/extensions/AccessControlDefaultAdminRules.sol,,openzeppelin,False,False,True,False,False,False,False,False,False,False,False,False,False,False,True,False,False,False,False,False,False,False,True,True,False,1,9,137,12,0,2,1,3,0,327,11,1,1.5,0,161,0.4923547400611621,0,0,2,0,25,122,0,10,0,8,3,0.0,0.0,192.0,2649.6,True,moderate,1,,,42,32,0,4,0.7619047619047619,False,7,18,12,20,2,0,0.0,True,6,6,1.6666666666666667,8,2,3,True,0,19,0.0,11
3018,oz_AccessManaged,,data/safe_contracts/openzeppelin-contracts/contracts/access/manager/AccessManaged.sol,,openzeppelin,False,False,False,False,False,True,False,False,False,False,False,False,False,False,True,False,False,False,False,False,False,False,True,True,False,0,0,14,6,2,2,1,5,0,101,6,1,2.5,0,48,0.4752475247524752,0,1,1,0,9,5,0,0,0,5,3,0.0,0.0,14.0,35.0,True,simple,0,,,32,30,0,8,0.9375,False,3,15,6,9,1,2,0.18181818181818182,False,3,3,1.5,7,2,2,True,2,5,1.0,4
3019,oz_AccessManager,,data/safe_contracts/openzeppelin-contracts/contracts/access/manager/AccessManager.sol,,openzeppelin,False,False,True,False,False,False,False,False,False,False,False,False,True,False,True,False,False,False,False,False,False,True,True,True,False,1,12,153,49,21,6,1,9,0,633,13,1,2.4693877551020407,0,236,0.37282780410742494,1,16,1,0,38,128,0,13,0,10,5,0.0,0.0,223.0,2845.4799999999996,True,critical,3,,,297,271,1,17,0.9124579124579124,False,42,121,49,94,4,21,0.1826086956521739,False,30,19,1.9183673469387754,32,6,23,True,2,87,11.5,45
3020,oz_IAccessManager,,data/safe_contracts/openzeppelin-contracts/contracts/access/manager/IAccessManager.sol,,openzeppelin,False,False,False,False,False,False,False,False,False,False,False,False,False,False,False,False,False,False,False,False,False,False,True,False,False,0,0,2,29,0,0,0,1,0,360,1,1,1.0,0,287,0.7972222222222223,1,0,0,0,2,0,0,0,0,1,1,0.0,0.0,2.0,4.0,False,moderate,1,,,0,0,0,0,0.0,False,0,0,29,0,0,0,0.0,False,29,0,0.0,29,0,0,False,0,53,0.0,27
3021,oz_AuthorityUtils,,data/safe_contracts/openzeppelin-contracts/contracts/access/manager/AuthorityUtils.sol,,openzeppelin,False,False,False,False,False,False,False,False,False,False,False,False,False,False,True,False,False,False,False,False,False,False,True,True,False,0,0,6,1,1,0,0,3,0,30,2,1,3.0,0,9,0.3,0,0,0,0,5,1,0,0,0,4,2,0.0,0.0,6.0,8.55,False,simple,0,,,11,11,0,8,1.0,False,0,3,1,5,0,1,0.16666666666666666,False,0,1,5.0,5,0,1,False,1,4,1.0,1
3022,oz_IAccessManaged,,data/safe_contracts/openzeppelin-contracts/contracts/access/manager/IAccessManaged.sol,,openzeppelin,False,False,False,False,False,False,False,False,False,False,False,False,False,False,False,False,False,False,False,False,False,False,True,False,False,0,0,2,3,0,0,0,1,0,26,1,1,1.0,0,16,0.6153846153846154,0,0,0,0,2,0,0,0,0,1,1,0.0,0.0,2.0,4.0,False,simple,0,,,0,0,0,0,0.0,False,0,0,3,0,0,0,0.0,False,3,0,0.0,3,0,0,False,0,1,0.0,1
3023,oz_IAuthority,,data/safe_contracts/openzeppelin-contracts/contracts/access/manager/IAuthority.sol,,openzeppelin,False,False,False,False,False,False,False,False,False,False,False,False,False,False,False,False,False,False,False,False,False,False,True,False,False,0,0,2,1,0,0,0,1,0,12,1,1,1.0,0,8,0.6666666666666666,0,0,0,0,2,0,0,0,0,1,1,0.0,0.0,2.0,4.0,False,simple,0,,,0,0,0,0,0.0,False,0,0,1,0,0,0,0.0,False,1,0,0.0,1,0,0,False,0,3,0.0,1
3024,oz_GovernorProposalGuardianMock,,data/safe_contracts/openzeppelin-contracts/contracts/mocks/governance/GovernorProposalGuardianMock.sol,,openzeppelin,False,False,False,False,False,False,False,False,False,False,False,False,False,False,False,False,False,False,False,False,False,False,False,False,False,0,0,0,0,0,0,0,0,0,0,1,0,0.0,0,0,0.0,0,0,0,0,0,0,0,0,0,0,0,0.0,0.0,0.0,0.0,False,simple,0,COMPILATION_ERROR,Compilation error: unresolved reference to identifier mcopy,0,0,0,0,0.0,False,0,0,0,0,0,0,0.0,False,0,0,0.0,0,0,0,False,0,0,0.0,0
3025,oz_GovernorPreventLateQuorumMock,,data/safe_contracts/openzeppelin-contracts/contracts/mocks/governance/GovernorPreventLateQuorumMock.sol,,openzeppelin,False,False,False,False,False,False,False,False,False,False,False,False,False,False,False,False,False,False,False,False,False,False,False,False,False,0,0,0,0,0,0,0,0,0,0,1,0,0.0,0,0,0.0,0,0,0,0,0,0,0,0,0,0,0,0.0,0.0,0.0,0.0,False,simple,0,COMPILATION_ERROR,Compilation error: unresolved reference to identifier mcopy,0,0,0,0,0.0,False,0,0,0,0,0,0,0.0,False,0,0,0.0,0,0,0,False,0,0,0.0,0
3026,oz_GovernorTimelockAccessMock,,data/safe_contracts/openzeppelin-contracts/contracts/mocks/governance/GovernorTimelockAccessMock.sol,,openzeppelin,False,False,False,False,False,False,False,False,False,False,False,False,False,False,False,False,False,False,False,False,False,False,False,False,False,0,0,0,0,0,0,0,0,0,0,1,0,0.0,0,0,0.0,0,0,0,0,0,0,0,0,0,0,0,0.0,0.0,0.0,0.0,False,simple,0,COMPILATION_ERROR,Compilation error: unresolved reference to identifier mcopy,0,0,0,0,0.0,False,0,0,0,0,0,0,0.0,False,0,0,0.0,0,0,0,False,0,0,0.0,0
3027,oz_GovernorCountingOverridableMock,,data/safe_contracts/openzeppelin-contracts/contracts/mocks/governance/GovernorCountingOverridableMock.sol,,openzeppelin,False,False,False,False,False,False,False,False,False,False,False,False,False,False,False,False,False,False,False,False,False,False,False,False,False,0,0,0,0,0,0,0,0,0,0,1,0,0.0,0,0,0.0,0,0,0,0,0,0,0,0,0,0,0,0.0,0.0,0.0,0.0,False,simple,0,COMPILATION_ERROR,Compilation error: unresolved reference to identifier mcopy,0,0,0,0,0.0,False,0,0,0,0,0,0,0.0,False,0,0,0.0,0,0,0,False,0,0,0.0,0
3028,oz_GovernorFractionalMock,,data/safe_contracts/openzeppelin-contracts/contracts/mocks/governance/GovernorFractionalMock.sol,,openzeppelin,False,False,False,False,False,False,False,False,False,False,False,False,False,False,False,False,False,False,False,False,False,False,False,False,False,0,0,0,0,0,0,0,0,0,0,1,0,0.0,0,0,0.0,0,0,0,0,0,0,0,0,0,0,0,0.0,0.0,0.0,0.0,False,simple,0,COMPILATION_ERROR,Compilation error: unresolved reference to identifier mcopy,0,0,0,0,0.0,False,0,0,0,0,0,0,0.0,False,0,0,0.0,0,0,0,False,0,0,0.0,0
3029,oz_GovernorVoteMock,,data/safe_contracts/openzeppelin-contracts/contracts/mocks/governance/GovernorVoteMock.sol,,openzeppelin,False,False,False,False,False,False,False,False,False,False,False,False,False,False,False,False,False,False,False,False,False,False,False,False,False,0,0,0,0,0,0,0,0,0,0,1,0,0.0,0,0,0.0,0,0,0,0,0,0,0,0,0,0,0,0.0,0.0,0.0,0.0,False,simple,0,COMPILATION_ERROR,Compilation error: unresolved reference to identifier mcopy,0,0,0,0,0.0,False,0,0,0,0,0,0,0.0,False,0,0,0.0,0,0,0,False,0,0,0.0,0
3030,oz_GovernorWithParamsMock,,data/safe_contracts/openzeppelin-contracts/contracts/mocks/governance/GovernorWithParamsMock.sol,,openzeppelin,False,False,False,False,False,False,False,False,False,False,False,False,False,False,False,False,False,False,False,False,False,False,False,False,False,0,0,0,0,0,0,0,0,0,0,1,0,0.0,0,0,0.0,0,0,0,0,0,0,0,0,0,0,0,0.0,0.0,0.0,0.0,False,simple,0,COMPILATION_ERROR,Compilation error: unresolved reference to identifier mcopy,0,0,0,0,0.0,False,0,0,0,0,0,0,0.0,False,0,0,0.0,0,0,0,False,0,0,0.0,0
3031,oz_GovernorMock,,data/safe_contracts/openzeppelin-contracts/contracts/mocks/governance/GovernorMock.sol,,openzeppelin,False,False,False,False,False,False,False,False,False,False,False,False,False,False,False,False,False,False,False,False,False,False,False,False,False,0,0,0,0,0,0,0,0,0,0,1,0,0.0,0,0,0.0,0,0,0,0,0,0,0,0,0,0,0,0.0,0.0,0.0,0.0,False,simple,0,COMPILATION_ERROR,Compilation error: unresolved reference to identifier mcopy,0,0,0,0,0.0,False,0,0,0,0,0,0,0.0,False,0,0,0.0,0,0,0,False,0,0,0.0,0
3032,oz_GovernorSequentialProposalIdMock,,data/safe_contracts/openzeppelin-contracts/contracts/mocks/governance/GovernorSequentialProposalIdMock.sol,,openzeppelin,False,False,False,False,False,False,False,False,False,False,False,False,False,False,False,False,False,False,False,False,False,False,False,False,False,0,0,0,0,0,0,0,0,0,0,1,0,0.0,0,0,0.0,0,0,0,0,0,0,0,0,0,0,0,0.0,0.0,0.0,0.0,False,simple,0,COMPILATION_ERROR,Compilation error: unresolved reference to identifier mcopy,0,0,0,0,0.0,False,0,0,0,0,0,0,0.0,False,0,0,0.0,0,0,0,False,0,0,0.0,0
3033,oz_GovernorSuperQuorumMock,,data/safe_contracts/openzeppelin-contracts/contracts/mocks/governance/GovernorSuperQuorumMock.sol,,openzeppelin,False,False,False,False,False,False,False,False,False,False,False,False,False,False,False,False,False,False,False,False,False,False,False,False,False,0,0,0,0,0,0,0,0,0,0,1,0,0.0,0,0,0.0,0,0,0,0,0,0,0,0,0,0,0,0.0,0.0,0.0,0.0,False,simple,0,COMPILATION_ERROR,Compilation error: unresolved reference to identifier mcopy,0,0,0,0,0.0,False,0,0,0,0,0,0,0.0,False,0,0,0.0,0,0,0,False,0,0,0.0,0
3034,oz_GovernorStorageMock,,data/safe_contracts/openzeppelin-contracts/contracts/mocks/governance/GovernorStorageMock.sol,,openzeppelin,False,False,False,False,False,False,False,False,False,False,False,False,False,False,False,False,False,False,False,False,False,False,False,False,False,0,0,0,0,0,0,0,0,0,0,1,0,0.0,0,0,0.0,0,0,0,0,0,0,0,0,0,0,0,0.0,0.0,0.0,0.0,False,simple,0,COMPILATION_ERROR,Compilation error: unresolved reference to identifier mcopy,0,0,0,0,0.0,False,0,0,0,0,0,0,0.0,False,0,0,0.0,0,0,0,False,0,0,0.0,0
3035,oz_GovernorNoncesKeyedMock,,data/safe_contracts/openzeppelin-contracts/contracts/mocks/governance/GovernorNoncesKeyedMock.sol,,openzeppelin,False,False,False,False,False,False,False,False,False,False,False,False,False,False,False,False,False,False,False,False,False,False,False,False,False,0,0,0,0,0,0,0,0,0,0,1,0,0.0,0,0,0.0,0,0,0,0,0,0,0,0,0,0,0,0.0,0.0,0.0,0.0,False,simple,0,COMPILATION_ERROR,Compilation error: unresolved reference to identifier mcopy,0,0,0,0,0.0,False,0,0,0,0,0,0,0.0,False,0,0,0.0,0,0,0,False,0,0,0.0,0
3036,oz_GovernorTimelockControlMock,,data/safe_contracts/openzeppelin-contracts/contracts/mocks/governance/GovernorTimelockControlMock.sol,,openzeppelin,False,False,False,False,False,False,False,False,False,False,False,False,False,False,False,False,False,False,False,False,False,False,False,False,False,0,0,0,0,0,0,0,0,0,0,1,0,0.0,0,0,0.0,0,0,0,0,0,0,0,0,0,0,0,0.0,0.0,0.0,0.0,False,simple,0,COMPILATION_ERROR,Compilation error: unresolved reference to identifier mcopy,0,0,0,0,0.0,False,0,0,0,0,0,0,0.0,False,0,0,0.0,0,0,0,False,0,0,0.0,0
3037,oz_GovernorTimelockCompoundMock,,data/safe_contracts/openzeppelin-contracts/contracts/mocks/governance/GovernorTimelockCompoundMock.sol,,openzeppelin,False,False,False,False,False,False,False,False,False,False,False,False,False,False,False,False,False,False,False,False,False,False,False,False,False,0,0,0,0,0,0,0,0,0,0,1,0,0.0,0,0,0.0,0,0,0,0,0,0,0,0,0,0,0,0.0,0.0,0.0,0.0,False,simple,0,COMPILATION_ERROR,Compilation error: unresolved reference to identifier mcopy,0,0,0,0,0.0,False,0,0,0,0,0,0,0.0,False,0,0,0.0,0,0,0,False,0,0,0.0,0
3038,oz_GovernorVotesSuperQuorumFractionMock,,data/safe_contracts/openzeppelin-contracts/contracts/mocks/governance/GovernorVotesSuperQuorumFractionMock.sol,,openzeppelin,False,False,False,False,False,False,False,False,False,False,False,False,False,False,False,False,False,False,False,False,False,False,False,False,False,0,0,0,0,0,0,0,0,0,0,1,0,0.0,0,0,0.0,0,0,0,0,0,0,0,0,0,0,0,0.0,0.0,0.0,0.0,False,simple,0,COMPILATION_ERROR,Compilation error: unresolved reference to identifier mcopy,0,0,0,0,0.0,False,0,0,0,0,0,0,0.0,False,0,0,0.0,0,0,0,False,0,0,0.0,0
3039,oz_AccountMock,,data/safe_contracts/openzeppelin-contracts/contracts/mocks/account/AccountMock.sol,,openzeppelin,False,False,False,False,False,False,False,False,False,False,False,False,False,False,False,False,False,False,False,False,False,False,False,False,False,0,0,0,0,0,0,0,0,0,0,1,0,0.0,0,0,0.0,0,0,0,0,0,0,0,0,0,0,0,0.0,0.0,0.0,0.0,False,simple,0,COMPILATION_ERROR,Compilation error: unresolved reference to identifier mcopy,0,0,0,0,0.0,False,0,0,0,0,0,0,0.0,False,0,0,0.0,0,0,0,False,0,0,0.0,0
3040,oz_ERC7786GatewayMock,,data/safe_contracts/openzeppelin-contracts/contracts/mocks/crosschain/ERC7786GatewayMock.sol,,openzeppelin,False,False,False,False,False,False,False,False,False,False,False,False,False,False,False,False,False,False,False,False,False,False,False,False,False,0,0,0,0,0,0,0,0,0,0,1,0,0.0,0,0,0.0,0,0,0,0,0,0,0,0,0,0,0,0.0,0.0,0.0,0.0,False,simple,0,COMPILATION_ERROR,Compilation error: unresolved reference to identifier mcopy,0,0,0,0,0.0,False,0,0,0,0,0,0,0.0,False,0,0,0.0,0,0,0,False,0,0,0.0,0
3041,oz_ERC7786RecipientMock,,data/safe_contracts/openzeppelin-contracts/contracts/mocks/crosschain/ERC7786RecipientMock.sol,,openzeppelin,False,False,False,False,False,False,False,False,False,False,False,False,False,False,False,True,False,False,False,False,False,False,True,True,False,0,1,9,3,2,1,0,5,0,24,5,1,2.3333333333333335,0,2,0.08333333333333333,1,2,1,0,7,3,0,1,0,5,2,0.0,0.0,14.0,25.480000000000004,False,simple,0,,,10,11,0,7,1.1,False,1,5,3,4,1,2,0.3333333333333333,False,1,2,1.3333333333333333,4,1,1,False,2,9,0.5,3
3042,oz_ERC1363NoReturnMock,,data/safe_contracts/openzeppelin-contracts/contracts/mocks/token/ERC1363NoReturnMock.sol,,openzeppelin,False,False,False,False,False,False,False,False,False,False,False,False,False,False,True,False,False,False,False,False,False,False,True,True,False,0,0,26,3,0,0,0,1,0,28,15,1,1.0,0,1,0.03571428571428571,0,0,3,0,22,4,0,0,0,4,2,0.0,0.0,26.0,161.2,True,simple,0,,,15,12,0,4,0.8,False,0,3,3,6,1,0,0.0,True,3,0,2.0,1,0,0,False,0,10,0.0,3
3043,oz_ERC20ApprovalMock,,data/safe_contracts/openzeppelin-contracts/contracts/mocks/token/ERC20ApprovalMock.sol,,openzeppelin,False,False,False,False,False,False,False,False,False,False,False,False,False,False,False,False,False,False,False,False,False,False,True,True,False,0,0,12,1,0,0,0,1,0,8,8,1,1.0,0,1,0.125,0,0,2,0,8,4,0,0,0,3,1,0.0,0.0,12.0,43.2,False,simple,0,,,2,1,0,1,0.5,False,0,1,1,1,0,0,0.0,True,0,1,1.0,0,0,0,False,0,4,0.0,1
3044,oz_ERC20ExcessDecimalsMock,,data/safe_contracts/openzeppelin-contracts/contracts/mocks/token/ERC20ExcessDecimalsMock.sol,,openzeppelin,False,False,False,False,False,False,False,False,False,False,False,False,False,False,False,False,False,False,False,False,False,False,True,False,False,0,0,2,1,0,0,0,1,0,7,1,1,1.0,0,1,0.14285714285714285,0,0,0,0,2,0,0,0,0,1,1,0.0,0.0,2.0,4.0,False,simple,0,,,2,1,0,1,0.5,False,1,1,1,0,0,0,0.0,False,1,0,0.0,1,0,0,False,0,0,0.0,0
3045,oz_ERC1155ReceiverMock,,data/safe_contracts/openzeppelin-contracts/contracts/mocks/token/ERC1155ReceiverMock.sol,,openzeppelin,False,False,False,False,False,False,False,False,False,False,False,False,False,False,False,False,False,False,False,False,False,False,True,True,False,0,0,8,3,0,3,0,9,0,64,4,1,6.333333333333333,0,1,0.015625,0,0,2,0,8,0,0,0,0,3,1,0.0,0.0,8.0,21.333333333333332,False,simple,0,,,36,41,0,6,1.1388888888888888,False,2,19,3,8,1,0,0.0,False,3,0,2.6666666666666665,5,3,1,True,0,13,0.0,3
3046,oz_ERC20VotesAdditionalCheckpointsMock,,data/safe_contracts/openzeppelin-contracts/contracts/mocks/token/ERC20VotesAdditionalCheckpointsMock.sol,,openzeppelin,False,False,False,False,False,False,False,False,False,False,False,False,False,False,False,False,False,False,False,False,False,False,False,False,False,0,0,0,0,0,0,0,0,0,0,1,0,0.0,0,0,0.0,0,0,0,0,0,0,0,0,0,0,0,0.0,0.0,0.0,0.0,False,simple,0,COMPILATION_ERROR,Compilation error: unresolved reference to identifier mcopy,0,0,0,0,0.0,False,0,0,0,0,0,0,0.0,False,0,0,0.0,0,0,0,False,0,0,0.0,0
3047,oz_ERC20MulticallMock,,data/safe_contracts/openzeppelin-contracts/contracts/mocks/token/ERC20MulticallMock.sol,,openzeppelin,False,False,False,False,False,False,False,False,False,False,False,False,False,False,True,False,False,False,False,False,False,False,True,True,False,0,0,40,0,0,0,0,0,0,5,12,1,0.0,0,1,0.2,0,0,2,0,22,18,0,0,0,4,2,0.0,0.0,40.0,346.0,True,simple,0,,,0,0,0,0,0.0,False,0,0,0,0,0,0,0.0,False,0,0,0.0,0,0,0,False,0,0,0.0,0
3048,oz_ERC20VotesLegacyMock,,data/safe_contracts/openzeppelin-contracts/contracts/mocks/token/ERC20VotesLegacyMock.sol,,openzeppelin,False,False,False,False,False,False,False,False,False,False,False,False,False,False,False,False,False,False,False,False,False,False,False,False,False,0,0,0,0,0,0,0,0,0,0,1,0,0.0,0,0,0.0,0,0,0,0,0,0,0,0,0,0,0,0.0,0.0,0.0,0.0,False,simple,0,COMPILATION_ERROR,Compilation error: unresolved reference to identifier mcopy,0,0,0,0,0.0,False,0,0,0,0,0,0,0.0,False,0,0,0.0,0,0,0,False,0,0,0.0,0
3049,oz_ERC20ForceApproveMock,,data/safe_contracts/openzeppelin-contracts/contracts/mocks/token/ERC20ForceApproveMock.sol,,openzeppelin,False,False,False,False,False,False,False,False,False,False,False,False,False,False,False,False,False,False,False,False,False,False,True,True,False,0,0,12,1,0,0,0,1,0,10,8,1,1.0,0,2,0.2,0,0,2,0,8,4,0,0,0,3,1,0.0,0.0,12.0,43.2,False,simple,0,,,3,2,0,2,0.6666666666666666,False,1,1,1,3,1,0,0.0,True,1,0,3.0,2,0,0,False,0,2,0.0,1
3050,oz_ERC721ConsecutiveMock,,data/safe_contracts/openzeppelin-contracts/contracts/mocks/token/ERC721ConsecutiveMock.sol,,openzeppelin,False,False,False,False,False,False,False,False,False,False,False,False,False,False,False,False,False,False,False,False,False,False,False,False,False,0,0,0,0,0,0,0,0,0,0,1,0,0.0,0,0,0.0,0,0,0,0,0,0,0,0,0,0,0,0.0,0.0,0.0,0.0,False,simple,0,COMPILATION_ERROR,Compilation error: unresolved reference to identifier mcopy,0,0,0,0,0.0,False,0,0,0,0,0,0,0.0,False,0,0,0.0,0,0,0,False,0,0,0.0,0
3051,oz_ERC20NoReturnMock,,data/safe_contracts/openzeppelin-contracts/contracts/mocks/token/ERC20NoReturnMock.sol,,openzeppelin,False,False,False,False,False,False,False,False,False,False,False,False,False,False,True,False,False,False,False,False,False,False,True,True,False,0,0,15,3,0,0,0,1,0,25,8,1,1.0,0,3,0.12,0,0,2,0,11,4,0,0,0,4,2,0.0,0.0,15.0,51.75,False,simple,0,,,15,12,0,4,0.8,False,0,3,3,6,1,0,0.0,True,3,0,2.0,1,0,0,False,0,7,0.0,3
3052,oz_ERC721URIStorageMock,,data/safe_contracts/openzeppelin-contracts/contracts/mocks/token/ERC721URIStorageMock.sol,,openzeppelin,False,False,False,False,False,False,False,False,False,False,False,False,False,False,False,False,False,False,False,False,False,False,False,False,False,0,0,0,0,0,0,0,0,0,0,1,0,0.0,0,0,0.0,0,0,0,0,0,0,0,0,0,0,0,0.0,0.0,0.0,0.0,False,simple,0,COMPILATION_ERROR,Compilation error: unresolved reference to identifier mcopy,0,0,0,0,0.0,False,0,0,0,0,0,0,0.0,False,0,0,0.0,0,0,0,False,0,0,0.0,0
3053,oz_ERC1363ReturnFalseMock,,data/safe_contracts/openzeppelin-contracts/contracts/mocks/token/ERC1363ReturnFalseMock.sol,,openzeppelin,False,False,False,False,False,False,False,False,False,False,False,False,False,False,True,False,False,False,False,False,False,False,True,True,False,0,0,23,3,0,0,0,1,0,26,16,1,1.0,0,1,0.038461538461538464,0,0,3,0,19,4,0,0,0,4,2,0.0,0.0,23.0,125.35,True,simple,0,,,6,3,0,1,0.5,False,3,3,3,0,0,0,0.0,False,3,0,0.0,3,0,0,False,0,10,0.0,3
3054,oz_ERC20BridgeableMock,,data/safe_contracts/openzeppelin-contracts/contracts/mocks/token/ERC20BridgeableMock.sol,,openzeppelin,False,False,False,False,False,False,False,False,False,False,False,False,False,False,False,False,False,False,False,False,False,False,True,True,False,0,0,16,4,0,1,0,3,0,22,12,1,1.5,0,1,0.045454545454545456,0,0,3,0,13,3,0,0,0,3,1,0.0,0.0,16.0,80.53333333333333,False,simple,0,,,11,8,0,2,0.7272727272727273,False,0,6,4,3,1,0,0.0,False,1,3,0.75,3,1,1,True,0,3,0.0,3
3055,oz_ERC20DecimalsMock,,data/safe_contracts/openzeppelin-contracts/contracts/mocks/token/ERC20DecimalsMock.sol,,openzeppelin,False,False,False,False,False,False,False,False,False,False,False,False,False,False,False,False,False,False,False,False,False,False,True,True,False,0,0,12,2,0,1,0,1,0,12,8,1,1.0,0,1,0.08333333333333333,0,0,2,0,8,4,0,0,0,3,1,0.0,0.0,12.0,43.2,False,simple,0,,,4,2,0,1,0.5,False,1,2,2,0,0,0,0.0,False,1,1,0.0,2,1,1,True,0,1,0.0,1
3056,oz_ERC1363SpenderMock,,data/safe_contracts/openzeppelin-contracts/contracts/mocks/token/ERC1363SpenderMock.sol,,openzeppelin,False,False,False,False,False,False,False,False,False,False,False,False,False,False,False,False,False,False,False,False,False,False,True,True,False,0,0,5,3,0,2,0,9,0,38,2,1,3.6666666666666665,0,1,0.02631578947368421,0,0,1,0,5,0,0,0,0,3,1,0.0,0.0,5.0,8.333333333333334,False,simple,0,,,22,23,0,6,1.0454545454545454,False,1,11,3,3,1,0,0.0,False,3,0,1.0,5,2,1,True,0,5,0.0,2
3057,oz_ERC4626OffsetMock,,data/safe_contracts/openzeppelin-contracts/contracts/mocks/token/ERC4626OffsetMock.sol,,openzeppelin,False,False,False,False,False,False,False,False,False,False,False,False,False,False,False,False,False,False,False,False,False,False,False,False,False,0,0,0,0,0,0,0,0,0,0,1,0,0.0,0,0,0.0,0,0,0,0,0,0,0,0,0,0,0,0.0,0.0,0.0,0.0,False,simple,0,COMPILATION_ERROR,Compilation error: unresolved reference to identifier mcopy,0,0,0,0,0.0,False,0,0,0,0,0,0,0.0,False,0,0,0.0,0,0,0,False,0,0,0.0,0
3058,oz_ERC20Mock,,data/safe_contracts/openzeppelin-contracts/contracts/mocks/token/ERC20Mock.sol,,openzeppelin,False,False,False,False,False,False,False,False,False,False,False,False,False,False,False,False,False,False,False,False,False,False,True,True,False,0,0,10,3,0,0,0,1,0,12,8,1,1.0,0,1,0.08333333333333333,0,0,2,0,8,2,0,0,0,3,1,0.0,0.0,10.0,31.333333333333336,False,simple,0,,,6,3,0,1,0.5,False,0,3,3,3,1,0,0.0,True,3,0,1.0,2,0,0,False,0,4,0.0,2
3059,oz_ERC721ReceiverMock,,data/safe_contracts/openzeppelin-contracts/contracts/mocks/token/ERC721ReceiverMock.sol,,openzeppelin,False,False,False,False,False,False,False,False,False,False,False,False,False,False,False,False,False,False,False,False,False,False,True,True,False,0,0,5,2,0,2,0,9,0,39,2,1,5.0,0,1,0.02564102564102564,0,0,1,0,5,0,0,0,0,3,1,0.0,0.0,5.0,8.333333333333334,False,simple,0,,,19,21,0,6,1.105263157894737,False,1,10,2,4,1,0,0.0,False,2,0,2.0,5,2,1,True,0,6,0.0,2
3060,oz_ERC4646FeesMock,,data/safe_contracts/openzeppelin-contracts/contracts/mocks/token/ERC4646FeesMock.sol,,openzeppelin,False,False,False,False,False,False,False,False,False,False,False,False,False,False,False,False,False,False,False,False,False,False,False,False,False,0,0,0,0,0,0,0,0,0,0,1,0,0.0,0,0,0.0,0,0,0,0,0,0,0,0,0,0,0,0.0,0.0,0.0,0.0,False,simple,0,COMPILATION_ERROR,Compilation error: unresolved reference to identifier mcopy,0,0,0,0,0.0,False,0,0,0,0,0,0,0.0,False,0,0,0.0,0,0,0,False,0,0,0.0,0
3061,oz_ERC4626LimitsMock,,data/safe_contracts/openzeppelin-contracts/contracts/mocks/token/ERC4626LimitsMock.sol,,openzeppelin,False,False,False,False,False,False,False,False,False,False,False,False,False,False,False,False,False,False,False,False,False,False,False,False,False,0,0,0,0,0,0,0,0,0,0,1,0,0.0,0,0,0.0,0,0,0,0,0,0,0,0,0,0,0,0.0,0.0,0.0,0.0,False,simple,0,COMPILATION_ERROR,Compilation error: unresolved reference to identifier mcopy,0,0,0,0,0.0,False,0,0,0,0,0,0,0.0,False,0,0,0.0,0,0,0,False,0,0,0.0,0
3062,oz_ERC1363ForceApproveMock,,data/safe_contracts/openzeppelin-contracts/contracts/mocks/token/ERC1363ForceApproveMock.sol,,openzeppelin,False,False,False,False,False,False,False,False,False,False,False,False,False,False,True,False,False,False,False,False,False,False,True,True,False,0,0,23,1,0,0,0,1,0,10,15,1,1.0,0,2,0.2,0,0,3,0,19,4,0,0,0,4,2,0.0,0.0,23.0,125.35,True,simple,0,,,3,2,0,2,0.6666666666666666,False,1,1,1,3,1,0,0.0,True,1,0,3.0,2,0,0,False,0,3,0.0,1
3063,oz_ERC20VotesTimestampMock,,data/safe_contracts/openzeppelin-contracts/contracts/mocks/token/ERC20VotesTimestampMock.sol,,openzeppelin,False,False,False,False,False,False,False,False,False,False,False,False,False,False,False,False,False,False,False,False,False,False,False,False,False,0,0,0,0,0,0,0,0,0,0,1,0,0.0,0,0,0.0,0,0,0,0,0,0,0,0,0,0,0,0.0,0.0,0.0,0.0,False,simple,0,COMPILATION_ERROR,Compilation error: unresolved reference to identifier mcopy,0,0,0,0,0.0,False,0,0,0,0,0,0,0.0,False,0,0,0.0,0,0,0,False,0,0,0.0,0
3064,oz_ERC20Reentrant,,data/safe_contracts/openzeppelin-contracts/contracts/mocks/token/ERC20Reentrant.sol,,openzeppelin,False,False,False,False,False,False,False,False,False,False,False,False,False,False,True,False,False,False,False,False,False,False,True,True,False,0,0,39,3,1,3,0,5,0,33,11,1,2.3333333333333335,0,1,0.030303030303030304,0,1,2,0,21,18,0,0,0,5,2,0.0,0.0,39.0,262.08,True,simple,0,,,16,15,0,6,0.9375,False,1,7,3,2,0,1,0.3333333333333333,True,2,1,0.6666666666666666,2,3,3,True,1,8,3.0,3
3065,oz_ERC1363ReceiverMock,,data/safe_contracts/openzeppelin-contracts/contracts/mocks/token/ERC1363ReceiverMock.sol,,openzeppelin,False,False,False,False,False,False,False,False,False,False,False,False,False,False,False,False,False,False,False,False,False,False,True,True,False,0,0,5,3,0,2,0,9,0,43,2,1,3.6666666666666665,0,1,0.023255813953488372,0,0,1,0,5,0,0,0,0,3,1,0.0,0.0,5.0,8.333333333333334,False,simple,0,,,22,23,0,6,1.0454545454545454,False,1,11,3,3,1,0,0.0,False,3,0,1.0,5,2,1,True,0,6,0.0,2
3066,oz_ERC4626Mock,,data/safe_contracts/openzeppelin-contracts/contracts/mocks/token/ERC4626Mock.sol,,openzeppelin,False,False,False,False,False,False,False,False,False,False,False,False,False,False,False,False,False,False,False,False,False,False,False,False,False,0,0,0,0,0,0,0,0,0,0,1,0,0.0,0,0,0.0,0,0,0,0,0,0,0,0,0,0,0,0.0,0.0,0.0,0.0,False,simple,0,COMPILATION_ERROR,Compilation error: unresolved reference to identifier mcopy,0,0,0,0,0.0,False,0,0,0,0,0,0,0.0,False,0,0,0.0,0,0,0,False,0,0,0.0,0
3067,oz_ERC20FlashMintMock,,data/safe_contracts/openzeppelin-contracts/contracts/mocks/token/ERC20FlashMintMock.sol,,openzeppelin,False,False,False,False,False,True,True,False,False,False,False,False,False,False,False,False,False,False,False,False,False,False,True,True,False,0,0,18,4,0,2,0,1,0,19,11,1,1.0,0,1,0.05263157894736842,0,0,2,0,11,7,0,0,0,6,2,0.0,0.0,18.0,47.7,False,simple,0,,,8,4,0,1,0.5,False,2,4,4,0,0,0,0.0,False,2,2,0.0,4,2,2,True,0,4,0.0,3
3068,oz_ERC721ConsecutiveEnumerableMock,,data/safe_contracts/openzeppelin-contracts/contracts/mocks/token/ERC721ConsecutiveEnumerableMock.sol,,openzeppelin,False,False,False,False,False,False,False,False,False,False,False,False,False,False,False,False,False,False,False,False,False,False,False,False,False,0,0,0,0,0,0,0,0,0,0,1,0,0.0,0,0,0.0,0,0,0,0,0,0,0,0,0,0,0,0.0,0.0,0.0,0.0,False,simple,0,COMPILATION_ERROR,Compilation error: unresolved reference to identifier mcopy,0,0,0,0,0.0,False,0,0,0,0,0,0,0.0,False,0,0,0.0,0,0,0,False,0,0,0.0,0
3069,oz_ERC20ReturnFalseMock,,data/safe_contracts/openzeppelin-contracts/contracts/mocks/token/ERC20ReturnFalseMock.sol,,openzeppelin,False,False,False,False,False,False,False,False,False,False,False,False,False,False,False,False,False,False,False,False,False,False,True,True,False,0,0,18,3,0,0,0,1,0,14,8,1,1.0,0,1,0.07142857142857142,0,0,2,0,8,10,0,0,0,3,1,0.0,0.0,18.0,90.0,False,simple,0,,,6,3,0,1,0.5,False,3,3,3,0,0,0,0.0,False,3,0,0.0,3,0,0,False,0,7,0.0,3
3070,oz_ERC20GetterHelper,,data/safe_contracts/openzeppelin-contracts/contracts/mocks/token/ERC20GetterHelper.sol,,openzeppelin,False,False,False,False,False,False,False,False,False,False,False,False,False,False,False,False,False,False,False,False,False,False,True,True,False,0,0,5,6,6,0,0,1,0,30,3,1,1.0,0,1,0.03333333333333333,0,0,0,0,5,0,0,0,0,2,1,0.0,0.0,5.0,12.5,False,simple,0,,,12,6,0,1,0.5,False,0,6,6,0,0,6,1.0,False,6,0,0.0,6,0,6,False,0,9,0.0,6
3071,oz_UUPSUpgradeableMock,,data/safe_contracts/openzeppelin-contracts/contracts/mocks/proxy/UUPSUpgradeableMock.sol,,openzeppelin,False,False,False,False,False,False,False,False,False,False,False,False,False,False,True,False,False,False,False,False,False,True,True,True,False,0,2,65,2,0,0,0,1,0,27,13,1,1.0,0,2,0.07407407407407407,0,0,2,0,33,34,0,2,0,7,3,0.0,0.0,75.0,608.5714285714286,True,simple,0,,,2,0,0,0,0.0,False,0,2,2,0,0,0,0.0,False,0,2,0.0,2,0,0,False,0,1,0.0,1
3072,oz_BadBeacon,,data/safe_contracts/openzeppelin-contracts/contracts/mocks/proxy/BadBeacon.sol,,openzeppelin,False,False,False,False,False,False,False,False,False,False,False,False,False,False,False,False,False,False,False,False,False,False,True,False,False,0,0,2,0,0,0,0,0,0,8,2,1,0.0,0,1,0.125,0,0,0,0,2,0,0,0,0,1,1,0.0,0.0,2.0,4.0,False,simple,0,,,0,0,0,0,0.0,False,0,0,0,0,0,0,0.0,False,0,0,0.0,0,0,0,False,0,0,0.0,0
3073,oz_ClashingImplementation,,data/safe_contracts/openzeppelin-contracts/contracts/mocks/proxy/ClashingImplementation.sol,,openzeppelin,False,False,False,False,False,False,False,False,False,False,False,False,False,False,False,True,False,False,False,False,False,False,True,False,False,0,1,2,2,0,0,0,1,0,15,1,1,1.0,0,5,0.3333333333333333,1,0,0,0,3,0,0,1,0,2,2,0.0,0.0,7.0,10.5,False,simple,0,,,4,2,0,1,0.5,False,1,2,2,0,0,0,0.0,False,2,0,0.0,2,0,0,False,0,2,0.0,1
3074,oz_ERC1967ProxyUnsafe,,data/safe_contracts/openzeppelin-contracts/contracts/mocks/proxy/ERC1967ProxyUnsafe.sol,,openzeppelin,False,False,False,False,False,False,False,False,False,False,False,False,False,False,True,False,False,False,False,False,False,True,True,True,False,0,2,61,2,0,0,0,1,0,9,10,1,1.0,0,1,0.1111111111111111,1,0,2,0,32,31,0,2,0,5,3,0.0,0.0,71.0,762.54,True,simple,0,,,4,2,0,1,0.5,False,1,2,2,1,0,0,0.0,True,1,1,0.5,1,0,0,False,0,2,0.0,1
3075,oz_CompTimelock,,data/safe_contracts/openzeppelin-contracts/contracts/mocks/compound/CompTimelock.sol,,openzeppelin,False,False,True,True,False,False,True,False,False,False,False,False,False,False,False,False,False,False,False,False,False,False,True,False,False,0,0,9,10,5,7,0,3,1,145,1,1,1.2,0,27,0.18620689655172415,2,0,0,0,3,6,0,0,0,5,4,0.0,0.0,9.0,12.96,True,moderate,1,,,56,47,0,16,0.8392857142857143,False,3,12,10,16,1,5,0.23809523809523808,False,8,2,1.6,7,7,6,True,1,19,6.0,6
3076,oz_ERC20WithAutoMinerReward,,data/safe_contracts/openzeppelin-contracts/contracts/mocks/docs/ERC20WithAutoMinerReward.sol,,openzeppelin,False,False,False,False,False,False,False,False,False,False,False,False,False,False,False,False,False,False,False,False,False,False,True,True,False,0,0,11,3,0,0,0,3,0,17,8,1,1.6666666666666667,0,1,0.058823529411764705,0,0,2,0,8,3,0,0,0,3,1,0.0,0.0,11.0,37.03333333333333,False,simple,0,,,10,8,0,3,0.8,False,0,5,3,5,2,0,0.0,True,1,2,1.6666666666666667,1,0,0,False,0,3,0.0,1
3077,oz_AccessManagerEnumerable,,data/safe_contracts/openzeppelin-contracts/contracts/mocks/docs/AccessManagerEnumerable.sol,,openzeppelin,False,False,False,False,False,False,False,False,False,False,False,False,False,False,False,False,False,False,False,False,False,False,False,False,False,0,0,0,0,0,0,0,0,0,0,1,0,0.0,0,0,0.0,0,0,0,0,0,0,0,0,0,0,0,0.0,0.0,0.0,0.0,False,simple,0,COMPILATION_ERROR,Compilation error: unresolved reference to identifier mcopy,0,0,0,0,0.0,False,0,0,0,0,0,0,0.0,False,0,0,0.0,0,0,0,False,0,0,0.0,0
3078,oz_MyNFT,,data/safe_contracts/openzeppelin-contracts/contracts/mocks/docs/MyNFT.sol,,openzeppelin,False,False,False,False,False,False,False,False,False,False,False,False,False,False,False,False,False,False,False,False,False,False,False,False,False,0,0,0,0,0,0,0,0,0,0,1,0,0.0,0,0,0.0,0,0,0,0,0,0,0,0,0,0,0,0.0,0.0,0.0,0.0,False,simple,0,COMPILATION_ERROR,Compilation error: unresolved reference to identifier mcopy,0,0,0,0,0.0,False,0,0,0,0,0,0,0.0,False,0,0,0.0,0,0,0,False,0,0,0.0,0
3079,oz_ERC4626Fees,,data/safe_contracts/openzeppelin-contracts/contracts/mocks/docs/ERC4626Fees.sol,,openzeppelin,False,False,False,False,False,False,False,False,False,False,False,False,False,False,False,False,False,False,False,False,False,False,False,False,False,0,0,0,0,0,0,0,0,0,0,1,0,0.0,0,0,0.0,0,0,0,0,0,0,0,0,0,0,0,0.0,0.0,0.0,0.0,False,simple,0,COMPILATION_ERROR,Compilation error: unresolved reference to identifier mcopy,0,0,0,0,0.0,False,0,0,0,0,0,0,0.0,False,0,0,0.0,0,0,0,False,0,0,0.0,0
3080,oz_ERC7579Mock,,data/safe_contracts/openzeppelin-contracts/contracts/mocks/account/modules/ERC7579Mock.sol,,openzeppelin,False,False,False,False,False,False,False,False,False,False,False,False,False,False,False,False,False,False,False,False,False,False,False,False,False,0,0,0,0,0,0,0,0,0,0,1,0,0.0,0,0,0.0,0,0,0,0,0,0,0,0,0,0,0,0.0,0.0,0.0,0.0,False,simple,0,COMPILATION_ERROR,Compilation error: unresolved reference to identifier mcopy,0,0,0,0,0.0,False,0,0,0,0,0,0,0.0,False,0,0,0.0,0,0,0,False,0,0,0.0,0
3081,oz_ERC7579UtilsMock,,data/safe_contracts/openzeppelin-contracts/contracts/mocks/account/utils/ERC7579UtilsMock.sol,,openzeppelin,False,False,False,True,False,False,True,False,False,False,False,False,False,False,True,False,False,False,False,False,False,True,True,True,False,0,1,704,15,32,5,0,7,4,17,19,1,2.2666666666666666,0,1,0.058823529411764705,0,8,0,0,447,258,0,1,0,9,5,0.0,0.0,709.0,49440.933333333334,True,moderate,1,,,88,82,1,13,0.9318181818181818,False,8,34,15,14,0,32,0.6956521739130435,False,0,15,0.9333333333333333,10,5,11,False,14,33,0.7857142857142857,14
3082,oz_ERC7739Mock,,data/safe_contracts/openzeppelin-contracts/contracts/mocks/utils/cryptography/ERC7739Mock.sol,,openzeppelin,False,False,False,False,False,False,False,False,False,False,False,False,False,False,False,False,False,False,False,False,False,False,False,False,False,0,0,0,0,0,0,0,0,0,0,1,0,0.0,0,0,0.0,0,0,0,0,0,0,0,0,0,0,0,0.0,0.0,0.0,0.0,False,simple,0,COMPILATION_ERROR,Compilation error: unresolved reference to identifier mcopy,0,0,0,0,0.0,False,0,0,0,0,0,0,0.0,False,0,0,0.0,0,0,0,False,0,0,0.0,0
3083,oz_MyTokenTimestampBased,,data/safe_contracts/openzeppelin-contracts/contracts/mocks/docs/governance/MyTokenTimestampBased.sol,,openzeppelin,False,False,False,False,False,False,False,False,False,False,False,False,False,False,False,False,False,False,False,False,False,False,False,False,False,0,0,0,0,0,0,0,0,0,0,1,0,0.0,0,0,0.0,0,0,0,0,0,0,0,0,0,0,0,0.0,0.0,0.0,0.0,False,simple,0,COMPILATION_ERROR,Compilation error: unresolved reference to identifier mcopy,0,0,0,0,0.0,False,0,0,0,0,0,0,0.0,False,0,0,0.0,0,0,0,False,0,0,0.0,0
3084,oz_MyTokenWrapped,,data/safe_contracts/openzeppelin-contracts/contracts/mocks/docs/governance/MyTokenWrapped.sol,,openzeppelin,False,False,False,False,False,False,False,False,False,False,False,False,False,False,False,False,False,False,False,False,False,False,False,False,False,0,0,0,0,0,0,0,0,0,0,1,0,0.0,0,0,0.0,0,0,0,0,0,0,0,0,0,0,0,0.0,0.0,0.0,0.0,False,simple,0,COMPILATION_ERROR,Compilation error: unresolved reference to identifier mcopy,0,0,0,0,0.0,False,0,0,0,0,0,0,0.0,False,0,0,0.0,0,0,0,False,0,0,0.0,0
3085,oz_MyGovernor,,data/safe_contracts/openzeppelin-contracts/contracts/mocks/docs/governance/MyGovernor.sol,,openzeppelin,False,False,False,False,False,False,False,False,False,False,False,False,False,False,False,False,False,False,False,False,False,False,False,False,False,0,0,0,0,0,0,0,0,0,0,1,0,0.0,0,0,0.0,0,0,0,0,0,0,0,0,0,0,0,0.0,0.0,0.0,0.0,False,simple,0,COMPILATION_ERROR,Compilation error: unresolved reference to identifier mcopy,0,0,0,0,0.0,False,0,0,0,0,0,0,0.0,False,0,0,0.0,0,0,0,False,0,0,0.0,0
3086,oz_MyToken,,data/safe_contracts/openzeppelin-contracts/contracts/mocks/docs/governance/MyToken.sol,,openzeppelin,False,False,False,False,False,False,False,False,False,False,False,False,False,False,False,False,False,False,False,False,False,False,False,False,False,0,0,0,0,0,0,0,0,0,0,1,0,0.0,0,0,0.0,0,0,0,0,0,0,0,0,0,0,0,0.0,0.0,0.0,0.0,False,simple,0,COMPILATION_ERROR,Compilation error: unresolved reference to identifier mcopy,0,0,0,0,0.0,False,0,0,0,0,0,0,0.0,False,0,0,0.0,0,0,0,False,0,0,0.0,0
3087,oz_MyFactoryAccount,,data/safe_contracts/openzeppelin-contracts/contracts/mocks/docs/account/MyFactoryAccount.sol,,openzeppelin,False,False,False,False,False,False,False,False,False,False,False,False,False,False,True,False,False,False,False,False,False,True,True,False,False,0,2,53,3,3,1,0,3,0,30,6,1,1.6666666666666667,0,7,0.23333333333333334,0,3,0,0,24,31,0,2,0,5,3,0.0,0.0,63.0,575.8199999999999,True,simple,0,,,12,10,0,4,0.8333333333333334,False,2,5,3,6,1,3,0.3333333333333333,False,3,0,2.0,3,1,3,True,3,3,1.0,3
3088,oz_MyAccountEIP7702,,data/safe_contracts/openzeppelin-contracts/contracts/mocks/docs/account/MyAccountEIP7702.sol,,openzeppelin,False,False,True,True,False,False,True,False,False,False,False,False,False,False,True,False,False,False,False,False,True,True,True,True,False,1,14,865,10,2,0,2,3,0,18,37,1,1.7,0,3,0.16666666666666666,1,1,1,0,485,395,0,15,0,14,6,0.0,0.0,945.0,51401.25,True,simple,0,,,32,25,0,4,0.78125,False,7,17,10,11,2,2,0.15384615384615385,True,5,5,1.1,7,0,2,False,1,10,2.0,5
3089,oz_AccessManagedERC20MintBase,,data/safe_contracts/openzeppelin-contracts/contracts/mocks/docs/access-control/AccessManagedERC20MintBase.sol,,openzeppelin,False,False,False,False,False,True,True,False,False,False,False,False,False,False,True,False,False,False,False,False,False,False,True,True,False,0,0,19,6,2,2,1,5,0,13,13,1,2.5,0,4,0.3076923076923077,0,1,1,0,14,5,0,0,0,6,3,0.0,0.0,19.0,55.41666666666666,True,simple,0,,,32,30,0,8,0.9375,False,3,15,6,9,1,2,0.18181818181818182,False,3,3,1.5,7,2,2,True,2,5,1.0,4
3090,oz_AccessControlERC20MintMissing,,data/safe_contracts/openzeppelin-contracts/contracts/mocks/docs/access-control/AccessControlERC20MintMissing.sol,,openzeppelin,False,False,False,False,False,False,False,False,False,False,False,False,False,False,False,False,False,False,False,False,False,False,True,True,False,0,0,15,12,0,2,1,3,0,19,12,1,1.5,0,3,0.15789473684210525,0,0,2,0,12,3,0,0,0,3,1,0.0,0.0,15.0,70.5,False,moderate,1,,,42,32,0,4,0.7619047619047619,False,7,18,12,20,2,0,0.0,True,6,6,1.6666666666666667,8,2,3,True,0,19,0.0,11
3091,oz_AccessControlERC20MintBase,,data/safe_contracts/openzeppelin-contracts/contracts/mocks/docs/access-control/AccessControlERC20MintBase.sol,,openzeppelin,False,False,False,False,False,False,False,False,False,False,False,False,False,False,False,False,False,False,False,False,False,False,True,True,False,0,0,16,12,0,2,1,3,0,20,12,1,1.5,0,4,0.2,0,0,2,0,12,4,0,0,0,3,1,0.0,0.0,16.0,78.93333333333334,False,moderate,1,,,42,32,0,4,0.7619047619047619,False,7,18,12,20,2,0,0.0,True,6,6,1.6666666666666667,8,2,3,True,0,19,0.0,11
3092,oz_AccessControlERC20MintOnlyRole,,data/safe_contracts/openzeppelin-contracts/contracts/mocks/docs/access-control/AccessControlERC20MintOnlyRole.sol,,openzeppelin,False,False,False,False,False,False,False,False,False,False,False,False,False,False,False,False,False,False,False,False,False,False,True,True,False,0,0,15,12,0,2,1,3,0,18,12,1,1.5,0,1,0.05555555555555555,0,0,2,0,12,3,0,0,0,3,1,0.0,0.0,15.0,70.5,False,moderate,1,,,42,32,0,4,0.7619047619047619,False,7,18,12,20,2,0,0.0,True,6,6,1.6666666666666667,8,2,3,True,0,19,0.0,11
3093,oz_AccessControlModified,,data/safe_contracts/openzeppelin-contracts/contracts/mocks/docs/access-control/AccessControlModified.sol,,openzeppelin,False,False,False,False,False,False,False,False,False,False,False,False,False,False,False,False,False,False,False,False,False,False,True,True,False,0,0,11,12,0,2,1,3,0,11,6,1,1.5,0,3,0.2727272727272727,0,0,2,0,8,3,0,0,0,3,1,0.0,0.0,11.0,37.03333333333333,False,moderate,1,,,42,32,0,4,0.7619047619047619,False,7,18,12,20,2,0,0.0,True,6,6,1.6666666666666667,8,2,3,True,0,19,0.0,11
3094,oz_MyContractOwnable,,data/safe_contracts/openzeppelin-contracts/contracts/mocks/docs/access-control/MyContractOwnable.sol,,openzeppelin,False,False,False,False,False,False,False,False,False,False,False,False,False,False,False,False,False,False,False,False,False,False,True,False,False,0,0,6,6,0,1,1,3,0,12,3,1,2.0,0,3,0.25,0,0,1,0,4,2,0,0,0,2,1,0.0,0.0,6.0,16.2,False,simple,0,,,24,21,0,4,0.875,False,1,12,6,10,1,0,0.0,False,3,3,1.6666666666666667,6,1,1,True,0,3,0.0,3
3095,oz_Base64NFT,,data/safe_contracts/openzeppelin-contracts/contracts/mocks/docs/utilities/Base64NFT.sol,,openzeppelin,False,False,False,False,False,False,False,False,False,False,False,False,False,False,False,False,False,False,False,False,False,False,False,False,False,0,0,0,0,0,0,0,0,0,0,1,0,0.0,0,0,0.0,0,0,0,0,0,0,0,0,0,0,0,0.0,0.0,0.0,0.0,False,simple,0,COMPILATION_ERROR,Compilation error: unresolved reference to identifier mcopy,0,0,0,0,0.0,False,0,0,0,0,0,0,0.0,False,0,0,0.0,0,0,0,False,0,0,0.0,0
3096,oz_Multicall,,data/safe_contracts/openzeppelin-contracts/contracts/mocks/docs/utilities/Multicall.sol,,openzeppelin,False,False,False,False,False,False,False,False,False,False,False,False,False,False,True,False,False,False,False,False,False,False,True,False,False,0,0,33,1,4,0,0,6,0,12,6,1,6.0,0,4,0.3333333333333333,0,1,1,0,17,16,0,0,0,3,2,0.0,0.0,33.0,310.2,True,simple,0,,,13,14,1,9,1.0769230769230769,False,1,6,1,2,1,4,0.6666666666666666,False,1,0,2.0,2,0,1,False,1,1,1.0,1
3097,oz_ERC6909GameItems,,data/safe_contracts/openzeppelin-contracts/contracts/mocks/docs/token/ERC6909/ERC6909GameItems.sol,,openzeppelin,False,False,False,False,False,False,False,False,False,False,False,False,False,False,False,False,False,False,False,False,False,False,True,True,False,0,0,14,2,0,5,0,1,0,22,10,1,1.0,0,2,0.09090909090909091,0,0,4,0,9,5,0,0,0,3,1,0.0,0.0,14.0,58.333333333333336,False,simple,0,,,15,13,0,9,0.8666666666666667,False,0,2,2,2,1,0,0.0,False,1,1,1.0,3,5,0,True,0,0,0.0,0
3098,oz_GameItem,,data/safe_contracts/openzeppelin-contracts/contracts/mocks/docs/token/ERC721/GameItem.sol,,openzeppelin,False,False,False,False,False,False,False,False,False,False,False,False,False,False,False,False,False,False,False,False,False,False,False,False,False,0,0,0,0,0,0,0,0,0,0,1,0,0.0,0,0,0.0,0,0,0,0,0,0,0,0,0,0,0,0.0,0.0,0.0,0.0,False,simple,0,COMPILATION_ERROR,Compilation error: unresolved reference to identifier mcopy,0,0,0,0,0.0,False,0,0,0,0,0,0,0.0,False,0,0,0.0,0,0,0,False,0,0,0.0,0
3099,oz_GLDToken,,data/safe_contracts/openzeppelin-contracts/contracts/mocks/docs/token/ERC20/GLDToken.sol,,openzeppelin,False,False,False,False,False,False,False,False,False,False,False,False,False,False,False,False,False,False,False,False,False,False,True,True,False,0,0,11,1,0,0,0,1,0,9,8,1,1.0,0,2,0.2222222222222222,0,0,2,0,8,3,0,0,0,3,1,0.0,0.0,11.0,37.03333333333333,False,simple,0,,,3,2,0,2,0.6666666666666666,False,0,1,1,2,1,0,0.0,True,1,0,2.0,1,0,0,False,0,1,0.0,1
3100,oz_GameItems,,data/safe_contracts/openzeppelin-contracts/contracts/mocks/docs/token/ERC1155/GameItems.sol,,openzeppelin,False,False,False,False,False,False,False,False,False,False,False,False,False,False,False,False,False,False,False,False,False,False,False,False,False,0,0,0,0,0,0,0,0,0,0,1,0,0.0,0,0,0.0,0,0,0,0,0,0,0,0,0,0,0,0.0,0.0,0.0,0.0,False,simple,0,COMPILATION_ERROR,Compilation error: unresolved reference to identifier mcopy,0,0,0,0,0.0,False,0,0,0,0,0,0,0.0,False,0,0,0.0,0,0,0,False,0,0,0.0,0
3101,oz_MyERC115HolderContract,,data/safe_contracts/openzeppelin-contracts/contracts/mocks/docs/token/ERC1155/MyERC115HolderContract.sol,,openzeppelin,False,False,False,False,False,False,False,False,False,False,False,False,False,False,False,False,False,False,False,False,False,False,True,True,False,0,0,7,0,0,0,0,0,0,5,5,1,0.0,0,2,0.4,0,0,3,0,7,0,0,0,0,2,1,0.0,0.0,7.0,24.5,False,simple,0,,,0,0,0,0,0.0,False,0,0,0,0,0,0,0.0,False,0,0,0.0,0,0,0,False,0,0,0.0,0
3102,oz_VotesExtended,,data/safe_contracts/openzeppelin-contracts/contracts/governance/utils/VotesExtended.sol,,openzeppelin,False,False,False,False,False,False,False,False,False,False,False,False,False,False,False,False,False,False,False,False,False,False,False,False,False,0,0,0,0,0,0,0,0,0,0,1,0,0.0,0,0,0.0,0,0,0,0,0,0,0,0,0,0,0,0.0,0.0,0.0,0.0,False,simple,0,COMPILATION_ERROR,Compilation error: unresolved reference to identifier mcopy,0,0,0,0,0.0,False,0,0,0,0,0,0,0.0,False,0,0,0.0,0,0,0,False,0,0,0.0,0
3103,oz_Votes,,data/safe_contracts/openzeppelin-contracts/contracts/governance/utils/Votes.sol,,openzeppelin,False,False,False,False,False,False,False,False,False,False,False,False,False,False,False,False,False,False,False,False,False,False,False,False,False,0,0,0,0,0,0,0,0,0,0,1,0,0.0,0,0,0.0,0,0,0,0,0,0,0,0,0,0,0,0.0,0.0,0.0,0.0,False,simple,0,COMPILATION_ERROR,Compilation error: unresolved reference to identifier mcopy,0,0,0,0,0.0,False,0,0,0,0,0,0,0.0,False,0,0,0.0,0,0,0,False,0,0,0.0,0
3104,oz_IVotes,,data/safe_contracts/openzeppelin-contracts/contracts/governance/utils/IVotes.sol,,openzeppelin,False,False,False,False,False,False,False,False,False,False,False,False,False,False,False,False,False,False,False,False,False,False,True,False,False,0,0,2,6,0,0,0,1,0,50,1,1,1.0,0,38,0.76,0,0,0,0,2,0,0,0,0,1,1,0.0,0.0,2.0,4.0,False,simple,0,,,0,0,0,0,0.0,False,0,0,6,0,0,0,0.0,False,6,0,0.0,6,0,0,False,0,12,0.0,6
3105,oz_GovernorTimelockCompound,,data/safe_contracts/openzeppelin-contracts/contracts/governance/extensions/GovernorTimelockCompound.sol,,openzeppelin,False,False,False,False,False,False,False,False,False,False,False,False,False,False,False,False,False,False,False,False,False,False,False,False,False,0,0,0,0,0,0,0,0,0,0,1,0,0.0,0,0,0.0,0,0,0,0,0,0,0,0,0,0,0,0.0,0.0,0.0,0.0,False,simple,0,COMPILATION_ERROR,Compilation error: unresolved reference to identifier mcopy,0,0,0,0,0.0,False,0,0,0,0,0,0,0.0,False,0,0,0.0,0,0,0,False,0,0,0.0,0
3106,oz_GovernorNoncesKeyed,,data/safe_contracts/openzeppelin-contracts/contracts/governance/extensions/GovernorNoncesKeyed.sol,,openzeppelin,False,False,False,False,False,False,False,False,False,False,False,False,False,False,False,False,False,False,False,False,False,False,False,False,False,0,0,0,0,0,0,0,0,0,0,1,0,0.0,0,0,0.0,0,0,0,0,0,0,0,0,0,0,0,0.0,0.0,0.0,0.0,False,simple,0,COMPILATION_ERROR,Compilation error: unresolved reference to identifier mcopy,0,0,0,0,0.0,False,0,0,0,0,0,0,0.0,False,0,0,0.0,0,0,0,False,0,0,0.0,0
3107,oz_GovernorVotesQuorumFraction,,data/safe_contracts/openzeppelin-contracts/contracts/governance/extensions/GovernorVotesQuorumFraction.sol,,openzeppelin,False,False,False,False,False,False,False,False,False,False,False,False,False,False,False,False,False,False,False,False,False,False,False,False,False,0,0,0,0,0,0,0,0,0,0,1,0,0.0,0,0,0.0,0,0,0,0,0,0,0,0,0,0,0,0.0,0.0,0.0,0.0,False,simple,0,COMPILATION_ERROR,Compilation error: unresolved reference to identifier mcopy,0,0,0,0,0.0,False,0,0,0,0,0,0,0.0,False,0,0,0.0,0,0,0,False,0,0,0.0,0
3108,oz_GovernorVotes,,data/safe_contracts/openzeppelin-contracts/contracts/governance/extensions/GovernorVotes.sol,,openzeppelin,False,False,False,False,False,False,False,False,False,False,False,False,False,False,False,False,False,False,False,False,False,False,False,False,False,0,0,0,0,0,0,0,0,0,0,1,0,0.0,0,0,0.0,0,0,0,0,0,0,0,0,0,0,0,0.0,0.0,0.0,0.0,False,simple,0,COMPILATION_ERROR,Compilation error: unresolved reference to identifier mcopy,0,0,0,0,0.0,False,0,0,0,0,0,0,0.0,False,0,0,0.0,0,0,0,False,0,0,0.0,0
3109,oz_GovernorTimelockAccess,,data/safe_contracts/openzeppelin-contracts/contracts/governance/extensions/GovernorTimelockAccess.sol,,openzeppelin,False,False,False,False,False,False,False,False,False,False,False,False,False,False,False,False,False,False,False,False,False,False,False,False,False,0,0,0,0,0,0,0,0,0,0,1,0,0.0,0,0,0.0,0,0,0,0,0,0,0,0,0,0,0,0.0,0.0,0.0,0.0,False,simple,0,COMPILATION_ERROR,Compilation error: unresolved reference to identifier mcopy,0,0,0,0,0.0,False,0,0,0,0,0,0,0.0,False,0,0,0.0,0,0,0,False,0,0,0.0,0
3110,oz_GovernorCountingOverridable,,data/safe_contracts/openzeppelin-contracts/contracts/governance/extensions/GovernorCountingOverridable.sol,,openzeppelin,False,False,False,False,False,False,False,False,False,False,False,False,False,False,False,False,False,False,False,False,False,False,False,False,False,0,0,0,0,0,0,0,0,0,0,1,0,0.0,0,0,0.0,0,0,0,0,0,0,0,0,0,0,0,0.0,0.0,0.0,0.0,False,simple,0,COMPILATION_ERROR,Compilation error: unresolved reference to identifier mcopy,0,0,0,0,0.0,False,0,0,0,0,0,0,0.0,False,0,0,0.0,0,0,0,False,0,0,0.0,0
3111,oz_GovernorSuperQuorum,,data/safe_contracts/openzeppelin-contracts/contracts/governance/extensions/GovernorSuperQuorum.sol,,openzeppelin,False,False,False,False,False,False,False,False,False,False,False,False,False,False,False,False,False,False,False,False,False,False,False,False,False,0,0,0,0,0,0,0,0,0,0,1,0,0.0,0,0,0.0,0,0,0,0,0,0,0,0,0,0,0,0.0,0.0,0.0,0.0,False,simple,0,COMPILATION_ERROR,Compilation error: unresolved reference to identifier mcopy,0,0,0,0,0.0,False,0,0,0,0,0,0,0.0,False,0,0,0.0,0,0,0,False,0,0,0.0,0
3112,oz_GovernorPreventLateQuorum,,data/safe_contracts/openzeppelin-contracts/contracts/governance/extensions/GovernorPreventLateQuorum.sol,,openzeppelin,False,False,False,False,False,False,False,False,False,False,False,False,False,False,False,False,False,False,False,False,False,False,False,False,False,0,0,0,0,0,0,0,0,0,0,1,0,0.0,0,0,0.0,0,0,0,0,0,0,0,0,0,0,0,0.0,0.0,0.0,0.0,False,simple,0,COMPILATION_ERROR,Compilation error: unresolved reference to identifier mcopy,0,0,0,0,0.0,False,0,0,0,0,0,0,0.0,False,0,0,0.0,0,0,0,False,0,0,0.0,0
3113,oz_GovernorTimelockControl,,data/safe_contracts/openzeppelin-contracts/contracts/governance/extensions/GovernorTimelockControl.sol,,openzeppelin,False,False,False,False,False,False,False,False,False,False,False,False,False,False,False,False,False,False,False,False,False,False,False,False,False,0,0,0,0,0,0,0,0,0,0,1,0,0.0,0,0,0.0,0,0,0,0,0,0,0,0,0,0,0,0.0,0.0,0.0,0.0,False,simple,0,COMPILATION_ERROR,Compilation error: unresolved reference to identifier mcopy,0,0,0,0,0.0,False,0,0,0,0,0,0,0.0,False,0,0,0.0,0,0,0,False,0,0,0.0,0
3114,oz_GovernorSettings,,data/safe_contracts/openzeppelin-contracts/contracts/governance/extensions/GovernorSettings.sol,,openzeppelin,False,False,False,False,False,False,False,False,False,False,False,False,False,False,False,False,False,False,False,False,False,False,False,False,False,0,0,0,0,0,0,0,0,0,0,1,0,0.0,0,0,0.0,0,0,0,0,0,0,0,0,0,0,0,0.0,0.0,0.0,0.0,False,simple,0,COMPILATION_ERROR,Compilation error: unresolved reference to identifier mcopy,0,0,0,0,0.0,False,0,0,0,0,0,0,0.0,False,0,0,0.0,0,0,0,False,0,0,0.0,0
3115,oz_GovernorProposalGuardian,,data/safe_contracts/openzeppelin-contracts/contracts/governance/extensions/GovernorProposalGuardian.sol,,openzeppelin,False,False,False,False,False,False,False,False,False,False,False,False,False,False,False,False,False,False,False,False,False,False,False,False,False,0,0,0,0,0,0,0,0,0,0,1,0,0.0,0,0,0.0,0,0,0,0,0,0,0,0,0,0,0,0.0,0.0,0.0,0.0,False,simple,0,COMPILATION_ERROR,Compilation error: unresolved reference to identifier mcopy,0,0,0,0,0.0,False,0,0,0,0,0,0,0.0,False,0,0,0.0,0,0,0,False,0,0,0.0,0
3116,oz_GovernorCountingSimple,,data/safe_contracts/openzeppelin-contracts/contracts/governance/extensions/GovernorCountingSimple.sol,,openzeppelin,False,False,False,False,False,False,False,False,False,False,False,False,False,False,False,False,False,False,False,False,False,False,False,False,False,0,0,0,0,0,0,0,0,0,0,1,0,0.0,0,0,0.0,0,0,0,0,0,0,0,0,0,0,0,0.0,0.0,0.0,0.0,False,simple,0,COMPILATION_ERROR,Compilation error: unresolved reference to identifier mcopy,0,0,0,0,0.0,False,0,0,0,0,0,0,0.0,False,0,0,0.0,0,0,0,False,0,0,0.0,0
3117,oz_GovernorCountingFractional,,data/safe_contracts/openzeppelin-contracts/contracts/governance/extensions/GovernorCountingFractional.sol,,openzeppelin,False,False,False,False,False,False,False,False,False,False,False,False,False,False,False,False,False,False,False,False,False,False,False,False,False,0,0,0,0,0,0,0,0,0,0,1,0,0.0,0,0,0.0,0,0,0,0,0,0,0,0,0,0,0,0.0,0.0,0.0,0.0,False,simple,0,COMPILATION_ERROR,Compilation error: unresolved reference to identifier mcopy,0,0,0,0,0.0,False,0,0,0,0,0,0,0.0,False,0,0,0.0,0,0,0,False,0,0,0.0,0
3118,oz_GovernorVotesSuperQuorumFraction,,data/safe_contracts/openzeppelin-contracts/contracts/governance/extensions/GovernorVotesSuperQuorumFraction.sol,,openzeppelin,False,False,False,False,False,False,False,False,False,False,False,False,False,False,False,False,False,False,False,False,False,False,False,False,False,0,0,0,0,0,0,0,0,0,0,1,0,0.0,0,0,0.0,0,0,0,0,0,0,0,0,0,0,0,0.0,0.0,0.0,0.0,False,simple,0,COMPILATION_ERROR,Compilation error: unresolved reference to identifier mcopy,0,0,0,0,0.0,False,0,0,0,0,0,0,0.0,False,0,0,0.0,0,0,0,False,0,0,0.0,0
3119,oz_GovernorStorage,,data/safe_contracts/openzeppelin-contracts/contracts/governance/extensions/GovernorStorage.sol,,openzeppelin,False,False,False,False,False,False,False,False,False,False,False,False,False,False,False,False,False,False,False,False,False,False,False,False,False,0,0,0,0,0,0,0,0,0,0,1,0,0.0,0,0,0.0,0,0,0,0,0,0,0,0,0,0,0,0.0,0.0,0.0,0.0,False,simple,0,COMPILATION_ERROR,Compilation error: unresolved reference to identifier mcopy,0,0,0,0,0.0,False,0,0,0,0,0,0,0.0,False,0,0,0.0,0,0,0,False,0,0,0.0,0
3120,oz_GovernorSequentialProposalId,,data/safe_contracts/openzeppelin-contracts/contracts/governance/extensions/GovernorSequentialProposalId.sol,,openzeppelin,False,False,False,False,False,False,False,False,False,False,False,False,False,False,False,False,False,False,False,False,False,False,False,False,False,0,0,0,0,0,0,0,0,0,0,1,0,0.0,0,0,0.0,0,0,0,0,0,0,0,0,0,0,0,0.0,0.0,0.0,0.0,False,simple,0,COMPILATION_ERROR,Compilation error: unresolved reference to identifier mcopy,0,0,0,0,0.0,False,0,0,0,0,0,0,0.0,False,0,0,0.0,0,0,0,False,0,0,0.0,0
3121,oz_EIP7702Utils,,data/safe_contracts/openzeppelin-contracts/contracts/account/utils/EIP7702Utils.sol,,openzeppelin,False,False,False,False,False,False,False,False,False,False,False,False,False,False,False,False,False,False,False,False,False,False,True,False,False,0,0,3,2,0,1,0,2,0,18,1,1,1.5,0,10,0.5555555555555556,0,0,0,0,2,1,0,0,0,2,1,0.0,0.0,3.0,4.05,False,simple,0,,,6,4,0,3,0.6666666666666666,False,2,3,2,1,0,0,0.0,False,0,2,0.5,2,1,0,True,0,1,0.0,1
3122,oz_BridgeERC20Core,,data/safe_contracts/openzeppelin-contracts/contracts/crosschain/bridges/BridgeERC20Core.sol,,openzeppelin,False,False,False,False,False,False,False,False,False,False,False,False,False,False,False,False,False,False,False,False,False,False,False,False,False,0,0,0,0,0,0,0,0,0,0,1,0,0.0,0,0,0.0,0,0,0,0,0,0,0,0,0,0,0,0.0,0.0,0.0,0.0,False,simple,0,COMPILATION_ERROR,Compilation error: unresolved reference to identifier mcopy,0,0,0,0,0.0,False,0,0,0,0,0,0,0.0,False,0,0,0.0,0,0,0,False,0,0,0.0,0
3123,oz_BridgeERC7802,,data/safe_contracts/openzeppelin-contracts/contracts/crosschain/bridges/BridgeERC7802.sol,,openzeppelin,False,False,False,False,False,False,False,False,False,False,False,False,False,False,False,False,False,False,False,False,False,False,False,False,False,0,0,0,0,0,0,0,0,0,0,1,0,0.0,0,0,0.0,0,0,0,0,0,0,0,0,0,0,0,0.0,0.0,0.0,0.0,False,simple,0,COMPILATION_ERROR,Compilation error: unresolved reference to identifier mcopy,0,0,0,0,0.0,False,0,0,0,0,0,0,0.0,False,0,0,0.0,0,0,0,False,0,0,0.0,0
3124,oz_BridgeERC20,,data/safe_contracts/openzeppelin-contracts/contracts/crosschain/bridges/BridgeERC20.sol,,openzeppelin,False,False,False,False,False,False,False,False,False,False,False,False,False,False,False,False,False,False,False,False,False,False,False,False,False,0,0,0,0,0,0,0,0,0,0,1,0,0.0,0,0,0.0,0,0,0,0,0,0,0,0,0,0,0,0.0,0.0,0.0,0.0,False,simple,0,COMPILATION_ERROR,Compilation error: unresolved reference to identifier mcopy,0,0,0,0,0.0,False,0,0,0,0,0,0,0.0,False,0,0,0.0,0,0,0,False,0,0,0.0,0
3125,oz_ERC6909,,data/safe_contracts/openzeppelin-contracts/contracts/token/ERC6909/ERC6909.sol,,openzeppelin,False,False,False,False,False,False,False,False,False,False,False,False,False,False,False,False,False,False,False,False,False,False,True,True,False,0,0,11,15,0,3,0,7,0,201,8,1,2.8666666666666667,0,81,0.40298507462686567,0,0,2,0,7,4,0,0,0,3,1,0.0,0.0,11.0,35.93333333333333,False,moderate,1,,,81,80,0,6,0.9876543209876543,False,8,43,15,27,3,0,0.0,True,8,7,1.8,11,3,4,True,0,45,0.0,15
3126,oz_ERC721,,data/safe_contracts/openzeppelin-contracts/contracts/token/ERC721/ERC721.sol,,openzeppelin,False,False,False,False,False,False,False,False,False,False,False,False,False,False,False,False,False,False,False,False,False,False,False,False,False,0,0,0,0,0,0,0,0,0,0,1,0,0.0,0,0,0.0,0,0,0,0,0,0,0,0,0,0,0,0.0,0.0,0.0,0.0,False,simple,0,COMPILATION_ERROR,Compilation error: unresolved reference to identifier mcopy,0,0,0,0,0.0,False,0,0,0,0,0,0,0.0,False,0,0,0.0,0,0,0,False,0,0,0.0,0
3127,oz_IERC721,,data/safe_contracts/openzeppelin-contracts/contracts/token/ERC721/IERC721.sol,,openzeppelin,False,False,False,False,False,False,False,False,False,False,False,False,False,False,False,False,False,False,False,False,False,False,True,True,False,0,0,4,9,0,0,0,1,0,121,2,1,1.0,0,105,0.8677685950413223,0,0,1,0,4,0,0,0,0,2,1,0.0,0.0,4.0,8.0,False,simple,0,,,0,0,0,0,0.0,False,0,0,9,0,0,0,0.0,False,9,0,0.0,8,0,0,False,0,19,0.0,9
3128,oz_IERC721Receiver,,data/safe_contracts/openzeppelin-contracts/contracts/token/ERC721/IERC721Receiver.sol,,openzeppelin,False,False,False,False,False,False,False,False,False,False,False,False,False,False,False,False,False,False,False,False,False,False,True,False,False,0,0,2,1,0,0,0,1,0,26,1,1,1.0,0,17,0.6538461538461539,0,0,0,0,2,0,0,0,0,1,1,0.0,0.0,2.0,4.0,False,simple,0,,,0,0,0,0,0.0,False,0,0,1,0,0,0,0.0,False,1,0,0.0,1,0,0,False,0,4,0.0,1
3129,oz_IERC20,,data/safe_contracts/openzeppelin-contracts/contracts/token/ERC20/IERC20.sol,,openzeppelin,False,False,False,False,False,False,False,False,False,False,False,False,False,False,False,False,False,False,False,False,False,False,True,False,False,0,0,2,6,0,0,0,1,0,70,1,1,1.0,0,59,0.8428571428571429,0,0,0,0,2,0,0,0,0,1,1,0.0,0.0,2.0,4.0,False,simple,0,,,0,0,0,0,0.0,False,0,0,6,0,0,0,0.0,False,6,0,0.0,6,0,0,False,0,10,0.0,5
3130,oz_ERC20,,data/safe_contracts/openzeppelin-contracts/contracts/token/ERC20/ERC20.sol,,openzeppelin,False,False,False,False,False,False,False,False,False,False,False,False,False,False,False,False,False,False,False,False,False,False,True,True,False,0,0,11,17,0,5,0,7,0,280,7,1,2.411764705882353,0,160,0.5714285714285714,0,0,1,0,7,4,0,0,0,3,1,0.0,0.0,11.0,35.93333333333333,False,moderate,1,,,81,76,0,7,0.9382716049382716,False,9,41,17,21,3,0,0.0,True,9,8,1.2352941176470589,14,5,3,True,0,32,0.0,13
3131,oz_IERC1155,,data/safe_contracts/openzeppelin-contracts/contracts/token/ERC1155/IERC1155.sol,,openzeppelin,False,False,False,False,False,False,False,False,False,False,False,False,False,False,False,False,False,False,False,False,False,False,True,True,False,0,0,4,6,0,0,0,1,0,111,2,1,1.0,0,82,0.7387387387387387,0,0,1,0,4,0,0,0,0,2,1,0.0,0.0,4.0,8.0,False,simple,0,,,0,0,0,0,0.0,False,0,0,6,0,0,0,0.0,False,6,0,0.0,6,0,0,False,0,18,0.0,6
3132,oz_ERC1155,,data/safe_contracts/openzeppelin-contracts/contracts/token/ERC1155/ERC1155.sol,,openzeppelin,False,False,False,False,False,False,False,False,False,False,False,False,False,False,False,False,False,False,False,False,False,False,False,False,False,0,0,0,0,0,0,0,0,0,0,1,0,0.0,0,0,0.0,0,0,0,0,0,0,0,0,0,0,0,0.0,0.0,0.0,0.0,False,simple,0,COMPILATION_ERROR,Compilation error: unresolved reference to identifier mcopy,0,0,0,0,0.0,False,0,0,0,0,0,0,0.0,False,0,0,0.0,0,0,0,False,0,0,0.0,0
3133,oz_IERC1155Receiver,,data/safe_contracts/openzeppelin-contracts/contracts/token/ERC1155/IERC1155Receiver.sol,,openzeppelin,False,False,False,False,False,False,False,False,False,False,False,False,False,False,False,False,False,False,False,False,False,False,True,True,False,0,0,4,2,0,0,0,1,0,55,2,1,1.0,0,37,0.6727272727272727,0,0,1,0,4,0,0,0,0,2,1,0.0,0.0,4.0,8.0,False,simple,0,,,0,0,0,0,0.0,False,0,0,2,0,0,0,0.0,False,2,0,0.0,2,0,0,False,0,10,0.0,2
3134,oz_ERC2981,,data/safe_contracts/openzeppelin-contracts/contracts/token/common/ERC2981.sol,,openzeppelin,False,False,False,False,False,False,False,False,False,False,False,False,False,False,False,False,False,False,False,False,False,False,True,True,False,0,0,10,7,0,2,0,5,0,119,4,1,2.4285714285714284,0,58,0.48739495798319327,0,0,2,0,6,4,0,0,0,3,1,0.0,0.0,10.0,29.333333333333336,False,simple,0,,,36,34,0,7,0.9444444444444444,False,3,17,7,9,1,0,0.0,True,2,5,1.2857142857142858,8,2,3,True,0,9,0.0,5
3135,oz_ERC6909TokenSupply,,data/safe_contracts/openzeppelin-contracts/contracts/token/ERC6909/extensions/ERC6909TokenSupply.sol,,openzeppelin,False,False,False,False,False,False,False,False,False,False,False,False,False,False,False,False,False,False,False,False,False,False,True,True,False,0,0,12,15,0,3,0,7,0,29,9,1,2.8666666666666667,0,9,0.3103448275862069,0,0,2,0,8,4,0,0,0,3,1,0.0,0.0,12.0,43.2,False,moderate,1,,,81,80,0,6,0.9876543209876543,False,8,43,15,27,3,0,0.0,True,8,7,1.8,11,3,4,True,0,45,0.0,15
3136,oz_ERC6909Metadata,,data/safe_contracts/openzeppelin-contracts/contracts/token/ERC6909/extensions/ERC6909Metadata.sol,,openzeppelin,False,False,False,False,False,False,False,False,False,False,False,False,False,False,False,False,False,False,False,False,False,False,True,True,False,0,0,15,15,0,3,0,7,0,61,9,1,2.8666666666666667,0,26,0.4262295081967213,0,0,2,0,8,7,0,0,0,3,1,0.0,0.0,15.0,64.5,False,moderate,1,,,81,80,0,6,0.9876543209876543,False,8,43,15,27,3,0,0.0,True,8,7,1.8,11,3,4,True,0,45,0.0,15
3137,oz_ERC6909ContentURI,,data/safe_contracts/openzeppelin-contracts/contracts/token/ERC6909/extensions/ERC6909ContentURI.sol,,openzeppelin,False,False,False,False,False,False,False,False,False,False,False,False,False,False,False,False,False,False,False,False,False,False,True,True,False,0,0,14,15,0,3,0,7,0,42,9,1,2.8666666666666667,0,19,0.4523809523809524,0,0,2,0,8,6,0,0,0,3,1,0.0,0.0,14.0,56.93333333333334,False,moderate,1,,,81,80,0,6,0.9876543209876543,False,8,43,15,27,3,0,0.0,True,8,7,1.8,11,3,4,True,0,45,0.0,15
3138,oz_ERC721Utils,,data/safe_contracts/openzeppelin-contracts/contracts/token/ERC721/utils/ERC721Utils.sol,,openzeppelin,False,False,False,False,False,False,False,False,False,False,False,False,False,False,True,False,False,False,False,False,False,False,True,True,False,0,0,7,1,3,0,0,7,0,47,5,1,7.0,0,19,0.40425531914893614,0,0,0,0,6,1,0,0,0,4,2,0.0,0.0,7.0,11.725,False,simple,0,,,15,19,0,7,1.2666666666666666,False,0,7,1,4,0,3,0.42857142857142855,False,0,1,4.0,4,0,1,False,0,5,0.0,1
3139,oz_ERC721Holder,,data/safe_contracts/openzeppelin-contracts/contracts/token/ERC721/utils/ERC721Holder.sol,,openzeppelin,False,False,False,False,False,False,False,False,False,False,False,False,False,False,False,False,False,False,False,False,False,False,True,True,False,0,0,4,1,0,0,0,1,0,23,2,1,1.0,0,16,0.6956521739130435,0,0,1,0,4,0,0,0,0,2,1,0.0,0.0,4.0,8.0,False,simple,0,,,2,1,0,1,0.5,False,1,1,1,0,0,0,0.0,False,1,0,0.0,1,0,0,False,0,4,0.0,1
3140,oz_IERC721Enumerable,,data/safe_contracts/openzeppelin-contracts/contracts/token/ERC721/extensions/IERC721Enumerable.sol,,openzeppelin,False,False,False,False,False,False,False,False,False,False,False,False,False,False,False,False,False,False,False,False,False,False,True,True,False,0,0,5,9,0,0,0,1,0,24,3,1,1.0,0,17,0.7083333333333334,0,0,1,0,5,0,0,0,0,2,1,0.0,0.0,5.0,12.5,False,simple,0,,,0,0,0,0,0.0,False,0,0,9,0,0,0,0.0,False,9,0,0.0,8,0,0,False,0,19,0.0,9
3141,oz_ERC721Royalty,,data/safe_contracts/openzeppelin-contracts/contracts/token/ERC721/extensions/ERC721Royalty.sol,,openzeppelin,False,False,False,False,False,False,False,False,False,False,False,False,False,False,False,False,False,False,False,False,False,False,False,False,False,0,0,0,0,0,0,0,0,0,0,1,0,0.0,0,0,0.0,0,0,0,0,0,0,0,0,0,0,0,0.0,0.0,0.0,0.0,False,simple,0,COMPILATION_ERROR,Compilation error: unresolved reference to identifier mcopy,0,0,0,0,0.0,False,0,0,0,0,0,0,0.0,False,0,0,0.0,0,0,0,False,0,0,0.0,0
3142,oz_ERC721Votes,,data/safe_contracts/openzeppelin-contracts/contracts/token/ERC721/extensions/ERC721Votes.sol,,openzeppelin,False,False,False,False,False,False,False,False,False,False,False,False,False,False,False,False,False,False,False,False,False,False,False,False,False,0,0,0,0,0,0,0,0,0,0,1,0,0.0,0,0,0.0,0,0,0,0,0,0,0,0,0,0,0,0.0,0.0,0.0,0.0,False,simple,0,COMPILATION_ERROR,Compilation error: unresolved reference to identifier mcopy,0,0,0,0,0.0,False,0,0,0,0,0,0,0.0,False,0,0,0.0,0,0,0,False,0,0,0.0,0
3143,oz_ERC721Burnable,,data/safe_contracts/openzeppelin-contracts/contracts/token/ERC721/extensions/ERC721Burnable.sol,,openzeppelin,False,False,False,False,False,False,False,False,False,False,False,False,False,False,False,False,False,False,False,False,False,False,False,False,False,0,0,0,0,0,0,0,0,0,0,1,0,0.0,0,0,0.0,0,0,0,0,0,0,0,0,0,0,0,0.0,0.0,0.0,0.0,False,simple,0,COMPILATION_ERROR,Compilation error: unresolved reference to identifier mcopy,0,0,0,0,0.0,False,0,0,0,0,0,0,0.0,False,0,0,0.0,0,0,0,False,0,0,0.0,0
3144,oz_ERC721Pausable,,data/safe_contracts/openzeppelin-contracts/contracts/token/ERC721/extensions/ERC721Pausable.sol,,openzeppelin,False,False,False,False,False,False,False,False,False,False,False,False,False,False,False,False,False,False,False,False,False,False,False,False,False,0,0,0,0,0,0,0,0,0,0,1,0,0.0,0,0,0.0,0,0,0,0,0,0,0,0,0,0,0,0.0,0.0,0.0,0.0,False,simple,0,COMPILATION_ERROR,Compilation error: unresolved reference to identifier mcopy,0,0,0,0,0.0,False,0,0,0,0,0,0,0.0,False,0,0,0.0,0,0,0,False,0,0,0.0,0
3145,oz_IERC721Metadata,,data/safe_contracts/openzeppelin-contracts/contracts/token/ERC721/extensions/IERC721Metadata.sol,,openzeppelin,False,False,False,False,False,False,False,False,False,False,False,False,False,False,False,False,False,False,False,False,False,False,True,True,False,0,0,5,9,0,0,0,1,0,22,3,1,1.0,0,15,0.6818181818181818,0,0,1,0,5,0,0,0,0,2,1,0.0,0.0,5.0,12.5,False,simple,0,,,0,0,0,0,0.0,False,0,0,9,0,0,0,0.0,False,9,0,0.0,8,0,0,False,0,19,0.0,9
3146,oz_ERC721URIStorage,,data/safe_contracts/openzeppelin-contracts/contracts/token/ERC721/extensions/ERC721URIStorage.sol,,openzeppelin,False,False,False,False,False,False,False,False,False,False,False,False,False,False,False,False,False,False,False,False,False,False,False,False,False,0,0,0,0,0,0,0,0,0,0,1,0,0.0,0,0,0.0,0,0,0,0,0,0,0,0,0,0,0,0.0,0.0,0.0,0.0,False,simple,0,COMPILATION_ERROR,Compilation error: unresolved reference to identifier mcopy,0,0,0,0,0.0,False,0,0,0,0,0,0,0.0,False,0,0,0.0,0,0,0,False,0,0,0.0,0
3147,oz_ERC721Consecutive,,data/safe_contracts/openzeppelin-contracts/contracts/token/ERC721/extensions/ERC721Consecutive.sol,,openzeppelin,False,False,False,False,False,False,False,False,False,False,False,False,False,False,False,False,False,False,False,False,False,False,False,False,False,0,0,0,0,0,0,0,0,0,0,1,0,0.0,0,0,0.0,0,0,0,0,0,0,0,0,0,0,0,0.0,0.0,0.0,0.0,False,simple,0,COMPILATION_ERROR,Compilation error: unresolved reference to identifier mcopy,0,0,0,0,0.0,False,0,0,0,0,0,0,0.0,False,0,0,0.0,0,0,0,False,0,0,0.0,0
3148,oz_ERC721Enumerable,,data/safe_contracts/openzeppelin-contracts/contracts/token/ERC721/extensions/ERC721Enumerable.sol,,openzeppelin,False,False,False,False,False,False,False,False,False,False,False,False,False,False,False,False,False,False,False,False,False,False,False,False,False,0,0,0,0,0,0,0,0,0,0,1,0,0.0,0,0,0.0,0,0,0,0,0,0,0,0,0,0,0,0.0,0.0,0.0,0.0,False,simple,0,COMPILATION_ERROR,Compilation error: unresolved reference to identifier mcopy,0,0,0,0,0.0,False,0,0,0,0,0,0,0.0,False,0,0,0.0,0,0,0,False,0,0,0.0,0
3149,oz_ERC721Wrapper,,data/safe_contracts/openzeppelin-contracts/contracts/token/ERC721/extensions/ERC721Wrapper.sol,,openzeppelin,False,False,False,False,False,False,False,False,False,False,False,False,False,False,False,False,False,False,False,False,False,False,False,False,False,0,0,0,0,0,0,0,0,0,0,1,0,0.0,0,0,0.0,0,0,0,0,0,0,0,0,0,0,0,0.0,0.0,0.0,0.0,False,simple,0,COMPILATION_ERROR,Compilation error: unresolved reference to identifier mcopy,0,0,0,0,0.0,False,0,0,0,0,0,0,0.0,False,0,0,0.0,0,0,0,False,0,0,0.0,0
3150,oz_SafeERC20,,data/safe_contracts/openzeppelin-contracts/contracts/token/ERC20/utils/SafeERC20.sol,,openzeppelin,False,False,False,False,False,False,False,False,False,False,False,False,False,False,True,False,False,False,False,False,False,False,True,True,False,0,0,24,13,5,0,0,7,0,260,4,1,3.769230769230769,0,129,0.49615384615384617,0,0,0,0,11,13,0,0,0,4,2,0.0,0.0,24.0,120.6,True,moderate,1,,,107,112,0,14,1.0467289719626167,False,2,49,13,41,0,5,0.10869565217391304,False,0,13,3.1538461538461537,10,0,5,False,3,49,1.6666666666666667,13
3151,oz_ERC1363Utils,,data/safe_contracts/openzeppelin-contracts/contracts/token/ERC20/utils/ERC1363Utils.sol,,openzeppelin,False,False,False,False,False,False,False,False,False,False,False,False,False,False,True,False,False,False,False,False,False,False,True,True,False,0,0,9,2,2,0,0,7,0,87,3,1,7.0,0,33,0.3793103448275862,0,0,0,0,7,2,0,0,0,4,2,0.0,0.0,9.0,18.9,False,simple,0,,,32,36,0,8,1.125,False,0,14,2,8,0,2,0.2,False,0,2,4.0,5,0,2,False,1,9,2.0,2
3152,oz_ERC20Crosschain,,data/safe_contracts/openzeppelin-contracts/contracts/token/ERC20/extensions/ERC20Crosschain.sol,,openzeppelin,False,False,False,False,False,False,False,False,False,False,False,False,False,False,False,False,False,False,False,False,False,False,False,False,False,0,0,0,0,0,0,0,0,0,0,1,0,0.0,0,0,0.0,0,0,0,0,0,0,0,0,0,0,0,0.0,0.0,0.0,0.0,False,simple,0,COMPILATION_ERROR,Compilation error: unresolved reference to identifier mcopy,0,0,0,0,0.0,False,0,0,0,0,0,0,0.0,False,0,0,0.0,0,0,0,False,0,0,0.0,0
3153,oz_ERC20Capped,,data/safe_contracts/openzeppelin-contracts/contracts/token/ERC20/extensions/ERC20Capped.sol,,openzeppelin,False,False,False,False,False,False,False,False,False,False,False,False,False,False,False,False,False,False,False,False,False,False,True,True,False,0,0,12,17,0,5,0,7,0,45,8,1,2.411764705882353,0,19,0.4222222222222222,0,0,1,0,8,4,0,0,0,3,1,0.0,0.0,12.0,43.2,False,moderate,1,,,81,76,0,7,0.9382716049382716,False,9,41,17,21,3,0,0.0,True,9,8,1.2352941176470589,14,5,3,True,0,32,0.0,13
3154,oz_ERC20Wrapper,,data/safe_contracts/openzeppelin-contracts/contracts/token/ERC20/extensions/ERC20Wrapper.sol,,openzeppelin,False,False,False,False,False,False,False,False,False,False,False,False,False,False,True,False,False,False,False,False,False,False,True,True,False,0,0,28,17,0,5,0,7,0,79,11,1,2.411764705882353,0,31,0.3924050632911392,0,0,1,0,16,12,0,0,0,4,2,0.0,0.0,28.0,170.8,True,moderate,1,,,81,76,0,7,0.9382716049382716,False,9,41,17,21,3,0,0.0,True,9,8,1.2352941176470589,14,5,3,True,0,32,0.0,13
3155,oz_ERC20Burnable,,data/safe_contracts/openzeppelin-contracts/contracts/token/ERC20/extensions/ERC20Burnable.sol,,openzeppelin,False,False,False,False,False,False,False,False,False,False,False,False,False,False,False,False,False,False,False,False,False,False,True,True,False,0,0,11,17,0,5,0,7,0,35,8,1,2.411764705882353,0,23,0.6571428571428571,0,0,1,0,8,3,0,0,0,3,1,0.0,0.0,11.0,37.03333333333333,False,moderate,1,,,81,76,0,7,0.9382716049382716,False,9,41,17,21,3,0,0.0,True,9,8,1.2352941176470589,14,5,3,True,0,32,0.0,13
3156,oz_ERC20Permit,,data/safe_contracts/openzeppelin-contracts/contracts/token/ERC20/extensions/ERC20Permit.sol,,openzeppelin,False,False,False,False,False,False,False,False,False,False,False,False,False,False,False,False,False,False,False,False,False,False,False,False,False,0,0,0,0,0,0,0,0,0,0,1,0,0.0,0,0,0.0,0,0,0,0,0,0,0,0,0,0,0,0.0,0.0,0.0,0.0,False,simple,0,COMPILATION_ERROR,Compilation error: unresolved reference to identifier mcopy,0,0,0,0,0.0,False,0,0,0,0,0,0,0.0,False,0,0,0.0,0,0,0,False,0,0,0.0,0
3157,oz_ERC4626,,data/safe_contracts/openzeppelin-contracts/contracts/token/ERC20/extensions/ERC4626.sol,,openzeppelin,False,False,False,False,False,False,False,False,False,False,False,False,False,False,False,False,False,False,False,False,False,False,False,False,False,0,0,0,0,0,0,0,0,0,0,1,0,0.0,0,0,0.0,0,0,0,0,0,0,0,0,0,0,0,0.0,0.0,0.0,0.0,False,simple,0,COMPILATION_ERROR,Compilation error: unresolved reference to identifier mcopy,0,0,0,0,0.0,False,0,0,0,0,0,0,0.0,False,0,0,0.0,0,0,0,False,0,0,0.0,0
3158,oz_IERC20Metadata,,data/safe_contracts/openzeppelin-contracts/contracts/token/ERC20/extensions/IERC20Metadata.sol,,openzeppelin,False,False,False,False,False,False,False,False,False,False,False,False,False,False,False,False,False,False,False,False,False,False,True,True,False,0,0,4,6,0,0,0,1,0,21,2,1,1.0,0,14,0.6666666666666666,0,0,0,0,4,0,0,0,0,2,1,0.0,0.0,4.0,8.0,False,simple,0,,,0,0,0,0,0.0,False,0,0,6,0,0,0,0.0,False,6,0,0.0,6,0,0,False,0,10,0.0,5
3159,oz_ERC20Votes,,data/safe_contracts/openzeppelin-contracts/contracts/token/ERC20/extensions/ERC20Votes.sol,,openzeppelin,False,False,False,False,False,False,False,False,False,False,False,False,False,False,False,False,False,False,False,False,False,False,False,False,False,0,0,0,0,0,0,0,0,0,0,1,0,0.0,0,0,0.0,0,0,0,0,0,0,0,0,0,0,0,0.0,0.0,0.0,0.0,False,simple,0,COMPILATION_ERROR,Compilation error: unresolved reference to identifier mcopy,0,0,0,0,0.0,False,0,0,0,0,0,0,0.0,False,0,0,0.0,0,0,0,False,0,0,0.0,0
3160,oz_ERC20FlashMint,,data/safe_contracts/openzeppelin-contracts/contracts/token/ERC20/extensions/ERC20FlashMint.sol,,openzeppelin,False,False,False,False,False,True,True,False,False,False,False,False,False,False,False,False,False,False,False,False,False,False,True,True,False,0,0,14,17,0,5,0,7,0,119,10,1,2.411764705882353,0,70,0.5882352941176471,0,0,1,0,10,4,0,0,0,5,2,0.0,0.0,14.0,35.839999999999996,False,moderate,1,,,81,76,0,7,0.9382716049382716,False,9,41,17,21,3,0,0.0,True,9,8,1.2352941176470589,14,5,3,True,0,32,0.0,13
3161,oz_ERC1363,,data/safe_contracts/openzeppelin-contracts/contracts/token/ERC20/extensions/ERC1363.sol,,openzeppelin,False,False,False,False,False,False,False,False,False,False,False,False,False,False,True,False,False,False,False,False,False,False,True,True,False,0,0,22,7,3,0,0,3,0,123,14,1,1.8571428571428572,0,75,0.6097560975609756,0,3,2,0,18,4,0,0,0,4,2,0.0,0.0,22.0,114.4,True,simple,0,,,26,22,0,4,0.8461538461538461,False,7,13,7,14,1,3,0.17647058823529413,True,7,0,2.0,8,0,3,False,3,18,1.0,7
3162,oz_IERC20Permit,,data/safe_contracts/openzeppelin-contracts/contracts/token/ERC20/extensions/IERC20Permit.sol,,openzeppelin,False,False,False,False,False,False,False,False,False,False,False,False,False,False,False,False,False,False,False,False,False,False,True,False,False,0,0,3,3,0,0,0,1,0,86,1,1,1.0,0,72,0.8372093023255814,0,0,0,0,3,0,0,0,0,2,1,0.0,0.0,3.0,4.5,False,simple,0,,,0,0,0,0,0.0,False,0,0,3,0,0,0,0.0,False,3,0,0.0,3,0,0,False,0,8,0.0,2
3163,oz_ERC20Pausable,,data/safe_contracts/openzeppelin-contracts/contracts/token/ERC20/extensions/ERC20Pausable.sol,,openzeppelin,False,False,False,False,False,False,False,False,False,False,False,False,False,False,False,False,False,False,False,False,False,False,True,True,False,0,0,16,17,0,5,0,7,0,30,9,1,2.411764705882353,0,22,0.7333333333333333,0,0,1,0,9,7,0,0,0,3,1,0.0,0.0,16.0,74.13333333333333,False,moderate,1,,,81,76,0,7,0.9382716049382716,False,9,41,17,21,3,0,0.0,True,9,8,1.2352941176470589,14,5,3,True,0,32,0.0,13
3164,oz_ERC1155Utils,,data/safe_contracts/openzeppelin-contracts/contracts/token/ERC1155/utils/ERC1155Utils.sol,,openzeppelin,False,False,False,False,False,False,False,False,False,False,False,False,False,False,True,False,False,False,False,False,False,False,True,True,False,0,0,10,2,6,0,0,7,0,84,6,1,7.0,0,29,0.34523809523809523,0,0,0,0,8,2,0,0,0,4,2,0.0,0.0,10.0,23.5,False,simple,0,,,30,38,0,7,1.2666666666666666,False,0,14,2,8,0,6,0.42857142857142855,False,0,2,4.0,4,0,2,False,0,12,0.0,2
3165,oz_ERC1155Holder,,data/safe_contracts/openzeppelin-contracts/contracts/token/ERC1155/utils/ERC1155Holder.sol,,openzeppelin,False,False,False,False,False,False,False,False,False,False,False,False,False,False,False,False,False,False,False,False,False,False,True,True,False,0,0,6,3,0,0,0,1,0,37,4,1,1.0,0,11,0.2972972972972973,0,0,2,0,6,0,0,0,0,2,1,0.0,0.0,6.0,18.0,False,simple,0,,,6,3,0,1,0.5,False,3,3,3,2,1,0,0.0,True,3,0,0.6666666666666666,3,0,0,False,0,11,0.0,3
3166,oz_ERC1155Burnable,,data/safe_contracts/openzeppelin-contracts/contracts/token/ERC1155/extensions/ERC1155Burnable.sol,,openzeppelin,False,False,False,False,False,False,False,False,False,False,False,False,False,False,False,False,False,False,False,False,False,False,False,False,False,0,0,0,0,0,0,0,0,0,0,1,0,0.0,0,0,0.0,0,0,0,0,0,0,0,0,0,0,0,0.0,0.0,0.0,0.0,False,simple,0,COMPILATION_ERROR,Compilation error: unresolved reference to identifier mcopy,0,0,0,0,0.0,False,0,0,0,0,0,0,0.0,False,0,0,0.0,0,0,0,False,0,0,0.0,0
3167,oz_ERC1155Supply,,data/safe_contracts/openzeppelin-contracts/contracts/token/ERC1155/extensions/ERC1155Supply.sol,,openzeppelin,False,False,False,False,False,False,False,False,False,False,False,False,False,False,False,False,False,False,False,False,False,False,False,False,False,0,0,0,0,0,0,0,0,0,0,1,0,0.0,0,0,0.0,0,0,0,0,0,0,0,0,0,0,0,0.0,0.0,0.0,0.0,False,simple,0,COMPILATION_ERROR,Compilation error: unresolved reference to identifier mcopy,0,0,0,0,0.0,False,0,0,0,0,0,0,0.0,False,0,0,0.0,0,0,0,False,0,0,0.0,0
3168,oz_ERC1155URIStorage,,data/safe_contracts/openzeppelin-contracts/contracts/token/ERC1155/extensions/ERC1155URIStorage.sol,,openzeppelin,False,False,False,False,False,False,False,False,False,False,False,False,False,False,False,False,False,False,False,False,False,False,False,False,False,0,0,0,0,0,0,0,0,0,0,1,0,0.0,0,0,0.0,0,0,0,0,0,0,0,0,0,0,0,0.0,0.0,0.0,0.0,False,simple,0,COMPILATION_ERROR,Compilation error: unresolved reference to identifier mcopy,0,0,0,0,0.0,False,0,0,0,0,0,0,0.0,False,0,0,0.0,0,0,0,False,0,0,0.0,0
3169,oz_ERC1155Pausable,,data/safe_contracts/openzeppelin-contracts/contracts/token/ERC1155/extensions/ERC1155Pausable.sol,,openzeppelin,False,False,False,False,False,False,False,False,False,False,False,False,False,False,False,False,False,False,False,False,False,False,False,False,False,0,0,0,0,0,0,0,0,0,0,1,0,0.0,0,0,0.0,0,0,0,0,0,0,0,0,0,0,0,0.0,0.0,0.0,0.0,False,simple,0,COMPILATION_ERROR,Compilation error: unresolved reference to identifier mcopy,0,0,0,0,0.0,False,0,0,0,0,0,0,0.0,False,0,0,0.0,0,0,0,False,0,0,0.0,0
3170,oz_IERC1155MetadataURI,,data/safe_contracts/openzeppelin-contracts/contracts/token/ERC1155/extensions/IERC1155MetadataURI.sol,,openzeppelin,False,False,False,False,False,False,False,False,False,False,False,False,False,False,False,False,False,False,False,False,False,False,True,True,False,0,0,5,6,0,0,0,1,0,17,3,1,1.0,0,12,0.7058823529411765,0,0,1,0,5,0,0,0,0,2,1,0.0,0.0,5.0,12.5,False,simple,0,,,0,0,0,0,0.0,False,0,0,6,0,0,0,0.0,False,6,0,0.0,6,0,0,False,0,18,0.0,6
3171,oz_Heap,,data/safe_contracts/openzeppelin-contracts/contracts/utils/structs/Heap.sol,,openzeppelin,False,False,False,False,False,False,False,False,False,False,False,False,False,False,False,False,False,False,False,False,False,False,False,False,False,0,0,0,0,0,0,0,0,0,0,1,0,0.0,0,0,0.0,0,0,0,0,0,0,0,0,0,0,0,0.0,0.0,0.0,0.0,False,simple,0,COMPILATION_ERROR,Compilation error: unresolved reference to identifier mcopy,0,0,0,0,0.0,False,0,0,0,0,0,0,0.0,False,0,0,0.0,0,0,0,False,0,0,0.0,0
3172,oz_BitMaps,,data/safe_contracts/openzeppelin-contracts/contracts/utils/structs/BitMaps.sol,,openzeppelin,False,False,False,False,False,False,False,False,False,False,False,False,False,False,False,False,False,False,False,False,False,False,True,False,False,0,0,6,4,0,0,0,3,0,55,1,1,1.5,0,27,0.4909090909090909,0,0,0,0,2,4,0,0,0,2,1,0.0,0.0,6.0,14.399999999999999,False,simple,0,,,17,14,0,3,0.8235294117647058,False,1,6,4,2,0,0,0.0,False,0,4,0.5,3,0,0,False,0,9,0.0,4
3173,oz_Accumulators,,data/safe_contracts/openzeppelin-contracts/contracts/utils/structs/Accumulators.sol,,openzeppelin,False,False,False,False,False,False,False,False,False,False,False,False,False,False,False,False,False,False,False,False,False,False,False,False,False,0,0,0,0,0,0,0,0,0,0,1,0,0.0,0,0,0.0,0,0,0,0,0,0,0,0,0,0,0,0.0,0.0,0.0,0.0,False,simple,0,COMPILATION_ERROR,Compilation error: unresolved reference to identifier mcopy,0,0,0,0,0.0,False,0,0,0,0,0,0,0.0,False,0,0,0.0,0,0,0,False,0,0,0.0,0
3174,oz_EnumerableMap,,data/safe_contracts/openzeppelin-contracts/contracts/utils/structs/EnumerableMap.sol,,openzeppelin,False,False,False,False,False,False,False,False,False,False,False,False,False,False,False,False,False,False,False,False,False,False,False,False,False,0,0,0,0,0,0,0,0,0,0,1,0,0.0,0,0,0.0,0,0,0,0,0,0,0,0,0,0,0,0.0,0.0,0.0,0.0,False,simple,0,COMPILATION_ERROR,Compilation error: unresolved reference to identifier mcopy,0,0,0,0,0.0,False,0,0,0,0,0,0,0.0,False,0,0,0.0,0,0,0,False,0,0,0.0,0
3175,oz_DoubleEndedQueue,,data/safe_contracts/openzeppelin-contracts/contracts/utils/structs/DoubleEndedQueue.sol,,openzeppelin,False,False,False,False,False,False,False,False,False,False,False,False,False,False,True,False,False,False,False,False,False,False,True,False,False,0,0,22,17,7,0,0,3,0,218,2,1,2.6470588235294117,0,109,0.5,0,7,0,0,4,18,0,0,0,3,2,0.0,0.0,22.0,121.73333333333332,True,moderate,1,,,107,97,0,8,0.9065420560747663,False,19,45,17,10,0,7,0.4117647058823529,False,0,17,0.5882352941176471,7,0,7,False,0,23,0.0,17
3176,oz_EnumerableSet,,data/safe_contracts/openzeppelin-contracts/contracts/utils/structs/EnumerableSet.sol,,openzeppelin,False,False,False,False,False,False,False,False,False,False,False,False,False,False,False,False,False,False,False,False,False,False,False,False,False,0,0,0,0,0,0,0,0,0,0,1,0,0.0,0,0,0.0,0,0,0,0,0,0,0,0,0,0,0,0.0,0.0,0.0,0.0,False,simple,0,COMPILATION_ERROR,Compilation error: unresolved reference to identifier mcopy,0,0,0,0,0.0,False,0,0,0,0,0,0,0.0,False,0,0,0.0,0,0,0,False,0,0,0.0,0
3177,oz_CircularBuffer,,data/safe_contracts/openzeppelin-contracts/contracts/utils/structs/CircularBuffer.sol,,openzeppelin,False,False,False,False,False,False,False,False,False,False,False,False,False,False,False,False,False,False,False,False,False,False,False,False,False,0,0,0,0,0,0,0,0,0,0,1,0,0.0,0,0,0.0,0,0,0,0,0,0,0,0,0,0,0,0.0,0.0,0.0,0.0,False,simple,0,COMPILATION_ERROR,Compilation error: unresolved reference to identifier mcopy,0,0,0,0,0.0,False,0,0,0,0,0,0,0.0,False,0,0,0.0,0,0,0,False,0,0,0.0,0
3178,oz_MerkleTree,,data/safe_contracts/openzeppelin-contracts/contracts/utils/structs/MerkleTree.sol,,openzeppelin,False,False,False,False,False,False,False,False,False,False,False,False,False,False,False,False,False,False,False,False,False,False,False,False,False,0,0,0,0,0,0,0,0,0,0,1,0,0.0,0,0,0.0,0,0,0,0,0,0,0,0,0,0,0,0.0,0.0,0.0,0.0,False,simple,0,COMPILATION_ERROR,Compilation error: unresolved reference to identifier mcopy,0,0,0,0,0.0,False,0,0,0,0,0,0,0.0,False,0,0,0.0,0,0,0,False,0,0,0.0,0
3179,oz_Checkpoints,,data/safe_contracts/openzeppelin-contracts/contracts/utils/structs/Checkpoints.sol,,openzeppelin,False,False,False,False,False,False,False,False,False,False,False,False,False,False,True,False,False,False,False,False,False,False,True,False,False,1,9,172,48,20,0,0,6,0,746,4,1,3.0,0,249,0.33378016085790885,0,12,0,0,21,161,0,10,0,6,2,0.0,0.0,227.0,5058.316666666667,True,complex,2,,,340,324,16,11,0.9529411764705882,True,68,144,48,60,0,20,0.25,False,0,48,1.25,5,0,16,False,0,108,0.0,48
3180,oz_IERC165,,data/safe_contracts/openzeppelin-contracts/contracts/utils/introspection/IERC165.sol,,openzeppelin,False,False,False,False,False,False,False,False,False,False,False,False,False,False,False,False,False,False,False,False,False,False,True,False,False,0,0,2,1,0,0,0,1,0,23,1,1,1.0,0,19,0.8260869565217391,0,0,0,0,2,0,0,0,0,1,1,0.0,0.0,2.0,4.0,False,simple,0,,,0,0,0,0,0.0,False,0,0,1,0,0,0,0.0,False,1,0,0.0,1,0,0,False,0,1,0.0,1
3181,oz_ERC165,,data/safe_contracts/openzeppelin-contracts/contracts/utils/introspection/ERC165.sol,,openzeppelin,False,False,False,False,False,False,False,False,False,False,False,False,False,False,False,False,False,False,False,False,False,False,True,True,False,0,0,4,1,0,0,0,1,0,22,2,1,1.0,0,15,0.6818181818181818,0,0,1,0,4,0,0,0,0,2,1,0.0,0.0,4.0,8.0,False,simple,0,,,2,1,0,1,0.5,False,1,1,1,1,1,0,0.0,False,1,0,1.0,1,0,0,False,0,1,0.0,1
3182,oz_ERC165Checker,,data/safe_contracts/openzeppelin-contracts/contracts/utils/introspection/ERC165Checker.sol,,openzeppelin,False,False,False,False,False,False,False,False,False,False,False,False,False,False,True,False,False,False,False,False,False,False,True,True,False,0,0,11,7,1,1,0,8,0,128,2,1,2.857142857142857,0,70,0.546875,0,0,0,0,5,6,0,0,0,4,2,0.0,0.0,11.0,25.299999999999997,False,moderate,1,,,47,43,2,8,0.9148936170212766,False,8,20,7,14,0,1,0.06666666666666667,False,0,7,2.0,6,1,1,True,0,11,0.0,6
3183,oz_Time,,data/safe_contracts/openzeppelin-contracts/contracts/utils/types/Time.sol,,openzeppelin,False,False,True,False,False,False,False,False,False,False,False,False,False,False,True,False,False,False,False,False,False,True,True,False,False,1,10,130,9,10,0,0,3,0,118,4,1,1.3333333333333333,0,68,0.576271186440678,0,6,0,0,17,124,0,11,0,8,4,0.0,0.0,190.0,2465.25,True,simple,0,,,33,25,0,6,0.7575757575757576,False,10,12,9,4,0,10,0.7142857142857143,False,0,9,0.4444444444444444,7,0,6,False,0,12,0.0,7
3184,oz_MerkleProof,,data/safe_contracts/openzeppelin-contracts/contracts/utils/cryptography/MerkleProof.sol,,openzeppelin,False,False,False,False,False,False,False,False,False,False,False,False,False,False,True,False,False,False,False,False,False,False,True,False,False,0,0,22,16,8,0,0,16,0,483,2,1,5.5,4,248,0.5134575569358178,0,4,0,0,4,18,0,0,0,3,2,0.0,0.0,22.0,121.73333333333332,True,complex,2,,,192,204,28,20,1.0625,True,24,88,16,12,0,8,0.4,False,0,16,0.75,3,0,6,False,0,56,0.0,16
3185,oz_SignatureChecker,,data/safe_contracts/openzeppelin-contracts/contracts/utils/cryptography/SignatureChecker.sol,,openzeppelin,False,False,False,False,False,False,False,False,False,False,False,False,False,False,False,False,False,False,False,False,False,False,False,False,False,0,0,0,0,0,0,0,0,0,0,1,0,0.0,0,0,0.0,0,0,0,0,0,0,0,0,0,0,0,0.0,0.0,0.0,0.0,False,simple,0,COMPILATION_ERROR,Compilation error: unresolved reference to identifier mcopy,0,0,0,0,0.0,False,0,0,0,0,0,0,0.0,False,0,0,0.0,0,0,0,False,0,0,0.0,0
3186,oz_Hashes,,data/safe_contracts/openzeppelin-contracts/contracts/utils/cryptography/Hashes.sol,,openzeppelin,False,False,False,False,False,False,False,False,False,False,False,False,False,False,True,False,False,False,False,False,False,False,True,False,False,0,0,5,2,0,0,0,2,0,28,1,1,1.5,0,15,0.5357142857142857,0,0,0,0,3,2,0,0,0,3,2,0.0,0.0,5.0,7.333333333333334,False,simple,0,,,10,8,0,5,0.8,False,2,3,2,3,0,0,0.0,False,0,2,1.5,2,0,0,False,0,4,0.0,2
3187,oz_MessageHashUtils,,data/safe_contracts/openzeppelin-contracts/contracts/utils/cryptography/MessageHashUtils.sol,,openzeppelin,False,False,False,False,False,False,False,False,False,False,False,False,False,False,False,False,False,False,False,False,False,False,False,False,False,0,0,0,0,0,0,0,0,0,0,1,0,0.0,0,0,0.0,0,0,0,0,0,0,0,0,0,0,0,0.0,0.0,0.0,0.0,False,simple,0,COMPILATION_ERROR,Compilation error: unresolved reference to identifier mcopy,0,0,0,0,0.0,False,0,0,0,0,0,0,0.0,False,0,0,0.0,0,0,0,False,0,0,0.0,0
3188,oz_WebAuthn,,data/safe_contracts/openzeppelin-contracts/contracts/utils/cryptography/WebAuthn.sol,,openzeppelin,False,False,False,False,False,False,False,False,False,False,False,False,False,False,False,False,False,False,False,False,False,False,False,False,False,0,0,0,0,0,0,0,0,0,0,1,0,0.0,0,0,0.0,0,0,0,0,0,0,0,0,0,0,0,0.0,0.0,0.0,0.0,False,simple,0,COMPILATION_ERROR,Compilation error: unresolved reference to identifier mcopy,0,0,0,0,0.0,False,0,0,0,0,0,0,0.0,False,0,0,0.0,0,0,0,False,0,0,0.0,0
3189,oz_TrieProof,,data/safe_contracts/openzeppelin-contracts/contracts/utils/cryptography/TrieProof.sol,,openzeppelin,False,False,False,False,False,False,False,False,False,False,False,False,False,False,False,False,False,False,False,False,False,False,False,False,False,0,0,0,0,0,0,0,0,0,0,1,0,0.0,0,0,0.0,0,0,0,0,0,0,0,0,0,0,0,0.0,0.0,0.0,0.0,False,simple,0,COMPILATION_ERROR,Compilation error: unresolved reference to identifier mcopy,0,0,0,0,0.0,False,0,0,0,0,0,0,0.0,False,0,0,0.0,0,0,0,False,0,0,0.0,0
3190,oz_P256,,data/safe_contracts/openzeppelin-contracts/contracts/utils/cryptography/P256.sol,,openzeppelin,False,False,False,False,False,False,False,False,False,False,False,False,False,False,True,False,False,False,False,False,False,False,True,False,False,1,9,147,16,5,8,0,10,0,379,5,1,2.9375,0,149,0.39313984168865435,0,4,0,0,23,134,0,10,0,6,2,0.0,0.0,202.0,3932.2666666666664,True,moderate,1,,,220,212,6,40,0.9636363636363636,True,17,47,16,37,0,5,0.11904761904761904,False,0,16,2.3125,10,8,4,True,0,51,0.0,15
3191,oz_EIP712,,data/safe_contracts/openzeppelin-contracts/contracts/utils/cryptography/EIP712.sol,,openzeppelin,False,False,False,False,False,False,False,False,False,False,False,False,False,False,False,False,False,False,False,False,False,False,False,False,False,0,0,0,0,0,0,0,0,0,0,1,0,0.0,0,0,0.0,0,0,0,0,0,0,0,0,0,0,0,0.0,0.0,0.0,0.0,False,simple,0,COMPILATION_ERROR,Compilation error: unresolved reference to identifier mcopy,0,0,0,0,0.0,False,0,0,0,0,0,0,0.0,False,0,0,0.0,0,0,0,False,0,0,0.0,0
3192,oz_ECDSA,,data/safe_contracts/openzeppelin-contracts/contracts/utils/cryptography/ECDSA.sol,,openzeppelin,False,False,False,False,False,False,False,False,False,False,False,False,False,False,True,False,False,False,False,False,False,False,True,False,False,0,0,17,11,0,0,0,9,0,266,1,1,3.0,0,119,0.4473684210526316,0,0,0,0,6,11,0,0,0,3,2,0.0,0.0,17.0,77.63333333333333,False,moderate,1,,,118,114,0,10,0.9661016949152542,False,13,33,11,23,0,0,0.0,True,0,11,2.090909090909091,7,0,0,False,0,26,0.0,11
3193,oz_RSA,,data/safe_contracts/openzeppelin-contracts/contracts/utils/cryptography/RSA.sol,,openzeppelin,False,False,False,False,False,False,False,False,False,False,False,False,False,False,True,False,False,False,False,False,False,False,True,False,False,1,9,128,3,2,0,0,19,0,142,4,1,7.0,1,79,0.5563380281690141,0,2,0,0,18,120,0,10,0,6,2,0.0,0.0,183.0,3111.0,True,moderate,1,,,50,51,2,23,1.02,True,6,21,3,4,0,2,0.3333333333333333,True,0,3,1.3333333333333333,2,0,1,False,0,10,0.0,3
3194,oz_SafeCast,,data/safe_contracts/openzeppelin-contracts/contracts/utils/math/SafeCast.sol,,openzeppelin,False,False,False,False,False,False,False,False,False,False,False,False,False,False,True,False,False,False,False,False,False,False,True,False,False,0,0,68,65,0,0,0,3,0,1092,1,1,2.9692307692307693,0,696,0.6373626373626373,0,0,0,0,3,65,0,0,0,3,2,0.0,0.0,68.0,1099.3333333333335,True,complex,2,,,324,323,0,3,0.9969135802469136,False,33,193,65,64,0,0,0.0,False,0,65,0.9846153846153847,5,0,0,False,0,65,0.0,65
3195,oz_SignedMath,,data/safe_contracts/openzeppelin-contracts/contracts/utils/math/SignedMath.sol,,openzeppelin,False,False,False,False,False,False,False,False,False,False,False,False,False,False,True,False,False,False,False,False,False,False,True,False,False,0,0,74,5,1,0,0,1,0,60,2,1,1.0,0,35,0.5833333333333334,0,1,0,0,4,70,0,0,0,3,2,0.0,0.0,74.0,1307.3333333333335,True,simple,0,,,12,7,0,2,0.5833333333333334,False,5,5,5,2,0,1,0.3333333333333333,False,0,5,0.4,3,0,1,False,0,10,0.0,5
3196,oz_Math,,data/safe_contracts/openzeppelin-contracts/contracts/utils/math/Math.sol,,openzeppelin,False,False,False,False,False,False,False,False,False,False,False,False,False,False,True,False,False,False,False,False,False,False,True,False,False,1,9,119,36,31,0,0,17,0,693,3,1,2.611111111111111,2,339,0.48917748917748916,0,19,0,0,16,113,0,10,0,6,2,0.0,0.0,174.0,2757.8999999999996,True,critical,3,,,289,274,2,29,0.9480968858131488,False,33,94,36,45,0,31,0.40789473684210525,True,0,36,1.25,17,0,20,False,0,76,0.0,36
3197,oz_ERC7913P256Verifier,,data/safe_contracts/openzeppelin-contracts/contracts/utils/cryptography/verifiers/ERC7913P256Verifier.sol,,openzeppelin,False,False,False,False,False,False,False,False,False,False,False,False,False,False,True,False,False,False,False,False,False,False,True,True,False,1,9,133,16,5,8,0,10,0,26,7,1,2.9375,0,9,0.34615384615384615,0,4,0,0,26,117,0,10,0,7,2,0.0,0.0,188.0,2897.885714285714,True,moderate,1,,,220,212,6,40,0.9636363636363636,True,17,47,16,37,0,5,0.11904761904761904,False,0,16,2.3125,10,8,4,True,0,51,0.0,15
3198,oz_ERC7913RSAVerifier,,data/safe_contracts/openzeppelin-contracts/contracts/utils/cryptography/verifiers/ERC7913RSAVerifier.sol,,openzeppelin,False,False,False,False,False,False,False,False,False,False,False,False,False,False,True,False,False,False,False,False,False,False,True,True,False,1,9,119,3,2,0,0,19,0,20,6,1,7.0,1,8,0.4,0,2,0,0,21,108,0,10,0,7,2,0.0,0.0,174.0,2401.2,True,moderate,1,,,50,51,2,23,1.02,True,6,21,3,4,0,2,0.3333333333333333,True,0,3,1.3333333333333333,2,0,1,False,0,10,0.0,3
3199,oz_ERC7913WebAuthnVerifier,,data/safe_contracts/openzeppelin-contracts/contracts/utils/cryptography/verifiers/ERC7913WebAuthnVerifier.sol,,openzeppelin,False,False,False,False,False,False,False,False,False,False,False,False,False,False,False,False,False,False,False,False,False,False,False,False,False,0,0,0,0,0,0,0,0,0,0,1,0,0.0,0,0,0.0,0,0,0,0,0,0,0,0,0,0,0,0.0,0.0,0.0,0.0,False,simple,0,COMPILATION_ERROR,Compilation error: unresolved reference to identifier mcopy,0,0,0,0,0.0,False,0,0,0,0,0,0,0.0,False,0,0,0.0,0,0,0,False,0,0,0.0,0
3200,oz_SignerECDSA,,data/safe_contracts/openzeppelin-contracts/contracts/utils/cryptography/signers/SignerECDSA.sol,,openzeppelin,False,False,False,False,False,False,False,False,False,False,False,False,False,False,True,False,False,False,False,False,False,True,True,False,False,0,1,21,11,0,0,0,9,0,49,3,1,3.0,0,27,0.5510204081632653,0,0,0,0,8,14,0,1,0,4,3,0.0,0.0,26.0,115.69999999999999,True,moderate,1,,,118,114,0,10,0.9661016949152542,False,13,33,11,23,0,0,0.0,True,0,11,2.090909090909091,7,0,0,False,0,26,0.0,11
3201,oz_MultiSignerERC7913,,data/safe_contracts/openzeppelin-contracts/contracts/utils/cryptography/signers/MultiSignerERC7913.sol,,openzeppelin,False,False,False,False,False,False,False,False,False,False,False,False,False,False,False,False,False,False,False,False,False,False,False,False,False,0,0,0,0,0,0,0,0,0,0,1,0,0.0,0,0,0.0,0,0,0,0,0,0,0,0,0,0,0,0.0,0.0,0.0,0.0,False,simple,0,COMPILATION_ERROR,Compilation error: unresolved reference to identifier mcopy,0,0,0,0,0.0,False,0,0,0,0,0,0,0.0,False,0,0,0.0,0,0,0,False,0,0,0.0,0
3202,oz_SignerWebAuthn,,data/safe_contracts/openzeppelin-contracts/contracts/utils/cryptography/signers/SignerWebAuthn.sol,,openzeppelin,False,False,False,False,False,False,False,False,False,False,False,False,False,False,False,False,False,False,False,False,False,False,False,False,False,0,0,0,0,0,0,0,0,0,0,1,0,0.0,0,0,0.0,0,0,0,0,0,0,0,0,0,0,0,0.0,0.0,0.0,0.0,False,simple,0,COMPILATION_ERROR,Compilation error: unresolved reference to identifier mcopy,0,0,0,0,0.0,False,0,0,0,0,0,0,0.0,False,0,0,0.0,0,0,0,False,0,0,0.0,0
3203,oz_SignerP256,,data/safe_contracts/openzeppelin-contracts/contracts/utils/cryptography/signers/SignerP256.sol,,openzeppelin,False,False,False,False,False,False,False,False,False,False,False,False,False,False,True,False,False,False,False,False,False,False,True,False,False,1,9,151,16,5,8,0,10,0,56,7,1,2.9375,0,27,0.48214285714285715,0,4,0,0,25,136,0,10,0,6,2,0.0,0.0,206.0,4126.866666666667,True,moderate,1,,,220,212,6,40,0.9636363636363636,True,17,47,16,37,0,5,0.11904761904761904,False,0,16,2.3125,10,8,4,True,0,51,0.0,15
3204,oz_AbstractSigner,,data/safe_contracts/openzeppelin-contracts/contracts/utils/cryptography/signers/AbstractSigner.sol,,openzeppelin,False,False,False,False,False,False,False,False,False,False,False,False,False,False,False,False,False,False,False,False,False,False,True,False,False,0,0,2,1,0,0,0,1,0,21,1,1,1.0,0,17,0.8095238095238095,0,0,0,0,2,0,0,0,0,1,1,0.0,0.0,2.0,4.0,False,simple,0,,,0,0,0,0,0.0,False,0,0,1,0,0,0,0.0,False,0,1,0.0,1,0,0,False,0,2,0.0,1
3205,oz_SignerEIP7702,,data/safe_contracts/openzeppelin-contracts/contracts/utils/cryptography/signers/SignerEIP7702.sol,,openzeppelin,False,False,False,False,False,False,False,False,False,False,False,False,False,False,True,False,False,False,False,False,False,True,True,False,False,0,1,20,1,1,0,0,1,0,22,3,1,1.0,0,10,0.45454545454545453,0,1,1,0,8,13,0,1,0,4,3,0.0,0.0,25.0,106.875,True,simple,0,,,5,4,0,4,0.8,False,1,1,1,0,0,1,1.0,False,0,1,0.0,1,0,1,False,1,2,1.0,1
3206,oz_MultiSignerERC7913Weighted,,data/safe_contracts/openzeppelin-contracts/contracts/utils/cryptography/signers/MultiSignerERC7913Weighted.sol,,openzeppelin,False,False,False,False,False,False,False,False,False,False,False,False,False,False,False,False,False,False,False,False,False,False,False,False,False,0,0,0,0,0,0,0,0,0,0,1,0,0.0,0,0,0.0,0,0,0,0,0,0,0,0,0,0,0,0.0,0.0,0.0,0.0,False,simple,0,COMPILATION_ERROR,Compilation error: unresolved reference to identifier mcopy,0,0,0,0,0.0,False,0,0,0,0,0,0,0.0,False,0,0,0.0,0,0,0,False,0,0,0.0,0
3207,oz_SignerERC7913,,data/safe_contracts/openzeppelin-contracts/contracts/utils/cryptography/signers/SignerERC7913.sol,,openzeppelin,False,False,False,False,False,False,False,False,False,False,False,False,False,False,False,False,False,False,False,False,False,False,False,False,False,0,0,0,0,0,0,0,0,0,0,1,0,0.0,0,0,0.0,0,0,0,0,0,0,0,0,0,0,0,0.0,0.0,0.0,0.0,False,simple,0,COMPILATION_ERROR,Compilation error: unresolved reference to identifier mcopy,0,0,0,0,0.0,False,0,0,0,0,0,0,0.0,False,0,0,0.0,0,0,0,False,0,0,0.0,0
3208,oz_SignerRSA,,data/safe_contracts/openzeppelin-contracts/contracts/utils/cryptography/signers/SignerRSA.sol,,openzeppelin,False,False,False,False,False,False,False,False,False,False,False,False,False,False,True,False,False,False,False,False,False,False,True,False,False,1,9,132,3,2,0,0,19,0,58,6,1,7.0,1,34,0.5862068965517241,0,2,0,0,20,122,0,10,0,6,2,0.0,0.0,187.0,3284.9666666666662,True,moderate,1,,,50,51,2,23,1.02,True,6,21,3,4,0,2,0.3333333333333333,True,0,3,1.3333333333333333,2,0,1,False,0,10,0.0,3
3209,oz_ProxyAdmin,,data/safe_contracts/openzeppelin-contracts/contracts/proxy/transparent/ProxyAdmin.sol,,openzeppelin,False,False,False,False,False,False,False,False,False,False,False,False,False,False,True,False,False,False,False,False,False,True,True,True,False,1,2,63,4,0,0,0,3,0,40,14,1,1.5,0,26,0.65,1,0,0,0,35,31,0,3,0,7,3,0.0,0.0,83.0,672.3,True,simple,0,,,17,15,0,11,0.8823529411764706,False,0,5,4,11,3,0,0.0,False,1,3,2.75,9,0,0,False,0,1,0.0,1
3210,oz_TransparentUpgradeableProxy,,data/safe_contracts/openzeppelin-contracts/contracts/proxy/transparent/TransparentUpgradeableProxy.sol,,openzeppelin,False,False,False,False,False,False,False,False,False,False,False,False,False,False,True,False,False,False,False,False,False,True,True,True,False,1,2,63,4,0,0,0,3,0,109,14,1,1.5,0,75,0.6880733944954128,1,0,0,0,35,31,0,3,0,7,3,0.0,0.0,83.0,672.3,True,simple,0,,,17,15,0,11,0.8823529411764706,False,0,5,4,11,3,0,0.0,False,1,3,2.75,9,0,0,False,0,1,0.0,1
3211,oz_UUPSUpgradeable,,data/safe_contracts/openzeppelin-contracts/contracts/proxy/utils/UUPSUpgradeable.sol,,openzeppelin,False,False,False,False,False,False,False,False,False,False,False,False,False,False,True,False,False,False,False,False,False,True,True,True,False,0,2,60,8,4,2,2,3,0,134,9,1,1.75,0,86,0.6417910447761194,1,2,1,0,32,30,0,2,0,7,3,0.0,0.0,70.0,530.0,True,simple,0,,,26,22,0,5,0.8461538461538461,False,1,13,8,8,2,4,0.3333333333333333,False,2,6,1.0,8,2,1,True,1,5,1.0,3
3212,oz_Initializable,,data/safe_contracts/openzeppelin-contracts/contracts/proxy/utils/Initializable.sol,,openzeppelin,False,False,False,False,False,False,False,False,False,False,False,False,False,False,True,False,False,False,False,False,False,False,True,False,False,0,0,9,7,0,1,3,5,0,218,1,1,1.8571428571428572,0,143,0.6559633027522935,0,0,0,0,3,6,0,0,0,3,2,0.0,0.0,9.0,21.6,False,simple,0,,,25,21,0,6,0.84,False,3,13,7,7,0,0,0.0,False,0,7,1.0,4,1,0,True,0,0,0.0,0
3213,oz_ERC1967Proxy,,data/safe_contracts/openzeppelin-contracts/contracts/proxy/ERC1967/ERC1967Proxy.sol,,openzeppelin,False,False,False,False,False,False,False,False,False,False,False,False,False,False,True,False,False,False,False,False,False,True,True,True,False,0,2,59,3,2,0,0,3,0,56,9,1,1.6666666666666667,0,38,0.6785714285714286,1,2,1,0,31,30,0,2,0,5,3,0.0,0.0,69.0,717.6,True,simple,0,,,9,7,0,3,0.7777777777777778,False,2,5,3,2,1,2,0.5,False,1,2,0.6666666666666666,3,0,1,False,1,2,1.0,1
3214,oz_ERC1967Utils,,data/safe_contracts/openzeppelin-contracts/contracts/proxy/ERC1967/ERC1967Utils.sol,,openzeppelin,False,False,False,False,False,False,False,False,False,False,False,False,False,False,True,False,False,False,False,False,False,True,True,True,False,0,2,66,11,13,3,0,5,0,154,7,1,2.272727272727273,0,82,0.5324675324675324,0,8,0,0,28,40,0,2,0,5,3,0.0,0.0,76.0,851.1999999999999,True,moderate,1,,,49,45,0,6,0.9183673469387755,False,3,25,11,13,0,13,0.5,False,0,11,1.1818181818181819,9,3,6,True,2,8,3.0,6
3215,oz_UpgradeableBeacon,,data/safe_contracts/openzeppelin-contracts/contracts/proxy/beacon/UpgradeableBeacon.sol,,openzeppelin,False,False,False,False,False,False,False,False,False,False,False,False,False,False,False,False,False,False,False,False,False,False,True,True,False,0,0,9,4,0,1,0,3,0,61,4,1,1.5,0,37,0.6065573770491803,0,0,2,0,6,3,0,0,0,4,1,0.0,0.0,9.0,18.225,False,simple,0,,,14,11,0,4,0.7857142857142857,False,1,6,4,6,2,0,0.0,True,3,1,1.5,4,1,1,True,0,4,0.0,3
3216,oz_IBeacon,,data/safe_contracts/openzeppelin-contracts/contracts/proxy/beacon/IBeacon.sol,,openzeppelin,False,False,False,False,False,False,False,False,False,False,False,False,False,False,False,False,False,False,False,False,False,False,True,False,False,0,0,2,1,0,0,0,1,0,14,1,1,1.0,0,10,0.7142857142857143,0,0,0,0,2,0,0,0,0,1,1,0.0,0.0,2.0,4.0,False,simple,0,,,0,0,0,0,0.0,False,0,0,1,0,0,0,0.0,False,1,0,0.0,1,0,0,False,0,0,0.0,0
3217,oz_BeaconProxy,,data/safe_contracts/openzeppelin-contracts/contracts/proxy/beacon/BeaconProxy.sol,,openzeppelin,False,False,False,False,False,False,False,False,False,False,False,False,False,False,True,False,False,False,False,False,False,True,True,True,False,0,2,61,4,0,0,0,3,0,51,9,1,1.5,0,34,0.6666666666666666,1,0,0,0,31,32,0,2,0,6,3,0.0,0.0,71.0,631.8999999999999,True,simple,0,,,17,15,0,11,0.8823529411764706,False,0,5,4,11,3,0,0.0,False,1,3,2.75,9,0,0,False,0,1,0.0,1
3218,oz_ICompoundTimelock,,data/safe_contracts/openzeppelin-contracts/contracts/vendor/compound/ICompoundTimelock.sol,,openzeppelin,False,False,False,False,False,False,False,False,False,False,False,False,False,False,False,False,False,False,False,False,False,False,True,False,False,0,0,5,14,0,0,0,1,0,70,1,1,1.0,0,8,0.11428571428571428,2,0,0,0,5,0,0,0,0,2,1,0.0,0.0,5.0,12.5,False,simple,0,,,0,0,0,0,0.0,False,0,0,14,0,0,0,0.0,False,14,0,0.0,14,0,0,False,0,18,0.0,6
3219,tob_reentrancy_Reentrancy,,data/production/vulnerable/raw/tob_reentrancy_Reentrancy.sol,,production_vulnerable,True,False,False,True,True,False,False,False,False,False,False,False,False,False,False,False,False,False,False,False,False,False,True,False,False,1,0,9,5,5,1,0,3,2,35,1,1,1.8,0,8,0.22857142857142856,1,0,0,0,8,2,0,1,1,6,3,0.0,0.0,19.0,29.766666666666666,True,simple,0,,,18,13,0,4,0.7222222222222222,False,3,9,5,0,0,5,1.0,False,5,0,0.0,5,1,0,True,5,1,0.0,1
3220,tob_Multiplicator_Multiplicator,,data/production/vulnerable/raw/tob_Multiplicator_Multiplicator.sol,,production_vulnerable,False,False,False,False,False,False,False,False,False,False,False,False,False,False,False,False,False,False,False,False,False,False,True,False,False,0,0,4,4,2,1,0,3,0,21,1,1,1.5,0,0,0.0,3,0,0,0,3,1,0,0,0,3,1,0.0,0.0,4.0,4.933333333333334,False,simple,0,,,9,6,0,2,0.6666666666666666,False,0,6,4,3,1,2,0.4,False,3,1,0.75,4,1,1,True,2,1,0.5,1
3221,tob_GiftBox_GiftBox,,data/production/vulnerable/raw/tob_GiftBox_GiftBox.sol,,production_vulnerable,False,True,False,False,True,False,False,False,False,False,False,False,False,False,False,False,False,False,False,False,False,False,True,False,False,1,0,13,8,2,4,0,3,0,57,1,1,2.25,0,0,0.0,4,0,0,0,14,2,0,1,1,6,3,0.0,0.0,23.0,59.033333333333324,True,simple,0,,,27,23,0,3,0.8518518518518519,False,2,18,8,4,1,2,0.3333333333333333,False,7,1,0.5,7,4,4,True,2,5,2.0,5
3222,tob_unprotected_function_Unprotected,,data/production/vulnerable/raw/tob_unprotected_function_Unprotected.sol,,production_vulnerable,False,False,False,False,False,False,False,False,False,False,False,False,False,False,False,False,False,False,False,False,False,False,True,False,False,0,0,8,3,0,1,1,1,0,25,1,1,1.0,0,1,0.04,0,0,0,0,5,3,0,0,0,4,2,0.0,0.0,8.0,14.2,False,simple,0,,,7,4,0,2,0.5714285714285714,False,0,3,3,1,1,0,0.0,False,3,0,0.3333333333333333,3,1,2,False,0,2,0.0,2
3223,tob_denial_of_service_list_dos,,data/production/vulnerable/raw/tob_denial_of_service_list_dos.sol,,production_vulnerable,False,False,False,False,False,False,False,False,False,False,False,False,False,False,False,False,False,False,False,False,False,False,False,False,False,0,0,0,0,0,0,0,0,0,0,1,0,0.0,0,0,0.0,0,0,0,0,0,0,0,0,0,0,0,0.0,0.0,0.0,0.0,False,simple,0,COMPILATION_ERROR,"Compilation error: Invalid compilation: 
Invalid solc compilation /home/motafeq/projects/chainguardian-ai/data/production/vulnerable/raw/tob_denial_of_service_list_dos.sol:9:7: Error: No matching declaration found after argument-dependent lookup.
      require(refundAddresses[i].transfer(refundAmount[refundAddresses[i]]));
      ^-----^
",0,0,0,0,0.0,False,0,0,0,0,0,0,0.0,False,0,0,0.0,0,0,0,False,0,0,0.0,0
3224,MainchainGatewayProxy_0x1a2a1c93,0x1a2a1c9300000000000000000000000000000000,data/production/vulnerable/raw/MainchainGatewayProxy_0x1a2a1c93.sol,,production_vulnerable,False,False,False,False,False,False,False,False,False,False,False,False,True,False,True,True,False,True,False,False,False,False,True,True,False,1,2,47,5,0,0,0,1,0,449,11,1,1.0,0,43,0.0957683741648107,1,0,2,0,41,10,0,3,1,11,4,0.0,0.0,67.0,292.3636363636364,True,simple,0,,,15,10,0,4,0.6666666666666666,False,2,5,5,5,2,0,0.0,False,5,0,1.0,4,0,1,True,0,2,0.0,2
3225,tob_SpankChain_source_code_SpankChain_Payment,,data/production/vulnerable/raw/tob_SpankChain_source_code_SpankChain_Payment.sol,,production_vulnerable,True,True,True,True,True,True,True,False,False,False,False,False,False,False,True,False,False,False,False,False,False,False,True,False,False,3,17,98,5,0,1,0,1,0,771,5,1,1.0,0,113,0.14656290531776914,0,0,0,0,93,35,0,20,3,18,6,0.0,0.0,213.0,1390.4166666666667,True,simple,0,,,0,0,0,0,0.0,False,0,0,5,0,0,0,0.0,False,5,0,0.0,5,1,0,False,0,10,0.0,5
3226,tob_VarLoop_VarLoop,,data/production/vulnerable/raw/tob_VarLoop_VarLoop.sol,,production_vulnerable,False,True,False,False,False,False,False,False,False,False,False,False,False,False,False,False,False,False,False,False,False,False,True,False,False,1,0,3,4,2,1,0,10,0,32,1,1,3.25,0,0,0.0,3,0,0,0,3,1,0,1,0,3,2,0.0,0.0,13.0,16.03333333333333,False,simple,0,,,23,23,1,12,1.0,False,0,13,4,2,1,2,0.5,False,3,1,0.5,5,1,0,True,2,0,0.0,0
3227,tob_WalletLibrary_source_code_WalletLibrary,,data/production/vulnerable/raw/tob_WalletLibrary_source_code_WalletLibrary.sol,,production_vulnerable,False,False,False,False,False,False,False,False,False,False,False,False,False,False,False,False,False,False,False,False,False,False,False,False,False,0,0,0,0,0,0,0,0,0,0,1,0,0.0,0,0,0.0,0,0,0,0,0,0,0,0,0,0,0,0.0,0.0,0.0,0.0,False,simple,0,COMPILATION_ERROR,"Compilation error: Invalid compilation: 
Invalid solc compilation /home/motafeq/projects/chainguardian-ai/data/production/vulnerable/raw/tob_WalletLibrary_source_code_WalletLibrary.sol:126:5: Warning: Use of the ""var"" keyword is deprecated.
    var pending = m_pending[_operation];
    ^---------^
/home/motafeq/projects/chainguardian-ai/data/production/vulnerable/raw/tob_WalletLibrary_source_code_WalletLibrary.sol:190:5: Warning: Use of the ""var"" keyword is deprecated.
    var pending = m_pending[_operation];
    ^---------^
/home/motafeq/projects/chainguardian-ai/data/production/vulnerable/raw/tob_WalletLibrary_source_code_WalletLibrary.sol:240:11: Warning: ""throw"" is deprecated in favour of ""revert()"", ""require()"" and ""assert()"".
          throw;
          ^---^
/home/motafeq/projects/chainguardian-ai/data/production/vulnerable/raw/tob_WalletLibrary_source_code_WalletLibrary.sol:274:11: Warning: ""throw"" is deprecated in favour of ""revert()"", ""require()"" and ""assert()"".
          throw;
          ^---^
/home/motafeq/projects/chainguardian-ai/data/production/vulnerable/raw/tob_WalletLibrary_source_code_WalletLibrary.sol:291:5: Warning: Use of the ""var"" keyword is deprecated.
    var pending = m_pending[_operation];
    ^---------^
/home/motafeq/projects/chainguardian-ai/data/production/vulnerable/raw/tob_WalletLibrary_source_code_WalletLibrary.sol:400:3: Warning: Defining constructors as functions with the same name as the contract is deprecated. Use ""constructor(...) { ... }"" instead.
  function Wallet(address[] _owners, uint _required, uint _daylimit) {
  ^ (Relevant source part starts here and spans across multiple lines).
/home/motafeq/projects/chainguardian-ai/data/production/vulnerable/raw/tob_WalletLibrary_source_code_WalletLibrary.sol:258:3: Warning: Variable is shadowed in inline assembly by an instruction of the same name
  function create(uint _value, bytes _code) internal returns (address o_addr) {
  ^ (Relevant source part starts here and spans across mu",0,0,0,0,0.0,False,0,0,0,0,0,0,0.0,False,0,0,0.0,0,0,0,False,0,0,0.0,0
3228,tob_integer_overflow_integer_overflow_1,,data/production/vulnerable/raw/tob_integer_overflow_integer_overflow_1.sol,,production_vulnerable,False,False,False,False,False,False,False,False,False,False,False,False,False,False,False,False,False,False,False,False,False,False,True,False,False,0,0,3,3,0,1,0,1,0,13,1,1,1.0,0,2,0.15384615384615385,0,0,0,0,3,0,0,0,0,2,1,0.0,0.0,3.0,4.5,False,simple,0,,,6,3,0,2,0.5,False,0,3,3,1,1,0,0.0,False,2,1,0.3333333333333333,3,1,2,True,0,2,0.0,2
3229,WalletLibrary_0x863df6bf,0x863df6bf00000000000000000000000000000000,data/production/vulnerable/raw/WalletLibrary_0x863df6bf.sol,,production_vulnerable,False,False,False,False,False,False,False,False,False,False,False,False,False,False,False,False,False,False,False,False,False,False,False,False,False,0,0,0,0,0,0,0,0,0,0,1,0,0.0,0,0,0.0,0,0,0,0,0,0,0,0,0,0,0,0.0,0.0,0.0,0.0,False,simple,0,COMPILATION_ERROR,"Compilation error: Invalid compilation: 
Invalid solc compilation /home/motafeq/projects/chainguardian-ai/data/production/vulnerable/raw/WalletLibrary_0x863df6bf.sol:125:5: Warning: Use of the ""var"" keyword is deprecated.
    var pending = m_pending[_operation];
    ^---------^
/home/motafeq/projects/chainguardian-ai/data/production/vulnerable/raw/WalletLibrary_0x863df6bf.sol:189:5: Warning: Use of the ""var"" keyword is deprecated.
    var pending = m_pending[_operation];
    ^---------^
/home/motafeq/projects/chainguardian-ai/data/production/vulnerable/raw/WalletLibrary_0x863df6bf.sol:215:54: Warning: ""throw"" is deprecated in favour of ""revert()"", ""require()"" and ""assert()"".
  modifier only_uninitialized { if (m_numOwners > 0) throw; _; }
                                                     ^---^
/home/motafeq/projects/chainguardian-ai/data/production/vulnerable/raw/WalletLibrary_0x863df6bf.sol:242:11: Warning: ""throw"" is deprecated in favour of ""revert()"", ""require()"" and ""assert()"".
          throw;
          ^---^
/home/motafeq/projects/chainguardian-ai/data/production/vulnerable/raw/WalletLibrary_0x863df6bf.sol:276:11: Warning: ""throw"" is deprecated in favour of ""revert()"", ""require()"" and ""assert()"".
          throw;
          ^---^
/home/motafeq/projects/chainguardian-ai/data/production/vulnerable/raw/WalletLibrary_0x863df6bf.sol:293:5: Warning: Use of the ""var"" keyword is deprecated.
    var pending = m_pending[_operation];
    ^---------^
/home/motafeq/projects/chainguardian-ai/data/production/vulnerable/raw/WalletLibrary_0x863df6bf.sol:402:3: Warning: Defining constructors as functions with the same name as the contract is deprecated. Use ""constructor(...) { ... }"" instead.
  function Wallet(address[] _owners, uint _required, uint _daylimit) {
  ^ (Relevant source part starts here and spans across multiple lines).
/home/motafeq/projects/chainguardian-ai/data/production/vulnerable/raw/WalletLibrary_0x863df6bf.sol:260:3: Warning: Variable is shadowed i",0,0,0,0,0.0,False,0,0,0,0,0,0,0.0,False,0,0,0.0,0,0,0,False,0,0,0.0,0
3230,tob_theRun_source_code_theRun,,data/production/vulnerable/raw/tob_theRun_source_code_theRun.sol,,production_vulnerable,False,False,False,False,False,False,False,False,False,False,False,False,False,False,False,False,False,False,False,False,False,False,False,False,False,0,0,0,0,0,0,0,0,0,0,1,0,0.0,0,0,0.0,0,0,0,0,0,0,0,0,0,0,0,0.0,0.0,0.0,0.0,False,simple,0,COMPILATION_ERROR,"Compilation error: Invalid compilation: 
Invalid solc compilation Error: Expected a state variable declaration. If you intended this as a fallback function or a function to handle plain ether transactions, use the ""fallback"" keyword or the ""receive"" keyword instead.
  --> data/production/vulnerable/raw/tob_theRun_source_code_theRun.sol:34:20:
   |
34 |         function() {
   |                    ^

",0,0,0,0,0.0,False,0,0,0,0,0,0,0.0,False,0,0,0.0,0,0,0,False,0,0,0.0,0
3231,tob_DAO_source_code_DAO,,data/production/vulnerable/raw/tob_DAO_source_code_DAO.sol,,production_vulnerable,False,False,False,False,False,False,False,False,False,False,False,False,False,False,False,False,False,False,False,False,False,False,False,False,False,0,0,0,0,0,0,0,0,0,0,1,0,0.0,0,0,0.0,0,0,0,0,0,0,0,0,0,0,0,0.0,0.0,0.0,0.0,False,simple,0,COMPILATION_ERROR,"Compilation error: Invalid compilation: 
Invalid solc compilation Error: Expected '{' but got 'constant'
  --> data/production/vulnerable/raw/tob_DAO_source_code_DAO.sol:47:40:
   |
47 |     function balanceOf(address _owner) constant returns (uint256 balance);
   |                                        ^^^^^^^^

",0,0,0,0,0.0,False,0,0,0,0,0,0,0.0,False,0,0,0.0,0,0,0,False,0,0,0.0,0
3232,tob_forced_ether_reception_coin,,data/production/vulnerable/raw/tob_forced_ether_reception_coin.sol,,production_vulnerable,False,False,False,False,False,False,False,False,False,False,True,False,False,False,False,False,False,False,False,False,False,False,True,False,False,1,1,19,2,0,1,1,1,0,158,4,1,1.0,0,63,0.3987341772151899,0,0,0,0,20,3,0,2,0,10,3,0.0,0.0,34.0,75.14,True,simple,0,,,5,3,0,2,0.6,False,0,2,2,1,1,0,0.0,False,2,0,0.5,2,1,1,False,0,1,0.0,1
3233,DAO_0xbb9bc244,0xbb9bc24400000000000000000000000000000000,data/production/vulnerable/raw/DAO_0xbb9bc244.sol,,production_vulnerable,False,False,False,False,False,False,False,False,False,False,False,False,False,False,False,False,False,False,False,False,False,False,False,False,False,0,0,0,0,0,0,0,0,0,0,1,0,0.0,0,0,0.0,0,0,0,0,0,0,0,0,0,0,0,0.0,0.0,0.0,0.0,False,simple,0,COMPILATION_ERROR,"Compilation error: Invalid compilation: 
Invalid solc compilation Error: Expected '{' but got 'constant'
  --> data/production/vulnerable/raw/DAO_0xbb9bc244.sol:45:40:
   |
45 |     function balanceOf(address _owner) constant returns (uint256 balance);
   |                                        ^^^^^^^^

",0,0,0,0,0.0,False,0,0,0,0,0,0,0.0,False,0,0,0.0,0,0,0,False,0,0,0.0,0
3234,tob_wrong_constructor_name_incorrect_constructor,,data/production/vulnerable/raw/tob_wrong_constructor_name_incorrect_constructor.sol,,production_vulnerable,False,False,False,False,False,False,False,False,False,False,False,False,False,False,False,False,False,False,False,False,False,False,True,False,False,0,0,3,2,1,1,1,1,0,21,1,1,1.0,0,2,0.09523809523809523,0,0,0,0,3,0,0,0,0,2,1,0.0,0.0,3.0,4.5,False,simple,0,,,5,3,0,2,0.6,False,0,2,2,2,1,1,0.3333333333333333,False,2,0,1.0,3,1,0,True,1,0,0.0,0
3235,tob_KotET_source_code_KingOfTheEtherThrone,,data/production/vulnerable/raw/tob_KotET_source_code_KingOfTheEtherThrone.sol,,production_vulnerable,False,False,True,True,True,False,False,False,False,False,False,False,False,False,False,False,False,False,False,False,False,False,True,False,False,1,10,13,7,5,9,1,21,0,140,1,1,3.857142857142857,1,50,0.35714285714285715,0,0,0,0,8,16,0,11,1,11,5,0.0,0.0,73.0,127.41818181818181,True,moderate,1,,,61,63,0,21,1.0327868852459017,False,2,27,7,3,1,5,0.625,False,6,1,0.42857142857142855,5,9,3,True,4,3,0.75,3
3236,tob_variable shadowing_inherited_state,,data/production/vulnerable/raw/tob_variable shadowing_inherited_state.sol,,production_vulnerable,False,False,False,False,False,False,False,False,False,False,False,False,False,False,False,False,False,False,False,False,False,False,False,False,False,0,0,0,0,0,0,0,0,0,0,1,0,0.0,0,0,0.0,0,0,0,0,0,0,0,0,0,0,0,0.0,0.0,0.0,0.0,False,simple,0,COMPILATION_ERROR,"Compilation error: Invalid compilation: 
Invalid solc compilation Warning: SPDX license identifier not provided in source file. Before publishing, consider adding a comment containing ""SPDX-License-Identifier: <SPDX-License>"" to each source file. Use ""SPDX-License-Identifier: UNLICENSED"" for non-open-source code. Please see https://spdx.org for more information.
--> data/production/vulnerable/raw/tob_variable shadowing_inherited_state.sol

Error: Functions are not allowed to have the same name as the contract. If you intend this to be a constructor, use ""constructor(...) { ... }"" to define it.
  --> data/production/vulnerable/raw/tob_variable shadowing_inherited_state.sol:10:3:
   |
10 |   function C() {
   |   ^ (Relevant source part starts here and spans across multiple lines).

Error: No visibility specified. Did you intend to add ""public""?
  --> data/production/vulnerable/raw/tob_variable shadowing_inherited_state.sol:10:3:
   |
10 |   function C() {
   |   ^ (Relevant source part starts here and spans across multiple lines).

Warning: Source file does not specify required compiler version! Consider adding ""pragma solidity ^0.8.20;""
--> data/production/vulnerable/raw/tob_variable shadowing_inherited_state.sol

Warning: This declaration shadows a builtin symbol.
 --> data/production/vulnerable/raw/tob_variable shadowing_inherited_state.sol:3:3:
  |
3 |   function suicide() public returns (address) {
  |   ^ (Relevant source part starts here and spans across multiple lines).

Warning: This declaration shadows an existing declaration.
  --> data/production/vulnerable/raw/tob_variable shadowing_inherited_state.sol:10:3:
   |
10 |   function C() {
   |   ^ (Relevant source part starts here and spans across multiple lines).
Note: The shadowed declaration is here:
 --> data/production/vulnerable/raw/tob_variable shadowing_inherited_state.sol:8:1:
  |
8 | contract C is Suicidal {
  | ^ (Relevant source part starts here and spans across multiple lines).

Error: Identifie",0,0,0,0,0.0,False,0,0,0,0,0,0,0.0,False,0,0,0.0,0,0,0,False,0,0,0.0,0
3237,tob_Rubixi_source_code_Rubixi,,data/production/vulnerable/raw/tob_Rubixi_source_code_Rubixi.sol,,production_vulnerable,False,False,False,True,True,False,False,False,False,False,False,False,False,False,False,False,False,False,False,False,False,False,True,False,False,1,5,25,19,5,7,1,8,0,119,1,1,2.3157894736842106,0,15,0.12605042016806722,0,0,0,0,15,16,0,6,4,11,4,0.0,0.0,60.0,142.9090909090909,True,moderate,1,,,99,86,1,12,0.8686868686868687,False,6,44,19,9,2,5,0.35714285714285715,False,16,3,0.47368421052631576,12,7,6,True,5,7,1.2,7
3238,tob_PrivateBank_PrivateBank,,data/production/vulnerable/raw/tob_PrivateBank_PrivateBank.sol,,production_vulnerable,True,False,False,True,False,False,False,False,False,False,False,False,False,False,False,False,False,False,False,False,False,False,True,False,False,2,0,15,5,4,3,0,5,1,54,2,1,2.2,0,0,0.0,2,0,0,0,17,2,0,2,0,7,3,0.0,0.0,35.0,92.0,True,simple,0,,,16,14,0,4,0.875,False,0,11,5,0,0,4,1.0,False,4,1,0.0,5,3,2,True,4,2,0.5,2
3239,tob_race_condition_RaceCondition,,data/production/vulnerable/raw/tob_race_condition_RaceCondition.sol,,production_vulnerable,True,False,False,False,False,False,False,True,False,False,False,False,False,False,False,True,False,True,False,False,False,False,True,False,False,1,2,6,3,1,3,0,1,0,42,2,1,1.0,0,7,0.16666666666666666,1,0,0,0,6,3,0,3,0,7,5,0.0,0.0,26.0,30.085714285714285,True,simple,0,,,12,9,0,4,0.75,False,0,3,3,2,1,1,0.3333333333333333,False,3,0,0.6666666666666666,2,3,3,True,1,4,3.0,3
3240,tob_incorrect_interface_Bob,,data/production/vulnerable/raw/tob_incorrect_interface_Bob.sol,,production_vulnerable,False,False,False,False,False,False,False,False,False,False,False,False,False,False,False,False,False,False,False,False,False,False,True,False,False,0,0,4,2,2,0,0,1,0,13,2,1,1.0,0,0,0.0,0,0,0,0,4,0,0,0,0,2,1,0.0,0.0,4.0,8.0,False,simple,0,,,4,2,0,1,0.5,False,0,2,2,0,0,2,1.0,False,2,0,0.0,2,0,2,False,0,2,0.0,2
3241,Registrar_0x6090a6e4,0x6090a6e400000000000000000000000000000000,data/production/vulnerable/raw/Registrar_0x6090a6e4.sol,,production_vulnerable,True,True,True,False,True,True,True,False,False,False,False,False,False,False,True,False,False,True,False,False,False,False,True,False,False,2,9,80,26,34,9,3,15,0,527,3,1,3.6153846153846154,2,206,0.3908918406072106,2,0,0,0,62,32,0,11,1,17,6,0.0,0.0,145.0,719.8823529411765,True,critical,3,,,236,227,7,19,0.961864406779661,True,27,94,26,30,5,34,0.53125,True,19,7,1.1538461538461537,14,9,13,True,4,43,3.25,25
3242,tob_KOTH_KOTH,,data/production/vulnerable/raw/tob_KOTH_KOTH.sol,,production_vulnerable,False,False,False,False,False,False,False,False,False,False,False,False,False,False,False,False,False,True,False,False,False,False,True,False,False,1,0,3,1,0,1,1,1,0,30,2,1,1.0,0,10,0.3333333333333333,0,0,0,0,4,0,0,1,0,3,2,0.0,0.0,13.0,17.333333333333332,False,simple,0,,,2,1,0,1,0.5,False,0,1,1,0,0,0,0.0,False,1,0,0.0,1,1,0,False,0,0,0.0,0
3243,MoneyMarket_0x0eEe3E38,0x0eEe3E3800000000000000000000000000000000,data/production/vulnerable/raw/MoneyMarket_0x0eEe3E38.sol,,production_vulnerable,True,False,False,False,False,True,True,False,False,False,False,False,True,False,True,True,False,False,False,False,True,True,True,False,False,1,33,68,40,13,15,0,47,0,2230,9,1,8.375,7,829,0.3717488789237668,1,0,2,0,48,55,0,34,1,17,5,0.0,0.0,243.0,1236.4411764705883,True,critical,3,,,879,849,5,106,0.9658703071672355,True,173,335,40,153,5,13,0.0783132530120482,False,23,17,3.825,32,15,15,True,0,61,0.0,34
3244,tob_incorrect_interface_Alice,,data/production/vulnerable/raw/tob_incorrect_interface_Alice.sol,,production_vulnerable,False,False,False,False,False,False,False,False,False,False,False,False,False,False,False,False,False,False,False,False,False,False,True,False,False,0,0,5,3,0,1,0,1,0,13,1,1,1.0,0,0,0.0,0,0,0,0,5,0,0,0,0,2,1,0.0,0.0,5.0,12.5,False,simple,0,,,6,3,0,1,0.5,False,0,3,3,0,0,0,0.0,False,3,0,0.0,3,1,2,False,0,2,0.0,2
3245,tob_SpankChain_source_code_SpankChain,,data/production/vulnerable/raw/tob_SpankChain_source_code_SpankChain.sol,,production_vulnerable,False,False,False,True,False,False,False,False,False,False,False,False,False,False,False,False,False,False,False,False,False,False,True,False,False,0,0,17,5,0,1,0,1,0,129,3,1,1.0,0,68,0.5271317829457365,0,0,0,0,19,0,0,0,0,6,2,0.0,0.0,17.0,53.833333333333336,False,simple,0,,,0,0,0,0,0.0,False,0,0,5,0,0,0,0.0,False,5,0,0.0,5,1,0,False,0,10,0.0,5
3246,BZxVault_0x8b3d70d6,0x8b3d70d600000000000000000000000000000000,data/production/vulnerable/raw/BZxVault_0x8b3d70d6.sol,,production_vulnerable,False,True,False,False,False,False,False,False,False,False,False,False,False,False,True,False,False,False,False,False,False,False,True,False,False,1,3,9,5,1,0,0,3,0,231,5,1,2.6,0,41,0.1774891774891775,1,0,2,0,10,3,0,4,0,7,3,0.0,0.0,34.0,58.77142857142857,True,simple,0,,,30,26,0,5,0.8666666666666667,False,7,13,5,9,1,1,0.1,False,5,0,1.8,4,0,1,False,1,12,1.0,4
3247,tob_denial_of_service_auction,,data/production/vulnerable/raw/tob_denial_of_service_auction.sol,,production_vulnerable,False,False,False,True,True,False,False,False,False,False,False,False,False,False,False,False,False,False,False,False,False,False,True,False,False,0,1,3,1,1,2,0,3,0,42,2,1,3.0,0,11,0.2619047619047619,1,0,0,0,2,2,0,1,1,3,3,0.0,0.0,8.0,9.066666666666666,True,simple,0,,,7,7,0,5,1.0,False,0,3,1,1,1,1,0.5,False,1,0,1.0,1,2,0,True,1,0,0.0,0
3248,tob_reentrancy_ReentrancyExploit,,data/production/vulnerable/raw/tob_reentrancy_ReentrancyExploit.sol,,production_vulnerable,False,True,False,True,False,False,False,False,False,False,False,False,False,False,False,False,False,False,False,False,False,False,True,False,False,1,0,14,6,4,3,0,3,3,31,1,1,1.3333333333333333,0,5,0.16129032258064516,2,0,0,0,14,1,0,1,0,6,3,0.0,0.0,24.0,58.800000000000004,True,simple,0,,,16,11,0,3,0.6875,False,0,8,6,7,1,4,0.36363636363636365,False,5,1,1.1666666666666667,5,3,1,True,4,1,0.25,1
3249,tob_Lottery_Lottery,,data/production/vulnerable/raw/tob_Lottery_Lottery.sol,,production_vulnerable,False,False,False,False,False,False,False,False,False,False,False,False,False,False,False,False,False,False,False,False,False,False,False,False,False,0,0,0,0,0,0,0,0,0,0,1,0,0.0,0,0,0.0,0,0,0,0,0,0,0,0,0,0,0,0.0,0.0,0.0,0.0,False,simple,0,COMPILATION_ERROR,"Compilation error: Invalid compilation: 
Invalid solc compilation Error: Expected '{' but got 'constant'
  --> data/production/vulnerable/raw/tob_Lottery_Lottery.sol:59:49:
   |
59 |     function luckyNumberOfAddress(address addr) constant returns(uint n){
   |                                                 ^^^^^^^^

",0,0,0,0,0.0,False,0,0,0,0,0,0,0.0,False,0,0,0.0,0,0,0,False,0,0,0.0,0
3250,metadata,,data/production/vulnerable/raw/metadata,,production_vulnerable,False,False,False,False,False,False,False,False,False,False,False,False,False,False,False,False,False,False,False,False,False,False,False,False,False,0,0,0,0,0,0,0,0,0,0,1,0,0.0,0,0,0.0,0,0,0,0,0,0,0,0,0,0,0,0.0,0.0,0.0,0.0,False,simple,0,NO_SOURCE_FILES,No .sol files in data/production/vulnerable/raw/metadata,0,0,0,0,0.0,False,0,0,0,0,0,0,0.0,False,0,0,0.0,0,0,0,False,0,0,0.0,0
3251,CErc20Delegator_0x2db6c82c,0x2db6c82c00000000000000000000000000000000,data/production/vulnerable/raw/CErc20Delegator_0x2db6c82c,,production_vulnerable,True,False,False,True,False,False,True,False,True,False,False,False,False,False,True,False,False,False,False,False,True,False,True,False,False,2,1,76,40,10,0,0,3,4,423,10,1,1.05,0,226,0.5342789598108747,1,0,2,0,90,6,0,3,0,12,6,0.0,0.0,101.0,792.85,True,complex,2,,,137,98,0,7,0.7153284671532847,False,3,42,40,43,2,10,0.18867924528301888,False,36,4,1.075,6,0,4,True,4,50,1.0,28
3252,Wormhole_0xf92cD566,0xf92cD56600000000000000000000000000000000,data/production/vulnerable/raw/Wormhole_0xf92cD566,,production_vulnerable,False,False,False,False,False,False,False,False,False,False,False,False,False,False,False,False,False,False,False,False,False,False,True,False,False,0,0,2,0,0,0,0,0,0,0,1,0,0.0,0,0,0.0,0,0,0,0,2,0,0,0,0,1,1,0.0,0.0,2.0,4.0,False,simple,0,,,0,0,0,0,0.0,False,0,0,0,0,0,0,0.0,False,0,0,0.0,0,0,0,False,0,0,0.0,0
3253,UniswapV2Router02_0x7a250d56,0x7a250d5600000000000000000000000000000000,data/production/safe/raw/UniswapV2Router02_0x7a250d56.sol,,production_safe,False,False,False,True,False,False,False,True,False,False,False,False,False,False,False,False,False,False,False,False,False,True,True,False,False,1,6,24,27,92,2,1,10,0,725,10,1,2.259259259259259,0,24,0.03310344827586207,5,54,2,0,13,20,0,7,0,9,3,0.0,0.0,64.0,192.0,True,critical,3,,,233,222,12,30,0.9527896995708155,True,5,61,27,47,3,92,0.6618705035971223,False,24,3,1.7407407407407407,11,2,26,True,26,132,1.0,26
3254,Vyper_contract_0xdA816459,0xdA81645900000000000000000000000000000000,data/production/safe/raw/Vyper_contract_0xdA816459.sol,,production_safe,False,False,False,False,False,False,False,False,False,False,False,False,False,False,False,False,False,False,False,False,False,False,False,False,False,0,0,0,0,0,0,0,0,0,0,1,0,0.0,0,0,0.0,0,0,0,0,0,0,0,0,0,0,0,0.0,0.0,0.0,0.0,False,simple,0,COMPILATION_ERROR,"Compilation error: Invalid compilation: 
Invalid solc compilation Error: Expected pragma, import directive or contract/interface/library/struct/enum/constant/function/error definition.
 --> data/production/safe/raw/Vyper_contract_0xdA816459.sol:1:1:
  |
1 | # @version 0.2.12
  | ^

",0,0,0,0,0.0,False,0,0,0,0,0,0,0.0,False,0,0,0.0,0,0,0,False,0,0,0.0,0
3255,UniswapV2Factory_0x5C69bEe7,0x5C69bEe700000000000000000000000000000000,data/production/safe/raw/UniswapV2Factory_0x5C69bEe7.sol,,production_safe,True,False,True,True,False,True,True,False,False,False,False,False,False,False,True,False,False,False,False,False,False,False,True,False,False,1,5,31,5,3,4,0,3,0,414,11,1,1.4,0,18,0.043478260869565216,0,0,1,0,17,20,0,6,0,13,5,0.0,0.0,66.0,157.3846153846154,True,simple,0,,,28,24,0,16,0.8571428571428571,False,1,7,5,6,1,3,0.3333333333333333,False,5,0,1.2,6,4,4,True,0,5,0.0,4
3256,Dai_0x6B175474,0x6B17547400000000000000000000000000000000,data/production/safe/raw/Dai_0x6B175474.sol,,production_safe,False,False,True,False,False,False,False,False,False,False,False,False,False,False,False,False,False,False,False,False,False,False,True,False,False,0,0,4,15,3,11,1,3,0,169,2,1,1.4,0,39,0.23076923076923078,0,0,1,0,3,1,0,0,0,3,2,0.0,0.0,4.0,4.933333333333334,False,moderate,1,,,68,56,0,10,0.8235294117647058,False,3,21,15,24,3,3,0.1111111111111111,False,12,3,1.6,10,11,8,True,0,33,0.0,14
3257,Unitroller_0x3d981921,0x3d98192100000000000000000000000000000000,data/production/safe/raw/Unitroller_0x3d981921.sol,,production_safe,True,False,False,True,False,True,True,False,True,False,False,False,True,False,True,False,False,False,False,False,False,False,True,False,False,1,28,68,6,1,0,0,3,1,2166,14,1,2.3333333333333335,0,987,0.4556786703601108,1,0,1,0,52,45,0,29,0,14,6,0.0,0.0,218.0,1300.2142857142858,True,moderate,1,,,44,38,0,9,0.8636363636363636,False,8,14,6,4,1,1,0.2,False,6,0,0.6666666666666666,3,0,2,True,1,2,2.0,2
3258,CErc20Delegator_0x5d3a536E,0x5d3a536E00000000000000000000000000000000,data/production/safe/raw/CErc20Delegator_0x5d3a536E.sol,,production_safe,True,False,False,True,False,False,True,False,True,False,False,False,False,False,True,False,False,False,False,False,True,False,True,False,False,2,1,41,38,70,0,0,3,3,749,10,1,1.0526315789473684,0,405,0.540720961281709,1,0,2,0,54,6,0,3,0,11,6,0.0,0.0,66.0,349.19999999999993,True,complex,2,,,129,92,0,7,0.7131782945736435,False,34,40,38,103,2,70,0.4046242774566474,False,36,2,2.710526315789474,5,0,27,True,5,50,5.4,28
3259,metadata,,data/production/safe/raw/metadata,,production_safe,False,False,False,False,False,False,False,False,False,False,False,False,False,False,False,False,False,False,False,False,False,False,False,False,False,0,0,0,0,0,0,0,0,0,0,1,0,0.0,0,0,0.0,0,0,0,0,0,0,0,0,0,0,0,0.0,0.0,0.0,0.0,False,simple,0,NO_SOURCE_FILES,No .sol files in data/production/safe/raw/metadata,0,0,0,0,0.0,False,0,0,0,0,0,0,0.0,False,0,0,0.0,0,0,0,False,0,0,0.0,0
3260,LendingPoolAddressesProvider_0xB53C1a33,0xB53C1a3300000000000000000000000000000000,data/production/safe/raw/LendingPoolAddressesProvider_0xB53C1a33,,production_safe,False,False,False,False,False,False,False,False,False,False,False,False,False,False,False,False,False,False,False,False,False,False,False,False,False,0,0,0,0,0,0,0,0,0,0,1,0,0.0,0,0,0.0,0,0,0,0,0,0,0,0,0,0,0,0.0,0.0,0.0,0.0,False,simple,0,IMPORT_ERROR,"File not found: Invalid compilation: 
Invalid solc compilation Error: Source ""/home/motafeq/projects/chainguardian-ai/data/production/safe/raw/contracts/Address.sol"" not found: File not found.
 --> /home/motafeq/projects/chainguardian-ai/data/production/safe/raw/LendingPoolAddressesProvider_0xB53C1a33/BaseUpgradeabilityProxy.sol:5:1:
  |
5 | import '../contracts/Address.sol';
  | ^^^^^^^^^^^^^^^^^^^^^^^^^^^^^^^^^^

",0,0,0,0,0.0,False,0,0,0,0,0,0,0.0,False,0,0,0.0,0,0,0,False,0,0,0.0,0
3261,UniswapV3Factory_0x1F98431c,0x1F98431c00000000000000000000000000000000,data/production/safe/raw/UniswapV3Factory_0x1F98431c,,production_safe,False,False,False,False,False,False,False,False,False,False,False,False,False,False,False,False,False,False,False,False,False,False,True,False,False,0,0,3,0,0,0,0,0,0,0,1,0,0.0,0,0,0.0,0,0,0,0,2,1,0,0,0,2,1,0.0,0.0,3.0,4.05,False,simple,0,,,0,0,0,0,0.0,False,0,0,0,0,0,0,0.0,False,0,0,0.0,0,0,0,False,0,0,0.0,0
3262,SuperSimpleSafe,0x860cbe41dcfc43a0aa41fd3e65f02d48,/tmp/tmp_bi2nrd6/01_super_simple_safe.sol,,adversarial_test,False,False,False,False,False,False,False,False,False,False,False,False,False,False,False,False,False,False,False,False,False,False,True,False,False,0,0,3,2,0,1,0,1,0,16,1,1,1.0,0,6,0.375,0,0,0,0,3,0,0,0,0,2,1,0.0,0.0,3.0,4.5,False,simple,0,,,4,2,0,1,0.5,False,1,2,2,0,0,0,0.0,False,2,0,0.0,2,1,1,True,0,1,0.0,1
3263,ObviousReentrancy,0xd81343d6688847048fa880d3edf371cc,/tmp/tmpc3yz7pea/02_obvious_reentrancy.sol,,adversarial_test,True,False,False,True,False,False,False,False,False,False,False,False,False,False,False,False,False,False,False,False,False,False,True,False,False,1,0,3,2,1,1,0,1,1,22,1,1,1.0,0,9,0.4090909090909091,1,0,0,0,3,1,0,1,0,3,3,0.0,0.0,13.0,16.03333333333333,True,simple,0,,,8,6,0,5,0.75,False,0,2,2,1,1,1,0.5,False,2,0,0.5,2,1,0,True,1,0,0.0,0
3264,ComplexButSafe,0x17364939b3e0413d8f2908fcd2ebfff7,/tmp/tmph77csmgk/03_complex_but_safe.sol,,adversarial_test,False,False,True,False,False,False,False,False,False,False,False,False,False,False,False,False,False,False,False,False,False,False,True,False,False,0,0,9,6,1,3,2,1,0,67,1,1,1.0,0,7,0.1044776119402985,0,0,0,0,8,1,0,0,0,3,2,0.0,0.0,9.0,26.1,False,simple,0,,,21,15,0,4,0.7142857142857143,False,3,6,6,4,1,1,0.2,False,6,0,0.6666666666666666,6,3,2,True,1,6,2.0,4
3265,SimpleButVulnerable,0x0429776d540c4b9b91270c1d343f3dc9,/tmp/tmpqb8dzui1/04_simple_but_vulnerable.sol,,adversarial_test,False,False,False,False,False,False,False,False,False,False,False,False,False,False,False,False,False,False,False,False,False,False,True,False,False,0,0,3,4,1,1,0,1,0,23,1,1,1.0,0,8,0.34782608695652173,1,0,0,0,2,1,0,0,0,2,1,0.0,0.0,3.0,4.05,False,simple,0,,,8,4,0,2,0.5,False,0,4,4,2,1,1,0.3333333333333333,False,4,0,0.5,5,1,1,True,1,1,1.0,1
3266,TimestampManipulation,0x92a4e3ffc3914c64ae00fba27b80304c,/tmp/tmputa9kbi1/05_timestamp_manipulation.sol,,adversarial_test,False,False,True,False,False,False,False,False,False,False,False,False,False,False,False,False,False,False,False,False,False,False,True,False,False,0,0,3,2,1,2,0,1,0,22,1,1,1.0,0,8,0.36363636363636365,0,0,0,0,3,1,0,0,1,3,2,0.0,0.0,3.0,3.7,False,simple,0,,,7,5,0,4,0.7142857142857143,False,0,2,2,1,1,1,0.5,False,2,0,0.5,2,2,0,True,1,0,0.0,0
3267,UncheckedExternalCall,0x5e2d4063811a42fa8cdeca710ebf6a5c,/tmp/tmp264cui6z/06_unchecked_external_call.sol,,adversarial_test,False,False,False,True,False,False,False,False,False,False,False,False,False,False,False,False,False,False,False,False,False,False,True,False,False,0,1,6,2,2,0,0,1,2,19,1,1,1.0,0,9,0.47368421052631576,2,0,0,0,4,3,0,1,0,4,2,0.0,0.0,11.0,16.775,False,simple,0,,,6,4,0,3,0.6666666666666666,False,0,2,2,1,1,2,0.6666666666666666,False,2,0,0.5,2,0,2,False,2,2,1.0,2
3268,IntegerOverflowOld,0x3315e55495d44400956310b3862f346c,/tmp/tmph64g735x/07_integer_overflow_old.sol,,adversarial_test,False,False,False,False,False,False,False,False,False,False,False,False,False,False,False,False,False,False,False,False,False,False,True,False,False,0,0,2,2,1,1,0,1,0,19,1,1,1.0,0,8,0.42105263157894735,1,0,0,0,2,0,0,0,0,1,1,0.0,0.0,2.0,4.0,False,simple,0,,,5,3,0,2,0.6,False,0,2,2,0,0,1,1.0,False,2,0,0.0,2,1,1,True,1,1,1.0,1
3269,SafeWithChecks,0x07924dc198fd4ff0b73be7bb33c5774d,/tmp/tmpuo602f5h/08_safe_with_checks.sol,,adversarial_test,False,False,False,True,False,False,True,False,False,False,False,False,False,False,False,False,False,False,False,False,False,False,True,False,False,0,0,4,4,1,3,2,1,1,43,1,1,1.0,0,7,0.16279069767441862,1,0,0,0,4,1,0,0,1,4,3,0.0,0.0,4.0,4.7,True,simple,0,,,16,12,0,7,0.75,False,1,4,4,3,1,1,0.25,False,4,0,0.75,4,3,1,True,1,1,1.0,1
3270,DelegatecallDanger,0x01dd1bded1de46a692c53d4e52ed66ec,/tmp/tmp2l0_0tip/09_delegatecall_danger.sol,,adversarial_test,False,False,False,True,False,False,False,False,True,False,False,False,False,False,False,False,False,False,False,False,False,False,True,False,False,1,0,5,2,1,1,0,1,1,18,1,1,1.0,0,7,0.3888888888888889,0,0,0,0,4,3,0,1,1,5,3,0.0,0.0,15.0,18.299999999999997,True,simple,0,,,6,4,0,3,0.6666666666666666,False,0,2,2,1,1,1,0.5,False,2,0,0.5,2,1,2,False,1,3,2.0,2
3271,TxOriginAuth,0x641c61de9e4f48b9854c7f24f43ddbce,/tmp/tmpttbhco57/10_tx_origin_auth.sol,,adversarial_test,False,True,False,False,False,False,False,False,False,False,False,False,False,True,False,False,False,False,False,False,False,False,True,False,False,1,1,2,3,1,1,0,1,0,19,1,1,1.0,0,7,0.3684210526315789,1,0,0,0,3,2,0,2,1,4,3,0.0,0.0,17.0,18.7,True,simple,0,,,6,3,0,2,0.5,False,0,3,3,2,1,1,0.3333333333333333,False,3,0,0.6666666666666666,4,1,0,True,1,0,0.0,0
3272,HiddenReentrancy,0xa1304fa5271446ae8b4efd0125fc5e85,/tmp/tmpglxedzbe/11_hidden_reentrancy.sol,,adversarial_test,False,False,False,False,False,True,False,False,False,False,False,False,False,False,False,False,False,False,False,False,False,False,True,False,False,0,0,3,2,1,1,1,1,0,26,1,1,1.0,0,9,0.34615384615384615,1,0,0,0,2,1,0,0,0,2,2,0.0,0.0,3.0,4.05,False,simple,0,,,7,5,0,4,0.7142857142857143,False,0,2,2,2,1,1,0.3333333333333333,False,2,0,1.0,3,1,1,True,1,1,1.0,1
3273,FalsePositiveTrap,0xa8b5587c7937457db83760bfdf444a63,/tmp/tmpa6w1ajwf/12_false_positive_trap.sol,,adversarial_test,False,False,False,True,False,False,False,False,False,False,False,False,False,False,False,False,False,False,False,False,False,False,True,False,False,0,1,3,2,1,1,0,1,1,24,1,1,1.0,0,12,0.5,1,0,0,0,3,1,0,1,0,3,2,0.0,0.0,8.0,9.866666666666665,False,simple,0,,,6,4,0,3,0.6666666666666666,False,0,2,2,1,1,1,0.5,False,2,0,0.5,2,1,1,True,1,1,1.0,1
3274,ModernDeFiSafe,0x2b435989b2a44dd99a8c39e7b1b042ec,/tmp/tmp3g_64hwv/13_modern_defi_safe.sol,,adversarial_test,False,False,False,True,False,False,False,False,False,False,False,False,False,False,False,False,False,False,False,False,False,False,True,False,False,0,0,3,4,1,2,1,5,1,38,1,1,2.0,0,8,0.21052631578947367,1,0,0,0,3,0,0,0,0,2,2,0.0,0.0,3.0,4.5,False,simple,0,,,16,14,0,8,0.875,False,1,8,4,3,1,1,0.25,False,3,1,0.75,6,2,1,True,1,2,1.0,2
3275,AssemblySafe,0x23fced3a12514f64ac975fe3f7205662,/tmp/tmp26k1n_24/14_assembly_safe.sol,,adversarial_test,False,False,False,False,False,False,False,False,False,False,False,False,False,False,False,False,False,False,False,False,False,False,False,False,False,0,0,0,0,0,0,0,0,0,0,1,0,0.0,0,0,0.0,0,0,0,0,0,0,0,0,0,0,0,0.0,0.0,0.0,0.0,False,simple,0,COMPILATION_ERROR,"Compilation error: Invalid compilation: 
Invalid solc compilation Error: Cannot assign to builtin function ""balance"".
  --> /tmp/tmp26k1n_24/14_assembly_safe.sol:24:21:
   |
24 |             balance := sload(keccak256(0x00, 0x40))
   |                     ^^

",0,0,0,0,0.0,False,0,0,0,0,0,0,0.0,False,0,0,0.0,0,0,0,False,0,0,0.0,0
3276,GasGriefing,0x1d9d08a7ebef46f1bd790830afedf6e2,/tmp/tmp40o5nz_s/15_gas_griefing.sol,,adversarial_test,False,False,False,False,False,False,False,False,False,False,False,False,False,False,False,False,False,False,False,False,False,False,True,False,False,0,0,3,2,2,1,0,4,0,22,1,1,2.5,0,9,0.4090909090909091,1,0,0,0,3,1,0,0,1,3,1,0.0,0.0,3.0,3.7,False,simple,0,,,10,9,1,6,0.9,False,0,5,2,0,0,2,1.0,False,2,0,0.0,2,1,1,True,1,1,1.0,1
3277,FrontRunningVulnerable,0x1493669eb9d24afdb0bee324a5eb904c,/tmp/tmpiyorcboq/16_front_running_vulnerable.sol,,adversarial_test,False,False,False,False,False,False,False,False,False,False,False,False,False,False,False,True,False,False,False,False,False,False,True,False,False,0,1,3,4,0,2,0,1,0,24,1,1,1.0,0,9,0.375,1,0,0,0,4,1,0,1,1,4,2,0.0,0.0,8.0,9.4,False,simple,0,,,8,4,0,2,0.5,False,0,4,4,2,1,0,0.0,False,3,1,0.5,3,2,1,True,0,1,0.0,1
3278,LogicError,0xca8e69a247224479b386e847aac35782,/tmp/tmpu8ouhf85/17_logic_error.sol,,adversarial_test,False,False,False,False,False,False,False,False,False,False,True,False,False,False,False,False,False,False,False,False,False,False,True,False,False,1,0,2,3,0,2,0,3,0,25,1,1,1.6666666666666667,0,10,0.4,0,0,0,0,4,0,0,1,0,3,2,0.0,0.0,12.0,15.999999999999998,False,simple,0,,,9,6,0,3,0.6666666666666666,False,3,5,3,0,0,0,0.0,False,3,0,0.0,3,2,0,True,0,2,0.0,2
3279,IOracle,0x86153e267a6b45b8a77bf92648f75fe6,/tmp/tmph3qc4_ub/18_oracle_manipulation.sol,,adversarial_test,False,False,False,False,False,False,False,False,False,False,False,False,False,False,False,False,False,False,False,False,False,False,True,False,False,0,0,2,1,0,0,0,1,0,30,2,1,1.0,0,8,0.26666666666666666,0,0,0,0,3,0,0,0,1,2,1,0.0,0.0,2.0,3.0,False,simple,0,,,0,0,0,0,0.0,False,0,0,1,0,0,0,0.0,False,1,0,0.0,1,0,0,False,0,0,0.0,0
3280,FlashLoanVulnerable,0xf3bddd0917b64e76829a3986c83d7f77,/tmp/tmpazsly63o/19_flash_loan_attack_vector.sol,,adversarial_test,False,False,False,False,False,False,False,False,False,False,False,False,False,False,False,False,False,False,False,False,False,False,True,False,False,0,0,2,3,1,2,0,3,0,28,1,1,1.6666666666666667,0,9,0.32142857142857145,1,0,0,0,2,0,0,0,0,1,1,0.0,0.0,2.0,4.0,False,simple,0,,,13,10,0,4,0.7692307692307693,False,2,5,3,2,1,1,0.3333333333333333,False,3,0,0.6666666666666666,2,2,1,True,1,1,1.0,1
3281,UpgradeableSafe,0xf8ed6b7791ea47318b4d23230a34b196,/tmp/tmpjsmu72ey/20_upgradeable_safe.sol,,adversarial_test,False,False,False,False,False,False,False,False,False,False,False,False,False,False,True,True,False,False,False,False,False,False,True,False,False,0,1,5,3,0,2,1,3,0,36,1,1,1.6666666666666667,0,9,0.25,1,0,0,0,5,2,0,1,1,5,2,0.0,0.0,10.0,12.8,False,simple,0,,,20,18,0,12,0.9,False,0,5,3,9,1,0,0.0,False,3,0,3.0,10,2,2,True,0,2,0.0,2
3282,TimelockMissing,0x81f73c83b24d4466b8d0777031b39209,/tmp/tmpovx7a1f1/21_timelock_missing.sol,,adversarial_test,False,False,False,False,False,False,False,False,False,False,False,False,False,False,False,False,False,False,False,False,False,False,False,False,False,0,0,0,0,0,0,0,0,0,0,1,0,0.0,0,0,0.0,0,0,0,0,0,0,0,0,0,0,0,0.0,0.0,0.0,0.0,False,simple,0,COMPILATION_ERROR,"Compilation error: Invalid compilation: 
Invalid solc compilation Error: ""msg.value"" and ""callvalue()"" can only be used in payable public functions. Make the function ""payable"" or use an internal function to avoid this error.
  --> /tmp/tmpovx7a1f1/21_timelock_missing.sol:27:17:
   |
27 |         require(msg.value >= criticalParameter);
   |                 ^^^^^^^^^

",0,0,0,0,0.0,False,0,0,0,0,0,0,0.0,False,0,0,0.0,0,0,0,False,0,0,0.0,0
3283,EmptyContract,0x8397740228a04aa3976381493debde82,/tmp/tmppvkuqqgt/22_empty_contract.sol,,adversarial_test,False,False,False,False,False,False,False,False,False,False,False,False,False,False,False,False,False,False,False,False,False,False,True,False,False,0,0,2,0,0,0,0,0,0,11,1,1,0.0,0,8,0.7272727272727273,0,0,0,0,2,0,0,0,0,1,1,0.0,0.0,2.0,4.0,False,simple,0,,,0,0,0,0,0.0,False,0,0,0,0,0,0,0.0,False,0,0,0.0,0,0,0,False,0,0,0.0,0
3284,OnlyEvents,0x37de0843954d4e09a4632f0779be00ca,/tmp/tmpv6fvz02p/23_only_events.sol,,adversarial_test,False,False,False,False,False,False,False,False,False,False,False,False,False,False,False,False,False,False,False,False,False,False,True,False,False,0,0,2,2,0,0,0,1,0,18,1,1,1.0,0,7,0.3888888888888889,0,0,0,0,2,0,0,0,0,1,1,0.0,0.0,2.0,4.0,False,simple,0,,,4,2,0,1,0.5,False,0,2,2,0,0,0,0.0,False,2,0,0.0,2,0,0,False,0,2,0.0,2
3285,IntentionalHoneypot,0x7c912b5965ba483fb602ed6423bf7115,/tmp/tmp_jx6wnh_/24_intentional_honeypot.sol,,adversarial_test,False,False,False,False,False,False,False,False,False,False,False,False,False,False,False,False,False,False,False,False,False,False,True,False,False,0,0,2,4,1,1,0,1,0,27,1,1,1.0,0,10,0.37037037037037035,2,0,0,0,2,0,0,0,0,1,1,0.0,0.0,2.0,4.0,False,simple,0,,,10,6,0,3,0.6,False,0,4,4,3,1,1,0.25,False,4,0,0.75,4,1,0,True,1,0,0.0,0
3286,GasOptimizationExtreme,0x655bd3c4ebd6438fb1437fd384cb4e80,/tmp/tmpsfw3rzcw/25_gas_optimization_extreme.sol,,adversarial_test,False,False,False,False,False,False,False,False,False,False,False,False,False,False,True,False,False,False,False,False,False,False,True,False,False,0,0,6,2,0,2,0,1,0,28,1,1,1.0,0,9,0.32142857142857145,0,0,0,0,8,0,0,0,0,4,2,0.0,0.0,6.0,12.0,False,simple,0,,,14,12,0,7,0.8571428571428571,False,0,2,2,4,1,0,0.0,False,2,0,2.0,4,2,0,False,0,2,0.0,1
3287,tob_reentrancy_Reentrancy,,data/production/vulnerable/raw/tob_reentrancy_Reentrancy.sol,,production_vulnerable,True,False,False,True,True,False,False,False,False,False,False,False,False,False,False,False,False,False,False,False,False,False,True,False,False,1,0,9,5,5,1,0,3,2,35,1,1,1.8,0,8,0.22857142857142856,1,0,0,0,8,2,0,1,1,6,3,0.0,0.0,19.0,29.766666666666666,True,simple,0,,,18,13,0,4,0.7222222222222222,False,3,9,5,0,0,5,1.0,False,5,0,0.0,5,1,0,True,5,1,0.0,1
3288,tob_Multiplicator_Multiplicator,,data/production/vulnerable/raw/tob_Multiplicator_Multiplicator.sol,,production_vulnerable,False,False,False,False,False,False,False,False,False,False,False,False,False,False,False,False,False,False,False,False,False,False,True,False,False,0,0,4,4,2,1,0,3,0,21,1,1,1.5,0,0,0.0,3,0,0,0,3,1,0,0,0,3,1,0.0,0.0,4.0,4.933333333333334,False,simple,0,,,9,6,0,2,0.6666666666666666,False,0,6,4,3,1,2,0.4,False,3,1,0.75,4,1,1,True,2,1,0.5,1
3289,tob_GiftBox_GiftBox,,data/production/vulnerable/raw/tob_GiftBox_GiftBox.sol,,production_vulnerable,False,True,False,False,True,False,False,False,False,False,False,False,False,False,False,False,False,False,False,False,False,False,True,False,False,1,0,13,8,2,4,0,3,0,57,1,1,2.25,0,0,0.0,4,0,0,0,14,2,0,1,1,6,3,0.0,0.0,23.0,59.033333333333324,True,simple,0,,,27,23,0,3,0.8518518518518519,False,2,18,8,4,1,2,0.3333333333333333,False,7,1,0.5,7,4,4,True,2,5,2.0,5
3290,tob_unprotected_function_Unprotected,,data/production/vulnerable/raw/tob_unprotected_function_Unprotected.sol,,production_vulnerable,False,False,False,False,False,False,False,False,False,False,False,False,False,False,False,False,False,False,False,False,False,False,True,False,False,0,0,8,3,0,1,1,1,0,25,1,1,1.0,0,1,0.04,0,0,0,0,5,3,0,0,0,4,2,0.0,0.0,8.0,14.2,False,simple,0,,,7,4,0,2,0.5714285714285714,False,0,3,3,1,1,0,0.0,False,3,0,0.3333333333333333,3,1,2,False,0,2,0.0,2
3291,tob_denial_of_service_list_dos,,data/production/vulnerable/raw/tob_denial_of_service_list_dos.sol,,production_vulnerable,False,False,False,False,False,False,False,False,False,False,False,False,False,False,False,False,False,False,False,False,False,False,False,False,False,0,0,0,0,0,0,0,0,0,0,1,0,0.0,0,0,0.0,0,0,0,0,0,0,0,0,0,0,0,0.0,0.0,0.0,0.0,False,simple,0,COMPILATION_ERROR,"Compilation error: Invalid compilation: 
Invalid solc compilation /home/motafeq/projects/chainguardian-ai/data/production/vulnerable/raw/tob_denial_of_service_list_dos.sol:9:7: Error: No matching declaration found after argument-dependent lookup.
      require(refundAddresses[i].transfer(refundAmount[refundAddresses[i]]));
      ^-----^
",0,0,0,0,0.0,False,0,0,0,0,0,0,0.0,False,0,0,0.0,0,0,0,False,0,0,0.0,0
3293,tob_SpankChain_source_code_SpankChain_Payment,,data/production/vulnerable/raw/tob_SpankChain_source_code_SpankChain_Payment.sol,,production_vulnerable,True,True,True,True,True,True,True,False,False,False,False,False,False,False,True,False,False,False,False,False,False,False,True,False,False,3,17,98,5,0,1,0,1,0,771,5,1,1.0,0,113,0.14656290531776914,0,0,0,0,93,35,0,20,3,18,6,0.0,0.0,213.0,1390.4166666666667,True,simple,0,,,0,0,0,0,0.0,False,0,0,5,0,0,0,0.0,False,5,0,0.0,5,1,0,False,0,10,0.0,5
3294,tob_VarLoop_VarLoop,,data/production/vulnerable/raw/tob_VarLoop_VarLoop.sol,,production_vulnerable,False,True,False,False,False,False,False,False,False,False,False,False,False,False,False,False,False,False,False,False,False,False,True,False,False,1,0,3,4,2,1,0,10,0,32,1,1,3.25,0,0,0.0,3,0,0,0,3,1,0,1,0,3,2,0.0,0.0,13.0,16.03333333333333,False,simple,0,,,23,23,1,12,1.0,False,0,13,4,2,1,2,0.5,False,3,1,0.5,5,1,0,True,2,0,0.0,0
3295,tob_WalletLibrary_source_code_WalletLibrary,,data/production/vulnerable/raw/tob_WalletLibrary_source_code_WalletLibrary.sol,,production_vulnerable,False,False,False,False,False,False,False,False,False,False,False,False,False,False,False,False,False,False,False,False,False,False,False,False,False,0,0,0,0,0,0,0,0,0,0,1,0,0.0,0,0,0.0,0,0,0,0,0,0,0,0,0,0,0,0.0,0.0,0.0,0.0,False,simple,0,COMPILATION_ERROR,"Compilation error: Invalid compilation: 
Invalid solc compilation /home/motafeq/projects/chainguardian-ai/data/production/vulnerable/raw/tob_WalletLibrary_source_code_WalletLibrary.sol:126:5: Warning: Use of the ""var"" keyword is deprecated.
    var pending = m_pending[_operation];
    ^---------^
/home/motafeq/projects/chainguardian-ai/data/production/vulnerable/raw/tob_WalletLibrary_source_code_WalletLibrary.sol:190:5: Warning: Use of the ""var"" keyword is deprecated.
    var pending = m_pending[_operation];
    ^---------^
/home/motafeq/projects/chainguardian-ai/data/production/vulnerable/raw/tob_WalletLibrary_source_code_WalletLibrary.sol:240:11: Warning: ""throw"" is deprecated in favour of ""revert()"", ""require()"" and ""assert()"".
          throw;
          ^---^
/home/motafeq/projects/chainguardian-ai/data/production/vulnerable/raw/tob_WalletLibrary_source_code_WalletLibrary.sol:274:11: Warning: ""throw"" is deprecated in favour of ""revert()"", ""require()"" and ""assert()"".
          throw;
          ^---^
/home/motafeq/projects/chainguardian-ai/data/production/vulnerable/raw/tob_WalletLibrary_source_code_WalletLibrary.sol:291:5: Warning: Use of the ""var"" keyword is deprecated.
    var pending = m_pending[_operation];
    ^---------^
/home/motafeq/projects/chainguardian-ai/data/production/vulnerable/raw/tob_WalletLibrary_source_code_WalletLibrary.sol:400:3: Warning: Defining constructors as functions with the same name as the contract is deprecated. Use ""constructor(...) { ... }"" instead.
  function Wallet(address[] _owners, uint _required, uint _daylimit) {
  ^ (Relevant source part starts here and spans across multiple lines).
/home/motafeq/projects/chainguardian-ai/data/production/vulnerable/raw/tob_WalletLibrary_source_code_WalletLibrary.sol:258:3: Warning: Variable is shadowed in inline assembly by an instruction of the same name
  function create(uint _value, bytes _code) internal returns (address o_addr) {
  ^ (Relevant source part starts here and spans across mu",0,0,0,0,0.0,False,0,0,0,0,0,0,0.0,False,0,0,0.0,0,0,0,False,0,0,0.0,0
3296,tob_integer_overflow_integer_overflow_1,,data/production/vulnerable/raw/tob_integer_overflow_integer_overflow_1.sol,,production_vulnerable,False,False,False,False,False,False,False,False,False,False,False,False,False,False,False,False,False,False,False,False,False,False,True,False,False,0,0,3,3,0,1,0,1,0,13,1,1,1.0,0,2,0.15384615384615385,0,0,0,0,3,0,0,0,0,2,1,0.0,0.0,3.0,4.5,False,simple,0,,,6,3,0,2,0.5,False,0,3,3,1,1,0,0.0,False,2,1,0.3333333333333333,3,1,2,True,0,2,0.0,2
3298,tob_theRun_source_code_theRun,,data/production/vulnerable/raw/tob_theRun_source_code_theRun.sol,,production_vulnerable,False,False,False,False,False,False,False,False,False,False,False,False,False,False,False,False,False,False,False,False,False,False,False,False,False,0,0,0,0,0,0,0,0,0,0,1,0,0.0,0,0,0.0,0,0,0,0,0,0,0,0,0,0,0,0.0,0.0,0.0,0.0,False,simple,0,COMPILATION_ERROR,"Compilation error: Invalid compilation: 
Invalid solc compilation Error: Expected a state variable declaration. If you intended this as a fallback function or a function to handle plain ether transactions, use the ""fallback"" keyword or the ""receive"" keyword instead.
  --> data/production/vulnerable/raw/tob_theRun_source_code_theRun.sol:34:20:
   |
34 |         function() {
   |                    ^

",0,0,0,0,0.0,False,0,0,0,0,0,0,0.0,False,0,0,0.0,0,0,0,False,0,0,0.0,0
3299,tob_DAO_source_code_DAO,,data/production/vulnerable/raw/tob_DAO_source_code_DAO.sol,,production_vulnerable,False,False,False,False,False,False,False,False,False,False,False,False,False,False,False,False,False,False,False,False,False,False,False,False,False,0,0,0,0,0,0,0,0,0,0,1,0,0.0,0,0,0.0,0,0,0,0,0,0,0,0,0,0,0,0.0,0.0,0.0,0.0,False,simple,0,COMPILATION_ERROR,"Compilation error: Invalid compilation: 
Invalid solc compilation Error: Expected '{' but got 'constant'
  --> data/production/vulnerable/raw/tob_DAO_source_code_DAO.sol:47:40:
   |
47 |     function balanceOf(address _owner) constant returns (uint256 balance);
   |                                        ^^^^^^^^

",0,0,0,0,0.0,False,0,0,0,0,0,0,0.0,False,0,0,0.0,0,0,0,False,0,0,0.0,0
3300,tob_forced_ether_reception_coin,,data/production/vulnerable/raw/tob_forced_ether_reception_coin.sol,,production_vulnerable,False,False,False,False,False,False,False,False,False,False,True,False,False,False,False,False,False,False,False,False,False,False,True,False,False,1,1,19,2,0,1,1,1,0,158,4,1,1.0,0,63,0.3987341772151899,0,0,0,0,20,3,0,2,0,10,3,0.0,0.0,34.0,75.14,True,simple,0,,,5,3,0,2,0.6,False,0,2,2,1,1,0,0.0,False,2,0,0.5,2,1,1,False,0,1,0.0,1
3302,tob_wrong_constructor_name_incorrect_constructor,,data/production/vulnerable/raw/tob_wrong_constructor_name_incorrect_constructor.sol,,production_vulnerable,False,False,False,False,False,False,False,False,False,False,False,False,False,False,False,False,False,False,False,False,False,False,True,False,False,0,0,3,2,1,1,1,1,0,21,1,1,1.0,0,2,0.09523809523809523,0,0,0,0,3,0,0,0,0,2,1,0.0,0.0,3.0,4.5,False,simple,0,,,5,3,0,2,0.6,False,0,2,2,2,1,1,0.3333333333333333,False,2,0,1.0,3,1,0,True,1,0,0.0,0
3303,tob_KotET_source_code_KingOfTheEtherThrone,,data/production/vulnerable/raw/tob_KotET_source_code_KingOfTheEtherThrone.sol,,production_vulnerable,False,False,True,True,True,False,False,False,False,False,False,False,False,False,False,False,False,False,False,False,False,False,True,False,False,1,10,13,7,5,9,1,21,0,140,1,1,3.857142857142857,1,50,0.35714285714285715,0,0,0,0,8,16,0,11,1,11,5,0.0,0.0,73.0,127.41818181818181,True,moderate,1,,,61,63,0,21,1.0327868852459017,False,2,27,7,3,1,5,0.625,False,6,1,0.42857142857142855,5,9,3,True,4,3,0.75,3
3304,tob_variable shadowing_inherited_state,,data/production/vulnerable/raw/tob_variable shadowing_inherited_state.sol,,production_vulnerable,False,False,False,False,False,False,False,False,False,False,False,False,False,False,False,False,False,False,False,False,False,False,False,False,False,0,0,0,0,0,0,0,0,0,0,1,0,0.0,0,0,0.0,0,0,0,0,0,0,0,0,0,0,0,0.0,0.0,0.0,0.0,False,simple,0,COMPILATION_ERROR,"Compilation error: Invalid compilation: 
Invalid solc compilation Warning: SPDX license identifier not provided in source file. Before publishing, consider adding a comment containing ""SPDX-License-Identifier: <SPDX-License>"" to each source file. Use ""SPDX-License-Identifier: UNLICENSED"" for non-open-source code. Please see https://spdx.org for more information.
--> data/production/vulnerable/raw/tob_variable shadowing_inherited_state.sol

Error: Functions are not allowed to have the same name as the contract. If you intend this to be a constructor, use ""constructor(...) { ... }"" to define it.
  --> data/production/vulnerable/raw/tob_variable shadowing_inherited_state.sol:10:3:
   |
10 |   function C() {
   |   ^ (Relevant source part starts here and spans across multiple lines).

Error: No visibility specified. Did you intend to add ""public""?
  --> data/production/vulnerable/raw/tob_variable shadowing_inherited_state.sol:10:3:
   |
10 |   function C() {
   |   ^ (Relevant source part starts here and spans across multiple lines).

Warning: Source file does not specify required compiler version! Consider adding ""pragma solidity ^0.8.20;""
--> data/production/vulnerable/raw/tob_variable shadowing_inherited_state.sol

Warning: This declaration shadows a builtin symbol.
 --> data/production/vulnerable/raw/tob_variable shadowing_inherited_state.sol:3:3:
  |
3 |   function suicide() public returns (address) {
  |   ^ (Relevant source part starts here and spans across multiple lines).

Warning: This declaration shadows an existing declaration.
  --> data/production/vulnerable/raw/tob_variable shadowing_inherited_state.sol:10:3:
   |
10 |   function C() {
   |   ^ (Relevant source part starts here and spans across multiple lines).
Note: The shadowed declaration is here:
 --> data/production/vulnerable/raw/tob_variable shadowing_inherited_state.sol:8:1:
  |
8 | contract C is Suicidal {
  | ^ (Relevant source part starts here and spans across multiple lines).

Error: Identifie",0,0,0,0,0.0,False,0,0,0,0,0,0,0.0,False,0,0,0.0,0,0,0,False,0,0,0.0,0
3305,tob_Rubixi_source_code_Rubixi,,data/production/vulnerable/raw/tob_Rubixi_source_code_Rubixi.sol,,production_vulnerable,False,False,False,True,True,False,False,False,False,False,False,False,False,False,False,False,False,False,False,False,False,False,True,False,False,1,5,25,19,5,7,1,8,0,119,1,1,2.3157894736842106,0,15,0.12605042016806722,0,0,0,0,15,16,0,6,4,11,4,0.0,0.0,60.0,142.9090909090909,True,moderate,1,,,99,86,1,12,0.8686868686868687,False,6,44,19,9,2,5,0.35714285714285715,False,16,3,0.47368421052631576,12,7,6,True,5,7,1.2,7
3306,tob_PrivateBank_PrivateBank,,data/production/vulnerable/raw/tob_PrivateBank_PrivateBank.sol,,production_vulnerable,True,False,False,True,False,False,False,False,False,False,False,False,False,False,False,False,False,False,False,False,False,False,True,False,False,2,0,15,5,4,3,0,5,1,54,2,1,2.2,0,0,0.0,2,0,0,0,17,2,0,2,0,7,3,0.0,0.0,35.0,92.0,True,simple,0,,,16,14,0,4,0.875,False,0,11,5,0,0,4,1.0,False,4,1,0.0,5,3,2,True,4,2,0.5,2
3307,tob_race_condition_RaceCondition,,data/production/vulnerable/raw/tob_race_condition_RaceCondition.sol,,production_vulnerable,True,False,False,False,False,False,False,True,False,False,False,False,False,False,False,True,False,True,False,False,False,False,True,False,False,1,2,6,3,1,3,0,1,0,42,2,1,1.0,0,7,0.16666666666666666,1,0,0,0,6,3,0,3,0,7,5,0.0,0.0,26.0,30.085714285714285,True,simple,0,,,12,9,0,4,0.75,False,0,3,3,2,1,1,0.3333333333333333,False,3,0,0.6666666666666666,2,3,3,True,1,4,3.0,3
3308,tob_incorrect_interface_Bob,,data/production/vulnerable/raw/tob_incorrect_interface_Bob.sol,,production_vulnerable,False,False,False,False,False,False,False,False,False,False,False,False,False,False,False,False,False,False,False,False,False,False,True,False,False,0,0,4,2,2,0,0,1,0,13,2,1,1.0,0,0,0.0,0,0,0,0,4,0,0,0,0,2,1,0.0,0.0,4.0,8.0,False,simple,0,,,4,2,0,1,0.5,False,0,2,2,0,0,2,1.0,False,2,0,0.0,2,0,2,False,0,2,0.0,2
3310,tob_KOTH_KOTH,,data/production/vulnerable/raw/tob_KOTH_KOTH.sol,,production_vulnerable,False,False,False,False,False,False,False,False,False,False,False,False,False,False,False,False,False,True,False,False,False,False,True,False,False,1,0,3,1,0,1,1,1,0,30,2,1,1.0,0,10,0.3333333333333333,0,0,0,0,4,0,0,1,0,3,2,0.0,0.0,13.0,17.333333333333332,False,simple,0,,,2,1,0,1,0.5,False,0,1,1,0,0,0,0.0,False,1,0,0.0,1,1,0,False,0,0,0.0,0
3312,tob_incorrect_interface_Alice,,data/production/vulnerable/raw/tob_incorrect_interface_Alice.sol,,production_vulnerable,False,False,False,False,False,False,False,False,False,False,False,False,False,False,False,False,False,False,False,False,False,False,True,False,False,0,0,5,3,0,1,0,1,0,13,1,1,1.0,0,0,0.0,0,0,0,0,5,0,0,0,0,2,1,0.0,0.0,5.0,12.5,False,simple,0,,,6,3,0,1,0.5,False,0,3,3,0,0,0,0.0,False,3,0,0.0,3,1,2,False,0,2,0.0,2
3313,tob_SpankChain_source_code_SpankChain,,data/production/vulnerable/raw/tob_SpankChain_source_code_SpankChain.sol,,production_vulnerable,False,False,False,True,False,False,False,False,False,False,False,False,False,False,False,False,False,False,False,False,False,False,True,False,False,0,0,17,5,0,1,0,1,0,129,3,1,1.0,0,68,0.5271317829457365,0,0,0,0,19,0,0,0,0,6,2,0.0,0.0,17.0,53.833333333333336,False,simple,0,,,0,0,0,0,0.0,False,0,0,5,0,0,0,0.0,False,5,0,0.0,5,1,0,False,0,10,0.0,5
3315,tob_denial_of_service_auction,,data/production/vulnerable/raw/tob_denial_of_service_auction.sol,,production_vulnerable,False,False,False,True,True,False,False,False,False,False,False,False,False,False,False,False,False,False,False,False,False,False,True,False,False,0,1,3,1,1,2,0,3,0,42,2,1,3.0,0,11,0.2619047619047619,1,0,0,0,2,2,0,1,1,3,3,0.0,0.0,8.0,9.066666666666666,True,simple,0,,,7,7,0,5,1.0,False,0,3,1,1,1,1,0.5,False,1,0,1.0,1,2,0,True,1,0,0.0,0
3316,tob_reentrancy_ReentrancyExploit,,data/production/vulnerable/raw/tob_reentrancy_ReentrancyExploit.sol,,production_vulnerable,False,True,False,True,False,False,False,False,False,False,False,False,False,False,False,False,False,False,False,False,False,False,True,False,False,1,0,14,6,4,3,0,3,3,31,1,1,1.3333333333333333,0,5,0.16129032258064516,2,0,0,0,14,1,0,1,0,6,3,0.0,0.0,24.0,58.800000000000004,True,simple,0,,,16,11,0,3,0.6875,False,0,8,6,7,1,4,0.36363636363636365,False,5,1,1.1666666666666667,5,3,1,True,4,1,0.25,1
3317,tob_Lottery_Lottery,,data/production/vulnerable/raw/tob_Lottery_Lottery.sol,,production_vulnerable,False,False,False,False,False,False,False,False,False,False,False,False,False,False,False,False,False,False,False,False,False,False,False,False,False,0,0,0,0,0,0,0,0,0,0,1,0,0.0,0,0,0.0,0,0,0,0,0,0,0,0,0,0,0,0.0,0.0,0.0,0.0,False,simple,0,COMPILATION_ERROR,"Compilation error: Invalid compilation: 
Invalid solc compilation Error: Expected '{' but got 'constant'
  --> data/production/vulnerable/raw/tob_Lottery_Lottery.sol:59:49:
   |
59 |     function luckyNumberOfAddress(address addr) constant returns(uint n){
   |                                                 ^^^^^^^^

",0,0,0,0,0.0,False,0,0,0,0,0,0,0.0,False,0,0,0.0,0,0,0,False,0,0,0.0,0
3318,metadata,,data/production/vulnerable/raw/metadata,,production_vulnerable,False,False,False,False,False,False,False,False,False,False,False,False,False,False,False,False,False,False,False,False,False,False,False,False,False,0,0,0,0,0,0,0,0,0,0,1,0,0.0,0,0,0.0,0,0,0,0,0,0,0,0,0,0,0,0.0,0.0,0.0,0.0,False,simple,0,NO_SOURCE_FILES,No .sol files in data/production/vulnerable/raw/metadata,0,0,0,0,0.0,False,0,0,0,0,0,0,0.0,False,0,0,0.0,0,0,0,False,0,0,0.0,0
3327,metadata,,data/production/safe/raw/metadata,,production_safe,False,False,False,False,False,False,False,False,False,False,False,False,False,False,False,False,False,False,False,False,False,False,False,False,False,0,0,0,0,0,0,0,0,0,0,1,0,0.0,0,0,0.0,0,0,0,0,0,0,0,0,0,0,0,0.0,0.0,0.0,0.0,False,simple,0,NO_SOURCE_FILES,No .sol files in data/production/safe/raw/metadata,0,0,0,0,0.0,False,0,0,0,0,0,0,0.0,False,0,0,0.0,0,0,0,False,0,0,0.0,0
3330,oz_interfaces_IERC4626,,data/safe_contracts/openzeppelin_all/interfaces_IERC4626.sol,,openzeppelin,False,False,False,False,False,False,False,False,False,False,False,False,False,False,False,False,False,False,False,False,False,False,False,False,False,0,0,0,0,0,0,0,0,0,0,1,0,0.0,0,0,0.0,0,0,0,0,0,0,0,0,0,0,0,0.0,0.0,0.0,0.0,False,simple,0,IMPORT_ERROR,"File not found: Invalid compilation: 
Invalid solc compilation Error: Source ""data/safe_contracts/token/ERC20/IERC20.sol"" not found: File not found. Searched the following locations: """".
 --> data/safe_contracts/openzeppelin_all/interfaces_IERC4626.sol:6:1:
  |
6 | import {IERC20} from ""../token/ERC20/IERC20.sol"";
  | ^^^^^^^^^^^^^^^^^^^^^^^^^^^^^^^^^^^^^^^^^^^^^^^^^

Error: Source ""data/safe_contracts/token/ERC20/extensions/IERC20Metadata.sol"" not found: File not found. Searched the following locations: """".
 --> data/safe_contracts/openzeppelin_all/interfaces_IERC4626.sol:7:1:
  |
7 | import {IERC20Metadata} from ""../token/ERC20/extensions/IERC20Metadata.sol"";
  | ^^^^^^^^^^^^^^^^^^^^^^^^^^^^^^^^^^^^^^^^^^^^^^^^^^^^^^^^^^^^^^^^^^^^^^^^^^^^

",0,0,0,0,0.0,False,0,0,0,0,0,0,0.0,False,0,0,0.0,0,0,0,False,0,0,0.0,0
3331,oz_mocks_ReentrancyAttack,,data/safe_contracts/openzeppelin_all/mocks_ReentrancyAttack.sol,,openzeppelin,False,False,False,False,False,False,False,False,False,False,False,False,False,False,False,False,False,False,False,False,False,False,False,False,False,0,0,0,0,0,0,0,0,0,0,1,0,0.0,0,0,0.0,0,0,0,0,0,0,0,0,0,0,0,0.0,0.0,0.0,0.0,False,simple,0,IMPORT_ERROR,"File not found: Invalid compilation: 
Invalid solc compilation Error: Source ""data/safe_contracts/utils/Context.sol"" not found: File not found. Searched the following locations: """".
 --> data/safe_contracts/openzeppelin_all/mocks_ReentrancyAttack.sol:5:1:
  |
5 | import {Context} from ""../utils/Context.sol"";
  | ^^^^^^^^^^^^^^^^^^^^^^^^^^^^^^^^^^^^^^^^^^^^^

",0,0,0,0,0.0,False,0,0,0,0,0,0,0.0,False,0,0,0.0,0,0,0,False,0,0,0.0,0
3332,oz_interfaces_IERC3156FlashBorrower,,data/safe_contracts/openzeppelin_all/interfaces_IERC3156FlashBorrower.sol,,openzeppelin,False,False,False,False,False,False,False,False,False,False,False,False,False,False,False,False,False,False,False,False,False,False,True,False,False,0,0,2,1,0,0,0,1,0,25,1,1,1.0,0,15,0.6,0,0,0,0,2,0,0,0,0,1,1,0.0,0.0,2.0,4.0,False,simple,0,,,0,0,0,0,0.0,False,0,0,1,0,0,0,0.0,False,1,0,0.0,1,0,0,False,0,5,0.0,1
3333,oz_mocks_EtherReceiverMock,,data/safe_contracts/openzeppelin_all/mocks_EtherReceiverMock.sol,,openzeppelin,False,False,False,False,False,False,False,False,False,False,False,False,False,False,False,True,False,False,False,False,False,False,True,False,False,0,1,2,2,0,1,0,3,0,13,1,1,2.0,0,1,0.07692307692307693,1,0,0,0,3,0,0,1,0,2,2,0.0,0.0,7.0,10.5,False,simple,0,,,6,5,0,2,0.8333333333333334,False,0,4,2,1,1,0,0.0,False,2,0,0.5,2,1,1,True,0,1,0.0,1
3334,oz_interfaces_IERC2612,,data/safe_contracts/openzeppelin_all/interfaces_IERC2612.sol,,openzeppelin,False,False,False,False,False,False,False,False,False,False,False,False,False,False,False,False,False,False,False,False,False,False,False,False,False,0,0,0,0,0,0,0,0,0,0,1,0,0.0,0,0,0.0,0,0,0,0,0,0,0,0,0,0,0,0.0,0.0,0.0,0.0,False,simple,0,IMPORT_ERROR,"File not found: Invalid compilation: 
Invalid solc compilation Error: Source ""data/safe_contracts/token/ERC20/extensions/IERC20Permit.sol"" not found: File not found. Searched the following locations: """".
 --> data/safe_contracts/openzeppelin_all/interfaces_IERC2612.sol:6:1:
  |
6 | import {IERC20Permit} from ""../token/ERC20/extensions/IERC20Permit.sol"";
  | ^^^^^^^^^^^^^^^^^^^^^^^^^^^^^^^^^^^^^^^^^^^^^^^^^^^^^^^^^^^^^^^^^^^^^^^^

",0,0,0,0,0.0,False,0,0,0,0,0,0,0.0,False,0,0,0.0,0,0,0,False,0,0,0.0,0
3335,oz_mocks_governance_GovernorWithParamsMock,,data/safe_contracts/openzeppelin_all/mocks_governance_GovernorWithParamsMock.sol,,openzeppelin,False,False,False,False,False,False,False,False,False,False,False,False,False,False,False,False,False,False,False,False,False,False,False,False,False,0,0,0,0,0,0,0,0,0,0,1,0,0.0,0,0,0.0,0,0,0,0,0,0,0,0,0,0,0,0.0,0.0,0.0,0.0,False,simple,0,IMPORT_ERROR,"File not found: Invalid compilation: 
Invalid solc compilation Error: Source ""data/governance/Governor.sol"" not found: File not found. Searched the following locations: """".
 --> data/safe_contracts/openzeppelin_all/mocks_governance_GovernorWithParamsMock.sol:5:1:
  |
5 | import {Governor} from ""../../governance/Governor.sol"";
  | ^^^^^^^^^^^^^^^^^^^^^^^^^^^^^^^^^^^^^^^^^^^^^^^^^^^^^^^

Error: Source ""data/governance/extensions/GovernorCountingSimple.sol"" not found: File not found. Searched the following locations: """".
 --> data/safe_contracts/openzeppelin_all/mocks_governance_GovernorWithParamsMock.sol:6:1:
  |
6 | import {GovernorCountingSimple} from ""../../governance/extensions/GovernorCountingSimple.sol"";
  | ^^^^^^^^^^^^^^^^^^^^^^^^^^^^^^^^^^^^^^^^^^^^^^^^^^^^^^^^^^^^^^^^^^^^^^^^^^^^^^^^^^^^^^^^^^^^^^

Error: Source ""data/governance/extensions/GovernorVotes.sol"" not found: File not found. Searched the following locations: """".
 --> data/safe_contracts/openzeppelin_all/mocks_governance_GovernorWithParamsMock.sol:7:1:
  |
7 | import {GovernorVotes} from ""../../governance/extensions/GovernorVotes.sol"";
  | ^^^^^^^^^^^^^^^^^^^^^^^^^^^^^^^^^^^^^^^^^^^^^^^^^^^^^^^^^^^^^^^^^^^^^^^^^^^^

",0,0,0,0,0.0,False,0,0,0,0,0,0,0.0,False,0,0,0.0,0,0,0,False,0,0,0.0,0
3336,oz_token_ERC721_extensions_IERC721Metadata,,data/safe_contracts/openzeppelin_all/token_ERC721_extensions_IERC721Metadata.sol,,openzeppelin,False,False,False,False,False,False,False,False,False,False,False,False,False,False,False,False,False,False,False,False,False,False,False,False,False,0,0,0,0,0,0,0,0,0,0,1,0,0.0,0,0,0.0,0,0,0,0,0,0,0,0,0,0,0,0.0,0.0,0.0,0.0,False,simple,0,IMPORT_ERROR,"File not found: Invalid compilation: 
Invalid solc compilation Error: Source ""data/safe_contracts/IERC721.sol"" not found: File not found. Searched the following locations: """".
 --> data/safe_contracts/openzeppelin_all/token_ERC721_extensions_IERC721Metadata.sol:6:1:
  |
6 | import {IERC721} from ""../IERC721.sol"";
  | ^^^^^^^^^^^^^^^^^^^^^^^^^^^^^^^^^^^^^^^

",0,0,0,0,0.0,False,0,0,0,0,0,0,0.0,False,0,0,0.0,0,0,0,False,0,0,0.0,0
3337,oz_crosschain_ERC7786Recipient,,data/safe_contracts/openzeppelin_all/crosschain_ERC7786Recipient.sol,,openzeppelin,False,False,False,False,False,False,False,False,False,False,False,False,False,False,False,False,False,False,False,False,False,False,False,False,False,0,0,0,0,0,0,0,0,0,0,1,0,0.0,0,0,0.0,0,0,0,0,0,0,0,0,0,0,0,0.0,0.0,0.0,0.0,False,simple,0,IMPORT_ERROR,"File not found: Invalid compilation: 
Invalid solc compilation Error: Source ""data/safe_contracts/interfaces/draft-IERC7786.sol"" not found: File not found. Searched the following locations: """".
 --> data/safe_contracts/openzeppelin_all/crosschain_ERC7786Recipient.sol:6:1:
  |
6 | import {IERC7786Recipient} from ""../interfaces/draft-IERC7786.sol"";
  | ^^^^^^^^^^^^^^^^^^^^^^^^^^^^^^^^^^^^^^^^^^^^^^^^^^^^^^^^^^^^^^^^^^^

Error: Source ""data/safe_contracts/utils/structs/BitMaps.sol"" not found: File not found. Searched the following locations: """".
 --> data/safe_contracts/openzeppelin_all/crosschain_ERC7786Recipient.sol:7:1:
  |
7 | import {BitMaps} from ""../utils/structs/BitMaps.sol"";
  | ^^^^^^^^^^^^^^^^^^^^^^^^^^^^^^^^^^^^^^^^^^^^^^^^^^^^^

",0,0,0,0,0.0,False,0,0,0,0,0,0,0.0,False,0,0,0.0,0,0,0,False,0,0,0.0,0
3338,oz_token_ERC20_extensions_ERC4626,,data/safe_contracts/openzeppelin_all/token_ERC20_extensions_ERC4626.sol,,openzeppelin,False,False,False,False,False,False,False,False,False,False,False,False,False,False,False,False,False,False,False,False,False,False,False,False,False,0,0,0,0,0,0,0,0,0,0,1,0,0.0,0,0,0.0,0,0,0,0,0,0,0,0,0,0,0,0.0,0.0,0.0,0.0,False,simple,0,IMPORT_ERROR,"File not found: Invalid compilation: 
Invalid solc compilation Error: Source ""data/safe_contracts/ERC20.sol"" not found: File not found. Searched the following locations: """".
 --> data/safe_contracts/openzeppelin_all/token_ERC20_extensions_ERC4626.sol:6:1:
  |
6 | import {IERC20, IERC20Metadata, ERC20} from ""../ERC20.sol"";
  | ^^^^^^^^^^^^^^^^^^^^^^^^^^^^^^^^^^^^^^^^^^^^^^^^^^^^^^^^^^^

Error: Source ""data/safe_contracts/utils/SafeERC20.sol"" not found: File not found. Searched the following locations: """".
 --> data/safe_contracts/openzeppelin_all/token_ERC20_extensions_ERC4626.sol:7:1:
  |
7 | import {SafeERC20} from ""../utils/SafeERC20.sol"";
  | ^^^^^^^^^^^^^^^^^^^^^^^^^^^^^^^^^^^^^^^^^^^^^^^^^

Error: Source ""interfaces/IERC4626.sol"" not found: File not found. Searched the following locations: """".
 --> data/safe_contracts/openzeppelin_all/token_ERC20_extensions_ERC4626.sol:8:1:
  |
8 | import {IERC4626} from ""../../../interfaces/IERC4626.sol"";
  | ^^^^^^^^^^^^^^^^^^^^^^^^^^^^^^^^^^^^^^^^^^^^^^^^^^^^^^^^^^

Error: Source ""utils/LowLevelCall.sol"" not found: File not found. Searched the following locations: """".
 --> data/safe_contracts/openzeppelin_all/token_ERC20_extensions_ERC4626.sol:9:1:
  |
9 | import {LowLevelCall} from ""../../../utils/LowLevelCall.sol"";
  | ^^^^^^^^^^^^^^^^^^^^^^^^^^^^^^^^^^^^^^^^^^^^^^^^^^^^^^^^^^^^^

Error: Source ""utils/Memory.sol"" not found: File not found. Searched the following locations: """".
  --> data/safe_contracts/openzeppelin_all/token_ERC20_extensions_ERC4626.sol:10:1:
   |
10 | import {Memory} from ""../../../utils/Memory.sol"";
   | ^^^^^^^^^^^^^^^^^^^^^^^^^^^^^^^^^^^^^^^^^^^^^^^^^

Error: Source ""utils/math/Math.sol"" not found: File not found. Searched the following locations: """".
  --> data/safe_contracts/openzeppelin_all/token_ERC20_extensions_ERC4626.sol:11:1:
   |
11 | import {Math} from ""../../../utils/math/Math.sol"";
   | ^^^^^^^^^^^^^^^^^^^^^^^^^^^^^^^^^^^^^^^^^^^^^^^^^^

",0,0,0,0,0.0,False,0,0,0,0,0,0,0.0,False,0,0,0.0,0,0,0,False,0,0,0.0,0
3339,oz_mocks_docs_access-control_AccessManagedERC20MintBase,,data/safe_contracts/openzeppelin_all/mocks_docs_access-control_AccessManagedERC20MintBase.sol,,openzeppelin,False,False,False,False,False,False,False,False,False,False,False,False,False,False,False,False,False,False,False,False,False,False,False,False,False,0,0,0,0,0,0,0,0,0,0,1,0,0.0,0,0,0.0,0,0,0,0,0,0,0,0,0,0,0,0.0,0.0,0.0,0.0,False,simple,0,IMPORT_ERROR,"File not found: Invalid compilation: 
Invalid solc compilation Error: Source ""access/manager/AccessManaged.sol"" not found: File not found. Searched the following locations: """".
 --> data/safe_contracts/openzeppelin_all/mocks_docs_access-control_AccessManagedERC20MintBase.sol:4:1:
  |
4 | import {AccessManaged} from ""../../../access/manager/AccessManaged.sol"";
  | ^^^^^^^^^^^^^^^^^^^^^^^^^^^^^^^^^^^^^^^^^^^^^^^^^^^^^^^^^^^^^^^^^^^^^^^^

Error: Source ""token/ERC20/ERC20.sol"" not found: File not found. Searched the following locations: """".
 --> data/safe_contracts/openzeppelin_all/mocks_docs_access-control_AccessManagedERC20MintBase.sol:5:1:
  |
5 | import {ERC20} from ""../../../token/ERC20/ERC20.sol"";
  | ^^^^^^^^^^^^^^^^^^^^^^^^^^^^^^^^^^^^^^^^^^^^^^^^^^^^^

",0,0,0,0,0.0,False,0,0,0,0,0,0,0.0,False,0,0,0.0,0,0,0,False,0,0,0.0,0
3340,oz_governance_utils_VotesExtended,,data/safe_contracts/openzeppelin_all/governance_utils_VotesExtended.sol,,openzeppelin,False,False,False,False,False,False,False,False,False,False,False,False,False,False,False,False,False,False,False,False,False,False,False,False,False,0,0,0,0,0,0,0,0,0,0,1,0,0.0,0,0,0.0,0,0,0,0,0,0,0,0,0,0,0,0.0,0.0,0.0,0.0,False,simple,0,IMPORT_ERROR,"File not found: Invalid compilation: 
Invalid solc compilation Error: Source ""data/utils/structs/Checkpoints.sol"" not found: File not found. Searched the following locations: """".
 --> data/safe_contracts/openzeppelin_all/governance_utils_VotesExtended.sol:6:1:
  |
6 | import {Checkpoints} from ""../../utils/structs/Checkpoints.sol"";
  | ^^^^^^^^^^^^^^^^^^^^^^^^^^^^^^^^^^^^^^^^^^^^^^^^^^^^^^^^^^^^^^^^

Error: Source ""data/safe_contracts/openzeppelin_all/Votes.sol"" not found: File not found. Searched the following locations: """".
 --> data/safe_contracts/openzeppelin_all/governance_utils_VotesExtended.sol:7:1:
  |
7 | import {Votes} from ""./Votes.sol"";
  | ^^^^^^^^^^^^^^^^^^^^^^^^^^^^^^^^^^

Error: Source ""data/utils/math/SafeCast.sol"" not found: File not found. Searched the following locations: """".
 --> data/safe_contracts/openzeppelin_all/governance_utils_VotesExtended.sol:8:1:
  |
8 | import {SafeCast} from ""../../utils/math/SafeCast.sol"";
  | ^^^^^^^^^^^^^^^^^^^^^^^^^^^^^^^^^^^^^^^^^^^^^^^^^^^^^^^

",0,0,0,0,0.0,False,0,0,0,0,0,0,0.0,False,0,0,0.0,0,0,0,False,0,0,0.0,0
3341,oz_utils_math_Math,,data/safe_contracts/openzeppelin_all/utils_math_Math.sol,,openzeppelin,False,False,False,False,False,False,False,False,False,False,False,False,False,False,False,False,False,False,False,False,False,False,False,False,False,0,0,0,0,0,0,0,0,0,0,1,0,0.0,0,0,0.0,0,0,0,0,0,0,0,0,0,0,0,0.0,0.0,0.0,0.0,False,simple,0,IMPORT_ERROR,"File not found: Invalid compilation: 
Invalid solc compilation Error: Source ""data/safe_contracts/Panic.sol"" not found: File not found. Searched the following locations: """".
 --> data/safe_contracts/openzeppelin_all/utils_math_Math.sol:6:1:
  |
6 | import {Panic} from ""../Panic.sol"";
  | ^^^^^^^^^^^^^^^^^^^^^^^^^^^^^^^^^^^

Error: Source ""data/safe_contracts/openzeppelin_all/SafeCast.sol"" not found: File not found. Searched the following locations: """".
 --> data/safe_contracts/openzeppelin_all/utils_math_Math.sol:7:1:
  |
7 | import {SafeCast} from ""./SafeCast.sol"";
  | ^^^^^^^^^^^^^^^^^^^^^^^^^^^^^^^^^^^^^^^^

",0,0,0,0,0.0,False,0,0,0,0,0,0,0.0,False,0,0,0.0,0,0,0,False,0,0,0.0,0
3342,oz_proxy_utils_Initializable,,data/safe_contracts/openzeppelin_all/proxy_utils_Initializable.sol,,openzeppelin,False,False,False,False,False,False,False,False,False,False,False,False,False,False,True,False,False,False,False,False,False,False,True,False,False,0,0,9,7,0,1,3,5,0,218,1,1,1.8571428571428572,0,143,0.6559633027522935,0,0,0,0,3,6,0,0,0,3,2,0.0,0.0,9.0,21.6,False,simple,0,,,25,21,0,6,0.84,False,3,13,7,7,0,0,0.0,False,0,7,1.0,4,1,0,True,0,0,0.0,0
3343,oz_interfaces_IERC2309,,data/safe_contracts/openzeppelin_all/interfaces_IERC2309.sol,,openzeppelin,False,False,False,False,False,False,False,False,False,False,False,False,False,False,False,False,False,False,False,False,False,False,True,False,False,0,0,2,0,0,0,0,0,0,17,1,1,0.0,0,8,0.47058823529411764,0,0,0,0,2,0,0,0,0,1,1,0.0,0.0,2.0,4.0,False,simple,0,,,0,0,0,0,0.0,False,0,0,0,0,0,0,0.0,False,0,0,0.0,0,0,0,False,0,0,0.0,0
3344,oz_utils_cryptography_verifiers_ERC7913RSAVerifier,,data/safe_contracts/openzeppelin_all/utils_cryptography_verifiers_ERC7913RSAVerifier.sol,,openzeppelin,False,False,False,False,False,False,False,False,False,False,False,False,False,False,False,False,False,False,False,False,False,False,False,False,False,0,0,0,0,0,0,0,0,0,0,1,0,0.0,0,0,0.0,0,0,0,0,0,0,0,0,0,0,0,0.0,0.0,0.0,0.0,False,simple,0,IMPORT_ERROR,"File not found: Invalid compilation: 
Invalid solc compilation Error: Source ""data/safe_contracts/RSA.sol"" not found: File not found. Searched the following locations: """".
 --> data/safe_contracts/openzeppelin_all/utils_cryptography_verifiers_ERC7913RSAVerifier.sol:6:1:
  |
6 | import {RSA} from ""../RSA.sol"";
  | ^^^^^^^^^^^^^^^^^^^^^^^^^^^^^^^

Error: Source ""interfaces/IERC7913.sol"" not found: File not found. Searched the following locations: """".
 --> data/safe_contracts/openzeppelin_all/utils_cryptography_verifiers_ERC7913RSAVerifier.sol:7:1:
  |
7 | import {IERC7913SignatureVerifier} from ""../../../interfaces/IERC7913.sol"";
  | ^^^^^^^^^^^^^^^^^^^^^^^^^^^^^^^^^^^^^^^^^^^^^^^^^^^^^^^^^^^^^^^^^^^^^^^^^^^

",0,0,0,0,0.0,False,0,0,0,0,0,0,0.0,False,0,0,0.0,0,0,0,False,0,0,0.0,0
3345,oz_mocks_token_ERC1363ReceiverMock,,data/safe_contracts/openzeppelin_all/mocks_token_ERC1363ReceiverMock.sol,,openzeppelin,False,False,False,False,False,False,False,False,False,False,False,False,False,False,False,False,False,False,False,False,False,False,False,False,False,0,0,0,0,0,0,0,0,0,0,1,0,0.0,0,0,0.0,0,0,0,0,0,0,0,0,0,0,0,0.0,0.0,0.0,0.0,False,simple,0,IMPORT_ERROR,"File not found: Invalid compilation: 
Invalid solc compilation Error: Source ""data/interfaces/IERC1363Receiver.sol"" not found: File not found. Searched the following locations: """".
 --> data/safe_contracts/openzeppelin_all/mocks_token_ERC1363ReceiverMock.sol:5:1:
  |
5 | import {IERC1363Receiver} from ""../../interfaces/IERC1363Receiver.sol"";
  | ^^^^^^^^^^^^^^^^^^^^^^^^^^^^^^^^^^^^^^^^^^^^^^^^^^^^^^^^^^^^^^^^^^^^^^^

",0,0,0,0,0.0,False,0,0,0,0,0,0,0.0,False,0,0,0.0,0,0,0,False,0,0,0.0,0
3346,oz_token_ERC20_extensions_ERC20Votes,,data/safe_contracts/openzeppelin_all/token_ERC20_extensions_ERC20Votes.sol,,openzeppelin,False,False,False,False,False,False,False,False,False,False,False,False,False,False,False,False,False,False,False,False,False,False,False,False,False,0,0,0,0,0,0,0,0,0,0,1,0,0.0,0,0,0.0,0,0,0,0,0,0,0,0,0,0,0,0.0,0.0,0.0,0.0,False,simple,0,IMPORT_ERROR,"File not found: Invalid compilation: 
Invalid solc compilation Error: Source ""data/safe_contracts/ERC20.sol"" not found: File not found. Searched the following locations: """".
 --> data/safe_contracts/openzeppelin_all/token_ERC20_extensions_ERC20Votes.sol:6:1:
  |
6 | import {ERC20} from ""../ERC20.sol"";
  | ^^^^^^^^^^^^^^^^^^^^^^^^^^^^^^^^^^^

Error: Source ""governance/utils/Votes.sol"" not found: File not found. Searched the following locations: """".
 --> data/safe_contracts/openzeppelin_all/token_ERC20_extensions_ERC20Votes.sol:7:1:
  |
7 | import {Votes} from ""../../../governance/utils/Votes.sol"";
  | ^^^^^^^^^^^^^^^^^^^^^^^^^^^^^^^^^^^^^^^^^^^^^^^^^^^^^^^^^^

Error: Source ""utils/structs/Checkpoints.sol"" not found: File not found. Searched the following locations: """".
 --> data/safe_contracts/openzeppelin_all/token_ERC20_extensions_ERC20Votes.sol:8:1:
  |
8 | import {Checkpoints} from ""../../../utils/structs/Checkpoints.sol"";
  | ^^^^^^^^^^^^^^^^^^^^^^^^^^^^^^^^^^^^^^^^^^^^^^^^^^^^^^^^^^^^^^^^^^^

",0,0,0,0,0.0,False,0,0,0,0,0,0,0.0,False,0,0,0.0,0,0,0,False,0,0,0.0,0
3347,oz_governance_extensions_GovernorStorage,,data/safe_contracts/openzeppelin_all/governance_extensions_GovernorStorage.sol,,openzeppelin,False,False,False,False,False,False,False,False,False,False,False,False,False,False,False,False,False,False,False,False,False,False,False,False,False,0,0,0,0,0,0,0,0,0,0,1,0,0.0,0,0,0.0,0,0,0,0,0,0,0,0,0,0,0,0.0,0.0,0.0,0.0,False,simple,0,IMPORT_ERROR,"File not found: Invalid compilation: 
Invalid solc compilation Error: Source ""data/safe_contracts/Governor.sol"" not found: File not found. Searched the following locations: """".
 --> data/safe_contracts/openzeppelin_all/governance_extensions_GovernorStorage.sol:6:1:
  |
6 | import {Governor} from ""../Governor.sol"";
  | ^^^^^^^^^^^^^^^^^^^^^^^^^^^^^^^^^^^^^^^^^

",0,0,0,0,0.0,False,0,0,0,0,0,0,0.0,False,0,0,0.0,0,0,0,False,0,0,0.0,0
3348,oz_interfaces_IERC4906,,data/safe_contracts/openzeppelin_all/interfaces_IERC4906.sol,,openzeppelin,False,False,False,False,False,False,False,False,False,False,False,False,False,False,False,False,False,False,False,False,False,False,False,False,False,0,0,0,0,0,0,0,0,0,0,1,0,0.0,0,0,0.0,0,0,0,0,0,0,0,0,0,0,0,0.0,0.0,0.0,0.0,False,simple,0,IMPORT_ERROR,"File not found: Invalid compilation: 
Invalid solc compilation Error: Source ""data/safe_contracts/openzeppelin_all/IERC165.sol"" not found: File not found. Searched the following locations: """".
 --> data/safe_contracts/openzeppelin_all/interfaces_IERC4906.sol:6:1:
  |
6 | import {IERC165} from ""./IERC165.sol"";
  | ^^^^^^^^^^^^^^^^^^^^^^^^^^^^^^^^^^^^^^

Error: Source ""data/safe_contracts/openzeppelin_all/IERC721.sol"" not found: File not found. Searched the following locations: """".
 --> data/safe_contracts/openzeppelin_all/interfaces_IERC4906.sol:7:1:
  |
7 | import {IERC721} from ""./IERC721.sol"";
  | ^^^^^^^^^^^^^^^^^^^^^^^^^^^^^^^^^^^^^^

",0,0,0,0,0.0,False,0,0,0,0,0,0,0.0,False,0,0,0.0,0,0,0,False,0,0,0.0,0
3349,oz_utils_structs_DoubleEndedQueue,,data/safe_contracts/openzeppelin_all/utils_structs_DoubleEndedQueue.sol,,openzeppelin,False,False,False,False,False,False,False,False,False,False,False,False,False,False,False,False,False,False,False,False,False,False,False,False,False,0,0,0,0,0,0,0,0,0,0,1,0,0.0,0,0,0.0,0,0,0,0,0,0,0,0,0,0,0,0.0,0.0,0.0,0.0,False,simple,0,IMPORT_ERROR,"File not found: Invalid compilation: 
Invalid solc compilation Error: Source ""data/safe_contracts/Panic.sol"" not found: File not found. Searched the following locations: """".
 --> data/safe_contracts/openzeppelin_all/utils_structs_DoubleEndedQueue.sol:5:1:
  |
5 | import {Panic} from ""../Panic.sol"";
  | ^^^^^^^^^^^^^^^^^^^^^^^^^^^^^^^^^^^

",0,0,0,0,0.0,False,0,0,0,0,0,0,0.0,False,0,0,0.0,0,0,0,False,0,0,0.0,0
3350,oz_utils_Blockhash,,data/safe_contracts/openzeppelin_all/utils_Blockhash.sol,,openzeppelin,False,False,False,False,False,False,False,False,False,False,False,False,False,False,True,False,False,False,False,False,False,False,True,False,False,0,0,5,3,0,1,0,2,0,46,1,1,1.3333333333333333,0,26,0.5652173913043478,0,0,0,0,3,2,0,0,0,3,2,0.0,0.0,5.0,7.333333333333334,False,simple,0,,,15,12,0,6,0.8,False,2,4,3,7,0,0,0.0,False,0,3,2.3333333333333335,7,1,0,True,0,2,0.0,2
3351,oz_token_ERC20_extensions_IERC20Metadata,,data/safe_contracts/openzeppelin_all/token_ERC20_extensions_IERC20Metadata.sol,,openzeppelin,False,False,False,False,False,False,False,False,False,False,False,False,False,False,False,False,False,False,False,False,False,False,False,False,False,0,0,0,0,0,0,0,0,0,0,1,0,0.0,0,0,0.0,0,0,0,0,0,0,0,0,0,0,0,0.0,0.0,0.0,0.0,False,simple,0,IMPORT_ERROR,"File not found: Invalid compilation: 
Invalid solc compilation Error: Source ""data/safe_contracts/IERC20.sol"" not found: File not found. Searched the following locations: """".
 --> data/safe_contracts/openzeppelin_all/token_ERC20_extensions_IERC20Metadata.sol:6:1:
  |
6 | import {IERC20} from ""../IERC20.sol"";
  | ^^^^^^^^^^^^^^^^^^^^^^^^^^^^^^^^^^^^^

",0,0,0,0,0.0,False,0,0,0,0,0,0,0.0,False,0,0,0.0,0,0,0,False,0,0,0.0,0
3352,oz_interfaces_IERC3156,,data/safe_contracts/openzeppelin_all/interfaces_IERC3156.sol,,openzeppelin,False,False,False,False,False,False,False,False,False,False,False,False,False,False,False,False,False,False,False,False,False,False,False,False,False,0,0,0,0,0,0,0,0,0,0,1,0,0.0,0,0,0.0,0,0,0,0,0,0,0,0,0,0,0,0.0,0.0,0.0,0.0,False,simple,0,IMPORT_ERROR,"File not found: Invalid compilation: 
Invalid solc compilation Error: Source ""data/safe_contracts/openzeppelin_all/IERC3156FlashBorrower.sol"" not found: File not found. Searched the following locations: """".
 --> data/safe_contracts/openzeppelin_all/interfaces_IERC3156.sol:6:1:
  |
6 | import {IERC3156FlashBorrower} from ""./IERC3156FlashBorrower.sol"";
  | ^^^^^^^^^^^^^^^^^^^^^^^^^^^^^^^^^^^^^^^^^^^^^^^^^^^^^^^^^^^^^^^^^^

Error: Source ""data/safe_contracts/openzeppelin_all/IERC3156FlashLender.sol"" not found: File not found. Searched the following locations: """".
 --> data/safe_contracts/openzeppelin_all/interfaces_IERC3156.sol:7:1:
  |
7 | import {IERC3156FlashLender} from ""./IERC3156FlashLender.sol"";
  | ^^^^^^^^^^^^^^^^^^^^^^^^^^^^^^^^^^^^^^^^^^^^^^^^^^^^^^^^^^^^^^

",0,0,0,0,0.0,False,0,0,0,0,0,0,0.0,False,0,0,0.0,0,0,0,False,0,0,0.0,0
3353,oz_utils_cryptography_verifiers_ERC7913P256Verifier,,data/safe_contracts/openzeppelin_all/utils_cryptography_verifiers_ERC7913P256Verifier.sol,,openzeppelin,False,False,False,False,False,False,False,False,False,False,False,False,False,False,False,False,False,False,False,False,False,False,False,False,False,0,0,0,0,0,0,0,0,0,0,1,0,0.0,0,0,0.0,0,0,0,0,0,0,0,0,0,0,0,0.0,0.0,0.0,0.0,False,simple,0,IMPORT_ERROR,"File not found: Invalid compilation: 
Invalid solc compilation Error: Source ""data/safe_contracts/P256.sol"" not found: File not found. Searched the following locations: """".
 --> data/safe_contracts/openzeppelin_all/utils_cryptography_verifiers_ERC7913P256Verifier.sol:6:1:
  |
6 | import {P256} from ""../P256.sol"";
  | ^^^^^^^^^^^^^^^^^^^^^^^^^^^^^^^^^

Error: Source ""interfaces/IERC7913.sol"" not found: File not found. Searched the following locations: """".
 --> data/safe_contracts/openzeppelin_all/utils_cryptography_verifiers_ERC7913P256Verifier.sol:7:1:
  |
7 | import {IERC7913SignatureVerifier} from ""../../../interfaces/IERC7913.sol"";
  | ^^^^^^^^^^^^^^^^^^^^^^^^^^^^^^^^^^^^^^^^^^^^^^^^^^^^^^^^^^^^^^^^^^^^^^^^^^^

",0,0,0,0,0.0,False,0,0,0,0,0,0,0.0,False,0,0,0.0,0,0,0,False,0,0,0.0,0
3354,oz_mocks_token_ERC721ConsecutiveEnumerableMock,,data/safe_contracts/openzeppelin_all/mocks_token_ERC721ConsecutiveEnumerableMock.sol,,openzeppelin,False,False,False,False,False,False,False,False,False,False,False,False,False,False,False,False,False,False,False,False,False,False,False,False,False,0,0,0,0,0,0,0,0,0,0,1,0,0.0,0,0,0.0,0,0,0,0,0,0,0,0,0,0,0,0.0,0.0,0.0,0.0,False,simple,0,IMPORT_ERROR,"File not found: Invalid compilation: 
Invalid solc compilation Error: Source ""data/token/ERC721/ERC721.sol"" not found: File not found. Searched the following locations: """".
 --> data/safe_contracts/openzeppelin_all/mocks_token_ERC721ConsecutiveEnumerableMock.sol:5:1:
  |
5 | import {ERC721} from ""../../token/ERC721/ERC721.sol"";
  | ^^^^^^^^^^^^^^^^^^^^^^^^^^^^^^^^^^^^^^^^^^^^^^^^^^^^^

Error: Source ""data/token/ERC721/extensions/ERC721Consecutive.sol"" not found: File not found. Searched the following locations: """".
 --> data/safe_contracts/openzeppelin_all/mocks_token_ERC721ConsecutiveEnumerableMock.sol:6:1:
  |
6 | import {ERC721Consecutive} from ""../../token/ERC721/extensions/ERC721Consecutive.sol"";
  | ^^^^^^^^^^^^^^^^^^^^^^^^^^^^^^^^^^^^^^^^^^^^^^^^^^^^^^^^^^^^^^^^^^^^^^^^^^^^^^^^^^^^^^

Error: Source ""data/token/ERC721/extensions/ERC721Enumerable.sol"" not found: File not found. Searched the following locations: """".
 --> data/safe_contracts/openzeppelin_all/mocks_token_ERC721ConsecutiveEnumerableMock.sol:7:1:
  |
7 | import {ERC721Enumerable} from ""../../token/ERC721/extensions/ERC721Enumerable.sol"";
  | ^^^^^^^^^^^^^^^^^^^^^^^^^^^^^^^^^^^^^^^^^^^^^^^^^^^^^^^^^^^^^^^^^^^^^^^^^^^^^^^^^^^^

",0,0,0,0,0.0,False,0,0,0,0,0,0,0.0,False,0,0,0.0,0,0,0,False,0,0,0.0,0
3355,oz_mocks_token_ERC721ConsecutiveMock,,data/safe_contracts/openzeppelin_all/mocks_token_ERC721ConsecutiveMock.sol,,openzeppelin,False,False,False,False,False,False,False,False,False,False,False,False,False,False,False,False,False,False,False,False,False,False,False,False,False,0,0,0,0,0,0,0,0,0,0,1,0,0.0,0,0,0.0,0,0,0,0,0,0,0,0,0,0,0,0.0,0.0,0.0,0.0,False,simple,0,IMPORT_ERROR,"File not found: Invalid compilation: 
Invalid solc compilation Error: Source ""data/token/ERC721/ERC721.sol"" not found: File not found. Searched the following locations: """".
 --> data/safe_contracts/openzeppelin_all/mocks_token_ERC721ConsecutiveMock.sol:5:1:
  |
5 | import {ERC721} from ""../../token/ERC721/ERC721.sol"";
  | ^^^^^^^^^^^^^^^^^^^^^^^^^^^^^^^^^^^^^^^^^^^^^^^^^^^^^

Error: Source ""data/token/ERC721/extensions/ERC721Consecutive.sol"" not found: File not found. Searched the following locations: """".
 --> data/safe_contracts/openzeppelin_all/mocks_token_ERC721ConsecutiveMock.sol:6:1:
  |
6 | import {ERC721Consecutive} from ""../../token/ERC721/extensions/ERC721Consecutive.sol"";
  | ^^^^^^^^^^^^^^^^^^^^^^^^^^^^^^^^^^^^^^^^^^^^^^^^^^^^^^^^^^^^^^^^^^^^^^^^^^^^^^^^^^^^^^

Error: Source ""data/token/ERC721/extensions/ERC721Pausable.sol"" not found: File not found. Searched the following locations: """".
 --> data/safe_contracts/openzeppelin_all/mocks_token_ERC721ConsecutiveMock.sol:7:1:
  |
7 | import {ERC721Pausable} from ""../../token/ERC721/extensions/ERC721Pausable.sol"";
  | ^^^^^^^^^^^^^^^^^^^^^^^^^^^^^^^^^^^^^^^^^^^^^^^^^^^^^^^^^^^^^^^^^^^^^^^^^^^^^^^^

Error: Source ""data/token/ERC721/extensions/ERC721Votes.sol"" not found: File not found. Searched the following locations: """".
 --> data/safe_contracts/openzeppelin_all/mocks_token_ERC721ConsecutiveMock.sol:8:1:
  |
8 | import {ERC721Votes} from ""../../token/ERC721/extensions/ERC721Votes.sol"";
  | ^^^^^^^^^^^^^^^^^^^^^^^^^^^^^^^^^^^^^^^^^^^^^^^^^^^^^^^^^^^^^^^^^^^^^^^^^^

Error: Source ""data/utils/cryptography/EIP712.sol"" not found: File not found. Searched the following locations: """".
 --> data/safe_contracts/openzeppelin_all/mocks_token_ERC721ConsecutiveMock.sol:9:1:
  |
9 | import {EIP712} from ""../../utils/cryptography/EIP712.sol"";
  | ^^^^^^^^^^^^^^^^^^^^^^^^^^^^^^^^^^^^^^^^^^^^^^^^^^^^^^^^^^^

",0,0,0,0,0.0,False,0,0,0,0,0,0,0.0,False,0,0,0.0,0,0,0,False,0,0,0.0,0
3356,oz_governance_extensions_GovernorPreventLateQuorum,,data/safe_contracts/openzeppelin_all/governance_extensions_GovernorPreventLateQuorum.sol,,openzeppelin,False,False,False,False,False,False,False,False,False,False,False,False,False,False,False,False,False,False,False,False,False,False,False,False,False,0,0,0,0,0,0,0,0,0,0,1,0,0.0,0,0,0.0,0,0,0,0,0,0,0,0,0,0,0,0.0,0.0,0.0,0.0,False,simple,0,IMPORT_ERROR,"File not found: Invalid compilation: 
Invalid solc compilation Error: Source ""data/safe_contracts/Governor.sol"" not found: File not found. Searched the following locations: """".
 --> data/safe_contracts/openzeppelin_all/governance_extensions_GovernorPreventLateQuorum.sol:6:1:
  |
6 | import {Governor} from ""../Governor.sol"";
  | ^^^^^^^^^^^^^^^^^^^^^^^^^^^^^^^^^^^^^^^^^

Error: Source ""data/utils/math/Math.sol"" not found: File not found. Searched the following locations: """".
 --> data/safe_contracts/openzeppelin_all/governance_extensions_GovernorPreventLateQuorum.sol:7:1:
  |
7 | import {Math} from ""../../utils/math/Math.sol"";
  | ^^^^^^^^^^^^^^^^^^^^^^^^^^^^^^^^^^^^^^^^^^^^^^^

",0,0,0,0,0.0,False,0,0,0,0,0,0,0.0,False,0,0,0.0,0,0,0,False,0,0,0.0,0
3357,oz_mocks_token_ERC20VotesTimestampMock,,data/safe_contracts/openzeppelin_all/mocks_token_ERC20VotesTimestampMock.sol,,openzeppelin,False,False,False,False,False,False,False,False,False,False,False,False,False,False,False,False,False,False,False,False,False,False,False,False,False,0,0,0,0,0,0,0,0,0,0,1,0,0.0,0,0,0.0,0,0,0,0,0,0,0,0,0,0,0,0.0,0.0,0.0,0.0,False,simple,0,IMPORT_ERROR,"File not found: Invalid compilation: 
Invalid solc compilation Error: Source ""data/token/ERC20/extensions/ERC20Votes.sol"" not found: File not found. Searched the following locations: """".
 --> data/safe_contracts/openzeppelin_all/mocks_token_ERC20VotesTimestampMock.sol:5:1:
  |
5 | import {ERC20Votes} from ""../../token/ERC20/extensions/ERC20Votes.sol"";
  | ^^^^^^^^^^^^^^^^^^^^^^^^^^^^^^^^^^^^^^^^^^^^^^^^^^^^^^^^^^^^^^^^^^^^^^^

Error: Source ""data/token/ERC721/extensions/ERC721Votes.sol"" not found: File not found. Searched the following locations: """".
 --> data/safe_contracts/openzeppelin_all/mocks_token_ERC20VotesTimestampMock.sol:6:1:
  |
6 | import {ERC721Votes} from ""../../token/ERC721/extensions/ERC721Votes.sol"";
  | ^^^^^^^^^^^^^^^^^^^^^^^^^^^^^^^^^^^^^^^^^^^^^^^^^^^^^^^^^^^^^^^^^^^^^^^^^^

Error: Source ""data/utils/math/SafeCast.sol"" not found: File not found. Searched the following locations: """".
 --> data/safe_contracts/openzeppelin_all/mocks_token_ERC20VotesTimestampMock.sol:7:1:
  |
7 | import {SafeCast} from ""../../utils/math/SafeCast.sol"";
  | ^^^^^^^^^^^^^^^^^^^^^^^^^^^^^^^^^^^^^^^^^^^^^^^^^^^^^^^

",0,0,0,0,0.0,False,0,0,0,0,0,0,0.0,False,0,0,0.0,0,0,0,False,0,0,0.0,0
3358,oz_utils_cryptography_signers_SignerRSA,,data/safe_contracts/openzeppelin_all/utils_cryptography_signers_SignerRSA.sol,,openzeppelin,False,False,False,False,False,False,False,False,False,False,False,False,False,False,False,False,False,False,False,False,False,False,False,False,False,0,0,0,0,0,0,0,0,0,0,1,0,0.0,0,0,0.0,0,0,0,0,0,0,0,0,0,0,0,0.0,0.0,0.0,0.0,False,simple,0,IMPORT_ERROR,"File not found: Invalid compilation: 
Invalid solc compilation Error: Source ""data/safe_contracts/openzeppelin_all/AbstractSigner.sol"" not found: File not found. Searched the following locations: """".
 --> data/safe_contracts/openzeppelin_all/utils_cryptography_signers_SignerRSA.sol:6:1:
  |
6 | import {AbstractSigner} from ""./AbstractSigner.sol"";
  | ^^^^^^^^^^^^^^^^^^^^^^^^^^^^^^^^^^^^^^^^^^^^^^^^^^^^

Error: Source ""data/safe_contracts/RSA.sol"" not found: File not found. Searched the following locations: """".
 --> data/safe_contracts/openzeppelin_all/utils_cryptography_signers_SignerRSA.sol:7:1:
  |
7 | import {RSA} from ""../RSA.sol"";
  | ^^^^^^^^^^^^^^^^^^^^^^^^^^^^^^^

",0,0,0,0,0.0,False,0,0,0,0,0,0,0.0,False,0,0,0.0,0,0,0,False,0,0,0.0,0
3359,oz_utils_introspection_IERC165,,data/safe_contracts/openzeppelin_all/utils_introspection_IERC165.sol,,openzeppelin,False,False,False,False,False,False,False,False,False,False,False,False,False,False,False,False,False,False,False,False,False,False,True,False,False,0,0,2,1,0,0,0,1,0,23,1,1,1.0,0,19,0.8260869565217391,0,0,0,0,2,0,0,0,0,1,1,0.0,0.0,2.0,4.0,False,simple,0,,,0,0,0,0,0.0,False,0,0,1,0,0,0,0.0,False,1,0,0.0,1,0,0,False,0,1,0.0,1
3360,oz_mocks_StorageSlotMock,,data/safe_contracts/openzeppelin_all/mocks_StorageSlotMock.sol,,openzeppelin,False,False,False,False,False,False,False,False,False,False,False,False,False,False,False,False,False,False,False,False,False,False,False,False,False,0,0,0,0,0,0,0,0,0,0,1,0,0.0,0,0,0.0,0,0,0,0,0,0,0,0,0,0,0,0.0,0.0,0.0,0.0,False,simple,0,IMPORT_ERROR,"File not found: Invalid compilation: 
Invalid solc compilation Error: Source ""data/safe_contracts/utils/Multicall.sol"" not found: File not found. Searched the following locations: """".
 --> data/safe_contracts/openzeppelin_all/mocks_StorageSlotMock.sol:6:1:
  |
6 | import {Multicall} from ""../utils/Multicall.sol"";
  | ^^^^^^^^^^^^^^^^^^^^^^^^^^^^^^^^^^^^^^^^^^^^^^^^^

Error: Source ""data/safe_contracts/utils/StorageSlot.sol"" not found: File not found. Searched the following locations: """".
 --> data/safe_contracts/openzeppelin_all/mocks_StorageSlotMock.sol:7:1:
  |
7 | import {StorageSlot} from ""../utils/StorageSlot.sol"";
  | ^^^^^^^^^^^^^^^^^^^^^^^^^^^^^^^^^^^^^^^^^^^^^^^^^^^^^

",0,0,0,0,0.0,False,0,0,0,0,0,0,0.0,False,0,0,0.0,0,0,0,False,0,0,0.0,0
3361,oz_governance_extensions_GovernorSequentialProposalId,,data/safe_contracts/openzeppelin_all/governance_extensions_GovernorSequentialProposalId.sol,,openzeppelin,False,False,False,False,False,False,False,False,False,False,False,False,False,False,False,False,False,False,False,False,False,False,False,False,False,0,0,0,0,0,0,0,0,0,0,1,0,0.0,0,0,0.0,0,0,0,0,0,0,0,0,0,0,0,0.0,0.0,0.0,0.0,False,simple,0,IMPORT_ERROR,"File not found: Invalid compilation: 
Invalid solc compilation Error: Source ""data/safe_contracts/Governor.sol"" not found: File not found. Searched the following locations: """".
 --> data/safe_contracts/openzeppelin_all/governance_extensions_GovernorSequentialProposalId.sol:6:1:
  |
6 | import {IGovernor, Governor} from ""../Governor.sol"";
  | ^^^^^^^^^^^^^^^^^^^^^^^^^^^^^^^^^^^^^^^^^^^^^^^^^^^^

",0,0,0,0,0.0,False,0,0,0,0,0,0,0.0,False,0,0,0.0,0,0,0,False,0,0,0.0,0
3362,oz_mocks_token_ERC20BridgeableMock,,data/safe_contracts/openzeppelin_all/mocks_token_ERC20BridgeableMock.sol,,openzeppelin,False,False,False,False,False,False,False,False,False,False,False,False,False,False,False,False,False,False,False,False,False,False,False,False,False,0,0,0,0,0,0,0,0,0,0,1,0,0.0,0,0,0.0,0,0,0,0,0,0,0,0,0,0,0,0.0,0.0,0.0,0.0,False,simple,0,IMPORT_ERROR,"File not found: Invalid compilation: 
Invalid solc compilation Error: Source ""data/token/ERC20/extensions/draft-ERC20Bridgeable.sol"" not found: File not found. Searched the following locations: """".
 --> data/safe_contracts/openzeppelin_all/mocks_token_ERC20BridgeableMock.sol:5:1:
  |
5 | import {ERC20Bridgeable} from ""../../token/ERC20/extensions/draft-ERC20Bridgeable.sol"";
  | ^^^^^^^^^^^^^^^^^^^^^^^^^^^^^^^^^^^^^^^^^^^^^^^^^^^^^^^^^^^^^^^^^^^^^^^^^^^^^^^^^^^^^^^

",0,0,0,0,0.0,False,0,0,0,0,0,0,0.0,False,0,0,0.0,0,0,0,False,0,0,0.0,0
3363,oz_utils_Panic,,data/safe_contracts/openzeppelin_all/utils_Panic.sol,,openzeppelin,False,False,False,False,False,False,False,False,False,False,False,False,False,False,True,False,False,False,False,False,False,False,True,False,False,0,0,4,2,0,10,0,1,0,54,1,1,1.0,0,34,0.6296296296296297,0,0,0,0,3,1,0,0,0,3,2,0.0,0.0,4.0,4.933333333333334,False,simple,0,,,16,14,0,9,0.875,False,0,2,2,2,0,0,0.0,False,0,2,1.0,3,10,0,False,0,1,0.0,1
3364,oz_utils_structs_Checkpoints,,data/safe_contracts/openzeppelin_all/utils_structs_Checkpoints.sol,,openzeppelin,False,False,False,False,False,False,False,False,False,False,False,False,False,False,False,False,False,False,False,False,False,False,False,False,False,0,0,0,0,0,0,0,0,0,0,1,0,0.0,0,0,0.0,0,0,0,0,0,0,0,0,0,0,0,0.0,0.0,0.0,0.0,False,simple,0,IMPORT_ERROR,"File not found: Invalid compilation: 
Invalid solc compilation Error: Source ""data/safe_contracts/math/Math.sol"" not found: File not found. Searched the following locations: """".
 --> data/safe_contracts/openzeppelin_all/utils_structs_Checkpoints.sol:7:1:
  |
7 | import {Math} from ""../math/Math.sol"";
  | ^^^^^^^^^^^^^^^^^^^^^^^^^^^^^^^^^^^^^^

",0,0,0,0,0.0,False,0,0,0,0,0,0,0.0,False,0,0,0.0,0,0,0,False,0,0,0.0,0
3365,oz_mocks_token_ERC4626Mock,,data/safe_contracts/openzeppelin_all/mocks_token_ERC4626Mock.sol,,openzeppelin,False,False,False,False,False,False,False,False,False,False,False,False,False,False,False,False,False,False,False,False,False,False,False,False,False,0,0,0,0,0,0,0,0,0,0,1,0,0.0,0,0,0.0,0,0,0,0,0,0,0,0,0,0,0,0.0,0.0,0.0,0.0,False,simple,0,IMPORT_ERROR,"File not found: Invalid compilation: 
Invalid solc compilation Error: Source ""data/token/ERC20/ERC20.sol"" not found: File not found. Searched the following locations: """".
 --> data/safe_contracts/openzeppelin_all/mocks_token_ERC4626Mock.sol:4:1:
  |
4 | import {IERC20, ERC20} from ""../../token/ERC20/ERC20.sol"";
  | ^^^^^^^^^^^^^^^^^^^^^^^^^^^^^^^^^^^^^^^^^^^^^^^^^^^^^^^^^^

Error: Source ""data/token/ERC20/extensions/ERC4626.sol"" not found: File not found. Searched the following locations: """".
 --> data/safe_contracts/openzeppelin_all/mocks_token_ERC4626Mock.sol:5:1:
  |
5 | import {ERC4626} from ""../../token/ERC20/extensions/ERC4626.sol"";
  | ^^^^^^^^^^^^^^^^^^^^^^^^^^^^^^^^^^^^^^^^^^^^^^^^^^^^^^^^^^^^^^^^^

",0,0,0,0,0.0,False,0,0,0,0,0,0,0.0,False,0,0,0.0,0,0,0,False,0,0,0.0,0
3366,oz_token_ERC721_utils_ERC721Utils,,data/safe_contracts/openzeppelin_all/token_ERC721_utils_ERC721Utils.sol,,openzeppelin,False,False,False,False,False,False,False,False,False,False,False,False,False,False,False,False,False,False,False,False,False,False,False,False,False,0,0,0,0,0,0,0,0,0,0,1,0,0.0,0,0,0.0,0,0,0,0,0,0,0,0,0,0,0,0.0,0.0,0.0,0.0,False,simple,0,IMPORT_ERROR,"File not found: Invalid compilation: 
Invalid solc compilation Error: Source ""data/safe_contracts/IERC721Receiver.sol"" not found: File not found. Searched the following locations: """".
 --> data/safe_contracts/openzeppelin_all/token_ERC721_utils_ERC721Utils.sol:6:1:
  |
6 | import {IERC721Receiver} from ""../IERC721Receiver.sol"";
  | ^^^^^^^^^^^^^^^^^^^^^^^^^^^^^^^^^^^^^^^^^^^^^^^^^^^^^^^

Error: Source ""interfaces/draft-IERC6093.sol"" not found: File not found. Searched the following locations: """".
 --> data/safe_contracts/openzeppelin_all/token_ERC721_utils_ERC721Utils.sol:7:1:
  |
7 | import {IERC721Errors} from ""../../../interfaces/draft-IERC6093.sol"";
  | ^^^^^^^^^^^^^^^^^^^^^^^^^^^^^^^^^^^^^^^^^^^^^^^^^^^^^^^^^^^^^^^^^^^^^

",0,0,0,0,0.0,False,0,0,0,0,0,0,0.0,False,0,0,0.0,0,0,0,False,0,0,0.0,0
3367,oz_utils_CAIP10,,data/safe_contracts/openzeppelin_all/utils_CAIP10.sol,,openzeppelin,False,False,False,False,False,False,False,False,False,False,False,False,False,False,False,False,False,False,False,False,False,False,False,False,False,0,0,0,0,0,0,0,0,0,0,1,0,0.0,0,0,0.0,0,0,0,0,0,0,0,0,0,0,0,0.0,0.0,0.0,0.0,False,simple,0,IMPORT_ERROR,"File not found: Invalid compilation: 
Invalid solc compilation Error: Source ""data/safe_contracts/openzeppelin_all/Bytes.sol"" not found: File not found. Searched the following locations: """".
 --> data/safe_contracts/openzeppelin_all/utils_CAIP10.sol:6:1:
  |
6 | import {Bytes} from ""./Bytes.sol"";
  | ^^^^^^^^^^^^^^^^^^^^^^^^^^^^^^^^^^

Error: Source ""data/safe_contracts/openzeppelin_all/Strings.sol"" not found: File not found. Searched the following locations: """".
 --> data/safe_contracts/openzeppelin_all/utils_CAIP10.sol:7:1:
  |
7 | import {Strings} from ""./Strings.sol"";
  | ^^^^^^^^^^^^^^^^^^^^^^^^^^^^^^^^^^^^^^

Error: Source ""data/safe_contracts/openzeppelin_all/CAIP2.sol"" not found: File not found. Searched the following locations: """".
 --> data/safe_contracts/openzeppelin_all/utils_CAIP10.sol:8:1:
  |
8 | import {CAIP2} from ""./CAIP2.sol"";
  | ^^^^^^^^^^^^^^^^^^^^^^^^^^^^^^^^^^

",0,0,0,0,0.0,False,0,0,0,0,0,0,0.0,False,0,0,0.0,0,0,0,False,0,0,0.0,0
3368,oz_access_IAccessControl,,data/safe_contracts/openzeppelin_all/access_IAccessControl.sol,,openzeppelin,False,False,False,False,False,False,False,False,False,False,False,False,False,False,False,False,False,False,False,False,False,False,True,False,False,0,0,2,5,0,0,0,1,0,87,1,1,1.0,0,74,0.8505747126436781,0,0,0,0,2,0,0,0,0,1,1,0.0,0.0,2.0,4.0,False,simple,0,,,0,0,0,0,0.0,False,0,0,5,0,0,0,0.0,False,5,0,0.0,5,0,0,False,0,9,0.0,5
3369,oz_mocks_token_ERC20Mock,,data/safe_contracts/openzeppelin_all/mocks_token_ERC20Mock.sol,,openzeppelin,False,False,False,False,False,False,False,False,False,False,False,False,False,False,False,False,False,False,False,False,False,False,False,False,False,0,0,0,0,0,0,0,0,0,0,1,0,0.0,0,0,0.0,0,0,0,0,0,0,0,0,0,0,0,0.0,0.0,0.0,0.0,False,simple,0,IMPORT_ERROR,"File not found: Invalid compilation: 
Invalid solc compilation Error: Source ""data/token/ERC20/ERC20.sol"" not found: File not found. Searched the following locations: """".
 --> data/safe_contracts/openzeppelin_all/mocks_token_ERC20Mock.sol:4:1:
  |
4 | import {ERC20} from ""../../token/ERC20/ERC20.sol"";
  | ^^^^^^^^^^^^^^^^^^^^^^^^^^^^^^^^^^^^^^^^^^^^^^^^^^

",0,0,0,0,0.0,False,0,0,0,0,0,0,0.0,False,0,0,0.0,0,0,0,False,0,0,0.0,0
3370,oz_mocks_token_ERC20GetterHelper,,data/safe_contracts/openzeppelin_all/mocks_token_ERC20GetterHelper.sol,,openzeppelin,False,False,False,False,False,False,False,False,False,False,False,False,False,False,False,False,False,False,False,False,False,False,False,False,False,0,0,0,0,0,0,0,0,0,0,1,0,0.0,0,0,0.0,0,0,0,0,0,0,0,0,0,0,0,0.0,0.0,0.0,0.0,False,simple,0,IMPORT_ERROR,"File not found: Invalid compilation: 
Invalid solc compilation Error: Source ""data/token/ERC20/IERC20.sol"" not found: File not found. Searched the following locations: """".
 --> data/safe_contracts/openzeppelin_all/mocks_token_ERC20GetterHelper.sol:4:1:
  |
4 | import {IERC20} from ""../../token/ERC20/IERC20.sol"";
  | ^^^^^^^^^^^^^^^^^^^^^^^^^^^^^^^^^^^^^^^^^^^^^^^^^^^^

Error: Source ""data/token/ERC20/extensions/IERC20Metadata.sol"" not found: File not found. Searched the following locations: """".
 --> data/safe_contracts/openzeppelin_all/mocks_token_ERC20GetterHelper.sol:5:1:
  |
5 | import {IERC20Metadata} from ""../../token/ERC20/extensions/IERC20Metadata.sol"";
  | ^^^^^^^^^^^^^^^^^^^^^^^^^^^^^^^^^^^^^^^^^^^^^^^^^^^^^^^^^^^^^^^^^^^^^^^^^^^^^^^

",0,0,0,0,0.0,False,0,0,0,0,0,0,0.0,False,0,0,0.0,0,0,0,False,0,0,0.0,0
3371,oz_mocks_governance_GovernorTimelockControlMock,,data/safe_contracts/openzeppelin_all/mocks_governance_GovernorTimelockControlMock.sol,,openzeppelin,False,False,False,False,False,False,False,False,False,False,False,False,False,False,False,False,False,False,False,False,False,False,False,False,False,0,0,0,0,0,0,0,0,0,0,1,0,0.0,0,0,0.0,0,0,0,0,0,0,0,0,0,0,0,0.0,0.0,0.0,0.0,False,simple,0,IMPORT_ERROR,"File not found: Invalid compilation: 
Invalid solc compilation Error: Source ""data/governance/Governor.sol"" not found: File not found. Searched the following locations: """".
 --> data/safe_contracts/openzeppelin_all/mocks_governance_GovernorTimelockControlMock.sol:5:1:
  |
5 | import {Governor} from ""../../governance/Governor.sol"";
  | ^^^^^^^^^^^^^^^^^^^^^^^^^^^^^^^^^^^^^^^^^^^^^^^^^^^^^^^

Error: Source ""data/governance/extensions/GovernorTimelockControl.sol"" not found: File not found. Searched the following locations: """".
 --> data/safe_contracts/openzeppelin_all/mocks_governance_GovernorTimelockControlMock.sol:6:1:
  |
6 | import {GovernorTimelockControl} from ""../../governance/extensions/GovernorTimelockControl.sol"";
  | ^^^^^^^^^^^^^^^^^^^^^^^^^^^^^^^^^^^^^^^^^^^^^^^^^^^^^^^^^^^^^^^^^^^^^^^^^^^^^^^^^^^^^^^^^^^^^^^^

Error: Source ""data/governance/extensions/GovernorSettings.sol"" not found: File not found. Searched the following locations: """".
 --> data/safe_contracts/openzeppelin_all/mocks_governance_GovernorTimelockControlMock.sol:7:1:
  |
7 | import {GovernorSettings} from ""../../governance/extensions/GovernorSettings.sol"";
  | ^^^^^^^^^^^^^^^^^^^^^^^^^^^^^^^^^^^^^^^^^^^^^^^^^^^^^^^^^^^^^^^^^^^^^^^^^^^^^^^^^^

Error: Source ""data/governance/extensions/GovernorCountingSimple.sol"" not found: File not found. Searched the following locations: """".
 --> data/safe_contracts/openzeppelin_all/mocks_governance_GovernorTimelockControlMock.sol:8:1:
  |
8 | import {GovernorCountingSimple} from ""../../governance/extensions/GovernorCountingSimple.sol"";
  | ^^^^^^^^^^^^^^^^^^^^^^^^^^^^^^^^^^^^^^^^^^^^^^^^^^^^^^^^^^^^^^^^^^^^^^^^^^^^^^^^^^^^^^^^^^^^^^

Error: Source ""data/governance/extensions/GovernorVotesQuorumFraction.sol"" not found: File not found. Searched the following locations: """".
 --> data/safe_contracts/openzeppelin_all/mocks_governance_GovernorTimelockControlMock.sol:9:1:
  |
9 | import {GovernorVotesQuorumFraction} from ""../../governance/extensions/GovernorVotesQ",0,0,0,0,0.0,False,0,0,0,0,0,0,0.0,False,0,0,0.0,0,0,0,False,0,0,0.0,0
3372,oz_access_manager_IAccessManager,,data/safe_contracts/openzeppelin_all/access_manager_IAccessManager.sol,,openzeppelin,False,False,False,False,False,False,False,False,False,False,False,False,False,False,False,False,False,False,False,False,False,False,True,False,False,0,0,2,29,0,0,0,1,0,360,1,1,1.0,0,287,0.7972222222222223,1,0,0,0,2,0,0,0,0,1,1,0.0,0.0,2.0,4.0,False,moderate,1,,,0,0,0,0,0.0,False,0,0,29,0,0,0,0.0,False,29,0,0.0,29,0,0,False,0,53,0.0,27
3373,oz_token_ERC20_extensions_ERC20Permit,,data/safe_contracts/openzeppelin_all/token_ERC20_extensions_ERC20Permit.sol,,openzeppelin,False,False,False,False,False,False,False,False,False,False,False,False,False,False,False,False,False,False,False,False,False,False,False,False,False,0,0,0,0,0,0,0,0,0,0,1,0,0.0,0,0,0.0,0,0,0,0,0,0,0,0,0,0,0,0.0,0.0,0.0,0.0,False,simple,0,IMPORT_ERROR,"File not found: Invalid compilation: 
Invalid solc compilation Error: Source ""data/safe_contracts/openzeppelin_all/IERC20Permit.sol"" not found: File not found. Searched the following locations: """".
 --> data/safe_contracts/openzeppelin_all/token_ERC20_extensions_ERC20Permit.sol:6:1:
  |
6 | import {IERC20Permit} from ""./IERC20Permit.sol"";
  | ^^^^^^^^^^^^^^^^^^^^^^^^^^^^^^^^^^^^^^^^^^^^^^^^

Error: Source ""data/safe_contracts/ERC20.sol"" not found: File not found. Searched the following locations: """".
 --> data/safe_contracts/openzeppelin_all/token_ERC20_extensions_ERC20Permit.sol:7:1:
  |
7 | import {ERC20} from ""../ERC20.sol"";
  | ^^^^^^^^^^^^^^^^^^^^^^^^^^^^^^^^^^^

Error: Source ""utils/cryptography/ECDSA.sol"" not found: File not found. Searched the following locations: """".
 --> data/safe_contracts/openzeppelin_all/token_ERC20_extensions_ERC20Permit.sol:8:1:
  |
8 | import {ECDSA} from ""../../../utils/cryptography/ECDSA.sol"";
  | ^^^^^^^^^^^^^^^^^^^^^^^^^^^^^^^^^^^^^^^^^^^^^^^^^^^^^^^^^^^^

Error: Source ""utils/cryptography/EIP712.sol"" not found: File not found. Searched the following locations: """".
 --> data/safe_contracts/openzeppelin_all/token_ERC20_extensions_ERC20Permit.sol:9:1:
  |
9 | import {EIP712} from ""../../../utils/cryptography/EIP712.sol"";
  | ^^^^^^^^^^^^^^^^^^^^^^^^^^^^^^^^^^^^^^^^^^^^^^^^^^^^^^^^^^^^^^

Error: Source ""utils/Nonces.sol"" not found: File not found. Searched the following locations: """".
  --> data/safe_contracts/openzeppelin_all/token_ERC20_extensions_ERC20Permit.sol:10:1:
   |
10 | import {Nonces} from ""../../../utils/Nonces.sol"";
   | ^^^^^^^^^^^^^^^^^^^^^^^^^^^^^^^^^^^^^^^^^^^^^^^^^

",0,0,0,0,0.0,False,0,0,0,0,0,0,0.0,False,0,0,0.0,0,0,0,False,0,0,0.0,0
3374,oz_proxy_Clones,,data/safe_contracts/openzeppelin_all/proxy_Clones.sol,,openzeppelin,False,False,False,False,False,False,False,False,False,False,False,False,False,False,False,False,False,False,False,False,False,False,False,False,False,0,0,0,0,0,0,0,0,0,0,1,0,0.0,0,0,0.0,0,0,0,0,0,0,0,0,0,0,0,0.0,0.0,0.0,0.0,False,simple,0,IMPORT_ERROR,"File not found: Invalid compilation: 
Invalid solc compilation Error: Source ""data/safe_contracts/utils/Create2.sol"" not found: File not found. Searched the following locations: """".
 --> data/safe_contracts/openzeppelin_all/proxy_Clones.sol:6:1:
  |
6 | import {Create2} from ""../utils/Create2.sol"";
  | ^^^^^^^^^^^^^^^^^^^^^^^^^^^^^^^^^^^^^^^^^^^^^

Error: Source ""data/safe_contracts/utils/Errors.sol"" not found: File not found. Searched the following locations: """".
 --> data/safe_contracts/openzeppelin_all/proxy_Clones.sol:7:1:
  |
7 | import {Errors} from ""../utils/Errors.sol"";
  | ^^^^^^^^^^^^^^^^^^^^^^^^^^^^^^^^^^^^^^^^^^^

",0,0,0,0,0.0,False,0,0,0,0,0,0,0.0,False,0,0,0.0,0,0,0,False,0,0,0.0,0
3375,oz_mocks_governance_GovernorProposalGuardianMock,,data/safe_contracts/openzeppelin_all/mocks_governance_GovernorProposalGuardianMock.sol,,openzeppelin,False,False,False,False,False,False,False,False,False,False,False,False,False,False,False,False,False,False,False,False,False,False,False,False,False,0,0,0,0,0,0,0,0,0,0,1,0,0.0,0,0,0.0,0,0,0,0,0,0,0,0,0,0,0,0.0,0.0,0.0,0.0,False,simple,0,IMPORT_ERROR,"File not found: Invalid compilation: 
Invalid solc compilation Error: Source ""data/governance/Governor.sol"" not found: File not found. Searched the following locations: """".
 --> data/safe_contracts/openzeppelin_all/mocks_governance_GovernorProposalGuardianMock.sol:5:1:
  |
5 | import {Governor} from ""../../governance/Governor.sol"";
  | ^^^^^^^^^^^^^^^^^^^^^^^^^^^^^^^^^^^^^^^^^^^^^^^^^^^^^^^

Error: Source ""data/governance/extensions/GovernorSettings.sol"" not found: File not found. Searched the following locations: """".
 --> data/safe_contracts/openzeppelin_all/mocks_governance_GovernorProposalGuardianMock.sol:6:1:
  |
6 | import {GovernorSettings} from ""../../governance/extensions/GovernorSettings.sol"";
  | ^^^^^^^^^^^^^^^^^^^^^^^^^^^^^^^^^^^^^^^^^^^^^^^^^^^^^^^^^^^^^^^^^^^^^^^^^^^^^^^^^^

Error: Source ""data/governance/extensions/GovernorCountingSimple.sol"" not found: File not found. Searched the following locations: """".
 --> data/safe_contracts/openzeppelin_all/mocks_governance_GovernorProposalGuardianMock.sol:7:1:
  |
7 | import {GovernorCountingSimple} from ""../../governance/extensions/GovernorCountingSimple.sol"";
  | ^^^^^^^^^^^^^^^^^^^^^^^^^^^^^^^^^^^^^^^^^^^^^^^^^^^^^^^^^^^^^^^^^^^^^^^^^^^^^^^^^^^^^^^^^^^^^^

Error: Source ""data/governance/extensions/GovernorVotesQuorumFraction.sol"" not found: File not found. Searched the following locations: """".
 --> data/safe_contracts/openzeppelin_all/mocks_governance_GovernorProposalGuardianMock.sol:8:1:
  |
8 | import {GovernorVotesQuorumFraction} from ""../../governance/extensions/GovernorVotesQuorumFraction.sol"";
  | ^^^^^^^^^^^^^^^^^^^^^^^^^^^^^^^^^^^^^^^^^^^^^^^^^^^^^^^^^^^^^^^^^^^^^^^^^^^^^^^^^^^^^^^^^^^^^^^^^^^^^^^^

Error: Source ""data/governance/extensions/GovernorProposalGuardian.sol"" not found: File not found. Searched the following locations: """".
 --> data/safe_contracts/openzeppelin_all/mocks_governance_GovernorProposalGuardianMock.sol:9:1:
  |
9 | import {GovernorProposalGuardian} from ""../../governance/extens",0,0,0,0,0.0,False,0,0,0,0,0,0,0.0,False,0,0,0.0,0,0,0,False,0,0,0.0,0
3376,oz_mocks_governance_GovernorSequentialProposalIdMock,,data/safe_contracts/openzeppelin_all/mocks_governance_GovernorSequentialProposalIdMock.sol,,openzeppelin,False,False,False,False,False,False,False,False,False,False,False,False,False,False,False,False,False,False,False,False,False,False,False,False,False,0,0,0,0,0,0,0,0,0,0,1,0,0.0,0,0,0.0,0,0,0,0,0,0,0,0,0,0,0,0.0,0.0,0.0,0.0,False,simple,0,IMPORT_ERROR,"File not found: Invalid compilation: 
Invalid solc compilation Error: Source ""data/governance/Governor.sol"" not found: File not found. Searched the following locations: """".
 --> data/safe_contracts/openzeppelin_all/mocks_governance_GovernorSequentialProposalIdMock.sol:5:1:
  |
5 | import {Governor} from ""../../governance/Governor.sol"";
  | ^^^^^^^^^^^^^^^^^^^^^^^^^^^^^^^^^^^^^^^^^^^^^^^^^^^^^^^

Error: Source ""data/governance/extensions/GovernorSettings.sol"" not found: File not found. Searched the following locations: """".
 --> data/safe_contracts/openzeppelin_all/mocks_governance_GovernorSequentialProposalIdMock.sol:6:1:
  |
6 | import {GovernorSettings} from ""../../governance/extensions/GovernorSettings.sol"";
  | ^^^^^^^^^^^^^^^^^^^^^^^^^^^^^^^^^^^^^^^^^^^^^^^^^^^^^^^^^^^^^^^^^^^^^^^^^^^^^^^^^^

Error: Source ""data/governance/extensions/GovernorCountingSimple.sol"" not found: File not found. Searched the following locations: """".
 --> data/safe_contracts/openzeppelin_all/mocks_governance_GovernorSequentialProposalIdMock.sol:7:1:
  |
7 | import {GovernorCountingSimple} from ""../../governance/extensions/GovernorCountingSimple.sol"";
  | ^^^^^^^^^^^^^^^^^^^^^^^^^^^^^^^^^^^^^^^^^^^^^^^^^^^^^^^^^^^^^^^^^^^^^^^^^^^^^^^^^^^^^^^^^^^^^^

Error: Source ""data/governance/extensions/GovernorVotesQuorumFraction.sol"" not found: File not found. Searched the following locations: """".
 --> data/safe_contracts/openzeppelin_all/mocks_governance_GovernorSequentialProposalIdMock.sol:8:1:
  |
8 | import {GovernorVotesQuorumFraction} from ""../../governance/extensions/GovernorVotesQuorumFraction.sol"";
  | ^^^^^^^^^^^^^^^^^^^^^^^^^^^^^^^^^^^^^^^^^^^^^^^^^^^^^^^^^^^^^^^^^^^^^^^^^^^^^^^^^^^^^^^^^^^^^^^^^^^^^^^^

Error: Source ""data/governance/extensions/GovernorSequentialProposalId.sol"" not found: File not found. Searched the following locations: """".
 --> data/safe_contracts/openzeppelin_all/mocks_governance_GovernorSequentialProposalIdMock.sol:9:1:
  |
9 | import {GovernorSequentialProposalId} f",0,0,0,0,0.0,False,0,0,0,0,0,0,0.0,False,0,0,0.0,0,0,0,False,0,0,0.0,0
3377,oz_governance_TimelockController,,data/safe_contracts/openzeppelin_all/governance_TimelockController.sol,,openzeppelin,False,False,False,False,False,False,False,False,False,False,False,False,False,False,False,False,False,False,False,False,False,False,False,False,False,0,0,0,0,0,0,0,0,0,0,1,0,0.0,0,0,0.0,0,0,0,0,0,0,0,0,0,0,0,0.0,0.0,0.0,0.0,False,simple,0,IMPORT_ERROR,"File not found: Invalid compilation: 
Invalid solc compilation Error: Source ""data/safe_contracts/access/AccessControl.sol"" not found: File not found. Searched the following locations: """".
 --> data/safe_contracts/openzeppelin_all/governance_TimelockController.sol:6:1:
  |
6 | import {AccessControl} from ""../access/AccessControl.sol"";
  | ^^^^^^^^^^^^^^^^^^^^^^^^^^^^^^^^^^^^^^^^^^^^^^^^^^^^^^^^^^

Error: Source ""data/safe_contracts/token/ERC721/utils/ERC721Holder.sol"" not found: File not found. Searched the following locations: """".
 --> data/safe_contracts/openzeppelin_all/governance_TimelockController.sol:7:1:
  |
7 | import {ERC721Holder} from ""../token/ERC721/utils/ERC721Holder.sol"";
  | ^^^^^^^^^^^^^^^^^^^^^^^^^^^^^^^^^^^^^^^^^^^^^^^^^^^^^^^^^^^^^^^^^^^^

Error: Source ""data/safe_contracts/token/ERC1155/utils/ERC1155Holder.sol"" not found: File not found. Searched the following locations: """".
 --> data/safe_contracts/openzeppelin_all/governance_TimelockController.sol:8:1:
  |
8 | import {ERC1155Holder} from ""../token/ERC1155/utils/ERC1155Holder.sol"";
  | ^^^^^^^^^^^^^^^^^^^^^^^^^^^^^^^^^^^^^^^^^^^^^^^^^^^^^^^^^^^^^^^^^^^^^^^

Error: Source ""data/safe_contracts/utils/Address.sol"" not found: File not found. Searched the following locations: """".
 --> data/safe_contracts/openzeppelin_all/governance_TimelockController.sol:9:1:
  |
9 | import {Address} from ""../utils/Address.sol"";
  | ^^^^^^^^^^^^^^^^^^^^^^^^^^^^^^^^^^^^^^^^^^^^^

",0,0,0,0,0.0,False,0,0,0,0,0,0,0.0,False,0,0,0.0,0,0,0,False,0,0,0.0,0
3378,oz_mocks_MulticallHelper,,data/safe_contracts/openzeppelin_all/mocks_MulticallHelper.sol,,openzeppelin,False,False,False,False,False,False,False,False,False,False,False,False,False,False,False,False,False,False,False,False,False,False,False,False,False,0,0,0,0,0,0,0,0,0,0,1,0,0.0,0,0,0.0,0,0,0,0,0,0,0,0,0,0,0,0.0,0.0,0.0,0.0,False,simple,0,IMPORT_ERROR,"File not found: Invalid compilation: 
Invalid solc compilation Error: Source ""data/safe_contracts/openzeppelin_all/token/ERC20MulticallMock.sol"" not found: File not found. Searched the following locations: """".
 --> data/safe_contracts/openzeppelin_all/mocks_MulticallHelper.sol:5:1:
  |
5 | import {ERC20MulticallMock} from ""./token/ERC20MulticallMock.sol"";
  | ^^^^^^^^^^^^^^^^^^^^^^^^^^^^^^^^^^^^^^^^^^^^^^^^^^^^^^^^^^^^^^^^^^

",0,0,0,0,0.0,False,0,0,0,0,0,0,0.0,False,0,0,0.0,0,0,0,False,0,0,0.0,0
3379,oz_proxy_ERC1967_ERC1967Proxy,,data/safe_contracts/openzeppelin_all/proxy_ERC1967_ERC1967Proxy.sol,,openzeppelin,False,False,False,False,False,False,False,False,False,False,False,False,False,False,False,False,False,False,False,False,False,False,False,False,False,0,0,0,0,0,0,0,0,0,0,1,0,0.0,0,0,0.0,0,0,0,0,0,0,0,0,0,0,0,0.0,0.0,0.0,0.0,False,simple,0,IMPORT_ERROR,"File not found: Invalid compilation: 
Invalid solc compilation Error: Source ""data/safe_contracts/Proxy.sol"" not found: File not found. Searched the following locations: """".
 --> data/safe_contracts/openzeppelin_all/proxy_ERC1967_ERC1967Proxy.sol:6:1:
  |
6 | import {Proxy} from ""../Proxy.sol"";
  | ^^^^^^^^^^^^^^^^^^^^^^^^^^^^^^^^^^^

Error: Source ""data/safe_contracts/openzeppelin_all/ERC1967Utils.sol"" not found: File not found. Searched the following locations: """".
 --> data/safe_contracts/openzeppelin_all/proxy_ERC1967_ERC1967Proxy.sol:7:1:
  |
7 | import {ERC1967Utils} from ""./ERC1967Utils.sol"";
  | ^^^^^^^^^^^^^^^^^^^^^^^^^^^^^^^^^^^^^^^^^^^^^^^^

",0,0,0,0,0.0,False,0,0,0,0,0,0,0.0,False,0,0,0.0,0,0,0,False,0,0,0.0,0
3380,oz_proxy_utils_UUPSUpgradeable,,data/safe_contracts/openzeppelin_all/proxy_utils_UUPSUpgradeable.sol,,openzeppelin,False,False,False,False,False,False,False,False,False,False,False,False,False,False,False,False,False,False,False,False,False,False,False,False,False,0,0,0,0,0,0,0,0,0,0,1,0,0.0,0,0,0.0,0,0,0,0,0,0,0,0,0,0,0,0.0,0.0,0.0,0.0,False,simple,0,IMPORT_ERROR,"File not found: Invalid compilation: 
Invalid solc compilation Error: Source ""data/interfaces/draft-IERC1822.sol"" not found: File not found. Searched the following locations: """".
 --> data/safe_contracts/openzeppelin_all/proxy_utils_UUPSUpgradeable.sol:6:1:
  |
6 | import {IERC1822Proxiable} from ""../../interfaces/draft-IERC1822.sol"";
  | ^^^^^^^^^^^^^^^^^^^^^^^^^^^^^^^^^^^^^^^^^^^^^^^^^^^^^^^^^^^^^^^^^^^^^^

Error: Source ""data/safe_contracts/ERC1967/ERC1967Utils.sol"" not found: File not found. Searched the following locations: """".
 --> data/safe_contracts/openzeppelin_all/proxy_utils_UUPSUpgradeable.sol:7:1:
  |
7 | import {ERC1967Utils} from ""../ERC1967/ERC1967Utils.sol"";
  | ^^^^^^^^^^^^^^^^^^^^^^^^^^^^^^^^^^^^^^^^^^^^^^^^^^^^^^^^^

",0,0,0,0,0.0,False,0,0,0,0,0,0,0.0,False,0,0,0.0,0,0,0,False,0,0,0.0,0
3381,oz_mocks_token_ERC20NoReturnMock,,data/safe_contracts/openzeppelin_all/mocks_token_ERC20NoReturnMock.sol,,openzeppelin,False,False,False,False,False,False,False,False,False,False,False,False,False,False,False,False,False,False,False,False,False,False,False,False,False,0,0,0,0,0,0,0,0,0,0,1,0,0.0,0,0,0.0,0,0,0,0,0,0,0,0,0,0,0,0.0,0.0,0.0,0.0,False,simple,0,IMPORT_ERROR,"File not found: Invalid compilation: 
Invalid solc compilation Error: Source ""data/token/ERC20/ERC20.sol"" not found: File not found. Searched the following locations: """".
 --> data/safe_contracts/openzeppelin_all/mocks_token_ERC20NoReturnMock.sol:5:1:
  |
5 | import {ERC20} from ""../../token/ERC20/ERC20.sol"";
  | ^^^^^^^^^^^^^^^^^^^^^^^^^^^^^^^^^^^^^^^^^^^^^^^^^^

",0,0,0,0,0.0,False,0,0,0,0,0,0,0.0,False,0,0,0.0,0,0,0,False,0,0,0.0,0
3382,oz_utils_LowLevelCall,,data/safe_contracts/openzeppelin_all/utils_LowLevelCall.sol,,openzeppelin,False,False,False,False,False,False,False,False,False,False,False,False,False,False,True,False,False,False,False,False,False,False,True,False,False,0,0,24,12,0,0,0,1,0,114,1,1,1.0,0,31,0.2719298245614035,0,0,0,0,12,12,0,0,0,3,2,0.0,0.0,24.0,163.2,True,moderate,1,,,56,44,0,6,0.7857142857142857,False,2,12,12,31,0,0,0.0,True,0,12,2.5833333333333335,9,0,0,False,0,19,0.0,9
3383,oz_interfaces_IERC777Recipient,,data/safe_contracts/openzeppelin_all/interfaces_IERC777Recipient.sol,,openzeppelin,False,False,False,False,False,False,False,False,False,False,False,False,False,False,False,False,False,False,False,False,False,False,True,False,False,0,0,2,1,0,0,0,1,0,33,1,1,1.0,0,22,0.6666666666666666,0,0,0,0,2,0,0,0,0,1,1,0.0,0.0,2.0,4.0,False,simple,0,,,0,0,0,0,0.0,False,0,0,1,0,0,0,0.0,False,1,0,0.0,1,0,0,False,0,6,0.0,1
3384,oz_mocks_token_ERC20VotesLegacyMock,,data/safe_contracts/openzeppelin_all/mocks_token_ERC20VotesLegacyMock.sol,,openzeppelin,False,False,False,False,False,False,False,False,False,False,False,False,False,False,False,False,False,False,False,False,False,False,False,False,False,0,0,0,0,0,0,0,0,0,0,1,0,0.0,0,0,0.0,0,0,0,0,0,0,0,0,0,0,0,0.0,0.0,0.0,0.0,False,simple,0,IMPORT_ERROR,"File not found: Invalid compilation: 
Invalid solc compilation Error: Source ""data/token/ERC20/extensions/ERC20Permit.sol"" not found: File not found. Searched the following locations: """".
 --> data/safe_contracts/openzeppelin_all/mocks_token_ERC20VotesLegacyMock.sol:5:1:
  |
5 | import {ERC20Permit} from ""../../token/ERC20/extensions/ERC20Permit.sol"";
  | ^^^^^^^^^^^^^^^^^^^^^^^^^^^^^^^^^^^^^^^^^^^^^^^^^^^^^^^^^^^^^^^^^^^^^^^^^

Error: Source ""data/utils/math/Math.sol"" not found: File not found. Searched the following locations: """".
 --> data/safe_contracts/openzeppelin_all/mocks_token_ERC20VotesLegacyMock.sol:6:1:
  |
6 | import {Math} from ""../../utils/math/Math.sol"";
  | ^^^^^^^^^^^^^^^^^^^^^^^^^^^^^^^^^^^^^^^^^^^^^^^

Error: Source ""data/governance/utils/IVotes.sol"" not found: File not found. Searched the following locations: """".
 --> data/safe_contracts/openzeppelin_all/mocks_token_ERC20VotesLegacyMock.sol:7:1:
  |
7 | import {IVotes} from ""../../governance/utils/IVotes.sol"";
  | ^^^^^^^^^^^^^^^^^^^^^^^^^^^^^^^^^^^^^^^^^^^^^^^^^^^^^^^^^

Error: Source ""data/utils/math/SafeCast.sol"" not found: File not found. Searched the following locations: """".
 --> data/safe_contracts/openzeppelin_all/mocks_token_ERC20VotesLegacyMock.sol:8:1:
  |
8 | import {SafeCast} from ""../../utils/math/SafeCast.sol"";
  | ^^^^^^^^^^^^^^^^^^^^^^^^^^^^^^^^^^^^^^^^^^^^^^^^^^^^^^^

Error: Source ""data/utils/cryptography/ECDSA.sol"" not found: File not found. Searched the following locations: """".
 --> data/safe_contracts/openzeppelin_all/mocks_token_ERC20VotesLegacyMock.sol:9:1:
  |
9 | import {ECDSA} from ""../../utils/cryptography/ECDSA.sol"";
  | ^^^^^^^^^^^^^^^^^^^^^^^^^^^^^^^^^^^^^^^^^^^^^^^^^^^^^^^^^

",0,0,0,0,0.0,False,0,0,0,0,0,0,0.0,False,0,0,0.0,0,0,0,False,0,0,0.0,0
3385,oz_mocks_docs_account_MyFactoryAccount,,data/safe_contracts/openzeppelin_all/mocks_docs_account_MyFactoryAccount.sol,,openzeppelin,False,False,False,False,False,False,False,False,False,False,False,False,False,False,False,False,False,False,False,False,False,False,False,False,False,0,0,0,0,0,0,0,0,0,0,1,0,0.0,0,0,0.0,0,0,0,0,0,0,0,0,0,0,0,0.0,0.0,0.0,0.0,False,simple,0,IMPORT_ERROR,"File not found: Invalid compilation: 
Invalid solc compilation Error: Source ""proxy/Clones.sol"" not found: File not found. Searched the following locations: """".
 --> data/safe_contracts/openzeppelin_all/mocks_docs_account_MyFactoryAccount.sol:6:1:
  |
6 | import {Clones} from ""../../../proxy/Clones.sol"";
  | ^^^^^^^^^^^^^^^^^^^^^^^^^^^^^^^^^^^^^^^^^^^^^^^^^

Error: Source ""utils/Address.sol"" not found: File not found. Searched the following locations: """".
 --> data/safe_contracts/openzeppelin_all/mocks_docs_account_MyFactoryAccount.sol:7:1:
  |
7 | import {Address} from ""../../../utils/Address.sol"";
  | ^^^^^^^^^^^^^^^^^^^^^^^^^^^^^^^^^^^^^^^^^^^^^^^^^^^

",0,0,0,0,0.0,False,0,0,0,0,0,0,0.0,False,0,0,0.0,0,0,0,False,0,0,0.0,0
3386,oz_utils_ShortStrings,,data/safe_contracts/openzeppelin_all/utils_ShortStrings.sol,,openzeppelin,False,False,False,False,False,False,False,False,False,False,False,False,False,False,False,False,False,False,False,False,False,False,False,False,False,0,0,0,0,0,0,0,0,0,0,1,0,0.0,0,0,0.0,0,0,0,0,0,0,0,0,0,0,0,0.0,0.0,0.0,0.0,False,simple,0,IMPORT_ERROR,"File not found: Invalid compilation: 
Invalid solc compilation Error: Source ""data/safe_contracts/openzeppelin_all/StorageSlot.sol"" not found: File not found. Searched the following locations: """".
 --> data/safe_contracts/openzeppelin_all/utils_ShortStrings.sol:6:1:
  |
6 | import {StorageSlot} from ""./StorageSlot.sol"";
  | ^^^^^^^^^^^^^^^^^^^^^^^^^^^^^^^^^^^^^^^^^^^^^^

",0,0,0,0,0.0,False,0,0,0,0,0,0,0.0,False,0,0,0.0,0,0,0,False,0,0,0.0,0
3387,oz_mocks_token_ERC721ReceiverMock,,data/safe_contracts/openzeppelin_all/mocks_token_ERC721ReceiverMock.sol,,openzeppelin,False,False,False,False,False,False,False,False,False,False,False,False,False,False,False,False,False,False,False,False,False,False,False,False,False,0,0,0,0,0,0,0,0,0,0,1,0,0.0,0,0,0.0,0,0,0,0,0,0,0,0,0,0,0,0.0,0.0,0.0,0.0,False,simple,0,IMPORT_ERROR,"File not found: Invalid compilation: 
Invalid solc compilation Error: Source ""data/token/ERC721/IERC721Receiver.sol"" not found: File not found. Searched the following locations: """".
 --> data/safe_contracts/openzeppelin_all/mocks_token_ERC721ReceiverMock.sol:5:1:
  |
5 | import {IERC721Receiver} from ""../../token/ERC721/IERC721Receiver.sol"";
  | ^^^^^^^^^^^^^^^^^^^^^^^^^^^^^^^^^^^^^^^^^^^^^^^^^^^^^^^^^^^^^^^^^^^^^^^

",0,0,0,0,0.0,False,0,0,0,0,0,0,0.0,False,0,0,0.0,0,0,0,False,0,0,0.0,0
3388,oz_utils_cryptography_WebAuthn,,data/safe_contracts/openzeppelin_all/utils_cryptography_WebAuthn.sol,,openzeppelin,False,False,False,False,False,False,False,False,False,False,False,False,False,False,False,False,False,False,False,False,False,False,False,False,False,0,0,0,0,0,0,0,0,0,0,1,0,0.0,0,0,0.0,0,0,0,0,0,0,0,0,0,0,0,0.0,0.0,0.0,0.0,False,simple,0,IMPORT_ERROR,"File not found: Invalid compilation: 
Invalid solc compilation Error: Source ""data/safe_contracts/openzeppelin_all/P256.sol"" not found: File not found. Searched the following locations: """".
 --> data/safe_contracts/openzeppelin_all/utils_cryptography_WebAuthn.sol:6:1:
  |
6 | import {P256} from ""./P256.sol"";
  | ^^^^^^^^^^^^^^^^^^^^^^^^^^^^^^^^

Error: Source ""data/safe_contracts/Base64.sol"" not found: File not found. Searched the following locations: """".
 --> data/safe_contracts/openzeppelin_all/utils_cryptography_WebAuthn.sol:7:1:
  |
7 | import {Base64} from ""../Base64.sol"";
  | ^^^^^^^^^^^^^^^^^^^^^^^^^^^^^^^^^^^^^

Error: Source ""data/safe_contracts/Bytes.sol"" not found: File not found. Searched the following locations: """".
 --> data/safe_contracts/openzeppelin_all/utils_cryptography_WebAuthn.sol:8:1:
  |
8 | import {Bytes} from ""../Bytes.sol"";
  | ^^^^^^^^^^^^^^^^^^^^^^^^^^^^^^^^^^^

Error: Source ""data/safe_contracts/Strings.sol"" not found: File not found. Searched the following locations: """".
 --> data/safe_contracts/openzeppelin_all/utils_cryptography_WebAuthn.sol:9:1:
  |
9 | import {Strings} from ""../Strings.sol"";
  | ^^^^^^^^^^^^^^^^^^^^^^^^^^^^^^^^^^^^^^^

",0,0,0,0,0.0,False,0,0,0,0,0,0,0.0,False,0,0,0.0,0,0,0,False,0,0,0.0,0
3389,oz_token_ERC1155_utils_ERC1155Utils,,data/safe_contracts/openzeppelin_all/token_ERC1155_utils_ERC1155Utils.sol,,openzeppelin,False,False,False,False,False,False,False,False,False,False,False,False,False,False,False,False,False,False,False,False,False,False,False,False,False,0,0,0,0,0,0,0,0,0,0,1,0,0.0,0,0,0.0,0,0,0,0,0,0,0,0,0,0,0,0.0,0.0,0.0,0.0,False,simple,0,IMPORT_ERROR,"File not found: Invalid compilation: 
Invalid solc compilation Error: Source ""data/safe_contracts/IERC1155Receiver.sol"" not found: File not found. Searched the following locations: """".
 --> data/safe_contracts/openzeppelin_all/token_ERC1155_utils_ERC1155Utils.sol:6:1:
  |
6 | import {IERC1155Receiver} from ""../IERC1155Receiver.sol"";
  | ^^^^^^^^^^^^^^^^^^^^^^^^^^^^^^^^^^^^^^^^^^^^^^^^^^^^^^^^^

Error: Source ""interfaces/draft-IERC6093.sol"" not found: File not found. Searched the following locations: """".
 --> data/safe_contracts/openzeppelin_all/token_ERC1155_utils_ERC1155Utils.sol:7:1:
  |
7 | import {IERC1155Errors} from ""../../../interfaces/draft-IERC6093.sol"";
  | ^^^^^^^^^^^^^^^^^^^^^^^^^^^^^^^^^^^^^^^^^^^^^^^^^^^^^^^^^^^^^^^^^^^^^^

",0,0,0,0,0.0,False,0,0,0,0,0,0,0.0,False,0,0,0.0,0,0,0,False,0,0,0.0,0
3390,oz_mocks_docs_token_ERC20_GLDToken,,data/safe_contracts/openzeppelin_all/mocks_docs_token_ERC20_GLDToken.sol,,openzeppelin,False,False,False,False,False,False,False,False,False,False,False,False,False,False,False,False,False,False,False,False,False,False,False,False,False,0,0,0,0,0,0,0,0,0,0,1,0,0.0,0,0,0.0,0,0,0,0,0,0,0,0,0,0,0,0.0,0.0,0.0,0.0,False,simple,0,IMPORT_ERROR,"File not found: Invalid compilation: 
Invalid solc compilation Error: Source ""token/ERC20/ERC20.sol"" not found: File not found. Searched the following locations: """".
 --> data/safe_contracts/openzeppelin_all/mocks_docs_token_ERC20_GLDToken.sol:5:1:
  |
5 | import {ERC20} from ""../../../../token/ERC20/ERC20.sol"";
  | ^^^^^^^^^^^^^^^^^^^^^^^^^^^^^^^^^^^^^^^^^^^^^^^^^^^^^^^^

",0,0,0,0,0.0,False,0,0,0,0,0,0,0.0,False,0,0,0.0,0,0,0,False,0,0,0.0,0
3391,oz_utils_StorageSlot,,data/safe_contracts/openzeppelin_all/utils_StorageSlot.sol,,openzeppelin,False,False,False,False,False,False,False,False,False,False,False,False,False,False,True,False,False,False,False,False,False,False,True,False,False,0,0,20,9,0,0,0,1,0,126,1,1,1.0,0,57,0.4523809523809524,0,0,0,0,11,9,0,0,0,3,2,0.0,0.0,20.0,115.33333333333334,False,simple,0,,,36,27,0,3,0.75,False,0,9,9,0,0,0,0.0,False,0,9,0.0,7,0,0,False,0,9,0.0,9
3392,oz_utils_structs_Heap,,data/safe_contracts/openzeppelin_all/utils_structs_Heap.sol,,openzeppelin,False,False,False,False,False,False,False,False,False,False,False,False,False,False,False,False,False,False,False,False,False,False,False,False,False,0,0,0,0,0,0,0,0,0,0,1,0,0.0,0,0,0.0,0,0,0,0,0,0,0,0,0,0,0,0.0,0.0,0.0,0.0,False,simple,0,IMPORT_ERROR,"File not found: Invalid compilation: 
Invalid solc compilation Error: Source ""data/safe_contracts/math/Math.sol"" not found: File not found. Searched the following locations: """".
 --> data/safe_contracts/openzeppelin_all/utils_structs_Heap.sol:6:1:
  |
6 | import {Math} from ""../math/Math.sol"";
  | ^^^^^^^^^^^^^^^^^^^^^^^^^^^^^^^^^^^^^^

Error: Source ""data/safe_contracts/Comparators.sol"" not found: File not found. Searched the following locations: """".
 --> data/safe_contracts/openzeppelin_all/utils_structs_Heap.sol:7:1:
  |
7 | import {Comparators} from ""../Comparators.sol"";
  | ^^^^^^^^^^^^^^^^^^^^^^^^^^^^^^^^^^^^^^^^^^^^^^^

Error: Source ""data/safe_contracts/Arrays.sol"" not found: File not found. Searched the following locations: """".
 --> data/safe_contracts/openzeppelin_all/utils_structs_Heap.sol:8:1:
  |
8 | import {Arrays} from ""../Arrays.sol"";
  | ^^^^^^^^^^^^^^^^^^^^^^^^^^^^^^^^^^^^^

Error: Source ""data/safe_contracts/Panic.sol"" not found: File not found. Searched the following locations: """".
 --> data/safe_contracts/openzeppelin_all/utils_structs_Heap.sol:9:1:
  |
9 | import {Panic} from ""../Panic.sol"";
  | ^^^^^^^^^^^^^^^^^^^^^^^^^^^^^^^^^^^

Error: Source ""data/safe_contracts/StorageSlot.sol"" not found: File not found. Searched the following locations: """".
  --> data/safe_contracts/openzeppelin_all/utils_structs_Heap.sol:10:1:
   |
10 | import {StorageSlot} from ""../StorageSlot.sol"";
   | ^^^^^^^^^^^^^^^^^^^^^^^^^^^^^^^^^^^^^^^^^^^^^^^

",0,0,0,0,0.0,False,0,0,0,0,0,0,0.0,False,0,0,0.0,0,0,0,False,0,0,0.0,0
3393,oz_governance_utils_IVotes,,data/safe_contracts/openzeppelin_all/governance_utils_IVotes.sol,,openzeppelin,False,False,False,False,False,False,False,False,False,False,False,False,False,False,False,False,False,False,False,False,False,False,True,False,False,0,0,2,6,0,0,0,1,0,50,1,1,1.0,0,38,0.76,0,0,0,0,2,0,0,0,0,1,1,0.0,0.0,2.0,4.0,False,simple,0,,,0,0,0,0,0.0,False,0,0,6,0,0,0,0.0,False,6,0,0.0,6,0,0,False,0,12,0.0,6
3394,oz_utils_cryptography_P256,,data/safe_contracts/openzeppelin_all/utils_cryptography_P256.sol,,openzeppelin,False,False,False,False,False,False,False,False,False,False,False,False,False,False,False,False,False,False,False,False,False,False,False,False,False,0,0,0,0,0,0,0,0,0,0,1,0,0.0,0,0,0.0,0,0,0,0,0,0,0,0,0,0,0,0.0,0.0,0.0,0.0,False,simple,0,IMPORT_ERROR,"File not found: Invalid compilation: 
Invalid solc compilation Error: Source ""data/safe_contracts/math/Math.sol"" not found: File not found. Searched the following locations: """".
 --> data/safe_contracts/openzeppelin_all/utils_cryptography_P256.sol:5:1:
  |
5 | import {Math} from ""../math/Math.sol"";
  | ^^^^^^^^^^^^^^^^^^^^^^^^^^^^^^^^^^^^^^

Error: Source ""data/safe_contracts/Errors.sol"" not found: File not found. Searched the following locations: """".
 --> data/safe_contracts/openzeppelin_all/utils_cryptography_P256.sol:6:1:
  |
6 | import {Errors} from ""../Errors.sol"";
  | ^^^^^^^^^^^^^^^^^^^^^^^^^^^^^^^^^^^^^

",0,0,0,0,0.0,False,0,0,0,0,0,0,0.0,False,0,0,0.0,0,0,0,False,0,0,0.0,0
3395,oz_mocks_governance_GovernorMock,,data/safe_contracts/openzeppelin_all/mocks_governance_GovernorMock.sol,,openzeppelin,False,False,False,False,False,False,False,False,False,False,False,False,False,False,False,False,False,False,False,False,False,False,False,False,False,0,0,0,0,0,0,0,0,0,0,1,0,0.0,0,0,0.0,0,0,0,0,0,0,0,0,0,0,0,0.0,0.0,0.0,0.0,False,simple,0,IMPORT_ERROR,"File not found: Invalid compilation: 
Invalid solc compilation Error: Source ""data/governance/Governor.sol"" not found: File not found. Searched the following locations: """".
 --> data/safe_contracts/openzeppelin_all/mocks_governance_GovernorMock.sol:5:1:
  |
5 | import {Governor} from ""../../governance/Governor.sol"";
  | ^^^^^^^^^^^^^^^^^^^^^^^^^^^^^^^^^^^^^^^^^^^^^^^^^^^^^^^

Error: Source ""data/governance/extensions/GovernorSettings.sol"" not found: File not found. Searched the following locations: """".
 --> data/safe_contracts/openzeppelin_all/mocks_governance_GovernorMock.sol:6:1:
  |
6 | import {GovernorSettings} from ""../../governance/extensions/GovernorSettings.sol"";
  | ^^^^^^^^^^^^^^^^^^^^^^^^^^^^^^^^^^^^^^^^^^^^^^^^^^^^^^^^^^^^^^^^^^^^^^^^^^^^^^^^^^

Error: Source ""data/governance/extensions/GovernorCountingSimple.sol"" not found: File not found. Searched the following locations: """".
 --> data/safe_contracts/openzeppelin_all/mocks_governance_GovernorMock.sol:7:1:
  |
7 | import {GovernorCountingSimple} from ""../../governance/extensions/GovernorCountingSimple.sol"";
  | ^^^^^^^^^^^^^^^^^^^^^^^^^^^^^^^^^^^^^^^^^^^^^^^^^^^^^^^^^^^^^^^^^^^^^^^^^^^^^^^^^^^^^^^^^^^^^^

Error: Source ""data/governance/extensions/GovernorVotesQuorumFraction.sol"" not found: File not found. Searched the following locations: """".
 --> data/safe_contracts/openzeppelin_all/mocks_governance_GovernorMock.sol:8:1:
  |
8 | import {GovernorVotesQuorumFraction} from ""../../governance/extensions/GovernorVotesQuorumFraction.sol"";
  | ^^^^^^^^^^^^^^^^^^^^^^^^^^^^^^^^^^^^^^^^^^^^^^^^^^^^^^^^^^^^^^^^^^^^^^^^^^^^^^^^^^^^^^^^^^^^^^^^^^^^^^^^

",0,0,0,0,0.0,False,0,0,0,0,0,0,0.0,False,0,0,0.0,0,0,0,False,0,0,0.0,0
3396,oz_account_utils_EIP7702Utils,,data/safe_contracts/openzeppelin_all/account_utils_EIP7702Utils.sol,,openzeppelin,False,False,False,False,False,False,False,False,False,False,False,False,False,False,False,False,False,False,False,False,False,False,True,False,False,0,0,3,2,0,1,0,2,0,18,1,1,1.5,0,10,0.5555555555555556,0,0,0,0,2,1,0,0,0,2,1,0.0,0.0,3.0,4.05,False,simple,0,,,6,4,0,3,0.6666666666666666,False,2,3,2,1,0,0,0.0,False,0,2,0.5,2,1,0,True,0,1,0.0,1
3397,oz_utils_structs_EnumerableMap,,data/safe_contracts/openzeppelin_all/utils_structs_EnumerableMap.sol,,openzeppelin,False,False,False,False,False,False,False,False,False,False,False,False,False,False,False,False,False,False,False,False,False,False,False,False,False,0,0,0,0,0,0,0,0,0,0,1,0,0.0,0,0,0.0,0,0,0,0,0,0,0,0,0,0,0,0.0,0.0,0.0,0.0,False,simple,0,IMPORT_ERROR,"File not found: Invalid compilation: 
Invalid solc compilation Error: Source ""data/safe_contracts/openzeppelin_all/EnumerableSet.sol"" not found: File not found. Searched the following locations: """".
 --> data/safe_contracts/openzeppelin_all/utils_structs_EnumerableMap.sol:7:1:
  |
7 | import {EnumerableSet} from ""./EnumerableSet.sol"";
  | ^^^^^^^^^^^^^^^^^^^^^^^^^^^^^^^^^^^^^^^^^^^^^^^^^^

",0,0,0,0,0.0,False,0,0,0,0,0,0,0.0,False,0,0,0.0,0,0,0,False,0,0,0.0,0
3398,oz_mocks_account_AccountMock,,data/safe_contracts/openzeppelin_all/mocks_account_AccountMock.sol,,openzeppelin,False,False,False,False,False,False,False,False,False,False,False,False,False,False,False,False,False,False,False,False,False,False,False,False,False,0,0,0,0,0,0,0,0,0,0,1,0,0.0,0,0,0.0,0,0,0,0,0,0,0,0,0,0,0,0.0,0.0,0.0,0.0,False,simple,0,IMPORT_ERROR,"File not found: Invalid compilation: 
Invalid solc compilation Error: Source ""data/account/Account.sol"" not found: File not found. Searched the following locations: """".
 --> data/safe_contracts/openzeppelin_all/mocks_account_AccountMock.sol:5:1:
  |
5 | import {Account} from ""../../account/Account.sol"";
  | ^^^^^^^^^^^^^^^^^^^^^^^^^^^^^^^^^^^^^^^^^^^^^^^^^^

Error: Source ""data/account/extensions/draft-AccountERC7579.sol"" not found: File not found. Searched the following locations: """".
 --> data/safe_contracts/openzeppelin_all/mocks_account_AccountMock.sol:6:1:
  |
6 | import {AccountERC7579} from ""../../account/extensions/draft-AccountERC7579.sol"";
  | ^^^^^^^^^^^^^^^^^^^^^^^^^^^^^^^^^^^^^^^^^^^^^^^^^^^^^^^^^^^^^^^^^^^^^^^^^^^^^^^^^

Error: Source ""data/account/extensions/draft-AccountERC7579Hooked.sol"" not found: File not found. Searched the following locations: """".
 --> data/safe_contracts/openzeppelin_all/mocks_account_AccountMock.sol:7:1:
  |
7 | import {AccountERC7579Hooked} from ""../../account/extensions/draft-AccountERC7579Hooked.sol"";
  | ^^^^^^^^^^^^^^^^^^^^^^^^^^^^^^^^^^^^^^^^^^^^^^^^^^^^^^^^^^^^^^^^^^^^^^^^^^^^^^^^^^^^^^^^^^^^^

Error: Source ""data/token/ERC721/utils/ERC721Holder.sol"" not found: File not found. Searched the following locations: """".
 --> data/safe_contracts/openzeppelin_all/mocks_account_AccountMock.sol:8:1:
  |
8 | import {ERC721Holder} from ""../../token/ERC721/utils/ERC721Holder.sol"";
  | ^^^^^^^^^^^^^^^^^^^^^^^^^^^^^^^^^^^^^^^^^^^^^^^^^^^^^^^^^^^^^^^^^^^^^^^

Error: Source ""data/token/ERC1155/utils/ERC1155Holder.sol"" not found: File not found. Searched the following locations: """".
 --> data/safe_contracts/openzeppelin_all/mocks_account_AccountMock.sol:9:1:
  |
9 | import {ERC1155Holder} from ""../../token/ERC1155/utils/ERC1155Holder.sol"";
  | ^^^^^^^^^^^^^^^^^^^^^^^^^^^^^^^^^^^^^^^^^^^^^^^^^^^^^^^^^^^^^^^^^^^^^^^^^^

Error: Source ""data/utils/cryptography/signers/draft-ERC7739.sol"" not found: File not found. Searched the following locat",0,0,0,0,0.0,False,0,0,0,0,0,0,0.0,False,0,0,0.0,0,0,0,False,0,0,0.0,0
3399,oz_mocks_ReentrancyTransientMock,,data/safe_contracts/openzeppelin_all/mocks_ReentrancyTransientMock.sol,,openzeppelin,False,False,False,False,False,False,False,False,False,False,False,False,False,False,False,False,False,False,False,False,False,False,False,False,False,0,0,0,0,0,0,0,0,0,0,1,0,0.0,0,0,0.0,0,0,0,0,0,0,0,0,0,0,0,0.0,0.0,0.0,0.0,False,simple,0,IMPORT_ERROR,"File not found: Invalid compilation: 
Invalid solc compilation Error: Source ""data/safe_contracts/utils/ReentrancyGuardTransient.sol"" not found: File not found. Searched the following locations: """".
 --> data/safe_contracts/openzeppelin_all/mocks_ReentrancyTransientMock.sol:5:1:
  |
5 | import {ReentrancyGuardTransient} from ""../utils/ReentrancyGuardTransient.sol"";
  | ^^^^^^^^^^^^^^^^^^^^^^^^^^^^^^^^^^^^^^^^^^^^^^^^^^^^^^^^^^^^^^^^^^^^^^^^^^^^^^^

Error: Source ""data/safe_contracts/openzeppelin_all/ReentrancyAttack.sol"" not found: File not found. Searched the following locations: """".
 --> data/safe_contracts/openzeppelin_all/mocks_ReentrancyTransientMock.sol:6:1:
  |
6 | import {ReentrancyAttack} from ""./ReentrancyAttack.sol"";
  | ^^^^^^^^^^^^^^^^^^^^^^^^^^^^^^^^^^^^^^^^^^^^^^^^^^^^^^^^

",0,0,0,0,0.0,False,0,0,0,0,0,0,0.0,False,0,0,0.0,0,0,0,False,0,0,0.0,0
3400,oz_proxy_Proxy,,data/safe_contracts/openzeppelin_all/proxy_Proxy.sol,,openzeppelin,False,False,False,False,False,False,False,False,False,False,False,False,False,False,True,True,False,False,False,False,False,False,True,False,False,0,1,4,4,0,0,0,3,0,61,1,1,1.5,0,37,0.6065573770491803,1,0,0,0,5,0,0,1,0,4,2,0.0,0.0,9.0,11.25,False,simple,0,,,17,15,0,11,0.8823529411764706,False,0,5,4,11,3,0,0.0,False,1,3,2.75,9,0,0,False,0,1,0.0,1
3401,oz_utils_cryptography_TrieProof,,data/safe_contracts/openzeppelin_all/utils_cryptography_TrieProof.sol,,openzeppelin,False,False,False,False,False,False,False,False,False,False,False,False,False,False,False,False,False,False,False,False,False,False,False,False,False,0,0,0,0,0,0,0,0,0,0,1,0,0.0,0,0,0.0,0,0,0,0,0,0,0,0,0,0,0,0.0,0.0,0.0,0.0,False,simple,0,IMPORT_ERROR,"File not found: Invalid compilation: 
Invalid solc compilation Error: Source ""data/safe_contracts/math/Math.sol"" not found: File not found. Searched the following locations: """".
 --> data/safe_contracts/openzeppelin_all/utils_cryptography_TrieProof.sol:4:1:
  |
4 | import {Math} from ""../math/Math.sol"";
  | ^^^^^^^^^^^^^^^^^^^^^^^^^^^^^^^^^^^^^^

Error: Source ""data/safe_contracts/Bytes.sol"" not found: File not found. Searched the following locations: """".
 --> data/safe_contracts/openzeppelin_all/utils_cryptography_TrieProof.sol:5:1:
  |
5 | import {Bytes} from ""../Bytes.sol"";
  | ^^^^^^^^^^^^^^^^^^^^^^^^^^^^^^^^^^^

Error: Source ""data/safe_contracts/Memory.sol"" not found: File not found. Searched the following locations: """".
 --> data/safe_contracts/openzeppelin_all/utils_cryptography_TrieProof.sol:6:1:
  |
6 | import {Memory} from ""../Memory.sol"";
  | ^^^^^^^^^^^^^^^^^^^^^^^^^^^^^^^^^^^^^

Error: Source ""data/safe_contracts/RLP.sol"" not found: File not found. Searched the following locations: """".
 --> data/safe_contracts/openzeppelin_all/utils_cryptography_TrieProof.sol:7:1:
  |
7 | import {RLP} from ""../RLP.sol"";
  | ^^^^^^^^^^^^^^^^^^^^^^^^^^^^^^^

",0,0,0,0,0.0,False,0,0,0,0,0,0,0.0,False,0,0,0.0,0,0,0,False,0,0,0.0,0
3402,oz_interfaces_IERC20,,data/safe_contracts/openzeppelin_all/interfaces_IERC20.sol,,openzeppelin,False,False,False,False,False,False,False,False,False,False,False,False,False,False,False,False,False,False,False,False,False,False,False,False,False,0,0,0,0,0,0,0,0,0,0,1,0,0.0,0,0,0.0,0,0,0,0,0,0,0,0,0,0,0,0.0,0.0,0.0,0.0,False,simple,0,IMPORT_ERROR,"File not found: Invalid compilation: 
Invalid solc compilation Error: Source ""data/safe_contracts/token/ERC20/IERC20.sol"" not found: File not found. Searched the following locations: """".
 --> data/safe_contracts/openzeppelin_all/interfaces_IERC20.sol:6:1:
  |
6 | import {IERC20} from ""../token/ERC20/IERC20.sol"";
  | ^^^^^^^^^^^^^^^^^^^^^^^^^^^^^^^^^^^^^^^^^^^^^^^^^

",0,0,0,0,0.0,False,0,0,0,0,0,0,0.0,False,0,0,0.0,0,0,0,False,0,0,0.0,0
3403,oz_mocks_token_ERC4626OffsetMock,,data/safe_contracts/openzeppelin_all/mocks_token_ERC4626OffsetMock.sol,,openzeppelin,False,False,False,False,False,False,False,False,False,False,False,False,False,False,False,False,False,False,False,False,False,False,False,False,False,0,0,0,0,0,0,0,0,0,0,1,0,0.0,0,0,0.0,0,0,0,0,0,0,0,0,0,0,0,0.0,0.0,0.0,0.0,False,simple,0,IMPORT_ERROR,"File not found: Invalid compilation: 
Invalid solc compilation Error: Source ""data/token/ERC20/extensions/ERC4626.sol"" not found: File not found. Searched the following locations: """".
 --> data/safe_contracts/openzeppelin_all/mocks_token_ERC4626OffsetMock.sol:5:1:
  |
5 | import {ERC4626} from ""../../token/ERC20/extensions/ERC4626.sol"";
  | ^^^^^^^^^^^^^^^^^^^^^^^^^^^^^^^^^^^^^^^^^^^^^^^^^^^^^^^^^^^^^^^^^

",0,0,0,0,0.0,False,0,0,0,0,0,0,0.0,False,0,0,0.0,0,0,0,False,0,0,0.0,0
3404,oz_mocks_governance_GovernorPreventLateQuorumMock,,data/safe_contracts/openzeppelin_all/mocks_governance_GovernorPreventLateQuorumMock.sol,,openzeppelin,False,False,False,False,False,False,False,False,False,False,False,False,False,False,False,False,False,False,False,False,False,False,False,False,False,0,0,0,0,0,0,0,0,0,0,1,0,0.0,0,0,0.0,0,0,0,0,0,0,0,0,0,0,0,0.0,0.0,0.0,0.0,False,simple,0,IMPORT_ERROR,"File not found: Invalid compilation: 
Invalid solc compilation Error: Source ""data/governance/Governor.sol"" not found: File not found. Searched the following locations: """".
 --> data/safe_contracts/openzeppelin_all/mocks_governance_GovernorPreventLateQuorumMock.sol:5:1:
  |
5 | import {Governor} from ""../../governance/Governor.sol"";
  | ^^^^^^^^^^^^^^^^^^^^^^^^^^^^^^^^^^^^^^^^^^^^^^^^^^^^^^^

Error: Source ""data/governance/extensions/GovernorPreventLateQuorum.sol"" not found: File not found. Searched the following locations: """".
 --> data/safe_contracts/openzeppelin_all/mocks_governance_GovernorPreventLateQuorumMock.sol:6:1:
  |
6 | import {GovernorPreventLateQuorum} from ""../../governance/extensions/GovernorPreventLateQuorum.sol"";
  | ^^^^^^^^^^^^^^^^^^^^^^^^^^^^^^^^^^^^^^^^^^^^^^^^^^^^^^^^^^^^^^^^^^^^^^^^^^^^^^^^^^^^^^^^^^^^^^^^^^^^

Error: Source ""data/governance/extensions/GovernorSettings.sol"" not found: File not found. Searched the following locations: """".
 --> data/safe_contracts/openzeppelin_all/mocks_governance_GovernorPreventLateQuorumMock.sol:7:1:
  |
7 | import {GovernorSettings} from ""../../governance/extensions/GovernorSettings.sol"";
  | ^^^^^^^^^^^^^^^^^^^^^^^^^^^^^^^^^^^^^^^^^^^^^^^^^^^^^^^^^^^^^^^^^^^^^^^^^^^^^^^^^^

Error: Source ""data/governance/extensions/GovernorCountingSimple.sol"" not found: File not found. Searched the following locations: """".
 --> data/safe_contracts/openzeppelin_all/mocks_governance_GovernorPreventLateQuorumMock.sol:8:1:
  |
8 | import {GovernorCountingSimple} from ""../../governance/extensions/GovernorCountingSimple.sol"";
  | ^^^^^^^^^^^^^^^^^^^^^^^^^^^^^^^^^^^^^^^^^^^^^^^^^^^^^^^^^^^^^^^^^^^^^^^^^^^^^^^^^^^^^^^^^^^^^^

Error: Source ""data/governance/extensions/GovernorVotes.sol"" not found: File not found. Searched the following locations: """".
 --> data/safe_contracts/openzeppelin_all/mocks_governance_GovernorPreventLateQuorumMock.sol:9:1:
  |
9 | import {GovernorVotes} from ""../../governance/extensions/GovernorVotes.sol"";
  ",0,0,0,0,0.0,False,0,0,0,0,0,0,0.0,False,0,0,0.0,0,0,0,False,0,0,0.0,0
3405,oz_mocks_docs_access-control_AccessControlERC20MintMissing,,data/safe_contracts/openzeppelin_all/mocks_docs_access-control_AccessControlERC20MintMissing.sol,,openzeppelin,False,False,False,False,False,False,False,False,False,False,False,False,False,False,False,False,False,False,False,False,False,False,False,False,False,0,0,0,0,0,0,0,0,0,0,1,0,0.0,0,0,0.0,0,0,0,0,0,0,0,0,0,0,0,0.0,0.0,0.0,0.0,False,simple,0,IMPORT_ERROR,"File not found: Invalid compilation: 
Invalid solc compilation Error: Source ""access/AccessControl.sol"" not found: File not found. Searched the following locations: """".
 --> data/safe_contracts/openzeppelin_all/mocks_docs_access-control_AccessControlERC20MintMissing.sol:4:1:
  |
4 | import {AccessControl} from ""../../../access/AccessControl.sol"";
  | ^^^^^^^^^^^^^^^^^^^^^^^^^^^^^^^^^^^^^^^^^^^^^^^^^^^^^^^^^^^^^^^^

Error: Source ""token/ERC20/ERC20.sol"" not found: File not found. Searched the following locations: """".
 --> data/safe_contracts/openzeppelin_all/mocks_docs_access-control_AccessControlERC20MintMissing.sol:5:1:
  |
5 | import {ERC20} from ""../../../token/ERC20/ERC20.sol"";
  | ^^^^^^^^^^^^^^^^^^^^^^^^^^^^^^^^^^^^^^^^^^^^^^^^^^^^^

",0,0,0,0,0.0,False,0,0,0,0,0,0,0.0,False,0,0,0.0,0,0,0,False,0,0,0.0,0
3406,oz_utils_Errors,,data/safe_contracts/openzeppelin_all/utils_Errors.sol,,openzeppelin,False,False,False,False,False,False,False,False,False,False,False,False,False,False,False,False,False,False,False,False,False,False,True,False,False,0,0,2,0,0,0,0,0,0,29,1,1,0.0,0,22,0.7586206896551724,0,0,0,0,2,0,0,0,0,1,1,0.0,0.0,2.0,4.0,False,simple,0,,,0,0,0,0,0.0,False,0,0,0,0,0,0,0.0,False,0,0,0.0,0,0,0,False,0,0,0.0,0
3407,oz_interfaces_IERC5267,,data/safe_contracts/openzeppelin_all/interfaces_IERC5267.sol,,openzeppelin,False,False,False,False,False,False,False,False,False,False,False,False,False,False,False,False,False,False,False,False,False,False,True,False,False,0,0,2,1,0,0,0,1,0,25,1,1,1.0,0,9,0.36,0,0,0,0,2,0,0,0,0,1,1,0.0,0.0,2.0,4.0,False,simple,0,,,0,0,0,0,0.0,False,0,0,1,0,0,0,0.0,False,1,0,0.0,1,0,0,False,0,0,0.0,0
3408,oz_proxy_beacon_IBeacon,,data/safe_contracts/openzeppelin_all/proxy_beacon_IBeacon.sol,,openzeppelin,False,False,False,False,False,False,False,False,False,False,False,False,False,False,False,False,False,False,False,False,False,False,True,False,False,0,0,2,1,0,0,0,1,0,14,1,1,1.0,0,10,0.7142857142857143,0,0,0,0,2,0,0,0,0,1,1,0.0,0.0,2.0,4.0,False,simple,0,,,0,0,0,0,0.0,False,0,0,1,0,0,0,0.0,False,1,0,0.0,1,0,0,False,0,0,0.0,0
3409,oz_mocks_token_ERC1363ReturnFalseMock,,data/safe_contracts/openzeppelin_all/mocks_token_ERC1363ReturnFalseMock.sol,,openzeppelin,False,False,False,False,False,False,False,False,False,False,False,False,False,False,False,False,False,False,False,False,False,False,False,False,False,0,0,0,0,0,0,0,0,0,0,1,0,0.0,0,0,0.0,0,0,0,0,0,0,0,0,0,0,0,0.0,0.0,0.0,0.0,False,simple,0,IMPORT_ERROR,"File not found: Invalid compilation: 
Invalid solc compilation Error: Source ""data/token/ERC20/ERC20.sol"" not found: File not found. Searched the following locations: """".
 --> data/safe_contracts/openzeppelin_all/mocks_token_ERC1363ReturnFalseMock.sol:5:1:
  |
5 | import {IERC20, ERC20} from ""../../token/ERC20/ERC20.sol"";
  | ^^^^^^^^^^^^^^^^^^^^^^^^^^^^^^^^^^^^^^^^^^^^^^^^^^^^^^^^^^

Error: Source ""data/token/ERC20/extensions/ERC1363.sol"" not found: File not found. Searched the following locations: """".
 --> data/safe_contracts/openzeppelin_all/mocks_token_ERC1363ReturnFalseMock.sol:6:1:
  |
6 | import {ERC1363} from ""../../token/ERC20/extensions/ERC1363.sol"";
  | ^^^^^^^^^^^^^^^^^^^^^^^^^^^^^^^^^^^^^^^^^^^^^^^^^^^^^^^^^^^^^^^^^

",0,0,0,0,0.0,False,0,0,0,0,0,0,0.0,False,0,0,0.0,0,0,0,False,0,0,0.0,0
3410,oz_token_ERC721_IERC721Receiver,,data/safe_contracts/openzeppelin_all/token_ERC721_IERC721Receiver.sol,,openzeppelin,False,False,False,False,False,False,False,False,False,False,False,False,False,False,False,False,False,False,False,False,False,False,True,False,False,0,0,2,1,0,0,0,1,0,26,1,1,1.0,0,17,0.6538461538461539,0,0,0,0,2,0,0,0,0,1,1,0.0,0.0,2.0,4.0,False,simple,0,,,0,0,0,0,0.0,False,0,0,1,0,0,0,0.0,False,1,0,0.0,1,0,0,False,0,4,0.0,1
3411,oz_utils_Comparators,,data/safe_contracts/openzeppelin_all/utils_Comparators.sol,,openzeppelin,False,False,False,False,False,False,False,False,False,False,False,False,False,False,False,False,False,False,False,False,False,False,True,False,False,0,0,4,2,0,0,0,1,0,16,1,1,1.0,0,7,0.4375,0,0,0,0,2,2,0,0,0,2,1,0.0,0.0,4.0,6.8,False,simple,0,,,4,2,0,1,0.5,False,2,2,2,0,0,0,0.0,False,0,2,0.0,2,0,0,False,0,4,0.0,2
3412,oz_mocks_proxy_BadBeacon,,data/safe_contracts/openzeppelin_all/mocks_proxy_BadBeacon.sol,,openzeppelin,False,False,False,False,False,False,False,False,False,False,False,False,False,False,False,False,False,False,False,False,False,False,True,False,False,0,0,2,0,0,0,0,0,0,8,2,1,0.0,0,1,0.125,0,0,0,0,2,0,0,0,0,1,1,0.0,0.0,2.0,4.0,False,simple,0,,,0,0,0,0,0.0,False,0,0,0,0,0,0,0.0,False,0,0,0.0,0,0,0,False,0,0,0.0,0
3413,oz_token_ERC20_ERC20,,data/safe_contracts/openzeppelin_all/token_ERC20_ERC20.sol,,openzeppelin,False,False,False,False,False,False,False,False,False,False,False,False,False,False,False,False,False,False,False,False,False,False,False,False,False,0,0,0,0,0,0,0,0,0,0,1,0,0.0,0,0,0.0,0,0,0,0,0,0,0,0,0,0,0,0.0,0.0,0.0,0.0,False,simple,0,IMPORT_ERROR,"File not found: Invalid compilation: 
Invalid solc compilation Error: Source ""data/safe_contracts/openzeppelin_all/IERC20.sol"" not found: File not found. Searched the following locations: """".
 --> data/safe_contracts/openzeppelin_all/token_ERC20_ERC20.sol:6:1:
  |
6 | import {IERC20} from ""./IERC20.sol"";
  | ^^^^^^^^^^^^^^^^^^^^^^^^^^^^^^^^^^^^

Error: Source ""data/safe_contracts/openzeppelin_all/extensions/IERC20Metadata.sol"" not found: File not found. Searched the following locations: """".
 --> data/safe_contracts/openzeppelin_all/token_ERC20_ERC20.sol:7:1:
  |
7 | import {IERC20Metadata} from ""./extensions/IERC20Metadata.sol"";
  | ^^^^^^^^^^^^^^^^^^^^^^^^^^^^^^^^^^^^^^^^^^^^^^^^^^^^^^^^^^^^^^^

Error: Source ""data/utils/Context.sol"" not found: File not found. Searched the following locations: """".
 --> data/safe_contracts/openzeppelin_all/token_ERC20_ERC20.sol:8:1:
  |
8 | import {Context} from ""../../utils/Context.sol"";
  | ^^^^^^^^^^^^^^^^^^^^^^^^^^^^^^^^^^^^^^^^^^^^^^^^

Error: Source ""data/interfaces/draft-IERC6093.sol"" not found: File not found. Searched the following locations: """".
 --> data/safe_contracts/openzeppelin_all/token_ERC20_ERC20.sol:9:1:
  |
9 | import {IERC20Errors} from ""../../interfaces/draft-IERC6093.sol"";
  | ^^^^^^^^^^^^^^^^^^^^^^^^^^^^^^^^^^^^^^^^^^^^^^^^^^^^^^^^^^^^^^^^^

",0,0,0,0,0.0,False,0,0,0,0,0,0,0.0,False,0,0,0.0,0,0,0,False,0,0,0.0,0
3414,oz_mocks_EIP712Verifier,,data/safe_contracts/openzeppelin_all/mocks_EIP712Verifier.sol,,openzeppelin,False,False,False,False,False,False,False,False,False,False,False,False,False,False,False,False,False,False,False,False,False,False,False,False,False,0,0,0,0,0,0,0,0,0,0,1,0,0.0,0,0,0.0,0,0,0,0,0,0,0,0,0,0,0,0.0,0.0,0.0,0.0,False,simple,0,IMPORT_ERROR,"File not found: Invalid compilation: 
Invalid solc compilation Error: Source ""data/safe_contracts/utils/cryptography/ECDSA.sol"" not found: File not found. Searched the following locations: """".
 --> data/safe_contracts/openzeppelin_all/mocks_EIP712Verifier.sol:5:1:
  |
5 | import {ECDSA} from ""../utils/cryptography/ECDSA.sol"";
  | ^^^^^^^^^^^^^^^^^^^^^^^^^^^^^^^^^^^^^^^^^^^^^^^^^^^^^^

Error: Source ""data/safe_contracts/utils/cryptography/EIP712.sol"" not found: File not found. Searched the following locations: """".
 --> data/safe_contracts/openzeppelin_all/mocks_EIP712Verifier.sol:6:1:
  |
6 | import {EIP712} from ""../utils/cryptography/EIP712.sol"";
  | ^^^^^^^^^^^^^^^^^^^^^^^^^^^^^^^^^^^^^^^^^^^^^^^^^^^^^^^^

",0,0,0,0,0.0,False,0,0,0,0,0,0,0.0,False,0,0,0.0,0,0,0,False,0,0,0.0,0
3415,oz_mocks_token_ERC20ExcessDecimalsMock,,data/safe_contracts/openzeppelin_all/mocks_token_ERC20ExcessDecimalsMock.sol,,openzeppelin,False,False,False,False,False,False,False,False,False,False,False,False,False,False,False,False,False,False,False,False,False,False,True,False,False,0,0,2,1,0,0,0,1,0,7,1,1,1.0,0,1,0.14285714285714285,0,0,0,0,2,0,0,0,0,1,1,0.0,0.0,2.0,4.0,False,simple,0,,,2,1,0,1,0.5,False,1,1,1,0,0,0,0.0,False,1,0,0.0,1,0,0,False,0,0,0.0,0
3416,oz_token_ERC20_utils_ERC1363Utils,,data/safe_contracts/openzeppelin_all/token_ERC20_utils_ERC1363Utils.sol,,openzeppelin,False,False,False,False,False,False,False,False,False,False,False,False,False,False,False,False,False,False,False,False,False,False,False,False,False,0,0,0,0,0,0,0,0,0,0,1,0,0.0,0,0,0.0,0,0,0,0,0,0,0,0,0,0,0,0.0,0.0,0.0,0.0,False,simple,0,IMPORT_ERROR,"File not found: Invalid compilation: 
Invalid solc compilation Error: Source ""interfaces/IERC1363Receiver.sol"" not found: File not found. Searched the following locations: """".
 --> data/safe_contracts/openzeppelin_all/token_ERC20_utils_ERC1363Utils.sol:6:1:
  |
6 | import {IERC1363Receiver} from ""../../../interfaces/IERC1363Receiver.sol"";
  | ^^^^^^^^^^^^^^^^^^^^^^^^^^^^^^^^^^^^^^^^^^^^^^^^^^^^^^^^^^^^^^^^^^^^^^^^^^

Error: Source ""interfaces/IERC1363Spender.sol"" not found: File not found. Searched the following locations: """".
 --> data/safe_contracts/openzeppelin_all/token_ERC20_utils_ERC1363Utils.sol:7:1:
  |
7 | import {IERC1363Spender} from ""../../../interfaces/IERC1363Spender.sol"";
  | ^^^^^^^^^^^^^^^^^^^^^^^^^^^^^^^^^^^^^^^^^^^^^^^^^^^^^^^^^^^^^^^^^^^^^^^^

",0,0,0,0,0.0,False,0,0,0,0,0,0,0.0,False,0,0,0.0,0,0,0,False,0,0,0.0,0
3417,oz_mocks_token_ERC20VotesAdditionalCheckpointsMock,,data/safe_contracts/openzeppelin_all/mocks_token_ERC20VotesAdditionalCheckpointsMock.sol,,openzeppelin,False,False,False,False,False,False,False,False,False,False,False,False,False,False,False,False,False,False,False,False,False,False,False,False,False,0,0,0,0,0,0,0,0,0,0,1,0,0.0,0,0,0.0,0,0,0,0,0,0,0,0,0,0,0,0.0,0.0,0.0,0.0,False,simple,0,IMPORT_ERROR,"File not found: Invalid compilation: 
Invalid solc compilation Error: Source ""data/token/ERC20/extensions/ERC20Votes.sol"" not found: File not found. Searched the following locations: """".
 --> data/safe_contracts/openzeppelin_all/mocks_token_ERC20VotesAdditionalCheckpointsMock.sol:4:1:
  |
4 | import {ERC20Votes} from ""../../token/ERC20/extensions/ERC20Votes.sol"";
  | ^^^^^^^^^^^^^^^^^^^^^^^^^^^^^^^^^^^^^^^^^^^^^^^^^^^^^^^^^^^^^^^^^^^^^^^

Error: Source ""data/governance/utils/VotesExtended.sol"" not found: File not found. Searched the following locations: """".
 --> data/safe_contracts/openzeppelin_all/mocks_token_ERC20VotesAdditionalCheckpointsMock.sol:5:1:
  |
5 | import {VotesExtended, Votes} from ""../../governance/utils/VotesExtended.sol"";
  | ^^^^^^^^^^^^^^^^^^^^^^^^^^^^^^^^^^^^^^^^^^^^^^^^^^^^^^^^^^^^^^^^^^^^^^^^^^^^^^

Error: Source ""data/utils/math/SafeCast.sol"" not found: File not found. Searched the following locations: """".
 --> data/safe_contracts/openzeppelin_all/mocks_token_ERC20VotesAdditionalCheckpointsMock.sol:6:1:
  |
6 | import {SafeCast} from ""../../utils/math/SafeCast.sol"";
  | ^^^^^^^^^^^^^^^^^^^^^^^^^^^^^^^^^^^^^^^^^^^^^^^^^^^^^^^

",0,0,0,0,0.0,False,0,0,0,0,0,0,0.0,False,0,0,0.0,0,0,0,False,0,0,0.0,0
3418,oz_mocks_token_ERC4626LimitsMock,,data/safe_contracts/openzeppelin_all/mocks_token_ERC4626LimitsMock.sol,,openzeppelin,False,False,False,False,False,False,False,False,False,False,False,False,False,False,False,False,False,False,False,False,False,False,False,False,False,0,0,0,0,0,0,0,0,0,0,1,0,0.0,0,0,0.0,0,0,0,0,0,0,0,0,0,0,0,0.0,0.0,0.0,0.0,False,simple,0,IMPORT_ERROR,"File not found: Invalid compilation: 
Invalid solc compilation Error: Source ""data/token/ERC20/extensions/ERC4626.sol"" not found: File not found. Searched the following locations: """".
 --> data/safe_contracts/openzeppelin_all/mocks_token_ERC4626LimitsMock.sol:5:1:
  |
5 | import {ERC4626} from ""../../token/ERC20/extensions/ERC4626.sol"";
  | ^^^^^^^^^^^^^^^^^^^^^^^^^^^^^^^^^^^^^^^^^^^^^^^^^^^^^^^^^^^^^^^^^

",0,0,0,0,0.0,False,0,0,0,0,0,0,0.0,False,0,0,0.0,0,0,0,False,0,0,0.0,0
3419,oz_token_ERC1155_extensions_ERC1155Supply,,data/safe_contracts/openzeppelin_all/token_ERC1155_extensions_ERC1155Supply.sol,,openzeppelin,False,False,False,False,False,False,False,False,False,False,False,False,False,False,False,False,False,False,False,False,False,False,False,False,False,0,0,0,0,0,0,0,0,0,0,1,0,0.0,0,0,0.0,0,0,0,0,0,0,0,0,0,0,0,0.0,0.0,0.0,0.0,False,simple,0,IMPORT_ERROR,"File not found: Invalid compilation: 
Invalid solc compilation Error: Source ""data/safe_contracts/ERC1155.sol"" not found: File not found. Searched the following locations: """".
 --> data/safe_contracts/openzeppelin_all/token_ERC1155_extensions_ERC1155Supply.sol:6:1:
  |
6 | import {ERC1155} from ""../ERC1155.sol"";
  | ^^^^^^^^^^^^^^^^^^^^^^^^^^^^^^^^^^^^^^^

Error: Source ""utils/Arrays.sol"" not found: File not found. Searched the following locations: """".
 --> data/safe_contracts/openzeppelin_all/token_ERC1155_extensions_ERC1155Supply.sol:7:1:
  |
7 | import {Arrays} from ""../../../utils/Arrays.sol"";
  | ^^^^^^^^^^^^^^^^^^^^^^^^^^^^^^^^^^^^^^^^^^^^^^^^^

",0,0,0,0,0.0,False,0,0,0,0,0,0,0.0,False,0,0,0.0,0,0,0,False,0,0,0.0,0
3420,oz_mocks_crosschain_ERC7786GatewayMock,,data/safe_contracts/openzeppelin_all/mocks_crosschain_ERC7786GatewayMock.sol,,openzeppelin,False,False,False,False,False,False,False,False,False,False,False,False,False,False,False,False,False,False,False,False,False,False,False,False,False,0,0,0,0,0,0,0,0,0,0,1,0,0.0,0,0,0.0,0,0,0,0,0,0,0,0,0,0,0,0.0,0.0,0.0,0.0,False,simple,0,IMPORT_ERROR,"File not found: Invalid compilation: 
Invalid solc compilation Error: Source ""data/interfaces/draft-IERC7786.sol"" not found: File not found. Searched the following locations: """".
 --> data/safe_contracts/openzeppelin_all/mocks_crosschain_ERC7786GatewayMock.sol:5:1:
  |
5 | import {IERC7786GatewaySource, IERC7786Recipient} from ""../../interfaces/draft-IERC7786.sol"";
  | ^^^^^^^^^^^^^^^^^^^^^^^^^^^^^^^^^^^^^^^^^^^^^^^^^^^^^^^^^^^^^^^^^^^^^^^^^^^^^^^^^^^^^^^^^^^^^

Error: Source ""data/utils/draft-InteroperableAddress.sol"" not found: File not found. Searched the following locations: """".
 --> data/safe_contracts/openzeppelin_all/mocks_crosschain_ERC7786GatewayMock.sol:6:1:
  |
6 | import {InteroperableAddress} from ""../../utils/draft-InteroperableAddress.sol"";
  | ^^^^^^^^^^^^^^^^^^^^^^^^^^^^^^^^^^^^^^^^^^^^^^^^^^^^^^^^^^^^^^^^^^^^^^^^^^^^^^^^

",0,0,0,0,0.0,False,0,0,0,0,0,0,0.0,False,0,0,0.0,0,0,0,False,0,0,0.0,0
3421,oz_finance_VestingWalletCliff,,data/safe_contracts/openzeppelin_all/finance_VestingWalletCliff.sol,,openzeppelin,False,False,False,False,False,False,False,False,False,False,False,False,False,False,False,False,False,False,False,False,False,False,False,False,False,0,0,0,0,0,0,0,0,0,0,1,0,0.0,0,0,0.0,0,0,0,0,0,0,0,0,0,0,0,0.0,0.0,0.0,0.0,False,simple,0,IMPORT_ERROR,"File not found: Invalid compilation: 
Invalid solc compilation Error: Source ""data/safe_contracts/utils/math/SafeCast.sol"" not found: File not found. Searched the following locations: """".
 --> data/safe_contracts/openzeppelin_all/finance_VestingWalletCliff.sol:6:1:
  |
6 | import {SafeCast} from ""../utils/math/SafeCast.sol"";
  | ^^^^^^^^^^^^^^^^^^^^^^^^^^^^^^^^^^^^^^^^^^^^^^^^^^^^

Error: Source ""data/safe_contracts/openzeppelin_all/VestingWallet.sol"" not found: File not found. Searched the following locations: """".
 --> data/safe_contracts/openzeppelin_all/finance_VestingWalletCliff.sol:7:1:
  |
7 | import {VestingWallet} from ""./VestingWallet.sol"";
  | ^^^^^^^^^^^^^^^^^^^^^^^^^^^^^^^^^^^^^^^^^^^^^^^^^^

",0,0,0,0,0.0,False,0,0,0,0,0,0,0.0,False,0,0,0.0,0,0,0,False,0,0,0.0,0
3422,oz_interfaces_IERC777,,data/safe_contracts/openzeppelin_all/interfaces_IERC777.sol,,openzeppelin,False,False,False,False,False,False,False,False,False,False,False,False,False,False,False,False,False,False,False,False,False,False,True,False,False,0,0,2,13,0,0,0,1,0,181,1,1,1.0,0,147,0.8121546961325967,0,0,0,0,2,0,0,0,0,1,1,0.0,0.0,2.0,4.0,False,moderate,1,,,0,0,0,0,0.0,False,0,0,13,0,0,0,0.0,False,13,0,0.0,13,0,0,False,0,19,0.0,8
3423,oz_mocks_utils_cryptography_ERC7739Mock,,data/safe_contracts/openzeppelin_all/mocks_utils_cryptography_ERC7739Mock.sol,,openzeppelin,False,False,False,False,False,False,False,False,False,False,False,False,False,False,False,False,False,False,False,False,False,False,False,False,False,0,0,0,0,0,0,0,0,0,0,1,0,0.0,0,0,0.0,0,0,0,0,0,0,0,0,0,0,0,0.0,0.0,0.0,0.0,False,simple,0,IMPORT_ERROR,"File not found: Invalid compilation: 
Invalid solc compilation Error: Source ""utils/cryptography/signers/draft-ERC7739.sol"" not found: File not found. Searched the following locations: """".
 --> data/safe_contracts/openzeppelin_all/mocks_utils_cryptography_ERC7739Mock.sol:5:1:
  |
5 | import {ERC7739} from ""../../../utils/cryptography/signers/draft-ERC7739.sol"";
  | ^^^^^^^^^^^^^^^^^^^^^^^^^^^^^^^^^^^^^^^^^^^^^^^^^^^^^^^^^^^^^^^^^^^^^^^^^^^^^^

Error: Source ""utils/cryptography/signers/SignerECDSA.sol"" not found: File not found. Searched the following locations: """".
 --> data/safe_contracts/openzeppelin_all/mocks_utils_cryptography_ERC7739Mock.sol:6:1:
  |
6 | import {SignerECDSA} from ""../../../utils/cryptography/signers/SignerECDSA.sol"";
  | ^^^^^^^^^^^^^^^^^^^^^^^^^^^^^^^^^^^^^^^^^^^^^^^^^^^^^^^^^^^^^^^^^^^^^^^^^^^^^^^^

Error: Source ""utils/cryptography/signers/SignerP256.sol"" not found: File not found. Searched the following locations: """".
 --> data/safe_contracts/openzeppelin_all/mocks_utils_cryptography_ERC7739Mock.sol:7:1:
  |
7 | import {SignerP256} from ""../../../utils/cryptography/signers/SignerP256.sol"";
  | ^^^^^^^^^^^^^^^^^^^^^^^^^^^^^^^^^^^^^^^^^^^^^^^^^^^^^^^^^^^^^^^^^^^^^^^^^^^^^^

Error: Source ""utils/cryptography/signers/SignerRSA.sol"" not found: File not found. Searched the following locations: """".
 --> data/safe_contracts/openzeppelin_all/mocks_utils_cryptography_ERC7739Mock.sol:8:1:
  |
8 | import {SignerRSA} from ""../../../utils/cryptography/signers/SignerRSA.sol"";
  | ^^^^^^^^^^^^^^^^^^^^^^^^^^^^^^^^^^^^^^^^^^^^^^^^^^^^^^^^^^^^^^^^^^^^^^^^^^^^

",0,0,0,0,0.0,False,0,0,0,0,0,0,0.0,False,0,0,0.0,0,0,0,False,0,0,0.0,0
3424,oz_governance_extensions_GovernorVotes,,data/safe_contracts/openzeppelin_all/governance_extensions_GovernorVotes.sol,,openzeppelin,False,False,False,False,False,False,False,False,False,False,False,False,False,False,False,False,False,False,False,False,False,False,False,False,False,0,0,0,0,0,0,0,0,0,0,1,0,0.0,0,0,0.0,0,0,0,0,0,0,0,0,0,0,0,0.0,0.0,0.0,0.0,False,simple,0,IMPORT_ERROR,"File not found: Invalid compilation: 
Invalid solc compilation Error: Source ""data/safe_contracts/Governor.sol"" not found: File not found. Searched the following locations: """".
 --> data/safe_contracts/openzeppelin_all/governance_extensions_GovernorVotes.sol:6:1:
  |
6 | import {Governor} from ""../Governor.sol"";
  | ^^^^^^^^^^^^^^^^^^^^^^^^^^^^^^^^^^^^^^^^^

Error: Source ""data/safe_contracts/utils/IVotes.sol"" not found: File not found. Searched the following locations: """".
 --> data/safe_contracts/openzeppelin_all/governance_extensions_GovernorVotes.sol:7:1:
  |
7 | import {IVotes} from ""../utils/IVotes.sol"";
  | ^^^^^^^^^^^^^^^^^^^^^^^^^^^^^^^^^^^^^^^^^^^

Error: Source ""data/interfaces/IERC5805.sol"" not found: File not found. Searched the following locations: """".
 --> data/safe_contracts/openzeppelin_all/governance_extensions_GovernorVotes.sol:8:1:
  |
8 | import {IERC5805} from ""../../interfaces/IERC5805.sol"";
  | ^^^^^^^^^^^^^^^^^^^^^^^^^^^^^^^^^^^^^^^^^^^^^^^^^^^^^^^

Error: Source ""data/utils/types/Time.sol"" not found: File not found. Searched the following locations: """".
 --> data/safe_contracts/openzeppelin_all/governance_extensions_GovernorVotes.sol:9:1:
  |
9 | import {Time} from ""../../utils/types/Time.sol"";
  | ^^^^^^^^^^^^^^^^^^^^^^^^^^^^^^^^^^^^^^^^^^^^^^^^

",0,0,0,0,0.0,False,0,0,0,0,0,0,0.0,False,0,0,0.0,0,0,0,False,0,0,0.0,0
3425,oz_token_ERC20_extensions_ERC20Burnable,,data/safe_contracts/openzeppelin_all/token_ERC20_extensions_ERC20Burnable.sol,,openzeppelin,False,False,False,False,False,False,False,False,False,False,False,False,False,False,False,False,False,False,False,False,False,False,False,False,False,0,0,0,0,0,0,0,0,0,0,1,0,0.0,0,0,0.0,0,0,0,0,0,0,0,0,0,0,0,0.0,0.0,0.0,0.0,False,simple,0,IMPORT_ERROR,"File not found: Invalid compilation: 
Invalid solc compilation Error: Source ""data/safe_contracts/ERC20.sol"" not found: File not found. Searched the following locations: """".
 --> data/safe_contracts/openzeppelin_all/token_ERC20_extensions_ERC20Burnable.sol:6:1:
  |
6 | import {ERC20} from ""../ERC20.sol"";
  | ^^^^^^^^^^^^^^^^^^^^^^^^^^^^^^^^^^^

Error: Source ""utils/Context.sol"" not found: File not found. Searched the following locations: """".
 --> data/safe_contracts/openzeppelin_all/token_ERC20_extensions_ERC20Burnable.sol:7:1:
  |
7 | import {Context} from ""../../../utils/Context.sol"";
  | ^^^^^^^^^^^^^^^^^^^^^^^^^^^^^^^^^^^^^^^^^^^^^^^^^^^

",0,0,0,0,0.0,False,0,0,0,0,0,0,0.0,False,0,0,0.0,0,0,0,False,0,0,0.0,0
3426,oz_utils_cryptography_signers_SignerECDSA,,data/safe_contracts/openzeppelin_all/utils_cryptography_signers_SignerECDSA.sol,,openzeppelin,False,False,False,False,False,False,False,False,False,False,False,False,False,False,False,False,False,False,False,False,False,False,False,False,False,0,0,0,0,0,0,0,0,0,0,1,0,0.0,0,0,0.0,0,0,0,0,0,0,0,0,0,0,0,0.0,0.0,0.0,0.0,False,simple,0,IMPORT_ERROR,"File not found: Invalid compilation: 
Invalid solc compilation Error: Source ""data/safe_contracts/openzeppelin_all/AbstractSigner.sol"" not found: File not found. Searched the following locations: """".
 --> data/safe_contracts/openzeppelin_all/utils_cryptography_signers_SignerECDSA.sol:6:1:
  |
6 | import {AbstractSigner} from ""./AbstractSigner.sol"";
  | ^^^^^^^^^^^^^^^^^^^^^^^^^^^^^^^^^^^^^^^^^^^^^^^^^^^^

Error: Source ""data/safe_contracts/ECDSA.sol"" not found: File not found. Searched the following locations: """".
 --> data/safe_contracts/openzeppelin_all/utils_cryptography_signers_SignerECDSA.sol:7:1:
  |
7 | import {ECDSA} from ""../ECDSA.sol"";
  | ^^^^^^^^^^^^^^^^^^^^^^^^^^^^^^^^^^^

",0,0,0,0,0.0,False,0,0,0,0,0,0,0.0,False,0,0,0.0,0,0,0,False,0,0,0.0,0
3427,oz_mocks_token_ERC1155ReceiverMock,,data/safe_contracts/openzeppelin_all/mocks_token_ERC1155ReceiverMock.sol,,openzeppelin,False,False,False,False,False,False,False,False,False,False,False,False,False,False,False,False,False,False,False,False,False,False,False,False,False,0,0,0,0,0,0,0,0,0,0,1,0,0.0,0,0,0.0,0,0,0,0,0,0,0,0,0,0,0,0.0,0.0,0.0,0.0,False,simple,0,IMPORT_ERROR,"File not found: Invalid compilation: 
Invalid solc compilation Error: Source ""data/token/ERC1155/IERC1155Receiver.sol"" not found: File not found. Searched the following locations: """".
 --> data/safe_contracts/openzeppelin_all/mocks_token_ERC1155ReceiverMock.sol:5:1:
  |
5 | import {IERC1155Receiver} from ""../../token/ERC1155/IERC1155Receiver.sol"";
  | ^^^^^^^^^^^^^^^^^^^^^^^^^^^^^^^^^^^^^^^^^^^^^^^^^^^^^^^^^^^^^^^^^^^^^^^^^^

Error: Source ""data/utils/introspection/ERC165.sol"" not found: File not found. Searched the following locations: """".
 --> data/safe_contracts/openzeppelin_all/mocks_token_ERC1155ReceiverMock.sol:6:1:
  |
6 | import {ERC165} from ""../../utils/introspection/ERC165.sol"";
  | ^^^^^^^^^^^^^^^^^^^^^^^^^^^^^^^^^^^^^^^^^^^^^^^^^^^^^^^^^^^^

",0,0,0,0,0.0,False,0,0,0,0,0,0,0.0,False,0,0,0.0,0,0,0,False,0,0,0.0,0
3428,oz_mocks_governance_GovernorNoncesKeyedMock,,data/safe_contracts/openzeppelin_all/mocks_governance_GovernorNoncesKeyedMock.sol,,openzeppelin,False,False,False,False,False,False,False,False,False,False,False,False,False,False,False,False,False,False,False,False,False,False,False,False,False,0,0,0,0,0,0,0,0,0,0,1,0,0.0,0,0,0.0,0,0,0,0,0,0,0,0,0,0,0,0.0,0.0,0.0,0.0,False,simple,0,IMPORT_ERROR,"File not found: Invalid compilation: 
Invalid solc compilation Error: Source ""data/governance/Governor.sol"" not found: File not found. Searched the following locations: """".
 --> data/safe_contracts/openzeppelin_all/mocks_governance_GovernorNoncesKeyedMock.sol:5:1:
  |
5 | import {Governor, Nonces} from ""../../governance/Governor.sol"";
  | ^^^^^^^^^^^^^^^^^^^^^^^^^^^^^^^^^^^^^^^^^^^^^^^^^^^^^^^^^^^^^^^

Error: Source ""data/governance/extensions/GovernorSettings.sol"" not found: File not found. Searched the following locations: """".
 --> data/safe_contracts/openzeppelin_all/mocks_governance_GovernorNoncesKeyedMock.sol:6:1:
  |
6 | import {GovernorSettings} from ""../../governance/extensions/GovernorSettings.sol"";
  | ^^^^^^^^^^^^^^^^^^^^^^^^^^^^^^^^^^^^^^^^^^^^^^^^^^^^^^^^^^^^^^^^^^^^^^^^^^^^^^^^^^

Error: Source ""data/governance/extensions/GovernorCountingSimple.sol"" not found: File not found. Searched the following locations: """".
 --> data/safe_contracts/openzeppelin_all/mocks_governance_GovernorNoncesKeyedMock.sol:7:1:
  |
7 | import {GovernorCountingSimple} from ""../../governance/extensions/GovernorCountingSimple.sol"";
  | ^^^^^^^^^^^^^^^^^^^^^^^^^^^^^^^^^^^^^^^^^^^^^^^^^^^^^^^^^^^^^^^^^^^^^^^^^^^^^^^^^^^^^^^^^^^^^^

Error: Source ""data/governance/extensions/GovernorVotesQuorumFraction.sol"" not found: File not found. Searched the following locations: """".
 --> data/safe_contracts/openzeppelin_all/mocks_governance_GovernorNoncesKeyedMock.sol:8:1:
  |
8 | import {GovernorVotesQuorumFraction} from ""../../governance/extensions/GovernorVotesQuorumFraction.sol"";
  | ^^^^^^^^^^^^^^^^^^^^^^^^^^^^^^^^^^^^^^^^^^^^^^^^^^^^^^^^^^^^^^^^^^^^^^^^^^^^^^^^^^^^^^^^^^^^^^^^^^^^^^^^

Error: Source ""data/governance/extensions/GovernorNoncesKeyed.sol"" not found: File not found. Searched the following locations: """".
 --> data/safe_contracts/openzeppelin_all/mocks_governance_GovernorNoncesKeyedMock.sol:9:1:
  |
9 | import {GovernorNoncesKeyed} from ""../../governance/extensions/GovernorNonces",0,0,0,0,0.0,False,0,0,0,0,0,0,0.0,False,0,0,0.0,0,0,0,False,0,0,0.0,0
3429,oz_interfaces_IERC1363Receiver,,data/safe_contracts/openzeppelin_all/interfaces_IERC1363Receiver.sol,,openzeppelin,False,False,False,False,False,False,False,False,False,False,False,False,False,False,False,False,False,False,False,False,False,False,True,False,False,0,0,2,1,0,0,0,1,0,30,1,1,1.0,0,21,0.7,0,0,0,0,2,0,0,0,0,1,1,0.0,0.0,2.0,4.0,False,simple,0,,,0,0,0,0,0.0,False,0,0,1,0,0,0,0.0,False,1,0,0.0,1,0,0,False,0,4,0.0,1
3430,oz_interfaces_IERC20Metadata,,data/safe_contracts/openzeppelin_all/interfaces_IERC20Metadata.sol,,openzeppelin,False,False,False,False,False,False,False,False,False,False,False,False,False,False,False,False,False,False,False,False,False,False,False,False,False,0,0,0,0,0,0,0,0,0,0,1,0,0.0,0,0,0.0,0,0,0,0,0,0,0,0,0,0,0,0.0,0.0,0.0,0.0,False,simple,0,IMPORT_ERROR,"File not found: Invalid compilation: 
Invalid solc compilation Error: Source ""data/safe_contracts/token/ERC20/extensions/IERC20Metadata.sol"" not found: File not found. Searched the following locations: """".
 --> data/safe_contracts/openzeppelin_all/interfaces_IERC20Metadata.sol:6:1:
  |
6 | import {IERC20Metadata} from ""../token/ERC20/extensions/IERC20Metadata.sol"";
  | ^^^^^^^^^^^^^^^^^^^^^^^^^^^^^^^^^^^^^^^^^^^^^^^^^^^^^^^^^^^^^^^^^^^^^^^^^^^^

",0,0,0,0,0.0,False,0,0,0,0,0,0,0.0,False,0,0,0.0,0,0,0,False,0,0,0.0,0
3431,oz_mocks_docs_account_MyAccountEIP7702,,data/safe_contracts/openzeppelin_all/mocks_docs_account_MyAccountEIP7702.sol,,openzeppelin,False,False,False,False,False,False,False,False,False,False,False,False,False,False,False,False,False,False,False,False,False,False,False,False,False,0,0,0,0,0,0,0,0,0,0,1,0,0.0,0,0,0.0,0,0,0,0,0,0,0,0,0,0,0,0.0,0.0,0.0,0.0,False,simple,0,IMPORT_ERROR,"File not found: Invalid compilation: 
Invalid solc compilation Error: Source ""account/Account.sol"" not found: File not found. Searched the following locations: """".
 --> data/safe_contracts/openzeppelin_all/mocks_docs_account_MyAccountEIP7702.sol:5:1:
  |
5 | import {Account} from ""../../../account/Account.sol"";
  | ^^^^^^^^^^^^^^^^^^^^^^^^^^^^^^^^^^^^^^^^^^^^^^^^^^^^^

Error: Source ""token/ERC721/utils/ERC721Holder.sol"" not found: File not found. Searched the following locations: """".
 --> data/safe_contracts/openzeppelin_all/mocks_docs_account_MyAccountEIP7702.sol:6:1:
  |
6 | import {ERC721Holder} from ""../../../token/ERC721/utils/ERC721Holder.sol"";
  | ^^^^^^^^^^^^^^^^^^^^^^^^^^^^^^^^^^^^^^^^^^^^^^^^^^^^^^^^^^^^^^^^^^^^^^^^^^

Error: Source ""token/ERC1155/utils/ERC1155Holder.sol"" not found: File not found. Searched the following locations: """".
 --> data/safe_contracts/openzeppelin_all/mocks_docs_account_MyAccountEIP7702.sol:7:1:
  |
7 | import {ERC1155Holder} from ""../../../token/ERC1155/utils/ERC1155Holder.sol"";
  | ^^^^^^^^^^^^^^^^^^^^^^^^^^^^^^^^^^^^^^^^^^^^^^^^^^^^^^^^^^^^^^^^^^^^^^^^^^^^^

Error: Source ""account/extensions/draft-ERC7821.sol"" not found: File not found. Searched the following locations: """".
 --> data/safe_contracts/openzeppelin_all/mocks_docs_account_MyAccountEIP7702.sol:8:1:
  |
8 | import {ERC7821} from ""../../../account/extensions/draft-ERC7821.sol"";
  | ^^^^^^^^^^^^^^^^^^^^^^^^^^^^^^^^^^^^^^^^^^^^^^^^^^^^^^^^^^^^^^^^^^^^^^

Error: Source ""utils/cryptography/signers/SignerEIP7702.sol"" not found: File not found. Searched the following locations: """".
 --> data/safe_contracts/openzeppelin_all/mocks_docs_account_MyAccountEIP7702.sol:9:1:
  |
9 | import {SignerEIP7702} from ""../../../utils/cryptography/signers/SignerEIP7702.sol"";
  | ^^^^^^^^^^^^^^^^^^^^^^^^^^^^^^^^^^^^^^^^^^^^^^^^^^^^^^^^^^^^^^^^^^^^^^^^^^^^^^^^^^^^

",0,0,0,0,0.0,False,0,0,0,0,0,0,0.0,False,0,0,0.0,0,0,0,False,0,0,0.0,0
3432,oz_mocks_MerkleTreeMock,,data/safe_contracts/openzeppelin_all/mocks_MerkleTreeMock.sol,,openzeppelin,False,False,False,False,False,False,False,False,False,False,False,False,False,False,False,False,False,False,False,False,False,False,False,False,False,0,0,0,0,0,0,0,0,0,0,1,0,0.0,0,0,0.0,0,0,0,0,0,0,0,0,0,0,0,0.0,0.0,0.0,0.0,False,simple,0,IMPORT_ERROR,"File not found: Invalid compilation: 
Invalid solc compilation Error: Source ""data/safe_contracts/utils/structs/MerkleTree.sol"" not found: File not found. Searched the following locations: """".
 --> data/safe_contracts/openzeppelin_all/mocks_MerkleTreeMock.sol:5:1:
  |
5 | import {MerkleTree} from ""../utils/structs/MerkleTree.sol"";
  | ^^^^^^^^^^^^^^^^^^^^^^^^^^^^^^^^^^^^^^^^^^^^^^^^^^^^^^^^^^^

",0,0,0,0,0.0,False,0,0,0,0,0,0,0.0,False,0,0,0.0,0,0,0,False,0,0,0.0,0
3433,oz_mocks_AccessManagerMock,,data/safe_contracts/openzeppelin_all/mocks_AccessManagerMock.sol,,openzeppelin,False,False,False,False,False,False,False,False,False,False,False,False,False,False,False,False,False,False,False,False,False,False,False,False,False,0,0,0,0,0,0,0,0,0,0,1,0,0.0,0,0,0.0,0,0,0,0,0,0,0,0,0,0,0,0.0,0.0,0.0,0.0,False,simple,0,IMPORT_ERROR,"File not found: Invalid compilation: 
Invalid solc compilation Error: Source ""data/safe_contracts/access/manager/AccessManager.sol"" not found: File not found. Searched the following locations: """".
 --> data/safe_contracts/openzeppelin_all/mocks_AccessManagerMock.sol:5:1:
  |
5 | import {AccessManager} from ""../access/manager/AccessManager.sol"";
  | ^^^^^^^^^^^^^^^^^^^^^^^^^^^^^^^^^^^^^^^^^^^^^^^^^^^^^^^^^^^^^^^^^^

",0,0,0,0,0.0,False,0,0,0,0,0,0,0.0,False,0,0,0.0,0,0,0,False,0,0,0.0,0
3434,oz_token_ERC721_extensions_IERC721Enumerable,,data/safe_contracts/openzeppelin_all/token_ERC721_extensions_IERC721Enumerable.sol,,openzeppelin,False,False,False,False,False,False,False,False,False,False,False,False,False,False,False,False,False,False,False,False,False,False,False,False,False,0,0,0,0,0,0,0,0,0,0,1,0,0.0,0,0,0.0,0,0,0,0,0,0,0,0,0,0,0,0.0,0.0,0.0,0.0,False,simple,0,IMPORT_ERROR,"File not found: Invalid compilation: 
Invalid solc compilation Error: Source ""data/safe_contracts/IERC721.sol"" not found: File not found. Searched the following locations: """".
 --> data/safe_contracts/openzeppelin_all/token_ERC721_extensions_IERC721Enumerable.sol:6:1:
  |
6 | import {IERC721} from ""../IERC721.sol"";
  | ^^^^^^^^^^^^^^^^^^^^^^^^^^^^^^^^^^^^^^^

",0,0,0,0,0.0,False,0,0,0,0,0,0,0.0,False,0,0,0.0,0,0,0,False,0,0,0.0,0
3435,oz_governance_Governor,,data/safe_contracts/openzeppelin_all/governance_Governor.sol,,openzeppelin,False,False,False,False,False,False,False,False,False,False,False,False,False,False,False,False,False,False,False,False,False,False,False,False,False,0,0,0,0,0,0,0,0,0,0,1,0,0.0,0,0,0.0,0,0,0,0,0,0,0,0,0,0,0,0.0,0.0,0.0,0.0,False,simple,0,IMPORT_ERROR,"File not found: Invalid compilation: 
Invalid solc compilation Error: Source ""data/safe_contracts/token/ERC721/IERC721Receiver.sol"" not found: File not found. Searched the following locations: """".
 --> data/safe_contracts/openzeppelin_all/governance_Governor.sol:6:1:
  |
6 | import {IERC721Receiver} from ""../token/ERC721/IERC721Receiver.sol"";
  | ^^^^^^^^^^^^^^^^^^^^^^^^^^^^^^^^^^^^^^^^^^^^^^^^^^^^^^^^^^^^^^^^^^^^

Error: Source ""data/safe_contracts/token/ERC1155/IERC1155Receiver.sol"" not found: File not found. Searched the following locations: """".
 --> data/safe_contracts/openzeppelin_all/governance_Governor.sol:7:1:
  |
7 | import {IERC1155Receiver} from ""../token/ERC1155/IERC1155Receiver.sol"";
  | ^^^^^^^^^^^^^^^^^^^^^^^^^^^^^^^^^^^^^^^^^^^^^^^^^^^^^^^^^^^^^^^^^^^^^^^

Error: Source ""data/safe_contracts/utils/cryptography/EIP712.sol"" not found: File not found. Searched the following locations: """".
 --> data/safe_contracts/openzeppelin_all/governance_Governor.sol:8:1:
  |
8 | import {EIP712} from ""../utils/cryptography/EIP712.sol"";
  | ^^^^^^^^^^^^^^^^^^^^^^^^^^^^^^^^^^^^^^^^^^^^^^^^^^^^^^^^

Error: Source ""data/safe_contracts/utils/cryptography/SignatureChecker.sol"" not found: File not found. Searched the following locations: """".
 --> data/safe_contracts/openzeppelin_all/governance_Governor.sol:9:1:
  |
9 | import {SignatureChecker} from ""../utils/cryptography/SignatureChecker.sol"";
  | ^^^^^^^^^^^^^^^^^^^^^^^^^^^^^^^^^^^^^^^^^^^^^^^^^^^^^^^^^^^^^^^^^^^^^^^^^^^^

Error: Source ""data/safe_contracts/utils/introspection/ERC165.sol"" not found: File not found. Searched the following locations: """".
  --> data/safe_contracts/openzeppelin_all/governance_Governor.sol:10:1:
   |
10 | import {IERC165, ERC165} from ""../utils/introspection/ERC165.sol"";
   | ^^^^^^^^^^^^^^^^^^^^^^^^^^^^^^^^^^^^^^^^^^^^^^^^^^^^^^^^^^^^^^^^^^

Error: Source ""data/safe_contracts/utils/math/SafeCast.sol"" not found: File not found. Searched the following locations: """".
  --> data/safe_contracts/ope",0,0,0,0,0.0,False,0,0,0,0,0,0,0.0,False,0,0,0.0,0,0,0,False,0,0,0.0,0
3436,oz_token_ERC1155_extensions_ERC1155Pausable,,data/safe_contracts/openzeppelin_all/token_ERC1155_extensions_ERC1155Pausable.sol,,openzeppelin,False,False,False,False,False,False,False,False,False,False,False,False,False,False,False,False,False,False,False,False,False,False,False,False,False,0,0,0,0,0,0,0,0,0,0,1,0,0.0,0,0,0.0,0,0,0,0,0,0,0,0,0,0,0,0.0,0.0,0.0,0.0,False,simple,0,IMPORT_ERROR,"File not found: Invalid compilation: 
Invalid solc compilation Error: Source ""data/safe_contracts/ERC1155.sol"" not found: File not found. Searched the following locations: """".
 --> data/safe_contracts/openzeppelin_all/token_ERC1155_extensions_ERC1155Pausable.sol:6:1:
  |
6 | import {ERC1155} from ""../ERC1155.sol"";
  | ^^^^^^^^^^^^^^^^^^^^^^^^^^^^^^^^^^^^^^^

Error: Source ""utils/Pausable.sol"" not found: File not found. Searched the following locations: """".
 --> data/safe_contracts/openzeppelin_all/token_ERC1155_extensions_ERC1155Pausable.sol:7:1:
  |
7 | import {Pausable} from ""../../../utils/Pausable.sol"";
  | ^^^^^^^^^^^^^^^^^^^^^^^^^^^^^^^^^^^^^^^^^^^^^^^^^^^^^

",0,0,0,0,0.0,False,0,0,0,0,0,0,0.0,False,0,0,0.0,0,0,0,False,0,0,0.0,0
3437,oz_utils_math_SignedMath,,data/safe_contracts/openzeppelin_all/utils_math_SignedMath.sol,,openzeppelin,False,False,False,False,False,False,False,False,False,False,False,False,False,False,False,False,False,False,False,False,False,False,False,False,False,0,0,0,0,0,0,0,0,0,0,1,0,0.0,0,0,0.0,0,0,0,0,0,0,0,0,0,0,0,0.0,0.0,0.0,0.0,False,simple,0,IMPORT_ERROR,"File not found: Invalid compilation: 
Invalid solc compilation Error: Source ""data/safe_contracts/openzeppelin_all/SafeCast.sol"" not found: File not found. Searched the following locations: """".
 --> data/safe_contracts/openzeppelin_all/utils_math_SignedMath.sol:6:1:
  |
6 | import {SafeCast} from ""./SafeCast.sol"";
  | ^^^^^^^^^^^^^^^^^^^^^^^^^^^^^^^^^^^^^^^^

",0,0,0,0,0.0,False,0,0,0,0,0,0,0.0,False,0,0,0.0,0,0,0,False,0,0,0.0,0
3438,oz_utils_cryptography_signers_AbstractSigner,,data/safe_contracts/openzeppelin_all/utils_cryptography_signers_AbstractSigner.sol,,openzeppelin,False,False,False,False,False,False,False,False,False,False,False,False,False,False,False,False,False,False,False,False,False,False,True,False,False,0,0,2,1,0,0,0,1,0,21,1,1,1.0,0,17,0.8095238095238095,0,0,0,0,2,0,0,0,0,1,1,0.0,0.0,2.0,4.0,False,simple,0,,,0,0,0,0,0.0,False,0,0,1,0,0,0,0.0,False,0,1,0.0,1,0,0,False,0,2,0.0,1
3439,oz_interfaces_IERC721Enumerable,,data/safe_contracts/openzeppelin_all/interfaces_IERC721Enumerable.sol,,openzeppelin,False,False,False,False,False,False,False,False,False,False,False,False,False,False,False,False,False,False,False,False,False,False,False,False,False,0,0,0,0,0,0,0,0,0,0,1,0,0.0,0,0,0.0,0,0,0,0,0,0,0,0,0,0,0,0.0,0.0,0.0,0.0,False,simple,0,IMPORT_ERROR,"File not found: Invalid compilation: 
Invalid solc compilation Error: Source ""data/safe_contracts/token/ERC721/extensions/IERC721Enumerable.sol"" not found: File not found. Searched the following locations: """".
 --> data/safe_contracts/openzeppelin_all/interfaces_IERC721Enumerable.sol:6:1:
  |
6 | import {IERC721Enumerable} from ""../token/ERC721/extensions/IERC721Enumerable.sol"";
  | ^^^^^^^^^^^^^^^^^^^^^^^^^^^^^^^^^^^^^^^^^^^^^^^^^^^^^^^^^^^^^^^^^^^^^^^^^^^^^^^^^^^

",0,0,0,0,0.0,False,0,0,0,0,0,0,0.0,False,0,0,0.0,0,0,0,False,0,0,0.0,0
3440,oz_access_Ownable2Step,,data/safe_contracts/openzeppelin_all/access_Ownable2Step.sol,,openzeppelin,False,False,False,False,False,False,False,False,False,False,False,False,False,False,False,False,False,False,False,False,False,False,False,False,False,0,0,0,0,0,0,0,0,0,0,1,0,0.0,0,0,0.0,0,0,0,0,0,0,0,0,0,0,0,0.0,0.0,0.0,0.0,False,simple,0,IMPORT_ERROR,"File not found: Invalid compilation: 
Invalid solc compilation Error: Source ""data/safe_contracts/openzeppelin_all/Ownable.sol"" not found: File not found. Searched the following locations: """".
 --> data/safe_contracts/openzeppelin_all/access_Ownable2Step.sol:6:1:
  |
6 | import {Ownable} from ""./Ownable.sol"";
  | ^^^^^^^^^^^^^^^^^^^^^^^^^^^^^^^^^^^^^^

",0,0,0,0,0.0,False,0,0,0,0,0,0,0.0,False,0,0,0.0,0,0,0,False,0,0,0.0,0
3441,oz_utils_RLP,,data/safe_contracts/openzeppelin_all/utils_RLP.sol,,openzeppelin,False,False,False,False,False,False,False,False,False,False,False,False,False,False,False,False,False,False,False,False,False,False,False,False,False,0,0,0,0,0,0,0,0,0,0,1,0,0.0,0,0,0.0,0,0,0,0,0,0,0,0,0,0,0,0.0,0.0,0.0,0.0,False,simple,0,IMPORT_ERROR,"File not found: Invalid compilation: 
Invalid solc compilation Error: Source ""data/safe_contracts/openzeppelin_all/math/Math.sol"" not found: File not found. Searched the following locations: """".
 --> data/safe_contracts/openzeppelin_all/utils_RLP.sol:6:1:
  |
6 | import {Math} from ""./math/Math.sol"";
  | ^^^^^^^^^^^^^^^^^^^^^^^^^^^^^^^^^^^^^

Error: Source ""data/safe_contracts/openzeppelin_all/structs/Accumulators.sol"" not found: File not found. Searched the following locations: """".
 --> data/safe_contracts/openzeppelin_all/utils_RLP.sol:7:1:
  |
7 | import {Accumulators} from ""./structs/Accumulators.sol"";
  | ^^^^^^^^^^^^^^^^^^^^^^^^^^^^^^^^^^^^^^^^^^^^^^^^^^^^^^^^

Error: Source ""data/safe_contracts/openzeppelin_all/Bytes.sol"" not found: File not found. Searched the following locations: """".
 --> data/safe_contracts/openzeppelin_all/utils_RLP.sol:8:1:
  |
8 | import {Bytes} from ""./Bytes.sol"";
  | ^^^^^^^^^^^^^^^^^^^^^^^^^^^^^^^^^^

Error: Source ""data/safe_contracts/openzeppelin_all/Memory.sol"" not found: File not found. Searched the following locations: """".
 --> data/safe_contracts/openzeppelin_all/utils_RLP.sol:9:1:
  |
9 | import {Memory} from ""./Memory.sol"";
  | ^^^^^^^^^^^^^^^^^^^^^^^^^^^^^^^^^^^^

",0,0,0,0,0.0,False,0,0,0,0,0,0,0.0,False,0,0,0.0,0,0,0,False,0,0,0.0,0
3442,oz_token_ERC1155_IERC1155Receiver,,data/safe_contracts/openzeppelin_all/token_ERC1155_IERC1155Receiver.sol,,openzeppelin,False,False,False,False,False,False,False,False,False,False,False,False,False,False,False,False,False,False,False,False,False,False,False,False,False,0,0,0,0,0,0,0,0,0,0,1,0,0.0,0,0,0.0,0,0,0,0,0,0,0,0,0,0,0,0.0,0.0,0.0,0.0,False,simple,0,IMPORT_ERROR,"File not found: Invalid compilation: 
Invalid solc compilation Error: Source ""data/utils/introspection/IERC165.sol"" not found: File not found. Searched the following locations: """".
 --> data/safe_contracts/openzeppelin_all/token_ERC1155_IERC1155Receiver.sol:6:1:
  |
6 | import {IERC165} from ""../../utils/introspection/IERC165.sol"";
  | ^^^^^^^^^^^^^^^^^^^^^^^^^^^^^^^^^^^^^^^^^^^^^^^^^^^^^^^^^^^^^^

",0,0,0,0,0.0,False,0,0,0,0,0,0,0.0,False,0,0,0.0,0,0,0,False,0,0,0.0,0
3443,oz_utils_Base58,,data/safe_contracts/openzeppelin_all/utils_Base58.sol,,openzeppelin,False,False,False,False,False,False,False,False,False,False,False,False,False,False,True,False,False,False,False,False,False,False,True,False,False,0,0,8,4,0,0,0,25,0,211,1,1,12.25,2,79,0.3744075829383886,0,0,0,0,4,4,0,0,0,3,2,0.0,0.0,8.0,18.133333333333333,False,moderate,1,,,145,156,15,45,1.0758620689655172,True,4,49,4,12,0,0,0.0,False,0,4,3.0,7,0,0,False,0,4,0.0,4
3444,oz_token_ERC1155_ERC1155,,data/safe_contracts/openzeppelin_all/token_ERC1155_ERC1155.sol,,openzeppelin,False,False,False,False,False,False,False,False,False,False,False,False,False,False,False,False,False,False,False,False,False,False,False,False,False,0,0,0,0,0,0,0,0,0,0,1,0,0.0,0,0,0.0,0,0,0,0,0,0,0,0,0,0,0,0.0,0.0,0.0,0.0,False,simple,0,IMPORT_ERROR,"File not found: Invalid compilation: 
Invalid solc compilation Error: Source ""data/safe_contracts/openzeppelin_all/IERC1155.sol"" not found: File not found. Searched the following locations: """".
 --> data/safe_contracts/openzeppelin_all/token_ERC1155_ERC1155.sol:6:1:
  |
6 | import {IERC1155} from ""./IERC1155.sol"";
  | ^^^^^^^^^^^^^^^^^^^^^^^^^^^^^^^^^^^^^^^^

Error: Source ""data/safe_contracts/openzeppelin_all/extensions/IERC1155MetadataURI.sol"" not found: File not found. Searched the following locations: """".
 --> data/safe_contracts/openzeppelin_all/token_ERC1155_ERC1155.sol:7:1:
  |
7 | import {IERC1155MetadataURI} from ""./extensions/IERC1155MetadataURI.sol"";
  | ^^^^^^^^^^^^^^^^^^^^^^^^^^^^^^^^^^^^^^^^^^^^^^^^^^^^^^^^^^^^^^^^^^^^^^^^^

Error: Source ""data/safe_contracts/openzeppelin_all/utils/ERC1155Utils.sol"" not found: File not found. Searched the following locations: """".
 --> data/safe_contracts/openzeppelin_all/token_ERC1155_ERC1155.sol:8:1:
  |
8 | import {ERC1155Utils} from ""./utils/ERC1155Utils.sol"";
  | ^^^^^^^^^^^^^^^^^^^^^^^^^^^^^^^^^^^^^^^^^^^^^^^^^^^^^^

Error: Source ""data/utils/Context.sol"" not found: File not found. Searched the following locations: """".
 --> data/safe_contracts/openzeppelin_all/token_ERC1155_ERC1155.sol:9:1:
  |
9 | import {Context} from ""../../utils/Context.sol"";
  | ^^^^^^^^^^^^^^^^^^^^^^^^^^^^^^^^^^^^^^^^^^^^^^^^

Error: Source ""data/utils/introspection/ERC165.sol"" not found: File not found. Searched the following locations: """".
  --> data/safe_contracts/openzeppelin_all/token_ERC1155_ERC1155.sol:10:1:
   |
10 | import {IERC165, ERC165} from ""../../utils/introspection/ERC165.sol"";
   | ^^^^^^^^^^^^^^^^^^^^^^^^^^^^^^^^^^^^^^^^^^^^^^^^^^^^^^^^^^^^^^^^^^^^^

Error: Source ""data/utils/Arrays.sol"" not found: File not found. Searched the following locations: """".
  --> data/safe_contracts/openzeppelin_all/token_ERC1155_ERC1155.sol:11:1:
   |
11 | import {Arrays} from ""../../utils/Arrays.sol"";
   | ^^^^^^^^^^^^^^^^^^^^^^^^^^^^^^^^^^^^^^",0,0,0,0,0.0,False,0,0,0,0,0,0,0.0,False,0,0,0.0,0,0,0,False,0,0,0.0,0
3445,oz_utils_SlotDerivation,,data/safe_contracts/openzeppelin_all/utils_SlotDerivation.sol,,openzeppelin,False,False,False,False,False,False,False,False,False,False,False,False,False,False,True,False,False,False,False,False,False,False,True,False,False,0,0,21,10,0,0,0,1,0,144,1,1,1.0,0,67,0.4652777777777778,0,0,0,0,11,10,0,0,0,3,2,0.0,0.0,21.0,126.0,True,simple,0,,,70,60,0,13,0.8571428571428571,False,1,10,10,21,0,0,0.0,False,0,10,2.1,4,0,0,False,0,18,0.0,10
3446,oz_utils_cryptography_Hashes,,data/safe_contracts/openzeppelin_all/utils_cryptography_Hashes.sol,,openzeppelin,False,False,False,False,False,False,False,False,False,False,False,False,False,False,True,False,False,False,False,False,False,False,True,False,False,0,0,5,2,0,0,0,2,0,28,1,1,1.5,0,15,0.5357142857142857,0,0,0,0,3,2,0,0,0,3,2,0.0,0.0,5.0,7.333333333333334,False,simple,0,,,10,8,0,5,0.8,False,2,3,2,3,0,0,0.0,False,0,2,1.5,2,0,0,False,0,4,0.0,2
3447,oz_governance_extensions_GovernorTimelockCompound,,data/safe_contracts/openzeppelin_all/governance_extensions_GovernorTimelockCompound.sol,,openzeppelin,False,False,False,False,False,False,False,False,False,False,False,False,False,False,False,False,False,False,False,False,False,False,False,False,False,0,0,0,0,0,0,0,0,0,0,1,0,0.0,0,0,0.0,0,0,0,0,0,0,0,0,0,0,0,0.0,0.0,0.0,0.0,False,simple,0,IMPORT_ERROR,"File not found: Invalid compilation: 
Invalid solc compilation Error: Source ""data/safe_contracts/Governor.sol"" not found: File not found. Searched the following locations: """".
 --> data/safe_contracts/openzeppelin_all/governance_extensions_GovernorTimelockCompound.sol:6:1:
  |
6 | import {IGovernor, Governor} from ""../Governor.sol"";
  | ^^^^^^^^^^^^^^^^^^^^^^^^^^^^^^^^^^^^^^^^^^^^^^^^^^^^

Error: Source ""data/vendor/compound/ICompoundTimelock.sol"" not found: File not found. Searched the following locations: """".
 --> data/safe_contracts/openzeppelin_all/governance_extensions_GovernorTimelockCompound.sol:7:1:
  |
7 | import {ICompoundTimelock} from ""../../vendor/compound/ICompoundTimelock.sol"";
  | ^^^^^^^^^^^^^^^^^^^^^^^^^^^^^^^^^^^^^^^^^^^^^^^^^^^^^^^^^^^^^^^^^^^^^^^^^^^^^^

Error: Source ""data/utils/Address.sol"" not found: File not found. Searched the following locations: """".
 --> data/safe_contracts/openzeppelin_all/governance_extensions_GovernorTimelockCompound.sol:8:1:
  |
8 | import {Address} from ""../../utils/Address.sol"";
  | ^^^^^^^^^^^^^^^^^^^^^^^^^^^^^^^^^^^^^^^^^^^^^^^^

Error: Source ""data/utils/math/SafeCast.sol"" not found: File not found. Searched the following locations: """".
 --> data/safe_contracts/openzeppelin_all/governance_extensions_GovernorTimelockCompound.sol:9:1:
  |
9 | import {SafeCast} from ""../../utils/math/SafeCast.sol"";
  | ^^^^^^^^^^^^^^^^^^^^^^^^^^^^^^^^^^^^^^^^^^^^^^^^^^^^^^^

",0,0,0,0,0.0,False,0,0,0,0,0,0,0.0,False,0,0,0.0,0,0,0,False,0,0,0.0,0
3448,oz_mocks_docs_utilities_Multicall,,data/safe_contracts/openzeppelin_all/mocks_docs_utilities_Multicall.sol,,openzeppelin,False,False,False,False,False,False,False,False,False,False,False,False,False,False,False,False,False,False,False,False,False,False,False,False,False,0,0,0,0,0,0,0,0,0,0,1,0,0.0,0,0,0.0,0,0,0,0,0,0,0,0,0,0,0,0.0,0.0,0.0,0.0,False,simple,0,IMPORT_ERROR,"File not found: Invalid compilation: 
Invalid solc compilation Error: Source ""utils/Multicall.sol"" not found: File not found. Searched the following locations: """".
 --> data/safe_contracts/openzeppelin_all/mocks_docs_utilities_Multicall.sol:5:1:
  |
5 | import {Multicall} from ""../../../utils/Multicall.sol"";
  | ^^^^^^^^^^^^^^^^^^^^^^^^^^^^^^^^^^^^^^^^^^^^^^^^^^^^^^^

",0,0,0,0,0.0,False,0,0,0,0,0,0,0.0,False,0,0,0.0,0,0,0,False,0,0,0.0,0
3449,oz_mocks_VotesExtendedMock,,data/safe_contracts/openzeppelin_all/mocks_VotesExtendedMock.sol,,openzeppelin,False,False,False,False,False,False,False,False,False,False,False,False,False,False,False,False,False,False,False,False,False,False,False,False,False,0,0,0,0,0,0,0,0,0,0,1,0,0.0,0,0,0.0,0,0,0,0,0,0,0,0,0,0,0,0.0,0.0,0.0,0.0,False,simple,0,IMPORT_ERROR,"File not found: Invalid compilation: 
Invalid solc compilation Error: Source ""data/safe_contracts/governance/utils/VotesExtended.sol"" not found: File not found. Searched the following locations: """".
 --> data/safe_contracts/openzeppelin_all/mocks_VotesExtendedMock.sol:5:1:
  |
5 | import {VotesExtended} from ""../governance/utils/VotesExtended.sol"";
  | ^^^^^^^^^^^^^^^^^^^^^^^^^^^^^^^^^^^^^^^^^^^^^^^^^^^^^^^^^^^^^^^^^^^^

",0,0,0,0,0.0,False,0,0,0,0,0,0,0.0,False,0,0,0.0,0,0,0,False,0,0,0.0,0
3450,oz_mocks_Base64Dirty,,data/safe_contracts/openzeppelin_all/mocks_Base64Dirty.sol,,openzeppelin,False,False,False,False,False,False,False,False,False,False,False,False,False,False,False,False,False,False,False,False,False,False,False,False,False,0,0,0,0,0,0,0,0,0,0,1,0,0.0,0,0,0.0,0,0,0,0,0,0,0,0,0,0,0,0.0,0.0,0.0,0.0,False,simple,0,IMPORT_ERROR,"File not found: Invalid compilation: 
Invalid solc compilation Error: Source ""data/safe_contracts/utils/Base64.sol"" not found: File not found. Searched the following locations: """".
 --> data/safe_contracts/openzeppelin_all/mocks_Base64Dirty.sol:5:1:
  |
5 | import {Base64} from ""../utils/Base64.sol"";
  | ^^^^^^^^^^^^^^^^^^^^^^^^^^^^^^^^^^^^^^^^^^^

",0,0,0,0,0.0,False,0,0,0,0,0,0,0.0,False,0,0,0.0,0,0,0,False,0,0,0.0,0
3451,oz_mocks_docs_access-control_AccessControlModified,,data/safe_contracts/openzeppelin_all/mocks_docs_access-control_AccessControlModified.sol,,openzeppelin,False,False,False,False,False,False,False,False,False,False,False,False,False,False,False,False,False,False,False,False,False,False,False,False,False,0,0,0,0,0,0,0,0,0,0,1,0,0.0,0,0,0.0,0,0,0,0,0,0,0,0,0,0,0,0.0,0.0,0.0,0.0,False,simple,0,IMPORT_ERROR,"File not found: Invalid compilation: 
Invalid solc compilation Error: Source ""access/AccessControl.sol"" not found: File not found. Searched the following locations: """".
 --> data/safe_contracts/openzeppelin_all/mocks_docs_access-control_AccessControlModified.sol:5:1:
  |
5 | import {AccessControl} from ""../../../access/AccessControl.sol"";
  | ^^^^^^^^^^^^^^^^^^^^^^^^^^^^^^^^^^^^^^^^^^^^^^^^^^^^^^^^^^^^^^^^

",0,0,0,0,0.0,False,0,0,0,0,0,0,0.0,False,0,0,0.0,0,0,0,False,0,0,0.0,0
3452,oz_mocks_docs_governance_MyTokenTimestampBased,,data/safe_contracts/openzeppelin_all/mocks_docs_governance_MyTokenTimestampBased.sol,,openzeppelin,False,False,False,False,False,False,False,False,False,False,False,False,False,False,False,False,False,False,False,False,False,False,False,False,False,0,0,0,0,0,0,0,0,0,0,1,0,0.0,0,0,0.0,0,0,0,0,0,0,0,0,0,0,0,0.0,0.0,0.0,0.0,False,simple,0,IMPORT_ERROR,"File not found: Invalid compilation: 
Invalid solc compilation Error: Source ""token/ERC20/ERC20.sol"" not found: File not found. Searched the following locations: """".
 --> data/safe_contracts/openzeppelin_all/mocks_docs_governance_MyTokenTimestampBased.sol:4:1:
  |
4 | import {ERC20} from ""../../../token/ERC20/ERC20.sol"";
  | ^^^^^^^^^^^^^^^^^^^^^^^^^^^^^^^^^^^^^^^^^^^^^^^^^^^^^

Error: Source ""token/ERC20/extensions/ERC20Permit.sol"" not found: File not found. Searched the following locations: """".
 --> data/safe_contracts/openzeppelin_all/mocks_docs_governance_MyTokenTimestampBased.sol:5:1:
  |
5 | import {ERC20Permit} from ""../../../token/ERC20/extensions/ERC20Permit.sol"";
  | ^^^^^^^^^^^^^^^^^^^^^^^^^^^^^^^^^^^^^^^^^^^^^^^^^^^^^^^^^^^^^^^^^^^^^^^^^^^^

Error: Source ""token/ERC20/extensions/ERC20Votes.sol"" not found: File not found. Searched the following locations: """".
 --> data/safe_contracts/openzeppelin_all/mocks_docs_governance_MyTokenTimestampBased.sol:6:1:
  |
6 | import {ERC20Votes} from ""../../../token/ERC20/extensions/ERC20Votes.sol"";
  | ^^^^^^^^^^^^^^^^^^^^^^^^^^^^^^^^^^^^^^^^^^^^^^^^^^^^^^^^^^^^^^^^^^^^^^^^^^

Error: Source ""utils/Nonces.sol"" not found: File not found. Searched the following locations: """".
 --> data/safe_contracts/openzeppelin_all/mocks_docs_governance_MyTokenTimestampBased.sol:7:1:
  |
7 | import {Nonces} from ""../../../utils/Nonces.sol"";
  | ^^^^^^^^^^^^^^^^^^^^^^^^^^^^^^^^^^^^^^^^^^^^^^^^^

",0,0,0,0,0.0,False,0,0,0,0,0,0,0.0,False,0,0,0.0,0,0,0,False,0,0,0.0,0
3453,oz_finance_VestingWallet,,data/safe_contracts/openzeppelin_all/finance_VestingWallet.sol,,openzeppelin,False,False,False,False,False,False,False,False,False,False,False,False,False,False,False,False,False,False,False,False,False,False,False,False,False,0,0,0,0,0,0,0,0,0,0,1,0,0.0,0,0,0.0,0,0,0,0,0,0,0,0,0,0,0,0.0,0.0,0.0,0.0,False,simple,0,IMPORT_ERROR,"File not found: Invalid compilation: 
Invalid solc compilation Error: Source ""data/safe_contracts/token/ERC20/IERC20.sol"" not found: File not found. Searched the following locations: """".
 --> data/safe_contracts/openzeppelin_all/finance_VestingWallet.sol:6:1:
  |
6 | import {IERC20} from ""../token/ERC20/IERC20.sol"";
  | ^^^^^^^^^^^^^^^^^^^^^^^^^^^^^^^^^^^^^^^^^^^^^^^^^

Error: Source ""data/safe_contracts/token/ERC20/utils/SafeERC20.sol"" not found: File not found. Searched the following locations: """".
 --> data/safe_contracts/openzeppelin_all/finance_VestingWallet.sol:7:1:
  |
7 | import {SafeERC20} from ""../token/ERC20/utils/SafeERC20.sol"";
  | ^^^^^^^^^^^^^^^^^^^^^^^^^^^^^^^^^^^^^^^^^^^^^^^^^^^^^^^^^^^^^

Error: Source ""data/safe_contracts/utils/Address.sol"" not found: File not found. Searched the following locations: """".
 --> data/safe_contracts/openzeppelin_all/finance_VestingWallet.sol:8:1:
  |
8 | import {Address} from ""../utils/Address.sol"";
  | ^^^^^^^^^^^^^^^^^^^^^^^^^^^^^^^^^^^^^^^^^^^^^

Error: Source ""data/safe_contracts/utils/Context.sol"" not found: File not found. Searched the following locations: """".
 --> data/safe_contracts/openzeppelin_all/finance_VestingWallet.sol:9:1:
  |
9 | import {Context} from ""../utils/Context.sol"";
  | ^^^^^^^^^^^^^^^^^^^^^^^^^^^^^^^^^^^^^^^^^^^^^

Error: Source ""data/safe_contracts/access/Ownable.sol"" not found: File not found. Searched the following locations: """".
  --> data/safe_contracts/openzeppelin_all/finance_VestingWallet.sol:10:1:
   |
10 | import {Ownable} from ""../access/Ownable.sol"";
   | ^^^^^^^^^^^^^^^^^^^^^^^^^^^^^^^^^^^^^^^^^^^^^^

",0,0,0,0,0.0,False,0,0,0,0,0,0,0.0,False,0,0,0.0,0,0,0,False,0,0,0.0,0
3454,oz_mocks_docs_ERC20WithAutoMinerReward,,data/safe_contracts/openzeppelin_all/mocks_docs_ERC20WithAutoMinerReward.sol,,openzeppelin,False,False,False,False,False,False,False,False,False,False,False,False,False,False,False,False,False,False,False,False,False,False,False,False,False,0,0,0,0,0,0,0,0,0,0,1,0,0.0,0,0,0.0,0,0,0,0,0,0,0,0,0,0,0,0.0,0.0,0.0,0.0,False,simple,0,IMPORT_ERROR,"File not found: Invalid compilation: 
Invalid solc compilation Error: Source ""data/token/ERC20/ERC20.sol"" not found: File not found. Searched the following locations: """".
 --> data/safe_contracts/openzeppelin_all/mocks_docs_ERC20WithAutoMinerReward.sol:5:1:
  |
5 | import {ERC20} from ""../../token/ERC20/ERC20.sol"";
  | ^^^^^^^^^^^^^^^^^^^^^^^^^^^^^^^^^^^^^^^^^^^^^^^^^^

",0,0,0,0,0.0,False,0,0,0,0,0,0,0.0,False,0,0,0.0,0,0,0,False,0,0,0.0,0
3455,oz_utils_cryptography_verifiers_ERC7913WebAuthnVerifier,,data/safe_contracts/openzeppelin_all/utils_cryptography_verifiers_ERC7913WebAuthnVerifier.sol,,openzeppelin,False,False,False,False,False,False,False,False,False,False,False,False,False,False,False,False,False,False,False,False,False,False,False,False,False,0,0,0,0,0,0,0,0,0,0,1,0,0.0,0,0,0.0,0,0,0,0,0,0,0,0,0,0,0,0.0,0.0,0.0,0.0,False,simple,0,IMPORT_ERROR,"File not found: Invalid compilation: 
Invalid solc compilation Error: Source ""data/safe_contracts/WebAuthn.sol"" not found: File not found. Searched the following locations: """".
 --> data/safe_contracts/openzeppelin_all/utils_cryptography_verifiers_ERC7913WebAuthnVerifier.sol:6:1:
  |
6 | import {WebAuthn} from ""../WebAuthn.sol"";
  | ^^^^^^^^^^^^^^^^^^^^^^^^^^^^^^^^^^^^^^^^^

Error: Source ""interfaces/IERC7913.sol"" not found: File not found. Searched the following locations: """".
 --> data/safe_contracts/openzeppelin_all/utils_cryptography_verifiers_ERC7913WebAuthnVerifier.sol:7:1:
  |
7 | import {IERC7913SignatureVerifier} from ""../../../interfaces/IERC7913.sol"";
  | ^^^^^^^^^^^^^^^^^^^^^^^^^^^^^^^^^^^^^^^^^^^^^^^^^^^^^^^^^^^^^^^^^^^^^^^^^^^

",0,0,0,0,0.0,False,0,0,0,0,0,0,0.0,False,0,0,0.0,0,0,0,False,0,0,0.0,0
3456,oz_utils_cryptography_signers_MultiSignerERC7913,,data/safe_contracts/openzeppelin_all/utils_cryptography_signers_MultiSignerERC7913.sol,,openzeppelin,False,False,False,False,False,False,False,False,False,False,False,False,False,False,False,False,False,False,False,False,False,False,False,False,False,0,0,0,0,0,0,0,0,0,0,1,0,0.0,0,0,0.0,0,0,0,0,0,0,0,0,0,0,0,0.0,0.0,0.0,0.0,False,simple,0,IMPORT_ERROR,"File not found: Invalid compilation: 
Invalid solc compilation Error: Source ""data/safe_contracts/openzeppelin_all/AbstractSigner.sol"" not found: File not found. Searched the following locations: """".
 --> data/safe_contracts/openzeppelin_all/utils_cryptography_signers_MultiSignerERC7913.sol:6:1:
  |
6 | import {AbstractSigner} from ""./AbstractSigner.sol"";
  | ^^^^^^^^^^^^^^^^^^^^^^^^^^^^^^^^^^^^^^^^^^^^^^^^^^^^

Error: Source ""data/safe_contracts/SignatureChecker.sol"" not found: File not found. Searched the following locations: """".
 --> data/safe_contracts/openzeppelin_all/utils_cryptography_signers_MultiSignerERC7913.sol:7:1:
  |
7 | import {SignatureChecker} from ""../SignatureChecker.sol"";
  | ^^^^^^^^^^^^^^^^^^^^^^^^^^^^^^^^^^^^^^^^^^^^^^^^^^^^^^^^^

Error: Source ""data/structs/EnumerableSet.sol"" not found: File not found. Searched the following locations: """".
 --> data/safe_contracts/openzeppelin_all/utils_cryptography_signers_MultiSignerERC7913.sol:8:1:
  |
8 | import {EnumerableSet} from ""../../structs/EnumerableSet.sol"";
  | ^^^^^^^^^^^^^^^^^^^^^^^^^^^^^^^^^^^^^^^^^^^^^^^^^^^^^^^^^^^^^^

",0,0,0,0,0.0,False,0,0,0,0,0,0,0.0,False,0,0,0.0,0,0,0,False,0,0,0.0,0
3457,oz_mocks_TimelockReentrant,,data/safe_contracts/openzeppelin_all/mocks_TimelockReentrant.sol,,openzeppelin,False,False,False,False,False,False,False,False,False,False,False,False,False,False,False,False,False,False,False,False,False,False,False,False,False,0,0,0,0,0,0,0,0,0,0,1,0,0.0,0,0,0.0,0,0,0,0,0,0,0,0,0,0,0,0.0,0.0,0.0,0.0,False,simple,0,IMPORT_ERROR,"File not found: Invalid compilation: 
Invalid solc compilation Error: Source ""data/safe_contracts/utils/Address.sol"" not found: File not found. Searched the following locations: """".
 --> data/safe_contracts/openzeppelin_all/mocks_TimelockReentrant.sol:4:1:
  |
4 | import {Address} from ""../utils/Address.sol"";
  | ^^^^^^^^^^^^^^^^^^^^^^^^^^^^^^^^^^^^^^^^^^^^^

",0,0,0,0,0.0,False,0,0,0,0,0,0,0.0,False,0,0,0.0,0,0,0,False,0,0,0.0,0
3458,oz_utils_cryptography_ECDSA,,data/safe_contracts/openzeppelin_all/utils_cryptography_ECDSA.sol,,openzeppelin,False,False,False,False,False,False,False,False,False,False,False,False,False,False,True,False,False,False,False,False,False,False,True,False,False,0,0,17,11,0,0,0,9,0,266,1,1,3.0,0,119,0.4473684210526316,0,0,0,0,6,11,0,0,0,3,2,0.0,0.0,17.0,77.63333333333333,False,moderate,1,,,118,114,0,10,0.9661016949152542,False,13,33,11,23,0,0,0.0,True,0,11,2.090909090909091,7,0,0,False,0,26,0.0,11
3459,oz_utils_Multicall,,data/safe_contracts/openzeppelin_all/utils_Multicall.sol,,openzeppelin,False,False,False,False,False,False,False,False,False,False,False,False,False,False,False,False,False,False,False,False,False,False,False,False,False,0,0,0,0,0,0,0,0,0,0,1,0,0.0,0,0,0.0,0,0,0,0,0,0,0,0,0,0,0,0.0,0.0,0.0,0.0,False,simple,0,IMPORT_ERROR,"File not found: Invalid compilation: 
Invalid solc compilation Error: Source ""data/safe_contracts/openzeppelin_all/Address.sol"" not found: File not found. Searched the following locations: """".
 --> data/safe_contracts/openzeppelin_all/utils_Multicall.sol:6:1:
  |
6 | import {Address} from ""./Address.sol"";
  | ^^^^^^^^^^^^^^^^^^^^^^^^^^^^^^^^^^^^^^

Error: Source ""data/safe_contracts/openzeppelin_all/Context.sol"" not found: File not found. Searched the following locations: """".
 --> data/safe_contracts/openzeppelin_all/utils_Multicall.sol:7:1:
  |
7 | import {Context} from ""./Context.sol"";
  | ^^^^^^^^^^^^^^^^^^^^^^^^^^^^^^^^^^^^^^

",0,0,0,0,0.0,False,0,0,0,0,0,0,0.0,False,0,0,0.0,0,0,0,False,0,0,0.0,0
3460,oz_utils_Arrays,,data/safe_contracts/openzeppelin_all/utils_Arrays.sol,,openzeppelin,False,False,False,False,False,False,False,False,False,False,False,False,False,False,False,False,False,False,False,False,False,False,False,False,False,0,0,0,0,0,0,0,0,0,0,1,0,0.0,0,0,0.0,0,0,0,0,0,0,0,0,0,0,0,0.0,0.0,0.0,0.0,False,simple,0,IMPORT_ERROR,"File not found: Invalid compilation: 
Invalid solc compilation Error: Source ""data/safe_contracts/openzeppelin_all/Comparators.sol"" not found: File not found. Searched the following locations: """".
 --> data/safe_contracts/openzeppelin_all/utils_Arrays.sol:7:1:
  |
7 | import {Comparators} from ""./Comparators.sol"";
  | ^^^^^^^^^^^^^^^^^^^^^^^^^^^^^^^^^^^^^^^^^^^^^^

Error: Source ""data/safe_contracts/openzeppelin_all/SlotDerivation.sol"" not found: File not found. Searched the following locations: """".
 --> data/safe_contracts/openzeppelin_all/utils_Arrays.sol:8:1:
  |
8 | import {SlotDerivation} from ""./SlotDerivation.sol"";
  | ^^^^^^^^^^^^^^^^^^^^^^^^^^^^^^^^^^^^^^^^^^^^^^^^^^^^

Error: Source ""data/safe_contracts/openzeppelin_all/StorageSlot.sol"" not found: File not found. Searched the following locations: """".
 --> data/safe_contracts/openzeppelin_all/utils_Arrays.sol:9:1:
  |
9 | import {StorageSlot} from ""./StorageSlot.sol"";
  | ^^^^^^^^^^^^^^^^^^^^^^^^^^^^^^^^^^^^^^^^^^^^^^

Error: Source ""data/safe_contracts/openzeppelin_all/math/Math.sol"" not found: File not found. Searched the following locations: """".
  --> data/safe_contracts/openzeppelin_all/utils_Arrays.sol:10:1:
   |
10 | import {Math} from ""./math/Math.sol"";
   | ^^^^^^^^^^^^^^^^^^^^^^^^^^^^^^^^^^^^^

",0,0,0,0,0.0,False,0,0,0,0,0,0,0.0,False,0,0,0.0,0,0,0,False,0,0,0.0,0
3461,oz_utils_CAIP2,,data/safe_contracts/openzeppelin_all/utils_CAIP2.sol,,openzeppelin,False,False,False,False,False,False,False,False,False,False,False,False,False,False,False,False,False,False,False,False,False,False,False,False,False,0,0,0,0,0,0,0,0,0,0,1,0,0.0,0,0,0.0,0,0,0,0,0,0,0,0,0,0,0,0.0,0.0,0.0,0.0,False,simple,0,IMPORT_ERROR,"File not found: Invalid compilation: 
Invalid solc compilation Error: Source ""data/safe_contracts/openzeppelin_all/Bytes.sol"" not found: File not found. Searched the following locations: """".
 --> data/safe_contracts/openzeppelin_all/utils_CAIP2.sol:6:1:
  |
6 | import {Bytes} from ""./Bytes.sol"";
  | ^^^^^^^^^^^^^^^^^^^^^^^^^^^^^^^^^^

Error: Source ""data/safe_contracts/openzeppelin_all/Strings.sol"" not found: File not found. Searched the following locations: """".
 --> data/safe_contracts/openzeppelin_all/utils_CAIP2.sol:7:1:
  |
7 | import {Strings} from ""./Strings.sol"";
  | ^^^^^^^^^^^^^^^^^^^^^^^^^^^^^^^^^^^^^^

",0,0,0,0,0.0,False,0,0,0,0,0,0,0.0,False,0,0,0.0,0,0,0,False,0,0,0.0,0
3462,oz_utils_cryptography_SignatureChecker,,data/safe_contracts/openzeppelin_all/utils_cryptography_SignatureChecker.sol,,openzeppelin,False,False,False,False,False,False,False,False,False,False,False,False,False,False,False,False,False,False,False,False,False,False,False,False,False,0,0,0,0,0,0,0,0,0,0,1,0,0.0,0,0,0.0,0,0,0,0,0,0,0,0,0,0,0,0.0,0.0,0.0,0.0,False,simple,0,IMPORT_ERROR,"File not found: Invalid compilation: 
Invalid solc compilation Error: Source ""data/safe_contracts/openzeppelin_all/ECDSA.sol"" not found: File not found. Searched the following locations: """".
 --> data/safe_contracts/openzeppelin_all/utils_cryptography_SignatureChecker.sol:6:1:
  |
6 | import {ECDSA} from ""./ECDSA.sol"";
  | ^^^^^^^^^^^^^^^^^^^^^^^^^^^^^^^^^^

Error: Source ""data/interfaces/IERC1271.sol"" not found: File not found. Searched the following locations: """".
 --> data/safe_contracts/openzeppelin_all/utils_cryptography_SignatureChecker.sol:7:1:
  |
7 | import {IERC1271} from ""../../interfaces/IERC1271.sol"";
  | ^^^^^^^^^^^^^^^^^^^^^^^^^^^^^^^^^^^^^^^^^^^^^^^^^^^^^^^

Error: Source ""data/interfaces/IERC7913.sol"" not found: File not found. Searched the following locations: """".
 --> data/safe_contracts/openzeppelin_all/utils_cryptography_SignatureChecker.sol:8:1:
  |
8 | import {IERC7913SignatureVerifier} from ""../../interfaces/IERC7913.sol"";
  | ^^^^^^^^^^^^^^^^^^^^^^^^^^^^^^^^^^^^^^^^^^^^^^^^^^^^^^^^^^^^^^^^^^^^^^^^

Error: Source ""data/safe_contracts/Bytes.sol"" not found: File not found. Searched the following locations: """".
 --> data/safe_contracts/openzeppelin_all/utils_cryptography_SignatureChecker.sol:9:1:
  |
9 | import {Bytes} from ""../Bytes.sol"";
  | ^^^^^^^^^^^^^^^^^^^^^^^^^^^^^^^^^^^

",0,0,0,0,0.0,False,0,0,0,0,0,0,0.0,False,0,0,0.0,0,0,0,False,0,0,0.0,0
3463,oz_utils_types_Time,,data/safe_contracts/openzeppelin_all/utils_types_Time.sol,,openzeppelin,False,False,False,False,False,False,False,False,False,False,False,False,False,False,False,False,False,False,False,False,False,False,False,False,False,0,0,0,0,0,0,0,0,0,0,1,0,0.0,0,0,0.0,0,0,0,0,0,0,0,0,0,0,0,0.0,0.0,0.0,0.0,False,simple,0,IMPORT_ERROR,"File not found: Invalid compilation: 
Invalid solc compilation Error: Source ""data/safe_contracts/math/Math.sol"" not found: File not found. Searched the following locations: """".
 --> data/safe_contracts/openzeppelin_all/utils_types_Time.sol:6:1:
  |
6 | import {Math} from ""../math/Math.sol"";
  | ^^^^^^^^^^^^^^^^^^^^^^^^^^^^^^^^^^^^^^

Error: Source ""data/safe_contracts/math/SafeCast.sol"" not found: File not found. Searched the following locations: """".
 --> data/safe_contracts/openzeppelin_all/utils_types_Time.sol:7:1:
  |
7 | import {SafeCast} from ""../math/SafeCast.sol"";
  | ^^^^^^^^^^^^^^^^^^^^^^^^^^^^^^^^^^^^^^^^^^^^^^

",0,0,0,0,0.0,False,0,0,0,0,0,0,0.0,False,0,0,0.0,0,0,0,False,0,0,0.0,0
3464,oz_access_Ownable,,data/safe_contracts/openzeppelin_all/access_Ownable.sol,,openzeppelin,False,False,False,False,False,False,False,False,False,False,False,False,False,False,False,False,False,False,False,False,False,False,False,False,False,0,0,0,0,0,0,0,0,0,0,1,0,0.0,0,0,0.0,0,0,0,0,0,0,0,0,0,0,0,0.0,0.0,0.0,0.0,False,simple,0,IMPORT_ERROR,"File not found: Invalid compilation: 
Invalid solc compilation Error: Source ""data/safe_contracts/utils/Context.sol"" not found: File not found. Searched the following locations: """".
 --> data/safe_contracts/openzeppelin_all/access_Ownable.sol:6:1:
  |
6 | import {Context} from ""../utils/Context.sol"";
  | ^^^^^^^^^^^^^^^^^^^^^^^^^^^^^^^^^^^^^^^^^^^^^

",0,0,0,0,0.0,False,0,0,0,0,0,0,0.0,False,0,0,0.0,0,0,0,False,0,0,0.0,0
3465,oz_access_manager_AccessManaged,,data/safe_contracts/openzeppelin_all/access_manager_AccessManaged.sol,,openzeppelin,False,False,False,False,False,False,False,False,False,False,False,False,False,False,False,False,False,False,False,False,False,False,False,False,False,0,0,0,0,0,0,0,0,0,0,1,0,0.0,0,0,0.0,0,0,0,0,0,0,0,0,0,0,0,0.0,0.0,0.0,0.0,False,simple,0,IMPORT_ERROR,"File not found: Invalid compilation: 
Invalid solc compilation Error: Source ""data/safe_contracts/openzeppelin_all/AuthorityUtils.sol"" not found: File not found. Searched the following locations: """".
 --> data/safe_contracts/openzeppelin_all/access_manager_AccessManaged.sol:6:1:
  |
6 | import {AuthorityUtils} from ""./AuthorityUtils.sol"";
  | ^^^^^^^^^^^^^^^^^^^^^^^^^^^^^^^^^^^^^^^^^^^^^^^^^^^^

Error: Source ""data/safe_contracts/openzeppelin_all/IAccessManager.sol"" not found: File not found. Searched the following locations: """".
 --> data/safe_contracts/openzeppelin_all/access_manager_AccessManaged.sol:7:1:
  |
7 | import {IAccessManager} from ""./IAccessManager.sol"";
  | ^^^^^^^^^^^^^^^^^^^^^^^^^^^^^^^^^^^^^^^^^^^^^^^^^^^^

Error: Source ""data/safe_contracts/openzeppelin_all/IAccessManaged.sol"" not found: File not found. Searched the following locations: """".
 --> data/safe_contracts/openzeppelin_all/access_manager_AccessManaged.sol:8:1:
  |
8 | import {IAccessManaged} from ""./IAccessManaged.sol"";
  | ^^^^^^^^^^^^^^^^^^^^^^^^^^^^^^^^^^^^^^^^^^^^^^^^^^^^

Error: Source ""data/utils/Context.sol"" not found: File not found. Searched the following locations: """".
 --> data/safe_contracts/openzeppelin_all/access_manager_AccessManaged.sol:9:1:
  |
9 | import {Context} from ""../../utils/Context.sol"";
  | ^^^^^^^^^^^^^^^^^^^^^^^^^^^^^^^^^^^^^^^^^^^^^^^^

",0,0,0,0,0.0,False,0,0,0,0,0,0,0.0,False,0,0,0.0,0,0,0,False,0,0,0.0,0
3466,oz_utils_cryptography_RSA,,data/safe_contracts/openzeppelin_all/utils_cryptography_RSA.sol,,openzeppelin,False,False,False,False,False,False,False,False,False,False,False,False,False,False,False,False,False,False,False,False,False,False,False,False,False,0,0,0,0,0,0,0,0,0,0,1,0,0.0,0,0,0.0,0,0,0,0,0,0,0,0,0,0,0,0.0,0.0,0.0,0.0,False,simple,0,IMPORT_ERROR,"File not found: Invalid compilation: 
Invalid solc compilation Error: Source ""data/safe_contracts/math/Math.sol"" not found: File not found. Searched the following locations: """".
 --> data/safe_contracts/openzeppelin_all/utils_cryptography_RSA.sol:5:1:
  |
5 | import {Math} from ""../math/Math.sol"";
  | ^^^^^^^^^^^^^^^^^^^^^^^^^^^^^^^^^^^^^^

",0,0,0,0,0.0,False,0,0,0,0,0,0,0.0,False,0,0,0.0,0,0,0,False,0,0,0.0,0
3467,oz_utils_Context,,data/safe_contracts/openzeppelin_all/utils_Context.sol,,openzeppelin,False,False,False,False,False,False,False,False,False,False,False,False,False,False,False,False,False,False,False,False,False,False,True,False,False,0,0,5,3,0,0,0,1,0,24,1,1,1.0,0,12,0.5,0,0,0,0,2,3,0,0,0,2,1,0.0,0.0,5.0,10.25,False,simple,0,,,6,3,0,1,0.5,False,3,3,3,0,0,0,0.0,False,0,3,0.0,3,0,0,False,0,0,0.0,0
3468,oz_mocks_docs_MyNFT,,data/safe_contracts/openzeppelin_all/mocks_docs_MyNFT.sol,,openzeppelin,False,False,False,False,False,False,False,False,False,False,False,False,False,False,False,False,False,False,False,False,False,False,False,False,False,0,0,0,0,0,0,0,0,0,0,1,0,0.0,0,0,0.0,0,0,0,0,0,0,0,0,0,0,0,0.0,0.0,0.0,0.0,False,simple,0,IMPORT_ERROR,"File not found: Invalid compilation: 
Invalid solc compilation Error: Source ""data/token/ERC721/ERC721.sol"" not found: File not found. Searched the following locations: """".
 --> data/safe_contracts/openzeppelin_all/mocks_docs_MyNFT.sol:5:1:
  |
5 | import {ERC721} from ""../../token/ERC721/ERC721.sol"";
  | ^^^^^^^^^^^^^^^^^^^^^^^^^^^^^^^^^^^^^^^^^^^^^^^^^^^^^

",0,0,0,0,0.0,False,0,0,0,0,0,0,0.0,False,0,0,0.0,0,0,0,False,0,0,0.0,0
3469,oz_utils_cryptography_EIP712,,data/safe_contracts/openzeppelin_all/utils_cryptography_EIP712.sol,,openzeppelin,False,False,False,False,False,False,False,False,False,False,False,False,False,False,False,False,False,False,False,False,False,False,False,False,False,0,0,0,0,0,0,0,0,0,0,1,0,0.0,0,0,0.0,0,0,0,0,0,0,0,0,0,0,0,0.0,0.0,0.0,0.0,False,simple,0,IMPORT_ERROR,"File not found: Invalid compilation: 
Invalid solc compilation Error: Source ""data/safe_contracts/openzeppelin_all/MessageHashUtils.sol"" not found: File not found. Searched the following locations: """".
 --> data/safe_contracts/openzeppelin_all/utils_cryptography_EIP712.sol:6:1:
  |
6 | import {MessageHashUtils} from ""./MessageHashUtils.sol"";
  | ^^^^^^^^^^^^^^^^^^^^^^^^^^^^^^^^^^^^^^^^^^^^^^^^^^^^^^^^

Error: Source ""data/safe_contracts/ShortStrings.sol"" not found: File not found. Searched the following locations: """".
 --> data/safe_contracts/openzeppelin_all/utils_cryptography_EIP712.sol:7:1:
  |
7 | import {ShortStrings, ShortString} from ""../ShortStrings.sol"";
  | ^^^^^^^^^^^^^^^^^^^^^^^^^^^^^^^^^^^^^^^^^^^^^^^^^^^^^^^^^^^^^^

Error: Source ""data/interfaces/IERC5267.sol"" not found: File not found. Searched the following locations: """".
 --> data/safe_contracts/openzeppelin_all/utils_cryptography_EIP712.sol:8:1:
  |
8 | import {IERC5267} from ""../../interfaces/IERC5267.sol"";
  | ^^^^^^^^^^^^^^^^^^^^^^^^^^^^^^^^^^^^^^^^^^^^^^^^^^^^^^^

",0,0,0,0,0.0,False,0,0,0,0,0,0,0.0,False,0,0,0.0,0,0,0,False,0,0,0.0,0
3470,oz_token_ERC6909_ERC6909,,data/safe_contracts/openzeppelin_all/token_ERC6909_ERC6909.sol,,openzeppelin,False,False,False,False,False,False,False,False,False,False,False,False,False,False,False,False,False,False,False,False,False,False,False,False,False,0,0,0,0,0,0,0,0,0,0,1,0,0.0,0,0,0.0,0,0,0,0,0,0,0,0,0,0,0,0.0,0.0,0.0,0.0,False,simple,0,IMPORT_ERROR,"File not found: Invalid compilation: 
Invalid solc compilation Error: Source ""data/interfaces/IERC6909.sol"" not found: File not found. Searched the following locations: """".
 --> data/safe_contracts/openzeppelin_all/token_ERC6909_ERC6909.sol:6:1:
  |
6 | import {IERC6909} from ""../../interfaces/IERC6909.sol"";
  | ^^^^^^^^^^^^^^^^^^^^^^^^^^^^^^^^^^^^^^^^^^^^^^^^^^^^^^^

Error: Source ""data/utils/Context.sol"" not found: File not found. Searched the following locations: """".
 --> data/safe_contracts/openzeppelin_all/token_ERC6909_ERC6909.sol:7:1:
  |
7 | import {Context} from ""../../utils/Context.sol"";
  | ^^^^^^^^^^^^^^^^^^^^^^^^^^^^^^^^^^^^^^^^^^^^^^^^

Error: Source ""data/utils/introspection/ERC165.sol"" not found: File not found. Searched the following locations: """".
 --> data/safe_contracts/openzeppelin_all/token_ERC6909_ERC6909.sol:8:1:
  |
8 | import {IERC165, ERC165} from ""../../utils/introspection/ERC165.sol"";
  | ^^^^^^^^^^^^^^^^^^^^^^^^^^^^^^^^^^^^^^^^^^^^^^^^^^^^^^^^^^^^^^^^^^^^^

",0,0,0,0,0.0,False,0,0,0,0,0,0,0.0,False,0,0,0.0,0,0,0,False,0,0,0.0,0
3471,oz_mocks_docs_access-control_MyContractOwnable,,data/safe_contracts/openzeppelin_all/mocks_docs_access-control_MyContractOwnable.sol,,openzeppelin,False,False,False,False,False,False,False,False,False,False,False,False,False,False,False,False,False,False,False,False,False,False,False,False,False,0,0,0,0,0,0,0,0,0,0,1,0,0.0,0,0,0.0,0,0,0,0,0,0,0,0,0,0,0,0.0,0.0,0.0,0.0,False,simple,0,IMPORT_ERROR,"File not found: Invalid compilation: 
Invalid solc compilation Error: Source ""access/Ownable.sol"" not found: File not found. Searched the following locations: """".
 --> data/safe_contracts/openzeppelin_all/mocks_docs_access-control_MyContractOwnable.sol:5:1:
  |
5 | import {Ownable} from ""../../../access/Ownable.sol"";
  | ^^^^^^^^^^^^^^^^^^^^^^^^^^^^^^^^^^^^^^^^^^^^^^^^^^^^

",0,0,0,0,0.0,False,0,0,0,0,0,0,0.0,False,0,0,0.0,0,0,0,False,0,0,0.0,0
3472,oz_vendor_compound_ICompoundTimelock,,data/safe_contracts/openzeppelin_all/vendor_compound_ICompoundTimelock.sol,,openzeppelin,False,False,False,False,False,False,False,False,False,False,False,False,False,False,False,False,False,False,False,False,False,False,True,False,False,0,0,5,14,0,0,0,1,0,70,1,1,1.0,0,8,0.11428571428571428,2,0,0,0,5,0,0,0,0,2,1,0.0,0.0,5.0,12.5,False,simple,0,,,0,0,0,0,0.0,False,0,0,14,0,0,0,0.0,False,14,0,0.0,14,0,0,False,0,18,0.0,6
3473,oz_utils_Create2,,data/safe_contracts/openzeppelin_all/utils_Create2.sol,,openzeppelin,False,False,False,False,False,False,False,False,False,False,False,False,False,False,False,False,False,False,False,False,False,False,False,False,False,0,0,0,0,0,0,0,0,0,0,1,0,0.0,0,0,0.0,0,0,0,0,0,0,0,0,0,0,0,0.0,0.0,0.0,0.0,False,simple,0,IMPORT_ERROR,"File not found: Invalid compilation: 
Invalid solc compilation Error: Source ""data/safe_contracts/openzeppelin_all/Errors.sol"" not found: File not found. Searched the following locations: """".
 --> data/safe_contracts/openzeppelin_all/utils_Create2.sol:6:1:
  |
6 | import {Errors} from ""./Errors.sol"";
  | ^^^^^^^^^^^^^^^^^^^^^^^^^^^^^^^^^^^^

Error: Source ""data/safe_contracts/openzeppelin_all/LowLevelCall.sol"" not found: File not found. Searched the following locations: """".
 --> data/safe_contracts/openzeppelin_all/utils_Create2.sol:7:1:
  |
7 | import {LowLevelCall} from ""./LowLevelCall.sol"";
  | ^^^^^^^^^^^^^^^^^^^^^^^^^^^^^^^^^^^^^^^^^^^^^^^^

",0,0,0,0,0.0,False,0,0,0,0,0,0,0.0,False,0,0,0.0,0,0,0,False,0,0,0.0,0
3474,oz_mocks_token_ERC20ApprovalMock,,data/safe_contracts/openzeppelin_all/mocks_token_ERC20ApprovalMock.sol,,openzeppelin,False,False,False,False,False,False,False,False,False,False,False,False,False,False,False,False,False,False,False,False,False,False,False,False,False,0,0,0,0,0,0,0,0,0,0,1,0,0.0,0,0,0.0,0,0,0,0,0,0,0,0,0,0,0,0.0,0.0,0.0,0.0,False,simple,0,IMPORT_ERROR,"File not found: Invalid compilation: 
Invalid solc compilation Error: Source ""data/token/ERC20/ERC20.sol"" not found: File not found. Searched the following locations: """".
 --> data/safe_contracts/openzeppelin_all/mocks_token_ERC20ApprovalMock.sol:4:1:
  |
4 | import {ERC20} from ""../../token/ERC20/ERC20.sol"";
  | ^^^^^^^^^^^^^^^^^^^^^^^^^^^^^^^^^^^^^^^^^^^^^^^^^^

",0,0,0,0,0.0,False,0,0,0,0,0,0,0.0,False,0,0,0.0,0,0,0,False,0,0,0.0,0
3475,oz_mocks_TransientSlotMock,,data/safe_contracts/openzeppelin_all/mocks_TransientSlotMock.sol,,openzeppelin,False,False,False,False,False,False,False,False,False,False,False,False,False,False,False,False,False,False,False,False,False,False,False,False,False,0,0,0,0,0,0,0,0,0,0,1,0,0.0,0,0,0.0,0,0,0,0,0,0,0,0,0,0,0,0.0,0.0,0.0,0.0,False,simple,0,IMPORT_ERROR,"File not found: Invalid compilation: 
Invalid solc compilation Error: Source ""data/safe_contracts/utils/Multicall.sol"" not found: File not found. Searched the following locations: """".
 --> data/safe_contracts/openzeppelin_all/mocks_TransientSlotMock.sol:6:1:
  |
6 | import {Multicall} from ""../utils/Multicall.sol"";
  | ^^^^^^^^^^^^^^^^^^^^^^^^^^^^^^^^^^^^^^^^^^^^^^^^^

Error: Source ""data/safe_contracts/utils/TransientSlot.sol"" not found: File not found. Searched the following locations: """".
 --> data/safe_contracts/openzeppelin_all/mocks_TransientSlotMock.sol:7:1:
  |
7 | import {TransientSlot} from ""../utils/TransientSlot.sol"";
  | ^^^^^^^^^^^^^^^^^^^^^^^^^^^^^^^^^^^^^^^^^^^^^^^^^^^^^^^^^

",0,0,0,0,0.0,False,0,0,0,0,0,0,0.0,False,0,0,0.0,0,0,0,False,0,0,0.0,0
3476,oz_metatx_ERC2771Forwarder,,data/safe_contracts/openzeppelin_all/metatx_ERC2771Forwarder.sol,,openzeppelin,False,False,False,False,False,False,False,False,False,False,False,False,False,False,False,False,False,False,False,False,False,False,False,False,False,0,0,0,0,0,0,0,0,0,0,1,0,0.0,0,0,0.0,0,0,0,0,0,0,0,0,0,0,0,0.0,0.0,0.0,0.0,False,simple,0,IMPORT_ERROR,"File not found: Invalid compilation: 
Invalid solc compilation Error: Source ""data/safe_contracts/openzeppelin_all/ERC2771Context.sol"" not found: File not found. Searched the following locations: """".
 --> data/safe_contracts/openzeppelin_all/metatx_ERC2771Forwarder.sol:6:1:
  |
6 | import {ERC2771Context} from ""./ERC2771Context.sol"";
  | ^^^^^^^^^^^^^^^^^^^^^^^^^^^^^^^^^^^^^^^^^^^^^^^^^^^^

Error: Source ""data/safe_contracts/utils/cryptography/ECDSA.sol"" not found: File not found. Searched the following locations: """".
 --> data/safe_contracts/openzeppelin_all/metatx_ERC2771Forwarder.sol:7:1:
  |
7 | import {ECDSA} from ""../utils/cryptography/ECDSA.sol"";
  | ^^^^^^^^^^^^^^^^^^^^^^^^^^^^^^^^^^^^^^^^^^^^^^^^^^^^^^

Error: Source ""data/safe_contracts/utils/cryptography/EIP712.sol"" not found: File not found. Searched the following locations: """".
 --> data/safe_contracts/openzeppelin_all/metatx_ERC2771Forwarder.sol:8:1:
  |
8 | import {EIP712} from ""../utils/cryptography/EIP712.sol"";
  | ^^^^^^^^^^^^^^^^^^^^^^^^^^^^^^^^^^^^^^^^^^^^^^^^^^^^^^^^

Error: Source ""data/safe_contracts/utils/Nonces.sol"" not found: File not found. Searched the following locations: """".
 --> data/safe_contracts/openzeppelin_all/metatx_ERC2771Forwarder.sol:9:1:
  |
9 | import {Nonces} from ""../utils/Nonces.sol"";
  | ^^^^^^^^^^^^^^^^^^^^^^^^^^^^^^^^^^^^^^^^^^^

Error: Source ""data/safe_contracts/utils/Address.sol"" not found: File not found. Searched the following locations: """".
  --> data/safe_contracts/openzeppelin_all/metatx_ERC2771Forwarder.sol:10:1:
   |
10 | import {Address} from ""../utils/Address.sol"";
   | ^^^^^^^^^^^^^^^^^^^^^^^^^^^^^^^^^^^^^^^^^^^^^

Error: Source ""data/safe_contracts/utils/Errors.sol"" not found: File not found. Searched the following locations: """".
  --> data/safe_contracts/openzeppelin_all/metatx_ERC2771Forwarder.sol:11:1:
   |
11 | import {Errors} from ""../utils/Errors.sol"";
   | ^^^^^^^^^^^^^^^^^^^^^^^^^^^^^^^^^^^^^^^^^^^

",0,0,0,0,0.0,False,0,0,0,0,0,0,0.0,False,0,0,0.0,0,0,0,False,0,0,0.0,0
3477,oz_interfaces_IERC1363Spender,,data/safe_contracts/openzeppelin_all/interfaces_IERC1363Spender.sol,,openzeppelin,False,False,False,False,False,False,False,False,False,False,False,False,False,False,False,False,False,False,False,False,False,False,True,False,False,0,0,2,1,0,0,0,1,0,24,1,1,1.0,0,20,0.8333333333333334,0,0,0,0,2,0,0,0,0,1,1,0.0,0.0,2.0,4.0,False,simple,0,,,0,0,0,0,0.0,False,0,0,1,0,0,0,0.0,False,1,0,0.0,1,0,0,False,0,3,0.0,1
3478,oz_interfaces_IERC1271,,data/safe_contracts/openzeppelin_all/interfaces_IERC1271.sol,,openzeppelin,False,False,False,False,False,False,False,False,False,False,False,False,False,False,False,False,False,False,False,False,False,False,True,False,False,0,0,2,1,0,0,0,1,0,15,1,1,1.0,0,11,0.7333333333333333,0,0,0,0,2,0,0,0,0,1,1,0.0,0.0,2.0,4.0,False,simple,0,,,0,0,0,0,0.0,False,0,0,1,0,0,0,0.0,False,1,0,0.0,1,0,0,False,0,2,0.0,1
3479,oz_mocks_governance_GovernorTimelockCompoundMock,,data/safe_contracts/openzeppelin_all/mocks_governance_GovernorTimelockCompoundMock.sol,,openzeppelin,False,False,False,False,False,False,False,False,False,False,False,False,False,False,False,False,False,False,False,False,False,False,False,False,False,0,0,0,0,0,0,0,0,0,0,1,0,0.0,0,0,0.0,0,0,0,0,0,0,0,0,0,0,0,0.0,0.0,0.0,0.0,False,simple,0,IMPORT_ERROR,"File not found: Invalid compilation: 
Invalid solc compilation Error: Source ""data/governance/Governor.sol"" not found: File not found. Searched the following locations: """".
 --> data/safe_contracts/openzeppelin_all/mocks_governance_GovernorTimelockCompoundMock.sol:5:1:
  |
5 | import {Governor} from ""../../governance/Governor.sol"";
  | ^^^^^^^^^^^^^^^^^^^^^^^^^^^^^^^^^^^^^^^^^^^^^^^^^^^^^^^

Error: Source ""data/governance/extensions/GovernorTimelockCompound.sol"" not found: File not found. Searched the following locations: """".
 --> data/safe_contracts/openzeppelin_all/mocks_governance_GovernorTimelockCompoundMock.sol:6:1:
  |
6 | import {GovernorTimelockCompound} from ""../../governance/extensions/GovernorTimelockCompound.sol"";
  | ^^^^^^^^^^^^^^^^^^^^^^^^^^^^^^^^^^^^^^^^^^^^^^^^^^^^^^^^^^^^^^^^^^^^^^^^^^^^^^^^^^^^^^^^^^^^^^^^^^

Error: Source ""data/governance/extensions/GovernorSettings.sol"" not found: File not found. Searched the following locations: """".
 --> data/safe_contracts/openzeppelin_all/mocks_governance_GovernorTimelockCompoundMock.sol:7:1:
  |
7 | import {GovernorSettings} from ""../../governance/extensions/GovernorSettings.sol"";
  | ^^^^^^^^^^^^^^^^^^^^^^^^^^^^^^^^^^^^^^^^^^^^^^^^^^^^^^^^^^^^^^^^^^^^^^^^^^^^^^^^^^

Error: Source ""data/governance/extensions/GovernorCountingSimple.sol"" not found: File not found. Searched the following locations: """".
 --> data/safe_contracts/openzeppelin_all/mocks_governance_GovernorTimelockCompoundMock.sol:8:1:
  |
8 | import {GovernorCountingSimple} from ""../../governance/extensions/GovernorCountingSimple.sol"";
  | ^^^^^^^^^^^^^^^^^^^^^^^^^^^^^^^^^^^^^^^^^^^^^^^^^^^^^^^^^^^^^^^^^^^^^^^^^^^^^^^^^^^^^^^^^^^^^^

Error: Source ""data/governance/extensions/GovernorVotesQuorumFraction.sol"" not found: File not found. Searched the following locations: """".
 --> data/safe_contracts/openzeppelin_all/mocks_governance_GovernorTimelockCompoundMock.sol:9:1:
  |
9 | import {GovernorVotesQuorumFraction} from ""../../governance/extensions/Gove",0,0,0,0,0.0,False,0,0,0,0,0,0,0.0,False,0,0,0.0,0,0,0,False,0,0,0.0,0
3480,oz_proxy_ERC1967_ERC1967Utils,,data/safe_contracts/openzeppelin_all/proxy_ERC1967_ERC1967Utils.sol,,openzeppelin,False,False,False,False,False,False,False,False,False,False,False,False,False,False,False,False,False,False,False,False,False,False,False,False,False,0,0,0,0,0,0,0,0,0,0,1,0,0.0,0,0,0.0,0,0,0,0,0,0,0,0,0,0,0,0.0,0.0,0.0,0.0,False,simple,0,IMPORT_ERROR,"File not found: Invalid compilation: 
Invalid solc compilation Error: Source ""data/safe_contracts/beacon/IBeacon.sol"" not found: File not found. Searched the following locations: """".
 --> data/safe_contracts/openzeppelin_all/proxy_ERC1967_ERC1967Utils.sol:6:1:
  |
6 | import {IBeacon} from ""../beacon/IBeacon.sol"";
  | ^^^^^^^^^^^^^^^^^^^^^^^^^^^^^^^^^^^^^^^^^^^^^^

Error: Source ""data/interfaces/IERC1967.sol"" not found: File not found. Searched the following locations: """".
 --> data/safe_contracts/openzeppelin_all/proxy_ERC1967_ERC1967Utils.sol:7:1:
  |
7 | import {IERC1967} from ""../../interfaces/IERC1967.sol"";
  | ^^^^^^^^^^^^^^^^^^^^^^^^^^^^^^^^^^^^^^^^^^^^^^^^^^^^^^^

Error: Source ""data/utils/Address.sol"" not found: File not found. Searched the following locations: """".
 --> data/safe_contracts/openzeppelin_all/proxy_ERC1967_ERC1967Utils.sol:8:1:
  |
8 | import {Address} from ""../../utils/Address.sol"";
  | ^^^^^^^^^^^^^^^^^^^^^^^^^^^^^^^^^^^^^^^^^^^^^^^^

Error: Source ""data/utils/StorageSlot.sol"" not found: File not found. Searched the following locations: """".
 --> data/safe_contracts/openzeppelin_all/proxy_ERC1967_ERC1967Utils.sol:9:1:
  |
9 | import {StorageSlot} from ""../../utils/StorageSlot.sol"";
  | ^^^^^^^^^^^^^^^^^^^^^^^^^^^^^^^^^^^^^^^^^^^^^^^^^^^^^^^^

",0,0,0,0,0.0,False,0,0,0,0,0,0,0.0,False,0,0,0.0,0,0,0,False,0,0,0.0,0
3481,oz_mocks_UpgradeableBeaconMock,,data/safe_contracts/openzeppelin_all/mocks_UpgradeableBeaconMock.sol,,openzeppelin,False,False,False,False,False,False,False,False,False,False,False,False,False,False,False,False,False,False,False,False,False,False,False,False,False,0,0,0,0,0,0,0,0,0,0,1,0,0.0,0,0,0.0,0,0,0,0,0,0,0,0,0,0,0,0.0,0.0,0.0,0.0,False,simple,0,IMPORT_ERROR,"File not found: Invalid compilation: 
Invalid solc compilation Error: Source ""data/safe_contracts/proxy/beacon/IBeacon.sol"" not found: File not found. Searched the following locations: """".
 --> data/safe_contracts/openzeppelin_all/mocks_UpgradeableBeaconMock.sol:4:1:
  |
4 | import {IBeacon} from ""../proxy/beacon/IBeacon.sol"";
  | ^^^^^^^^^^^^^^^^^^^^^^^^^^^^^^^^^^^^^^^^^^^^^^^^^^^^

",0,0,0,0,0.0,False,0,0,0,0,0,0,0.0,False,0,0,0.0,0,0,0,False,0,0,0.0,0
3482,oz_mocks_docs_AccessManagerEnumerable,,data/safe_contracts/openzeppelin_all/mocks_docs_AccessManagerEnumerable.sol,,openzeppelin,False,False,False,False,False,False,False,False,False,False,False,False,False,False,False,False,False,False,False,False,False,False,False,False,False,0,0,0,0,0,0,0,0,0,0,1,0,0.0,0,0,0.0,0,0,0,0,0,0,0,0,0,0,0,0.0,0.0,0.0,0.0,False,simple,0,IMPORT_ERROR,"File not found: Invalid compilation: 
Invalid solc compilation Error: Source ""data/access/manager/AccessManager.sol"" not found: File not found. Searched the following locations: """".
 --> data/safe_contracts/openzeppelin_all/mocks_docs_AccessManagerEnumerable.sol:5:1:
  |
5 | import {AccessManager} from ""../../access/manager/AccessManager.sol"";
  | ^^^^^^^^^^^^^^^^^^^^^^^^^^^^^^^^^^^^^^^^^^^^^^^^^^^^^^^^^^^^^^^^^^^^^

Error: Source ""data/utils/structs/EnumerableSet.sol"" not found: File not found. Searched the following locations: """".
 --> data/safe_contracts/openzeppelin_all/mocks_docs_AccessManagerEnumerable.sol:6:1:
  |
6 | import {EnumerableSet} from ""../../utils/structs/EnumerableSet.sol"";
  | ^^^^^^^^^^^^^^^^^^^^^^^^^^^^^^^^^^^^^^^^^^^^^^^^^^^^^^^^^^^^^^^^^^^^

",0,0,0,0,0.0,False,0,0,0,0,0,0,0.0,False,0,0,0.0,0,0,0,False,0,0,0.0,0
3483,oz_mocks_proxy_ERC1967ProxyUnsafe,,data/safe_contracts/openzeppelin_all/mocks_proxy_ERC1967ProxyUnsafe.sol,,openzeppelin,False,False,False,False,False,False,False,False,False,False,False,False,False,False,False,False,False,False,False,False,False,False,False,False,False,0,0,0,0,0,0,0,0,0,0,1,0,0.0,0,0,0.0,0,0,0,0,0,0,0,0,0,0,0,0.0,0.0,0.0,0.0,False,simple,0,IMPORT_ERROR,"File not found: Invalid compilation: 
Invalid solc compilation Error: Source ""data/proxy/ERC1967/ERC1967Proxy.sol"" not found: File not found. Searched the following locations: """".
 --> data/safe_contracts/openzeppelin_all/mocks_proxy_ERC1967ProxyUnsafe.sol:5:1:
  |
5 | import {ERC1967Proxy} from ""../../proxy/ERC1967/ERC1967Proxy.sol"";
  | ^^^^^^^^^^^^^^^^^^^^^^^^^^^^^^^^^^^^^^^^^^^^^^^^^^^^^^^^^^^^^^^^^^

",0,0,0,0,0.0,False,0,0,0,0,0,0,0.0,False,0,0,0.0,0,0,0,False,0,0,0.0,0
3484,oz_mocks_docs_access-control_AccessControlERC20MintOnlyRole,,data/safe_contracts/openzeppelin_all/mocks_docs_access-control_AccessControlERC20MintOnlyRole.sol,,openzeppelin,False,False,False,False,False,False,False,False,False,False,False,False,False,False,False,False,False,False,False,False,False,False,False,False,False,0,0,0,0,0,0,0,0,0,0,1,0,0.0,0,0,0.0,0,0,0,0,0,0,0,0,0,0,0,0.0,0.0,0.0,0.0,False,simple,0,IMPORT_ERROR,"File not found: Invalid compilation: 
Invalid solc compilation Error: Source ""access/AccessControl.sol"" not found: File not found. Searched the following locations: """".
 --> data/safe_contracts/openzeppelin_all/mocks_docs_access-control_AccessControlERC20MintOnlyRole.sol:4:1:
  |
4 | import {AccessControl} from ""../../../access/AccessControl.sol"";
  | ^^^^^^^^^^^^^^^^^^^^^^^^^^^^^^^^^^^^^^^^^^^^^^^^^^^^^^^^^^^^^^^^

Error: Source ""token/ERC20/ERC20.sol"" not found: File not found. Searched the following locations: """".
 --> data/safe_contracts/openzeppelin_all/mocks_docs_access-control_AccessControlERC20MintOnlyRole.sol:5:1:
  |
5 | import {ERC20} from ""../../../token/ERC20/ERC20.sol"";
  | ^^^^^^^^^^^^^^^^^^^^^^^^^^^^^^^^^^^^^^^^^^^^^^^^^^^^^

",0,0,0,0,0.0,False,0,0,0,0,0,0,0.0,False,0,0,0.0,0,0,0,False,0,0,0.0,0
3485,oz_mocks_token_ERC20ForceApproveMock,,data/safe_contracts/openzeppelin_all/mocks_token_ERC20ForceApproveMock.sol,,openzeppelin,False,False,False,False,False,False,False,False,False,False,False,False,False,False,False,False,False,False,False,False,False,False,False,False,False,0,0,0,0,0,0,0,0,0,0,1,0,0.0,0,0,0.0,0,0,0,0,0,0,0,0,0,0,0,0.0,0.0,0.0,0.0,False,simple,0,IMPORT_ERROR,"File not found: Invalid compilation: 
Invalid solc compilation Error: Source ""data/token/ERC20/ERC20.sol"" not found: File not found. Searched the following locations: """".
 --> data/safe_contracts/openzeppelin_all/mocks_token_ERC20ForceApproveMock.sol:5:1:
  |
5 | import {ERC20} from ""../../token/ERC20/ERC20.sol"";
  | ^^^^^^^^^^^^^^^^^^^^^^^^^^^^^^^^^^^^^^^^^^^^^^^^^^

",0,0,0,0,0.0,False,0,0,0,0,0,0,0.0,False,0,0,0.0,0,0,0,False,0,0,0.0,0
3486,oz_governance_extensions_GovernorSuperQuorum,,data/safe_contracts/openzeppelin_all/governance_extensions_GovernorSuperQuorum.sol,,openzeppelin,False,False,False,False,False,False,False,False,False,False,False,False,False,False,False,False,False,False,False,False,False,False,False,False,False,0,0,0,0,0,0,0,0,0,0,1,0,0.0,0,0,0.0,0,0,0,0,0,0,0,0,0,0,0,0.0,0.0,0.0,0.0,False,simple,0,IMPORT_ERROR,"File not found: Invalid compilation: 
Invalid solc compilation Error: Source ""data/safe_contracts/Governor.sol"" not found: File not found. Searched the following locations: """".
 --> data/safe_contracts/openzeppelin_all/governance_extensions_GovernorSuperQuorum.sol:6:1:
  |
6 | import {Governor} from ""../Governor.sol"";
  | ^^^^^^^^^^^^^^^^^^^^^^^^^^^^^^^^^^^^^^^^^

",0,0,0,0,0.0,False,0,0,0,0,0,0,0.0,False,0,0,0.0,0,0,0,False,0,0,0.0,0
3487,oz_metatx_ERC2771Context,,data/safe_contracts/openzeppelin_all/metatx_ERC2771Context.sol,,openzeppelin,False,False,False,False,False,False,False,False,False,False,False,False,False,False,False,False,False,False,False,False,False,False,False,False,False,0,0,0,0,0,0,0,0,0,0,1,0,0.0,0,0,0.0,0,0,0,0,0,0,0,0,0,0,0,0.0,0.0,0.0,0.0,False,simple,0,IMPORT_ERROR,"File not found: Invalid compilation: 
Invalid solc compilation Error: Source ""data/safe_contracts/utils/Context.sol"" not found: File not found. Searched the following locations: """".
 --> data/safe_contracts/openzeppelin_all/metatx_ERC2771Context.sol:6:1:
  |
6 | import {Context} from ""../utils/Context.sol"";
  | ^^^^^^^^^^^^^^^^^^^^^^^^^^^^^^^^^^^^^^^^^^^^^

",0,0,0,0,0.0,False,0,0,0,0,0,0,0.0,False,0,0,0.0,0,0,0,False,0,0,0.0,0
3488,oz_proxy_transparent_ProxyAdmin,,data/safe_contracts/openzeppelin_all/proxy_transparent_ProxyAdmin.sol,,openzeppelin,False,False,False,False,False,False,False,False,False,False,False,False,False,False,False,False,False,False,False,False,False,False,False,False,False,0,0,0,0,0,0,0,0,0,0,1,0,0.0,0,0,0.0,0,0,0,0,0,0,0,0,0,0,0,0.0,0.0,0.0,0.0,False,simple,0,IMPORT_ERROR,"File not found: Invalid compilation: 
Invalid solc compilation Error: Source ""data/safe_contracts/openzeppelin_all/TransparentUpgradeableProxy.sol"" not found: File not found. Searched the following locations: """".
 --> data/safe_contracts/openzeppelin_all/proxy_transparent_ProxyAdmin.sol:6:1:
  |
6 | import {ITransparentUpgradeableProxy} from ""./TransparentUpgradeableProxy.sol"";
  | ^^^^^^^^^^^^^^^^^^^^^^^^^^^^^^^^^^^^^^^^^^^^^^^^^^^^^^^^^^^^^^^^^^^^^^^^^^^^^^^

Error: Source ""data/access/Ownable.sol"" not found: File not found. Searched the following locations: """".
 --> data/safe_contracts/openzeppelin_all/proxy_transparent_ProxyAdmin.sol:7:1:
  |
7 | import {Ownable} from ""../../access/Ownable.sol"";
  | ^^^^^^^^^^^^^^^^^^^^^^^^^^^^^^^^^^^^^^^^^^^^^^^^^

",0,0,0,0,0.0,False,0,0,0,0,0,0,0.0,False,0,0,0.0,0,0,0,False,0,0,0.0,0
3489,oz_access_extensions_IAccessControlDefaultAdminRules,,data/safe_contracts/openzeppelin_all/access_extensions_IAccessControlDefaultAdminRules.sol,,openzeppelin,False,False,False,False,False,False,False,False,False,False,False,False,False,False,False,False,False,False,False,False,False,False,False,False,False,0,0,0,0,0,0,0,0,0,0,1,0,0.0,0,0,0.0,0,0,0,0,0,0,0,0,0,0,0,0.0,0.0,0.0,0.0,False,simple,0,IMPORT_ERROR,"File not found: Invalid compilation: 
Invalid solc compilation Error: Source ""data/safe_contracts/IAccessControl.sol"" not found: File not found. Searched the following locations: """".
 --> data/safe_contracts/openzeppelin_all/access_extensions_IAccessControlDefaultAdminRules.sol:6:1:
  |
6 | import {IAccessControl} from ""../IAccessControl.sol"";
  | ^^^^^^^^^^^^^^^^^^^^^^^^^^^^^^^^^^^^^^^^^^^^^^^^^^^^^

",0,0,0,0,0.0,False,0,0,0,0,0,0,0.0,False,0,0,0.0,0,0,0,False,0,0,0.0,0
3490,oz_access_manager_IAuthority,,data/safe_contracts/openzeppelin_all/access_manager_IAuthority.sol,,openzeppelin,False,False,False,False,False,False,False,False,False,False,False,False,False,False,False,False,False,False,False,False,False,False,True,False,False,0,0,2,1,0,0,0,1,0,12,1,1,1.0,0,8,0.6666666666666666,0,0,0,0,2,0,0,0,0,1,1,0.0,0.0,2.0,4.0,False,simple,0,,,0,0,0,0,0.0,False,0,0,1,0,0,0,0.0,False,1,0,0.0,1,0,0,False,0,3,0.0,1
3491,oz_utils_introspection_ERC165,,data/safe_contracts/openzeppelin_all/utils_introspection_ERC165.sol,,openzeppelin,False,False,False,False,False,False,False,False,False,False,False,False,False,False,False,False,False,False,False,False,False,False,False,False,False,0,0,0,0,0,0,0,0,0,0,1,0,0.0,0,0,0.0,0,0,0,0,0,0,0,0,0,0,0,0.0,0.0,0.0,0.0,False,simple,0,IMPORT_ERROR,"File not found: Invalid compilation: 
Invalid solc compilation Error: Source ""data/safe_contracts/openzeppelin_all/IERC165.sol"" not found: File not found. Searched the following locations: """".
 --> data/safe_contracts/openzeppelin_all/utils_introspection_ERC165.sol:6:1:
  |
6 | import {IERC165} from ""./IERC165.sol"";
  | ^^^^^^^^^^^^^^^^^^^^^^^^^^^^^^^^^^^^^^

",0,0,0,0,0.0,False,0,0,0,0,0,0,0.0,False,0,0,0.0,0,0,0,False,0,0,0.0,0
3492,oz_mocks_token_ERC20Reentrant,,data/safe_contracts/openzeppelin_all/mocks_token_ERC20Reentrant.sol,,openzeppelin,False,False,False,False,False,False,False,False,False,False,False,False,False,False,False,False,False,False,False,False,False,False,False,False,False,0,0,0,0,0,0,0,0,0,0,1,0,0.0,0,0,0.0,0,0,0,0,0,0,0,0,0,0,0,0.0,0.0,0.0,0.0,False,simple,0,IMPORT_ERROR,"File not found: Invalid compilation: 
Invalid solc compilation Error: Source ""data/token/ERC20/ERC20.sol"" not found: File not found. Searched the following locations: """".
 --> data/safe_contracts/openzeppelin_all/mocks_token_ERC20Reentrant.sol:4:1:
  |
4 | import {ERC20} from ""../../token/ERC20/ERC20.sol"";
  | ^^^^^^^^^^^^^^^^^^^^^^^^^^^^^^^^^^^^^^^^^^^^^^^^^^

Error: Source ""data/utils/Address.sol"" not found: File not found. Searched the following locations: """".
 --> data/safe_contracts/openzeppelin_all/mocks_token_ERC20Reentrant.sol:5:1:
  |
5 | import {Address} from ""../../utils/Address.sol"";
  | ^^^^^^^^^^^^^^^^^^^^^^^^^^^^^^^^^^^^^^^^^^^^^^^^

",0,0,0,0,0.0,False,0,0,0,0,0,0,0.0,False,0,0,0.0,0,0,0,False,0,0,0.0,0
3493,oz_mocks_governance_GovernorVotesSuperQuorumFractionMock,,data/safe_contracts/openzeppelin_all/mocks_governance_GovernorVotesSuperQuorumFractionMock.sol,,openzeppelin,False,False,False,False,False,False,False,False,False,False,False,False,False,False,False,False,False,False,False,False,False,False,False,False,False,0,0,0,0,0,0,0,0,0,0,1,0,0.0,0,0,0.0,0,0,0,0,0,0,0,0,0,0,0,0.0,0.0,0.0,0.0,False,simple,0,IMPORT_ERROR,"File not found: Invalid compilation: 
Invalid solc compilation Error: Source ""data/governance/Governor.sol"" not found: File not found. Searched the following locations: """".
 --> data/safe_contracts/openzeppelin_all/mocks_governance_GovernorVotesSuperQuorumFractionMock.sol:5:1:
  |
5 | import {Governor} from ""../../governance/Governor.sol"";
  | ^^^^^^^^^^^^^^^^^^^^^^^^^^^^^^^^^^^^^^^^^^^^^^^^^^^^^^^

Error: Source ""data/governance/extensions/GovernorSettings.sol"" not found: File not found. Searched the following locations: """".
 --> data/safe_contracts/openzeppelin_all/mocks_governance_GovernorVotesSuperQuorumFractionMock.sol:6:1:
  |
6 | import {GovernorSettings} from ""../../governance/extensions/GovernorSettings.sol"";
  | ^^^^^^^^^^^^^^^^^^^^^^^^^^^^^^^^^^^^^^^^^^^^^^^^^^^^^^^^^^^^^^^^^^^^^^^^^^^^^^^^^^

Error: Source ""data/governance/extensions/GovernorSuperQuorum.sol"" not found: File not found. Searched the following locations: """".
 --> data/safe_contracts/openzeppelin_all/mocks_governance_GovernorVotesSuperQuorumFractionMock.sol:7:1:
  |
7 | import {GovernorSuperQuorum} from ""../../governance/extensions/GovernorSuperQuorum.sol"";
  | ^^^^^^^^^^^^^^^^^^^^^^^^^^^^^^^^^^^^^^^^^^^^^^^^^^^^^^^^^^^^^^^^^^^^^^^^^^^^^^^^^^^^^^^^

Error: Source ""data/governance/extensions/GovernorCountingSimple.sol"" not found: File not found. Searched the following locations: """".
 --> data/safe_contracts/openzeppelin_all/mocks_governance_GovernorVotesSuperQuorumFractionMock.sol:8:1:
  |
8 | import {GovernorCountingSimple} from ""../../governance/extensions/GovernorCountingSimple.sol"";
  | ^^^^^^^^^^^^^^^^^^^^^^^^^^^^^^^^^^^^^^^^^^^^^^^^^^^^^^^^^^^^^^^^^^^^^^^^^^^^^^^^^^^^^^^^^^^^^^

Error: Source ""data/governance/extensions/GovernorVotesSuperQuorumFraction.sol"" not found: File not found. Searched the following locations: """".
 --> data/safe_contracts/openzeppelin_all/mocks_governance_GovernorVotesSuperQuorumFractionMock.sol:9:1:
  |
9 | import {GovernorVotesSuperQuorumFraction} from ""../../g",0,0,0,0,0.0,False,0,0,0,0,0,0,0.0,False,0,0,0.0,0,0,0,False,0,0,0.0,0
3494,oz_utils_cryptography_MessageHashUtils,,data/safe_contracts/openzeppelin_all/utils_cryptography_MessageHashUtils.sol,,openzeppelin,False,False,False,False,False,False,False,False,False,False,False,False,False,False,False,False,False,False,False,False,False,False,False,False,False,0,0,0,0,0,0,0,0,0,0,1,0,0.0,0,0,0.0,0,0,0,0,0,0,0,0,0,0,0,0.0,0.0,0.0,0.0,False,simple,0,IMPORT_ERROR,"File not found: Invalid compilation: 
Invalid solc compilation Error: Source ""data/safe_contracts/Strings.sol"" not found: File not found. Searched the following locations: """".
 --> data/safe_contracts/openzeppelin_all/utils_cryptography_MessageHashUtils.sol:6:1:
  |
6 | import {Strings} from ""../Strings.sol"";
  | ^^^^^^^^^^^^^^^^^^^^^^^^^^^^^^^^^^^^^^^

",0,0,0,0,0.0,False,0,0,0,0,0,0,0.0,False,0,0,0.0,0,0,0,False,0,0,0.0,0
3495,oz_mocks_ContextMock,,data/safe_contracts/openzeppelin_all/mocks_ContextMock.sol,,openzeppelin,False,False,False,False,False,False,False,False,False,False,False,False,False,False,False,False,False,False,False,False,False,False,False,False,False,0,0,0,0,0,0,0,0,0,0,1,0,0.0,0,0,0.0,0,0,0,0,0,0,0,0,0,0,0,0.0,0.0,0.0,0.0,False,simple,0,IMPORT_ERROR,"File not found: Invalid compilation: 
Invalid solc compilation Error: Source ""data/safe_contracts/utils/Context.sol"" not found: File not found. Searched the following locations: """".
 --> data/safe_contracts/openzeppelin_all/mocks_ContextMock.sol:5:1:
  |
5 | import {Context} from ""../utils/Context.sol"";
  | ^^^^^^^^^^^^^^^^^^^^^^^^^^^^^^^^^^^^^^^^^^^^^

",0,0,0,0,0.0,False,0,0,0,0,0,0,0.0,False,0,0,0.0,0,0,0,False,0,0,0.0,0
3496,oz_mocks_AccessManagedTarget,,data/safe_contracts/openzeppelin_all/mocks_AccessManagedTarget.sol,,openzeppelin,False,False,False,False,False,False,False,False,False,False,False,False,False,False,False,False,False,False,False,False,False,False,False,False,False,0,0,0,0,0,0,0,0,0,0,1,0,0.0,0,0,0.0,0,0,0,0,0,0,0,0,0,0,0,0.0,0.0,0.0,0.0,False,simple,0,IMPORT_ERROR,"File not found: Invalid compilation: 
Invalid solc compilation Error: Source ""data/safe_contracts/access/manager/AccessManaged.sol"" not found: File not found. Searched the following locations: """".
 --> data/safe_contracts/openzeppelin_all/mocks_AccessManagedTarget.sol:5:1:
  |
5 | import {AccessManaged} from ""../access/manager/AccessManaged.sol"";
  | ^^^^^^^^^^^^^^^^^^^^^^^^^^^^^^^^^^^^^^^^^^^^^^^^^^^^^^^^^^^^^^^^^^

Error: Source ""data/safe_contracts/utils/StorageSlot.sol"" not found: File not found. Searched the following locations: """".
 --> data/safe_contracts/openzeppelin_all/mocks_AccessManagedTarget.sol:6:1:
  |
6 | import {StorageSlot} from ""../utils/StorageSlot.sol"";
  | ^^^^^^^^^^^^^^^^^^^^^^^^^^^^^^^^^^^^^^^^^^^^^^^^^^^^^

",0,0,0,0,0.0,False,0,0,0,0,0,0,0.0,False,0,0,0.0,0,0,0,False,0,0,0.0,0
3497,oz_interfaces_IERC1820Registry,,data/safe_contracts/openzeppelin_all/interfaces_IERC1820Registry.sol,,openzeppelin,False,False,False,False,False,False,False,False,False,False,False,False,False,False,False,False,False,False,False,False,False,False,True,False,False,0,0,2,8,0,0,0,1,0,101,1,1,1.0,0,88,0.8712871287128713,0,0,0,0,2,0,0,0,0,1,1,0.0,0.0,2.0,4.0,False,simple,0,,,0,0,0,0,0.0,False,0,0,8,0,0,0,0.0,False,8,0,0.0,8,0,0,False,0,15,0.0,8
3498,oz_governance_extensions_GovernorCountingSimple,,data/safe_contracts/openzeppelin_all/governance_extensions_GovernorCountingSimple.sol,,openzeppelin,False,False,False,False,False,False,False,False,False,False,False,False,False,False,False,False,False,False,False,False,False,False,False,False,False,0,0,0,0,0,0,0,0,0,0,1,0,0.0,0,0,0.0,0,0,0,0,0,0,0,0,0,0,0,0.0,0.0,0.0,0.0,False,simple,0,IMPORT_ERROR,"File not found: Invalid compilation: 
Invalid solc compilation Error: Source ""data/safe_contracts/Governor.sol"" not found: File not found. Searched the following locations: """".
 --> data/safe_contracts/openzeppelin_all/governance_extensions_GovernorCountingSimple.sol:6:1:
  |
6 | import {IGovernor, Governor} from ""../Governor.sol"";
  | ^^^^^^^^^^^^^^^^^^^^^^^^^^^^^^^^^^^^^^^^^^^^^^^^^^^^

",0,0,0,0,0.0,False,0,0,0,0,0,0,0.0,False,0,0,0.0,0,0,0,False,0,0,0.0,0
3499,oz_utils_TransientSlot,,data/safe_contracts/openzeppelin_all/utils_TransientSlot.sol,,openzeppelin,False,False,False,False,False,False,False,False,False,False,False,False,False,False,False,False,False,False,False,False,False,False,False,False,False,0,0,0,0,0,0,0,0,0,0,1,0,0.0,0,0,0.0,0,0,0,0,0,0,0,0,0,0,0,0.0,0.0,0.0,0.0,False,simple,0,COMPILATION_ERROR,Compilation error: unresolved reference to identifier tload,0,0,0,0,0.0,False,0,0,0,0,0,0,0.0,False,0,0,0.0,0,0,0,False,0,0,0.0,0
3500,oz_token_ERC721_extensions_ERC721Wrapper,,data/safe_contracts/openzeppelin_all/token_ERC721_extensions_ERC721Wrapper.sol,,openzeppelin,False,False,False,False,False,False,False,False,False,False,False,False,False,False,False,False,False,False,False,False,False,False,False,False,False,0,0,0,0,0,0,0,0,0,0,1,0,0.0,0,0,0.0,0,0,0,0,0,0,0,0,0,0,0,0.0,0.0,0.0,0.0,False,simple,0,IMPORT_ERROR,"File not found: Invalid compilation: 
Invalid solc compilation Error: Source ""data/safe_contracts/ERC721.sol"" not found: File not found. Searched the following locations: """".
 --> data/safe_contracts/openzeppelin_all/token_ERC721_extensions_ERC721Wrapper.sol:6:1:
  |
6 | import {IERC721, ERC721} from ""../ERC721.sol"";
  | ^^^^^^^^^^^^^^^^^^^^^^^^^^^^^^^^^^^^^^^^^^^^^^

Error: Source ""data/safe_contracts/IERC721Receiver.sol"" not found: File not found. Searched the following locations: """".
 --> data/safe_contracts/openzeppelin_all/token_ERC721_extensions_ERC721Wrapper.sol:7:1:
  |
7 | import {IERC721Receiver} from ""../IERC721Receiver.sol"";
  | ^^^^^^^^^^^^^^^^^^^^^^^^^^^^^^^^^^^^^^^^^^^^^^^^^^^^^^^

",0,0,0,0,0.0,False,0,0,0,0,0,0,0.0,False,0,0,0.0,0,0,0,False,0,0,0.0,0
3501,oz_interfaces_IERC7751,,data/safe_contracts/openzeppelin_all/interfaces_IERC7751.sol,,openzeppelin,False,False,False,False,False,False,False,False,False,False,False,False,False,False,False,False,False,False,False,False,False,False,True,False,False,0,0,2,0,0,0,0,0,0,10,1,1,0.0,0,6,0.6,0,0,0,0,2,0,0,0,0,1,1,0.0,0.0,2.0,4.0,False,simple,0,,,0,0,0,0,0.0,False,0,0,0,0,0,0,0.0,False,0,0,0.0,0,0,0,False,0,0,0.0,0
3502,oz_mocks_crosschain_ERC7786RecipientMock,,data/safe_contracts/openzeppelin_all/mocks_crosschain_ERC7786RecipientMock.sol,,openzeppelin,False,False,False,False,False,False,False,False,False,False,False,False,False,False,False,False,False,False,False,False,False,False,False,False,False,0,0,0,0,0,0,0,0,0,0,1,0,0.0,0,0,0.0,0,0,0,0,0,0,0,0,0,0,0,0.0,0.0,0.0,0.0,False,simple,0,IMPORT_ERROR,"File not found: Invalid compilation: 
Invalid solc compilation Error: Source ""data/crosschain/ERC7786Recipient.sol"" not found: File not found. Searched the following locations: """".
 --> data/safe_contracts/openzeppelin_all/mocks_crosschain_ERC7786RecipientMock.sol:5:1:
  |
5 | import {ERC7786Recipient} from ""../../crosschain/ERC7786Recipient.sol"";
  | ^^^^^^^^^^^^^^^^^^^^^^^^^^^^^^^^^^^^^^^^^^^^^^^^^^^^^^^^^^^^^^^^^^^^^^^

",0,0,0,0,0.0,False,0,0,0,0,0,0,0.0,False,0,0,0.0,0,0,0,False,0,0,0.0,0
3503,oz_access_manager_AuthorityUtils,,data/safe_contracts/openzeppelin_all/access_manager_AuthorityUtils.sol,,openzeppelin,False,False,False,False,False,False,False,False,False,False,False,False,False,False,False,False,False,False,False,False,False,False,False,False,False,0,0,0,0,0,0,0,0,0,0,1,0,0.0,0,0,0.0,0,0,0,0,0,0,0,0,0,0,0,0.0,0.0,0.0,0.0,False,simple,0,IMPORT_ERROR,"File not found: Invalid compilation: 
Invalid solc compilation Error: Source ""data/safe_contracts/openzeppelin_all/IAuthority.sol"" not found: File not found. Searched the following locations: """".
 --> data/safe_contracts/openzeppelin_all/access_manager_AuthorityUtils.sol:6:1:
  |
6 | import {IAuthority} from ""./IAuthority.sol"";
  | ^^^^^^^^^^^^^^^^^^^^^^^^^^^^^^^^^^^^^^^^^^^^

",0,0,0,0,0.0,False,0,0,0,0,0,0,0.0,False,0,0,0.0,0,0,0,False,0,0,0.0,0
3504,oz_utils_structs_EnumerableSet,,data/safe_contracts/openzeppelin_all/utils_structs_EnumerableSet.sol,,openzeppelin,False,False,False,False,False,False,False,False,False,False,False,False,False,False,False,False,False,False,False,False,False,False,False,False,False,0,0,0,0,0,0,0,0,0,0,1,0,0.0,0,0,0.0,0,0,0,0,0,0,0,0,0,0,0,0.0,0.0,0.0,0.0,False,simple,0,IMPORT_ERROR,"File not found: Invalid compilation: 
Invalid solc compilation Error: Source ""data/safe_contracts/Arrays.sol"" not found: File not found. Searched the following locations: """".
 --> data/safe_contracts/openzeppelin_all/utils_structs_EnumerableSet.sol:7:1:
  |
7 | import {Arrays} from ""../Arrays.sol"";
  | ^^^^^^^^^^^^^^^^^^^^^^^^^^^^^^^^^^^^^

Error: Source ""data/safe_contracts/math/Math.sol"" not found: File not found. Searched the following locations: """".
 --> data/safe_contracts/openzeppelin_all/utils_structs_EnumerableSet.sol:8:1:
  |
8 | import {Math} from ""../math/Math.sol"";
  | ^^^^^^^^^^^^^^^^^^^^^^^^^^^^^^^^^^^^^^

",0,0,0,0,0.0,False,0,0,0,0,0,0,0.0,False,0,0,0.0,0,0,0,False,0,0,0.0,0
3505,oz_mocks_governance_GovernorCountingOverridableMock,,data/safe_contracts/openzeppelin_all/mocks_governance_GovernorCountingOverridableMock.sol,,openzeppelin,False,False,False,False,False,False,False,False,False,False,False,False,False,False,False,False,False,False,False,False,False,False,False,False,False,0,0,0,0,0,0,0,0,0,0,1,0,0.0,0,0,0.0,0,0,0,0,0,0,0,0,0,0,0,0.0,0.0,0.0,0.0,False,simple,0,IMPORT_ERROR,"File not found: Invalid compilation: 
Invalid solc compilation Error: Source ""data/governance/Governor.sol"" not found: File not found. Searched the following locations: """".
 --> data/safe_contracts/openzeppelin_all/mocks_governance_GovernorCountingOverridableMock.sol:5:1:
  |
5 | import {Governor} from ""../../governance/Governor.sol"";
  | ^^^^^^^^^^^^^^^^^^^^^^^^^^^^^^^^^^^^^^^^^^^^^^^^^^^^^^^

Error: Source ""data/governance/extensions/GovernorSettings.sol"" not found: File not found. Searched the following locations: """".
 --> data/safe_contracts/openzeppelin_all/mocks_governance_GovernorCountingOverridableMock.sol:6:1:
  |
6 | import {GovernorSettings} from ""../../governance/extensions/GovernorSettings.sol"";
  | ^^^^^^^^^^^^^^^^^^^^^^^^^^^^^^^^^^^^^^^^^^^^^^^^^^^^^^^^^^^^^^^^^^^^^^^^^^^^^^^^^^

Error: Source ""data/governance/extensions/GovernorVotesQuorumFraction.sol"" not found: File not found. Searched the following locations: """".
 --> data/safe_contracts/openzeppelin_all/mocks_governance_GovernorCountingOverridableMock.sol:7:1:
  |
7 | import {GovernorVotesQuorumFraction} from ""../../governance/extensions/GovernorVotesQuorumFraction.sol"";
  | ^^^^^^^^^^^^^^^^^^^^^^^^^^^^^^^^^^^^^^^^^^^^^^^^^^^^^^^^^^^^^^^^^^^^^^^^^^^^^^^^^^^^^^^^^^^^^^^^^^^^^^^^

Error: Source ""data/governance/extensions/GovernorCountingOverridable.sol"" not found: File not found. Searched the following locations: """".
 --> data/safe_contracts/openzeppelin_all/mocks_governance_GovernorCountingOverridableMock.sol:8:1:
  |
8 | import {GovernorCountingOverridable} from ""../../governance/extensions/GovernorCountingOverridable.sol"";
  | ^^^^^^^^^^^^^^^^^^^^^^^^^^^^^^^^^^^^^^^^^^^^^^^^^^^^^^^^^^^^^^^^^^^^^^^^^^^^^^^^^^^^^^^^^^^^^^^^^^^^^^^^

",0,0,0,0,0.0,False,0,0,0,0,0,0,0.0,False,0,0,0.0,0,0,0,False,0,0,0.0,0
3506,oz_utils_Bytes,,data/safe_contracts/openzeppelin_all/utils_Bytes.sol,,openzeppelin,False,False,False,False,False,False,False,False,False,False,False,False,False,False,False,False,False,False,False,False,False,False,False,False,False,0,0,0,0,0,0,0,0,0,0,1,0,0.0,0,0,0.0,0,0,0,0,0,0,0,0,0,0,0,0.0,0.0,0.0,0.0,False,simple,0,IMPORT_ERROR,"File not found: Invalid compilation: 
Invalid solc compilation Error: Source ""data/safe_contracts/openzeppelin_all/math/Math.sol"" not found: File not found. Searched the following locations: """".
 --> data/safe_contracts/openzeppelin_all/utils_Bytes.sol:6:1:
  |
6 | import {Math} from ""./math/Math.sol"";
  | ^^^^^^^^^^^^^^^^^^^^^^^^^^^^^^^^^^^^^

",0,0,0,0,0.0,False,0,0,0,0,0,0,0.0,False,0,0,0.0,0,0,0,False,0,0,0.0,0
3507,oz_token_ERC721_extensions_ERC721Burnable,,data/safe_contracts/openzeppelin_all/token_ERC721_extensions_ERC721Burnable.sol,,openzeppelin,False,False,False,False,False,False,False,False,False,False,False,False,False,False,False,False,False,False,False,False,False,False,False,False,False,0,0,0,0,0,0,0,0,0,0,1,0,0.0,0,0,0.0,0,0,0,0,0,0,0,0,0,0,0,0.0,0.0,0.0,0.0,False,simple,0,IMPORT_ERROR,"File not found: Invalid compilation: 
Invalid solc compilation Error: Source ""data/safe_contracts/ERC721.sol"" not found: File not found. Searched the following locations: """".
 --> data/safe_contracts/openzeppelin_all/token_ERC721_extensions_ERC721Burnable.sol:6:1:
  |
6 | import {ERC721} from ""../ERC721.sol"";
  | ^^^^^^^^^^^^^^^^^^^^^^^^^^^^^^^^^^^^^

Error: Source ""utils/Context.sol"" not found: File not found. Searched the following locations: """".
 --> data/safe_contracts/openzeppelin_all/token_ERC721_extensions_ERC721Burnable.sol:7:1:
  |
7 | import {Context} from ""../../../utils/Context.sol"";
  | ^^^^^^^^^^^^^^^^^^^^^^^^^^^^^^^^^^^^^^^^^^^^^^^^^^^

",0,0,0,0,0.0,False,0,0,0,0,0,0,0.0,False,0,0,0.0,0,0,0,False,0,0,0.0,0
3508,oz_mocks_Stateless,,data/safe_contracts/openzeppelin_all/mocks_Stateless.sol,,openzeppelin,False,False,False,False,False,False,False,False,False,False,False,False,False,False,False,False,False,False,False,False,False,False,False,False,False,0,0,0,0,0,0,0,0,0,0,1,0,0.0,0,0,0.0,0,0,0,0,0,0,0,0,0,0,0,0.0,0.0,0.0,0.0,False,simple,0,IMPORT_ERROR,"File not found: Invalid compilation: 
Invalid solc compilation Error: Source ""data/safe_contracts/utils/structs/Accumulators.sol"" not found: File not found. Searched the following locations: """".
 --> data/safe_contracts/openzeppelin_all/mocks_Stateless.sol:7:1:
  |
7 | import {Accumulators} from ""../utils/structs/Accumulators.sol"";
  | ^^^^^^^^^^^^^^^^^^^^^^^^^^^^^^^^^^^^^^^^^^^^^^^^^^^^^^^^^^^^^^^

Error: Source ""data/safe_contracts/utils/Address.sol"" not found: File not found. Searched the following locations: """".
 --> data/safe_contracts/openzeppelin_all/mocks_Stateless.sol:8:1:
  |
8 | import {Address} from ""../utils/Address.sol"";
  | ^^^^^^^^^^^^^^^^^^^^^^^^^^^^^^^^^^^^^^^^^^^^^

Error: Source ""data/safe_contracts/utils/Arrays.sol"" not found: File not found. Searched the following locations: """".
 --> data/safe_contracts/openzeppelin_all/mocks_Stateless.sol:9:1:
  |
9 | import {Arrays} from ""../utils/Arrays.sol"";
  | ^^^^^^^^^^^^^^^^^^^^^^^^^^^^^^^^^^^^^^^^^^^

Error: Source ""data/safe_contracts/access/manager/AuthorityUtils.sol"" not found: File not found. Searched the following locations: """".
  --> data/safe_contracts/openzeppelin_all/mocks_Stateless.sol:10:1:
   |
10 | import {AuthorityUtils} from ""../access/manager/AuthorityUtils.sol"";
   | ^^^^^^^^^^^^^^^^^^^^^^^^^^^^^^^^^^^^^^^^^^^^^^^^^^^^^^^^^^^^^^^^^^^^

Error: Source ""data/safe_contracts/utils/Base58.sol"" not found: File not found. Searched the following locations: """".
  --> data/safe_contracts/openzeppelin_all/mocks_Stateless.sol:11:1:
   |
11 | import {Base58} from ""../utils/Base58.sol"";
   | ^^^^^^^^^^^^^^^^^^^^^^^^^^^^^^^^^^^^^^^^^^^

Error: Source ""data/safe_contracts/utils/Base64.sol"" not found: File not found. Searched the following locations: """".
  --> data/safe_contracts/openzeppelin_all/mocks_Stateless.sol:12:1:
   |
12 | import {Base64} from ""../utils/Base64.sol"";
   | ^^^^^^^^^^^^^^^^^^^^^^^^^^^^^^^^^^^^^^^^^^^

Error: Source ""data/safe_contracts/utils/structs/BitMaps.sol"" not found: File no",0,0,0,0,0.0,False,0,0,0,0,0,0,0.0,False,0,0,0.0,0,0,0,False,0,0,0.0,0
3509,oz_interfaces_IERC6909,,data/safe_contracts/openzeppelin_all/interfaces_IERC6909.sol,,openzeppelin,False,False,False,False,False,False,False,False,False,False,False,False,False,False,False,False,False,False,False,False,False,False,False,False,False,0,0,0,0,0,0,0,0,0,0,1,0,0.0,0,0,0.0,0,0,0,0,0,0,0,0,0,0,0,0.0,0.0,0.0,0.0,False,simple,0,IMPORT_ERROR,"File not found: Invalid compilation: 
Invalid solc compilation Error: Source ""data/safe_contracts/utils/introspection/IERC165.sol"" not found: File not found. Searched the following locations: """".
 --> data/safe_contracts/openzeppelin_all/interfaces_IERC6909.sol:6:1:
  |
6 | import {IERC165} from ""../utils/introspection/IERC165.sol"";
  | ^^^^^^^^^^^^^^^^^^^^^^^^^^^^^^^^^^^^^^^^^^^^^^^^^^^^^^^^^^^

",0,0,0,0,0.0,False,0,0,0,0,0,0,0.0,False,0,0,0.0,0,0,0,False,0,0,0.0,0
3510,oz_mocks_governance_GovernorVoteMock,,data/safe_contracts/openzeppelin_all/mocks_governance_GovernorVoteMock.sol,,openzeppelin,False,False,False,False,False,False,False,False,False,False,False,False,False,False,False,False,False,False,False,False,False,False,False,False,False,0,0,0,0,0,0,0,0,0,0,1,0,0.0,0,0,0.0,0,0,0,0,0,0,0,0,0,0,0,0.0,0.0,0.0,0.0,False,simple,0,IMPORT_ERROR,"File not found: Invalid compilation: 
Invalid solc compilation Error: Source ""data/governance/extensions/GovernorCountingSimple.sol"" not found: File not found. Searched the following locations: """".
 --> data/safe_contracts/openzeppelin_all/mocks_governance_GovernorVoteMock.sol:5:1:
  |
5 | import {GovernorCountingSimple} from ""../../governance/extensions/GovernorCountingSimple.sol"";
  | ^^^^^^^^^^^^^^^^^^^^^^^^^^^^^^^^^^^^^^^^^^^^^^^^^^^^^^^^^^^^^^^^^^^^^^^^^^^^^^^^^^^^^^^^^^^^^^

Error: Source ""data/governance/extensions/GovernorVotes.sol"" not found: File not found. Searched the following locations: """".
 --> data/safe_contracts/openzeppelin_all/mocks_governance_GovernorVoteMock.sol:6:1:
  |
6 | import {GovernorVotes} from ""../../governance/extensions/GovernorVotes.sol"";
  | ^^^^^^^^^^^^^^^^^^^^^^^^^^^^^^^^^^^^^^^^^^^^^^^^^^^^^^^^^^^^^^^^^^^^^^^^^^^^

",0,0,0,0,0.0,False,0,0,0,0,0,0,0.0,False,0,0,0.0,0,0,0,False,0,0,0.0,0
3511,oz_mocks_token_ERC20ReturnFalseMock,,data/safe_contracts/openzeppelin_all/mocks_token_ERC20ReturnFalseMock.sol,,openzeppelin,False,False,False,False,False,False,False,False,False,False,False,False,False,False,False,False,False,False,False,False,False,False,False,False,False,0,0,0,0,0,0,0,0,0,0,1,0,0.0,0,0,0.0,0,0,0,0,0,0,0,0,0,0,0,0.0,0.0,0.0,0.0,False,simple,0,IMPORT_ERROR,"File not found: Invalid compilation: 
Invalid solc compilation Error: Source ""data/token/ERC20/ERC20.sol"" not found: File not found. Searched the following locations: """".
 --> data/safe_contracts/openzeppelin_all/mocks_token_ERC20ReturnFalseMock.sol:5:1:
  |
5 | import {ERC20} from ""../../token/ERC20/ERC20.sol"";
  | ^^^^^^^^^^^^^^^^^^^^^^^^^^^^^^^^^^^^^^^^^^^^^^^^^^

",0,0,0,0,0.0,False,0,0,0,0,0,0,0.0,False,0,0,0.0,0,0,0,False,0,0,0.0,0
3512,oz_proxy_transparent_TransparentUpgradeableProxy,,data/safe_contracts/openzeppelin_all/proxy_transparent_TransparentUpgradeableProxy.sol,,openzeppelin,False,False,False,False,False,False,False,False,False,False,False,False,False,False,False,False,False,False,False,False,False,False,False,False,False,0,0,0,0,0,0,0,0,0,0,1,0,0.0,0,0,0.0,0,0,0,0,0,0,0,0,0,0,0,0.0,0.0,0.0,0.0,False,simple,0,IMPORT_ERROR,"File not found: Invalid compilation: 
Invalid solc compilation Error: Source ""data/safe_contracts/ERC1967/ERC1967Utils.sol"" not found: File not found. Searched the following locations: """".
 --> data/safe_contracts/openzeppelin_all/proxy_transparent_TransparentUpgradeableProxy.sol:6:1:
  |
6 | import {ERC1967Utils} from ""../ERC1967/ERC1967Utils.sol"";
  | ^^^^^^^^^^^^^^^^^^^^^^^^^^^^^^^^^^^^^^^^^^^^^^^^^^^^^^^^^

Error: Source ""data/safe_contracts/ERC1967/ERC1967Proxy.sol"" not found: File not found. Searched the following locations: """".
 --> data/safe_contracts/openzeppelin_all/proxy_transparent_TransparentUpgradeableProxy.sol:7:1:
  |
7 | import {ERC1967Proxy} from ""../ERC1967/ERC1967Proxy.sol"";
  | ^^^^^^^^^^^^^^^^^^^^^^^^^^^^^^^^^^^^^^^^^^^^^^^^^^^^^^^^^

Error: Source ""data/interfaces/IERC1967.sol"" not found: File not found. Searched the following locations: """".
 --> data/safe_contracts/openzeppelin_all/proxy_transparent_TransparentUpgradeableProxy.sol:8:1:
  |
8 | import {IERC1967} from ""../../interfaces/IERC1967.sol"";
  | ^^^^^^^^^^^^^^^^^^^^^^^^^^^^^^^^^^^^^^^^^^^^^^^^^^^^^^^

Error: Source ""data/safe_contracts/openzeppelin_all/ProxyAdmin.sol"" not found: File not found. Searched the following locations: """".
 --> data/safe_contracts/openzeppelin_all/proxy_transparent_TransparentUpgradeableProxy.sol:9:1:
  |
9 | import {ProxyAdmin} from ""./ProxyAdmin.sol"";
  | ^^^^^^^^^^^^^^^^^^^^^^^^^^^^^^^^^^^^^^^^^^^^

",0,0,0,0,0.0,False,0,0,0,0,0,0,0.0,False,0,0,0.0,0,0,0,False,0,0,0.0,0
3513,oz_access_extensions_IAccessControlEnumerable,,data/safe_contracts/openzeppelin_all/access_extensions_IAccessControlEnumerable.sol,,openzeppelin,False,False,False,False,False,False,False,False,False,False,False,False,False,False,False,False,False,False,False,False,False,False,False,False,False,0,0,0,0,0,0,0,0,0,0,1,0,0.0,0,0,0.0,0,0,0,0,0,0,0,0,0,0,0,0.0,0.0,0.0,0.0,False,simple,0,IMPORT_ERROR,"File not found: Invalid compilation: 
Invalid solc compilation Error: Source ""data/safe_contracts/IAccessControl.sol"" not found: File not found. Searched the following locations: """".
 --> data/safe_contracts/openzeppelin_all/access_extensions_IAccessControlEnumerable.sol:6:1:
  |
6 | import {IAccessControl} from ""../IAccessControl.sol"";
  | ^^^^^^^^^^^^^^^^^^^^^^^^^^^^^^^^^^^^^^^^^^^^^^^^^^^^^

",0,0,0,0,0.0,False,0,0,0,0,0,0,0.0,False,0,0,0.0,0,0,0,False,0,0,0.0,0
3514,oz_token_ERC721_extensions_ERC721Royalty,,data/safe_contracts/openzeppelin_all/token_ERC721_extensions_ERC721Royalty.sol,,openzeppelin,False,False,False,False,False,False,False,False,False,False,False,False,False,False,False,False,False,False,False,False,False,False,False,False,False,0,0,0,0,0,0,0,0,0,0,1,0,0.0,0,0,0.0,0,0,0,0,0,0,0,0,0,0,0,0.0,0.0,0.0,0.0,False,simple,0,IMPORT_ERROR,"File not found: Invalid compilation: 
Invalid solc compilation Error: Source ""data/safe_contracts/ERC721.sol"" not found: File not found. Searched the following locations: """".
 --> data/safe_contracts/openzeppelin_all/token_ERC721_extensions_ERC721Royalty.sol:6:1:
  |
6 | import {ERC721} from ""../ERC721.sol"";
  | ^^^^^^^^^^^^^^^^^^^^^^^^^^^^^^^^^^^^^

Error: Source ""utils/introspection/ERC165.sol"" not found: File not found. Searched the following locations: """".
 --> data/safe_contracts/openzeppelin_all/token_ERC721_extensions_ERC721Royalty.sol:7:1:
  |
7 | import {IERC165} from ""../../../utils/introspection/ERC165.sol"";
  | ^^^^^^^^^^^^^^^^^^^^^^^^^^^^^^^^^^^^^^^^^^^^^^^^^^^^^^^^^^^^^^^^

Error: Source ""data/common/ERC2981.sol"" not found: File not found. Searched the following locations: """".
 --> data/safe_contracts/openzeppelin_all/token_ERC721_extensions_ERC721Royalty.sol:8:1:
  |
8 | import {ERC2981} from ""../../common/ERC2981.sol"";
  | ^^^^^^^^^^^^^^^^^^^^^^^^^^^^^^^^^^^^^^^^^^^^^^^^^

",0,0,0,0,0.0,False,0,0,0,0,0,0,0.0,False,0,0,0.0,0,0,0,False,0,0,0.0,0
3515,oz_interfaces_IERC721Receiver,,data/safe_contracts/openzeppelin_all/interfaces_IERC721Receiver.sol,,openzeppelin,False,False,False,False,False,False,False,False,False,False,False,False,False,False,False,False,False,False,False,False,False,False,False,False,False,0,0,0,0,0,0,0,0,0,0,1,0,0.0,0,0,0.0,0,0,0,0,0,0,0,0,0,0,0,0.0,0.0,0.0,0.0,False,simple,0,IMPORT_ERROR,"File not found: Invalid compilation: 
Invalid solc compilation Error: Source ""data/safe_contracts/token/ERC721/IERC721Receiver.sol"" not found: File not found. Searched the following locations: """".
 --> data/safe_contracts/openzeppelin_all/interfaces_IERC721Receiver.sol:6:1:
  |
6 | import {IERC721Receiver} from ""../token/ERC721/IERC721Receiver.sol"";
  | ^^^^^^^^^^^^^^^^^^^^^^^^^^^^^^^^^^^^^^^^^^^^^^^^^^^^^^^^^^^^^^^^^^^^

",0,0,0,0,0.0,False,0,0,0,0,0,0,0.0,False,0,0,0.0,0,0,0,False,0,0,0.0,0
3516,oz_mocks_ReentrancyMock,,data/safe_contracts/openzeppelin_all/mocks_ReentrancyMock.sol,,openzeppelin,False,False,False,False,False,False,False,False,False,False,False,False,False,False,False,False,False,False,False,False,False,False,False,False,False,0,0,0,0,0,0,0,0,0,0,1,0,0.0,0,0,0.0,0,0,0,0,0,0,0,0,0,0,0,0.0,0.0,0.0,0.0,False,simple,0,IMPORT_ERROR,"File not found: Invalid compilation: 
Invalid solc compilation Error: Source ""data/safe_contracts/utils/ReentrancyGuard.sol"" not found: File not found. Searched the following locations: """".
 --> data/safe_contracts/openzeppelin_all/mocks_ReentrancyMock.sol:5:1:
  |
5 | import {ReentrancyGuard} from ""../utils/ReentrancyGuard.sol"";
  | ^^^^^^^^^^^^^^^^^^^^^^^^^^^^^^^^^^^^^^^^^^^^^^^^^^^^^^^^^^^^^

Error: Source ""data/safe_contracts/openzeppelin_all/ReentrancyAttack.sol"" not found: File not found. Searched the following locations: """".
 --> data/safe_contracts/openzeppelin_all/mocks_ReentrancyMock.sol:6:1:
  |
6 | import {ReentrancyAttack} from ""./ReentrancyAttack.sol"";
  | ^^^^^^^^^^^^^^^^^^^^^^^^^^^^^^^^^^^^^^^^^^^^^^^^^^^^^^^^

",0,0,0,0,0.0,False,0,0,0,0,0,0,0.0,False,0,0,0.0,0,0,0,False,0,0,0.0,0
3517,oz_access_manager_IAccessManaged,,data/safe_contracts/openzeppelin_all/access_manager_IAccessManaged.sol,,openzeppelin,False,False,False,False,False,False,False,False,False,False,False,False,False,False,False,False,False,False,False,False,False,False,True,False,False,0,0,2,3,0,0,0,1,0,26,1,1,1.0,0,16,0.6153846153846154,0,0,0,0,2,0,0,0,0,1,1,0.0,0.0,2.0,4.0,False,simple,0,,,0,0,0,0,0.0,False,0,0,3,0,0,0,0.0,False,3,0,0.0,3,0,0,False,0,1,0.0,1
3518,oz_mocks_token_ERC20DecimalsMock,,data/safe_contracts/openzeppelin_all/mocks_token_ERC20DecimalsMock.sol,,openzeppelin,False,False,False,False,False,False,False,False,False,False,False,False,False,False,False,False,False,False,False,False,False,False,False,False,False,0,0,0,0,0,0,0,0,0,0,1,0,0.0,0,0,0.0,0,0,0,0,0,0,0,0,0,0,0,0.0,0.0,0.0,0.0,False,simple,0,IMPORT_ERROR,"File not found: Invalid compilation: 
Invalid solc compilation Error: Source ""data/token/ERC20/ERC20.sol"" not found: File not found. Searched the following locations: """".
 --> data/safe_contracts/openzeppelin_all/mocks_token_ERC20DecimalsMock.sol:5:1:
  |
5 | import {ERC20} from ""../../token/ERC20/ERC20.sol"";
  | ^^^^^^^^^^^^^^^^^^^^^^^^^^^^^^^^^^^^^^^^^^^^^^^^^^

",0,0,0,0,0.0,False,0,0,0,0,0,0,0.0,False,0,0,0.0,0,0,0,False,0,0,0.0,0
3519,oz_interfaces_IERC5805,,data/safe_contracts/openzeppelin_all/interfaces_IERC5805.sol,,openzeppelin,False,False,False,False,False,False,False,False,False,False,False,False,False,False,False,False,False,False,False,False,False,False,False,False,False,0,0,0,0,0,0,0,0,0,0,1,0,0.0,0,0,0.0,0,0,0,0,0,0,0,0,0,0,0,0.0,0.0,0.0,0.0,False,simple,0,IMPORT_ERROR,"File not found: Invalid compilation: 
Invalid solc compilation Error: Source ""data/safe_contracts/governance/utils/IVotes.sol"" not found: File not found. Searched the following locations: """".
 --> data/safe_contracts/openzeppelin_all/interfaces_IERC5805.sol:6:1:
  |
6 | import {IVotes} from ""../governance/utils/IVotes.sol"";
  | ^^^^^^^^^^^^^^^^^^^^^^^^^^^^^^^^^^^^^^^^^^^^^^^^^^^^^^

Error: Source ""data/safe_contracts/openzeppelin_all/IERC6372.sol"" not found: File not found. Searched the following locations: """".
 --> data/safe_contracts/openzeppelin_all/interfaces_IERC5805.sol:7:1:
  |
7 | import {IERC6372} from ""./IERC6372.sol"";
  | ^^^^^^^^^^^^^^^^^^^^^^^^^^^^^^^^^^^^^^^^

",0,0,0,0,0.0,False,0,0,0,0,0,0,0.0,False,0,0,0.0,0,0,0,False,0,0,0.0,0
3520,oz_mocks_ConstructorMock,,data/safe_contracts/openzeppelin_all/mocks_ConstructorMock.sol,,openzeppelin,False,False,False,False,False,False,False,False,False,False,False,False,False,False,False,False,False,False,False,False,False,False,True,False,False,0,0,3,1,0,1,0,9,0,28,1,1,9.0,0,3,0.10714285714285714,0,0,0,0,4,0,0,0,1,3,1,0.0,0.0,3.0,4.0,False,simple,0,,,15,18,0,7,1.2,False,0,9,1,3,1,0,0.0,False,1,0,3.0,3,1,1,False,0,1,0.0,1
3521,oz_proxy_beacon_BeaconProxy,,data/safe_contracts/openzeppelin_all/proxy_beacon_BeaconProxy.sol,,openzeppelin,False,False,False,False,False,False,False,False,False,False,False,False,False,False,False,False,False,False,False,False,False,False,False,False,False,0,0,0,0,0,0,0,0,0,0,1,0,0.0,0,0,0.0,0,0,0,0,0,0,0,0,0,0,0,0.0,0.0,0.0,0.0,False,simple,0,IMPORT_ERROR,"File not found: Invalid compilation: 
Invalid solc compilation Error: Source ""data/safe_contracts/openzeppelin_all/IBeacon.sol"" not found: File not found. Searched the following locations: """".
 --> data/safe_contracts/openzeppelin_all/proxy_beacon_BeaconProxy.sol:6:1:
  |
6 | import {IBeacon} from ""./IBeacon.sol"";
  | ^^^^^^^^^^^^^^^^^^^^^^^^^^^^^^^^^^^^^^

Error: Source ""data/safe_contracts/Proxy.sol"" not found: File not found. Searched the following locations: """".
 --> data/safe_contracts/openzeppelin_all/proxy_beacon_BeaconProxy.sol:7:1:
  |
7 | import {Proxy} from ""../Proxy.sol"";
  | ^^^^^^^^^^^^^^^^^^^^^^^^^^^^^^^^^^^

Error: Source ""data/safe_contracts/ERC1967/ERC1967Utils.sol"" not found: File not found. Searched the following locations: """".
 --> data/safe_contracts/openzeppelin_all/proxy_beacon_BeaconProxy.sol:8:1:
  |
8 | import {ERC1967Utils} from ""../ERC1967/ERC1967Utils.sol"";
  | ^^^^^^^^^^^^^^^^^^^^^^^^^^^^^^^^^^^^^^^^^^^^^^^^^^^^^^^^^

",0,0,0,0,0.0,False,0,0,0,0,0,0,0.0,False,0,0,0.0,0,0,0,False,0,0,0.0,0
3522,oz_token_ERC20_extensions_ERC20Pausable,,data/safe_contracts/openzeppelin_all/token_ERC20_extensions_ERC20Pausable.sol,,openzeppelin,False,False,False,False,False,False,False,False,False,False,False,False,False,False,False,False,False,False,False,False,False,False,False,False,False,0,0,0,0,0,0,0,0,0,0,1,0,0.0,0,0,0.0,0,0,0,0,0,0,0,0,0,0,0,0.0,0.0,0.0,0.0,False,simple,0,IMPORT_ERROR,"File not found: Invalid compilation: 
Invalid solc compilation Error: Source ""data/safe_contracts/ERC20.sol"" not found: File not found. Searched the following locations: """".
 --> data/safe_contracts/openzeppelin_all/token_ERC20_extensions_ERC20Pausable.sol:6:1:
  |
6 | import {ERC20} from ""../ERC20.sol"";
  | ^^^^^^^^^^^^^^^^^^^^^^^^^^^^^^^^^^^

Error: Source ""utils/Pausable.sol"" not found: File not found. Searched the following locations: """".
 --> data/safe_contracts/openzeppelin_all/token_ERC20_extensions_ERC20Pausable.sol:7:1:
  |
7 | import {Pausable} from ""../../../utils/Pausable.sol"";
  | ^^^^^^^^^^^^^^^^^^^^^^^^^^^^^^^^^^^^^^^^^^^^^^^^^^^^^

",0,0,0,0,0.0,False,0,0,0,0,0,0,0.0,False,0,0,0.0,0,0,0,False,0,0,0.0,0
3523,oz_token_common_ERC2981,,data/safe_contracts/openzeppelin_all/token_common_ERC2981.sol,,openzeppelin,False,False,False,False,False,False,False,False,False,False,False,False,False,False,False,False,False,False,False,False,False,False,False,False,False,0,0,0,0,0,0,0,0,0,0,1,0,0.0,0,0,0.0,0,0,0,0,0,0,0,0,0,0,0,0.0,0.0,0.0,0.0,False,simple,0,IMPORT_ERROR,"File not found: Invalid compilation: 
Invalid solc compilation Error: Source ""data/interfaces/IERC2981.sol"" not found: File not found. Searched the following locations: """".
 --> data/safe_contracts/openzeppelin_all/token_common_ERC2981.sol:6:1:
  |
6 | import {IERC2981} from ""../../interfaces/IERC2981.sol"";
  | ^^^^^^^^^^^^^^^^^^^^^^^^^^^^^^^^^^^^^^^^^^^^^^^^^^^^^^^

Error: Source ""data/utils/introspection/ERC165.sol"" not found: File not found. Searched the following locations: """".
 --> data/safe_contracts/openzeppelin_all/token_common_ERC2981.sol:7:1:
  |
7 | import {IERC165, ERC165} from ""../../utils/introspection/ERC165.sol"";
  | ^^^^^^^^^^^^^^^^^^^^^^^^^^^^^^^^^^^^^^^^^^^^^^^^^^^^^^^^^^^^^^^^^^^^^

",0,0,0,0,0.0,False,0,0,0,0,0,0,0.0,False,0,0,0.0,0,0,0,False,0,0,0.0,0
3524,oz_governance_extensions_GovernorVotesQuorumFraction,,data/safe_contracts/openzeppelin_all/governance_extensions_GovernorVotesQuorumFraction.sol,,openzeppelin,False,False,False,False,False,False,False,False,False,False,False,False,False,False,False,False,False,False,False,False,False,False,False,False,False,0,0,0,0,0,0,0,0,0,0,1,0,0.0,0,0,0.0,0,0,0,0,0,0,0,0,0,0,0,0.0,0.0,0.0,0.0,False,simple,0,IMPORT_ERROR,"File not found: Invalid compilation: 
Invalid solc compilation Error: Source ""data/safe_contracts/openzeppelin_all/GovernorVotes.sol"" not found: File not found. Searched the following locations: """".
 --> data/safe_contracts/openzeppelin_all/governance_extensions_GovernorVotesQuorumFraction.sol:6:1:
  |
6 | import {GovernorVotes} from ""./GovernorVotes.sol"";
  | ^^^^^^^^^^^^^^^^^^^^^^^^^^^^^^^^^^^^^^^^^^^^^^^^^^

Error: Source ""data/utils/math/Math.sol"" not found: File not found. Searched the following locations: """".
 --> data/safe_contracts/openzeppelin_all/governance_extensions_GovernorVotesQuorumFraction.sol:7:1:
  |
7 | import {Math} from ""../../utils/math/Math.sol"";
  | ^^^^^^^^^^^^^^^^^^^^^^^^^^^^^^^^^^^^^^^^^^^^^^^

Error: Source ""data/utils/math/SafeCast.sol"" not found: File not found. Searched the following locations: """".
 --> data/safe_contracts/openzeppelin_all/governance_extensions_GovernorVotesQuorumFraction.sol:8:1:
  |
8 | import {SafeCast} from ""../../utils/math/SafeCast.sol"";
  | ^^^^^^^^^^^^^^^^^^^^^^^^^^^^^^^^^^^^^^^^^^^^^^^^^^^^^^^

Error: Source ""data/utils/structs/Checkpoints.sol"" not found: File not found. Searched the following locations: """".
 --> data/safe_contracts/openzeppelin_all/governance_extensions_GovernorVotesQuorumFraction.sol:9:1:
  |
9 | import {Checkpoints} from ""../../utils/structs/Checkpoints.sol"";
  | ^^^^^^^^^^^^^^^^^^^^^^^^^^^^^^^^^^^^^^^^^^^^^^^^^^^^^^^^^^^^^^^^

",0,0,0,0,0.0,False,0,0,0,0,0,0,0.0,False,0,0,0.0,0,0,0,False,0,0,0.0,0
3525,oz_access_AccessControl,,data/safe_contracts/openzeppelin_all/access_AccessControl.sol,,openzeppelin,False,False,False,False,False,False,False,False,False,False,False,False,False,False,False,False,False,False,False,False,False,False,False,False,False,0,0,0,0,0,0,0,0,0,0,1,0,0.0,0,0,0.0,0,0,0,0,0,0,0,0,0,0,0,0.0,0.0,0.0,0.0,False,simple,0,IMPORT_ERROR,"File not found: Invalid compilation: 
Invalid solc compilation Error: Source ""data/safe_contracts/openzeppelin_all/IAccessControl.sol"" not found: File not found. Searched the following locations: """".
 --> data/safe_contracts/openzeppelin_all/access_AccessControl.sol:6:1:
  |
6 | import {IAccessControl} from ""./IAccessControl.sol"";
  | ^^^^^^^^^^^^^^^^^^^^^^^^^^^^^^^^^^^^^^^^^^^^^^^^^^^^

Error: Source ""data/safe_contracts/utils/Context.sol"" not found: File not found. Searched the following locations: """".
 --> data/safe_contracts/openzeppelin_all/access_AccessControl.sol:7:1:
  |
7 | import {Context} from ""../utils/Context.sol"";
  | ^^^^^^^^^^^^^^^^^^^^^^^^^^^^^^^^^^^^^^^^^^^^^

Error: Source ""data/safe_contracts/utils/introspection/ERC165.sol"" not found: File not found. Searched the following locations: """".
 --> data/safe_contracts/openzeppelin_all/access_AccessControl.sol:8:1:
  |
8 | import {IERC165, ERC165} from ""../utils/introspection/ERC165.sol"";
  | ^^^^^^^^^^^^^^^^^^^^^^^^^^^^^^^^^^^^^^^^^^^^^^^^^^^^^^^^^^^^^^^^^^

",0,0,0,0,0.0,False,0,0,0,0,0,0,0.0,False,0,0,0.0,0,0,0,False,0,0,0.0,0
3526,oz_interfaces_IERC2981,,data/safe_contracts/openzeppelin_all/interfaces_IERC2981.sol,,openzeppelin,False,False,False,False,False,False,False,False,False,False,False,False,False,False,False,False,False,False,False,False,False,False,False,False,False,0,0,0,0,0,0,0,0,0,0,1,0,0.0,0,0,0.0,0,0,0,0,0,0,0,0,0,0,0,0.0,0.0,0.0,0.0,False,simple,0,IMPORT_ERROR,"File not found: Invalid compilation: 
Invalid solc compilation Error: Source ""data/safe_contracts/utils/introspection/IERC165.sol"" not found: File not found. Searched the following locations: """".
 --> data/safe_contracts/openzeppelin_all/interfaces_IERC2981.sol:6:1:
  |
6 | import {IERC165} from ""../utils/introspection/IERC165.sol"";
  | ^^^^^^^^^^^^^^^^^^^^^^^^^^^^^^^^^^^^^^^^^^^^^^^^^^^^^^^^^^^

",0,0,0,0,0.0,False,0,0,0,0,0,0,0.0,False,0,0,0.0,0,0,0,False,0,0,0.0,0
3527,oz_mocks_proxy_ClashingImplementation,,data/safe_contracts/openzeppelin_all/mocks_proxy_ClashingImplementation.sol,,openzeppelin,False,False,False,False,False,False,False,False,False,False,False,False,False,False,False,True,False,False,False,False,False,False,True,False,False,0,1,2,2,0,0,0,1,0,15,1,1,1.0,0,5,0.3333333333333333,1,0,0,0,3,0,0,1,0,2,2,0.0,0.0,7.0,10.5,False,simple,0,,,4,2,0,1,0.5,False,1,2,2,0,0,0,0.0,False,2,0,0.0,2,0,0,False,0,2,0.0,1
3528,oz_mocks_account_utils_ERC7579UtilsMock,,data/safe_contracts/openzeppelin_all/mocks_account_utils_ERC7579UtilsMock.sol,,openzeppelin,False,False,False,False,False,False,False,False,False,False,False,False,False,False,False,False,False,False,False,False,False,False,False,False,False,0,0,0,0,0,0,0,0,0,0,1,0,0.0,0,0,0.0,0,0,0,0,0,0,0,0,0,0,0,0.0,0.0,0.0,0.0,False,simple,0,IMPORT_ERROR,"File not found: Invalid compilation: 
Invalid solc compilation Error: Source ""account/utils/draft-ERC7579Utils.sol"" not found: File not found. Searched the following locations: """".
 --> data/safe_contracts/openzeppelin_all/mocks_account_utils_ERC7579UtilsMock.sol:5:1:
  |
5 | import {CallType, ExecType, ModeSelector, ModePayload} from ""../../../account/utils/draft-ERC7579Utils.sol"";
  | ^^^^^^^^^^^^^^^^^^^^^^^^^^^^^^^^^^^^^^^^^^^^^^^^^^^^^^^^^^^^^^^^^^^^^^^^^^^^^^^^^^^^^^^^^^^^^^^^^^^^^^^^^^^^

",0,0,0,0,0.0,False,0,0,0,0,0,0,0.0,False,0,0,0.0,0,0,0,False,0,0,0.0,0
3529,oz_token_ERC20_extensions_ERC1363,,data/safe_contracts/openzeppelin_all/token_ERC20_extensions_ERC1363.sol,,openzeppelin,False,False,False,False,False,False,False,False,False,False,False,False,False,False,False,False,False,False,False,False,False,False,False,False,False,0,0,0,0,0,0,0,0,0,0,1,0,0.0,0,0,0.0,0,0,0,0,0,0,0,0,0,0,0,0.0,0.0,0.0,0.0,False,simple,0,IMPORT_ERROR,"File not found: Invalid compilation: 
Invalid solc compilation Error: Source ""data/safe_contracts/ERC20.sol"" not found: File not found. Searched the following locations: """".
 --> data/safe_contracts/openzeppelin_all/token_ERC20_extensions_ERC1363.sol:6:1:
  |
6 | import {ERC20} from ""../ERC20.sol"";
  | ^^^^^^^^^^^^^^^^^^^^^^^^^^^^^^^^^^^

Error: Source ""utils/introspection/ERC165.sol"" not found: File not found. Searched the following locations: """".
 --> data/safe_contracts/openzeppelin_all/token_ERC20_extensions_ERC1363.sol:7:1:
  |
7 | import {IERC165, ERC165} from ""../../../utils/introspection/ERC165.sol"";
  | ^^^^^^^^^^^^^^^^^^^^^^^^^^^^^^^^^^^^^^^^^^^^^^^^^^^^^^^^^^^^^^^^^^^^^^^^

Error: Source ""interfaces/IERC1363.sol"" not found: File not found. Searched the following locations: """".
 --> data/safe_contracts/openzeppelin_all/token_ERC20_extensions_ERC1363.sol:8:1:
  |
8 | import {IERC1363} from ""../../../interfaces/IERC1363.sol"";
  | ^^^^^^^^^^^^^^^^^^^^^^^^^^^^^^^^^^^^^^^^^^^^^^^^^^^^^^^^^^

Error: Source ""data/safe_contracts/utils/ERC1363Utils.sol"" not found: File not found. Searched the following locations: """".
 --> data/safe_contracts/openzeppelin_all/token_ERC20_extensions_ERC1363.sol:9:1:
  |
9 | import {ERC1363Utils} from ""../utils/ERC1363Utils.sol"";
  | ^^^^^^^^^^^^^^^^^^^^^^^^^^^^^^^^^^^^^^^^^^^^^^^^^^^^^^^

",0,0,0,0,0.0,False,0,0,0,0,0,0,0.0,False,0,0,0.0,0,0,0,False,0,0,0.0,0
3530,oz_access_extensions_AccessControlEnumerable,,data/safe_contracts/openzeppelin_all/access_extensions_AccessControlEnumerable.sol,,openzeppelin,False,False,False,False,False,False,False,False,False,False,False,False,False,False,False,False,False,False,False,False,False,False,False,False,False,0,0,0,0,0,0,0,0,0,0,1,0,0.0,0,0,0.0,0,0,0,0,0,0,0,0,0,0,0,0.0,0.0,0.0,0.0,False,simple,0,IMPORT_ERROR,"File not found: Invalid compilation: 
Invalid solc compilation Error: Source ""data/safe_contracts/openzeppelin_all/IAccessControlEnumerable.sol"" not found: File not found. Searched the following locations: """".
 --> data/safe_contracts/openzeppelin_all/access_extensions_AccessControlEnumerable.sol:6:1:
  |
6 | import {IAccessControlEnumerable} from ""./IAccessControlEnumerable.sol"";
  | ^^^^^^^^^^^^^^^^^^^^^^^^^^^^^^^^^^^^^^^^^^^^^^^^^^^^^^^^^^^^^^^^^^^^^^^^

Error: Source ""data/safe_contracts/AccessControl.sol"" not found: File not found. Searched the following locations: """".
 --> data/safe_contracts/openzeppelin_all/access_extensions_AccessControlEnumerable.sol:7:1:
  |
7 | import {AccessControl} from ""../AccessControl.sol"";
  | ^^^^^^^^^^^^^^^^^^^^^^^^^^^^^^^^^^^^^^^^^^^^^^^^^^^

Error: Source ""data/utils/structs/EnumerableSet.sol"" not found: File not found. Searched the following locations: """".
 --> data/safe_contracts/openzeppelin_all/access_extensions_AccessControlEnumerable.sol:8:1:
  |
8 | import {EnumerableSet} from ""../../utils/structs/EnumerableSet.sol"";
  | ^^^^^^^^^^^^^^^^^^^^^^^^^^^^^^^^^^^^^^^^^^^^^^^^^^^^^^^^^^^^^^^^^^^^

Error: Source ""data/utils/introspection/ERC165.sol"" not found: File not found. Searched the following locations: """".
 --> data/safe_contracts/openzeppelin_all/access_extensions_AccessControlEnumerable.sol:9:1:
  |
9 | import {IERC165} from ""../../utils/introspection/ERC165.sol"";
  | ^^^^^^^^^^^^^^^^^^^^^^^^^^^^^^^^^^^^^^^^^^^^^^^^^^^^^^^^^^^^^

",0,0,0,0,0.0,False,0,0,0,0,0,0,0.0,False,0,0,0.0,0,0,0,False,0,0,0.0,0
3531,oz_token_ERC6909_extensions_ERC6909Metadata,,data/safe_contracts/openzeppelin_all/token_ERC6909_extensions_ERC6909Metadata.sol,,openzeppelin,False,False,False,False,False,False,False,False,False,False,False,False,False,False,False,False,False,False,False,False,False,False,False,False,False,0,0,0,0,0,0,0,0,0,0,1,0,0.0,0,0,0.0,0,0,0,0,0,0,0,0,0,0,0,0.0,0.0,0.0,0.0,False,simple,0,IMPORT_ERROR,"File not found: Invalid compilation: 
Invalid solc compilation Error: Source ""data/safe_contracts/ERC6909.sol"" not found: File not found. Searched the following locations: """".
 --> data/safe_contracts/openzeppelin_all/token_ERC6909_extensions_ERC6909Metadata.sol:6:1:
  |
6 | import {ERC6909} from ""../ERC6909.sol"";
  | ^^^^^^^^^^^^^^^^^^^^^^^^^^^^^^^^^^^^^^^

Error: Source ""interfaces/IERC6909.sol"" not found: File not found. Searched the following locations: """".
 --> data/safe_contracts/openzeppelin_all/token_ERC6909_extensions_ERC6909Metadata.sol:7:1:
  |
7 | import {IERC6909Metadata} from ""../../../interfaces/IERC6909.sol"";
  | ^^^^^^^^^^^^^^^^^^^^^^^^^^^^^^^^^^^^^^^^^^^^^^^^^^^^^^^^^^^^^^^^^^

",0,0,0,0,0.0,False,0,0,0,0,0,0,0.0,False,0,0,0.0,0,0,0,False,0,0,0.0,0
3532,oz_access_manager_AccessManager,,data/safe_contracts/openzeppelin_all/access_manager_AccessManager.sol,,openzeppelin,False,False,False,False,False,False,False,False,False,False,False,False,False,False,False,False,False,False,False,False,False,False,False,False,False,0,0,0,0,0,0,0,0,0,0,1,0,0.0,0,0,0.0,0,0,0,0,0,0,0,0,0,0,0,0.0,0.0,0.0,0.0,False,simple,0,IMPORT_ERROR,"File not found: Invalid compilation: 
Invalid solc compilation Error: Source ""data/safe_contracts/openzeppelin_all/IAccessManager.sol"" not found: File not found. Searched the following locations: """".
 --> data/safe_contracts/openzeppelin_all/access_manager_AccessManager.sol:6:1:
  |
6 | import {IAccessManager} from ""./IAccessManager.sol"";
  | ^^^^^^^^^^^^^^^^^^^^^^^^^^^^^^^^^^^^^^^^^^^^^^^^^^^^

Error: Source ""data/safe_contracts/openzeppelin_all/IAccessManaged.sol"" not found: File not found. Searched the following locations: """".
 --> data/safe_contracts/openzeppelin_all/access_manager_AccessManager.sol:7:1:
  |
7 | import {IAccessManaged} from ""./IAccessManaged.sol"";
  | ^^^^^^^^^^^^^^^^^^^^^^^^^^^^^^^^^^^^^^^^^^^^^^^^^^^^

Error: Source ""data/utils/Address.sol"" not found: File not found. Searched the following locations: """".
 --> data/safe_contracts/openzeppelin_all/access_manager_AccessManager.sol:8:1:
  |
8 | import {Address} from ""../../utils/Address.sol"";
  | ^^^^^^^^^^^^^^^^^^^^^^^^^^^^^^^^^^^^^^^^^^^^^^^^

Error: Source ""data/utils/Context.sol"" not found: File not found. Searched the following locations: """".
 --> data/safe_contracts/openzeppelin_all/access_manager_AccessManager.sol:9:1:
  |
9 | import {Context} from ""../../utils/Context.sol"";
  | ^^^^^^^^^^^^^^^^^^^^^^^^^^^^^^^^^^^^^^^^^^^^^^^^

Error: Source ""data/utils/Multicall.sol"" not found: File not found. Searched the following locations: """".
  --> data/safe_contracts/openzeppelin_all/access_manager_AccessManager.sol:10:1:
   |
10 | import {Multicall} from ""../../utils/Multicall.sol"";
   | ^^^^^^^^^^^^^^^^^^^^^^^^^^^^^^^^^^^^^^^^^^^^^^^^^^^^

Error: Source ""data/utils/math/Math.sol"" not found: File not found. Searched the following locations: """".
  --> data/safe_contracts/openzeppelin_all/access_manager_AccessManager.sol:11:1:
   |
11 | import {Math} from ""../../utils/math/Math.sol"";
   | ^^^^^^^^^^^^^^^^^^^^^^^^^^^^^^^^^^^^^^^^^^^^^^^

Error: Source ""data/utils/types/Time.sol"" not found: File not fou",0,0,0,0,0.0,False,0,0,0,0,0,0,0.0,False,0,0,0.0,0,0,0,False,0,0,0.0,0
3533,oz_mocks_token_ERC1363ForceApproveMock,,data/safe_contracts/openzeppelin_all/mocks_token_ERC1363ForceApproveMock.sol,,openzeppelin,False,False,False,False,False,False,False,False,False,False,False,False,False,False,False,False,False,False,False,False,False,False,False,False,False,0,0,0,0,0,0,0,0,0,0,1,0,0.0,0,0,0.0,0,0,0,0,0,0,0,0,0,0,0,0.0,0.0,0.0,0.0,False,simple,0,IMPORT_ERROR,"File not found: Invalid compilation: 
Invalid solc compilation Error: Source ""data/token/ERC20/extensions/ERC1363.sol"" not found: File not found. Searched the following locations: """".
 --> data/safe_contracts/openzeppelin_all/mocks_token_ERC1363ForceApproveMock.sol:5:1:
  |
5 | import {ERC1363} from ""../../token/ERC20/extensions/ERC1363.sol"";
  | ^^^^^^^^^^^^^^^^^^^^^^^^^^^^^^^^^^^^^^^^^^^^^^^^^^^^^^^^^^^^^^^^^

",0,0,0,0,0.0,False,0,0,0,0,0,0,0.0,False,0,0,0.0,0,0,0,False,0,0,0.0,0
3534,oz_mocks_ERC3156FlashBorrowerMock,,data/safe_contracts/openzeppelin_all/mocks_ERC3156FlashBorrowerMock.sol,,openzeppelin,False,False,False,False,False,False,False,False,False,False,False,False,False,False,False,False,False,False,False,False,False,False,False,False,False,0,0,0,0,0,0,0,0,0,0,1,0,0.0,0,0,0.0,0,0,0,0,0,0,0,0,0,0,0,0.0,0.0,0.0,0.0,False,simple,0,IMPORT_ERROR,"File not found: Invalid compilation: 
Invalid solc compilation Error: Source ""data/safe_contracts/token/ERC20/IERC20.sol"" not found: File not found. Searched the following locations: """".
 --> data/safe_contracts/openzeppelin_all/mocks_ERC3156FlashBorrowerMock.sol:5:1:
  |
5 | import {IERC20} from ""../token/ERC20/IERC20.sol"";
  | ^^^^^^^^^^^^^^^^^^^^^^^^^^^^^^^^^^^^^^^^^^^^^^^^^

Error: Source ""data/safe_contracts/interfaces/IERC3156.sol"" not found: File not found. Searched the following locations: """".
 --> data/safe_contracts/openzeppelin_all/mocks_ERC3156FlashBorrowerMock.sol:6:1:
  |
6 | import {IERC3156FlashBorrower} from ""../interfaces/IERC3156.sol"";
  | ^^^^^^^^^^^^^^^^^^^^^^^^^^^^^^^^^^^^^^^^^^^^^^^^^^^^^^^^^^^^^^^^^

Error: Source ""data/safe_contracts/utils/Address.sol"" not found: File not found. Searched the following locations: """".
 --> data/safe_contracts/openzeppelin_all/mocks_ERC3156FlashBorrowerMock.sol:7:1:
  |
7 | import {Address} from ""../utils/Address.sol"";
  | ^^^^^^^^^^^^^^^^^^^^^^^^^^^^^^^^^^^^^^^^^^^^^

",0,0,0,0,0.0,False,0,0,0,0,0,0,0.0,False,0,0,0.0,0,0,0,False,0,0,0.0,0
3535,oz_interfaces_IERC777Sender,,data/safe_contracts/openzeppelin_all/interfaces_IERC777Sender.sol,,openzeppelin,False,False,False,False,False,False,False,False,False,False,False,False,False,False,False,False,False,False,False,False,False,False,True,False,False,0,0,2,1,0,0,0,1,0,33,1,1,1.0,0,22,0.6666666666666666,0,0,0,0,2,0,0,0,0,1,1,0.0,0.0,2.0,4.0,False,simple,0,,,0,0,0,0,0.0,False,0,0,1,0,0,0,0.0,False,1,0,0.0,1,0,0,False,0,6,0.0,1
3536,oz_mocks_governance_GovernorStorageMock,,data/safe_contracts/openzeppelin_all/mocks_governance_GovernorStorageMock.sol,,openzeppelin,False,False,False,False,False,False,False,False,False,False,False,False,False,False,False,False,False,False,False,False,False,False,False,False,False,0,0,0,0,0,0,0,0,0,0,1,0,0.0,0,0,0.0,0,0,0,0,0,0,0,0,0,0,0,0.0,0.0,0.0,0.0,False,simple,0,IMPORT_ERROR,"File not found: Invalid compilation: 
Invalid solc compilation Error: Source ""data/governance/Governor.sol"" not found: File not found. Searched the following locations: """".
 --> data/safe_contracts/openzeppelin_all/mocks_governance_GovernorStorageMock.sol:5:1:
  |
5 | import {Governor} from ""../../governance/Governor.sol"";
  | ^^^^^^^^^^^^^^^^^^^^^^^^^^^^^^^^^^^^^^^^^^^^^^^^^^^^^^^

Error: Source ""data/governance/extensions/GovernorTimelockControl.sol"" not found: File not found. Searched the following locations: """".
 --> data/safe_contracts/openzeppelin_all/mocks_governance_GovernorStorageMock.sol:6:1:
  |
6 | import {GovernorTimelockControl} from ""../../governance/extensions/GovernorTimelockControl.sol"";
  | ^^^^^^^^^^^^^^^^^^^^^^^^^^^^^^^^^^^^^^^^^^^^^^^^^^^^^^^^^^^^^^^^^^^^^^^^^^^^^^^^^^^^^^^^^^^^^^^^

Error: Source ""data/governance/extensions/GovernorSettings.sol"" not found: File not found. Searched the following locations: """".
 --> data/safe_contracts/openzeppelin_all/mocks_governance_GovernorStorageMock.sol:7:1:
  |
7 | import {GovernorSettings} from ""../../governance/extensions/GovernorSettings.sol"";
  | ^^^^^^^^^^^^^^^^^^^^^^^^^^^^^^^^^^^^^^^^^^^^^^^^^^^^^^^^^^^^^^^^^^^^^^^^^^^^^^^^^^

Error: Source ""data/governance/extensions/GovernorCountingSimple.sol"" not found: File not found. Searched the following locations: """".
 --> data/safe_contracts/openzeppelin_all/mocks_governance_GovernorStorageMock.sol:8:1:
  |
8 | import {GovernorCountingSimple} from ""../../governance/extensions/GovernorCountingSimple.sol"";
  | ^^^^^^^^^^^^^^^^^^^^^^^^^^^^^^^^^^^^^^^^^^^^^^^^^^^^^^^^^^^^^^^^^^^^^^^^^^^^^^^^^^^^^^^^^^^^^^

Error: Source ""data/governance/extensions/GovernorVotesQuorumFraction.sol"" not found: File not found. Searched the following locations: """".
 --> data/safe_contracts/openzeppelin_all/mocks_governance_GovernorStorageMock.sol:9:1:
  |
9 | import {GovernorVotesQuorumFraction} from ""../../governance/extensions/GovernorVotesQuorumFraction.sol"";
  | ^^^^^^^^^^^^^^^^",0,0,0,0,0.0,False,0,0,0,0,0,0,0.0,False,0,0,0.0,0,0,0,False,0,0,0.0,0
3537,oz_interfaces_IERC6372,,data/safe_contracts/openzeppelin_all/interfaces_IERC6372.sol,,openzeppelin,False,False,False,False,False,False,False,False,False,False,False,False,False,False,False,False,False,False,False,False,False,False,True,False,False,0,0,3,2,0,0,0,1,0,14,1,1,1.0,0,9,0.6428571428571429,0,0,0,0,3,0,0,0,0,2,1,0.0,0.0,3.0,4.5,False,simple,0,,,0,0,0,0,0.0,False,0,0,2,0,0,0,0.0,False,2,0,0.0,2,0,0,False,0,0,0.0,0
3538,oz_utils_structs_BitMaps,,data/safe_contracts/openzeppelin_all/utils_structs_BitMaps.sol,,openzeppelin,False,False,False,False,False,False,False,False,False,False,False,False,False,False,False,False,False,False,False,False,False,False,True,False,False,0,0,6,4,0,0,0,3,0,55,1,1,1.5,0,27,0.4909090909090909,0,0,0,0,2,4,0,0,0,2,1,0.0,0.0,6.0,14.399999999999999,False,simple,0,,,17,14,0,3,0.8235294117647058,False,1,6,4,2,0,0,0.0,False,0,4,0.5,3,0,0,False,0,9,0.0,4
3539,oz_mocks_docs_token_ERC721_GameItem,,data/safe_contracts/openzeppelin_all/mocks_docs_token_ERC721_GameItem.sol,,openzeppelin,False,False,False,False,False,False,False,False,False,False,False,False,False,False,False,False,False,False,False,False,False,False,False,False,False,0,0,0,0,0,0,0,0,0,0,1,0,0.0,0,0,0.0,0,0,0,0,0,0,0,0,0,0,0,0.0,0.0,0.0,0.0,False,simple,0,IMPORT_ERROR,"File not found: Invalid compilation: 
Invalid solc compilation Error: Source ""token/ERC721/extensions/ERC721URIStorage.sol"" not found: File not found. Searched the following locations: """".
 --> data/safe_contracts/openzeppelin_all/mocks_docs_token_ERC721_GameItem.sol:5:1:
  |
5 | import {ERC721URIStorage, ERC721} from ""../../../../token/ERC721/extensions/ERC721URIStorage.sol"";
  | ^^^^^^^^^^^^^^^^^^^^^^^^^^^^^^^^^^^^^^^^^^^^^^^^^^^^^^^^^^^^^^^^^^^^^^^^^^^^^^^^^^^^^^^^^^^^^^^^^^

",0,0,0,0,0.0,False,0,0,0,0,0,0,0.0,False,0,0,0.0,0,0,0,False,0,0,0.0,0
3540,oz_mocks_docs_governance_MyTokenWrapped,,data/safe_contracts/openzeppelin_all/mocks_docs_governance_MyTokenWrapped.sol,,openzeppelin,False,False,False,False,False,False,False,False,False,False,False,False,False,False,False,False,False,False,False,False,False,False,False,False,False,0,0,0,0,0,0,0,0,0,0,1,0,0.0,0,0,0.0,0,0,0,0,0,0,0,0,0,0,0,0.0,0.0,0.0,0.0,False,simple,0,IMPORT_ERROR,"File not found: Invalid compilation: 
Invalid solc compilation Error: Source ""token/ERC20/ERC20.sol"" not found: File not found. Searched the following locations: """".
 --> data/safe_contracts/openzeppelin_all/mocks_docs_governance_MyTokenWrapped.sol:4:1:
  |
4 | import {IERC20, ERC20} from ""../../../token/ERC20/ERC20.sol"";
  | ^^^^^^^^^^^^^^^^^^^^^^^^^^^^^^^^^^^^^^^^^^^^^^^^^^^^^^^^^^^^^

Error: Source ""token/ERC20/extensions/ERC20Permit.sol"" not found: File not found. Searched the following locations: """".
 --> data/safe_contracts/openzeppelin_all/mocks_docs_governance_MyTokenWrapped.sol:5:1:
  |
5 | import {ERC20Permit} from ""../../../token/ERC20/extensions/ERC20Permit.sol"";
  | ^^^^^^^^^^^^^^^^^^^^^^^^^^^^^^^^^^^^^^^^^^^^^^^^^^^^^^^^^^^^^^^^^^^^^^^^^^^^

Error: Source ""token/ERC20/extensions/ERC20Votes.sol"" not found: File not found. Searched the following locations: """".
 --> data/safe_contracts/openzeppelin_all/mocks_docs_governance_MyTokenWrapped.sol:6:1:
  |
6 | import {ERC20Votes} from ""../../../token/ERC20/extensions/ERC20Votes.sol"";
  | ^^^^^^^^^^^^^^^^^^^^^^^^^^^^^^^^^^^^^^^^^^^^^^^^^^^^^^^^^^^^^^^^^^^^^^^^^^

Error: Source ""token/ERC20/extensions/ERC20Wrapper.sol"" not found: File not found. Searched the following locations: """".
 --> data/safe_contracts/openzeppelin_all/mocks_docs_governance_MyTokenWrapped.sol:7:1:
  |
7 | import {ERC20Wrapper} from ""../../../token/ERC20/extensions/ERC20Wrapper.sol"";
  | ^^^^^^^^^^^^^^^^^^^^^^^^^^^^^^^^^^^^^^^^^^^^^^^^^^^^^^^^^^^^^^^^^^^^^^^^^^^^^^

Error: Source ""utils/Nonces.sol"" not found: File not found. Searched the following locations: """".
 --> data/safe_contracts/openzeppelin_all/mocks_docs_governance_MyTokenWrapped.sol:8:1:
  |
8 | import {Nonces} from ""../../../utils/Nonces.sol"";
  | ^^^^^^^^^^^^^^^^^^^^^^^^^^^^^^^^^^^^^^^^^^^^^^^^^

",0,0,0,0,0.0,False,0,0,0,0,0,0,0.0,False,0,0,0.0,0,0,0,False,0,0,0.0,0
3541,oz_utils_cryptography_signers_SignerERC7913,,data/safe_contracts/openzeppelin_all/utils_cryptography_signers_SignerERC7913.sol,,openzeppelin,False,False,False,False,False,False,False,False,False,False,False,False,False,False,False,False,False,False,False,False,False,False,False,False,False,0,0,0,0,0,0,0,0,0,0,1,0,0.0,0,0,0.0,0,0,0,0,0,0,0,0,0,0,0,0.0,0.0,0.0,0.0,False,simple,0,IMPORT_ERROR,"File not found: Invalid compilation: 
Invalid solc compilation Error: Source ""data/safe_contracts/openzeppelin_all/AbstractSigner.sol"" not found: File not found. Searched the following locations: """".
 --> data/safe_contracts/openzeppelin_all/utils_cryptography_signers_SignerERC7913.sol:6:1:
  |
6 | import {AbstractSigner} from ""./AbstractSigner.sol"";
  | ^^^^^^^^^^^^^^^^^^^^^^^^^^^^^^^^^^^^^^^^^^^^^^^^^^^^

Error: Source ""data/safe_contracts/SignatureChecker.sol"" not found: File not found. Searched the following locations: """".
 --> data/safe_contracts/openzeppelin_all/utils_cryptography_signers_SignerERC7913.sol:7:1:
  |
7 | import {SignatureChecker} from ""../SignatureChecker.sol"";
  | ^^^^^^^^^^^^^^^^^^^^^^^^^^^^^^^^^^^^^^^^^^^^^^^^^^^^^^^^^

",0,0,0,0,0.0,False,0,0,0,0,0,0,0.0,False,0,0,0.0,0,0,0,False,0,0,0.0,0
3542,oz_mocks_governance_GovernorTimelockAccessMock,,data/safe_contracts/openzeppelin_all/mocks_governance_GovernorTimelockAccessMock.sol,,openzeppelin,False,False,False,False,False,False,False,False,False,False,False,False,False,False,False,False,False,False,False,False,False,False,False,False,False,0,0,0,0,0,0,0,0,0,0,1,0,0.0,0,0,0.0,0,0,0,0,0,0,0,0,0,0,0,0.0,0.0,0.0,0.0,False,simple,0,IMPORT_ERROR,"File not found: Invalid compilation: 
Invalid solc compilation Error: Source ""data/governance/Governor.sol"" not found: File not found. Searched the following locations: """".
 --> data/safe_contracts/openzeppelin_all/mocks_governance_GovernorTimelockAccessMock.sol:5:1:
  |
5 | import {Governor} from ""../../governance/Governor.sol"";
  | ^^^^^^^^^^^^^^^^^^^^^^^^^^^^^^^^^^^^^^^^^^^^^^^^^^^^^^^

Error: Source ""data/governance/extensions/GovernorTimelockAccess.sol"" not found: File not found. Searched the following locations: """".
 --> data/safe_contracts/openzeppelin_all/mocks_governance_GovernorTimelockAccessMock.sol:6:1:
  |
6 | import {GovernorTimelockAccess} from ""../../governance/extensions/GovernorTimelockAccess.sol"";
  | ^^^^^^^^^^^^^^^^^^^^^^^^^^^^^^^^^^^^^^^^^^^^^^^^^^^^^^^^^^^^^^^^^^^^^^^^^^^^^^^^^^^^^^^^^^^^^^

Error: Source ""data/governance/extensions/GovernorSettings.sol"" not found: File not found. Searched the following locations: """".
 --> data/safe_contracts/openzeppelin_all/mocks_governance_GovernorTimelockAccessMock.sol:7:1:
  |
7 | import {GovernorSettings} from ""../../governance/extensions/GovernorSettings.sol"";
  | ^^^^^^^^^^^^^^^^^^^^^^^^^^^^^^^^^^^^^^^^^^^^^^^^^^^^^^^^^^^^^^^^^^^^^^^^^^^^^^^^^^

Error: Source ""data/governance/extensions/GovernorCountingSimple.sol"" not found: File not found. Searched the following locations: """".
 --> data/safe_contracts/openzeppelin_all/mocks_governance_GovernorTimelockAccessMock.sol:8:1:
  |
8 | import {GovernorCountingSimple} from ""../../governance/extensions/GovernorCountingSimple.sol"";
  | ^^^^^^^^^^^^^^^^^^^^^^^^^^^^^^^^^^^^^^^^^^^^^^^^^^^^^^^^^^^^^^^^^^^^^^^^^^^^^^^^^^^^^^^^^^^^^^

Error: Source ""data/governance/extensions/GovernorVotesQuorumFraction.sol"" not found: File not found. Searched the following locations: """".
 --> data/safe_contracts/openzeppelin_all/mocks_governance_GovernorTimelockAccessMock.sol:9:1:
  |
9 | import {GovernorVotesQuorumFraction} from ""../../governance/extensions/GovernorVotesQuorumFract",0,0,0,0,0.0,False,0,0,0,0,0,0,0.0,False,0,0,0.0,0,0,0,False,0,0,0.0,0
3543,oz_token_ERC20_extensions_ERC20Capped,,data/safe_contracts/openzeppelin_all/token_ERC20_extensions_ERC20Capped.sol,,openzeppelin,False,False,False,False,False,False,False,False,False,False,False,False,False,False,False,False,False,False,False,False,False,False,False,False,False,0,0,0,0,0,0,0,0,0,0,1,0,0.0,0,0,0.0,0,0,0,0,0,0,0,0,0,0,0,0.0,0.0,0.0,0.0,False,simple,0,IMPORT_ERROR,"File not found: Invalid compilation: 
Invalid solc compilation Error: Source ""data/safe_contracts/ERC20.sol"" not found: File not found. Searched the following locations: """".
 --> data/safe_contracts/openzeppelin_all/token_ERC20_extensions_ERC20Capped.sol:6:1:
  |
6 | import {ERC20} from ""../ERC20.sol"";
  | ^^^^^^^^^^^^^^^^^^^^^^^^^^^^^^^^^^^

",0,0,0,0,0.0,False,0,0,0,0,0,0,0.0,False,0,0,0.0,0,0,0,False,0,0,0.0,0
3544,oz_mocks_docs_utilities_Base64NFT,,data/safe_contracts/openzeppelin_all/mocks_docs_utilities_Base64NFT.sol,,openzeppelin,False,False,False,False,False,False,False,False,False,False,False,False,False,False,False,False,False,False,False,False,False,False,False,False,False,0,0,0,0,0,0,0,0,0,0,1,0,0.0,0,0,0.0,0,0,0,0,0,0,0,0,0,0,0,0.0,0.0,0.0,0.0,False,simple,0,IMPORT_ERROR,"File not found: Invalid compilation: 
Invalid solc compilation Error: Source ""token/ERC721/ERC721.sol"" not found: File not found. Searched the following locations: """".
 --> data/safe_contracts/openzeppelin_all/mocks_docs_utilities_Base64NFT.sol:5:1:
  |
5 | import {ERC721} from ""../../../token/ERC721/ERC721.sol"";
  | ^^^^^^^^^^^^^^^^^^^^^^^^^^^^^^^^^^^^^^^^^^^^^^^^^^^^^^^^

Error: Source ""utils/Strings.sol"" not found: File not found. Searched the following locations: """".
 --> data/safe_contracts/openzeppelin_all/mocks_docs_utilities_Base64NFT.sol:6:1:
  |
6 | import {Strings} from ""../../../utils/Strings.sol"";
  | ^^^^^^^^^^^^^^^^^^^^^^^^^^^^^^^^^^^^^^^^^^^^^^^^^^^

Error: Source ""utils/Base64.sol"" not found: File not found. Searched the following locations: """".
 --> data/safe_contracts/openzeppelin_all/mocks_docs_utilities_Base64NFT.sol:7:1:
  |
7 | import {Base64} from ""../../../utils/Base64.sol"";
  | ^^^^^^^^^^^^^^^^^^^^^^^^^^^^^^^^^^^^^^^^^^^^^^^^^

",0,0,0,0,0.0,False,0,0,0,0,0,0,0.0,False,0,0,0.0,0,0,0,False,0,0,0.0,0
3545,oz_utils_ReentrancyGuardTransient,,data/safe_contracts/openzeppelin_all/utils_ReentrancyGuardTransient.sol,,openzeppelin,False,False,False,False,False,False,False,False,False,False,False,False,False,False,False,False,False,False,False,False,False,False,False,False,False,0,0,0,0,0,0,0,0,0,0,1,0,0.0,0,0,0.0,0,0,0,0,0,0,0,0,0,0,0,0.0,0.0,0.0,0.0,False,simple,0,IMPORT_ERROR,"File not found: Invalid compilation: 
Invalid solc compilation Error: Source ""data/safe_contracts/openzeppelin_all/TransientSlot.sol"" not found: File not found. Searched the following locations: """".
 --> data/safe_contracts/openzeppelin_all/utils_ReentrancyGuardTransient.sol:6:1:
  |
6 | import {TransientSlot} from ""./TransientSlot.sol"";
  | ^^^^^^^^^^^^^^^^^^^^^^^^^^^^^^^^^^^^^^^^^^^^^^^^^^

",0,0,0,0,0.0,False,0,0,0,0,0,0,0.0,False,0,0,0.0,0,0,0,False,0,0,0.0,0
3546,oz_utils_math_SafeCast,,data/safe_contracts/openzeppelin_all/utils_math_SafeCast.sol,,openzeppelin,False,False,False,False,False,False,False,False,False,False,False,False,False,False,True,False,False,False,False,False,False,False,True,False,False,0,0,68,65,0,0,0,3,0,1092,1,1,2.9692307692307693,0,696,0.6373626373626373,0,0,0,0,3,65,0,0,0,3,2,0.0,0.0,68.0,1099.3333333333335,True,complex,2,,,324,323,0,3,0.9969135802469136,False,33,193,65,64,0,0,0.0,False,0,65,0.9846153846153847,5,0,0,False,0,65,0.0,65
3547,oz_interfaces_IERC7913,,data/safe_contracts/openzeppelin_all/interfaces_IERC7913.sol,,openzeppelin,False,False,False,False,False,False,False,False,False,False,False,False,False,False,False,False,False,False,False,False,False,False,True,False,False,0,0,2,0,0,0,0,0,0,0,1,0,0.0,0,0,0.0,0,0,0,0,2,0,0,0,0,1,1,0.0,0.0,2.0,4.0,False,simple,0,,,0,0,0,0,0.0,False,0,0,0,0,0,0,0.0,False,0,0,0.0,0,0,0,False,0,0,0.0,0
3548,oz_proxy_beacon_UpgradeableBeacon,,data/safe_contracts/openzeppelin_all/proxy_beacon_UpgradeableBeacon.sol,,openzeppelin,False,False,False,False,False,False,False,False,False,False,False,False,False,False,False,False,False,False,False,False,False,False,False,False,False,0,0,0,0,0,0,0,0,0,0,1,0,0.0,0,0,0.0,0,0,0,0,0,0,0,0,0,0,0,0.0,0.0,0.0,0.0,False,simple,0,IMPORT_ERROR,"File not found: Invalid compilation: 
Invalid solc compilation Error: Source ""data/safe_contracts/openzeppelin_all/IBeacon.sol"" not found: File not found. Searched the following locations: """".
 --> data/safe_contracts/openzeppelin_all/proxy_beacon_UpgradeableBeacon.sol:6:1:
  |
6 | import {IBeacon} from ""./IBeacon.sol"";
  | ^^^^^^^^^^^^^^^^^^^^^^^^^^^^^^^^^^^^^^

Error: Source ""data/access/Ownable.sol"" not found: File not found. Searched the following locations: """".
 --> data/safe_contracts/openzeppelin_all/proxy_beacon_UpgradeableBeacon.sol:7:1:
  |
7 | import {Ownable} from ""../../access/Ownable.sol"";
  | ^^^^^^^^^^^^^^^^^^^^^^^^^^^^^^^^^^^^^^^^^^^^^^^^^

",0,0,0,0,0.0,False,0,0,0,0,0,0,0.0,False,0,0,0.0,0,0,0,False,0,0,0.0,0
3549,oz_token_ERC6909_extensions_ERC6909TokenSupply,,data/safe_contracts/openzeppelin_all/token_ERC6909_extensions_ERC6909TokenSupply.sol,,openzeppelin,False,False,False,False,False,False,False,False,False,False,False,False,False,False,False,False,False,False,False,False,False,False,False,False,False,0,0,0,0,0,0,0,0,0,0,1,0,0.0,0,0,0.0,0,0,0,0,0,0,0,0,0,0,0,0.0,0.0,0.0,0.0,False,simple,0,IMPORT_ERROR,"File not found: Invalid compilation: 
Invalid solc compilation Error: Source ""data/safe_contracts/ERC6909.sol"" not found: File not found. Searched the following locations: """".
 --> data/safe_contracts/openzeppelin_all/token_ERC6909_extensions_ERC6909TokenSupply.sol:6:1:
  |
6 | import {ERC6909} from ""../ERC6909.sol"";
  | ^^^^^^^^^^^^^^^^^^^^^^^^^^^^^^^^^^^^^^^

Error: Source ""interfaces/IERC6909.sol"" not found: File not found. Searched the following locations: """".
 --> data/safe_contracts/openzeppelin_all/token_ERC6909_extensions_ERC6909TokenSupply.sol:7:1:
  |
7 | import {IERC6909TokenSupply} from ""../../../interfaces/IERC6909.sol"";
  | ^^^^^^^^^^^^^^^^^^^^^^^^^^^^^^^^^^^^^^^^^^^^^^^^^^^^^^^^^^^^^^^^^^^^^

",0,0,0,0,0.0,False,0,0,0,0,0,0,0.0,False,0,0,0.0,0,0,0,False,0,0,0.0,0
3550,oz_mocks_account_modules_ERC7579Mock,,data/safe_contracts/openzeppelin_all/mocks_account_modules_ERC7579Mock.sol,,openzeppelin,False,False,False,False,False,False,False,False,False,False,False,False,False,False,False,False,False,False,False,False,False,False,False,False,False,0,0,0,0,0,0,0,0,0,0,1,0,0.0,0,0,0.0,0,0,0,0,0,0,0,0,0,0,0,0.0,0.0,0.0,0.0,False,simple,0,IMPORT_ERROR,"File not found: Invalid compilation: 
Invalid solc compilation Error: Source ""interfaces/draft-IERC7579.sol"" not found: File not found. Searched the following locations: """".
 --> data/safe_contracts/openzeppelin_all/mocks_account_modules_ERC7579Mock.sol:5:1:
  |
5 | import {
  | ^ (Relevant source part starts here and spans across multiple lines).

Error: Source ""utils/cryptography/SignatureChecker.sol"" not found: File not found. Searched the following locations: """".
  --> data/safe_contracts/openzeppelin_all/mocks_account_modules_ERC7579Mock.sol:13:1:
   |
13 | import {SignatureChecker} from ""../../../utils/cryptography/SignatureChecker.sol"";
   | ^^^^^^^^^^^^^^^^^^^^^^^^^^^^^^^^^^^^^^^^^^^^^^^^^^^^^^^^^^^^^^^^^^^^^^^^^^^^^^^^^^

Error: Source ""interfaces/draft-IERC4337.sol"" not found: File not found. Searched the following locations: """".
  --> data/safe_contracts/openzeppelin_all/mocks_account_modules_ERC7579Mock.sol:14:1:
   |
14 | import {PackedUserOperation} from ""../../../interfaces/draft-IERC4337.sol"";
   | ^^^^^^^^^^^^^^^^^^^^^^^^^^^^^^^^^^^^^^^^^^^^^^^^^^^^^^^^^^^^^^^^^^^^^^^^^^^

Error: Source ""interfaces/IERC1271.sol"" not found: File not found. Searched the following locations: """".
  --> data/safe_contracts/openzeppelin_all/mocks_account_modules_ERC7579Mock.sol:15:1:
   |
15 | import {IERC1271} from ""../../../interfaces/IERC1271.sol"";
   | ^^^^^^^^^^^^^^^^^^^^^^^^^^^^^^^^^^^^^^^^^^^^^^^^^^^^^^^^^^

Error: Source ""account/utils/draft-ERC4337Utils.sol"" not found: File not found. Searched the following locations: """".
  --> data/safe_contracts/openzeppelin_all/mocks_account_modules_ERC7579Mock.sol:16:1:
   |
16 | import {ERC4337Utils} from ""../../../account/utils/draft-ERC4337Utils.sol"";
   | ^^^^^^^^^^^^^^^^^^^^^^^^^^^^^^^^^^^^^^^^^^^^^^^^^^^^^^^^^^^^^^^^^^^^^^^^^^^

",0,0,0,0,0.0,False,0,0,0,0,0,0,0.0,False,0,0,0.0,0,0,0,False,0,0,0.0,0
3551,oz_token_ERC721_extensions_ERC721Pausable,,data/safe_contracts/openzeppelin_all/token_ERC721_extensions_ERC721Pausable.sol,,openzeppelin,False,False,False,False,False,False,False,False,False,False,False,False,False,False,False,False,False,False,False,False,False,False,False,False,False,0,0,0,0,0,0,0,0,0,0,1,0,0.0,0,0,0.0,0,0,0,0,0,0,0,0,0,0,0,0.0,0.0,0.0,0.0,False,simple,0,IMPORT_ERROR,"File not found: Invalid compilation: 
Invalid solc compilation Error: Source ""data/safe_contracts/ERC721.sol"" not found: File not found. Searched the following locations: """".
 --> data/safe_contracts/openzeppelin_all/token_ERC721_extensions_ERC721Pausable.sol:6:1:
  |
6 | import {ERC721} from ""../ERC721.sol"";
  | ^^^^^^^^^^^^^^^^^^^^^^^^^^^^^^^^^^^^^

Error: Source ""utils/Pausable.sol"" not found: File not found. Searched the following locations: """".
 --> data/safe_contracts/openzeppelin_all/token_ERC721_extensions_ERC721Pausable.sol:7:1:
  |
7 | import {Pausable} from ""../../../utils/Pausable.sol"";
  | ^^^^^^^^^^^^^^^^^^^^^^^^^^^^^^^^^^^^^^^^^^^^^^^^^^^^^

",0,0,0,0,0.0,False,0,0,0,0,0,0,0.0,False,0,0,0.0,0,0,0,False,0,0,0.0,0
3552,oz_mocks_docs_governance_MyGovernor,,data/safe_contracts/openzeppelin_all/mocks_docs_governance_MyGovernor.sol,,openzeppelin,False,False,False,False,False,False,False,False,False,False,False,False,False,False,False,False,False,False,False,False,False,False,False,False,False,0,0,0,0,0,0,0,0,0,0,1,0,0.0,0,0,0.0,0,0,0,0,0,0,0,0,0,0,0,0.0,0.0,0.0,0.0,False,simple,0,IMPORT_ERROR,"File not found: Invalid compilation: 
Invalid solc compilation Error: Source ""governance/Governor.sol"" not found: File not found. Searched the following locations: """".
 --> data/safe_contracts/openzeppelin_all/mocks_docs_governance_MyGovernor.sol:4:1:
  |
4 | import {Governor} from ""../../../governance/Governor.sol"";
  | ^^^^^^^^^^^^^^^^^^^^^^^^^^^^^^^^^^^^^^^^^^^^^^^^^^^^^^^^^^

Error: Source ""governance/extensions/GovernorCountingSimple.sol"" not found: File not found. Searched the following locations: """".
 --> data/safe_contracts/openzeppelin_all/mocks_docs_governance_MyGovernor.sol:5:1:
  |
5 | import {GovernorCountingSimple} from ""../../../governance/extensions/GovernorCountingSimple.sol"";
  | ^^^^^^^^^^^^^^^^^^^^^^^^^^^^^^^^^^^^^^^^^^^^^^^^^^^^^^^^^^^^^^^^^^^^^^^^^^^^^^^^^^^^^^^^^^^^^^^^^

Error: Source ""governance/extensions/GovernorVotes.sol"" not found: File not found. Searched the following locations: """".
 --> data/safe_contracts/openzeppelin_all/mocks_docs_governance_MyGovernor.sol:6:1:
  |
6 | import {GovernorVotes} from ""../../../governance/extensions/GovernorVotes.sol"";
  | ^^^^^^^^^^^^^^^^^^^^^^^^^^^^^^^^^^^^^^^^^^^^^^^^^^^^^^^^^^^^^^^^^^^^^^^^^^^^^^^

Error: Source ""governance/extensions/GovernorVotesQuorumFraction.sol"" not found: File not found. Searched the following locations: """".
 --> data/safe_contracts/openzeppelin_all/mocks_docs_governance_MyGovernor.sol:7:1:
  |
7 | import {GovernorVotesQuorumFraction} from ""../../../governance/extensions/GovernorVotesQuorumFraction.sol"";
  | ^^^^^^^^^^^^^^^^^^^^^^^^^^^^^^^^^^^^^^^^^^^^^^^^^^^^^^^^^^^^^^^^^^^^^^^^^^^^^^^^^^^^^^^^^^^^^^^^^^^^^^^^^^^

Error: Source ""governance/extensions/GovernorTimelockControl.sol"" not found: File not found. Searched the following locations: """".
 --> data/safe_contracts/openzeppelin_all/mocks_docs_governance_MyGovernor.sol:8:1:
  |
8 | import {GovernorTimelockControl} from ""../../../governance/extensions/GovernorTimelockControl.sol"";
  | ^^^^^^^^^^^^^^^^^^^^^^^^^^^^^^^^^^^^^^^^^",0,0,0,0,0.0,False,0,0,0,0,0,0,0.0,False,0,0,0.0,0,0,0,False,0,0,0.0,0
3553,oz_token_ERC20_extensions_ERC20FlashMint,,data/safe_contracts/openzeppelin_all/token_ERC20_extensions_ERC20FlashMint.sol,,openzeppelin,False,False,False,False,False,False,False,False,False,False,False,False,False,False,False,False,False,False,False,False,False,False,False,False,False,0,0,0,0,0,0,0,0,0,0,1,0,0.0,0,0,0.0,0,0,0,0,0,0,0,0,0,0,0,0.0,0.0,0.0,0.0,False,simple,0,IMPORT_ERROR,"File not found: Invalid compilation: 
Invalid solc compilation Error: Source ""interfaces/IERC3156FlashBorrower.sol"" not found: File not found. Searched the following locations: """".
 --> data/safe_contracts/openzeppelin_all/token_ERC20_extensions_ERC20FlashMint.sol:6:1:
  |
6 | import {IERC3156FlashBorrower} from ""../../../interfaces/IERC3156FlashBorrower.sol"";
  | ^^^^^^^^^^^^^^^^^^^^^^^^^^^^^^^^^^^^^^^^^^^^^^^^^^^^^^^^^^^^^^^^^^^^^^^^^^^^^^^^^^^^

Error: Source ""interfaces/IERC3156FlashLender.sol"" not found: File not found. Searched the following locations: """".
 --> data/safe_contracts/openzeppelin_all/token_ERC20_extensions_ERC20FlashMint.sol:7:1:
  |
7 | import {IERC3156FlashLender} from ""../../../interfaces/IERC3156FlashLender.sol"";
  | ^^^^^^^^^^^^^^^^^^^^^^^^^^^^^^^^^^^^^^^^^^^^^^^^^^^^^^^^^^^^^^^^^^^^^^^^^^^^^^^^

Error: Source ""data/safe_contracts/ERC20.sol"" not found: File not found. Searched the following locations: """".
 --> data/safe_contracts/openzeppelin_all/token_ERC20_extensions_ERC20FlashMint.sol:8:1:
  |
8 | import {ERC20} from ""../ERC20.sol"";
  | ^^^^^^^^^^^^^^^^^^^^^^^^^^^^^^^^^^^

",0,0,0,0,0.0,False,0,0,0,0,0,0,0.0,False,0,0,0.0,0,0,0,False,0,0,0.0,0
3554,oz_token_ERC20_extensions_IERC20Permit,,data/safe_contracts/openzeppelin_all/token_ERC20_extensions_IERC20Permit.sol,,openzeppelin,False,False,False,False,False,False,False,False,False,False,False,False,False,False,False,False,False,False,False,False,False,False,True,False,False,0,0,3,3,0,0,0,1,0,86,1,1,1.0,0,72,0.8372093023255814,0,0,0,0,3,0,0,0,0,2,1,0.0,0.0,3.0,4.5,False,simple,0,,,0,0,0,0,0.0,False,0,0,3,0,0,0,0.0,False,3,0,0.0,3,0,0,False,0,8,0.0,2
3555,oz_utils_structs_CircularBuffer,,data/safe_contracts/openzeppelin_all/utils_structs_CircularBuffer.sol,,openzeppelin,False,False,False,False,False,False,False,False,False,False,False,False,False,False,False,False,False,False,False,False,False,False,False,False,False,0,0,0,0,0,0,0,0,0,0,1,0,0.0,0,0,0.0,0,0,0,0,0,0,0,0,0,0,0,0.0,0.0,0.0,0.0,False,simple,0,IMPORT_ERROR,"File not found: Invalid compilation: 
Invalid solc compilation Error: Source ""data/safe_contracts/math/Math.sol"" not found: File not found. Searched the following locations: """".
 --> data/safe_contracts/openzeppelin_all/utils_structs_CircularBuffer.sol:6:1:
  |
6 | import {Math} from ""../math/Math.sol"";
  | ^^^^^^^^^^^^^^^^^^^^^^^^^^^^^^^^^^^^^^

Error: Source ""data/safe_contracts/Arrays.sol"" not found: File not found. Searched the following locations: """".
 --> data/safe_contracts/openzeppelin_all/utils_structs_CircularBuffer.sol:7:1:
  |
7 | import {Arrays} from ""../Arrays.sol"";
  | ^^^^^^^^^^^^^^^^^^^^^^^^^^^^^^^^^^^^^

Error: Source ""data/safe_contracts/Panic.sol"" not found: File not found. Searched the following locations: """".
 --> data/safe_contracts/openzeppelin_all/utils_structs_CircularBuffer.sol:8:1:
  |
8 | import {Panic} from ""../Panic.sol"";
  | ^^^^^^^^^^^^^^^^^^^^^^^^^^^^^^^^^^^

",0,0,0,0,0.0,False,0,0,0,0,0,0,0.0,False,0,0,0.0,0,0,0,False,0,0,0.0,0
3556,oz_access_extensions_AccessControlDefaultAdminRules,,data/safe_contracts/openzeppelin_all/access_extensions_AccessControlDefaultAdminRules.sol,,openzeppelin,False,False,False,False,False,False,False,False,False,False,False,False,False,False,False,False,False,False,False,False,False,False,False,False,False,0,0,0,0,0,0,0,0,0,0,1,0,0.0,0,0,0.0,0,0,0,0,0,0,0,0,0,0,0,0.0,0.0,0.0,0.0,False,simple,0,IMPORT_ERROR,"File not found: Invalid compilation: 
Invalid solc compilation Error: Source ""data/safe_contracts/openzeppelin_all/IAccessControlDefaultAdminRules.sol"" not found: File not found. Searched the following locations: """".
 --> data/safe_contracts/openzeppelin_all/access_extensions_AccessControlDefaultAdminRules.sol:6:1:
  |
6 | import {IAccessControlDefaultAdminRules} from ""./IAccessControlDefaultAdminRules.sol"";
  | ^^^^^^^^^^^^^^^^^^^^^^^^^^^^^^^^^^^^^^^^^^^^^^^^^^^^^^^^^^^^^^^^^^^^^^^^^^^^^^^^^^^^^^

Error: Source ""data/safe_contracts/AccessControl.sol"" not found: File not found. Searched the following locations: """".
 --> data/safe_contracts/openzeppelin_all/access_extensions_AccessControlDefaultAdminRules.sol:7:1:
  |
7 | import {AccessControl, IAccessControl} from ""../AccessControl.sol"";
  | ^^^^^^^^^^^^^^^^^^^^^^^^^^^^^^^^^^^^^^^^^^^^^^^^^^^^^^^^^^^^^^^^^^^

Error: Source ""data/utils/math/SafeCast.sol"" not found: File not found. Searched the following locations: """".
 --> data/safe_contracts/openzeppelin_all/access_extensions_AccessControlDefaultAdminRules.sol:8:1:
  |
8 | import {SafeCast} from ""../../utils/math/SafeCast.sol"";
  | ^^^^^^^^^^^^^^^^^^^^^^^^^^^^^^^^^^^^^^^^^^^^^^^^^^^^^^^

Error: Source ""data/utils/math/Math.sol"" not found: File not found. Searched the following locations: """".
 --> data/safe_contracts/openzeppelin_all/access_extensions_AccessControlDefaultAdminRules.sol:9:1:
  |
9 | import {Math} from ""../../utils/math/Math.sol"";
  | ^^^^^^^^^^^^^^^^^^^^^^^^^^^^^^^^^^^^^^^^^^^^^^^

Error: Source ""data/interfaces/IERC5313.sol"" not found: File not found. Searched the following locations: """".
  --> data/safe_contracts/openzeppelin_all/access_extensions_AccessControlDefaultAdminRules.sol:10:1:
   |
10 | import {IERC5313} from ""../../interfaces/IERC5313.sol"";
   | ^^^^^^^^^^^^^^^^^^^^^^^^^^^^^^^^^^^^^^^^^^^^^^^^^^^^^^^

Error: Source ""data/utils/introspection/IERC165.sol"" not found: File not found. Searched the following locations: """".
  --> data/safe_cont",0,0,0,0,0.0,False,0,0,0,0,0,0,0.0,False,0,0,0.0,0,0,0,False,0,0,0.0,0
3557,oz_token_ERC721_ERC721,,data/safe_contracts/openzeppelin_all/token_ERC721_ERC721.sol,,openzeppelin,False,False,False,False,False,False,False,False,False,False,False,False,False,False,False,False,False,False,False,False,False,False,False,False,False,0,0,0,0,0,0,0,0,0,0,1,0,0.0,0,0,0.0,0,0,0,0,0,0,0,0,0,0,0,0.0,0.0,0.0,0.0,False,simple,0,IMPORT_ERROR,"File not found: Invalid compilation: 
Invalid solc compilation Error: Source ""data/safe_contracts/openzeppelin_all/IERC721.sol"" not found: File not found. Searched the following locations: """".
 --> data/safe_contracts/openzeppelin_all/token_ERC721_ERC721.sol:6:1:
  |
6 | import {IERC721} from ""./IERC721.sol"";
  | ^^^^^^^^^^^^^^^^^^^^^^^^^^^^^^^^^^^^^^

Error: Source ""data/safe_contracts/openzeppelin_all/extensions/IERC721Metadata.sol"" not found: File not found. Searched the following locations: """".
 --> data/safe_contracts/openzeppelin_all/token_ERC721_ERC721.sol:7:1:
  |
7 | import {IERC721Metadata} from ""./extensions/IERC721Metadata.sol"";
  | ^^^^^^^^^^^^^^^^^^^^^^^^^^^^^^^^^^^^^^^^^^^^^^^^^^^^^^^^^^^^^^^^^

Error: Source ""data/safe_contracts/openzeppelin_all/utils/ERC721Utils.sol"" not found: File not found. Searched the following locations: """".
 --> data/safe_contracts/openzeppelin_all/token_ERC721_ERC721.sol:8:1:
  |
8 | import {ERC721Utils} from ""./utils/ERC721Utils.sol"";
  | ^^^^^^^^^^^^^^^^^^^^^^^^^^^^^^^^^^^^^^^^^^^^^^^^^^^^

Error: Source ""data/utils/Context.sol"" not found: File not found. Searched the following locations: """".
 --> data/safe_contracts/openzeppelin_all/token_ERC721_ERC721.sol:9:1:
  |
9 | import {Context} from ""../../utils/Context.sol"";
  | ^^^^^^^^^^^^^^^^^^^^^^^^^^^^^^^^^^^^^^^^^^^^^^^^

Error: Source ""data/utils/Strings.sol"" not found: File not found. Searched the following locations: """".
  --> data/safe_contracts/openzeppelin_all/token_ERC721_ERC721.sol:10:1:
   |
10 | import {Strings} from ""../../utils/Strings.sol"";
   | ^^^^^^^^^^^^^^^^^^^^^^^^^^^^^^^^^^^^^^^^^^^^^^^^

Error: Source ""data/utils/introspection/ERC165.sol"" not found: File not found. Searched the following locations: """".
  --> data/safe_contracts/openzeppelin_all/token_ERC721_ERC721.sol:11:1:
   |
11 | import {IERC165, ERC165} from ""../../utils/introspection/ERC165.sol"";
   | ^^^^^^^^^^^^^^^^^^^^^^^^^^^^^^^^^^^^^^^^^^^^^^^^^^^^^^^^^^^^^^^^^^^^^

Error: Source ""data/interfa",0,0,0,0,0.0,False,0,0,0,0,0,0,0.0,False,0,0,0.0,0,0,0,False,0,0,0.0,0
3558,oz_mocks_token_ERC1363NoReturnMock,,data/safe_contracts/openzeppelin_all/mocks_token_ERC1363NoReturnMock.sol,,openzeppelin,False,False,False,False,False,False,False,False,False,False,False,False,False,False,False,False,False,False,False,False,False,False,False,False,False,0,0,0,0,0,0,0,0,0,0,1,0,0.0,0,0,0.0,0,0,0,0,0,0,0,0,0,0,0,0.0,0.0,0.0,0.0,False,simple,0,IMPORT_ERROR,"File not found: Invalid compilation: 
Invalid solc compilation Error: Source ""data/token/ERC20/extensions/ERC1363.sol"" not found: File not found. Searched the following locations: """".
 --> data/safe_contracts/openzeppelin_all/mocks_token_ERC1363NoReturnMock.sol:5:1:
  |
5 | import {ERC1363} from ""../../token/ERC20/extensions/ERC1363.sol"";
  | ^^^^^^^^^^^^^^^^^^^^^^^^^^^^^^^^^^^^^^^^^^^^^^^^^^^^^^^^^^^^^^^^^

",0,0,0,0,0.0,False,0,0,0,0,0,0,0.0,False,0,0,0.0,0,0,0,False,0,0,0.0,0
3559,oz_token_ERC1155_extensions_ERC1155URIStorage,,data/safe_contracts/openzeppelin_all/token_ERC1155_extensions_ERC1155URIStorage.sol,,openzeppelin,False,False,False,False,False,False,False,False,False,False,False,False,False,False,False,False,False,False,False,False,False,False,False,False,False,0,0,0,0,0,0,0,0,0,0,1,0,0.0,0,0,0.0,0,0,0,0,0,0,0,0,0,0,0,0.0,0.0,0.0,0.0,False,simple,0,IMPORT_ERROR,"File not found: Invalid compilation: 
Invalid solc compilation Error: Source ""data/safe_contracts/ERC1155.sol"" not found: File not found. Searched the following locations: """".
 --> data/safe_contracts/openzeppelin_all/token_ERC1155_extensions_ERC1155URIStorage.sol:6:1:
  |
6 | import {ERC1155} from ""../ERC1155.sol"";
  | ^^^^^^^^^^^^^^^^^^^^^^^^^^^^^^^^^^^^^^^

",0,0,0,0,0.0,False,0,0,0,0,0,0,0.0,False,0,0,0.0,0,0,0,False,0,0,0.0,0
3560,oz_utils_ReentrancyGuard,,data/safe_contracts/openzeppelin_all/utils_ReentrancyGuard.sol,,openzeppelin,False,False,False,False,False,False,False,False,False,False,False,False,False,False,False,False,False,False,False,False,False,False,False,False,False,0,0,0,0,0,0,0,0,0,0,1,0,0.0,0,0,0.0,0,0,0,0,0,0,0,0,0,0,0,0.0,0.0,0.0,0.0,False,simple,0,IMPORT_ERROR,"File not found: Invalid compilation: 
Invalid solc compilation Error: Source ""data/safe_contracts/openzeppelin_all/StorageSlot.sol"" not found: File not found. Searched the following locations: """".
 --> data/safe_contracts/openzeppelin_all/utils_ReentrancyGuard.sol:6:1:
  |
6 | import {StorageSlot} from ""./StorageSlot.sol"";
  | ^^^^^^^^^^^^^^^^^^^^^^^^^^^^^^^^^^^^^^^^^^^^^^

",0,0,0,0,0.0,False,0,0,0,0,0,0,0.0,False,0,0,0.0,0,0,0,False,0,0,0.0,0
3561,oz_mocks_AuthorityMock,,data/safe_contracts/openzeppelin_all/mocks_AuthorityMock.sol,,openzeppelin,False,False,False,False,False,False,False,False,False,False,False,False,False,False,False,False,False,False,False,False,False,False,False,False,False,0,0,0,0,0,0,0,0,0,0,1,0,0.0,0,0,0.0,0,0,0,0,0,0,0,0,0,0,0,0.0,0.0,0.0,0.0,False,simple,0,IMPORT_ERROR,"File not found: Invalid compilation: 
Invalid solc compilation Error: Source ""data/safe_contracts/access/manager/IAccessManaged.sol"" not found: File not found. Searched the following locations: """".
 --> data/safe_contracts/openzeppelin_all/mocks_AuthorityMock.sol:5:1:
  |
5 | import {IAccessManaged} from ""../access/manager/IAccessManaged.sol"";
  | ^^^^^^^^^^^^^^^^^^^^^^^^^^^^^^^^^^^^^^^^^^^^^^^^^^^^^^^^^^^^^^^^^^^^

Error: Source ""data/safe_contracts/access/manager/IAuthority.sol"" not found: File not found. Searched the following locations: """".
 --> data/safe_contracts/openzeppelin_all/mocks_AuthorityMock.sol:6:1:
  |
6 | import {IAuthority} from ""../access/manager/IAuthority.sol"";
  | ^^^^^^^^^^^^^^^^^^^^^^^^^^^^^^^^^^^^^^^^^^^^^^^^^^^^^^^^^^^^

",0,0,0,0,0.0,False,0,0,0,0,0,0,0.0,False,0,0,0.0,0,0,0,False,0,0,0.0,0
3562,oz_token_ERC20_extensions_ERC20Wrapper,,data/safe_contracts/openzeppelin_all/token_ERC20_extensions_ERC20Wrapper.sol,,openzeppelin,False,False,False,False,False,False,False,False,False,False,False,False,False,False,False,False,False,False,False,False,False,False,False,False,False,0,0,0,0,0,0,0,0,0,0,1,0,0.0,0,0,0.0,0,0,0,0,0,0,0,0,0,0,0,0.0,0.0,0.0,0.0,False,simple,0,IMPORT_ERROR,"File not found: Invalid compilation: 
Invalid solc compilation Error: Source ""data/safe_contracts/ERC20.sol"" not found: File not found. Searched the following locations: """".
 --> data/safe_contracts/openzeppelin_all/token_ERC20_extensions_ERC20Wrapper.sol:6:1:
  |
6 | import {IERC20, IERC20Metadata, ERC20} from ""../ERC20.sol"";
  | ^^^^^^^^^^^^^^^^^^^^^^^^^^^^^^^^^^^^^^^^^^^^^^^^^^^^^^^^^^^

Error: Source ""data/safe_contracts/utils/SafeERC20.sol"" not found: File not found. Searched the following locations: """".
 --> data/safe_contracts/openzeppelin_all/token_ERC20_extensions_ERC20Wrapper.sol:7:1:
  |
7 | import {SafeERC20} from ""../utils/SafeERC20.sol"";
  | ^^^^^^^^^^^^^^^^^^^^^^^^^^^^^^^^^^^^^^^^^^^^^^^^^

",0,0,0,0,0.0,False,0,0,0,0,0,0,0.0,False,0,0,0.0,0,0,0,False,0,0,0.0,0
3563,oz_mocks_ERC165Mock,,data/safe_contracts/openzeppelin_all/mocks_ERC165Mock.sol,,openzeppelin,False,False,False,False,False,False,False,False,False,False,False,False,False,False,False,False,False,False,False,False,False,False,False,False,False,0,0,0,0,0,0,0,0,0,0,1,0,0.0,0,0,0.0,0,0,0,0,0,0,0,0,0,0,0,0.0,0.0,0.0,0.0,False,simple,0,IMPORT_ERROR,"File not found: Invalid compilation: 
Invalid solc compilation Error: Source ""data/safe_contracts/utils/introspection/IERC165.sol"" not found: File not found. Searched the following locations: """".
 --> data/safe_contracts/openzeppelin_all/mocks_ERC165Mock.sol:5:1:
  |
5 | import {IERC165} from ""../utils/introspection/IERC165.sol"";
  | ^^^^^^^^^^^^^^^^^^^^^^^^^^^^^^^^^^^^^^^^^^^^^^^^^^^^^^^^^^^

",0,0,0,0,0.0,False,0,0,0,0,0,0,0.0,False,0,0,0.0,0,0,0,False,0,0,0.0,0
3564,oz_utils_Memory,,data/safe_contracts/openzeppelin_all/utils_Memory.sol,,openzeppelin,False,False,False,False,False,False,False,False,False,False,False,False,False,False,False,False,False,False,False,False,False,False,False,False,False,0,0,0,0,0,0,0,0,0,0,1,0,0.0,0,0,0.0,0,0,0,0,0,0,0,0,0,0,0,0.0,0.0,0.0,0.0,False,simple,0,IMPORT_ERROR,"File not found: Invalid compilation: 
Invalid solc compilation Error: Source ""data/safe_contracts/openzeppelin_all/Panic.sol"" not found: File not found. Searched the following locations: """".
 --> data/safe_contracts/openzeppelin_all/utils_Memory.sol:6:1:
  |
6 | import {Panic} from ""./Panic.sol"";
  | ^^^^^^^^^^^^^^^^^^^^^^^^^^^^^^^^^^

Error: Source ""data/safe_contracts/openzeppelin_all/math/Math.sol"" not found: File not found. Searched the following locations: """".
 --> data/safe_contracts/openzeppelin_all/utils_Memory.sol:7:1:
  |
7 | import {Math} from ""./math/Math.sol"";
  | ^^^^^^^^^^^^^^^^^^^^^^^^^^^^^^^^^^^^^

",0,0,0,0,0.0,False,0,0,0,0,0,0,0.0,False,0,0,0.0,0,0,0,False,0,0,0.0,0
3565,oz_mocks_docs_ERC4626Fees,,data/safe_contracts/openzeppelin_all/mocks_docs_ERC4626Fees.sol,,openzeppelin,False,False,False,False,False,False,False,False,False,False,False,False,False,False,False,False,False,False,False,False,False,False,False,False,False,0,0,0,0,0,0,0,0,0,0,1,0,0.0,0,0,0.0,0,0,0,0,0,0,0,0,0,0,0,0.0,0.0,0.0,0.0,False,simple,0,IMPORT_ERROR,"File not found: Invalid compilation: 
Invalid solc compilation Error: Source ""data/token/ERC20/IERC20.sol"" not found: File not found. Searched the following locations: """".
 --> data/safe_contracts/openzeppelin_all/mocks_docs_ERC4626Fees.sol:5:1:
  |
5 | import {IERC20} from ""../../token/ERC20/IERC20.sol"";
  | ^^^^^^^^^^^^^^^^^^^^^^^^^^^^^^^^^^^^^^^^^^^^^^^^^^^^

Error: Source ""data/token/ERC20/extensions/ERC4626.sol"" not found: File not found. Searched the following locations: """".
 --> data/safe_contracts/openzeppelin_all/mocks_docs_ERC4626Fees.sol:6:1:
  |
6 | import {ERC4626} from ""../../token/ERC20/extensions/ERC4626.sol"";
  | ^^^^^^^^^^^^^^^^^^^^^^^^^^^^^^^^^^^^^^^^^^^^^^^^^^^^^^^^^^^^^^^^^

Error: Source ""data/token/ERC20/utils/SafeERC20.sol"" not found: File not found. Searched the following locations: """".
 --> data/safe_contracts/openzeppelin_all/mocks_docs_ERC4626Fees.sol:7:1:
  |
7 | import {SafeERC20} from ""../../token/ERC20/utils/SafeERC20.sol"";
  | ^^^^^^^^^^^^^^^^^^^^^^^^^^^^^^^^^^^^^^^^^^^^^^^^^^^^^^^^^^^^^^^^

Error: Source ""data/utils/math/Math.sol"" not found: File not found. Searched the following locations: """".
 --> data/safe_contracts/openzeppelin_all/mocks_docs_ERC4626Fees.sol:8:1:
  |
8 | import {Math} from ""../../utils/math/Math.sol"";
  | ^^^^^^^^^^^^^^^^^^^^^^^^^^^^^^^^^^^^^^^^^^^^^^^

",0,0,0,0,0.0,False,0,0,0,0,0,0,0.0,False,0,0,0.0,0,0,0,False,0,0,0.0,0
3566,oz_mocks_token_ERC4646FeesMock,,data/safe_contracts/openzeppelin_all/mocks_token_ERC4646FeesMock.sol,,openzeppelin,False,False,False,False,False,False,False,False,False,False,False,False,False,False,False,False,False,False,False,False,False,False,False,False,False,0,0,0,0,0,0,0,0,0,0,1,0,0.0,0,0,0.0,0,0,0,0,0,0,0,0,0,0,0,0.0,0.0,0.0,0.0,False,simple,0,IMPORT_ERROR,"File not found: Invalid compilation: 
Invalid solc compilation Error: Source ""data/safe_contracts/docs/ERC4626Fees.sol"" not found: File not found. Searched the following locations: """".
 --> data/safe_contracts/openzeppelin_all/mocks_token_ERC4646FeesMock.sol:5:1:
  |
5 | import {ERC4626Fees} from ""../docs/ERC4626Fees.sol"";
  | ^^^^^^^^^^^^^^^^^^^^^^^^^^^^^^^^^^^^^^^^^^^^^^^^^^^^

",0,0,0,0,0.0,False,0,0,0,0,0,0,0.0,False,0,0,0.0,0,0,0,False,0,0,0.0,0
3567,oz_utils_NoncesKeyed,,data/safe_contracts/openzeppelin_all/utils_NoncesKeyed.sol,,openzeppelin,False,False,False,False,False,False,False,False,False,False,False,False,False,False,False,False,False,False,False,False,False,False,False,False,False,0,0,0,0,0,0,0,0,0,0,1,0,0.0,0,0,0.0,0,0,0,0,0,0,0,0,0,0,0,0.0,0.0,0.0,0.0,False,simple,0,IMPORT_ERROR,"File not found: Invalid compilation: 
Invalid solc compilation Error: Source ""data/safe_contracts/openzeppelin_all/Nonces.sol"" not found: File not found. Searched the following locations: """".
 --> data/safe_contracts/openzeppelin_all/utils_NoncesKeyed.sol:5:1:
  |
5 | import {Nonces} from ""./Nonces.sol"";
  | ^^^^^^^^^^^^^^^^^^^^^^^^^^^^^^^^^^^^

",0,0,0,0,0.0,False,0,0,0,0,0,0,0.0,False,0,0,0.0,0,0,0,False,0,0,0.0,0
3568,oz_governance_extensions_GovernorVotesSuperQuorumFraction,,data/safe_contracts/openzeppelin_all/governance_extensions_GovernorVotesSuperQuorumFraction.sol,,openzeppelin,False,False,False,False,False,False,False,False,False,False,False,False,False,False,False,False,False,False,False,False,False,False,False,False,False,0,0,0,0,0,0,0,0,0,0,1,0,0.0,0,0,0.0,0,0,0,0,0,0,0,0,0,0,0,0.0,0.0,0.0,0.0,False,simple,0,IMPORT_ERROR,"File not found: Invalid compilation: 
Invalid solc compilation Error: Source ""data/safe_contracts/Governor.sol"" not found: File not found. Searched the following locations: """".
 --> data/safe_contracts/openzeppelin_all/governance_extensions_GovernorVotesSuperQuorumFraction.sol:6:1:
  |
6 | import {Governor} from ""../Governor.sol"";
  | ^^^^^^^^^^^^^^^^^^^^^^^^^^^^^^^^^^^^^^^^^

Error: Source ""data/safe_contracts/openzeppelin_all/GovernorSuperQuorum.sol"" not found: File not found. Searched the following locations: """".
 --> data/safe_contracts/openzeppelin_all/governance_extensions_GovernorVotesSuperQuorumFraction.sol:7:1:
  |
7 | import {GovernorSuperQuorum} from ""./GovernorSuperQuorum.sol"";
  | ^^^^^^^^^^^^^^^^^^^^^^^^^^^^^^^^^^^^^^^^^^^^^^^^^^^^^^^^^^^^^^

Error: Source ""data/safe_contracts/openzeppelin_all/GovernorVotesQuorumFraction.sol"" not found: File not found. Searched the following locations: """".
 --> data/safe_contracts/openzeppelin_all/governance_extensions_GovernorVotesSuperQuorumFraction.sol:8:1:
  |
8 | import {GovernorVotesQuorumFraction} from ""./GovernorVotesQuorumFraction.sol"";
  | ^^^^^^^^^^^^^^^^^^^^^^^^^^^^^^^^^^^^^^^^^^^^^^^^^^^^^^^^^^^^^^^^^^^^^^^^^^^^^^

Error: Source ""data/utils/math/Math.sol"" not found: File not found. Searched the following locations: """".
 --> data/safe_contracts/openzeppelin_all/governance_extensions_GovernorVotesSuperQuorumFraction.sol:9:1:
  |
9 | import {Math} from ""../../utils/math/Math.sol"";
  | ^^^^^^^^^^^^^^^^^^^^^^^^^^^^^^^^^^^^^^^^^^^^^^^

Error: Source ""data/utils/math/SafeCast.sol"" not found: File not found. Searched the following locations: """".
  --> data/safe_contracts/openzeppelin_all/governance_extensions_GovernorVotesSuperQuorumFraction.sol:10:1:
   |
10 | import {SafeCast} from ""../../utils/math/SafeCast.sol"";
   | ^^^^^^^^^^^^^^^^^^^^^^^^^^^^^^^^^^^^^^^^^^^^^^^^^^^^^^^

Error: Source ""data/utils/structs/Checkpoints.sol"" not found: File not found. Searched the following locations: """".
  --> data/safe_contrac",0,0,0,0,0.0,False,0,0,0,0,0,0,0.0,False,0,0,0.0,0,0,0,False,0,0,0.0,0
3569,oz_mocks_proxy_UUPSUpgradeableMock,,data/safe_contracts/openzeppelin_all/mocks_proxy_UUPSUpgradeableMock.sol,,openzeppelin,False,False,False,False,False,False,False,False,False,False,False,False,False,False,False,False,False,False,False,False,False,False,False,False,False,0,0,0,0,0,0,0,0,0,0,1,0,0.0,0,0,0.0,0,0,0,0,0,0,0,0,0,0,0,0.0,0.0,0.0,0.0,False,simple,0,IMPORT_ERROR,"File not found: Invalid compilation: 
Invalid solc compilation Error: Source ""data/proxy/utils/UUPSUpgradeable.sol"" not found: File not found. Searched the following locations: """".
 --> data/safe_contracts/openzeppelin_all/mocks_proxy_UUPSUpgradeableMock.sol:5:1:
  |
5 | import {UUPSUpgradeable} from ""../../proxy/utils/UUPSUpgradeable.sol"";
  | ^^^^^^^^^^^^^^^^^^^^^^^^^^^^^^^^^^^^^^^^^^^^^^^^^^^^^^^^^^^^^^^^^^^^^^

Error: Source ""data/proxy/ERC1967/ERC1967Utils.sol"" not found: File not found. Searched the following locations: """".
 --> data/safe_contracts/openzeppelin_all/mocks_proxy_UUPSUpgradeableMock.sol:6:1:
  |
6 | import {ERC1967Utils} from ""../../proxy/ERC1967/ERC1967Utils.sol"";
  | ^^^^^^^^^^^^^^^^^^^^^^^^^^^^^^^^^^^^^^^^^^^^^^^^^^^^^^^^^^^^^^^^^^

",0,0,0,0,0.0,False,0,0,0,0,0,0,0.0,False,0,0,0.0,0,0,0,False,0,0,0.0,0
3570,oz_utils_Nonces,,data/safe_contracts/openzeppelin_all/utils_Nonces.sol,,openzeppelin,False,False,False,False,False,False,False,False,False,False,False,False,False,False,False,False,False,False,False,False,False,False,True,False,False,0,0,4,3,0,1,0,3,0,41,1,1,1.6666666666666667,0,22,0.5365853658536586,0,0,0,0,2,2,0,0,0,2,1,0.0,0.0,4.0,6.8,False,simple,0,,,9,7,0,3,0.7777777777777778,False,2,5,3,2,0,0,0.0,False,1,2,0.6666666666666666,3,1,1,True,0,4,0.0,3
3571,oz_crosschain_bridges_BridgeERC20Core,,data/safe_contracts/openzeppelin_all/crosschain_bridges_BridgeERC20Core.sol,,openzeppelin,False,False,False,False,False,False,False,False,False,False,False,False,False,False,False,False,False,False,False,False,False,False,False,False,False,0,0,0,0,0,0,0,0,0,0,1,0,0.0,0,0,0.0,0,0,0,0,0,0,0,0,0,0,0,0.0,0.0,0.0,0.0,False,simple,0,IMPORT_ERROR,"File not found: Invalid compilation: 
Invalid solc compilation Error: Source ""data/utils/draft-InteroperableAddress.sol"" not found: File not found. Searched the following locations: """".
 --> data/safe_contracts/openzeppelin_all/crosschain_bridges_BridgeERC20Core.sol:5:1:
  |
5 | import {InteroperableAddress} from ""../../utils/draft-InteroperableAddress.sol"";
  | ^^^^^^^^^^^^^^^^^^^^^^^^^^^^^^^^^^^^^^^^^^^^^^^^^^^^^^^^^^^^^^^^^^^^^^^^^^^^^^^^

Error: Source ""data/utils/Context.sol"" not found: File not found. Searched the following locations: """".
 --> data/safe_contracts/openzeppelin_all/crosschain_bridges_BridgeERC20Core.sol:6:1:
  |
6 | import {Context} from ""../../utils/Context.sol"";
  | ^^^^^^^^^^^^^^^^^^^^^^^^^^^^^^^^^^^^^^^^^^^^^^^^

Error: Source ""data/safe_contracts/ERC7786Recipient.sol"" not found: File not found. Searched the following locations: """".
 --> data/safe_contracts/openzeppelin_all/crosschain_bridges_BridgeERC20Core.sol:7:1:
  |
7 | import {ERC7786Recipient} from ""../ERC7786Recipient.sol"";
  | ^^^^^^^^^^^^^^^^^^^^^^^^^^^^^^^^^^^^^^^^^^^^^^^^^^^^^^^^^

Error: Source ""data/safe_contracts/CrosschainLinked.sol"" not found: File not found. Searched the following locations: """".
 --> data/safe_contracts/openzeppelin_all/crosschain_bridges_BridgeERC20Core.sol:8:1:
  |
8 | import {CrosschainLinked} from ""../CrosschainLinked.sol"";
  | ^^^^^^^^^^^^^^^^^^^^^^^^^^^^^^^^^^^^^^^^^^^^^^^^^^^^^^^^^

",0,0,0,0,0.0,False,0,0,0,0,0,0,0.0,False,0,0,0.0,0,0,0,False,0,0,0.0,0
3572,oz_mocks_BatchCaller,,data/safe_contracts/openzeppelin_all/mocks_BatchCaller.sol,,openzeppelin,False,False,False,False,False,False,False,False,False,False,False,False,False,False,False,False,False,False,False,False,False,False,False,False,False,0,0,0,0,0,0,0,0,0,0,1,0,0.0,0,0,0.0,0,0,0,0,0,0,0,0,0,0,0,0.0,0.0,0.0,0.0,False,simple,0,IMPORT_ERROR,"File not found: Invalid compilation: 
Invalid solc compilation Error: Source ""data/safe_contracts/utils/Address.sol"" not found: File not found. Searched the following locations: """".
 --> data/safe_contracts/openzeppelin_all/mocks_BatchCaller.sol:4:1:
  |
4 | import {Address} from ""../utils/Address.sol"";
  | ^^^^^^^^^^^^^^^^^^^^^^^^^^^^^^^^^^^^^^^^^^^^^

",0,0,0,0,0.0,False,0,0,0,0,0,0,0.0,False,0,0,0.0,0,0,0,False,0,0,0.0,0
3573,oz_token_ERC20_extensions_ERC20Crosschain,,data/safe_contracts/openzeppelin_all/token_ERC20_extensions_ERC20Crosschain.sol,,openzeppelin,False,False,False,False,False,False,False,False,False,False,False,False,False,False,False,False,False,False,False,False,False,False,False,False,False,0,0,0,0,0,0,0,0,0,0,1,0,0.0,0,0,0.0,0,0,0,0,0,0,0,0,0,0,0,0.0,0.0,0.0,0.0,False,simple,0,IMPORT_ERROR,"File not found: Invalid compilation: 
Invalid solc compilation Error: Source ""data/safe_contracts/ERC20.sol"" not found: File not found. Searched the following locations: """".
 --> data/safe_contracts/openzeppelin_all/token_ERC20_extensions_ERC20Crosschain.sol:5:1:
  |
5 | import {ERC20} from ""../ERC20.sol"";
  | ^^^^^^^^^^^^^^^^^^^^^^^^^^^^^^^^^^^

Error: Source ""crosschain/bridges/BridgeERC20Core.sol"" not found: File not found. Searched the following locations: """".
 --> data/safe_contracts/openzeppelin_all/token_ERC20_extensions_ERC20Crosschain.sol:6:1:
  |
6 | import {BridgeERC20Core} from ""../../../crosschain/bridges/BridgeERC20Core.sol"";
  | ^^^^^^^^^^^^^^^^^^^^^^^^^^^^^^^^^^^^^^^^^^^^^^^^^^^^^^^^^^^^^^^^^^^^^^^^^^^^^^^^

",0,0,0,0,0.0,False,0,0,0,0,0,0,0.0,False,0,0,0.0,0,0,0,False,0,0,0.0,0
3574,oz_utils_Base64,,data/safe_contracts/openzeppelin_all/utils_Base64.sol,,openzeppelin,False,False,False,False,False,False,False,False,False,False,False,False,False,False,False,False,False,False,False,False,False,False,False,False,False,0,0,0,0,0,0,0,0,0,0,1,0,0.0,0,0,0.0,0,0,0,0,0,0,0,0,0,0,0,0.0,0.0,0.0,0.0,False,simple,0,IMPORT_ERROR,"File not found: Invalid compilation: 
Invalid solc compilation Error: Source ""data/safe_contracts/openzeppelin_all/math/SafeCast.sol"" not found: File not found. Searched the following locations: """".
 --> data/safe_contracts/openzeppelin_all/utils_Base64.sol:6:1:
  |
6 | import {SafeCast} from ""./math/SafeCast.sol"";
  | ^^^^^^^^^^^^^^^^^^^^^^^^^^^^^^^^^^^^^^^^^^^^^

",0,0,0,0,0.0,False,0,0,0,0,0,0,0.0,False,0,0,0.0,0,0,0,False,0,0,0.0,0
3575,oz_governance_extensions_GovernorCountingFractional,,data/safe_contracts/openzeppelin_all/governance_extensions_GovernorCountingFractional.sol,,openzeppelin,False,False,False,False,False,False,False,False,False,False,False,False,False,False,False,False,False,False,False,False,False,False,False,False,False,0,0,0,0,0,0,0,0,0,0,1,0,0.0,0,0,0.0,0,0,0,0,0,0,0,0,0,0,0,0.0,0.0,0.0,0.0,False,simple,0,IMPORT_ERROR,"File not found: Invalid compilation: 
Invalid solc compilation Error: Source ""data/safe_contracts/Governor.sol"" not found: File not found. Searched the following locations: """".
 --> data/safe_contracts/openzeppelin_all/governance_extensions_GovernorCountingFractional.sol:6:1:
  |
6 | import {IGovernor, Governor} from ""../Governor.sol"";
  | ^^^^^^^^^^^^^^^^^^^^^^^^^^^^^^^^^^^^^^^^^^^^^^^^^^^^

Error: Source ""data/safe_contracts/openzeppelin_all/GovernorCountingSimple.sol"" not found: File not found. Searched the following locations: """".
 --> data/safe_contracts/openzeppelin_all/governance_extensions_GovernorCountingFractional.sol:7:1:
  |
7 | import {GovernorCountingSimple} from ""./GovernorCountingSimple.sol"";
  | ^^^^^^^^^^^^^^^^^^^^^^^^^^^^^^^^^^^^^^^^^^^^^^^^^^^^^^^^^^^^^^^^^^^^

Error: Source ""data/utils/math/Math.sol"" not found: File not found. Searched the following locations: """".
 --> data/safe_contracts/openzeppelin_all/governance_extensions_GovernorCountingFractional.sol:8:1:
  |
8 | import {Math} from ""../../utils/math/Math.sol"";
  | ^^^^^^^^^^^^^^^^^^^^^^^^^^^^^^^^^^^^^^^^^^^^^^^

",0,0,0,0,0.0,False,0,0,0,0,0,0,0.0,False,0,0,0.0,0,0,0,False,0,0,0.0,0
3576,oz_governance_extensions_GovernorNoncesKeyed,,data/safe_contracts/openzeppelin_all/governance_extensions_GovernorNoncesKeyed.sol,,openzeppelin,False,False,False,False,False,False,False,False,False,False,False,False,False,False,False,False,False,False,False,False,False,False,False,False,False,0,0,0,0,0,0,0,0,0,0,1,0,0.0,0,0,0.0,0,0,0,0,0,0,0,0,0,0,0,0.0,0.0,0.0,0.0,False,simple,0,IMPORT_ERROR,"File not found: Invalid compilation: 
Invalid solc compilation Error: Source ""data/safe_contracts/Governor.sol"" not found: File not found. Searched the following locations: """".
 --> data/safe_contracts/openzeppelin_all/governance_extensions_GovernorNoncesKeyed.sol:6:1:
  |
6 | import {Governor} from ""../Governor.sol"";
  | ^^^^^^^^^^^^^^^^^^^^^^^^^^^^^^^^^^^^^^^^^

Error: Source ""data/utils/Nonces.sol"" not found: File not found. Searched the following locations: """".
 --> data/safe_contracts/openzeppelin_all/governance_extensions_GovernorNoncesKeyed.sol:7:1:
  |
7 | import {Nonces} from ""../../utils/Nonces.sol"";
  | ^^^^^^^^^^^^^^^^^^^^^^^^^^^^^^^^^^^^^^^^^^^^^^

Error: Source ""data/utils/NoncesKeyed.sol"" not found: File not found. Searched the following locations: """".
 --> data/safe_contracts/openzeppelin_all/governance_extensions_GovernorNoncesKeyed.sol:8:1:
  |
8 | import {NoncesKeyed} from ""../../utils/NoncesKeyed.sol"";
  | ^^^^^^^^^^^^^^^^^^^^^^^^^^^^^^^^^^^^^^^^^^^^^^^^^^^^^^^^

Error: Source ""data/utils/cryptography/SignatureChecker.sol"" not found: File not found. Searched the following locations: """".
 --> data/safe_contracts/openzeppelin_all/governance_extensions_GovernorNoncesKeyed.sol:9:1:
  |
9 | import {SignatureChecker} from ""../../utils/cryptography/SignatureChecker.sol"";
  | ^^^^^^^^^^^^^^^^^^^^^^^^^^^^^^^^^^^^^^^^^^^^^^^^^^^^^^^^^^^^^^^^^^^^^^^^^^^^^^^

",0,0,0,0,0.0,False,0,0,0,0,0,0,0.0,False,0,0,0.0,0,0,0,False,0,0,0.0,0
3577,oz_utils_Packing,,data/safe_contracts/openzeppelin_all/utils_Packing.sol,,openzeppelin,False,False,False,False,False,False,False,False,False,False,False,False,False,False,True,False,False,False,False,False,False,False,True,False,False,0,0,638,212,0,0,0,3,0,1442,1,1,1.7358490566037736,0,32,0.022191400832177532,0,0,0,0,426,212,0,0,0,4,2,0.0,0.0,638.0,91616.8,True,complex,2,,,1350,1216,0,5,0.9007407407407407,False,0,368,212,156,0,0,0.0,False,0,212,0.7358490566037735,57,0,0,False,0,502,0.0,212
3578,oz_governance_extensions_GovernorSettings,,data/safe_contracts/openzeppelin_all/governance_extensions_GovernorSettings.sol,,openzeppelin,False,False,False,False,False,False,False,False,False,False,False,False,False,False,False,False,False,False,False,False,False,False,False,False,False,0,0,0,0,0,0,0,0,0,0,1,0,0.0,0,0,0.0,0,0,0,0,0,0,0,0,0,0,0,0.0,0.0,0.0,0.0,False,simple,0,IMPORT_ERROR,"File not found: Invalid compilation: 
Invalid solc compilation Error: Source ""data/safe_contracts/Governor.sol"" not found: File not found. Searched the following locations: """".
 --> data/safe_contracts/openzeppelin_all/governance_extensions_GovernorSettings.sol:6:1:
  |
6 | import {IGovernor, Governor} from ""../Governor.sol"";
  | ^^^^^^^^^^^^^^^^^^^^^^^^^^^^^^^^^^^^^^^^^^^^^^^^^^^^

",0,0,0,0,0.0,False,0,0,0,0,0,0,0.0,False,0,0,0.0,0,0,0,False,0,0,0.0,0
3579,oz_mocks_compound_CompTimelock,,data/safe_contracts/openzeppelin_all/mocks_compound_CompTimelock.sol,,openzeppelin,False,False,True,True,False,False,True,False,False,False,False,False,False,False,False,False,False,False,False,False,False,False,True,False,False,0,0,9,10,5,7,0,3,1,145,1,1,1.2,0,27,0.18620689655172415,2,0,0,0,3,6,0,0,0,5,4,0.0,0.0,9.0,12.96,True,moderate,1,,,56,47,0,16,0.8392857142857143,False,3,12,10,16,1,5,0.23809523809523808,False,8,2,1.6,7,7,6,True,1,19,6.0,6
3580,oz_account_Account,,data/safe_contracts/openzeppelin_all/account_Account.sol,,openzeppelin,False,False,False,False,False,False,False,False,False,False,False,False,False,False,False,False,False,False,False,False,False,False,False,False,False,0,0,0,0,0,0,0,0,0,0,1,0,0.0,0,0,0.0,0,0,0,0,0,0,0,0,0,0,0,0.0,0.0,0.0,0.0,False,simple,0,IMPORT_ERROR,"File not found: Invalid compilation: 
Invalid solc compilation Error: Source ""data/safe_contracts/interfaces/draft-IERC4337.sol"" not found: File not found. Searched the following locations: """".
 --> data/safe_contracts/openzeppelin_all/account_Account.sol:6:1:
  |
6 | import {PackedUserOperation, IAccount, IEntryPoint} from ""../interfaces/draft-IERC4337.sol"";
  | ^^^^^^^^^^^^^^^^^^^^^^^^^^^^^^^^^^^^^^^^^^^^^^^^^^^^^^^^^^^^^^^^^^^^^^^^^^^^^^^^^^^^^^^^^^^^

Error: Source ""data/safe_contracts/openzeppelin_all/utils/draft-ERC4337Utils.sol"" not found: File not found. Searched the following locations: """".
 --> data/safe_contracts/openzeppelin_all/account_Account.sol:7:1:
  |
7 | import {ERC4337Utils} from ""./utils/draft-ERC4337Utils.sol"";
  | ^^^^^^^^^^^^^^^^^^^^^^^^^^^^^^^^^^^^^^^^^^^^^^^^^^^^^^^^^^^^

Error: Source ""data/safe_contracts/utils/cryptography/signers/AbstractSigner.sol"" not found: File not found. Searched the following locations: """".
 --> data/safe_contracts/openzeppelin_all/account_Account.sol:8:1:
  |
8 | import {AbstractSigner} from ""../utils/cryptography/signers/AbstractSigner.sol"";
  | ^^^^^^^^^^^^^^^^^^^^^^^^^^^^^^^^^^^^^^^^^^^^^^^^^^^^^^^^^^^^^^^^^^^^^^^^^^^^^^^^

Error: Source ""data/safe_contracts/utils/LowLevelCall.sol"" not found: File not found. Searched the following locations: """".
 --> data/safe_contracts/openzeppelin_all/account_Account.sol:9:1:
  |
9 | import {LowLevelCall} from ""../utils/LowLevelCall.sol"";
  | ^^^^^^^^^^^^^^^^^^^^^^^^^^^^^^^^^^^^^^^^^^^^^^^^^^^^^^^

",0,0,0,0,0.0,False,0,0,0,0,0,0,0.0,False,0,0,0.0,0,0,0,False,0,0,0.0,0
3581,oz_mocks_governance_GovernorSuperQuorumMock,,data/safe_contracts/openzeppelin_all/mocks_governance_GovernorSuperQuorumMock.sol,,openzeppelin,False,False,False,False,False,False,False,False,False,False,False,False,False,False,False,False,False,False,False,False,False,False,False,False,False,0,0,0,0,0,0,0,0,0,0,1,0,0.0,0,0,0.0,0,0,0,0,0,0,0,0,0,0,0,0.0,0.0,0.0,0.0,False,simple,0,IMPORT_ERROR,"File not found: Invalid compilation: 
Invalid solc compilation Error: Source ""data/governance/Governor.sol"" not found: File not found. Searched the following locations: """".
 --> data/safe_contracts/openzeppelin_all/mocks_governance_GovernorSuperQuorumMock.sol:5:1:
  |
5 | import {Governor} from ""../../governance/Governor.sol"";
  | ^^^^^^^^^^^^^^^^^^^^^^^^^^^^^^^^^^^^^^^^^^^^^^^^^^^^^^^

Error: Source ""data/governance/extensions/GovernorSettings.sol"" not found: File not found. Searched the following locations: """".
 --> data/safe_contracts/openzeppelin_all/mocks_governance_GovernorSuperQuorumMock.sol:6:1:
  |
6 | import {GovernorSettings} from ""../../governance/extensions/GovernorSettings.sol"";
  | ^^^^^^^^^^^^^^^^^^^^^^^^^^^^^^^^^^^^^^^^^^^^^^^^^^^^^^^^^^^^^^^^^^^^^^^^^^^^^^^^^^

Error: Source ""data/governance/extensions/GovernorVotes.sol"" not found: File not found. Searched the following locations: """".
 --> data/safe_contracts/openzeppelin_all/mocks_governance_GovernorSuperQuorumMock.sol:7:1:
  |
7 | import {GovernorVotes} from ""../../governance/extensions/GovernorVotes.sol"";
  | ^^^^^^^^^^^^^^^^^^^^^^^^^^^^^^^^^^^^^^^^^^^^^^^^^^^^^^^^^^^^^^^^^^^^^^^^^^^^

Error: Source ""data/governance/extensions/GovernorSuperQuorum.sol"" not found: File not found. Searched the following locations: """".
 --> data/safe_contracts/openzeppelin_all/mocks_governance_GovernorSuperQuorumMock.sol:8:1:
  |
8 | import {GovernorSuperQuorum} from ""../../governance/extensions/GovernorSuperQuorum.sol"";
  | ^^^^^^^^^^^^^^^^^^^^^^^^^^^^^^^^^^^^^^^^^^^^^^^^^^^^^^^^^^^^^^^^^^^^^^^^^^^^^^^^^^^^^^^^

Error: Source ""data/governance/extensions/GovernorCountingSimple.sol"" not found: File not found. Searched the following locations: """".
 --> data/safe_contracts/openzeppelin_all/mocks_governance_GovernorSuperQuorumMock.sol:9:1:
  |
9 | import {GovernorCountingSimple} from ""../../governance/extensions/GovernorCountingSimple.sol"";
  | ^^^^^^^^^^^^^^^^^^^^^^^^^^^^^^^^^^^^^^^^^^^^^^^^^^^^^^^^^^^^^^^^^^^^^^^^^^^^",0,0,0,0,0.0,False,0,0,0,0,0,0,0.0,False,0,0,0.0,0,0,0,False,0,0,0.0,0
3582,oz_interfaces_IERC5313,,data/safe_contracts/openzeppelin_all/interfaces_IERC5313.sol,,openzeppelin,False,False,False,False,False,False,False,False,False,False,False,False,False,False,False,False,False,False,False,False,False,False,True,False,False,0,0,2,1,0,0,0,1,0,14,1,1,1.0,0,10,0.7142857142857143,0,0,0,0,2,0,0,0,0,1,1,0.0,0.0,2.0,4.0,False,simple,0,,,0,0,0,0,0.0,False,0,0,1,0,0,0,0.0,False,1,0,0.0,1,0,0,False,0,0,0.0,0
3583,oz_utils_cryptography_signers_SignerP256,,data/safe_contracts/openzeppelin_all/utils_cryptography_signers_SignerP256.sol,,openzeppelin,False,False,False,False,False,False,False,False,False,False,False,False,False,False,False,False,False,False,False,False,False,False,False,False,False,0,0,0,0,0,0,0,0,0,0,1,0,0.0,0,0,0.0,0,0,0,0,0,0,0,0,0,0,0,0.0,0.0,0.0,0.0,False,simple,0,IMPORT_ERROR,"File not found: Invalid compilation: 
Invalid solc compilation Error: Source ""data/safe_contracts/openzeppelin_all/AbstractSigner.sol"" not found: File not found. Searched the following locations: """".
 --> data/safe_contracts/openzeppelin_all/utils_cryptography_signers_SignerP256.sol:6:1:
  |
6 | import {AbstractSigner} from ""./AbstractSigner.sol"";
  | ^^^^^^^^^^^^^^^^^^^^^^^^^^^^^^^^^^^^^^^^^^^^^^^^^^^^

Error: Source ""data/safe_contracts/P256.sol"" not found: File not found. Searched the following locations: """".
 --> data/safe_contracts/openzeppelin_all/utils_cryptography_signers_SignerP256.sol:7:1:
  |
7 | import {P256} from ""../P256.sol"";
  | ^^^^^^^^^^^^^^^^^^^^^^^^^^^^^^^^^

",0,0,0,0,0.0,False,0,0,0,0,0,0,0.0,False,0,0,0.0,0,0,0,False,0,0,0.0,0
3584,oz_utils_Calldata,,data/safe_contracts/openzeppelin_all/utils_Calldata.sol,,openzeppelin,False,False,False,False,False,False,False,False,False,False,False,False,False,False,True,False,False,False,False,False,False,False,True,False,False,0,0,6,2,0,0,0,1,0,22,1,1,1.0,0,7,0.3181818181818182,0,0,0,0,4,2,0,0,0,3,2,0.0,0.0,6.0,10.8,False,simple,0,,,10,8,0,4,0.8,False,0,2,2,0,0,0,0.0,False,0,2,0.0,2,0,0,False,0,0,0.0,0
3585,oz_governance_extensions_GovernorProposalGuardian,,data/safe_contracts/openzeppelin_all/governance_extensions_GovernorProposalGuardian.sol,,openzeppelin,False,False,False,False,False,False,False,False,False,False,False,False,False,False,False,False,False,False,False,False,False,False,False,False,False,0,0,0,0,0,0,0,0,0,0,1,0,0.0,0,0,0.0,0,0,0,0,0,0,0,0,0,0,0,0.0,0.0,0.0,0.0,False,simple,0,IMPORT_ERROR,"File not found: Invalid compilation: 
Invalid solc compilation Error: Source ""data/safe_contracts/Governor.sol"" not found: File not found. Searched the following locations: """".
 --> data/safe_contracts/openzeppelin_all/governance_extensions_GovernorProposalGuardian.sol:6:1:
  |
6 | import {Governor} from ""../Governor.sol"";
  | ^^^^^^^^^^^^^^^^^^^^^^^^^^^^^^^^^^^^^^^^^

",0,0,0,0,0.0,False,0,0,0,0,0,0,0.0,False,0,0,0.0,0,0,0,False,0,0,0.0,0
3586,oz_mocks_CallReceiverMock,,data/safe_contracts/openzeppelin_all/mocks_CallReceiverMock.sol,,openzeppelin,False,False,False,False,False,False,False,False,False,False,False,False,False,False,True,True,False,False,False,False,False,False,True,False,False,0,1,7,15,1,1,0,3,0,83,2,1,1.1333333333333333,0,1,0.012048192771084338,11,0,0,0,7,2,0,1,1,6,2,0.0,0.0,12.0,16.8,False,moderate,1,,,48,33,1,5,0.6875,False,8,17,15,6,1,1,0.14285714285714285,False,15,0,0.4,13,1,0,True,0,14,0.0,6
3587,oz_utils_Pausable,,data/safe_contracts/openzeppelin_all/utils_Pausable.sol,,openzeppelin,False,False,False,False,False,False,False,False,False,False,False,False,False,False,False,False,False,False,False,False,False,False,False,False,False,0,0,0,0,0,0,0,0,0,0,1,0,0.0,0,0,0.0,0,0,0,0,0,0,0,0,0,0,0,0.0,0.0,0.0,0.0,False,simple,0,IMPORT_ERROR,"File not found: Invalid compilation: 
Invalid solc compilation Error: Source ""data/safe_contracts/utils/Context.sol"" not found: File not found. Searched the following locations: """".
 --> data/safe_contracts/openzeppelin_all/utils_Pausable.sol:6:1:
  |
6 | import {Context} from ""../utils/Context.sol"";
  | ^^^^^^^^^^^^^^^^^^^^^^^^^^^^^^^^^^^^^^^^^^^^^

",0,0,0,0,0.0,False,0,0,0,0,0,0,0.0,False,0,0,0.0,0,0,0,False,0,0,0.0,0
3588,oz_token_ERC721_extensions_ERC721URIStorage,,data/safe_contracts/openzeppelin_all/token_ERC721_extensions_ERC721URIStorage.sol,,openzeppelin,False,False,False,False,False,False,False,False,False,False,False,False,False,False,False,False,False,False,False,False,False,False,False,False,False,0,0,0,0,0,0,0,0,0,0,1,0,0.0,0,0,0.0,0,0,0,0,0,0,0,0,0,0,0,0.0,0.0,0.0,0.0,False,simple,0,IMPORT_ERROR,"File not found: Invalid compilation: 
Invalid solc compilation Error: Source ""data/safe_contracts/ERC721.sol"" not found: File not found. Searched the following locations: """".
 --> data/safe_contracts/openzeppelin_all/token_ERC721_extensions_ERC721URIStorage.sol:6:1:
  |
6 | import {ERC721} from ""../ERC721.sol"";
  | ^^^^^^^^^^^^^^^^^^^^^^^^^^^^^^^^^^^^^

Error: Source ""data/safe_contracts/openzeppelin_all/IERC721Metadata.sol"" not found: File not found. Searched the following locations: """".
 --> data/safe_contracts/openzeppelin_all/token_ERC721_extensions_ERC721URIStorage.sol:7:1:
  |
7 | import {IERC721Metadata} from ""./IERC721Metadata.sol"";
  | ^^^^^^^^^^^^^^^^^^^^^^^^^^^^^^^^^^^^^^^^^^^^^^^^^^^^^^

Error: Source ""interfaces/IERC4906.sol"" not found: File not found. Searched the following locations: """".
 --> data/safe_contracts/openzeppelin_all/token_ERC721_extensions_ERC721URIStorage.sol:8:1:
  |
8 | import {IERC4906} from ""../../../interfaces/IERC4906.sol"";
  | ^^^^^^^^^^^^^^^^^^^^^^^^^^^^^^^^^^^^^^^^^^^^^^^^^^^^^^^^^^

Error: Source ""interfaces/IERC165.sol"" not found: File not found. Searched the following locations: """".
 --> data/safe_contracts/openzeppelin_all/token_ERC721_extensions_ERC721URIStorage.sol:9:1:
  |
9 | import {IERC165} from ""../../../interfaces/IERC165.sol"";
  | ^^^^^^^^^^^^^^^^^^^^^^^^^^^^^^^^^^^^^^^^^^^^^^^^^^^^^^^^

",0,0,0,0,0.0,False,0,0,0,0,0,0,0.0,False,0,0,0.0,0,0,0,False,0,0,0.0,0
3589,oz_mocks_ERC2771ContextMock,,data/safe_contracts/openzeppelin_all/mocks_ERC2771ContextMock.sol,,openzeppelin,False,False,False,False,False,False,False,False,False,False,False,False,False,False,False,False,False,False,False,False,False,False,False,False,False,0,0,0,0,0,0,0,0,0,0,1,0,0.0,0,0,0.0,0,0,0,0,0,0,0,0,0,0,0,0.0,0.0,0.0,0.0,False,simple,0,IMPORT_ERROR,"File not found: Invalid compilation: 
Invalid solc compilation Error: Source ""data/safe_contracts/openzeppelin_all/ContextMock.sol"" not found: File not found. Searched the following locations: """".
 --> data/safe_contracts/openzeppelin_all/mocks_ERC2771ContextMock.sol:5:1:
  |
5 | import {ContextMock} from ""./ContextMock.sol"";
  | ^^^^^^^^^^^^^^^^^^^^^^^^^^^^^^^^^^^^^^^^^^^^^^

Error: Source ""data/safe_contracts/utils/Context.sol"" not found: File not found. Searched the following locations: """".
 --> data/safe_contracts/openzeppelin_all/mocks_ERC2771ContextMock.sol:6:1:
  |
6 | import {Context} from ""../utils/Context.sol"";
  | ^^^^^^^^^^^^^^^^^^^^^^^^^^^^^^^^^^^^^^^^^^^^^

Error: Source ""data/safe_contracts/utils/Multicall.sol"" not found: File not found. Searched the following locations: """".
 --> data/safe_contracts/openzeppelin_all/mocks_ERC2771ContextMock.sol:7:1:
  |
7 | import {Multicall} from ""../utils/Multicall.sol"";
  | ^^^^^^^^^^^^^^^^^^^^^^^^^^^^^^^^^^^^^^^^^^^^^^^^^

Error: Source ""data/safe_contracts/metatx/ERC2771Context.sol"" not found: File not found. Searched the following locations: """".
 --> data/safe_contracts/openzeppelin_all/mocks_ERC2771ContextMock.sol:8:1:
  |
8 | import {ERC2771Context} from ""../metatx/ERC2771Context.sol"";
  | ^^^^^^^^^^^^^^^^^^^^^^^^^^^^^^^^^^^^^^^^^^^^^^^^^^^^^^^^^^^^

",0,0,0,0,0.0,False,0,0,0,0,0,0,0.0,False,0,0,0.0,0,0,0,False,0,0,0.0,0
3590,oz_token_ERC1155_IERC1155,,data/safe_contracts/openzeppelin_all/token_ERC1155_IERC1155.sol,,openzeppelin,False,False,False,False,False,False,False,False,False,False,False,False,False,False,False,False,False,False,False,False,False,False,False,False,False,0,0,0,0,0,0,0,0,0,0,1,0,0.0,0,0,0.0,0,0,0,0,0,0,0,0,0,0,0,0.0,0.0,0.0,0.0,False,simple,0,IMPORT_ERROR,"File not found: Invalid compilation: 
Invalid solc compilation Error: Source ""data/utils/introspection/IERC165.sol"" not found: File not found. Searched the following locations: """".
 --> data/safe_contracts/openzeppelin_all/token_ERC1155_IERC1155.sol:6:1:
  |
6 | import {IERC165} from ""../../utils/introspection/IERC165.sol"";
  | ^^^^^^^^^^^^^^^^^^^^^^^^^^^^^^^^^^^^^^^^^^^^^^^^^^^^^^^^^^^^^^

",0,0,0,0,0.0,False,0,0,0,0,0,0,0.0,False,0,0,0.0,0,0,0,False,0,0,0.0,0
3591,oz_mocks_token_ERC721URIStorageMock,,data/safe_contracts/openzeppelin_all/mocks_token_ERC721URIStorageMock.sol,,openzeppelin,False,False,False,False,False,False,False,False,False,False,False,False,False,False,False,False,False,False,False,False,False,False,False,False,False,0,0,0,0,0,0,0,0,0,0,1,0,0.0,0,0,0.0,0,0,0,0,0,0,0,0,0,0,0,0.0,0.0,0.0,0.0,False,simple,0,IMPORT_ERROR,"File not found: Invalid compilation: 
Invalid solc compilation Error: Source ""data/token/ERC721/extensions/ERC721URIStorage.sol"" not found: File not found. Searched the following locations: """".
 --> data/safe_contracts/openzeppelin_all/mocks_token_ERC721URIStorageMock.sol:5:1:
  |
5 | import {ERC721URIStorage} from ""../../token/ERC721/extensions/ERC721URIStorage.sol"";
  | ^^^^^^^^^^^^^^^^^^^^^^^^^^^^^^^^^^^^^^^^^^^^^^^^^^^^^^^^^^^^^^^^^^^^^^^^^^^^^^^^^^^^

",0,0,0,0,0.0,False,0,0,0,0,0,0,0.0,False,0,0,0.0,0,0,0,False,0,0,0.0,0
3592,oz_utils_Strings,,data/safe_contracts/openzeppelin_all/utils_Strings.sol,,openzeppelin,False,False,False,False,False,False,False,False,False,False,False,False,False,False,False,False,False,False,False,False,False,False,False,False,False,0,0,0,0,0,0,0,0,0,0,1,0,0.0,0,0,0.0,0,0,0,0,0,0,0,0,0,0,0,0.0,0.0,0.0,0.0,False,simple,0,IMPORT_ERROR,"File not found: Invalid compilation: 
Invalid solc compilation Error: Source ""data/safe_contracts/openzeppelin_all/math/Math.sol"" not found: File not found. Searched the following locations: """".
 --> data/safe_contracts/openzeppelin_all/utils_Strings.sol:6:1:
  |
6 | import {Math} from ""./math/Math.sol"";
  | ^^^^^^^^^^^^^^^^^^^^^^^^^^^^^^^^^^^^^

Error: Source ""data/safe_contracts/openzeppelin_all/math/SafeCast.sol"" not found: File not found. Searched the following locations: """".
 --> data/safe_contracts/openzeppelin_all/utils_Strings.sol:7:1:
  |
7 | import {SafeCast} from ""./math/SafeCast.sol"";
  | ^^^^^^^^^^^^^^^^^^^^^^^^^^^^^^^^^^^^^^^^^^^^^

Error: Source ""data/safe_contracts/openzeppelin_all/math/SignedMath.sol"" not found: File not found. Searched the following locations: """".
 --> data/safe_contracts/openzeppelin_all/utils_Strings.sol:8:1:
  |
8 | import {SignedMath} from ""./math/SignedMath.sol"";
  | ^^^^^^^^^^^^^^^^^^^^^^^^^^^^^^^^^^^^^^^^^^^^^^^^^

Error: Source ""data/safe_contracts/openzeppelin_all/Bytes.sol"" not found: File not found. Searched the following locations: """".
 --> data/safe_contracts/openzeppelin_all/utils_Strings.sol:9:1:
  |
9 | import {Bytes} from ""./Bytes.sol"";
  | ^^^^^^^^^^^^^^^^^^^^^^^^^^^^^^^^^^

",0,0,0,0,0.0,False,0,0,0,0,0,0,0.0,False,0,0,0.0,0,0,0,False,0,0,0.0,0
3593,oz_mocks_docs_governance_MyToken,,data/safe_contracts/openzeppelin_all/mocks_docs_governance_MyToken.sol,,openzeppelin,False,False,False,False,False,False,False,False,False,False,False,False,False,False,False,False,False,False,False,False,False,False,False,False,False,0,0,0,0,0,0,0,0,0,0,1,0,0.0,0,0,0.0,0,0,0,0,0,0,0,0,0,0,0,0.0,0.0,0.0,0.0,False,simple,0,IMPORT_ERROR,"File not found: Invalid compilation: 
Invalid solc compilation Error: Source ""token/ERC20/ERC20.sol"" not found: File not found. Searched the following locations: """".
 --> data/safe_contracts/openzeppelin_all/mocks_docs_governance_MyToken.sol:4:1:
  |
4 | import {ERC20} from ""../../../token/ERC20/ERC20.sol"";
  | ^^^^^^^^^^^^^^^^^^^^^^^^^^^^^^^^^^^^^^^^^^^^^^^^^^^^^

Error: Source ""token/ERC20/extensions/ERC20Permit.sol"" not found: File not found. Searched the following locations: """".
 --> data/safe_contracts/openzeppelin_all/mocks_docs_governance_MyToken.sol:5:1:
  |
5 | import {ERC20Permit} from ""../../../token/ERC20/extensions/ERC20Permit.sol"";
  | ^^^^^^^^^^^^^^^^^^^^^^^^^^^^^^^^^^^^^^^^^^^^^^^^^^^^^^^^^^^^^^^^^^^^^^^^^^^^

Error: Source ""token/ERC20/extensions/ERC20Votes.sol"" not found: File not found. Searched the following locations: """".
 --> data/safe_contracts/openzeppelin_all/mocks_docs_governance_MyToken.sol:6:1:
  |
6 | import {ERC20Votes} from ""../../../token/ERC20/extensions/ERC20Votes.sol"";
  | ^^^^^^^^^^^^^^^^^^^^^^^^^^^^^^^^^^^^^^^^^^^^^^^^^^^^^^^^^^^^^^^^^^^^^^^^^^

Error: Source ""utils/Nonces.sol"" not found: File not found. Searched the following locations: """".
 --> data/safe_contracts/openzeppelin_all/mocks_docs_governance_MyToken.sol:7:1:
  |
7 | import {Nonces} from ""../../../utils/Nonces.sol"";
  | ^^^^^^^^^^^^^^^^^^^^^^^^^^^^^^^^^^^^^^^^^^^^^^^^^

",0,0,0,0,0.0,False,0,0,0,0,0,0,0.0,False,0,0,0.0,0,0,0,False,0,0,0.0,0
3594,oz_utils_cryptography_MerkleProof,,data/safe_contracts/openzeppelin_all/utils_cryptography_MerkleProof.sol,,openzeppelin,False,False,False,False,False,False,False,False,False,False,False,False,False,False,False,False,False,False,False,False,False,False,False,False,False,0,0,0,0,0,0,0,0,0,0,1,0,0.0,0,0,0.0,0,0,0,0,0,0,0,0,0,0,0,0.0,0.0,0.0,0.0,False,simple,0,IMPORT_ERROR,"File not found: Invalid compilation: 
Invalid solc compilation Error: Source ""data/safe_contracts/openzeppelin_all/Hashes.sol"" not found: File not found. Searched the following locations: """".
 --> data/safe_contracts/openzeppelin_all/utils_cryptography_MerkleProof.sol:7:1:
  |
7 | import {Hashes} from ""./Hashes.sol"";
  | ^^^^^^^^^^^^^^^^^^^^^^^^^^^^^^^^^^^^

",0,0,0,0,0.0,False,0,0,0,0,0,0,0.0,False,0,0,0.0,0,0,0,False,0,0,0.0,0
3595,oz_token_ERC1155_extensions_IERC1155MetadataURI,,data/safe_contracts/openzeppelin_all/token_ERC1155_extensions_IERC1155MetadataURI.sol,,openzeppelin,False,False,False,False,False,False,False,False,False,False,False,False,False,False,False,False,False,False,False,False,False,False,False,False,False,0,0,0,0,0,0,0,0,0,0,1,0,0.0,0,0,0.0,0,0,0,0,0,0,0,0,0,0,0,0.0,0.0,0.0,0.0,False,simple,0,IMPORT_ERROR,"File not found: Invalid compilation: 
Invalid solc compilation Error: Source ""data/safe_contracts/IERC1155.sol"" not found: File not found. Searched the following locations: """".
 --> data/safe_contracts/openzeppelin_all/token_ERC1155_extensions_IERC1155MetadataURI.sol:6:1:
  |
6 | import {IERC1155} from ""../IERC1155.sol"";
  | ^^^^^^^^^^^^^^^^^^^^^^^^^^^^^^^^^^^^^^^^^

",0,0,0,0,0.0,False,0,0,0,0,0,0,0.0,False,0,0,0.0,0,0,0,False,0,0,0.0,0
3596,oz_interfaces_IERC721,,data/safe_contracts/openzeppelin_all/interfaces_IERC721.sol,,openzeppelin,False,False,False,False,False,False,False,False,False,False,False,False,False,False,False,False,False,False,False,False,False,False,False,False,False,0,0,0,0,0,0,0,0,0,0,1,0,0.0,0,0,0.0,0,0,0,0,0,0,0,0,0,0,0,0.0,0.0,0.0,0.0,False,simple,0,IMPORT_ERROR,"File not found: Invalid compilation: 
Invalid solc compilation Error: Source ""data/safe_contracts/token/ERC721/IERC721.sol"" not found: File not found. Searched the following locations: """".
 --> data/safe_contracts/openzeppelin_all/interfaces_IERC721.sol:6:1:
  |
6 | import {IERC721} from ""../token/ERC721/IERC721.sol"";
  | ^^^^^^^^^^^^^^^^^^^^^^^^^^^^^^^^^^^^^^^^^^^^^^^^^^^^

",0,0,0,0,0.0,False,0,0,0,0,0,0,0.0,False,0,0,0.0,0,0,0,False,0,0,0.0,0
3597,oz_utils_cryptography_signers_SignerWebAuthn,,data/safe_contracts/openzeppelin_all/utils_cryptography_signers_SignerWebAuthn.sol,,openzeppelin,False,False,False,False,False,False,False,False,False,False,False,False,False,False,False,False,False,False,False,False,False,False,False,False,False,0,0,0,0,0,0,0,0,0,0,1,0,0.0,0,0,0.0,0,0,0,0,0,0,0,0,0,0,0,0.0,0.0,0.0,0.0,False,simple,0,IMPORT_ERROR,"File not found: Invalid compilation: 
Invalid solc compilation Error: Source ""data/safe_contracts/openzeppelin_all/SignerP256.sol"" not found: File not found. Searched the following locations: """".
 --> data/safe_contracts/openzeppelin_all/utils_cryptography_signers_SignerWebAuthn.sol:6:1:
  |
6 | import {SignerP256} from ""./SignerP256.sol"";
  | ^^^^^^^^^^^^^^^^^^^^^^^^^^^^^^^^^^^^^^^^^^^^

Error: Source ""data/safe_contracts/WebAuthn.sol"" not found: File not found. Searched the following locations: """".
 --> data/safe_contracts/openzeppelin_all/utils_cryptography_signers_SignerWebAuthn.sol:7:1:
  |
7 | import {WebAuthn} from ""../WebAuthn.sol"";
  | ^^^^^^^^^^^^^^^^^^^^^^^^^^^^^^^^^^^^^^^^^

",0,0,0,0,0.0,False,0,0,0,0,0,0,0.0,False,0,0,0.0,0,0,0,False,0,0,0.0,0
3598,oz_utils_structs_Accumulators,,data/safe_contracts/openzeppelin_all/utils_structs_Accumulators.sol,,openzeppelin,False,False,False,False,False,False,False,False,False,False,False,False,False,False,False,False,False,False,False,False,False,False,False,False,False,0,0,0,0,0,0,0,0,0,0,1,0,0.0,0,0,0.0,0,0,0,0,0,0,0,0,0,0,0,0.0,0.0,0.0,0.0,False,simple,0,IMPORT_ERROR,"File not found: Invalid compilation: 
Invalid solc compilation Error: Source ""data/safe_contracts/Memory.sol"" not found: File not found. Searched the following locations: """".
 --> data/safe_contracts/openzeppelin_all/utils_structs_Accumulators.sol:6:1:
  |
6 | import {Memory} from ""../Memory.sol"";
  | ^^^^^^^^^^^^^^^^^^^^^^^^^^^^^^^^^^^^^

",0,0,0,0,0.0,False,0,0,0,0,0,0,0.0,False,0,0,0.0,0,0,0,False,0,0,0.0,0
3599,oz_governance_utils_Votes,,data/safe_contracts/openzeppelin_all/governance_utils_Votes.sol,,openzeppelin,False,False,False,False,False,False,False,False,False,False,False,False,False,False,False,False,False,False,False,False,False,False,False,False,False,0,0,0,0,0,0,0,0,0,0,1,0,0.0,0,0,0.0,0,0,0,0,0,0,0,0,0,0,0,0.0,0.0,0.0,0.0,False,simple,0,IMPORT_ERROR,"File not found: Invalid compilation: 
Invalid solc compilation Error: Source ""data/interfaces/IERC5805.sol"" not found: File not found. Searched the following locations: """".
 --> data/safe_contracts/openzeppelin_all/governance_utils_Votes.sol:6:1:
  |
6 | import {IERC5805} from ""../../interfaces/IERC5805.sol"";
  | ^^^^^^^^^^^^^^^^^^^^^^^^^^^^^^^^^^^^^^^^^^^^^^^^^^^^^^^

Error: Source ""data/utils/Context.sol"" not found: File not found. Searched the following locations: """".
 --> data/safe_contracts/openzeppelin_all/governance_utils_Votes.sol:7:1:
  |
7 | import {Context} from ""../../utils/Context.sol"";
  | ^^^^^^^^^^^^^^^^^^^^^^^^^^^^^^^^^^^^^^^^^^^^^^^^

Error: Source ""data/utils/Nonces.sol"" not found: File not found. Searched the following locations: """".
 --> data/safe_contracts/openzeppelin_all/governance_utils_Votes.sol:8:1:
  |
8 | import {Nonces} from ""../../utils/Nonces.sol"";
  | ^^^^^^^^^^^^^^^^^^^^^^^^^^^^^^^^^^^^^^^^^^^^^^

Error: Source ""data/utils/cryptography/EIP712.sol"" not found: File not found. Searched the following locations: """".
 --> data/safe_contracts/openzeppelin_all/governance_utils_Votes.sol:9:1:
  |
9 | import {EIP712} from ""../../utils/cryptography/EIP712.sol"";
  | ^^^^^^^^^^^^^^^^^^^^^^^^^^^^^^^^^^^^^^^^^^^^^^^^^^^^^^^^^^^

Error: Source ""data/utils/structs/Checkpoints.sol"" not found: File not found. Searched the following locations: """".
  --> data/safe_contracts/openzeppelin_all/governance_utils_Votes.sol:10:1:
   |
10 | import {Checkpoints} from ""../../utils/structs/Checkpoints.sol"";
   | ^^^^^^^^^^^^^^^^^^^^^^^^^^^^^^^^^^^^^^^^^^^^^^^^^^^^^^^^^^^^^^^^

Error: Source ""data/utils/math/SafeCast.sol"" not found: File not found. Searched the following locations: """".
  --> data/safe_contracts/openzeppelin_all/governance_utils_Votes.sol:11:1:
   |
11 | import {SafeCast} from ""../../utils/math/SafeCast.sol"";
   | ^^^^^^^^^^^^^^^^^^^^^^^^^^^^^^^^^^^^^^^^^^^^^^^^^^^^^^^

Error: Source ""data/utils/cryptography/ECDSA.sol"" not found: File not found. Sea",0,0,0,0,0.0,False,0,0,0,0,0,0,0.0,False,0,0,0.0,0,0,0,False,0,0,0.0,0
3600,oz_interfaces_IERC1363,,data/safe_contracts/openzeppelin_all/interfaces_IERC1363.sol,,openzeppelin,False,False,False,False,False,False,False,False,False,False,False,False,False,False,False,False,False,False,False,False,False,False,False,False,False,0,0,0,0,0,0,0,0,0,0,1,0,0.0,0,0,0.0,0,0,0,0,0,0,0,0,0,0,0,0.0,0.0,0.0,0.0,False,simple,0,IMPORT_ERROR,"File not found: Invalid compilation: 
Invalid solc compilation Error: Source ""data/safe_contracts/openzeppelin_all/IERC20.sol"" not found: File not found. Searched the following locations: """".
 --> data/safe_contracts/openzeppelin_all/interfaces_IERC1363.sol:6:1:
  |
6 | import {IERC20} from ""./IERC20.sol"";
  | ^^^^^^^^^^^^^^^^^^^^^^^^^^^^^^^^^^^^

Error: Source ""data/safe_contracts/openzeppelin_all/IERC165.sol"" not found: File not found. Searched the following locations: """".
 --> data/safe_contracts/openzeppelin_all/interfaces_IERC1363.sol:7:1:
  |
7 | import {IERC165} from ""./IERC165.sol"";
  | ^^^^^^^^^^^^^^^^^^^^^^^^^^^^^^^^^^^^^^

",0,0,0,0,0.0,False,0,0,0,0,0,0,0.0,False,0,0,0.0,0,0,0,False,0,0,0.0,0
3601,oz_token_ERC1155_utils_ERC1155Holder,,data/safe_contracts/openzeppelin_all/token_ERC1155_utils_ERC1155Holder.sol,,openzeppelin,False,False,False,False,False,False,False,False,False,False,False,False,False,False,False,False,False,False,False,False,False,False,False,False,False,0,0,0,0,0,0,0,0,0,0,1,0,0.0,0,0,0.0,0,0,0,0,0,0,0,0,0,0,0,0.0,0.0,0.0,0.0,False,simple,0,IMPORT_ERROR,"File not found: Invalid compilation: 
Invalid solc compilation Error: Source ""utils/introspection/ERC165.sol"" not found: File not found. Searched the following locations: """".
 --> data/safe_contracts/openzeppelin_all/token_ERC1155_utils_ERC1155Holder.sol:6:1:
  |
6 | import {IERC165, ERC165} from ""../../../utils/introspection/ERC165.sol"";
  | ^^^^^^^^^^^^^^^^^^^^^^^^^^^^^^^^^^^^^^^^^^^^^^^^^^^^^^^^^^^^^^^^^^^^^^^^

Error: Source ""data/safe_contracts/IERC1155Receiver.sol"" not found: File not found. Searched the following locations: """".
 --> data/safe_contracts/openzeppelin_all/token_ERC1155_utils_ERC1155Holder.sol:7:1:
  |
7 | import {IERC1155Receiver} from ""../IERC1155Receiver.sol"";
  | ^^^^^^^^^^^^^^^^^^^^^^^^^^^^^^^^^^^^^^^^^^^^^^^^^^^^^^^^^

",0,0,0,0,0.0,False,0,0,0,0,0,0,0.0,False,0,0,0.0,0,0,0,False,0,0,0.0,0
3602,oz_utils_introspection_ERC165Checker,,data/safe_contracts/openzeppelin_all/utils_introspection_ERC165Checker.sol,,openzeppelin,False,False,False,False,False,False,False,False,False,False,False,False,False,False,False,False,False,False,False,False,False,False,False,False,False,0,0,0,0,0,0,0,0,0,0,1,0,0.0,0,0,0.0,0,0,0,0,0,0,0,0,0,0,0,0.0,0.0,0.0,0.0,False,simple,0,IMPORT_ERROR,"File not found: Invalid compilation: 
Invalid solc compilation Error: Source ""data/safe_contracts/openzeppelin_all/IERC165.sol"" not found: File not found. Searched the following locations: """".
 --> data/safe_contracts/openzeppelin_all/utils_introspection_ERC165Checker.sol:6:1:
  |
6 | import {IERC165} from ""./IERC165.sol"";
  | ^^^^^^^^^^^^^^^^^^^^^^^^^^^^^^^^^^^^^^

",0,0,0,0,0.0,False,0,0,0,0,0,0,0.0,False,0,0,0.0,0,0,0,False,0,0,0.0,0
3603,oz_governance_extensions_GovernorCountingOverridable,,data/safe_contracts/openzeppelin_all/governance_extensions_GovernorCountingOverridable.sol,,openzeppelin,False,False,False,False,False,False,False,False,False,False,False,False,False,False,False,False,False,False,False,False,False,False,False,False,False,0,0,0,0,0,0,0,0,0,0,1,0,0.0,0,0,0.0,0,0,0,0,0,0,0,0,0,0,0,0.0,0.0,0.0,0.0,False,simple,0,IMPORT_ERROR,"File not found: Invalid compilation: 
Invalid solc compilation Error: Source ""data/utils/cryptography/SignatureChecker.sol"" not found: File not found. Searched the following locations: """".
 --> data/safe_contracts/openzeppelin_all/governance_extensions_GovernorCountingOverridable.sol:6:1:
  |
6 | import {SignatureChecker} from ""../../utils/cryptography/SignatureChecker.sol"";
  | ^^^^^^^^^^^^^^^^^^^^^^^^^^^^^^^^^^^^^^^^^^^^^^^^^^^^^^^^^^^^^^^^^^^^^^^^^^^^^^^

Error: Source ""data/utils/math/SafeCast.sol"" not found: File not found. Searched the following locations: """".
 --> data/safe_contracts/openzeppelin_all/governance_extensions_GovernorCountingOverridable.sol:7:1:
  |
7 | import {SafeCast} from ""../../utils/math/SafeCast.sol"";
  | ^^^^^^^^^^^^^^^^^^^^^^^^^^^^^^^^^^^^^^^^^^^^^^^^^^^^^^^

Error: Source ""data/safe_contracts/utils/VotesExtended.sol"" not found: File not found. Searched the following locations: """".
 --> data/safe_contracts/openzeppelin_all/governance_extensions_GovernorCountingOverridable.sol:8:1:
  |
8 | import {VotesExtended} from ""../utils/VotesExtended.sol"";
  | ^^^^^^^^^^^^^^^^^^^^^^^^^^^^^^^^^^^^^^^^^^^^^^^^^^^^^^^^^

Error: Source ""data/safe_contracts/openzeppelin_all/GovernorVotes.sol"" not found: File not found. Searched the following locations: """".
 --> data/safe_contracts/openzeppelin_all/governance_extensions_GovernorCountingOverridable.sol:9:1:
  |
9 | import {GovernorVotes} from ""./GovernorVotes.sol"";
  | ^^^^^^^^^^^^^^^^^^^^^^^^^^^^^^^^^^^^^^^^^^^^^^^^^^

Error: Source ""data/safe_contracts/Governor.sol"" not found: File not found. Searched the following locations: """".
  --> data/safe_contracts/openzeppelin_all/governance_extensions_GovernorCountingOverridable.sol:10:1:
   |
10 | import {IGovernor, Governor} from ""../Governor.sol"";
   | ^^^^^^^^^^^^^^^^^^^^^^^^^^^^^^^^^^^^^^^^^^^^^^^^^^^^

",0,0,0,0,0.0,False,0,0,0,0,0,0,0.0,False,0,0,0.0,0,0,0,False,0,0,0.0,0
3604,oz_interfaces_IERC721Metadata,,data/safe_contracts/openzeppelin_all/interfaces_IERC721Metadata.sol,,openzeppelin,False,False,False,False,False,False,False,False,False,False,False,False,False,False,False,False,False,False,False,False,False,False,False,False,False,0,0,0,0,0,0,0,0,0,0,1,0,0.0,0,0,0.0,0,0,0,0,0,0,0,0,0,0,0,0.0,0.0,0.0,0.0,False,simple,0,IMPORT_ERROR,"File not found: Invalid compilation: 
Invalid solc compilation Error: Source ""data/safe_contracts/token/ERC721/extensions/IERC721Metadata.sol"" not found: File not found. Searched the following locations: """".
 --> data/safe_contracts/openzeppelin_all/interfaces_IERC721Metadata.sol:6:1:
  |
6 | import {IERC721Metadata} from ""../token/ERC721/extensions/IERC721Metadata.sol"";
  | ^^^^^^^^^^^^^^^^^^^^^^^^^^^^^^^^^^^^^^^^^^^^^^^^^^^^^^^^^^^^^^^^^^^^^^^^^^^^^^^

",0,0,0,0,0.0,False,0,0,0,0,0,0,0.0,False,0,0,0.0,0,0,0,False,0,0,0.0,0
3605,oz_governance_IGovernor,,data/safe_contracts/openzeppelin_all/governance_IGovernor.sol,,openzeppelin,False,False,False,False,False,False,False,False,False,False,False,False,False,False,False,False,False,False,False,False,False,False,False,False,False,0,0,0,0,0,0,0,0,0,0,1,0,0.0,0,0,0.0,0,0,0,0,0,0,0,0,0,0,0,0.0,0.0,0.0,0.0,False,simple,0,IMPORT_ERROR,"File not found: Invalid compilation: 
Invalid solc compilation Error: Source ""data/safe_contracts/interfaces/IERC165.sol"" not found: File not found. Searched the following locations: """".
 --> data/safe_contracts/openzeppelin_all/governance_IGovernor.sol:6:1:
  |
6 | import {IERC165} from ""../interfaces/IERC165.sol"";
  | ^^^^^^^^^^^^^^^^^^^^^^^^^^^^^^^^^^^^^^^^^^^^^^^^^^

Error: Source ""data/safe_contracts/interfaces/IERC6372.sol"" not found: File not found. Searched the following locations: """".
 --> data/safe_contracts/openzeppelin_all/governance_IGovernor.sol:7:1:
  |
7 | import {IERC6372} from ""../interfaces/IERC6372.sol"";
  | ^^^^^^^^^^^^^^^^^^^^^^^^^^^^^^^^^^^^^^^^^^^^^^^^^^^^

",0,0,0,0,0.0,False,0,0,0,0,0,0,0.0,False,0,0,0.0,0,0,0,False,0,0,0.0,0
3606,oz_interfaces_IERC1967,,data/safe_contracts/openzeppelin_all/interfaces_IERC1967.sol,,openzeppelin,False,False,False,False,False,False,False,False,False,False,False,False,False,False,False,False,False,False,False,False,False,False,True,False,False,0,0,2,0,0,0,0,0,0,20,1,1,0.0,0,14,0.7,0,0,0,0,2,0,0,0,0,1,1,0.0,0.0,2.0,4.0,False,simple,0,,,0,0,0,0,0.0,False,0,0,0,0,0,0,0.0,False,0,0,0.0,0,0,0,False,0,0,0.0,0
3607,oz_mocks_DummyImplementation,,data/safe_contracts/openzeppelin_all/mocks_DummyImplementation.sol,,openzeppelin,False,False,False,False,False,False,False,False,False,False,False,False,False,False,False,False,False,False,False,False,False,False,False,False,False,0,0,0,0,0,0,0,0,0,0,1,0,0.0,0,0,0.0,0,0,0,0,0,0,0,0,0,0,0,0.0,0.0,0.0,0.0,False,simple,0,IMPORT_ERROR,"File not found: Invalid compilation: 
Invalid solc compilation Error: Source ""data/safe_contracts/proxy/ERC1967/ERC1967Utils.sol"" not found: File not found. Searched the following locations: """".
 --> data/safe_contracts/openzeppelin_all/mocks_DummyImplementation.sol:5:1:
  |
5 | import {ERC1967Utils} from ""../proxy/ERC1967/ERC1967Utils.sol"";
  | ^^^^^^^^^^^^^^^^^^^^^^^^^^^^^^^^^^^^^^^^^^^^^^^^^^^^^^^^^^^^^^^

Error: Source ""data/safe_contracts/utils/StorageSlot.sol"" not found: File not found. Searched the following locations: """".
 --> data/safe_contracts/openzeppelin_all/mocks_DummyImplementation.sol:6:1:
  |
6 | import {StorageSlot} from ""../utils/StorageSlot.sol"";
  | ^^^^^^^^^^^^^^^^^^^^^^^^^^^^^^^^^^^^^^^^^^^^^^^^^^^^^

",0,0,0,0,0.0,False,0,0,0,0,0,0,0.0,False,0,0,0.0,0,0,0,False,0,0,0.0,0
3608,oz_mocks_MerkleProofCustomHashMock,,data/safe_contracts/openzeppelin_all/mocks_MerkleProofCustomHashMock.sol,,openzeppelin,False,False,False,False,False,False,False,False,False,False,False,False,False,False,False,False,False,False,False,False,False,False,False,False,False,0,0,0,0,0,0,0,0,0,0,1,0,0.0,0,0,0.0,0,0,0,0,0,0,0,0,0,0,0,0.0,0.0,0.0,0.0,False,simple,0,IMPORT_ERROR,"File not found: Invalid compilation: 
Invalid solc compilation Error: Source ""data/safe_contracts/utils/cryptography/MerkleProof.sol"" not found: File not found. Searched the following locations: """".
 --> data/safe_contracts/openzeppelin_all/mocks_MerkleProofCustomHashMock.sol:5:1:
  |
5 | import {MerkleProof} from ""../utils/cryptography/MerkleProof.sol"";
  | ^^^^^^^^^^^^^^^^^^^^^^^^^^^^^^^^^^^^^^^^^^^^^^^^^^^^^^^^^^^^^^^^^^

",0,0,0,0,0.0,False,0,0,0,0,0,0,0.0,False,0,0,0.0,0,0,0,False,0,0,0.0,0
3609,oz_mocks_token_ERC20FlashMintMock,,data/safe_contracts/openzeppelin_all/mocks_token_ERC20FlashMintMock.sol,,openzeppelin,False,False,False,False,False,False,False,False,False,False,False,False,False,False,False,False,False,False,False,False,False,False,False,False,False,0,0,0,0,0,0,0,0,0,0,1,0,0.0,0,0,0.0,0,0,0,0,0,0,0,0,0,0,0,0.0,0.0,0.0,0.0,False,simple,0,IMPORT_ERROR,"File not found: Invalid compilation: 
Invalid solc compilation Error: Source ""data/token/ERC20/extensions/ERC20FlashMint.sol"" not found: File not found. Searched the following locations: """".
 --> data/safe_contracts/openzeppelin_all/mocks_token_ERC20FlashMintMock.sol:5:1:
  |
5 | import {ERC20FlashMint} from ""../../token/ERC20/extensions/ERC20FlashMint.sol"";
  | ^^^^^^^^^^^^^^^^^^^^^^^^^^^^^^^^^^^^^^^^^^^^^^^^^^^^^^^^^^^^^^^^^^^^^^^^^^^^^^^

",0,0,0,0,0.0,False,0,0,0,0,0,0,0.0,False,0,0,0.0,0,0,0,False,0,0,0.0,0
3610,oz_mocks_governance_GovernorFractionalMock,,data/safe_contracts/openzeppelin_all/mocks_governance_GovernorFractionalMock.sol,,openzeppelin,False,False,False,False,False,False,False,False,False,False,False,False,False,False,False,False,False,False,False,False,False,False,False,False,False,0,0,0,0,0,0,0,0,0,0,1,0,0.0,0,0,0.0,0,0,0,0,0,0,0,0,0,0,0,0.0,0.0,0.0,0.0,False,simple,0,IMPORT_ERROR,"File not found: Invalid compilation: 
Invalid solc compilation Error: Source ""data/governance/Governor.sol"" not found: File not found. Searched the following locations: """".
 --> data/safe_contracts/openzeppelin_all/mocks_governance_GovernorFractionalMock.sol:5:1:
  |
5 | import {Governor} from ""../../governance/Governor.sol"";
  | ^^^^^^^^^^^^^^^^^^^^^^^^^^^^^^^^^^^^^^^^^^^^^^^^^^^^^^^

Error: Source ""data/governance/extensions/GovernorSettings.sol"" not found: File not found. Searched the following locations: """".
 --> data/safe_contracts/openzeppelin_all/mocks_governance_GovernorFractionalMock.sol:6:1:
  |
6 | import {GovernorSettings} from ""../../governance/extensions/GovernorSettings.sol"";
  | ^^^^^^^^^^^^^^^^^^^^^^^^^^^^^^^^^^^^^^^^^^^^^^^^^^^^^^^^^^^^^^^^^^^^^^^^^^^^^^^^^^

Error: Source ""data/governance/extensions/GovernorCountingFractional.sol"" not found: File not found. Searched the following locations: """".
 --> data/safe_contracts/openzeppelin_all/mocks_governance_GovernorFractionalMock.sol:7:1:
  |
7 | import {GovernorCountingFractional} from ""../../governance/extensions/GovernorCountingFractional.sol"";
  | ^^^^^^^^^^^^^^^^^^^^^^^^^^^^^^^^^^^^^^^^^^^^^^^^^^^^^^^^^^^^^^^^^^^^^^^^^^^^^^^^^^^^^^^^^^^^^^^^^^^^^^

Error: Source ""data/governance/extensions/GovernorVotesQuorumFraction.sol"" not found: File not found. Searched the following locations: """".
 --> data/safe_contracts/openzeppelin_all/mocks_governance_GovernorFractionalMock.sol:8:1:
  |
8 | import {GovernorVotesQuorumFraction} from ""../../governance/extensions/GovernorVotesQuorumFraction.sol"";
  | ^^^^^^^^^^^^^^^^^^^^^^^^^^^^^^^^^^^^^^^^^^^^^^^^^^^^^^^^^^^^^^^^^^^^^^^^^^^^^^^^^^^^^^^^^^^^^^^^^^^^^^^^

",0,0,0,0,0.0,False,0,0,0,0,0,0,0.0,False,0,0,0.0,0,0,0,False,0,0,0.0,0
3611,oz_token_ERC721_extensions_ERC721Votes,,data/safe_contracts/openzeppelin_all/token_ERC721_extensions_ERC721Votes.sol,,openzeppelin,False,False,False,False,False,False,False,False,False,False,False,False,False,False,False,False,False,False,False,False,False,False,False,False,False,0,0,0,0,0,0,0,0,0,0,1,0,0.0,0,0,0.0,0,0,0,0,0,0,0,0,0,0,0,0.0,0.0,0.0,0.0,False,simple,0,IMPORT_ERROR,"File not found: Invalid compilation: 
Invalid solc compilation Error: Source ""data/safe_contracts/ERC721.sol"" not found: File not found. Searched the following locations: """".
 --> data/safe_contracts/openzeppelin_all/token_ERC721_extensions_ERC721Votes.sol:6:1:
  |
6 | import {ERC721} from ""../ERC721.sol"";
  | ^^^^^^^^^^^^^^^^^^^^^^^^^^^^^^^^^^^^^

Error: Source ""governance/utils/Votes.sol"" not found: File not found. Searched the following locations: """".
 --> data/safe_contracts/openzeppelin_all/token_ERC721_extensions_ERC721Votes.sol:7:1:
  |
7 | import {Votes} from ""../../../governance/utils/Votes.sol"";
  | ^^^^^^^^^^^^^^^^^^^^^^^^^^^^^^^^^^^^^^^^^^^^^^^^^^^^^^^^^^

",0,0,0,0,0.0,False,0,0,0,0,0,0,0.0,False,0,0,0.0,0,0,0,False,0,0,0.0,0
3612,oz_token_ERC721_extensions_ERC721Enumerable,,data/safe_contracts/openzeppelin_all/token_ERC721_extensions_ERC721Enumerable.sol,,openzeppelin,False,False,False,False,False,False,False,False,False,False,False,False,False,False,False,False,False,False,False,False,False,False,False,False,False,0,0,0,0,0,0,0,0,0,0,1,0,0.0,0,0,0.0,0,0,0,0,0,0,0,0,0,0,0,0.0,0.0,0.0,0.0,False,simple,0,IMPORT_ERROR,"File not found: Invalid compilation: 
Invalid solc compilation Error: Source ""data/safe_contracts/ERC721.sol"" not found: File not found. Searched the following locations: """".
 --> data/safe_contracts/openzeppelin_all/token_ERC721_extensions_ERC721Enumerable.sol:6:1:
  |
6 | import {ERC721} from ""../ERC721.sol"";
  | ^^^^^^^^^^^^^^^^^^^^^^^^^^^^^^^^^^^^^

Error: Source ""data/safe_contracts/openzeppelin_all/IERC721Enumerable.sol"" not found: File not found. Searched the following locations: """".
 --> data/safe_contracts/openzeppelin_all/token_ERC721_extensions_ERC721Enumerable.sol:7:1:
  |
7 | import {IERC721Enumerable} from ""./IERC721Enumerable.sol"";
  | ^^^^^^^^^^^^^^^^^^^^^^^^^^^^^^^^^^^^^^^^^^^^^^^^^^^^^^^^^^

Error: Source ""utils/introspection/ERC165.sol"" not found: File not found. Searched the following locations: """".
 --> data/safe_contracts/openzeppelin_all/token_ERC721_extensions_ERC721Enumerable.sol:8:1:
  |
8 | import {IERC165} from ""../../../utils/introspection/ERC165.sol"";
  | ^^^^^^^^^^^^^^^^^^^^^^^^^^^^^^^^^^^^^^^^^^^^^^^^^^^^^^^^^^^^^^^^

",0,0,0,0,0.0,False,0,0,0,0,0,0,0.0,False,0,0,0.0,0,0,0,False,0,0,0.0,0
3613,oz_utils_cryptography_signers_SignerEIP7702,,data/safe_contracts/openzeppelin_all/utils_cryptography_signers_SignerEIP7702.sol,,openzeppelin,False,False,False,False,False,False,False,False,False,False,False,False,False,False,False,False,False,False,False,False,False,False,False,False,False,0,0,0,0,0,0,0,0,0,0,1,0,0.0,0,0,0.0,0,0,0,0,0,0,0,0,0,0,0,0.0,0.0,0.0,0.0,False,simple,0,IMPORT_ERROR,"File not found: Invalid compilation: 
Invalid solc compilation Error: Source ""data/safe_contracts/openzeppelin_all/AbstractSigner.sol"" not found: File not found. Searched the following locations: """".
 --> data/safe_contracts/openzeppelin_all/utils_cryptography_signers_SignerEIP7702.sol:6:1:
  |
6 | import {AbstractSigner} from ""./AbstractSigner.sol"";
  | ^^^^^^^^^^^^^^^^^^^^^^^^^^^^^^^^^^^^^^^^^^^^^^^^^^^^

Error: Source ""data/safe_contracts/ECDSA.sol"" not found: File not found. Searched the following locations: """".
 --> data/safe_contracts/openzeppelin_all/utils_cryptography_signers_SignerEIP7702.sol:7:1:
  |
7 | import {ECDSA} from ""../ECDSA.sol"";
  | ^^^^^^^^^^^^^^^^^^^^^^^^^^^^^^^^^^^

",0,0,0,0,0.0,False,0,0,0,0,0,0,0.0,False,0,0,0.0,0,0,0,False,0,0,0.0,0
3614,oz_token_ERC20_utils_SafeERC20,,data/safe_contracts/openzeppelin_all/token_ERC20_utils_SafeERC20.sol,,openzeppelin,False,False,False,False,False,False,False,False,False,False,False,False,False,False,False,False,False,False,False,False,False,False,False,False,False,0,0,0,0,0,0,0,0,0,0,1,0,0.0,0,0,0.0,0,0,0,0,0,0,0,0,0,0,0,0.0,0.0,0.0,0.0,False,simple,0,IMPORT_ERROR,"File not found: Invalid compilation: 
Invalid solc compilation Error: Source ""data/safe_contracts/IERC20.sol"" not found: File not found. Searched the following locations: """".
 --> data/safe_contracts/openzeppelin_all/token_ERC20_utils_SafeERC20.sol:6:1:
  |
6 | import {IERC20} from ""../IERC20.sol"";
  | ^^^^^^^^^^^^^^^^^^^^^^^^^^^^^^^^^^^^^

Error: Source ""interfaces/IERC1363.sol"" not found: File not found. Searched the following locations: """".
 --> data/safe_contracts/openzeppelin_all/token_ERC20_utils_SafeERC20.sol:7:1:
  |
7 | import {IERC1363} from ""../../../interfaces/IERC1363.sol"";
  | ^^^^^^^^^^^^^^^^^^^^^^^^^^^^^^^^^^^^^^^^^^^^^^^^^^^^^^^^^^

",0,0,0,0,0.0,False,0,0,0,0,0,0,0.0,False,0,0,0.0,0,0,0,False,0,0,0.0,0
3615,oz_mocks_docs_token_ERC1155_MyERC115HolderContract,,data/safe_contracts/openzeppelin_all/mocks_docs_token_ERC1155_MyERC115HolderContract.sol,,openzeppelin,False,False,False,False,False,False,False,False,False,False,False,False,False,False,False,False,False,False,False,False,False,False,False,False,False,0,0,0,0,0,0,0,0,0,0,1,0,0.0,0,0,0.0,0,0,0,0,0,0,0,0,0,0,0,0.0,0.0,0.0,0.0,False,simple,0,IMPORT_ERROR,"File not found: Invalid compilation: 
Invalid solc compilation Error: Source ""token/ERC1155/utils/ERC1155Holder.sol"" not found: File not found. Searched the following locations: """".
 --> data/safe_contracts/openzeppelin_all/mocks_docs_token_ERC1155_MyERC115HolderContract.sol:5:1:
  |
5 | import {ERC1155Holder} from ""../../../../token/ERC1155/utils/ERC1155Holder.sol"";
  | ^^^^^^^^^^^^^^^^^^^^^^^^^^^^^^^^^^^^^^^^^^^^^^^^^^^^^^^^^^^^^^^^^^^^^^^^^^^^^^^^

",0,0,0,0,0.0,False,0,0,0,0,0,0,0.0,False,0,0,0.0,0,0,0,False,0,0,0.0,0
3616,oz_token_ERC6909_extensions_ERC6909ContentURI,,data/safe_contracts/openzeppelin_all/token_ERC6909_extensions_ERC6909ContentURI.sol,,openzeppelin,False,False,False,False,False,False,False,False,False,False,False,False,False,False,False,False,False,False,False,False,False,False,False,False,False,0,0,0,0,0,0,0,0,0,0,1,0,0.0,0,0,0.0,0,0,0,0,0,0,0,0,0,0,0,0.0,0.0,0.0,0.0,False,simple,0,IMPORT_ERROR,"File not found: Invalid compilation: 
Invalid solc compilation Error: Source ""data/safe_contracts/ERC6909.sol"" not found: File not found. Searched the following locations: """".
 --> data/safe_contracts/openzeppelin_all/token_ERC6909_extensions_ERC6909ContentURI.sol:6:1:
  |
6 | import {ERC6909} from ""../ERC6909.sol"";
  | ^^^^^^^^^^^^^^^^^^^^^^^^^^^^^^^^^^^^^^^

Error: Source ""interfaces/IERC6909.sol"" not found: File not found. Searched the following locations: """".
 --> data/safe_contracts/openzeppelin_all/token_ERC6909_extensions_ERC6909ContentURI.sol:7:1:
  |
7 | import {IERC6909ContentURI} from ""../../../interfaces/IERC6909.sol"";
  | ^^^^^^^^^^^^^^^^^^^^^^^^^^^^^^^^^^^^^^^^^^^^^^^^^^^^^^^^^^^^^^^^^^^^

",0,0,0,0,0.0,False,0,0,0,0,0,0,0.0,False,0,0,0.0,0,0,0,False,0,0,0.0,0
3617,oz_token_ERC721_utils_ERC721Holder,,data/safe_contracts/openzeppelin_all/token_ERC721_utils_ERC721Holder.sol,,openzeppelin,False,False,False,False,False,False,False,False,False,False,False,False,False,False,False,False,False,False,False,False,False,False,False,False,False,0,0,0,0,0,0,0,0,0,0,1,0,0.0,0,0,0.0,0,0,0,0,0,0,0,0,0,0,0,0.0,0.0,0.0,0.0,False,simple,0,IMPORT_ERROR,"File not found: Invalid compilation: 
Invalid solc compilation Error: Source ""data/safe_contracts/IERC721Receiver.sol"" not found: File not found. Searched the following locations: """".
 --> data/safe_contracts/openzeppelin_all/token_ERC721_utils_ERC721Holder.sol:6:1:
  |
6 | import {IERC721Receiver} from ""../IERC721Receiver.sol"";
  | ^^^^^^^^^^^^^^^^^^^^^^^^^^^^^^^^^^^^^^^^^^^^^^^^^^^^^^^

",0,0,0,0,0.0,False,0,0,0,0,0,0,0.0,False,0,0,0.0,0,0,0,False,0,0,0.0,0
3618,oz_mocks_docs_token_ERC1155_GameItems,,data/safe_contracts/openzeppelin_all/mocks_docs_token_ERC1155_GameItems.sol,,openzeppelin,False,False,False,False,False,False,False,False,False,False,False,False,False,False,False,False,False,False,False,False,False,False,False,False,False,0,0,0,0,0,0,0,0,0,0,1,0,0.0,0,0,0.0,0,0,0,0,0,0,0,0,0,0,0,0.0,0.0,0.0,0.0,False,simple,0,IMPORT_ERROR,"File not found: Invalid compilation: 
Invalid solc compilation Error: Source ""token/ERC1155/ERC1155.sol"" not found: File not found. Searched the following locations: """".
 --> data/safe_contracts/openzeppelin_all/mocks_docs_token_ERC1155_GameItems.sol:5:1:
  |
5 | import {ERC1155} from ""../../../../token/ERC1155/ERC1155.sol"";
  | ^^^^^^^^^^^^^^^^^^^^^^^^^^^^^^^^^^^^^^^^^^^^^^^^^^^^^^^^^^^^^^

",0,0,0,0,0.0,False,0,0,0,0,0,0,0.0,False,0,0,0.0,0,0,0,False,0,0,0.0,0
3619,oz_interfaces_IERC1155Receiver,,data/safe_contracts/openzeppelin_all/interfaces_IERC1155Receiver.sol,,openzeppelin,False,False,False,False,False,False,False,False,False,False,False,False,False,False,False,False,False,False,False,False,False,False,False,False,False,0,0,0,0,0,0,0,0,0,0,1,0,0.0,0,0,0.0,0,0,0,0,0,0,0,0,0,0,0,0.0,0.0,0.0,0.0,False,simple,0,IMPORT_ERROR,"File not found: Invalid compilation: 
Invalid solc compilation Error: Source ""data/safe_contracts/token/ERC1155/IERC1155Receiver.sol"" not found: File not found. Searched the following locations: """".
 --> data/safe_contracts/openzeppelin_all/interfaces_IERC1155Receiver.sol:6:1:
  |
6 | import {IERC1155Receiver} from ""../token/ERC1155/IERC1155Receiver.sol"";
  | ^^^^^^^^^^^^^^^^^^^^^^^^^^^^^^^^^^^^^^^^^^^^^^^^^^^^^^^^^^^^^^^^^^^^^^^

",0,0,0,0,0.0,False,0,0,0,0,0,0,0.0,False,0,0,0.0,0,0,0,False,0,0,0.0,0
3620,oz_mocks_docs_access-control_AccessControlERC20MintBase,,data/safe_contracts/openzeppelin_all/mocks_docs_access-control_AccessControlERC20MintBase.sol,,openzeppelin,False,False,False,False,False,False,False,False,False,False,False,False,False,False,False,False,False,False,False,False,False,False,False,False,False,0,0,0,0,0,0,0,0,0,0,1,0,0.0,0,0,0.0,0,0,0,0,0,0,0,0,0,0,0,0.0,0.0,0.0,0.0,False,simple,0,IMPORT_ERROR,"File not found: Invalid compilation: 
Invalid solc compilation Error: Source ""access/AccessControl.sol"" not found: File not found. Searched the following locations: """".
 --> data/safe_contracts/openzeppelin_all/mocks_docs_access-control_AccessControlERC20MintBase.sol:4:1:
  |
4 | import {AccessControl} from ""../../../access/AccessControl.sol"";
  | ^^^^^^^^^^^^^^^^^^^^^^^^^^^^^^^^^^^^^^^^^^^^^^^^^^^^^^^^^^^^^^^^

Error: Source ""token/ERC20/ERC20.sol"" not found: File not found. Searched the following locations: """".
 --> data/safe_contracts/openzeppelin_all/mocks_docs_access-control_AccessControlERC20MintBase.sol:5:1:
  |
5 | import {ERC20} from ""../../../token/ERC20/ERC20.sol"";
  | ^^^^^^^^^^^^^^^^^^^^^^^^^^^^^^^^^^^^^^^^^^^^^^^^^^^^^

",0,0,0,0,0.0,False,0,0,0,0,0,0,0.0,False,0,0,0.0,0,0,0,False,0,0,0.0,0
3621,oz_token_ERC1155_extensions_ERC1155Burnable,,data/safe_contracts/openzeppelin_all/token_ERC1155_extensions_ERC1155Burnable.sol,,openzeppelin,False,False,False,False,False,False,False,False,False,False,False,False,False,False,False,False,False,False,False,False,False,False,False,False,False,0,0,0,0,0,0,0,0,0,0,1,0,0.0,0,0,0.0,0,0,0,0,0,0,0,0,0,0,0,0.0,0.0,0.0,0.0,False,simple,0,IMPORT_ERROR,"File not found: Invalid compilation: 
Invalid solc compilation Error: Source ""data/safe_contracts/ERC1155.sol"" not found: File not found. Searched the following locations: """".
 --> data/safe_contracts/openzeppelin_all/token_ERC1155_extensions_ERC1155Burnable.sol:6:1:
  |
6 | import {ERC1155} from ""../ERC1155.sol"";
  | ^^^^^^^^^^^^^^^^^^^^^^^^^^^^^^^^^^^^^^^

",0,0,0,0,0.0,False,0,0,0,0,0,0,0.0,False,0,0,0.0,0,0,0,False,0,0,0.0,0
3622,oz_utils_structs_MerkleTree,,data/safe_contracts/openzeppelin_all/utils_structs_MerkleTree.sol,,openzeppelin,False,False,False,False,False,False,False,False,False,False,False,False,False,False,False,False,False,False,False,False,False,False,False,False,False,0,0,0,0,0,0,0,0,0,0,1,0,0.0,0,0,0.0,0,0,0,0,0,0,0,0,0,0,0,0.0,0.0,0.0,0.0,False,simple,0,IMPORT_ERROR,"File not found: Invalid compilation: 
Invalid solc compilation Error: Source ""data/safe_contracts/cryptography/Hashes.sol"" not found: File not found. Searched the following locations: """".
 --> data/safe_contracts/openzeppelin_all/utils_structs_MerkleTree.sol:6:1:
  |
6 | import {Hashes} from ""../cryptography/Hashes.sol"";
  | ^^^^^^^^^^^^^^^^^^^^^^^^^^^^^^^^^^^^^^^^^^^^^^^^^^

Error: Source ""data/safe_contracts/Arrays.sol"" not found: File not found. Searched the following locations: """".
 --> data/safe_contracts/openzeppelin_all/utils_structs_MerkleTree.sol:7:1:
  |
7 | import {Arrays} from ""../Arrays.sol"";
  | ^^^^^^^^^^^^^^^^^^^^^^^^^^^^^^^^^^^^^

Error: Source ""data/safe_contracts/Panic.sol"" not found: File not found. Searched the following locations: """".
 --> data/safe_contracts/openzeppelin_all/utils_structs_MerkleTree.sol:8:1:
  |
8 | import {Panic} from ""../Panic.sol"";
  | ^^^^^^^^^^^^^^^^^^^^^^^^^^^^^^^^^^^

Error: Source ""data/safe_contracts/StorageSlot.sol"" not found: File not found. Searched the following locations: """".
 --> data/safe_contracts/openzeppelin_all/utils_structs_MerkleTree.sol:9:1:
  |
9 | import {StorageSlot} from ""../StorageSlot.sol"";
  | ^^^^^^^^^^^^^^^^^^^^^^^^^^^^^^^^^^^^^^^^^^^^^^^

",0,0,0,0,0.0,False,0,0,0,0,0,0,0.0,False,0,0,0.0,0,0,0,False,0,0,0.0,0
3623,oz_mocks_MultipleInheritanceInitializableMocks,,data/safe_contracts/openzeppelin_all/mocks_MultipleInheritanceInitializableMocks.sol,,openzeppelin,False,False,False,False,False,False,False,False,False,False,False,False,False,False,False,False,False,False,False,False,False,False,False,False,False,0,0,0,0,0,0,0,0,0,0,1,0,0.0,0,0,0.0,0,0,0,0,0,0,0,0,0,0,0,0.0,0.0,0.0,0.0,False,simple,0,IMPORT_ERROR,"File not found: Invalid compilation: 
Invalid solc compilation Error: Source ""data/safe_contracts/proxy/utils/Initializable.sol"" not found: File not found. Searched the following locations: """".
 --> data/safe_contracts/openzeppelin_all/mocks_MultipleInheritanceInitializableMocks.sol:5:1:
  |
5 | import {Initializable} from ""../proxy/utils/Initializable.sol"";
  | ^^^^^^^^^^^^^^^^^^^^^^^^^^^^^^^^^^^^^^^^^^^^^^^^^^^^^^^^^^^^^^^

",0,0,0,0,0.0,False,0,0,0,0,0,0,0.0,False,0,0,0.0,0,0,0,False,0,0,0.0,0
3624,oz_interfaces_IERC1155MetadataURI,,data/safe_contracts/openzeppelin_all/interfaces_IERC1155MetadataURI.sol,,openzeppelin,False,False,False,False,False,False,False,False,False,False,False,False,False,False,False,False,False,False,False,False,False,False,False,False,False,0,0,0,0,0,0,0,0,0,0,1,0,0.0,0,0,0.0,0,0,0,0,0,0,0,0,0,0,0,0.0,0.0,0.0,0.0,False,simple,0,IMPORT_ERROR,"File not found: Invalid compilation: 
Invalid solc compilation Error: Source ""data/safe_contracts/token/ERC1155/extensions/IERC1155MetadataURI.sol"" not found: File not found. Searched the following locations: """".
 --> data/safe_contracts/openzeppelin_all/interfaces_IERC1155MetadataURI.sol:6:1:
  |
6 | import {IERC1155MetadataURI} from ""../token/ERC1155/extensions/IERC1155MetadataURI.sol"";
  | ^^^^^^^^^^^^^^^^^^^^^^^^^^^^^^^^^^^^^^^^^^^^^^^^^^^^^^^^^^^^^^^^^^^^^^^^^^^^^^^^^^^^^^^^

",0,0,0,0,0.0,False,0,0,0,0,0,0,0.0,False,0,0,0.0,0,0,0,False,0,0,0.0,0
3625,oz_utils_Address,,data/safe_contracts/openzeppelin_all/utils_Address.sol,,openzeppelin,False,False,False,False,False,False,False,False,False,False,False,False,False,False,False,False,False,False,False,False,False,False,False,False,False,0,0,0,0,0,0,0,0,0,0,1,0,0.0,0,0,0.0,0,0,0,0,0,0,0,0,0,0,0,0.0,0.0,0.0,0.0,False,simple,0,IMPORT_ERROR,"File not found: Invalid compilation: 
Invalid solc compilation Error: Source ""data/safe_contracts/openzeppelin_all/Errors.sol"" not found: File not found. Searched the following locations: """".
 --> data/safe_contracts/openzeppelin_all/utils_Address.sol:6:1:
  |
6 | import {Errors} from ""./Errors.sol"";
  | ^^^^^^^^^^^^^^^^^^^^^^^^^^^^^^^^^^^^

Error: Source ""data/safe_contracts/openzeppelin_all/LowLevelCall.sol"" not found: File not found. Searched the following locations: """".
 --> data/safe_contracts/openzeppelin_all/utils_Address.sol:7:1:
  |
7 | import {LowLevelCall} from ""./LowLevelCall.sol"";
  | ^^^^^^^^^^^^^^^^^^^^^^^^^^^^^^^^^^^^^^^^^^^^^^^^

",0,0,0,0,0.0,False,0,0,0,0,0,0,0.0,False,0,0,0.0,0,0,0,False,0,0,0.0,0
3626,oz_mocks_SingleInheritanceInitializableMocks,,data/safe_contracts/openzeppelin_all/mocks_SingleInheritanceInitializableMocks.sol,,openzeppelin,False,False,False,False,False,False,False,False,False,False,False,False,False,False,False,False,False,False,False,False,False,False,False,False,False,0,0,0,0,0,0,0,0,0,0,1,0,0.0,0,0,0.0,0,0,0,0,0,0,0,0,0,0,0,0.0,0.0,0.0,0.0,False,simple,0,IMPORT_ERROR,"File not found: Invalid compilation: 
Invalid solc compilation Error: Source ""data/safe_contracts/proxy/utils/Initializable.sol"" not found: File not found. Searched the following locations: """".
 --> data/safe_contracts/openzeppelin_all/mocks_SingleInheritanceInitializableMocks.sol:5:1:
  |
5 | import {Initializable} from ""../proxy/utils/Initializable.sol"";
  | ^^^^^^^^^^^^^^^^^^^^^^^^^^^^^^^^^^^^^^^^^^^^^^^^^^^^^^^^^^^^^^^

",0,0,0,0,0.0,False,0,0,0,0,0,0,0.0,False,0,0,0.0,0,0,0,False,0,0,0.0,0
3627,oz_crosschain_bridges_BridgeERC20,,data/safe_contracts/openzeppelin_all/crosschain_bridges_BridgeERC20.sol,,openzeppelin,False,False,False,False,False,False,False,False,False,False,False,False,False,False,False,False,False,False,False,False,False,False,False,False,False,0,0,0,0,0,0,0,0,0,0,1,0,0.0,0,0,0.0,0,0,0,0,0,0,0,0,0,0,0,0.0,0.0,0.0,0.0,False,simple,0,IMPORT_ERROR,"File not found: Invalid compilation: 
Invalid solc compilation Error: Source ""data/token/ERC20/utils/SafeERC20.sol"" not found: File not found. Searched the following locations: """".
 --> data/safe_contracts/openzeppelin_all/crosschain_bridges_BridgeERC20.sol:5:1:
  |
5 | import {IERC20, SafeERC20} from ""../../token/ERC20/utils/SafeERC20.sol"";
  | ^^^^^^^^^^^^^^^^^^^^^^^^^^^^^^^^^^^^^^^^^^^^^^^^^^^^^^^^^^^^^^^^^^^^^^^^

Error: Source ""data/safe_contracts/openzeppelin_all/BridgeERC20Core.sol"" not found: File not found. Searched the following locations: """".
 --> data/safe_contracts/openzeppelin_all/crosschain_bridges_BridgeERC20.sol:6:1:
  |
6 | import {BridgeERC20Core} from ""./BridgeERC20Core.sol"";
  | ^^^^^^^^^^^^^^^^^^^^^^^^^^^^^^^^^^^^^^^^^^^^^^^^^^^^^^

",0,0,0,0,0.0,False,0,0,0,0,0,0,0.0,False,0,0,0.0,0,0,0,False,0,0,0.0,0
3628,oz_interfaces_IERC1155,,data/safe_contracts/openzeppelin_all/interfaces_IERC1155.sol,,openzeppelin,False,False,False,False,False,False,False,False,False,False,False,False,False,False,False,False,False,False,False,False,False,False,False,False,False,0,0,0,0,0,0,0,0,0,0,1,0,0.0,0,0,0.0,0,0,0,0,0,0,0,0,0,0,0,0.0,0.0,0.0,0.0,False,simple,0,IMPORT_ERROR,"File not found: Invalid compilation: 
Invalid solc compilation Error: Source ""data/safe_contracts/token/ERC1155/IERC1155.sol"" not found: File not found. Searched the following locations: """".
 --> data/safe_contracts/openzeppelin_all/interfaces_IERC1155.sol:6:1:
  |
6 | import {IERC1155} from ""../token/ERC1155/IERC1155.sol"";
  | ^^^^^^^^^^^^^^^^^^^^^^^^^^^^^^^^^^^^^^^^^^^^^^^^^^^^^^^

",0,0,0,0,0.0,False,0,0,0,0,0,0,0.0,False,0,0,0.0,0,0,0,False,0,0,0.0,0
3629,oz_interfaces_IERC165,,data/safe_contracts/openzeppelin_all/interfaces_IERC165.sol,,openzeppelin,False,False,False,False,False,False,False,False,False,False,False,False,False,False,False,False,False,False,False,False,False,False,False,False,False,0,0,0,0,0,0,0,0,0,0,1,0,0.0,0,0,0.0,0,0,0,0,0,0,0,0,0,0,0,0.0,0.0,0.0,0.0,False,simple,0,IMPORT_ERROR,"File not found: Invalid compilation: 
Invalid solc compilation Error: Source ""data/safe_contracts/utils/introspection/IERC165.sol"" not found: File not found. Searched the following locations: """".
 --> data/safe_contracts/openzeppelin_all/interfaces_IERC165.sol:6:1:
  |
6 | import {IERC165} from ""../utils/introspection/IERC165.sol"";
  | ^^^^^^^^^^^^^^^^^^^^^^^^^^^^^^^^^^^^^^^^^^^^^^^^^^^^^^^^^^^

",0,0,0,0,0.0,False,0,0,0,0,0,0,0.0,False,0,0,0.0,0,0,0,False,0,0,0.0,0
3630,oz_interfaces_IERC3156FlashLender,,data/safe_contracts/openzeppelin_all/interfaces_IERC3156FlashLender.sol,,openzeppelin,False,False,False,False,False,False,False,False,False,False,False,False,False,False,False,False,False,False,False,False,False,False,False,False,False,0,0,0,0,0,0,0,0,0,0,1,0,0.0,0,0,0.0,0,0,0,0,0,0,0,0,0,0,0,0.0,0.0,0.0,0.0,False,simple,0,IMPORT_ERROR,"File not found: Invalid compilation: 
Invalid solc compilation Error: Source ""data/safe_contracts/openzeppelin_all/IERC3156FlashBorrower.sol"" not found: File not found. Searched the following locations: """".
 --> data/safe_contracts/openzeppelin_all/interfaces_IERC3156FlashLender.sol:6:1:
  |
6 | import {IERC3156FlashBorrower} from ""./IERC3156FlashBorrower.sol"";
  | ^^^^^^^^^^^^^^^^^^^^^^^^^^^^^^^^^^^^^^^^^^^^^^^^^^^^^^^^^^^^^^^^^^

",0,0,0,0,0.0,False,0,0,0,0,0,0,0.0,False,0,0,0.0,0,0,0,False,0,0,0.0,0
3631,oz_governance_extensions_GovernorTimelockControl,,data/safe_contracts/openzeppelin_all/governance_extensions_GovernorTimelockControl.sol,,openzeppelin,False,False,False,False,False,False,False,False,False,False,False,False,False,False,False,False,False,False,False,False,False,False,False,False,False,0,0,0,0,0,0,0,0,0,0,1,0,0.0,0,0,0.0,0,0,0,0,0,0,0,0,0,0,0,0.0,0.0,0.0,0.0,False,simple,0,IMPORT_ERROR,"File not found: Invalid compilation: 
Invalid solc compilation Error: Source ""data/safe_contracts/Governor.sol"" not found: File not found. Searched the following locations: """".
 --> data/safe_contracts/openzeppelin_all/governance_extensions_GovernorTimelockControl.sol:6:1:
  |
6 | import {IGovernor, Governor} from ""../Governor.sol"";
  | ^^^^^^^^^^^^^^^^^^^^^^^^^^^^^^^^^^^^^^^^^^^^^^^^^^^^

Error: Source ""data/safe_contracts/TimelockController.sol"" not found: File not found. Searched the following locations: """".
 --> data/safe_contracts/openzeppelin_all/governance_extensions_GovernorTimelockControl.sol:7:1:
  |
7 | import {TimelockController} from ""../TimelockController.sol"";
  | ^^^^^^^^^^^^^^^^^^^^^^^^^^^^^^^^^^^^^^^^^^^^^^^^^^^^^^^^^^^^^

Error: Source ""data/utils/math/SafeCast.sol"" not found: File not found. Searched the following locations: """".
 --> data/safe_contracts/openzeppelin_all/governance_extensions_GovernorTimelockControl.sol:8:1:
  |
8 | import {SafeCast} from ""../../utils/math/SafeCast.sol"";
  | ^^^^^^^^^^^^^^^^^^^^^^^^^^^^^^^^^^^^^^^^^^^^^^^^^^^^^^^

",0,0,0,0,0.0,False,0,0,0,0,0,0,0.0,False,0,0,0.0,0,0,0,False,0,0,0.0,0
3632,oz_mocks_PausableMock,,data/safe_contracts/openzeppelin_all/mocks_PausableMock.sol,,openzeppelin,False,False,False,False,False,False,False,False,False,False,False,False,False,False,False,False,False,False,False,False,False,False,False,False,False,0,0,0,0,0,0,0,0,0,0,1,0,0.0,0,0,0.0,0,0,0,0,0,0,0,0,0,0,0,0.0,0.0,0.0,0.0,False,simple,0,IMPORT_ERROR,"File not found: Invalid compilation: 
Invalid solc compilation Error: Source ""data/safe_contracts/utils/Pausable.sol"" not found: File not found. Searched the following locations: """".
 --> data/safe_contracts/openzeppelin_all/mocks_PausableMock.sol:5:1:
  |
5 | import {Pausable} from ""../utils/Pausable.sol"";
  | ^^^^^^^^^^^^^^^^^^^^^^^^^^^^^^^^^^^^^^^^^^^^^^^

",0,0,0,0,0.0,False,0,0,0,0,0,0,0.0,False,0,0,0.0,0,0,0,False,0,0,0.0,0
3633,oz_mocks_ERC1271WalletMock,,data/safe_contracts/openzeppelin_all/mocks_ERC1271WalletMock.sol,,openzeppelin,False,False,False,False,False,False,False,False,False,False,False,False,False,False,False,False,False,False,False,False,False,False,False,False,False,0,0,0,0,0,0,0,0,0,0,1,0,0.0,0,0,0.0,0,0,0,0,0,0,0,0,0,0,0,0.0,0.0,0.0,0.0,False,simple,0,IMPORT_ERROR,"File not found: Invalid compilation: 
Invalid solc compilation Error: Source ""data/safe_contracts/access/Ownable.sol"" not found: File not found. Searched the following locations: """".
 --> data/safe_contracts/openzeppelin_all/mocks_ERC1271WalletMock.sol:5:1:
  |
5 | import {Ownable} from ""../access/Ownable.sol"";
  | ^^^^^^^^^^^^^^^^^^^^^^^^^^^^^^^^^^^^^^^^^^^^^^

Error: Source ""data/safe_contracts/interfaces/IERC1271.sol"" not found: File not found. Searched the following locations: """".
 --> data/safe_contracts/openzeppelin_all/mocks_ERC1271WalletMock.sol:6:1:
  |
6 | import {IERC1271} from ""../interfaces/IERC1271.sol"";
  | ^^^^^^^^^^^^^^^^^^^^^^^^^^^^^^^^^^^^^^^^^^^^^^^^^^^^

Error: Source ""data/safe_contracts/utils/cryptography/ECDSA.sol"" not found: File not found. Searched the following locations: """".
 --> data/safe_contracts/openzeppelin_all/mocks_ERC1271WalletMock.sol:7:1:
  |
7 | import {ECDSA} from ""../utils/cryptography/ECDSA.sol"";
  | ^^^^^^^^^^^^^^^^^^^^^^^^^^^^^^^^^^^^^^^^^^^^^^^^^^^^^^

",0,0,0,0,0.0,False,0,0,0,0,0,0,0.0,False,0,0,0.0,0,0,0,False,0,0,0.0,0
3634,oz_token_ERC20_IERC20,,data/safe_contracts/openzeppelin_all/token_ERC20_IERC20.sol,,openzeppelin,False,False,False,False,False,False,False,False,False,False,False,False,False,False,False,False,False,False,False,False,False,False,True,False,False,0,0,2,6,0,0,0,1,0,70,1,1,1.0,0,59,0.8428571428571429,0,0,0,0,2,0,0,0,0,1,1,0.0,0.0,2.0,4.0,False,simple,0,,,0,0,0,0,0.0,False,0,0,6,0,0,0,0.0,False,6,0,0.0,6,0,0,False,0,10,0.0,5
3635,oz_mocks_VotesMock,,data/safe_contracts/openzeppelin_all/mocks_VotesMock.sol,,openzeppelin,False,False,False,False,False,False,False,False,False,False,False,False,False,False,False,False,False,False,False,False,False,False,False,False,False,0,0,0,0,0,0,0,0,0,0,1,0,0.0,0,0,0.0,0,0,0,0,0,0,0,0,0,0,0,0.0,0.0,0.0,0.0,False,simple,0,IMPORT_ERROR,"File not found: Invalid compilation: 
Invalid solc compilation Error: Source ""data/safe_contracts/governance/utils/Votes.sol"" not found: File not found. Searched the following locations: """".
 --> data/safe_contracts/openzeppelin_all/mocks_VotesMock.sol:5:1:
  |
5 | import {Votes} from ""../governance/utils/Votes.sol"";
  | ^^^^^^^^^^^^^^^^^^^^^^^^^^^^^^^^^^^^^^^^^^^^^^^^^^^^

",0,0,0,0,0.0,False,0,0,0,0,0,0,0.0,False,0,0,0.0,0,0,0,False,0,0,0.0,0
3636,oz_mocks_token_ERC1363SpenderMock,,data/safe_contracts/openzeppelin_all/mocks_token_ERC1363SpenderMock.sol,,openzeppelin,False,False,False,False,False,False,False,False,False,False,False,False,False,False,False,False,False,False,False,False,False,False,False,False,False,0,0,0,0,0,0,0,0,0,0,1,0,0.0,0,0,0.0,0,0,0,0,0,0,0,0,0,0,0,0.0,0.0,0.0,0.0,False,simple,0,IMPORT_ERROR,"File not found: Invalid compilation: 
Invalid solc compilation Error: Source ""data/interfaces/IERC1363Spender.sol"" not found: File not found. Searched the following locations: """".
 --> data/safe_contracts/openzeppelin_all/mocks_token_ERC1363SpenderMock.sol:5:1:
  |
5 | import {IERC1363Spender} from ""../../interfaces/IERC1363Spender.sol"";
  | ^^^^^^^^^^^^^^^^^^^^^^^^^^^^^^^^^^^^^^^^^^^^^^^^^^^^^^^^^^^^^^^^^^^^^

",0,0,0,0,0.0,False,0,0,0,0,0,0,0.0,False,0,0,0.0,0,0,0,False,0,0,0.0,0
3637,oz_mocks_ArraysMock,,data/safe_contracts/openzeppelin_all/mocks_ArraysMock.sol,,openzeppelin,False,False,False,False,False,False,False,False,False,False,False,False,False,False,False,False,False,False,False,False,False,False,False,False,False,0,0,0,0,0,0,0,0,0,0,1,0,0.0,0,0,0.0,0,0,0,0,0,0,0,0,0,0,0,0.0,0.0,0.0,0.0,False,simple,0,IMPORT_ERROR,"File not found: Invalid compilation: 
Invalid solc compilation Error: Source ""data/safe_contracts/utils/Arrays.sol"" not found: File not found. Searched the following locations: """".
 --> data/safe_contracts/openzeppelin_all/mocks_ArraysMock.sol:5:1:
  |
5 | import {Arrays} from ""../utils/Arrays.sol"";
  | ^^^^^^^^^^^^^^^^^^^^^^^^^^^^^^^^^^^^^^^^^^^

",0,0,0,0,0.0,False,0,0,0,0,0,0,0.0,False,0,0,0.0,0,0,0,False,0,0,0.0,0
3638,oz_utils_cryptography_signers_MultiSignerERC7913Weighted,,data/safe_contracts/openzeppelin_all/utils_cryptography_signers_MultiSignerERC7913Weighted.sol,,openzeppelin,False,False,False,False,False,False,False,False,False,False,False,False,False,False,False,False,False,False,False,False,False,False,False,False,False,0,0,0,0,0,0,0,0,0,0,1,0,0.0,0,0,0.0,0,0,0,0,0,0,0,0,0,0,0,0.0,0.0,0.0,0.0,False,simple,0,IMPORT_ERROR,"File not found: Invalid compilation: 
Invalid solc compilation Error: Source ""data/math/SafeCast.sol"" not found: File not found. Searched the following locations: """".
 --> data/safe_contracts/openzeppelin_all/utils_cryptography_signers_MultiSignerERC7913Weighted.sol:6:1:
  |
6 | import {SafeCast} from ""../../math/SafeCast.sol"";
  | ^^^^^^^^^^^^^^^^^^^^^^^^^^^^^^^^^^^^^^^^^^^^^^^^^

Error: Source ""data/safe_contracts/openzeppelin_all/MultiSignerERC7913.sol"" not found: File not found. Searched the following locations: """".
 --> data/safe_contracts/openzeppelin_all/utils_cryptography_signers_MultiSignerERC7913Weighted.sol:7:1:
  |
7 | import {MultiSignerERC7913} from ""./MultiSignerERC7913.sol"";
  | ^^^^^^^^^^^^^^^^^^^^^^^^^^^^^^^^^^^^^^^^^^^^^^^^^^^^^^^^^^^^

",0,0,0,0,0.0,False,0,0,0,0,0,0,0.0,False,0,0,0.0,0,0,0,False,0,0,0.0,0
3639,oz_mocks_docs_token_ERC6909_ERC6909GameItems,,data/safe_contracts/openzeppelin_all/mocks_docs_token_ERC6909_ERC6909GameItems.sol,,openzeppelin,False,False,False,False,False,False,False,False,False,False,False,False,False,False,False,False,False,False,False,False,False,False,False,False,False,0,0,0,0,0,0,0,0,0,0,1,0,0.0,0,0,0.0,0,0,0,0,0,0,0,0,0,0,0,0.0,0.0,0.0,0.0,False,simple,0,IMPORT_ERROR,"File not found: Invalid compilation: 
Invalid solc compilation Error: Source ""token/ERC6909/extensions/ERC6909Metadata.sol"" not found: File not found. Searched the following locations: """".
 --> data/safe_contracts/openzeppelin_all/mocks_docs_token_ERC6909_ERC6909GameItems.sol:4:1:
  |
4 | import {ERC6909Metadata} from ""../../../../token/ERC6909/extensions/ERC6909Metadata.sol"";
  | ^^^^^^^^^^^^^^^^^^^^^^^^^^^^^^^^^^^^^^^^^^^^^^^^^^^^^^^^^^^^^^^^^^^^^^^^^^^^^^^^^^^^^^^^^

",0,0,0,0,0.0,False,0,0,0,0,0,0,0.0,False,0,0,0.0,0,0,0,False,0,0,0.0,0
3640,oz_token_ERC721_IERC721,,data/safe_contracts/openzeppelin_all/token_ERC721_IERC721.sol,,openzeppelin,False,False,False,False,False,False,False,False,False,False,False,False,False,False,False,False,False,False,False,False,False,False,False,False,False,0,0,0,0,0,0,0,0,0,0,1,0,0.0,0,0,0.0,0,0,0,0,0,0,0,0,0,0,0,0.0,0.0,0.0,0.0,False,simple,0,IMPORT_ERROR,"File not found: Invalid compilation: 
Invalid solc compilation Error: Source ""data/utils/introspection/IERC165.sol"" not found: File not found. Searched the following locations: """".
 --> data/safe_contracts/openzeppelin_all/token_ERC721_IERC721.sol:6:1:
  |
6 | import {IERC165} from ""../../utils/introspection/IERC165.sol"";
  | ^^^^^^^^^^^^^^^^^^^^^^^^^^^^^^^^^^^^^^^^^^^^^^^^^^^^^^^^^^^^^^

",0,0,0,0,0.0,False,0,0,0,0,0,0,0.0,False,0,0,0.0,0,0,0,False,0,0,0.0,0
3641,oz_token_ERC721_extensions_ERC721Consecutive,,data/safe_contracts/openzeppelin_all/token_ERC721_extensions_ERC721Consecutive.sol,,openzeppelin,False,False,False,False,False,False,False,False,False,False,False,False,False,False,False,False,False,False,False,False,False,False,False,False,False,0,0,0,0,0,0,0,0,0,0,1,0,0.0,0,0,0.0,0,0,0,0,0,0,0,0,0,0,0,0.0,0.0,0.0,0.0,False,simple,0,IMPORT_ERROR,"File not found: Invalid compilation: 
Invalid solc compilation Error: Source ""data/safe_contracts/ERC721.sol"" not found: File not found. Searched the following locations: """".
 --> data/safe_contracts/openzeppelin_all/token_ERC721_extensions_ERC721Consecutive.sol:6:1:
  |
6 | import {ERC721} from ""../ERC721.sol"";
  | ^^^^^^^^^^^^^^^^^^^^^^^^^^^^^^^^^^^^^

Error: Source ""interfaces/IERC2309.sol"" not found: File not found. Searched the following locations: """".
 --> data/safe_contracts/openzeppelin_all/token_ERC721_extensions_ERC721Consecutive.sol:7:1:
  |
7 | import {IERC2309} from ""../../../interfaces/IERC2309.sol"";
  | ^^^^^^^^^^^^^^^^^^^^^^^^^^^^^^^^^^^^^^^^^^^^^^^^^^^^^^^^^^

Error: Source ""utils/structs/BitMaps.sol"" not found: File not found. Searched the following locations: """".
 --> data/safe_contracts/openzeppelin_all/token_ERC721_extensions_ERC721Consecutive.sol:8:1:
  |
8 | import {BitMaps} from ""../../../utils/structs/BitMaps.sol"";
  | ^^^^^^^^^^^^^^^^^^^^^^^^^^^^^^^^^^^^^^^^^^^^^^^^^^^^^^^^^^^

Error: Source ""utils/structs/Checkpoints.sol"" not found: File not found. Searched the following locations: """".
 --> data/safe_contracts/openzeppelin_all/token_ERC721_extensions_ERC721Consecutive.sol:9:1:
  |
9 | import {Checkpoints} from ""../../../utils/structs/Checkpoints.sol"";
  | ^^^^^^^^^^^^^^^^^^^^^^^^^^^^^^^^^^^^^^^^^^^^^^^^^^^^^^^^^^^^^^^^^^^

",0,0,0,0,0.0,False,0,0,0,0,0,0,0.0,False,0,0,0.0,0,0,0,False,0,0,0.0,0
3642,oz_mocks_RegressionImplementation,,data/safe_contracts/openzeppelin_all/mocks_RegressionImplementation.sol,,openzeppelin,False,False,False,False,False,False,False,False,False,False,False,False,False,False,False,False,False,False,False,False,False,False,False,False,False,0,0,0,0,0,0,0,0,0,0,1,0,0.0,0,0,0.0,0,0,0,0,0,0,0,0,0,0,0,0.0,0.0,0.0,0.0,False,simple,0,IMPORT_ERROR,"File not found: Invalid compilation: 
Invalid solc compilation Error: Source ""data/safe_contracts/proxy/utils/Initializable.sol"" not found: File not found. Searched the following locations: """".
 --> data/safe_contracts/openzeppelin_all/mocks_RegressionImplementation.sol:5:1:
  |
5 | import {Initializable} from ""../proxy/utils/Initializable.sol"";
  | ^^^^^^^^^^^^^^^^^^^^^^^^^^^^^^^^^^^^^^^^^^^^^^^^^^^^^^^^^^^^^^^

",0,0,0,0,0.0,False,0,0,0,0,0,0,0.0,False,0,0,0.0,0,0,0,False,0,0,0.0,0
3643,oz_utils_RelayedCall,,data/safe_contracts/openzeppelin_all/utils_RelayedCall.sol,,openzeppelin,False,False,False,True,False,False,False,False,False,False,False,False,False,False,True,False,False,False,False,False,False,False,True,False,False,0,0,10,6,2,0,0,5,1,121,1,1,1.6666666666666667,0,76,0.628099173553719,0,0,0,0,4,6,0,0,0,4,3,0.0,0.0,10.0,20.5,True,simple,0,,,33,29,0,18,0.8787878787878788,False,5,10,6,14,0,2,0.125,True,0,6,2.3333333333333335,9,0,1,False,1,13,1.0,5
3644,oz_crosschain_CrosschainLinked,,data/safe_contracts/openzeppelin_all/crosschain_CrosschainLinked.sol,,openzeppelin,False,False,False,False,False,False,False,False,False,False,False,False,False,False,False,False,False,False,False,False,False,False,False,False,False,0,0,0,0,0,0,0,0,0,0,1,0,0.0,0,0,0.0,0,0,0,0,0,0,0,0,0,0,0,0.0,0.0,0.0,0.0,False,simple,0,IMPORT_ERROR,"File not found: Invalid compilation: 
Invalid solc compilation Error: Source ""data/safe_contracts/interfaces/draft-IERC7786.sol"" not found: File not found. Searched the following locations: """".
 --> data/safe_contracts/openzeppelin_all/crosschain_CrosschainLinked.sol:5:1:
  |
5 | import {IERC7786GatewaySource} from ""../interfaces/draft-IERC7786.sol"";
  | ^^^^^^^^^^^^^^^^^^^^^^^^^^^^^^^^^^^^^^^^^^^^^^^^^^^^^^^^^^^^^^^^^^^^^^^

Error: Source ""data/safe_contracts/utils/draft-InteroperableAddress.sol"" not found: File not found. Searched the following locations: """".
 --> data/safe_contracts/openzeppelin_all/crosschain_CrosschainLinked.sol:6:1:
  |
6 | import {InteroperableAddress} from ""../utils/draft-InteroperableAddress.sol"";
  | ^^^^^^^^^^^^^^^^^^^^^^^^^^^^^^^^^^^^^^^^^^^^^^^^^^^^^^^^^^^^^^^^^^^^^^^^^^^^^

Error: Source ""data/safe_contracts/utils/Bytes.sol"" not found: File not found. Searched the following locations: """".
 --> data/safe_contracts/openzeppelin_all/crosschain_CrosschainLinked.sol:7:1:
  |
7 | import {Bytes} from ""../utils/Bytes.sol"";
  | ^^^^^^^^^^^^^^^^^^^^^^^^^^^^^^^^^^^^^^^^^

Error: Source ""data/safe_contracts/openzeppelin_all/ERC7786Recipient.sol"" not found: File not found. Searched the following locations: """".
 --> data/safe_contracts/openzeppelin_all/crosschain_CrosschainLinked.sol:8:1:
  |
8 | import {ERC7786Recipient} from ""./ERC7786Recipient.sol"";
  | ^^^^^^^^^^^^^^^^^^^^^^^^^^^^^^^^^^^^^^^^^^^^^^^^^^^^^^^^

",0,0,0,0,0.0,False,0,0,0,0,0,0,0.0,False,0,0,0.0,0,0,0,False,0,0,0.0,0
3645,oz_crosschain_bridges_BridgeERC7802,,data/safe_contracts/openzeppelin_all/crosschain_bridges_BridgeERC7802.sol,,openzeppelin,False,False,False,False,False,False,False,False,False,False,False,False,False,False,False,False,False,False,False,False,False,False,False,False,False,0,0,0,0,0,0,0,0,0,0,1,0,0.0,0,0,0.0,0,0,0,0,0,0,0,0,0,0,0,0.0,0.0,0.0,0.0,False,simple,0,IMPORT_ERROR,"File not found: Invalid compilation: 
Invalid solc compilation Error: Source ""data/interfaces/draft-IERC7802.sol"" not found: File not found. Searched the following locations: """".
 --> data/safe_contracts/openzeppelin_all/crosschain_bridges_BridgeERC7802.sol:5:1:
  |
5 | import {IERC7802} from ""../../interfaces/draft-IERC7802.sol"";
  | ^^^^^^^^^^^^^^^^^^^^^^^^^^^^^^^^^^^^^^^^^^^^^^^^^^^^^^^^^^^^^

Error: Source ""data/safe_contracts/openzeppelin_all/BridgeERC20Core.sol"" not found: File not found. Searched the following locations: """".
 --> data/safe_contracts/openzeppelin_all/crosschain_bridges_BridgeERC7802.sol:6:1:
  |
6 | import {BridgeERC20Core} from ""./BridgeERC20Core.sol"";
  | ^^^^^^^^^^^^^^^^^^^^^^^^^^^^^^^^^^^^^^^^^^^^^^^^^^^^^^

",0,0,0,0,0.0,False,0,0,0,0,0,0,0.0,False,0,0,0.0,0,0,0,False,0,0,0.0,0
3646,oz_mocks_token_ERC20MulticallMock,,data/safe_contracts/openzeppelin_all/mocks_token_ERC20MulticallMock.sol,,openzeppelin,False,False,False,False,False,False,False,False,False,False,False,False,False,False,False,False,False,False,False,False,False,False,False,False,False,0,0,0,0,0,0,0,0,0,0,1,0,0.0,0,0,0.0,0,0,0,0,0,0,0,0,0,0,0,0.0,0.0,0.0,0.0,False,simple,0,IMPORT_ERROR,"File not found: Invalid compilation: 
Invalid solc compilation Error: Source ""data/token/ERC20/ERC20.sol"" not found: File not found. Searched the following locations: """".
 --> data/safe_contracts/openzeppelin_all/mocks_token_ERC20MulticallMock.sol:5:1:
  |
5 | import {ERC20} from ""../../token/ERC20/ERC20.sol"";
  | ^^^^^^^^^^^^^^^^^^^^^^^^^^^^^^^^^^^^^^^^^^^^^^^^^^

Error: Source ""data/utils/Multicall.sol"" not found: File not found. Searched the following locations: """".
 --> data/safe_contracts/openzeppelin_all/mocks_token_ERC20MulticallMock.sol:6:1:
  |
6 | import {Multicall} from ""../../utils/Multicall.sol"";
  | ^^^^^^^^^^^^^^^^^^^^^^^^^^^^^^^^^^^^^^^^^^^^^^^^^^^^

",0,0,0,0,0.0,False,0,0,0,0,0,0,0.0,False,0,0,0.0,0,0,0,False,0,0,0.0,0
3647,oz_mocks_InitializableMock,,data/safe_contracts/openzeppelin_all/mocks_InitializableMock.sol,,openzeppelin,False,False,False,False,False,False,False,False,False,False,False,False,False,False,False,False,False,False,False,False,False,False,False,False,False,0,0,0,0,0,0,0,0,0,0,1,0,0.0,0,0,0.0,0,0,0,0,0,0,0,0,0,0,0,0.0,0.0,0.0,0.0,False,simple,0,IMPORT_ERROR,"File not found: Invalid compilation: 
Invalid solc compilation Error: Source ""data/safe_contracts/proxy/utils/Initializable.sol"" not found: File not found. Searched the following locations: """".
 --> data/safe_contracts/openzeppelin_all/mocks_InitializableMock.sol:5:1:
  |
5 | import {Initializable} from ""../proxy/utils/Initializable.sol"";
  | ^^^^^^^^^^^^^^^^^^^^^^^^^^^^^^^^^^^^^^^^^^^^^^^^^^^^^^^^^^^^^^^

",0,0,0,0,0.0,False,0,0,0,0,0,0,0.0,False,0,0,0.0,0,0,0,False,0,0,0.0,0
3648,oz_governance_extensions_GovernorTimelockAccess,,data/safe_contracts/openzeppelin_all/governance_extensions_GovernorTimelockAccess.sol,,openzeppelin,False,False,False,False,False,False,False,False,False,False,False,False,False,False,False,False,False,False,False,False,False,False,False,False,False,0,0,0,0,0,0,0,0,0,0,1,0,0.0,0,0,0.0,0,0,0,0,0,0,0,0,0,0,0,0.0,0.0,0.0,0.0,False,simple,0,IMPORT_ERROR,"File not found: Invalid compilation: 
Invalid solc compilation Error: Source ""data/safe_contracts/Governor.sol"" not found: File not found. Searched the following locations: """".
 --> data/safe_contracts/openzeppelin_all/governance_extensions_GovernorTimelockAccess.sol:6:1:
  |
6 | import {IGovernor, Governor} from ""../Governor.sol"";
  | ^^^^^^^^^^^^^^^^^^^^^^^^^^^^^^^^^^^^^^^^^^^^^^^^^^^^

Error: Source ""data/access/manager/AuthorityUtils.sol"" not found: File not found. Searched the following locations: """".
 --> data/safe_contracts/openzeppelin_all/governance_extensions_GovernorTimelockAccess.sol:7:1:
  |
7 | import {AuthorityUtils} from ""../../access/manager/AuthorityUtils.sol"";
  | ^^^^^^^^^^^^^^^^^^^^^^^^^^^^^^^^^^^^^^^^^^^^^^^^^^^^^^^^^^^^^^^^^^^^^^^

Error: Source ""data/access/manager/IAccessManager.sol"" not found: File not found. Searched the following locations: """".
 --> data/safe_contracts/openzeppelin_all/governance_extensions_GovernorTimelockAccess.sol:8:1:
  |
8 | import {IAccessManager} from ""../../access/manager/IAccessManager.sol"";
  | ^^^^^^^^^^^^^^^^^^^^^^^^^^^^^^^^^^^^^^^^^^^^^^^^^^^^^^^^^^^^^^^^^^^^^^^

Error: Source ""data/utils/Address.sol"" not found: File not found. Searched the following locations: """".
 --> data/safe_contracts/openzeppelin_all/governance_extensions_GovernorTimelockAccess.sol:9:1:
  |
9 | import {Address} from ""../../utils/Address.sol"";
  | ^^^^^^^^^^^^^^^^^^^^^^^^^^^^^^^^^^^^^^^^^^^^^^^^

Error: Source ""data/utils/math/Math.sol"" not found: File not found. Searched the following locations: """".
  --> data/safe_contracts/openzeppelin_all/governance_extensions_GovernorTimelockAccess.sol:10:1:
   |
10 | import {Math} from ""../../utils/math/Math.sol"";
   | ^^^^^^^^^^^^^^^^^^^^^^^^^^^^^^^^^^^^^^^^^^^^^^^

Error: Source ""data/utils/math/SafeCast.sol"" not found: File not found. Searched the following locations: """".
  --> data/safe_contracts/openzeppelin_all/governance_extensions_GovernorTimelockAccess.sol:11:1:
   |
11 | import {SafeCast}",0,0,0,0,0.0,False,0,0,0,0,0,0,0.0,False,0,0,0.0,0,0,0,False,0,0,0.0,0
3649,oz_interfaces_IERC1820Implementer,,data/safe_contracts/openzeppelin_all/interfaces_IERC1820Implementer.sol,,openzeppelin,False,False,False,False,False,False,False,False,False,False,False,False,False,False,False,False,False,False,False,False,False,False,True,False,False,0,0,2,1,0,0,0,1,0,18,1,1,1.0,0,14,0.7777777777777778,0,0,0,0,2,0,0,0,0,1,1,0.0,0.0,2.0,4.0,False,simple,0,,,0,0,0,0,0.0,False,0,0,1,0,0,0,0.0,False,1,0,0.0,1,0,0,False,0,2,0.0,1
3650,oz_Ownable2Step,,data/safe_contracts/openzeppelin-contracts/contracts/access/Ownable2Step.sol,,openzeppelin,False,False,False,False,False,False,False,False,False,False,False,False,False,False,False,False,False,False,False,False,False,False,True,False,False,0,0,7,6,0,1,1,3,0,59,3,1,2.0,0,35,0.5932203389830508,0,0,1,0,4,3,0,0,0,3,1,0.0,0.0,7.0,14.233333333333334,False,simple,0,,,24,21,0,4,0.875,False,1,12,6,10,1,0,0.0,False,3,3,1.6666666666666667,6,1,1,True,0,3,0.0,3
3651,oz_Ownable,,data/safe_contracts/openzeppelin-contracts/contracts/access/Ownable.sol,,openzeppelin,False,False,False,False,False,False,False,False,False,False,False,False,False,False,False,False,False,False,False,False,False,False,True,False,False,0,0,5,6,0,1,1,3,0,87,2,1,2.0,0,47,0.5402298850574713,0,0,1,0,3,2,0,0,0,2,1,0.0,0.0,5.0,11.0,False,simple,0,,,24,21,0,4,0.875,False,1,12,6,10,1,0,0.0,False,3,3,1.6666666666666667,6,1,1,True,0,3,0.0,3
3652,oz_AccessControl,,data/safe_contracts/openzeppelin-contracts/contracts/access/AccessControl.sol,,openzeppelin,False,False,False,False,False,False,False,False,False,False,False,False,False,False,False,False,False,False,False,False,False,False,True,True,False,0,0,10,12,0,2,1,3,0,189,5,1,1.5,0,121,0.6402116402116402,0,0,2,0,7,3,0,0,0,3,1,0.0,0.0,10.0,30.333333333333336,False,moderate,1,,,42,32,0,4,0.7619047619047619,False,7,18,12,20,2,0,0.0,True,6,6,1.6666666666666667,8,2,3,True,0,19,0.0,11
3653,oz_IAccessControl,,data/safe_contracts/openzeppelin-contracts/contracts/access/IAccessControl.sol,,openzeppelin,False,False,False,False,False,False,False,False,False,False,False,False,False,False,False,False,False,False,False,False,False,False,True,False,False,0,0,2,5,0,0,0,1,0,87,1,1,1.0,0,74,0.8505747126436781,0,0,0,0,2,0,0,0,0,1,1,0.0,0.0,2.0,4.0,False,simple,0,,,0,0,0,0,0.0,False,0,0,5,0,0,0,0.0,False,5,0,0.0,5,0,0,False,0,9,0.0,5
3654,oz_MultipleInheritanceInitializableMocks,,data/safe_contracts/openzeppelin-contracts/contracts/mocks/MultipleInheritanceInitializableMocks.sol,,openzeppelin,False,False,False,False,False,False,False,False,False,False,False,False,False,False,True,False,False,False,False,False,False,False,True,False,False,0,0,30,7,0,1,3,5,0,108,6,1,1.8571428571428572,0,36,0.3333333333333333,0,0,0,0,28,2,0,0,0,4,2,0.0,0.0,30.0,220.5,True,simple,0,,,25,21,0,6,0.84,False,3,13,7,7,0,0,0.0,False,0,7,1.0,4,1,0,True,0,0,0.0,0
3655,oz_ERC3156FlashBorrowerMock,,data/safe_contracts/openzeppelin-contracts/contracts/mocks/ERC3156FlashBorrowerMock.sol,,openzeppelin,False,False,False,False,False,False,False,False,False,False,False,False,False,False,True,False,False,False,False,False,False,True,True,True,False,0,2,33,3,4,3,0,6,0,42,7,1,2.6666666666666665,0,10,0.23809523809523808,0,1,1,0,20,15,0,2,0,5,3,0.0,0.0,43.0,262.3,True,simple,0,,,17,16,0,9,0.9411764705882353,False,2,8,3,2,1,4,0.6666666666666666,False,2,1,0.6666666666666666,3,3,2,True,1,7,2.0,2
3656,oz_MulticallHelper,,data/safe_contracts/openzeppelin-contracts/contracts/mocks/MulticallHelper.sol,,openzeppelin,False,False,False,False,False,False,False,False,False,False,False,False,False,False,True,False,False,False,False,False,False,False,True,True,False,0,0,41,1,4,0,0,7,0,19,13,1,7.0,0,1,0.05263157894736842,0,0,0,0,23,18,0,0,0,4,2,0.0,0.0,41.0,364.9,True,simple,0,,,15,16,2,11,1.0666666666666667,True,0,7,1,3,1,4,0.5714285714285714,False,1,0,3.0,3,0,1,False,2,3,0.5,1
3657,oz_MerkleTreeMock,,data/safe_contracts/openzeppelin-contracts/contracts/mocks/MerkleTreeMock.sol,,openzeppelin,False,False,False,False,False,False,False,False,False,False,False,False,False,False,False,False,False,False,False,False,False,False,False,False,False,0,0,0,0,0,0,0,0,0,0,1,0,0.0,0,0,0.0,0,0,0,0,0,0,0,0,0,0,0,0.0,0.0,0.0,0.0,False,simple,0,COMPILATION_ERROR,Compilation error: unresolved reference to identifier mcopy,0,0,0,0,0.0,False,0,0,0,0,0,0,0.0,False,0,0,0.0,0,0,0,False,0,0,0.0,0
3658,oz_ContextMock,,data/safe_contracts/openzeppelin-contracts/contracts/mocks/ContextMock.sol,,openzeppelin,False,False,False,False,False,False,False,False,False,False,False,False,False,False,False,False,False,False,False,False,False,False,True,False,False,0,0,4,3,0,0,0,1,0,25,3,1,1.0,0,1,0.04,0,0,1,0,3,1,0,0,0,2,1,0.0,0.0,4.0,7.4,False,simple,0,,,6,3,0,1,0.5,False,0,3,3,3,1,0,0.0,False,3,0,1.0,2,0,0,False,0,2,0.0,1
3659,oz_EIP712Verifier,,data/safe_contracts/openzeppelin-contracts/contracts/mocks/EIP712Verifier.sol,,openzeppelin,False,False,False,False,False,False,False,False,False,False,False,False,False,False,False,False,False,False,False,False,False,False,False,False,False,0,0,0,0,0,0,0,0,0,0,1,0,0.0,0,0,0.0,0,0,0,0,0,0,0,0,0,0,0,0.0,0.0,0.0,0.0,False,simple,0,COMPILATION_ERROR,Compilation error: unresolved reference to identifier mcopy,0,0,0,0,0.0,False,0,0,0,0,0,0,0.0,False,0,0,0.0,0,0,0,False,0,0,0.0,0
3660,oz_MerkleProofCustomHashMock,,data/safe_contracts/openzeppelin-contracts/contracts/mocks/MerkleProofCustomHashMock.sol,,openzeppelin,False,False,False,False,False,False,False,False,False,False,False,False,False,False,True,False,False,False,False,False,False,False,True,False,False,0,0,32,9,10,0,0,2,0,51,3,1,1.1111111111111112,0,2,0.0392156862745098,0,8,0,0,5,27,0,0,0,3,2,0.0,0.0,32.0,254.93333333333334,True,simple,0,,,20,11,0,2,0.55,False,10,10,9,2,0,10,0.8333333333333334,False,0,9,0.2222222222222222,10,0,9,False,4,26,2.25,9
3661,oz_AccessManagedTarget,,data/safe_contracts/openzeppelin-contracts/contracts/mocks/AccessManagedTarget.sol,,openzeppelin,False,False,False,False,False,True,True,False,False,False,False,False,False,False,True,False,False,False,False,False,False,False,True,True,False,0,0,31,6,2,2,1,5,0,27,8,1,2.5,0,2,0.07407407407407407,0,1,1,0,20,11,0,0,0,6,3,0.0,0.0,31.0,143.11666666666667,True,simple,0,,,32,30,0,8,0.9375,False,3,15,6,9,1,2,0.18181818181818182,False,3,3,1.5,7,2,2,True,2,5,1.0,4
3662,oz_SingleInheritanceInitializableMocks,,data/safe_contracts/openzeppelin-contracts/contracts/mocks/SingleInheritanceInitializableMocks.sol,,openzeppelin,False,False,False,False,False,False,False,False,False,False,False,False,False,False,True,True,False,False,False,False,False,False,True,False,False,0,1,9,7,0,1,3,5,0,41,4,1,1.8571428571428572,0,13,0.3170731707317073,0,0,0,0,5,5,0,1,0,5,2,0.0,0.0,14.0,23.8,False,simple,0,,,25,21,0,6,0.84,False,3,13,7,7,0,0,0.0,False,0,7,1.0,4,1,0,True,0,0,0.0,0
3663,oz_DummyImplementation,,data/safe_contracts/openzeppelin-contracts/contracts/mocks/DummyImplementation.sol,,openzeppelin,False,False,False,False,False,False,False,False,False,False,False,False,False,False,True,True,False,False,False,False,False,True,True,True,False,0,3,71,9,1,3,0,1,0,47,9,1,1.0,0,2,0.0425531914893617,2,1,0,0,35,39,0,3,0,7,3,0.0,0.0,86.0,765.4,True,simple,0,,,20,11,0,3,0.55,False,2,9,9,1,1,1,0.5,False,9,0,0.1111111111111111,9,3,4,False,0,6,0.0,4
3664,oz_ReentrancyMock,,data/safe_contracts/openzeppelin-contracts/contracts/mocks/ReentrancyMock.sol,,openzeppelin,False,False,False,True,False,False,False,False,False,False,False,False,False,False,True,False,False,False,False,False,False,False,True,False,False,0,0,28,10,6,1,0,3,1,46,5,1,1.4,0,1,0.021739130434782608,0,0,1,0,18,10,0,0,0,4,3,0.0,0.0,28.0,175.0,True,simple,0,,,37,29,0,6,0.7837837837837838,False,1,14,10,21,1,6,0.2222222222222222,True,9,1,2.1,8,1,3,True,6,4,0.5,4
3665,oz_ArraysMock,,data/safe_contracts/openzeppelin-contracts/contracts/mocks/ArraysMock.sol,,openzeppelin,False,False,False,False,False,False,False,False,False,False,False,False,False,False,False,False,False,False,False,False,False,False,False,False,False,0,0,0,0,0,0,0,0,0,0,1,0,0.0,0,0,0.0,0,0,0,0,0,0,0,0,0,0,0,0.0,0.0,0.0,0.0,False,simple,0,COMPILATION_ERROR,Compilation error: unresolved reference to identifier mcopy,0,0,0,0,0.0,False,0,0,0,0,0,0,0.0,False,0,0,0.0,0,0,0,False,0,0,0.0,0
3666,oz_Base64Dirty,,data/safe_contracts/openzeppelin-contracts/contracts/mocks/Base64Dirty.sol,,openzeppelin,False,False,False,False,False,False,False,False,False,False,False,False,False,False,True,False,False,False,False,False,False,False,True,False,False,1,2,76,1,1,0,0,1,0,14,3,1,1.0,0,2,0.14285714285714285,0,1,0,0,8,71,0,3,0,6,2,0.0,0.0,96.0,923.1999999999998,True,simple,0,,,4,3,0,3,0.75,False,1,1,1,0,0,1,1.0,False,1,0,0.0,1,0,1,False,0,1,0.0,1
3667,oz_AuthorityMock,,data/safe_contracts/openzeppelin-contracts/contracts/mocks/AuthorityMock.sol,,openzeppelin,False,False,False,False,False,False,False,False,False,False,False,False,False,False,False,False,False,False,False,False,False,False,True,True,False,0,0,11,1,0,0,0,1,0,55,7,1,1.0,0,12,0.21818181818181817,0,0,1,0,11,0,0,0,0,4,1,0.0,0.0,11.0,30.25,False,simple,0,,,2,1,0,1,0.5,False,0,1,1,1,1,0,0.0,False,1,0,1.0,1,0,0,False,0,3,0.0,1
3668,oz_RegressionImplementation,,data/safe_contracts/openzeppelin-contracts/contracts/mocks/RegressionImplementation.sol,,openzeppelin,False,False,False,False,False,False,False,False,False,False,False,False,False,False,True,False,False,False,False,False,False,False,True,False,False,0,0,13,2,0,1,0,1,0,43,5,1,1.0,0,1,0.023255813953488372,0,0,1,0,9,4,0,0,0,4,2,0.0,0.0,13.0,38.35,False,simple,0,,,4,2,0,1,0.5,False,0,2,2,1,1,0,0.0,False,2,0,0.5,2,1,1,False,0,1,0.0,1
3669,oz_StorageSlotMock,,data/safe_contracts/openzeppelin-contracts/contracts/mocks/StorageSlotMock.sol,,openzeppelin,False,False,False,False,False,False,False,False,False,False,False,False,False,False,True,False,False,False,False,False,False,False,True,False,False,0,0,43,18,18,2,0,1,0,64,7,1,1.0,0,2,0.03125,0,18,2,0,27,16,0,0,0,3,2,0.0,0.0,43.0,547.5333333333333,True,moderate,1,,,36,18,0,1,0.5,False,9,18,18,0,0,18,1.0,False,18,0,0.0,18,2,18,False,0,27,0.0,18
3670,oz_ERC165Mock,,data/safe_contracts/openzeppelin-contracts/contracts/mocks/ERC165Mock.sol,,openzeppelin,False,False,False,False,False,False,False,False,False,False,False,False,False,False,True,False,False,False,False,False,False,False,True,True,False,0,0,8,4,0,2,0,1,0,86,8,1,1.0,0,28,0.32558139534883723,0,0,1,0,8,0,0,0,0,4,2,0.0,0.0,8.0,16.0,False,simple,0,,,8,4,0,2,0.5,False,1,4,4,2,2,0,0.0,False,2,2,0.5,3,2,1,True,0,2,0.0,2
3671,oz_ReentrancyTransientMock,,data/safe_contracts/openzeppelin-contracts/contracts/mocks/ReentrancyTransientMock.sol,,openzeppelin,False,False,False,False,False,False,False,False,False,False,False,False,False,False,False,False,False,False,False,False,False,False,False,False,False,0,0,0,0,0,0,0,0,0,0,1,0,0.0,0,0,0.0,0,0,0,0,0,0,0,0,0,0,0,0.0,0.0,0.0,0.0,False,simple,0,COMPILATION_ERROR,Compilation error: unresolved reference to identifier tload,0,0,0,0,0.0,False,0,0,0,0,0,0,0.0,False,0,0,0.0,0,0,0,False,0,0,0.0,0
3672,oz_Stateless,,data/safe_contracts/openzeppelin-contracts/contracts/mocks/Stateless.sol,,openzeppelin,False,False,False,False,False,False,False,False,False,False,False,False,False,False,False,False,False,False,False,False,False,False,False,False,False,0,0,0,0,0,0,0,0,0,0,1,0,0.0,0,0,0.0,0,0,0,0,0,0,0,0,0,0,0,0.0,0.0,0.0,0.0,False,simple,0,COMPILATION_ERROR,Compilation error: unresolved reference to identifier mcopy,0,0,0,0,0.0,False,0,0,0,0,0,0,0.0,False,0,0,0.0,0,0,0,False,0,0,0.0,0
3673,oz_ReentrancyAttack,,data/safe_contracts/openzeppelin-contracts/contracts/mocks/ReentrancyAttack.sol,,openzeppelin,False,False,False,True,False,False,False,False,False,False,False,False,False,False,False,False,False,False,False,False,False,False,True,False,False,0,0,7,2,2,0,0,1,2,13,2,1,1.0,0,1,0.07692307692307693,0,0,1,0,5,2,0,0,0,3,2,0.0,0.0,7.0,14.933333333333334,False,simple,0,,,8,6,0,3,0.75,False,0,2,2,4,1,2,0.3333333333333333,False,2,0,2.0,2,0,2,False,2,2,1.0,2
3674,oz_TimelockReentrant,,data/safe_contracts/openzeppelin-contracts/contracts/mocks/TimelockReentrant.sol,,openzeppelin,False,False,False,False,False,False,False,False,False,False,False,False,False,False,True,False,False,False,False,False,False,True,True,False,False,0,1,29,3,1,3,0,3,0,21,4,1,1.6666666666666667,0,1,0.047619047619047616,0,1,0,0,15,15,0,1,0,5,3,0.0,0.0,34.0,173.4,True,simple,0,,,10,8,0,3,0.8,False,0,5,3,0,0,1,1.0,False,3,0,0.0,3,3,1,True,1,2,1.0,1
3675,oz_ConstructorMock,,data/safe_contracts/openzeppelin-contracts/contracts/mocks/ConstructorMock.sol,,openzeppelin,False,False,False,False,False,False,False,False,False,False,False,False,False,False,False,False,False,False,False,False,False,False,True,False,False,0,0,3,1,0,1,0,9,0,28,1,1,9.0,0,3,0.10714285714285714,0,0,0,0,4,0,0,0,1,3,1,0.0,0.0,3.0,4.0,False,simple,0,,,15,18,0,7,1.2,False,0,9,1,3,1,0,0.0,False,1,0,3.0,3,1,1,False,0,1,0.0,1
3676,oz_ERC2771ContextMock,,data/safe_contracts/openzeppelin-contracts/contracts/mocks/ERC2771ContextMock.sol,,openzeppelin,False,False,False,False,False,False,False,False,False,False,False,False,False,False,True,False,False,True,False,False,False,False,True,False,False,0,0,36,6,0,1,0,2,0,22,9,1,1.3333333333333333,0,3,0.13636363636363635,0,0,1,0,20,16,0,0,0,5,3,0.0,0.0,36.0,224.64,True,simple,0,,,20,14,0,4,0.7,False,7,8,6,7,1,0,0.0,True,2,4,1.1666666666666667,3,1,1,True,0,2,0.0,2
3677,oz_VotesExtendedMock,,data/safe_contracts/openzeppelin-contracts/contracts/mocks/VotesExtendedMock.sol,,openzeppelin,False,False,False,False,False,False,False,False,False,False,False,False,False,False,False,False,False,False,False,False,False,False,False,False,False,0,0,0,0,0,0,0,0,0,0,1,0,0.0,0,0,0.0,0,0,0,0,0,0,0,0,0,0,0,0.0,0.0,0.0,0.0,False,simple,0,COMPILATION_ERROR,Compilation error: unresolved reference to identifier mcopy,0,0,0,0,0.0,False,0,0,0,0,0,0,0.0,False,0,0,0.0,0,0,0,False,0,0,0.0,0
3678,oz_EtherReceiverMock,,data/safe_contracts/openzeppelin-contracts/contracts/mocks/EtherReceiverMock.sol,,openzeppelin,False,False,False,False,False,False,False,False,False,False,False,False,False,False,False,True,False,False,False,False,False,False,True,False,False,0,1,2,2,0,1,0,3,0,13,1,1,2.0,0,1,0.07692307692307693,1,0,0,0,3,0,0,1,0,2,2,0.0,0.0,7.0,10.5,False,simple,0,,,6,5,0,2,0.8333333333333334,False,0,4,2,1,1,0,0.0,False,2,0,0.5,2,1,1,True,0,1,0.0,1
3679,oz_CallReceiverMock,,data/safe_contracts/openzeppelin-contracts/contracts/mocks/CallReceiverMock.sol,,openzeppelin,False,False,False,False,False,False,False,False,False,False,False,False,False,False,True,True,False,False,False,False,False,False,True,False,False,0,1,7,15,1,1,0,3,0,83,2,1,1.1333333333333333,0,1,0.012048192771084338,11,0,0,0,7,2,0,1,1,6,2,0.0,0.0,12.0,16.8,False,moderate,1,,,48,33,1,5,0.6875,False,8,17,15,6,1,1,0.14285714285714285,False,15,0,0.4,13,1,0,True,0,14,0.0,6
3680,oz_PausableMock,,data/safe_contracts/openzeppelin-contracts/contracts/mocks/PausableMock.sol,,openzeppelin,False,False,False,False,False,False,False,False,False,False,False,False,False,False,False,False,False,False,False,False,False,False,True,False,False,0,0,6,5,0,2,0,1,0,23,3,1,1.0,0,1,0.043478260869565216,0,0,2,0,4,2,0,0,0,2,1,0.0,0.0,6.0,16.2,False,simple,0,,,13,8,0,2,0.6153846153846154,False,0,5,5,4,1,0,0.0,False,5,0,0.8,5,2,0,True,0,0,0.0,0
3681,oz_TransientSlotMock,,data/safe_contracts/openzeppelin-contracts/contracts/mocks/TransientSlotMock.sol,,openzeppelin,False,False,False,False,False,False,False,False,False,False,False,False,False,False,False,False,False,False,False,False,False,False,False,False,False,0,0,0,0,0,0,0,0,0,0,1,0,0.0,0,0,0.0,0,0,0,0,0,0,0,0,0,0,0,0.0,0.0,0.0,0.0,False,simple,0,COMPILATION_ERROR,Compilation error: unresolved reference to identifier tload,0,0,0,0,0.0,False,0,0,0,0,0,0,0.0,False,0,0,0.0,0,0,0,False,0,0,0.0,0
3682,oz_BatchCaller,,data/safe_contracts/openzeppelin-contracts/contracts/mocks/BatchCaller.sol,,openzeppelin,False,False,False,False,False,False,False,False,False,False,False,False,False,False,True,False,False,False,False,False,False,False,True,False,False,0,0,29,1,2,0,0,4,0,17,4,1,4.0,0,1,0.058823529411764705,0,1,0,0,15,14,0,0,0,3,2,0.0,0.0,29.0,239.73333333333332,True,simple,0,,,9,9,1,6,1.0,False,1,4,1,0,0,2,1.0,False,1,0,0.0,1,0,1,False,2,1,0.5,1
3683,oz_AccessManagerMock,,data/safe_contracts/openzeppelin-contracts/contracts/mocks/AccessManagerMock.sol,,openzeppelin,False,False,True,False,False,False,False,False,False,False,False,False,True,False,True,False,False,False,False,False,False,True,True,True,False,1,12,154,49,21,6,1,9,0,14,14,1,2.4693877551020407,0,1,0.07142857142857142,1,16,1,0,39,128,0,13,0,10,5,0.0,0.0,224.0,2880.64,True,complex,2,,,297,271,1,17,0.9124579124579124,False,42,121,49,94,4,21,0.1826086956521739,False,30,19,1.9183673469387754,32,6,23,True,2,87,11.5,45
3684,oz_InitializableMock,,data/safe_contracts/openzeppelin-contracts/contracts/mocks/InitializableMock.sol,,openzeppelin,False,False,False,False,False,False,False,False,False,False,False,False,False,False,True,True,False,False,False,False,False,False,True,False,False,0,1,6,8,0,3,0,1,0,99,10,1,1.0,0,5,0.050505050505050504,2,0,1,0,7,0,0,1,0,4,2,0.0,0.0,11.0,19.25,False,simple,0,,,21,13,0,2,0.6190476190476191,False,1,8,8,9,2,0,0.0,False,8,0,1.125,5,3,2,False,0,2,0.0,2
3685,oz_UpgradeableBeaconMock,,data/safe_contracts/openzeppelin-contracts/contracts/mocks/UpgradeableBeaconMock.sol,,openzeppelin,False,False,False,False,False,False,False,False,False,False,False,False,False,False,False,False,False,False,False,False,False,False,True,True,False,0,0,6,1,0,1,0,1,0,21,4,1,1.0,0,4,0.19047619047619047,0,0,1,0,6,1,0,0,1,5,1,0.0,0.0,6.0,8.04,False,simple,0,,,2,1,0,1,0.5,False,0,1,1,0,0,0,0.0,False,1,0,0.0,1,1,1,False,0,1,0.0,1
3686,oz_VotesMock,,data/safe_contracts/openzeppelin-contracts/contracts/mocks/VotesMock.sol,,openzeppelin,False,False,False,False,False,False,False,False,False,False,False,False,False,False,False,False,False,False,False,False,False,False,False,False,False,0,0,0,0,0,0,0,0,0,0,1,0,0.0,0,0,0.0,0,0,0,0,0,0,0,0,0,0,0,0.0,0.0,0.0,0.0,False,simple,0,COMPILATION_ERROR,Compilation error: unresolved reference to identifier mcopy,0,0,0,0,0.0,False,0,0,0,0,0,0,0.0,False,0,0,0.0,0,0,0,False,0,0,0.0,0
3687,oz_ERC1271WalletMock,,data/safe_contracts/openzeppelin-contracts/contracts/mocks/ERC1271WalletMock.sol,,openzeppelin,False,False,False,False,False,False,False,False,False,False,False,False,False,False,True,False,False,False,False,False,False,False,True,True,False,0,0,21,2,1,0,0,2,0,19,6,1,1.5,0,1,0.05263157894736842,0,1,1,0,12,9,0,0,0,4,2,0.0,0.0,21.0,96.07499999999999,True,simple,0,,,6,4,0,2,0.6666666666666666,False,2,3,2,2,1,1,0.3333333333333333,True,2,0,1.0,1,0,1,False,0,3,0.0,2
3688,oz_IGovernor,,data/safe_contracts/openzeppelin-contracts/contracts/governance/IGovernor.sol,,openzeppelin,False,False,False,False,False,False,False,False,False,False,False,False,False,False,False,False,False,False,False,False,False,False,True,True,False,0,0,8,27,0,0,0,1,0,402,3,1,1.0,0,266,0.6616915422885572,1,0,1,0,8,0,0,0,0,3,1,0.0,0.0,8.0,21.333333333333332,False,moderate,1,,,0,0,0,0,0.0,False,0,0,27,0,0,0,0.0,False,27,0,0.0,27,0,0,False,0,57,0.0,21
3689,oz_TimelockController,,data/safe_contracts/openzeppelin-contracts/contracts/governance/TimelockController.sol,,openzeppelin,False,True,True,True,False,False,True,False,False,False,False,False,False,False,True,False,False,False,False,False,False,True,True,True,False,1,3,50,24,4,6,1,9,1,422,13,1,2.625,0,191,0.45260663507109006,3,1,3,0,28,26,0,4,0,11,7,0.0,0.0,75.0,315.0,True,complex,2,,,145,137,4,14,0.9448275862068966,True,14,63,24,49,4,4,0.07547169811320754,True,18,6,2.0416666666666665,16,6,8,True,2,54,4.0,21
3690,oz_Governor,,data/safe_contracts/openzeppelin-contracts/contracts/governance/Governor.sol,,openzeppelin,False,False,False,False,False,False,False,False,False,False,False,False,False,False,False,False,False,False,False,False,False,False,False,False,False,0,0,0,0,0,0,0,0,0,0,1,0,0.0,0,0,0.0,0,0,0,0,0,0,0,0,0,0,0,0.0,0.0,0.0,0.0,False,simple,0,COMPILATION_ERROR,Compilation error: unresolved reference to identifier mcopy,0,0,0,0,0.0,False,0,0,0,0,0,0,0.0,False,0,0,0.0,0,0,0,False,0,0,0.0,0
3691,oz_Account,,data/safe_contracts/openzeppelin-contracts/contracts/account/Account.sol,,openzeppelin,False,False,True,False,False,False,False,False,False,False,False,False,False,False,True,False,False,False,False,False,True,True,True,True,False,1,10,820,10,2,0,2,3,0,136,17,1,1.7,0,69,0.5073529411764706,1,1,1,0,464,367,0,11,0,13,4,0.0,0.0,880.0,48799.38461538462,True,simple,0,,,32,25,0,4,0.78125,False,7,17,10,11,2,2,0.15384615384615385,True,5,5,1.1,7,0,2,False,1,10,2.0,5
3692,oz_ERC2771Forwarder,,data/safe_contracts/openzeppelin-contracts/contracts/metatx/ERC2771Forwarder.sol,,openzeppelin,False,False,False,False,False,False,False,False,False,False,False,False,False,False,False,False,False,False,False,False,False,False,False,False,False,0,0,0,0,0,0,0,0,0,0,1,0,0.0,0,0,0.0,0,0,0,0,0,0,0,0,0,0,0,0.0,0.0,0.0,0.0,False,simple,0,COMPILATION_ERROR,Compilation error: unresolved reference to identifier mcopy,0,0,0,0,0.0,False,0,0,0,0,0,0,0.0,False,0,0,0.0,0,0,0,False,0,0,0.0,0
3693,oz_ERC2771Context,,data/safe_contracts/openzeppelin-contracts/contracts/metatx/ERC2771Context.sol,,openzeppelin,False,False,False,False,False,False,False,False,False,False,False,False,False,False,False,False,False,False,False,False,False,False,True,False,False,0,0,10,6,0,1,0,2,0,81,2,1,1.3333333333333333,0,42,0.5185185185185185,0,0,1,0,3,7,0,0,0,3,1,0.0,0.0,10.0,26.333333333333336,False,simple,0,,,20,14,0,4,0.7,False,7,8,6,7,1,0,0.0,True,2,4,1.1666666666666667,3,1,1,True,0,2,0.0,2
3694,oz_CrosschainLinked,,data/safe_contracts/openzeppelin-contracts/contracts/crosschain/CrosschainLinked.sol,,openzeppelin,False,False,False,False,False,False,False,False,False,False,False,False,False,False,False,False,False,False,False,False,False,False,False,False,False,0,0,0,0,0,0,0,0,0,0,1,0,0.0,0,0,0.0,0,0,0,0,0,0,0,0,0,0,0,0.0,0.0,0.0,0.0,False,simple,0,COMPILATION_ERROR,Compilation error: unresolved reference to identifier mcopy,0,0,0,0,0.0,False,0,0,0,0,0,0,0.0,False,0,0,0.0,0,0,0,False,0,0,0.0,0
3695,oz_ERC7786Recipient,,data/safe_contracts/openzeppelin-contracts/contracts/crosschain/ERC7786Recipient.sol,,openzeppelin,False,False,False,False,False,False,False,False,False,False,False,False,False,False,False,True,False,False,False,False,False,False,True,True,False,0,1,8,3,2,1,0,5,0,59,4,1,2.3333333333333335,0,28,0.4745762711864407,1,2,1,0,7,2,0,1,0,5,2,0.0,0.0,13.0,21.84,False,simple,0,,,10,11,0,7,1.1,False,1,5,3,4,1,2,0.3333333333333333,False,1,2,1.3333333333333333,4,1,1,False,2,9,0.5,3
3696,oz_IERC1155,,data/safe_contracts/openzeppelin-contracts/contracts/interfaces/IERC1155.sol,,openzeppelin,False,False,False,False,False,False,False,False,False,False,False,False,False,False,False,False,False,False,False,False,False,False,True,True,False,0,0,5,6,0,0,0,1,0,4,2,1,1.0,0,2,0.5,0,0,1,0,5,0,0,0,0,2,1,0.0,0.0,5.0,12.5,False,simple,0,,,0,0,0,0,0.0,False,0,0,6,0,0,0,0.0,False,6,0,0.0,6,0,0,False,0,18,0.0,6
3697,oz_IERC1967,,data/safe_contracts/openzeppelin-contracts/contracts/interfaces/IERC1967.sol,,openzeppelin,False,False,False,False,False,False,False,False,False,False,False,False,False,False,False,False,False,False,False,False,False,False,True,False,False,0,0,2,0,0,0,0,0,0,20,1,1,0.0,0,14,0.7,0,0,0,0,2,0,0,0,0,1,1,0.0,0.0,2.0,4.0,False,simple,0,,,0,0,0,0,0.0,False,0,0,0,0,0,0,0.0,False,0,0,0.0,0,0,0,False,0,0,0.0,0
3698,oz_IERC165,,data/safe_contracts/openzeppelin-contracts/contracts/interfaces/IERC165.sol,,openzeppelin,False,False,False,False,False,False,False,False,False,False,False,False,False,False,False,False,False,False,False,False,False,False,True,False,False,0,0,3,1,0,0,0,1,0,4,1,1,1.0,0,2,0.5,0,0,0,0,3,0,0,0,0,1,1,0.0,0.0,3.0,9.0,False,simple,0,,,0,0,0,0,0.0,False,0,0,1,0,0,0,0.0,False,1,0,0.0,1,0,0,False,0,1,0.0,1
3699,oz_IERC3156,,data/safe_contracts/openzeppelin-contracts/contracts/interfaces/IERC3156.sol,,openzeppelin,False,False,False,False,False,False,False,False,False,False,False,False,False,False,False,False,False,False,False,False,False,False,True,False,False,0,0,4,0,0,0,0,0,0,0,1,0,0.0,0,0,0.0,0,0,0,0,4,0,0,0,0,1,1,0.0,0.0,4.0,16.0,False,simple,0,,,0,0,0,0,0.0,False,0,0,0,0,0,0,0.0,False,0,0,0.0,0,0,0,False,0,0,0.0,0
3700,oz_IERC1363Spender,,data/safe_contracts/openzeppelin-contracts/contracts/interfaces/IERC1363Spender.sol,,openzeppelin,False,False,False,False,False,False,False,False,False,False,False,False,False,False,False,False,False,False,False,False,False,False,True,False,False,0,0,2,1,0,0,0,1,0,24,1,1,1.0,0,20,0.8333333333333334,0,0,0,0,2,0,0,0,0,1,1,0.0,0.0,2.0,4.0,False,simple,0,,,0,0,0,0,0.0,False,0,0,1,0,0,0,0.0,False,1,0,0.0,1,0,0,False,0,3,0.0,1
3701,oz_IERC6909,,data/safe_contracts/openzeppelin-contracts/contracts/interfaces/IERC6909.sol,,openzeppelin,False,False,False,False,False,False,False,False,False,False,False,False,False,False,False,False,False,False,False,False,False,False,True,True,False,0,0,4,7,0,0,0,1,0,107,5,1,1.0,0,75,0.7009345794392523,0,0,1,0,4,0,0,0,0,2,1,0.0,0.0,4.0,8.0,False,simple,0,,,0,0,0,0,0.0,False,0,0,7,0,0,0,0.0,False,7,0,0.0,7,0,0,False,0,19,0.0,7
3702,oz_IERC2981,,data/safe_contracts/openzeppelin-contracts/contracts/interfaces/IERC2981.sol,,openzeppelin,False,False,False,False,False,False,False,False,False,False,False,False,False,False,False,False,False,False,False,False,False,False,True,True,False,0,0,4,1,0,0,0,1,0,23,2,1,1.0,0,15,0.6521739130434783,0,0,1,0,4,0,0,0,0,2,1,0.0,0.0,4.0,8.0,False,simple,0,,,0,0,0,0,0.0,False,0,0,1,0,0,0,0.0,False,1,0,0.0,1,0,0,False,0,2,0.0,1
3703,oz_IERC5267,,data/safe_contracts/openzeppelin-contracts/contracts/interfaces/IERC5267.sol,,openzeppelin,False,False,False,False,False,False,False,False,False,False,False,False,False,False,False,False,False,False,False,False,False,False,True,False,False,0,0,2,1,0,0,0,1,0,25,1,1,1.0,0,9,0.36,0,0,0,0,2,0,0,0,0,1,1,0.0,0.0,2.0,4.0,False,simple,0,,,0,0,0,0,0.0,False,0,0,1,0,0,0,0.0,False,1,0,0.0,1,0,0,False,0,0,0.0,0
3704,oz_IERC1271,,data/safe_contracts/openzeppelin-contracts/contracts/interfaces/IERC1271.sol,,openzeppelin,False,False,False,False,False,False,False,False,False,False,False,False,False,False,False,False,False,False,False,False,False,False,True,False,False,0,0,2,1,0,0,0,1,0,15,1,1,1.0,0,11,0.7333333333333333,0,0,0,0,2,0,0,0,0,1,1,0.0,0.0,2.0,4.0,False,simple,0,,,0,0,0,0,0.0,False,0,0,1,0,0,0,0.0,False,1,0,0.0,1,0,0,False,0,2,0.0,1
3705,oz_IERC20,,data/safe_contracts/openzeppelin-contracts/contracts/interfaces/IERC20.sol,,openzeppelin,False,False,False,False,False,False,False,False,False,False,False,False,False,False,False,False,False,False,False,False,False,False,True,False,False,0,0,3,6,0,0,0,1,0,4,1,1,1.0,0,2,0.5,0,0,0,0,3,0,0,0,0,1,1,0.0,0.0,3.0,9.0,False,simple,0,,,0,0,0,0,0.0,False,0,0,6,0,0,0,0.0,False,6,0,0.0,6,0,0,False,0,10,0.0,5
3706,oz_IERC1363,,data/safe_contracts/openzeppelin-contracts/contracts/interfaces/IERC1363.sol,,openzeppelin,False,False,False,False,False,False,False,False,False,False,False,False,False,False,False,False,False,False,False,False,False,False,True,True,False,0,0,7,6,0,0,0,1,0,77,3,1,1.0,0,66,0.8571428571428571,0,0,1,0,7,0,0,0,0,2,1,0.0,0.0,7.0,24.5,False,simple,0,,,0,0,0,0,0.0,False,0,0,6,0,0,0,0.0,False,6,0,0.0,3,0,0,False,0,17,0.0,6
3707,oz_IERC5313,,data/safe_contracts/openzeppelin-contracts/contracts/interfaces/IERC5313.sol,,openzeppelin,False,False,False,False,False,False,False,False,False,False,False,False,False,False,False,False,False,False,False,False,False,False,True,False,False,0,0,2,1,0,0,0,1,0,14,1,1,1.0,0,10,0.7142857142857143,0,0,0,0,2,0,0,0,0,1,1,0.0,0.0,2.0,4.0,False,simple,0,,,0,0,0,0,0.0,False,0,0,1,0,0,0,0.0,False,1,0,0.0,1,0,0,False,0,0,0.0,0
3708,oz_IERC4626,,data/safe_contracts/openzeppelin-contracts/contracts/interfaces/IERC4626.sol,,openzeppelin,False,False,False,False,False,False,False,False,False,False,False,False,False,False,False,False,False,False,False,False,False,False,True,True,False,0,0,5,16,0,0,0,1,0,210,3,1,1.0,0,181,0.861904761904762,0,0,2,0,5,0,0,0,0,2,1,0.0,0.0,5.0,12.5,False,moderate,1,,,0,0,0,0,0.0,False,0,0,16,0,0,0,0.0,False,16,0,0.0,16,0,0,False,0,20,0.0,14
3709,oz_IERC7751,,data/safe_contracts/openzeppelin-contracts/contracts/interfaces/IERC7751.sol,,openzeppelin,False,False,False,False,False,False,False,False,False,False,False,False,False,False,False,False,False,False,False,False,False,False,True,False,False,0,0,2,0,0,0,0,0,0,10,1,1,0.0,0,6,0.6,0,0,0,0,2,0,0,0,0,1,1,0.0,0.0,2.0,4.0,False,simple,0,,,0,0,0,0,0.0,False,0,0,0,0,0,0,0.0,False,0,0,0.0,0,0,0,False,0,0,0.0,0
3710,oz_IERC1363Receiver,,data/safe_contracts/openzeppelin-contracts/contracts/interfaces/IERC1363Receiver.sol,,openzeppelin,False,False,False,False,False,False,False,False,False,False,False,False,False,False,False,False,False,False,False,False,False,False,True,False,False,0,0,2,1,0,0,0,1,0,30,1,1,1.0,0,21,0.7,0,0,0,0,2,0,0,0,0,1,1,0.0,0.0,2.0,4.0,False,simple,0,,,0,0,0,0,0.0,False,0,0,1,0,0,0,0.0,False,1,0,0.0,1,0,0,False,0,4,0.0,1
3711,oz_IERC721Enumerable,,data/safe_contracts/openzeppelin-contracts/contracts/interfaces/IERC721Enumerable.sol,,openzeppelin,False,False,False,False,False,False,False,False,False,False,False,False,False,False,False,False,False,False,False,False,False,False,True,True,False,0,0,6,9,0,0,0,1,0,4,3,1,1.0,0,2,0.5,0,0,1,0,6,0,0,0,0,2,1,0.0,0.0,6.0,18.0,False,simple,0,,,0,0,0,0,0.0,False,0,0,9,0,0,0,0.0,False,9,0,0.0,8,0,0,False,0,19,0.0,9
3712,oz_IERC721,,data/safe_contracts/openzeppelin-contracts/contracts/interfaces/IERC721.sol,,openzeppelin,False,False,False,False,False,False,False,False,False,False,False,False,False,False,False,False,False,False,False,False,False,False,True,True,False,0,0,5,9,0,0,0,1,0,4,2,1,1.0,0,2,0.5,0,0,1,0,5,0,0,0,0,2,1,0.0,0.0,5.0,12.5,False,simple,0,,,0,0,0,0,0.0,False,0,0,9,0,0,0,0.0,False,9,0,0.0,8,0,0,False,0,19,0.0,9
3713,oz_IERC2309,,data/safe_contracts/openzeppelin-contracts/contracts/interfaces/IERC2309.sol,,openzeppelin,False,False,False,False,False,False,False,False,False,False,False,False,False,False,False,False,False,False,False,False,False,False,True,False,False,0,0,2,0,0,0,0,0,0,17,1,1,0.0,0,8,0.47058823529411764,0,0,0,0,2,0,0,0,0,1,1,0.0,0.0,2.0,4.0,False,simple,0,,,0,0,0,0,0.0,False,0,0,0,0,0,0,0.0,False,0,0,0.0,0,0,0,False,0,0,0.0,0
3714,oz_IERC20Metadata,,data/safe_contracts/openzeppelin-contracts/contracts/interfaces/IERC20Metadata.sol,,openzeppelin,False,False,False,False,False,False,False,False,False,False,False,False,False,False,False,False,False,False,False,False,False,False,True,True,False,0,0,5,6,0,0,0,1,0,4,2,1,1.0,0,2,0.5,0,0,0,0,5,0,0,0,0,2,1,0.0,0.0,5.0,12.5,False,simple,0,,,0,0,0,0,0.0,False,0,0,6,0,0,0,0.0,False,6,0,0.0,6,0,0,False,0,10,0.0,5
3715,oz_IERC2612,,data/safe_contracts/openzeppelin-contracts/contracts/interfaces/IERC2612.sol,,openzeppelin,False,False,False,False,False,False,False,False,False,False,False,False,False,False,False,False,False,False,False,False,False,False,True,True,False,0,0,5,0,0,0,0,0,0,5,2,1,0.0,0,2,0.4,0,0,1,0,5,0,0,0,0,3,1,0.0,0.0,5.0,8.333333333333334,False,simple,0,,,0,0,0,0,0.0,False,0,0,0,0,0,0,0.0,False,0,0,0.0,0,0,0,False,0,0,0.0,0
3716,oz_IERC5805,,data/safe_contracts/openzeppelin-contracts/contracts/interfaces/IERC5805.sol,,openzeppelin,False,False,False,False,False,False,False,False,False,False,False,False,False,False,False,False,False,False,False,False,False,False,True,True,False,0,0,6,0,0,0,0,0,0,6,3,1,0.0,0,2,0.3333333333333333,0,0,1,0,6,0,0,0,0,3,1,0.0,0.0,6.0,12.0,False,simple,0,,,0,0,0,0,0.0,False,0,0,0,0,0,0,0.0,False,0,0,0.0,0,0,0,False,0,0,0.0,0
3717,oz_IERC777,,data/safe_contracts/openzeppelin-contracts/contracts/interfaces/IERC777.sol,,openzeppelin,False,False,False,False,False,False,False,False,False,False,False,False,False,False,False,False,False,False,False,False,False,False,True,False,False,0,0,2,13,0,0,0,1,0,181,1,1,1.0,0,147,0.8121546961325967,0,0,0,0,2,0,0,0,0,1,1,0.0,0.0,2.0,4.0,False,moderate,1,,,0,0,0,0,0.0,False,0,0,13,0,0,0,0.0,False,13,0,0.0,13,0,0,False,0,19,0.0,8
3718,oz_IERC7913,,data/safe_contracts/openzeppelin-contracts/contracts/interfaces/IERC7913.sol,,openzeppelin,False,False,False,False,False,False,False,False,False,False,False,False,False,False,False,False,False,False,False,False,False,False,True,False,False,0,0,2,0,0,0,0,0,0,0,1,0,0.0,0,0,0.0,0,0,0,0,2,0,0,0,0,1,1,0.0,0.0,2.0,4.0,False,simple,0,,,0,0,0,0,0.0,False,0,0,0,0,0,0,0.0,False,0,0,0.0,0,0,0,False,0,0,0.0,0
3719,oz_IERC721Receiver,,data/safe_contracts/openzeppelin-contracts/contracts/interfaces/IERC721Receiver.sol,,openzeppelin,False,False,False,False,False,False,False,False,False,False,False,False,False,False,False,False,False,False,False,False,False,False,True,False,False,0,0,3,1,0,0,0,1,0,4,1,1,1.0,0,2,0.5,0,0,0,0,3,0,0,0,0,1,1,0.0,0.0,3.0,9.0,False,simple,0,,,0,0,0,0,0.0,False,0,0,1,0,0,0,0.0,False,1,0,0.0,1,0,0,False,0,4,0.0,1
3720,oz_IERC3156FlashLender,,data/safe_contracts/openzeppelin-contracts/contracts/interfaces/IERC3156FlashLender.sol,,openzeppelin,False,False,False,False,False,False,False,False,False,False,False,False,False,False,False,False,False,False,False,False,False,False,True,False,False,0,0,3,3,0,0,0,1,0,36,2,1,1.0,0,24,0.6666666666666666,0,0,0,0,3,0,0,0,0,1,1,0.0,0.0,3.0,9.0,False,simple,0,,,0,0,0,0,0.0,False,0,0,3,0,0,0,0.0,False,3,0,0.0,3,0,0,False,0,7,0.0,3
3721,oz_IERC4906,,data/safe_contracts/openzeppelin-contracts/contracts/interfaces/IERC4906.sol,,openzeppelin,False,False,False,False,False,False,False,False,False,False,False,False,False,False,False,False,False,False,False,False,False,False,True,True,False,0,0,7,0,0,0,0,0,0,16,3,1,0.0,0,9,0.5625,0,0,2,0,7,0,0,0,0,2,1,0.0,0.0,7.0,24.5,False,simple,0,,,0,0,0,0,0.0,False,0,0,0,0,0,0,0.0,False,0,0,0.0,0,0,0,False,0,0,0.0,0
3722,oz_IERC3156FlashBorrower,,data/safe_contracts/openzeppelin-contracts/contracts/interfaces/IERC3156FlashBorrower.sol,,openzeppelin,False,False,False,False,False,False,False,False,False,False,False,False,False,False,False,False,False,False,False,False,False,False,True,False,False,0,0,2,1,0,0,0,1,0,25,1,1,1.0,0,15,0.6,0,0,0,0,2,0,0,0,0,1,1,0.0,0.0,2.0,4.0,False,simple,0,,,0,0,0,0,0.0,False,0,0,1,0,0,0,0.0,False,1,0,0.0,1,0,0,False,0,5,0.0,1
3723,oz_IERC1820Registry,,data/safe_contracts/openzeppelin-contracts/contracts/interfaces/IERC1820Registry.sol,,openzeppelin,False,False,False,False,False,False,False,False,False,False,False,False,False,False,False,False,False,False,False,False,False,False,True,False,False,0,0,2,8,0,0,0,1,0,101,1,1,1.0,0,88,0.8712871287128713,0,0,0,0,2,0,0,0,0,1,1,0.0,0.0,2.0,4.0,False,simple,0,,,0,0,0,0,0.0,False,0,0,8,0,0,0,0.0,False,8,0,0.0,8,0,0,False,0,15,0.0,8
3724,oz_IERC777Recipient,,data/safe_contracts/openzeppelin-contracts/contracts/interfaces/IERC777Recipient.sol,,openzeppelin,False,False,False,False,False,False,False,False,False,False,False,False,False,False,False,False,False,False,False,False,False,False,True,False,False,0,0,2,1,0,0,0,1,0,33,1,1,1.0,0,22,0.6666666666666666,0,0,0,0,2,0,0,0,0,1,1,0.0,0.0,2.0,4.0,False,simple,0,,,0,0,0,0,0.0,False,0,0,1,0,0,0,0.0,False,1,0,0.0,1,0,0,False,0,6,0.0,1
3725,oz_IERC721Metadata,,data/safe_contracts/openzeppelin-contracts/contracts/interfaces/IERC721Metadata.sol,,openzeppelin,False,False,False,False,False,False,False,False,False,False,False,False,False,False,False,False,False,False,False,False,False,False,True,True,False,0,0,6,9,0,0,0,1,0,4,3,1,1.0,0,2,0.5,0,0,1,0,6,0,0,0,0,2,1,0.0,0.0,6.0,18.0,False,simple,0,,,0,0,0,0,0.0,False,0,0,9,0,0,0,0.0,False,9,0,0.0,8,0,0,False,0,19,0.0,9
3726,oz_IERC777Sender,,data/safe_contracts/openzeppelin-contracts/contracts/interfaces/IERC777Sender.sol,,openzeppelin,False,False,False,False,False,False,False,False,False,False,False,False,False,False,False,False,False,False,False,False,False,False,True,False,False,0,0,2,1,0,0,0,1,0,33,1,1,1.0,0,22,0.6666666666666666,0,0,0,0,2,0,0,0,0,1,1,0.0,0.0,2.0,4.0,False,simple,0,,,0,0,0,0,0.0,False,0,0,1,0,0,0,0.0,False,1,0,0.0,1,0,0,False,0,6,0.0,1
3727,oz_IERC1820Implementer,,data/safe_contracts/openzeppelin-contracts/contracts/interfaces/IERC1820Implementer.sol,,openzeppelin,False,False,False,False,False,False,False,False,False,False,False,False,False,False,False,False,False,False,False,False,False,False,True,False,False,0,0,2,1,0,0,0,1,0,18,1,1,1.0,0,14,0.7777777777777778,0,0,0,0,2,0,0,0,0,1,1,0.0,0.0,2.0,4.0,False,simple,0,,,0,0,0,0,0.0,False,0,0,1,0,0,0,0.0,False,1,0,0.0,1,0,0,False,0,2,0.0,1
3728,oz_IERC1155Receiver,,data/safe_contracts/openzeppelin-contracts/contracts/interfaces/IERC1155Receiver.sol,,openzeppelin,False,False,False,False,False,False,False,False,False,False,False,False,False,False,False,False,False,False,False,False,False,False,True,True,False,0,0,5,2,0,0,0,1,0,4,2,1,1.0,0,2,0.5,0,0,1,0,5,0,0,0,0,2,1,0.0,0.0,5.0,12.5,False,simple,0,,,0,0,0,0,0.0,False,0,0,2,0,0,0,0.0,False,2,0,0.0,2,0,0,False,0,10,0.0,2
3729,oz_IERC6372,,data/safe_contracts/openzeppelin-contracts/contracts/interfaces/IERC6372.sol,,openzeppelin,False,False,False,False,False,False,False,False,False,False,False,False,False,False,False,False,False,False,False,False,False,False,True,False,False,0,0,3,2,0,0,0,1,0,14,1,1,1.0,0,9,0.6428571428571429,0,0,0,0,3,0,0,0,0,2,1,0.0,0.0,3.0,4.5,False,simple,0,,,0,0,0,0,0.0,False,0,0,2,0,0,0,0.0,False,2,0,0.0,2,0,0,False,0,0,0.0,0
3730,oz_IERC1155MetadataURI,,data/safe_contracts/openzeppelin-contracts/contracts/interfaces/IERC1155MetadataURI.sol,,openzeppelin,False,False,False,False,False,False,False,False,False,False,False,False,False,False,False,False,False,False,False,False,False,False,True,True,False,0,0,6,6,0,0,0,1,0,4,3,1,1.0,0,2,0.5,0,0,1,0,6,0,0,0,0,2,1,0.0,0.0,6.0,18.0,False,simple,0,,,0,0,0,0,0.0,False,0,0,6,0,0,0,0.0,False,6,0,0.0,6,0,0,False,0,18,0.0,6
3731,oz_Base64,,data/safe_contracts/openzeppelin-contracts/contracts/utils/Base64.sol,,openzeppelin,False,False,False,False,False,False,False,False,False,False,False,False,False,False,True,False,False,False,False,False,False,False,True,False,False,1,2,76,5,2,0,0,16,0,202,2,1,6.6,2,84,0.4158415841584158,0,1,0,0,6,73,0,3,0,5,2,0.0,0.0,96.0,1096.32,True,moderate,1,,,127,133,17,47,1.047244094488189,True,5,33,5,10,0,2,0.16666666666666666,False,0,5,2.0,5,0,1,False,0,6,0.0,5
3732,oz_Create2,,data/safe_contracts/openzeppelin-contracts/contracts/utils/Create2.sol,,openzeppelin,False,False,False,False,False,False,False,False,False,False,False,False,False,False,True,False,False,False,False,False,False,False,True,False,False,0,0,31,3,4,0,0,9,0,83,3,1,3.6666666666666665,0,45,0.5421686746987951,0,2,0,0,16,15,0,0,0,3,2,0.0,0.0,31.0,273.83333333333337,True,simple,0,,,30,31,0,11,1.0333333333333334,False,1,11,3,11,0,4,0.26666666666666666,True,0,3,3.6666666666666665,9,0,1,False,2,8,0.5,3
3733,oz_Comparators,,data/safe_contracts/openzeppelin-contracts/contracts/utils/Comparators.sol,,openzeppelin,False,False,False,False,False,False,False,False,False,False,False,False,False,False,False,False,False,False,False,False,False,False,True,False,False,0,0,4,2,0,0,0,1,0,16,1,1,1.0,0,7,0.4375,0,0,0,0,2,2,0,0,0,2,1,0.0,0.0,4.0,6.8,False,simple,0,,,4,2,0,1,0.5,False,2,2,2,0,0,0,0.0,False,0,2,0.0,2,0,0,False,0,4,0.0,2
3734,oz_Context,,data/safe_contracts/openzeppelin-contracts/contracts/utils/Context.sol,,openzeppelin,False,False,False,False,False,False,False,False,False,False,False,False,False,False,False,False,False,False,False,False,False,False,True,False,False,0,0,5,3,0,0,0,1,0,24,1,1,1.0,0,12,0.5,0,0,0,0,2,3,0,0,0,2,1,0.0,0.0,5.0,10.25,False,simple,0,,,6,3,0,1,0.5,False,3,3,3,0,0,0,0.0,False,0,3,0.0,3,0,0,False,0,0,0.0,0
3735,oz_RelayedCall,,data/safe_contracts/openzeppelin-contracts/contracts/utils/RelayedCall.sol,,openzeppelin,False,False,False,True,False,False,False,False,False,False,False,False,False,False,True,False,False,False,False,False,False,False,True,False,False,0,0,10,6,2,0,0,5,1,121,1,1,1.6666666666666667,0,76,0.628099173553719,0,0,0,0,4,6,0,0,0,4,3,0.0,0.0,10.0,20.5,True,simple,0,,,33,29,0,18,0.8787878787878788,False,5,10,6,14,0,2,0.125,True,0,6,2.3333333333333335,9,0,1,False,1,13,1.0,5
3736,oz_NoncesKeyed,,data/safe_contracts/openzeppelin-contracts/contracts/utils/NoncesKeyed.sol,,openzeppelin,False,False,False,False,False,False,False,False,False,False,False,False,False,False,False,False,False,True,False,False,False,False,True,False,False,1,0,9,3,0,1,0,3,0,66,2,1,1.6666666666666667,0,35,0.5303030303030303,0,0,0,0,4,6,0,1,0,3,2,0.0,0.0,19.0,51.93333333333333,False,simple,0,,,9,7,0,3,0.7777777777777778,False,2,5,3,2,0,0,0.0,False,1,2,0.6666666666666666,3,1,1,True,0,4,0.0,3
3737,oz_Nonces,,data/safe_contracts/openzeppelin-contracts/contracts/utils/Nonces.sol,,openzeppelin,False,False,False,False,False,False,False,False,False,False,False,False,False,False,False,False,False,False,False,False,False,False,True,False,False,0,0,4,3,0,1,0,3,0,41,1,1,1.6666666666666667,0,22,0.5365853658536586,0,0,0,0,2,2,0,0,0,2,1,0.0,0.0,4.0,6.8,False,simple,0,,,9,7,0,3,0.7777777777777778,False,2,5,3,2,0,0,0.0,False,1,2,0.6666666666666666,3,1,1,True,0,4,0.0,3
3738,oz_StorageSlot,,data/safe_contracts/openzeppelin-contracts/contracts/utils/StorageSlot.sol,,openzeppelin,False,False,False,False,False,False,False,False,False,False,False,False,False,False,True,False,False,False,False,False,False,False,True,False,False,0,0,20,9,0,0,0,1,0,126,1,1,1.0,0,57,0.4523809523809524,0,0,0,0,11,9,0,0,0,3,2,0.0,0.0,20.0,115.33333333333334,False,simple,0,,,36,27,0,3,0.75,False,0,9,9,0,0,0,0.0,False,0,9,0.0,7,0,0,False,0,9,0.0,9
3739,oz_Pausable,,data/safe_contracts/openzeppelin-contracts/contracts/utils/Pausable.sol,,openzeppelin,False,False,False,False,False,False,False,False,False,False,False,False,False,False,False,False,False,False,False,False,False,False,True,False,False,0,0,10,5,0,1,2,3,0,98,2,1,1.8,0,60,0.6122448979591837,0,0,1,0,3,7,0,0,0,2,1,0.0,0.0,10.0,39.5,False,simple,0,,,18,15,0,3,0.8333333333333334,False,1,9,5,8,0,0,0.0,False,1,4,1.6,6,1,0,True,0,0,0.0,0
3740,oz_CAIP2,,data/safe_contracts/openzeppelin-contracts/contracts/utils/CAIP2.sol,,openzeppelin,False,False,False,False,False,False,False,False,False,False,False,False,False,False,False,False,False,False,False,False,False,False,False,False,False,0,0,0,0,0,0,0,0,0,0,1,0,0.0,0,0,0.0,0,0,0,0,0,0,0,0,0,0,0,0.0,0.0,0.0,0.0,False,simple,0,COMPILATION_ERROR,Compilation error: unresolved reference to identifier mcopy,0,0,0,0,0.0,False,0,0,0,0,0,0,0.0,False,0,0,0.0,0,0,0,False,0,0,0.0,0
3741,oz_Strings,,data/safe_contracts/openzeppelin-contracts/contracts/utils/Strings.sol,,openzeppelin,False,False,False,False,False,False,False,False,False,False,False,False,False,False,False,False,False,False,False,False,False,False,False,False,False,0,0,0,0,0,0,0,0,0,0,1,0,0.0,0,0,0.0,0,0,0,0,0,0,0,0,0,0,0,0.0,0.0,0.0,0.0,False,simple,0,COMPILATION_ERROR,Compilation error: unresolved reference to identifier mcopy,0,0,0,0,0.0,False,0,0,0,0,0,0,0.0,False,0,0,0.0,0,0,0,False,0,0,0.0,0
3742,oz_Arrays,,data/safe_contracts/openzeppelin-contracts/contracts/utils/Arrays.sol,,openzeppelin,False,False,False,False,False,False,False,False,False,False,False,False,False,False,False,False,False,False,False,False,False,False,False,False,False,0,0,0,0,0,0,0,0,0,0,1,0,0.0,0,0,0.0,0,0,0,0,0,0,0,0,0,0,0,0.0,0.0,0.0,0.0,False,simple,0,COMPILATION_ERROR,Compilation error: unresolved reference to identifier mcopy,0,0,0,0,0.0,False,0,0,0,0,0,0,0.0,False,0,0,0.0,0,0,0,False,0,0,0.0,0
3743,oz_TransientSlot,,data/safe_contracts/openzeppelin-contracts/contracts/utils/TransientSlot.sol,,openzeppelin,False,False,False,False,False,False,False,False,False,False,False,False,False,False,False,False,False,False,False,False,False,False,False,False,False,0,0,0,0,0,0,0,0,0,0,1,0,0.0,0,0,0.0,0,0,0,0,0,0,0,0,0,0,0,0.0,0.0,0.0,0.0,False,simple,0,COMPILATION_ERROR,Compilation error: unresolved reference to identifier tload,0,0,0,0,0.0,False,0,0,0,0,0,0,0.0,False,0,0,0.0,0,0,0,False,0,0,0.0,0
3744,oz_SlotDerivation,,data/safe_contracts/openzeppelin-contracts/contracts/utils/SlotDerivation.sol,,openzeppelin,False,False,False,False,False,False,False,False,False,False,False,False,False,False,True,False,False,False,False,False,False,False,True,False,False,0,0,21,10,0,0,0,1,0,144,1,1,1.0,0,67,0.4652777777777778,0,0,0,0,11,10,0,0,0,3,2,0.0,0.0,21.0,126.0,True,simple,0,,,70,60,0,13,0.8571428571428571,False,1,10,10,21,0,0,0.0,False,0,10,2.1,4,0,0,False,0,18,0.0,10
3745,oz_Panic,,data/safe_contracts/openzeppelin-contracts/contracts/utils/Panic.sol,,openzeppelin,False,False,False,False,False,False,False,False,False,False,False,False,False,False,True,False,False,False,False,False,False,False,True,False,False,0,0,4,2,0,10,0,1,0,54,1,1,1.0,0,34,0.6296296296296297,0,0,0,0,3,1,0,0,0,3,2,0.0,0.0,4.0,4.933333333333334,False,simple,0,,,16,14,0,9,0.875,False,0,2,2,2,0,0,0.0,False,0,2,1.0,3,10,0,False,0,1,0.0,1
3746,oz_ShortStrings,,data/safe_contracts/openzeppelin-contracts/contracts/utils/ShortStrings.sol,,openzeppelin,False,False,False,False,False,False,False,False,False,False,False,False,False,False,True,False,False,False,False,False,False,False,True,False,False,0,0,29,7,7,1,0,3,0,111,2,1,2.0,0,58,0.5225225225225225,0,1,0,0,13,16,0,0,0,4,2,0.0,0.0,29.0,175.45,True,simple,0,,,34,29,0,7,0.8529411764705882,False,9,14,7,7,0,7,0.5,False,0,7,1.0,4,1,6,True,0,9,0.0,6
3747,oz_ReentrancyGuard,,data/safe_contracts/openzeppelin-contracts/contracts/utils/ReentrancyGuard.sol,,openzeppelin,False,False,False,False,False,False,False,False,False,False,False,False,False,False,True,False,False,False,False,False,False,False,True,False,False,0,0,26,7,4,3,2,3,0,103,2,1,1.2857142857142858,0,63,0.6116504854368932,0,4,0,0,12,14,0,0,0,3,2,0.0,0.0,26.0,188.93333333333334,True,simple,0,,,18,12,0,2,0.6666666666666666,False,2,9,7,7,0,4,0.36363636363636365,False,0,7,1.0,3,3,0,True,0,0,0.0,0
3748,oz_CAIP10,,data/safe_contracts/openzeppelin-contracts/contracts/utils/CAIP10.sol,,openzeppelin,False,False,False,False,False,False,False,False,False,False,False,False,False,False,False,False,False,False,False,False,False,False,False,False,False,0,0,0,0,0,0,0,0,0,0,1,0,0.0,0,0,0.0,0,0,0,0,0,0,0,0,0,0,0,0.0,0.0,0.0,0.0,False,simple,0,COMPILATION_ERROR,Compilation error: unresolved reference to identifier mcopy,0,0,0,0,0.0,False,0,0,0,0,0,0,0.0,False,0,0,0.0,0,0,0,False,0,0,0.0,0
3749,oz_Base58,,data/safe_contracts/openzeppelin-contracts/contracts/utils/Base58.sol,,openzeppelin,False,False,False,False,False,False,False,False,False,False,False,False,False,False,True,False,False,False,False,False,False,False,True,False,False,0,0,8,4,0,0,0,25,0,211,1,1,12.25,2,79,0.3744075829383886,0,0,0,0,4,4,0,0,0,3,2,0.0,0.0,8.0,18.133333333333333,False,moderate,1,,,145,156,15,45,1.0758620689655172,True,4,49,4,12,0,0,0.0,False,0,4,3.0,7,0,0,False,0,4,0.0,4
3750,oz_Errors,,data/safe_contracts/openzeppelin-contracts/contracts/utils/Errors.sol,,openzeppelin,False,False,False,False,False,False,False,False,False,False,False,False,False,False,False,False,False,False,False,False,False,False,True,False,False,0,0,2,0,0,0,0,0,0,29,1,1,0.0,0,22,0.7586206896551724,0,0,0,0,2,0,0,0,0,1,1,0.0,0.0,2.0,4.0,False,simple,0,,,0,0,0,0,0.0,False,0,0,0,0,0,0,0.0,False,0,0,0.0,0,0,0,False,0,0,0.0,0
3751,oz_Blockhash,,data/safe_contracts/openzeppelin-contracts/contracts/utils/Blockhash.sol,,openzeppelin,False,False,False,False,False,False,False,False,False,False,False,False,False,False,True,False,False,False,False,False,False,False,True,False,False,0,0,5,3,0,1,0,2,0,46,1,1,1.3333333333333333,0,26,0.5652173913043478,0,0,0,0,3,2,0,0,0,3,2,0.0,0.0,5.0,7.333333333333334,False,simple,0,,,15,12,0,6,0.8,False,2,4,3,7,0,0,0.0,False,0,3,2.3333333333333335,7,1,0,True,0,2,0.0,2
3752,oz_Packing,,data/safe_contracts/openzeppelin-contracts/contracts/utils/Packing.sol,,openzeppelin,False,False,False,False,False,False,False,False,False,False,False,False,False,False,True,False,False,False,False,False,False,False,True,False,False,0,0,638,212,0,0,0,3,0,1442,1,1,1.7358490566037736,0,32,0.022191400832177532,0,0,0,0,426,212,0,0,0,4,2,0.0,0.0,638.0,91616.8,True,complex,2,,,1350,1216,0,5,0.9007407407407407,False,0,368,212,156,0,0,0.0,False,0,212,0.7358490566037735,57,0,0,False,0,502,0.0,212
3753,oz_RLP,,data/safe_contracts/openzeppelin-contracts/contracts/utils/RLP.sol,,openzeppelin,False,False,False,False,False,False,False,False,False,False,False,False,False,False,False,False,False,False,False,False,False,False,False,False,False,0,0,0,0,0,0,0,0,0,0,1,0,0.0,0,0,0.0,0,0,0,0,0,0,0,0,0,0,0,0.0,0.0,0.0,0.0,False,simple,0,COMPILATION_ERROR,Compilation error: unresolved reference to identifier mcopy,0,0,0,0,0.0,False,0,0,0,0,0,0,0.0,False,0,0,0.0,0,0,0,False,0,0,0.0,0
3754,oz_Bytes,,data/safe_contracts/openzeppelin-contracts/contracts/utils/Bytes.sol,,openzeppelin,False,False,False,False,False,False,False,False,False,False,False,False,False,False,False,False,False,False,False,False,False,False,False,False,False,0,0,0,0,0,0,0,0,0,0,1,0,0.0,0,0,0.0,0,0,0,0,0,0,0,0,0,0,0,0.0,0.0,0.0,0.0,False,simple,0,COMPILATION_ERROR,Compilation error: unresolved reference to identifier mcopy,0,0,0,0,0.0,False,0,0,0,0,0,0,0.0,False,0,0,0.0,0,0,0,False,0,0,0.0,0
3755,oz_Multicall,,data/safe_contracts/openzeppelin-contracts/contracts/utils/Multicall.sol,,openzeppelin,False,False,False,False,False,False,False,False,False,False,False,False,False,False,True,False,False,False,False,False,False,False,True,False,False,0,0,32,1,4,0,0,6,0,33,5,1,6.0,0,18,0.5454545454545454,0,1,1,0,16,16,0,0,0,3,2,0.0,0.0,32.0,290.1333333333333,True,simple,0,,,13,14,1,9,1.0769230769230769,False,1,6,1,2,1,4,0.6666666666666666,False,1,0,2.0,2,0,1,False,1,1,1.0,1
3756,oz_LowLevelCall,,data/safe_contracts/openzeppelin-contracts/contracts/utils/LowLevelCall.sol,,openzeppelin,False,False,False,False,False,False,False,False,False,False,False,False,False,False,True,False,False,False,False,False,False,False,True,False,False,0,0,24,12,0,0,0,1,0,114,1,1,1.0,0,31,0.2719298245614035,0,0,0,0,12,12,0,0,0,3,2,0.0,0.0,24.0,163.2,True,moderate,1,,,56,44,0,6,0.7857142857142857,False,2,12,12,31,0,0,0.0,True,0,12,2.5833333333333335,9,0,0,False,0,19,0.0,9
3757,oz_ReentrancyGuardTransient,,data/safe_contracts/openzeppelin-contracts/contracts/utils/ReentrancyGuardTransient.sol,,openzeppelin,False,False,False,False,False,False,False,False,False,False,False,False,False,False,False,False,False,False,False,False,False,False,False,False,False,0,0,0,0,0,0,0,0,0,0,1,0,0.0,0,0,0.0,0,0,0,0,0,0,0,0,0,0,0,0.0,0.0,0.0,0.0,False,simple,0,COMPILATION_ERROR,Compilation error: unresolved reference to identifier tload,0,0,0,0,0.0,False,0,0,0,0,0,0,0.0,False,0,0,0.0,0,0,0,False,0,0,0.0,0
3758,oz_Address,,data/safe_contracts/openzeppelin-contracts/contracts/utils/Address.sol,,openzeppelin,False,False,False,False,False,False,False,False,False,False,False,False,False,False,True,False,False,False,False,False,False,False,True,False,False,0,0,33,7,28,0,0,9,0,157,3,1,6.142857142857143,0,73,0.46496815286624205,0,17,0,0,14,19,0,0,0,3,2,0.0,0.0,33.0,300.29999999999995,True,moderate,1,,,71,76,0,8,1.0704225352112675,False,7,43,7,19,0,28,0.5957446808510638,False,0,7,2.7142857142857144,5,0,6,False,26,16,0.23076923076923078,7
3759,oz_Calldata,,data/safe_contracts/openzeppelin-contracts/contracts/utils/Calldata.sol,,openzeppelin,False,False,False,False,False,False,False,False,False,False,False,False,False,False,True,False,False,False,False,False,False,False,True,False,False,0,0,6,2,0,0,0,1,0,22,1,1,1.0,0,7,0.3181818181818182,0,0,0,0,4,2,0,0,0,3,2,0.0,0.0,6.0,10.8,False,simple,0,,,10,8,0,4,0.8,False,0,2,2,0,0,0,0.0,False,0,2,0.0,2,0,0,False,0,0,0.0,0
3760,oz_Memory,,data/safe_contracts/openzeppelin-contracts/contracts/utils/Memory.sol,,openzeppelin,False,False,False,False,False,False,False,False,False,False,False,False,False,False,False,False,False,False,False,False,False,False,False,False,False,0,0,0,0,0,0,0,0,0,0,1,0,0.0,0,0,0.0,0,0,0,0,0,0,0,0,0,0,0,0.0,0.0,0.0,0.0,False,simple,0,COMPILATION_ERROR,Compilation error: unresolved reference to identifier mcopy,0,0,0,0,0.0,False,0,0,0,0,0,0,0.0,False,0,0,0.0,0,0,0,False,0,0,0.0,0
3761,oz_Clones,,data/safe_contracts/openzeppelin-contracts/contracts/proxy/Clones.sol,,openzeppelin,False,False,False,False,False,False,False,False,False,False,False,False,False,False,True,False,False,False,False,False,False,False,True,False,False,0,0,53,14,10,0,0,5,0,277,4,1,2.0,0,140,0.5054151624548736,0,2,0,0,22,31,0,0,0,4,2,0.0,0.0,53.0,579.025,True,moderate,1,,,76,69,0,11,0.9078947368421053,False,10,28,14,33,0,10,0.23255813953488372,True,0,14,2.357142857142857,13,0,7,False,0,35,0.0,14
3762,oz_Proxy,,data/safe_contracts/openzeppelin-contracts/contracts/proxy/Proxy.sol,,openzeppelin,False,False,False,False,False,False,False,False,False,False,False,False,False,False,True,True,False,False,False,False,False,False,True,False,False,0,1,4,4,0,0,0,3,0,61,1,1,1.5,0,37,0.6065573770491803,1,0,0,0,5,0,0,1,0,4,2,0.0,0.0,9.0,11.25,False,simple,0,,,17,15,0,11,0.8823529411764706,False,0,5,4,11,3,0,0.0,False,1,3,2.75,9,0,0,False,0,1,0.0,1
3763,oz_VestingWallet,,data/safe_contracts/openzeppelin-contracts/contracts/finance/VestingWallet.sol,,openzeppelin,False,False,True,False,False,False,False,False,False,False,False,False,False,False,True,False,False,False,False,False,False,False,True,True,False,0,0,56,14,3,4,0,3,0,142,10,1,1.1428571428571428,0,75,0.528169014084507,2,2,2,0,27,29,0,0,0,5,3,0.0,0.0,56.0,529.76,True,moderate,1,,,39,25,0,4,0.6410256410256411,False,12,16,14,19,4,3,0.13636363636363635,True,13,1,1.3571428571428572,6,4,3,True,2,11,1.5,7
3764,oz_VestingWalletCliff,,data/safe_contracts/openzeppelin-contracts/contracts/finance/VestingWalletCliff.sol,,openzeppelin,False,False,True,False,False,False,False,False,False,False,False,False,False,False,True,False,False,False,False,False,False,False,True,True,False,0,0,125,14,3,4,0,3,0,46,12,1,1.1428571428571428,0,23,0.5,2,2,2,0,30,95,0,0,0,5,3,0.0,0.0,125.0,2412.5,True,moderate,1,,,39,25,0,4,0.6410256410256411,False,12,16,14,19,4,3,0.13636363636363635,True,13,1,1.3571428571428572,6,4,3,True,2,11,1.5,7
3765,oz_IAccessControlEnumerable,,data/safe_contracts/openzeppelin-contracts/contracts/access/extensions/IAccessControlEnumerable.sol,,openzeppelin,False,False,False,False,False,False,False,False,False,False,False,False,False,False,False,False,False,False,False,False,False,False,True,False,False,0,0,3,5,0,0,0,1,0,27,2,1,1.0,0,21,0.7777777777777778,0,0,0,0,3,0,0,0,0,1,1,0.0,0.0,3.0,9.0,False,simple,0,,,0,0,0,0,0.0,False,0,0,5,0,0,0,0.0,False,5,0,0.0,5,0,0,False,0,9,0.0,5
3766,oz_IAccessControlDefaultAdminRules,,data/safe_contracts/openzeppelin-contracts/contracts/access/extensions/IAccessControlDefaultAdminRules.sol,,openzeppelin,False,False,False,False,False,False,False,False,False,False,False,False,False,False,False,False,False,False,False,False,False,False,True,False,False,0,0,3,5,0,0,0,1,0,173,2,1,1.0,0,152,0.8786127167630058,0,0,0,0,3,0,0,0,0,1,1,0.0,0.0,3.0,9.0,False,simple,0,,,0,0,0,0,0.0,False,0,0,5,0,0,0,0.0,False,5,0,0.0,5,0,0,False,0,9,0.0,5
3767,oz_AccessControlEnumerable,,data/safe_contracts/openzeppelin-contracts/contracts/access/extensions/AccessControlEnumerable.sol,,openzeppelin,False,False,False,False,False,False,False,False,False,False,False,False,False,False,False,False,False,False,False,False,False,False,False,False,False,0,0,0,0,0,0,0,0,0,0,1,0,0.0,0,0,0.0,0,0,0,0,0,0,0,0,0,0,0,0.0,0.0,0.0,0.0,False,simple,0,COMPILATION_ERROR,Compilation error: unresolved reference to identifier mcopy,0,0,0,0,0.0,False,0,0,0,0,0,0,0.0,False,0,0,0.0,0,0,0,False,0,0,0.0,0
3768,oz_AccessControlDefaultAdminRules,,data/safe_contracts/openzeppelin-contracts/contracts/access/extensions/AccessControlDefaultAdminRules.sol,,openzeppelin,False,False,True,False,False,False,False,False,False,False,False,False,False,False,True,False,False,False,False,False,False,False,True,True,False,1,9,137,12,0,2,1,3,0,327,11,1,1.5,0,161,0.4923547400611621,0,0,2,0,25,122,0,10,0,8,3,0.0,0.0,192.0,2649.6,True,moderate,1,,,42,32,0,4,0.7619047619047619,False,7,18,12,20,2,0,0.0,True,6,6,1.6666666666666667,8,2,3,True,0,19,0.0,11
3769,oz_AccessManaged,,data/safe_contracts/openzeppelin-contracts/contracts/access/manager/AccessManaged.sol,,openzeppelin,False,False,False,False,False,True,False,False,False,False,False,False,False,False,True,False,False,False,False,False,False,False,True,True,False,0,0,14,6,2,2,1,5,0,101,6,1,2.5,0,48,0.4752475247524752,0,1,1,0,9,5,0,0,0,5,3,0.0,0.0,14.0,35.0,True,simple,0,,,32,30,0,8,0.9375,False,3,15,6,9,1,2,0.18181818181818182,False,3,3,1.5,7,2,2,True,2,5,1.0,4
3770,oz_AccessManager,,data/safe_contracts/openzeppelin-contracts/contracts/access/manager/AccessManager.sol,,openzeppelin,False,False,True,False,False,False,False,False,False,False,False,False,True,False,True,False,False,False,False,False,False,True,True,True,False,1,12,153,49,21,6,1,9,0,633,13,1,2.4693877551020407,0,236,0.37282780410742494,1,16,1,0,38,128,0,13,0,10,5,0.0,0.0,223.0,2845.4799999999996,True,critical,3,,,297,271,1,17,0.9124579124579124,False,42,121,49,94,4,21,0.1826086956521739,False,30,19,1.9183673469387754,32,6,23,True,2,87,11.5,45
3771,oz_IAccessManager,,data/safe_contracts/openzeppelin-contracts/contracts/access/manager/IAccessManager.sol,,openzeppelin,False,False,False,False,False,False,False,False,False,False,False,False,False,False,False,False,False,False,False,False,False,False,True,False,False,0,0,2,29,0,0,0,1,0,360,1,1,1.0,0,287,0.7972222222222223,1,0,0,0,2,0,0,0,0,1,1,0.0,0.0,2.0,4.0,False,moderate,1,,,0,0,0,0,0.0,False,0,0,29,0,0,0,0.0,False,29,0,0.0,29,0,0,False,0,53,0.0,27
3772,oz_AuthorityUtils,,data/safe_contracts/openzeppelin-contracts/contracts/access/manager/AuthorityUtils.sol,,openzeppelin,False,False,False,False,False,False,False,False,False,False,False,False,False,False,True,False,False,False,False,False,False,False,True,True,False,0,0,6,1,1,0,0,3,0,30,2,1,3.0,0,9,0.3,0,0,0,0,5,1,0,0,0,4,2,0.0,0.0,6.0,8.55,False,simple,0,,,11,11,0,8,1.0,False,0,3,1,5,0,1,0.16666666666666666,False,0,1,5.0,5,0,1,False,1,4,1.0,1
3773,oz_IAccessManaged,,data/safe_contracts/openzeppelin-contracts/contracts/access/manager/IAccessManaged.sol,,openzeppelin,False,False,False,False,False,False,False,False,False,False,False,False,False,False,False,False,False,False,False,False,False,False,True,False,False,0,0,2,3,0,0,0,1,0,26,1,1,1.0,0,16,0.6153846153846154,0,0,0,0,2,0,0,0,0,1,1,0.0,0.0,2.0,4.0,False,simple,0,,,0,0,0,0,0.0,False,0,0,3,0,0,0,0.0,False,3,0,0.0,3,0,0,False,0,1,0.0,1
3774,oz_IAuthority,,data/safe_contracts/openzeppelin-contracts/contracts/access/manager/IAuthority.sol,,openzeppelin,False,False,False,False,False,False,False,False,False,False,False,False,False,False,False,False,False,False,False,False,False,False,True,False,False,0,0,2,1,0,0,0,1,0,12,1,1,1.0,0,8,0.6666666666666666,0,0,0,0,2,0,0,0,0,1,1,0.0,0.0,2.0,4.0,False,simple,0,,,0,0,0,0,0.0,False,0,0,1,0,0,0,0.0,False,1,0,0.0,1,0,0,False,0,3,0.0,1
3775,oz_GovernorProposalGuardianMock,,data/safe_contracts/openzeppelin-contracts/contracts/mocks/governance/GovernorProposalGuardianMock.sol,,openzeppelin,False,False,False,False,False,False,False,False,False,False,False,False,False,False,False,False,False,False,False,False,False,False,False,False,False,0,0,0,0,0,0,0,0,0,0,1,0,0.0,0,0,0.0,0,0,0,0,0,0,0,0,0,0,0,0.0,0.0,0.0,0.0,False,simple,0,COMPILATION_ERROR,Compilation error: unresolved reference to identifier mcopy,0,0,0,0,0.0,False,0,0,0,0,0,0,0.0,False,0,0,0.0,0,0,0,False,0,0,0.0,0
3776,oz_GovernorPreventLateQuorumMock,,data/safe_contracts/openzeppelin-contracts/contracts/mocks/governance/GovernorPreventLateQuorumMock.sol,,openzeppelin,False,False,False,False,False,False,False,False,False,False,False,False,False,False,False,False,False,False,False,False,False,False,False,False,False,0,0,0,0,0,0,0,0,0,0,1,0,0.0,0,0,0.0,0,0,0,0,0,0,0,0,0,0,0,0.0,0.0,0.0,0.0,False,simple,0,COMPILATION_ERROR,Compilation error: unresolved reference to identifier mcopy,0,0,0,0,0.0,False,0,0,0,0,0,0,0.0,False,0,0,0.0,0,0,0,False,0,0,0.0,0
3777,oz_GovernorTimelockAccessMock,,data/safe_contracts/openzeppelin-contracts/contracts/mocks/governance/GovernorTimelockAccessMock.sol,,openzeppelin,False,False,False,False,False,False,False,False,False,False,False,False,False,False,False,False,False,False,False,False,False,False,False,False,False,0,0,0,0,0,0,0,0,0,0,1,0,0.0,0,0,0.0,0,0,0,0,0,0,0,0,0,0,0,0.0,0.0,0.0,0.0,False,simple,0,COMPILATION_ERROR,Compilation error: unresolved reference to identifier mcopy,0,0,0,0,0.0,False,0,0,0,0,0,0,0.0,False,0,0,0.0,0,0,0,False,0,0,0.0,0
3778,oz_GovernorCountingOverridableMock,,data/safe_contracts/openzeppelin-contracts/contracts/mocks/governance/GovernorCountingOverridableMock.sol,,openzeppelin,False,False,False,False,False,False,False,False,False,False,False,False,False,False,False,False,False,False,False,False,False,False,False,False,False,0,0,0,0,0,0,0,0,0,0,1,0,0.0,0,0,0.0,0,0,0,0,0,0,0,0,0,0,0,0.0,0.0,0.0,0.0,False,simple,0,COMPILATION_ERROR,Compilation error: unresolved reference to identifier mcopy,0,0,0,0,0.0,False,0,0,0,0,0,0,0.0,False,0,0,0.0,0,0,0,False,0,0,0.0,0
3779,oz_GovernorFractionalMock,,data/safe_contracts/openzeppelin-contracts/contracts/mocks/governance/GovernorFractionalMock.sol,,openzeppelin,False,False,False,False,False,False,False,False,False,False,False,False,False,False,False,False,False,False,False,False,False,False,False,False,False,0,0,0,0,0,0,0,0,0,0,1,0,0.0,0,0,0.0,0,0,0,0,0,0,0,0,0,0,0,0.0,0.0,0.0,0.0,False,simple,0,COMPILATION_ERROR,Compilation error: unresolved reference to identifier mcopy,0,0,0,0,0.0,False,0,0,0,0,0,0,0.0,False,0,0,0.0,0,0,0,False,0,0,0.0,0
3780,oz_GovernorVoteMock,,data/safe_contracts/openzeppelin-contracts/contracts/mocks/governance/GovernorVoteMock.sol,,openzeppelin,False,False,False,False,False,False,False,False,False,False,False,False,False,False,False,False,False,False,False,False,False,False,False,False,False,0,0,0,0,0,0,0,0,0,0,1,0,0.0,0,0,0.0,0,0,0,0,0,0,0,0,0,0,0,0.0,0.0,0.0,0.0,False,simple,0,COMPILATION_ERROR,Compilation error: unresolved reference to identifier mcopy,0,0,0,0,0.0,False,0,0,0,0,0,0,0.0,False,0,0,0.0,0,0,0,False,0,0,0.0,0
3781,oz_GovernorWithParamsMock,,data/safe_contracts/openzeppelin-contracts/contracts/mocks/governance/GovernorWithParamsMock.sol,,openzeppelin,False,False,False,False,False,False,False,False,False,False,False,False,False,False,False,False,False,False,False,False,False,False,False,False,False,0,0,0,0,0,0,0,0,0,0,1,0,0.0,0,0,0.0,0,0,0,0,0,0,0,0,0,0,0,0.0,0.0,0.0,0.0,False,simple,0,COMPILATION_ERROR,Compilation error: unresolved reference to identifier mcopy,0,0,0,0,0.0,False,0,0,0,0,0,0,0.0,False,0,0,0.0,0,0,0,False,0,0,0.0,0
3782,oz_GovernorMock,,data/safe_contracts/openzeppelin-contracts/contracts/mocks/governance/GovernorMock.sol,,openzeppelin,False,False,False,False,False,False,False,False,False,False,False,False,False,False,False,False,False,False,False,False,False,False,False,False,False,0,0,0,0,0,0,0,0,0,0,1,0,0.0,0,0,0.0,0,0,0,0,0,0,0,0,0,0,0,0.0,0.0,0.0,0.0,False,simple,0,COMPILATION_ERROR,Compilation error: unresolved reference to identifier mcopy,0,0,0,0,0.0,False,0,0,0,0,0,0,0.0,False,0,0,0.0,0,0,0,False,0,0,0.0,0
3783,oz_GovernorSequentialProposalIdMock,,data/safe_contracts/openzeppelin-contracts/contracts/mocks/governance/GovernorSequentialProposalIdMock.sol,,openzeppelin,False,False,False,False,False,False,False,False,False,False,False,False,False,False,False,False,False,False,False,False,False,False,False,False,False,0,0,0,0,0,0,0,0,0,0,1,0,0.0,0,0,0.0,0,0,0,0,0,0,0,0,0,0,0,0.0,0.0,0.0,0.0,False,simple,0,COMPILATION_ERROR,Compilation error: unresolved reference to identifier mcopy,0,0,0,0,0.0,False,0,0,0,0,0,0,0.0,False,0,0,0.0,0,0,0,False,0,0,0.0,0
3784,oz_GovernorSuperQuorumMock,,data/safe_contracts/openzeppelin-contracts/contracts/mocks/governance/GovernorSuperQuorumMock.sol,,openzeppelin,False,False,False,False,False,False,False,False,False,False,False,False,False,False,False,False,False,False,False,False,False,False,False,False,False,0,0,0,0,0,0,0,0,0,0,1,0,0.0,0,0,0.0,0,0,0,0,0,0,0,0,0,0,0,0.0,0.0,0.0,0.0,False,simple,0,COMPILATION_ERROR,Compilation error: unresolved reference to identifier mcopy,0,0,0,0,0.0,False,0,0,0,0,0,0,0.0,False,0,0,0.0,0,0,0,False,0,0,0.0,0
3785,oz_GovernorStorageMock,,data/safe_contracts/openzeppelin-contracts/contracts/mocks/governance/GovernorStorageMock.sol,,openzeppelin,False,False,False,False,False,False,False,False,False,False,False,False,False,False,False,False,False,False,False,False,False,False,False,False,False,0,0,0,0,0,0,0,0,0,0,1,0,0.0,0,0,0.0,0,0,0,0,0,0,0,0,0,0,0,0.0,0.0,0.0,0.0,False,simple,0,COMPILATION_ERROR,Compilation error: unresolved reference to identifier mcopy,0,0,0,0,0.0,False,0,0,0,0,0,0,0.0,False,0,0,0.0,0,0,0,False,0,0,0.0,0
3786,oz_GovernorNoncesKeyedMock,,data/safe_contracts/openzeppelin-contracts/contracts/mocks/governance/GovernorNoncesKeyedMock.sol,,openzeppelin,False,False,False,False,False,False,False,False,False,False,False,False,False,False,False,False,False,False,False,False,False,False,False,False,False,0,0,0,0,0,0,0,0,0,0,1,0,0.0,0,0,0.0,0,0,0,0,0,0,0,0,0,0,0,0.0,0.0,0.0,0.0,False,simple,0,COMPILATION_ERROR,Compilation error: unresolved reference to identifier mcopy,0,0,0,0,0.0,False,0,0,0,0,0,0,0.0,False,0,0,0.0,0,0,0,False,0,0,0.0,0
3787,oz_GovernorTimelockControlMock,,data/safe_contracts/openzeppelin-contracts/contracts/mocks/governance/GovernorTimelockControlMock.sol,,openzeppelin,False,False,False,False,False,False,False,False,False,False,False,False,False,False,False,False,False,False,False,False,False,False,False,False,False,0,0,0,0,0,0,0,0,0,0,1,0,0.0,0,0,0.0,0,0,0,0,0,0,0,0,0,0,0,0.0,0.0,0.0,0.0,False,simple,0,COMPILATION_ERROR,Compilation error: unresolved reference to identifier mcopy,0,0,0,0,0.0,False,0,0,0,0,0,0,0.0,False,0,0,0.0,0,0,0,False,0,0,0.0,0
3788,oz_GovernorTimelockCompoundMock,,data/safe_contracts/openzeppelin-contracts/contracts/mocks/governance/GovernorTimelockCompoundMock.sol,,openzeppelin,False,False,False,False,False,False,False,False,False,False,False,False,False,False,False,False,False,False,False,False,False,False,False,False,False,0,0,0,0,0,0,0,0,0,0,1,0,0.0,0,0,0.0,0,0,0,0,0,0,0,0,0,0,0,0.0,0.0,0.0,0.0,False,simple,0,COMPILATION_ERROR,Compilation error: unresolved reference to identifier mcopy,0,0,0,0,0.0,False,0,0,0,0,0,0,0.0,False,0,0,0.0,0,0,0,False,0,0,0.0,0
3789,oz_GovernorVotesSuperQuorumFractionMock,,data/safe_contracts/openzeppelin-contracts/contracts/mocks/governance/GovernorVotesSuperQuorumFractionMock.sol,,openzeppelin,False,False,False,False,False,False,False,False,False,False,False,False,False,False,False,False,False,False,False,False,False,False,False,False,False,0,0,0,0,0,0,0,0,0,0,1,0,0.0,0,0,0.0,0,0,0,0,0,0,0,0,0,0,0,0.0,0.0,0.0,0.0,False,simple,0,COMPILATION_ERROR,Compilation error: unresolved reference to identifier mcopy,0,0,0,0,0.0,False,0,0,0,0,0,0,0.0,False,0,0,0.0,0,0,0,False,0,0,0.0,0
3790,oz_AccountMock,,data/safe_contracts/openzeppelin-contracts/contracts/mocks/account/AccountMock.sol,,openzeppelin,False,False,False,False,False,False,False,False,False,False,False,False,False,False,False,False,False,False,False,False,False,False,False,False,False,0,0,0,0,0,0,0,0,0,0,1,0,0.0,0,0,0.0,0,0,0,0,0,0,0,0,0,0,0,0.0,0.0,0.0,0.0,False,simple,0,COMPILATION_ERROR,Compilation error: unresolved reference to identifier mcopy,0,0,0,0,0.0,False,0,0,0,0,0,0,0.0,False,0,0,0.0,0,0,0,False,0,0,0.0,0
3791,oz_ERC7786GatewayMock,,data/safe_contracts/openzeppelin-contracts/contracts/mocks/crosschain/ERC7786GatewayMock.sol,,openzeppelin,False,False,False,False,False,False,False,False,False,False,False,False,False,False,False,False,False,False,False,False,False,False,False,False,False,0,0,0,0,0,0,0,0,0,0,1,0,0.0,0,0,0.0,0,0,0,0,0,0,0,0,0,0,0,0.0,0.0,0.0,0.0,False,simple,0,COMPILATION_ERROR,Compilation error: unresolved reference to identifier mcopy,0,0,0,0,0.0,False,0,0,0,0,0,0,0.0,False,0,0,0.0,0,0,0,False,0,0,0.0,0
3792,oz_ERC7786RecipientMock,,data/safe_contracts/openzeppelin-contracts/contracts/mocks/crosschain/ERC7786RecipientMock.sol,,openzeppelin,False,False,False,False,False,False,False,False,False,False,False,False,False,False,False,True,False,False,False,False,False,False,True,True,False,0,1,9,3,2,1,0,5,0,24,5,1,2.3333333333333335,0,2,0.08333333333333333,1,2,1,0,7,3,0,1,0,5,2,0.0,0.0,14.0,25.480000000000004,False,simple,0,,,10,11,0,7,1.1,False,1,5,3,4,1,2,0.3333333333333333,False,1,2,1.3333333333333333,4,1,1,False,2,9,0.5,3
3793,oz_ERC1363NoReturnMock,,data/safe_contracts/openzeppelin-contracts/contracts/mocks/token/ERC1363NoReturnMock.sol,,openzeppelin,False,False,False,False,False,False,False,False,False,False,False,False,False,False,True,False,False,False,False,False,False,False,True,True,False,0,0,26,3,0,0,0,1,0,28,15,1,1.0,0,1,0.03571428571428571,0,0,3,0,22,4,0,0,0,4,2,0.0,0.0,26.0,161.2,True,simple,0,,,15,12,0,4,0.8,False,0,3,3,6,1,0,0.0,True,3,0,2.0,1,0,0,False,0,10,0.0,3
3794,oz_ERC20ApprovalMock,,data/safe_contracts/openzeppelin-contracts/contracts/mocks/token/ERC20ApprovalMock.sol,,openzeppelin,False,False,False,False,False,False,False,False,False,False,False,False,False,False,False,False,False,False,False,False,False,False,True,True,False,0,0,12,1,0,0,0,1,0,8,8,1,1.0,0,1,0.125,0,0,2,0,8,4,0,0,0,3,1,0.0,0.0,12.0,43.2,False,simple,0,,,2,1,0,1,0.5,False,0,1,1,1,0,0,0.0,True,0,1,1.0,0,0,0,False,0,4,0.0,1
3795,oz_ERC20ExcessDecimalsMock,,data/safe_contracts/openzeppelin-contracts/contracts/mocks/token/ERC20ExcessDecimalsMock.sol,,openzeppelin,False,False,False,False,False,False,False,False,False,False,False,False,False,False,False,False,False,False,False,False,False,False,True,False,False,0,0,2,1,0,0,0,1,0,7,1,1,1.0,0,1,0.14285714285714285,0,0,0,0,2,0,0,0,0,1,1,0.0,0.0,2.0,4.0,False,simple,0,,,2,1,0,1,0.5,False,1,1,1,0,0,0,0.0,False,1,0,0.0,1,0,0,False,0,0,0.0,0
3796,oz_ERC1155ReceiverMock,,data/safe_contracts/openzeppelin-contracts/contracts/mocks/token/ERC1155ReceiverMock.sol,,openzeppelin,False,False,False,False,False,False,False,False,False,False,False,False,False,False,False,False,False,False,False,False,False,False,True,True,False,0,0,8,3,0,3,0,9,0,64,4,1,6.333333333333333,0,1,0.015625,0,0,2,0,8,0,0,0,0,3,1,0.0,0.0,8.0,21.333333333333332,False,simple,0,,,36,41,0,6,1.1388888888888888,False,2,19,3,8,1,0,0.0,False,3,0,2.6666666666666665,5,3,1,True,0,13,0.0,3
3797,oz_ERC20VotesAdditionalCheckpointsMock,,data/safe_contracts/openzeppelin-contracts/contracts/mocks/token/ERC20VotesAdditionalCheckpointsMock.sol,,openzeppelin,False,False,False,False,False,False,False,False,False,False,False,False,False,False,False,False,False,False,False,False,False,False,False,False,False,0,0,0,0,0,0,0,0,0,0,1,0,0.0,0,0,0.0,0,0,0,0,0,0,0,0,0,0,0,0.0,0.0,0.0,0.0,False,simple,0,COMPILATION_ERROR,Compilation error: unresolved reference to identifier mcopy,0,0,0,0,0.0,False,0,0,0,0,0,0,0.0,False,0,0,0.0,0,0,0,False,0,0,0.0,0
3798,oz_ERC20MulticallMock,,data/safe_contracts/openzeppelin-contracts/contracts/mocks/token/ERC20MulticallMock.sol,,openzeppelin,False,False,False,False,False,False,False,False,False,False,False,False,False,False,True,False,False,False,False,False,False,False,True,True,False,0,0,40,0,0,0,0,0,0,5,12,1,0.0,0,1,0.2,0,0,2,0,22,18,0,0,0,4,2,0.0,0.0,40.0,346.0,True,simple,0,,,0,0,0,0,0.0,False,0,0,0,0,0,0,0.0,False,0,0,0.0,0,0,0,False,0,0,0.0,0
3799,oz_ERC20VotesLegacyMock,,data/safe_contracts/openzeppelin-contracts/contracts/mocks/token/ERC20VotesLegacyMock.sol,,openzeppelin,False,False,False,False,False,False,False,False,False,False,False,False,False,False,False,False,False,False,False,False,False,False,False,False,False,0,0,0,0,0,0,0,0,0,0,1,0,0.0,0,0,0.0,0,0,0,0,0,0,0,0,0,0,0,0.0,0.0,0.0,0.0,False,simple,0,COMPILATION_ERROR,Compilation error: unresolved reference to identifier mcopy,0,0,0,0,0.0,False,0,0,0,0,0,0,0.0,False,0,0,0.0,0,0,0,False,0,0,0.0,0
3800,oz_ERC20ForceApproveMock,,data/safe_contracts/openzeppelin-contracts/contracts/mocks/token/ERC20ForceApproveMock.sol,,openzeppelin,False,False,False,False,False,False,False,False,False,False,False,False,False,False,False,False,False,False,False,False,False,False,True,True,False,0,0,12,1,0,0,0,1,0,10,8,1,1.0,0,2,0.2,0,0,2,0,8,4,0,0,0,3,1,0.0,0.0,12.0,43.2,False,simple,0,,,3,2,0,2,0.6666666666666666,False,1,1,1,3,1,0,0.0,True,1,0,3.0,2,0,0,False,0,2,0.0,1
3801,oz_ERC721ConsecutiveMock,,data/safe_contracts/openzeppelin-contracts/contracts/mocks/token/ERC721ConsecutiveMock.sol,,openzeppelin,False,False,False,False,False,False,False,False,False,False,False,False,False,False,False,False,False,False,False,False,False,False,False,False,False,0,0,0,0,0,0,0,0,0,0,1,0,0.0,0,0,0.0,0,0,0,0,0,0,0,0,0,0,0,0.0,0.0,0.0,0.0,False,simple,0,COMPILATION_ERROR,Compilation error: unresolved reference to identifier mcopy,0,0,0,0,0.0,False,0,0,0,0,0,0,0.0,False,0,0,0.0,0,0,0,False,0,0,0.0,0
3802,oz_ERC20NoReturnMock,,data/safe_contracts/openzeppelin-contracts/contracts/mocks/token/ERC20NoReturnMock.sol,,openzeppelin,False,False,False,False,False,False,False,False,False,False,False,False,False,False,True,False,False,False,False,False,False,False,True,True,False,0,0,15,3,0,0,0,1,0,25,8,1,1.0,0,3,0.12,0,0,2,0,11,4,0,0,0,4,2,0.0,0.0,15.0,51.75,False,simple,0,,,15,12,0,4,0.8,False,0,3,3,6,1,0,0.0,True,3,0,2.0,1,0,0,False,0,7,0.0,3
3803,oz_ERC721URIStorageMock,,data/safe_contracts/openzeppelin-contracts/contracts/mocks/token/ERC721URIStorageMock.sol,,openzeppelin,False,False,False,False,False,False,False,False,False,False,False,False,False,False,False,False,False,False,False,False,False,False,False,False,False,0,0,0,0,0,0,0,0,0,0,1,0,0.0,0,0,0.0,0,0,0,0,0,0,0,0,0,0,0,0.0,0.0,0.0,0.0,False,simple,0,COMPILATION_ERROR,Compilation error: unresolved reference to identifier mcopy,0,0,0,0,0.0,False,0,0,0,0,0,0,0.0,False,0,0,0.0,0,0,0,False,0,0,0.0,0
3804,oz_ERC1363ReturnFalseMock,,data/safe_contracts/openzeppelin-contracts/contracts/mocks/token/ERC1363ReturnFalseMock.sol,,openzeppelin,False,False,False,False,False,False,False,False,False,False,False,False,False,False,True,False,False,False,False,False,False,False,True,True,False,0,0,23,3,0,0,0,1,0,26,16,1,1.0,0,1,0.038461538461538464,0,0,3,0,19,4,0,0,0,4,2,0.0,0.0,23.0,125.35,True,simple,0,,,6,3,0,1,0.5,False,3,3,3,0,0,0,0.0,False,3,0,0.0,3,0,0,False,0,10,0.0,3
3805,oz_ERC20BridgeableMock,,data/safe_contracts/openzeppelin-contracts/contracts/mocks/token/ERC20BridgeableMock.sol,,openzeppelin,False,False,False,False,False,False,False,False,False,False,False,False,False,False,False,False,False,False,False,False,False,False,True,True,False,0,0,16,4,0,1,0,3,0,22,12,1,1.5,0,1,0.045454545454545456,0,0,3,0,13,3,0,0,0,3,1,0.0,0.0,16.0,80.53333333333333,False,simple,0,,,11,8,0,2,0.7272727272727273,False,0,6,4,3,1,0,0.0,False,1,3,0.75,3,1,1,True,0,3,0.0,3
3806,oz_ERC20DecimalsMock,,data/safe_contracts/openzeppelin-contracts/contracts/mocks/token/ERC20DecimalsMock.sol,,openzeppelin,False,False,False,False,False,False,False,False,False,False,False,False,False,False,False,False,False,False,False,False,False,False,True,True,False,0,0,12,2,0,1,0,1,0,12,8,1,1.0,0,1,0.08333333333333333,0,0,2,0,8,4,0,0,0,3,1,0.0,0.0,12.0,43.2,False,simple,0,,,4,2,0,1,0.5,False,1,2,2,0,0,0,0.0,False,1,1,0.0,2,1,1,True,0,1,0.0,1
3807,oz_ERC1363SpenderMock,,data/safe_contracts/openzeppelin-contracts/contracts/mocks/token/ERC1363SpenderMock.sol,,openzeppelin,False,False,False,False,False,False,False,False,False,False,False,False,False,False,False,False,False,False,False,False,False,False,True,True,False,0,0,5,3,0,2,0,9,0,38,2,1,3.6666666666666665,0,1,0.02631578947368421,0,0,1,0,5,0,0,0,0,3,1,0.0,0.0,5.0,8.333333333333334,False,simple,0,,,22,23,0,6,1.0454545454545454,False,1,11,3,3,1,0,0.0,False,3,0,1.0,5,2,1,True,0,5,0.0,2
3808,oz_ERC4626OffsetMock,,data/safe_contracts/openzeppelin-contracts/contracts/mocks/token/ERC4626OffsetMock.sol,,openzeppelin,False,False,False,False,False,False,False,False,False,False,False,False,False,False,False,False,False,False,False,False,False,False,False,False,False,0,0,0,0,0,0,0,0,0,0,1,0,0.0,0,0,0.0,0,0,0,0,0,0,0,0,0,0,0,0.0,0.0,0.0,0.0,False,simple,0,COMPILATION_ERROR,Compilation error: unresolved reference to identifier mcopy,0,0,0,0,0.0,False,0,0,0,0,0,0,0.0,False,0,0,0.0,0,0,0,False,0,0,0.0,0
3809,oz_ERC20Mock,,data/safe_contracts/openzeppelin-contracts/contracts/mocks/token/ERC20Mock.sol,,openzeppelin,False,False,False,False,False,False,False,False,False,False,False,False,False,False,False,False,False,False,False,False,False,False,True,True,False,0,0,10,3,0,0,0,1,0,12,8,1,1.0,0,1,0.08333333333333333,0,0,2,0,8,2,0,0,0,3,1,0.0,0.0,10.0,31.333333333333336,False,simple,0,,,6,3,0,1,0.5,False,0,3,3,3,1,0,0.0,True,3,0,1.0,2,0,0,False,0,4,0.0,2
3810,oz_ERC721ReceiverMock,,data/safe_contracts/openzeppelin-contracts/contracts/mocks/token/ERC721ReceiverMock.sol,,openzeppelin,False,False,False,False,False,False,False,False,False,False,False,False,False,False,False,False,False,False,False,False,False,False,True,True,False,0,0,5,2,0,2,0,9,0,39,2,1,5.0,0,1,0.02564102564102564,0,0,1,0,5,0,0,0,0,3,1,0.0,0.0,5.0,8.333333333333334,False,simple,0,,,19,21,0,6,1.105263157894737,False,1,10,2,4,1,0,0.0,False,2,0,2.0,5,2,1,True,0,6,0.0,2
3811,oz_ERC4646FeesMock,,data/safe_contracts/openzeppelin-contracts/contracts/mocks/token/ERC4646FeesMock.sol,,openzeppelin,False,False,False,False,False,False,False,False,False,False,False,False,False,False,False,False,False,False,False,False,False,False,False,False,False,0,0,0,0,0,0,0,0,0,0,1,0,0.0,0,0,0.0,0,0,0,0,0,0,0,0,0,0,0,0.0,0.0,0.0,0.0,False,simple,0,COMPILATION_ERROR,Compilation error: unresolved reference to identifier mcopy,0,0,0,0,0.0,False,0,0,0,0,0,0,0.0,False,0,0,0.0,0,0,0,False,0,0,0.0,0
3812,oz_ERC4626LimitsMock,,data/safe_contracts/openzeppelin-contracts/contracts/mocks/token/ERC4626LimitsMock.sol,,openzeppelin,False,False,False,False,False,False,False,False,False,False,False,False,False,False,False,False,False,False,False,False,False,False,False,False,False,0,0,0,0,0,0,0,0,0,0,1,0,0.0,0,0,0.0,0,0,0,0,0,0,0,0,0,0,0,0.0,0.0,0.0,0.0,False,simple,0,COMPILATION_ERROR,Compilation error: unresolved reference to identifier mcopy,0,0,0,0,0.0,False,0,0,0,0,0,0,0.0,False,0,0,0.0,0,0,0,False,0,0,0.0,0
3813,oz_ERC1363ForceApproveMock,,data/safe_contracts/openzeppelin-contracts/contracts/mocks/token/ERC1363ForceApproveMock.sol,,openzeppelin,False,False,False,False,False,False,False,False,False,False,False,False,False,False,True,False,False,False,False,False,False,False,True,True,False,0,0,23,1,0,0,0,1,0,10,15,1,1.0,0,2,0.2,0,0,3,0,19,4,0,0,0,4,2,0.0,0.0,23.0,125.35,True,simple,0,,,3,2,0,2,0.6666666666666666,False,1,1,1,3,1,0,0.0,True,1,0,3.0,2,0,0,False,0,3,0.0,1
3814,oz_ERC20VotesTimestampMock,,data/safe_contracts/openzeppelin-contracts/contracts/mocks/token/ERC20VotesTimestampMock.sol,,openzeppelin,False,False,False,False,False,False,False,False,False,False,False,False,False,False,False,False,False,False,False,False,False,False,False,False,False,0,0,0,0,0,0,0,0,0,0,1,0,0.0,0,0,0.0,0,0,0,0,0,0,0,0,0,0,0,0.0,0.0,0.0,0.0,False,simple,0,COMPILATION_ERROR,Compilation error: unresolved reference to identifier mcopy,0,0,0,0,0.0,False,0,0,0,0,0,0,0.0,False,0,0,0.0,0,0,0,False,0,0,0.0,0
3815,oz_ERC20Reentrant,,data/safe_contracts/openzeppelin-contracts/contracts/mocks/token/ERC20Reentrant.sol,,openzeppelin,False,False,False,False,False,False,False,False,False,False,False,False,False,False,True,False,False,False,False,False,False,False,True,True,False,0,0,39,3,1,3,0,5,0,33,11,1,2.3333333333333335,0,1,0.030303030303030304,0,1,2,0,21,18,0,0,0,5,2,0.0,0.0,39.0,262.08,True,simple,0,,,16,15,0,6,0.9375,False,1,7,3,2,0,1,0.3333333333333333,True,2,1,0.6666666666666666,2,3,3,True,1,8,3.0,3
3816,oz_ERC1363ReceiverMock,,data/safe_contracts/openzeppelin-contracts/contracts/mocks/token/ERC1363ReceiverMock.sol,,openzeppelin,False,False,False,False,False,False,False,False,False,False,False,False,False,False,False,False,False,False,False,False,False,False,True,True,False,0,0,5,3,0,2,0,9,0,43,2,1,3.6666666666666665,0,1,0.023255813953488372,0,0,1,0,5,0,0,0,0,3,1,0.0,0.0,5.0,8.333333333333334,False,simple,0,,,22,23,0,6,1.0454545454545454,False,1,11,3,3,1,0,0.0,False,3,0,1.0,5,2,1,True,0,6,0.0,2
3817,oz_ERC4626Mock,,data/safe_contracts/openzeppelin-contracts/contracts/mocks/token/ERC4626Mock.sol,,openzeppelin,False,False,False,False,False,False,False,False,False,False,False,False,False,False,False,False,False,False,False,False,False,False,False,False,False,0,0,0,0,0,0,0,0,0,0,1,0,0.0,0,0,0.0,0,0,0,0,0,0,0,0,0,0,0,0.0,0.0,0.0,0.0,False,simple,0,COMPILATION_ERROR,Compilation error: unresolved reference to identifier mcopy,0,0,0,0,0.0,False,0,0,0,0,0,0,0.0,False,0,0,0.0,0,0,0,False,0,0,0.0,0
3818,oz_ERC20FlashMintMock,,data/safe_contracts/openzeppelin-contracts/contracts/mocks/token/ERC20FlashMintMock.sol,,openzeppelin,False,False,False,False,False,True,True,False,False,False,False,False,False,False,False,False,False,False,False,False,False,False,True,True,False,0,0,18,4,0,2,0,1,0,19,11,1,1.0,0,1,0.05263157894736842,0,0,2,0,11,7,0,0,0,6,2,0.0,0.0,18.0,47.7,False,simple,0,,,8,4,0,1,0.5,False,2,4,4,0,0,0,0.0,False,2,2,0.0,4,2,2,True,0,4,0.0,3
3819,oz_ERC721ConsecutiveEnumerableMock,,data/safe_contracts/openzeppelin-contracts/contracts/mocks/token/ERC721ConsecutiveEnumerableMock.sol,,openzeppelin,False,False,False,False,False,False,False,False,False,False,False,False,False,False,False,False,False,False,False,False,False,False,False,False,False,0,0,0,0,0,0,0,0,0,0,1,0,0.0,0,0,0.0,0,0,0,0,0,0,0,0,0,0,0,0.0,0.0,0.0,0.0,False,simple,0,COMPILATION_ERROR,Compilation error: unresolved reference to identifier mcopy,0,0,0,0,0.0,False,0,0,0,0,0,0,0.0,False,0,0,0.0,0,0,0,False,0,0,0.0,0
3820,oz_ERC20ReturnFalseMock,,data/safe_contracts/openzeppelin-contracts/contracts/mocks/token/ERC20ReturnFalseMock.sol,,openzeppelin,False,False,False,False,False,False,False,False,False,False,False,False,False,False,False,False,False,False,False,False,False,False,True,True,False,0,0,18,3,0,0,0,1,0,14,8,1,1.0,0,1,0.07142857142857142,0,0,2,0,8,10,0,0,0,3,1,0.0,0.0,18.0,90.0,False,simple,0,,,6,3,0,1,0.5,False,3,3,3,0,0,0,0.0,False,3,0,0.0,3,0,0,False,0,7,0.0,3
3821,oz_ERC20GetterHelper,,data/safe_contracts/openzeppelin-contracts/contracts/mocks/token/ERC20GetterHelper.sol,,openzeppelin,False,False,False,False,False,False,False,False,False,False,False,False,False,False,False,False,False,False,False,False,False,False,True,True,False,0,0,5,6,6,0,0,1,0,30,3,1,1.0,0,1,0.03333333333333333,0,0,0,0,5,0,0,0,0,2,1,0.0,0.0,5.0,12.5,False,simple,0,,,12,6,0,1,0.5,False,0,6,6,0,0,6,1.0,False,6,0,0.0,6,0,6,False,0,9,0.0,6
3822,oz_UUPSUpgradeableMock,,data/safe_contracts/openzeppelin-contracts/contracts/mocks/proxy/UUPSUpgradeableMock.sol,,openzeppelin,False,False,False,False,False,False,False,False,False,False,False,False,False,False,True,False,False,False,False,False,False,True,True,True,False,0,2,65,2,0,0,0,1,0,27,13,1,1.0,0,2,0.07407407407407407,0,0,2,0,33,34,0,2,0,7,3,0.0,0.0,75.0,608.5714285714286,True,simple,0,,,2,0,0,0,0.0,False,0,2,2,0,0,0,0.0,False,0,2,0.0,2,0,0,False,0,1,0.0,1
3823,oz_BadBeacon,,data/safe_contracts/openzeppelin-contracts/contracts/mocks/proxy/BadBeacon.sol,,openzeppelin,False,False,False,False,False,False,False,False,False,False,False,False,False,False,False,False,False,False,False,False,False,False,True,False,False,0,0,2,0,0,0,0,0,0,8,2,1,0.0,0,1,0.125,0,0,0,0,2,0,0,0,0,1,1,0.0,0.0,2.0,4.0,False,simple,0,,,0,0,0,0,0.0,False,0,0,0,0,0,0,0.0,False,0,0,0.0,0,0,0,False,0,0,0.0,0
3824,oz_ClashingImplementation,,data/safe_contracts/openzeppelin-contracts/contracts/mocks/proxy/ClashingImplementation.sol,,openzeppelin,False,False,False,False,False,False,False,False,False,False,False,False,False,False,False,True,False,False,False,False,False,False,True,False,False,0,1,2,2,0,0,0,1,0,15,1,1,1.0,0,5,0.3333333333333333,1,0,0,0,3,0,0,1,0,2,2,0.0,0.0,7.0,10.5,False,simple,0,,,4,2,0,1,0.5,False,1,2,2,0,0,0,0.0,False,2,0,0.0,2,0,0,False,0,2,0.0,1
3825,oz_ERC1967ProxyUnsafe,,data/safe_contracts/openzeppelin-contracts/contracts/mocks/proxy/ERC1967ProxyUnsafe.sol,,openzeppelin,False,False,False,False,False,False,False,False,False,False,False,False,False,False,True,False,False,False,False,False,False,True,True,True,False,0,2,61,2,0,0,0,1,0,9,10,1,1.0,0,1,0.1111111111111111,1,0,2,0,32,31,0,2,0,5,3,0.0,0.0,71.0,762.54,True,simple,0,,,4,2,0,1,0.5,False,1,2,2,1,0,0,0.0,True,1,1,0.5,1,0,0,False,0,2,0.0,1
3826,oz_CompTimelock,,data/safe_contracts/openzeppelin-contracts/contracts/mocks/compound/CompTimelock.sol,,openzeppelin,False,False,True,True,False,False,True,False,False,False,False,False,False,False,False,False,False,False,False,False,False,False,True,False,False,0,0,9,10,5,7,0,3,1,145,1,1,1.2,0,27,0.18620689655172415,2,0,0,0,3,6,0,0,0,5,4,0.0,0.0,9.0,12.96,True,moderate,1,,,56,47,0,16,0.8392857142857143,False,3,12,10,16,1,5,0.23809523809523808,False,8,2,1.6,7,7,6,True,1,19,6.0,6
3827,oz_ERC20WithAutoMinerReward,,data/safe_contracts/openzeppelin-contracts/contracts/mocks/docs/ERC20WithAutoMinerReward.sol,,openzeppelin,False,False,False,False,False,False,False,False,False,False,False,False,False,False,False,False,False,False,False,False,False,False,True,True,False,0,0,11,3,0,0,0,3,0,17,8,1,1.6666666666666667,0,1,0.058823529411764705,0,0,2,0,8,3,0,0,0,3,1,0.0,0.0,11.0,37.03333333333333,False,simple,0,,,10,8,0,3,0.8,False,0,5,3,5,2,0,0.0,True,1,2,1.6666666666666667,1,0,0,False,0,3,0.0,1
3828,oz_AccessManagerEnumerable,,data/safe_contracts/openzeppelin-contracts/contracts/mocks/docs/AccessManagerEnumerable.sol,,openzeppelin,False,False,False,False,False,False,False,False,False,False,False,False,False,False,False,False,False,False,False,False,False,False,False,False,False,0,0,0,0,0,0,0,0,0,0,1,0,0.0,0,0,0.0,0,0,0,0,0,0,0,0,0,0,0,0.0,0.0,0.0,0.0,False,simple,0,COMPILATION_ERROR,Compilation error: unresolved reference to identifier mcopy,0,0,0,0,0.0,False,0,0,0,0,0,0,0.0,False,0,0,0.0,0,0,0,False,0,0,0.0,0
3829,oz_MyNFT,,data/safe_contracts/openzeppelin-contracts/contracts/mocks/docs/MyNFT.sol,,openzeppelin,False,False,False,False,False,False,False,False,False,False,False,False,False,False,False,False,False,False,False,False,False,False,False,False,False,0,0,0,0,0,0,0,0,0,0,1,0,0.0,0,0,0.0,0,0,0,0,0,0,0,0,0,0,0,0.0,0.0,0.0,0.0,False,simple,0,COMPILATION_ERROR,Compilation error: unresolved reference to identifier mcopy,0,0,0,0,0.0,False,0,0,0,0,0,0,0.0,False,0,0,0.0,0,0,0,False,0,0,0.0,0
3830,oz_ERC4626Fees,,data/safe_contracts/openzeppelin-contracts/contracts/mocks/docs/ERC4626Fees.sol,,openzeppelin,False,False,False,False,False,False,False,False,False,False,False,False,False,False,False,False,False,False,False,False,False,False,False,False,False,0,0,0,0,0,0,0,0,0,0,1,0,0.0,0,0,0.0,0,0,0,0,0,0,0,0,0,0,0,0.0,0.0,0.0,0.0,False,simple,0,COMPILATION_ERROR,Compilation error: unresolved reference to identifier mcopy,0,0,0,0,0.0,False,0,0,0,0,0,0,0.0,False,0,0,0.0,0,0,0,False,0,0,0.0,0
3831,oz_ERC7579Mock,,data/safe_contracts/openzeppelin-contracts/contracts/mocks/account/modules/ERC7579Mock.sol,,openzeppelin,False,False,False,False,False,False,False,False,False,False,False,False,False,False,False,False,False,False,False,False,False,False,False,False,False,0,0,0,0,0,0,0,0,0,0,1,0,0.0,0,0,0.0,0,0,0,0,0,0,0,0,0,0,0,0.0,0.0,0.0,0.0,False,simple,0,COMPILATION_ERROR,Compilation error: unresolved reference to identifier mcopy,0,0,0,0,0.0,False,0,0,0,0,0,0,0.0,False,0,0,0.0,0,0,0,False,0,0,0.0,0
3832,oz_ERC7579UtilsMock,,data/safe_contracts/openzeppelin-contracts/contracts/mocks/account/utils/ERC7579UtilsMock.sol,,openzeppelin,False,False,False,True,False,False,True,False,False,False,False,False,False,False,True,False,False,False,False,False,False,True,True,True,False,0,1,704,15,32,5,0,7,4,17,19,1,2.2666666666666666,0,1,0.058823529411764705,0,8,0,0,447,258,0,1,0,9,5,0.0,0.0,709.0,49440.933333333334,True,moderate,1,,,88,82,1,13,0.9318181818181818,False,8,34,15,14,0,32,0.6956521739130435,False,0,15,0.9333333333333333,10,5,11,False,14,33,0.7857142857142857,14
3833,oz_ERC7739Mock,,data/safe_contracts/openzeppelin-contracts/contracts/mocks/utils/cryptography/ERC7739Mock.sol,,openzeppelin,False,False,False,False,False,False,False,False,False,False,False,False,False,False,False,False,False,False,False,False,False,False,False,False,False,0,0,0,0,0,0,0,0,0,0,1,0,0.0,0,0,0.0,0,0,0,0,0,0,0,0,0,0,0,0.0,0.0,0.0,0.0,False,simple,0,COMPILATION_ERROR,Compilation error: unresolved reference to identifier mcopy,0,0,0,0,0.0,False,0,0,0,0,0,0,0.0,False,0,0,0.0,0,0,0,False,0,0,0.0,0
3834,oz_MyTokenTimestampBased,,data/safe_contracts/openzeppelin-contracts/contracts/mocks/docs/governance/MyTokenTimestampBased.sol,,openzeppelin,False,False,False,False,False,False,False,False,False,False,False,False,False,False,False,False,False,False,False,False,False,False,False,False,False,0,0,0,0,0,0,0,0,0,0,1,0,0.0,0,0,0.0,0,0,0,0,0,0,0,0,0,0,0,0.0,0.0,0.0,0.0,False,simple,0,COMPILATION_ERROR,Compilation error: unresolved reference to identifier mcopy,0,0,0,0,0.0,False,0,0,0,0,0,0,0.0,False,0,0,0.0,0,0,0,False,0,0,0.0,0
3835,oz_MyTokenWrapped,,data/safe_contracts/openzeppelin-contracts/contracts/mocks/docs/governance/MyTokenWrapped.sol,,openzeppelin,False,False,False,False,False,False,False,False,False,False,False,False,False,False,False,False,False,False,False,False,False,False,False,False,False,0,0,0,0,0,0,0,0,0,0,1,0,0.0,0,0,0.0,0,0,0,0,0,0,0,0,0,0,0,0.0,0.0,0.0,0.0,False,simple,0,COMPILATION_ERROR,Compilation error: unresolved reference to identifier mcopy,0,0,0,0,0.0,False,0,0,0,0,0,0,0.0,False,0,0,0.0,0,0,0,False,0,0,0.0,0
3836,oz_MyGovernor,,data/safe_contracts/openzeppelin-contracts/contracts/mocks/docs/governance/MyGovernor.sol,,openzeppelin,False,False,False,False,False,False,False,False,False,False,False,False,False,False,False,False,False,False,False,False,False,False,False,False,False,0,0,0,0,0,0,0,0,0,0,1,0,0.0,0,0,0.0,0,0,0,0,0,0,0,0,0,0,0,0.0,0.0,0.0,0.0,False,simple,0,COMPILATION_ERROR,Compilation error: unresolved reference to identifier mcopy,0,0,0,0,0.0,False,0,0,0,0,0,0,0.0,False,0,0,0.0,0,0,0,False,0,0,0.0,0
3837,oz_MyToken,,data/safe_contracts/openzeppelin-contracts/contracts/mocks/docs/governance/MyToken.sol,,openzeppelin,False,False,False,False,False,False,False,False,False,False,False,False,False,False,False,False,False,False,False,False,False,False,False,False,False,0,0,0,0,0,0,0,0,0,0,1,0,0.0,0,0,0.0,0,0,0,0,0,0,0,0,0,0,0,0.0,0.0,0.0,0.0,False,simple,0,COMPILATION_ERROR,Compilation error: unresolved reference to identifier mcopy,0,0,0,0,0.0,False,0,0,0,0,0,0,0.0,False,0,0,0.0,0,0,0,False,0,0,0.0,0
3838,oz_MyFactoryAccount,,data/safe_contracts/openzeppelin-contracts/contracts/mocks/docs/account/MyFactoryAccount.sol,,openzeppelin,False,False,False,False,False,False,False,False,False,False,False,False,False,False,True,False,False,False,False,False,False,True,True,False,False,0,2,53,3,3,1,0,3,0,30,6,1,1.6666666666666667,0,7,0.23333333333333334,0,3,0,0,24,31,0,2,0,5,3,0.0,0.0,63.0,575.8199999999999,True,simple,0,,,12,10,0,4,0.8333333333333334,False,2,5,3,6,1,3,0.3333333333333333,False,3,0,2.0,3,1,3,True,3,3,1.0,3
3839,oz_MyAccountEIP7702,,data/safe_contracts/openzeppelin-contracts/contracts/mocks/docs/account/MyAccountEIP7702.sol,,openzeppelin,False,False,True,True,False,False,True,False,False,False,False,False,False,False,True,False,False,False,False,False,True,True,True,True,False,1,14,865,10,2,0,2,3,0,18,37,1,1.7,0,3,0.16666666666666666,1,1,1,0,485,395,0,15,0,14,6,0.0,0.0,945.0,51401.25,True,simple,0,,,32,25,0,4,0.78125,False,7,17,10,11,2,2,0.15384615384615385,True,5,5,1.1,7,0,2,False,1,10,2.0,5
3840,oz_AccessManagedERC20MintBase,,data/safe_contracts/openzeppelin-contracts/contracts/mocks/docs/access-control/AccessManagedERC20MintBase.sol,,openzeppelin,False,False,False,False,False,True,True,False,False,False,False,False,False,False,True,False,False,False,False,False,False,False,True,True,False,0,0,19,6,2,2,1,5,0,13,13,1,2.5,0,4,0.3076923076923077,0,1,1,0,14,5,0,0,0,6,3,0.0,0.0,19.0,55.41666666666666,True,simple,0,,,32,30,0,8,0.9375,False,3,15,6,9,1,2,0.18181818181818182,False,3,3,1.5,7,2,2,True,2,5,1.0,4
3841,oz_AccessControlERC20MintMissing,,data/safe_contracts/openzeppelin-contracts/contracts/mocks/docs/access-control/AccessControlERC20MintMissing.sol,,openzeppelin,False,False,False,False,False,False,False,False,False,False,False,False,False,False,False,False,False,False,False,False,False,False,True,True,False,0,0,15,12,0,2,1,3,0,19,12,1,1.5,0,3,0.15789473684210525,0,0,2,0,12,3,0,0,0,3,1,0.0,0.0,15.0,70.5,False,moderate,1,,,42,32,0,4,0.7619047619047619,False,7,18,12,20,2,0,0.0,True,6,6,1.6666666666666667,8,2,3,True,0,19,0.0,11
3842,oz_AccessControlERC20MintBase,,data/safe_contracts/openzeppelin-contracts/contracts/mocks/docs/access-control/AccessControlERC20MintBase.sol,,openzeppelin,False,False,False,False,False,False,False,False,False,False,False,False,False,False,False,False,False,False,False,False,False,False,True,True,False,0,0,16,12,0,2,1,3,0,20,12,1,1.5,0,4,0.2,0,0,2,0,12,4,0,0,0,3,1,0.0,0.0,16.0,78.93333333333334,False,moderate,1,,,42,32,0,4,0.7619047619047619,False,7,18,12,20,2,0,0.0,True,6,6,1.6666666666666667,8,2,3,True,0,19,0.0,11
3843,oz_AccessControlERC20MintOnlyRole,,data/safe_contracts/openzeppelin-contracts/contracts/mocks/docs/access-control/AccessControlERC20MintOnlyRole.sol,,openzeppelin,False,False,False,False,False,False,False,False,False,False,False,False,False,False,False,False,False,False,False,False,False,False,True,True,False,0,0,15,12,0,2,1,3,0,18,12,1,1.5,0,1,0.05555555555555555,0,0,2,0,12,3,0,0,0,3,1,0.0,0.0,15.0,70.5,False,moderate,1,,,42,32,0,4,0.7619047619047619,False,7,18,12,20,2,0,0.0,True,6,6,1.6666666666666667,8,2,3,True,0,19,0.0,11
3844,oz_AccessControlModified,,data/safe_contracts/openzeppelin-contracts/contracts/mocks/docs/access-control/AccessControlModified.sol,,openzeppelin,False,False,False,False,False,False,False,False,False,False,False,False,False,False,False,False,False,False,False,False,False,False,True,True,False,0,0,11,12,0,2,1,3,0,11,6,1,1.5,0,3,0.2727272727272727,0,0,2,0,8,3,0,0,0,3,1,0.0,0.0,11.0,37.03333333333333,False,moderate,1,,,42,32,0,4,0.7619047619047619,False,7,18,12,20,2,0,0.0,True,6,6,1.6666666666666667,8,2,3,True,0,19,0.0,11
3845,oz_MyContractOwnable,,data/safe_contracts/openzeppelin-contracts/contracts/mocks/docs/access-control/MyContractOwnable.sol,,openzeppelin,False,False,False,False,False,False,False,False,False,False,False,False,False,False,False,False,False,False,False,False,False,False,True,False,False,0,0,6,6,0,1,1,3,0,12,3,1,2.0,0,3,0.25,0,0,1,0,4,2,0,0,0,2,1,0.0,0.0,6.0,16.2,False,simple,0,,,24,21,0,4,0.875,False,1,12,6,10,1,0,0.0,False,3,3,1.6666666666666667,6,1,1,True,0,3,0.0,3
3846,oz_Base64NFT,,data/safe_contracts/openzeppelin-contracts/contracts/mocks/docs/utilities/Base64NFT.sol,,openzeppelin,False,False,False,False,False,False,False,False,False,False,False,False,False,False,False,False,False,False,False,False,False,False,False,False,False,0,0,0,0,0,0,0,0,0,0,1,0,0.0,0,0,0.0,0,0,0,0,0,0,0,0,0,0,0,0.0,0.0,0.0,0.0,False,simple,0,COMPILATION_ERROR,Compilation error: unresolved reference to identifier mcopy,0,0,0,0,0.0,False,0,0,0,0,0,0,0.0,False,0,0,0.0,0,0,0,False,0,0,0.0,0
3847,oz_Multicall,,data/safe_contracts/openzeppelin-contracts/contracts/mocks/docs/utilities/Multicall.sol,,openzeppelin,False,False,False,False,False,False,False,False,False,False,False,False,False,False,True,False,False,False,False,False,False,False,True,False,False,0,0,33,1,4,0,0,6,0,12,6,1,6.0,0,4,0.3333333333333333,0,1,1,0,17,16,0,0,0,3,2,0.0,0.0,33.0,310.2,True,simple,0,,,13,14,1,9,1.0769230769230769,False,1,6,1,2,1,4,0.6666666666666666,False,1,0,2.0,2,0,1,False,1,1,1.0,1
3848,oz_ERC6909GameItems,,data/safe_contracts/openzeppelin-contracts/contracts/mocks/docs/token/ERC6909/ERC6909GameItems.sol,,openzeppelin,False,False,False,False,False,False,False,False,False,False,False,False,False,False,False,False,False,False,False,False,False,False,True,True,False,0,0,14,2,0,5,0,1,0,22,10,1,1.0,0,2,0.09090909090909091,0,0,4,0,9,5,0,0,0,3,1,0.0,0.0,14.0,58.333333333333336,False,simple,0,,,15,13,0,9,0.8666666666666667,False,0,2,2,2,1,0,0.0,False,1,1,1.0,3,5,0,True,0,0,0.0,0
3849,oz_GameItem,,data/safe_contracts/openzeppelin-contracts/contracts/mocks/docs/token/ERC721/GameItem.sol,,openzeppelin,False,False,False,False,False,False,False,False,False,False,False,False,False,False,False,False,False,False,False,False,False,False,False,False,False,0,0,0,0,0,0,0,0,0,0,1,0,0.0,0,0,0.0,0,0,0,0,0,0,0,0,0,0,0,0.0,0.0,0.0,0.0,False,simple,0,COMPILATION_ERROR,Compilation error: unresolved reference to identifier mcopy,0,0,0,0,0.0,False,0,0,0,0,0,0,0.0,False,0,0,0.0,0,0,0,False,0,0,0.0,0
3850,oz_GLDToken,,data/safe_contracts/openzeppelin-contracts/contracts/mocks/docs/token/ERC20/GLDToken.sol,,openzeppelin,False,False,False,False,False,False,False,False,False,False,False,False,False,False,False,False,False,False,False,False,False,False,True,True,False,0,0,11,1,0,0,0,1,0,9,8,1,1.0,0,2,0.2222222222222222,0,0,2,0,8,3,0,0,0,3,1,0.0,0.0,11.0,37.03333333333333,False,simple,0,,,3,2,0,2,0.6666666666666666,False,0,1,1,2,1,0,0.0,True,1,0,2.0,1,0,0,False,0,1,0.0,1
3851,oz_GameItems,,data/safe_contracts/openzeppelin-contracts/contracts/mocks/docs/token/ERC1155/GameItems.sol,,openzeppelin,False,False,False,False,False,False,False,False,False,False,False,False,False,False,False,False,False,False,False,False,False,False,False,False,False,0,0,0,0,0,0,0,0,0,0,1,0,0.0,0,0,0.0,0,0,0,0,0,0,0,0,0,0,0,0.0,0.0,0.0,0.0,False,simple,0,COMPILATION_ERROR,Compilation error: unresolved reference to identifier mcopy,0,0,0,0,0.0,False,0,0,0,0,0,0,0.0,False,0,0,0.0,0,0,0,False,0,0,0.0,0
3852,oz_MyERC115HolderContract,,data/safe_contracts/openzeppelin-contracts/contracts/mocks/docs/token/ERC1155/MyERC115HolderContract.sol,,openzeppelin,False,False,False,False,False,False,False,False,False,False,False,False,False,False,False,False,False,False,False,False,False,False,True,True,False,0,0,7,0,0,0,0,0,0,5,5,1,0.0,0,2,0.4,0,0,3,0,7,0,0,0,0,2,1,0.0,0.0,7.0,24.5,False,simple,0,,,0,0,0,0,0.0,False,0,0,0,0,0,0,0.0,False,0,0,0.0,0,0,0,False,0,0,0.0,0
3853,oz_VotesExtended,,data/safe_contracts/openzeppelin-contracts/contracts/governance/utils/VotesExtended.sol,,openzeppelin,False,False,False,False,False,False,False,False,False,False,False,False,False,False,False,False,False,False,False,False,False,False,False,False,False,0,0,0,0,0,0,0,0,0,0,1,0,0.0,0,0,0.0,0,0,0,0,0,0,0,0,0,0,0,0.0,0.0,0.0,0.0,False,simple,0,COMPILATION_ERROR,Compilation error: unresolved reference to identifier mcopy,0,0,0,0,0.0,False,0,0,0,0,0,0,0.0,False,0,0,0.0,0,0,0,False,0,0,0.0,0
3854,oz_Votes,,data/safe_contracts/openzeppelin-contracts/contracts/governance/utils/Votes.sol,,openzeppelin,False,False,False,False,False,False,False,False,False,False,False,False,False,False,False,False,False,False,False,False,False,False,False,False,False,0,0,0,0,0,0,0,0,0,0,1,0,0.0,0,0,0.0,0,0,0,0,0,0,0,0,0,0,0,0.0,0.0,0.0,0.0,False,simple,0,COMPILATION_ERROR,Compilation error: unresolved reference to identifier mcopy,0,0,0,0,0.0,False,0,0,0,0,0,0,0.0,False,0,0,0.0,0,0,0,False,0,0,0.0,0
3855,oz_IVotes,,data/safe_contracts/openzeppelin-contracts/contracts/governance/utils/IVotes.sol,,openzeppelin,False,False,False,False,False,False,False,False,False,False,False,False,False,False,False,False,False,False,False,False,False,False,True,False,False,0,0,2,6,0,0,0,1,0,50,1,1,1.0,0,38,0.76,0,0,0,0,2,0,0,0,0,1,1,0.0,0.0,2.0,4.0,False,simple,0,,,0,0,0,0,0.0,False,0,0,6,0,0,0,0.0,False,6,0,0.0,6,0,0,False,0,12,0.0,6
3856,oz_GovernorTimelockCompound,,data/safe_contracts/openzeppelin-contracts/contracts/governance/extensions/GovernorTimelockCompound.sol,,openzeppelin,False,False,False,False,False,False,False,False,False,False,False,False,False,False,False,False,False,False,False,False,False,False,False,False,False,0,0,0,0,0,0,0,0,0,0,1,0,0.0,0,0,0.0,0,0,0,0,0,0,0,0,0,0,0,0.0,0.0,0.0,0.0,False,simple,0,COMPILATION_ERROR,Compilation error: unresolved reference to identifier mcopy,0,0,0,0,0.0,False,0,0,0,0,0,0,0.0,False,0,0,0.0,0,0,0,False,0,0,0.0,0
3857,oz_GovernorNoncesKeyed,,data/safe_contracts/openzeppelin-contracts/contracts/governance/extensions/GovernorNoncesKeyed.sol,,openzeppelin,False,False,False,False,False,False,False,False,False,False,False,False,False,False,False,False,False,False,False,False,False,False,False,False,False,0,0,0,0,0,0,0,0,0,0,1,0,0.0,0,0,0.0,0,0,0,0,0,0,0,0,0,0,0,0.0,0.0,0.0,0.0,False,simple,0,COMPILATION_ERROR,Compilation error: unresolved reference to identifier mcopy,0,0,0,0,0.0,False,0,0,0,0,0,0,0.0,False,0,0,0.0,0,0,0,False,0,0,0.0,0
3858,oz_GovernorVotesQuorumFraction,,data/safe_contracts/openzeppelin-contracts/contracts/governance/extensions/GovernorVotesQuorumFraction.sol,,openzeppelin,False,False,False,False,False,False,False,False,False,False,False,False,False,False,False,False,False,False,False,False,False,False,False,False,False,0,0,0,0,0,0,0,0,0,0,1,0,0.0,0,0,0.0,0,0,0,0,0,0,0,0,0,0,0,0.0,0.0,0.0,0.0,False,simple,0,COMPILATION_ERROR,Compilation error: unresolved reference to identifier mcopy,0,0,0,0,0.0,False,0,0,0,0,0,0,0.0,False,0,0,0.0,0,0,0,False,0,0,0.0,0
3859,oz_GovernorVotes,,data/safe_contracts/openzeppelin-contracts/contracts/governance/extensions/GovernorVotes.sol,,openzeppelin,False,False,False,False,False,False,False,False,False,False,False,False,False,False,False,False,False,False,False,False,False,False,False,False,False,0,0,0,0,0,0,0,0,0,0,1,0,0.0,0,0,0.0,0,0,0,0,0,0,0,0,0,0,0,0.0,0.0,0.0,0.0,False,simple,0,COMPILATION_ERROR,Compilation error: unresolved reference to identifier mcopy,0,0,0,0,0.0,False,0,0,0,0,0,0,0.0,False,0,0,0.0,0,0,0,False,0,0,0.0,0
3860,oz_GovernorTimelockAccess,,data/safe_contracts/openzeppelin-contracts/contracts/governance/extensions/GovernorTimelockAccess.sol,,openzeppelin,False,False,False,False,False,False,False,False,False,False,False,False,False,False,False,False,False,False,False,False,False,False,False,False,False,0,0,0,0,0,0,0,0,0,0,1,0,0.0,0,0,0.0,0,0,0,0,0,0,0,0,0,0,0,0.0,0.0,0.0,0.0,False,simple,0,COMPILATION_ERROR,Compilation error: unresolved reference to identifier mcopy,0,0,0,0,0.0,False,0,0,0,0,0,0,0.0,False,0,0,0.0,0,0,0,False,0,0,0.0,0
3861,oz_GovernorCountingOverridable,,data/safe_contracts/openzeppelin-contracts/contracts/governance/extensions/GovernorCountingOverridable.sol,,openzeppelin,False,False,False,False,False,False,False,False,False,False,False,False,False,False,False,False,False,False,False,False,False,False,False,False,False,0,0,0,0,0,0,0,0,0,0,1,0,0.0,0,0,0.0,0,0,0,0,0,0,0,0,0,0,0,0.0,0.0,0.0,0.0,False,simple,0,COMPILATION_ERROR,Compilation error: unresolved reference to identifier mcopy,0,0,0,0,0.0,False,0,0,0,0,0,0,0.0,False,0,0,0.0,0,0,0,False,0,0,0.0,0
3862,oz_GovernorSuperQuorum,,data/safe_contracts/openzeppelin-contracts/contracts/governance/extensions/GovernorSuperQuorum.sol,,openzeppelin,False,False,False,False,False,False,False,False,False,False,False,False,False,False,False,False,False,False,False,False,False,False,False,False,False,0,0,0,0,0,0,0,0,0,0,1,0,0.0,0,0,0.0,0,0,0,0,0,0,0,0,0,0,0,0.0,0.0,0.0,0.0,False,simple,0,COMPILATION_ERROR,Compilation error: unresolved reference to identifier mcopy,0,0,0,0,0.0,False,0,0,0,0,0,0,0.0,False,0,0,0.0,0,0,0,False,0,0,0.0,0
3863,oz_GovernorPreventLateQuorum,,data/safe_contracts/openzeppelin-contracts/contracts/governance/extensions/GovernorPreventLateQuorum.sol,,openzeppelin,False,False,False,False,False,False,False,False,False,False,False,False,False,False,False,False,False,False,False,False,False,False,False,False,False,0,0,0,0,0,0,0,0,0,0,1,0,0.0,0,0,0.0,0,0,0,0,0,0,0,0,0,0,0,0.0,0.0,0.0,0.0,False,simple,0,COMPILATION_ERROR,Compilation error: unresolved reference to identifier mcopy,0,0,0,0,0.0,False,0,0,0,0,0,0,0.0,False,0,0,0.0,0,0,0,False,0,0,0.0,0
3864,oz_GovernorTimelockControl,,data/safe_contracts/openzeppelin-contracts/contracts/governance/extensions/GovernorTimelockControl.sol,,openzeppelin,False,False,False,False,False,False,False,False,False,False,False,False,False,False,False,False,False,False,False,False,False,False,False,False,False,0,0,0,0,0,0,0,0,0,0,1,0,0.0,0,0,0.0,0,0,0,0,0,0,0,0,0,0,0,0.0,0.0,0.0,0.0,False,simple,0,COMPILATION_ERROR,Compilation error: unresolved reference to identifier mcopy,0,0,0,0,0.0,False,0,0,0,0,0,0,0.0,False,0,0,0.0,0,0,0,False,0,0,0.0,0
3865,oz_GovernorSettings,,data/safe_contracts/openzeppelin-contracts/contracts/governance/extensions/GovernorSettings.sol,,openzeppelin,False,False,False,False,False,False,False,False,False,False,False,False,False,False,False,False,False,False,False,False,False,False,False,False,False,0,0,0,0,0,0,0,0,0,0,1,0,0.0,0,0,0.0,0,0,0,0,0,0,0,0,0,0,0,0.0,0.0,0.0,0.0,False,simple,0,COMPILATION_ERROR,Compilation error: unresolved reference to identifier mcopy,0,0,0,0,0.0,False,0,0,0,0,0,0,0.0,False,0,0,0.0,0,0,0,False,0,0,0.0,0
3866,oz_GovernorProposalGuardian,,data/safe_contracts/openzeppelin-contracts/contracts/governance/extensions/GovernorProposalGuardian.sol,,openzeppelin,False,False,False,False,False,False,False,False,False,False,False,False,False,False,False,False,False,False,False,False,False,False,False,False,False,0,0,0,0,0,0,0,0,0,0,1,0,0.0,0,0,0.0,0,0,0,0,0,0,0,0,0,0,0,0.0,0.0,0.0,0.0,False,simple,0,COMPILATION_ERROR,Compilation error: unresolved reference to identifier mcopy,0,0,0,0,0.0,False,0,0,0,0,0,0,0.0,False,0,0,0.0,0,0,0,False,0,0,0.0,0
3867,oz_GovernorCountingSimple,,data/safe_contracts/openzeppelin-contracts/contracts/governance/extensions/GovernorCountingSimple.sol,,openzeppelin,False,False,False,False,False,False,False,False,False,False,False,False,False,False,False,False,False,False,False,False,False,False,False,False,False,0,0,0,0,0,0,0,0,0,0,1,0,0.0,0,0,0.0,0,0,0,0,0,0,0,0,0,0,0,0.0,0.0,0.0,0.0,False,simple,0,COMPILATION_ERROR,Compilation error: unresolved reference to identifier mcopy,0,0,0,0,0.0,False,0,0,0,0,0,0,0.0,False,0,0,0.0,0,0,0,False,0,0,0.0,0
3868,oz_GovernorCountingFractional,,data/safe_contracts/openzeppelin-contracts/contracts/governance/extensions/GovernorCountingFractional.sol,,openzeppelin,False,False,False,False,False,False,False,False,False,False,False,False,False,False,False,False,False,False,False,False,False,False,False,False,False,0,0,0,0,0,0,0,0,0,0,1,0,0.0,0,0,0.0,0,0,0,0,0,0,0,0,0,0,0,0.0,0.0,0.0,0.0,False,simple,0,COMPILATION_ERROR,Compilation error: unresolved reference to identifier mcopy,0,0,0,0,0.0,False,0,0,0,0,0,0,0.0,False,0,0,0.0,0,0,0,False,0,0,0.0,0
3869,oz_GovernorVotesSuperQuorumFraction,,data/safe_contracts/openzeppelin-contracts/contracts/governance/extensions/GovernorVotesSuperQuorumFraction.sol,,openzeppelin,False,False,False,False,False,False,False,False,False,False,False,False,False,False,False,False,False,False,False,False,False,False,False,False,False,0,0,0,0,0,0,0,0,0,0,1,0,0.0,0,0,0.0,0,0,0,0,0,0,0,0,0,0,0,0.0,0.0,0.0,0.0,False,simple,0,COMPILATION_ERROR,Compilation error: unresolved reference to identifier mcopy,0,0,0,0,0.0,False,0,0,0,0,0,0,0.0,False,0,0,0.0,0,0,0,False,0,0,0.0,0
3870,oz_GovernorStorage,,data/safe_contracts/openzeppelin-contracts/contracts/governance/extensions/GovernorStorage.sol,,openzeppelin,False,False,False,False,False,False,False,False,False,False,False,False,False,False,False,False,False,False,False,False,False,False,False,False,False,0,0,0,0,0,0,0,0,0,0,1,0,0.0,0,0,0.0,0,0,0,0,0,0,0,0,0,0,0,0.0,0.0,0.0,0.0,False,simple,0,COMPILATION_ERROR,Compilation error: unresolved reference to identifier mcopy,0,0,0,0,0.0,False,0,0,0,0,0,0,0.0,False,0,0,0.0,0,0,0,False,0,0,0.0,0
3871,oz_GovernorSequentialProposalId,,data/safe_contracts/openzeppelin-contracts/contracts/governance/extensions/GovernorSequentialProposalId.sol,,openzeppelin,False,False,False,False,False,False,False,False,False,False,False,False,False,False,False,False,False,False,False,False,False,False,False,False,False,0,0,0,0,0,0,0,0,0,0,1,0,0.0,0,0,0.0,0,0,0,0,0,0,0,0,0,0,0,0.0,0.0,0.0,0.0,False,simple,0,COMPILATION_ERROR,Compilation error: unresolved reference to identifier mcopy,0,0,0,0,0.0,False,0,0,0,0,0,0,0.0,False,0,0,0.0,0,0,0,False,0,0,0.0,0
3872,oz_EIP7702Utils,,data/safe_contracts/openzeppelin-contracts/contracts/account/utils/EIP7702Utils.sol,,openzeppelin,False,False,False,False,False,False,False,False,False,False,False,False,False,False,False,False,False,False,False,False,False,False,True,False,False,0,0,3,2,0,1,0,2,0,18,1,1,1.5,0,10,0.5555555555555556,0,0,0,0,2,1,0,0,0,2,1,0.0,0.0,3.0,4.05,False,simple,0,,,6,4,0,3,0.6666666666666666,False,2,3,2,1,0,0,0.0,False,0,2,0.5,2,1,0,True,0,1,0.0,1
3873,oz_BridgeERC20Core,,data/safe_contracts/openzeppelin-contracts/contracts/crosschain/bridges/BridgeERC20Core.sol,,openzeppelin,False,False,False,False,False,False,False,False,False,False,False,False,False,False,False,False,False,False,False,False,False,False,False,False,False,0,0,0,0,0,0,0,0,0,0,1,0,0.0,0,0,0.0,0,0,0,0,0,0,0,0,0,0,0,0.0,0.0,0.0,0.0,False,simple,0,COMPILATION_ERROR,Compilation error: unresolved reference to identifier mcopy,0,0,0,0,0.0,False,0,0,0,0,0,0,0.0,False,0,0,0.0,0,0,0,False,0,0,0.0,0
3874,oz_BridgeERC7802,,data/safe_contracts/openzeppelin-contracts/contracts/crosschain/bridges/BridgeERC7802.sol,,openzeppelin,False,False,False,False,False,False,False,False,False,False,False,False,False,False,False,False,False,False,False,False,False,False,False,False,False,0,0,0,0,0,0,0,0,0,0,1,0,0.0,0,0,0.0,0,0,0,0,0,0,0,0,0,0,0,0.0,0.0,0.0,0.0,False,simple,0,COMPILATION_ERROR,Compilation error: unresolved reference to identifier mcopy,0,0,0,0,0.0,False,0,0,0,0,0,0,0.0,False,0,0,0.0,0,0,0,False,0,0,0.0,0
3875,oz_BridgeERC20,,data/safe_contracts/openzeppelin-contracts/contracts/crosschain/bridges/BridgeERC20.sol,,openzeppelin,False,False,False,False,False,False,False,False,False,False,False,False,False,False,False,False,False,False,False,False,False,False,False,False,False,0,0,0,0,0,0,0,0,0,0,1,0,0.0,0,0,0.0,0,0,0,0,0,0,0,0,0,0,0,0.0,0.0,0.0,0.0,False,simple,0,COMPILATION_ERROR,Compilation error: unresolved reference to identifier mcopy,0,0,0,0,0.0,False,0,0,0,0,0,0,0.0,False,0,0,0.0,0,0,0,False,0,0,0.0,0
3876,oz_ERC6909,,data/safe_contracts/openzeppelin-contracts/contracts/token/ERC6909/ERC6909.sol,,openzeppelin,False,False,False,False,False,False,False,False,False,False,False,False,False,False,False,False,False,False,False,False,False,False,True,True,False,0,0,11,15,0,3,0,7,0,201,8,1,2.8666666666666667,0,81,0.40298507462686567,0,0,2,0,7,4,0,0,0,3,1,0.0,0.0,11.0,35.93333333333333,False,moderate,1,,,81,80,0,6,0.9876543209876543,False,8,43,15,27,3,0,0.0,True,8,7,1.8,11,3,4,True,0,45,0.0,15
3877,oz_ERC721,,data/safe_contracts/openzeppelin-contracts/contracts/token/ERC721/ERC721.sol,,openzeppelin,False,False,False,False,False,False,False,False,False,False,False,False,False,False,False,False,False,False,False,False,False,False,False,False,False,0,0,0,0,0,0,0,0,0,0,1,0,0.0,0,0,0.0,0,0,0,0,0,0,0,0,0,0,0,0.0,0.0,0.0,0.0,False,simple,0,COMPILATION_ERROR,Compilation error: unresolved reference to identifier mcopy,0,0,0,0,0.0,False,0,0,0,0,0,0,0.0,False,0,0,0.0,0,0,0,False,0,0,0.0,0
3878,oz_IERC721,,data/safe_contracts/openzeppelin-contracts/contracts/token/ERC721/IERC721.sol,,openzeppelin,False,False,False,False,False,False,False,False,False,False,False,False,False,False,False,False,False,False,False,False,False,False,True,True,False,0,0,4,9,0,0,0,1,0,121,2,1,1.0,0,105,0.8677685950413223,0,0,1,0,4,0,0,0,0,2,1,0.0,0.0,4.0,8.0,False,simple,0,,,0,0,0,0,0.0,False,0,0,9,0,0,0,0.0,False,9,0,0.0,8,0,0,False,0,19,0.0,9
3879,oz_IERC721Receiver,,data/safe_contracts/openzeppelin-contracts/contracts/token/ERC721/IERC721Receiver.sol,,openzeppelin,False,False,False,False,False,False,False,False,False,False,False,False,False,False,False,False,False,False,False,False,False,False,True,False,False,0,0,2,1,0,0,0,1,0,26,1,1,1.0,0,17,0.6538461538461539,0,0,0,0,2,0,0,0,0,1,1,0.0,0.0,2.0,4.0,False,simple,0,,,0,0,0,0,0.0,False,0,0,1,0,0,0,0.0,False,1,0,0.0,1,0,0,False,0,4,0.0,1
3880,oz_IERC20,,data/safe_contracts/openzeppelin-contracts/contracts/token/ERC20/IERC20.sol,,openzeppelin,False,False,False,False,False,False,False,False,False,False,False,False,False,False,False,False,False,False,False,False,False,False,True,False,False,0,0,2,6,0,0,0,1,0,70,1,1,1.0,0,59,0.8428571428571429,0,0,0,0,2,0,0,0,0,1,1,0.0,0.0,2.0,4.0,False,simple,0,,,0,0,0,0,0.0,False,0,0,6,0,0,0,0.0,False,6,0,0.0,6,0,0,False,0,10,0.0,5
3881,oz_ERC20,,data/safe_contracts/openzeppelin-contracts/contracts/token/ERC20/ERC20.sol,,openzeppelin,False,False,False,False,False,False,False,False,False,False,False,False,False,False,False,False,False,False,False,False,False,False,True,True,False,0,0,11,17,0,5,0,7,0,280,7,1,2.411764705882353,0,160,0.5714285714285714,0,0,1,0,7,4,0,0,0,3,1,0.0,0.0,11.0,35.93333333333333,False,moderate,1,,,81,76,0,7,0.9382716049382716,False,9,41,17,21,3,0,0.0,True,9,8,1.2352941176470589,14,5,3,True,0,32,0.0,13
3882,oz_IERC1155,,data/safe_contracts/openzeppelin-contracts/contracts/token/ERC1155/IERC1155.sol,,openzeppelin,False,False,False,False,False,False,False,False,False,False,False,False,False,False,False,False,False,False,False,False,False,False,True,True,False,0,0,4,6,0,0,0,1,0,111,2,1,1.0,0,82,0.7387387387387387,0,0,1,0,4,0,0,0,0,2,1,0.0,0.0,4.0,8.0,False,simple,0,,,0,0,0,0,0.0,False,0,0,6,0,0,0,0.0,False,6,0,0.0,6,0,0,False,0,18,0.0,6
3883,oz_ERC1155,,data/safe_contracts/openzeppelin-contracts/contracts/token/ERC1155/ERC1155.sol,,openzeppelin,False,False,False,False,False,False,False,False,False,False,False,False,False,False,False,False,False,False,False,False,False,False,False,False,False,0,0,0,0,0,0,0,0,0,0,1,0,0.0,0,0,0.0,0,0,0,0,0,0,0,0,0,0,0,0.0,0.0,0.0,0.0,False,simple,0,COMPILATION_ERROR,Compilation error: unresolved reference to identifier mcopy,0,0,0,0,0.0,False,0,0,0,0,0,0,0.0,False,0,0,0.0,0,0,0,False,0,0,0.0,0
3884,oz_IERC1155Receiver,,data/safe_contracts/openzeppelin-contracts/contracts/token/ERC1155/IERC1155Receiver.sol,,openzeppelin,False,False,False,False,False,False,False,False,False,False,False,False,False,False,False,False,False,False,False,False,False,False,True,True,False,0,0,4,2,0,0,0,1,0,55,2,1,1.0,0,37,0.6727272727272727,0,0,1,0,4,0,0,0,0,2,1,0.0,0.0,4.0,8.0,False,simple,0,,,0,0,0,0,0.0,False,0,0,2,0,0,0,0.0,False,2,0,0.0,2,0,0,False,0,10,0.0,2
3885,oz_ERC2981,,data/safe_contracts/openzeppelin-contracts/contracts/token/common/ERC2981.sol,,openzeppelin,False,False,False,False,False,False,False,False,False,False,False,False,False,False,False,False,False,False,False,False,False,False,True,True,False,0,0,10,7,0,2,0,5,0,119,4,1,2.4285714285714284,0,58,0.48739495798319327,0,0,2,0,6,4,0,0,0,3,1,0.0,0.0,10.0,29.333333333333336,False,simple,0,,,36,34,0,7,0.9444444444444444,False,3,17,7,9,1,0,0.0,True,2,5,1.2857142857142858,8,2,3,True,0,9,0.0,5
3886,oz_ERC6909TokenSupply,,data/safe_contracts/openzeppelin-contracts/contracts/token/ERC6909/extensions/ERC6909TokenSupply.sol,,openzeppelin,False,False,False,False,False,False,False,False,False,False,False,False,False,False,False,False,False,False,False,False,False,False,True,True,False,0,0,12,15,0,3,0,7,0,29,9,1,2.8666666666666667,0,9,0.3103448275862069,0,0,2,0,8,4,0,0,0,3,1,0.0,0.0,12.0,43.2,False,moderate,1,,,81,80,0,6,0.9876543209876543,False,8,43,15,27,3,0,0.0,True,8,7,1.8,11,3,4,True,0,45,0.0,15
3887,oz_ERC6909Metadata,,data/safe_contracts/openzeppelin-contracts/contracts/token/ERC6909/extensions/ERC6909Metadata.sol,,openzeppelin,False,False,False,False,False,False,False,False,False,False,False,False,False,False,False,False,False,False,False,False,False,False,True,True,False,0,0,15,15,0,3,0,7,0,61,9,1,2.8666666666666667,0,26,0.4262295081967213,0,0,2,0,8,7,0,0,0,3,1,0.0,0.0,15.0,64.5,False,moderate,1,,,81,80,0,6,0.9876543209876543,False,8,43,15,27,3,0,0.0,True,8,7,1.8,11,3,4,True,0,45,0.0,15
3888,oz_ERC6909ContentURI,,data/safe_contracts/openzeppelin-contracts/contracts/token/ERC6909/extensions/ERC6909ContentURI.sol,,openzeppelin,False,False,False,False,False,False,False,False,False,False,False,False,False,False,False,False,False,False,False,False,False,False,True,True,False,0,0,14,15,0,3,0,7,0,42,9,1,2.8666666666666667,0,19,0.4523809523809524,0,0,2,0,8,6,0,0,0,3,1,0.0,0.0,14.0,56.93333333333334,False,moderate,1,,,81,80,0,6,0.9876543209876543,False,8,43,15,27,3,0,0.0,True,8,7,1.8,11,3,4,True,0,45,0.0,15
3889,oz_ERC721Utils,,data/safe_contracts/openzeppelin-contracts/contracts/token/ERC721/utils/ERC721Utils.sol,,openzeppelin,False,False,False,False,False,False,False,False,False,False,False,False,False,False,True,False,False,False,False,False,False,False,True,True,False,0,0,7,1,3,0,0,7,0,47,5,1,7.0,0,19,0.40425531914893614,0,0,0,0,6,1,0,0,0,4,2,0.0,0.0,7.0,11.725,False,simple,0,,,15,19,0,7,1.2666666666666666,False,0,7,1,4,0,3,0.42857142857142855,False,0,1,4.0,4,0,1,False,0,5,0.0,1
3890,oz_ERC721Holder,,data/safe_contracts/openzeppelin-contracts/contracts/token/ERC721/utils/ERC721Holder.sol,,openzeppelin,False,False,False,False,False,False,False,False,False,False,False,False,False,False,False,False,False,False,False,False,False,False,True,True,False,0,0,4,1,0,0,0,1,0,23,2,1,1.0,0,16,0.6956521739130435,0,0,1,0,4,0,0,0,0,2,1,0.0,0.0,4.0,8.0,False,simple,0,,,2,1,0,1,0.5,False,1,1,1,0,0,0,0.0,False,1,0,0.0,1,0,0,False,0,4,0.0,1
3891,oz_IERC721Enumerable,,data/safe_contracts/openzeppelin-contracts/contracts/token/ERC721/extensions/IERC721Enumerable.sol,,openzeppelin,False,False,False,False,False,False,False,False,False,False,False,False,False,False,False,False,False,False,False,False,False,False,True,True,False,0,0,5,9,0,0,0,1,0,24,3,1,1.0,0,17,0.7083333333333334,0,0,1,0,5,0,0,0,0,2,1,0.0,0.0,5.0,12.5,False,simple,0,,,0,0,0,0,0.0,False,0,0,9,0,0,0,0.0,False,9,0,0.0,8,0,0,False,0,19,0.0,9
3892,oz_ERC721Royalty,,data/safe_contracts/openzeppelin-contracts/contracts/token/ERC721/extensions/ERC721Royalty.sol,,openzeppelin,False,False,False,False,False,False,False,False,False,False,False,False,False,False,False,False,False,False,False,False,False,False,False,False,False,0,0,0,0,0,0,0,0,0,0,1,0,0.0,0,0,0.0,0,0,0,0,0,0,0,0,0,0,0,0.0,0.0,0.0,0.0,False,simple,0,COMPILATION_ERROR,Compilation error: unresolved reference to identifier mcopy,0,0,0,0,0.0,False,0,0,0,0,0,0,0.0,False,0,0,0.0,0,0,0,False,0,0,0.0,0
3893,oz_ERC721Votes,,data/safe_contracts/openzeppelin-contracts/contracts/token/ERC721/extensions/ERC721Votes.sol,,openzeppelin,False,False,False,False,False,False,False,False,False,False,False,False,False,False,False,False,False,False,False,False,False,False,False,False,False,0,0,0,0,0,0,0,0,0,0,1,0,0.0,0,0,0.0,0,0,0,0,0,0,0,0,0,0,0,0.0,0.0,0.0,0.0,False,simple,0,COMPILATION_ERROR,Compilation error: unresolved reference to identifier mcopy,0,0,0,0,0.0,False,0,0,0,0,0,0,0.0,False,0,0,0.0,0,0,0,False,0,0,0.0,0
3894,oz_ERC721Burnable,,data/safe_contracts/openzeppelin-contracts/contracts/token/ERC721/extensions/ERC721Burnable.sol,,openzeppelin,False,False,False,False,False,False,False,False,False,False,False,False,False,False,False,False,False,False,False,False,False,False,False,False,False,0,0,0,0,0,0,0,0,0,0,1,0,0.0,0,0,0.0,0,0,0,0,0,0,0,0,0,0,0,0.0,0.0,0.0,0.0,False,simple,0,COMPILATION_ERROR,Compilation error: unresolved reference to identifier mcopy,0,0,0,0,0.0,False,0,0,0,0,0,0,0.0,False,0,0,0.0,0,0,0,False,0,0,0.0,0
3895,oz_ERC721Pausable,,data/safe_contracts/openzeppelin-contracts/contracts/token/ERC721/extensions/ERC721Pausable.sol,,openzeppelin,False,False,False,False,False,False,False,False,False,False,False,False,False,False,False,False,False,False,False,False,False,False,False,False,False,0,0,0,0,0,0,0,0,0,0,1,0,0.0,0,0,0.0,0,0,0,0,0,0,0,0,0,0,0,0.0,0.0,0.0,0.0,False,simple,0,COMPILATION_ERROR,Compilation error: unresolved reference to identifier mcopy,0,0,0,0,0.0,False,0,0,0,0,0,0,0.0,False,0,0,0.0,0,0,0,False,0,0,0.0,0
3896,oz_IERC721Metadata,,data/safe_contracts/openzeppelin-contracts/contracts/token/ERC721/extensions/IERC721Metadata.sol,,openzeppelin,False,False,False,False,False,False,False,False,False,False,False,False,False,False,False,False,False,False,False,False,False,False,True,True,False,0,0,5,9,0,0,0,1,0,22,3,1,1.0,0,15,0.6818181818181818,0,0,1,0,5,0,0,0,0,2,1,0.0,0.0,5.0,12.5,False,simple,0,,,0,0,0,0,0.0,False,0,0,9,0,0,0,0.0,False,9,0,0.0,8,0,0,False,0,19,0.0,9
3897,oz_ERC721URIStorage,,data/safe_contracts/openzeppelin-contracts/contracts/token/ERC721/extensions/ERC721URIStorage.sol,,openzeppelin,False,False,False,False,False,False,False,False,False,False,False,False,False,False,False,False,False,False,False,False,False,False,False,False,False,0,0,0,0,0,0,0,0,0,0,1,0,0.0,0,0,0.0,0,0,0,0,0,0,0,0,0,0,0,0.0,0.0,0.0,0.0,False,simple,0,COMPILATION_ERROR,Compilation error: unresolved reference to identifier mcopy,0,0,0,0,0.0,False,0,0,0,0,0,0,0.0,False,0,0,0.0,0,0,0,False,0,0,0.0,0
3898,oz_ERC721Consecutive,,data/safe_contracts/openzeppelin-contracts/contracts/token/ERC721/extensions/ERC721Consecutive.sol,,openzeppelin,False,False,False,False,False,False,False,False,False,False,False,False,False,False,False,False,False,False,False,False,False,False,False,False,False,0,0,0,0,0,0,0,0,0,0,1,0,0.0,0,0,0.0,0,0,0,0,0,0,0,0,0,0,0,0.0,0.0,0.0,0.0,False,simple,0,COMPILATION_ERROR,Compilation error: unresolved reference to identifier mcopy,0,0,0,0,0.0,False,0,0,0,0,0,0,0.0,False,0,0,0.0,0,0,0,False,0,0,0.0,0
3899,oz_ERC721Enumerable,,data/safe_contracts/openzeppelin-contracts/contracts/token/ERC721/extensions/ERC721Enumerable.sol,,openzeppelin,False,False,False,False,False,False,False,False,False,False,False,False,False,False,False,False,False,False,False,False,False,False,False,False,False,0,0,0,0,0,0,0,0,0,0,1,0,0.0,0,0,0.0,0,0,0,0,0,0,0,0,0,0,0,0.0,0.0,0.0,0.0,False,simple,0,COMPILATION_ERROR,Compilation error: unresolved reference to identifier mcopy,0,0,0,0,0.0,False,0,0,0,0,0,0,0.0,False,0,0,0.0,0,0,0,False,0,0,0.0,0
3900,oz_ERC721Wrapper,,data/safe_contracts/openzeppelin-contracts/contracts/token/ERC721/extensions/ERC721Wrapper.sol,,openzeppelin,False,False,False,False,False,False,False,False,False,False,False,False,False,False,False,False,False,False,False,False,False,False,False,False,False,0,0,0,0,0,0,0,0,0,0,1,0,0.0,0,0,0.0,0,0,0,0,0,0,0,0,0,0,0,0.0,0.0,0.0,0.0,False,simple,0,COMPILATION_ERROR,Compilation error: unresolved reference to identifier mcopy,0,0,0,0,0.0,False,0,0,0,0,0,0,0.0,False,0,0,0.0,0,0,0,False,0,0,0.0,0
3901,oz_SafeERC20,,data/safe_contracts/openzeppelin-contracts/contracts/token/ERC20/utils/SafeERC20.sol,,openzeppelin,False,False,False,False,False,False,False,False,False,False,False,False,False,False,True,False,False,False,False,False,False,False,True,True,False,0,0,24,13,5,0,0,7,0,260,4,1,3.769230769230769,0,129,0.49615384615384617,0,0,0,0,11,13,0,0,0,4,2,0.0,0.0,24.0,120.6,True,moderate,1,,,107,112,0,14,1.0467289719626167,False,2,49,13,41,0,5,0.10869565217391304,False,0,13,3.1538461538461537,10,0,5,False,3,49,1.6666666666666667,13
3902,oz_ERC1363Utils,,data/safe_contracts/openzeppelin-contracts/contracts/token/ERC20/utils/ERC1363Utils.sol,,openzeppelin,False,False,False,False,False,False,False,False,False,False,False,False,False,False,True,False,False,False,False,False,False,False,True,True,False,0,0,9,2,2,0,0,7,0,87,3,1,7.0,0,33,0.3793103448275862,0,0,0,0,7,2,0,0,0,4,2,0.0,0.0,9.0,18.9,False,simple,0,,,32,36,0,8,1.125,False,0,14,2,8,0,2,0.2,False,0,2,4.0,5,0,2,False,1,9,2.0,2
3903,oz_ERC20Crosschain,,data/safe_contracts/openzeppelin-contracts/contracts/token/ERC20/extensions/ERC20Crosschain.sol,,openzeppelin,False,False,False,False,False,False,False,False,False,False,False,False,False,False,False,False,False,False,False,False,False,False,False,False,False,0,0,0,0,0,0,0,0,0,0,1,0,0.0,0,0,0.0,0,0,0,0,0,0,0,0,0,0,0,0.0,0.0,0.0,0.0,False,simple,0,COMPILATION_ERROR,Compilation error: unresolved reference to identifier mcopy,0,0,0,0,0.0,False,0,0,0,0,0,0,0.0,False,0,0,0.0,0,0,0,False,0,0,0.0,0
3904,oz_ERC20Capped,,data/safe_contracts/openzeppelin-contracts/contracts/token/ERC20/extensions/ERC20Capped.sol,,openzeppelin,False,False,False,False,False,False,False,False,False,False,False,False,False,False,False,False,False,False,False,False,False,False,True,True,False,0,0,12,17,0,5,0,7,0,45,8,1,2.411764705882353,0,19,0.4222222222222222,0,0,1,0,8,4,0,0,0,3,1,0.0,0.0,12.0,43.2,False,moderate,1,,,81,76,0,7,0.9382716049382716,False,9,41,17,21,3,0,0.0,True,9,8,1.2352941176470589,14,5,3,True,0,32,0.0,13
3905,oz_ERC20Wrapper,,data/safe_contracts/openzeppelin-contracts/contracts/token/ERC20/extensions/ERC20Wrapper.sol,,openzeppelin,False,False,False,False,False,False,False,False,False,False,False,False,False,False,True,False,False,False,False,False,False,False,True,True,False,0,0,28,17,0,5,0,7,0,79,11,1,2.411764705882353,0,31,0.3924050632911392,0,0,1,0,16,12,0,0,0,4,2,0.0,0.0,28.0,170.8,True,moderate,1,,,81,76,0,7,0.9382716049382716,False,9,41,17,21,3,0,0.0,True,9,8,1.2352941176470589,14,5,3,True,0,32,0.0,13
3906,oz_ERC20Burnable,,data/safe_contracts/openzeppelin-contracts/contracts/token/ERC20/extensions/ERC20Burnable.sol,,openzeppelin,False,False,False,False,False,False,False,False,False,False,False,False,False,False,False,False,False,False,False,False,False,False,True,True,False,0,0,11,17,0,5,0,7,0,35,8,1,2.411764705882353,0,23,0.6571428571428571,0,0,1,0,8,3,0,0,0,3,1,0.0,0.0,11.0,37.03333333333333,False,moderate,1,,,81,76,0,7,0.9382716049382716,False,9,41,17,21,3,0,0.0,True,9,8,1.2352941176470589,14,5,3,True,0,32,0.0,13
3907,oz_ERC20Permit,,data/safe_contracts/openzeppelin-contracts/contracts/token/ERC20/extensions/ERC20Permit.sol,,openzeppelin,False,False,False,False,False,False,False,False,False,False,False,False,False,False,False,False,False,False,False,False,False,False,False,False,False,0,0,0,0,0,0,0,0,0,0,1,0,0.0,0,0,0.0,0,0,0,0,0,0,0,0,0,0,0,0.0,0.0,0.0,0.0,False,simple,0,COMPILATION_ERROR,Compilation error: unresolved reference to identifier mcopy,0,0,0,0,0.0,False,0,0,0,0,0,0,0.0,False,0,0,0.0,0,0,0,False,0,0,0.0,0
3908,oz_ERC4626,,data/safe_contracts/openzeppelin-contracts/contracts/token/ERC20/extensions/ERC4626.sol,,openzeppelin,False,False,False,False,False,False,False,False,False,False,False,False,False,False,False,False,False,False,False,False,False,False,False,False,False,0,0,0,0,0,0,0,0,0,0,1,0,0.0,0,0,0.0,0,0,0,0,0,0,0,0,0,0,0,0.0,0.0,0.0,0.0,False,simple,0,COMPILATION_ERROR,Compilation error: unresolved reference to identifier mcopy,0,0,0,0,0.0,False,0,0,0,0,0,0,0.0,False,0,0,0.0,0,0,0,False,0,0,0.0,0
3909,oz_IERC20Metadata,,data/safe_contracts/openzeppelin-contracts/contracts/token/ERC20/extensions/IERC20Metadata.sol,,openzeppelin,False,False,False,False,False,False,False,False,False,False,False,False,False,False,False,False,False,False,False,False,False,False,True,True,False,0,0,4,6,0,0,0,1,0,21,2,1,1.0,0,14,0.6666666666666666,0,0,0,0,4,0,0,0,0,2,1,0.0,0.0,4.0,8.0,False,simple,0,,,0,0,0,0,0.0,False,0,0,6,0,0,0,0.0,False,6,0,0.0,6,0,0,False,0,10,0.0,5
3910,oz_ERC20Votes,,data/safe_contracts/openzeppelin-contracts/contracts/token/ERC20/extensions/ERC20Votes.sol,,openzeppelin,False,False,False,False,False,False,False,False,False,False,False,False,False,False,False,False,False,False,False,False,False,False,False,False,False,0,0,0,0,0,0,0,0,0,0,1,0,0.0,0,0,0.0,0,0,0,0,0,0,0,0,0,0,0,0.0,0.0,0.0,0.0,False,simple,0,COMPILATION_ERROR,Compilation error: unresolved reference to identifier mcopy,0,0,0,0,0.0,False,0,0,0,0,0,0,0.0,False,0,0,0.0,0,0,0,False,0,0,0.0,0
3911,oz_ERC20FlashMint,,data/safe_contracts/openzeppelin-contracts/contracts/token/ERC20/extensions/ERC20FlashMint.sol,,openzeppelin,False,False,False,False,False,True,True,False,False,False,False,False,False,False,False,False,False,False,False,False,False,False,True,True,False,0,0,14,17,0,5,0,7,0,119,10,1,2.411764705882353,0,70,0.5882352941176471,0,0,1,0,10,4,0,0,0,5,2,0.0,0.0,14.0,35.839999999999996,False,moderate,1,,,81,76,0,7,0.9382716049382716,False,9,41,17,21,3,0,0.0,True,9,8,1.2352941176470589,14,5,3,True,0,32,0.0,13
3912,oz_ERC1363,,data/safe_contracts/openzeppelin-contracts/contracts/token/ERC20/extensions/ERC1363.sol,,openzeppelin,False,False,False,False,False,False,False,False,False,False,False,False,False,False,True,False,False,False,False,False,False,False,True,True,False,0,0,22,7,3,0,0,3,0,123,14,1,1.8571428571428572,0,75,0.6097560975609756,0,3,2,0,18,4,0,0,0,4,2,0.0,0.0,22.0,114.4,True,simple,0,,,26,22,0,4,0.8461538461538461,False,7,13,7,14,1,3,0.17647058823529413,True,7,0,2.0,8,0,3,False,3,18,1.0,7
3913,oz_IERC20Permit,,data/safe_contracts/openzeppelin-contracts/contracts/token/ERC20/extensions/IERC20Permit.sol,,openzeppelin,False,False,False,False,False,False,False,False,False,False,False,False,False,False,False,False,False,False,False,False,False,False,True,False,False,0,0,3,3,0,0,0,1,0,86,1,1,1.0,0,72,0.8372093023255814,0,0,0,0,3,0,0,0,0,2,1,0.0,0.0,3.0,4.5,False,simple,0,,,0,0,0,0,0.0,False,0,0,3,0,0,0,0.0,False,3,0,0.0,3,0,0,False,0,8,0.0,2
3914,oz_ERC20Pausable,,data/safe_contracts/openzeppelin-contracts/contracts/token/ERC20/extensions/ERC20Pausable.sol,,openzeppelin,False,False,False,False,False,False,False,False,False,False,False,False,False,False,False,False,False,False,False,False,False,False,True,True,False,0,0,16,17,0,5,0,7,0,30,9,1,2.411764705882353,0,22,0.7333333333333333,0,0,1,0,9,7,0,0,0,3,1,0.0,0.0,16.0,74.13333333333333,False,moderate,1,,,81,76,0,7,0.9382716049382716,False,9,41,17,21,3,0,0.0,True,9,8,1.2352941176470589,14,5,3,True,0,32,0.0,13
3915,oz_ERC1155Utils,,data/safe_contracts/openzeppelin-contracts/contracts/token/ERC1155/utils/ERC1155Utils.sol,,openzeppelin,False,False,False,False,False,False,False,False,False,False,False,False,False,False,True,False,False,False,False,False,False,False,True,True,False,0,0,10,2,6,0,0,7,0,84,6,1,7.0,0,29,0.34523809523809523,0,0,0,0,8,2,0,0,0,4,2,0.0,0.0,10.0,23.5,False,simple,0,,,30,38,0,7,1.2666666666666666,False,0,14,2,8,0,6,0.42857142857142855,False,0,2,4.0,4,0,2,False,0,12,0.0,2
3916,oz_ERC1155Holder,,data/safe_contracts/openzeppelin-contracts/contracts/token/ERC1155/utils/ERC1155Holder.sol,,openzeppelin,False,False,False,False,False,False,False,False,False,False,False,False,False,False,False,False,False,False,False,False,False,False,True,True,False,0,0,6,3,0,0,0,1,0,37,4,1,1.0,0,11,0.2972972972972973,0,0,2,0,6,0,0,0,0,2,1,0.0,0.0,6.0,18.0,False,simple,0,,,6,3,0,1,0.5,False,3,3,3,2,1,0,0.0,True,3,0,0.6666666666666666,3,0,0,False,0,11,0.0,3
3917,oz_ERC1155Burnable,,data/safe_contracts/openzeppelin-contracts/contracts/token/ERC1155/extensions/ERC1155Burnable.sol,,openzeppelin,False,False,False,False,False,False,False,False,False,False,False,False,False,False,False,False,False,False,False,False,False,False,False,False,False,0,0,0,0,0,0,0,0,0,0,1,0,0.0,0,0,0.0,0,0,0,0,0,0,0,0,0,0,0,0.0,0.0,0.0,0.0,False,simple,0,COMPILATION_ERROR,Compilation error: unresolved reference to identifier mcopy,0,0,0,0,0.0,False,0,0,0,0,0,0,0.0,False,0,0,0.0,0,0,0,False,0,0,0.0,0
3918,oz_ERC1155Supply,,data/safe_contracts/openzeppelin-contracts/contracts/token/ERC1155/extensions/ERC1155Supply.sol,,openzeppelin,False,False,False,False,False,False,False,False,False,False,False,False,False,False,False,False,False,False,False,False,False,False,False,False,False,0,0,0,0,0,0,0,0,0,0,1,0,0.0,0,0,0.0,0,0,0,0,0,0,0,0,0,0,0,0.0,0.0,0.0,0.0,False,simple,0,COMPILATION_ERROR,Compilation error: unresolved reference to identifier mcopy,0,0,0,0,0.0,False,0,0,0,0,0,0,0.0,False,0,0,0.0,0,0,0,False,0,0,0.0,0
3919,oz_ERC1155URIStorage,,data/safe_contracts/openzeppelin-contracts/contracts/token/ERC1155/extensions/ERC1155URIStorage.sol,,openzeppelin,False,False,False,False,False,False,False,False,False,False,False,False,False,False,False,False,False,False,False,False,False,False,False,False,False,0,0,0,0,0,0,0,0,0,0,1,0,0.0,0,0,0.0,0,0,0,0,0,0,0,0,0,0,0,0.0,0.0,0.0,0.0,False,simple,0,COMPILATION_ERROR,Compilation error: unresolved reference to identifier mcopy,0,0,0,0,0.0,False,0,0,0,0,0,0,0.0,False,0,0,0.0,0,0,0,False,0,0,0.0,0
3920,oz_ERC1155Pausable,,data/safe_contracts/openzeppelin-contracts/contracts/token/ERC1155/extensions/ERC1155Pausable.sol,,openzeppelin,False,False,False,False,False,False,False,False,False,False,False,False,False,False,False,False,False,False,False,False,False,False,False,False,False,0,0,0,0,0,0,0,0,0,0,1,0,0.0,0,0,0.0,0,0,0,0,0,0,0,0,0,0,0,0.0,0.0,0.0,0.0,False,simple,0,COMPILATION_ERROR,Compilation error: unresolved reference to identifier mcopy,0,0,0,0,0.0,False,0,0,0,0,0,0,0.0,False,0,0,0.0,0,0,0,False,0,0,0.0,0
3921,oz_IERC1155MetadataURI,,data/safe_contracts/openzeppelin-contracts/contracts/token/ERC1155/extensions/IERC1155MetadataURI.sol,,openzeppelin,False,False,False,False,False,False,False,False,False,False,False,False,False,False,False,False,False,False,False,False,False,False,True,True,False,0,0,5,6,0,0,0,1,0,17,3,1,1.0,0,12,0.7058823529411765,0,0,1,0,5,0,0,0,0,2,1,0.0,0.0,5.0,12.5,False,simple,0,,,0,0,0,0,0.0,False,0,0,6,0,0,0,0.0,False,6,0,0.0,6,0,0,False,0,18,0.0,6
3922,oz_Heap,,data/safe_contracts/openzeppelin-contracts/contracts/utils/structs/Heap.sol,,openzeppelin,False,False,False,False,False,False,False,False,False,False,False,False,False,False,False,False,False,False,False,False,False,False,False,False,False,0,0,0,0,0,0,0,0,0,0,1,0,0.0,0,0,0.0,0,0,0,0,0,0,0,0,0,0,0,0.0,0.0,0.0,0.0,False,simple,0,COMPILATION_ERROR,Compilation error: unresolved reference to identifier mcopy,0,0,0,0,0.0,False,0,0,0,0,0,0,0.0,False,0,0,0.0,0,0,0,False,0,0,0.0,0
3923,oz_BitMaps,,data/safe_contracts/openzeppelin-contracts/contracts/utils/structs/BitMaps.sol,,openzeppelin,False,False,False,False,False,False,False,False,False,False,False,False,False,False,False,False,False,False,False,False,False,False,True,False,False,0,0,6,4,0,0,0,3,0,55,1,1,1.5,0,27,0.4909090909090909,0,0,0,0,2,4,0,0,0,2,1,0.0,0.0,6.0,14.399999999999999,False,simple,0,,,17,14,0,3,0.8235294117647058,False,1,6,4,2,0,0,0.0,False,0,4,0.5,3,0,0,False,0,9,0.0,4
3924,oz_Accumulators,,data/safe_contracts/openzeppelin-contracts/contracts/utils/structs/Accumulators.sol,,openzeppelin,False,False,False,False,False,False,False,False,False,False,False,False,False,False,False,False,False,False,False,False,False,False,False,False,False,0,0,0,0,0,0,0,0,0,0,1,0,0.0,0,0,0.0,0,0,0,0,0,0,0,0,0,0,0,0.0,0.0,0.0,0.0,False,simple,0,COMPILATION_ERROR,Compilation error: unresolved reference to identifier mcopy,0,0,0,0,0.0,False,0,0,0,0,0,0,0.0,False,0,0,0.0,0,0,0,False,0,0,0.0,0
3925,oz_EnumerableMap,,data/safe_contracts/openzeppelin-contracts/contracts/utils/structs/EnumerableMap.sol,,openzeppelin,False,False,False,False,False,False,False,False,False,False,False,False,False,False,False,False,False,False,False,False,False,False,False,False,False,0,0,0,0,0,0,0,0,0,0,1,0,0.0,0,0,0.0,0,0,0,0,0,0,0,0,0,0,0,0.0,0.0,0.0,0.0,False,simple,0,COMPILATION_ERROR,Compilation error: unresolved reference to identifier mcopy,0,0,0,0,0.0,False,0,0,0,0,0,0,0.0,False,0,0,0.0,0,0,0,False,0,0,0.0,0
3926,oz_DoubleEndedQueue,,data/safe_contracts/openzeppelin-contracts/contracts/utils/structs/DoubleEndedQueue.sol,,openzeppelin,False,False,False,False,False,False,False,False,False,False,False,False,False,False,True,False,False,False,False,False,False,False,True,False,False,0,0,22,17,7,0,0,3,0,218,2,1,2.6470588235294117,0,109,0.5,0,7,0,0,4,18,0,0,0,3,2,0.0,0.0,22.0,121.73333333333332,True,moderate,1,,,107,97,0,8,0.9065420560747663,False,19,45,17,10,0,7,0.4117647058823529,False,0,17,0.5882352941176471,7,0,7,False,0,23,0.0,17
3927,oz_EnumerableSet,,data/safe_contracts/openzeppelin-contracts/contracts/utils/structs/EnumerableSet.sol,,openzeppelin,False,False,False,False,False,False,False,False,False,False,False,False,False,False,False,False,False,False,False,False,False,False,False,False,False,0,0,0,0,0,0,0,0,0,0,1,0,0.0,0,0,0.0,0,0,0,0,0,0,0,0,0,0,0,0.0,0.0,0.0,0.0,False,simple,0,COMPILATION_ERROR,Compilation error: unresolved reference to identifier mcopy,0,0,0,0,0.0,False,0,0,0,0,0,0,0.0,False,0,0,0.0,0,0,0,False,0,0,0.0,0
3928,oz_CircularBuffer,,data/safe_contracts/openzeppelin-contracts/contracts/utils/structs/CircularBuffer.sol,,openzeppelin,False,False,False,False,False,False,False,False,False,False,False,False,False,False,False,False,False,False,False,False,False,False,False,False,False,0,0,0,0,0,0,0,0,0,0,1,0,0.0,0,0,0.0,0,0,0,0,0,0,0,0,0,0,0,0.0,0.0,0.0,0.0,False,simple,0,COMPILATION_ERROR,Compilation error: unresolved reference to identifier mcopy,0,0,0,0,0.0,False,0,0,0,0,0,0,0.0,False,0,0,0.0,0,0,0,False,0,0,0.0,0
3929,oz_MerkleTree,,data/safe_contracts/openzeppelin-contracts/contracts/utils/structs/MerkleTree.sol,,openzeppelin,False,False,False,False,False,False,False,False,False,False,False,False,False,False,False,False,False,False,False,False,False,False,False,False,False,0,0,0,0,0,0,0,0,0,0,1,0,0.0,0,0,0.0,0,0,0,0,0,0,0,0,0,0,0,0.0,0.0,0.0,0.0,False,simple,0,COMPILATION_ERROR,Compilation error: unresolved reference to identifier mcopy,0,0,0,0,0.0,False,0,0,0,0,0,0,0.0,False,0,0,0.0,0,0,0,False,0,0,0.0,0
3930,oz_Checkpoints,,data/safe_contracts/openzeppelin-contracts/contracts/utils/structs/Checkpoints.sol,,openzeppelin,False,False,False,False,False,False,False,False,False,False,False,False,False,False,True,False,False,False,False,False,False,False,True,False,False,1,9,172,48,20,0,0,6,0,746,4,1,3.0,0,249,0.33378016085790885,0,12,0,0,21,161,0,10,0,6,2,0.0,0.0,227.0,5058.316666666667,True,complex,2,,,340,324,16,11,0.9529411764705882,True,68,144,48,60,0,20,0.25,False,0,48,1.25,5,0,16,False,0,108,0.0,48
3931,oz_IERC165,,data/safe_contracts/openzeppelin-contracts/contracts/utils/introspection/IERC165.sol,,openzeppelin,False,False,False,False,False,False,False,False,False,False,False,False,False,False,False,False,False,False,False,False,False,False,True,False,False,0,0,2,1,0,0,0,1,0,23,1,1,1.0,0,19,0.8260869565217391,0,0,0,0,2,0,0,0,0,1,1,0.0,0.0,2.0,4.0,False,simple,0,,,0,0,0,0,0.0,False,0,0,1,0,0,0,0.0,False,1,0,0.0,1,0,0,False,0,1,0.0,1
3932,oz_ERC165,,data/safe_contracts/openzeppelin-contracts/contracts/utils/introspection/ERC165.sol,,openzeppelin,False,False,False,False,False,False,False,False,False,False,False,False,False,False,False,False,False,False,False,False,False,False,True,True,False,0,0,4,1,0,0,0,1,0,22,2,1,1.0,0,15,0.6818181818181818,0,0,1,0,4,0,0,0,0,2,1,0.0,0.0,4.0,8.0,False,simple,0,,,2,1,0,1,0.5,False,1,1,1,1,1,0,0.0,False,1,0,1.0,1,0,0,False,0,1,0.0,1
3933,oz_ERC165Checker,,data/safe_contracts/openzeppelin-contracts/contracts/utils/introspection/ERC165Checker.sol,,openzeppelin,False,False,False,False,False,False,False,False,False,False,False,False,False,False,True,False,False,False,False,False,False,False,True,True,False,0,0,11,7,1,1,0,8,0,128,2,1,2.857142857142857,0,70,0.546875,0,0,0,0,5,6,0,0,0,4,2,0.0,0.0,11.0,25.299999999999997,False,moderate,1,,,47,43,2,8,0.9148936170212766,False,8,20,7,14,0,1,0.06666666666666667,False,0,7,2.0,6,1,1,True,0,11,0.0,6
3934,oz_Time,,data/safe_contracts/openzeppelin-contracts/contracts/utils/types/Time.sol,,openzeppelin,False,False,True,False,False,False,False,False,False,False,False,False,False,False,True,False,False,False,False,False,False,True,True,False,False,1,10,130,9,10,0,0,3,0,118,4,1,1.3333333333333333,0,68,0.576271186440678,0,6,0,0,17,124,0,11,0,8,4,0.0,0.0,190.0,2465.25,True,simple,0,,,33,25,0,6,0.7575757575757576,False,10,12,9,4,0,10,0.7142857142857143,False,0,9,0.4444444444444444,7,0,6,False,0,12,0.0,7
3935,oz_MerkleProof,,data/safe_contracts/openzeppelin-contracts/contracts/utils/cryptography/MerkleProof.sol,,openzeppelin,False,False,False,False,False,False,False,False,False,False,False,False,False,False,True,False,False,False,False,False,False,False,True,False,False,0,0,22,16,8,0,0,16,0,483,2,1,5.5,4,248,0.5134575569358178,0,4,0,0,4,18,0,0,0,3,2,0.0,0.0,22.0,121.73333333333332,True,complex,2,,,192,204,28,20,1.0625,True,24,88,16,12,0,8,0.4,False,0,16,0.75,3,0,6,False,0,56,0.0,16
3936,oz_SignatureChecker,,data/safe_contracts/openzeppelin-contracts/contracts/utils/cryptography/SignatureChecker.sol,,openzeppelin,False,False,False,False,False,False,False,False,False,False,False,False,False,False,False,False,False,False,False,False,False,False,False,False,False,0,0,0,0,0,0,0,0,0,0,1,0,0.0,0,0,0.0,0,0,0,0,0,0,0,0,0,0,0,0.0,0.0,0.0,0.0,False,simple,0,COMPILATION_ERROR,Compilation error: unresolved reference to identifier mcopy,0,0,0,0,0.0,False,0,0,0,0,0,0,0.0,False,0,0,0.0,0,0,0,False,0,0,0.0,0
3937,oz_Hashes,,data/safe_contracts/openzeppelin-contracts/contracts/utils/cryptography/Hashes.sol,,openzeppelin,False,False,False,False,False,False,False,False,False,False,False,False,False,False,True,False,False,False,False,False,False,False,True,False,False,0,0,5,2,0,0,0,2,0,28,1,1,1.5,0,15,0.5357142857142857,0,0,0,0,3,2,0,0,0,3,2,0.0,0.0,5.0,7.333333333333334,False,simple,0,,,10,8,0,5,0.8,False,2,3,2,3,0,0,0.0,False,0,2,1.5,2,0,0,False,0,4,0.0,2
3938,oz_MessageHashUtils,,data/safe_contracts/openzeppelin-contracts/contracts/utils/cryptography/MessageHashUtils.sol,,openzeppelin,False,False,False,False,False,False,False,False,False,False,False,False,False,False,False,False,False,False,False,False,False,False,False,False,False,0,0,0,0,0,0,0,0,0,0,1,0,0.0,0,0,0.0,0,0,0,0,0,0,0,0,0,0,0,0.0,0.0,0.0,0.0,False,simple,0,COMPILATION_ERROR,Compilation error: unresolved reference to identifier mcopy,0,0,0,0,0.0,False,0,0,0,0,0,0,0.0,False,0,0,0.0,0,0,0,False,0,0,0.0,0
3939,oz_WebAuthn,,data/safe_contracts/openzeppelin-contracts/contracts/utils/cryptography/WebAuthn.sol,,openzeppelin,False,False,False,False,False,False,False,False,False,False,False,False,False,False,False,False,False,False,False,False,False,False,False,False,False,0,0,0,0,0,0,0,0,0,0,1,0,0.0,0,0,0.0,0,0,0,0,0,0,0,0,0,0,0,0.0,0.0,0.0,0.0,False,simple,0,COMPILATION_ERROR,Compilation error: unresolved reference to identifier mcopy,0,0,0,0,0.0,False,0,0,0,0,0,0,0.0,False,0,0,0.0,0,0,0,False,0,0,0.0,0
3940,oz_TrieProof,,data/safe_contracts/openzeppelin-contracts/contracts/utils/cryptography/TrieProof.sol,,openzeppelin,False,False,False,False,False,False,False,False,False,False,False,False,False,False,False,False,False,False,False,False,False,False,False,False,False,0,0,0,0,0,0,0,0,0,0,1,0,0.0,0,0,0.0,0,0,0,0,0,0,0,0,0,0,0,0.0,0.0,0.0,0.0,False,simple,0,COMPILATION_ERROR,Compilation error: unresolved reference to identifier mcopy,0,0,0,0,0.0,False,0,0,0,0,0,0,0.0,False,0,0,0.0,0,0,0,False,0,0,0.0,0
3941,oz_P256,,data/safe_contracts/openzeppelin-contracts/contracts/utils/cryptography/P256.sol,,openzeppelin,False,False,False,False,False,False,False,False,False,False,False,False,False,False,True,False,False,False,False,False,False,False,True,False,False,1,9,147,16,5,8,0,10,0,379,5,1,2.9375,0,149,0.39313984168865435,0,4,0,0,23,134,0,10,0,6,2,0.0,0.0,202.0,3932.2666666666664,True,moderate,1,,,220,212,6,40,0.9636363636363636,True,17,47,16,37,0,5,0.11904761904761904,False,0,16,2.3125,10,8,4,True,0,51,0.0,15
3942,oz_EIP712,,data/safe_contracts/openzeppelin-contracts/contracts/utils/cryptography/EIP712.sol,,openzeppelin,False,False,False,False,False,False,False,False,False,False,False,False,False,False,False,False,False,False,False,False,False,False,False,False,False,0,0,0,0,0,0,0,0,0,0,1,0,0.0,0,0,0.0,0,0,0,0,0,0,0,0,0,0,0,0.0,0.0,0.0,0.0,False,simple,0,COMPILATION_ERROR,Compilation error: unresolved reference to identifier mcopy,0,0,0,0,0.0,False,0,0,0,0,0,0,0.0,False,0,0,0.0,0,0,0,False,0,0,0.0,0
3943,oz_ECDSA,,data/safe_contracts/openzeppelin-contracts/contracts/utils/cryptography/ECDSA.sol,,openzeppelin,False,False,False,False,False,False,False,False,False,False,False,False,False,False,True,False,False,False,False,False,False,False,True,False,False,0,0,17,11,0,0,0,9,0,266,1,1,3.0,0,119,0.4473684210526316,0,0,0,0,6,11,0,0,0,3,2,0.0,0.0,17.0,77.63333333333333,False,moderate,1,,,118,114,0,10,0.9661016949152542,False,13,33,11,23,0,0,0.0,True,0,11,2.090909090909091,7,0,0,False,0,26,0.0,11
3944,oz_RSA,,data/safe_contracts/openzeppelin-contracts/contracts/utils/cryptography/RSA.sol,,openzeppelin,False,False,False,False,False,False,False,False,False,False,False,False,False,False,True,False,False,False,False,False,False,False,True,False,False,1,9,128,3,2,0,0,19,0,142,4,1,7.0,1,79,0.5563380281690141,0,2,0,0,18,120,0,10,0,6,2,0.0,0.0,183.0,3111.0,True,moderate,1,,,50,51,2,23,1.02,True,6,21,3,4,0,2,0.3333333333333333,True,0,3,1.3333333333333333,2,0,1,False,0,10,0.0,3
3945,oz_SafeCast,,data/safe_contracts/openzeppelin-contracts/contracts/utils/math/SafeCast.sol,,openzeppelin,False,False,False,False,False,False,False,False,False,False,False,False,False,False,True,False,False,False,False,False,False,False,True,False,False,0,0,68,65,0,0,0,3,0,1092,1,1,2.9692307692307693,0,696,0.6373626373626373,0,0,0,0,3,65,0,0,0,3,2,0.0,0.0,68.0,1099.3333333333335,True,complex,2,,,324,323,0,3,0.9969135802469136,False,33,193,65,64,0,0,0.0,False,0,65,0.9846153846153847,5,0,0,False,0,65,0.0,65
3946,oz_SignedMath,,data/safe_contracts/openzeppelin-contracts/contracts/utils/math/SignedMath.sol,,openzeppelin,False,False,False,False,False,False,False,False,False,False,False,False,False,False,True,False,False,False,False,False,False,False,True,False,False,0,0,74,5,1,0,0,1,0,60,2,1,1.0,0,35,0.5833333333333334,0,1,0,0,4,70,0,0,0,3,2,0.0,0.0,74.0,1307.3333333333335,True,simple,0,,,12,7,0,2,0.5833333333333334,False,5,5,5,2,0,1,0.3333333333333333,False,0,5,0.4,3,0,1,False,0,10,0.0,5
3947,oz_Math,,data/safe_contracts/openzeppelin-contracts/contracts/utils/math/Math.sol,,openzeppelin,False,False,False,False,False,False,False,False,False,False,False,False,False,False,True,False,False,False,False,False,False,False,True,False,False,1,9,119,36,31,0,0,17,0,693,3,1,2.611111111111111,2,339,0.48917748917748916,0,19,0,0,16,113,0,10,0,6,2,0.0,0.0,174.0,2757.8999999999996,True,critical,3,,,289,274,2,29,0.9480968858131488,False,33,94,36,45,0,31,0.40789473684210525,True,0,36,1.25,17,0,20,False,0,76,0.0,36
3948,oz_ERC7913P256Verifier,,data/safe_contracts/openzeppelin-contracts/contracts/utils/cryptography/verifiers/ERC7913P256Verifier.sol,,openzeppelin,False,False,False,False,False,False,False,False,False,False,False,False,False,False,True,False,False,False,False,False,False,False,True,True,False,1,9,133,16,5,8,0,10,0,26,7,1,2.9375,0,9,0.34615384615384615,0,4,0,0,26,117,0,10,0,7,2,0.0,0.0,188.0,2897.885714285714,True,moderate,1,,,220,212,6,40,0.9636363636363636,True,17,47,16,37,0,5,0.11904761904761904,False,0,16,2.3125,10,8,4,True,0,51,0.0,15
3949,oz_ERC7913RSAVerifier,,data/safe_contracts/openzeppelin-contracts/contracts/utils/cryptography/verifiers/ERC7913RSAVerifier.sol,,openzeppelin,False,False,False,False,False,False,False,False,False,False,False,False,False,False,True,False,False,False,False,False,False,False,True,True,False,1,9,119,3,2,0,0,19,0,20,6,1,7.0,1,8,0.4,0,2,0,0,21,108,0,10,0,7,2,0.0,0.0,174.0,2401.2,True,moderate,1,,,50,51,2,23,1.02,True,6,21,3,4,0,2,0.3333333333333333,True,0,3,1.3333333333333333,2,0,1,False,0,10,0.0,3
3950,oz_ERC7913WebAuthnVerifier,,data/safe_contracts/openzeppelin-contracts/contracts/utils/cryptography/verifiers/ERC7913WebAuthnVerifier.sol,,openzeppelin,False,False,False,False,False,False,False,False,False,False,False,False,False,False,False,False,False,False,False,False,False,False,False,False,False,0,0,0,0,0,0,0,0,0,0,1,0,0.0,0,0,0.0,0,0,0,0,0,0,0,0,0,0,0,0.0,0.0,0.0,0.0,False,simple,0,COMPILATION_ERROR,Compilation error: unresolved reference to identifier mcopy,0,0,0,0,0.0,False,0,0,0,0,0,0,0.0,False,0,0,0.0,0,0,0,False,0,0,0.0,0
3951,oz_SignerECDSA,,data/safe_contracts/openzeppelin-contracts/contracts/utils/cryptography/signers/SignerECDSA.sol,,openzeppelin,False,False,False,False,False,False,False,False,False,False,False,False,False,False,True,False,False,False,False,False,False,True,True,False,False,0,1,21,11,0,0,0,9,0,49,3,1,3.0,0,27,0.5510204081632653,0,0,0,0,8,14,0,1,0,4,3,0.0,0.0,26.0,115.69999999999999,True,moderate,1,,,118,114,0,10,0.9661016949152542,False,13,33,11,23,0,0,0.0,True,0,11,2.090909090909091,7,0,0,False,0,26,0.0,11
3952,oz_MultiSignerERC7913,,data/safe_contracts/openzeppelin-contracts/contracts/utils/cryptography/signers/MultiSignerERC7913.sol,,openzeppelin,False,False,False,False,False,False,False,False,False,False,False,False,False,False,False,False,False,False,False,False,False,False,False,False,False,0,0,0,0,0,0,0,0,0,0,1,0,0.0,0,0,0.0,0,0,0,0,0,0,0,0,0,0,0,0.0,0.0,0.0,0.0,False,simple,0,COMPILATION_ERROR,Compilation error: unresolved reference to identifier mcopy,0,0,0,0,0.0,False,0,0,0,0,0,0,0.0,False,0,0,0.0,0,0,0,False,0,0,0.0,0
3953,oz_SignerWebAuthn,,data/safe_contracts/openzeppelin-contracts/contracts/utils/cryptography/signers/SignerWebAuthn.sol,,openzeppelin,False,False,False,False,False,False,False,False,False,False,False,False,False,False,False,False,False,False,False,False,False,False,False,False,False,0,0,0,0,0,0,0,0,0,0,1,0,0.0,0,0,0.0,0,0,0,0,0,0,0,0,0,0,0,0.0,0.0,0.0,0.0,False,simple,0,COMPILATION_ERROR,Compilation error: unresolved reference to identifier mcopy,0,0,0,0,0.0,False,0,0,0,0,0,0,0.0,False,0,0,0.0,0,0,0,False,0,0,0.0,0
3954,oz_SignerP256,,data/safe_contracts/openzeppelin-contracts/contracts/utils/cryptography/signers/SignerP256.sol,,openzeppelin,False,False,False,False,False,False,False,False,False,False,False,False,False,False,True,False,False,False,False,False,False,False,True,False,False,1,9,151,16,5,8,0,10,0,56,7,1,2.9375,0,27,0.48214285714285715,0,4,0,0,25,136,0,10,0,6,2,0.0,0.0,206.0,4126.866666666667,True,moderate,1,,,220,212,6,40,0.9636363636363636,True,17,47,16,37,0,5,0.11904761904761904,False,0,16,2.3125,10,8,4,True,0,51,0.0,15
3955,oz_AbstractSigner,,data/safe_contracts/openzeppelin-contracts/contracts/utils/cryptography/signers/AbstractSigner.sol,,openzeppelin,False,False,False,False,False,False,False,False,False,False,False,False,False,False,False,False,False,False,False,False,False,False,True,False,False,0,0,2,1,0,0,0,1,0,21,1,1,1.0,0,17,0.8095238095238095,0,0,0,0,2,0,0,0,0,1,1,0.0,0.0,2.0,4.0,False,simple,0,,,0,0,0,0,0.0,False,0,0,1,0,0,0,0.0,False,0,1,0.0,1,0,0,False,0,2,0.0,1
3956,oz_SignerEIP7702,,data/safe_contracts/openzeppelin-contracts/contracts/utils/cryptography/signers/SignerEIP7702.sol,,openzeppelin,False,False,False,False,False,False,False,False,False,False,False,False,False,False,True,False,False,False,False,False,False,True,True,False,False,0,1,20,1,1,0,0,1,0,22,3,1,1.0,0,10,0.45454545454545453,0,1,1,0,8,13,0,1,0,4,3,0.0,0.0,25.0,106.875,True,simple,0,,,5,4,0,4,0.8,False,1,1,1,0,0,1,1.0,False,0,1,0.0,1,0,1,False,1,2,1.0,1
3957,oz_MultiSignerERC7913Weighted,,data/safe_contracts/openzeppelin-contracts/contracts/utils/cryptography/signers/MultiSignerERC7913Weighted.sol,,openzeppelin,False,False,False,False,False,False,False,False,False,False,False,False,False,False,False,False,False,False,False,False,False,False,False,False,False,0,0,0,0,0,0,0,0,0,0,1,0,0.0,0,0,0.0,0,0,0,0,0,0,0,0,0,0,0,0.0,0.0,0.0,0.0,False,simple,0,COMPILATION_ERROR,Compilation error: unresolved reference to identifier mcopy,0,0,0,0,0.0,False,0,0,0,0,0,0,0.0,False,0,0,0.0,0,0,0,False,0,0,0.0,0
3958,oz_SignerERC7913,,data/safe_contracts/openzeppelin-contracts/contracts/utils/cryptography/signers/SignerERC7913.sol,,openzeppelin,False,False,False,False,False,False,False,False,False,False,False,False,False,False,False,False,False,False,False,False,False,False,False,False,False,0,0,0,0,0,0,0,0,0,0,1,0,0.0,0,0,0.0,0,0,0,0,0,0,0,0,0,0,0,0.0,0.0,0.0,0.0,False,simple,0,COMPILATION_ERROR,Compilation error: unresolved reference to identifier mcopy,0,0,0,0,0.0,False,0,0,0,0,0,0,0.0,False,0,0,0.0,0,0,0,False,0,0,0.0,0
3959,oz_SignerRSA,,data/safe_contracts/openzeppelin-contracts/contracts/utils/cryptography/signers/SignerRSA.sol,,openzeppelin,False,False,False,False,False,False,False,False,False,False,False,False,False,False,True,False,False,False,False,False,False,False,True,False,False,1,9,132,3,2,0,0,19,0,58,6,1,7.0,1,34,0.5862068965517241,0,2,0,0,20,122,0,10,0,6,2,0.0,0.0,187.0,3284.9666666666662,True,moderate,1,,,50,51,2,23,1.02,True,6,21,3,4,0,2,0.3333333333333333,True,0,3,1.3333333333333333,2,0,1,False,0,10,0.0,3
3960,oz_ProxyAdmin,,data/safe_contracts/openzeppelin-contracts/contracts/proxy/transparent/ProxyAdmin.sol,,openzeppelin,False,False,False,False,False,False,False,False,False,False,False,False,False,False,True,False,False,False,False,False,False,True,True,True,False,1,2,63,4,0,0,0,3,0,40,14,1,1.5,0,26,0.65,1,0,0,0,35,31,0,3,0,7,3,0.0,0.0,83.0,672.3,True,simple,0,,,17,15,0,11,0.8823529411764706,False,0,5,4,11,3,0,0.0,False,1,3,2.75,9,0,0,False,0,1,0.0,1
3961,oz_TransparentUpgradeableProxy,,data/safe_contracts/openzeppelin-contracts/contracts/proxy/transparent/TransparentUpgradeableProxy.sol,,openzeppelin,False,False,False,False,False,False,False,False,False,False,False,False,False,False,True,False,False,False,False,False,False,True,True,True,False,1,2,63,4,0,0,0,3,0,109,14,1,1.5,0,75,0.6880733944954128,1,0,0,0,35,31,0,3,0,7,3,0.0,0.0,83.0,672.3,True,simple,0,,,17,15,0,11,0.8823529411764706,False,0,5,4,11,3,0,0.0,False,1,3,2.75,9,0,0,False,0,1,0.0,1
3962,oz_UUPSUpgradeable,,data/safe_contracts/openzeppelin-contracts/contracts/proxy/utils/UUPSUpgradeable.sol,,openzeppelin,False,False,False,False,False,False,False,False,False,False,False,False,False,False,True,False,False,False,False,False,False,True,True,True,False,0,2,60,8,4,2,2,3,0,134,9,1,1.75,0,86,0.6417910447761194,1,2,1,0,32,30,0,2,0,7,3,0.0,0.0,70.0,530.0,True,simple,0,,,26,22,0,5,0.8461538461538461,False,1,13,8,8,2,4,0.3333333333333333,False,2,6,1.0,8,2,1,True,1,5,1.0,3
3963,oz_Initializable,,data/safe_contracts/openzeppelin-contracts/contracts/proxy/utils/Initializable.sol,,openzeppelin,False,False,False,False,False,False,False,False,False,False,False,False,False,False,True,False,False,False,False,False,False,False,True,False,False,0,0,9,7,0,1,3,5,0,218,1,1,1.8571428571428572,0,143,0.6559633027522935,0,0,0,0,3,6,0,0,0,3,2,0.0,0.0,9.0,21.6,False,simple,0,,,25,21,0,6,0.84,False,3,13,7,7,0,0,0.0,False,0,7,1.0,4,1,0,True,0,0,0.0,0
3964,oz_ERC1967Proxy,,data/safe_contracts/openzeppelin-contracts/contracts/proxy/ERC1967/ERC1967Proxy.sol,,openzeppelin,False,False,False,False,False,False,False,False,False,False,False,False,False,False,True,False,False,False,False,False,False,True,True,True,False,0,2,59,3,2,0,0,3,0,56,9,1,1.6666666666666667,0,38,0.6785714285714286,1,2,1,0,31,30,0,2,0,5,3,0.0,0.0,69.0,717.6,True,simple,0,,,9,7,0,3,0.7777777777777778,False,2,5,3,2,1,2,0.5,False,1,2,0.6666666666666666,3,0,1,False,1,2,1.0,1
3965,oz_ERC1967Utils,,data/safe_contracts/openzeppelin-contracts/contracts/proxy/ERC1967/ERC1967Utils.sol,,openzeppelin,False,False,False,False,False,False,False,False,False,False,False,False,False,False,True,False,False,False,False,False,False,True,True,True,False,0,2,66,11,13,3,0,5,0,154,7,1,2.272727272727273,0,82,0.5324675324675324,0,8,0,0,28,40,0,2,0,5,3,0.0,0.0,76.0,851.1999999999999,True,moderate,1,,,49,45,0,6,0.9183673469387755,False,3,25,11,13,0,13,0.5,False,0,11,1.1818181818181819,9,3,6,True,2,8,3.0,6
3966,oz_UpgradeableBeacon,,data/safe_contracts/openzeppelin-contracts/contracts/proxy/beacon/UpgradeableBeacon.sol,,openzeppelin,False,False,False,False,False,False,False,False,False,False,False,False,False,False,False,False,False,False,False,False,False,False,True,True,False,0,0,9,4,0,1,0,3,0,61,4,1,1.5,0,37,0.6065573770491803,0,0,2,0,6,3,0,0,0,4,1,0.0,0.0,9.0,18.225,False,simple,0,,,14,11,0,4,0.7857142857142857,False,1,6,4,6,2,0,0.0,True,3,1,1.5,4,1,1,True,0,4,0.0,3
3967,oz_IBeacon,,data/safe_contracts/openzeppelin-contracts/contracts/proxy/beacon/IBeacon.sol,,openzeppelin,False,False,False,False,False,False,False,False,False,False,False,False,False,False,False,False,False,False,False,False,False,False,True,False,False,0,0,2,1,0,0,0,1,0,14,1,1,1.0,0,10,0.7142857142857143,0,0,0,0,2,0,0,0,0,1,1,0.0,0.0,2.0,4.0,False,simple,0,,,0,0,0,0,0.0,False,0,0,1,0,0,0,0.0,False,1,0,0.0,1,0,0,False,0,0,0.0,0
3968,oz_BeaconProxy,,data/safe_contracts/openzeppelin-contracts/contracts/proxy/beacon/BeaconProxy.sol,,openzeppelin,False,False,False,False,False,False,False,False,False,False,False,False,False,False,True,False,False,False,False,False,False,True,True,True,False,0,2,61,4,0,0,0,3,0,51,9,1,1.5,0,34,0.6666666666666666,1,0,0,0,31,32,0,2,0,6,3,0.0,0.0,71.0,631.8999999999999,True,simple,0,,,17,15,0,11,0.8823529411764706,False,0,5,4,11,3,0,0.0,False,1,3,2.75,9,0,0,False,0,1,0.0,1
3969,oz_ICompoundTimelock,,data/safe_contracts/openzeppelin-contracts/contracts/vendor/compound/ICompoundTimelock.sol,,openzeppelin,False,False,False,False,False,False,False,False,False,False,False,False,False,False,False,False,False,False,False,False,False,False,True,False,False,0,0,5,14,0,0,0,1,0,70,1,1,1.0,0,8,0.11428571428571428,2,0,0,0,5,0,0,0,0,2,1,0.0,0.0,5.0,12.5,False,simple,0,,,0,0,0,0,0.0,False,0,0,14,0,0,0,0.0,False,14,0,0.0,14,0,0,False,0,18,0.0,6
