contract_id,contract_name,address,file_path,compiler_version,data_source,has_reentrancy,has_access_control_issues,has_timestamp_dependency,has_unchecked_call,has_reentrancy_unlimited,has_reentrancy_benign,has_reentrancy_events,has_unchecked_transfer,has_controlled_delegatecall,has_delegatecall_loop,has_uninitialized_state,has_uninitialized_storage,has_uninitialized_local,has_tx_origin,has_inline_assembly,has_locked_ether,has_msg_value_loop,has_shadowing_state,has_shadowing_builtin,has_shadowing_abstract,has_unused_state_vars,has_unused_return_values,has_incorrect_solc_version,has_floating_pragma,has_outdated_compiler,high_severity_count,medium_severity_count,low_severity_count,num_functions,num_external_calls,num_state_vars,num_modifiers,max_cyclomatic_complexity,num_low_level_calls,lines_of_code,num_contracts_in_file,num_dependencies,avg_function_complexity,num_functions_high_complexity,num_comments,comment_to_code_ratio,num_payable_functions,num_library_calls,inheritance_depth,num_unused_functions,high_confidence_detectors,medium_confidence_detectors,low_confidence_detectors,security_detectors_triggered,optimization_detectors_triggered,total_detector_hits,unique_vulnerability_types,detectors_per_function,detectors_per_loc,risk_score_simple,risk_score_weighted,is_high_risk,contract_complexity_category,complexity_level,failure_reason,error_message,cfg_num_nodes,cfg_num_edges,cfg_num_cycles,cfg_max_depth,cfg_avg_branching,cfg_has_complex_loops,cfg_num_exit_points,cfg_cyclomatic_total,cg_num_nodes,cg_num_edges,cg_max_call_depth,cg_num_external_calls,cg_external_call_ratio,cg_has_cyclic_calls,cg_num_public_entry_points,cg_num_internal_functions,cg_avg_calls_per_function,cg_num_leaf_functions,dfg_num_state_vars,dfg_num_tainted_flows,dfg_has_cross_function_flow,dfg_num_sensitive_sinks,dfg_num_external_sources,dfg_taint_to_sink_ratio,dfg_num_unvalidated_inputs,is_test_mock,is_vulnerable,is_clean
2759,phishable,,data/smartbugs_curated/dataset/access_control/phishable.sol,,smartbugs_curated,0,1,0,0,0,0,0,0,0,0,0,0,0,1,0,0,0,0,0,0,0,0,1,0,0,1,1,5,3,1,1,0,1,0,18,1,1,1.0,0,6,0.3333333333333333,1,0,0,0,3,4,0,2,0,5,3,0.0,0.0,20.0,23.200000000000003,1,simple,0,,,6,3,0,2,0.5,0,0,3,3,2,1,1,0.3333333333333333,0,3,0,0.6666666666666666,4,1,2,1,1,2,2.0,2,False,True,False
2760,parity_wallet_bug_1,,data/smartbugs_curated/dataset/access_control/parity_wallet_bug_1.sol,,smartbugs_curated,1,1,1,1,0,0,1,0,0,0,1,0,1,0,1,0,0,0,0,0,1,0,1,0,0,3,3,66,6,3,7,0,5,3,395,4,1,1.6666666666666667,0,108,0.27341772151898736,1,0,1,0,74,7,0,6,0,17,8,0.0,0.0,111.0,515.1705882352942,1,moderate,1,,,20,16,0,5,0.8,0,3,10,6,1,1,3,0.75,0,5,1,0.16666666666666666,6,7,2,1,3,7,0.6666666666666666,4,False,True,False
2761,arbitrary_location_write_simple,,data/smartbugs_curated/dataset/access_control/arbitrary_location_write_simple.sol,,smartbugs_curated,0,0,0,0,0,0,0,0,0,0,0,0,0,0,0,0,0,0,0,0,0,0,1,0,0,1,1,6,6,2,2,0,1,0,32,1,1,1.0,0,6,0.1875,1,0,0,0,7,1,0,2,0,4,1,0.0,0.0,21.0,40.425,1,simple,0,,,15,9,0,2,0.6,0,0,6,6,4,1,2,0.3333333333333333,0,6,0,0.6666666666666666,5,2,2,1,0,3,0.0,2,False,True,False
2762,wallet_03_wrong_constructor,,data/smartbugs_curated/dataset/access_control/wallet_03_wrong_constructor.sol,,smartbugs_curated,0,0,0,0,1,0,0,0,0,0,0,0,0,0,0,0,0,0,0,0,0,0,1,0,0,0,0,4,4,2,2,0,1,0,31,1,1,1.0,0,10,0.3225806451612903,1,0,0,0,2,2,0,0,1,3,2,0.0,0.0,4.0,4.533333333333333,0,simple,0,,,12,8,0,3,0.6666666666666666,0,0,4,4,4,1,2,0.3333333333333333,0,4,0,1.0,4,2,2,1,2,2,1.0,2,False,True,False
2763,rubixi,,data/smartbugs_curated/dataset/access_control/rubixi.sol,,smartbugs_curated,0,0,0,1,1,0,0,0,0,0,0,0,0,0,0,0,0,0,0,0,0,0,1,0,0,1,5,25,19,5,7,1,8,0,125,1,1,2.3157894736842106,0,21,0.168,0,0,0,0,15,16,0,6,4,11,4,0.0,0.0,60.0,142.9090909090909,1,moderate,1,,,99,86,1,12,0.8686868686868687,0,6,44,19,9,2,5,0.35714285714285715,0,16,3,0.47368421052631576,12,7,6,1,5,7,1.2,7,False,True,False
2764,mycontract,,data/smartbugs_curated/dataset/access_control/mycontract.sol,,smartbugs_curated,0,1,0,0,0,0,0,0,0,0,0,0,0,1,0,0,0,0,0,0,0,0,1,0,0,1,1,3,2,1,1,0,1,0,18,1,1,1.0,0,7,0.3888888888888889,0,0,0,0,2,3,0,2,0,4,3,0.0,0.0,18.0,18.45,1,simple,0,,,5,3,0,2,0.6,0,0,2,2,1,1,1,0.5,0,2,0,0.5,2,1,1,1,1,2,1.0,1,False,True,False
2765,wallet_02_refund_nosub,,data/smartbugs_curated/dataset/access_control/wallet_02_refund_nosub.sol,,smartbugs_curated,0,0,0,0,1,0,0,0,0,0,0,0,0,0,0,0,0,0,0,0,0,0,1,0,0,0,0,4,5,3,2,0,1,0,35,1,1,1.0,0,11,0.3142857142857143,1,0,0,0,2,2,0,0,1,3,2,0.0,0.0,4.0,4.533333333333333,0,simple,0,,,14,9,0,3,0.6428571428571429,0,0,5,5,4,1,3,0.42857142857142855,0,5,0,0.8,5,2,2,1,3,2,0.6666666666666666,2,False,True,False
2766,incorrect_constructor_name1,,data/smartbugs_curated/dataset/access_control/incorrect_constructor_name1.sol,,smartbugs_curated,0,0,0,0,0,0,0,0,0,0,0,0,0,0,0,0,0,0,0,0,0,0,1,0,0,0,0,3,3,1,1,1,1,0,28,1,1,1.0,0,8,0.2857142857142857,1,0,0,0,3,0,0,0,0,2,1,0.0,0.0,3.0,4.5,0,simple,0,,,6,3,0,2,0.5,0,0,3,3,2,1,1,0.3333333333333333,0,3,0,0.6666666666666666,4,1,0,1,1,0,0.0,0,False,True,False
2767,wallet_04_confused_sign,,data/smartbugs_curated/dataset/access_control/wallet_04_confused_sign.sol,,smartbugs_curated,0,0,0,0,1,0,0,0,0,0,0,0,0,0,0,0,0,0,0,0,0,0,1,0,0,0,0,4,4,2,2,0,1,0,32,1,1,1.0,0,11,0.34375,1,0,0,0,2,2,0,0,1,3,2,0.0,0.0,4.0,4.533333333333333,0,simple,0,,,12,8,0,3,0.6666666666666666,0,0,4,4,4,1,2,0.3333333333333333,0,4,0,1.0,4,2,2,1,2,2,1.0,2,False,True,False
2769,mapping_write,,data/smartbugs_curated/dataset/access_control/mapping_write.sol,,smartbugs_curated,0,0,0,0,0,0,0,0,0,0,1,0,0,0,0,0,0,0,0,0,0,0,1,0,0,2,0,2,3,1,2,0,3,0,25,1,1,1.6666666666666667,0,7,0.28,0,0,0,0,4,1,0,2,0,4,2,0.0,0.0,22.0,25.85,1,simple,0,,,10,8,0,3,0.8,0,1,5,3,2,1,1,0.3333333333333333,0,3,0,0.6666666666666666,4,2,1,1,1,3,1.0,2,False,True,False
2770,simple_suicide,,data/smartbugs_curated/dataset/access_control/simple_suicide.sol,,smartbugs_curated,0,1,0,0,0,0,0,0,0,0,0,0,0,0,0,0,0,0,0,0,0,0,1,0,0,1,0,2,1,0,0,0,1,0,13,1,1,1.0,0,7,0.5384615384615384,0,0,0,0,3,0,0,1,0,2,2,0.0,0.0,12.0,18.0,0,simple,0,,,2,1,0,1,0.5,0,0,1,1,1,1,0,0.0,0,1,0,1.0,1,0,0,0,0,0,0.0,0,False,True,False
2771,incorrect_constructor_name3,,data/smartbugs_curated/dataset/access_control/incorrect_constructor_name3.sol,,smartbugs_curated,0,0,0,0,0,0,0,0,0,0,0,0,0,0,0,0,0,0,0,0,0,0,1,0,0,0,0,3,3,1,1,1,1,0,26,1,1,1.0,0,6,0.23076923076923078,1,0,0,0,3,0,0,0,0,2,1,0.0,0.0,3.0,4.5,0,simple,0,,,6,3,0,2,0.5,0,0,3,3,2,1,1,0.3333333333333333,0,3,0,0.6666666666666666,4,1,0,1,1,0,0.0,0,False,True,False
2772,incorrect_constructor_name2,,data/smartbugs_curated/dataset/access_control/incorrect_constructor_name2.sol,,smartbugs_curated,0,0,0,0,0,0,0,0,0,0,0,0,0,0,0,0,0,0,0,0,0,0,1,0,0,0,0,2,3,1,1,1,1,0,26,1,1,1.0,0,6,0.23076923076923078,1,0,0,0,2,0,0,0,0,1,1,0.0,0.0,2.0,4.0,0,simple,0,,,6,3,0,2,0.5,0,0,3,3,2,1,1,0.3333333333333333,0,3,0,0.6666666666666666,4,1,0,1,1,0,0.0,0,False,True,False
2773,unprotected0,,data/smartbugs_curated/dataset/access_control/unprotected0.sol,,smartbugs_curated,0,0,0,0,0,0,0,0,0,0,0,0,0,0,0,0,0,0,0,0,0,0,1,0,0,0,0,4,2,0,1,1,1,0,33,1,1,1.0,0,15,0.45454545454545453,0,0,0,0,3,1,0,0,0,3,1,0.0,0.0,4.0,4.933333333333334,0,simple,0,,,4,2,0,1,0.5,0,0,2,2,0,0,0,0.0,0,2,0,0.0,2,1,1,0,0,1,0.0,1,False,True,False
2774,proxy,,data/smartbugs_curated/dataset/access_control/proxy.sol,,smartbugs_curated,0,0,0,1,0,0,0,0,1,0,0,0,0,0,0,0,0,0,0,0,0,0,1,0,0,1,0,4,2,1,1,0,1,1,16,1,1,1.0,0,6,0.375,0,0,0,0,5,1,0,1,0,5,3,0.0,0.0,14.0,15.96,1,simple,0,,,4,2,0,1,0.5,0,0,2,2,1,1,1,0.5,0,2,0,0.5,2,1,1,0,1,2,1.0,1,False,True,False
2775,FibonacciBalance,,data/smartbugs_curated/dataset/access_control/FibonacciBalance.sol,,smartbugs_curated,0,1,0,1,0,0,0,0,1,0,1,0,0,0,0,0,0,0,0,0,0,0,1,0,0,4,0,9,5,3,5,0,1,2,52,2,1,1.0,0,18,0.34615384615384615,1,0,0,0,11,4,0,4,0,9,5,0.0,0.0,49.0,75.13333333333333,1,simple,0,,,10,5,0,3,0.5,0,0,5,5,3,1,3,0.5,0,3,2,0.6,4,5,1,1,3,1,0.3333333333333333,1,False,True,False
2776,parity_wallet_bug_2,,data/smartbugs_curated/dataset/access_control/parity_wallet_bug_2.sol,,smartbugs_curated,1,1,1,1,0,0,1,0,0,0,0,0,1,0,0,0,0,0,0,0,1,0,1,0,0,2,2,59,0,0,0,0,0,0,345,3,1,0.0,0,95,0.2753623188405797,0,0,0,0,58,6,0,4,0,13,7,0.0,0.0,89.0,425.83076923076925,1,simple,0,,,0,0,0,0,0.0,0,0,0,0,0,0,0,0.0,0,0,0,0.0,0,0,0,0,0,0,0.0,0,False,True,False
2777,governmental_survey,,data/smartbugs_curated/dataset/time_manipulation/governmental_survey.sol,,smartbugs_curated,0,1,1,1,1,0,0,0,0,0,0,0,0,0,0,0,0,0,0,0,0,0,1,0,0,1,3,9,4,2,5,0,3,0,44,2,1,2.5,0,7,0.1590909090909091,0,0,0,0,9,5,0,4,1,9,5,0.0,0.0,34.0,47.22222222222222,1,simple,0,,,23,19,0,7,0.8260869565217391,0,3,10,4,1,1,2,0.6666666666666666,0,3,1,0.25,4,5,0,1,2,0,0.0,0,False,True,False
2778,roulette,,data/smartbugs_curated/dataset/time_manipulation/roulette.sol,,smartbugs_curated,0,1,1,0,0,0,0,0,0,0,0,0,0,0,0,0,0,0,0,0,0,0,1,0,0,2,1,3,2,1,1,0,3,0,21,1,1,2.0,0,8,0.38095238095238093,2,0,0,0,3,3,0,3,0,5,3,0.0,0.0,28.0,28.560000000000002,1,simple,0,,,8,7,0,5,0.875,0,0,4,2,2,1,1,0.3333333333333333,0,2,0,1.0,3,1,0,1,1,0,0.0,0,False,True,False
2779,ether_lotto,,data/smartbugs_curated/dataset/time_manipulation/ether_lotto.sol,,smartbugs_curated,0,1,1,0,1,0,0,0,0,0,0,0,0,0,0,0,0,0,0,0,0,0,1,0,0,2,1,5,3,2,4,0,3,0,42,1,1,1.6666666666666667,0,22,0.5238095238095238,1,0,0,0,4,4,0,3,1,7,4,0.0,0.0,30.0,29.14285714285714,1,simple,0,,,13,11,0,7,0.8461538461538461,0,0,5,3,2,1,2,0.5,0,2,1,0.6666666666666666,4,4,0,1,2,0,0.0,0,False,True,False
2780,timed_crowdsale,,data/smartbugs_curated/dataset/time_manipulation/timed_crowdsale.sol,,smartbugs_curated,0,0,1,0,0,0,0,0,0,0,0,0,0,0,0,0,0,0,0,0,0,0,1,0,0,0,0,3,1,0,0,0,1,0,13,1,1,1.0,0,7,0.5384615384615384,0,0,0,0,2,1,0,0,0,2,2,0.0,0.0,3.0,4.05,0,simple,0,,,2,1,0,1,0.5,0,1,1,1,0,0,0,0.0,0,1,0,0.0,1,0,0,0,0,0,0.0,0,False,True,False
2781,lottopollo,,data/smartbugs_curated/dataset/time_manipulation/lottopollo.sol,,smartbugs_curated,0,1,1,1,0,0,0,0,0,0,0,0,0,0,0,0,0,0,0,0,0,0,1,0,0,1,2,4,3,2,2,0,7,0,31,1,1,3.0,0,7,0.22580645161290322,0,0,0,0,3,4,0,3,0,5,4,0.0,0.0,24.0,27.84,1,simple,0,,,16,16,0,4,1.0,0,1,9,3,3,2,2,0.4,0,2,1,1.0,2,2,1,1,2,2,0.5,2,False,True,False
2782,dos_number,,data/smartbugs_curated/dataset/denial_of_service/dos_number.sol,,smartbugs_curated,0,0,0,0,0,0,0,0,0,0,0,0,0,0,0,0,0,0,0,0,0,0,1,0,0,0,0,3,6,1,2,0,6,0,37,1,1,1.8333333333333333,0,9,0.24324324324324326,0,0,0,0,2,1,0,0,1,2,1,0.0,0.0,3.0,4.05,0,simple,0,,,22,18,2,7,0.8181818181818182,1,2,11,6,2,1,1,0.3333333333333333,0,5,1,0.3333333333333333,5,2,1,1,0,2,0.0,1,False,True,False
2783,send_loop,,data/smartbugs_curated/dataset/denial_of_service/send_loop.sol,,smartbugs_curated,0,0,0,0,0,0,0,0,0,0,1,0,0,0,0,0,0,0,0,0,0,0,1,0,0,1,0,3,2,3,2,0,4,0,22,1,1,2.5,0,8,0.36363636363636365,0,0,0,0,4,1,0,1,1,4,2,0.0,0.0,13.0,15.275,0,simple,0,,,10,9,1,5,0.9,0,0,5,2,1,1,3,0.75,0,2,0,0.5,2,2,0,1,1,0,0.0,0,False,True,False
2784,list_dos,,data/smartbugs_curated/dataset/denial_of_service/list_dos.sol,,smartbugs_curated,0,0,1,1,1,0,0,0,0,0,0,0,0,0,0,0,0,0,0,0,0,0,1,0,0,2,7,8,10,11,9,0,9,0,112,1,1,2.6,0,28,0.25,0,0,0,0,3,15,0,9,5,7,4,0.0,0.0,63.0,121.5,1,moderate,1,,,64,60,2,16,0.9375,0,5,26,10,2,2,11,0.8461538461538461,0,9,1,0.2,9,9,2,1,8,2,0.25,2,False,True,False
2785,dos_simple,,data/smartbugs_curated/dataset/denial_of_service/dos_simple.sol,,smartbugs_curated,0,0,0,0,0,0,0,0,0,0,0,0,0,0,0,0,0,0,0,0,0,0,1,0,0,0,0,2,1,2,1,0,5,0,21,1,1,5.0,0,6,0.2857142857142857,0,0,0,0,2,0,0,0,0,1,1,0.0,0.0,2.0,4.0,0,simple,0,,,11,11,1,6,1.0,0,2,5,1,0,0,2,1.0,0,1,0,0.0,1,1,0,1,1,0,0.0,0,False,True,False
2786,auction,,data/smartbugs_curated/dataset/denial_of_service/auction.sol,,smartbugs_curated,0,0,0,0,1,0,0,0,0,0,0,0,0,0,0,0,0,0,0,0,0,0,1,0,0,0,0,3,1,1,2,0,3,0,24,1,1,3.0,0,11,0.4583333333333333,1,0,0,0,2,1,0,0,1,2,2,0.0,0.0,3.0,4.05,0,simple,0,,,7,7,0,5,1.0,0,0,3,1,1,1,1,0.5,0,1,0,1.0,1,2,0,1,1,0,0.0,0,False,True,False
2787,dos_address,,data/smartbugs_curated/dataset/denial_of_service/dos_address.sol,,smartbugs_curated,0,0,0,0,0,0,0,0,0,0,0,0,0,0,0,0,0,0,0,0,0,0,1,0,0,1,0,2,5,2,2,0,4,0,29,1,1,2.0,0,6,0.20689655172413793,0,0,0,0,2,1,0,1,0,2,1,0.0,0.0,12.0,16.2,0,simple,0,,,18,15,1,5,0.8333333333333334,0,3,10,5,0,0,2,1.0,0,4,1,0.0,5,2,0,1,1,0,0.0,0,False,True,False
2788,lottery,,data/smartbugs_curated/dataset/bad_randomness/lottery.sol,,smartbugs_curated,0,0,0,0,0,0,0,0,0,0,0,0,0,0,0,0,0,0,0,0,0,0,1,0,0,1,1,7,5,2,2,0,6,0,55,1,1,3.2,0,19,0.34545454545454546,0,0,0,0,9,1,0,2,1,5,1,0.0,0.0,22.0,42.67999999999999,1,simple,0,,,27,24,1,7,0.8888888888888888,0,4,16,5,1,1,2,0.6666666666666666,0,5,0,0.2,5,2,0,1,1,0,0.0,0,False,True,False
2789,random_number_generator,,data/smartbugs_curated/dataset/bad_randomness/random_number_generator.sol,,smartbugs_curated,0,0,1,0,0,0,0,0,0,0,0,0,0,0,0,0,0,0,0,0,0,0,1,0,0,1,0,3,2,0,1,0,1,0,23,1,1,1.0,0,12,0.5217391304347826,0,0,0,0,2,2,0,1,0,3,2,0.0,0.0,13.0,14.733333333333333,0,simple,0,,,7,5,0,5,0.7142857142857143,0,1,2,2,1,0,0,0.0,0,0,2,0.5,2,1,0,1,0,1,0.0,1,False,True,False
2790,etheraffle,,data/smartbugs_curated/dataset/bad_randomness/etheraffle.sol,,smartbugs_curated,0,0,0,0,1,0,0,0,0,0,0,0,0,0,0,0,0,0,0,0,0,0,1,0,0,0,0,6,10,7,11,0,12,0,147,1,1,3.9,1,25,0.17006802721088435,2,0,0,0,3,3,0,0,2,5,2,0.0,0.0,6.0,6.119999999999999,0,moderate,1,,,91,93,6,12,1.021978021978022,1,1,39,10,4,3,7,0.6363636363636364,0,7,3,0.4,8,11,0,1,6,0,0.0,0,False,True,False
2791,lucky_doubler,,data/smartbugs_curated/dataset/bad_randomness/lucky_doubler.sol,,smartbugs_curated,0,0,1,1,1,0,0,0,0,0,0,0,0,0,0,0,0,0,0,0,0,0,1,0,0,3,4,12,15,6,8,1,13,0,146,1,1,2.466666666666667,1,28,0.1917808219178082,0,0,0,0,6,13,0,7,2,10,5,0.0,0.0,62.0,93.62,1,complex,2,,,91,84,0,22,0.9230769230769231,0,4,37,15,8,4,6,0.42857142857142855,0,10,5,0.5333333333333333,11,8,3,1,5,6,0.6,6,False,True,False
2792,guess_the_random_number,,data/smartbugs_curated/dataset/bad_randomness/guess_the_random_number.sol,,smartbugs_curated,0,1,1,0,0,0,0,0,0,0,0,0,0,0,0,0,0,0,0,0,0,0,1,0,0,1,2,4,3,1,1,0,3,0,23,1,1,1.6666666666666667,0,6,0.2608695652173913,2,0,0,0,5,2,0,3,0,5,3,0.0,0.0,24.0,30.720000000000002,1,simple,0,,,10,8,0,3,0.8,0,1,5,3,5,1,1,0.16666666666666666,0,3,0,1.6666666666666667,4,1,1,1,1,1,1.0,1,False,True,False
2793,smart_billions,,data/smartbugs_curated/dataset/bad_randomness/smart_billions.sol,,smartbugs_curated,0,0,0,0,1,0,0,0,0,0,0,0,0,0,0,0,0,1,0,0,0,0,1,0,0,3,16,58,39,8,20,2,17,0,708,6,1,3.6153846153846154,3,181,0.2556497175141243,7,1,3,0,59,20,0,19,6,15,4,0.0,0.0,168.0,817.5999999999999,1,critical,3,,,357,347,3,21,0.9719887955182073,0,39,141,39,51,4,8,0.13559322033898305,0,32,7,1.3076923076923077,22,20,10,1,4,25,2.5,22,False,True,False
2794,old_blockhash,,data/smartbugs_curated/dataset/bad_randomness/old_blockhash.sol,,smartbugs_curated,0,0,0,0,0,0,0,0,0,0,0,0,0,0,0,0,0,0,0,0,0,0,1,0,0,0,0,3,3,1,1,0,3,0,33,1,1,1.6666666666666667,0,8,0.24242424242424243,2,0,0,0,3,0,0,0,0,2,1,0.0,0.0,3.0,4.5,0,simple,0,,,14,12,0,5,0.8571428571428571,0,0,5,3,4,1,1,0.2,0,3,0,1.3333333333333333,2,1,1,1,1,1,1.0,1,False,True,False
2795,blackjack,,data/smartbugs_curated/dataset/bad_randomness/blackjack.sol,,smartbugs_curated,0,0,1,0,1,0,0,0,0,0,0,0,0,0,0,0,0,0,0,0,0,0,1,0,0,3,2,21,13,22,4,1,36,0,255,2,1,5.538461538461538,1,32,0.12549019607843137,2,7,0,0,21,8,0,5,5,8,3,0.0,0.0,61.0,202.825,1,complex,2,,,166,161,3,28,0.9698795180722891,1,27,72,13,11,2,22,0.6666666666666666,0,10,3,0.8461538461538461,6,4,2,1,13,5,0.15384615384615385,4,False,True,False
2796,integer_overflow_benign_1,,data/smartbugs_curated/dataset/arithmetic/integer_overflow_benign_1.sol,,smartbugs_curated,0,0,0,0,0,0,0,0,0,0,0,0,0,0,0,0,0,0,0,0,0,0,1,0,0,0,0,2,2,0,1,0,1,0,15,1,1,1.0,0,8,0.5333333333333333,0,0,0,0,3,0,0,0,0,2,1,0.0,0.0,2.0,3.0,0,simple,0,,,3,1,0,1,0.3333333333333333,0,0,2,2,0,0,0,0.0,0,1,1,0.0,2,1,0,1,0,1,0.0,1,False,True,False
2797,timelock,,data/smartbugs_curated/dataset/arithmetic/timelock.sol,,smartbugs_curated,0,0,1,0,0,0,0,0,0,0,0,0,0,0,0,0,0,0,0,0,0,0,1,0,0,0,0,4,3,1,2,0,1,0,26,1,1,1.0,0,7,0.2692307692307692,1,0,0,0,3,1,0,0,0,3,2,0.0,0.0,4.0,4.933333333333334,0,simple,0,,,11,8,0,5,0.7272727272727273,0,0,3,3,1,1,1,0.5,0,3,0,0.3333333333333333,3,2,1,1,1,1,1.0,1,False,True,False
2798,integer_overflow_multitx_multifunc_feasible,,data/smartbugs_curated/dataset/arithmetic/integer_overflow_multitx_multifunc_feasible.sol,,smartbugs_curated,0,0,0,0,0,0,0,0,0,0,0,0,0,0,0,0,0,0,0,0,0,0,1,0,0,0,0,2,3,0,2,0,3,0,22,1,1,1.6666666666666667,0,8,0.36363636363636365,0,0,0,0,2,0,0,0,0,1,1,0.0,0.0,2.0,4.0,0,simple,0,,,9,6,0,3,0.6666666666666666,0,1,5,3,0,0,0,0.0,0,2,1,0.0,3,2,1,1,0,1,0.0,1,False,True,False
2799,BECToken,,data/smartbugs_curated/dataset/arithmetic/BECToken.sol,,smartbugs_curated,0,0,0,0,0,0,0,0,0,0,0,0,0,0,0,0,0,0,0,0,0,0,1,0,0,0,0,24,3,0,4,0,1,0,259,9,1,1.0,0,117,0.4517374517374517,0,0,3,0,26,3,0,0,0,6,1,0.0,0.0,24.0,112.4,1,simple,0,,,10,7,0,4,0.7,0,0,3,3,1,1,0,0.0,0,2,1,0.3333333333333333,3,4,0,1,0,0,0.0,0,False,True,False
2800,overflow_simple_add,,data/smartbugs_curated/dataset/arithmetic/overflow_simple_add.sol,,smartbugs_curated,0,0,0,0,0,0,0,0,0,0,0,0,0,0,0,0,0,0,0,0,0,0,1,0,0,0,0,3,2,0,1,0,1,0,13,1,1,1.0,0,6,0.46153846153846156,0,0,0,0,3,0,0,0,0,2,1,0.0,0.0,3.0,4.5,0,simple,0,,,3,1,0,1,0.3333333333333333,0,0,2,2,0,0,0,0.0,0,1,1,0.0,2,1,1,1,0,1,0.0,1,False,True,False
2801,overflow_single_tx,,data/smartbugs_curated/dataset/arithmetic/overflow_single_tx.sol,,smartbugs_curated,0,0,0,0,0,0,0,0,0,0,0,0,0,0,0,0,0,0,0,0,0,0,1,0,0,0,0,2,7,0,1,0,1,0,41,1,1,1.0,0,19,0.4634146341463415,0,0,0,0,2,0,0,0,0,1,1,0.0,0.0,2.0,4.0,0,simple,0,,,13,6,0,1,0.46153846153846156,0,0,7,7,0,0,0,0.0,0,6,1,0.0,7,1,3,1,0,6,0.0,6,False,True,False
2802,integer_overflow_1,,data/smartbugs_curated/dataset/arithmetic/integer_overflow_1.sol,,smartbugs_curated,0,0,0,0,0,0,0,0,0,0,0,0,0,0,0,0,0,0,0,0,0,0,1,0,0,0,0,2,2,0,1,0,1,0,19,1,1,1.0,0,12,0.631578947368421,0,0,0,0,2,0,0,0,0,1,1,0.0,0.0,2.0,4.0,0,simple,0,,,3,1,0,1,0.3333333333333333,0,0,2,2,0,0,0,0.0,0,1,1,0.0,2,1,1,1,0,1,0.0,1,False,True,False
2803,token,,data/smartbugs_curated/dataset/arithmetic/token.sol,,smartbugs_curated,0,0,0,0,0,0,0,0,0,0,0,0,0,0,0,0,0,0,0,0,0,0,1,0,0,0,1,5,3,0,2,0,1,0,24,1,1,1.0,0,7,0.2916666666666667,0,0,0,0,6,0,0,1,0,3,1,0.0,0.0,10.0,20.0,0,simple,0,,,9,6,0,4,0.6666666666666666,0,2,3,3,1,1,0,0.0,0,3,0,0.3333333333333333,3,2,2,1,0,4,0.0,3,False,True,False
2804,integer_overflow_minimal,,data/smartbugs_curated/dataset/arithmetic/integer_overflow_minimal.sol,,smartbugs_curated,0,0,0,0,0,0,0,0,0,0,0,0,0,0,0,0,0,0,0,0,0,0,1,0,0,0,0,2,2,0,1,0,1,0,15,1,1,1.0,0,8,0.5333333333333333,0,0,0,0,2,0,0,0,0,1,1,0.0,0.0,2.0,4.0,0,simple,0,,,3,1,0,1,0.3333333333333333,0,0,2,2,0,0,0,0.0,0,1,1,0.0,2,1,1,1,0,1,0.0,1,False,True,False
2805,integer_overflow_mapping_sym_1,,data/smartbugs_curated/dataset/arithmetic/integer_overflow_mapping_sym_1.sol,,smartbugs_curated,0,0,0,0,0,0,0,0,0,0,0,0,0,0,0,0,0,0,0,0,0,0,1,0,0,0,0,2,1,0,1,0,1,0,14,1,1,1.0,0,7,0.5,0,0,0,0,2,0,0,0,0,1,1,0.0,0.0,2.0,4.0,0,simple,0,,,2,1,0,1,0.5,0,0,1,1,0,0,0,0.0,0,1,0,0.0,1,1,1,1,0,2,0.0,1,False,True,False
2806,insecure_transfer,,data/smartbugs_curated/dataset/arithmetic/insecure_transfer.sol,,smartbugs_curated,0,0,0,0,0,0,0,0,0,0,0,0,0,0,0,0,0,0,0,0,0,0,1,0,0,0,1,4,1,0,1,0,1,0,17,1,1,1.0,0,8,0.47058823529411764,0,0,0,0,5,0,0,1,0,3,1,0.0,0.0,9.0,14.999999999999998,0,simple,0,,,4,3,0,3,0.75,0,0,1,1,1,1,0,0.0,0,1,0,1.0,1,1,1,1,0,2,0.0,1,False,True,False
2807,integer_overflow_multitx_onefunc_feasible,,data/smartbugs_curated/dataset/arithmetic/integer_overflow_multitx_onefunc_feasible.sol,,smartbugs_curated,0,0,0,0,0,0,0,0,0,0,0,0,0,0,0,0,0,0,0,0,0,0,1,0,0,0,0,2,2,0,2,0,3,0,20,1,1,2.0,0,8,0.4,0,0,0,0,2,0,0,0,0,1,1,0.0,0.0,2.0,4.0,0,simple,0,,,8,6,0,3,0.75,0,1,4,2,0,0,0,0.0,0,1,1,0.0,2,2,1,1,0,1,0.0,1,False,True,False
2808,integer_overflow_add,,data/smartbugs_curated/dataset/arithmetic/integer_overflow_add.sol,,smartbugs_curated,0,0,0,0,0,0,0,0,0,0,0,0,0,0,0,0,0,0,0,0,0,0,1,0,0,0,0,2,2,0,1,0,1,0,15,1,1,1.0,0,8,0.5333333333333333,0,0,0,0,2,0,0,0,0,1,1,0.0,0.0,2.0,4.0,0,simple,0,,,3,1,0,1,0.3333333333333333,0,0,2,2,0,0,0,0.0,0,1,1,0.0,2,1,1,1,0,1,0.0,1,False,True,False
2809,tokensalechallenge,,data/smartbugs_curated/dataset/arithmetic/tokensalechallenge.sol,,smartbugs_curated,0,0,0,0,0,0,0,0,0,0,0,0,0,0,0,0,0,0,0,0,0,0,1,0,0,0,0,2,5,1,2,0,1,0,28,1,1,1.0,0,8,0.2857142857142857,2,0,0,0,2,0,0,0,0,1,1,0.0,0.0,2.0,4.0,0,simple,0,,,12,7,0,3,0.5833333333333334,0,1,5,5,4,1,1,0.2,0,4,1,0.8,3,2,2,1,1,3,2.0,3,False,True,False
2810,integer_overflow_mul,,data/smartbugs_curated/dataset/arithmetic/integer_overflow_mul.sol,,smartbugs_curated,0,0,0,0,0,0,0,0,0,0,0,0,0,0,0,0,0,0,0,0,0,0,1,0,0,0,0,2,2,0,1,0,1,0,15,1,1,1.0,0,8,0.5333333333333333,0,0,0,0,2,0,0,0,0,1,1,0.0,0.0,2.0,4.0,0,simple,0,,,3,1,0,1,0.3333333333333333,0,0,2,2,0,0,0,0.0,0,1,1,0.0,2,1,1,1,0,1,0.0,1,False,True,False
2811,0x941d225236464a25eb18076df7da6a91d0f95e9e,,data/smartbugs_curated/dataset/reentrancy/0x941d225236464a25eb18076df7da6a91d0f95e9e.sol,,smartbugs_curated,1,0,0,1,0,1,0,0,0,0,0,0,0,0,0,0,0,0,0,0,0,0,1,0,0,2,0,16,5,4,4,0,5,1,65,2,1,2.2,0,6,0.09230769230769231,3,0,0,0,17,3,0,2,0,8,3,0.0,0.0,36.0,85.95,1,simple,0,,,17,15,0,4,0.8823529411764706,0,0,11,5,0,0,4,1.0,0,4,1,0.0,5,4,2,1,4,2,0.5,2,False,True,False
2812,0x23a91059fdc9579a9fbd0edc5f2ea0bfdb70deb4,,data/smartbugs_curated/dataset/reentrancy/0x23a91059fdc9579a9fbd0edc5f2ea0bfdb70deb4.sol,,smartbugs_curated,1,0,0,1,0,0,0,0,0,0,0,0,0,0,0,0,0,0,0,0,0,0,1,0,0,2,0,14,5,4,3,0,5,1,60,2,1,2.2,0,6,0.1,2,0,0,0,16,2,0,2,0,7,3,0.0,0.0,34.0,84.5142857142857,1,simple,0,,,16,14,0,4,0.875,0,0,11,5,0,0,4,1.0,0,4,1,0.0,5,3,2,1,4,2,0.5,2,False,True,False
2813,etherstore,,data/smartbugs_curated/dataset/reentrancy/etherstore.sol,,smartbugs_curated,1,0,1,1,0,0,0,0,0,0,0,0,0,0,0,0,0,0,0,0,0,0,1,0,0,1,0,5,3,2,3,0,1,1,26,1,1,1.0,0,9,0.34615384615384615,1,0,0,0,5,2,0,1,0,6,4,0.0,0.0,15.0,15.999999999999998,1,simple,0,,,10,7,0,6,0.7,0,0,3,3,1,1,2,0.6666666666666666,0,2,1,0.3333333333333333,3,3,1,1,2,1,0.5,1,False,True,False
2814,0xbe4041d55db380c5ae9d4a9b9703f1ed4e7e3888,,data/smartbugs_curated/dataset/reentrancy/0xbe4041d55db380c5ae9d4a9b9703f1ed4e7e3888.sol,,smartbugs_curated,1,0,1,1,0,0,0,0,0,0,0,0,0,0,0,0,0,0,0,0,0,0,1,0,0,2,0,26,6,4,4,0,5,1,86,2,1,2.6666666666666665,0,6,0.06976744186046512,3,0,0,0,25,4,0,2,0,8,4,0.0,0.0,46.0,159.85,1,simple,0,,,29,26,0,5,0.896551724137931,0,2,16,6,1,1,4,0.8,0,6,0,0.16666666666666666,5,4,4,1,4,4,1.0,4,False,True,False
2815,0xb5e1b1ee15c6fa0e48fce100125569d430f1bd12,,data/smartbugs_curated/dataset/reentrancy/0xb5e1b1ee15c6fa0e48fce100125569d430f1bd12.sol,,smartbugs_curated,1,0,0,1,0,0,0,0,0,0,0,0,0,0,0,0,0,0,0,0,0,0,1,0,0,2,0,15,5,4,3,0,5,1,62,2,1,2.2,0,6,0.0967741935483871,3,0,0,0,17,2,0,2,0,7,3,0.0,0.0,35.0,92.0,1,simple,0,,,16,14,0,4,0.875,0,0,11,5,0,0,4,1.0,0,4,1,0.0,5,3,2,1,4,2,0.5,2,False,True,False
2816,etherbank,,data/smartbugs_curated/dataset/reentrancy/etherbank.sol,,smartbugs_curated,1,0,0,1,0,0,0,0,0,0,0,0,0,0,0,0,0,0,0,0,0,0,1,0,0,1,0,4,3,2,1,0,3,1,21,1,1,1.6666666666666667,0,6,0.2857142857142857,0,0,0,0,4,1,0,1,0,4,3,0.0,0.0,14.0,16.45,1,simple,0,,,10,7,0,4,0.7,0,2,5,3,0,0,2,1.0,0,3,0,0.0,3,1,0,1,2,1,0.0,1,False,True,False
2817,modifier_reentrancy,,data/smartbugs_curated/dataset/reentrancy/modifier_reentrancy.sol,,smartbugs_curated,1,0,0,0,0,0,0,0,0,0,0,0,0,0,0,0,0,0,0,0,1,0,1,0,0,0,1,4,2,0,2,2,1,0,43,3,1,1.0,0,9,0.20930232558139536,0,0,0,0,4,1,0,1,0,4,3,0.0,0.0,9.0,10.575,1,simple,0,,,5,3,0,3,0.6,0,0,2,2,2,1,0,0.0,0,1,1,1.0,3,2,0,1,0,0,0.0,0,False,True,False
2818,reentrance,,data/smartbugs_curated/dataset/reentrancy/reentrance.sol,,smartbugs_curated,1,0,0,1,0,0,0,0,0,0,0,0,0,0,0,0,0,0,0,0,0,0,1,0,0,1,0,7,4,2,1,0,5,1,25,1,1,2.0,0,6,0.24,2,0,0,0,7,1,0,1,0,5,3,0.0,0.0,17.0,26.180000000000003,1,simple,0,,,12,10,0,4,0.8333333333333334,0,1,8,4,0,0,2,1.0,0,4,0,0.0,4,1,2,1,2,3,1.0,3,False,True,False
2819,0x4e73b32ed6c35f570686b89848e5f39f20ecc106,,data/smartbugs_curated/dataset/reentrancy/0x4e73b32ed6c35f570686b89848e5f39f20ecc106.sol,,smartbugs_curated,1,0,0,1,0,0,0,0,0,0,0,0,0,0,0,0,0,0,0,0,0,0,1,0,0,2,0,20,6,4,4,0,5,1,78,2,1,1.6666666666666667,0,6,0.07692307692307693,3,0,0,0,21,2,0,2,0,6,3,0.0,0.0,40.0,149.33333333333334,1,simple,0,,,20,16,0,4,0.8,0,0,10,6,3,1,4,0.5714285714285714,0,6,0,0.5,4,4,3,1,4,3,0.75,3,False,True,False
2820,0xb93430ce38ac4a6bb47fb1fc085ea669353fd89e,,data/smartbugs_curated/dataset/reentrancy/0xb93430ce38ac4a6bb47fb1fc085ea669353fd89e.sol,,smartbugs_curated,1,0,0,1,0,0,0,0,0,0,0,0,0,0,0,0,0,0,0,0,0,0,1,0,0,2,0,14,5,4,3,0,5,1,60,2,1,2.2,0,6,0.1,2,0,0,0,16,2,0,2,0,7,3,0.0,0.0,34.0,84.5142857142857,1,simple,0,,,16,14,0,4,0.875,0,0,11,5,0,0,4,1.0,0,4,1,0.0,5,3,2,1,4,2,0.5,2,False,True,False
2821,0xbaf51e761510c1a11bf48dd87c0307ac8a8c8a4f,,data/smartbugs_curated/dataset/reentrancy/0xbaf51e761510c1a11bf48dd87c0307ac8a8c8a4f.sol,,smartbugs_curated,1,0,0,1,0,0,0,0,0,0,0,0,0,0,0,0,0,0,0,0,0,0,1,0,0,2,0,15,5,4,3,0,5,1,63,2,1,2.2,0,6,0.09523809523809523,3,0,0,0,17,2,0,2,0,7,3,0.0,0.0,35.0,92.0,1,simple,0,,,16,14,0,4,0.875,0,0,11,5,0,0,4,1.0,0,4,1,0.0,5,3,2,1,4,2,0.5,2,False,True,False
2822,0xaae1f51cf3339f18b6d3f3bdc75a5facd744b0b8,,data/smartbugs_curated/dataset/reentrancy/0xaae1f51cf3339f18b6d3f3bdc75a5facd744b0b8.sol,,smartbugs_curated,1,0,0,1,0,0,0,0,0,0,0,0,0,0,0,0,0,0,0,0,0,0,1,0,0,2,0,22,6,4,4,0,5,1,78,2,1,2.3333333333333335,0,6,0.07692307692307693,3,0,0,0,23,2,0,2,0,7,3,0.0,0.0,42.0,146.4,1,simple,0,,,24,20,0,4,0.8333333333333334,0,2,14,6,1,1,4,0.8,0,6,0,0.16666666666666666,5,4,3,1,4,3,0.75,3,False,True,False
2823,0x01f8c4e3fa3edeb29e514cba738d87ce8c091d3f,,data/smartbugs_curated/dataset/reentrancy/0x01f8c4e3fa3edeb29e514cba738d87ce8c091d3f.sol,,smartbugs_curated,1,0,0,1,0,0,0,0,0,0,0,0,0,0,0,0,0,0,0,0,0,0,1,0,0,2,0,20,7,4,4,0,5,1,78,2,1,2.142857142857143,0,6,0.07692307692307693,3,0,0,0,21,2,0,2,0,6,3,0.0,0.0,40.0,149.33333333333334,1,simple,0,,,26,23,0,4,0.8846153846153846,0,0,15,7,3,1,4,0.5714285714285714,0,6,1,0.42857142857142855,5,4,3,1,4,3,0.75,3,False,True,False
2824,reentrancy_insecure,,data/smartbugs_curated/dataset/reentrancy/reentrancy_insecure.sol,,smartbugs_curated,1,0,0,1,0,0,0,0,0,0,0,0,0,0,0,0,0,0,0,0,0,0,1,0,0,1,0,4,1,2,1,0,1,1,17,1,1,1.0,0,7,0.4117647058823529,0,0,0,0,4,1,0,1,0,4,3,0.0,0.0,14.0,16.45,1,simple,0,,,6,5,0,5,0.8333333333333334,0,0,1,1,1,1,2,0.6666666666666666,0,1,0,1.0,1,1,0,1,2,0,0.0,0,False,True,False
2825,simple_dao,,data/smartbugs_curated/dataset/reentrancy/simple_dao.sol,,smartbugs_curated,1,0,0,1,0,0,0,0,0,0,0,0,0,0,0,0,0,0,0,0,0,0,1,0,0,1,0,3,3,2,1,0,3,1,22,1,1,1.6666666666666667,0,6,0.2727272727272727,1,0,0,0,3,1,0,1,0,3,3,0.0,0.0,13.0,16.03333333333333,1,simple,0,,,9,7,0,3,0.7777777777777778,0,1,5,3,0,0,2,1.0,0,3,0,0.0,3,1,2,1,2,3,1.0,3,False,True,False
2826,0x4320e6f8c05b27ab4707cd1f6d5ce6f3e4b3a5a1,,data/smartbugs_curated/dataset/reentrancy/0x4320e6f8c05b27ab4707cd1f6d5ce6f3e4b3a5a1.sol,,smartbugs_curated,1,0,0,1,0,0,0,0,0,0,0,0,0,0,0,0,0,0,0,0,0,0,1,0,0,2,0,20,7,4,4,0,5,1,78,2,1,2.142857142857143,0,6,0.07692307692307693,3,0,0,0,21,2,0,2,0,6,3,0.0,0.0,40.0,149.33333333333334,1,simple,0,,,26,23,0,4,0.8846153846153846,0,0,15,7,3,1,4,0.5714285714285714,0,6,1,0.42857142857142855,5,4,3,1,4,3,0.75,3,False,True,False
2827,0x7541b76cb60f4c60af330c208b0623b7f54bf615,,data/smartbugs_curated/dataset/reentrancy/0x7541b76cb60f4c60af330c208b0623b7f54bf615.sol,,smartbugs_curated,1,0,1,1,0,0,0,0,0,0,0,0,0,0,0,0,0,0,0,0,0,0,1,0,0,2,0,19,5,4,3,0,5,1,71,2,1,2.2,0,6,0.08450704225352113,3,0,0,0,19,4,0,2,0,8,4,0.0,0.0,39.0,106.275,1,simple,0,,,21,19,0,6,0.9047619047619048,0,0,11,5,1,1,4,0.8,0,4,1,0.2,4,3,3,1,4,3,0.75,3,False,True,False
2828,0x561eac93c92360949ab1f1403323e6db345cbf31,,data/smartbugs_curated/dataset/reentrancy/0x561eac93c92360949ab1f1403323e6db345cbf31.sol,,smartbugs_curated,1,0,0,1,0,0,0,0,0,0,0,0,0,0,0,0,0,0,0,0,0,0,1,0,0,2,0,22,6,4,4,0,5,1,78,2,1,2.3333333333333335,0,6,0.07692307692307693,3,0,0,0,23,2,0,2,0,7,3,0.0,0.0,42.0,146.4,1,simple,0,,,24,20,0,4,0.8333333333333334,0,2,14,6,1,1,4,0.8,0,6,0,0.16666666666666666,5,4,3,1,4,3,0.75,3,False,True,False
2829,reentrancy_cross_function,,data/smartbugs_curated/dataset/reentrancy/reentrancy_cross_function.sol,,smartbugs_curated,1,0,0,1,0,0,0,0,0,0,0,0,0,0,0,0,0,0,0,0,0,0,1,0,0,1,1,4,2,2,1,0,3,1,23,1,1,2.0,0,7,0.30434782608695654,0,0,0,0,5,1,0,2,0,5,3,0.0,0.0,19.0,21.659999999999997,1,simple,0,,,11,10,0,5,0.9090909090909091,0,0,4,2,1,1,2,0.6666666666666666,0,2,0,0.5,2,1,1,1,2,2,0.5,1,False,True,False
2830,spank_chain_payment,,data/smartbugs_curated/dataset/reentrancy/spank_chain_payment.sol,,smartbugs_curated,1,1,1,1,1,1,1,0,0,0,0,0,0,0,1,0,0,0,0,0,0,0,1,0,0,3,17,98,5,0,1,0,1,0,778,5,1,1.0,0,120,0.15424164524421594,0,0,0,0,93,35,0,20,3,18,6,0.0,0.0,213.0,1390.4166666666667,1,simple,0,,,0,0,0,0,0.0,0,0,0,5,0,0,0,0.0,0,5,0,0.0,5,1,0,0,0,10,0.0,5,False,True,False
2831,0x7b368c4e805c3870b6c49a3f1f49f69af8662cf3,,data/smartbugs_curated/dataset/reentrancy/0x7b368c4e805c3870b6c49a3f1f49f69af8662cf3.sol,,smartbugs_curated,1,0,1,1,0,0,0,0,0,0,0,0,0,0,0,0,0,0,0,0,0,0,1,0,0,2,0,19,5,4,3,0,5,1,71,2,1,2.2,0,6,0.08450704225352113,3,0,0,0,19,4,0,2,0,8,4,0.0,0.0,39.0,106.275,1,simple,0,,,21,19,0,6,0.9047619047619048,0,0,11,5,1,1,4,0.8,0,4,1,0.2,4,3,3,1,4,3,0.75,3,False,True,False
2832,0x7a8721a9d64c74da899424c1b52acbf58ddc9782,,data/smartbugs_curated/dataset/reentrancy/0x7a8721a9d64c74da899424c1b52acbf58ddc9782.sol,,smartbugs_curated,1,0,0,1,0,0,0,0,0,0,0,0,0,0,0,0,0,0,0,0,0,0,1,0,0,2,0,15,6,5,4,1,5,1,70,2,1,2.0,0,6,0.08571428571428572,2,0,0,0,17,2,0,2,0,7,3,0.0,0.0,35.0,92.0,1,simple,0,,,20,17,0,4,0.85,0,0,12,6,1,1,5,0.8333333333333334,0,5,1,0.16666666666666666,6,4,2,1,4,2,0.5,2,False,True,False
2833,0xf015c35649c82f5467c9c74b7f28ee67665aad68,,data/smartbugs_curated/dataset/reentrancy/0xf015c35649c82f5467c9c74b7f28ee67665aad68.sol,,smartbugs_curated,1,0,1,1,0,0,0,0,0,0,0,0,0,0,0,0,0,0,0,0,0,0,1,0,0,2,0,19,5,4,3,0,5,1,71,2,1,2.2,0,6,0.08450704225352113,3,0,0,0,19,4,0,2,0,8,4,0.0,0.0,39.0,106.275,1,simple,0,,,21,19,0,6,0.9047619047619048,0,0,11,5,1,1,4,0.8,0,4,1,0.2,4,3,3,1,4,3,0.75,3,False,True,False
2834,0x8c7777c45481dba411450c228cb692ac3d550344,,data/smartbugs_curated/dataset/reentrancy/0x8c7777c45481dba411450c228cb692ac3d550344.sol,,smartbugs_curated,1,0,0,1,0,0,0,0,0,0,0,0,0,0,0,0,0,0,0,0,0,0,1,0,0,2,0,15,5,4,3,0,5,1,63,2,1,2.2,0,6,0.09523809523809523,3,0,0,0,17,2,0,2,0,7,3,0.0,0.0,35.0,92.0,1,simple,0,,,16,14,0,4,0.875,0,0,11,5,0,0,4,1.0,0,4,1,0.0,5,3,2,1,4,2,0.5,2,False,True,False
2835,0x627fa62ccbb1c1b04ffaecd72a53e37fc0e17839,,data/smartbugs_curated/dataset/reentrancy/0x627fa62ccbb1c1b04ffaecd72a53e37fc0e17839.sol,,smartbugs_curated,1,0,0,1,0,0,0,0,0,0,0,0,0,0,0,0,0,1,0,0,0,0,1,0,0,2,1,20,3,0,2,1,3,0,88,3,1,1.6666666666666667,0,7,0.07954545454545454,0,0,0,0,18,5,0,3,0,9,4,0.0,0.0,45.0,107.5,1,simple,0,,,8,6,0,2,0.75,0,0,5,3,1,1,0,0.0,0,2,1,0.3333333333333333,3,2,1,1,0,1,0.0,1,False,True,False
2836,reentrancy_bonus,,data/smartbugs_curated/dataset/reentrancy/reentrancy_bonus.sol,,smartbugs_curated,1,1,0,1,0,0,0,0,0,0,0,0,0,0,0,0,0,0,0,0,1,0,1,0,0,2,0,6,2,2,3,0,1,1,25,1,1,1.0,0,7,0.28,0,0,0,0,5,3,0,2,0,7,5,0.0,0.0,26.0,26.37142857142857,1,simple,0,,,11,9,0,5,0.8181818181818182,0,0,2,2,3,1,2,0.4,0,2,0,1.5,1,3,2,1,2,2,1.0,2,False,True,False
2837,0xcead721ef5b11f1a7b530171aab69b16c5e66b6e,,data/smartbugs_curated/dataset/reentrancy/0xcead721ef5b11f1a7b530171aab69b16c5e66b6e.sol,,smartbugs_curated,1,0,1,1,0,0,0,0,0,0,0,0,0,0,0,0,0,0,0,0,0,0,1,0,0,2,0,18,5,4,3,0,5,1,71,2,1,2.2,0,6,0.08450704225352113,3,0,0,0,18,4,0,2,0,8,4,0.0,0.0,38.0,98.8,1,simple,0,,,21,19,0,6,0.9047619047619048,0,0,11,5,1,1,4,0.8,0,4,1,0.2,4,3,3,1,4,3,0.75,3,False,True,False
2838,reentrancy_simple,,data/smartbugs_curated/dataset/reentrancy/reentrancy_simple.sol,,smartbugs_curated,1,0,0,1,0,0,0,0,0,0,0,0,0,0,0,0,0,0,0,0,0,0,1,0,0,1,0,4,3,2,1,0,3,1,24,1,1,1.6666666666666667,0,8,0.3333333333333333,1,0,0,0,4,1,0,1,0,4,3,0.0,0.0,14.0,16.45,1,simple,0,,,9,6,0,3,0.6666666666666666,0,2,5,3,0,0,2,1.0,0,3,0,0.0,3,1,0,1,2,1,0.0,1,False,True,False
2839,0x96edbe868531bd23a6c05e9d0c424ea64fb1b78b,,data/smartbugs_curated/dataset/reentrancy/0x96edbe868531bd23a6c05e9d0c424ea64fb1b78b.sol,,smartbugs_curated,1,0,1,1,0,0,0,0,0,0,0,0,0,0,0,0,0,0,0,0,0,0,1,0,0,2,0,26,6,4,4,0,5,1,86,2,1,2.6666666666666665,0,6,0.06976744186046512,3,0,0,0,25,4,0,2,0,8,4,0.0,0.0,46.0,159.85,1,simple,0,,,29,26,0,5,0.896551724137931,0,2,16,6,1,1,4,0.8,0,6,0,0.16666666666666666,5,4,4,1,4,4,1.0,4,False,True,False
2840,0x93c32845fae42c83a70e5f06214c8433665c2ab5,,data/smartbugs_curated/dataset/reentrancy/0x93c32845fae42c83a70e5f06214c8433665c2ab5.sol,,smartbugs_curated,1,0,1,1,0,0,0,0,0,0,0,0,0,0,0,0,0,0,0,0,0,0,1,0,0,2,0,19,5,4,3,0,5,1,71,2,1,2.2,0,6,0.08450704225352113,3,0,0,0,19,4,0,2,0,8,4,0.0,0.0,39.0,106.275,1,simple,0,,,21,19,0,6,0.9047619047619048,0,0,11,5,1,1,4,0.8,0,4,1,0.2,4,3,3,1,4,3,0.75,3,False,True,False
2841,reentrancy_dao,,data/smartbugs_curated/dataset/reentrancy/reentrancy_dao.sol,,smartbugs_curated,1,0,0,1,0,0,0,0,0,0,0,0,0,0,0,0,0,0,0,0,0,0,1,0,0,1,0,3,2,2,2,0,3,1,24,1,1,2.0,0,6,0.25,1,0,0,0,3,1,0,1,0,3,3,0.0,0.0,13.0,16.03333333333333,1,simple,0,,,11,10,0,6,0.9090909090909091,0,0,4,2,1,1,2,0.6666666666666666,0,2,0,0.5,2,2,0,1,2,0,0.0,0,False,True,False
2842,0x610495793564aed0f9c7fc48dc4c7c9151d34fd6,,data/smartbugs_curated/dataset/unchecked_low_level_calls/0x610495793564aed0f9c7fc48dc4c7c9151d34fd6.sol,,smartbugs_curated,0,0,0,1,0,0,0,0,0,0,0,0,0,0,0,0,0,0,0,0,0,0,1,0,0,0,1,8,5,3,2,1,1,1,27,1,1,1.0,0,6,0.2222222222222222,1,0,0,0,8,2,0,1,0,6,2,0.0,0.0,13.0,20.366666666666667,0,simple,0,,,12,7,0,2,0.5833333333333334,0,0,5,5,5,1,3,0.375,0,4,1,1.0,4,2,2,1,3,4,0.6666666666666666,2,False,True,False
2843,0xb0510d68f210b7db66e8c7c814f22680f2b8d1d6,,data/smartbugs_curated/dataset/unchecked_low_level_calls/0xb0510d68f210b7db66e8c7c814f22680f2b8d1d6.sol,,smartbugs_curated,0,0,0,1,0,0,0,0,0,0,0,0,0,0,0,0,0,1,0,0,1,0,1,0,0,0,5,18,7,16,6,0,1,4,108,3,1,1.0,0,22,0.2037037037037037,3,1,0,0,11,14,0,5,0,10,3,0.0,0.0,43.0,89.44,1,moderate,1,,,31,24,0,9,0.7741935483870968,0,2,7,7,6,2,16,0.7272727272727273,0,7,0,0.8571428571428571,4,6,1,1,13,2,0.07692307692307693,1,False,True,False
2844,0xbebbfe5b549f5db6e6c78ca97cac19d1fb03082c,,data/smartbugs_curated/dataset/unchecked_low_level_calls/0xbebbfe5b549f5db6e6c78ca97cac19d1fb03082c.sol,,smartbugs_curated,0,0,0,1,0,0,0,0,0,0,0,0,0,0,0,0,0,1,0,0,0,0,1,0,0,1,1,12,3,2,1,1,1,1,35,2,1,1.0,0,6,0.17142857142857143,1,0,0,0,11,4,0,2,0,9,4,0.0,0.0,27.0,41.4,1,simple,0,,,6,3,0,2,0.5,0,0,3,3,1,1,2,0.6666666666666666,0,2,1,0.3333333333333333,3,1,2,0,2,3,1.0,2,False,True,False
2845,0x7a4349a749e59a5736efb7826ee3496a2dfd5489,,data/smartbugs_curated/dataset/unchecked_low_level_calls/0x7a4349a749e59a5736efb7826ee3496a2dfd5489.sol,,smartbugs_curated,0,1,0,1,0,0,0,0,0,0,0,0,0,0,0,0,0,0,0,0,0,0,1,0,0,1,1,7,5,5,1,0,3,1,39,1,1,1.8,0,6,0.15384615384615385,4,0,0,0,7,3,0,2,0,7,3,0.0,0.0,22.0,28.6,1,simple,0,,,16,13,0,4,0.8125,0,0,9,5,4,1,5,0.5555555555555556,0,4,1,0.8,4,1,1,1,5,2,0.2,1,False,True,False
2846,0x958a8f594101d2c0485a52319f29b2647f2ebc06,,data/smartbugs_curated/dataset/unchecked_low_level_calls/0x958a8f594101d2c0485a52319f29b2647f2ebc06.sol,,smartbugs_curated,0,1,1,1,1,0,0,0,0,0,0,0,0,0,0,0,0,0,0,0,0,0,1,0,0,1,1,16,4,2,2,1,3,1,124,2,1,1.5,0,31,0.25,0,0,0,0,15,7,0,2,1,10,5,0.0,0.0,31.0,61.69,1,simple,0,,,12,9,0,2,0.75,0,0,6,4,2,1,2,0.5,0,4,0,0.5,3,2,2,1,2,4,1.0,2,False,True,False
2847,etherpot_lotto,,data/smartbugs_curated/dataset/unchecked_low_level_calls/etherpot_lotto.sol,,smartbugs_curated,0,0,1,1,1,0,0,0,0,0,0,0,0,0,0,0,0,0,0,0,0,0,1,0,0,1,2,7,15,2,4,0,8,0,115,1,1,2.4,0,23,0.2,0,0,0,0,3,7,0,3,2,6,4,0.0,0.0,27.0,35.55,1,moderate,1,,,81,70,1,14,0.8641975308641975,0,17,36,15,9,3,2,0.18181818181818182,0,14,1,0.6,11,4,1,1,2,16,0.5,10,False,True,False
2848,0x0cbe050f75bc8f8c2d6c0d249fea125fd6e1acc9,,data/smartbugs_curated/dataset/unchecked_low_level_calls/0x0cbe050f75bc8f8c2d6c0d249fea125fd6e1acc9.sol,,smartbugs_curated,0,0,0,1,0,0,0,0,0,0,0,0,0,0,0,0,0,0,0,0,0,0,1,0,0,0,1,4,1,1,0,0,1,1,12,1,1,1.0,0,6,0.5,0,0,0,0,3,2,0,1,0,4,2,0.0,0.0,9.0,9.9,0,simple,0,,,2,1,0,1,0.5,0,0,1,1,0,0,1,1.0,0,1,0,0.0,1,0,1,0,1,1,1.0,1,False,True,False
2849,lotto,,data/smartbugs_curated/dataset/unchecked_low_level_calls/lotto.sol,,smartbugs_curated,0,1,0,1,1,0,0,0,0,0,1,0,0,0,0,0,0,0,0,0,0,0,1,0,0,3,2,3,3,2,3,0,1,0,23,1,1,1.0,0,8,0.34782608695652173,0,0,0,0,6,4,0,5,1,6,5,0.0,0.0,43.0,63.06666666666666,1,simple,0,,,8,5,0,3,0.625,0,0,3,3,3,1,2,0.4,0,2,1,1.0,3,3,0,1,2,0,0.0,0,False,True,False
2850,0x5aa88d2901c68fda244f1d0584400368d2c8e739,,data/smartbugs_curated/dataset/unchecked_low_level_calls/0x5aa88d2901c68fda244f1d0584400368d2c8e739.sol,,smartbugs_curated,0,0,0,1,0,0,0,0,0,0,0,0,0,0,0,0,0,0,0,0,0,0,1,0,0,0,1,7,5,4,1,0,3,1,35,1,1,1.4,0,6,0.17142857142857143,4,0,0,0,6,3,0,1,0,6,2,0.0,0.0,12.0,16.2,0,simple,0,,,12,8,0,2,0.6666666666666666,0,0,7,5,4,1,4,0.5,0,4,1,0.8,4,1,2,1,4,3,0.5,2,False,True,False
2851,0xe82f0742a71a02b9e9ffc142fdcb6eb1ed06fb87,,data/smartbugs_curated/dataset/unchecked_low_level_calls/0xe82f0742a71a02b9e9ffc142fdcb6eb1ed06fb87.sol,,smartbugs_curated,0,1,0,1,0,0,0,0,0,0,0,0,0,0,0,0,0,0,0,0,0,0,1,0,0,1,1,7,5,5,1,0,3,1,35,1,1,1.8,0,6,0.17142857142857143,4,0,0,0,7,3,0,2,0,7,3,0.0,0.0,22.0,28.6,1,simple,0,,,16,13,0,4,0.8125,0,0,9,5,4,1,5,0.5555555555555556,0,4,1,0.8,4,1,1,1,5,2,0.2,1,False,True,False
2852,0xa46edd6a9a93feec36576ee5048146870ea2c3ae,,data/smartbugs_curated/dataset/unchecked_low_level_calls/0xa46edd6a9a93feec36576ee5048146870ea2c3ae.sol,,smartbugs_curated,0,0,0,1,0,0,0,0,0,0,0,0,0,0,0,0,0,0,0,0,0,0,1,0,0,0,1,7,1,1,0,0,4,1,17,1,1,4.0,0,6,0.35294117647058826,0,0,0,0,5,4,0,1,0,7,2,0.0,0.0,12.0,13.37142857142857,0,simple,0,,,10,10,1,7,1.0,0,1,4,1,2,1,1,0.3333333333333333,0,1,0,2.0,2,0,1,0,1,4,1.0,1,False,True,False
2853,0x78c2a1e91b52bca4130b6ed9edd9fbcfd4671c37,,data/smartbugs_curated/dataset/unchecked_low_level_calls/0x78c2a1e91b52bca4130b6ed9edd9fbcfd4671c37.sol,,smartbugs_curated,0,1,0,1,0,0,0,0,0,0,0,0,0,0,0,0,0,0,0,0,0,0,1,0,0,1,1,6,6,5,2,0,3,1,40,1,1,1.6666666666666667,0,6,0.15,4,0,0,0,6,3,0,2,0,7,3,0.0,0.0,21.0,24.3,1,simple,0,,,17,13,0,4,0.7647058823529411,0,0,10,6,4,1,5,0.5555555555555556,0,4,2,0.6666666666666666,5,2,1,1,5,2,0.2,1,False,True,False
2854,0x52d2e0f9b01101a59b38a3d05c80b7618aeed984,,data/smartbugs_curated/dataset/unchecked_low_level_calls/0x52d2e0f9b01101a59b38a3d05c80b7618aeed984.sol,,smartbugs_curated,0,1,0,1,0,0,0,1,0,0,0,0,0,0,0,0,0,0,0,0,0,0,1,0,0,3,1,5,2,0,0,0,1,0,29,2,1,1.0,0,6,0.20689655172413793,0,0,0,0,3,6,0,4,0,7,3,0.0,0.0,40.0,41.142857142857146,1,simple,0,,,0,0,0,0,0.0,0,0,0,2,0,0,0,0.0,0,2,0,0.0,2,0,0,0,0,3,0.0,2,False,True,False
2855,0x806a6bd219f162442d992bdc4ee6eba1f2c5a707,,data/smartbugs_curated/dataset/unchecked_low_level_calls/0x806a6bd219f162442d992bdc4ee6eba1f2c5a707.sol,,smartbugs_curated,0,1,0,1,0,0,0,0,0,0,0,0,0,0,0,0,0,0,0,0,0,0,1,0,0,1,1,7,5,5,1,0,3,1,39,1,1,1.8,0,6,0.15384615384615385,4,0,0,0,7,3,0,2,0,7,3,0.0,0.0,22.0,28.6,1,simple,0,,,16,13,0,4,0.8125,0,0,9,5,4,1,5,0.5555555555555556,0,4,1,0.8,4,1,1,1,5,2,0.2,1,False,True,False
2856,0x524960d55174d912768678d8c606b4d50b79d7b1,,data/smartbugs_curated/dataset/unchecked_low_level_calls/0x524960d55174d912768678d8c606b4d50b79d7b1.sol,,smartbugs_curated,0,0,0,1,0,0,0,0,0,0,0,0,0,0,0,0,0,0,0,0,0,0,1,0,0,0,1,3,1,2,0,0,3,1,21,1,1,3.0,0,6,0.2857142857142857,0,0,0,0,3,1,0,1,0,3,2,0.0,0.0,8.0,9.866666666666665,0,simple,0,,,13,12,0,11,0.9230769230769231,0,2,3,1,1,1,2,0.6666666666666666,0,1,0,1.0,1,0,0,0,2,0,0.0,0,False,True,False
2858,0x8fd1e427396ddb511533cf9abdbebd0a7e08da35,,data/smartbugs_curated/dataset/unchecked_low_level_calls/0x8fd1e427396ddb511533cf9abdbebd0a7e08da35.sol,,smartbugs_curated,0,0,0,1,0,0,0,0,0,0,0,0,0,0,0,1,0,1,0,0,0,0,1,0,0,1,2,20,3,0,2,1,3,0,91,3,1,1.6666666666666667,0,8,0.08791208791208792,0,0,0,0,19,4,0,3,0,9,4,0.0,0.0,40.0,96.88888888888889,1,simple,0,,,8,6,0,2,0.75,0,0,5,3,1,1,0,0.0,0,2,1,0.3333333333333333,3,2,1,1,0,1,0.0,1,False,True,False
2859,0xf70d589d76eebdd7c12cc5eec99f8f6fa4233b9e,,data/smartbugs_curated/dataset/unchecked_low_level_calls/0xf70d589d76eebdd7c12cc5eec99f8f6fa4233b9e.sol,,smartbugs_curated,0,1,0,1,0,0,0,0,0,0,0,0,0,0,0,0,0,0,0,0,0,0,1,0,0,1,1,7,5,5,1,0,3,1,39,1,1,1.8,0,6,0.15384615384615385,4,0,0,0,7,3,0,2,0,7,3,0.0,0.0,22.0,28.6,1,simple,0,,,16,13,0,4,0.8125,0,0,9,5,4,1,5,0.5555555555555556,0,4,1,0.8,4,1,1,1,5,2,0.2,1,False,True,False
2860,0x9d06cbafa865037a01d322d3f4222fa3e04e5488,,data/smartbugs_curated/dataset/unchecked_low_level_calls/0x9d06cbafa865037a01d322d3f4222fa3e04e5488.sol,,smartbugs_curated,0,0,0,1,0,0,0,0,0,0,0,0,0,0,0,0,0,1,0,0,0,0,1,0,0,0,2,15,6,3,5,1,3,1,71,1,1,1.6666666666666667,0,27,0.38028169014084506,2,0,0,0,16,4,0,2,0,8,3,0.0,0.0,25.0,58.75,1,simple,0,,,35,30,0,9,0.8571428571428571,0,5,10,6,7,2,3,0.3,0,5,1,1.1666666666666667,5,5,3,1,3,3,1.0,3,False,True,False
2861,0xb7c5c5aa4d42967efe906e1b66cb8df9cebf04f7,,data/smartbugs_curated/dataset/unchecked_low_level_calls/0xb7c5c5aa4d42967efe906e1b66cb8df9cebf04f7.sol,,smartbugs_curated,1,0,0,1,0,0,0,0,0,0,0,0,0,0,0,0,0,0,0,0,0,0,1,0,0,1,1,4,2,2,1,0,1,1,22,1,1,1.0,0,12,0.5454545454545454,1,0,0,0,4,2,0,2,0,5,3,0.0,0.0,19.0,20.52,1,simple,0,,,5,3,0,2,0.6,0,0,2,2,0,0,2,1.0,0,2,0,0.0,2,1,0,1,2,0,0.0,0,False,True,False
2862,0x19cf8481ea15427a98ba3cdd6d9e14690011ab10,,data/smartbugs_curated/dataset/unchecked_low_level_calls/0x19cf8481ea15427a98ba3cdd6d9e14690011ab10.sol,,smartbugs_curated,1,1,0,1,0,0,1,1,0,0,0,0,0,0,0,0,0,0,1,0,1,0,1,0,0,2,3,87,1,0,0,0,1,0,402,6,1,1.0,0,82,0.20398009950248755,0,0,0,0,84,15,0,5,0,17,5,0.0,0.0,122.0,678.1764705882354,1,simple,0,,,0,0,0,0,0.0,0,0,0,1,0,0,0,0.0,0,1,0,0.0,1,0,0,0,0,2,0.0,1,False,True,False
2863,0x07f7ecb66d788ab01dc93b9b71a88401de7d0f2e,,data/smartbugs_curated/dataset/unchecked_low_level_calls/0x07f7ecb66d788ab01dc93b9b71a88401de7d0f2e.sol,,smartbugs_curated,0,1,1,1,1,1,1,0,0,0,0,0,0,0,0,0,0,0,0,0,1,0,1,0,0,3,2,14,17,7,9,4,5,2,255,2,1,1.2941176470588236,0,66,0.25882352941176473,3,0,0,0,9,11,0,5,1,12,6,0.0,0.0,54.0,75.14999999999999,1,moderate,1,,,72,57,0,11,0.7916666666666666,0,7,22,17,24,2,7,0.22580645161290322,0,14,3,1.411764705882353,14,9,7,1,7,11,1.0,8,False,True,False
2864,0xa1fceeff3acc57d257b917e30c4df661401d6431,,data/smartbugs_curated/dataset/unchecked_low_level_calls/0xa1fceeff3acc57d257b917e30c4df661401d6431.sol,,smartbugs_curated,0,0,0,1,0,0,0,0,0,0,0,0,0,0,0,0,0,0,0,0,0,0,1,0,0,0,1,5,2,1,0,1,4,1,29,1,1,2.5,0,6,0.20689655172413793,0,0,0,0,5,2,0,1,0,6,2,0.0,0.0,10.0,10.666666666666666,0,simple,0,,,14,13,1,10,0.9285714285714286,0,1,5,2,3,1,1,0.25,0,2,0,1.5,4,0,1,0,1,3,1.0,1,False,True,False
2865,mishandled,,data/smartbugs_curated/dataset/unchecked_low_level_calls/mishandled.sol,,smartbugs_curated,0,0,0,1,0,0,0,0,0,0,0,0,0,0,0,0,0,0,0,0,0,0,1,0,0,0,1,2,1,1,1,0,1,0,15,1,1,1.0,0,6,0.4,0,0,0,0,2,1,0,1,0,2,2,0.0,0.0,7.0,9.45,0,simple,0,,,4,3,0,3,0.75,0,0,1,1,0,0,1,1.0,0,1,0,0.0,1,1,0,1,1,0,0.0,0,False,True,False
2866,0xd2018bfaa266a9ec0a1a84b061640faa009def76,,data/smartbugs_curated/dataset/unchecked_low_level_calls/0xd2018bfaa266a9ec0a1a84b061640faa009def76.sol,,smartbugs_curated,0,1,0,1,0,0,0,0,0,0,0,0,0,0,0,0,0,0,0,0,0,0,1,0,0,1,1,7,5,5,1,0,3,1,39,1,1,1.8,0,6,0.15384615384615385,4,0,0,0,7,3,0,2,0,7,3,0.0,0.0,22.0,28.6,1,simple,0,,,16,13,0,4,0.8125,0,0,9,5,4,1,5,0.5555555555555556,0,4,1,0.8,4,1,1,1,5,2,0.2,1,False,True,False
2867,0x3a0e9acd953ffc0dd18d63603488846a6b8b2b01,,data/smartbugs_curated/dataset/unchecked_low_level_calls/0x3a0e9acd953ffc0dd18d63603488846a6b8b2b01.sol,,smartbugs_curated,0,0,0,1,0,0,0,0,0,0,0,0,0,0,0,1,0,1,0,0,0,0,1,0,0,1,2,20,3,0,2,1,3,0,91,3,1,1.6666666666666667,0,8,0.08791208791208792,0,0,0,0,19,4,0,3,0,9,4,0.0,0.0,40.0,96.88888888888889,1,simple,0,,,8,6,0,2,0.75,0,0,5,3,1,1,0,0.0,0,2,1,0.3333333333333333,3,2,1,1,0,1,0.0,1,False,True,False
2868,0xf29ebe930a539a60279ace72c707cba851a57707,,data/smartbugs_curated/dataset/unchecked_low_level_calls/0xf29ebe930a539a60279ace72c707cba851a57707.sol,,smartbugs_curated,0,0,0,1,0,0,0,0,0,0,0,0,0,0,0,0,0,0,0,0,0,0,1,0,0,0,1,3,3,3,1,0,1,1,17,1,1,1.0,0,6,0.35294117647058826,2,0,0,0,3,1,0,1,0,3,2,0.0,0.0,8.0,9.866666666666665,0,simple,0,,,6,3,0,3,0.5,0,0,3,3,1,1,3,0.75,0,2,1,0.3333333333333333,3,1,0,1,3,0,0.0,0,False,True,False
2869,0x2972d548497286d18e92b5fa1f8f9139e5653fd2,,data/smartbugs_curated/dataset/unchecked_low_level_calls/0x2972d548497286d18e92b5fa1f8f9139e5653fd2.sol,,smartbugs_curated,0,0,0,1,0,0,0,0,0,0,0,0,0,0,0,0,0,0,0,0,0,0,1,0,0,0,1,8,1,1,0,0,4,1,17,1,1,4.0,0,6,0.35294117647058826,0,0,0,0,6,4,0,1,0,7,2,0.0,0.0,13.0,16.34285714285714,0,simple,0,,,10,10,1,7,1.0,0,1,4,1,2,1,1,0.3333333333333333,0,1,0,2.0,2,0,1,0,1,4,1.0,1,False,True,False
2870,0x7d09edb07d23acb532a82be3da5c17d9d85806b4,,data/smartbugs_curated/dataset/unchecked_low_level_calls/0x7d09edb07d23acb532a82be3da5c17d9d85806b4.sol,,smartbugs_curated,0,1,1,1,1,1,1,0,0,0,0,0,0,0,0,0,0,0,0,0,1,0,1,0,0,3,2,14,17,7,9,4,5,2,253,2,1,1.2941176470588236,0,65,0.25691699604743085,3,0,0,0,9,11,0,5,1,12,6,0.0,0.0,54.0,75.14999999999999,1,moderate,1,,,71,56,0,11,0.7887323943661971,0,7,22,17,24,2,7,0.22580645161290322,0,14,3,1.411764705882353,14,9,7,1,7,11,1.0,8,False,True,False
2871,0x70f9eddb3931491aab1aeafbc1e7f1ca2a012db4,,data/smartbugs_curated/dataset/unchecked_low_level_calls/0x70f9eddb3931491aab1aeafbc1e7f1ca2a012db4.sol,,smartbugs_curated,0,1,0,1,0,0,0,0,0,0,0,0,0,0,0,0,0,0,0,0,0,0,1,0,0,1,1,7,5,5,1,0,3,1,25,1,1,1.8,0,6,0.24,4,0,0,0,7,3,0,2,0,7,3,0.0,0.0,22.0,28.6,1,simple,0,,,16,13,0,4,0.8125,0,0,9,5,4,1,5,0.5555555555555556,0,4,1,0.8,4,1,1,1,5,2,0.2,1,False,True,False
2872,king_of_the_ether_throne,,data/smartbugs_curated/dataset/unchecked_low_level_calls/king_of_the_ether_throne.sol,,smartbugs_curated,0,0,1,1,1,0,0,0,0,0,0,0,0,0,0,0,0,0,0,0,0,0,1,0,0,1,10,13,7,5,9,1,21,0,150,1,1,3.857142857142857,1,60,0.4,0,0,0,0,8,16,0,11,1,11,5,0.0,0.0,73.0,127.41818181818181,1,moderate,1,,,61,63,0,21,1.0327868852459017,0,2,27,7,3,1,5,0.625,0,6,1,0.42857142857142855,5,9,3,1,4,3,0.75,3,False,True,False
2873,0xb37f18af15bafb869a065b61fc83cfc44ed9cc27,,data/smartbugs_curated/dataset/unchecked_low_level_calls/0xb37f18af15bafb869a065b61fc83cfc44ed9cc27.sol,,smartbugs_curated,0,0,0,1,0,0,0,0,0,0,0,0,0,0,0,0,0,0,0,0,0,0,1,0,0,0,1,7,5,3,2,1,1,1,27,1,1,1.0,0,6,0.2222222222222222,1,0,0,0,6,2,0,1,0,5,2,0.0,0.0,12.0,17.759999999999998,0,simple,0,,,12,7,0,2,0.5833333333333334,0,0,5,5,5,1,3,0.375,0,4,1,1.0,4,2,2,1,3,3,0.6666666666666666,2,False,True,False
2874,0xdb1c55f6926e7d847ddf8678905ad871a68199d2,,data/smartbugs_curated/dataset/unchecked_low_level_calls/0xdb1c55f6926e7d847ddf8678905ad871a68199d2.sol,,smartbugs_curated,0,1,0,1,0,0,0,0,0,0,0,0,0,0,0,0,0,0,0,0,0,0,1,0,0,1,1,7,5,5,1,0,3,1,35,1,1,1.8,0,6,0.17142857142857143,4,0,0,0,7,3,0,2,0,7,3,0.0,0.0,22.0,28.6,1,simple,0,,,16,13,0,4,0.8125,0,0,9,5,4,1,5,0.5555555555555556,0,4,1,0.8,4,1,1,1,5,2,0.2,1,False,True,False
2875,0x39cfd754c85023648bf003bea2dd498c5612abfa,,data/smartbugs_curated/dataset/unchecked_low_level_calls/0x39cfd754c85023648bf003bea2dd498c5612abfa.sol,,smartbugs_curated,0,0,0,1,0,0,0,0,0,0,0,0,0,0,0,1,0,1,0,0,0,0,1,0,0,1,2,19,3,0,2,1,3,0,90,3,1,1.6666666666666667,0,8,0.08888888888888889,0,0,0,0,18,4,0,3,0,9,4,0.0,0.0,39.0,90.13333333333334,1,simple,0,,,8,6,0,2,0.75,0,0,5,3,1,1,0,0.0,0,2,1,0.3333333333333333,3,2,1,1,0,1,0.0,1,False,True,False
2876,0xe894d54dca59cb53fe9cbc5155093605c7068220,,data/smartbugs_curated/dataset/unchecked_low_level_calls/0xe894d54dca59cb53fe9cbc5155093605c7068220.sol,,smartbugs_curated,0,0,0,1,0,0,0,0,0,0,0,0,0,0,0,0,0,0,0,0,0,0,1,0,0,0,1,9,1,1,0,0,4,1,18,1,1,4.0,0,6,0.3333333333333333,0,0,0,0,7,4,0,1,0,7,2,0.0,0.0,14.0,19.6,0,simple,0,,,11,11,1,8,1.0,0,1,4,1,2,1,1,0.3333333333333333,0,1,0,2.0,2,0,1,0,1,5,1.0,1,False,True,False
2877,0xec329ffc97d75fe03428ae155fc7793431487f63,,data/smartbugs_curated/dataset/unchecked_low_level_calls/0xec329ffc97d75fe03428ae155fc7793431487f63.sol,,smartbugs_curated,1,0,0,1,0,0,0,0,0,0,0,0,0,0,1,0,0,0,0,0,0,0,1,0,0,1,3,17,3,2,1,1,1,1,104,3,1,1.0,0,31,0.2980769230769231,0,0,0,0,14,9,0,4,0,15,5,0.0,0.0,42.0,56.84,1,simple,0,,,8,5,0,2,0.625,0,0,3,3,2,1,2,0.5,0,3,0,0.6666666666666666,2,1,2,0,2,4,1.0,2,False,True,False
2878,0x3f2ef511aa6e75231e4deafc7a3d2ecab3741de2,,data/smartbugs_curated/dataset/unchecked_low_level_calls/0x3f2ef511aa6e75231e4deafc7a3d2ecab3741de2.sol,,smartbugs_curated,0,1,0,1,0,0,0,0,0,0,0,0,0,0,0,0,0,0,0,0,0,0,1,0,0,1,1,6,6,5,2,0,3,1,40,1,1,1.6666666666666667,0,6,0.15,4,0,0,0,6,3,0,2,0,7,3,0.0,0.0,21.0,24.3,1,simple,0,,,17,13,0,4,0.7647058823529411,0,0,10,6,4,1,5,0.5555555555555556,0,4,2,0.6666666666666666,5,2,1,1,5,2,0.2,1,False,True,False
2879,0x627fa62ccbb1c1b04ffaecd72a53e37fc0e17839,,data/smartbugs_curated/dataset/unchecked_low_level_calls/0x627fa62ccbb1c1b04ffaecd72a53e37fc0e17839.sol,,smartbugs_curated,1,0,0,1,0,0,0,0,0,0,0,0,0,0,0,0,0,1,0,0,0,0,1,0,0,2,1,20,3,0,2,1,3,0,88,3,1,1.6666666666666667,0,7,0.07954545454545454,0,0,0,0,18,5,0,3,0,9,4,0.0,0.0,45.0,107.5,1,simple,0,,,8,6,0,2,0.75,0,0,5,3,1,1,0,0.0,0,2,1,0.3333333333333333,3,2,1,1,0,1,0.0,1,False,True,False
2880,0xb11b2fed6c9354f7aa2f658d3b4d7b31d8a13b77,,data/smartbugs_curated/dataset/unchecked_low_level_calls/0xb11b2fed6c9354f7aa2f658d3b4d7b31d8a13b77.sol,,smartbugs_curated,0,0,0,1,0,0,0,0,0,0,0,0,0,0,0,0,0,1,0,0,0,0,1,0,0,1,1,12,3,2,1,1,1,1,35,2,1,1.0,0,6,0.17142857142857143,1,0,0,0,11,4,0,2,0,9,4,0.0,0.0,27.0,41.4,1,simple,0,,,6,3,0,2,0.5,0,0,3,3,1,1,2,0.6666666666666666,0,2,1,0.3333333333333333,3,1,2,0,2,3,1.0,2,False,True,False
2881,0x4a66ad0bca2d700f11e1f2fc2c106f7d3264504c,,data/smartbugs_curated/dataset/unchecked_low_level_calls/0x4a66ad0bca2d700f11e1f2fc2c106f7d3264504c.sol,,smartbugs_curated,0,0,0,1,0,0,0,0,0,0,0,0,0,0,0,0,0,0,0,0,0,0,1,0,0,0,1,6,2,1,2,0,4,1,20,1,1,2.5,0,6,0.3,0,0,0,0,7,3,0,1,0,8,2,0.0,0.0,11.0,12.5125,0,simple,0,,,13,12,1,8,0.9230769230769231,0,1,5,2,2,1,1,0.3333333333333333,0,1,1,1.0,3,2,1,1,1,2,1.0,1,False,True,False
2882,0xe09b1ab8111c2729a76f16de96bc86a7af837928,,data/smartbugs_curated/dataset/unchecked_low_level_calls/0xe09b1ab8111c2729a76f16de96bc86a7af837928.sol,,smartbugs_curated,1,1,1,1,1,1,1,0,0,0,0,0,0,0,0,0,0,0,0,0,0,0,1,0,0,4,1,21,23,9,18,3,11,1,317,2,1,2.0869565217391304,1,54,0.17034700315457413,3,0,0,0,4,22,0,5,7,13,5,0.0,0.0,66.0,98.4923076923077,1,critical,3,,,165,152,1,24,0.9212121212121213,0,7,48,23,38,2,9,0.19148936170212766,0,17,6,1.6521739130434783,21,18,13,1,6,36,2.1666666666666665,17,False,True,False
2883,0x3e013fc32a54c4c5b6991ba539dcd0ec4355c859,,data/smartbugs_curated/dataset/unchecked_low_level_calls/0x3e013fc32a54c4c5b6991ba539dcd0ec4355c859.sol,,smartbugs_curated,0,0,0,1,0,0,0,0,0,0,0,0,0,0,0,0,0,0,0,0,0,0,1,0,0,0,1,7,5,4,1,0,3,1,35,1,1,1.4,0,6,0.17142857142857143,4,0,0,0,6,3,0,1,0,6,2,0.0,0.0,12.0,16.2,0,simple,0,,,12,8,0,2,0.6666666666666666,0,0,7,5,4,1,4,0.5,0,4,1,0.8,4,1,2,1,4,3,0.5,2,False,True,False
2884,0xb620cee6b52f96f3c6b253e6eea556aa2d214a99,,data/smartbugs_curated/dataset/unchecked_low_level_calls/0xb620cee6b52f96f3c6b253e6eea556aa2d214a99.sol,,smartbugs_curated,0,0,1,1,0,0,0,0,0,0,0,0,0,0,0,0,0,1,0,0,0,0,1,0,0,3,4,13,18,9,9,3,3,3,112,1,1,1.3888888888888888,0,16,0.14285714285714285,13,0,0,0,15,7,0,7,0,10,4,0.0,0.0,63.0,125.37,1,moderate,1,,,66,49,0,5,0.7424242424242424,0,7,25,18,20,2,9,0.3103448275862069,0,16,2,1.1111111111111112,12,9,4,1,9,5,0.4444444444444444,4,False,True,False
2885,0x663e4229142a27f00bafb5d087e1e730648314c3,,data/smartbugs_curated/dataset/unchecked_low_level_calls/0x663e4229142a27f00bafb5d087e1e730648314c3.sol,,smartbugs_curated,1,1,1,1,1,1,1,1,0,0,0,0,0,0,1,0,0,0,0,0,0,1,1,0,0,7,12,172,6,0,0,0,1,0,2073,18,1,1.0,0,819,0.3950795947901592,0,0,0,0,129,71,0,19,3,24,7,0.0,0.0,302.0,2248.641666666667,1,moderate,1,,,0,0,0,0,0.0,0,0,0,6,0,0,0,0.0,0,6,0,0.0,6,0,0,0,0,10,0.0,5,False,True,False
2886,0xd5967fed03e85d1cce44cab284695b41bc675b5c,,data/smartbugs_curated/dataset/unchecked_low_level_calls/0xd5967fed03e85d1cce44cab284695b41bc675b5c.sol,,smartbugs_curated,0,0,0,1,0,0,0,0,0,0,0,0,0,0,0,0,0,0,0,0,0,0,1,0,0,0,1,8,1,1,0,0,4,1,17,1,1,4.0,0,6,0.35294117647058826,0,0,0,0,6,4,0,1,0,7,2,0.0,0.0,13.0,16.34285714285714,0,simple,0,,,10,10,1,7,1.0,0,1,4,1,2,1,1,0.3333333333333333,0,1,0,2.0,2,0,1,0,1,4,1.0,1,False,True,False
2887,0x84d9ec85c9c568eb332b7226a8f826d897e0a4a8,,data/smartbugs_curated/dataset/unchecked_low_level_calls/0x84d9ec85c9c568eb332b7226a8f826d897e0a4a8.sol,,smartbugs_curated,0,0,0,1,0,0,0,0,0,0,0,0,0,0,0,0,0,1,0,0,0,0,1,0,0,1,1,14,4,2,2,1,3,1,76,2,1,1.5,0,30,0.39473684210526316,0,0,0,0,19,4,0,2,0,9,3,0.0,0.0,29.0,70.24444444444444,1,simple,0,,,12,9,0,2,0.75,0,0,6,4,2,1,2,0.5,0,4,0,0.5,3,2,2,1,2,4,1.0,2,False,True,False
2888,0xf2570186500a46986f3139f65afedc2afe4f445d,,data/smartbugs_curated/dataset/unchecked_low_level_calls/0xf2570186500a46986f3139f65afedc2afe4f445d.sol,,smartbugs_curated,0,0,0,1,0,0,0,0,0,0,0,0,0,0,0,0,0,0,0,0,0,0,1,0,0,0,1,5,2,1,1,0,4,1,18,1,1,2.5,0,8,0.4444444444444444,0,0,0,0,5,2,0,1,0,6,2,0.0,0.0,10.0,10.666666666666666,0,simple,0,,,9,8,1,6,0.8888888888888888,0,0,5,2,1,1,1,0.5,0,1,1,0.5,2,1,1,1,1,1,1.0,1,False,True,False
2889,0x4051334adc52057aca763453820cb0e045076ef3,,data/smartbugs_curated/dataset/unchecked_low_level_calls/0x4051334adc52057aca763453820cb0e045076ef3.sol,,smartbugs_curated,0,0,0,1,0,0,0,0,0,0,0,0,0,0,0,0,0,0,0,0,0,0,1,0,0,0,1,8,1,1,0,0,4,1,17,1,1,4.0,0,6,0.35294117647058826,0,0,0,0,6,4,0,1,0,7,2,0.0,0.0,13.0,16.34285714285714,0,simple,0,,,10,10,1,7,1.0,0,1,4,1,2,1,1,0.3333333333333333,0,1,0,2.0,2,0,1,0,1,4,1.0,1,False,True,False
2890,0xe4eabdca81e31d9acbc4af76b30f532b6ed7f3bf,,data/smartbugs_curated/dataset/unchecked_low_level_calls/0xe4eabdca81e31d9acbc4af76b30f532b6ed7f3bf.sol,,smartbugs_curated,0,1,0,1,0,0,0,0,0,0,0,0,0,0,0,0,0,0,0,0,0,0,1,0,0,1,1,7,5,5,1,0,3,1,39,1,1,1.8,0,6,0.15384615384615385,4,0,0,0,7,3,0,2,0,7,3,0.0,0.0,22.0,28.6,1,simple,0,,,16,13,0,4,0.8125,0,0,9,5,4,1,5,0.5555555555555556,0,4,1,0.8,4,1,1,1,5,2,0.2,1,False,True,False
2891,0xbaa3de6504690efb064420d89e871c27065cdd52,,data/smartbugs_curated/dataset/unchecked_low_level_calls/0xbaa3de6504690efb064420d89e871c27065cdd52.sol,,smartbugs_curated,0,0,0,1,0,0,0,0,0,0,0,0,0,0,0,0,0,1,0,0,0,0,1,0,0,1,1,12,3,2,1,1,1,1,35,2,1,1.0,0,6,0.17142857142857143,1,0,0,0,11,4,0,2,0,9,4,0.0,0.0,27.0,41.4,1,simple,0,,,6,3,0,2,0.5,0,0,3,3,1,1,2,0.6666666666666666,0,2,1,0.3333333333333333,3,1,2,0,2,3,1.0,2,False,True,False
2892,unchecked_return_value,,data/smartbugs_curated/dataset/unchecked_low_level_calls/unchecked_return_value.sol,,smartbugs_curated,0,0,0,1,0,0,0,0,0,0,0,0,0,0,0,0,0,0,0,0,0,0,1,0,0,0,1,5,2,2,0,0,1,2,15,1,1,1.0,0,6,0.4,0,0,0,0,4,2,0,1,0,4,2,0.0,0.0,10.0,13.5,0,simple,0,,,4,2,0,1,0.5,0,0,2,2,1,1,2,0.6666666666666666,0,2,0,0.5,2,0,2,0,2,2,1.0,2,False,True,False
2893,0x4b71ad9c1a84b9b643aa54fdd66e2dec96e8b152,,data/smartbugs_curated/dataset/unchecked_low_level_calls/0x4b71ad9c1a84b9b643aa54fdd66e2dec96e8b152.sol,,smartbugs_curated,0,0,0,1,0,0,0,0,0,0,0,0,0,0,0,0,0,0,0,0,0,0,1,0,0,0,1,8,1,1,0,0,4,1,17,1,1,4.0,0,6,0.35294117647058826,0,0,0,0,6,4,0,1,0,7,2,0.0,0.0,13.0,16.34285714285714,0,simple,0,,,10,10,1,7,1.0,0,1,4,1,2,1,1,0.3333333333333333,0,1,0,2.0,2,0,1,0,1,4,1.0,1,False,True,False
2895,odds_and_evens,,data/smartbugs_curated/dataset/front_running/odds_and_evens.sol,,smartbugs_curated,0,1,0,0,1,0,0,0,0,0,0,0,0,0,0,0,0,0,0,0,0,0,1,0,0,1,0,5,4,3,3,0,5,0,42,1,1,3.0,0,7,0.16666666666666666,1,0,0,0,4,2,0,1,1,4,3,0.0,0.0,15.0,20.25,1,simple,0,,,25,23,0,7,0.92,0,2,12,4,2,1,3,0.6,0,3,1,0.5,3,3,1,1,3,1,0.3333333333333333,1,False,True,False
2896,ERC20,,data/smartbugs_curated/dataset/front_running/ERC20.sol,,smartbugs_curated,0,0,0,0,0,0,0,0,0,0,0,0,0,0,0,0,0,0,0,0,1,0,1,0,0,0,0,6,6,5,3,0,1,0,103,2,1,1.0,0,31,0.30097087378640774,0,4,0,0,4,3,0,0,0,4,2,0.0,0.0,6.0,9.15,0,simple,0,,,27,21,0,8,0.7777777777777778,0,5,6,6,3,1,5,0.625,0,6,0,0.5,4,3,4,1,2,11,2.0,6,False,True,False
2897,FindThisHash,,data/smartbugs_curated/dataset/front_running/FindThisHash.sol,,smartbugs_curated,0,1,0,0,0,0,0,0,0,0,0,0,0,0,0,0,0,0,0,0,0,0,1,0,0,1,0,3,3,1,1,0,1,0,16,1,1,1.0,0,7,0.4375,1,0,0,0,4,1,0,1,0,4,2,0.0,0.0,13.0,15.275,0,simple,0,,,5,2,0,2,0.4,0,0,3,3,2,1,1,0.3333333333333333,0,2,1,0.6666666666666666,4,1,1,1,1,1,1.0,1,False,True,False
2898,eth_tx_order_dependence_minimal,,data/smartbugs_curated/dataset/front_running/eth_tx_order_dependence_minimal.sol,,smartbugs_curated,0,0,0,0,1,0,0,0,0,0,0,0,0,0,0,0,0,0,0,0,0,0,1,0,0,0,0,5,3,2,3,0,1,0,28,1,1,1.0,0,7,0.25,1,0,0,0,2,3,0,0,2,3,2,0.0,0.0,5.0,6.833333333333334,0,simple,0,,,12,9,0,4,0.75,0,0,3,3,2,1,2,0.5,0,3,0,0.6666666666666666,2,3,1,1,2,1,0.5,1,False,True,False
2899,oz_Ownable2Step,,data/safe_contracts/openzeppelin-contracts/contracts/access/Ownable2Step.sol,,openzeppelin,0,0,0,0,0,0,0,0,0,0,0,0,0,0,0,0,0,0,0,0,0,0,1,0,0,0,0,7,6,0,1,1,3,0,59,3,1,2.0,0,35,0.5932203389830508,0,0,1,0,4,3,0,0,0,3,1,0.0,0.0,7.0,14.233333333333334,0,simple,0,,,24,21,0,4,0.875,0,1,12,6,10,1,0,0.0,0,3,3,1.6666666666666667,6,1,1,1,0,3,0.0,3,False,False,True
2900,oz_Ownable,,data/safe_contracts/openzeppelin-contracts/contracts/access/Ownable.sol,,openzeppelin,0,0,0,0,0,0,0,0,0,0,0,0,0,0,0,0,0,0,0,0,0,0,1,0,0,0,0,5,6,0,1,1,3,0,87,2,1,2.0,0,47,0.5402298850574713,0,0,1,0,3,2,0,0,0,2,1,0.0,0.0,5.0,11.0,0,simple,0,,,24,21,0,4,0.875,0,1,12,6,10,1,0,0.0,0,3,3,1.6666666666666667,6,1,1,1,0,3,0.0,3,False,False,True
2901,oz_AccessControl,,data/safe_contracts/openzeppelin-contracts/contracts/access/AccessControl.sol,,openzeppelin,0,0,0,0,0,0,0,0,0,0,0,0,0,0,0,0,0,0,0,0,0,0,1,1,0,0,0,10,12,0,2,1,3,0,189,5,1,1.5,0,121,0.6402116402116402,0,0,2,0,7,3,0,0,0,3,1,0.0,0.0,10.0,30.333333333333336,0,moderate,1,,,42,32,0,4,0.7619047619047619,0,7,18,12,20,2,0,0.0,1,6,6,1.6666666666666667,8,2,3,1,0,19,0.0,11,False,False,True
2902,oz_IAccessControl,,data/safe_contracts/openzeppelin-contracts/contracts/access/IAccessControl.sol,,openzeppelin,0,0,0,0,0,0,0,0,0,0,0,0,0,0,0,0,0,0,0,0,0,0,1,0,0,0,0,2,5,0,0,0,1,0,87,1,1,1.0,0,74,0.8505747126436781,0,0,0,0,2,0,0,0,0,1,1,0.0,0.0,2.0,4.0,0,simple,0,,,0,0,0,0,0.0,0,0,0,5,0,0,0,0.0,0,5,0,0.0,5,0,0,0,0,9,0.0,5,False,False,True
2903,oz_MultipleInheritanceInitializableMocks,,data/safe_contracts/openzeppelin-contracts/contracts/mocks/MultipleInheritanceInitializableMocks.sol,,openzeppelin,0,0,0,0,0,0,0,0,0,0,0,0,0,0,1,0,0,0,0,0,0,0,1,0,0,0,0,30,7,0,1,3,5,0,108,6,1,1.8571428571428572,0,36,0.3333333333333333,0,0,0,0,28,2,0,0,0,4,2,0.0,0.0,30.0,220.5,1,simple,0,,,25,21,0,6,0.84,0,3,13,7,7,0,0,0.0,0,0,7,1.0,4,1,0,1,0,0,0.0,0,False,False,True
2905,oz_MulticallHelper,,data/safe_contracts/openzeppelin-contracts/contracts/mocks/MulticallHelper.sol,,openzeppelin,0,0,0,0,0,0,0,0,0,0,0,0,0,0,1,0,0,0,0,0,0,0,1,1,0,0,0,41,1,4,0,0,7,0,19,13,1,7.0,0,1,0.05263157894736842,0,0,0,0,23,18,0,0,0,4,2,0.0,0.0,41.0,364.9,1,simple,0,,,15,16,2,11,1.0666666666666667,1,0,7,1,3,1,4,0.5714285714285714,0,1,0,3.0,3,0,1,0,2,3,0.5,1,False,False,True
2910,oz_AccessManagedTarget,,data/safe_contracts/openzeppelin-contracts/contracts/mocks/AccessManagedTarget.sol,,openzeppelin,0,0,0,0,0,1,1,0,0,0,0,0,0,0,1,0,0,0,0,0,0,0,1,1,0,0,0,31,6,2,2,1,5,0,27,8,1,2.5,0,2,0.07407407407407407,0,1,1,0,20,11,0,0,0,6,3,0.0,0.0,31.0,143.11666666666667,1,simple,0,,,32,30,0,8,0.9375,0,3,15,6,9,1,2,0.18181818181818182,0,3,3,1.5,7,2,2,1,2,5,1.0,4,False,False,True
2911,oz_SingleInheritanceInitializableMocks,,data/safe_contracts/openzeppelin-contracts/contracts/mocks/SingleInheritanceInitializableMocks.sol,,openzeppelin,0,0,0,0,0,0,0,0,0,0,0,0,0,0,1,1,0,0,0,0,0,0,1,0,0,0,1,9,7,0,1,3,5,0,41,4,1,1.8571428571428572,0,13,0.3170731707317073,0,0,0,0,5,5,0,1,0,5,2,0.0,0.0,14.0,23.8,0,simple,0,,,25,21,0,6,0.84,0,3,13,7,7,0,0,0.0,0,0,7,1.0,4,1,0,1,0,0,0.0,0,False,False,True
2912,oz_DummyImplementation,,data/safe_contracts/openzeppelin-contracts/contracts/mocks/DummyImplementation.sol,,openzeppelin,0,0,0,0,0,0,0,0,0,0,0,0,0,0,1,1,0,0,0,0,0,1,1,1,0,0,3,71,9,1,3,0,1,0,47,9,1,1.0,0,2,0.0425531914893617,2,1,0,0,35,39,0,3,0,7,3,0.0,0.0,86.0,765.4,1,simple,0,,,20,11,0,3,0.55,0,2,9,9,1,1,1,0.5,0,9,0,0.1111111111111111,9,3,4,0,0,6,0.0,4,False,False,True
2917,oz_RegressionImplementation,,data/safe_contracts/openzeppelin-contracts/contracts/mocks/RegressionImplementation.sol,,openzeppelin,0,0,0,0,0,0,0,0,0,0,0,0,0,0,1,0,0,0,0,0,0,0,1,0,0,0,0,13,2,0,1,0,1,0,43,5,1,1.0,0,1,0.023255813953488372,0,0,1,0,9,4,0,0,0,4,2,0.0,0.0,13.0,38.35,0,simple,0,,,4,2,0,1,0.5,0,0,2,2,1,1,0,0.0,0,2,0,0.5,2,1,1,0,0,1,0.0,1,False,False,True
2922,oz_ReentrancyAttack,,data/safe_contracts/openzeppelin-contracts/contracts/mocks/ReentrancyAttack.sol,,openzeppelin,0,0,0,1,0,0,0,0,0,0,0,0,0,0,0,0,0,0,0,0,0,0,1,0,0,0,0,7,2,2,0,0,1,2,13,2,1,1.0,0,1,0.07692307692307693,0,0,1,0,5,2,0,0,0,3,2,0.0,0.0,7.0,14.933333333333334,0,simple,0,,,8,6,0,3,0.75,0,0,2,2,4,1,2,0.3333333333333333,0,2,0,2.0,2,0,2,0,2,2,1.0,2,False,False,True
2931,oz_BatchCaller,,data/safe_contracts/openzeppelin-contracts/contracts/mocks/BatchCaller.sol,,openzeppelin,0,0,0,0,0,0,0,0,0,0,0,0,0,0,1,0,0,0,0,0,0,0,1,0,0,0,0,29,1,2,0,0,4,0,17,4,1,4.0,0,1,0.058823529411764705,0,1,0,0,15,14,0,0,0,3,2,0.0,0.0,29.0,239.73333333333332,1,simple,0,,,9,9,1,6,1.0,0,1,4,1,0,0,2,1.0,0,1,0,0.0,1,0,1,0,2,1,0.5,1,False,False,True
2937,oz_IGovernor,,data/safe_contracts/openzeppelin-contracts/contracts/governance/IGovernor.sol,,openzeppelin,0,0,0,0,0,0,0,0,0,0,0,0,0,0,0,0,0,0,0,0,0,0,1,1,0,0,0,8,27,0,0,0,1,0,402,3,1,1.0,0,266,0.6616915422885572,1,0,1,0,8,0,0,0,0,3,1,0.0,0.0,8.0,21.333333333333332,0,moderate,1,,,0,0,0,0,0.0,0,0,0,27,0,0,0,0.0,0,27,0,0.0,27,0,0,0,0,57,0.0,21,False,False,True
2938,oz_TimelockController,,data/safe_contracts/openzeppelin-contracts/contracts/governance/TimelockController.sol,,openzeppelin,0,1,1,1,0,0,1,0,0,0,0,0,0,0,1,0,0,0,0,0,0,1,1,1,0,1,3,50,24,4,6,1,9,1,422,13,1,2.625,0,191,0.45260663507109006,3,1,3,0,28,26,0,4,0,11,7,0.0,0.0,75.0,315.0,1,complex,2,,,145,137,4,14,0.9448275862068966,1,14,63,24,49,4,4,0.07547169811320754,1,18,6,2.0416666666666665,16,6,8,1,2,54,4.0,21,False,False,True
2940,oz_Account,,data/safe_contracts/openzeppelin-contracts/contracts/account/Account.sol,,openzeppelin,0,0,1,0,0,0,0,0,0,0,0,0,0,0,1,0,0,0,0,0,1,1,1,1,0,1,10,820,10,2,0,2,3,0,136,17,1,1.7,0,69,0.5073529411764706,1,1,1,0,464,367,0,11,0,13,4,0.0,0.0,880.0,48799.38461538462,1,simple,0,,,32,25,0,4,0.78125,0,7,17,10,11,2,2,0.15384615384615385,1,5,5,1.1,7,0,2,0,1,10,2.0,5,False,False,True
2942,oz_ERC2771Context,,data/safe_contracts/openzeppelin-contracts/contracts/metatx/ERC2771Context.sol,,openzeppelin,0,0,0,0,0,0,0,0,0,0,0,0,0,0,0,0,0,0,0,0,0,0,1,0,0,0,0,10,6,0,1,0,2,0,81,2,1,1.3333333333333333,0,42,0.5185185185185185,0,0,1,0,3,7,0,0,0,3,1,0.0,0.0,10.0,26.333333333333336,0,simple,0,,,20,14,0,4,0.7,0,7,8,6,7,1,0,0.0,1,2,4,1.1666666666666667,3,1,1,1,0,2,0.0,2,False,False,True
2944,oz_ERC7786Recipient,,data/safe_contracts/openzeppelin-contracts/contracts/crosschain/ERC7786Recipient.sol,,openzeppelin,0,0,0,0,0,0,0,0,0,0,0,0,0,0,0,1,0,0,0,0,0,0,1,1,0,0,1,8,3,2,1,0,5,0,59,4,1,2.3333333333333335,0,28,0.4745762711864407,1,2,1,0,7,2,0,1,0,5,2,0.0,0.0,13.0,21.84,0,simple,0,,,10,11,0,7,1.1,0,1,5,3,4,1,2,0.3333333333333333,0,1,2,1.3333333333333333,4,1,1,0,2,9,0.5,3,False,False,True
2945,oz_IERC1155,,data/safe_contracts/openzeppelin-contracts/contracts/interfaces/IERC1155.sol,,openzeppelin,0,0,0,0,0,0,0,0,0,0,0,0,0,0,0,0,0,0,0,0,0,0,1,1,0,0,0,5,6,0,0,0,1,0,4,2,1,1.0,0,2,0.5,0,0,1,0,5,0,0,0,0,2,1,0.0,0.0,5.0,12.5,0,simple,0,,,0,0,0,0,0.0,0,0,0,6,0,0,0,0.0,0,6,0,0.0,6,0,0,0,0,18,0.0,6,False,False,True
2946,oz_IERC1967,,data/safe_contracts/openzeppelin-contracts/contracts/interfaces/IERC1967.sol,,openzeppelin,0,0,0,0,0,0,0,0,0,0,0,0,0,0,0,0,0,0,0,0,0,0,1,0,0,0,0,2,0,0,0,0,0,0,20,1,1,0.0,0,14,0.7,0,0,0,0,2,0,0,0,0,1,1,0.0,0.0,2.0,4.0,0,simple,0,,,0,0,0,0,0.0,0,0,0,0,0,0,0,0.0,0,0,0,0.0,0,0,0,0,0,0,0.0,0,False,False,True
2947,oz_IERC165,,data/safe_contracts/openzeppelin-contracts/contracts/interfaces/IERC165.sol,,openzeppelin,0,0,0,0,0,0,0,0,0,0,0,0,0,0,0,0,0,0,0,0,0,0,1,0,0,0,0,3,1,0,0,0,1,0,4,1,1,1.0,0,2,0.5,0,0,0,0,3,0,0,0,0,1,1,0.0,0.0,3.0,9.0,0,simple,0,,,0,0,0,0,0.0,0,0,0,1,0,0,0,0.0,0,1,0,0.0,1,0,0,0,0,1,0.0,1,False,False,True
2948,oz_IERC3156,,data/safe_contracts/openzeppelin-contracts/contracts/interfaces/IERC3156.sol,,openzeppelin,0,0,0,0,0,0,0,0,0,0,0,0,0,0,0,0,0,0,0,0,0,0,1,0,0,0,0,4,0,0,0,0,0,0,0,1,0,0.0,0,0,0.0,0,0,0,0,4,0,0,0,0,1,1,0.0,0.0,4.0,16.0,0,simple,0,,,0,0,0,0,0.0,0,0,0,0,0,0,0,0.0,0,0,0,0.0,0,0,0,0,0,0,0.0,0,False,False,True
2949,oz_IERC1363Spender,,data/safe_contracts/openzeppelin-contracts/contracts/interfaces/IERC1363Spender.sol,,openzeppelin,0,0,0,0,0,0,0,0,0,0,0,0,0,0,0,0,0,0,0,0,0,0,1,0,0,0,0,2,1,0,0,0,1,0,24,1,1,1.0,0,20,0.8333333333333334,0,0,0,0,2,0,0,0,0,1,1,0.0,0.0,2.0,4.0,0,simple,0,,,0,0,0,0,0.0,0,0,0,1,0,0,0,0.0,0,1,0,0.0,1,0,0,0,0,3,0.0,1,False,False,True
2950,oz_IERC6909,,data/safe_contracts/openzeppelin-contracts/contracts/interfaces/IERC6909.sol,,openzeppelin,0,0,0,0,0,0,0,0,0,0,0,0,0,0,0,0,0,0,0,0,0,0,1,1,0,0,0,4,7,0,0,0,1,0,107,5,1,1.0,0,75,0.7009345794392523,0,0,1,0,4,0,0,0,0,2,1,0.0,0.0,4.0,8.0,0,simple,0,,,0,0,0,0,0.0,0,0,0,7,0,0,0,0.0,0,7,0,0.0,7,0,0,0,0,19,0.0,7,False,False,True
2951,oz_IERC2981,,data/safe_contracts/openzeppelin-contracts/contracts/interfaces/IERC2981.sol,,openzeppelin,0,0,0,0,0,0,0,0,0,0,0,0,0,0,0,0,0,0,0,0,0,0,1,1,0,0,0,4,1,0,0,0,1,0,23,2,1,1.0,0,15,0.6521739130434783,0,0,1,0,4,0,0,0,0,2,1,0.0,0.0,4.0,8.0,0,simple,0,,,0,0,0,0,0.0,0,0,0,1,0,0,0,0.0,0,1,0,0.0,1,0,0,0,0,2,0.0,1,False,False,True
2952,oz_IERC5267,,data/safe_contracts/openzeppelin-contracts/contracts/interfaces/IERC5267.sol,,openzeppelin,0,0,0,0,0,0,0,0,0,0,0,0,0,0,0,0,0,0,0,0,0,0,1,0,0,0,0,2,1,0,0,0,1,0,25,1,1,1.0,0,9,0.36,0,0,0,0,2,0,0,0,0,1,1,0.0,0.0,2.0,4.0,0,simple,0,,,0,0,0,0,0.0,0,0,0,1,0,0,0,0.0,0,1,0,0.0,1,0,0,0,0,0,0.0,0,False,False,True
2953,oz_IERC1271,,data/safe_contracts/openzeppelin-contracts/contracts/interfaces/IERC1271.sol,,openzeppelin,0,0,0,0,0,0,0,0,0,0,0,0,0,0,0,0,0,0,0,0,0,0,1,0,0,0,0,2,1,0,0,0,1,0,15,1,1,1.0,0,11,0.7333333333333333,0,0,0,0,2,0,0,0,0,1,1,0.0,0.0,2.0,4.0,0,simple,0,,,0,0,0,0,0.0,0,0,0,1,0,0,0,0.0,0,1,0,0.0,1,0,0,0,0,2,0.0,1,False,False,True
2954,oz_IERC20,,data/safe_contracts/openzeppelin-contracts/contracts/interfaces/IERC20.sol,,openzeppelin,0,0,0,0,0,0,0,0,0,0,0,0,0,0,0,0,0,0,0,0,0,0,1,0,0,0,0,3,6,0,0,0,1,0,4,1,1,1.0,0,2,0.5,0,0,0,0,3,0,0,0,0,1,1,0.0,0.0,3.0,9.0,0,simple,0,,,0,0,0,0,0.0,0,0,0,6,0,0,0,0.0,0,6,0,0.0,6,0,0,0,0,10,0.0,5,False,False,True
2955,oz_IERC1363,,data/safe_contracts/openzeppelin-contracts/contracts/interfaces/IERC1363.sol,,openzeppelin,0,0,0,0,0,0,0,0,0,0,0,0,0,0,0,0,0,0,0,0,0,0,1,1,0,0,0,7,6,0,0,0,1,0,77,3,1,1.0,0,66,0.8571428571428571,0,0,1,0,7,0,0,0,0,2,1,0.0,0.0,7.0,24.5,0,simple,0,,,0,0,0,0,0.0,0,0,0,6,0,0,0,0.0,0,6,0,0.0,3,0,0,0,0,17,0.0,6,False,False,True
2956,oz_IERC5313,,data/safe_contracts/openzeppelin-contracts/contracts/interfaces/IERC5313.sol,,openzeppelin,0,0,0,0,0,0,0,0,0,0,0,0,0,0,0,0,0,0,0,0,0,0,1,0,0,0,0,2,1,0,0,0,1,0,14,1,1,1.0,0,10,0.7142857142857143,0,0,0,0,2,0,0,0,0,1,1,0.0,0.0,2.0,4.0,0,simple,0,,,0,0,0,0,0.0,0,0,0,1,0,0,0,0.0,0,1,0,0.0,1,0,0,0,0,0,0.0,0,False,False,True
2957,oz_IERC4626,,data/safe_contracts/openzeppelin-contracts/contracts/interfaces/IERC4626.sol,,openzeppelin,0,0,0,0,0,0,0,0,0,0,0,0,0,0,0,0,0,0,0,0,0,0,1,1,0,0,0,5,16,0,0,0,1,0,210,3,1,1.0,0,181,0.861904761904762,0,0,2,0,5,0,0,0,0,2,1,0.0,0.0,5.0,12.5,0,moderate,1,,,0,0,0,0,0.0,0,0,0,16,0,0,0,0.0,0,16,0,0.0,16,0,0,0,0,20,0.0,14,False,False,True
2958,oz_IERC7751,,data/safe_contracts/openzeppelin-contracts/contracts/interfaces/IERC7751.sol,,openzeppelin,0,0,0,0,0,0,0,0,0,0,0,0,0,0,0,0,0,0,0,0,0,0,1,0,0,0,0,2,0,0,0,0,0,0,10,1,1,0.0,0,6,0.6,0,0,0,0,2,0,0,0,0,1,1,0.0,0.0,2.0,4.0,0,simple,0,,,0,0,0,0,0.0,0,0,0,0,0,0,0,0.0,0,0,0,0.0,0,0,0,0,0,0,0.0,0,False,False,True
2959,oz_IERC1363Receiver,,data/safe_contracts/openzeppelin-contracts/contracts/interfaces/IERC1363Receiver.sol,,openzeppelin,0,0,0,0,0,0,0,0,0,0,0,0,0,0,0,0,0,0,0,0,0,0,1,0,0,0,0,2,1,0,0,0,1,0,30,1,1,1.0,0,21,0.7,0,0,0,0,2,0,0,0,0,1,1,0.0,0.0,2.0,4.0,0,simple,0,,,0,0,0,0,0.0,0,0,0,1,0,0,0,0.0,0,1,0,0.0,1,0,0,0,0,4,0.0,1,False,False,True
2960,oz_IERC721Enumerable,,data/safe_contracts/openzeppelin-contracts/contracts/interfaces/IERC721Enumerable.sol,,openzeppelin,0,0,0,0,0,0,0,0,0,0,0,0,0,0,0,0,0,0,0,0,0,0,1,1,0,0,0,6,9,0,0,0,1,0,4,3,1,1.0,0,2,0.5,0,0,1,0,6,0,0,0,0,2,1,0.0,0.0,6.0,18.0,0,simple,0,,,0,0,0,0,0.0,0,0,0,9,0,0,0,0.0,0,9,0,0.0,8,0,0,0,0,19,0.0,9,False,False,True
2961,oz_IERC721,,data/safe_contracts/openzeppelin-contracts/contracts/interfaces/IERC721.sol,,openzeppelin,0,0,0,0,0,0,0,0,0,0,0,0,0,0,0,0,0,0,0,0,0,0,1,1,0,0,0,5,9,0,0,0,1,0,4,2,1,1.0,0,2,0.5,0,0,1,0,5,0,0,0,0,2,1,0.0,0.0,5.0,12.5,0,simple,0,,,0,0,0,0,0.0,0,0,0,9,0,0,0,0.0,0,9,0,0.0,8,0,0,0,0,19,0.0,9,False,False,True
2962,oz_IERC2309,,data/safe_contracts/openzeppelin-contracts/contracts/interfaces/IERC2309.sol,,openzeppelin,0,0,0,0,0,0,0,0,0,0,0,0,0,0,0,0,0,0,0,0,0,0,1,0,0,0,0,2,0,0,0,0,0,0,17,1,1,0.0,0,8,0.47058823529411764,0,0,0,0,2,0,0,0,0,1,1,0.0,0.0,2.0,4.0,0,simple,0,,,0,0,0,0,0.0,0,0,0,0,0,0,0,0.0,0,0,0,0.0,0,0,0,0,0,0,0.0,0,False,False,True
2963,oz_IERC20Metadata,,data/safe_contracts/openzeppelin-contracts/contracts/interfaces/IERC20Metadata.sol,,openzeppelin,0,0,0,0,0,0,0,0,0,0,0,0,0,0,0,0,0,0,0,0,0,0,1,1,0,0,0,5,6,0,0,0,1,0,4,2,1,1.0,0,2,0.5,0,0,0,0,5,0,0,0,0,2,1,0.0,0.0,5.0,12.5,0,simple,0,,,0,0,0,0,0.0,0,0,0,6,0,0,0,0.0,0,6,0,0.0,6,0,0,0,0,10,0.0,5,False,False,True
2964,oz_IERC2612,,data/safe_contracts/openzeppelin-contracts/contracts/interfaces/IERC2612.sol,,openzeppelin,0,0,0,0,0,0,0,0,0,0,0,0,0,0,0,0,0,0,0,0,0,0,1,1,0,0,0,5,0,0,0,0,0,0,5,2,1,0.0,0,2,0.4,0,0,1,0,5,0,0,0,0,3,1,0.0,0.0,5.0,8.333333333333334,0,simple,0,,,0,0,0,0,0.0,0,0,0,0,0,0,0,0.0,0,0,0,0.0,0,0,0,0,0,0,0.0,0,False,False,True
2965,oz_IERC5805,,data/safe_contracts/openzeppelin-contracts/contracts/interfaces/IERC5805.sol,,openzeppelin,0,0,0,0,0,0,0,0,0,0,0,0,0,0,0,0,0,0,0,0,0,0,1,1,0,0,0,6,0,0,0,0,0,0,6,3,1,0.0,0,2,0.3333333333333333,0,0,1,0,6,0,0,0,0,3,1,0.0,0.0,6.0,12.0,0,simple,0,,,0,0,0,0,0.0,0,0,0,0,0,0,0,0.0,0,0,0,0.0,0,0,0,0,0,0,0.0,0,False,False,True
2966,oz_IERC777,,data/safe_contracts/openzeppelin-contracts/contracts/interfaces/IERC777.sol,,openzeppelin,0,0,0,0,0,0,0,0,0,0,0,0,0,0,0,0,0,0,0,0,0,0,1,0,0,0,0,2,13,0,0,0,1,0,181,1,1,1.0,0,147,0.8121546961325967,0,0,0,0,2,0,0,0,0,1,1,0.0,0.0,2.0,4.0,0,moderate,1,,,0,0,0,0,0.0,0,0,0,13,0,0,0,0.0,0,13,0,0.0,13,0,0,0,0,19,0.0,8,False,False,True
2967,oz_IERC7913,,data/safe_contracts/openzeppelin-contracts/contracts/interfaces/IERC7913.sol,,openzeppelin,0,0,0,0,0,0,0,0,0,0,0,0,0,0,0,0,0,0,0,0,0,0,1,0,0,0,0,2,0,0,0,0,0,0,0,1,0,0.0,0,0,0.0,0,0,0,0,2,0,0,0,0,1,1,0.0,0.0,2.0,4.0,0,simple,0,,,0,0,0,0,0.0,0,0,0,0,0,0,0,0.0,0,0,0,0.0,0,0,0,0,0,0,0.0,0,False,False,True
2968,oz_IERC721Receiver,,data/safe_contracts/openzeppelin-contracts/contracts/interfaces/IERC721Receiver.sol,,openzeppelin,0,0,0,0,0,0,0,0,0,0,0,0,0,0,0,0,0,0,0,0,0,0,1,0,0,0,0,3,1,0,0,0,1,0,4,1,1,1.0,0,2,0.5,0,0,0,0,3,0,0,0,0,1,1,0.0,0.0,3.0,9.0,0,simple,0,,,0,0,0,0,0.0,0,0,0,1,0,0,0,0.0,0,1,0,0.0,1,0,0,0,0,4,0.0,1,False,False,True
2969,oz_IERC3156FlashLender,,data/safe_contracts/openzeppelin-contracts/contracts/interfaces/IERC3156FlashLender.sol,,openzeppelin,0,0,0,0,0,0,0,0,0,0,0,0,0,0,0,0,0,0,0,0,0,0,1,0,0,0,0,3,3,0,0,0,1,0,36,2,1,1.0,0,24,0.6666666666666666,0,0,0,0,3,0,0,0,0,1,1,0.0,0.0,3.0,9.0,0,simple,0,,,0,0,0,0,0.0,0,0,0,3,0,0,0,0.0,0,3,0,0.0,3,0,0,0,0,7,0.0,3,False,False,True
2970,oz_IERC4906,,data/safe_contracts/openzeppelin-contracts/contracts/interfaces/IERC4906.sol,,openzeppelin,0,0,0,0,0,0,0,0,0,0,0,0,0,0,0,0,0,0,0,0,0,0,1,1,0,0,0,7,0,0,0,0,0,0,16,3,1,0.0,0,9,0.5625,0,0,2,0,7,0,0,0,0,2,1,0.0,0.0,7.0,24.5,0,simple,0,,,0,0,0,0,0.0,0,0,0,0,0,0,0,0.0,0,0,0,0.0,0,0,0,0,0,0,0.0,0,False,False,True
2971,oz_IERC3156FlashBorrower,,data/safe_contracts/openzeppelin-contracts/contracts/interfaces/IERC3156FlashBorrower.sol,,openzeppelin,0,0,0,0,0,0,0,0,0,0,0,0,0,0,0,0,0,0,0,0,0,0,1,0,0,0,0,2,1,0,0,0,1,0,25,1,1,1.0,0,15,0.6,0,0,0,0,2,0,0,0,0,1,1,0.0,0.0,2.0,4.0,0,simple,0,,,0,0,0,0,0.0,0,0,0,1,0,0,0,0.0,0,1,0,0.0,1,0,0,0,0,5,0.0,1,False,False,True
2972,oz_IERC1820Registry,,data/safe_contracts/openzeppelin-contracts/contracts/interfaces/IERC1820Registry.sol,,openzeppelin,0,0,0,0,0,0,0,0,0,0,0,0,0,0,0,0,0,0,0,0,0,0,1,0,0,0,0,2,8,0,0,0,1,0,101,1,1,1.0,0,88,0.8712871287128713,0,0,0,0,2,0,0,0,0,1,1,0.0,0.0,2.0,4.0,0,simple,0,,,0,0,0,0,0.0,0,0,0,8,0,0,0,0.0,0,8,0,0.0,8,0,0,0,0,15,0.0,8,False,False,True
2973,oz_IERC777Recipient,,data/safe_contracts/openzeppelin-contracts/contracts/interfaces/IERC777Recipient.sol,,openzeppelin,0,0,0,0,0,0,0,0,0,0,0,0,0,0,0,0,0,0,0,0,0,0,1,0,0,0,0,2,1,0,0,0,1,0,33,1,1,1.0,0,22,0.6666666666666666,0,0,0,0,2,0,0,0,0,1,1,0.0,0.0,2.0,4.0,0,simple,0,,,0,0,0,0,0.0,0,0,0,1,0,0,0,0.0,0,1,0,0.0,1,0,0,0,0,6,0.0,1,False,False,True
2974,oz_IERC721Metadata,,data/safe_contracts/openzeppelin-contracts/contracts/interfaces/IERC721Metadata.sol,,openzeppelin,0,0,0,0,0,0,0,0,0,0,0,0,0,0,0,0,0,0,0,0,0,0,1,1,0,0,0,6,9,0,0,0,1,0,4,3,1,1.0,0,2,0.5,0,0,1,0,6,0,0,0,0,2,1,0.0,0.0,6.0,18.0,0,simple,0,,,0,0,0,0,0.0,0,0,0,9,0,0,0,0.0,0,9,0,0.0,8,0,0,0,0,19,0.0,9,False,False,True
2975,oz_IERC777Sender,,data/safe_contracts/openzeppelin-contracts/contracts/interfaces/IERC777Sender.sol,,openzeppelin,0,0,0,0,0,0,0,0,0,0,0,0,0,0,0,0,0,0,0,0,0,0,1,0,0,0,0,2,1,0,0,0,1,0,33,1,1,1.0,0,22,0.6666666666666666,0,0,0,0,2,0,0,0,0,1,1,0.0,0.0,2.0,4.0,0,simple,0,,,0,0,0,0,0.0,0,0,0,1,0,0,0,0.0,0,1,0,0.0,1,0,0,0,0,6,0.0,1,False,False,True
2976,oz_IERC1820Implementer,,data/safe_contracts/openzeppelin-contracts/contracts/interfaces/IERC1820Implementer.sol,,openzeppelin,0,0,0,0,0,0,0,0,0,0,0,0,0,0,0,0,0,0,0,0,0,0,1,0,0,0,0,2,1,0,0,0,1,0,18,1,1,1.0,0,14,0.7777777777777778,0,0,0,0,2,0,0,0,0,1,1,0.0,0.0,2.0,4.0,0,simple,0,,,0,0,0,0,0.0,0,0,0,1,0,0,0,0.0,0,1,0,0.0,1,0,0,0,0,2,0.0,1,False,False,True
2977,oz_IERC1155Receiver,,data/safe_contracts/openzeppelin-contracts/contracts/interfaces/IERC1155Receiver.sol,,openzeppelin,0,0,0,0,0,0,0,0,0,0,0,0,0,0,0,0,0,0,0,0,0,0,1,1,0,0,0,5,2,0,0,0,1,0,4,2,1,1.0,0,2,0.5,0,0,1,0,5,0,0,0,0,2,1,0.0,0.0,5.0,12.5,0,simple,0,,,0,0,0,0,0.0,0,0,0,2,0,0,0,0.0,0,2,0,0.0,2,0,0,0,0,10,0.0,2,False,False,True
2978,oz_IERC6372,,data/safe_contracts/openzeppelin-contracts/contracts/interfaces/IERC6372.sol,,openzeppelin,0,0,0,0,0,0,0,0,0,0,0,0,0,0,0,0,0,0,0,0,0,0,1,0,0,0,0,3,2,0,0,0,1,0,14,1,1,1.0,0,9,0.6428571428571429,0,0,0,0,3,0,0,0,0,2,1,0.0,0.0,3.0,4.5,0,simple,0,,,0,0,0,0,0.0,0,0,0,2,0,0,0,0.0,0,2,0,0.0,2,0,0,0,0,0,0.0,0,False,False,True
2979,oz_IERC1155MetadataURI,,data/safe_contracts/openzeppelin-contracts/contracts/interfaces/IERC1155MetadataURI.sol,,openzeppelin,0,0,0,0,0,0,0,0,0,0,0,0,0,0,0,0,0,0,0,0,0,0,1,1,0,0,0,6,6,0,0,0,1,0,4,3,1,1.0,0,2,0.5,0,0,1,0,6,0,0,0,0,2,1,0.0,0.0,6.0,18.0,0,simple,0,,,0,0,0,0,0.0,0,0,0,6,0,0,0,0.0,0,6,0,0.0,6,0,0,0,0,18,0.0,6,False,False,True
2980,oz_Base64,,data/safe_contracts/openzeppelin-contracts/contracts/utils/Base64.sol,,openzeppelin,0,0,0,0,0,0,0,0,0,0,0,0,0,0,1,0,0,0,0,0,0,0,1,0,0,1,2,76,5,2,0,0,16,0,202,2,1,6.6,2,84,0.4158415841584158,0,1,0,0,6,73,0,3,0,5,2,0.0,0.0,96.0,1096.32,1,moderate,1,,,127,133,17,47,1.047244094488189,1,5,33,5,10,0,2,0.16666666666666666,0,0,5,2.0,5,0,1,0,0,6,0.0,5,False,False,True
2981,oz_Create2,,data/safe_contracts/openzeppelin-contracts/contracts/utils/Create2.sol,,openzeppelin,0,0,0,0,0,0,0,0,0,0,0,0,0,0,1,0,0,0,0,0,0,0,1,0,0,0,0,31,3,4,0,0,9,0,83,3,1,3.6666666666666665,0,45,0.5421686746987951,0,2,0,0,16,15,0,0,0,3,2,0.0,0.0,31.0,273.83333333333337,1,simple,0,,,30,31,0,11,1.0333333333333334,0,1,11,3,11,0,4,0.26666666666666666,1,0,3,3.6666666666666665,9,0,1,0,2,8,0.5,3,False,False,True
2982,oz_Comparators,,data/safe_contracts/openzeppelin-contracts/contracts/utils/Comparators.sol,,openzeppelin,0,0,0,0,0,0,0,0,0,0,0,0,0,0,0,0,0,0,0,0,0,0,1,0,0,0,0,4,2,0,0,0,1,0,16,1,1,1.0,0,7,0.4375,0,0,0,0,2,2,0,0,0,2,1,0.0,0.0,4.0,6.8,0,simple,0,,,4,2,0,1,0.5,0,2,2,2,0,0,0,0.0,0,0,2,0.0,2,0,0,0,0,4,0.0,2,False,False,True
2983,oz_Context,,data/safe_contracts/openzeppelin-contracts/contracts/utils/Context.sol,,openzeppelin,0,0,0,0,0,0,0,0,0,0,0,0,0,0,0,0,0,0,0,0,0,0,1,0,0,0,0,5,3,0,0,0,1,0,24,1,1,1.0,0,12,0.5,0,0,0,0,2,3,0,0,0,2,1,0.0,0.0,5.0,10.25,0,simple,0,,,6,3,0,1,0.5,0,3,3,3,0,0,0,0.0,0,0,3,0.0,3,0,0,0,0,0,0.0,0,False,False,True
2984,oz_RelayedCall,,data/safe_contracts/openzeppelin-contracts/contracts/utils/RelayedCall.sol,,openzeppelin,0,0,0,1,0,0,0,0,0,0,0,0,0,0,1,0,0,0,0,0,0,0,1,0,0,0,0,10,6,2,0,0,5,1,121,1,1,1.6666666666666667,0,76,0.628099173553719,0,0,0,0,4,6,0,0,0,4,3,0.0,0.0,10.0,20.5,1,simple,0,,,33,29,0,18,0.8787878787878788,0,5,10,6,14,0,2,0.125,1,0,6,2.3333333333333335,9,0,1,0,1,13,1.0,5,False,False,True
2985,oz_NoncesKeyed,,data/safe_contracts/openzeppelin-contracts/contracts/utils/NoncesKeyed.sol,,openzeppelin,0,0,0,0,0,0,0,0,0,0,0,0,0,0,0,0,0,1,0,0,0,0,1,0,0,1,0,9,3,0,1,0,3,0,66,2,1,1.6666666666666667,0,35,0.5303030303030303,0,0,0,0,4,6,0,1,0,3,2,0.0,0.0,19.0,51.93333333333333,0,simple,0,,,9,7,0,3,0.7777777777777778,0,2,5,3,2,0,0,0.0,0,1,2,0.6666666666666666,3,1,1,1,0,4,0.0,3,False,False,True
2986,oz_Nonces,,data/safe_contracts/openzeppelin-contracts/contracts/utils/Nonces.sol,,openzeppelin,0,0,0,0,0,0,0,0,0,0,0,0,0,0,0,0,0,0,0,0,0,0,1,0,0,0,0,4,3,0,1,0,3,0,41,1,1,1.6666666666666667,0,22,0.5365853658536586,0,0,0,0,2,2,0,0,0,2,1,0.0,0.0,4.0,6.8,0,simple,0,,,9,7,0,3,0.7777777777777778,0,2,5,3,2,0,0,0.0,0,1,2,0.6666666666666666,3,1,1,1,0,4,0.0,3,False,False,True
2987,oz_StorageSlot,,data/safe_contracts/openzeppelin-contracts/contracts/utils/StorageSlot.sol,,openzeppelin,0,0,0,0,0,0,0,0,0,0,0,0,0,0,1,0,0,0,0,0,0,0,1,0,0,0,0,20,9,0,0,0,1,0,126,1,1,1.0,0,57,0.4523809523809524,0,0,0,0,11,9,0,0,0,3,2,0.0,0.0,20.0,115.33333333333334,0,simple,0,,,36,27,0,3,0.75,0,0,9,9,0,0,0,0.0,0,0,9,0.0,7,0,0,0,0,9,0.0,9,False,False,True
2988,oz_Pausable,,data/safe_contracts/openzeppelin-contracts/contracts/utils/Pausable.sol,,openzeppelin,0,0,0,0,0,0,0,0,0,0,0,0,0,0,0,0,0,0,0,0,0,0,1,0,0,0,0,10,5,0,1,2,3,0,98,2,1,1.8,0,60,0.6122448979591837,0,0,1,0,3,7,0,0,0,2,1,0.0,0.0,10.0,39.5,0,simple,0,,,18,15,0,3,0.8333333333333334,0,1,9,5,8,0,0,0.0,0,1,4,1.6,6,1,0,1,0,0,0.0,0,False,False,True
2993,oz_SlotDerivation,,data/safe_contracts/openzeppelin-contracts/contracts/utils/SlotDerivation.sol,,openzeppelin,0,0,0,0,0,0,0,0,0,0,0,0,0,0,1,0,0,0,0,0,0,0,1,0,0,0,0,21,10,0,0,0,1,0,144,1,1,1.0,0,67,0.4652777777777778,0,0,0,0,11,10,0,0,0,3,2,0.0,0.0,21.0,126.0,1,simple,0,,,70,60,0,13,0.8571428571428571,0,1,10,10,21,0,0,0.0,0,0,10,2.1,4,0,0,0,0,18,0.0,10,False,False,True
2994,oz_Panic,,data/safe_contracts/openzeppelin-contracts/contracts/utils/Panic.sol,,openzeppelin,0,0,0,0,0,0,0,0,0,0,0,0,0,0,1,0,0,0,0,0,0,0,1,0,0,0,0,4,2,0,10,0,1,0,54,1,1,1.0,0,34,0.6296296296296297,0,0,0,0,3,1,0,0,0,3,2,0.0,0.0,4.0,4.933333333333334,0,simple,0,,,16,14,0,9,0.875,0,0,2,2,2,0,0,0.0,0,0,2,1.0,3,10,0,0,0,1,0.0,1,False,False,True
2995,oz_ShortStrings,,data/safe_contracts/openzeppelin-contracts/contracts/utils/ShortStrings.sol,,openzeppelin,0,0,0,0,0,0,0,0,0,0,0,0,0,0,1,0,0,0,0,0,0,0,1,0,0,0,0,29,7,7,1,0,3,0,111,2,1,2.0,0,58,0.5225225225225225,0,1,0,0,13,16,0,0,0,4,2,0.0,0.0,29.0,175.45,1,simple,0,,,34,29,0,7,0.8529411764705882,0,9,14,7,7,0,7,0.5,0,0,7,1.0,4,1,6,1,0,9,0.0,6,False,False,True
2996,oz_ReentrancyGuard,,data/safe_contracts/openzeppelin-contracts/contracts/utils/ReentrancyGuard.sol,,openzeppelin,0,0,0,0,0,0,0,0,0,0,0,0,0,0,1,0,0,0,0,0,0,0,1,0,0,0,0,26,7,4,3,2,3,0,103,2,1,1.2857142857142858,0,63,0.6116504854368932,0,4,0,0,12,14,0,0,0,3,2,0.0,0.0,26.0,188.93333333333334,1,simple,0,,,18,12,0,2,0.6666666666666666,0,2,9,7,7,0,4,0.36363636363636365,0,0,7,1.0,3,3,0,1,0,0,0.0,0,False,False,True
2998,oz_Base58,,data/safe_contracts/openzeppelin-contracts/contracts/utils/Base58.sol,,openzeppelin,0,0,0,0,0,0,0,0,0,0,0,0,0,0,1,0,0,0,0,0,0,0,1,0,0,0,0,8,4,0,0,0,25,0,211,1,1,12.25,2,79,0.3744075829383886,0,0,0,0,4,4,0,0,0,3,2,0.0,0.0,8.0,18.133333333333333,0,moderate,1,,,145,156,15,45,1.0758620689655172,1,4,49,4,12,0,0,0.0,0,0,4,3.0,7,0,0,0,0,4,0.0,4,False,False,True
2999,oz_Errors,,data/safe_contracts/openzeppelin-contracts/contracts/utils/Errors.sol,,openzeppelin,0,0,0,0,0,0,0,0,0,0,0,0,0,0,0,0,0,0,0,0,0,0,1,0,0,0,0,2,0,0,0,0,0,0,29,1,1,0.0,0,22,0.7586206896551724,0,0,0,0,2,0,0,0,0,1,1,0.0,0.0,2.0,4.0,0,simple,0,,,0,0,0,0,0.0,0,0,0,0,0,0,0,0.0,0,0,0,0.0,0,0,0,0,0,0,0.0,0,False,False,True
3000,oz_Blockhash,,data/safe_contracts/openzeppelin-contracts/contracts/utils/Blockhash.sol,,openzeppelin,0,0,0,0,0,0,0,0,0,0,0,0,0,0,1,0,0,0,0,0,0,0,1,0,0,0,0,5,3,0,1,0,2,0,46,1,1,1.3333333333333333,0,26,0.5652173913043478,0,0,0,0,3,2,0,0,0,3,2,0.0,0.0,5.0,7.333333333333334,0,simple,0,,,15,12,0,6,0.8,0,2,4,3,7,0,0,0.0,0,0,3,2.3333333333333335,7,1,0,1,0,2,0.0,2,False,False,True
3001,oz_Packing,,data/safe_contracts/openzeppelin-contracts/contracts/utils/Packing.sol,,openzeppelin,0,0,0,0,0,0,0,0,0,0,0,0,0,0,1,0,0,0,0,0,0,0,1,0,0,0,0,638,212,0,0,0,3,0,1442,1,1,1.7358490566037736,0,32,0.022191400832177532,0,0,0,0,426,212,0,0,0,4,2,0.0,0.0,638.0,91616.8,1,complex,2,,,1350,1216,0,5,0.9007407407407407,0,0,368,212,156,0,0,0.0,0,0,212,0.7358490566037735,57,0,0,0,0,502,0.0,212,False,False,True
3004,oz_Multicall,,data/safe_contracts/openzeppelin-contracts/contracts/utils/Multicall.sol,,openzeppelin,0,0,0,0,0,0,0,0,0,0,0,0,0,0,1,0,0,0,0,0,0,0,1,0,0,0,0,32,1,4,0,0,6,0,33,5,1,6.0,0,18,0.5454545454545454,0,1,1,0,16,16,0,0,0,3,2,0.0,0.0,32.0,290.1333333333333,1,simple,0,,,13,14,1,9,1.0769230769230769,0,1,6,1,2,1,4,0.6666666666666666,0,1,0,2.0,2,0,1,0,1,1,1.0,1,False,False,True
3005,oz_LowLevelCall,,data/safe_contracts/openzeppelin-contracts/contracts/utils/LowLevelCall.sol,,openzeppelin,0,0,0,0,0,0,0,0,0,0,0,0,0,0,1,0,0,0,0,0,0,0,1,0,0,0,0,24,12,0,0,0,1,0,114,1,1,1.0,0,31,0.2719298245614035,0,0,0,0,12,12,0,0,0,3,2,0.0,0.0,24.0,163.2,1,moderate,1,,,56,44,0,6,0.7857142857142857,0,2,12,12,31,0,0,0.0,1,0,12,2.5833333333333335,9,0,0,0,0,19,0.0,9,False,False,True
3007,oz_Address,,data/safe_contracts/openzeppelin-contracts/contracts/utils/Address.sol,,openzeppelin,0,0,0,0,0,0,0,0,0,0,0,0,0,0,1,0,0,0,0,0,0,0,1,0,0,0,0,33,7,28,0,0,9,0,157,3,1,6.142857142857143,0,73,0.46496815286624205,0,17,0,0,14,19,0,0,0,3,2,0.0,0.0,33.0,300.29999999999995,1,moderate,1,,,71,76,0,8,1.0704225352112675,0,7,43,7,19,0,28,0.5957446808510638,0,0,7,2.7142857142857144,5,0,6,0,26,16,0.23076923076923078,7,False,False,True
3008,oz_Calldata,,data/safe_contracts/openzeppelin-contracts/contracts/utils/Calldata.sol,,openzeppelin,0,0,0,0,0,0,0,0,0,0,0,0,0,0,1,0,0,0,0,0,0,0,1,0,0,0,0,6,2,0,0,0,1,0,22,1,1,1.0,0,7,0.3181818181818182,0,0,0,0,4,2,0,0,0,3,2,0.0,0.0,6.0,10.8,0,simple,0,,,10,8,0,4,0.8,0,0,2,2,0,0,0,0.0,0,0,2,0.0,2,0,0,0,0,0,0.0,0,False,False,True
3010,oz_Clones,,data/safe_contracts/openzeppelin-contracts/contracts/proxy/Clones.sol,,openzeppelin,0,0,0,0,0,0,0,0,0,0,0,0,0,0,1,0,0,0,0,0,0,0,1,0,0,0,0,53,14,10,0,0,5,0,277,4,1,2.0,0,140,0.5054151624548736,0,2,0,0,22,31,0,0,0,4,2,0.0,0.0,53.0,579.025,1,moderate,1,,,76,69,0,11,0.9078947368421053,0,10,28,14,33,0,10,0.23255813953488372,1,0,14,2.357142857142857,13,0,7,0,0,35,0.0,14,False,False,True
3011,oz_Proxy,,data/safe_contracts/openzeppelin-contracts/contracts/proxy/Proxy.sol,,openzeppelin,0,0,0,0,0,0,0,0,0,0,0,0,0,0,1,1,0,0,0,0,0,0,1,0,0,0,1,4,4,0,0,0,3,0,61,1,1,1.5,0,37,0.6065573770491803,1,0,0,0,5,0,0,1,0,4,2,0.0,0.0,9.0,11.25,0,simple,0,,,17,15,0,11,0.8823529411764706,0,0,5,4,11,3,0,0.0,0,1,3,2.75,9,0,0,0,0,1,0.0,1,False,False,True
3012,oz_VestingWallet,,data/safe_contracts/openzeppelin-contracts/contracts/finance/VestingWallet.sol,,openzeppelin,0,0,1,0,0,0,0,0,0,0,0,0,0,0,1,0,0,0,0,0,0,0,1,1,0,0,0,56,14,3,4,0,3,0,142,10,1,1.1428571428571428,0,75,0.528169014084507,2,2,2,0,27,29,0,0,0,5,3,0.0,0.0,56.0,529.76,1,moderate,1,,,39,25,0,4,0.6410256410256411,0,12,16,14,19,4,3,0.13636363636363635,1,13,1,1.3571428571428572,6,4,3,1,2,11,1.5,7,False,False,True
3013,oz_VestingWalletCliff,,data/safe_contracts/openzeppelin-contracts/contracts/finance/VestingWalletCliff.sol,,openzeppelin,0,0,1,0,0,0,0,0,0,0,0,0,0,0,1,0,0,0,0,0,0,0,1,1,0,0,0,125,14,3,4,0,3,0,46,12,1,1.1428571428571428,0,23,0.5,2,2,2,0,30,95,0,0,0,5,3,0.0,0.0,125.0,2412.5,1,moderate,1,,,39,25,0,4,0.6410256410256411,0,12,16,14,19,4,3,0.13636363636363635,1,13,1,1.3571428571428572,6,4,3,1,2,11,1.5,7,False,False,True
3014,oz_IAccessControlEnumerable,,data/safe_contracts/openzeppelin-contracts/contracts/access/extensions/IAccessControlEnumerable.sol,,openzeppelin,0,0,0,0,0,0,0,0,0,0,0,0,0,0,0,0,0,0,0,0,0,0,1,0,0,0,0,3,5,0,0,0,1,0,27,2,1,1.0,0,21,0.7777777777777778,0,0,0,0,3,0,0,0,0,1,1,0.0,0.0,3.0,9.0,0,simple,0,,,0,0,0,0,0.0,0,0,0,5,0,0,0,0.0,0,5,0,0.0,5,0,0,0,0,9,0.0,5,False,False,True
3015,oz_IAccessControlDefaultAdminRules,,data/safe_contracts/openzeppelin-contracts/contracts/access/extensions/IAccessControlDefaultAdminRules.sol,,openzeppelin,0,0,0,0,0,0,0,0,0,0,0,0,0,0,0,0,0,0,0,0,0,0,1,0,0,0,0,3,5,0,0,0,1,0,173,2,1,1.0,0,152,0.8786127167630058,0,0,0,0,3,0,0,0,0,1,1,0.0,0.0,3.0,9.0,0,simple,0,,,0,0,0,0,0.0,0,0,0,5,0,0,0,0.0,0,5,0,0.0,5,0,0,0,0,9,0.0,5,False,False,True
3017,oz_AccessControlDefaultAdminRules,,data/safe_contracts/openzeppelin-contracts/contracts/access/extensions/AccessControlDefaultAdminRules.sol,,openzeppelin,0,0,1,0,0,0,0,0,0,0,0,0,0,0,1,0,0,0,0,0,0,0,1,1,0,1,9,137,12,0,2,1,3,0,327,11,1,1.5,0,161,0.4923547400611621,0,0,2,0,25,122,0,10,0,8,3,0.0,0.0,192.0,2649.6,1,moderate,1,,,42,32,0,4,0.7619047619047619,0,7,18,12,20,2,0,0.0,1,6,6,1.6666666666666667,8,2,3,1,0,19,0.0,11,False,False,True
3018,oz_AccessManaged,,data/safe_contracts/openzeppelin-contracts/contracts/access/manager/AccessManaged.sol,,openzeppelin,0,0,0,0,0,1,0,0,0,0,0,0,0,0,1,0,0,0,0,0,0,0,1,1,0,0,0,14,6,2,2,1,5,0,101,6,1,2.5,0,48,0.4752475247524752,0,1,1,0,9,5,0,0,0,5,3,0.0,0.0,14.0,35.0,1,simple,0,,,32,30,0,8,0.9375,0,3,15,6,9,1,2,0.18181818181818182,0,3,3,1.5,7,2,2,1,2,5,1.0,4,False,False,True
3019,oz_AccessManager,,data/safe_contracts/openzeppelin-contracts/contracts/access/manager/AccessManager.sol,,openzeppelin,0,0,1,0,0,0,0,0,0,0,0,0,1,0,1,0,0,0,0,0,0,1,1,1,0,1,12,153,49,21,6,1,9,0,633,13,1,2.4693877551020407,0,236,0.37282780410742494,1,16,1,0,38,128,0,13,0,10,5,0.0,0.0,223.0,2845.4799999999996,1,critical,3,,,297,271,1,17,0.9124579124579124,0,42,121,49,94,4,21,0.1826086956521739,0,30,19,1.9183673469387754,32,6,23,1,2,87,11.5,45,False,False,True
3020,oz_IAccessManager,,data/safe_contracts/openzeppelin-contracts/contracts/access/manager/IAccessManager.sol,,openzeppelin,0,0,0,0,0,0,0,0,0,0,0,0,0,0,0,0,0,0,0,0,0,0,1,0,0,0,0,2,29,0,0,0,1,0,360,1,1,1.0,0,287,0.7972222222222223,1,0,0,0,2,0,0,0,0,1,1,0.0,0.0,2.0,4.0,0,moderate,1,,,0,0,0,0,0.0,0,0,0,29,0,0,0,0.0,0,29,0,0.0,29,0,0,0,0,53,0.0,27,False,False,True
3021,oz_AuthorityUtils,,data/safe_contracts/openzeppelin-contracts/contracts/access/manager/AuthorityUtils.sol,,openzeppelin,0,0,0,0,0,0,0,0,0,0,0,0,0,0,1,0,0,0,0,0,0,0,1,1,0,0,0,6,1,1,0,0,3,0,30,2,1,3.0,0,9,0.3,0,0,0,0,5,1,0,0,0,4,2,0.0,0.0,6.0,8.55,0,simple,0,,,11,11,0,8,1.0,0,0,3,1,5,0,1,0.16666666666666666,0,0,1,5.0,5,0,1,0,1,4,1.0,1,False,False,True
3022,oz_IAccessManaged,,data/safe_contracts/openzeppelin-contracts/contracts/access/manager/IAccessManaged.sol,,openzeppelin,0,0,0,0,0,0,0,0,0,0,0,0,0,0,0,0,0,0,0,0,0,0,1,0,0,0,0,2,3,0,0,0,1,0,26,1,1,1.0,0,16,0.6153846153846154,0,0,0,0,2,0,0,0,0,1,1,0.0,0.0,2.0,4.0,0,simple,0,,,0,0,0,0,0.0,0,0,0,3,0,0,0,0.0,0,3,0,0.0,3,0,0,0,0,1,0.0,1,False,False,True
3023,oz_IAuthority,,data/safe_contracts/openzeppelin-contracts/contracts/access/manager/IAuthority.sol,,openzeppelin,0,0,0,0,0,0,0,0,0,0,0,0,0,0,0,0,0,0,0,0,0,0,1,0,0,0,0,2,1,0,0,0,1,0,12,1,1,1.0,0,8,0.6666666666666666,0,0,0,0,2,0,0,0,0,1,1,0.0,0.0,2.0,4.0,0,simple,0,,,0,0,0,0,0.0,0,0,0,1,0,0,0,0.0,0,1,0,0.0,1,0,0,0,0,3,0.0,1,False,False,True
3070,oz_ERC20GetterHelper,,data/safe_contracts/openzeppelin-contracts/contracts/mocks/token/ERC20GetterHelper.sol,,openzeppelin,0,0,0,0,0,0,0,0,0,0,0,0,0,0,0,0,0,0,0,0,0,0,1,1,0,0,0,5,6,6,0,0,1,0,30,3,1,1.0,0,1,0.03333333333333333,0,0,0,0,5,0,0,0,0,2,1,0.0,0.0,5.0,12.5,0,simple,0,,,12,6,0,1,0.5,0,0,6,6,0,0,6,1.0,0,6,0,0.0,6,0,6,0,0,9,0.0,6,False,False,True
3072,oz_BadBeacon,,data/safe_contracts/openzeppelin-contracts/contracts/mocks/proxy/BadBeacon.sol,,openzeppelin,0,0,0,0,0,0,0,0,0,0,0,0,0,0,0,0,0,0,0,0,0,0,1,0,0,0,0,2,0,0,0,0,0,0,8,2,1,0.0,0,1,0.125,0,0,0,0,2,0,0,0,0,1,1,0.0,0.0,2.0,4.0,0,simple,0,,,0,0,0,0,0.0,0,0,0,0,0,0,0,0.0,0,0,0,0.0,0,0,0,0,0,0,0.0,0,False,False,True
3073,oz_ClashingImplementation,,data/safe_contracts/openzeppelin-contracts/contracts/mocks/proxy/ClashingImplementation.sol,,openzeppelin,0,0,0,0,0,0,0,0,0,0,0,0,0,0,0,1,0,0,0,0,0,0,1,0,0,0,1,2,2,0,0,0,1,0,15,1,1,1.0,0,5,0.3333333333333333,1,0,0,0,3,0,0,1,0,2,2,0.0,0.0,7.0,10.5,0,simple,0,,,4,2,0,1,0.5,0,1,2,2,0,0,0,0.0,0,2,0,0.0,2,0,0,0,0,2,0.0,1,False,False,True
3074,oz_ERC1967ProxyUnsafe,,data/safe_contracts/openzeppelin-contracts/contracts/mocks/proxy/ERC1967ProxyUnsafe.sol,,openzeppelin,0,0,0,0,0,0,0,0,0,0,0,0,0,0,1,0,0,0,0,0,0,1,1,1,0,0,2,61,2,0,0,0,1,0,9,10,1,1.0,0,1,0.1111111111111111,1,0,2,0,32,31,0,2,0,5,3,0.0,0.0,71.0,762.54,1,simple,0,,,4,2,0,1,0.5,0,1,2,2,1,0,0,0.0,1,1,1,0.5,1,0,0,0,0,2,0.0,1,False,False,True
3075,oz_CompTimelock,,data/safe_contracts/openzeppelin-contracts/contracts/mocks/compound/CompTimelock.sol,,openzeppelin,0,0,1,1,0,0,1,0,0,0,0,0,0,0,0,0,0,0,0,0,0,0,1,0,0,0,0,9,10,5,7,0,3,1,145,1,1,1.2,0,27,0.18620689655172415,2,0,0,0,3,6,0,0,0,5,4,0.0,0.0,9.0,12.96,1,moderate,1,,,56,47,0,16,0.8392857142857143,0,3,12,10,16,1,5,0.23809523809523808,0,8,2,1.6,7,7,6,1,1,19,6.0,6,False,False,True
3076,oz_ERC20WithAutoMinerReward,,data/safe_contracts/openzeppelin-contracts/contracts/mocks/docs/ERC20WithAutoMinerReward.sol,,openzeppelin,0,0,0,0,0,0,0,0,0,0,0,0,0,0,0,0,0,0,0,0,0,0,1,1,0,0,0,11,3,0,0,0,3,0,17,8,1,1.6666666666666667,0,1,0.058823529411764705,0,0,2,0,8,3,0,0,0,3,1,0.0,0.0,11.0,37.03333333333333,0,simple,0,,,10,8,0,3,0.8,0,0,5,3,5,2,0,0.0,1,1,2,1.6666666666666667,1,0,0,0,0,3,0.0,1,False,False,True
3087,oz_MyFactoryAccount,,data/safe_contracts/openzeppelin-contracts/contracts/mocks/docs/account/MyFactoryAccount.sol,,openzeppelin,0,0,0,0,0,0,0,0,0,0,0,0,0,0,1,0,0,0,0,0,0,1,1,0,0,0,2,53,3,3,1,0,3,0,30,6,1,1.6666666666666667,0,7,0.23333333333333334,0,3,0,0,24,31,0,2,0,5,3,0.0,0.0,63.0,575.8199999999999,1,simple,0,,,12,10,0,4,0.8333333333333334,0,2,5,3,6,1,3,0.3333333333333333,0,3,0,2.0,3,1,3,1,3,3,1.0,3,False,False,True
3088,oz_MyAccountEIP7702,,data/safe_contracts/openzeppelin-contracts/contracts/mocks/docs/account/MyAccountEIP7702.sol,,openzeppelin,0,0,1,1,0,0,1,0,0,0,0,0,0,0,1,0,0,0,0,0,1,1,1,1,0,1,14,865,10,2,0,2,3,0,18,37,1,1.7,0,3,0.16666666666666666,1,1,1,0,485,395,0,15,0,14,6,0.0,0.0,945.0,51401.25,1,simple,0,,,32,25,0,4,0.78125,0,7,17,10,11,2,2,0.15384615384615385,1,5,5,1.1,7,0,2,0,1,10,2.0,5,False,False,True
3089,oz_AccessManagedERC20MintBase,,data/safe_contracts/openzeppelin-contracts/contracts/mocks/docs/access-control/AccessManagedERC20MintBase.sol,,openzeppelin,0,0,0,0,0,1,1,0,0,0,0,0,0,0,1,0,0,0,0,0,0,0,1,1,0,0,0,19,6,2,2,1,5,0,13,13,1,2.5,0,4,0.3076923076923077,0,1,1,0,14,5,0,0,0,6,3,0.0,0.0,19.0,55.41666666666666,1,simple,0,,,32,30,0,8,0.9375,0,3,15,6,9,1,2,0.18181818181818182,0,3,3,1.5,7,2,2,1,2,5,1.0,4,False,False,True
3090,oz_AccessControlERC20MintMissing,,data/safe_contracts/openzeppelin-contracts/contracts/mocks/docs/access-control/AccessControlERC20MintMissing.sol,,openzeppelin,0,0,0,0,0,0,0,0,0,0,0,0,0,0,0,0,0,0,0,0,0,0,1,1,0,0,0,15,12,0,2,1,3,0,19,12,1,1.5,0,3,0.15789473684210525,0,0,2,0,12,3,0,0,0,3,1,0.0,0.0,15.0,70.5,0,moderate,1,,,42,32,0,4,0.7619047619047619,0,7,18,12,20,2,0,0.0,1,6,6,1.6666666666666667,8,2,3,1,0,19,0.0,11,False,False,True
3091,oz_AccessControlERC20MintBase,,data/safe_contracts/openzeppelin-contracts/contracts/mocks/docs/access-control/AccessControlERC20MintBase.sol,,openzeppelin,0,0,0,0,0,0,0,0,0,0,0,0,0,0,0,0,0,0,0,0,0,0,1,1,0,0,0,16,12,0,2,1,3,0,20,12,1,1.5,0,4,0.2,0,0,2,0,12,4,0,0,0,3,1,0.0,0.0,16.0,78.93333333333334,0,moderate,1,,,42,32,0,4,0.7619047619047619,0,7,18,12,20,2,0,0.0,1,6,6,1.6666666666666667,8,2,3,1,0,19,0.0,11,False,False,True
3092,oz_AccessControlERC20MintOnlyRole,,data/safe_contracts/openzeppelin-contracts/contracts/mocks/docs/access-control/AccessControlERC20MintOnlyRole.sol,,openzeppelin,0,0,0,0,0,0,0,0,0,0,0,0,0,0,0,0,0,0,0,0,0,0,1,1,0,0,0,15,12,0,2,1,3,0,18,12,1,1.5,0,1,0.05555555555555555,0,0,2,0,12,3,0,0,0,3,1,0.0,0.0,15.0,70.5,0,moderate,1,,,42,32,0,4,0.7619047619047619,0,7,18,12,20,2,0,0.0,1,6,6,1.6666666666666667,8,2,3,1,0,19,0.0,11,False,False,True
3093,oz_AccessControlModified,,data/safe_contracts/openzeppelin-contracts/contracts/mocks/docs/access-control/AccessControlModified.sol,,openzeppelin,0,0,0,0,0,0,0,0,0,0,0,0,0,0,0,0,0,0,0,0,0,0,1,1,0,0,0,11,12,0,2,1,3,0,11,6,1,1.5,0,3,0.2727272727272727,0,0,2,0,8,3,0,0,0,3,1,0.0,0.0,11.0,37.03333333333333,0,moderate,1,,,42,32,0,4,0.7619047619047619,0,7,18,12,20,2,0,0.0,1,6,6,1.6666666666666667,8,2,3,1,0,19,0.0,11,False,False,True
3094,oz_MyContractOwnable,,data/safe_contracts/openzeppelin-contracts/contracts/mocks/docs/access-control/MyContractOwnable.sol,,openzeppelin,0,0,0,0,0,0,0,0,0,0,0,0,0,0,0,0,0,0,0,0,0,0,1,0,0,0,0,6,6,0,1,1,3,0,12,3,1,2.0,0,3,0.25,0,0,1,0,4,2,0,0,0,2,1,0.0,0.0,6.0,16.2,0,simple,0,,,24,21,0,4,0.875,0,1,12,6,10,1,0,0.0,0,3,3,1.6666666666666667,6,1,1,1,0,3,0.0,3,False,False,True
3096,oz_Multicall,,data/safe_contracts/openzeppelin-contracts/contracts/mocks/docs/utilities/Multicall.sol,,openzeppelin,0,0,0,0,0,0,0,0,0,0,0,0,0,0,1,0,0,0,0,0,0,0,1,0,0,0,0,33,1,4,0,0,6,0,12,6,1,6.0,0,4,0.3333333333333333,0,1,1,0,17,16,0,0,0,3,2,0.0,0.0,33.0,310.2,1,simple,0,,,13,14,1,9,1.0769230769230769,0,1,6,1,2,1,4,0.6666666666666666,0,1,0,2.0,2,0,1,0,1,1,1.0,1,False,False,True
3097,oz_ERC6909GameItems,,data/safe_contracts/openzeppelin-contracts/contracts/mocks/docs/token/ERC6909/ERC6909GameItems.sol,,openzeppelin,0,0,0,0,0,0,0,0,0,0,0,0,0,0,0,0,0,0,0,0,0,0,1,1,0,0,0,14,2,0,5,0,1,0,22,10,1,1.0,0,2,0.09090909090909091,0,0,4,0,9,5,0,0,0,3,1,0.0,0.0,14.0,58.333333333333336,0,simple,0,,,15,13,0,9,0.8666666666666667,0,0,2,2,2,1,0,0.0,0,1,1,1.0,3,5,0,1,0,0,0.0,0,False,False,True
3099,oz_GLDToken,,data/safe_contracts/openzeppelin-contracts/contracts/mocks/docs/token/ERC20/GLDToken.sol,,openzeppelin,0,0,0,0,0,0,0,0,0,0,0,0,0,0,0,0,0,0,0,0,0,0,1,1,0,0,0,11,1,0,0,0,1,0,9,8,1,1.0,0,2,0.2222222222222222,0,0,2,0,8,3,0,0,0,3,1,0.0,0.0,11.0,37.03333333333333,0,simple,0,,,3,2,0,2,0.6666666666666666,0,0,1,1,2,1,0,0.0,1,1,0,2.0,1,0,0,0,0,1,0.0,1,False,False,True
3101,oz_MyERC115HolderContract,,data/safe_contracts/openzeppelin-contracts/contracts/mocks/docs/token/ERC1155/MyERC115HolderContract.sol,,openzeppelin,0,0,0,0,0,0,0,0,0,0,0,0,0,0,0,0,0,0,0,0,0,0,1,1,0,0,0,7,0,0,0,0,0,0,5,5,1,0.0,0,2,0.4,0,0,3,0,7,0,0,0,0,2,1,0.0,0.0,7.0,24.5,0,simple,0,,,0,0,0,0,0.0,0,0,0,0,0,0,0,0.0,0,0,0,0.0,0,0,0,0,0,0,0.0,0,False,False,True
3104,oz_IVotes,,data/safe_contracts/openzeppelin-contracts/contracts/governance/utils/IVotes.sol,,openzeppelin,0,0,0,0,0,0,0,0,0,0,0,0,0,0,0,0,0,0,0,0,0,0,1,0,0,0,0,2,6,0,0,0,1,0,50,1,1,1.0,0,38,0.76,0,0,0,0,2,0,0,0,0,1,1,0.0,0.0,2.0,4.0,0,simple,0,,,0,0,0,0,0.0,0,0,0,6,0,0,0,0.0,0,6,0,0.0,6,0,0,0,0,12,0.0,6,False,False,True
3121,oz_EIP7702Utils,,data/safe_contracts/openzeppelin-contracts/contracts/account/utils/EIP7702Utils.sol,,openzeppelin,0,0,0,0,0,0,0,0,0,0,0,0,0,0,0,0,0,0,0,0,0,0,1,0,0,0,0,3,2,0,1,0,2,0,18,1,1,1.5,0,10,0.5555555555555556,0,0,0,0,2,1,0,0,0,2,1,0.0,0.0,3.0,4.05,0,simple,0,,,6,4,0,3,0.6666666666666666,0,2,3,2,1,0,0,0.0,0,0,2,0.5,2,1,0,1,0,1,0.0,1,False,False,True
3125,oz_ERC6909,,data/safe_contracts/openzeppelin-contracts/contracts/token/ERC6909/ERC6909.sol,,openzeppelin,0,0,0,0,0,0,0,0,0,0,0,0,0,0,0,0,0,0,0,0,0,0,1,1,0,0,0,11,15,0,3,0,7,0,201,8,1,2.8666666666666667,0,81,0.40298507462686567,0,0,2,0,7,4,0,0,0,3,1,0.0,0.0,11.0,35.93333333333333,0,moderate,1,,,81,80,0,6,0.9876543209876543,0,8,43,15,27,3,0,0.0,1,8,7,1.8,11,3,4,1,0,45,0.0,15,False,False,True
3127,oz_IERC721,,data/safe_contracts/openzeppelin-contracts/contracts/token/ERC721/IERC721.sol,,openzeppelin,0,0,0,0,0,0,0,0,0,0,0,0,0,0,0,0,0,0,0,0,0,0,1,1,0,0,0,4,9,0,0,0,1,0,121,2,1,1.0,0,105,0.8677685950413223,0,0,1,0,4,0,0,0,0,2,1,0.0,0.0,4.0,8.0,0,simple,0,,,0,0,0,0,0.0,0,0,0,9,0,0,0,0.0,0,9,0,0.0,8,0,0,0,0,19,0.0,9,False,False,True
3128,oz_IERC721Receiver,,data/safe_contracts/openzeppelin-contracts/contracts/token/ERC721/IERC721Receiver.sol,,openzeppelin,0,0,0,0,0,0,0,0,0,0,0,0,0,0,0,0,0,0,0,0,0,0,1,0,0,0,0,2,1,0,0,0,1,0,26,1,1,1.0,0,17,0.6538461538461539,0,0,0,0,2,0,0,0,0,1,1,0.0,0.0,2.0,4.0,0,simple,0,,,0,0,0,0,0.0,0,0,0,1,0,0,0,0.0,0,1,0,0.0,1,0,0,0,0,4,0.0,1,False,False,True
3129,oz_IERC20,,data/safe_contracts/openzeppelin-contracts/contracts/token/ERC20/IERC20.sol,,openzeppelin,0,0,0,0,0,0,0,0,0,0,0,0,0,0,0,0,0,0,0,0,0,0,1,0,0,0,0,2,6,0,0,0,1,0,70,1,1,1.0,0,59,0.8428571428571429,0,0,0,0,2,0,0,0,0,1,1,0.0,0.0,2.0,4.0,0,simple,0,,,0,0,0,0,0.0,0,0,0,6,0,0,0,0.0,0,6,0,0.0,6,0,0,0,0,10,0.0,5,False,False,True
3130,oz_ERC20,,data/safe_contracts/openzeppelin-contracts/contracts/token/ERC20/ERC20.sol,,openzeppelin,0,0,0,0,0,0,0,0,0,0,0,0,0,0,0,0,0,0,0,0,0,0,1,1,0,0,0,11,17,0,5,0,7,0,280,7,1,2.411764705882353,0,160,0.5714285714285714,0,0,1,0,7,4,0,0,0,3,1,0.0,0.0,11.0,35.93333333333333,0,moderate,1,,,81,76,0,7,0.9382716049382716,0,9,41,17,21,3,0,0.0,1,9,8,1.2352941176470589,14,5,3,1,0,32,0.0,13,False,False,True
3131,oz_IERC1155,,data/safe_contracts/openzeppelin-contracts/contracts/token/ERC1155/IERC1155.sol,,openzeppelin,0,0,0,0,0,0,0,0,0,0,0,0,0,0,0,0,0,0,0,0,0,0,1,1,0,0,0,4,6,0,0,0,1,0,111,2,1,1.0,0,82,0.7387387387387387,0,0,1,0,4,0,0,0,0,2,1,0.0,0.0,4.0,8.0,0,simple,0,,,0,0,0,0,0.0,0,0,0,6,0,0,0,0.0,0,6,0,0.0,6,0,0,0,0,18,0.0,6,False,False,True
3133,oz_IERC1155Receiver,,data/safe_contracts/openzeppelin-contracts/contracts/token/ERC1155/IERC1155Receiver.sol,,openzeppelin,0,0,0,0,0,0,0,0,0,0,0,0,0,0,0,0,0,0,0,0,0,0,1,1,0,0,0,4,2,0,0,0,1,0,55,2,1,1.0,0,37,0.6727272727272727,0,0,1,0,4,0,0,0,0,2,1,0.0,0.0,4.0,8.0,0,simple,0,,,0,0,0,0,0.0,0,0,0,2,0,0,0,0.0,0,2,0,0.0,2,0,0,0,0,10,0.0,2,False,False,True
3134,oz_ERC2981,,data/safe_contracts/openzeppelin-contracts/contracts/token/common/ERC2981.sol,,openzeppelin,0,0,0,0,0,0,0,0,0,0,0,0,0,0,0,0,0,0,0,0,0,0,1,1,0,0,0,10,7,0,2,0,5,0,119,4,1,2.4285714285714284,0,58,0.48739495798319327,0,0,2,0,6,4,0,0,0,3,1,0.0,0.0,10.0,29.333333333333336,0,simple,0,,,36,34,0,7,0.9444444444444444,0,3,17,7,9,1,0,0.0,1,2,5,1.2857142857142858,8,2,3,1,0,9,0.0,5,False,False,True
3135,oz_ERC6909TokenSupply,,data/safe_contracts/openzeppelin-contracts/contracts/token/ERC6909/extensions/ERC6909TokenSupply.sol,,openzeppelin,0,0,0,0,0,0,0,0,0,0,0,0,0,0,0,0,0,0,0,0,0,0,1,1,0,0,0,12,15,0,3,0,7,0,29,9,1,2.8666666666666667,0,9,0.3103448275862069,0,0,2,0,8,4,0,0,0,3,1,0.0,0.0,12.0,43.2,0,moderate,1,,,81,80,0,6,0.9876543209876543,0,8,43,15,27,3,0,0.0,1,8,7,1.8,11,3,4,1,0,45,0.0,15,False,False,True
3136,oz_ERC6909Metadata,,data/safe_contracts/openzeppelin-contracts/contracts/token/ERC6909/extensions/ERC6909Metadata.sol,,openzeppelin,0,0,0,0,0,0,0,0,0,0,0,0,0,0,0,0,0,0,0,0,0,0,1,1,0,0,0,15,15,0,3,0,7,0,61,9,1,2.8666666666666667,0,26,0.4262295081967213,0,0,2,0,8,7,0,0,0,3,1,0.0,0.0,15.0,64.5,0,moderate,1,,,81,80,0,6,0.9876543209876543,0,8,43,15,27,3,0,0.0,1,8,7,1.8,11,3,4,1,0,45,0.0,15,False,False,True
3137,oz_ERC6909ContentURI,,data/safe_contracts/openzeppelin-contracts/contracts/token/ERC6909/extensions/ERC6909ContentURI.sol,,openzeppelin,0,0,0,0,0,0,0,0,0,0,0,0,0,0,0,0,0,0,0,0,0,0,1,1,0,0,0,14,15,0,3,0,7,0,42,9,1,2.8666666666666667,0,19,0.4523809523809524,0,0,2,0,8,6,0,0,0,3,1,0.0,0.0,14.0,56.93333333333334,0,moderate,1,,,81,80,0,6,0.9876543209876543,0,8,43,15,27,3,0,0.0,1,8,7,1.8,11,3,4,1,0,45,0.0,15,False,False,True
3138,oz_ERC721Utils,,data/safe_contracts/openzeppelin-contracts/contracts/token/ERC721/utils/ERC721Utils.sol,,openzeppelin,0,0,0,0,0,0,0,0,0,0,0,0,0,0,1,0,0,0,0,0,0,0,1,1,0,0,0,7,1,3,0,0,7,0,47,5,1,7.0,0,19,0.40425531914893614,0,0,0,0,6,1,0,0,0,4,2,0.0,0.0,7.0,11.725,0,simple,0,,,15,19,0,7,1.2666666666666666,0,0,7,1,4,0,3,0.42857142857142855,0,0,1,4.0,4,0,1,0,0,5,0.0,1,False,False,True
3139,oz_ERC721Holder,,data/safe_contracts/openzeppelin-contracts/contracts/token/ERC721/utils/ERC721Holder.sol,,openzeppelin,0,0,0,0,0,0,0,0,0,0,0,0,0,0,0,0,0,0,0,0,0,0,1,1,0,0,0,4,1,0,0,0,1,0,23,2,1,1.0,0,16,0.6956521739130435,0,0,1,0,4,0,0,0,0,2,1,0.0,0.0,4.0,8.0,0,simple,0,,,2,1,0,1,0.5,0,1,1,1,0,0,0,0.0,0,1,0,0.0,1,0,0,0,0,4,0.0,1,False,False,True
3140,oz_IERC721Enumerable,,data/safe_contracts/openzeppelin-contracts/contracts/token/ERC721/extensions/IERC721Enumerable.sol,,openzeppelin,0,0,0,0,0,0,0,0,0,0,0,0,0,0,0,0,0,0,0,0,0,0,1,1,0,0,0,5,9,0,0,0,1,0,24,3,1,1.0,0,17,0.7083333333333334,0,0,1,0,5,0,0,0,0,2,1,0.0,0.0,5.0,12.5,0,simple,0,,,0,0,0,0,0.0,0,0,0,9,0,0,0,0.0,0,9,0,0.0,8,0,0,0,0,19,0.0,9,False,False,True
3145,oz_IERC721Metadata,,data/safe_contracts/openzeppelin-contracts/contracts/token/ERC721/extensions/IERC721Metadata.sol,,openzeppelin,0,0,0,0,0,0,0,0,0,0,0,0,0,0,0,0,0,0,0,0,0,0,1,1,0,0,0,5,9,0,0,0,1,0,22,3,1,1.0,0,15,0.6818181818181818,0,0,1,0,5,0,0,0,0,2,1,0.0,0.0,5.0,12.5,0,simple,0,,,0,0,0,0,0.0,0,0,0,9,0,0,0,0.0,0,9,0,0.0,8,0,0,0,0,19,0.0,9,False,False,True
3150,oz_SafeERC20,,data/safe_contracts/openzeppelin-contracts/contracts/token/ERC20/utils/SafeERC20.sol,,openzeppelin,0,0,0,0,0,0,0,0,0,0,0,0,0,0,1,0,0,0,0,0,0,0,1,1,0,0,0,24,13,5,0,0,7,0,260,4,1,3.769230769230769,0,129,0.49615384615384617,0,0,0,0,11,13,0,0,0,4,2,0.0,0.0,24.0,120.6,1,moderate,1,,,107,112,0,14,1.0467289719626167,0,2,49,13,41,0,5,0.10869565217391304,0,0,13,3.1538461538461537,10,0,5,0,3,49,1.6666666666666667,13,False,False,True
3151,oz_ERC1363Utils,,data/safe_contracts/openzeppelin-contracts/contracts/token/ERC20/utils/ERC1363Utils.sol,,openzeppelin,0,0,0,0,0,0,0,0,0,0,0,0,0,0,1,0,0,0,0,0,0,0,1,1,0,0,0,9,2,2,0,0,7,0,87,3,1,7.0,0,33,0.3793103448275862,0,0,0,0,7,2,0,0,0,4,2,0.0,0.0,9.0,18.9,0,simple,0,,,32,36,0,8,1.125,0,0,14,2,8,0,2,0.2,0,0,2,4.0,5,0,2,0,1,9,2.0,2,False,False,True
3153,oz_ERC20Capped,,data/safe_contracts/openzeppelin-contracts/contracts/token/ERC20/extensions/ERC20Capped.sol,,openzeppelin,0,0,0,0,0,0,0,0,0,0,0,0,0,0,0,0,0,0,0,0,0,0,1,1,0,0,0,12,17,0,5,0,7,0,45,8,1,2.411764705882353,0,19,0.4222222222222222,0,0,1,0,8,4,0,0,0,3,1,0.0,0.0,12.0,43.2,0,moderate,1,,,81,76,0,7,0.9382716049382716,0,9,41,17,21,3,0,0.0,1,9,8,1.2352941176470589,14,5,3,1,0,32,0.0,13,False,False,True
3154,oz_ERC20Wrapper,,data/safe_contracts/openzeppelin-contracts/contracts/token/ERC20/extensions/ERC20Wrapper.sol,,openzeppelin,0,0,0,0,0,0,0,0,0,0,0,0,0,0,1,0,0,0,0,0,0,0,1,1,0,0,0,28,17,0,5,0,7,0,79,11,1,2.411764705882353,0,31,0.3924050632911392,0,0,1,0,16,12,0,0,0,4,2,0.0,0.0,28.0,170.8,1,moderate,1,,,81,76,0,7,0.9382716049382716,0,9,41,17,21,3,0,0.0,1,9,8,1.2352941176470589,14,5,3,1,0,32,0.0,13,False,False,True
3155,oz_ERC20Burnable,,data/safe_contracts/openzeppelin-contracts/contracts/token/ERC20/extensions/ERC20Burnable.sol,,openzeppelin,0,0,0,0,0,0,0,0,0,0,0,0,0,0,0,0,0,0,0,0,0,0,1,1,0,0,0,11,17,0,5,0,7,0,35,8,1,2.411764705882353,0,23,0.6571428571428571,0,0,1,0,8,3,0,0,0,3,1,0.0,0.0,11.0,37.03333333333333,0,moderate,1,,,81,76,0,7,0.9382716049382716,0,9,41,17,21,3,0,0.0,1,9,8,1.2352941176470589,14,5,3,1,0,32,0.0,13,False,False,True
3158,oz_IERC20Metadata,,data/safe_contracts/openzeppelin-contracts/contracts/token/ERC20/extensions/IERC20Metadata.sol,,openzeppelin,0,0,0,0,0,0,0,0,0,0,0,0,0,0,0,0,0,0,0,0,0,0,1,1,0,0,0,4,6,0,0,0,1,0,21,2,1,1.0,0,14,0.6666666666666666,0,0,0,0,4,0,0,0,0,2,1,0.0,0.0,4.0,8.0,0,simple,0,,,0,0,0,0,0.0,0,0,0,6,0,0,0,0.0,0,6,0,0.0,6,0,0,0,0,10,0.0,5,False,False,True
3160,oz_ERC20FlashMint,,data/safe_contracts/openzeppelin-contracts/contracts/token/ERC20/extensions/ERC20FlashMint.sol,,openzeppelin,0,0,0,0,0,1,1,0,0,0,0,0,0,0,0,0,0,0,0,0,0,0,1,1,0,0,0,14,17,0,5,0,7,0,119,10,1,2.411764705882353,0,70,0.5882352941176471,0,0,1,0,10,4,0,0,0,5,2,0.0,0.0,14.0,35.839999999999996,0,moderate,1,,,81,76,0,7,0.9382716049382716,0,9,41,17,21,3,0,0.0,1,9,8,1.2352941176470589,14,5,3,1,0,32,0.0,13,False,False,True
3161,oz_ERC1363,,data/safe_contracts/openzeppelin-contracts/contracts/token/ERC20/extensions/ERC1363.sol,,openzeppelin,0,0,0,0,0,0,0,0,0,0,0,0,0,0,1,0,0,0,0,0,0,0,1,1,0,0,0,22,7,3,0,0,3,0,123,14,1,1.8571428571428572,0,75,0.6097560975609756,0,3,2,0,18,4,0,0,0,4,2,0.0,0.0,22.0,114.4,1,simple,0,,,26,22,0,4,0.8461538461538461,0,7,13,7,14,1,3,0.17647058823529413,1,7,0,2.0,8,0,3,0,3,18,1.0,7,False,False,True
3162,oz_IERC20Permit,,data/safe_contracts/openzeppelin-contracts/contracts/token/ERC20/extensions/IERC20Permit.sol,,openzeppelin,0,0,0,0,0,0,0,0,0,0,0,0,0,0,0,0,0,0,0,0,0,0,1,0,0,0,0,3,3,0,0,0,1,0,86,1,1,1.0,0,72,0.8372093023255814,0,0,0,0,3,0,0,0,0,2,1,0.0,0.0,3.0,4.5,0,simple,0,,,0,0,0,0,0.0,0,0,0,3,0,0,0,0.0,0,3,0,0.0,3,0,0,0,0,8,0.0,2,False,False,True
3163,oz_ERC20Pausable,,data/safe_contracts/openzeppelin-contracts/contracts/token/ERC20/extensions/ERC20Pausable.sol,,openzeppelin,0,0,0,0,0,0,0,0,0,0,0,0,0,0,0,0,0,0,0,0,0,0,1,1,0,0,0,16,17,0,5,0,7,0,30,9,1,2.411764705882353,0,22,0.7333333333333333,0,0,1,0,9,7,0,0,0,3,1,0.0,0.0,16.0,74.13333333333333,0,moderate,1,,,81,76,0,7,0.9382716049382716,0,9,41,17,21,3,0,0.0,1,9,8,1.2352941176470589,14,5,3,1,0,32,0.0,13,False,False,True
3164,oz_ERC1155Utils,,data/safe_contracts/openzeppelin-contracts/contracts/token/ERC1155/utils/ERC1155Utils.sol,,openzeppelin,0,0,0,0,0,0,0,0,0,0,0,0,0,0,1,0,0,0,0,0,0,0,1,1,0,0,0,10,2,6,0,0,7,0,84,6,1,7.0,0,29,0.34523809523809523,0,0,0,0,8,2,0,0,0,4,2,0.0,0.0,10.0,23.5,0,simple,0,,,30,38,0,7,1.2666666666666666,0,0,14,2,8,0,6,0.42857142857142855,0,0,2,4.0,4,0,2,0,0,12,0.0,2,False,False,True
3165,oz_ERC1155Holder,,data/safe_contracts/openzeppelin-contracts/contracts/token/ERC1155/utils/ERC1155Holder.sol,,openzeppelin,0,0,0,0,0,0,0,0,0,0,0,0,0,0,0,0,0,0,0,0,0,0,1,1,0,0,0,6,3,0,0,0,1,0,37,4,1,1.0,0,11,0.2972972972972973,0,0,2,0,6,0,0,0,0,2,1,0.0,0.0,6.0,18.0,0,simple,0,,,6,3,0,1,0.5,0,3,3,3,2,1,0,0.0,1,3,0,0.6666666666666666,3,0,0,0,0,11,0.0,3,False,False,True
3170,oz_IERC1155MetadataURI,,data/safe_contracts/openzeppelin-contracts/contracts/token/ERC1155/extensions/IERC1155MetadataURI.sol,,openzeppelin,0,0,0,0,0,0,0,0,0,0,0,0,0,0,0,0,0,0,0,0,0,0,1,1,0,0,0,5,6,0,0,0,1,0,17,3,1,1.0,0,12,0.7058823529411765,0,0,1,0,5,0,0,0,0,2,1,0.0,0.0,5.0,12.5,0,simple,0,,,0,0,0,0,0.0,0,0,0,6,0,0,0,0.0,0,6,0,0.0,6,0,0,0,0,18,0.0,6,False,False,True
3172,oz_BitMaps,,data/safe_contracts/openzeppelin-contracts/contracts/utils/structs/BitMaps.sol,,openzeppelin,0,0,0,0,0,0,0,0,0,0,0,0,0,0,0,0,0,0,0,0,0,0,1,0,0,0,0,6,4,0,0,0,3,0,55,1,1,1.5,0,27,0.4909090909090909,0,0,0,0,2,4,0,0,0,2,1,0.0,0.0,6.0,14.399999999999999,0,simple,0,,,17,14,0,3,0.8235294117647058,0,1,6,4,2,0,0,0.0,0,0,4,0.5,3,0,0,0,0,9,0.0,4,False,False,True
3175,oz_DoubleEndedQueue,,data/safe_contracts/openzeppelin-contracts/contracts/utils/structs/DoubleEndedQueue.sol,,openzeppelin,0,0,0,0,0,0,0,0,0,0,0,0,0,0,1,0,0,0,0,0,0,0,1,0,0,0,0,22,17,7,0,0,3,0,218,2,1,2.6470588235294117,0,109,0.5,0,7,0,0,4,18,0,0,0,3,2,0.0,0.0,22.0,121.73333333333332,1,moderate,1,,,107,97,0,8,0.9065420560747663,0,19,45,17,10,0,7,0.4117647058823529,0,0,17,0.5882352941176471,7,0,7,0,0,23,0.0,17,False,False,True
3179,oz_Checkpoints,,data/safe_contracts/openzeppelin-contracts/contracts/utils/structs/Checkpoints.sol,,openzeppelin,0,0,0,0,0,0,0,0,0,0,0,0,0,0,1,0,0,0,0,0,0,0,1,0,0,1,9,172,48,20,0,0,6,0,746,4,1,3.0,0,249,0.33378016085790885,0,12,0,0,21,161,0,10,0,6,2,0.0,0.0,227.0,5058.316666666667,1,complex,2,,,340,324,16,11,0.9529411764705882,1,68,144,48,60,0,20,0.25,0,0,48,1.25,5,0,16,0,0,108,0.0,48,False,False,True
3180,oz_IERC165,,data/safe_contracts/openzeppelin-contracts/contracts/utils/introspection/IERC165.sol,,openzeppelin,0,0,0,0,0,0,0,0,0,0,0,0,0,0,0,0,0,0,0,0,0,0,1,0,0,0,0,2,1,0,0,0,1,0,23,1,1,1.0,0,19,0.8260869565217391,0,0,0,0,2,0,0,0,0,1,1,0.0,0.0,2.0,4.0,0,simple,0,,,0,0,0,0,0.0,0,0,0,1,0,0,0,0.0,0,1,0,0.0,1,0,0,0,0,1,0.0,1,False,False,True
3181,oz_ERC165,,data/safe_contracts/openzeppelin-contracts/contracts/utils/introspection/ERC165.sol,,openzeppelin,0,0,0,0,0,0,0,0,0,0,0,0,0,0,0,0,0,0,0,0,0,0,1,1,0,0,0,4,1,0,0,0,1,0,22,2,1,1.0,0,15,0.6818181818181818,0,0,1,0,4,0,0,0,0,2,1,0.0,0.0,4.0,8.0,0,simple,0,,,2,1,0,1,0.5,0,1,1,1,1,1,0,0.0,0,1,0,1.0,1,0,0,0,0,1,0.0,1,False,False,True
3182,oz_ERC165Checker,,data/safe_contracts/openzeppelin-contracts/contracts/utils/introspection/ERC165Checker.sol,,openzeppelin,0,0,0,0,0,0,0,0,0,0,0,0,0,0,1,0,0,0,0,0,0,0,1,1,0,0,0,11,7,1,1,0,8,0,128,2,1,2.857142857142857,0,70,0.546875,0,0,0,0,5,6,0,0,0,4,2,0.0,0.0,11.0,25.299999999999997,0,moderate,1,,,47,43,2,8,0.9148936170212766,0,8,20,7,14,0,1,0.06666666666666667,0,0,7,2.0,6,1,1,1,0,11,0.0,6,False,False,True
3183,oz_Time,,data/safe_contracts/openzeppelin-contracts/contracts/utils/types/Time.sol,,openzeppelin,0,0,1,0,0,0,0,0,0,0,0,0,0,0,1,0,0,0,0,0,0,1,1,0,0,1,10,130,9,10,0,0,3,0,118,4,1,1.3333333333333333,0,68,0.576271186440678,0,6,0,0,17,124,0,11,0,8,4,0.0,0.0,190.0,2465.25,1,simple,0,,,33,25,0,6,0.7575757575757576,0,10,12,9,4,0,10,0.7142857142857143,0,0,9,0.4444444444444444,7,0,6,0,0,12,0.0,7,False,False,True
3184,oz_MerkleProof,,data/safe_contracts/openzeppelin-contracts/contracts/utils/cryptography/MerkleProof.sol,,openzeppelin,0,0,0,0,0,0,0,0,0,0,0,0,0,0,1,0,0,0,0,0,0,0,1,0,0,0,0,22,16,8,0,0,16,0,483,2,1,5.5,4,248,0.5134575569358178,0,4,0,0,4,18,0,0,0,3,2,0.0,0.0,22.0,121.73333333333332,1,complex,2,,,192,204,28,20,1.0625,1,24,88,16,12,0,8,0.4,0,0,16,0.75,3,0,6,0,0,56,0.0,16,False,False,True
3186,oz_Hashes,,data/safe_contracts/openzeppelin-contracts/contracts/utils/cryptography/Hashes.sol,,openzeppelin,0,0,0,0,0,0,0,0,0,0,0,0,0,0,1,0,0,0,0,0,0,0,1,0,0,0,0,5,2,0,0,0,2,0,28,1,1,1.5,0,15,0.5357142857142857,0,0,0,0,3,2,0,0,0,3,2,0.0,0.0,5.0,7.333333333333334,0,simple,0,,,10,8,0,5,0.8,0,2,3,2,3,0,0,0.0,0,0,2,1.5,2,0,0,0,0,4,0.0,2,False,False,True
3190,oz_P256,,data/safe_contracts/openzeppelin-contracts/contracts/utils/cryptography/P256.sol,,openzeppelin,0,0,0,0,0,0,0,0,0,0,0,0,0,0,1,0,0,0,0,0,0,0,1,0,0,1,9,147,16,5,8,0,10,0,379,5,1,2.9375,0,149,0.39313984168865435,0,4,0,0,23,134,0,10,0,6,2,0.0,0.0,202.0,3932.2666666666664,1,moderate,1,,,220,212,6,40,0.9636363636363636,1,17,47,16,37,0,5,0.11904761904761904,0,0,16,2.3125,10,8,4,1,0,51,0.0,15,False,False,True
3192,oz_ECDSA,,data/safe_contracts/openzeppelin-contracts/contracts/utils/cryptography/ECDSA.sol,,openzeppelin,0,0,0,0,0,0,0,0,0,0,0,0,0,0,1,0,0,0,0,0,0,0,1,0,0,0,0,17,11,0,0,0,9,0,266,1,1,3.0,0,119,0.4473684210526316,0,0,0,0,6,11,0,0,0,3,2,0.0,0.0,17.0,77.63333333333333,0,moderate,1,,,118,114,0,10,0.9661016949152542,0,13,33,11,23,0,0,0.0,1,0,11,2.090909090909091,7,0,0,0,0,26,0.0,11,False,False,True
3193,oz_RSA,,data/safe_contracts/openzeppelin-contracts/contracts/utils/cryptography/RSA.sol,,openzeppelin,0,0,0,0,0,0,0,0,0,0,0,0,0,0,1,0,0,0,0,0,0,0,1,0,0,1,9,128,3,2,0,0,19,0,142,4,1,7.0,1,79,0.5563380281690141,0,2,0,0,18,120,0,10,0,6,2,0.0,0.0,183.0,3111.0,1,moderate,1,,,50,51,2,23,1.02,1,6,21,3,4,0,2,0.3333333333333333,1,0,3,1.3333333333333333,2,0,1,0,0,10,0.0,3,False,False,True
3194,oz_SafeCast,,data/safe_contracts/openzeppelin-contracts/contracts/utils/math/SafeCast.sol,,openzeppelin,0,0,0,0,0,0,0,0,0,0,0,0,0,0,1,0,0,0,0,0,0,0,1,0,0,0,0,68,65,0,0,0,3,0,1092,1,1,2.9692307692307693,0,696,0.6373626373626373,0,0,0,0,3,65,0,0,0,3,2,0.0,0.0,68.0,1099.3333333333335,1,complex,2,,,324,323,0,3,0.9969135802469136,0,33,193,65,64,0,0,0.0,0,0,65,0.9846153846153847,5,0,0,0,0,65,0.0,65,False,False,True
3195,oz_SignedMath,,data/safe_contracts/openzeppelin-contracts/contracts/utils/math/SignedMath.sol,,openzeppelin,0,0,0,0,0,0,0,0,0,0,0,0,0,0,1,0,0,0,0,0,0,0,1,0,0,0,0,74,5,1,0,0,1,0,60,2,1,1.0,0,35,0.5833333333333334,0,1,0,0,4,70,0,0,0,3,2,0.0,0.0,74.0,1307.3333333333335,1,simple,0,,,12,7,0,2,0.5833333333333334,0,5,5,5,2,0,1,0.3333333333333333,0,0,5,0.4,3,0,1,0,0,10,0.0,5,False,False,True
3196,oz_Math,,data/safe_contracts/openzeppelin-contracts/contracts/utils/math/Math.sol,,openzeppelin,0,0,0,0,0,0,0,0,0,0,0,0,0,0,1,0,0,0,0,0,0,0,1,0,0,1,9,119,36,31,0,0,17,0,693,3,1,2.611111111111111,2,339,0.48917748917748916,0,19,0,0,16,113,0,10,0,6,2,0.0,0.0,174.0,2757.8999999999996,1,critical,3,,,289,274,2,29,0.9480968858131488,0,33,94,36,45,0,31,0.40789473684210525,1,0,36,1.25,17,0,20,0,0,76,0.0,36,False,False,True
3197,oz_ERC7913P256Verifier,,data/safe_contracts/openzeppelin-contracts/contracts/utils/cryptography/verifiers/ERC7913P256Verifier.sol,,openzeppelin,0,0,0,0,0,0,0,0,0,0,0,0,0,0,1,0,0,0,0,0,0,0,1,1,0,1,9,133,16,5,8,0,10,0,26,7,1,2.9375,0,9,0.34615384615384615,0,4,0,0,26,117,0,10,0,7,2,0.0,0.0,188.0,2897.885714285714,1,moderate,1,,,220,212,6,40,0.9636363636363636,1,17,47,16,37,0,5,0.11904761904761904,0,0,16,2.3125,10,8,4,1,0,51,0.0,15,False,False,True
3198,oz_ERC7913RSAVerifier,,data/safe_contracts/openzeppelin-contracts/contracts/utils/cryptography/verifiers/ERC7913RSAVerifier.sol,,openzeppelin,0,0,0,0,0,0,0,0,0,0,0,0,0,0,1,0,0,0,0,0,0,0,1,1,0,1,9,119,3,2,0,0,19,0,20,6,1,7.0,1,8,0.4,0,2,0,0,21,108,0,10,0,7,2,0.0,0.0,174.0,2401.2,1,moderate,1,,,50,51,2,23,1.02,1,6,21,3,4,0,2,0.3333333333333333,1,0,3,1.3333333333333333,2,0,1,0,0,10,0.0,3,False,False,True
3200,oz_SignerECDSA,,data/safe_contracts/openzeppelin-contracts/contracts/utils/cryptography/signers/SignerECDSA.sol,,openzeppelin,0,0,0,0,0,0,0,0,0,0,0,0,0,0,1,0,0,0,0,0,0,1,1,0,0,0,1,21,11,0,0,0,9,0,49,3,1,3.0,0,27,0.5510204081632653,0,0,0,0,8,14,0,1,0,4,3,0.0,0.0,26.0,115.69999999999999,1,moderate,1,,,118,114,0,10,0.9661016949152542,0,13,33,11,23,0,0,0.0,1,0,11,2.090909090909091,7,0,0,0,0,26,0.0,11,False,False,True
3203,oz_SignerP256,,data/safe_contracts/openzeppelin-contracts/contracts/utils/cryptography/signers/SignerP256.sol,,openzeppelin,0,0,0,0,0,0,0,0,0,0,0,0,0,0,1,0,0,0,0,0,0,0,1,0,0,1,9,151,16,5,8,0,10,0,56,7,1,2.9375,0,27,0.48214285714285715,0,4,0,0,25,136,0,10,0,6,2,0.0,0.0,206.0,4126.866666666667,1,moderate,1,,,220,212,6,40,0.9636363636363636,1,17,47,16,37,0,5,0.11904761904761904,0,0,16,2.3125,10,8,4,1,0,51,0.0,15,False,False,True
3204,oz_AbstractSigner,,data/safe_contracts/openzeppelin-contracts/contracts/utils/cryptography/signers/AbstractSigner.sol,,openzeppelin,0,0,0,0,0,0,0,0,0,0,0,0,0,0,0,0,0,0,0,0,0,0,1,0,0,0,0,2,1,0,0,0,1,0,21,1,1,1.0,0,17,0.8095238095238095,0,0,0,0,2,0,0,0,0,1,1,0.0,0.0,2.0,4.0,0,simple,0,,,0,0,0,0,0.0,0,0,0,1,0,0,0,0.0,0,0,1,0.0,1,0,0,0,0,2,0.0,1,False,False,True
3205,oz_SignerEIP7702,,data/safe_contracts/openzeppelin-contracts/contracts/utils/cryptography/signers/SignerEIP7702.sol,,openzeppelin,0,0,0,0,0,0,0,0,0,0,0,0,0,0,1,0,0,0,0,0,0,1,1,0,0,0,1,20,1,1,0,0,1,0,22,3,1,1.0,0,10,0.45454545454545453,0,1,1,0,8,13,0,1,0,4,3,0.0,0.0,25.0,106.875,1,simple,0,,,5,4,0,4,0.8,0,1,1,1,0,0,1,1.0,0,0,1,0.0,1,0,1,0,1,2,1.0,1,False,False,True
3208,oz_SignerRSA,,data/safe_contracts/openzeppelin-contracts/contracts/utils/cryptography/signers/SignerRSA.sol,,openzeppelin,0,0,0,0,0,0,0,0,0,0,0,0,0,0,1,0,0,0,0,0,0,0,1,0,0,1,9,132,3,2,0,0,19,0,58,6,1,7.0,1,34,0.5862068965517241,0,2,0,0,20,122,0,10,0,6,2,0.0,0.0,187.0,3284.9666666666662,1,moderate,1,,,50,51,2,23,1.02,1,6,21,3,4,0,2,0.3333333333333333,1,0,3,1.3333333333333333,2,0,1,0,0,10,0.0,3,False,False,True
3209,oz_ProxyAdmin,,data/safe_contracts/openzeppelin-contracts/contracts/proxy/transparent/ProxyAdmin.sol,,openzeppelin,0,0,0,0,0,0,0,0,0,0,0,0,0,0,1,0,0,0,0,0,0,1,1,1,0,1,2,63,4,0,0,0,3,0,40,14,1,1.5,0,26,0.65,1,0,0,0,35,31,0,3,0,7,3,0.0,0.0,83.0,672.3,1,simple,0,,,17,15,0,11,0.8823529411764706,0,0,5,4,11,3,0,0.0,0,1,3,2.75,9,0,0,0,0,1,0.0,1,False,False,True
3210,oz_TransparentUpgradeableProxy,,data/safe_contracts/openzeppelin-contracts/contracts/proxy/transparent/TransparentUpgradeableProxy.sol,,openzeppelin,0,0,0,0,0,0,0,0,0,0,0,0,0,0,1,0,0,0,0,0,0,1,1,1,0,1,2,63,4,0,0,0,3,0,109,14,1,1.5,0,75,0.6880733944954128,1,0,0,0,35,31,0,3,0,7,3,0.0,0.0,83.0,672.3,1,simple,0,,,17,15,0,11,0.8823529411764706,0,0,5,4,11,3,0,0.0,0,1,3,2.75,9,0,0,0,0,1,0.0,1,False,False,True
3211,oz_UUPSUpgradeable,,data/safe_contracts/openzeppelin-contracts/contracts/proxy/utils/UUPSUpgradeable.sol,,openzeppelin,0,0,0,0,0,0,0,0,0,0,0,0,0,0,1,0,0,0,0,0,0,1,1,1,0,0,2,60,8,4,2,2,3,0,134,9,1,1.75,0,86,0.6417910447761194,1,2,1,0,32,30,0,2,0,7,3,0.0,0.0,70.0,530.0,1,simple,0,,,26,22,0,5,0.8461538461538461,0,1,13,8,8,2,4,0.3333333333333333,0,2,6,1.0,8,2,1,1,1,5,1.0,3,False,False,True
3212,oz_Initializable,,data/safe_contracts/openzeppelin-contracts/contracts/proxy/utils/Initializable.sol,,openzeppelin,0,0,0,0,0,0,0,0,0,0,0,0,0,0,1,0,0,0,0,0,0,0,1,0,0,0,0,9,7,0,1,3,5,0,218,1,1,1.8571428571428572,0,143,0.6559633027522935,0,0,0,0,3,6,0,0,0,3,2,0.0,0.0,9.0,21.6,0,simple,0,,,25,21,0,6,0.84,0,3,13,7,7,0,0,0.0,0,0,7,1.0,4,1,0,1,0,0,0.0,0,False,False,True
3213,oz_ERC1967Proxy,,data/safe_contracts/openzeppelin-contracts/contracts/proxy/ERC1967/ERC1967Proxy.sol,,openzeppelin,0,0,0,0,0,0,0,0,0,0,0,0,0,0,1,0,0,0,0,0,0,1,1,1,0,0,2,59,3,2,0,0,3,0,56,9,1,1.6666666666666667,0,38,0.6785714285714286,1,2,1,0,31,30,0,2,0,5,3,0.0,0.0,69.0,717.6,1,simple,0,,,9,7,0,3,0.7777777777777778,0,2,5,3,2,1,2,0.5,0,1,2,0.6666666666666666,3,0,1,0,1,2,1.0,1,False,False,True
3214,oz_ERC1967Utils,,data/safe_contracts/openzeppelin-contracts/contracts/proxy/ERC1967/ERC1967Utils.sol,,openzeppelin,0,0,0,0,0,0,0,0,0,0,0,0,0,0,1,0,0,0,0,0,0,1,1,1,0,0,2,66,11,13,3,0,5,0,154,7,1,2.272727272727273,0,82,0.5324675324675324,0,8,0,0,28,40,0,2,0,5,3,0.0,0.0,76.0,851.1999999999999,1,moderate,1,,,49,45,0,6,0.9183673469387755,0,3,25,11,13,0,13,0.5,0,0,11,1.1818181818181819,9,3,6,1,2,8,3.0,6,False,False,True
3215,oz_UpgradeableBeacon,,data/safe_contracts/openzeppelin-contracts/contracts/proxy/beacon/UpgradeableBeacon.sol,,openzeppelin,0,0,0,0,0,0,0,0,0,0,0,0,0,0,0,0,0,0,0,0,0,0,1,1,0,0,0,9,4,0,1,0,3,0,61,4,1,1.5,0,37,0.6065573770491803,0,0,2,0,6,3,0,0,0,4,1,0.0,0.0,9.0,18.225,0,simple,0,,,14,11,0,4,0.7857142857142857,0,1,6,4,6,2,0,0.0,1,3,1,1.5,4,1,1,1,0,4,0.0,3,False,False,True
3216,oz_IBeacon,,data/safe_contracts/openzeppelin-contracts/contracts/proxy/beacon/IBeacon.sol,,openzeppelin,0,0,0,0,0,0,0,0,0,0,0,0,0,0,0,0,0,0,0,0,0,0,1,0,0,0,0,2,1,0,0,0,1,0,14,1,1,1.0,0,10,0.7142857142857143,0,0,0,0,2,0,0,0,0,1,1,0.0,0.0,2.0,4.0,0,simple,0,,,0,0,0,0,0.0,0,0,0,1,0,0,0,0.0,0,1,0,0.0,1,0,0,0,0,0,0.0,0,False,False,True
3217,oz_BeaconProxy,,data/safe_contracts/openzeppelin-contracts/contracts/proxy/beacon/BeaconProxy.sol,,openzeppelin,0,0,0,0,0,0,0,0,0,0,0,0,0,0,1,0,0,0,0,0,0,1,1,1,0,0,2,61,4,0,0,0,3,0,51,9,1,1.5,0,34,0.6666666666666666,1,0,0,0,31,32,0,2,0,6,3,0.0,0.0,71.0,631.8999999999999,1,simple,0,,,17,15,0,11,0.8823529411764706,0,0,5,4,11,3,0,0.0,0,1,3,2.75,9,0,0,0,0,1,0.0,1,False,False,True
3218,oz_ICompoundTimelock,,data/safe_contracts/openzeppelin-contracts/contracts/vendor/compound/ICompoundTimelock.sol,,openzeppelin,0,0,0,0,0,0,0,0,0,0,0,0,0,0,0,0,0,0,0,0,0,0,1,0,0,0,0,5,14,0,0,0,1,0,70,1,1,1.0,0,8,0.11428571428571428,2,0,0,0,5,0,0,0,0,2,1,0.0,0.0,5.0,12.5,0,simple,0,,,0,0,0,0,0.0,0,0,0,14,0,0,0,0.0,0,14,0,0.0,14,0,0,0,0,18,0.0,6,False,False,True
3219,tob_reentrancy_Reentrancy,,data/production/vulnerable/raw/tob_reentrancy_Reentrancy.sol,,production_vulnerable,1,0,0,1,1,0,0,0,0,0,0,0,0,0,0,0,0,0,0,0,0,0,1,0,0,1,0,9,5,5,1,0,3,2,35,1,1,1.8,0,8,0.22857142857142856,1,0,0,0,8,2,0,1,1,6,3,0.0,0.0,19.0,29.766666666666666,1,simple,0,,,18,13,0,4,0.7222222222222222,0,3,9,5,0,0,5,1.0,0,5,0,0.0,5,1,0,1,5,1,0.0,1,False,True,False
3220,tob_Multiplicator_Multiplicator,,data/production/vulnerable/raw/tob_Multiplicator_Multiplicator.sol,,production_vulnerable,0,0,0,0,0,0,0,0,0,0,0,0,0,0,0,0,0,0,0,0,0,0,1,0,0,0,0,4,4,2,1,0,3,0,21,1,1,1.5,0,0,0.0,3,0,0,0,3,1,0,0,0,3,1,0.0,0.0,4.0,4.933333333333334,0,simple,0,,,9,6,0,2,0.6666666666666666,0,0,6,4,3,1,2,0.4,0,3,1,0.75,4,1,1,1,2,1,0.5,1,False,True,False
3221,tob_GiftBox_GiftBox,,data/production/vulnerable/raw/tob_GiftBox_GiftBox.sol,,production_vulnerable,0,1,0,0,1,0,0,0,0,0,0,0,0,0,0,0,0,0,0,0,0,0,1,0,0,1,0,13,8,2,4,0,3,0,57,1,1,2.25,0,0,0.0,4,0,0,0,14,2,0,1,1,6,3,0.0,0.0,23.0,59.033333333333324,1,simple,0,,,27,23,0,3,0.8518518518518519,0,2,18,8,4,1,2,0.3333333333333333,0,7,1,0.5,7,4,4,1,2,5,2.0,5,False,True,False
3222,tob_unprotected_function_Unprotected,,data/production/vulnerable/raw/tob_unprotected_function_Unprotected.sol,,production_vulnerable,0,0,0,0,0,0,0,0,0,0,0,0,0,0,0,0,0,0,0,0,0,0,1,0,0,0,0,8,3,0,1,1,1,0,25,1,1,1.0,0,1,0.04,0,0,0,0,5,3,0,0,0,4,2,0.0,0.0,8.0,14.2,0,simple,0,,,7,4,0,2,0.5714285714285714,0,0,3,3,1,1,0,0.0,0,3,0,0.3333333333333333,3,1,2,0,0,2,0.0,2,False,True,False
3224,MainchainGatewayProxy_0x1a2a1c93,0x1a2a1c9300000000000000000000000000000000,data/production/vulnerable/raw/MainchainGatewayProxy_0x1a2a1c93.sol,,production_vulnerable,0,0,0,0,0,0,0,0,0,0,0,0,1,0,1,1,0,1,0,0,0,0,1,1,0,1,2,47,5,0,0,0,1,0,449,11,1,1.0,0,43,0.0957683741648107,1,0,2,0,41,10,0,3,1,11,4,0.0,0.0,67.0,292.3636363636364,1,simple,0,,,15,10,0,4,0.6666666666666666,0,2,5,5,5,2,0,0.0,0,5,0,1.0,4,0,1,1,0,2,0.0,2,False,True,False
3225,tob_SpankChain_source_code_SpankChain_Payment,,data/production/vulnerable/raw/tob_SpankChain_source_code_SpankChain_Payment.sol,,production_vulnerable,1,1,1,1,1,1,1,0,0,0,0,0,0,0,1,0,0,0,0,0,0,0,1,0,0,3,17,98,5,0,1,0,1,0,771,5,1,1.0,0,113,0.14656290531776914,0,0,0,0,93,35,0,20,3,18,6,0.0,0.0,213.0,1390.4166666666667,1,simple,0,,,0,0,0,0,0.0,0,0,0,5,0,0,0,0.0,0,5,0,0.0,5,1,0,0,0,10,0.0,5,False,True,False
3226,tob_VarLoop_VarLoop,,data/production/vulnerable/raw/tob_VarLoop_VarLoop.sol,,production_vulnerable,0,1,0,0,0,0,0,0,0,0,0,0,0,0,0,0,0,0,0,0,0,0,1,0,0,1,0,3,4,2,1,0,10,0,32,1,1,3.25,0,0,0.0,3,0,0,0,3,1,0,1,0,3,2,0.0,0.0,13.0,16.03333333333333,0,simple,0,,,23,23,1,12,1.0,0,0,13,4,2,1,2,0.5,0,3,1,0.5,5,1,0,1,2,0,0.0,0,False,True,False
3228,tob_integer_overflow_integer_overflow_1,,data/production/vulnerable/raw/tob_integer_overflow_integer_overflow_1.sol,,production_vulnerable,0,0,0,0,0,0,0,0,0,0,0,0,0,0,0,0,0,0,0,0,0,0,1,0,0,0,0,3,3,0,1,0,1,0,13,1,1,1.0,0,2,0.15384615384615385,0,0,0,0,3,0,0,0,0,2,1,0.0,0.0,3.0,4.5,0,simple,0,,,6,3,0,2,0.5,0,0,3,3,1,1,0,0.0,0,2,1,0.3333333333333333,3,1,2,1,0,2,0.0,2,False,True,False
3232,tob_forced_ether_reception_coin,,data/production/vulnerable/raw/tob_forced_ether_reception_coin.sol,,production_vulnerable,0,0,0,0,0,0,0,0,0,0,1,0,0,0,0,0,0,0,0,0,0,0,1,0,0,1,1,19,2,0,1,1,1,0,158,4,1,1.0,0,63,0.3987341772151899,0,0,0,0,20,3,0,2,0,10,3,0.0,0.0,34.0,75.14,1,simple,0,,,5,3,0,2,0.6,0,0,2,2,1,1,0,0.0,0,2,0,0.5,2,1,1,0,0,1,0.0,1,False,True,False
3234,tob_wrong_constructor_name_incorrect_constructor,,data/production/vulnerable/raw/tob_wrong_constructor_name_incorrect_constructor.sol,,production_vulnerable,0,0,0,0,0,0,0,0,0,0,0,0,0,0,0,0,0,0,0,0,0,0,1,0,0,0,0,3,2,1,1,1,1,0,21,1,1,1.0,0,2,0.09523809523809523,0,0,0,0,3,0,0,0,0,2,1,0.0,0.0,3.0,4.5,0,simple,0,,,5,3,0,2,0.6,0,0,2,2,2,1,1,0.3333333333333333,0,2,0,1.0,3,1,0,1,1,0,0.0,0,False,True,False
3235,tob_KotET_source_code_KingOfTheEtherThrone,,data/production/vulnerable/raw/tob_KotET_source_code_KingOfTheEtherThrone.sol,,production_vulnerable,0,0,1,1,1,0,0,0,0,0,0,0,0,0,0,0,0,0,0,0,0,0,1,0,0,1,10,13,7,5,9,1,21,0,140,1,1,3.857142857142857,1,50,0.35714285714285715,0,0,0,0,8,16,0,11,1,11,5,0.0,0.0,73.0,127.41818181818181,1,moderate,1,,,61,63,0,21,1.0327868852459017,0,2,27,7,3,1,5,0.625,0,6,1,0.42857142857142855,5,9,3,1,4,3,0.75,3,False,True,False
3237,tob_Rubixi_source_code_Rubixi,,data/production/vulnerable/raw/tob_Rubixi_source_code_Rubixi.sol,,production_vulnerable,0,0,0,1,1,0,0,0,0,0,0,0,0,0,0,0,0,0,0,0,0,0,1,0,0,1,5,25,19,5,7,1,8,0,119,1,1,2.3157894736842106,0,15,0.12605042016806722,0,0,0,0,15,16,0,6,4,11,4,0.0,0.0,60.0,142.9090909090909,1,moderate,1,,,99,86,1,12,0.8686868686868687,0,6,44,19,9,2,5,0.35714285714285715,0,16,3,0.47368421052631576,12,7,6,1,5,7,1.2,7,False,True,False
3238,tob_PrivateBank_PrivateBank,,data/production/vulnerable/raw/tob_PrivateBank_PrivateBank.sol,,production_vulnerable,1,0,0,1,0,0,0,0,0,0,0,0,0,0,0,0,0,0,0,0,0,0,1,0,0,2,0,15,5,4,3,0,5,1,54,2,1,2.2,0,0,0.0,2,0,0,0,17,2,0,2,0,7,3,0.0,0.0,35.0,92.0,1,simple,0,,,16,14,0,4,0.875,0,0,11,5,0,0,4,1.0,0,4,1,0.0,5,3,2,1,4,2,0.5,2,False,True,False
3239,tob_race_condition_RaceCondition,,data/production/vulnerable/raw/tob_race_condition_RaceCondition.sol,,production_vulnerable,1,0,0,0,0,0,0,1,0,0,0,0,0,0,0,1,0,1,0,0,0,0,1,0,0,1,2,6,3,1,3,0,1,0,42,2,1,1.0,0,7,0.16666666666666666,1,0,0,0,6,3,0,3,0,7,5,0.0,0.0,26.0,30.085714285714285,1,simple,0,,,12,9,0,4,0.75,0,0,3,3,2,1,1,0.3333333333333333,0,3,0,0.6666666666666666,2,3,3,1,1,4,3.0,3,False,True,False
3240,tob_incorrect_interface_Bob,,data/production/vulnerable/raw/tob_incorrect_interface_Bob.sol,,production_vulnerable,0,0,0,0,0,0,0,0,0,0,0,0,0,0,0,0,0,0,0,0,0,0,1,0,0,0,0,4,2,2,0,0,1,0,13,2,1,1.0,0,0,0.0,0,0,0,0,4,0,0,0,0,2,1,0.0,0.0,4.0,8.0,0,simple,0,,,4,2,0,1,0.5,0,0,2,2,0,0,2,1.0,0,2,0,0.0,2,0,2,0,0,2,0.0,2,False,True,False
3241,Registrar_0x6090a6e4,0x6090a6e400000000000000000000000000000000,data/production/vulnerable/raw/Registrar_0x6090a6e4.sol,,production_vulnerable,1,1,1,0,1,1,1,0,0,0,0,0,0,0,1,0,0,1,0,0,0,0,1,0,0,2,9,80,26,34,9,3,15,0,527,3,1,3.6153846153846154,2,206,0.3908918406072106,2,0,0,0,62,32,0,11,1,17,6,0.0,0.0,145.0,719.8823529411765,1,critical,3,,,236,227,7,19,0.961864406779661,1,27,94,26,30,5,34,0.53125,1,19,7,1.1538461538461537,14,9,13,1,4,43,3.25,25,False,True,False
3242,tob_KOTH_KOTH,,data/production/vulnerable/raw/tob_KOTH_KOTH.sol,,production_vulnerable,0,0,0,0,0,0,0,0,0,0,0,0,0,0,0,0,0,1,0,0,0,0,1,0,0,1,0,3,1,0,1,1,1,0,30,2,1,1.0,0,10,0.3333333333333333,0,0,0,0,4,0,0,1,0,3,2,0.0,0.0,13.0,17.333333333333332,0,simple,0,,,2,1,0,1,0.5,0,0,1,1,0,0,0,0.0,0,1,0,0.0,1,1,0,0,0,0,0.0,0,False,True,False
3243,MoneyMarket_0x0eEe3E38,0x0eEe3E3800000000000000000000000000000000,data/production/vulnerable/raw/MoneyMarket_0x0eEe3E38.sol,,production_vulnerable,1,0,0,0,0,1,1,0,0,0,0,0,1,0,1,1,0,0,0,0,1,1,1,0,0,1,33,68,40,13,15,0,47,0,2230,9,1,8.375,7,829,0.3717488789237668,1,0,2,0,48,55,0,34,1,17,5,0.0,0.0,243.0,1236.4411764705883,1,critical,3,,,879,849,5,106,0.9658703071672355,1,173,335,40,153,5,13,0.0783132530120482,0,23,17,3.825,32,15,15,1,0,61,0.0,34,False,True,False
3244,tob_incorrect_interface_Alice,,data/production/vulnerable/raw/tob_incorrect_interface_Alice.sol,,production_vulnerable,0,0,0,0,0,0,0,0,0,0,0,0,0,0,0,0,0,0,0,0,0,0,1,0,0,0,0,5,3,0,1,0,1,0,13,1,1,1.0,0,0,0.0,0,0,0,0,5,0,0,0,0,2,1,0.0,0.0,5.0,12.5,0,simple,0,,,6,3,0,1,0.5,0,0,3,3,0,0,0,0.0,0,3,0,0.0,3,1,2,0,0,2,0.0,2,False,True,False
3245,tob_SpankChain_source_code_SpankChain,,data/production/vulnerable/raw/tob_SpankChain_source_code_SpankChain.sol,,production_vulnerable,0,0,0,1,0,0,0,0,0,0,0,0,0,0,0,0,0,0,0,0,0,0,1,0,0,0,0,17,5,0,1,0,1,0,129,3,1,1.0,0,68,0.5271317829457365,0,0,0,0,19,0,0,0,0,6,2,0.0,0.0,17.0,53.833333333333336,0,simple,0,,,0,0,0,0,0.0,0,0,0,5,0,0,0,0.0,0,5,0,0.0,5,1,0,0,0,10,0.0,5,False,True,False
3246,BZxVault_0x8b3d70d6,0x8b3d70d600000000000000000000000000000000,data/production/vulnerable/raw/BZxVault_0x8b3d70d6.sol,,production_vulnerable,0,1,0,0,0,0,0,0,0,0,0,0,0,0,1,0,0,0,0,0,0,0,1,0,0,1,3,9,5,1,0,0,3,0,231,5,1,2.6,0,41,0.1774891774891775,1,0,2,0,10,3,0,4,0,7,3,0.0,0.0,34.0,58.77142857142857,1,simple,0,,,30,26,0,5,0.8666666666666667,0,7,13,5,9,1,1,0.1,0,5,0,1.8,4,0,1,0,1,12,1.0,4,False,True,False
3247,tob_denial_of_service_auction,,data/production/vulnerable/raw/tob_denial_of_service_auction.sol,,production_vulnerable,0,0,0,1,1,0,0,0,0,0,0,0,0,0,0,0,0,0,0,0,0,0,1,0,0,0,1,3,1,1,2,0,3,0,42,2,1,3.0,0,11,0.2619047619047619,1,0,0,0,2,2,0,1,1,3,3,0.0,0.0,8.0,9.066666666666666,1,simple,0,,,7,7,0,5,1.0,0,0,3,1,1,1,1,0.5,0,1,0,1.0,1,2,0,1,1,0,0.0,0,False,True,False
3248,tob_reentrancy_ReentrancyExploit,,data/production/vulnerable/raw/tob_reentrancy_ReentrancyExploit.sol,,production_vulnerable,0,1,0,1,0,0,0,0,0,0,0,0,0,0,0,0,0,0,0,0,0,0,1,0,0,1,0,14,6,4,3,0,3,3,31,1,1,1.3333333333333333,0,5,0.16129032258064516,2,0,0,0,14,1,0,1,0,6,3,0.0,0.0,24.0,58.800000000000004,1,simple,0,,,16,11,0,3,0.6875,0,0,8,6,7,1,4,0.36363636363636365,0,5,1,1.1666666666666667,5,3,1,1,4,1,0.25,1,False,True,False
3251,CErc20Delegator_0x2db6c82c,0x2db6c82c00000000000000000000000000000000,data/production/vulnerable/raw/CErc20Delegator_0x2db6c82c,,production_vulnerable,1,0,0,1,0,0,1,0,1,0,0,0,0,0,1,0,0,0,0,0,1,0,1,0,0,2,1,76,40,10,0,0,3,4,423,10,1,1.05,0,226,0.5342789598108747,1,0,2,0,90,6,0,3,0,12,6,0.0,0.0,101.0,792.85,1,complex,2,,,137,98,0,7,0.7153284671532847,0,3,42,40,43,2,10,0.18867924528301888,0,36,4,1.075,6,0,4,1,4,50,1.0,28,False,True,False
3252,Wormhole_0xf92cD566,0xf92cD56600000000000000000000000000000000,data/production/vulnerable/raw/Wormhole_0xf92cD566,,production_vulnerable,0,0,0,0,0,0,0,0,0,0,0,0,0,0,0,0,0,0,0,0,0,0,1,0,0,0,0,2,0,0,0,0,0,0,0,1,0,0.0,0,0,0.0,0,0,0,0,2,0,0,0,0,1,1,0.0,0.0,2.0,4.0,0,simple,0,,,0,0,0,0,0.0,0,0,0,0,0,0,0,0.0,0,0,0,0.0,0,0,0,0,0,0,0.0,0,False,True,False
3253,UniswapV2Router02_0x7a250d56,0x7a250d5600000000000000000000000000000000,data/production/safe/raw/UniswapV2Router02_0x7a250d56.sol,,production_safe,0,0,0,1,0,0,0,1,0,0,0,0,0,0,0,0,0,0,0,0,0,1,1,0,0,1,6,24,27,92,2,1,10,0,725,10,1,2.259259259259259,0,24,0.03310344827586207,5,54,2,0,13,20,0,7,0,9,3,0.0,0.0,64.0,192.0,1,critical,3,,,233,222,12,30,0.9527896995708155,1,5,61,27,47,3,92,0.6618705035971223,0,24,3,1.7407407407407407,11,2,26,1,26,132,1.0,26,False,False,True
3255,UniswapV2Factory_0x5C69bEe7,0x5C69bEe700000000000000000000000000000000,data/production/safe/raw/UniswapV2Factory_0x5C69bEe7.sol,,production_safe,1,0,1,1,0,1,1,0,0,0,0,0,0,0,1,0,0,0,0,0,0,0,1,0,0,1,5,31,5,3,4,0,3,0,414,11,1,1.4,0,18,0.043478260869565216,0,0,1,0,17,20,0,6,0,13,5,0.0,0.0,66.0,157.3846153846154,1,simple,0,,,28,24,0,16,0.8571428571428571,0,1,7,5,6,1,3,0.3333333333333333,0,5,0,1.2,6,4,4,1,0,5,0.0,4,False,False,True
3256,Dai_0x6B175474,0x6B17547400000000000000000000000000000000,data/production/safe/raw/Dai_0x6B175474.sol,,production_safe,0,0,1,0,0,0,0,0,0,0,0,0,0,0,0,0,0,0,0,0,0,0,1,0,0,0,0,4,15,3,11,1,3,0,169,2,1,1.4,0,39,0.23076923076923078,0,0,1,0,3,1,0,0,0,3,2,0.0,0.0,4.0,4.933333333333334,0,moderate,1,,,68,56,0,10,0.8235294117647058,0,3,21,15,24,3,3,0.1111111111111111,0,12,3,1.6,10,11,8,1,0,33,0.0,14,False,False,True
3257,Unitroller_0x3d981921,0x3d98192100000000000000000000000000000000,data/production/safe/raw/Unitroller_0x3d981921.sol,,production_safe,1,0,0,1,0,1,1,0,1,0,0,0,1,0,1,0,0,0,0,0,0,0,1,0,0,1,28,68,6,1,0,0,3,1,2166,14,1,2.3333333333333335,0,987,0.4556786703601108,1,0,1,0,52,45,0,29,0,14,6,0.0,0.0,218.0,1300.2142857142858,1,moderate,1,,,44,38,0,9,0.8636363636363636,0,8,14,6,4,1,1,0.2,0,6,0,0.6666666666666666,3,0,2,1,1,2,2.0,2,False,False,True
3258,CErc20Delegator_0x5d3a536E,0x5d3a536E00000000000000000000000000000000,data/production/safe/raw/CErc20Delegator_0x5d3a536E.sol,,production_safe,1,0,0,1,0,0,1,0,1,0,0,0,0,0,1,0,0,0,0,0,1,0,1,0,0,2,1,41,38,70,0,0,3,3,749,10,1,1.0526315789473684,0,405,0.540720961281709,1,0,2,0,54,6,0,3,0,11,6,0.0,0.0,66.0,349.19999999999993,1,complex,2,,,129,92,0,7,0.7131782945736435,0,34,40,38,103,2,70,0.4046242774566474,0,36,2,2.710526315789474,5,0,27,1,5,50,5.4,28,False,False,True
3261,UniswapV3Factory_0x1F98431c,0x1F98431c00000000000000000000000000000000,data/production/safe/raw/UniswapV3Factory_0x1F98431c,,production_safe,0,0,0,0,0,0,0,0,0,0,0,0,0,0,0,0,0,0,0,0,0,0,1,0,0,0,0,3,0,0,0,0,0,0,0,1,0,0.0,0,0,0.0,0,0,0,0,2,1,0,0,0,2,1,0.0,0.0,3.0,4.05,0,simple,0,,,0,0,0,0,0.0,0,0,0,0,0,0,0,0.0,0,0,0,0.0,0,0,0,0,0,0,0.0,0,False,False,True
3262,SuperSimpleSafe,0x860cbe41dcfc43a0aa41fd3e65f02d48,/tmp/tmp_bi2nrd6/01_super_simple_safe.sol,,adversarial_test,0,0,0,0,0,0,0,0,0,0,0,0,0,0,0,0,0,0,0,0,0,0,1,0,0,0,0,3,2,0,1,0,1,0,16,1,1,1.0,0,6,0.375,0,0,0,0,3,0,0,0,0,2,1,0.0,0.0,3.0,4.5,0,simple,0,,,4,2,0,1,0.5,0,1,2,2,0,0,0,0.0,0,2,0,0.0,2,1,1,1,0,1,0.0,1,False,False,True
3263,ObviousReentrancy,0xd81343d6688847048fa880d3edf371cc,/tmp/tmpc3yz7pea/02_obvious_reentrancy.sol,,adversarial_test,1,0,0,1,0,0,0,0,0,0,0,0,0,0,0,0,0,0,0,0,0,0,1,0,0,1,0,3,2,1,1,0,1,1,22,1,1,1.0,0,9,0.4090909090909091,1,0,0,0,3,1,0,1,0,3,3,0.0,0.0,13.0,16.03333333333333,1,simple,0,,,8,6,0,5,0.75,0,0,2,2,1,1,1,0.5,0,2,0,0.5,2,1,0,1,1,0,0.0,0,False,True,False
3264,ComplexButSafe,0x17364939b3e0413d8f2908fcd2ebfff7,/tmp/tmph77csmgk/03_complex_but_safe.sol,,adversarial_test,0,0,1,0,0,0,0,0,0,0,0,0,0,0,0,0,0,0,0,0,0,0,1,0,0,0,0,9,6,1,3,2,1,0,67,1,1,1.0,0,7,0.1044776119402985,0,0,0,0,8,1,0,0,0,3,2,0.0,0.0,9.0,26.1,0,simple,0,,,21,15,0,4,0.7142857142857143,0,3,6,6,4,1,1,0.2,0,6,0,0.6666666666666666,6,3,2,1,1,6,2.0,4,False,False,True
3266,TimestampManipulation,0x92a4e3ffc3914c64ae00fba27b80304c,/tmp/tmputa9kbi1/05_timestamp_manipulation.sol,,adversarial_test,0,0,1,0,0,0,0,0,0,0,0,0,0,0,0,0,0,0,0,0,0,0,1,0,0,0,0,3,2,1,2,0,1,0,22,1,1,1.0,0,8,0.36363636363636365,0,0,0,0,3,1,0,0,1,3,2,0.0,0.0,3.0,3.7,0,simple,0,,,7,5,0,4,0.7142857142857143,0,0,2,2,1,1,1,0.5,0,2,0,0.5,2,2,0,1,1,0,0.0,0,False,False,True
3267,UncheckedExternalCall,0x5e2d4063811a42fa8cdeca710ebf6a5c,/tmp/tmp264cui6z/06_unchecked_external_call.sol,,adversarial_test,0,0,0,1,0,0,0,0,0,0,0,0,0,0,0,0,0,0,0,0,0,0,1,0,0,0,1,6,2,2,0,0,1,2,19,1,1,1.0,0,9,0.47368421052631576,2,0,0,0,4,3,0,1,0,4,2,0.0,0.0,11.0,16.775,0,simple,0,,,6,4,0,3,0.6666666666666666,0,0,2,2,1,1,2,0.6666666666666666,0,2,0,0.5,2,0,2,0,2,2,1.0,2,False,True,False
3268,IntegerOverflowOld,0x3315e55495d44400956310b3862f346c,/tmp/tmph64g735x/07_integer_overflow_old.sol,,adversarial_test,0,0,0,0,0,0,0,0,0,0,0,0,0,0,0,0,0,0,0,0,0,0,1,0,0,0,0,2,2,1,1,0,1,0,19,1,1,1.0,0,8,0.42105263157894735,1,0,0,0,2,0,0,0,0,1,1,0.0,0.0,2.0,4.0,0,simple,0,,,5,3,0,2,0.6,0,0,2,2,0,0,1,1.0,0,2,0,0.0,2,1,1,1,1,1,1.0,1,False,False,True
3269,SafeWithChecks,0x07924dc198fd4ff0b73be7bb33c5774d,/tmp/tmpuo602f5h/08_safe_with_checks.sol,,adversarial_test,0,0,0,1,0,0,1,0,0,0,0,0,0,0,0,0,0,0,0,0,0,0,1,0,0,0,0,4,4,1,3,2,1,1,43,1,1,1.0,0,7,0.16279069767441862,1,0,0,0,4,1,0,0,1,4,3,0.0,0.0,4.0,4.7,1,simple,0,,,16,12,0,7,0.75,0,1,4,4,3,1,1,0.25,0,4,0,0.75,4,3,1,1,1,1,1.0,1,False,False,True
3270,DelegatecallDanger,0x01dd1bded1de46a692c53d4e52ed66ec,/tmp/tmp2l0_0tip/09_delegatecall_danger.sol,,adversarial_test,0,0,0,1,0,0,0,0,1,0,0,0,0,0,0,0,0,0,0,0,0,0,1,0,0,1,0,5,2,1,1,0,1,1,18,1,1,1.0,0,7,0.3888888888888889,0,0,0,0,4,3,0,1,1,5,3,0.0,0.0,15.0,18.299999999999997,1,simple,0,,,6,4,0,3,0.6666666666666666,0,0,2,2,1,1,1,0.5,0,2,0,0.5,2,1,2,0,1,3,2.0,2,False,True,False
3271,TxOriginAuth,0x641c61de9e4f48b9854c7f24f43ddbce,/tmp/tmpttbhco57/10_tx_origin_auth.sol,,adversarial_test,0,1,0,0,0,0,0,0,0,0,0,0,0,1,0,0,0,0,0,0,0,0,1,0,0,1,1,2,3,1,1,0,1,0,19,1,1,1.0,0,7,0.3684210526315789,1,0,0,0,3,2,0,2,1,4,3,0.0,0.0,17.0,18.7,1,simple,0,,,6,3,0,2,0.5,0,0,3,3,2,1,1,0.3333333333333333,0,3,0,0.6666666666666666,4,1,0,1,1,0,0.0,0,False,True,False
3272,HiddenReentrancy,0xa1304fa5271446ae8b4efd0125fc5e85,/tmp/tmpglxedzbe/11_hidden_reentrancy.sol,,adversarial_test,0,0,0,0,0,1,0,0,0,0,0,0,0,0,0,0,0,0,0,0,0,0,1,0,0,0,0,3,2,1,1,1,1,0,26,1,1,1.0,0,9,0.34615384615384615,1,0,0,0,2,1,0,0,0,2,2,0.0,0.0,3.0,4.05,0,simple,0,,,7,5,0,4,0.7142857142857143,0,0,2,2,2,1,1,0.3333333333333333,0,2,0,1.0,3,1,1,1,1,1,1.0,1,False,False,True
3273,FalsePositiveTrap,0xa8b5587c7937457db83760bfdf444a63,/tmp/tmpa6w1ajwf/12_false_positive_trap.sol,,adversarial_test,0,0,0,1,0,0,0,0,0,0,0,0,0,0,0,0,0,0,0,0,0,0,1,0,0,0,1,3,2,1,1,0,1,1,24,1,1,1.0,0,12,0.5,1,0,0,0,3,1,0,1,0,3,2,0.0,0.0,8.0,9.866666666666665,0,simple,0,,,6,4,0,3,0.6666666666666666,0,0,2,2,1,1,1,0.5,0,2,0,0.5,2,1,1,1,1,1,1.0,1,False,True,False
3274,ModernDeFiSafe,0x2b435989b2a44dd99a8c39e7b1b042ec,/tmp/tmp3g_64hwv/13_modern_defi_safe.sol,,adversarial_test,0,0,0,1,0,0,0,0,0,0,0,0,0,0,0,0,0,0,0,0,0,0,1,0,0,0,0,3,4,1,2,1,5,1,38,1,1,2.0,0,8,0.21052631578947367,1,0,0,0,3,0,0,0,0,2,2,0.0,0.0,3.0,4.5,0,simple,0,,,16,14,0,8,0.875,0,1,8,4,3,1,1,0.25,0,3,1,0.75,6,2,1,1,1,2,1.0,2,False,False,True
3276,GasGriefing,0x1d9d08a7ebef46f1bd790830afedf6e2,/tmp/tmp40o5nz_s/15_gas_griefing.sol,,adversarial_test,0,0,0,0,0,0,0,0,0,0,0,0,0,0,0,0,0,0,0,0,0,0,1,0,0,0,0,3,2,2,1,0,4,0,22,1,1,2.5,0,9,0.4090909090909091,1,0,0,0,3,1,0,0,1,3,1,0.0,0.0,3.0,3.7,0,simple,0,,,10,9,1,6,0.9,0,0,5,2,0,0,2,1.0,0,2,0,0.0,2,1,1,1,1,1,1.0,1,False,False,True
3278,LogicError,0xca8e69a247224479b386e847aac35782,/tmp/tmpu8ouhf85/17_logic_error.sol,,adversarial_test,0,0,0,0,0,0,0,0,0,0,1,0,0,0,0,0,0,0,0,0,0,0,1,0,0,1,0,2,3,0,2,0,3,0,25,1,1,1.6666666666666667,0,10,0.4,0,0,0,0,4,0,0,1,0,3,2,0.0,0.0,12.0,15.999999999999998,0,simple,0,,,9,6,0,3,0.6666666666666666,0,3,5,3,0,0,0,0.0,0,3,0,0.0,3,2,0,1,0,2,0.0,2,False,True,False
3279,IOracle,0x86153e267a6b45b8a77bf92648f75fe6,/tmp/tmph3qc4_ub/18_oracle_manipulation.sol,,adversarial_test,0,0,0,0,0,0,0,0,0,0,0,0,0,0,0,0,0,0,0,0,0,0,1,0,0,0,0,2,1,0,0,0,1,0,30,2,1,1.0,0,8,0.26666666666666666,0,0,0,0,3,0,0,0,1,2,1,0.0,0.0,2.0,3.0,0,simple,0,,,0,0,0,0,0.0,0,0,0,1,0,0,0,0.0,0,1,0,0.0,1,0,0,0,0,0,0.0,0,False,False,True
3281,UpgradeableSafe,0xf8ed6b7791ea47318b4d23230a34b196,/tmp/tmpjsmu72ey/20_upgradeable_safe.sol,,adversarial_test,0,0,0,0,0,0,0,0,0,0,0,0,0,0,1,1,0,0,0,0,0,0,1,0,0,0,1,5,3,0,2,1,3,0,36,1,1,1.6666666666666667,0,9,0.25,1,0,0,0,5,2,0,1,1,5,2,0.0,0.0,10.0,12.8,0,simple,0,,,20,18,0,12,0.9,0,0,5,3,9,1,0,0.0,0,3,0,3.0,10,2,2,1,0,2,0.0,2,False,True,False
3283,EmptyContract,0x8397740228a04aa3976381493debde82,/tmp/tmppvkuqqgt/22_empty_contract.sol,,adversarial_test,0,0,0,0,0,0,0,0,0,0,0,0,0,0,0,0,0,0,0,0,0,0,1,0,0,0,0,2,0,0,0,0,0,0,11,1,1,0.0,0,8,0.7272727272727273,0,0,0,0,2,0,0,0,0,1,1,0.0,0.0,2.0,4.0,0,simple,0,,,0,0,0,0,0.0,0,0,0,0,0,0,0,0.0,0,0,0,0.0,0,0,0,0,0,0,0.0,0,False,False,True
3284,OnlyEvents,0x37de0843954d4e09a4632f0779be00ca,/tmp/tmpv6fvz02p/23_only_events.sol,,adversarial_test,0,0,0,0,0,0,0,0,0,0,0,0,0,0,0,0,0,0,0,0,0,0,1,0,0,0,0,2,2,0,0,0,1,0,18,1,1,1.0,0,7,0.3888888888888889,0,0,0,0,2,0,0,0,0,1,1,0.0,0.0,2.0,4.0,0,simple,0,,,4,2,0,1,0.5,0,0,2,2,0,0,0,0.0,0,2,0,0.0,2,0,0,0,0,2,0.0,2,False,False,True
3285,IntentionalHoneypot,0x7c912b5965ba483fb602ed6423bf7115,/tmp/tmp_jx6wnh_/24_intentional_honeypot.sol,,adversarial_test,0,0,0,0,0,0,0,0,0,0,0,0,0,0,0,0,0,0,0,0,0,0,1,0,0,0,0,2,4,1,1,0,1,0,27,1,1,1.0,0,10,0.37037037037037035,2,0,0,0,2,0,0,0,0,1,1,0.0,0.0,2.0,4.0,0,simple,0,,,10,6,0,3,0.6,0,0,4,4,3,1,1,0.25,0,4,0,0.75,4,1,0,1,1,0,0.0,0,False,False,True
3286,GasOptimizationExtreme,0x655bd3c4ebd6438fb1437fd384cb4e80,/tmp/tmpsfw3rzcw/25_gas_optimization_extreme.sol,,adversarial_test,0,0,0,0,0,0,0,0,0,0,0,0,0,0,1,0,0,0,0,0,0,0,1,0,0,0,0,6,2,0,2,0,1,0,28,1,1,1.0,0,9,0.32142857142857145,0,0,0,0,8,0,0,0,0,4,2,0.0,0.0,6.0,12.0,0,simple,0,,,14,12,0,7,0.8571428571428571,0,0,2,2,4,1,0,0.0,0,2,0,2.0,4,2,0,0,0,2,0.0,1,False,False,True
3287,tob_reentrancy_Reentrancy,,data/production/vulnerable/raw/tob_reentrancy_Reentrancy.sol,,production_vulnerable,1,0,0,1,1,0,0,0,0,0,0,0,0,0,0,0,0,0,0,0,0,0,1,0,0,1,0,9,5,5,1,0,3,2,35,1,1,1.8,0,8,0.22857142857142856,1,0,0,0,8,2,0,1,1,6,3,0.0,0.0,19.0,29.766666666666666,1,simple,0,,,18,13,0,4,0.7222222222222222,0,3,9,5,0,0,5,1.0,0,5,0,0.0,5,1,0,1,5,1,0.0,1,False,True,False
3288,tob_Multiplicator_Multiplicator,,data/production/vulnerable/raw/tob_Multiplicator_Multiplicator.sol,,production_vulnerable,0,0,0,0,0,0,0,0,0,0,0,0,0,0,0,0,0,0,0,0,0,0,1,0,0,0,0,4,4,2,1,0,3,0,21,1,1,1.5,0,0,0.0,3,0,0,0,3,1,0,0,0,3,1,0.0,0.0,4.0,4.933333333333334,0,simple,0,,,9,6,0,2,0.6666666666666666,0,0,6,4,3,1,2,0.4,0,3,1,0.75,4,1,1,1,2,1,0.5,1,False,True,False
3289,tob_GiftBox_GiftBox,,data/production/vulnerable/raw/tob_GiftBox_GiftBox.sol,,production_vulnerable,0,1,0,0,1,0,0,0,0,0,0,0,0,0,0,0,0,0,0,0,0,0,1,0,0,1,0,13,8,2,4,0,3,0,57,1,1,2.25,0,0,0.0,4,0,0,0,14,2,0,1,1,6,3,0.0,0.0,23.0,59.033333333333324,1,simple,0,,,27,23,0,3,0.8518518518518519,0,2,18,8,4,1,2,0.3333333333333333,0,7,1,0.5,7,4,4,1,2,5,2.0,5,False,True,False
3290,tob_unprotected_function_Unprotected,,data/production/vulnerable/raw/tob_unprotected_function_Unprotected.sol,,production_vulnerable,0,0,0,0,0,0,0,0,0,0,0,0,0,0,0,0,0,0,0,0,0,0,1,0,0,0,0,8,3,0,1,1,1,0,25,1,1,1.0,0,1,0.04,0,0,0,0,5,3,0,0,0,4,2,0.0,0.0,8.0,14.2,0,simple,0,,,7,4,0,2,0.5714285714285714,0,0,3,3,1,1,0,0.0,0,3,0,0.3333333333333333,3,1,2,0,0,2,0.0,2,False,True,False
3293,tob_SpankChain_source_code_SpankChain_Payment,,data/production/vulnerable/raw/tob_SpankChain_source_code_SpankChain_Payment.sol,,production_vulnerable,1,1,1,1,1,1,1,0,0,0,0,0,0,0,1,0,0,0,0,0,0,0,1,0,0,3,17,98,5,0,1,0,1,0,771,5,1,1.0,0,113,0.14656290531776914,0,0,0,0,93,35,0,20,3,18,6,0.0,0.0,213.0,1390.4166666666667,1,simple,0,,,0,0,0,0,0.0,0,0,0,5,0,0,0,0.0,0,5,0,0.0,5,1,0,0,0,10,0.0,5,False,True,False
3294,tob_VarLoop_VarLoop,,data/production/vulnerable/raw/tob_VarLoop_VarLoop.sol,,production_vulnerable,0,1,0,0,0,0,0,0,0,0,0,0,0,0,0,0,0,0,0,0,0,0,1,0,0,1,0,3,4,2,1,0,10,0,32,1,1,3.25,0,0,0.0,3,0,0,0,3,1,0,1,0,3,2,0.0,0.0,13.0,16.03333333333333,0,simple,0,,,23,23,1,12,1.0,0,0,13,4,2,1,2,0.5,0,3,1,0.5,5,1,0,1,2,0,0.0,0,False,True,False
3296,tob_integer_overflow_integer_overflow_1,,data/production/vulnerable/raw/tob_integer_overflow_integer_overflow_1.sol,,production_vulnerable,0,0,0,0,0,0,0,0,0,0,0,0,0,0,0,0,0,0,0,0,0,0,1,0,0,0,0,3,3,0,1,0,1,0,13,1,1,1.0,0,2,0.15384615384615385,0,0,0,0,3,0,0,0,0,2,1,0.0,0.0,3.0,4.5,0,simple,0,,,6,3,0,2,0.5,0,0,3,3,1,1,0,0.0,0,2,1,0.3333333333333333,3,1,2,1,0,2,0.0,2,False,True,False
3300,tob_forced_ether_reception_coin,,data/production/vulnerable/raw/tob_forced_ether_reception_coin.sol,,production_vulnerable,0,0,0,0,0,0,0,0,0,0,1,0,0,0,0,0,0,0,0,0,0,0,1,0,0,1,1,19,2,0,1,1,1,0,158,4,1,1.0,0,63,0.3987341772151899,0,0,0,0,20,3,0,2,0,10,3,0.0,0.0,34.0,75.14,1,simple,0,,,5,3,0,2,0.6,0,0,2,2,1,1,0,0.0,0,2,0,0.5,2,1,1,0,0,1,0.0,1,False,True,False
3302,tob_wrong_constructor_name_incorrect_constructor,,data/production/vulnerable/raw/tob_wrong_constructor_name_incorrect_constructor.sol,,production_vulnerable,0,0,0,0,0,0,0,0,0,0,0,0,0,0,0,0,0,0,0,0,0,0,1,0,0,0,0,3,2,1,1,1,1,0,21,1,1,1.0,0,2,0.09523809523809523,0,0,0,0,3,0,0,0,0,2,1,0.0,0.0,3.0,4.5,0,simple,0,,,5,3,0,2,0.6,0,0,2,2,2,1,1,0.3333333333333333,0,2,0,1.0,3,1,0,1,1,0,0.0,0,False,True,False
3303,tob_KotET_source_code_KingOfTheEtherThrone,,data/production/vulnerable/raw/tob_KotET_source_code_KingOfTheEtherThrone.sol,,production_vulnerable,0,0,1,1,1,0,0,0,0,0,0,0,0,0,0,0,0,0,0,0,0,0,1,0,0,1,10,13,7,5,9,1,21,0,140,1,1,3.857142857142857,1,50,0.35714285714285715,0,0,0,0,8,16,0,11,1,11,5,0.0,0.0,73.0,127.41818181818181,1,moderate,1,,,61,63,0,21,1.0327868852459017,0,2,27,7,3,1,5,0.625,0,6,1,0.42857142857142855,5,9,3,1,4,3,0.75,3,False,True,False
3305,tob_Rubixi_source_code_Rubixi,,data/production/vulnerable/raw/tob_Rubixi_source_code_Rubixi.sol,,production_vulnerable,0,0,0,1,1,0,0,0,0,0,0,0,0,0,0,0,0,0,0,0,0,0,1,0,0,1,5,25,19,5,7,1,8,0,119,1,1,2.3157894736842106,0,15,0.12605042016806722,0,0,0,0,15,16,0,6,4,11,4,0.0,0.0,60.0,142.9090909090909,1,moderate,1,,,99,86,1,12,0.8686868686868687,0,6,44,19,9,2,5,0.35714285714285715,0,16,3,0.47368421052631576,12,7,6,1,5,7,1.2,7,False,True,False
3306,tob_PrivateBank_PrivateBank,,data/production/vulnerable/raw/tob_PrivateBank_PrivateBank.sol,,production_vulnerable,1,0,0,1,0,0,0,0,0,0,0,0,0,0,0,0,0,0,0,0,0,0,1,0,0,2,0,15,5,4,3,0,5,1,54,2,1,2.2,0,0,0.0,2,0,0,0,17,2,0,2,0,7,3,0.0,0.0,35.0,92.0,1,simple,0,,,16,14,0,4,0.875,0,0,11,5,0,0,4,1.0,0,4,1,0.0,5,3,2,1,4,2,0.5,2,False,True,False
3307,tob_race_condition_RaceCondition,,data/production/vulnerable/raw/tob_race_condition_RaceCondition.sol,,production_vulnerable,1,0,0,0,0,0,0,1,0,0,0,0,0,0,0,1,0,1,0,0,0,0,1,0,0,1,2,6,3,1,3,0,1,0,42,2,1,1.0,0,7,0.16666666666666666,1,0,0,0,6,3,0,3,0,7,5,0.0,0.0,26.0,30.085714285714285,1,simple,0,,,12,9,0,4,0.75,0,0,3,3,2,1,1,0.3333333333333333,0,3,0,0.6666666666666666,2,3,3,1,1,4,3.0,3,False,True,False
3308,tob_incorrect_interface_Bob,,data/production/vulnerable/raw/tob_incorrect_interface_Bob.sol,,production_vulnerable,0,0,0,0,0,0,0,0,0,0,0,0,0,0,0,0,0,0,0,0,0,0,1,0,0,0,0,4,2,2,0,0,1,0,13,2,1,1.0,0,0,0.0,0,0,0,0,4,0,0,0,0,2,1,0.0,0.0,4.0,8.0,0,simple,0,,,4,2,0,1,0.5,0,0,2,2,0,0,2,1.0,0,2,0,0.0,2,0,2,0,0,2,0.0,2,False,True,False
3310,tob_KOTH_KOTH,,data/production/vulnerable/raw/tob_KOTH_KOTH.sol,,production_vulnerable,0,0,0,0,0,0,0,0,0,0,0,0,0,0,0,0,0,1,0,0,0,0,1,0,0,1,0,3,1,0,1,1,1,0,30,2,1,1.0,0,10,0.3333333333333333,0,0,0,0,4,0,0,1,0,3,2,0.0,0.0,13.0,17.333333333333332,0,simple,0,,,2,1,0,1,0.5,0,0,1,1,0,0,0,0.0,0,1,0,0.0,1,1,0,0,0,0,0.0,0,False,True,False
3312,tob_incorrect_interface_Alice,,data/production/vulnerable/raw/tob_incorrect_interface_Alice.sol,,production_vulnerable,0,0,0,0,0,0,0,0,0,0,0,0,0,0,0,0,0,0,0,0,0,0,1,0,0,0,0,5,3,0,1,0,1,0,13,1,1,1.0,0,0,0.0,0,0,0,0,5,0,0,0,0,2,1,0.0,0.0,5.0,12.5,0,simple,0,,,6,3,0,1,0.5,0,0,3,3,0,0,0,0.0,0,3,0,0.0,3,1,2,0,0,2,0.0,2,False,True,False
3313,tob_SpankChain_source_code_SpankChain,,data/production/vulnerable/raw/tob_SpankChain_source_code_SpankChain.sol,,production_vulnerable,0,0,0,1,0,0,0,0,0,0,0,0,0,0,0,0,0,0,0,0,0,0,1,0,0,0,0,17,5,0,1,0,1,0,129,3,1,1.0,0,68,0.5271317829457365,0,0,0,0,19,0,0,0,0,6,2,0.0,0.0,17.0,53.833333333333336,0,simple,0,,,0,0,0,0,0.0,0,0,0,5,0,0,0,0.0,0,5,0,0.0,5,1,0,0,0,10,0.0,5,False,True,False
3315,tob_denial_of_service_auction,,data/production/vulnerable/raw/tob_denial_of_service_auction.sol,,production_vulnerable,0,0,0,1,1,0,0,0,0,0,0,0,0,0,0,0,0,0,0,0,0,0,1,0,0,0,1,3,1,1,2,0,3,0,42,2,1,3.0,0,11,0.2619047619047619,1,0,0,0,2,2,0,1,1,3,3,0.0,0.0,8.0,9.066666666666666,1,simple,0,,,7,7,0,5,1.0,0,0,3,1,1,1,1,0.5,0,1,0,1.0,1,2,0,1,1,0,0.0,0,False,True,False
3316,tob_reentrancy_ReentrancyExploit,,data/production/vulnerable/raw/tob_reentrancy_ReentrancyExploit.sol,,production_vulnerable,0,1,0,1,0,0,0,0,0,0,0,0,0,0,0,0,0,0,0,0,0,0,1,0,0,1,0,14,6,4,3,0,3,3,31,1,1,1.3333333333333333,0,5,0.16129032258064516,2,0,0,0,14,1,0,1,0,6,3,0.0,0.0,24.0,58.800000000000004,1,simple,0,,,16,11,0,3,0.6875,0,0,8,6,7,1,4,0.36363636363636365,0,5,1,1.1666666666666667,5,3,1,1,4,1,0.25,1,False,True,False
3332,oz_interfaces_IERC3156FlashBorrower,,data/safe_contracts/openzeppelin_all/interfaces_IERC3156FlashBorrower.sol,,openzeppelin,0,0,0,0,0,0,0,0,0,0,0,0,0,0,0,0,0,0,0,0,0,0,1,0,0,0,0,2,1,0,0,0,1,0,25,1,1,1.0,0,15,0.6,0,0,0,0,2,0,0,0,0,1,1,0.0,0.0,2.0,4.0,0,simple,0,,,0,0,0,0,0.0,0,0,0,1,0,0,0,0.0,0,1,0,0.0,1,0,0,0,0,5,0.0,1,False,False,True
3342,oz_proxy_utils_Initializable,,data/safe_contracts/openzeppelin_all/proxy_utils_Initializable.sol,,openzeppelin,0,0,0,0,0,0,0,0,0,0,0,0,0,0,1,0,0,0,0,0,0,0,1,0,0,0,0,9,7,0,1,3,5,0,218,1,1,1.8571428571428572,0,143,0.6559633027522935,0,0,0,0,3,6,0,0,0,3,2,0.0,0.0,9.0,21.6,0,simple,0,,,25,21,0,6,0.84,0,3,13,7,7,0,0,0.0,0,0,7,1.0,4,1,0,1,0,0,0.0,0,False,False,True
3343,oz_interfaces_IERC2309,,data/safe_contracts/openzeppelin_all/interfaces_IERC2309.sol,,openzeppelin,0,0,0,0,0,0,0,0,0,0,0,0,0,0,0,0,0,0,0,0,0,0,1,0,0,0,0,2,0,0,0,0,0,0,17,1,1,0.0,0,8,0.47058823529411764,0,0,0,0,2,0,0,0,0,1,1,0.0,0.0,2.0,4.0,0,simple,0,,,0,0,0,0,0.0,0,0,0,0,0,0,0,0.0,0,0,0,0.0,0,0,0,0,0,0,0.0,0,False,False,True
3350,oz_utils_Blockhash,,data/safe_contracts/openzeppelin_all/utils_Blockhash.sol,,openzeppelin,0,0,0,0,0,0,0,0,0,0,0,0,0,0,1,0,0,0,0,0,0,0,1,0,0,0,0,5,3,0,1,0,2,0,46,1,1,1.3333333333333333,0,26,0.5652173913043478,0,0,0,0,3,2,0,0,0,3,2,0.0,0.0,5.0,7.333333333333334,0,simple,0,,,15,12,0,6,0.8,0,2,4,3,7,0,0,0.0,0,0,3,2.3333333333333335,7,1,0,1,0,2,0.0,2,False,False,True
3359,oz_utils_introspection_IERC165,,data/safe_contracts/openzeppelin_all/utils_introspection_IERC165.sol,,openzeppelin,0,0,0,0,0,0,0,0,0,0,0,0,0,0,0,0,0,0,0,0,0,0,1,0,0,0,0,2,1,0,0,0,1,0,23,1,1,1.0,0,19,0.8260869565217391,0,0,0,0,2,0,0,0,0,1,1,0.0,0.0,2.0,4.0,0,simple,0,,,0,0,0,0,0.0,0,0,0,1,0,0,0,0.0,0,1,0,0.0,1,0,0,0,0,1,0.0,1,False,False,True
3363,oz_utils_Panic,,data/safe_contracts/openzeppelin_all/utils_Panic.sol,,openzeppelin,0,0,0,0,0,0,0,0,0,0,0,0,0,0,1,0,0,0,0,0,0,0,1,0,0,0,0,4,2,0,10,0,1,0,54,1,1,1.0,0,34,0.6296296296296297,0,0,0,0,3,1,0,0,0,3,2,0.0,0.0,4.0,4.933333333333334,0,simple,0,,,16,14,0,9,0.875,0,0,2,2,2,0,0,0.0,0,0,2,1.0,3,10,0,0,0,1,0.0,1,False,False,True
3368,oz_access_IAccessControl,,data/safe_contracts/openzeppelin_all/access_IAccessControl.sol,,openzeppelin,0,0,0,0,0,0,0,0,0,0,0,0,0,0,0,0,0,0,0,0,0,0,1,0,0,0,0,2,5,0,0,0,1,0,87,1,1,1.0,0,74,0.8505747126436781,0,0,0,0,2,0,0,0,0,1,1,0.0,0.0,2.0,4.0,0,simple,0,,,0,0,0,0,0.0,0,0,0,5,0,0,0,0.0,0,5,0,0.0,5,0,0,0,0,9,0.0,5,False,False,True
3372,oz_access_manager_IAccessManager,,data/safe_contracts/openzeppelin_all/access_manager_IAccessManager.sol,,openzeppelin,0,0,0,0,0,0,0,0,0,0,0,0,0,0,0,0,0,0,0,0,0,0,1,0,0,0,0,2,29,0,0,0,1,0,360,1,1,1.0,0,287,0.7972222222222223,1,0,0,0,2,0,0,0,0,1,1,0.0,0.0,2.0,4.0,0,moderate,1,,,0,0,0,0,0.0,0,0,0,29,0,0,0,0.0,0,29,0,0.0,29,0,0,0,0,53,0.0,27,False,False,True
3382,oz_utils_LowLevelCall,,data/safe_contracts/openzeppelin_all/utils_LowLevelCall.sol,,openzeppelin,0,0,0,0,0,0,0,0,0,0,0,0,0,0,1,0,0,0,0,0,0,0,1,0,0,0,0,24,12,0,0,0,1,0,114,1,1,1.0,0,31,0.2719298245614035,0,0,0,0,12,12,0,0,0,3,2,0.0,0.0,24.0,163.2,1,moderate,1,,,56,44,0,6,0.7857142857142857,0,2,12,12,31,0,0,0.0,1,0,12,2.5833333333333335,9,0,0,0,0,19,0.0,9,False,False,True
3383,oz_interfaces_IERC777Recipient,,data/safe_contracts/openzeppelin_all/interfaces_IERC777Recipient.sol,,openzeppelin,0,0,0,0,0,0,0,0,0,0,0,0,0,0,0,0,0,0,0,0,0,0,1,0,0,0,0,2,1,0,0,0,1,0,33,1,1,1.0,0,22,0.6666666666666666,0,0,0,0,2,0,0,0,0,1,1,0.0,0.0,2.0,4.0,0,simple,0,,,0,0,0,0,0.0,0,0,0,1,0,0,0,0.0,0,1,0,0.0,1,0,0,0,0,6,0.0,1,False,False,True
3391,oz_utils_StorageSlot,,data/safe_contracts/openzeppelin_all/utils_StorageSlot.sol,,openzeppelin,0,0,0,0,0,0,0,0,0,0,0,0,0,0,1,0,0,0,0,0,0,0,1,0,0,0,0,20,9,0,0,0,1,0,126,1,1,1.0,0,57,0.4523809523809524,0,0,0,0,11,9,0,0,0,3,2,0.0,0.0,20.0,115.33333333333334,0,simple,0,,,36,27,0,3,0.75,0,0,9,9,0,0,0,0.0,0,0,9,0.0,7,0,0,0,0,9,0.0,9,False,False,True
3393,oz_governance_utils_IVotes,,data/safe_contracts/openzeppelin_all/governance_utils_IVotes.sol,,openzeppelin,0,0,0,0,0,0,0,0,0,0,0,0,0,0,0,0,0,0,0,0,0,0,1,0,0,0,0,2,6,0,0,0,1,0,50,1,1,1.0,0,38,0.76,0,0,0,0,2,0,0,0,0,1,1,0.0,0.0,2.0,4.0,0,simple,0,,,0,0,0,0,0.0,0,0,0,6,0,0,0,0.0,0,6,0,0.0,6,0,0,0,0,12,0.0,6,False,False,True
3396,oz_account_utils_EIP7702Utils,,data/safe_contracts/openzeppelin_all/account_utils_EIP7702Utils.sol,,openzeppelin,0,0,0,0,0,0,0,0,0,0,0,0,0,0,0,0,0,0,0,0,0,0,1,0,0,0,0,3,2,0,1,0,2,0,18,1,1,1.5,0,10,0.5555555555555556,0,0,0,0,2,1,0,0,0,2,1,0.0,0.0,3.0,4.05,0,simple,0,,,6,4,0,3,0.6666666666666666,0,2,3,2,1,0,0,0.0,0,0,2,0.5,2,1,0,1,0,1,0.0,1,False,False,True
3400,oz_proxy_Proxy,,data/safe_contracts/openzeppelin_all/proxy_Proxy.sol,,openzeppelin,0,0,0,0,0,0,0,0,0,0,0,0,0,0,1,1,0,0,0,0,0,0,1,0,0,0,1,4,4,0,0,0,3,0,61,1,1,1.5,0,37,0.6065573770491803,1,0,0,0,5,0,0,1,0,4,2,0.0,0.0,9.0,11.25,0,simple,0,,,17,15,0,11,0.8823529411764706,0,0,5,4,11,3,0,0.0,0,1,3,2.75,9,0,0,0,0,1,0.0,1,False,False,True
3406,oz_utils_Errors,,data/safe_contracts/openzeppelin_all/utils_Errors.sol,,openzeppelin,0,0,0,0,0,0,0,0,0,0,0,0,0,0,0,0,0,0,0,0,0,0,1,0,0,0,0,2,0,0,0,0,0,0,29,1,1,0.0,0,22,0.7586206896551724,0,0,0,0,2,0,0,0,0,1,1,0.0,0.0,2.0,4.0,0,simple,0,,,0,0,0,0,0.0,0,0,0,0,0,0,0,0.0,0,0,0,0.0,0,0,0,0,0,0,0.0,0,False,False,True
3407,oz_interfaces_IERC5267,,data/safe_contracts/openzeppelin_all/interfaces_IERC5267.sol,,openzeppelin,0,0,0,0,0,0,0,0,0,0,0,0,0,0,0,0,0,0,0,0,0,0,1,0,0,0,0,2,1,0,0,0,1,0,25,1,1,1.0,0,9,0.36,0,0,0,0,2,0,0,0,0,1,1,0.0,0.0,2.0,4.0,0,simple,0,,,0,0,0,0,0.0,0,0,0,1,0,0,0,0.0,0,1,0,0.0,1,0,0,0,0,0,0.0,0,False,False,True
3408,oz_proxy_beacon_IBeacon,,data/safe_contracts/openzeppelin_all/proxy_beacon_IBeacon.sol,,openzeppelin,0,0,0,0,0,0,0,0,0,0,0,0,0,0,0,0,0,0,0,0,0,0,1,0,0,0,0,2,1,0,0,0,1,0,14,1,1,1.0,0,10,0.7142857142857143,0,0,0,0,2,0,0,0,0,1,1,0.0,0.0,2.0,4.0,0,simple,0,,,0,0,0,0,0.0,0,0,0,1,0,0,0,0.0,0,1,0,0.0,1,0,0,0,0,0,0.0,0,False,False,True
3410,oz_token_ERC721_IERC721Receiver,,data/safe_contracts/openzeppelin_all/token_ERC721_IERC721Receiver.sol,,openzeppelin,0,0,0,0,0,0,0,0,0,0,0,0,0,0,0,0,0,0,0,0,0,0,1,0,0,0,0,2,1,0,0,0,1,0,26,1,1,1.0,0,17,0.6538461538461539,0,0,0,0,2,0,0,0,0,1,1,0.0,0.0,2.0,4.0,0,simple,0,,,0,0,0,0,0.0,0,0,0,1,0,0,0,0.0,0,1,0,0.0,1,0,0,0,0,4,0.0,1,False,False,True
3411,oz_utils_Comparators,,data/safe_contracts/openzeppelin_all/utils_Comparators.sol,,openzeppelin,0,0,0,0,0,0,0,0,0,0,0,0,0,0,0,0,0,0,0,0,0,0,1,0,0,0,0,4,2,0,0,0,1,0,16,1,1,1.0,0,7,0.4375,0,0,0,0,2,2,0,0,0,2,1,0.0,0.0,4.0,6.8,0,simple,0,,,4,2,0,1,0.5,0,2,2,2,0,0,0,0.0,0,0,2,0.0,2,0,0,0,0,4,0.0,2,False,False,True
3412,oz_mocks_proxy_BadBeacon,,data/safe_contracts/openzeppelin_all/mocks_proxy_BadBeacon.sol,,openzeppelin,0,0,0,0,0,0,0,0,0,0,0,0,0,0,0,0,0,0,0,0,0,0,1,0,0,0,0,2,0,0,0,0,0,0,8,2,1,0.0,0,1,0.125,0,0,0,0,2,0,0,0,0,1,1,0.0,0.0,2.0,4.0,0,simple,0,,,0,0,0,0,0.0,0,0,0,0,0,0,0,0.0,0,0,0,0.0,0,0,0,0,0,0,0.0,0,False,False,True
3422,oz_interfaces_IERC777,,data/safe_contracts/openzeppelin_all/interfaces_IERC777.sol,,openzeppelin,0,0,0,0,0,0,0,0,0,0,0,0,0,0,0,0,0,0,0,0,0,0,1,0,0,0,0,2,13,0,0,0,1,0,181,1,1,1.0,0,147,0.8121546961325967,0,0,0,0,2,0,0,0,0,1,1,0.0,0.0,2.0,4.0,0,moderate,1,,,0,0,0,0,0.0,0,0,0,13,0,0,0,0.0,0,13,0,0.0,13,0,0,0,0,19,0.0,8,False,False,True
3429,oz_interfaces_IERC1363Receiver,,data/safe_contracts/openzeppelin_all/interfaces_IERC1363Receiver.sol,,openzeppelin,0,0,0,0,0,0,0,0,0,0,0,0,0,0,0,0,0,0,0,0,0,0,1,0,0,0,0,2,1,0,0,0,1,0,30,1,1,1.0,0,21,0.7,0,0,0,0,2,0,0,0,0,1,1,0.0,0.0,2.0,4.0,0,simple,0,,,0,0,0,0,0.0,0,0,0,1,0,0,0,0.0,0,1,0,0.0,1,0,0,0,0,4,0.0,1,False,False,True
3438,oz_utils_cryptography_signers_AbstractSigner,,data/safe_contracts/openzeppelin_all/utils_cryptography_signers_AbstractSigner.sol,,openzeppelin,0,0,0,0,0,0,0,0,0,0,0,0,0,0,0,0,0,0,0,0,0,0,1,0,0,0,0,2,1,0,0,0,1,0,21,1,1,1.0,0,17,0.8095238095238095,0,0,0,0,2,0,0,0,0,1,1,0.0,0.0,2.0,4.0,0,simple,0,,,0,0,0,0,0.0,0,0,0,1,0,0,0,0.0,0,0,1,0.0,1,0,0,0,0,2,0.0,1,False,False,True
3443,oz_utils_Base58,,data/safe_contracts/openzeppelin_all/utils_Base58.sol,,openzeppelin,0,0,0,0,0,0,0,0,0,0,0,0,0,0,1,0,0,0,0,0,0,0,1,0,0,0,0,8,4,0,0,0,25,0,211,1,1,12.25,2,79,0.3744075829383886,0,0,0,0,4,4,0,0,0,3,2,0.0,0.0,8.0,18.133333333333333,0,moderate,1,,,145,156,15,45,1.0758620689655172,1,4,49,4,12,0,0,0.0,0,0,4,3.0,7,0,0,0,0,4,0.0,4,False,False,True
3445,oz_utils_SlotDerivation,,data/safe_contracts/openzeppelin_all/utils_SlotDerivation.sol,,openzeppelin,0,0,0,0,0,0,0,0,0,0,0,0,0,0,1,0,0,0,0,0,0,0,1,0,0,0,0,21,10,0,0,0,1,0,144,1,1,1.0,0,67,0.4652777777777778,0,0,0,0,11,10,0,0,0,3,2,0.0,0.0,21.0,126.0,1,simple,0,,,70,60,0,13,0.8571428571428571,0,1,10,10,21,0,0,0.0,0,0,10,2.1,4,0,0,0,0,18,0.0,10,False,False,True
3446,oz_utils_cryptography_Hashes,,data/safe_contracts/openzeppelin_all/utils_cryptography_Hashes.sol,,openzeppelin,0,0,0,0,0,0,0,0,0,0,0,0,0,0,1,0,0,0,0,0,0,0,1,0,0,0,0,5,2,0,0,0,2,0,28,1,1,1.5,0,15,0.5357142857142857,0,0,0,0,3,2,0,0,0,3,2,0.0,0.0,5.0,7.333333333333334,0,simple,0,,,10,8,0,5,0.8,0,2,3,2,3,0,0,0.0,0,0,2,1.5,2,0,0,0,0,4,0.0,2,False,False,True
3458,oz_utils_cryptography_ECDSA,,data/safe_contracts/openzeppelin_all/utils_cryptography_ECDSA.sol,,openzeppelin,0,0,0,0,0,0,0,0,0,0,0,0,0,0,1,0,0,0,0,0,0,0,1,0,0,0,0,17,11,0,0,0,9,0,266,1,1,3.0,0,119,0.4473684210526316,0,0,0,0,6,11,0,0,0,3,2,0.0,0.0,17.0,77.63333333333333,0,moderate,1,,,118,114,0,10,0.9661016949152542,0,13,33,11,23,0,0,0.0,1,0,11,2.090909090909091,7,0,0,0,0,26,0.0,11,False,False,True
3467,oz_utils_Context,,data/safe_contracts/openzeppelin_all/utils_Context.sol,,openzeppelin,0,0,0,0,0,0,0,0,0,0,0,0,0,0,0,0,0,0,0,0,0,0,1,0,0,0,0,5,3,0,0,0,1,0,24,1,1,1.0,0,12,0.5,0,0,0,0,2,3,0,0,0,2,1,0.0,0.0,5.0,10.25,0,simple,0,,,6,3,0,1,0.5,0,3,3,3,0,0,0,0.0,0,0,3,0.0,3,0,0,0,0,0,0.0,0,False,False,True
3472,oz_vendor_compound_ICompoundTimelock,,data/safe_contracts/openzeppelin_all/vendor_compound_ICompoundTimelock.sol,,openzeppelin,0,0,0,0,0,0,0,0,0,0,0,0,0,0,0,0,0,0,0,0,0,0,1,0,0,0,0,5,14,0,0,0,1,0,70,1,1,1.0,0,8,0.11428571428571428,2,0,0,0,5,0,0,0,0,2,1,0.0,0.0,5.0,12.5,0,simple,0,,,0,0,0,0,0.0,0,0,0,14,0,0,0,0.0,0,14,0,0.0,14,0,0,0,0,18,0.0,6,False,False,True
3477,oz_interfaces_IERC1363Spender,,data/safe_contracts/openzeppelin_all/interfaces_IERC1363Spender.sol,,openzeppelin,0,0,0,0,0,0,0,0,0,0,0,0,0,0,0,0,0,0,0,0,0,0,1,0,0,0,0,2,1,0,0,0,1,0,24,1,1,1.0,0,20,0.8333333333333334,0,0,0,0,2,0,0,0,0,1,1,0.0,0.0,2.0,4.0,0,simple,0,,,0,0,0,0,0.0,0,0,0,1,0,0,0,0.0,0,1,0,0.0,1,0,0,0,0,3,0.0,1,False,False,True
3478,oz_interfaces_IERC1271,,data/safe_contracts/openzeppelin_all/interfaces_IERC1271.sol,,openzeppelin,0,0,0,0,0,0,0,0,0,0,0,0,0,0,0,0,0,0,0,0,0,0,1,0,0,0,0,2,1,0,0,0,1,0,15,1,1,1.0,0,11,0.7333333333333333,0,0,0,0,2,0,0,0,0,1,1,0.0,0.0,2.0,4.0,0,simple,0,,,0,0,0,0,0.0,0,0,0,1,0,0,0,0.0,0,1,0,0.0,1,0,0,0,0,2,0.0,1,False,False,True
3490,oz_access_manager_IAuthority,,data/safe_contracts/openzeppelin_all/access_manager_IAuthority.sol,,openzeppelin,0,0,0,0,0,0,0,0,0,0,0,0,0,0,0,0,0,0,0,0,0,0,1,0,0,0,0,2,1,0,0,0,1,0,12,1,1,1.0,0,8,0.6666666666666666,0,0,0,0,2,0,0,0,0,1,1,0.0,0.0,2.0,4.0,0,simple,0,,,0,0,0,0,0.0,0,0,0,1,0,0,0,0.0,0,1,0,0.0,1,0,0,0,0,3,0.0,1,False,False,True
3497,oz_interfaces_IERC1820Registry,,data/safe_contracts/openzeppelin_all/interfaces_IERC1820Registry.sol,,openzeppelin,0,0,0,0,0,0,0,0,0,0,0,0,0,0,0,0,0,0,0,0,0,0,1,0,0,0,0,2,8,0,0,0,1,0,101,1,1,1.0,0,88,0.8712871287128713,0,0,0,0,2,0,0,0,0,1,1,0.0,0.0,2.0,4.0,0,simple,0,,,0,0,0,0,0.0,0,0,0,8,0,0,0,0.0,0,8,0,0.0,8,0,0,0,0,15,0.0,8,False,False,True
3501,oz_interfaces_IERC7751,,data/safe_contracts/openzeppelin_all/interfaces_IERC7751.sol,,openzeppelin,0,0,0,0,0,0,0,0,0,0,0,0,0,0,0,0,0,0,0,0,0,0,1,0,0,0,0,2,0,0,0,0,0,0,10,1,1,0.0,0,6,0.6,0,0,0,0,2,0,0,0,0,1,1,0.0,0.0,2.0,4.0,0,simple,0,,,0,0,0,0,0.0,0,0,0,0,0,0,0,0.0,0,0,0,0.0,0,0,0,0,0,0,0.0,0,False,False,True
3517,oz_access_manager_IAccessManaged,,data/safe_contracts/openzeppelin_all/access_manager_IAccessManaged.sol,,openzeppelin,0,0,0,0,0,0,0,0,0,0,0,0,0,0,0,0,0,0,0,0,0,0,1,0,0,0,0,2,3,0,0,0,1,0,26,1,1,1.0,0,16,0.6153846153846154,0,0,0,0,2,0,0,0,0,1,1,0.0,0.0,2.0,4.0,0,simple,0,,,0,0,0,0,0.0,0,0,0,3,0,0,0,0.0,0,3,0,0.0,3,0,0,0,0,1,0.0,1,False,False,True
3527,oz_mocks_proxy_ClashingImplementation,,data/safe_contracts/openzeppelin_all/mocks_proxy_ClashingImplementation.sol,,openzeppelin,0,0,0,0,0,0,0,0,0,0,0,0,0,0,0,1,0,0,0,0,0,0,1,0,0,0,1,2,2,0,0,0,1,0,15,1,1,1.0,0,5,0.3333333333333333,1,0,0,0,3,0,0,1,0,2,2,0.0,0.0,7.0,10.5,0,simple,0,,,4,2,0,1,0.5,0,1,2,2,0,0,0,0.0,0,2,0,0.0,2,0,0,0,0,2,0.0,1,False,False,True
3535,oz_interfaces_IERC777Sender,,data/safe_contracts/openzeppelin_all/interfaces_IERC777Sender.sol,,openzeppelin,0,0,0,0,0,0,0,0,0,0,0,0,0,0,0,0,0,0,0,0,0,0,1,0,0,0,0,2,1,0,0,0,1,0,33,1,1,1.0,0,22,0.6666666666666666,0,0,0,0,2,0,0,0,0,1,1,0.0,0.0,2.0,4.0,0,simple,0,,,0,0,0,0,0.0,0,0,0,1,0,0,0,0.0,0,1,0,0.0,1,0,0,0,0,6,0.0,1,False,False,True
3537,oz_interfaces_IERC6372,,data/safe_contracts/openzeppelin_all/interfaces_IERC6372.sol,,openzeppelin,0,0,0,0,0,0,0,0,0,0,0,0,0,0,0,0,0,0,0,0,0,0,1,0,0,0,0,3,2,0,0,0,1,0,14,1,1,1.0,0,9,0.6428571428571429,0,0,0,0,3,0,0,0,0,2,1,0.0,0.0,3.0,4.5,0,simple,0,,,0,0,0,0,0.0,0,0,0,2,0,0,0,0.0,0,2,0,0.0,2,0,0,0,0,0,0.0,0,False,False,True
3538,oz_utils_structs_BitMaps,,data/safe_contracts/openzeppelin_all/utils_structs_BitMaps.sol,,openzeppelin,0,0,0,0,0,0,0,0,0,0,0,0,0,0,0,0,0,0,0,0,0,0,1,0,0,0,0,6,4,0,0,0,3,0,55,1,1,1.5,0,27,0.4909090909090909,0,0,0,0,2,4,0,0,0,2,1,0.0,0.0,6.0,14.399999999999999,0,simple,0,,,17,14,0,3,0.8235294117647058,0,1,6,4,2,0,0,0.0,0,0,4,0.5,3,0,0,0,0,9,0.0,4,False,False,True
3546,oz_utils_math_SafeCast,,data/safe_contracts/openzeppelin_all/utils_math_SafeCast.sol,,openzeppelin,0,0,0,0,0,0,0,0,0,0,0,0,0,0,1,0,0,0,0,0,0,0,1,0,0,0,0,68,65,0,0,0,3,0,1092,1,1,2.9692307692307693,0,696,0.6373626373626373,0,0,0,0,3,65,0,0,0,3,2,0.0,0.0,68.0,1099.3333333333335,1,complex,2,,,324,323,0,3,0.9969135802469136,0,33,193,65,64,0,0,0.0,0,0,65,0.9846153846153847,5,0,0,0,0,65,0.0,65,False,False,True
3547,oz_interfaces_IERC7913,,data/safe_contracts/openzeppelin_all/interfaces_IERC7913.sol,,openzeppelin,0,0,0,0,0,0,0,0,0,0,0,0,0,0,0,0,0,0,0,0,0,0,1,0,0,0,0,2,0,0,0,0,0,0,0,1,0,0.0,0,0,0.0,0,0,0,0,2,0,0,0,0,1,1,0.0,0.0,2.0,4.0,0,simple,0,,,0,0,0,0,0.0,0,0,0,0,0,0,0,0.0,0,0,0,0.0,0,0,0,0,0,0,0.0,0,False,False,True
3554,oz_token_ERC20_extensions_IERC20Permit,,data/safe_contracts/openzeppelin_all/token_ERC20_extensions_IERC20Permit.sol,,openzeppelin,0,0,0,0,0,0,0,0,0,0,0,0,0,0,0,0,0,0,0,0,0,0,1,0,0,0,0,3,3,0,0,0,1,0,86,1,1,1.0,0,72,0.8372093023255814,0,0,0,0,3,0,0,0,0,2,1,0.0,0.0,3.0,4.5,0,simple,0,,,0,0,0,0,0.0,0,0,0,3,0,0,0,0.0,0,3,0,0.0,3,0,0,0,0,8,0.0,2,False,False,True
3570,oz_utils_Nonces,,data/safe_contracts/openzeppelin_all/utils_Nonces.sol,,openzeppelin,0,0,0,0,0,0,0,0,0,0,0,0,0,0,0,0,0,0,0,0,0,0,1,0,0,0,0,4,3,0,1,0,3,0,41,1,1,1.6666666666666667,0,22,0.5365853658536586,0,0,0,0,2,2,0,0,0,2,1,0.0,0.0,4.0,6.8,0,simple,0,,,9,7,0,3,0.7777777777777778,0,2,5,3,2,0,0,0.0,0,1,2,0.6666666666666666,3,1,1,1,0,4,0.0,3,False,False,True
3577,oz_utils_Packing,,data/safe_contracts/openzeppelin_all/utils_Packing.sol,,openzeppelin,0,0,0,0,0,0,0,0,0,0,0,0,0,0,1,0,0,0,0,0,0,0,1,0,0,0,0,638,212,0,0,0,3,0,1442,1,1,1.7358490566037736,0,32,0.022191400832177532,0,0,0,0,426,212,0,0,0,4,2,0.0,0.0,638.0,91616.8,1,complex,2,,,1350,1216,0,5,0.9007407407407407,0,0,368,212,156,0,0,0.0,0,0,212,0.7358490566037735,57,0,0,0,0,502,0.0,212,False,False,True
3579,oz_mocks_compound_CompTimelock,,data/safe_contracts/openzeppelin_all/mocks_compound_CompTimelock.sol,,openzeppelin,0,0,1,1,0,0,1,0,0,0,0,0,0,0,0,0,0,0,0,0,0,0,1,0,0,0,0,9,10,5,7,0,3,1,145,1,1,1.2,0,27,0.18620689655172415,2,0,0,0,3,6,0,0,0,5,4,0.0,0.0,9.0,12.96,1,moderate,1,,,56,47,0,16,0.8392857142857143,0,3,12,10,16,1,5,0.23809523809523808,0,8,2,1.6,7,7,6,1,1,19,6.0,6,False,False,True
3582,oz_interfaces_IERC5313,,data/safe_contracts/openzeppelin_all/interfaces_IERC5313.sol,,openzeppelin,0,0,0,0,0,0,0,0,0,0,0,0,0,0,0,0,0,0,0,0,0,0,1,0,0,0,0,2,1,0,0,0,1,0,14,1,1,1.0,0,10,0.7142857142857143,0,0,0,0,2,0,0,0,0,1,1,0.0,0.0,2.0,4.0,0,simple,0,,,0,0,0,0,0.0,0,0,0,1,0,0,0,0.0,0,1,0,0.0,1,0,0,0,0,0,0.0,0,False,False,True
3584,oz_utils_Calldata,,data/safe_contracts/openzeppelin_all/utils_Calldata.sol,,openzeppelin,0,0,0,0,0,0,0,0,0,0,0,0,0,0,1,0,0,0,0,0,0,0,1,0,0,0,0,6,2,0,0,0,1,0,22,1,1,1.0,0,7,0.3181818181818182,0,0,0,0,4,2,0,0,0,3,2,0.0,0.0,6.0,10.8,0,simple,0,,,10,8,0,4,0.8,0,0,2,2,0,0,0,0.0,0,0,2,0.0,2,0,0,0,0,0,0.0,0,False,False,True
3606,oz_interfaces_IERC1967,,data/safe_contracts/openzeppelin_all/interfaces_IERC1967.sol,,openzeppelin,0,0,0,0,0,0,0,0,0,0,0,0,0,0,0,0,0,0,0,0,0,0,1,0,0,0,0,2,0,0,0,0,0,0,20,1,1,0.0,0,14,0.7,0,0,0,0,2,0,0,0,0,1,1,0.0,0.0,2.0,4.0,0,simple,0,,,0,0,0,0,0.0,0,0,0,0,0,0,0,0.0,0,0,0,0.0,0,0,0,0,0,0,0.0,0,False,False,True
3634,oz_token_ERC20_IERC20,,data/safe_contracts/openzeppelin_all/token_ERC20_IERC20.sol,,openzeppelin,0,0,0,0,0,0,0,0,0,0,0,0,0,0,0,0,0,0,0,0,0,0,1,0,0,0,0,2,6,0,0,0,1,0,70,1,1,1.0,0,59,0.8428571428571429,0,0,0,0,2,0,0,0,0,1,1,0.0,0.0,2.0,4.0,0,simple,0,,,0,0,0,0,0.0,0,0,0,6,0,0,0,0.0,0,6,0,0.0,6,0,0,0,0,10,0.0,5,False,False,True
3643,oz_utils_RelayedCall,,data/safe_contracts/openzeppelin_all/utils_RelayedCall.sol,,openzeppelin,0,0,0,1,0,0,0,0,0,0,0,0,0,0,1,0,0,0,0,0,0,0,1,0,0,0,0,10,6,2,0,0,5,1,121,1,1,1.6666666666666667,0,76,0.628099173553719,0,0,0,0,4,6,0,0,0,4,3,0.0,0.0,10.0,20.5,1,simple,0,,,33,29,0,18,0.8787878787878788,0,5,10,6,14,0,2,0.125,1,0,6,2.3333333333333335,9,0,1,0,1,13,1.0,5,False,False,True
3649,oz_interfaces_IERC1820Implementer,,data/safe_contracts/openzeppelin_all/interfaces_IERC1820Implementer.sol,,openzeppelin,0,0,0,0,0,0,0,0,0,0,0,0,0,0,0,0,0,0,0,0,0,0,1,0,0,0,0,2,1,0,0,0,1,0,18,1,1,1.0,0,14,0.7777777777777778,0,0,0,0,2,0,0,0,0,1,1,0.0,0.0,2.0,4.0,0,simple,0,,,0,0,0,0,0.0,0,0,0,1,0,0,0,0.0,0,1,0,0.0,1,0,0,0,0,2,0.0,1,False,False,True
3650,oz_Ownable2Step,,data/safe_contracts/openzeppelin-contracts/contracts/access/Ownable2Step.sol,,openzeppelin,0,0,0,0,0,0,0,0,0,0,0,0,0,0,0,0,0,0,0,0,0,0,1,0,0,0,0,7,6,0,1,1,3,0,59,3,1,2.0,0,35,0.5932203389830508,0,0,1,0,4,3,0,0,0,3,1,0.0,0.0,7.0,14.233333333333334,0,simple,0,,,24,21,0,4,0.875,0,1,12,6,10,1,0,0.0,0,3,3,1.6666666666666667,6,1,1,1,0,3,0.0,3,False,False,True
3651,oz_Ownable,,data/safe_contracts/openzeppelin-contracts/contracts/access/Ownable.sol,,openzeppelin,0,0,0,0,0,0,0,0,0,0,0,0,0,0,0,0,0,0,0,0,0,0,1,0,0,0,0,5,6,0,1,1,3,0,87,2,1,2.0,0,47,0.5402298850574713,0,0,1,0,3,2,0,0,0,2,1,0.0,0.0,5.0,11.0,0,simple,0,,,24,21,0,4,0.875,0,1,12,6,10,1,0,0.0,0,3,3,1.6666666666666667,6,1,1,1,0,3,0.0,3,False,False,True
3652,oz_AccessControl,,data/safe_contracts/openzeppelin-contracts/contracts/access/AccessControl.sol,,openzeppelin,0,0,0,0,0,0,0,0,0,0,0,0,0,0,0,0,0,0,0,0,0,0,1,1,0,0,0,10,12,0,2,1,3,0,189,5,1,1.5,0,121,0.6402116402116402,0,0,2,0,7,3,0,0,0,3,1,0.0,0.0,10.0,30.333333333333336,0,moderate,1,,,42,32,0,4,0.7619047619047619,0,7,18,12,20,2,0,0.0,1,6,6,1.6666666666666667,8,2,3,1,0,19,0.0,11,False,False,True
3653,oz_IAccessControl,,data/safe_contracts/openzeppelin-contracts/contracts/access/IAccessControl.sol,,openzeppelin,0,0,0,0,0,0,0,0,0,0,0,0,0,0,0,0,0,0,0,0,0,0,1,0,0,0,0,2,5,0,0,0,1,0,87,1,1,1.0,0,74,0.8505747126436781,0,0,0,0,2,0,0,0,0,1,1,0.0,0.0,2.0,4.0,0,simple,0,,,0,0,0,0,0.0,0,0,0,5,0,0,0,0.0,0,5,0,0.0,5,0,0,0,0,9,0.0,5,False,False,True
3654,oz_MultipleInheritanceInitializableMocks,,data/safe_contracts/openzeppelin-contracts/contracts/mocks/MultipleInheritanceInitializableMocks.sol,,openzeppelin,0,0,0,0,0,0,0,0,0,0,0,0,0,0,1,0,0,0,0,0,0,0,1,0,0,0,0,30,7,0,1,3,5,0,108,6,1,1.8571428571428572,0,36,0.3333333333333333,0,0,0,0,28,2,0,0,0,4,2,0.0,0.0,30.0,220.5,1,simple,0,,,25,21,0,6,0.84,0,3,13,7,7,0,0,0.0,0,0,7,1.0,4,1,0,1,0,0,0.0,0,False,False,True
3656,oz_MulticallHelper,,data/safe_contracts/openzeppelin-contracts/contracts/mocks/MulticallHelper.sol,,openzeppelin,0,0,0,0,0,0,0,0,0,0,0,0,0,0,1,0,0,0,0,0,0,0,1,1,0,0,0,41,1,4,0,0,7,0,19,13,1,7.0,0,1,0.05263157894736842,0,0,0,0,23,18,0,0,0,4,2,0.0,0.0,41.0,364.9,1,simple,0,,,15,16,2,11,1.0666666666666667,1,0,7,1,3,1,4,0.5714285714285714,0,1,0,3.0,3,0,1,0,2,3,0.5,1,False,False,True
3661,oz_AccessManagedTarget,,data/safe_contracts/openzeppelin-contracts/contracts/mocks/AccessManagedTarget.sol,,openzeppelin,0,0,0,0,0,1,1,0,0,0,0,0,0,0,1,0,0,0,0,0,0,0,1,1,0,0,0,31,6,2,2,1,5,0,27,8,1,2.5,0,2,0.07407407407407407,0,1,1,0,20,11,0,0,0,6,3,0.0,0.0,31.0,143.11666666666667,1,simple,0,,,32,30,0,8,0.9375,0,3,15,6,9,1,2,0.18181818181818182,0,3,3,1.5,7,2,2,1,2,5,1.0,4,False,False,True
3662,oz_SingleInheritanceInitializableMocks,,data/safe_contracts/openzeppelin-contracts/contracts/mocks/SingleInheritanceInitializableMocks.sol,,openzeppelin,0,0,0,0,0,0,0,0,0,0,0,0,0,0,1,1,0,0,0,0,0,0,1,0,0,0,1,9,7,0,1,3,5,0,41,4,1,1.8571428571428572,0,13,0.3170731707317073,0,0,0,0,5,5,0,1,0,5,2,0.0,0.0,14.0,23.8,0,simple,0,,,25,21,0,6,0.84,0,3,13,7,7,0,0,0.0,0,0,7,1.0,4,1,0,1,0,0,0.0,0,False,False,True
3663,oz_DummyImplementation,,data/safe_contracts/openzeppelin-contracts/contracts/mocks/DummyImplementation.sol,,openzeppelin,0,0,0,0,0,0,0,0,0,0,0,0,0,0,1,1,0,0,0,0,0,1,1,1,0,0,3,71,9,1,3,0,1,0,47,9,1,1.0,0,2,0.0425531914893617,2,1,0,0,35,39,0,3,0,7,3,0.0,0.0,86.0,765.4,1,simple,0,,,20,11,0,3,0.55,0,2,9,9,1,1,1,0.5,0,9,0,0.1111111111111111,9,3,4,0,0,6,0.0,4,False,False,True
3668,oz_RegressionImplementation,,data/safe_contracts/openzeppelin-contracts/contracts/mocks/RegressionImplementation.sol,,openzeppelin,0,0,0,0,0,0,0,0,0,0,0,0,0,0,1,0,0,0,0,0,0,0,1,0,0,0,0,13,2,0,1,0,1,0,43,5,1,1.0,0,1,0.023255813953488372,0,0,1,0,9,4,0,0,0,4,2,0.0,0.0,13.0,38.35,0,simple,0,,,4,2,0,1,0.5,0,0,2,2,1,1,0,0.0,0,2,0,0.5,2,1,1,0,0,1,0.0,1,False,False,True
3673,oz_ReentrancyAttack,,data/safe_contracts/openzeppelin-contracts/contracts/mocks/ReentrancyAttack.sol,,openzeppelin,0,0,0,1,0,0,0,0,0,0,0,0,0,0,0,0,0,0,0,0,0,0,1,0,0,0,0,7,2,2,0,0,1,2,13,2,1,1.0,0,1,0.07692307692307693,0,0,1,0,5,2,0,0,0,3,2,0.0,0.0,7.0,14.933333333333334,0,simple,0,,,8,6,0,3,0.75,0,0,2,2,4,1,2,0.3333333333333333,0,2,0,2.0,2,0,2,0,2,2,1.0,2,False,False,True
3682,oz_BatchCaller,,data/safe_contracts/openzeppelin-contracts/contracts/mocks/BatchCaller.sol,,openzeppelin,0,0,0,0,0,0,0,0,0,0,0,0,0,0,1,0,0,0,0,0,0,0,1,0,0,0,0,29,1,2,0,0,4,0,17,4,1,4.0,0,1,0.058823529411764705,0,1,0,0,15,14,0,0,0,3,2,0.0,0.0,29.0,239.73333333333332,1,simple,0,,,9,9,1,6,1.0,0,1,4,1,0,0,2,1.0,0,1,0,0.0,1,0,1,0,2,1,0.5,1,False,False,True
3688,oz_IGovernor,,data/safe_contracts/openzeppelin-contracts/contracts/governance/IGovernor.sol,,openzeppelin,0,0,0,0,0,0,0,0,0,0,0,0,0,0,0,0,0,0,0,0,0,0,1,1,0,0,0,8,27,0,0,0,1,0,402,3,1,1.0,0,266,0.6616915422885572,1,0,1,0,8,0,0,0,0,3,1,0.0,0.0,8.0,21.333333333333332,0,moderate,1,,,0,0,0,0,0.0,0,0,0,27,0,0,0,0.0,0,27,0,0.0,27,0,0,0,0,57,0.0,21,False,False,True
3689,oz_TimelockController,,data/safe_contracts/openzeppelin-contracts/contracts/governance/TimelockController.sol,,openzeppelin,0,1,1,1,0,0,1,0,0,0,0,0,0,0,1,0,0,0,0,0,0,1,1,1,0,1,3,50,24,4,6,1,9,1,422,13,1,2.625,0,191,0.45260663507109006,3,1,3,0,28,26,0,4,0,11,7,0.0,0.0,75.0,315.0,1,complex,2,,,145,137,4,14,0.9448275862068966,1,14,63,24,49,4,4,0.07547169811320754,1,18,6,2.0416666666666665,16,6,8,1,2,54,4.0,21,False,False,True
3691,oz_Account,,data/safe_contracts/openzeppelin-contracts/contracts/account/Account.sol,,openzeppelin,0,0,1,0,0,0,0,0,0,0,0,0,0,0,1,0,0,0,0,0,1,1,1,1,0,1,10,820,10,2,0,2,3,0,136,17,1,1.7,0,69,0.5073529411764706,1,1,1,0,464,367,0,11,0,13,4,0.0,0.0,880.0,48799.38461538462,1,simple,0,,,32,25,0,4,0.78125,0,7,17,10,11,2,2,0.15384615384615385,1,5,5,1.1,7,0,2,0,1,10,2.0,5,False,False,True
3693,oz_ERC2771Context,,data/safe_contracts/openzeppelin-contracts/contracts/metatx/ERC2771Context.sol,,openzeppelin,0,0,0,0,0,0,0,0,0,0,0,0,0,0,0,0,0,0,0,0,0,0,1,0,0,0,0,10,6,0,1,0,2,0,81,2,1,1.3333333333333333,0,42,0.5185185185185185,0,0,1,0,3,7,0,0,0,3,1,0.0,0.0,10.0,26.333333333333336,0,simple,0,,,20,14,0,4,0.7,0,7,8,6,7,1,0,0.0,1,2,4,1.1666666666666667,3,1,1,1,0,2,0.0,2,False,False,True
3695,oz_ERC7786Recipient,,data/safe_contracts/openzeppelin-contracts/contracts/crosschain/ERC7786Recipient.sol,,openzeppelin,0,0,0,0,0,0,0,0,0,0,0,0,0,0,0,1,0,0,0,0,0,0,1,1,0,0,1,8,3,2,1,0,5,0,59,4,1,2.3333333333333335,0,28,0.4745762711864407,1,2,1,0,7,2,0,1,0,5,2,0.0,0.0,13.0,21.84,0,simple,0,,,10,11,0,7,1.1,0,1,5,3,4,1,2,0.3333333333333333,0,1,2,1.3333333333333333,4,1,1,0,2,9,0.5,3,False,False,True
3696,oz_IERC1155,,data/safe_contracts/openzeppelin-contracts/contracts/interfaces/IERC1155.sol,,openzeppelin,0,0,0,0,0,0,0,0,0,0,0,0,0,0,0,0,0,0,0,0,0,0,1,1,0,0,0,5,6,0,0,0,1,0,4,2,1,1.0,0,2,0.5,0,0,1,0,5,0,0,0,0,2,1,0.0,0.0,5.0,12.5,0,simple,0,,,0,0,0,0,0.0,0,0,0,6,0,0,0,0.0,0,6,0,0.0,6,0,0,0,0,18,0.0,6,False,False,True
3697,oz_IERC1967,,data/safe_contracts/openzeppelin-contracts/contracts/interfaces/IERC1967.sol,,openzeppelin,0,0,0,0,0,0,0,0,0,0,0,0,0,0,0,0,0,0,0,0,0,0,1,0,0,0,0,2,0,0,0,0,0,0,20,1,1,0.0,0,14,0.7,0,0,0,0,2,0,0,0,0,1,1,0.0,0.0,2.0,4.0,0,simple,0,,,0,0,0,0,0.0,0,0,0,0,0,0,0,0.0,0,0,0,0.0,0,0,0,0,0,0,0.0,0,False,False,True
3698,oz_IERC165,,data/safe_contracts/openzeppelin-contracts/contracts/interfaces/IERC165.sol,,openzeppelin,0,0,0,0,0,0,0,0,0,0,0,0,0,0,0,0,0,0,0,0,0,0,1,0,0,0,0,3,1,0,0,0,1,0,4,1,1,1.0,0,2,0.5,0,0,0,0,3,0,0,0,0,1,1,0.0,0.0,3.0,9.0,0,simple,0,,,0,0,0,0,0.0,0,0,0,1,0,0,0,0.0,0,1,0,0.0,1,0,0,0,0,1,0.0,1,False,False,True
3699,oz_IERC3156,,data/safe_contracts/openzeppelin-contracts/contracts/interfaces/IERC3156.sol,,openzeppelin,0,0,0,0,0,0,0,0,0,0,0,0,0,0,0,0,0,0,0,0,0,0,1,0,0,0,0,4,0,0,0,0,0,0,0,1,0,0.0,0,0,0.0,0,0,0,0,4,0,0,0,0,1,1,0.0,0.0,4.0,16.0,0,simple,0,,,0,0,0,0,0.0,0,0,0,0,0,0,0,0.0,0,0,0,0.0,0,0,0,0,0,0,0.0,0,False,False,True
3700,oz_IERC1363Spender,,data/safe_contracts/openzeppelin-contracts/contracts/interfaces/IERC1363Spender.sol,,openzeppelin,0,0,0,0,0,0,0,0,0,0,0,0,0,0,0,0,0,0,0,0,0,0,1,0,0,0,0,2,1,0,0,0,1,0,24,1,1,1.0,0,20,0.8333333333333334,0,0,0,0,2,0,0,0,0,1,1,0.0,0.0,2.0,4.0,0,simple,0,,,0,0,0,0,0.0,0,0,0,1,0,0,0,0.0,0,1,0,0.0,1,0,0,0,0,3,0.0,1,False,False,True
3701,oz_IERC6909,,data/safe_contracts/openzeppelin-contracts/contracts/interfaces/IERC6909.sol,,openzeppelin,0,0,0,0,0,0,0,0,0,0,0,0,0,0,0,0,0,0,0,0,0,0,1,1,0,0,0,4,7,0,0,0,1,0,107,5,1,1.0,0,75,0.7009345794392523,0,0,1,0,4,0,0,0,0,2,1,0.0,0.0,4.0,8.0,0,simple,0,,,0,0,0,0,0.0,0,0,0,7,0,0,0,0.0,0,7,0,0.0,7,0,0,0,0,19,0.0,7,False,False,True
3702,oz_IERC2981,,data/safe_contracts/openzeppelin-contracts/contracts/interfaces/IERC2981.sol,,openzeppelin,0,0,0,0,0,0,0,0,0,0,0,0,0,0,0,0,0,0,0,0,0,0,1,1,0,0,0,4,1,0,0,0,1,0,23,2,1,1.0,0,15,0.6521739130434783,0,0,1,0,4,0,0,0,0,2,1,0.0,0.0,4.0,8.0,0,simple,0,,,0,0,0,0,0.0,0,0,0,1,0,0,0,0.0,0,1,0,0.0,1,0,0,0,0,2,0.0,1,False,False,True
3703,oz_IERC5267,,data/safe_contracts/openzeppelin-contracts/contracts/interfaces/IERC5267.sol,,openzeppelin,0,0,0,0,0,0,0,0,0,0,0,0,0,0,0,0,0,0,0,0,0,0,1,0,0,0,0,2,1,0,0,0,1,0,25,1,1,1.0,0,9,0.36,0,0,0,0,2,0,0,0,0,1,1,0.0,0.0,2.0,4.0,0,simple,0,,,0,0,0,0,0.0,0,0,0,1,0,0,0,0.0,0,1,0,0.0,1,0,0,0,0,0,0.0,0,False,False,True
3704,oz_IERC1271,,data/safe_contracts/openzeppelin-contracts/contracts/interfaces/IERC1271.sol,,openzeppelin,0,0,0,0,0,0,0,0,0,0,0,0,0,0,0,0,0,0,0,0,0,0,1,0,0,0,0,2,1,0,0,0,1,0,15,1,1,1.0,0,11,0.7333333333333333,0,0,0,0,2,0,0,0,0,1,1,0.0,0.0,2.0,4.0,0,simple,0,,,0,0,0,0,0.0,0,0,0,1,0,0,0,0.0,0,1,0,0.0,1,0,0,0,0,2,0.0,1,False,False,True
3705,oz_IERC20,,data/safe_contracts/openzeppelin-contracts/contracts/interfaces/IERC20.sol,,openzeppelin,0,0,0,0,0,0,0,0,0,0,0,0,0,0,0,0,0,0,0,0,0,0,1,0,0,0,0,3,6,0,0,0,1,0,4,1,1,1.0,0,2,0.5,0,0,0,0,3,0,0,0,0,1,1,0.0,0.0,3.0,9.0,0,simple,0,,,0,0,0,0,0.0,0,0,0,6,0,0,0,0.0,0,6,0,0.0,6,0,0,0,0,10,0.0,5,False,False,True
3706,oz_IERC1363,,data/safe_contracts/openzeppelin-contracts/contracts/interfaces/IERC1363.sol,,openzeppelin,0,0,0,0,0,0,0,0,0,0,0,0,0,0,0,0,0,0,0,0,0,0,1,1,0,0,0,7,6,0,0,0,1,0,77,3,1,1.0,0,66,0.8571428571428571,0,0,1,0,7,0,0,0,0,2,1,0.0,0.0,7.0,24.5,0,simple,0,,,0,0,0,0,0.0,0,0,0,6,0,0,0,0.0,0,6,0,0.0,3,0,0,0,0,17,0.0,6,False,False,True
3707,oz_IERC5313,,data/safe_contracts/openzeppelin-contracts/contracts/interfaces/IERC5313.sol,,openzeppelin,0,0,0,0,0,0,0,0,0,0,0,0,0,0,0,0,0,0,0,0,0,0,1,0,0,0,0,2,1,0,0,0,1,0,14,1,1,1.0,0,10,0.7142857142857143,0,0,0,0,2,0,0,0,0,1,1,0.0,0.0,2.0,4.0,0,simple,0,,,0,0,0,0,0.0,0,0,0,1,0,0,0,0.0,0,1,0,0.0,1,0,0,0,0,0,0.0,0,False,False,True
3708,oz_IERC4626,,data/safe_contracts/openzeppelin-contracts/contracts/interfaces/IERC4626.sol,,openzeppelin,0,0,0,0,0,0,0,0,0,0,0,0,0,0,0,0,0,0,0,0,0,0,1,1,0,0,0,5,16,0,0,0,1,0,210,3,1,1.0,0,181,0.861904761904762,0,0,2,0,5,0,0,0,0,2,1,0.0,0.0,5.0,12.5,0,moderate,1,,,0,0,0,0,0.0,0,0,0,16,0,0,0,0.0,0,16,0,0.0,16,0,0,0,0,20,0.0,14,False,False,True
3709,oz_IERC7751,,data/safe_contracts/openzeppelin-contracts/contracts/interfaces/IERC7751.sol,,openzeppelin,0,0,0,0,0,0,0,0,0,0,0,0,0,0,0,0,0,0,0,0,0,0,1,0,0,0,0,2,0,0,0,0,0,0,10,1,1,0.0,0,6,0.6,0,0,0,0,2,0,0,0,0,1,1,0.0,0.0,2.0,4.0,0,simple,0,,,0,0,0,0,0.0,0,0,0,0,0,0,0,0.0,0,0,0,0.0,0,0,0,0,0,0,0.0,0,False,False,True
3710,oz_IERC1363Receiver,,data/safe_contracts/openzeppelin-contracts/contracts/interfaces/IERC1363Receiver.sol,,openzeppelin,0,0,0,0,0,0,0,0,0,0,0,0,0,0,0,0,0,0,0,0,0,0,1,0,0,0,0,2,1,0,0,0,1,0,30,1,1,1.0,0,21,0.7,0,0,0,0,2,0,0,0,0,1,1,0.0,0.0,2.0,4.0,0,simple,0,,,0,0,0,0,0.0,0,0,0,1,0,0,0,0.0,0,1,0,0.0,1,0,0,0,0,4,0.0,1,False,False,True
3711,oz_IERC721Enumerable,,data/safe_contracts/openzeppelin-contracts/contracts/interfaces/IERC721Enumerable.sol,,openzeppelin,0,0,0,0,0,0,0,0,0,0,0,0,0,0,0,0,0,0,0,0,0,0,1,1,0,0,0,6,9,0,0,0,1,0,4,3,1,1.0,0,2,0.5,0,0,1,0,6,0,0,0,0,2,1,0.0,0.0,6.0,18.0,0,simple,0,,,0,0,0,0,0.0,0,0,0,9,0,0,0,0.0,0,9,0,0.0,8,0,0,0,0,19,0.0,9,False,False,True
3712,oz_IERC721,,data/safe_contracts/openzeppelin-contracts/contracts/interfaces/IERC721.sol,,openzeppelin,0,0,0,0,0,0,0,0,0,0,0,0,0,0,0,0,0,0,0,0,0,0,1,1,0,0,0,5,9,0,0,0,1,0,4,2,1,1.0,0,2,0.5,0,0,1,0,5,0,0,0,0,2,1,0.0,0.0,5.0,12.5,0,simple,0,,,0,0,0,0,0.0,0,0,0,9,0,0,0,0.0,0,9,0,0.0,8,0,0,0,0,19,0.0,9,False,False,True
3713,oz_IERC2309,,data/safe_contracts/openzeppelin-contracts/contracts/interfaces/IERC2309.sol,,openzeppelin,0,0,0,0,0,0,0,0,0,0,0,0,0,0,0,0,0,0,0,0,0,0,1,0,0,0,0,2,0,0,0,0,0,0,17,1,1,0.0,0,8,0.47058823529411764,0,0,0,0,2,0,0,0,0,1,1,0.0,0.0,2.0,4.0,0,simple,0,,,0,0,0,0,0.0,0,0,0,0,0,0,0,0.0,0,0,0,0.0,0,0,0,0,0,0,0.0,0,False,False,True
3714,oz_IERC20Metadata,,data/safe_contracts/openzeppelin-contracts/contracts/interfaces/IERC20Metadata.sol,,openzeppelin,0,0,0,0,0,0,0,0,0,0,0,0,0,0,0,0,0,0,0,0,0,0,1,1,0,0,0,5,6,0,0,0,1,0,4,2,1,1.0,0,2,0.5,0,0,0,0,5,0,0,0,0,2,1,0.0,0.0,5.0,12.5,0,simple,0,,,0,0,0,0,0.0,0,0,0,6,0,0,0,0.0,0,6,0,0.0,6,0,0,0,0,10,0.0,5,False,False,True
3715,oz_IERC2612,,data/safe_contracts/openzeppelin-contracts/contracts/interfaces/IERC2612.sol,,openzeppelin,0,0,0,0,0,0,0,0,0,0,0,0,0,0,0,0,0,0,0,0,0,0,1,1,0,0,0,5,0,0,0,0,0,0,5,2,1,0.0,0,2,0.4,0,0,1,0,5,0,0,0,0,3,1,0.0,0.0,5.0,8.333333333333334,0,simple,0,,,0,0,0,0,0.0,0,0,0,0,0,0,0,0.0,0,0,0,0.0,0,0,0,0,0,0,0.0,0,False,False,True
3716,oz_IERC5805,,data/safe_contracts/openzeppelin-contracts/contracts/interfaces/IERC5805.sol,,openzeppelin,0,0,0,0,0,0,0,0,0,0,0,0,0,0,0,0,0,0,0,0,0,0,1,1,0,0,0,6,0,0,0,0,0,0,6,3,1,0.0,0,2,0.3333333333333333,0,0,1,0,6,0,0,0,0,3,1,0.0,0.0,6.0,12.0,0,simple,0,,,0,0,0,0,0.0,0,0,0,0,0,0,0,0.0,0,0,0,0.0,0,0,0,0,0,0,0.0,0,False,False,True
3717,oz_IERC777,,data/safe_contracts/openzeppelin-contracts/contracts/interfaces/IERC777.sol,,openzeppelin,0,0,0,0,0,0,0,0,0,0,0,0,0,0,0,0,0,0,0,0,0,0,1,0,0,0,0,2,13,0,0,0,1,0,181,1,1,1.0,0,147,0.8121546961325967,0,0,0,0,2,0,0,0,0,1,1,0.0,0.0,2.0,4.0,0,moderate,1,,,0,0,0,0,0.0,0,0,0,13,0,0,0,0.0,0,13,0,0.0,13,0,0,0,0,19,0.0,8,False,False,True
3718,oz_IERC7913,,data/safe_contracts/openzeppelin-contracts/contracts/interfaces/IERC7913.sol,,openzeppelin,0,0,0,0,0,0,0,0,0,0,0,0,0,0,0,0,0,0,0,0,0,0,1,0,0,0,0,2,0,0,0,0,0,0,0,1,0,0.0,0,0,0.0,0,0,0,0,2,0,0,0,0,1,1,0.0,0.0,2.0,4.0,0,simple,0,,,0,0,0,0,0.0,0,0,0,0,0,0,0,0.0,0,0,0,0.0,0,0,0,0,0,0,0.0,0,False,False,True
3719,oz_IERC721Receiver,,data/safe_contracts/openzeppelin-contracts/contracts/interfaces/IERC721Receiver.sol,,openzeppelin,0,0,0,0,0,0,0,0,0,0,0,0,0,0,0,0,0,0,0,0,0,0,1,0,0,0,0,3,1,0,0,0,1,0,4,1,1,1.0,0,2,0.5,0,0,0,0,3,0,0,0,0,1,1,0.0,0.0,3.0,9.0,0,simple,0,,,0,0,0,0,0.0,0,0,0,1,0,0,0,0.0,0,1,0,0.0,1,0,0,0,0,4,0.0,1,False,False,True
3720,oz_IERC3156FlashLender,,data/safe_contracts/openzeppelin-contracts/contracts/interfaces/IERC3156FlashLender.sol,,openzeppelin,0,0,0,0,0,0,0,0,0,0,0,0,0,0,0,0,0,0,0,0,0,0,1,0,0,0,0,3,3,0,0,0,1,0,36,2,1,1.0,0,24,0.6666666666666666,0,0,0,0,3,0,0,0,0,1,1,0.0,0.0,3.0,9.0,0,simple,0,,,0,0,0,0,0.0,0,0,0,3,0,0,0,0.0,0,3,0,0.0,3,0,0,0,0,7,0.0,3,False,False,True
3721,oz_IERC4906,,data/safe_contracts/openzeppelin-contracts/contracts/interfaces/IERC4906.sol,,openzeppelin,0,0,0,0,0,0,0,0,0,0,0,0,0,0,0,0,0,0,0,0,0,0,1,1,0,0,0,7,0,0,0,0,0,0,16,3,1,0.0,0,9,0.5625,0,0,2,0,7,0,0,0,0,2,1,0.0,0.0,7.0,24.5,0,simple,0,,,0,0,0,0,0.0,0,0,0,0,0,0,0,0.0,0,0,0,0.0,0,0,0,0,0,0,0.0,0,False,False,True
3722,oz_IERC3156FlashBorrower,,data/safe_contracts/openzeppelin-contracts/contracts/interfaces/IERC3156FlashBorrower.sol,,openzeppelin,0,0,0,0,0,0,0,0,0,0,0,0,0,0,0,0,0,0,0,0,0,0,1,0,0,0,0,2,1,0,0,0,1,0,25,1,1,1.0,0,15,0.6,0,0,0,0,2,0,0,0,0,1,1,0.0,0.0,2.0,4.0,0,simple,0,,,0,0,0,0,0.0,0,0,0,1,0,0,0,0.0,0,1,0,0.0,1,0,0,0,0,5,0.0,1,False,False,True
3723,oz_IERC1820Registry,,data/safe_contracts/openzeppelin-contracts/contracts/interfaces/IERC1820Registry.sol,,openzeppelin,0,0,0,0,0,0,0,0,0,0,0,0,0,0,0,0,0,0,0,0,0,0,1,0,0,0,0,2,8,0,0,0,1,0,101,1,1,1.0,0,88,0.8712871287128713,0,0,0,0,2,0,0,0,0,1,1,0.0,0.0,2.0,4.0,0,simple,0,,,0,0,0,0,0.0,0,0,0,8,0,0,0,0.0,0,8,0,0.0,8,0,0,0,0,15,0.0,8,False,False,True
3724,oz_IERC777Recipient,,data/safe_contracts/openzeppelin-contracts/contracts/interfaces/IERC777Recipient.sol,,openzeppelin,0,0,0,0,0,0,0,0,0,0,0,0,0,0,0,0,0,0,0,0,0,0,1,0,0,0,0,2,1,0,0,0,1,0,33,1,1,1.0,0,22,0.6666666666666666,0,0,0,0,2,0,0,0,0,1,1,0.0,0.0,2.0,4.0,0,simple,0,,,0,0,0,0,0.0,0,0,0,1,0,0,0,0.0,0,1,0,0.0,1,0,0,0,0,6,0.0,1,False,False,True
3725,oz_IERC721Metadata,,data/safe_contracts/openzeppelin-contracts/contracts/interfaces/IERC721Metadata.sol,,openzeppelin,0,0,0,0,0,0,0,0,0,0,0,0,0,0,0,0,0,0,0,0,0,0,1,1,0,0,0,6,9,0,0,0,1,0,4,3,1,1.0,0,2,0.5,0,0,1,0,6,0,0,0,0,2,1,0.0,0.0,6.0,18.0,0,simple,0,,,0,0,0,0,0.0,0,0,0,9,0,0,0,0.0,0,9,0,0.0,8,0,0,0,0,19,0.0,9,False,False,True
3726,oz_IERC777Sender,,data/safe_contracts/openzeppelin-contracts/contracts/interfaces/IERC777Sender.sol,,openzeppelin,0,0,0,0,0,0,0,0,0,0,0,0,0,0,0,0,0,0,0,0,0,0,1,0,0,0,0,2,1,0,0,0,1,0,33,1,1,1.0,0,22,0.6666666666666666,0,0,0,0,2,0,0,0,0,1,1,0.0,0.0,2.0,4.0,0,simple,0,,,0,0,0,0,0.0,0,0,0,1,0,0,0,0.0,0,1,0,0.0,1,0,0,0,0,6,0.0,1,False,False,True
3727,oz_IERC1820Implementer,,data/safe_contracts/openzeppelin-contracts/contracts/interfaces/IERC1820Implementer.sol,,openzeppelin,0,0,0,0,0,0,0,0,0,0,0,0,0,0,0,0,0,0,0,0,0,0,1,0,0,0,0,2,1,0,0,0,1,0,18,1,1,1.0,0,14,0.7777777777777778,0,0,0,0,2,0,0,0,0,1,1,0.0,0.0,2.0,4.0,0,simple,0,,,0,0,0,0,0.0,0,0,0,1,0,0,0,0.0,0,1,0,0.0,1,0,0,0,0,2,0.0,1,False,False,True
3728,oz_IERC1155Receiver,,data/safe_contracts/openzeppelin-contracts/contracts/interfaces/IERC1155Receiver.sol,,openzeppelin,0,0,0,0,0,0,0,0,0,0,0,0,0,0,0,0,0,0,0,0,0,0,1,1,0,0,0,5,2,0,0,0,1,0,4,2,1,1.0,0,2,0.5,0,0,1,0,5,0,0,0,0,2,1,0.0,0.0,5.0,12.5,0,simple,0,,,0,0,0,0,0.0,0,0,0,2,0,0,0,0.0,0,2,0,0.0,2,0,0,0,0,10,0.0,2,False,False,True
3729,oz_IERC6372,,data/safe_contracts/openzeppelin-contracts/contracts/interfaces/IERC6372.sol,,openzeppelin,0,0,0,0,0,0,0,0,0,0,0,0,0,0,0,0,0,0,0,0,0,0,1,0,0,0,0,3,2,0,0,0,1,0,14,1,1,1.0,0,9,0.6428571428571429,0,0,0,0,3,0,0,0,0,2,1,0.0,0.0,3.0,4.5,0,simple,0,,,0,0,0,0,0.0,0,0,0,2,0,0,0,0.0,0,2,0,0.0,2,0,0,0,0,0,0.0,0,False,False,True
3730,oz_IERC1155MetadataURI,,data/safe_contracts/openzeppelin-contracts/contracts/interfaces/IERC1155MetadataURI.sol,,openzeppelin,0,0,0,0,0,0,0,0,0,0,0,0,0,0,0,0,0,0,0,0,0,0,1,1,0,0,0,6,6,0,0,0,1,0,4,3,1,1.0,0,2,0.5,0,0,1,0,6,0,0,0,0,2,1,0.0,0.0,6.0,18.0,0,simple,0,,,0,0,0,0,0.0,0,0,0,6,0,0,0,0.0,0,6,0,0.0,6,0,0,0,0,18,0.0,6,False,False,True
3731,oz_Base64,,data/safe_contracts/openzeppelin-contracts/contracts/utils/Base64.sol,,openzeppelin,0,0,0,0,0,0,0,0,0,0,0,0,0,0,1,0,0,0,0,0,0,0,1,0,0,1,2,76,5,2,0,0,16,0,202,2,1,6.6,2,84,0.4158415841584158,0,1,0,0,6,73,0,3,0,5,2,0.0,0.0,96.0,1096.32,1,moderate,1,,,127,133,17,47,1.047244094488189,1,5,33,5,10,0,2,0.16666666666666666,0,0,5,2.0,5,0,1,0,0,6,0.0,5,False,False,True
3732,oz_Create2,,data/safe_contracts/openzeppelin-contracts/contracts/utils/Create2.sol,,openzeppelin,0,0,0,0,0,0,0,0,0,0,0,0,0,0,1,0,0,0,0,0,0,0,1,0,0,0,0,31,3,4,0,0,9,0,83,3,1,3.6666666666666665,0,45,0.5421686746987951,0,2,0,0,16,15,0,0,0,3,2,0.0,0.0,31.0,273.83333333333337,1,simple,0,,,30,31,0,11,1.0333333333333334,0,1,11,3,11,0,4,0.26666666666666666,1,0,3,3.6666666666666665,9,0,1,0,2,8,0.5,3,False,False,True
3733,oz_Comparators,,data/safe_contracts/openzeppelin-contracts/contracts/utils/Comparators.sol,,openzeppelin,0,0,0,0,0,0,0,0,0,0,0,0,0,0,0,0,0,0,0,0,0,0,1,0,0,0,0,4,2,0,0,0,1,0,16,1,1,1.0,0,7,0.4375,0,0,0,0,2,2,0,0,0,2,1,0.0,0.0,4.0,6.8,0,simple,0,,,4,2,0,1,0.5,0,2,2,2,0,0,0,0.0,0,0,2,0.0,2,0,0,0,0,4,0.0,2,False,False,True
3734,oz_Context,,data/safe_contracts/openzeppelin-contracts/contracts/utils/Context.sol,,openzeppelin,0,0,0,0,0,0,0,0,0,0,0,0,0,0,0,0,0,0,0,0,0,0,1,0,0,0,0,5,3,0,0,0,1,0,24,1,1,1.0,0,12,0.5,0,0,0,0,2,3,0,0,0,2,1,0.0,0.0,5.0,10.25,0,simple,0,,,6,3,0,1,0.5,0,3,3,3,0,0,0,0.0,0,0,3,0.0,3,0,0,0,0,0,0.0,0,False,False,True
3735,oz_RelayedCall,,data/safe_contracts/openzeppelin-contracts/contracts/utils/RelayedCall.sol,,openzeppelin,0,0,0,1,0,0,0,0,0,0,0,0,0,0,1,0,0,0,0,0,0,0,1,0,0,0,0,10,6,2,0,0,5,1,121,1,1,1.6666666666666667,0,76,0.628099173553719,0,0,0,0,4,6,0,0,0,4,3,0.0,0.0,10.0,20.5,1,simple,0,,,33,29,0,18,0.8787878787878788,0,5,10,6,14,0,2,0.125,1,0,6,2.3333333333333335,9,0,1,0,1,13,1.0,5,False,False,True
3736,oz_NoncesKeyed,,data/safe_contracts/openzeppelin-contracts/contracts/utils/NoncesKeyed.sol,,openzeppelin,0,0,0,0,0,0,0,0,0,0,0,0,0,0,0,0,0,1,0,0,0,0,1,0,0,1,0,9,3,0,1,0,3,0,66,2,1,1.6666666666666667,0,35,0.5303030303030303,0,0,0,0,4,6,0,1,0,3,2,0.0,0.0,19.0,51.93333333333333,0,simple,0,,,9,7,0,3,0.7777777777777778,0,2,5,3,2,0,0,0.0,0,1,2,0.6666666666666666,3,1,1,1,0,4,0.0,3,False,False,True
3737,oz_Nonces,,data/safe_contracts/openzeppelin-contracts/contracts/utils/Nonces.sol,,openzeppelin,0,0,0,0,0,0,0,0,0,0,0,0,0,0,0,0,0,0,0,0,0,0,1,0,0,0,0,4,3,0,1,0,3,0,41,1,1,1.6666666666666667,0,22,0.5365853658536586,0,0,0,0,2,2,0,0,0,2,1,0.0,0.0,4.0,6.8,0,simple,0,,,9,7,0,3,0.7777777777777778,0,2,5,3,2,0,0,0.0,0,1,2,0.6666666666666666,3,1,1,1,0,4,0.0,3,False,False,True
3738,oz_StorageSlot,,data/safe_contracts/openzeppelin-contracts/contracts/utils/StorageSlot.sol,,openzeppelin,0,0,0,0,0,0,0,0,0,0,0,0,0,0,1,0,0,0,0,0,0,0,1,0,0,0,0,20,9,0,0,0,1,0,126,1,1,1.0,0,57,0.4523809523809524,0,0,0,0,11,9,0,0,0,3,2,0.0,0.0,20.0,115.33333333333334,0,simple,0,,,36,27,0,3,0.75,0,0,9,9,0,0,0,0.0,0,0,9,0.0,7,0,0,0,0,9,0.0,9,False,False,True
3739,oz_Pausable,,data/safe_contracts/openzeppelin-contracts/contracts/utils/Pausable.sol,,openzeppelin,0,0,0,0,0,0,0,0,0,0,0,0,0,0,0,0,0,0,0,0,0,0,1,0,0,0,0,10,5,0,1,2,3,0,98,2,1,1.8,0,60,0.6122448979591837,0,0,1,0,3,7,0,0,0,2,1,0.0,0.0,10.0,39.5,0,simple,0,,,18,15,0,3,0.8333333333333334,0,1,9,5,8,0,0,0.0,0,1,4,1.6,6,1,0,1,0,0,0.0,0,False,False,True
3744,oz_SlotDerivation,,data/safe_contracts/openzeppelin-contracts/contracts/utils/SlotDerivation.sol,,openzeppelin,0,0,0,0,0,0,0,0,0,0,0,0,0,0,1,0,0,0,0,0,0,0,1,0,0,0,0,21,10,0,0,0,1,0,144,1,1,1.0,0,67,0.4652777777777778,0,0,0,0,11,10,0,0,0,3,2,0.0,0.0,21.0,126.0,1,simple,0,,,70,60,0,13,0.8571428571428571,0,1,10,10,21,0,0,0.0,0,0,10,2.1,4,0,0,0,0,18,0.0,10,False,False,True
3745,oz_Panic,,data/safe_contracts/openzeppelin-contracts/contracts/utils/Panic.sol,,openzeppelin,0,0,0,0,0,0,0,0,0,0,0,0,0,0,1,0,0,0,0,0,0,0,1,0,0,0,0,4,2,0,10,0,1,0,54,1,1,1.0,0,34,0.6296296296296297,0,0,0,0,3,1,0,0,0,3,2,0.0,0.0,4.0,4.933333333333334,0,simple,0,,,16,14,0,9,0.875,0,0,2,2,2,0,0,0.0,0,0,2,1.0,3,10,0,0,0,1,0.0,1,False,False,True
3746,oz_ShortStrings,,data/safe_contracts/openzeppelin-contracts/contracts/utils/ShortStrings.sol,,openzeppelin,0,0,0,0,0,0,0,0,0,0,0,0,0,0,1,0,0,0,0,0,0,0,1,0,0,0,0,29,7,7,1,0,3,0,111,2,1,2.0,0,58,0.5225225225225225,0,1,0,0,13,16,0,0,0,4,2,0.0,0.0,29.0,175.45,1,simple,0,,,34,29,0,7,0.8529411764705882,0,9,14,7,7,0,7,0.5,0,0,7,1.0,4,1,6,1,0,9,0.0,6,False,False,True
3747,oz_ReentrancyGuard,,data/safe_contracts/openzeppelin-contracts/contracts/utils/ReentrancyGuard.sol,,openzeppelin,0,0,0,0,0,0,0,0,0,0,0,0,0,0,1,0,0,0,0,0,0,0,1,0,0,0,0,26,7,4,3,2,3,0,103,2,1,1.2857142857142858,0,63,0.6116504854368932,0,4,0,0,12,14,0,0,0,3,2,0.0,0.0,26.0,188.93333333333334,1,simple,0,,,18,12,0,2,0.6666666666666666,0,2,9,7,7,0,4,0.36363636363636365,0,0,7,1.0,3,3,0,1,0,0,0.0,0,False,False,True
3749,oz_Base58,,data/safe_contracts/openzeppelin-contracts/contracts/utils/Base58.sol,,openzeppelin,0,0,0,0,0,0,0,0,0,0,0,0,0,0,1,0,0,0,0,0,0,0,1,0,0,0,0,8,4,0,0,0,25,0,211,1,1,12.25,2,79,0.3744075829383886,0,0,0,0,4,4,0,0,0,3,2,0.0,0.0,8.0,18.133333333333333,0,moderate,1,,,145,156,15,45,1.0758620689655172,1,4,49,4,12,0,0,0.0,0,0,4,3.0,7,0,0,0,0,4,0.0,4,False,False,True
3750,oz_Errors,,data/safe_contracts/openzeppelin-contracts/contracts/utils/Errors.sol,,openzeppelin,0,0,0,0,0,0,0,0,0,0,0,0,0,0,0,0,0,0,0,0,0,0,1,0,0,0,0,2,0,0,0,0,0,0,29,1,1,0.0,0,22,0.7586206896551724,0,0,0,0,2,0,0,0,0,1,1,0.0,0.0,2.0,4.0,0,simple,0,,,0,0,0,0,0.0,0,0,0,0,0,0,0,0.0,0,0,0,0.0,0,0,0,0,0,0,0.0,0,False,False,True
3751,oz_Blockhash,,data/safe_contracts/openzeppelin-contracts/contracts/utils/Blockhash.sol,,openzeppelin,0,0,0,0,0,0,0,0,0,0,0,0,0,0,1,0,0,0,0,0,0,0,1,0,0,0,0,5,3,0,1,0,2,0,46,1,1,1.3333333333333333,0,26,0.5652173913043478,0,0,0,0,3,2,0,0,0,3,2,0.0,0.0,5.0,7.333333333333334,0,simple,0,,,15,12,0,6,0.8,0,2,4,3,7,0,0,0.0,0,0,3,2.3333333333333335,7,1,0,1,0,2,0.0,2,False,False,True
3752,oz_Packing,,data/safe_contracts/openzeppelin-contracts/contracts/utils/Packing.sol,,openzeppelin,0,0,0,0,0,0,0,0,0,0,0,0,0,0,1,0,0,0,0,0,0,0,1,0,0,0,0,638,212,0,0,0,3,0,1442,1,1,1.7358490566037736,0,32,0.022191400832177532,0,0,0,0,426,212,0,0,0,4,2,0.0,0.0,638.0,91616.8,1,complex,2,,,1350,1216,0,5,0.9007407407407407,0,0,368,212,156,0,0,0.0,0,0,212,0.7358490566037735,57,0,0,0,0,502,0.0,212,False,False,True
3755,oz_Multicall,,data/safe_contracts/openzeppelin-contracts/contracts/utils/Multicall.sol,,openzeppelin,0,0,0,0,0,0,0,0,0,0,0,0,0,0,1,0,0,0,0,0,0,0,1,0,0,0,0,32,1,4,0,0,6,0,33,5,1,6.0,0,18,0.5454545454545454,0,1,1,0,16,16,0,0,0,3,2,0.0,0.0,32.0,290.1333333333333,1,simple,0,,,13,14,1,9,1.0769230769230769,0,1,6,1,2,1,4,0.6666666666666666,0,1,0,2.0,2,0,1,0,1,1,1.0,1,False,False,True
3756,oz_LowLevelCall,,data/safe_contracts/openzeppelin-contracts/contracts/utils/LowLevelCall.sol,,openzeppelin,0,0,0,0,0,0,0,0,0,0,0,0,0,0,1,0,0,0,0,0,0,0,1,0,0,0,0,24,12,0,0,0,1,0,114,1,1,1.0,0,31,0.2719298245614035,0,0,0,0,12,12,0,0,0,3,2,0.0,0.0,24.0,163.2,1,moderate,1,,,56,44,0,6,0.7857142857142857,0,2,12,12,31,0,0,0.0,1,0,12,2.5833333333333335,9,0,0,0,0,19,0.0,9,False,False,True
3758,oz_Address,,data/safe_contracts/openzeppelin-contracts/contracts/utils/Address.sol,,openzeppelin,0,0,0,0,0,0,0,0,0,0,0,0,0,0,1,0,0,0,0,0,0,0,1,0,0,0,0,33,7,28,0,0,9,0,157,3,1,6.142857142857143,0,73,0.46496815286624205,0,17,0,0,14,19,0,0,0,3,2,0.0,0.0,33.0,300.29999999999995,1,moderate,1,,,71,76,0,8,1.0704225352112675,0,7,43,7,19,0,28,0.5957446808510638,0,0,7,2.7142857142857144,5,0,6,0,26,16,0.23076923076923078,7,False,False,True
3759,oz_Calldata,,data/safe_contracts/openzeppelin-contracts/contracts/utils/Calldata.sol,,openzeppelin,0,0,0,0,0,0,0,0,0,0,0,0,0,0,1,0,0,0,0,0,0,0,1,0,0,0,0,6,2,0,0,0,1,0,22,1,1,1.0,0,7,0.3181818181818182,0,0,0,0,4,2,0,0,0,3,2,0.0,0.0,6.0,10.8,0,simple,0,,,10,8,0,4,0.8,0,0,2,2,0,0,0,0.0,0,0,2,0.0,2,0,0,0,0,0,0.0,0,False,False,True
3761,oz_Clones,,data/safe_contracts/openzeppelin-contracts/contracts/proxy/Clones.sol,,openzeppelin,0,0,0,0,0,0,0,0,0,0,0,0,0,0,1,0,0,0,0,0,0,0,1,0,0,0,0,53,14,10,0,0,5,0,277,4,1,2.0,0,140,0.5054151624548736,0,2,0,0,22,31,0,0,0,4,2,0.0,0.0,53.0,579.025,1,moderate,1,,,76,69,0,11,0.9078947368421053,0,10,28,14,33,0,10,0.23255813953488372,1,0,14,2.357142857142857,13,0,7,0,0,35,0.0,14,False,False,True
3762,oz_Proxy,,data/safe_contracts/openzeppelin-contracts/contracts/proxy/Proxy.sol,,openzeppelin,0,0,0,0,0,0,0,0,0,0,0,0,0,0,1,1,0,0,0,0,0,0,1,0,0,0,1,4,4,0,0,0,3,0,61,1,1,1.5,0,37,0.6065573770491803,1,0,0,0,5,0,0,1,0,4,2,0.0,0.0,9.0,11.25,0,simple,0,,,17,15,0,11,0.8823529411764706,0,0,5,4,11,3,0,0.0,0,1,3,2.75,9,0,0,0,0,1,0.0,1,False,False,True
3763,oz_VestingWallet,,data/safe_contracts/openzeppelin-contracts/contracts/finance/VestingWallet.sol,,openzeppelin,0,0,1,0,0,0,0,0,0,0,0,0,0,0,1,0,0,0,0,0,0,0,1,1,0,0,0,56,14,3,4,0,3,0,142,10,1,1.1428571428571428,0,75,0.528169014084507,2,2,2,0,27,29,0,0,0,5,3,0.0,0.0,56.0,529.76,1,moderate,1,,,39,25,0,4,0.6410256410256411,0,12,16,14,19,4,3,0.13636363636363635,1,13,1,1.3571428571428572,6,4,3,1,2,11,1.5,7,False,False,True
3764,oz_VestingWalletCliff,,data/safe_contracts/openzeppelin-contracts/contracts/finance/VestingWalletCliff.sol,,openzeppelin,0,0,1,0,0,0,0,0,0,0,0,0,0,0,1,0,0,0,0,0,0,0,1,1,0,0,0,125,14,3,4,0,3,0,46,12,1,1.1428571428571428,0,23,0.5,2,2,2,0,30,95,0,0,0,5,3,0.0,0.0,125.0,2412.5,1,moderate,1,,,39,25,0,4,0.6410256410256411,0,12,16,14,19,4,3,0.13636363636363635,1,13,1,1.3571428571428572,6,4,3,1,2,11,1.5,7,False,False,True
3765,oz_IAccessControlEnumerable,,data/safe_contracts/openzeppelin-contracts/contracts/access/extensions/IAccessControlEnumerable.sol,,openzeppelin,0,0,0,0,0,0,0,0,0,0,0,0,0,0,0,0,0,0,0,0,0,0,1,0,0,0,0,3,5,0,0,0,1,0,27,2,1,1.0,0,21,0.7777777777777778,0,0,0,0,3,0,0,0,0,1,1,0.0,0.0,3.0,9.0,0,simple,0,,,0,0,0,0,0.0,0,0,0,5,0,0,0,0.0,0,5,0,0.0,5,0,0,0,0,9,0.0,5,False,False,True
3766,oz_IAccessControlDefaultAdminRules,,data/safe_contracts/openzeppelin-contracts/contracts/access/extensions/IAccessControlDefaultAdminRules.sol,,openzeppelin,0,0,0,0,0,0,0,0,0,0,0,0,0,0,0,0,0,0,0,0,0,0,1,0,0,0,0,3,5,0,0,0,1,0,173,2,1,1.0,0,152,0.8786127167630058,0,0,0,0,3,0,0,0,0,1,1,0.0,0.0,3.0,9.0,0,simple,0,,,0,0,0,0,0.0,0,0,0,5,0,0,0,0.0,0,5,0,0.0,5,0,0,0,0,9,0.0,5,False,False,True
3768,oz_AccessControlDefaultAdminRules,,data/safe_contracts/openzeppelin-contracts/contracts/access/extensions/AccessControlDefaultAdminRules.sol,,openzeppelin,0,0,1,0,0,0,0,0,0,0,0,0,0,0,1,0,0,0,0,0,0,0,1,1,0,1,9,137,12,0,2,1,3,0,327,11,1,1.5,0,161,0.4923547400611621,0,0,2,0,25,122,0,10,0,8,3,0.0,0.0,192.0,2649.6,1,moderate,1,,,42,32,0,4,0.7619047619047619,0,7,18,12,20,2,0,0.0,1,6,6,1.6666666666666667,8,2,3,1,0,19,0.0,11,False,False,True
3769,oz_AccessManaged,,data/safe_contracts/openzeppelin-contracts/contracts/access/manager/AccessManaged.sol,,openzeppelin,0,0,0,0,0,1,0,0,0,0,0,0,0,0,1,0,0,0,0,0,0,0,1,1,0,0,0,14,6,2,2,1,5,0,101,6,1,2.5,0,48,0.4752475247524752,0,1,1,0,9,5,0,0,0,5,3,0.0,0.0,14.0,35.0,1,simple,0,,,32,30,0,8,0.9375,0,3,15,6,9,1,2,0.18181818181818182,0,3,3,1.5,7,2,2,1,2,5,1.0,4,False,False,True
3770,oz_AccessManager,,data/safe_contracts/openzeppelin-contracts/contracts/access/manager/AccessManager.sol,,openzeppelin,0,0,1,0,0,0,0,0,0,0,0,0,1,0,1,0,0,0,0,0,0,1,1,1,0,1,12,153,49,21,6,1,9,0,633,13,1,2.4693877551020407,0,236,0.37282780410742494,1,16,1,0,38,128,0,13,0,10,5,0.0,0.0,223.0,2845.4799999999996,1,critical,3,,,297,271,1,17,0.9124579124579124,0,42,121,49,94,4,21,0.1826086956521739,0,30,19,1.9183673469387754,32,6,23,1,2,87,11.5,45,False,False,True
3771,oz_IAccessManager,,data/safe_contracts/openzeppelin-contracts/contracts/access/manager/IAccessManager.sol,,openzeppelin,0,0,0,0,0,0,0,0,0,0,0,0,0,0,0,0,0,0,0,0,0,0,1,0,0,0,0,2,29,0,0,0,1,0,360,1,1,1.0,0,287,0.7972222222222223,1,0,0,0,2,0,0,0,0,1,1,0.0,0.0,2.0,4.0,0,moderate,1,,,0,0,0,0,0.0,0,0,0,29,0,0,0,0.0,0,29,0,0.0,29,0,0,0,0,53,0.0,27,False,False,True
3772,oz_AuthorityUtils,,data/safe_contracts/openzeppelin-contracts/contracts/access/manager/AuthorityUtils.sol,,openzeppelin,0,0,0,0,0,0,0,0,0,0,0,0,0,0,1,0,0,0,0,0,0,0,1,1,0,0,0,6,1,1,0,0,3,0,30,2,1,3.0,0,9,0.3,0,0,0,0,5,1,0,0,0,4,2,0.0,0.0,6.0,8.55,0,simple,0,,,11,11,0,8,1.0,0,0,3,1,5,0,1,0.16666666666666666,0,0,1,5.0,5,0,1,0,1,4,1.0,1,False,False,True
3773,oz_IAccessManaged,,data/safe_contracts/openzeppelin-contracts/contracts/access/manager/IAccessManaged.sol,,openzeppelin,0,0,0,0,0,0,0,0,0,0,0,0,0,0,0,0,0,0,0,0,0,0,1,0,0,0,0,2,3,0,0,0,1,0,26,1,1,1.0,0,16,0.6153846153846154,0,0,0,0,2,0,0,0,0,1,1,0.0,0.0,2.0,4.0,0,simple,0,,,0,0,0,0,0.0,0,0,0,3,0,0,0,0.0,0,3,0,0.0,3,0,0,0,0,1,0.0,1,False,False,True
3774,oz_IAuthority,,data/safe_contracts/openzeppelin-contracts/contracts/access/manager/IAuthority.sol,,openzeppelin,0,0,0,0,0,0,0,0,0,0,0,0,0,0,0,0,0,0,0,0,0,0,1,0,0,0,0,2,1,0,0,0,1,0,12,1,1,1.0,0,8,0.6666666666666666,0,0,0,0,2,0,0,0,0,1,1,0.0,0.0,2.0,4.0,0,simple,0,,,0,0,0,0,0.0,0,0,0,1,0,0,0,0.0,0,1,0,0.0,1,0,0,0,0,3,0.0,1,False,False,True
3821,oz_ERC20GetterHelper,,data/safe_contracts/openzeppelin-contracts/contracts/mocks/token/ERC20GetterHelper.sol,,openzeppelin,0,0,0,0,0,0,0,0,0,0,0,0,0,0,0,0,0,0,0,0,0,0,1,1,0,0,0,5,6,6,0,0,1,0,30,3,1,1.0,0,1,0.03333333333333333,0,0,0,0,5,0,0,0,0,2,1,0.0,0.0,5.0,12.5,0,simple,0,,,12,6,0,1,0.5,0,0,6,6,0,0,6,1.0,0,6,0,0.0,6,0,6,0,0,9,0.0,6,False,False,True
3823,oz_BadBeacon,,data/safe_contracts/openzeppelin-contracts/contracts/mocks/proxy/BadBeacon.sol,,openzeppelin,0,0,0,0,0,0,0,0,0,0,0,0,0,0,0,0,0,0,0,0,0,0,1,0,0,0,0,2,0,0,0,0,0,0,8,2,1,0.0,0,1,0.125,0,0,0,0,2,0,0,0,0,1,1,0.0,0.0,2.0,4.0,0,simple,0,,,0,0,0,0,0.0,0,0,0,0,0,0,0,0.0,0,0,0,0.0,0,0,0,0,0,0,0.0,0,False,False,True
3824,oz_ClashingImplementation,,data/safe_contracts/openzeppelin-contracts/contracts/mocks/proxy/ClashingImplementation.sol,,openzeppelin,0,0,0,0,0,0,0,0,0,0,0,0,0,0,0,1,0,0,0,0,0,0,1,0,0,0,1,2,2,0,0,0,1,0,15,1,1,1.0,0,5,0.3333333333333333,1,0,0,0,3,0,0,1,0,2,2,0.0,0.0,7.0,10.5,0,simple,0,,,4,2,0,1,0.5,0,1,2,2,0,0,0,0.0,0,2,0,0.0,2,0,0,0,0,2,0.0,1,False,False,True
3825,oz_ERC1967ProxyUnsafe,,data/safe_contracts/openzeppelin-contracts/contracts/mocks/proxy/ERC1967ProxyUnsafe.sol,,openzeppelin,0,0,0,0,0,0,0,0,0,0,0,0,0,0,1,0,0,0,0,0,0,1,1,1,0,0,2,61,2,0,0,0,1,0,9,10,1,1.0,0,1,0.1111111111111111,1,0,2,0,32,31,0,2,0,5,3,0.0,0.0,71.0,762.54,1,simple,0,,,4,2,0,1,0.5,0,1,2,2,1,0,0,0.0,1,1,1,0.5,1,0,0,0,0,2,0.0,1,False,False,True
3826,oz_CompTimelock,,data/safe_contracts/openzeppelin-contracts/contracts/mocks/compound/CompTimelock.sol,,openzeppelin,0,0,1,1,0,0,1,0,0,0,0,0,0,0,0,0,0,0,0,0,0,0,1,0,0,0,0,9,10,5,7,0,3,1,145,1,1,1.2,0,27,0.18620689655172415,2,0,0,0,3,6,0,0,0,5,4,0.0,0.0,9.0,12.96,1,moderate,1,,,56,47,0,16,0.8392857142857143,0,3,12,10,16,1,5,0.23809523809523808,0,8,2,1.6,7,7,6,1,1,19,6.0,6,False,False,True
3827,oz_ERC20WithAutoMinerReward,,data/safe_contracts/openzeppelin-contracts/contracts/mocks/docs/ERC20WithAutoMinerReward.sol,,openzeppelin,0,0,0,0,0,0,0,0,0,0,0,0,0,0,0,0,0,0,0,0,0,0,1,1,0,0,0,11,3,0,0,0,3,0,17,8,1,1.6666666666666667,0,1,0.058823529411764705,0,0,2,0,8,3,0,0,0,3,1,0.0,0.0,11.0,37.03333333333333,0,simple,0,,,10,8,0,3,0.8,0,0,5,3,5,2,0,0.0,1,1,2,1.6666666666666667,1,0,0,0,0,3,0.0,1,False,False,True
3838,oz_MyFactoryAccount,,data/safe_contracts/openzeppelin-contracts/contracts/mocks/docs/account/MyFactoryAccount.sol,,openzeppelin,0,0,0,0,0,0,0,0,0,0,0,0,0,0,1,0,0,0,0,0,0,1,1,0,0,0,2,53,3,3,1,0,3,0,30,6,1,1.6666666666666667,0,7,0.23333333333333334,0,3,0,0,24,31,0,2,0,5,3,0.0,0.0,63.0,575.8199999999999,1,simple,0,,,12,10,0,4,0.8333333333333334,0,2,5,3,6,1,3,0.3333333333333333,0,3,0,2.0,3,1,3,1,3,3,1.0,3,False,False,True
3839,oz_MyAccountEIP7702,,data/safe_contracts/openzeppelin-contracts/contracts/mocks/docs/account/MyAccountEIP7702.sol,,openzeppelin,0,0,1,1,0,0,1,0,0,0,0,0,0,0,1,0,0,0,0,0,1,1,1,1,0,1,14,865,10,2,0,2,3,0,18,37,1,1.7,0,3,0.16666666666666666,1,1,1,0,485,395,0,15,0,14,6,0.0,0.0,945.0,51401.25,1,simple,0,,,32,25,0,4,0.78125,0,7,17,10,11,2,2,0.15384615384615385,1,5,5,1.1,7,0,2,0,1,10,2.0,5,False,False,True
3840,oz_AccessManagedERC20MintBase,,data/safe_contracts/openzeppelin-contracts/contracts/mocks/docs/access-control/AccessManagedERC20MintBase.sol,,openzeppelin,0,0,0,0,0,1,1,0,0,0,0,0,0,0,1,0,0,0,0,0,0,0,1,1,0,0,0,19,6,2,2,1,5,0,13,13,1,2.5,0,4,0.3076923076923077,0,1,1,0,14,5,0,0,0,6,3,0.0,0.0,19.0,55.41666666666666,1,simple,0,,,32,30,0,8,0.9375,0,3,15,6,9,1,2,0.18181818181818182,0,3,3,1.5,7,2,2,1,2,5,1.0,4,False,False,True
3841,oz_AccessControlERC20MintMissing,,data/safe_contracts/openzeppelin-contracts/contracts/mocks/docs/access-control/AccessControlERC20MintMissing.sol,,openzeppelin,0,0,0,0,0,0,0,0,0,0,0,0,0,0,0,0,0,0,0,0,0,0,1,1,0,0,0,15,12,0,2,1,3,0,19,12,1,1.5,0,3,0.15789473684210525,0,0,2,0,12,3,0,0,0,3,1,0.0,0.0,15.0,70.5,0,moderate,1,,,42,32,0,4,0.7619047619047619,0,7,18,12,20,2,0,0.0,1,6,6,1.6666666666666667,8,2,3,1,0,19,0.0,11,False,False,True
3842,oz_AccessControlERC20MintBase,,data/safe_contracts/openzeppelin-contracts/contracts/mocks/docs/access-control/AccessControlERC20MintBase.sol,,openzeppelin,0,0,0,0,0,0,0,0,0,0,0,0,0,0,0,0,0,0,0,0,0,0,1,1,0,0,0,16,12,0,2,1,3,0,20,12,1,1.5,0,4,0.2,0,0,2,0,12,4,0,0,0,3,1,0.0,0.0,16.0,78.93333333333334,0,moderate,1,,,42,32,0,4,0.7619047619047619,0,7,18,12,20,2,0,0.0,1,6,6,1.6666666666666667,8,2,3,1,0,19,0.0,11,False,False,True
3843,oz_AccessControlERC20MintOnlyRole,,data/safe_contracts/openzeppelin-contracts/contracts/mocks/docs/access-control/AccessControlERC20MintOnlyRole.sol,,openzeppelin,0,0,0,0,0,0,0,0,0,0,0,0,0,0,0,0,0,0,0,0,0,0,1,1,0,0,0,15,12,0,2,1,3,0,18,12,1,1.5,0,1,0.05555555555555555,0,0,2,0,12,3,0,0,0,3,1,0.0,0.0,15.0,70.5,0,moderate,1,,,42,32,0,4,0.7619047619047619,0,7,18,12,20,2,0,0.0,1,6,6,1.6666666666666667,8,2,3,1,0,19,0.0,11,False,False,True
3844,oz_AccessControlModified,,data/safe_contracts/openzeppelin-contracts/contracts/mocks/docs/access-control/AccessControlModified.sol,,openzeppelin,0,0,0,0,0,0,0,0,0,0,0,0,0,0,0,0,0,0,0,0,0,0,1,1,0,0,0,11,12,0,2,1,3,0,11,6,1,1.5,0,3,0.2727272727272727,0,0,2,0,8,3,0,0,0,3,1,0.0,0.0,11.0,37.03333333333333,0,moderate,1,,,42,32,0,4,0.7619047619047619,0,7,18,12,20,2,0,0.0,1,6,6,1.6666666666666667,8,2,3,1,0,19,0.0,11,False,False,True
3845,oz_MyContractOwnable,,data/safe_contracts/openzeppelin-contracts/contracts/mocks/docs/access-control/MyContractOwnable.sol,,openzeppelin,0,0,0,0,0,0,0,0,0,0,0,0,0,0,0,0,0,0,0,0,0,0,1,0,0,0,0,6,6,0,1,1,3,0,12,3,1,2.0,0,3,0.25,0,0,1,0,4,2,0,0,0,2,1,0.0,0.0,6.0,16.2,0,simple,0,,,24,21,0,4,0.875,0,1,12,6,10,1,0,0.0,0,3,3,1.6666666666666667,6,1,1,1,0,3,0.0,3,False,False,True
3847,oz_Multicall,,data/safe_contracts/openzeppelin-contracts/contracts/mocks/docs/utilities/Multicall.sol,,openzeppelin,0,0,0,0,0,0,0,0,0,0,0,0,0,0,1,0,0,0,0,0,0,0,1,0,0,0,0,33,1,4,0,0,6,0,12,6,1,6.0,0,4,0.3333333333333333,0,1,1,0,17,16,0,0,0,3,2,0.0,0.0,33.0,310.2,1,simple,0,,,13,14,1,9,1.0769230769230769,0,1,6,1,2,1,4,0.6666666666666666,0,1,0,2.0,2,0,1,0,1,1,1.0,1,False,False,True
3848,oz_ERC6909GameItems,,data/safe_contracts/openzeppelin-contracts/contracts/mocks/docs/token/ERC6909/ERC6909GameItems.sol,,openzeppelin,0,0,0,0,0,0,0,0,0,0,0,0,0,0,0,0,0,0,0,0,0,0,1,1,0,0,0,14,2,0,5,0,1,0,22,10,1,1.0,0,2,0.09090909090909091,0,0,4,0,9,5,0,0,0,3,1,0.0,0.0,14.0,58.333333333333336,0,simple,0,,,15,13,0,9,0.8666666666666667,0,0,2,2,2,1,0,0.0,0,1,1,1.0,3,5,0,1,0,0,0.0,0,False,False,True
3850,oz_GLDToken,,data/safe_contracts/openzeppelin-contracts/contracts/mocks/docs/token/ERC20/GLDToken.sol,,openzeppelin,0,0,0,0,0,0,0,0,0,0,0,0,0,0,0,0,0,0,0,0,0,0,1,1,0,0,0,11,1,0,0,0,1,0,9,8,1,1.0,0,2,0.2222222222222222,0,0,2,0,8,3,0,0,0,3,1,0.0,0.0,11.0,37.03333333333333,0,simple,0,,,3,2,0,2,0.6666666666666666,0,0,1,1,2,1,0,0.0,1,1,0,2.0,1,0,0,0,0,1,0.0,1,False,False,True
3852,oz_MyERC115HolderContract,,data/safe_contracts/openzeppelin-contracts/contracts/mocks/docs/token/ERC1155/MyERC115HolderContract.sol,,openzeppelin,0,0,0,0,0,0,0,0,0,0,0,0,0,0,0,0,0,0,0,0,0,0,1,1,0,0,0,7,0,0,0,0,0,0,5,5,1,0.0,0,2,0.4,0,0,3,0,7,0,0,0,0,2,1,0.0,0.0,7.0,24.5,0,simple,0,,,0,0,0,0,0.0,0,0,0,0,0,0,0,0.0,0,0,0,0.0,0,0,0,0,0,0,0.0,0,False,False,True
3855,oz_IVotes,,data/safe_contracts/openzeppelin-contracts/contracts/governance/utils/IVotes.sol,,openzeppelin,0,0,0,0,0,0,0,0,0,0,0,0,0,0,0,0,0,0,0,0,0,0,1,0,0,0,0,2,6,0,0,0,1,0,50,1,1,1.0,0,38,0.76,0,0,0,0,2,0,0,0,0,1,1,0.0,0.0,2.0,4.0,0,simple,0,,,0,0,0,0,0.0,0,0,0,6,0,0,0,0.0,0,6,0,0.0,6,0,0,0,0,12,0.0,6,False,False,True
3872,oz_EIP7702Utils,,data/safe_contracts/openzeppelin-contracts/contracts/account/utils/EIP7702Utils.sol,,openzeppelin,0,0,0,0,0,0,0,0,0,0,0,0,0,0,0,0,0,0,0,0,0,0,1,0,0,0,0,3,2,0,1,0,2,0,18,1,1,1.5,0,10,0.5555555555555556,0,0,0,0,2,1,0,0,0,2,1,0.0,0.0,3.0,4.05,0,simple,0,,,6,4,0,3,0.6666666666666666,0,2,3,2,1,0,0,0.0,0,0,2,0.5,2,1,0,1,0,1,0.0,1,False,False,True
3876,oz_ERC6909,,data/safe_contracts/openzeppelin-contracts/contracts/token/ERC6909/ERC6909.sol,,openzeppelin,0,0,0,0,0,0,0,0,0,0,0,0,0,0,0,0,0,0,0,0,0,0,1,1,0,0,0,11,15,0,3,0,7,0,201,8,1,2.8666666666666667,0,81,0.40298507462686567,0,0,2,0,7,4,0,0,0,3,1,0.0,0.0,11.0,35.93333333333333,0,moderate,1,,,81,80,0,6,0.9876543209876543,0,8,43,15,27,3,0,0.0,1,8,7,1.8,11,3,4,1,0,45,0.0,15,False,False,True
3878,oz_IERC721,,data/safe_contracts/openzeppelin-contracts/contracts/token/ERC721/IERC721.sol,,openzeppelin,0,0,0,0,0,0,0,0,0,0,0,0,0,0,0,0,0,0,0,0,0,0,1,1,0,0,0,4,9,0,0,0,1,0,121,2,1,1.0,0,105,0.8677685950413223,0,0,1,0,4,0,0,0,0,2,1,0.0,0.0,4.0,8.0,0,simple,0,,,0,0,0,0,0.0,0,0,0,9,0,0,0,0.0,0,9,0,0.0,8,0,0,0,0,19,0.0,9,False,False,True
3879,oz_IERC721Receiver,,data/safe_contracts/openzeppelin-contracts/contracts/token/ERC721/IERC721Receiver.sol,,openzeppelin,0,0,0,0,0,0,0,0,0,0,0,0,0,0,0,0,0,0,0,0,0,0,1,0,0,0,0,2,1,0,0,0,1,0,26,1,1,1.0,0,17,0.6538461538461539,0,0,0,0,2,0,0,0,0,1,1,0.0,0.0,2.0,4.0,0,simple,0,,,0,0,0,0,0.0,0,0,0,1,0,0,0,0.0,0,1,0,0.0,1,0,0,0,0,4,0.0,1,False,False,True
3880,oz_IERC20,,data/safe_contracts/openzeppelin-contracts/contracts/token/ERC20/IERC20.sol,,openzeppelin,0,0,0,0,0,0,0,0,0,0,0,0,0,0,0,0,0,0,0,0,0,0,1,0,0,0,0,2,6,0,0,0,1,0,70,1,1,1.0,0,59,0.8428571428571429,0,0,0,0,2,0,0,0,0,1,1,0.0,0.0,2.0,4.0,0,simple,0,,,0,0,0,0,0.0,0,0,0,6,0,0,0,0.0,0,6,0,0.0,6,0,0,0,0,10,0.0,5,False,False,True
3881,oz_ERC20,,data/safe_contracts/openzeppelin-contracts/contracts/token/ERC20/ERC20.sol,,openzeppelin,0,0,0,0,0,0,0,0,0,0,0,0,0,0,0,0,0,0,0,0,0,0,1,1,0,0,0,11,17,0,5,0,7,0,280,7,1,2.411764705882353,0,160,0.5714285714285714,0,0,1,0,7,4,0,0,0,3,1,0.0,0.0,11.0,35.93333333333333,0,moderate,1,,,81,76,0,7,0.9382716049382716,0,9,41,17,21,3,0,0.0,1,9,8,1.2352941176470589,14,5,3,1,0,32,0.0,13,False,False,True
3882,oz_IERC1155,,data/safe_contracts/openzeppelin-contracts/contracts/token/ERC1155/IERC1155.sol,,openzeppelin,0,0,0,0,0,0,0,0,0,0,0,0,0,0,0,0,0,0,0,0,0,0,1,1,0,0,0,4,6,0,0,0,1,0,111,2,1,1.0,0,82,0.7387387387387387,0,0,1,0,4,0,0,0,0,2,1,0.0,0.0,4.0,8.0,0,simple,0,,,0,0,0,0,0.0,0,0,0,6,0,0,0,0.0,0,6,0,0.0,6,0,0,0,0,18,0.0,6,False,False,True
3884,oz_IERC1155Receiver,,data/safe_contracts/openzeppelin-contracts/contracts/token/ERC1155/IERC1155Receiver.sol,,openzeppelin,0,0,0,0,0,0,0,0,0,0,0,0,0,0,0,0,0,0,0,0,0,0,1,1,0,0,0,4,2,0,0,0,1,0,55,2,1,1.0,0,37,0.6727272727272727,0,0,1,0,4,0,0,0,0,2,1,0.0,0.0,4.0,8.0,0,simple,0,,,0,0,0,0,0.0,0,0,0,2,0,0,0,0.0,0,2,0,0.0,2,0,0,0,0,10,0.0,2,False,False,True
3885,oz_ERC2981,,data/safe_contracts/openzeppelin-contracts/contracts/token/common/ERC2981.sol,,openzeppelin,0,0,0,0,0,0,0,0,0,0,0,0,0,0,0,0,0,0,0,0,0,0,1,1,0,0,0,10,7,0,2,0,5,0,119,4,1,2.4285714285714284,0,58,0.48739495798319327,0,0,2,0,6,4,0,0,0,3,1,0.0,0.0,10.0,29.333333333333336,0,simple,0,,,36,34,0,7,0.9444444444444444,0,3,17,7,9,1,0,0.0,1,2,5,1.2857142857142858,8,2,3,1,0,9,0.0,5,False,False,True
3886,oz_ERC6909TokenSupply,,data/safe_contracts/openzeppelin-contracts/contracts/token/ERC6909/extensions/ERC6909TokenSupply.sol,,openzeppelin,0,0,0,0,0,0,0,0,0,0,0,0,0,0,0,0,0,0,0,0,0,0,1,1,0,0,0,12,15,0,3,0,7,0,29,9,1,2.8666666666666667,0,9,0.3103448275862069,0,0,2,0,8,4,0,0,0,3,1,0.0,0.0,12.0,43.2,0,moderate,1,,,81,80,0,6,0.9876543209876543,0,8,43,15,27,3,0,0.0,1,8,7,1.8,11,3,4,1,0,45,0.0,15,False,False,True
3887,oz_ERC6909Metadata,,data/safe_contracts/openzeppelin-contracts/contracts/token/ERC6909/extensions/ERC6909Metadata.sol,,openzeppelin,0,0,0,0,0,0,0,0,0,0,0,0,0,0,0,0,0,0,0,0,0,0,1,1,0,0,0,15,15,0,3,0,7,0,61,9,1,2.8666666666666667,0,26,0.4262295081967213,0,0,2,0,8,7,0,0,0,3,1,0.0,0.0,15.0,64.5,0,moderate,1,,,81,80,0,6,0.9876543209876543,0,8,43,15,27,3,0,0.0,1,8,7,1.8,11,3,4,1,0,45,0.0,15,False,False,True
3888,oz_ERC6909ContentURI,,data/safe_contracts/openzeppelin-contracts/contracts/token/ERC6909/extensions/ERC6909ContentURI.sol,,openzeppelin,0,0,0,0,0,0,0,0,0,0,0,0,0,0,0,0,0,0,0,0,0,0,1,1,0,0,0,14,15,0,3,0,7,0,42,9,1,2.8666666666666667,0,19,0.4523809523809524,0,0,2,0,8,6,0,0,0,3,1,0.0,0.0,14.0,56.93333333333334,0,moderate,1,,,81,80,0,6,0.9876543209876543,0,8,43,15,27,3,0,0.0,1,8,7,1.8,11,3,4,1,0,45,0.0,15,False,False,True
3889,oz_ERC721Utils,,data/safe_contracts/openzeppelin-contracts/contracts/token/ERC721/utils/ERC721Utils.sol,,openzeppelin,0,0,0,0,0,0,0,0,0,0,0,0,0,0,1,0,0,0,0,0,0,0,1,1,0,0,0,7,1,3,0,0,7,0,47,5,1,7.0,0,19,0.40425531914893614,0,0,0,0,6,1,0,0,0,4,2,0.0,0.0,7.0,11.725,0,simple,0,,,15,19,0,7,1.2666666666666666,0,0,7,1,4,0,3,0.42857142857142855,0,0,1,4.0,4,0,1,0,0,5,0.0,1,False,False,True
3890,oz_ERC721Holder,,data/safe_contracts/openzeppelin-contracts/contracts/token/ERC721/utils/ERC721Holder.sol,,openzeppelin,0,0,0,0,0,0,0,0,0,0,0,0,0,0,0,0,0,0,0,0,0,0,1,1,0,0,0,4,1,0,0,0,1,0,23,2,1,1.0,0,16,0.6956521739130435,0,0,1,0,4,0,0,0,0,2,1,0.0,0.0,4.0,8.0,0,simple,0,,,2,1,0,1,0.5,0,1,1,1,0,0,0,0.0,0,1,0,0.0,1,0,0,0,0,4,0.0,1,False,False,True
3891,oz_IERC721Enumerable,,data/safe_contracts/openzeppelin-contracts/contracts/token/ERC721/extensions/IERC721Enumerable.sol,,openzeppelin,0,0,0,0,0,0,0,0,0,0,0,0,0,0,0,0,0,0,0,0,0,0,1,1,0,0,0,5,9,0,0,0,1,0,24,3,1,1.0,0,17,0.7083333333333334,0,0,1,0,5,0,0,0,0,2,1,0.0,0.0,5.0,12.5,0,simple,0,,,0,0,0,0,0.0,0,0,0,9,0,0,0,0.0,0,9,0,0.0,8,0,0,0,0,19,0.0,9,False,False,True
3896,oz_IERC721Metadata,,data/safe_contracts/openzeppelin-contracts/contracts/token/ERC721/extensions/IERC721Metadata.sol,,openzeppelin,0,0,0,0,0,0,0,0,0,0,0,0,0,0,0,0,0,0,0,0,0,0,1,1,0,0,0,5,9,0,0,0,1,0,22,3,1,1.0,0,15,0.6818181818181818,0,0,1,0,5,0,0,0,0,2,1,0.0,0.0,5.0,12.5,0,simple,0,,,0,0,0,0,0.0,0,0,0,9,0,0,0,0.0,0,9,0,0.0,8,0,0,0,0,19,0.0,9,False,False,True
3901,oz_SafeERC20,,data/safe_contracts/openzeppelin-contracts/contracts/token/ERC20/utils/SafeERC20.sol,,openzeppelin,0,0,0,0,0,0,0,0,0,0,0,0,0,0,1,0,0,0,0,0,0,0,1,1,0,0,0,24,13,5,0,0,7,0,260,4,1,3.769230769230769,0,129,0.49615384615384617,0,0,0,0,11,13,0,0,0,4,2,0.0,0.0,24.0,120.6,1,moderate,1,,,107,112,0,14,1.0467289719626167,0,2,49,13,41,0,5,0.10869565217391304,0,0,13,3.1538461538461537,10,0,5,0,3,49,1.6666666666666667,13,False,False,True
3902,oz_ERC1363Utils,,data/safe_contracts/openzeppelin-contracts/contracts/token/ERC20/utils/ERC1363Utils.sol,,openzeppelin,0,0,0,0,0,0,0,0,0,0,0,0,0,0,1,0,0,0,0,0,0,0,1,1,0,0,0,9,2,2,0,0,7,0,87,3,1,7.0,0,33,0.3793103448275862,0,0,0,0,7,2,0,0,0,4,2,0.0,0.0,9.0,18.9,0,simple,0,,,32,36,0,8,1.125,0,0,14,2,8,0,2,0.2,0,0,2,4.0,5,0,2,0,1,9,2.0,2,False,False,True
3904,oz_ERC20Capped,,data/safe_contracts/openzeppelin-contracts/contracts/token/ERC20/extensions/ERC20Capped.sol,,openzeppelin,0,0,0,0,0,0,0,0,0,0,0,0,0,0,0,0,0,0,0,0,0,0,1,1,0,0,0,12,17,0,5,0,7,0,45,8,1,2.411764705882353,0,19,0.4222222222222222,0,0,1,0,8,4,0,0,0,3,1,0.0,0.0,12.0,43.2,0,moderate,1,,,81,76,0,7,0.9382716049382716,0,9,41,17,21,3,0,0.0,1,9,8,1.2352941176470589,14,5,3,1,0,32,0.0,13,False,False,True
3905,oz_ERC20Wrapper,,data/safe_contracts/openzeppelin-contracts/contracts/token/ERC20/extensions/ERC20Wrapper.sol,,openzeppelin,0,0,0,0,0,0,0,0,0,0,0,0,0,0,1,0,0,0,0,0,0,0,1,1,0,0,0,28,17,0,5,0,7,0,79,11,1,2.411764705882353,0,31,0.3924050632911392,0,0,1,0,16,12,0,0,0,4,2,0.0,0.0,28.0,170.8,1,moderate,1,,,81,76,0,7,0.9382716049382716,0,9,41,17,21,3,0,0.0,1,9,8,1.2352941176470589,14,5,3,1,0,32,0.0,13,False,False,True
3906,oz_ERC20Burnable,,data/safe_contracts/openzeppelin-contracts/contracts/token/ERC20/extensions/ERC20Burnable.sol,,openzeppelin,0,0,0,0,0,0,0,0,0,0,0,0,0,0,0,0,0,0,0,0,0,0,1,1,0,0,0,11,17,0,5,0,7,0,35,8,1,2.411764705882353,0,23,0.6571428571428571,0,0,1,0,8,3,0,0,0,3,1,0.0,0.0,11.0,37.03333333333333,0,moderate,1,,,81,76,0,7,0.9382716049382716,0,9,41,17,21,3,0,0.0,1,9,8,1.2352941176470589,14,5,3,1,0,32,0.0,13,False,False,True
3909,oz_IERC20Metadata,,data/safe_contracts/openzeppelin-contracts/contracts/token/ERC20/extensions/IERC20Metadata.sol,,openzeppelin,0,0,0,0,0,0,0,0,0,0,0,0,0,0,0,0,0,0,0,0,0,0,1,1,0,0,0,4,6,0,0,0,1,0,21,2,1,1.0,0,14,0.6666666666666666,0,0,0,0,4,0,0,0,0,2,1,0.0,0.0,4.0,8.0,0,simple,0,,,0,0,0,0,0.0,0,0,0,6,0,0,0,0.0,0,6,0,0.0,6,0,0,0,0,10,0.0,5,False,False,True
3911,oz_ERC20FlashMint,,data/safe_contracts/openzeppelin-contracts/contracts/token/ERC20/extensions/ERC20FlashMint.sol,,openzeppelin,0,0,0,0,0,1,1,0,0,0,0,0,0,0,0,0,0,0,0,0,0,0,1,1,0,0,0,14,17,0,5,0,7,0,119,10,1,2.411764705882353,0,70,0.5882352941176471,0,0,1,0,10,4,0,0,0,5,2,0.0,0.0,14.0,35.839999999999996,0,moderate,1,,,81,76,0,7,0.9382716049382716,0,9,41,17,21,3,0,0.0,1,9,8,1.2352941176470589,14,5,3,1,0,32,0.0,13,False,False,True
3912,oz_ERC1363,,data/safe_contracts/openzeppelin-contracts/contracts/token/ERC20/extensions/ERC1363.sol,,openzeppelin,0,0,0,0,0,0,0,0,0,0,0,0,0,0,1,0,0,0,0,0,0,0,1,1,0,0,0,22,7,3,0,0,3,0,123,14,1,1.8571428571428572,0,75,0.6097560975609756,0,3,2,0,18,4,0,0,0,4,2,0.0,0.0,22.0,114.4,1,simple,0,,,26,22,0,4,0.8461538461538461,0,7,13,7,14,1,3,0.17647058823529413,1,7,0,2.0,8,0,3,0,3,18,1.0,7,False,False,True
3913,oz_IERC20Permit,,data/safe_contracts/openzeppelin-contracts/contracts/token/ERC20/extensions/IERC20Permit.sol,,openzeppelin,0,0,0,0,0,0,0,0,0,0,0,0,0,0,0,0,0,0,0,0,0,0,1,0,0,0,0,3,3,0,0,0,1,0,86,1,1,1.0,0,72,0.8372093023255814,0,0,0,0,3,0,0,0,0,2,1,0.0,0.0,3.0,4.5,0,simple,0,,,0,0,0,0,0.0,0,0,0,3,0,0,0,0.0,0,3,0,0.0,3,0,0,0,0,8,0.0,2,False,False,True
3914,oz_ERC20Pausable,,data/safe_contracts/openzeppelin-contracts/contracts/token/ERC20/extensions/ERC20Pausable.sol,,openzeppelin,0,0,0,0,0,0,0,0,0,0,0,0,0,0,0,0,0,0,0,0,0,0,1,1,0,0,0,16,17,0,5,0,7,0,30,9,1,2.411764705882353,0,22,0.7333333333333333,0,0,1,0,9,7,0,0,0,3,1,0.0,0.0,16.0,74.13333333333333,0,moderate,1,,,81,76,0,7,0.9382716049382716,0,9,41,17,21,3,0,0.0,1,9,8,1.2352941176470589,14,5,3,1,0,32,0.0,13,False,False,True
3915,oz_ERC1155Utils,,data/safe_contracts/openzeppelin-contracts/contracts/token/ERC1155/utils/ERC1155Utils.sol,,openzeppelin,0,0,0,0,0,0,0,0,0,0,0,0,0,0,1,0,0,0,0,0,0,0,1,1,0,0,0,10,2,6,0,0,7,0,84,6,1,7.0,0,29,0.34523809523809523,0,0,0,0,8,2,0,0,0,4,2,0.0,0.0,10.0,23.5,0,simple,0,,,30,38,0,7,1.2666666666666666,0,0,14,2,8,0,6,0.42857142857142855,0,0,2,4.0,4,0,2,0,0,12,0.0,2,False,False,True
3916,oz_ERC1155Holder,,data/safe_contracts/openzeppelin-contracts/contracts/token/ERC1155/utils/ERC1155Holder.sol,,openzeppelin,0,0,0,0,0,0,0,0,0,0,0,0,0,0,0,0,0,0,0,0,0,0,1,1,0,0,0,6,3,0,0,0,1,0,37,4,1,1.0,0,11,0.2972972972972973,0,0,2,0,6,0,0,0,0,2,1,0.0,0.0,6.0,18.0,0,simple,0,,,6,3,0,1,0.5,0,3,3,3,2,1,0,0.0,1,3,0,0.6666666666666666,3,0,0,0,0,11,0.0,3,False,False,True
3921,oz_IERC1155MetadataURI,,data/safe_contracts/openzeppelin-contracts/contracts/token/ERC1155/extensions/IERC1155MetadataURI.sol,,openzeppelin,0,0,0,0,0,0,0,0,0,0,0,0,0,0,0,0,0,0,0,0,0,0,1,1,0,0,0,5,6,0,0,0,1,0,17,3,1,1.0,0,12,0.7058823529411765,0,0,1,0,5,0,0,0,0,2,1,0.0,0.0,5.0,12.5,0,simple,0,,,0,0,0,0,0.0,0,0,0,6,0,0,0,0.0,0,6,0,0.0,6,0,0,0,0,18,0.0,6,False,False,True
3923,oz_BitMaps,,data/safe_contracts/openzeppelin-contracts/contracts/utils/structs/BitMaps.sol,,openzeppelin,0,0,0,0,0,0,0,0,0,0,0,0,0,0,0,0,0,0,0,0,0,0,1,0,0,0,0,6,4,0,0,0,3,0,55,1,1,1.5,0,27,0.4909090909090909,0,0,0,0,2,4,0,0,0,2,1,0.0,0.0,6.0,14.399999999999999,0,simple,0,,,17,14,0,3,0.8235294117647058,0,1,6,4,2,0,0,0.0,0,0,4,0.5,3,0,0,0,0,9,0.0,4,False,False,True
3926,oz_DoubleEndedQueue,,data/safe_contracts/openzeppelin-contracts/contracts/utils/structs/DoubleEndedQueue.sol,,openzeppelin,0,0,0,0,0,0,0,0,0,0,0,0,0,0,1,0,0,0,0,0,0,0,1,0,0,0,0,22,17,7,0,0,3,0,218,2,1,2.6470588235294117,0,109,0.5,0,7,0,0,4,18,0,0,0,3,2,0.0,0.0,22.0,121.73333333333332,1,moderate,1,,,107,97,0,8,0.9065420560747663,0,19,45,17,10,0,7,0.4117647058823529,0,0,17,0.5882352941176471,7,0,7,0,0,23,0.0,17,False,False,True
3930,oz_Checkpoints,,data/safe_contracts/openzeppelin-contracts/contracts/utils/structs/Checkpoints.sol,,openzeppelin,0,0,0,0,0,0,0,0,0,0,0,0,0,0,1,0,0,0,0,0,0,0,1,0,0,1,9,172,48,20,0,0,6,0,746,4,1,3.0,0,249,0.33378016085790885,0,12,0,0,21,161,0,10,0,6,2,0.0,0.0,227.0,5058.316666666667,1,complex,2,,,340,324,16,11,0.9529411764705882,1,68,144,48,60,0,20,0.25,0,0,48,1.25,5,0,16,0,0,108,0.0,48,False,False,True
3931,oz_IERC165,,data/safe_contracts/openzeppelin-contracts/contracts/utils/introspection/IERC165.sol,,openzeppelin,0,0,0,0,0,0,0,0,0,0,0,0,0,0,0,0,0,0,0,0,0,0,1,0,0,0,0,2,1,0,0,0,1,0,23,1,1,1.0,0,19,0.8260869565217391,0,0,0,0,2,0,0,0,0,1,1,0.0,0.0,2.0,4.0,0,simple,0,,,0,0,0,0,0.0,0,0,0,1,0,0,0,0.0,0,1,0,0.0,1,0,0,0,0,1,0.0,1,False,False,True
3932,oz_ERC165,,data/safe_contracts/openzeppelin-contracts/contracts/utils/introspection/ERC165.sol,,openzeppelin,0,0,0,0,0,0,0,0,0,0,0,0,0,0,0,0,0,0,0,0,0,0,1,1,0,0,0,4,1,0,0,0,1,0,22,2,1,1.0,0,15,0.6818181818181818,0,0,1,0,4,0,0,0,0,2,1,0.0,0.0,4.0,8.0,0,simple,0,,,2,1,0,1,0.5,0,1,1,1,1,1,0,0.0,0,1,0,1.0,1,0,0,0,0,1,0.0,1,False,False,True
3933,oz_ERC165Checker,,data/safe_contracts/openzeppelin-contracts/contracts/utils/introspection/ERC165Checker.sol,,openzeppelin,0,0,0,0,0,0,0,0,0,0,0,0,0,0,1,0,0,0,0,0,0,0,1,1,0,0,0,11,7,1,1,0,8,0,128,2,1,2.857142857142857,0,70,0.546875,0,0,0,0,5,6,0,0,0,4,2,0.0,0.0,11.0,25.299999999999997,0,moderate,1,,,47,43,2,8,0.9148936170212766,0,8,20,7,14,0,1,0.06666666666666667,0,0,7,2.0,6,1,1,1,0,11,0.0,6,False,False,True
3934,oz_Time,,data/safe_contracts/openzeppelin-contracts/contracts/utils/types/Time.sol,,openzeppelin,0,0,1,0,0,0,0,0,0,0,0,0,0,0,1,0,0,0,0,0,0,1,1,0,0,1,10,130,9,10,0,0,3,0,118,4,1,1.3333333333333333,0,68,0.576271186440678,0,6,0,0,17,124,0,11,0,8,4,0.0,0.0,190.0,2465.25,1,simple,0,,,33,25,0,6,0.7575757575757576,0,10,12,9,4,0,10,0.7142857142857143,0,0,9,0.4444444444444444,7,0,6,0,0,12,0.0,7,False,False,True
3935,oz_MerkleProof,,data/safe_contracts/openzeppelin-contracts/contracts/utils/cryptography/MerkleProof.sol,,openzeppelin,0,0,0,0,0,0,0,0,0,0,0,0,0,0,1,0,0,0,0,0,0,0,1,0,0,0,0,22,16,8,0,0,16,0,483,2,1,5.5,4,248,0.5134575569358178,0,4,0,0,4,18,0,0,0,3,2,0.0,0.0,22.0,121.73333333333332,1,complex,2,,,192,204,28,20,1.0625,1,24,88,16,12,0,8,0.4,0,0,16,0.75,3,0,6,0,0,56,0.0,16,False,False,True
3937,oz_Hashes,,data/safe_contracts/openzeppelin-contracts/contracts/utils/cryptography/Hashes.sol,,openzeppelin,0,0,0,0,0,0,0,0,0,0,0,0,0,0,1,0,0,0,0,0,0,0,1,0,0,0,0,5,2,0,0,0,2,0,28,1,1,1.5,0,15,0.5357142857142857,0,0,0,0,3,2,0,0,0,3,2,0.0,0.0,5.0,7.333333333333334,0,simple,0,,,10,8,0,5,0.8,0,2,3,2,3,0,0,0.0,0,0,2,1.5,2,0,0,0,0,4,0.0,2,False,False,True
3941,oz_P256,,data/safe_contracts/openzeppelin-contracts/contracts/utils/cryptography/P256.sol,,openzeppelin,0,0,0,0,0,0,0,0,0,0,0,0,0,0,1,0,0,0,0,0,0,0,1,0,0,1,9,147,16,5,8,0,10,0,379,5,1,2.9375,0,149,0.39313984168865435,0,4,0,0,23,134,0,10,0,6,2,0.0,0.0,202.0,3932.2666666666664,1,moderate,1,,,220,212,6,40,0.9636363636363636,1,17,47,16,37,0,5,0.11904761904761904,0,0,16,2.3125,10,8,4,1,0,51,0.0,15,False,False,True
3943,oz_ECDSA,,data/safe_contracts/openzeppelin-contracts/contracts/utils/cryptography/ECDSA.sol,,openzeppelin,0,0,0,0,0,0,0,0,0,0,0,0,0,0,1,0,0,0,0,0,0,0,1,0,0,0,0,17,11,0,0,0,9,0,266,1,1,3.0,0,119,0.4473684210526316,0,0,0,0,6,11,0,0,0,3,2,0.0,0.0,17.0,77.63333333333333,0,moderate,1,,,118,114,0,10,0.9661016949152542,0,13,33,11,23,0,0,0.0,1,0,11,2.090909090909091,7,0,0,0,0,26,0.0,11,False,False,True
3944,oz_RSA,,data/safe_contracts/openzeppelin-contracts/contracts/utils/cryptography/RSA.sol,,openzeppelin,0,0,0,0,0,0,0,0,0,0,0,0,0,0,1,0,0,0,0,0,0,0,1,0,0,1,9,128,3,2,0,0,19,0,142,4,1,7.0,1,79,0.5563380281690141,0,2,0,0,18,120,0,10,0,6,2,0.0,0.0,183.0,3111.0,1,moderate,1,,,50,51,2,23,1.02,1,6,21,3,4,0,2,0.3333333333333333,1,0,3,1.3333333333333333,2,0,1,0,0,10,0.0,3,False,False,True
3945,oz_SafeCast,,data/safe_contracts/openzeppelin-contracts/contracts/utils/math/SafeCast.sol,,openzeppelin,0,0,0,0,0,0,0,0,0,0,0,0,0,0,1,0,0,0,0,0,0,0,1,0,0,0,0,68,65,0,0,0,3,0,1092,1,1,2.9692307692307693,0,696,0.6373626373626373,0,0,0,0,3,65,0,0,0,3,2,0.0,0.0,68.0,1099.3333333333335,1,complex,2,,,324,323,0,3,0.9969135802469136,0,33,193,65,64,0,0,0.0,0,0,65,0.9846153846153847,5,0,0,0,0,65,0.0,65,False,False,True
3946,oz_SignedMath,,data/safe_contracts/openzeppelin-contracts/contracts/utils/math/SignedMath.sol,,openzeppelin,0,0,0,0,0,0,0,0,0,0,0,0,0,0,1,0,0,0,0,0,0,0,1,0,0,0,0,74,5,1,0,0,1,0,60,2,1,1.0,0,35,0.5833333333333334,0,1,0,0,4,70,0,0,0,3,2,0.0,0.0,74.0,1307.3333333333335,1,simple,0,,,12,7,0,2,0.5833333333333334,0,5,5,5,2,0,1,0.3333333333333333,0,0,5,0.4,3,0,1,0,0,10,0.0,5,False,False,True
3947,oz_Math,,data/safe_contracts/openzeppelin-contracts/contracts/utils/math/Math.sol,,openzeppelin,0,0,0,0,0,0,0,0,0,0,0,0,0,0,1,0,0,0,0,0,0,0,1,0,0,1,9,119,36,31,0,0,17,0,693,3,1,2.611111111111111,2,339,0.48917748917748916,0,19,0,0,16,113,0,10,0,6,2,0.0,0.0,174.0,2757.8999999999996,1,critical,3,,,289,274,2,29,0.9480968858131488,0,33,94,36,45,0,31,0.40789473684210525,1,0,36,1.25,17,0,20,0,0,76,0.0,36,False,False,True
3948,oz_ERC7913P256Verifier,,data/safe_contracts/openzeppelin-contracts/contracts/utils/cryptography/verifiers/ERC7913P256Verifier.sol,,openzeppelin,0,0,0,0,0,0,0,0,0,0,0,0,0,0,1,0,0,0,0,0,0,0,1,1,0,1,9,133,16,5,8,0,10,0,26,7,1,2.9375,0,9,0.34615384615384615,0,4,0,0,26,117,0,10,0,7,2,0.0,0.0,188.0,2897.885714285714,1,moderate,1,,,220,212,6,40,0.9636363636363636,1,17,47,16,37,0,5,0.11904761904761904,0,0,16,2.3125,10,8,4,1,0,51,0.0,15,False,False,True
3949,oz_ERC7913RSAVerifier,,data/safe_contracts/openzeppelin-contracts/contracts/utils/cryptography/verifiers/ERC7913RSAVerifier.sol,,openzeppelin,0,0,0,0,0,0,0,0,0,0,0,0,0,0,1,0,0,0,0,0,0,0,1,1,0,1,9,119,3,2,0,0,19,0,20,6,1,7.0,1,8,0.4,0,2,0,0,21,108,0,10,0,7,2,0.0,0.0,174.0,2401.2,1,moderate,1,,,50,51,2,23,1.02,1,6,21,3,4,0,2,0.3333333333333333,1,0,3,1.3333333333333333,2,0,1,0,0,10,0.0,3,False,False,True
3951,oz_SignerECDSA,,data/safe_contracts/openzeppelin-contracts/contracts/utils/cryptography/signers/SignerECDSA.sol,,openzeppelin,0,0,0,0,0,0,0,0,0,0,0,0,0,0,1,0,0,0,0,0,0,1,1,0,0,0,1,21,11,0,0,0,9,0,49,3,1,3.0,0,27,0.5510204081632653,0,0,0,0,8,14,0,1,0,4,3,0.0,0.0,26.0,115.69999999999999,1,moderate,1,,,118,114,0,10,0.9661016949152542,0,13,33,11,23,0,0,0.0,1,0,11,2.090909090909091,7,0,0,0,0,26,0.0,11,False,False,True
3954,oz_SignerP256,,data/safe_contracts/openzeppelin-contracts/contracts/utils/cryptography/signers/SignerP256.sol,,openzeppelin,0,0,0,0,0,0,0,0,0,0,0,0,0,0,1,0,0,0,0,0,0,0,1,0,0,1,9,151,16,5,8,0,10,0,56,7,1,2.9375,0,27,0.48214285714285715,0,4,0,0,25,136,0,10,0,6,2,0.0,0.0,206.0,4126.866666666667,1,moderate,1,,,220,212,6,40,0.9636363636363636,1,17,47,16,37,0,5,0.11904761904761904,0,0,16,2.3125,10,8,4,1,0,51,0.0,15,False,False,True
3955,oz_AbstractSigner,,data/safe_contracts/openzeppelin-contracts/contracts/utils/cryptography/signers/AbstractSigner.sol,,openzeppelin,0,0,0,0,0,0,0,0,0,0,0,0,0,0,0,0,0,0,0,0,0,0,1,0,0,0,0,2,1,0,0,0,1,0,21,1,1,1.0,0,17,0.8095238095238095,0,0,0,0,2,0,0,0,0,1,1,0.0,0.0,2.0,4.0,0,simple,0,,,0,0,0,0,0.0,0,0,0,1,0,0,0,0.0,0,0,1,0.0,1,0,0,0,0,2,0.0,1,False,False,True
3956,oz_SignerEIP7702,,data/safe_contracts/openzeppelin-contracts/contracts/utils/cryptography/signers/SignerEIP7702.sol,,openzeppelin,0,0,0,0,0,0,0,0,0,0,0,0,0,0,1,0,0,0,0,0,0,1,1,0,0,0,1,20,1,1,0,0,1,0,22,3,1,1.0,0,10,0.45454545454545453,0,1,1,0,8,13,0,1,0,4,3,0.0,0.0,25.0,106.875,1,simple,0,,,5,4,0,4,0.8,0,1,1,1,0,0,1,1.0,0,0,1,0.0,1,0,1,0,1,2,1.0,1,False,False,True
3959,oz_SignerRSA,,data/safe_contracts/openzeppelin-contracts/contracts/utils/cryptography/signers/SignerRSA.sol,,openzeppelin,0,0,0,0,0,0,0,0,0,0,0,0,0,0,1,0,0,0,0,0,0,0,1,0,0,1,9,132,3,2,0,0,19,0,58,6,1,7.0,1,34,0.5862068965517241,0,2,0,0,20,122,0,10,0,6,2,0.0,0.0,187.0,3284.9666666666662,1,moderate,1,,,50,51,2,23,1.02,1,6,21,3,4,0,2,0.3333333333333333,1,0,3,1.3333333333333333,2,0,1,0,0,10,0.0,3,False,False,True
3960,oz_ProxyAdmin,,data/safe_contracts/openzeppelin-contracts/contracts/proxy/transparent/ProxyAdmin.sol,,openzeppelin,0,0,0,0,0,0,0,0,0,0,0,0,0,0,1,0,0,0,0,0,0,1,1,1,0,1,2,63,4,0,0,0,3,0,40,14,1,1.5,0,26,0.65,1,0,0,0,35,31,0,3,0,7,3,0.0,0.0,83.0,672.3,1,simple,0,,,17,15,0,11,0.8823529411764706,0,0,5,4,11,3,0,0.0,0,1,3,2.75,9,0,0,0,0,1,0.0,1,False,False,True
3961,oz_TransparentUpgradeableProxy,,data/safe_contracts/openzeppelin-contracts/contracts/proxy/transparent/TransparentUpgradeableProxy.sol,,openzeppelin,0,0,0,0,0,0,0,0,0,0,0,0,0,0,1,0,0,0,0,0,0,1,1,1,0,1,2,63,4,0,0,0,3,0,109,14,1,1.5,0,75,0.6880733944954128,1,0,0,0,35,31,0,3,0,7,3,0.0,0.0,83.0,672.3,1,simple,0,,,17,15,0,11,0.8823529411764706,0,0,5,4,11,3,0,0.0,0,1,3,2.75,9,0,0,0,0,1,0.0,1,False,False,True
3962,oz_UUPSUpgradeable,,data/safe_contracts/openzeppelin-contracts/contracts/proxy/utils/UUPSUpgradeable.sol,,openzeppelin,0,0,0,0,0,0,0,0,0,0,0,0,0,0,1,0,0,0,0,0,0,1,1,1,0,0,2,60,8,4,2,2,3,0,134,9,1,1.75,0,86,0.6417910447761194,1,2,1,0,32,30,0,2,0,7,3,0.0,0.0,70.0,530.0,1,simple,0,,,26,22,0,5,0.8461538461538461,0,1,13,8,8,2,4,0.3333333333333333,0,2,6,1.0,8,2,1,1,1,5,1.0,3,False,False,True
3963,oz_Initializable,,data/safe_contracts/openzeppelin-contracts/contracts/proxy/utils/Initializable.sol,,openzeppelin,0,0,0,0,0,0,0,0,0,0,0,0,0,0,1,0,0,0,0,0,0,0,1,0,0,0,0,9,7,0,1,3,5,0,218,1,1,1.8571428571428572,0,143,0.6559633027522935,0,0,0,0,3,6,0,0,0,3,2,0.0,0.0,9.0,21.6,0,simple,0,,,25,21,0,6,0.84,0,3,13,7,7,0,0,0.0,0,0,7,1.0,4,1,0,1,0,0,0.0,0,False,False,True
3964,oz_ERC1967Proxy,,data/safe_contracts/openzeppelin-contracts/contracts/proxy/ERC1967/ERC1967Proxy.sol,,openzeppelin,0,0,0,0,0,0,0,0,0,0,0,0,0,0,1,0,0,0,0,0,0,1,1,1,0,0,2,59,3,2,0,0,3,0,56,9,1,1.6666666666666667,0,38,0.6785714285714286,1,2,1,0,31,30,0,2,0,5,3,0.0,0.0,69.0,717.6,1,simple,0,,,9,7,0,3,0.7777777777777778,0,2,5,3,2,1,2,0.5,0,1,2,0.6666666666666666,3,0,1,0,1,2,1.0,1,False,False,True
3965,oz_ERC1967Utils,,data/safe_contracts/openzeppelin-contracts/contracts/proxy/ERC1967/ERC1967Utils.sol,,openzeppelin,0,0,0,0,0,0,0,0,0,0,0,0,0,0,1,0,0,0,0,0,0,1,1,1,0,0,2,66,11,13,3,0,5,0,154,7,1,2.272727272727273,0,82,0.5324675324675324,0,8,0,0,28,40,0,2,0,5,3,0.0,0.0,76.0,851.1999999999999,1,moderate,1,,,49,45,0,6,0.9183673469387755,0,3,25,11,13,0,13,0.5,0,0,11,1.1818181818181819,9,3,6,1,2,8,3.0,6,False,False,True
3966,oz_UpgradeableBeacon,,data/safe_contracts/openzeppelin-contracts/contracts/proxy/beacon/UpgradeableBeacon.sol,,openzeppelin,0,0,0,0,0,0,0,0,0,0,0,0,0,0,0,0,0,0,0,0,0,0,1,1,0,0,0,9,4,0,1,0,3,0,61,4,1,1.5,0,37,0.6065573770491803,0,0,2,0,6,3,0,0,0,4,1,0.0,0.0,9.0,18.225,0,simple,0,,,14,11,0,4,0.7857142857142857,0,1,6,4,6,2,0,0.0,1,3,1,1.5,4,1,1,1,0,4,0.0,3,False,False,True
3967,oz_IBeacon,,data/safe_contracts/openzeppelin-contracts/contracts/proxy/beacon/IBeacon.sol,,openzeppelin,0,0,0,0,0,0,0,0,0,0,0,0,0,0,0,0,0,0,0,0,0,0,1,0,0,0,0,2,1,0,0,0,1,0,14,1,1,1.0,0,10,0.7142857142857143,0,0,0,0,2,0,0,0,0,1,1,0.0,0.0,2.0,4.0,0,simple,0,,,0,0,0,0,0.0,0,0,0,1,0,0,0,0.0,0,1,0,0.0,1,0,0,0,0,0,0.0,0,False,False,True
3968,oz_BeaconProxy,,data/safe_contracts/openzeppelin-contracts/contracts/proxy/beacon/BeaconProxy.sol,,openzeppelin,0,0,0,0,0,0,0,0,0,0,0,0,0,0,1,0,0,0,0,0,0,1,1,1,0,0,2,61,4,0,0,0,3,0,51,9,1,1.5,0,34,0.6666666666666666,1,0,0,0,31,32,0,2,0,6,3,0.0,0.0,71.0,631.8999999999999,1,simple,0,,,17,15,0,11,0.8823529411764706,0,0,5,4,11,3,0,0.0,0,1,3,2.75,9,0,0,0,0,1,0.0,1,False,False,True
3969,oz_ICompoundTimelock,,data/safe_contracts/openzeppelin-contracts/contracts/vendor/compound/ICompoundTimelock.sol,,openzeppelin,0,0,0,0,0,0,0,0,0,0,0,0,0,0,0,0,0,0,0,0,0,0,1,0,0,0,0,5,14,0,0,0,1,0,70,1,1,1.0,0,8,0.11428571428571428,2,0,0,0,5,0,0,0,0,2,1,0.0,0.0,5.0,12.5,0,simple,0,,,0,0,0,0,0.0,0,0,0,14,0,0,0,0.0,0,14,0,0.0,14,0,0,0,0,18,0.0,6,False,False,True
