contract_id,contract_name,address,file_path,compiler_version,data_source,has_reentrancy,has_access_control_issues,has_timestamp_dependency,has_unchecked_call,has_reentrancy_unlimited,has_reentrancy_benign,has_reentrancy_events,has_unchecked_transfer,has_controlled_delegatecall,has_delegatecall_loop,has_uninitialized_state,has_uninitialized_storage,has_uninitialized_local,has_tx_origin,has_inline_assembly,has_locked_ether,has_msg_value_loop,has_shadowing_state,has_shadowing_builtin,has_shadowing_abstract,has_unused_state_vars,has_unused_return_values,has_incorrect_solc_version,has_floating_pragma,has_outdated_compiler,high_severity_count,medium_severity_count,low_severity_count,num_functions,num_external_calls,num_state_vars,num_modifiers,max_cyclomatic_complexity,num_low_level_calls,lines_of_code,num_contracts_in_file,num_dependencies,avg_function_complexity,num_functions_high_complexity,num_comments,comment_to_code_ratio,num_payable_functions,num_library_calls,inheritance_depth,num_unused_functions,high_confidence_detectors,medium_confidence_detectors,low_confidence_detectors,security_detectors_triggered,optimization_detectors_triggered,total_detector_hits,unique_vulnerability_types,detectors_per_function,detectors_per_loc,risk_score_simple,risk_score_weighted,is_high_risk,contract_complexity_category,complexity_level,failure_reason,error_message,cfg_num_nodes,cfg_num_edges,cfg_num_cycles,cfg_max_depth,cfg_avg_branching,cfg_has_complex_loops,cfg_num_exit_points,cfg_cyclomatic_total,cg_num_nodes,cg_num_edges,cg_max_call_depth,cg_num_external_calls,cg_external_call_ratio,cg_has_cyclic_calls,cg_num_public_entry_points,cg_num_internal_functions,cg_avg_calls_per_function,cg_num_leaf_functions,dfg_num_state_vars,dfg_num_tainted_flows,dfg_has_cross_function_flow,dfg_num_sensitive_sinks,dfg_num_external_sources,dfg_taint_to_sink_ratio,dfg_num_unvalidated_inputs,cei_violations,cei_safe_functions,cei_pattern_score,has_reentrancy_guard,functions_with_reentrancy_guard,state_before_call_count,state_after_call_count,unchecked_calls_in_critical_context
1,Ownable2Step,0x9999999999999999999999995861212346787805,data/safe_contracts/openzeppelin-contracts/contracts/access/Ownable2Step.sol,,openzeppelin,False,False,False,False,False,False,False,False,False,False,False,False,False,False,False,False,False,False,False,False,False,False,True,False,False,0,0,7,4,0,1,0,3,0,59,3,1,1.5,0,35,0.5932203389830508,0,0,2,0,4,3,0,0,0,3,1,0.0,0.0,7.0,14.233333333333334,False,simple,0,,,15,12,0,4,0.8,False,1,6,4,7,1,0,0.0,True,3,1,1.75,5,1,2,True,0,2,0.0,2,0,0,1.0,False,0,0,0,0
2,Ownable,0x9999999999999999999993709487829145297324,data/safe_contracts/openzeppelin-contracts/contracts/access/Ownable.sol,,openzeppelin,False,False,False,False,False,False,False,False,False,False,False,False,False,False,False,False,False,False,False,False,False,False,True,False,False,0,0,5,6,0,1,1,3,0,87,2,1,2.0,0,47,0.5402298850574713,0,0,1,0,3,2,0,0,0,2,1,0.0,0.0,5.0,11.0,False,simple,0,,,24,21,0,4,0.875,False,1,12,6,10,1,0,0.0,False,3,3,1.6666666666666667,6,1,1,True,0,3,0.0,3,0,0,1.0,False,0,0,0,0
3,AccessControl,0x0000000000000000000000723019567652055498,data/safe_contracts/openzeppelin-contracts/contracts/access/AccessControl.sol,,openzeppelin,False,False,False,False,False,False,False,False,False,False,False,False,False,False,False,False,False,False,False,False,False,False,True,True,False,0,0,10,12,0,2,1,3,0,189,5,1,1.5,0,121,0.6402116402116402,0,0,2,0,7,3,0,0,0,3,1,0.0,0.0,10.0,30.333333333333336,False,moderate,1,,,42,32,0,4,0.7619047619047619,False,7,18,12,20,2,0,0.0,True,6,6,1.6666666666666667,8,2,3,True,0,19,0.0,11,0,0,1.0,False,0,0,0,0
4,IAccessControl,0x0000000000000000000003291791902404130965,data/safe_contracts/openzeppelin-contracts/contracts/access/IAccessControl.sol,,openzeppelin,False,False,False,False,False,False,False,False,False,False,False,False,False,False,False,False,False,False,False,False,False,False,True,False,False,0,0,2,5,0,0,0,1,0,87,1,1,1.0,0,74,0.8505747126436781,0,0,0,0,2,0,0,0,0,1,1,0.0,0.0,2.0,4.0,False,simple,0,,,0,0,0,0,0.0,False,0,0,5,0,0,0,0.0,False,5,0,0.0,5,0,0,False,0,9,0.0,5,0,0,1.0,False,0,0,0,0
5,MultipleInheritanceInitializableMocks,0x9999999999999999999993330987787896338644,data/safe_contracts/openzeppelin-contracts/contracts/mocks/MultipleInheritanceInitializableMocks.sol,,openzeppelin,False,False,False,False,False,False,False,False,False,False,False,False,False,False,True,False,False,False,False,False,False,False,True,False,False,0,0,30,7,0,1,3,5,0,108,6,1,1.8571428571428572,0,36,0.3333333333333333,0,0,0,0,28,2,0,0,0,4,2,0.0,0.0,30.0,220.5,True,simple,0,,,25,21,0,6,0.84,False,3,13,7,7,0,0,0.0,False,0,7,1.0,4,1,0,True,0,0,0.0,0,0,0,1.0,False,0,0,0,0
6,ERC3156FlashBorrowerMock,0x9999999999999999999991441524029857595401,data/safe_contracts/openzeppelin-contracts/contracts/mocks/ERC3156FlashBorrowerMock.sol,,openzeppelin,False,False,False,False,False,False,False,False,False,False,False,False,False,False,True,False,False,False,False,False,False,True,True,True,False,0,2,33,3,4,3,0,6,0,42,7,1,2.6666666666666665,0,10,0.23809523809523808,0,1,1,0,20,15,0,2,0,5,3,0.0,0.0,43.0,262.3,True,simple,0,,,17,16,0,9,0.9411764705882353,False,2,8,3,2,1,4,0.6666666666666666,False,2,1,0.6666666666666666,3,3,2,True,1,7,2.0,2,0,0,1.0,False,0,0,0,0
7,MulticallHelper,0x0000000000000000000004008247020646239054,data/safe_contracts/openzeppelin-contracts/contracts/mocks/MulticallHelper.sol,,openzeppelin,False,False,False,False,False,False,False,False,False,False,False,False,False,False,True,False,False,False,False,False,False,False,True,True,False,0,0,41,1,4,0,0,7,0,19,13,1,7.0,0,1,0.05263157894736842,0,0,0,0,23,18,0,0,0,4,2,0.0,0.0,41.0,364.9,True,simple,0,,,15,16,2,11,1.0666666666666667,True,0,7,1,3,1,4,0.5714285714285714,False,1,0,3.0,3,0,1,False,2,3,0.5,1,0,0,1.0,False,0,0,0,0
8,MerkleTreeMock,0x9999999999999999999999308853555946354729,data/safe_contracts/openzeppelin-contracts/contracts/mocks/MerkleTreeMock.sol,,openzeppelin,False,False,False,False,False,False,False,False,False,False,False,False,False,False,False,False,False,False,False,False,False,False,False,False,False,0,0,0,0,0,0,0,0,0,0,1,0,0.0,0,0,0.0,0,0,0,0,0,0,0,0,0,0,0,0.0,0.0,0.0,0.0,False,simple,0,COMPILATION_ERROR,Compilation error: unresolved reference to identifier mcopy,0,0,0,0,0.0,False,0,0,0,0,0,0,0.0,False,0,0,0.0,0,0,0,False,0,0,0.0,0,0,0,1.0,False,0,0,0,0
9,ContextMock,0x9999999999999999999991738883412226631714,data/safe_contracts/openzeppelin-contracts/contracts/mocks/ContextMock.sol,,openzeppelin,False,False,False,False,False,False,False,False,False,False,False,False,False,False,False,False,False,False,False,False,False,False,True,False,False,0,0,4,3,0,0,0,1,0,25,3,1,1.0,0,1,0.04,0,0,1,0,3,1,0,0,0,2,1,0.0,0.0,4.0,7.4,False,simple,0,,,6,3,0,1,0.5,False,0,3,3,3,1,0,0.0,False,3,0,1.0,2,0,0,False,0,2,0.0,1,0,0,1.0,False,0,0,0,0
10,EIP712Verifier,0x0000000000000000000003704310853053429744,data/safe_contracts/openzeppelin-contracts/contracts/mocks/EIP712Verifier.sol,,openzeppelin,False,False,False,False,False,False,False,False,False,False,False,False,False,False,False,False,False,False,False,False,False,False,False,False,False,0,0,0,0,0,0,0,0,0,0,1,0,0.0,0,0,0.0,0,0,0,0,0,0,0,0,0,0,0,0.0,0.0,0.0,0.0,False,simple,0,COMPILATION_ERROR,Compilation error: unresolved reference to identifier mcopy,0,0,0,0,0.0,False,0,0,0,0,0,0,0.0,False,0,0,0.0,0,0,0,False,0,0,0.0,0,0,0,1.0,False,0,0,0,0
11,MerkleProofCustomHashMock,0x0000000000000000000000513760188323182244,data/safe_contracts/openzeppelin-contracts/contracts/mocks/MerkleProofCustomHashMock.sol,,openzeppelin,False,False,False,False,False,False,False,False,False,False,False,False,False,False,True,False,False,False,False,False,False,False,True,False,False,0,0,32,9,10,0,0,2,0,51,3,1,1.1111111111111112,0,2,0.0392156862745098,0,8,0,0,5,27,0,0,0,3,2,0.0,0.0,32.0,254.93333333333334,True,simple,0,,,20,11,0,2,0.55,False,10,10,9,2,0,10,0.8333333333333334,False,0,9,0.2222222222222222,10,0,9,False,4,26,2.25,9,0,0,1.0,False,0,0,0,0
12,AccessManagedTarget,0x9999999999999999999998124971603300497504,data/safe_contracts/openzeppelin-contracts/contracts/mocks/AccessManagedTarget.sol,,openzeppelin,False,False,False,False,False,True,True,False,False,False,False,False,False,False,True,False,False,False,False,False,False,False,True,True,False,0,0,31,4,2,0,0,3,0,27,8,1,1.5,0,2,0.07407407407407407,0,1,2,0,20,11,0,0,0,6,3,0.0,0.0,31.0,143.11666666666667,True,simple,0,,,13,10,0,4,0.7692307692307693,False,0,6,4,1,1,2,0.6666666666666666,False,4,0,0.25,4,0,1,False,0,2,0.0,1,1,0,0.0,False,0,0,1,0
13,SingleInheritanceInitializableMocks,0x9999999999999999999991725628462921373211,data/safe_contracts/openzeppelin-contracts/contracts/mocks/SingleInheritanceInitializableMocks.sol,,openzeppelin,False,False,False,False,False,False,False,False,False,False,False,False,False,False,True,True,False,False,False,False,False,False,True,False,False,0,1,9,7,0,1,3,5,0,41,4,1,1.8571428571428572,0,13,0.3170731707317073,0,0,0,0,5,5,0,1,0,5,2,0.0,0.0,14.0,23.8,False,simple,0,,,25,21,0,6,0.84,False,3,13,7,7,0,0,0.0,False,0,7,1.0,4,1,0,True,0,0,0.0,0,0,0,1.0,False,0,0,0,0
14,DummyImplementation,0x9999999999999999999998740573704109379445,data/safe_contracts/openzeppelin-contracts/contracts/mocks/DummyImplementation.sol,,openzeppelin,False,False,False,False,False,False,False,False,False,False,False,False,False,False,True,True,False,False,False,False,False,True,True,True,False,0,3,71,9,1,3,0,1,0,47,9,1,1.0,0,2,0.0425531914893617,2,1,0,0,35,39,0,3,0,7,3,0.0,0.0,86.0,765.4,True,simple,0,,,20,11,0,3,0.55,False,2,9,9,1,1,1,0.5,False,9,0,0.1111111111111111,9,3,4,False,0,6,0.0,4,0,0,1.0,False,0,0,0,0
15,ReentrancyMock,0x9999999999999999999999712760739197137281,data/safe_contracts/openzeppelin-contracts/contracts/mocks/ReentrancyMock.sol,,openzeppelin,False,False,False,True,False,False,False,False,False,False,False,False,False,False,True,False,False,False,False,False,False,False,True,False,False,0,0,28,10,6,1,0,3,1,46,5,1,1.4,0,1,0.021739130434782608,0,0,1,0,18,10,0,0,0,4,3,0.0,0.0,28.0,175.0,True,simple,0,,,37,29,0,6,0.7837837837837838,False,1,14,10,21,1,6,0.2222222222222222,True,9,1,2.1,8,1,3,True,6,4,0.5,4,0,0,1.0,True,6,0,0,0
16,ArraysMock,0x0000000000000000000001559131282901529734,data/safe_contracts/openzeppelin-contracts/contracts/mocks/ArraysMock.sol,,openzeppelin,False,False,False,False,False,False,False,False,False,False,False,False,False,False,False,False,False,False,False,False,False,False,False,False,False,0,0,0,0,0,0,0,0,0,0,1,0,0.0,0,0,0.0,0,0,0,0,0,0,0,0,0,0,0,0.0,0.0,0.0,0.0,False,simple,0,COMPILATION_ERROR,Compilation error: unresolved reference to identifier mcopy,0,0,0,0,0.0,False,0,0,0,0,0,0,0.0,False,0,0,0.0,0,0,0,False,0,0,0.0,0,0,0,1.0,False,0,0,0,0
17,Base64Dirty,0x0000000000000000000000058696508563077845,data/safe_contracts/openzeppelin-contracts/contracts/mocks/Base64Dirty.sol,,openzeppelin,False,False,False,False,False,False,False,False,False,False,False,False,False,False,True,False,False,False,False,False,False,False,True,False,False,1,2,76,1,1,0,0,1,0,14,3,1,1.0,0,2,0.14285714285714285,0,1,0,0,8,71,0,3,0,6,2,0.0,0.0,96.0,923.1999999999998,True,simple,0,,,4,3,0,3,0.75,False,1,1,1,0,0,1,1.0,False,1,0,0.0,1,0,1,False,0,1,0.0,1,0,0,1.0,False,0,0,0,0
18,AuthorityMock,0x0000000000000000000000917832448319138103,data/safe_contracts/openzeppelin-contracts/contracts/mocks/AuthorityMock.sol,,openzeppelin,False,False,False,False,False,False,False,False,False,False,False,False,False,False,False,False,False,False,False,False,False,False,True,True,False,0,0,11,1,0,0,0,1,0,55,7,1,1.0,0,12,0.21818181818181817,0,0,1,0,11,0,0,0,0,4,1,0.0,0.0,11.0,30.25,False,simple,0,,,2,1,0,1,0.5,False,0,1,1,1,1,0,0.0,False,1,0,1.0,1,0,0,False,0,3,0.0,1,0,0,1.0,False,0,0,0,0
19,RegressionImplementation,0x9999999999999999999991294553511979109923,data/safe_contracts/openzeppelin-contracts/contracts/mocks/RegressionImplementation.sol,,openzeppelin,False,False,False,False,False,False,False,False,False,False,False,False,False,False,True,False,False,False,False,False,False,False,True,False,False,0,0,13,2,0,1,0,1,0,43,5,1,1.0,0,1,0.023255813953488372,0,0,1,0,9,4,0,0,0,4,2,0.0,0.0,13.0,38.35,False,simple,0,,,4,2,0,1,0.5,False,0,2,2,1,1,0,0.0,False,2,0,0.5,2,1,1,False,0,1,0.0,1,0,0,1.0,False,0,0,0,0
20,StorageSlotMock,0x9999999999999999999992643952557200148976,data/safe_contracts/openzeppelin-contracts/contracts/mocks/StorageSlotMock.sol,,openzeppelin,False,False,False,False,False,False,False,False,False,False,False,False,False,False,True,False,False,False,False,False,False,False,True,False,False,0,0,43,18,18,2,0,1,0,64,7,1,1.0,0,2,0.03125,0,18,2,0,27,16,0,0,0,3,2,0.0,0.0,43.0,547.5333333333333,True,moderate,1,,,36,18,0,1,0.5,False,9,18,18,0,0,18,1.0,False,18,0,0.0,18,2,18,False,0,27,0.0,18,0,0,1.0,False,0,0,0,0
21,ERC165Mock,0x9999999999999999999999298332342777713686,data/safe_contracts/openzeppelin-contracts/contracts/mocks/ERC165Mock.sol,,openzeppelin,False,False,False,False,False,False,False,False,False,False,False,False,False,False,True,False,False,False,False,False,False,False,True,True,False,0,0,8,4,0,2,0,1,0,86,8,1,1.0,0,28,0.32558139534883723,0,0,1,0,8,0,0,0,0,4,2,0.0,0.0,8.0,16.0,False,simple,0,,,8,4,0,2,0.5,False,1,4,4,2,2,0,0.0,False,2,2,0.5,3,2,1,True,0,2,0.0,2,0,0,1.0,False,0,0,0,0
22,ReentrancyTransientMock,0x9999999999999999999992701410288207256311,data/safe_contracts/openzeppelin-contracts/contracts/mocks/ReentrancyTransientMock.sol,,openzeppelin,False,False,False,False,False,False,False,False,False,False,False,False,False,False,False,False,False,False,False,False,False,False,False,False,False,0,0,0,0,0,0,0,0,0,0,1,0,0.0,0,0,0.0,0,0,0,0,0,0,0,0,0,0,0,0.0,0.0,0.0,0.0,False,simple,0,COMPILATION_ERROR,Compilation error: unresolved reference to identifier tload,0,0,0,0,0.0,False,0,0,0,0,0,0,0.0,False,0,0,0.0,0,0,0,False,0,0,0.0,0,0,0,1.0,False,0,0,0,0
23,Stateless,0x0000000000000000000001716794999033320901,data/safe_contracts/openzeppelin-contracts/contracts/mocks/Stateless.sol,,openzeppelin,False,False,False,False,False,False,False,False,False,False,False,False,False,False,False,False,False,False,False,False,False,False,False,False,False,0,0,0,0,0,0,0,0,0,0,1,0,0.0,0,0,0.0,0,0,0,0,0,0,0,0,0,0,0,0.0,0.0,0.0,0.0,False,simple,0,COMPILATION_ERROR,Compilation error: unresolved reference to identifier mcopy,0,0,0,0,0.0,False,0,0,0,0,0,0,0.0,False,0,0,0.0,0,0,0,False,0,0,0.0,0,0,0,1.0,False,0,0,0,0
24,ReentrancyAttack,0x0000000000000000000009154560547908720358,data/safe_contracts/openzeppelin-contracts/contracts/mocks/ReentrancyAttack.sol,,openzeppelin,False,False,False,True,False,False,False,False,False,False,False,False,False,False,False,False,False,False,False,False,False,False,True,False,False,0,0,7,2,2,0,0,1,2,13,2,1,1.0,0,1,0.07692307692307693,0,0,1,0,5,2,0,0,0,3,2,0.0,0.0,7.0,14.933333333333334,False,simple,0,,,8,6,0,3,0.75,False,0,2,2,4,1,2,0.3333333333333333,False,2,0,2.0,2,0,2,False,2,2,1.0,2,0,0,1.0,False,0,0,0,0
25,TimelockReentrant,0x9999999999999999999993789694380380021609,data/safe_contracts/openzeppelin-contracts/contracts/mocks/TimelockReentrant.sol,,openzeppelin,False,False,False,False,False,False,False,False,False,False,False,False,False,False,True,False,False,False,False,False,False,True,True,False,False,0,1,29,3,1,3,0,3,0,21,4,1,1.6666666666666667,0,1,0.047619047619047616,0,1,0,0,15,15,0,1,0,5,3,0.0,0.0,34.0,173.4,True,simple,0,,,10,8,0,3,0.8,False,0,5,3,0,0,1,1.0,False,3,0,0.0,3,3,1,True,1,2,1.0,1,0,1,1.0,True,0,1,0,0
26,ConstructorMock,0x9999999999999999999994488009603292455147,data/safe_contracts/openzeppelin-contracts/contracts/mocks/ConstructorMock.sol,,openzeppelin,False,False,False,False,False,False,False,False,False,False,False,False,False,False,False,False,False,False,False,False,False,False,True,False,False,0,0,3,1,0,1,0,9,0,28,1,1,9.0,0,3,0.10714285714285714,0,0,0,0,4,0,0,0,1,3,1,0.0,0.0,3.0,4.0,False,simple,0,,,15,18,0,7,1.2,False,0,9,1,3,1,0,0.0,False,1,0,3.0,3,1,1,False,0,1,0.0,1,0,0,1.0,False,0,0,0,0
27,ERC2771ContextMock,0x9999999999999999999993095980091258964047,data/safe_contracts/openzeppelin-contracts/contracts/mocks/ERC2771ContextMock.sol,,openzeppelin,False,False,False,False,False,False,False,False,False,False,False,False,False,False,True,False,False,True,False,False,False,False,True,False,False,0,0,36,4,3,0,0,1,0,22,9,1,1.0,0,3,0.13636363636363635,0,0,2,0,20,16,0,0,0,5,3,0.0,0.0,36.0,224.64,True,simple,0,,,9,5,0,2,0.5555555555555556,False,3,4,4,5,1,3,0.375,True,1,3,1.25,0,0,0,False,1,1,0.0,1,0,0,1.0,False,0,0,0,0
28,VotesExtendedMock,0x0000000000000000000008044865748181782392,data/safe_contracts/openzeppelin-contracts/contracts/mocks/VotesExtendedMock.sol,,openzeppelin,False,False,False,False,False,False,False,False,False,False,False,False,False,False,False,False,False,False,False,False,False,False,False,False,False,0,0,0,0,0,0,0,0,0,0,1,0,0.0,0,0,0.0,0,0,0,0,0,0,0,0,0,0,0,0.0,0.0,0.0,0.0,False,simple,0,COMPILATION_ERROR,Compilation error: unresolved reference to identifier mcopy,0,0,0,0,0.0,False,0,0,0,0,0,0,0.0,False,0,0,0.0,0,0,0,False,0,0,0.0,0,0,0,1.0,False,0,0,0,0
29,EtherReceiverMock,0x9999999999999999999993178040199098461742,data/safe_contracts/openzeppelin-contracts/contracts/mocks/EtherReceiverMock.sol,,openzeppelin,False,False,False,False,False,False,False,False,False,False,False,False,False,False,False,True,False,False,False,False,False,False,True,False,False,0,1,2,2,0,1,0,3,0,13,1,1,2.0,0,1,0.07692307692307693,1,0,0,0,3,0,0,1,0,2,2,0.0,0.0,7.0,10.5,False,simple,0,,,6,5,0,2,0.8333333333333334,False,0,4,2,1,1,0,0.0,False,2,0,0.5,2,1,1,True,0,1,0.0,1,0,0,1.0,False,0,0,0,0
30,CallReceiverMock,0x0000000000000000000006293744869336964968,data/safe_contracts/openzeppelin-contracts/contracts/mocks/CallReceiverMock.sol,,openzeppelin,False,False,False,False,False,False,False,False,False,False,False,False,False,False,True,True,False,False,False,False,False,False,True,False,False,0,1,7,15,1,1,0,3,0,83,2,1,1.1333333333333333,0,1,0.012048192771084338,11,0,0,0,7,2,0,1,1,6,2,0.0,0.0,12.0,16.8,False,moderate,1,,,48,33,1,5,0.6875,False,8,17,15,6,1,1,0.14285714285714285,False,15,0,0.4,13,1,0,True,0,14,0.0,6,0,0,1.0,False,0,0,0,0
31,PausableMock,0x9999999999999999999999696221249296731314,data/safe_contracts/openzeppelin-contracts/contracts/mocks/PausableMock.sol,,openzeppelin,False,False,False,False,False,False,False,False,False,False,False,False,False,False,False,False,False,False,False,False,False,False,True,False,False,0,0,6,5,0,2,0,1,0,23,3,1,1.0,0,1,0.043478260869565216,0,0,2,0,4,2,0,0,0,2,1,0.0,0.0,6.0,16.2,False,simple,0,,,13,8,0,2,0.6153846153846154,False,0,5,5,4,1,0,0.0,False,5,0,0.8,5,2,0,True,0,0,0.0,0,0,0,1.0,False,0,0,0,0
32,TransientSlotMock,0x9999999999999999999997011127266955337275,data/safe_contracts/openzeppelin-contracts/contracts/mocks/TransientSlotMock.sol,,openzeppelin,False,False,False,False,False,False,False,False,False,False,False,False,False,False,False,False,False,False,False,False,False,False,False,False,False,0,0,0,0,0,0,0,0,0,0,1,0,0.0,0,0,0.0,0,0,0,0,0,0,0,0,0,0,0,0.0,0.0,0.0,0.0,False,simple,0,COMPILATION_ERROR,Compilation error: unresolved reference to identifier tload,0,0,0,0,0.0,False,0,0,0,0,0,0,0.0,False,0,0,0.0,0,0,0,False,0,0,0.0,0,0,0,1.0,False,0,0,0,0
33,BatchCaller,0x0000000000000000000009105595373989224325,data/safe_contracts/openzeppelin-contracts/contracts/mocks/BatchCaller.sol,,openzeppelin,False,False,False,False,False,False,False,False,False,False,False,False,False,False,True,False,False,False,False,False,False,False,True,False,False,0,0,29,1,2,0,0,4,0,17,4,1,4.0,0,1,0.058823529411764705,0,1,0,0,15,14,0,0,0,3,2,0.0,0.0,29.0,239.73333333333332,True,simple,0,,,9,9,1,6,1.0,False,1,4,1,0,0,2,1.0,False,1,0,0.0,1,0,1,False,2,1,0.5,1,0,0,1.0,False,0,0,0,0
34,AccessManagerMock,0x0000000000000000000007970876095119586604,data/safe_contracts/openzeppelin-contracts/contracts/mocks/AccessManagerMock.sol,,openzeppelin,False,False,True,False,False,False,False,False,False,False,False,False,True,False,True,False,False,False,False,False,False,True,True,True,False,1,12,154,4,0,0,0,1,0,14,14,1,1.0,0,1,0.07142857142857142,0,0,2,0,39,128,0,13,0,10,5,0.0,0.0,224.0,2880.64,True,simple,0,,,9,5,0,2,0.5555555555555556,False,0,4,4,2,1,0,0.0,True,3,1,0.5,3,0,0,False,0,1,0.0,1,6,2,0.25,False,0,3,6,0
35,InitializableMock,0x9999999999999999999998832096837092956383,data/safe_contracts/openzeppelin-contracts/contracts/mocks/InitializableMock.sol,,openzeppelin,False,False,False,False,False,False,False,False,False,False,False,False,False,False,True,True,False,False,False,False,False,False,True,False,False,0,1,6,8,0,3,0,1,0,99,10,1,1.0,0,5,0.050505050505050504,2,0,1,0,7,0,0,1,0,4,2,0.0,0.0,11.0,19.25,False,simple,0,,,21,13,0,2,0.6190476190476191,False,1,8,8,9,2,0,0.0,False,8,0,1.125,5,3,2,False,0,2,0.0,2,0,0,1.0,False,0,0,0,0
36,UpgradeableBeaconMock,0x0000000000000000000007361750064927335639,data/safe_contracts/openzeppelin-contracts/contracts/mocks/UpgradeableBeaconMock.sol,,openzeppelin,False,False,False,False,False,False,False,False,False,False,False,False,False,False,False,False,False,False,False,False,False,False,True,True,False,0,0,6,1,0,1,0,1,0,21,4,1,1.0,0,4,0.19047619047619047,0,0,1,0,6,1,0,0,1,5,1,0.0,0.0,6.0,8.04,False,simple,0,,,2,1,0,1,0.5,False,0,1,1,0,0,0,0.0,False,1,0,0.0,1,1,1,False,0,1,0.0,1,0,0,1.0,False,0,0,0,0
37,VotesMock,0x9999999999999999999999484527566864411421,data/safe_contracts/openzeppelin-contracts/contracts/mocks/VotesMock.sol,,openzeppelin,False,False,False,False,False,False,False,False,False,False,False,False,False,False,False,False,False,False,False,False,False,False,False,False,False,0,0,0,0,0,0,0,0,0,0,1,0,0.0,0,0,0.0,0,0,0,0,0,0,0,0,0,0,0,0.0,0.0,0.0,0.0,False,simple,0,COMPILATION_ERROR,Compilation error: unresolved reference to identifier mcopy,0,0,0,0,0.0,False,0,0,0,0,0,0,0.0,False,0,0,0.0,0,0,0,False,0,0,0.0,0,0,0,1.0,False,0,0,0,0
38,ERC1271WalletMock,0x0000000000000000000008300074061963428846,data/safe_contracts/openzeppelin-contracts/contracts/mocks/ERC1271WalletMock.sol,,openzeppelin,False,False,False,False,False,False,False,False,False,False,False,False,False,False,True,False,False,False,False,False,False,False,True,True,False,0,0,21,2,1,0,0,2,0,19,6,1,1.5,0,1,0.05263157894736842,0,1,1,0,12,9,0,0,0,4,2,0.0,0.0,21.0,96.07499999999999,True,simple,0,,,6,4,0,2,0.6666666666666666,False,2,3,2,2,1,1,0.3333333333333333,True,2,0,1.0,1,0,1,False,0,3,0.0,2,0,0,1.0,False,0,0,0,0
39,IGovernor,0x9999999999999999999998479100289932256705,data/safe_contracts/openzeppelin-contracts/contracts/governance/IGovernor.sol,,openzeppelin,False,False,False,False,False,False,False,False,False,False,False,False,False,False,False,False,False,False,False,False,False,False,True,True,False,0,0,8,27,0,0,0,1,0,402,3,1,1.0,0,266,0.6616915422885572,1,0,1,0,8,0,0,0,0,3,1,0.0,0.0,8.0,21.333333333333332,False,moderate,1,,,0,0,0,0,0.0,False,0,0,27,0,0,0,0.0,False,27,0,0.0,27,0,0,False,0,57,0.0,21,0,0,1.0,False,0,0,0,0
40,TimelockController,0x0000000000000000000006491732586281317395,data/safe_contracts/openzeppelin-contracts/contracts/governance/TimelockController.sol,,openzeppelin,False,True,True,True,False,False,True,False,False,False,False,False,False,False,True,False,False,False,False,False,False,True,True,True,False,1,3,50,24,4,6,1,9,1,422,13,1,2.625,0,191,0.45260663507109006,3,1,3,0,28,26,0,4,0,11,7,0.0,0.0,75.0,315.0,True,complex,2,,,145,137,4,14,0.9448275862068966,True,14,63,24,49,4,4,0.07547169811320754,True,18,6,2.0416666666666665,16,6,8,True,2,54,4.0,21,0,0,1.0,False,0,0,0,0
41,Governor,0x0000000000000000000000819741756340609407,data/safe_contracts/openzeppelin-contracts/contracts/governance/Governor.sol,,openzeppelin,False,False,False,False,False,False,False,False,False,False,False,False,False,False,False,False,False,False,False,False,False,False,False,False,False,0,0,0,0,0,0,0,0,0,0,1,0,0.0,0,0,0.0,0,0,0,0,0,0,0,0,0,0,0,0.0,0.0,0.0,0.0,False,simple,0,COMPILATION_ERROR,Compilation error: unresolved reference to identifier mcopy,0,0,0,0,0.0,False,0,0,0,0,0,0,0.0,False,0,0,0.0,0,0,0,False,0,0,0.0,0,0,0,1.0,False,0,0,0,0
42,Account,0x0000000000000000000002519578004516803516,data/safe_contracts/openzeppelin-contracts/contracts/account/Account.sol,,openzeppelin,False,False,True,False,False,False,False,False,False,False,False,False,False,False,True,False,False,False,False,False,True,True,True,True,False,1,10,820,10,2,0,2,3,0,136,17,1,1.7,0,69,0.5073529411764706,1,1,1,0,464,367,0,11,0,13,4,0.0,0.0,880.0,48799.38461538462,True,simple,0,,,32,25,0,4,0.78125,False,7,17,10,11,2,2,0.15384615384615385,True,5,5,1.1,7,0,2,False,1,10,2.0,5,0,0,1.0,False,0,0,0,0
43,ERC2771Forwarder,0x0000000000000000000008843327657938135294,data/safe_contracts/openzeppelin-contracts/contracts/metatx/ERC2771Forwarder.sol,,openzeppelin,False,False,False,False,False,False,False,False,False,False,False,False,False,False,False,False,False,False,False,False,False,False,False,False,False,0,0,0,0,0,0,0,0,0,0,1,0,0.0,0,0,0.0,0,0,0,0,0,0,0,0,0,0,0,0.0,0.0,0.0,0.0,False,simple,0,COMPILATION_ERROR,Compilation error: unresolved reference to identifier mcopy,0,0,0,0,0.0,False,0,0,0,0,0,0,0.0,False,0,0,0.0,0,0,0,False,0,0,0.0,0,0,0,1.0,False,0,0,0,0
44,ERC2771Context,0x9999999999999999999992618200679177429538,data/safe_contracts/openzeppelin-contracts/contracts/metatx/ERC2771Context.sol,,openzeppelin,False,False,False,False,False,False,False,False,False,False,False,False,False,False,False,False,False,False,False,False,False,False,True,False,False,0,0,10,6,0,1,0,2,0,81,2,1,1.3333333333333333,0,42,0.5185185185185185,0,0,1,0,3,7,0,0,0,3,1,0.0,0.0,10.0,26.333333333333336,False,simple,0,,,20,14,0,4,0.7,False,7,8,6,7,1,0,0.0,True,2,4,1.1666666666666667,3,1,1,True,0,2,0.0,2,0,0,1.0,False,0,0,0,0
45,CrosschainLinked,0x9999999999999999999992130492175705647225,data/safe_contracts/openzeppelin-contracts/contracts/crosschain/CrosschainLinked.sol,,openzeppelin,False,False,False,False,False,False,False,False,False,False,False,False,False,False,False,False,False,False,False,False,False,False,False,False,False,0,0,0,0,0,0,0,0,0,0,1,0,0.0,0,0,0.0,0,0,0,0,0,0,0,0,0,0,0,0.0,0.0,0.0,0.0,False,simple,0,COMPILATION_ERROR,Compilation error: unresolved reference to identifier mcopy,0,0,0,0,0.0,False,0,0,0,0,0,0,0.0,False,0,0,0.0,0,0,0,False,0,0,0.0,0,0,0,1.0,False,0,0,0,0
46,ERC7786Recipient,0x0000000000000000000006226196330950323415,data/safe_contracts/openzeppelin-contracts/contracts/crosschain/ERC7786Recipient.sol,,openzeppelin,False,False,False,False,False,False,False,False,False,False,False,False,False,False,False,True,False,False,False,False,False,False,True,True,False,0,1,8,3,2,1,0,5,0,59,4,1,2.3333333333333335,0,28,0.4745762711864407,1,2,1,0,7,2,0,1,0,5,2,0.0,0.0,13.0,21.84,False,simple,0,,,10,11,0,7,1.1,False,1,5,3,4,1,2,0.3333333333333333,False,1,2,1.3333333333333333,4,1,1,False,2,9,0.5,3,0,0,1.0,False,0,0,0,0
47,IERC1155,0x9999999999999999999997770346929301186975,data/safe_contracts/openzeppelin-contracts/contracts/interfaces/IERC1155.sol,,openzeppelin,False,False,False,False,False,False,False,False,False,False,False,False,False,False,False,False,False,False,False,False,False,False,True,True,False,0,0,5,6,0,0,0,1,0,4,2,1,1.0,0,2,0.5,0,0,1,0,5,0,0,0,0,2,1,0.0,0.0,5.0,12.5,False,simple,0,,,0,0,0,0,0.0,False,0,0,6,0,0,0,0.0,False,6,0,0.0,6,0,0,False,0,18,0.0,6,0,0,1.0,False,0,0,0,0
48,IERC1967,0x9999999999999999999999149109304240665526,data/safe_contracts/openzeppelin-contracts/contracts/interfaces/IERC1967.sol,,openzeppelin,False,False,False,False,False,False,False,False,False,False,False,False,False,False,False,False,False,False,False,False,False,False,True,False,False,0,0,2,0,0,0,0,0,0,20,1,1,0.0,0,14,0.7,0,0,0,0,2,0,0,0,0,1,1,0.0,0.0,2.0,4.0,False,simple,0,,,0,0,0,0,0.0,False,0,0,0,0,0,0,0.0,False,0,0,0.0,0,0,0,False,0,0,0.0,0,0,0,1.0,False,0,0,0,0
49,IERC165,0x9999999999999999999998960702163177152246,data/safe_contracts/openzeppelin-contracts/contracts/interfaces/IERC165.sol,,openzeppelin,False,False,False,False,False,False,False,False,False,False,False,False,False,False,False,False,False,False,False,False,False,False,True,False,False,0,0,3,1,0,0,0,1,0,4,1,1,1.0,0,2,0.5,0,0,0,0,3,0,0,0,0,1,1,0.0,0.0,3.0,9.0,False,simple,0,,,0,0,0,0,0.0,False,0,0,1,0,0,0,0.0,False,1,0,0.0,1,0,0,False,0,1,0.0,1,0,0,1.0,False,0,0,0,0
50,IERC3156,0x9999999999999999999997745290752846934923,data/safe_contracts/openzeppelin-contracts/contracts/interfaces/IERC3156.sol,,openzeppelin,False,False,False,False,False,False,False,False,False,False,False,False,False,False,False,False,False,False,False,False,False,False,True,False,False,0,0,4,1,0,0,0,1,0,5,2,1,1.0,0,2,0.4,0,0,0,0,4,0,0,0,0,1,1,0.0,0.0,4.0,16.0,False,simple,0,,,0,0,0,0,0.0,False,0,0,1,0,0,0,0.0,False,1,0,0.0,1,0,0,False,0,5,0.0,1,0,0,1.0,False,0,0,0,0
51,IERC1363Spender,0x9999999999999999999991276379159334198595,data/safe_contracts/openzeppelin-contracts/contracts/interfaces/IERC1363Spender.sol,,openzeppelin,False,False,False,False,False,False,False,False,False,False,False,False,False,False,False,False,False,False,False,False,False,False,True,False,False,0,0,2,1,0,0,0,1,0,24,1,1,1.0,0,20,0.8333333333333334,0,0,0,0,2,0,0,0,0,1,1,0.0,0.0,2.0,4.0,False,simple,0,,,0,0,0,0,0.0,False,0,0,1,0,0,0,0.0,False,1,0,0.0,1,0,0,False,0,3,0.0,1,0,0,1.0,False,0,0,0,0
52,draft-IERC7674,0x9999999999999999999995876538540270119288,data/safe_contracts/openzeppelin-contracts/contracts/interfaces/draft-IERC7674.sol,,openzeppelin,False,False,False,False,False,False,False,False,False,False,False,False,False,False,False,False,False,False,False,False,False,False,True,True,False,0,0,5,1,0,0,0,1,0,14,2,1,1.0,0,9,0.6428571428571429,0,0,1,0,5,0,0,0,0,2,1,0.0,0.0,5.0,12.5,False,simple,0,,,0,0,0,0,0.0,False,0,0,1,0,0,0,0.0,False,1,0,0.0,1,0,0,False,0,2,0.0,1,0,0,1.0,False,0,0,0,0
53,IERC6909,0x0000000000000000000006070984203914406811,data/safe_contracts/openzeppelin-contracts/contracts/interfaces/IERC6909.sol,,openzeppelin,False,False,False,False,False,False,False,False,False,False,False,False,False,False,False,False,False,False,False,False,False,False,True,True,False,0,0,4,7,0,0,0,1,0,107,5,1,1.0,0,75,0.7009345794392523,0,0,1,0,4,0,0,0,0,2,1,0.0,0.0,4.0,8.0,False,simple,0,,,0,0,0,0,0.0,False,0,0,7,0,0,0,0.0,False,7,0,0.0,7,0,0,False,0,19,0.0,7,0,0,1.0,False,0,0,0,0
54,IERC2981,0x0000000000000000000002060119013804770678,data/safe_contracts/openzeppelin-contracts/contracts/interfaces/IERC2981.sol,,openzeppelin,False,False,False,False,False,False,False,False,False,False,False,False,False,False,False,False,False,False,False,False,False,False,True,True,False,0,0,4,1,0,0,0,1,0,23,2,1,1.0,0,15,0.6521739130434783,0,0,1,0,4,0,0,0,0,2,1,0.0,0.0,4.0,8.0,False,simple,0,,,0,0,0,0,0.0,False,0,0,1,0,0,0,0.0,False,1,0,0.0,1,0,0,False,0,2,0.0,1,0,0,1.0,False,0,0,0,0
55,IERC5267,0x0000000000000000000003392533562357622074,data/safe_contracts/openzeppelin-contracts/contracts/interfaces/IERC5267.sol,,openzeppelin,False,False,False,False,False,False,False,False,False,False,False,False,False,False,False,False,False,False,False,False,False,False,True,False,False,0,0,2,1,0,0,0,1,0,25,1,1,1.0,0,9,0.36,0,0,0,0,2,0,0,0,0,1,1,0.0,0.0,2.0,4.0,False,simple,0,,,0,0,0,0,0.0,False,0,0,1,0,0,0,0.0,False,1,0,0.0,1,0,0,False,0,0,0.0,0,0,0,1.0,False,0,0,0,0
56,IERC1271,0x0000000000000000000006995578911133478429,data/safe_contracts/openzeppelin-contracts/contracts/interfaces/IERC1271.sol,,openzeppelin,False,False,False,False,False,False,False,False,False,False,False,False,False,False,False,False,False,False,False,False,False,False,True,False,False,0,0,2,1,0,0,0,1,0,15,1,1,1.0,0,11,0.7333333333333333,0,0,0,0,2,0,0,0,0,1,1,0.0,0.0,2.0,4.0,False,simple,0,,,0,0,0,0,0.0,False,0,0,1,0,0,0,0.0,False,1,0,0.0,1,0,0,False,0,2,0.0,1,0,0,1.0,False,0,0,0,0
57,IERC20,0x9999999999999999999992946582216830288877,data/safe_contracts/openzeppelin-contracts/contracts/interfaces/IERC20.sol,,openzeppelin,False,False,False,False,False,False,False,False,False,False,False,False,False,False,False,False,False,False,False,False,False,False,True,False,False,0,0,3,6,0,0,0,1,0,4,1,1,1.0,0,2,0.5,0,0,0,0,3,0,0,0,0,1,1,0.0,0.0,3.0,9.0,False,simple,0,,,0,0,0,0,0.0,False,0,0,6,0,0,0,0.0,False,6,0,0.0,6,0,0,False,0,10,0.0,5,0,0,1.0,False,0,0,0,0
58,IERC1363,0x0000000000000000000004312385676666162386,data/safe_contracts/openzeppelin-contracts/contracts/interfaces/IERC1363.sol,,openzeppelin,False,False,False,False,False,False,False,False,False,False,False,False,False,False,False,False,False,False,False,False,False,False,True,True,False,0,0,7,6,0,0,0,1,0,77,3,1,1.0,0,66,0.8571428571428571,0,0,1,0,7,0,0,0,0,2,1,0.0,0.0,7.0,24.5,False,simple,0,,,0,0,0,0,0.0,False,0,0,6,0,0,0,0.0,False,6,0,0.0,3,0,0,False,0,17,0.0,6,0,0,1.0,False,0,0,0,0
59,IERC5313,0x9999999999999999999996754448042328673059,data/safe_contracts/openzeppelin-contracts/contracts/interfaces/IERC5313.sol,,openzeppelin,False,False,False,False,False,False,False,False,False,False,False,False,False,False,False,False,False,False,False,False,False,False,True,False,False,0,0,2,1,0,0,0,1,0,14,1,1,1.0,0,10,0.7142857142857143,0,0,0,0,2,0,0,0,0,1,1,0.0,0.0,2.0,4.0,False,simple,0,,,0,0,0,0,0.0,False,0,0,1,0,0,0,0.0,False,1,0,0.0,1,0,0,False,0,0,0.0,0,0,0,1.0,False,0,0,0,0
60,IERC4626,0x0000000000000000000002995147025673827187,data/safe_contracts/openzeppelin-contracts/contracts/interfaces/IERC4626.sol,,openzeppelin,False,False,False,False,False,False,False,False,False,False,False,False,False,False,False,False,False,False,False,False,False,False,True,True,False,0,0,5,16,0,0,0,1,0,210,3,1,1.0,0,181,0.861904761904762,0,0,2,0,5,0,0,0,0,2,1,0.0,0.0,5.0,12.5,False,moderate,1,,,0,0,0,0,0.0,False,0,0,16,0,0,0,0.0,False,16,0,0.0,16,0,0,False,0,20,0.0,14,0,0,1.0,False,0,0,0,0
61,IERC7751,0x0000000000000000000007393810422826576428,data/safe_contracts/openzeppelin-contracts/contracts/interfaces/IERC7751.sol,,openzeppelin,False,False,False,False,False,False,False,False,False,False,False,False,False,False,False,False,False,False,False,False,False,False,True,False,False,0,0,2,0,0,0,0,0,0,10,1,1,0.0,0,6,0.6,0,0,0,0,2,0,0,0,0,1,1,0.0,0.0,2.0,4.0,False,simple,0,,,0,0,0,0,0.0,False,0,0,0,0,0,0,0.0,False,0,0,0.0,0,0,0,False,0,0,0.0,0,0,0,1.0,False,0,0,0,0
62,IERC1363Receiver,0x9999999999999999999998167680828536017637,data/safe_contracts/openzeppelin-contracts/contracts/interfaces/IERC1363Receiver.sol,,openzeppelin,False,False,False,False,False,False,False,False,False,False,False,False,False,False,False,False,False,False,False,False,False,False,True,False,False,0,0,2,1,0,0,0,1,0,30,1,1,1.0,0,21,0.7,0,0,0,0,2,0,0,0,0,1,1,0.0,0.0,2.0,4.0,False,simple,0,,,0,0,0,0,0.0,False,0,0,1,0,0,0,0.0,False,1,0,0.0,1,0,0,False,0,4,0.0,1,0,0,1.0,False,0,0,0,0
63,IERC721Enumerable,0x9999999999999999999992157170692102888187,data/safe_contracts/openzeppelin-contracts/contracts/interfaces/IERC721Enumerable.sol,,openzeppelin,False,False,False,False,False,False,False,False,False,False,False,False,False,False,False,False,False,False,False,False,False,False,True,True,False,0,0,6,3,0,0,0,1,0,4,3,1,1.0,0,2,0.5,0,0,2,0,6,0,0,0,0,2,1,0.0,0.0,6.0,18.0,False,simple,0,,,0,0,0,0,0.0,False,0,0,3,0,0,0,0.0,False,3,0,0.0,3,0,0,False,0,3,0.0,2,0,0,1.0,False,0,0,0,0
64,IERC721,0x9999999999999999999992404966084165864676,data/safe_contracts/openzeppelin-contracts/contracts/interfaces/IERC721.sol,,openzeppelin,False,False,False,False,False,False,False,False,False,False,False,False,False,False,False,False,False,False,False,False,False,False,True,True,False,0,0,5,9,0,0,0,1,0,4,2,1,1.0,0,2,0.5,0,0,1,0,5,0,0,0,0,2,1,0.0,0.0,5.0,12.5,False,simple,0,,,0,0,0,0,0.0,False,0,0,9,0,0,0,0.0,False,9,0,0.0,8,0,0,False,0,19,0.0,9,0,0,1.0,False,0,0,0,0
65,IERC2309,0x0000000000000000000000473537294235522899,data/safe_contracts/openzeppelin-contracts/contracts/interfaces/IERC2309.sol,,openzeppelin,False,False,False,False,False,False,False,False,False,False,False,False,False,False,False,False,False,False,False,False,False,False,True,False,False,0,0,2,0,0,0,0,0,0,17,1,1,0.0,0,8,0.47058823529411764,0,0,0,0,2,0,0,0,0,1,1,0.0,0.0,2.0,4.0,False,simple,0,,,0,0,0,0,0.0,False,0,0,0,0,0,0,0.0,False,0,0,0.0,0,0,0,False,0,0,0.0,0,0,0,1.0,False,0,0,0,0
66,draft-IERC7802,0x0000000000000000000005695270427934918517,data/safe_contracts/openzeppelin-contracts/contracts/interfaces/draft-IERC7802.sol,,openzeppelin,False,False,False,False,False,False,False,False,False,False,False,False,False,False,False,False,False,False,False,False,False,False,True,True,False,0,0,5,2,0,0,0,1,0,26,2,1,1.0,0,18,0.6923076923076923,0,0,1,0,5,0,0,0,0,2,1,0.0,0.0,5.0,12.5,False,simple,0,,,0,0,0,0,0.0,False,0,0,2,0,0,0,0.0,False,2,0,0.0,2,0,0,False,0,4,0.0,2,0,0,1.0,False,0,0,0,0
67,IERC20Metadata,0x0000000000000000000007981078426835139848,data/safe_contracts/openzeppelin-contracts/contracts/interfaces/IERC20Metadata.sol,,openzeppelin,False,False,False,False,False,False,False,False,False,False,False,False,False,False,False,False,False,False,False,False,False,False,True,True,False,0,0,5,3,0,0,0,1,0,4,2,1,1.0,0,2,0.5,0,0,1,0,5,0,0,0,0,2,1,0.0,0.0,5.0,12.5,False,simple,0,,,0,0,0,0,0.0,False,0,0,3,0,0,0,0.0,False,3,0,0.0,3,0,0,False,0,0,0.0,0,0,0,1.0,False,0,0,0,0
68,IERC2612,0x9999999999999999999999207331067202128293,data/safe_contracts/openzeppelin-contracts/contracts/interfaces/IERC2612.sol,,openzeppelin,False,False,False,False,False,False,False,False,False,False,False,False,False,False,False,False,False,False,False,False,False,False,True,True,False,0,0,5,0,0,0,0,0,0,5,2,1,0.0,0,2,0.4,0,0,1,0,5,0,0,0,0,3,1,0.0,0.0,5.0,8.333333333333334,False,simple,0,,,0,0,0,0,0.0,False,0,0,0,0,0,0,0.0,False,0,0,0.0,0,0,0,False,0,0,0.0,0,0,0,1.0,False,0,0,0,0
69,IERC5805,0x9999999999999999999994303418476663354854,data/safe_contracts/openzeppelin-contracts/contracts/interfaces/IERC5805.sol,,openzeppelin,False,False,False,False,False,False,False,False,False,False,False,False,False,False,False,False,False,False,False,False,False,False,True,True,False,0,0,6,0,0,0,0,0,0,6,3,1,0.0,0,2,0.3333333333333333,0,0,1,0,6,0,0,0,0,3,1,0.0,0.0,6.0,12.0,False,simple,0,,,0,0,0,0,0.0,False,0,0,0,0,0,0,0.0,False,0,0,0.0,0,0,0,False,0,0,0.0,0,0,0,1.0,False,0,0,0,0
70,IERC777,0x9999999999999999999993531927132143588769,data/safe_contracts/openzeppelin-contracts/contracts/interfaces/IERC777.sol,,openzeppelin,False,False,False,False,False,False,False,False,False,False,False,False,False,False,False,False,False,False,False,False,False,False,True,False,False,0,0,2,13,0,0,0,1,0,181,1,1,1.0,0,147,0.8121546961325967,0,0,0,0,2,0,0,0,0,1,1,0.0,0.0,2.0,4.0,False,moderate,1,,,0,0,0,0,0.0,False,0,0,13,0,0,0,0.0,False,13,0,0.0,13,0,0,False,0,19,0.0,8,0,0,1.0,False,0,0,0,0
71,IERC7913,0x9999999999999999999991969073732773907210,data/safe_contracts/openzeppelin-contracts/contracts/interfaces/IERC7913.sol,,openzeppelin,False,False,False,False,False,False,False,False,False,False,False,False,False,False,False,False,False,False,False,False,False,False,True,False,False,0,0,2,1,0,0,0,1,0,16,1,1,1.0,0,12,0.75,0,0,0,0,2,0,0,0,0,1,1,0.0,0.0,2.0,4.0,False,simple,0,,,0,0,0,0,0.0,False,0,0,1,0,0,0,0.0,False,1,0,0.0,1,0,0,False,0,3,0.0,1,0,0,1.0,False,0,0,0,0
72,IERC721Receiver,0x0000000000000000000002613831966106312763,data/safe_contracts/openzeppelin-contracts/contracts/interfaces/IERC721Receiver.sol,,openzeppelin,False,False,False,False,False,False,False,False,False,False,False,False,False,False,False,False,False,False,False,False,False,False,True,False,False,0,0,3,1,0,0,0,1,0,4,1,1,1.0,0,2,0.5,0,0,0,0,3,0,0,0,0,1,1,0.0,0.0,3.0,9.0,False,simple,0,,,0,0,0,0,0.0,False,0,0,1,0,0,0,0.0,False,1,0,0.0,1,0,0,False,0,4,0.0,1,0,0,1.0,False,0,0,0,0
73,IERC3156FlashLender,0x0000000000000000000003201530985144971852,data/safe_contracts/openzeppelin-contracts/contracts/interfaces/IERC3156FlashLender.sol,,openzeppelin,False,False,False,False,False,False,False,False,False,False,False,False,False,False,False,False,False,False,False,False,False,False,True,False,False,0,0,3,3,0,0,0,1,0,36,2,1,1.0,0,24,0.6666666666666666,0,0,0,0,3,0,0,0,0,1,1,0.0,0.0,3.0,9.0,False,simple,0,,,0,0,0,0,0.0,False,0,0,3,0,0,0,0.0,False,3,0,0.0,3,0,0,False,0,7,0.0,3,0,0,1.0,False,0,0,0,0
74,IERC4906,0x0000000000000000000003925304592302558784,data/safe_contracts/openzeppelin-contracts/contracts/interfaces/IERC4906.sol,,openzeppelin,False,False,False,False,False,False,False,False,False,False,False,False,False,False,False,False,False,False,False,False,False,False,True,True,False,0,0,7,0,0,0,0,0,0,16,3,1,0.0,0,9,0.5625,0,0,2,0,7,0,0,0,0,2,1,0.0,0.0,7.0,24.5,False,simple,0,,,0,0,0,0,0.0,False,0,0,0,0,0,0,0.0,False,0,0,0.0,0,0,0,False,0,0,0.0,0,0,0,1.0,False,0,0,0,0
75,IERC3156FlashBorrower,0x0000000000000000000003217261652626833763,data/safe_contracts/openzeppelin-contracts/contracts/interfaces/IERC3156FlashBorrower.sol,,openzeppelin,False,False,False,False,False,False,False,False,False,False,False,False,False,False,False,False,False,False,False,False,False,False,True,False,False,0,0,2,1,0,0,0,1,0,25,1,1,1.0,0,15,0.6,0,0,0,0,2,0,0,0,0,1,1,0.0,0.0,2.0,4.0,False,simple,0,,,0,0,0,0,0.0,False,0,0,1,0,0,0,0.0,False,1,0,0.0,1,0,0,False,0,5,0.0,1,0,0,1.0,False,0,0,0,0
76,draft-IERC1822,0x9999999999999999999995933488104817081110,data/safe_contracts/openzeppelin-contracts/contracts/interfaces/draft-IERC1822.sol,,openzeppelin,False,False,False,False,False,False,False,False,False,False,False,False,False,False,False,False,False,False,False,False,False,False,True,False,False,0,0,2,0,0,0,0,0,0,0,1,0,0.0,0,0,0.0,0,0,0,0,2,0,0,0,0,1,1,0.0,0.0,2.0,4.0,False,simple,0,,,0,0,0,0,0.0,False,0,0,0,0,0,0,0.0,False,0,0,0.0,0,0,0,False,0,0,0.0,0,0,0,1.0,False,0,0,0,0
77,IERC1820Registry,0x9999999999999999999991567271327697325107,data/safe_contracts/openzeppelin-contracts/contracts/interfaces/IERC1820Registry.sol,,openzeppelin,False,False,False,False,False,False,False,False,False,False,False,False,False,False,False,False,False,False,False,False,False,False,True,False,False,0,0,2,8,0,0,0,1,0,101,1,1,1.0,0,88,0.8712871287128713,0,0,0,0,2,0,0,0,0,1,1,0.0,0.0,2.0,4.0,False,simple,0,,,0,0,0,0,0.0,False,0,0,8,0,0,0,0.0,False,8,0,0.0,8,0,0,False,0,15,0.0,8,0,0,1.0,False,0,0,0,0
78,IERC777Recipient,0x0000000000000000000005357568928325812981,data/safe_contracts/openzeppelin-contracts/contracts/interfaces/IERC777Recipient.sol,,openzeppelin,False,False,False,False,False,False,False,False,False,False,False,False,False,False,False,False,False,False,False,False,False,False,True,False,False,0,0,2,1,0,0,0,1,0,33,1,1,1.0,0,22,0.6666666666666666,0,0,0,0,2,0,0,0,0,1,1,0.0,0.0,2.0,4.0,False,simple,0,,,0,0,0,0,0.0,False,0,0,1,0,0,0,0.0,False,1,0,0.0,1,0,0,False,0,6,0.0,1,0,0,1.0,False,0,0,0,0
79,IERC721Metadata,0x9999999999999999999992974935957683401183,data/safe_contracts/openzeppelin-contracts/contracts/interfaces/IERC721Metadata.sol,,openzeppelin,False,False,False,False,False,False,False,False,False,False,False,False,False,False,False,False,False,False,False,False,False,False,True,True,False,0,0,6,3,0,0,0,1,0,4,3,1,1.0,0,2,0.5,0,0,2,0,6,0,0,0,0,2,1,0.0,0.0,6.0,18.0,False,simple,0,,,0,0,0,0,0.0,False,0,0,3,0,0,0,0.0,False,3,0,0.0,3,0,0,False,0,1,0.0,1,0,0,1.0,False,0,0,0,0
80,IERC777Sender,0x9999999999999999999993679179132908835496,data/safe_contracts/openzeppelin-contracts/contracts/interfaces/IERC777Sender.sol,,openzeppelin,False,False,False,False,False,False,False,False,False,False,False,False,False,False,False,False,False,False,False,False,False,False,True,False,False,0,0,2,1,0,0,0,1,0,33,1,1,1.0,0,22,0.6666666666666666,0,0,0,0,2,0,0,0,0,1,1,0.0,0.0,2.0,4.0,False,simple,0,,,0,0,0,0,0.0,False,0,0,1,0,0,0,0.0,False,1,0,0.0,1,0,0,False,0,6,0.0,1,0,0,1.0,False,0,0,0,0
81,IERC1820Implementer,0x9999999999999999999996950670583042353348,data/safe_contracts/openzeppelin-contracts/contracts/interfaces/IERC1820Implementer.sol,,openzeppelin,False,False,False,False,False,False,False,False,False,False,False,False,False,False,False,False,False,False,False,False,False,False,True,False,False,0,0,2,1,0,0,0,1,0,18,1,1,1.0,0,14,0.7777777777777778,0,0,0,0,2,0,0,0,0,1,1,0.0,0.0,2.0,4.0,False,simple,0,,,0,0,0,0,0.0,False,0,0,1,0,0,0,0.0,False,1,0,0.0,1,0,0,False,0,2,0.0,1,0,0,1.0,False,0,0,0,0
82,draft-IERC7786,0x9999999999999999999992301440732835940290,data/safe_contracts/openzeppelin-contracts/contracts/interfaces/draft-IERC7786.sol,,openzeppelin,False,False,False,False,False,False,False,False,False,False,False,False,False,False,False,False,False,False,False,False,False,False,True,False,False,0,0,2,0,0,0,0,0,0,0,1,0,0.0,0,0,0.0,0,0,0,0,2,0,0,0,0,1,1,0.0,0.0,2.0,4.0,False,simple,0,,,0,0,0,0,0.0,False,0,0,0,0,0,0,0.0,False,0,0,0.0,0,0,0,False,0,0,0.0,0,0,0,1.0,False,0,0,0,0
83,draft-IERC7579,0x9999999999999999999997417288231190456948,data/safe_contracts/openzeppelin-contracts/contracts/interfaces/draft-IERC7579.sol,,openzeppelin,False,False,False,False,False,False,False,False,False,False,False,False,False,False,False,False,False,False,False,False,False,False,True,False,False,0,0,3,0,0,0,0,0,0,0,1,0,0.0,0,0,0.0,0,0,0,0,3,0,0,0,0,1,1,0.0,0.0,3.0,9.0,False,simple,0,,,0,0,0,0,0.0,False,0,0,0,0,0,0,0.0,False,0,0,0.0,0,0,0,False,0,0,0.0,0,0,0,1.0,False,0,0,0,0
84,draft-IERC6093,0x0000000000000000000006646948839686077900,data/safe_contracts/openzeppelin-contracts/contracts/interfaces/draft-IERC6093.sol,,openzeppelin,False,False,False,False,False,False,False,False,False,False,False,False,False,False,False,False,False,False,False,False,False,False,True,False,False,0,0,2,0,0,0,0,0,0,0,1,0,0.0,0,0,0.0,0,0,0,0,2,0,0,0,0,1,1,0.0,0.0,2.0,4.0,False,simple,0,,,0,0,0,0,0.0,False,0,0,0,0,0,0,0.0,False,0,0,0.0,0,0,0,False,0,0,0.0,0,0,0,1.0,False,0,0,0,0
85,draft-IERC4337,0x9999999999999999999992473245392963315945,data/safe_contracts/openzeppelin-contracts/contracts/interfaces/draft-IERC4337.sol,,openzeppelin,False,False,False,False,False,False,False,False,False,False,False,False,False,False,False,False,False,False,False,False,False,False,True,False,False,0,0,2,0,0,0,0,0,0,0,1,0,0.0,0,0,0.0,0,0,0,0,2,0,0,0,0,1,1,0.0,0.0,2.0,4.0,False,simple,0,,,0,0,0,0,0.0,False,0,0,0,0,0,0,0.0,False,0,0,0.0,0,0,0,False,0,0,0.0,0,0,0,1.0,False,0,0,0,0
86,draft-IERC7821,0x9999999999999999999998846387793674347782,data/safe_contracts/openzeppelin-contracts/contracts/interfaces/draft-IERC7821.sol,,openzeppelin,False,False,False,False,False,False,False,False,False,False,False,False,False,False,False,False,False,False,False,False,False,False,True,False,False,0,0,2,2,0,0,0,1,0,41,1,1,1.0,0,36,0.8780487804878049,1,0,0,0,2,0,0,0,0,1,1,0.0,0.0,2.0,4.0,False,simple,0,,,0,0,0,0,0.0,False,0,0,2,0,0,0,0.0,False,2,0,0.0,2,0,0,False,0,3,0.0,2,0,0,1.0,False,0,0,0,0
87,IERC1155Receiver,0x0000000000000000000004024929527765280964,data/safe_contracts/openzeppelin-contracts/contracts/interfaces/IERC1155Receiver.sol,,openzeppelin,False,False,False,False,False,False,False,False,False,False,False,False,False,False,False,False,False,False,False,False,False,False,True,True,False,0,0,5,2,0,0,0,1,0,4,2,1,1.0,0,2,0.5,0,0,1,0,5,0,0,0,0,2,1,0.0,0.0,5.0,12.5,False,simple,0,,,0,0,0,0,0.0,False,0,0,2,0,0,0,0.0,False,2,0,0.0,2,0,0,False,0,10,0.0,2,0,0,1.0,False,0,0,0,0
88,IERC6372,0x9999999999999999999998497069348867179516,data/safe_contracts/openzeppelin-contracts/contracts/interfaces/IERC6372.sol,,openzeppelin,False,False,False,False,False,False,False,False,False,False,False,False,False,False,False,False,False,False,False,False,False,False,True,False,False,0,0,3,2,0,0,0,1,0,14,1,1,1.0,0,9,0.6428571428571429,0,0,0,0,3,0,0,0,0,2,1,0.0,0.0,3.0,4.5,False,simple,0,,,0,0,0,0,0.0,False,0,0,2,0,0,0,0.0,False,2,0,0.0,2,0,0,False,0,0,0.0,0,0,0,1.0,False,0,0,0,0
89,IERC1155MetadataURI,0x0000000000000000000003156204406495067527,data/safe_contracts/openzeppelin-contracts/contracts/interfaces/IERC1155MetadataURI.sol,,openzeppelin,False,False,False,False,False,False,False,False,False,False,False,False,False,False,False,False,False,False,False,False,False,False,True,True,False,0,0,6,1,0,0,0,1,0,4,3,1,1.0,0,2,0.5,0,0,2,0,6,0,0,0,0,2,1,0.0,0.0,6.0,18.0,False,simple,0,,,0,0,0,0,0.0,False,0,0,1,0,0,0,0.0,False,1,0,0.0,1,0,0,False,0,1,0.0,1,0,0,1.0,False,0,0,0,0
90,Base64,0x9999999999999999999994374081023540276109,data/safe_contracts/openzeppelin-contracts/contracts/utils/Base64.sol,,openzeppelin,False,False,False,False,False,False,False,False,False,False,False,False,False,False,True,False,False,False,False,False,False,False,True,False,False,1,2,76,5,2,0,0,16,0,202,2,1,6.6,2,84,0.4158415841584158,0,1,0,0,6,73,0,3,0,5,2,0.0,0.0,96.0,1096.32,True,moderate,1,,,127,133,17,47,1.047244094488189,True,5,33,5,10,0,2,0.16666666666666666,False,0,5,2.0,5,0,1,False,0,6,0.0,5,0,0,1.0,False,0,0,0,0
91,Create2,0x0000000000000000000004538699806596954144,data/safe_contracts/openzeppelin-contracts/contracts/utils/Create2.sol,,openzeppelin,False,False,False,False,False,False,False,False,False,False,False,False,False,False,True,False,False,False,False,False,False,False,True,False,False,0,0,31,3,4,0,0,9,0,83,3,1,3.6666666666666665,0,45,0.5421686746987951,0,2,0,0,16,15,0,0,0,3,2,0.0,0.0,31.0,273.83333333333337,True,simple,0,,,30,31,0,11,1.0333333333333334,False,1,11,3,11,0,4,0.26666666666666666,True,0,3,3.6666666666666665,9,0,1,False,2,8,0.5,3,0,0,1.0,False,0,0,0,0
92,Comparators,0x9999999999999999999994564607253819628549,data/safe_contracts/openzeppelin-contracts/contracts/utils/Comparators.sol,,openzeppelin,False,False,False,False,False,False,False,False,False,False,False,False,False,False,False,False,False,False,False,False,False,False,True,False,False,0,0,4,2,0,0,0,1,0,16,1,1,1.0,0,7,0.4375,0,0,0,0,2,2,0,0,0,2,1,0.0,0.0,4.0,6.8,False,simple,0,,,4,2,0,1,0.5,False,2,2,2,0,0,0,0.0,False,0,2,0.0,2,0,0,False,0,4,0.0,2,0,0,1.0,False,0,0,0,0
93,Context,0x0000000000000000000004064287315254924360,data/safe_contracts/openzeppelin-contracts/contracts/utils/Context.sol,,openzeppelin,False,False,False,False,False,False,False,False,False,False,False,False,False,False,False,False,False,False,False,False,False,False,True,False,False,0,0,5,3,0,0,0,1,0,24,1,1,1.0,0,12,0.5,0,0,0,0,2,3,0,0,0,2,1,0.0,0.0,5.0,10.25,False,simple,0,,,6,3,0,1,0.5,False,3,3,3,0,0,0,0.0,False,0,3,0.0,3,0,0,False,0,0,0.0,0,0,0,1.0,False,0,0,0,0
94,RelayedCall,0x0000000000000000000006962345119985972532,data/safe_contracts/openzeppelin-contracts/contracts/utils/RelayedCall.sol,,openzeppelin,False,False,False,True,False,False,False,False,False,False,False,False,False,False,True,False,False,False,False,False,False,False,True,False,False,0,0,10,6,2,0,0,5,1,121,1,1,1.6666666666666667,0,76,0.628099173553719,0,0,0,0,4,6,0,0,0,4,3,0.0,0.0,10.0,20.5,True,simple,0,,,33,29,0,18,0.8787878787878788,False,5,10,6,14,0,2,0.125,True,0,6,2.3333333333333335,9,0,1,False,1,13,1.0,5,0,0,1.0,False,0,0,0,0
95,NoncesKeyed,0x0000000000000000000002401778672813873931,data/safe_contracts/openzeppelin-contracts/contracts/utils/NoncesKeyed.sol,,openzeppelin,False,False,False,False,False,False,False,False,False,False,False,False,False,False,False,False,False,True,False,False,False,False,True,False,False,1,0,9,6,0,1,0,5,0,66,2,1,2.0,0,35,0.5303030303030303,0,0,1,0,4,6,0,1,0,3,2,0.0,0.0,19.0,51.93333333333333,False,simple,0,,,24,20,0,6,0.8333333333333334,False,6,12,6,10,1,0,0.0,True,1,5,1.6666666666666667,3,1,1,True,0,12,0.0,6,0,0,1.0,False,0,0,0,0
96,Nonces,0x0000000000000000000001931459423148702543,data/safe_contracts/openzeppelin-contracts/contracts/utils/Nonces.sol,,openzeppelin,False,False,False,False,False,False,False,False,False,False,False,False,False,False,False,False,False,False,False,False,False,False,True,False,False,0,0,4,3,0,1,0,3,0,41,1,1,1.6666666666666667,0,22,0.5365853658536586,0,0,0,0,2,2,0,0,0,2,1,0.0,0.0,4.0,6.8,False,simple,0,,,9,7,0,3,0.7777777777777778,False,2,5,3,2,0,0,0.0,False,1,2,0.6666666666666666,3,1,1,True,0,4,0.0,3,0,0,1.0,False,0,0,0,0
97,StorageSlot,0x9999999999999999999997191609698552303696,data/safe_contracts/openzeppelin-contracts/contracts/utils/StorageSlot.sol,,openzeppelin,False,False,False,False,False,False,False,False,False,False,False,False,False,False,True,False,False,False,False,False,False,False,True,False,False,0,0,20,9,0,0,0,1,0,126,1,1,1.0,0,57,0.4523809523809524,0,0,0,0,11,9,0,0,0,3,2,0.0,0.0,20.0,115.33333333333334,False,simple,0,,,36,27,0,3,0.75,False,0,9,9,0,0,0,0.0,False,0,9,0.0,7,0,0,False,0,9,0.0,9,0,0,1.0,False,0,0,0,0
98,Pausable,0x0000000000000000000003910552083019866849,data/safe_contracts/openzeppelin-contracts/contracts/utils/Pausable.sol,,openzeppelin,False,False,False,False,False,False,False,False,False,False,False,False,False,False,False,False,False,False,False,False,False,False,True,False,False,0,0,10,5,0,1,2,3,0,98,2,1,1.8,0,60,0.6122448979591837,0,0,1,0,3,7,0,0,0,2,1,0.0,0.0,10.0,39.5,False,simple,0,,,18,15,0,3,0.8333333333333334,False,1,9,5,8,0,0,0.0,False,1,4,1.6,6,1,0,True,0,0,0.0,0,0,0,1.0,False,0,0,0,0
99,CAIP2,0x9999999999999999999999369289155888364710,data/safe_contracts/openzeppelin-contracts/contracts/utils/CAIP2.sol,,openzeppelin,False,False,False,False,False,False,False,False,False,False,False,False,False,False,False,False,False,False,False,False,False,False,False,False,False,0,0,0,0,0,0,0,0,0,0,1,0,0.0,0,0,0.0,0,0,0,0,0,0,0,0,0,0,0,0.0,0.0,0.0,0.0,False,simple,0,COMPILATION_ERROR,Compilation error: unresolved reference to identifier mcopy,0,0,0,0,0.0,False,0,0,0,0,0,0,0.0,False,0,0,0.0,0,0,0,False,0,0,0.0,0,0,0,1.0,False,0,0,0,0
100,Strings,0x9999999999999999999996321534890499129817,data/safe_contracts/openzeppelin-contracts/contracts/utils/Strings.sol,,openzeppelin,False,False,False,False,False,False,False,False,False,False,False,False,False,False,False,False,False,False,False,False,False,False,False,False,False,0,0,0,0,0,0,0,0,0,0,1,0,0.0,0,0,0.0,0,0,0,0,0,0,0,0,0,0,0,0.0,0.0,0.0,0.0,False,simple,0,COMPILATION_ERROR,Compilation error: unresolved reference to identifier mcopy,0,0,0,0,0.0,False,0,0,0,0,0,0,0.0,False,0,0,0.0,0,0,0,False,0,0,0.0,0,0,0,1.0,False,0,0,0,0
101,Arrays,0x9999999999999999999992610427972982303285,data/safe_contracts/openzeppelin-contracts/contracts/utils/Arrays.sol,,openzeppelin,False,False,False,False,False,False,False,False,False,False,False,False,False,False,False,False,False,False,False,False,False,False,False,False,False,0,0,0,0,0,0,0,0,0,0,1,0,0.0,0,0,0.0,0,0,0,0,0,0,0,0,0,0,0,0.0,0.0,0.0,0.0,False,simple,0,COMPILATION_ERROR,Compilation error: unresolved reference to identifier mcopy,0,0,0,0,0.0,False,0,0,0,0,0,0,0.0,False,0,0,0.0,0,0,0,False,0,0,0.0,0,0,0,1.0,False,0,0,0,0
102,TransientSlot,0x0000000000000000000008778838048200964506,data/safe_contracts/openzeppelin-contracts/contracts/utils/TransientSlot.sol,,openzeppelin,False,False,False,False,False,False,False,False,False,False,False,False,False,False,False,False,False,False,False,False,False,False,False,False,False,0,0,0,0,0,0,0,0,0,0,1,0,0.0,0,0,0.0,0,0,0,0,0,0,0,0,0,0,0,0.0,0.0,0.0,0.0,False,simple,0,COMPILATION_ERROR,Compilation error: unresolved reference to identifier tload,0,0,0,0,0.0,False,0,0,0,0,0,0,0.0,False,0,0,0.0,0,0,0,False,0,0,0.0,0,0,0,1.0,False,0,0,0,0
103,SlotDerivation,0x0000000000000000000008536877647690975098,data/safe_contracts/openzeppelin-contracts/contracts/utils/SlotDerivation.sol,,openzeppelin,False,False,False,False,False,False,False,False,False,False,False,False,False,False,True,False,False,False,False,False,False,False,True,False,False,0,0,21,10,0,0,0,1,0,144,1,1,1.0,0,67,0.4652777777777778,0,0,0,0,11,10,0,0,0,3,2,0.0,0.0,21.0,126.0,True,simple,0,,,70,60,0,13,0.8571428571428571,False,1,10,10,21,0,0,0.0,False,0,10,2.1,4,0,0,False,0,18,0.0,10,0,0,1.0,False,0,0,0,0
104,Panic,0x0000000000000000000001785154267520796115,data/safe_contracts/openzeppelin-contracts/contracts/utils/Panic.sol,,openzeppelin,False,False,False,False,False,False,False,False,False,False,False,False,False,False,True,False,False,False,False,False,False,False,True,False,False,0,0,4,2,0,10,0,1,0,54,1,1,1.0,0,34,0.6296296296296297,0,0,0,0,3,1,0,0,0,3,2,0.0,0.0,4.0,4.933333333333334,False,simple,0,,,16,14,0,9,0.875,False,0,2,2,2,0,0,0.0,False,0,2,1.0,3,10,0,False,0,1,0.0,1,0,0,1.0,False,0,0,0,0
105,ShortStrings,0x9999999999999999999991591530308841669733,data/safe_contracts/openzeppelin-contracts/contracts/utils/ShortStrings.sol,,openzeppelin,False,False,False,False,False,False,False,False,False,False,False,False,False,False,True,False,False,False,False,False,False,False,True,False,False,0,0,29,7,7,1,0,3,0,111,2,1,2.0,0,58,0.5225225225225225,0,1,0,0,13,16,0,0,0,4,2,0.0,0.0,29.0,175.45,True,simple,0,,,34,29,0,7,0.8529411764705882,False,9,14,7,7,0,7,0.5,False,0,7,1.0,4,1,6,True,0,9,0.0,6,0,0,1.0,False,0,0,0,0
106,ReentrancyGuard,0x0000000000000000000006039502490757137307,data/safe_contracts/openzeppelin-contracts/contracts/utils/ReentrancyGuard.sol,,openzeppelin,False,False,False,False,False,False,False,False,False,False,False,False,False,False,True,False,False,False,False,False,False,False,True,False,False,0,0,26,7,4,3,2,3,0,103,2,1,1.2857142857142858,0,63,0.6116504854368932,0,4,0,0,12,14,0,0,0,3,2,0.0,0.0,26.0,188.93333333333334,True,simple,0,,,18,12,0,2,0.6666666666666666,False,2,9,7,7,0,4,0.36363636363636365,False,0,7,1.0,3,3,0,True,0,0,0.0,0,0,0,1.0,True,0,0,0,0
107,CAIP10,0x0000000000000000000002633821226491324521,data/safe_contracts/openzeppelin-contracts/contracts/utils/CAIP10.sol,,openzeppelin,False,False,False,False,False,False,False,False,False,False,False,False,False,False,False,False,False,False,False,False,False,False,False,False,False,0,0,0,0,0,0,0,0,0,0,1,0,0.0,0,0,0.0,0,0,0,0,0,0,0,0,0,0,0,0.0,0.0,0.0,0.0,False,simple,0,COMPILATION_ERROR,Compilation error: unresolved reference to identifier mcopy,0,0,0,0,0.0,False,0,0,0,0,0,0,0.0,False,0,0,0.0,0,0,0,False,0,0,0.0,0,0,0,1.0,False,0,0,0,0
108,Base58,0x0000000000000000000001324427729686098959,data/safe_contracts/openzeppelin-contracts/contracts/utils/Base58.sol,,openzeppelin,False,False,False,False,False,False,False,False,False,False,False,False,False,False,True,False,False,False,False,False,False,False,True,False,False,0,0,8,4,0,0,0,25,0,211,1,1,12.25,2,79,0.3744075829383886,0,0,0,0,4,4,0,0,0,3,2,0.0,0.0,8.0,18.133333333333333,False,moderate,1,,,145,156,15,45,1.0758620689655172,True,4,49,4,12,0,0,0.0,False,0,4,3.0,7,0,0,False,0,4,0.0,4,0,0,1.0,False,0,0,0,0
109,Errors,0x9999999999999999999999146017312882910556,data/safe_contracts/openzeppelin-contracts/contracts/utils/Errors.sol,,openzeppelin,False,False,False,False,False,False,False,False,False,False,False,False,False,False,False,False,False,False,False,False,False,False,True,False,False,0,0,2,0,0,0,0,0,0,29,1,1,0.0,0,22,0.7586206896551724,0,0,0,0,2,0,0,0,0,1,1,0.0,0.0,2.0,4.0,False,simple,0,,,0,0,0,0,0.0,False,0,0,0,0,0,0,0.0,False,0,0,0.0,0,0,0,False,0,0,0.0,0,0,0,1.0,False,0,0,0,0
110,Blockhash,0x9999999999999999999997671930762052039119,data/safe_contracts/openzeppelin-contracts/contracts/utils/Blockhash.sol,,openzeppelin,False,False,False,False,False,False,False,False,False,False,False,False,False,False,True,False,False,False,False,False,False,False,True,False,False,0,0,5,3,0,1,0,2,0,46,1,1,1.3333333333333333,0,26,0.5652173913043478,0,0,0,0,3,2,0,0,0,3,2,0.0,0.0,5.0,7.333333333333334,False,simple,0,,,15,12,0,6,0.8,False,2,4,3,7,0,0,0.0,False,0,3,2.3333333333333335,7,1,0,True,0,2,0.0,2,0,0,1.0,False,0,0,0,0
111,draft-InteroperableAddress,0x0000000000000000000007825986731111635413,data/safe_contracts/openzeppelin-contracts/contracts/utils/draft-InteroperableAddress.sol,,openzeppelin,False,False,False,False,False,False,False,False,False,False,False,False,False,False,False,False,False,False,False,False,False,False,False,False,False,0,0,0,0,0,0,0,0,0,0,1,0,0.0,0,0,0.0,0,0,0,0,0,0,0,0,0,0,0,0.0,0.0,0.0,0.0,False,simple,0,COMPILATION_ERROR,Compilation error: unresolved reference to identifier mcopy,0,0,0,0,0.0,False,0,0,0,0,0,0,0.0,False,0,0,0.0,0,0,0,False,0,0,0.0,0,0,0,1.0,False,0,0,0,0
112,Packing,0x9999999999999999999991942689184168774455,data/safe_contracts/openzeppelin-contracts/contracts/utils/Packing.sol,,openzeppelin,False,False,False,False,False,False,False,False,False,False,False,False,False,False,True,False,False,False,False,False,False,False,True,False,False,0,0,638,212,0,0,0,3,0,1442,1,1,1.7358490566037736,0,32,0.022191400832177532,0,0,0,0,426,212,0,0,0,4,2,0.0,0.0,638.0,91616.8,True,complex,2,,,1350,1216,0,5,0.9007407407407407,False,0,368,212,156,0,0,0.0,False,0,212,0.7358490566037735,57,0,0,False,0,502,0.0,212,0,0,1.0,False,0,0,0,0
113,RLP,0x9999999999999999999998022850869150752222,data/safe_contracts/openzeppelin-contracts/contracts/utils/RLP.sol,,openzeppelin,False,False,False,False,False,False,False,False,False,False,False,False,False,False,False,False,False,False,False,False,False,False,False,False,False,0,0,0,0,0,0,0,0,0,0,1,0,0.0,0,0,0.0,0,0,0,0,0,0,0,0,0,0,0,0.0,0.0,0.0,0.0,False,simple,0,COMPILATION_ERROR,Compilation error: unresolved reference to identifier mcopy,0,0,0,0,0.0,False,0,0,0,0,0,0,0.0,False,0,0,0.0,0,0,0,False,0,0,0.0,0,0,0,1.0,False,0,0,0,0
114,Bytes,0x9999999999999999999998901879925350770824,data/safe_contracts/openzeppelin-contracts/contracts/utils/Bytes.sol,,openzeppelin,False,False,False,False,False,False,False,False,False,False,False,False,False,False,False,False,False,False,False,False,False,False,False,False,False,0,0,0,0,0,0,0,0,0,0,1,0,0.0,0,0,0.0,0,0,0,0,0,0,0,0,0,0,0,0.0,0.0,0.0,0.0,False,simple,0,COMPILATION_ERROR,Compilation error: unresolved reference to identifier mcopy,0,0,0,0,0.0,False,0,0,0,0,0,0,0.0,False,0,0,0.0,0,0,0,False,0,0,0.0,0,0,0,1.0,False,0,0,0,0
115,Multicall,0x9999999999999999999991313389864867561186,data/safe_contracts/openzeppelin-contracts/contracts/utils/Multicall.sol,,openzeppelin,False,False,False,False,False,False,False,False,False,False,False,False,False,False,True,False,False,False,False,False,False,False,True,False,False,0,0,32,1,4,0,0,6,0,33,5,1,6.0,0,18,0.5454545454545454,0,1,1,0,16,16,0,0,0,3,2,0.0,0.0,32.0,290.1333333333333,True,simple,0,,,13,14,1,9,1.0769230769230769,False,1,6,1,2,1,4,0.6666666666666666,False,1,0,2.0,2,0,1,False,1,1,1.0,1,0,0,1.0,False,0,0,0,0
116,LowLevelCall,0x9999999999999999999999321198652012616522,data/safe_contracts/openzeppelin-contracts/contracts/utils/LowLevelCall.sol,,openzeppelin,False,False,False,False,False,False,False,False,False,False,False,False,False,False,True,False,False,False,False,False,False,False,True,False,False,0,0,24,12,0,0,0,1,0,114,1,1,1.0,0,31,0.2719298245614035,0,0,0,0,12,12,0,0,0,3,2,0.0,0.0,24.0,163.2,True,moderate,1,,,56,44,0,6,0.7857142857142857,False,2,12,12,31,0,0,0.0,True,0,12,2.5833333333333335,9,0,0,False,0,19,0.0,9,0,0,1.0,False,0,0,0,0
117,ReentrancyGuardTransient,0x0000000000000000000003999742089872243447,data/safe_contracts/openzeppelin-contracts/contracts/utils/ReentrancyGuardTransient.sol,,openzeppelin,False,False,False,False,False,False,False,False,False,False,False,False,False,False,False,False,False,False,False,False,False,False,False,False,False,0,0,0,0,0,0,0,0,0,0,1,0,0.0,0,0,0.0,0,0,0,0,0,0,0,0,0,0,0,0.0,0.0,0.0,0.0,False,simple,0,COMPILATION_ERROR,Compilation error: unresolved reference to identifier tload,0,0,0,0,0.0,False,0,0,0,0,0,0,0.0,False,0,0,0.0,0,0,0,False,0,0,0.0,0,0,0,1.0,False,0,0,0,0
118,Address,0x0000000000000000000007639084023194046845,data/safe_contracts/openzeppelin-contracts/contracts/utils/Address.sol,,openzeppelin,False,False,False,False,False,False,False,False,False,False,False,False,False,False,True,False,False,False,False,False,False,False,True,False,False,0,0,33,7,28,0,0,9,0,157,3,1,6.142857142857143,0,73,0.46496815286624205,0,17,0,0,14,19,0,0,0,3,2,0.0,0.0,33.0,300.29999999999995,True,moderate,1,,,71,76,0,8,1.0704225352112675,False,7,43,7,19,0,28,0.5957446808510638,False,0,7,2.7142857142857144,5,0,6,False,26,16,0.23076923076923078,7,0,0,1.0,False,0,0,0,0
119,Calldata,0x9999999999999999999991592994642963111995,data/safe_contracts/openzeppelin-contracts/contracts/utils/Calldata.sol,,openzeppelin,False,False,False,False,False,False,False,False,False,False,False,False,False,False,True,False,False,False,False,False,False,False,True,False,False,0,0,6,2,0,0,0,1,0,22,1,1,1.0,0,7,0.3181818181818182,0,0,0,0,4,2,0,0,0,3,2,0.0,0.0,6.0,10.8,False,simple,0,,,10,8,0,4,0.8,False,0,2,2,0,0,0,0.0,False,0,2,0.0,2,0,0,False,0,0,0.0,0,0,0,1.0,False,0,0,0,0
120,Memory,0x0000000000000000000000213026558221928031,data/safe_contracts/openzeppelin-contracts/contracts/utils/Memory.sol,,openzeppelin,False,False,False,False,False,False,False,False,False,False,False,False,False,False,False,False,False,False,False,False,False,False,False,False,False,0,0,0,0,0,0,0,0,0,0,1,0,0.0,0,0,0.0,0,0,0,0,0,0,0,0,0,0,0,0.0,0.0,0.0,0.0,False,simple,0,COMPILATION_ERROR,Compilation error: unresolved reference to identifier mcopy,0,0,0,0,0.0,False,0,0,0,0,0,0,0.0,False,0,0,0.0,0,0,0,False,0,0,0.0,0,0,0,1.0,False,0,0,0,0
121,Clones,0x9999999999999999999991349626293172044478,data/safe_contracts/openzeppelin-contracts/contracts/proxy/Clones.sol,,openzeppelin,False,False,False,False,False,False,False,False,False,False,False,False,False,False,True,False,False,False,False,False,False,False,True,False,False,0,0,53,14,10,0,0,5,0,277,4,1,2.0,0,140,0.5054151624548736,0,2,0,0,22,31,0,0,0,4,2,0.0,0.0,53.0,579.025,True,moderate,1,,,76,69,0,11,0.9078947368421053,False,10,28,14,33,0,10,0.23255813953488372,True,0,14,2.357142857142857,13,0,7,False,0,35,0.0,14,0,0,1.0,False,0,0,0,0
122,Proxy,0x0000000000000000000007934631921770734957,data/safe_contracts/openzeppelin-contracts/contracts/proxy/Proxy.sol,,openzeppelin,False,False,False,False,False,False,False,False,False,False,False,False,False,False,True,True,False,False,False,False,False,False,True,False,False,0,1,4,4,0,0,0,3,0,61,1,1,1.5,0,37,0.6065573770491803,1,0,0,0,5,0,0,1,0,4,2,0.0,0.0,9.0,11.25,False,simple,0,,,17,15,0,11,0.8823529411764706,False,0,5,4,11,3,0,0.0,False,1,3,2.75,9,0,0,False,0,1,0.0,1,0,0,1.0,False,0,0,0,0
123,VestingWallet,0x0000000000000000000007293767173806135453,data/safe_contracts/openzeppelin-contracts/contracts/finance/VestingWallet.sol,,openzeppelin,False,False,True,False,False,False,False,False,False,False,False,False,False,False,True,False,False,False,False,False,False,False,True,True,False,0,0,56,14,3,4,0,3,0,142,10,1,1.1428571428571428,0,75,0.528169014084507,2,2,2,0,27,29,0,0,0,5,3,0.0,0.0,56.0,529.76,True,moderate,1,,,39,25,0,4,0.6410256410256411,False,12,16,14,19,4,3,0.13636363636363635,True,13,1,1.3571428571428572,6,4,3,True,2,11,1.5,7,0,2,1.0,False,0,2,0,0
124,VestingWalletCliff,0x0000000000000000000006023057111746701450,data/safe_contracts/openzeppelin-contracts/contracts/finance/VestingWalletCliff.sol,,openzeppelin,False,False,True,False,False,False,False,False,False,False,False,False,False,False,True,False,False,False,False,False,False,False,True,True,False,0,0,125,3,2,1,0,3,0,46,12,1,2.0,0,23,0.5,0,1,3,0,30,95,0,0,0,5,3,0.0,0.0,125.0,2412.5,True,simple,0,,,11,9,0,3,0.8181818181818182,False,3,6,3,5,0,2,0.2857142857142857,True,1,2,1.6666666666666667,4,1,1,True,0,3,0.0,2,0,2,1.0,False,0,2,0,0
125,IAccessControlEnumerable,0x0000000000000000000000724228448456069797,data/safe_contracts/openzeppelin-contracts/contracts/access/extensions/IAccessControlEnumerable.sol,,openzeppelin,False,False,False,False,False,False,False,False,False,False,False,False,False,False,False,False,False,False,False,False,False,False,True,False,False,0,0,3,2,0,0,0,1,0,27,2,1,1.0,0,21,0.7777777777777778,0,0,1,0,3,0,0,0,0,1,1,0.0,0.0,3.0,9.0,False,simple,0,,,0,0,0,0,0.0,False,0,0,2,0,0,0,0.0,False,2,0,0.0,2,0,0,False,0,3,0.0,2,0,0,1.0,False,0,0,0,0
126,IAccessControlDefaultAdminRules,0x9999999999999999999990826648963285625760,data/safe_contracts/openzeppelin-contracts/contracts/access/extensions/IAccessControlDefaultAdminRules.sol,,openzeppelin,False,False,False,False,False,False,False,False,False,False,False,False,False,False,False,False,False,False,False,False,False,False,True,False,False,0,0,3,10,0,0,0,1,0,173,2,1,1.0,0,152,0.8786127167630058,0,0,1,0,3,0,0,0,0,1,1,0.0,0.0,3.0,9.0,False,simple,0,,,0,0,0,0,0.0,False,0,0,10,0,0,0,0.0,False,10,0,0.0,10,0,0,False,0,2,0.0,2,0,0,1.0,False,0,0,0,0
127,AccessControlEnumerable,0x0000000000000000000008037282657745675913,data/safe_contracts/openzeppelin-contracts/contracts/access/extensions/AccessControlEnumerable.sol,,openzeppelin,False,False,False,False,False,False,False,False,False,False,False,False,False,False,False,False,False,False,False,False,False,False,False,False,False,0,0,0,0,0,0,0,0,0,0,1,0,0.0,0,0,0.0,0,0,0,0,0,0,0,0,0,0,0,0.0,0.0,0.0,0.0,False,simple,0,COMPILATION_ERROR,Compilation error: unresolved reference to identifier mcopy,0,0,0,0,0.0,False,0,0,0,0,0,0,0.0,False,0,0,0.0,0,0,0,False,0,0,0.0,0,0,0,1.0,False,0,0,0,0
128,AccessControlDefaultAdminRules,0x0000000000000000000008123557109121267234,data/safe_contracts/openzeppelin-contracts/contracts/access/extensions/AccessControlDefaultAdminRules.sol,,openzeppelin,False,False,True,False,False,False,False,False,False,False,False,False,False,False,True,False,False,False,False,False,False,False,True,True,False,1,9,137,30,3,6,0,5,0,327,11,1,2.033333333333333,0,161,0.4923547400611621,0,3,3,0,25,122,0,10,0,8,3,0.0,0.0,192.0,2649.6,True,complex,2,,,135,119,0,9,0.8814814814814815,False,15,61,30,57,3,3,0.05,True,15,15,1.9,12,6,9,True,0,26,0.0,17,0,0,1.0,False,0,0,0,0
129,AccessManaged,0x0000000000000000000005176683047068276240,data/safe_contracts/openzeppelin-contracts/contracts/access/manager/AccessManaged.sol,,openzeppelin,False,False,False,False,False,True,False,False,False,False,False,False,False,False,True,False,False,False,False,False,False,False,True,True,False,0,0,14,6,2,2,1,5,0,101,6,1,2.5,0,48,0.4752475247524752,0,1,1,0,9,5,0,0,0,5,3,0.0,0.0,14.0,35.0,True,simple,0,,,32,30,0,8,0.9375,False,3,15,6,9,1,2,0.18181818181818182,False,3,3,1.5,7,2,2,True,2,5,1.0,4,1,0,0.0,False,0,0,1,0
130,AccessManager,0x0000000000000000000005485645456766076290,data/safe_contracts/openzeppelin-contracts/contracts/access/manager/AccessManager.sol,,openzeppelin,False,False,True,False,False,False,False,False,False,False,False,False,True,False,True,False,False,False,False,False,False,True,True,True,False,1,12,153,49,21,6,1,9,0,633,13,1,2.4693877551020407,0,236,0.37282780410742494,1,16,1,0,38,128,0,13,0,10,5,0.0,0.0,223.0,2845.4799999999996,True,critical,3,,,297,271,1,17,0.9124579124579124,False,42,121,49,94,4,21,0.1826086956521739,False,30,19,1.9183673469387754,32,6,23,True,2,87,11.5,45,6,2,0.25,False,0,3,6,0
131,IAccessManager,0x0000000000000000000001858535240684934342,data/safe_contracts/openzeppelin-contracts/contracts/access/manager/IAccessManager.sol,,openzeppelin,False,False,False,False,False,False,False,False,False,False,False,False,False,False,False,False,False,False,False,False,False,False,True,False,False,0,0,2,29,0,0,0,1,0,360,1,1,1.0,0,287,0.7972222222222223,1,0,0,0,2,0,0,0,0,1,1,0.0,0.0,2.0,4.0,False,moderate,1,,,0,0,0,0,0.0,False,0,0,29,0,0,0,0.0,False,29,0,0.0,29,0,0,False,0,53,0.0,27,0,0,1.0,False,0,0,0,0
132,AuthorityUtils,0x0000000000000000000006033355168912564545,data/safe_contracts/openzeppelin-contracts/contracts/access/manager/AuthorityUtils.sol,,openzeppelin,False,False,False,False,False,False,False,False,False,False,False,False,False,False,True,False,False,False,False,False,False,False,True,True,False,0,0,6,1,1,0,0,3,0,30,2,1,3.0,0,9,0.3,0,0,0,0,5,1,0,0,0,4,2,0.0,0.0,6.0,8.55,False,simple,0,,,11,11,0,8,1.0,False,0,3,1,5,0,1,0.16666666666666666,False,0,1,5.0,5,0,1,False,1,4,1.0,1,0,0,1.0,False,0,0,0,0
133,IAccessManaged,0x0000000000000000000008674517240633192492,data/safe_contracts/openzeppelin-contracts/contracts/access/manager/IAccessManaged.sol,,openzeppelin,False,False,False,False,False,False,False,False,False,False,False,False,False,False,False,False,False,False,False,False,False,False,True,False,False,0,0,2,3,0,0,0,1,0,26,1,1,1.0,0,16,0.6153846153846154,0,0,0,0,2,0,0,0,0,1,1,0.0,0.0,2.0,4.0,False,simple,0,,,0,0,0,0,0.0,False,0,0,3,0,0,0,0.0,False,3,0,0.0,3,0,0,False,0,1,0.0,1,0,0,1.0,False,0,0,0,0
134,IAuthority,0x0000000000000000000003196675162949309309,data/safe_contracts/openzeppelin-contracts/contracts/access/manager/IAuthority.sol,,openzeppelin,False,False,False,False,False,False,False,False,False,False,False,False,False,False,False,False,False,False,False,False,False,False,True,False,False,0,0,2,1,0,0,0,1,0,12,1,1,1.0,0,8,0.6666666666666666,0,0,0,0,2,0,0,0,0,1,1,0.0,0.0,2.0,4.0,False,simple,0,,,0,0,0,0,0.0,False,0,0,1,0,0,0,0.0,False,1,0,0.0,1,0,0,False,0,3,0.0,1,0,0,1.0,False,0,0,0,0
135,GovernorProposalGuardianMock,0x9999999999999999999991214982662048814214,data/safe_contracts/openzeppelin-contracts/contracts/mocks/governance/GovernorProposalGuardianMock.sol,,openzeppelin,False,False,False,False,False,False,False,False,False,False,False,False,False,False,False,False,False,False,False,False,False,False,False,False,False,0,0,0,0,0,0,0,0,0,0,1,0,0.0,0,0,0.0,0,0,0,0,0,0,0,0,0,0,0,0.0,0.0,0.0,0.0,False,simple,0,COMPILATION_ERROR,Compilation error: unresolved reference to identifier mcopy,0,0,0,0,0.0,False,0,0,0,0,0,0,0.0,False,0,0,0.0,0,0,0,False,0,0,0.0,0,0,0,1.0,False,0,0,0,0
136,GovernorPreventLateQuorumMock,0x9999999999999999999997765769571220972891,data/safe_contracts/openzeppelin-contracts/contracts/mocks/governance/GovernorPreventLateQuorumMock.sol,,openzeppelin,False,False,False,False,False,False,False,False,False,False,False,False,False,False,False,False,False,False,False,False,False,False,False,False,False,0,0,0,0,0,0,0,0,0,0,1,0,0.0,0,0,0.0,0,0,0,0,0,0,0,0,0,0,0,0.0,0.0,0.0,0.0,False,simple,0,COMPILATION_ERROR,Compilation error: unresolved reference to identifier mcopy,0,0,0,0,0.0,False,0,0,0,0,0,0,0.0,False,0,0,0.0,0,0,0,False,0,0,0.0,0,0,0,1.0,False,0,0,0,0
137,GovernorTimelockAccessMock,0x9999999999999999999993208870816916196403,data/safe_contracts/openzeppelin-contracts/contracts/mocks/governance/GovernorTimelockAccessMock.sol,,openzeppelin,False,False,False,False,False,False,False,False,False,False,False,False,False,False,False,False,False,False,False,False,False,False,False,False,False,0,0,0,0,0,0,0,0,0,0,1,0,0.0,0,0,0.0,0,0,0,0,0,0,0,0,0,0,0,0.0,0.0,0.0,0.0,False,simple,0,COMPILATION_ERROR,Compilation error: unresolved reference to identifier mcopy,0,0,0,0,0.0,False,0,0,0,0,0,0,0.0,False,0,0,0.0,0,0,0,False,0,0,0.0,0,0,0,1.0,False,0,0,0,0
138,GovernorCountingOverridableMock,0x0000000000000000000006600579029446725270,data/safe_contracts/openzeppelin-contracts/contracts/mocks/governance/GovernorCountingOverridableMock.sol,,openzeppelin,False,False,False,False,False,False,False,False,False,False,False,False,False,False,False,False,False,False,False,False,False,False,False,False,False,0,0,0,0,0,0,0,0,0,0,1,0,0.0,0,0,0.0,0,0,0,0,0,0,0,0,0,0,0,0.0,0.0,0.0,0.0,False,simple,0,COMPILATION_ERROR,Compilation error: unresolved reference to identifier mcopy,0,0,0,0,0.0,False,0,0,0,0,0,0,0.0,False,0,0,0.0,0,0,0,False,0,0,0.0,0,0,0,1.0,False,0,0,0,0
139,GovernorFractionalMock,0x0000000000000000000004386748698036651085,data/safe_contracts/openzeppelin-contracts/contracts/mocks/governance/GovernorFractionalMock.sol,,openzeppelin,False,False,False,False,False,False,False,False,False,False,False,False,False,False,False,False,False,False,False,False,False,False,False,False,False,0,0,0,0,0,0,0,0,0,0,1,0,0.0,0,0,0.0,0,0,0,0,0,0,0,0,0,0,0,0.0,0.0,0.0,0.0,False,simple,0,COMPILATION_ERROR,Compilation error: unresolved reference to identifier mcopy,0,0,0,0,0.0,False,0,0,0,0,0,0,0.0,False,0,0,0.0,0,0,0,False,0,0,0.0,0,0,0,1.0,False,0,0,0,0
140,GovernorVoteMock,0x9999999999999999999997259479405799220241,data/safe_contracts/openzeppelin-contracts/contracts/mocks/governance/GovernorVoteMock.sol,,openzeppelin,False,False,False,False,False,False,False,False,False,False,False,False,False,False,False,False,False,False,False,False,False,False,False,False,False,0,0,0,0,0,0,0,0,0,0,1,0,0.0,0,0,0.0,0,0,0,0,0,0,0,0,0,0,0,0.0,0.0,0.0,0.0,False,simple,0,COMPILATION_ERROR,Compilation error: unresolved reference to identifier mcopy,0,0,0,0,0.0,False,0,0,0,0,0,0,0.0,False,0,0,0.0,0,0,0,False,0,0,0.0,0,0,0,1.0,False,0,0,0,0
141,GovernorWithParamsMock,0x9999999999999999999994812901620321925571,data/safe_contracts/openzeppelin-contracts/contracts/mocks/governance/GovernorWithParamsMock.sol,,openzeppelin,False,False,False,False,False,False,False,False,False,False,False,False,False,False,False,False,False,False,False,False,False,False,False,False,False,0,0,0,0,0,0,0,0,0,0,1,0,0.0,0,0,0.0,0,0,0,0,0,0,0,0,0,0,0,0.0,0.0,0.0,0.0,False,simple,0,COMPILATION_ERROR,Compilation error: unresolved reference to identifier mcopy,0,0,0,0,0.0,False,0,0,0,0,0,0,0.0,False,0,0,0.0,0,0,0,False,0,0,0.0,0,0,0,1.0,False,0,0,0,0
142,GovernorMock,0x0000000000000000000008797742413393730587,data/safe_contracts/openzeppelin-contracts/contracts/mocks/governance/GovernorMock.sol,,openzeppelin,False,False,False,False,False,False,False,False,False,False,False,False,False,False,False,False,False,False,False,False,False,False,False,False,False,0,0,0,0,0,0,0,0,0,0,1,0,0.0,0,0,0.0,0,0,0,0,0,0,0,0,0,0,0,0.0,0.0,0.0,0.0,False,simple,0,COMPILATION_ERROR,Compilation error: unresolved reference to identifier mcopy,0,0,0,0,0.0,False,0,0,0,0,0,0,0.0,False,0,0,0.0,0,0,0,False,0,0,0.0,0,0,0,1.0,False,0,0,0,0
143,GovernorSequentialProposalIdMock,0x0000000000000000000000644815811030828362,data/safe_contracts/openzeppelin-contracts/contracts/mocks/governance/GovernorSequentialProposalIdMock.sol,,openzeppelin,False,False,False,False,False,False,False,False,False,False,False,False,False,False,False,False,False,False,False,False,False,False,False,False,False,0,0,0,0,0,0,0,0,0,0,1,0,0.0,0,0,0.0,0,0,0,0,0,0,0,0,0,0,0,0.0,0.0,0.0,0.0,False,simple,0,COMPILATION_ERROR,Compilation error: unresolved reference to identifier mcopy,0,0,0,0,0.0,False,0,0,0,0,0,0,0.0,False,0,0,0.0,0,0,0,False,0,0,0.0,0,0,0,1.0,False,0,0,0,0
144,GovernorSuperQuorumMock,0x0000000000000000000000033691368242873651,data/safe_contracts/openzeppelin-contracts/contracts/mocks/governance/GovernorSuperQuorumMock.sol,,openzeppelin,False,False,False,False,False,False,False,False,False,False,False,False,False,False,False,False,False,False,False,False,False,False,False,False,False,0,0,0,0,0,0,0,0,0,0,1,0,0.0,0,0,0.0,0,0,0,0,0,0,0,0,0,0,0,0.0,0.0,0.0,0.0,False,simple,0,COMPILATION_ERROR,Compilation error: unresolved reference to identifier mcopy,0,0,0,0,0.0,False,0,0,0,0,0,0,0.0,False,0,0,0.0,0,0,0,False,0,0,0.0,0,0,0,1.0,False,0,0,0,0
145,GovernorStorageMock,0x9999999999999999999998166088310057014436,data/safe_contracts/openzeppelin-contracts/contracts/mocks/governance/GovernorStorageMock.sol,,openzeppelin,False,False,False,False,False,False,False,False,False,False,False,False,False,False,False,False,False,False,False,False,False,False,False,False,False,0,0,0,0,0,0,0,0,0,0,1,0,0.0,0,0,0.0,0,0,0,0,0,0,0,0,0,0,0,0.0,0.0,0.0,0.0,False,simple,0,COMPILATION_ERROR,Compilation error: unresolved reference to identifier mcopy,0,0,0,0,0.0,False,0,0,0,0,0,0,0.0,False,0,0,0.0,0,0,0,False,0,0,0.0,0,0,0,1.0,False,0,0,0,0
146,GovernorNoncesKeyedMock,0x0000000000000000000006267274236245135572,data/safe_contracts/openzeppelin-contracts/contracts/mocks/governance/GovernorNoncesKeyedMock.sol,,openzeppelin,False,False,False,False,False,False,False,False,False,False,False,False,False,False,False,False,False,False,False,False,False,False,False,False,False,0,0,0,0,0,0,0,0,0,0,1,0,0.0,0,0,0.0,0,0,0,0,0,0,0,0,0,0,0,0.0,0.0,0.0,0.0,False,simple,0,COMPILATION_ERROR,Compilation error: unresolved reference to identifier mcopy,0,0,0,0,0.0,False,0,0,0,0,0,0,0.0,False,0,0,0.0,0,0,0,False,0,0,0.0,0,0,0,1.0,False,0,0,0,0
147,GovernorTimelockControlMock,0x0000000000000000000004464052403549437875,data/safe_contracts/openzeppelin-contracts/contracts/mocks/governance/GovernorTimelockControlMock.sol,,openzeppelin,False,False,False,False,False,False,False,False,False,False,False,False,False,False,False,False,False,False,False,False,False,False,False,False,False,0,0,0,0,0,0,0,0,0,0,1,0,0.0,0,0,0.0,0,0,0,0,0,0,0,0,0,0,0,0.0,0.0,0.0,0.0,False,simple,0,COMPILATION_ERROR,Compilation error: unresolved reference to identifier mcopy,0,0,0,0,0.0,False,0,0,0,0,0,0,0.0,False,0,0,0.0,0,0,0,False,0,0,0.0,0,0,0,1.0,False,0,0,0,0
148,GovernorTimelockCompoundMock,0x0000000000000000000001761412368645875964,data/safe_contracts/openzeppelin-contracts/contracts/mocks/governance/GovernorTimelockCompoundMock.sol,,openzeppelin,False,False,False,False,False,False,False,False,False,False,False,False,False,False,False,False,False,False,False,False,False,False,False,False,False,0,0,0,0,0,0,0,0,0,0,1,0,0.0,0,0,0.0,0,0,0,0,0,0,0,0,0,0,0,0.0,0.0,0.0,0.0,False,simple,0,COMPILATION_ERROR,Compilation error: unresolved reference to identifier mcopy,0,0,0,0,0.0,False,0,0,0,0,0,0,0.0,False,0,0,0.0,0,0,0,False,0,0,0.0,0,0,0,1.0,False,0,0,0,0
149,GovernorVotesSuperQuorumFractionMock,0x9999999999999999999994837014987451341589,data/safe_contracts/openzeppelin-contracts/contracts/mocks/governance/GovernorVotesSuperQuorumFractionMock.sol,,openzeppelin,False,False,False,False,False,False,False,False,False,False,False,False,False,False,False,False,False,False,False,False,False,False,False,False,False,0,0,0,0,0,0,0,0,0,0,1,0,0.0,0,0,0.0,0,0,0,0,0,0,0,0,0,0,0,0.0,0.0,0.0,0.0,False,simple,0,COMPILATION_ERROR,Compilation error: unresolved reference to identifier mcopy,0,0,0,0,0.0,False,0,0,0,0,0,0,0.0,False,0,0,0.0,0,0,0,False,0,0,0.0,0,0,0,1.0,False,0,0,0,0
150,AccountMock,0x0000000000000000000003529751335177948110,data/safe_contracts/openzeppelin-contracts/contracts/mocks/account/AccountMock.sol,,openzeppelin,False,False,False,False,False,False,False,False,False,False,False,False,False,False,False,False,False,False,False,False,False,False,False,False,False,0,0,0,0,0,0,0,0,0,0,1,0,0.0,0,0,0.0,0,0,0,0,0,0,0,0,0,0,0,0.0,0.0,0.0,0.0,False,simple,0,COMPILATION_ERROR,Compilation error: unresolved reference to identifier mcopy,0,0,0,0,0.0,False,0,0,0,0,0,0,0.0,False,0,0,0.0,0,0,0,False,0,0,0.0,0,0,0,1.0,False,0,0,0,0
151,ERC7786GatewayMock,0x9999999999999999999993845964488289032813,data/safe_contracts/openzeppelin-contracts/contracts/mocks/crosschain/ERC7786GatewayMock.sol,,openzeppelin,False,False,False,False,False,False,False,False,False,False,False,False,False,False,False,False,False,False,False,False,False,False,False,False,False,0,0,0,0,0,0,0,0,0,0,1,0,0.0,0,0,0.0,0,0,0,0,0,0,0,0,0,0,0,0.0,0.0,0.0,0.0,False,simple,0,COMPILATION_ERROR,Compilation error: unresolved reference to identifier mcopy,0,0,0,0,0.0,False,0,0,0,0,0,0,0.0,False,0,0,0.0,0,0,0,False,0,0,0.0,0,0,0,1.0,False,0,0,0,0
152,ERC7786RecipientMock,0x0000000000000000000004030280377962299368,data/safe_contracts/openzeppelin-contracts/contracts/mocks/crosschain/ERC7786RecipientMock.sol,,openzeppelin,False,False,False,False,False,False,False,False,False,False,False,False,False,False,False,True,False,False,False,False,False,False,True,True,False,0,1,9,3,0,1,0,1,0,24,5,1,1.0,0,2,0.08333333333333333,0,0,2,0,7,3,0,1,0,5,2,0.0,0.0,14.0,25.480000000000004,False,simple,0,,,6,3,0,1,0.5,False,1,3,3,0,0,0,0.0,False,1,2,0.0,3,1,1,True,0,7,0.0,3,0,0,1.0,False,0,0,0,0
153,ERC1363NoReturnMock,0x0000000000000000000008018255934564548906,data/safe_contracts/openzeppelin-contracts/contracts/mocks/token/ERC1363NoReturnMock.sol,,openzeppelin,False,False,False,False,False,False,False,False,False,False,False,False,False,False,True,False,False,False,False,False,False,False,True,True,False,0,0,26,3,0,0,0,1,0,28,15,1,1.0,0,1,0.03571428571428571,0,0,3,0,22,4,0,0,0,4,2,0.0,0.0,26.0,161.2,True,simple,0,,,15,12,0,4,0.8,False,0,3,3,6,1,0,0.0,True,3,0,2.0,1,0,0,False,0,10,0.0,3,0,0,1.0,False,0,0,0,0
154,ERC20ApprovalMock,0x0000000000000000000005744748446956381187,data/safe_contracts/openzeppelin-contracts/contracts/mocks/token/ERC20ApprovalMock.sol,,openzeppelin,False,False,False,False,False,False,False,False,False,False,False,False,False,False,False,False,False,False,False,False,False,False,True,True,False,0,0,12,1,0,0,0,1,0,8,8,1,1.0,0,1,0.125,0,0,2,0,8,4,0,0,0,3,1,0.0,0.0,12.0,43.2,False,simple,0,,,2,1,0,1,0.5,False,0,1,1,1,0,0,0.0,True,0,1,1.0,0,0,0,False,0,4,0.0,1,0,0,1.0,False,0,0,0,0
155,ERC20ExcessDecimalsMock,0x0000000000000000000005427524114668902360,data/safe_contracts/openzeppelin-contracts/contracts/mocks/token/ERC20ExcessDecimalsMock.sol,,openzeppelin,False,False,False,False,False,False,False,False,False,False,False,False,False,False,False,False,False,False,False,False,False,False,True,False,False,0,0,2,1,0,0,0,1,0,7,1,1,1.0,0,1,0.14285714285714285,0,0,0,0,2,0,0,0,0,1,1,0.0,0.0,2.0,4.0,False,simple,0,,,2,1,0,1,0.5,False,1,1,1,0,0,0,0.0,False,1,0,0.0,1,0,0,False,0,0,0.0,0,0,0,1.0,False,0,0,0,0
156,ERC1155ReceiverMock,0x0000000000000000000004676469286895740134,data/safe_contracts/openzeppelin-contracts/contracts/mocks/token/ERC1155ReceiverMock.sol,,openzeppelin,False,False,False,False,False,False,False,False,False,False,False,False,False,False,False,False,False,False,False,False,False,False,True,True,False,0,0,8,3,0,3,0,9,0,64,4,1,6.333333333333333,0,1,0.015625,0,0,2,0,8,0,0,0,0,3,1,0.0,0.0,8.0,21.333333333333332,False,simple,0,,,36,41,0,6,1.1388888888888888,False,2,19,3,8,1,0,0.0,False,3,0,2.6666666666666665,5,3,1,True,0,13,0.0,3,0,0,1.0,False,0,0,0,0
157,ERC20VotesAdditionalCheckpointsMock,0x9999999999999999999998066163259546000595,data/safe_contracts/openzeppelin-contracts/contracts/mocks/token/ERC20VotesAdditionalCheckpointsMock.sol,,openzeppelin,False,False,False,False,False,False,False,False,False,False,False,False,False,False,False,False,False,False,False,False,False,False,False,False,False,0,0,0,0,0,0,0,0,0,0,1,0,0.0,0,0,0.0,0,0,0,0,0,0,0,0,0,0,0,0.0,0.0,0.0,0.0,False,simple,0,COMPILATION_ERROR,Compilation error: unresolved reference to identifier mcopy,0,0,0,0,0.0,False,0,0,0,0,0,0,0.0,False,0,0,0.0,0,0,0,False,0,0,0.0,0,0,0,1.0,False,0,0,0,0
158,ERC20MulticallMock,0x9999999999999999999996742972306740683006,data/safe_contracts/openzeppelin-contracts/contracts/mocks/token/ERC20MulticallMock.sol,,openzeppelin,False,False,False,False,False,False,False,False,False,False,False,False,False,False,True,False,False,False,False,False,False,False,True,True,False,0,0,40,0,0,0,0,0,0,5,12,1,0.0,0,1,0.2,0,0,2,0,22,18,0,0,0,4,2,0.0,0.0,40.0,346.0,True,simple,0,,,0,0,0,0,0.0,False,0,0,0,0,0,0,0.0,False,0,0,0.0,0,0,0,False,0,0,0.0,0,0,0,1.0,False,0,0,0,0
159,ERC20VotesLegacyMock,0x9999999999999999999991191947113008203075,data/safe_contracts/openzeppelin-contracts/contracts/mocks/token/ERC20VotesLegacyMock.sol,,openzeppelin,False,False,False,False,False,False,False,False,False,False,False,False,False,False,False,False,False,False,False,False,False,False,False,False,False,0,0,0,0,0,0,0,0,0,0,1,0,0.0,0,0,0.0,0,0,0,0,0,0,0,0,0,0,0,0.0,0.0,0.0,0.0,False,simple,0,COMPILATION_ERROR,Compilation error: unresolved reference to identifier mcopy,0,0,0,0,0.0,False,0,0,0,0,0,0,0.0,False,0,0,0.0,0,0,0,False,0,0,0.0,0,0,0,1.0,False,0,0,0,0
160,ERC20ForceApproveMock,0x9999999999999999999992285451388220835120,data/safe_contracts/openzeppelin-contracts/contracts/mocks/token/ERC20ForceApproveMock.sol,,openzeppelin,False,False,False,False,False,False,False,False,False,False,False,False,False,False,False,False,False,False,False,False,False,False,True,True,False,0,0,12,1,0,0,0,1,0,10,8,1,1.0,0,2,0.2,0,0,2,0,8,4,0,0,0,3,1,0.0,0.0,12.0,43.2,False,simple,0,,,3,2,0,2,0.6666666666666666,False,1,1,1,3,1,0,0.0,True,1,0,3.0,2,0,0,False,0,2,0.0,1,0,0,1.0,False,0,0,0,0
161,ERC721ConsecutiveMock,0x9999999999999999999997724367899607543649,data/safe_contracts/openzeppelin-contracts/contracts/mocks/token/ERC721ConsecutiveMock.sol,,openzeppelin,False,False,False,False,False,False,False,False,False,False,False,False,False,False,False,False,False,False,False,False,False,False,False,False,False,0,0,0,0,0,0,0,0,0,0,1,0,0.0,0,0,0.0,0,0,0,0,0,0,0,0,0,0,0,0.0,0.0,0.0,0.0,False,simple,0,COMPILATION_ERROR,Compilation error: unresolved reference to identifier mcopy,0,0,0,0,0.0,False,0,0,0,0,0,0,0.0,False,0,0,0.0,0,0,0,False,0,0,0.0,0,0,0,1.0,False,0,0,0,0
162,ERC20NoReturnMock,0x0000000000000000000006880982482435028026,data/safe_contracts/openzeppelin-contracts/contracts/mocks/token/ERC20NoReturnMock.sol,,openzeppelin,False,False,False,False,False,False,False,False,False,False,False,False,False,False,True,False,False,False,False,False,False,False,True,True,False,0,0,15,3,0,0,0,1,0,25,8,1,1.0,0,3,0.12,0,0,2,0,11,4,0,0,0,4,2,0.0,0.0,15.0,51.75,False,simple,0,,,15,12,0,4,0.8,False,0,3,3,6,1,0,0.0,True,3,0,2.0,1,0,0,False,0,7,0.0,3,0,0,1.0,False,0,0,0,0
163,ERC721URIStorageMock,0x9999999999999999999998417678694528948384,data/safe_contracts/openzeppelin-contracts/contracts/mocks/token/ERC721URIStorageMock.sol,,openzeppelin,False,False,False,False,False,False,False,False,False,False,False,False,False,False,False,False,False,False,False,False,False,False,False,False,False,0,0,0,0,0,0,0,0,0,0,1,0,0.0,0,0,0.0,0,0,0,0,0,0,0,0,0,0,0,0.0,0.0,0.0,0.0,False,simple,0,COMPILATION_ERROR,Compilation error: unresolved reference to identifier mcopy,0,0,0,0,0.0,False,0,0,0,0,0,0,0.0,False,0,0,0.0,0,0,0,False,0,0,0.0,0,0,0,1.0,False,0,0,0,0
164,ERC1363ReturnFalseMock,0x0000000000000000000001117235502841180291,data/safe_contracts/openzeppelin-contracts/contracts/mocks/token/ERC1363ReturnFalseMock.sol,,openzeppelin,False,False,False,False,False,False,False,False,False,False,False,False,False,False,True,False,False,False,False,False,False,False,True,True,False,0,0,23,3,0,0,0,1,0,26,16,1,1.0,0,1,0.038461538461538464,0,0,3,0,19,4,0,0,0,4,2,0.0,0.0,23.0,125.35,True,simple,0,,,6,3,0,1,0.5,False,3,3,3,0,0,0,0.0,False,3,0,0.0,3,0,0,False,0,10,0.0,3,0,0,1.0,False,0,0,0,0
165,ERC20BridgeableMock,0x9999999999999999999999574123753463107569,data/safe_contracts/openzeppelin-contracts/contracts/mocks/token/ERC20BridgeableMock.sol,,openzeppelin,False,False,False,False,False,False,False,False,False,False,False,False,False,False,False,False,False,False,False,False,False,False,True,True,False,0,0,16,4,0,1,0,3,0,22,12,1,1.5,0,1,0.045454545454545456,0,0,3,0,13,3,0,0,0,3,1,0.0,0.0,16.0,80.53333333333333,False,simple,0,,,11,8,0,2,0.7272727272727273,False,0,6,4,3,1,0,0.0,False,1,3,0.75,3,1,1,True,0,3,0.0,3,0,0,1.0,False,0,0,0,0
166,ERC20DecimalsMock,0x0000000000000000000004014620728393242362,data/safe_contracts/openzeppelin-contracts/contracts/mocks/token/ERC20DecimalsMock.sol,,openzeppelin,False,False,False,False,False,False,False,False,False,False,False,False,False,False,False,False,False,False,False,False,False,False,True,True,False,0,0,12,2,0,1,0,1,0,12,8,1,1.0,0,1,0.08333333333333333,0,0,2,0,8,4,0,0,0,3,1,0.0,0.0,12.0,43.2,False,simple,0,,,4,2,0,1,0.5,False,1,2,2,0,0,0,0.0,False,1,1,0.0,2,1,1,True,0,1,0.0,1,0,0,1.0,False,0,0,0,0
167,ERC1363SpenderMock,0x0000000000000000000005057900950311662910,data/safe_contracts/openzeppelin-contracts/contracts/mocks/token/ERC1363SpenderMock.sol,,openzeppelin,False,False,False,False,False,False,False,False,False,False,False,False,False,False,False,False,False,False,False,False,False,False,True,True,False,0,0,5,3,0,2,0,9,0,38,2,1,3.6666666666666665,0,1,0.02631578947368421,0,0,1,0,5,0,0,0,0,3,1,0.0,0.0,5.0,8.333333333333334,False,simple,0,,,22,23,0,6,1.0454545454545454,False,1,11,3,3,1,0,0.0,False,3,0,1.0,5,2,1,True,0,5,0.0,2,0,0,1.0,False,0,0,0,0
168,ERC4626OffsetMock,0x0000000000000000000000422342281931496222,data/safe_contracts/openzeppelin-contracts/contracts/mocks/token/ERC4626OffsetMock.sol,,openzeppelin,False,False,False,False,False,False,False,False,False,False,False,False,False,False,False,False,False,False,False,False,False,False,False,False,False,0,0,0,0,0,0,0,0,0,0,1,0,0.0,0,0,0.0,0,0,0,0,0,0,0,0,0,0,0,0.0,0.0,0.0,0.0,False,simple,0,COMPILATION_ERROR,Compilation error: unresolved reference to identifier mcopy,0,0,0,0,0.0,False,0,0,0,0,0,0,0.0,False,0,0,0.0,0,0,0,False,0,0,0.0,0,0,0,1.0,False,0,0,0,0
169,ERC20Mock,0x9999999999999999999990946730265602788005,data/safe_contracts/openzeppelin-contracts/contracts/mocks/token/ERC20Mock.sol,,openzeppelin,False,False,False,False,False,False,False,False,False,False,False,False,False,False,False,False,False,False,False,False,False,False,True,True,False,0,0,10,3,0,0,0,1,0,12,8,1,1.0,0,1,0.08333333333333333,0,0,2,0,8,2,0,0,0,3,1,0.0,0.0,10.0,31.333333333333336,False,simple,0,,,6,3,0,1,0.5,False,0,3,3,3,1,0,0.0,True,3,0,1.0,2,0,0,False,0,4,0.0,2,0,0,1.0,False,0,0,0,0
170,ERC721ReceiverMock,0x0000000000000000000000037535052781275173,data/safe_contracts/openzeppelin-contracts/contracts/mocks/token/ERC721ReceiverMock.sol,,openzeppelin,False,False,False,False,False,False,False,False,False,False,False,False,False,False,False,False,False,False,False,False,False,False,True,True,False,0,0,5,2,0,2,0,9,0,39,2,1,5.0,0,1,0.02564102564102564,0,0,1,0,5,0,0,0,0,3,1,0.0,0.0,5.0,8.333333333333334,False,simple,0,,,19,21,0,6,1.105263157894737,False,1,10,2,4,1,0,0.0,False,2,0,2.0,5,2,1,True,0,6,0.0,2,0,0,1.0,False,0,0,0,0
171,ERC4646FeesMock,0x9999999999999999999999441435670883484018,data/safe_contracts/openzeppelin-contracts/contracts/mocks/token/ERC4646FeesMock.sol,,openzeppelin,False,False,False,False,False,False,False,False,False,False,False,False,False,False,False,False,False,False,False,False,False,False,False,False,False,0,0,0,0,0,0,0,0,0,0,1,0,0.0,0,0,0.0,0,0,0,0,0,0,0,0,0,0,0,0.0,0.0,0.0,0.0,False,simple,0,COMPILATION_ERROR,Compilation error: unresolved reference to identifier mcopy,0,0,0,0,0.0,False,0,0,0,0,0,0,0.0,False,0,0,0.0,0,0,0,False,0,0,0.0,0,0,0,1.0,False,0,0,0,0
172,ERC4626LimitsMock,0x0000000000000000000007650740355942731390,data/safe_contracts/openzeppelin-contracts/contracts/mocks/token/ERC4626LimitsMock.sol,,openzeppelin,False,False,False,False,False,False,False,False,False,False,False,False,False,False,False,False,False,False,False,False,False,False,False,False,False,0,0,0,0,0,0,0,0,0,0,1,0,0.0,0,0,0.0,0,0,0,0,0,0,0,0,0,0,0,0.0,0.0,0.0,0.0,False,simple,0,COMPILATION_ERROR,Compilation error: unresolved reference to identifier mcopy,0,0,0,0,0.0,False,0,0,0,0,0,0,0.0,False,0,0,0.0,0,0,0,False,0,0,0.0,0,0,0,1.0,False,0,0,0,0
173,ERC1363ForceApproveMock,0x9999999999999999999991730558516353710518,data/safe_contracts/openzeppelin-contracts/contracts/mocks/token/ERC1363ForceApproveMock.sol,,openzeppelin,False,False,False,False,False,False,False,False,False,False,False,False,False,False,True,False,False,False,False,False,False,False,True,True,False,0,0,23,1,0,0,0,1,0,10,15,1,1.0,0,2,0.2,0,0,3,0,19,4,0,0,0,4,2,0.0,0.0,23.0,125.35,True,simple,0,,,3,2,0,2,0.6666666666666666,False,1,1,1,3,1,0,0.0,True,1,0,3.0,2,0,0,False,0,3,0.0,1,0,0,1.0,False,0,0,0,0
174,ERC20VotesTimestampMock,0x0000000000000000000004927911038678667971,data/safe_contracts/openzeppelin-contracts/contracts/mocks/token/ERC20VotesTimestampMock.sol,,openzeppelin,False,False,False,False,False,False,False,False,False,False,False,False,False,False,False,False,False,False,False,False,False,False,False,False,False,0,0,0,0,0,0,0,0,0,0,1,0,0.0,0,0,0.0,0,0,0,0,0,0,0,0,0,0,0,0.0,0.0,0.0,0.0,False,simple,0,COMPILATION_ERROR,Compilation error: unresolved reference to identifier mcopy,0,0,0,0,0.0,False,0,0,0,0,0,0,0.0,False,0,0,0.0,0,0,0,False,0,0,0.0,0,0,0,1.0,False,0,0,0,0
175,ERC20Reentrant,0x9999999999999999999992993404174388922962,data/safe_contracts/openzeppelin-contracts/contracts/mocks/token/ERC20Reentrant.sol,,openzeppelin,False,False,False,False,False,False,False,False,False,False,False,False,False,False,True,False,False,False,False,False,False,False,True,True,False,0,0,39,3,1,3,0,5,0,33,11,1,2.3333333333333335,0,1,0.030303030303030304,0,1,2,0,21,18,0,0,0,5,2,0.0,0.0,39.0,262.08,True,simple,0,,,16,15,0,6,0.9375,False,1,7,3,2,0,1,0.3333333333333333,True,2,1,0.6666666666666666,2,3,3,True,1,8,3.0,3,0,0,1.0,False,0,0,0,0
176,ERC1363ReceiverMock,0x9999999999999999999998206450009663758968,data/safe_contracts/openzeppelin-contracts/contracts/mocks/token/ERC1363ReceiverMock.sol,,openzeppelin,False,False,False,False,False,False,False,False,False,False,False,False,False,False,False,False,False,False,False,False,False,False,True,True,False,0,0,5,3,0,2,0,9,0,43,2,1,3.6666666666666665,0,1,0.023255813953488372,0,0,1,0,5,0,0,0,0,3,1,0.0,0.0,5.0,8.333333333333334,False,simple,0,,,22,23,0,6,1.0454545454545454,False,1,11,3,3,1,0,0.0,False,3,0,1.0,5,2,1,True,0,6,0.0,2,0,0,1.0,False,0,0,0,0
177,ERC4626Mock,0x0000000000000000000002696149572697734745,data/safe_contracts/openzeppelin-contracts/contracts/mocks/token/ERC4626Mock.sol,,openzeppelin,False,False,False,False,False,False,False,False,False,False,False,False,False,False,False,False,False,False,False,False,False,False,False,False,False,0,0,0,0,0,0,0,0,0,0,1,0,0.0,0,0,0.0,0,0,0,0,0,0,0,0,0,0,0,0.0,0.0,0.0,0.0,False,simple,0,COMPILATION_ERROR,Compilation error: unresolved reference to identifier mcopy,0,0,0,0,0.0,False,0,0,0,0,0,0,0.0,False,0,0,0.0,0,0,0,False,0,0,0.0,0,0,0,1.0,False,0,0,0,0
178,ERC20FlashMintMock,0x9999999999999999999991901828850006746883,data/safe_contracts/openzeppelin-contracts/contracts/mocks/token/ERC20FlashMintMock.sol,,openzeppelin,False,False,False,False,False,True,True,False,False,False,False,False,False,False,False,False,False,False,False,False,False,False,True,True,False,0,0,18,4,0,2,0,1,0,19,11,1,1.0,0,1,0.05263157894736842,0,0,2,0,11,7,0,0,0,6,2,0.0,0.0,18.0,47.7,False,simple,0,,,8,4,0,1,0.5,False,2,4,4,0,0,0,0.0,False,2,2,0.0,4,2,2,True,0,4,0.0,3,0,0,1.0,False,0,0,0,0
179,ERC721ConsecutiveEnumerableMock,0x0000000000000000000004407424602658405951,data/safe_contracts/openzeppelin-contracts/contracts/mocks/token/ERC721ConsecutiveEnumerableMock.sol,,openzeppelin,False,False,False,False,False,False,False,False,False,False,False,False,False,False,False,False,False,False,False,False,False,False,False,False,False,0,0,0,0,0,0,0,0,0,0,1,0,0.0,0,0,0.0,0,0,0,0,0,0,0,0,0,0,0,0.0,0.0,0.0,0.0,False,simple,0,COMPILATION_ERROR,Compilation error: unresolved reference to identifier mcopy,0,0,0,0,0.0,False,0,0,0,0,0,0,0.0,False,0,0,0.0,0,0,0,False,0,0,0.0,0,0,0,1.0,False,0,0,0,0
180,ERC20ReturnFalseMock,0x0000000000000000000006683513859820523102,data/safe_contracts/openzeppelin-contracts/contracts/mocks/token/ERC20ReturnFalseMock.sol,,openzeppelin,False,False,False,False,False,False,False,False,False,False,False,False,False,False,False,False,False,False,False,False,False,False,True,True,False,0,0,18,3,0,0,0,1,0,14,8,1,1.0,0,1,0.07142857142857142,0,0,2,0,8,10,0,0,0,3,1,0.0,0.0,18.0,90.0,False,simple,0,,,6,3,0,1,0.5,False,3,3,3,0,0,0,0.0,False,3,0,0.0,3,0,0,False,0,7,0.0,3,0,0,1.0,False,0,0,0,0
181,ERC20GetterHelper,0x9999999999999999999996936874500570342708,data/safe_contracts/openzeppelin-contracts/contracts/mocks/token/ERC20GetterHelper.sol,,openzeppelin,False,False,False,False,False,False,False,False,False,False,False,False,False,False,False,False,False,False,False,False,False,False,True,True,False,0,0,5,6,6,0,0,1,0,30,3,1,1.0,0,1,0.03333333333333333,0,0,0,0,5,0,0,0,0,2,1,0.0,0.0,5.0,12.5,False,simple,0,,,12,6,0,1,0.5,False,0,6,6,0,0,6,1.0,False,6,0,0.0,6,0,6,False,0,9,0.0,6,0,0,1.0,False,0,0,0,0
182,UUPSUpgradeableMock,0x0000000000000000000002170165955662770706,data/safe_contracts/openzeppelin-contracts/contracts/mocks/proxy/UUPSUpgradeableMock.sol,,openzeppelin,False,False,False,False,False,False,False,False,False,False,False,False,False,False,True,False,False,False,False,False,False,True,True,True,False,0,2,65,2,0,0,0,1,0,27,13,1,1.0,0,2,0.07407407407407407,0,0,2,0,33,34,0,2,0,7,3,0.0,0.0,75.0,608.5714285714286,True,simple,0,,,2,0,0,0,0.0,False,0,2,2,0,0,0,0.0,False,0,2,0.0,2,0,0,False,0,1,0.0,1,0,0,1.0,False,0,0,0,0
183,BadBeacon,0x0000000000000000000006016426838341317352,data/safe_contracts/openzeppelin-contracts/contracts/mocks/proxy/BadBeacon.sol,,openzeppelin,False,False,False,False,False,False,False,False,False,False,False,False,False,False,False,False,False,False,False,False,False,False,True,False,False,0,0,2,0,0,0,0,0,0,8,2,1,0.0,0,1,0.125,0,0,0,0,2,0,0,0,0,1,1,0.0,0.0,2.0,4.0,False,simple,0,,,0,0,0,0,0.0,False,0,0,0,0,0,0,0.0,False,0,0,0.0,0,0,0,False,0,0,0.0,0,0,0,1.0,False,0,0,0,0
184,ClashingImplementation,0x0000000000000000000005702300225826381974,data/safe_contracts/openzeppelin-contracts/contracts/mocks/proxy/ClashingImplementation.sol,,openzeppelin,False,False,False,False,False,False,False,False,False,False,False,False,False,False,False,True,False,False,False,False,False,False,True,False,False,0,1,2,2,0,0,0,1,0,15,1,1,1.0,0,5,0.3333333333333333,1,0,0,0,3,0,0,1,0,2,2,0.0,0.0,7.0,10.5,False,simple,0,,,4,2,0,1,0.5,False,1,2,2,0,0,0,0.0,False,2,0,0.0,2,0,0,False,0,2,0.0,1,0,0,1.0,False,0,0,0,0
185,ERC1967ProxyUnsafe,0x9999999999999999999998178454031097724672,data/safe_contracts/openzeppelin-contracts/contracts/mocks/proxy/ERC1967ProxyUnsafe.sol,,openzeppelin,False,False,False,False,False,False,False,False,False,False,False,False,False,False,True,False,False,False,False,False,False,True,True,True,False,0,2,61,2,0,0,0,1,0,9,10,1,1.0,0,1,0.1111111111111111,1,0,2,0,32,31,0,2,0,5,3,0.0,0.0,71.0,762.54,True,simple,0,,,4,2,0,1,0.5,False,1,2,2,1,0,0,0.0,True,1,1,0.5,1,0,0,False,0,2,0.0,1,0,0,1.0,False,0,0,0,0
186,CompTimelock,0x0000000000000000000001802780133469425326,data/safe_contracts/openzeppelin-contracts/contracts/mocks/compound/CompTimelock.sol,,openzeppelin,False,False,True,True,False,False,True,False,False,False,False,False,False,False,False,False,False,False,False,False,False,False,True,False,False,0,0,9,10,5,7,0,3,1,145,1,1,1.2,0,27,0.18620689655172415,2,0,0,0,3,6,0,0,0,5,4,0.0,0.0,9.0,12.96,True,moderate,1,,,56,47,0,16,0.8392857142857143,False,3,12,10,16,1,5,0.23809523809523808,False,8,2,1.6,7,7,6,True,1,19,6.0,6,0,1,1.0,False,0,1,0,0
187,ERC20WithAutoMinerReward,0x9999999999999999999997293120692052068302,data/safe_contracts/openzeppelin-contracts/contracts/mocks/docs/ERC20WithAutoMinerReward.sol,,openzeppelin,False,False,False,False,False,False,False,False,False,False,False,False,False,False,False,False,False,False,False,False,False,False,True,True,False,0,0,11,3,0,0,0,3,0,17,8,1,1.6666666666666667,0,1,0.058823529411764705,0,0,2,0,8,3,0,0,0,3,1,0.0,0.0,11.0,37.03333333333333,False,simple,0,,,10,8,0,3,0.8,False,0,5,3,5,2,0,0.0,True,1,2,1.6666666666666667,1,0,0,False,0,3,0.0,1,0,0,1.0,False,0,0,0,0
188,AccessManagerEnumerable,0x9999999999999999999996894502746661325340,data/safe_contracts/openzeppelin-contracts/contracts/mocks/docs/AccessManagerEnumerable.sol,,openzeppelin,False,False,False,False,False,False,False,False,False,False,False,False,False,False,False,False,False,False,False,False,False,False,False,False,False,0,0,0,0,0,0,0,0,0,0,1,0,0.0,0,0,0.0,0,0,0,0,0,0,0,0,0,0,0,0.0,0.0,0.0,0.0,False,simple,0,COMPILATION_ERROR,Compilation error: unresolved reference to identifier mcopy,0,0,0,0,0.0,False,0,0,0,0,0,0,0.0,False,0,0,0.0,0,0,0,False,0,0,0.0,0,0,0,1.0,False,0,0,0,0
189,MyNFT,0x9999999999999999999991357263918995752426,data/safe_contracts/openzeppelin-contracts/contracts/mocks/docs/MyNFT.sol,,openzeppelin,False,False,False,False,False,False,False,False,False,False,False,False,False,False,False,False,False,False,False,False,False,False,False,False,False,0,0,0,0,0,0,0,0,0,0,1,0,0.0,0,0,0.0,0,0,0,0,0,0,0,0,0,0,0,0.0,0.0,0.0,0.0,False,simple,0,COMPILATION_ERROR,Compilation error: unresolved reference to identifier mcopy,0,0,0,0,0.0,False,0,0,0,0,0,0,0.0,False,0,0,0.0,0,0,0,False,0,0,0.0,0,0,0,1.0,False,0,0,0,0
190,ERC4626Fees,0x9999999999999999999995552929151166683683,data/safe_contracts/openzeppelin-contracts/contracts/mocks/docs/ERC4626Fees.sol,,openzeppelin,False,False,False,False,False,False,False,False,False,False,False,False,False,False,False,False,False,False,False,False,False,False,False,False,False,0,0,0,0,0,0,0,0,0,0,1,0,0.0,0,0,0.0,0,0,0,0,0,0,0,0,0,0,0,0.0,0.0,0.0,0.0,False,simple,0,COMPILATION_ERROR,Compilation error: unresolved reference to identifier mcopy,0,0,0,0,0.0,False,0,0,0,0,0,0,0.0,False,0,0,0.0,0,0,0,False,0,0,0.0,0,0,0,1.0,False,0,0,0,0
191,ERC7579Mock,0x0000000000000000000008126489341159486744,data/safe_contracts/openzeppelin-contracts/contracts/mocks/account/modules/ERC7579Mock.sol,,openzeppelin,False,False,False,False,False,False,False,False,False,False,False,False,False,False,False,False,False,False,False,False,False,False,False,False,False,0,0,0,0,0,0,0,0,0,0,1,0,0.0,0,0,0.0,0,0,0,0,0,0,0,0,0,0,0,0.0,0.0,0.0,0.0,False,simple,0,COMPILATION_ERROR,Compilation error: unresolved reference to identifier mcopy,0,0,0,0,0.0,False,0,0,0,0,0,0,0.0,False,0,0,0.0,0,0,0,False,0,0,0.0,0,0,0,1.0,False,0,0,0,0
192,ERC7579UtilsMock,0x0000000000000000000002750397721874287174,data/safe_contracts/openzeppelin-contracts/contracts/mocks/account/utils/ERC7579UtilsMock.sol,,openzeppelin,False,False,False,True,False,False,True,False,False,False,False,False,False,False,True,False,False,False,False,False,False,True,True,True,False,0,1,704,15,32,5,0,7,4,17,19,1,2.2666666666666666,0,1,0.058823529411764705,0,8,0,0,447,258,0,1,0,9,5,0.0,0.0,709.0,49440.933333333334,True,moderate,1,,,88,82,1,13,0.9318181818181818,False,8,34,15,14,0,32,0.6956521739130435,False,0,15,0.9333333333333333,10,5,11,False,14,33,0.7857142857142857,14,0,0,1.0,False,0,0,0,0
193,ERC7739Mock,0x9999999999999999999997575778481801177047,data/safe_contracts/openzeppelin-contracts/contracts/mocks/utils/cryptography/ERC7739Mock.sol,,openzeppelin,False,False,False,False,False,False,False,False,False,False,False,False,False,False,False,False,False,False,False,False,False,False,False,False,False,0,0,0,0,0,0,0,0,0,0,1,0,0.0,0,0,0.0,0,0,0,0,0,0,0,0,0,0,0,0.0,0.0,0.0,0.0,False,simple,0,COMPILATION_ERROR,Compilation error: unresolved reference to identifier mcopy,0,0,0,0,0.0,False,0,0,0,0,0,0,0.0,False,0,0,0.0,0,0,0,False,0,0,0.0,0,0,0,1.0,False,0,0,0,0
194,MyTokenTimestampBased,0x9999999999999999999999417402280512050857,data/safe_contracts/openzeppelin-contracts/contracts/mocks/docs/governance/MyTokenTimestampBased.sol,,openzeppelin,False,False,False,False,False,False,False,False,False,False,False,False,False,False,False,False,False,False,False,False,False,False,False,False,False,0,0,0,0,0,0,0,0,0,0,1,0,0.0,0,0,0.0,0,0,0,0,0,0,0,0,0,0,0,0.0,0.0,0.0,0.0,False,simple,0,COMPILATION_ERROR,Compilation error: unresolved reference to identifier mcopy,0,0,0,0,0.0,False,0,0,0,0,0,0,0.0,False,0,0,0.0,0,0,0,False,0,0,0.0,0,0,0,1.0,False,0,0,0,0
195,MyTokenWrapped,0x0000000000000000000004238662677877579841,data/safe_contracts/openzeppelin-contracts/contracts/mocks/docs/governance/MyTokenWrapped.sol,,openzeppelin,False,False,False,False,False,False,False,False,False,False,False,False,False,False,False,False,False,False,False,False,False,False,False,False,False,0,0,0,0,0,0,0,0,0,0,1,0,0.0,0,0,0.0,0,0,0,0,0,0,0,0,0,0,0,0.0,0.0,0.0,0.0,False,simple,0,COMPILATION_ERROR,Compilation error: unresolved reference to identifier mcopy,0,0,0,0,0.0,False,0,0,0,0,0,0,0.0,False,0,0,0.0,0,0,0,False,0,0,0.0,0,0,0,1.0,False,0,0,0,0
196,MyGovernor,0x0000000000000000000007371403163461534991,data/safe_contracts/openzeppelin-contracts/contracts/mocks/docs/governance/MyGovernor.sol,,openzeppelin,False,False,False,False,False,False,False,False,False,False,False,False,False,False,False,False,False,False,False,False,False,False,False,False,False,0,0,0,0,0,0,0,0,0,0,1,0,0.0,0,0,0.0,0,0,0,0,0,0,0,0,0,0,0,0.0,0.0,0.0,0.0,False,simple,0,COMPILATION_ERROR,Compilation error: unresolved reference to identifier mcopy,0,0,0,0,0.0,False,0,0,0,0,0,0,0.0,False,0,0,0.0,0,0,0,False,0,0,0.0,0,0,0,1.0,False,0,0,0,0
197,MyToken,0x9999999999999999999995003339961476979670,data/safe_contracts/openzeppelin-contracts/contracts/mocks/docs/governance/MyToken.sol,,openzeppelin,False,False,False,False,False,False,False,False,False,False,False,False,False,False,False,False,False,False,False,False,False,False,False,False,False,0,0,0,0,0,0,0,0,0,0,1,0,0.0,0,0,0.0,0,0,0,0,0,0,0,0,0,0,0,0.0,0.0,0.0,0.0,False,simple,0,COMPILATION_ERROR,Compilation error: unresolved reference to identifier mcopy,0,0,0,0,0.0,False,0,0,0,0,0,0,0.0,False,0,0,0.0,0,0,0,False,0,0,0.0,0,0,0,1.0,False,0,0,0,0
198,MyFactoryAccount,0x0000000000000000000004086918807387560481,data/safe_contracts/openzeppelin-contracts/contracts/mocks/docs/account/MyFactoryAccount.sol,,openzeppelin,False,False,False,False,False,False,False,False,False,False,False,False,False,False,True,False,False,False,False,False,False,True,True,False,False,0,2,53,3,3,1,0,3,0,30,6,1,1.6666666666666667,0,7,0.23333333333333334,0,3,0,0,24,31,0,2,0,5,3,0.0,0.0,63.0,575.8199999999999,True,simple,0,,,12,10,0,4,0.8333333333333334,False,2,5,3,6,1,3,0.3333333333333333,False,3,0,2.0,3,1,3,True,3,3,1.0,3,0,0,1.0,False,0,0,0,0
199,MyAccountEIP7702,0x9999999999999999999994802147426760992462,data/safe_contracts/openzeppelin-contracts/contracts/mocks/docs/account/MyAccountEIP7702.sol,,openzeppelin,False,False,True,True,False,False,True,False,False,False,False,False,False,False,True,False,False,False,False,False,True,True,True,True,False,1,14,865,1,0,0,0,1,0,18,37,1,1.0,0,3,0.16666666666666666,0,0,3,0,485,395,0,15,0,14,6,0.0,0.0,945.0,51401.25,True,simple,0,,,2,1,0,1,0.5,False,1,1,1,2,0,0,0.0,True,0,1,2.0,1,0,0,False,0,3,0.0,1,0,0,1.0,False,0,0,0,0
200,AccessManagedERC20MintBase,0x0000000000000000000008793090160743667873,data/safe_contracts/openzeppelin-contracts/contracts/mocks/docs/access-control/AccessManagedERC20MintBase.sol,,openzeppelin,False,False,False,False,False,True,True,False,False,False,False,False,False,False,True,False,False,False,False,False,False,False,True,True,False,0,0,19,6,2,2,1,5,0,13,13,1,2.5,0,4,0.3076923076923077,0,1,1,0,14,5,0,0,0,6,3,0.0,0.0,19.0,55.41666666666666,True,simple,0,,,32,30,0,8,0.9375,False,3,15,6,9,1,2,0.18181818181818182,False,3,3,1.5,7,2,2,True,2,5,1.0,4,0,0,1.0,False,0,0,0,0
201,AccessControlERC20MintMissing,0x9999999999999999999998778614988313372599,data/safe_contracts/openzeppelin-contracts/contracts/mocks/docs/access-control/AccessControlERC20MintMissing.sol,,openzeppelin,False,False,False,False,False,False,False,False,False,False,False,False,False,False,False,False,False,False,False,False,False,False,True,True,False,0,0,15,4,0,2,0,1,0,19,12,1,1.0,0,3,0.15789473684210525,0,0,3,0,12,3,0,0,0,3,1,0.0,0.0,15.0,70.5,False,simple,0,,,12,8,0,2,0.6666666666666666,False,0,4,4,7,1,0,0.0,True,3,1,1.75,5,2,0,True,0,4,0.0,2,0,0,1.0,False,0,0,0,0
202,AccessControlERC20MintBase,0x0000000000000000000000363889377481255578,data/safe_contracts/openzeppelin-contracts/contracts/mocks/docs/access-control/AccessControlERC20MintBase.sol,,openzeppelin,False,False,False,False,False,False,False,False,False,False,False,False,False,False,False,False,False,False,False,False,False,False,True,True,False,0,0,16,3,0,1,0,3,0,20,12,1,1.6666666666666667,0,4,0.2,0,0,3,0,12,4,0,0,0,3,1,0.0,0.0,16.0,78.93333333333334,False,simple,0,,,10,8,0,3,0.8,False,0,5,3,6,1,0,0.0,True,2,1,2.0,5,1,0,True,0,3,0.0,2,0,0,1.0,False,0,0,0,0
203,AccessControlERC20MintOnlyRole,0x9999999999999999999992598137350583798457,data/safe_contracts/openzeppelin-contracts/contracts/mocks/docs/access-control/AccessControlERC20MintOnlyRole.sol,,openzeppelin,False,False,False,False,False,False,False,False,False,False,False,False,False,False,False,False,False,False,False,False,False,False,True,True,False,0,0,15,12,0,2,1,3,0,18,12,1,1.5,0,1,0.05555555555555555,0,0,2,0,12,3,0,0,0,3,1,0.0,0.0,15.0,70.5,False,moderate,1,,,42,32,0,4,0.7619047619047619,False,7,18,12,20,2,0,0.0,True,6,6,1.6666666666666667,8,2,3,True,0,19,0.0,11,0,0,1.0,False,0,0,0,0
204,AccessControlModified,0x9999999999999999999990894043280977936452,data/safe_contracts/openzeppelin-contracts/contracts/mocks/docs/access-control/AccessControlModified.sol,,openzeppelin,False,False,False,False,False,False,False,False,False,False,False,False,False,False,False,False,False,False,False,False,False,False,True,True,False,0,0,11,2,0,0,0,1,0,11,6,1,1.0,0,3,0.2727272727272727,0,0,3,0,8,3,0,0,0,3,1,0.0,0.0,11.0,37.03333333333333,False,simple,0,,,3,1,0,1,0.3333333333333333,False,0,2,2,1,1,0,0.0,False,1,1,0.5,2,0,0,False,0,2,0.0,1,0,0,1.0,False,0,0,0,0
205,MyContractOwnable,0x0000000000000000000000748884947839363416,data/safe_contracts/openzeppelin-contracts/contracts/mocks/docs/access-control/MyContractOwnable.sol,,openzeppelin,False,False,False,False,False,False,False,False,False,False,False,False,False,False,False,False,False,False,False,False,False,False,True,False,False,0,0,6,6,0,1,1,3,0,12,3,1,2.0,0,3,0.25,0,0,1,0,4,2,0,0,0,2,1,0.0,0.0,6.0,16.2,False,simple,0,,,24,21,0,4,0.875,False,1,12,6,10,1,0,0.0,False,3,3,1.6666666666666667,6,1,1,True,0,3,0.0,3,0,0,1.0,False,0,0,0,0
206,Base64NFT,0x0000000000000000000006364945860719981394,data/safe_contracts/openzeppelin-contracts/contracts/mocks/docs/utilities/Base64NFT.sol,,openzeppelin,False,False,False,False,False,False,False,False,False,False,False,False,False,False,False,False,False,False,False,False,False,False,False,False,False,0,0,0,0,0,0,0,0,0,0,1,0,0.0,0,0,0.0,0,0,0,0,0,0,0,0,0,0,0,0.0,0.0,0.0,0.0,False,simple,0,COMPILATION_ERROR,Compilation error: unresolved reference to identifier mcopy,0,0,0,0,0.0,False,0,0,0,0,0,0,0.0,False,0,0,0.0,0,0,0,False,0,0,0.0,0,0,0,1.0,False,0,0,0,0
207,Multicall,0x9999999999999999999997948077591035055002,data/safe_contracts/openzeppelin-contracts/contracts/mocks/docs/utilities/Multicall.sol,,openzeppelin,False,False,False,False,False,False,False,False,False,False,False,False,False,False,True,False,False,False,False,False,False,False,True,False,False,0,0,33,1,4,0,0,6,0,12,6,1,6.0,0,4,0.3333333333333333,0,1,1,0,17,16,0,0,0,3,2,0.0,0.0,33.0,310.2,True,simple,0,,,13,14,1,9,1.0769230769230769,False,1,6,1,2,1,4,0.6666666666666666,False,1,0,2.0,2,0,1,False,1,1,1.0,1,0,0,1.0,False,0,0,0,0
208,ERC6909GameItems,0x0000000000000000000001898951700316264819,data/safe_contracts/openzeppelin-contracts/contracts/mocks/docs/token/ERC6909/ERC6909GameItems.sol,,openzeppelin,False,False,False,False,False,False,False,False,False,False,False,False,False,False,False,False,False,False,False,False,False,False,True,True,False,0,0,14,2,0,5,0,1,0,22,10,1,1.0,0,2,0.09090909090909091,0,0,4,0,9,5,0,0,0,3,1,0.0,0.0,14.0,58.333333333333336,False,simple,0,,,15,13,0,9,0.8666666666666667,False,0,2,2,2,1,0,0.0,False,1,1,1.0,3,5,0,True,0,0,0.0,0,0,0,1.0,False,0,0,0,0
209,GameItem,0x0000000000000000000008579912147804389583,data/safe_contracts/openzeppelin-contracts/contracts/mocks/docs/token/ERC721/GameItem.sol,,openzeppelin,False,False,False,False,False,False,False,False,False,False,False,False,False,False,False,False,False,False,False,False,False,False,False,False,False,0,0,0,0,0,0,0,0,0,0,1,0,0.0,0,0,0.0,0,0,0,0,0,0,0,0,0,0,0,0.0,0.0,0.0,0.0,False,simple,0,COMPILATION_ERROR,Compilation error: unresolved reference to identifier mcopy,0,0,0,0,0.0,False,0,0,0,0,0,0,0.0,False,0,0,0.0,0,0,0,False,0,0,0.0,0,0,0,1.0,False,0,0,0,0
210,GLDToken,0x9999999999999999999998515545764926540591,data/safe_contracts/openzeppelin-contracts/contracts/mocks/docs/token/ERC20/GLDToken.sol,,openzeppelin,False,False,False,False,False,False,False,False,False,False,False,False,False,False,False,False,False,False,False,False,False,False,True,True,False,0,0,11,1,0,0,0,1,0,9,8,1,1.0,0,2,0.2222222222222222,0,0,2,0,8,3,0,0,0,3,1,0.0,0.0,11.0,37.03333333333333,False,simple,0,,,3,2,0,2,0.6666666666666666,False,0,1,1,2,1,0,0.0,True,1,0,2.0,1,0,0,False,0,1,0.0,1,0,0,1.0,False,0,0,0,0
211,GameItems,0x9999999999999999999993597844929803109104,data/safe_contracts/openzeppelin-contracts/contracts/mocks/docs/token/ERC1155/GameItems.sol,,openzeppelin,False,False,False,False,False,False,False,False,False,False,False,False,False,False,False,False,False,False,False,False,False,False,False,False,False,0,0,0,0,0,0,0,0,0,0,1,0,0.0,0,0,0.0,0,0,0,0,0,0,0,0,0,0,0,0.0,0.0,0.0,0.0,False,simple,0,COMPILATION_ERROR,Compilation error: unresolved reference to identifier mcopy,0,0,0,0,0.0,False,0,0,0,0,0,0,0.0,False,0,0,0.0,0,0,0,False,0,0,0.0,0,0,0,1.0,False,0,0,0,0
212,MyERC115HolderContract,0x9999999999999999999990935891789748232441,data/safe_contracts/openzeppelin-contracts/contracts/mocks/docs/token/ERC1155/MyERC115HolderContract.sol,,openzeppelin,False,False,False,False,False,False,False,False,False,False,False,False,False,False,False,False,False,False,False,False,False,False,True,True,False,0,0,7,0,0,0,0,0,0,5,5,1,0.0,0,2,0.4,0,0,3,0,7,0,0,0,0,2,1,0.0,0.0,7.0,24.5,False,simple,0,,,0,0,0,0,0.0,False,0,0,0,0,0,0,0.0,False,0,0,0.0,0,0,0,False,0,0,0.0,0,0,0,1.0,False,0,0,0,0
213,VotesExtended,0x0000000000000000000005890958799004941663,data/safe_contracts/openzeppelin-contracts/contracts/governance/utils/VotesExtended.sol,,openzeppelin,False,False,False,False,False,False,False,False,False,False,False,False,False,False,False,False,False,False,False,False,False,False,False,False,False,0,0,0,0,0,0,0,0,0,0,1,0,0.0,0,0,0.0,0,0,0,0,0,0,0,0,0,0,0,0.0,0.0,0.0,0.0,False,simple,0,COMPILATION_ERROR,Compilation error: unresolved reference to identifier mcopy,0,0,0,0,0.0,False,0,0,0,0,0,0,0.0,False,0,0,0.0,0,0,0,False,0,0,0.0,0,0,0,1.0,False,0,0,0,0
214,Votes,0x0000000000000000000008127249299764236200,data/safe_contracts/openzeppelin-contracts/contracts/governance/utils/Votes.sol,,openzeppelin,False,False,False,False,False,False,False,False,False,False,False,False,False,False,False,False,False,False,False,False,False,False,False,False,False,0,0,0,0,0,0,0,0,0,0,1,0,0.0,0,0,0.0,0,0,0,0,0,0,0,0,0,0,0,0.0,0.0,0.0,0.0,False,simple,0,COMPILATION_ERROR,Compilation error: unresolved reference to identifier mcopy,0,0,0,0,0.0,False,0,0,0,0,0,0,0.0,False,0,0,0.0,0,0,0,False,0,0,0.0,0,0,0,1.0,False,0,0,0,0
215,IVotes,0x9999999999999999999995854576968890957171,data/safe_contracts/openzeppelin-contracts/contracts/governance/utils/IVotes.sol,,openzeppelin,False,False,False,False,False,False,False,False,False,False,False,False,False,False,False,False,False,False,False,False,False,False,True,False,False,0,0,2,6,0,0,0,1,0,50,1,1,1.0,0,38,0.76,0,0,0,0,2,0,0,0,0,1,1,0.0,0.0,2.0,4.0,False,simple,0,,,0,0,0,0,0.0,False,0,0,6,0,0,0,0.0,False,6,0,0.0,6,0,0,False,0,12,0.0,6,0,0,1.0,False,0,0,0,0
216,GovernorTimelockCompound,0x9999999999999999999999867857047089259070,data/safe_contracts/openzeppelin-contracts/contracts/governance/extensions/GovernorTimelockCompound.sol,,openzeppelin,False,False,False,False,False,False,False,False,False,False,False,False,False,False,False,False,False,False,False,False,False,False,False,False,False,0,0,0,0,0,0,0,0,0,0,1,0,0.0,0,0,0.0,0,0,0,0,0,0,0,0,0,0,0,0.0,0.0,0.0,0.0,False,simple,0,COMPILATION_ERROR,Compilation error: unresolved reference to identifier mcopy,0,0,0,0,0.0,False,0,0,0,0,0,0,0.0,False,0,0,0.0,0,0,0,False,0,0,0.0,0,0,0,1.0,False,0,0,0,0
217,GovernorNoncesKeyed,0x9999999999999999999994651176255516569103,data/safe_contracts/openzeppelin-contracts/contracts/governance/extensions/GovernorNoncesKeyed.sol,,openzeppelin,False,False,False,False,False,False,False,False,False,False,False,False,False,False,False,False,False,False,False,False,False,False,False,False,False,0,0,0,0,0,0,0,0,0,0,1,0,0.0,0,0,0.0,0,0,0,0,0,0,0,0,0,0,0,0.0,0.0,0.0,0.0,False,simple,0,COMPILATION_ERROR,Compilation error: unresolved reference to identifier mcopy,0,0,0,0,0.0,False,0,0,0,0,0,0,0.0,False,0,0,0.0,0,0,0,False,0,0,0.0,0,0,0,1.0,False,0,0,0,0
218,GovernorVotesQuorumFraction,0x0000000000000000000002485170246013823864,data/safe_contracts/openzeppelin-contracts/contracts/governance/extensions/GovernorVotesQuorumFraction.sol,,openzeppelin,False,False,False,False,False,False,False,False,False,False,False,False,False,False,False,False,False,False,False,False,False,False,False,False,False,0,0,0,0,0,0,0,0,0,0,1,0,0.0,0,0,0.0,0,0,0,0,0,0,0,0,0,0,0,0.0,0.0,0.0,0.0,False,simple,0,COMPILATION_ERROR,Compilation error: unresolved reference to identifier mcopy,0,0,0,0,0.0,False,0,0,0,0,0,0,0.0,False,0,0,0.0,0,0,0,False,0,0,0.0,0,0,0,1.0,False,0,0,0,0
219,GovernorVotes,0x9999999999999999999998975626668228399991,data/safe_contracts/openzeppelin-contracts/contracts/governance/extensions/GovernorVotes.sol,,openzeppelin,False,False,False,False,False,False,False,False,False,False,False,False,False,False,False,False,False,False,False,False,False,False,False,False,False,0,0,0,0,0,0,0,0,0,0,1,0,0.0,0,0,0.0,0,0,0,0,0,0,0,0,0,0,0,0.0,0.0,0.0,0.0,False,simple,0,COMPILATION_ERROR,Compilation error: unresolved reference to identifier mcopy,0,0,0,0,0.0,False,0,0,0,0,0,0,0.0,False,0,0,0.0,0,0,0,False,0,0,0.0,0,0,0,1.0,False,0,0,0,0
220,GovernorTimelockAccess,0x0000000000000000000003432080275156859904,data/safe_contracts/openzeppelin-contracts/contracts/governance/extensions/GovernorTimelockAccess.sol,,openzeppelin,False,False,False,False,False,False,False,False,False,False,False,False,False,False,False,False,False,False,False,False,False,False,False,False,False,0,0,0,0,0,0,0,0,0,0,1,0,0.0,0,0,0.0,0,0,0,0,0,0,0,0,0,0,0,0.0,0.0,0.0,0.0,False,simple,0,COMPILATION_ERROR,Compilation error: unresolved reference to identifier mcopy,0,0,0,0,0.0,False,0,0,0,0,0,0,0.0,False,0,0,0.0,0,0,0,False,0,0,0.0,0,0,0,1.0,False,0,0,0,0
221,GovernorCountingOverridable,0x9999999999999999999993668608686446108584,data/safe_contracts/openzeppelin-contracts/contracts/governance/extensions/GovernorCountingOverridable.sol,,openzeppelin,False,False,False,False,False,False,False,False,False,False,False,False,False,False,False,False,False,False,False,False,False,False,False,False,False,0,0,0,0,0,0,0,0,0,0,1,0,0.0,0,0,0.0,0,0,0,0,0,0,0,0,0,0,0,0.0,0.0,0.0,0.0,False,simple,0,COMPILATION_ERROR,Compilation error: unresolved reference to identifier mcopy,0,0,0,0,0.0,False,0,0,0,0,0,0,0.0,False,0,0,0.0,0,0,0,False,0,0,0.0,0,0,0,1.0,False,0,0,0,0
222,GovernorSuperQuorum,0x9999999999999999999995319837174510422684,data/safe_contracts/openzeppelin-contracts/contracts/governance/extensions/GovernorSuperQuorum.sol,,openzeppelin,False,False,False,False,False,False,False,False,False,False,False,False,False,False,False,False,False,False,False,False,False,False,False,False,False,0,0,0,0,0,0,0,0,0,0,1,0,0.0,0,0,0.0,0,0,0,0,0,0,0,0,0,0,0,0.0,0.0,0.0,0.0,False,simple,0,COMPILATION_ERROR,Compilation error: unresolved reference to identifier mcopy,0,0,0,0,0.0,False,0,0,0,0,0,0,0.0,False,0,0,0.0,0,0,0,False,0,0,0.0,0,0,0,1.0,False,0,0,0,0
223,GovernorPreventLateQuorum,0x9999999999999999999998150559561737506416,data/safe_contracts/openzeppelin-contracts/contracts/governance/extensions/GovernorPreventLateQuorum.sol,,openzeppelin,False,False,False,False,False,False,False,False,False,False,False,False,False,False,False,False,False,False,False,False,False,False,False,False,False,0,0,0,0,0,0,0,0,0,0,1,0,0.0,0,0,0.0,0,0,0,0,0,0,0,0,0,0,0,0.0,0.0,0.0,0.0,False,simple,0,COMPILATION_ERROR,Compilation error: unresolved reference to identifier mcopy,0,0,0,0,0.0,False,0,0,0,0,0,0,0.0,False,0,0,0.0,0,0,0,False,0,0,0.0,0,0,0,1.0,False,0,0,0,0
224,GovernorTimelockControl,0x9999999999999999999998376092715698082264,data/safe_contracts/openzeppelin-contracts/contracts/governance/extensions/GovernorTimelockControl.sol,,openzeppelin,False,False,False,False,False,False,False,False,False,False,False,False,False,False,False,False,False,False,False,False,False,False,False,False,False,0,0,0,0,0,0,0,0,0,0,1,0,0.0,0,0,0.0,0,0,0,0,0,0,0,0,0,0,0,0.0,0.0,0.0,0.0,False,simple,0,COMPILATION_ERROR,Compilation error: unresolved reference to identifier mcopy,0,0,0,0,0.0,False,0,0,0,0,0,0,0.0,False,0,0,0.0,0,0,0,False,0,0,0.0,0,0,0,1.0,False,0,0,0,0
225,GovernorSettings,0x0000000000000000000004116510959377070473,data/safe_contracts/openzeppelin-contracts/contracts/governance/extensions/GovernorSettings.sol,,openzeppelin,False,False,False,False,False,False,False,False,False,False,False,False,False,False,False,False,False,False,False,False,False,False,False,False,False,0,0,0,0,0,0,0,0,0,0,1,0,0.0,0,0,0.0,0,0,0,0,0,0,0,0,0,0,0,0.0,0.0,0.0,0.0,False,simple,0,COMPILATION_ERROR,Compilation error: unresolved reference to identifier mcopy,0,0,0,0,0.0,False,0,0,0,0,0,0,0.0,False,0,0,0.0,0,0,0,False,0,0,0.0,0,0,0,1.0,False,0,0,0,0
226,GovernorProposalGuardian,0x0000000000000000000002145459716831537928,data/safe_contracts/openzeppelin-contracts/contracts/governance/extensions/GovernorProposalGuardian.sol,,openzeppelin,False,False,False,False,False,False,False,False,False,False,False,False,False,False,False,False,False,False,False,False,False,False,False,False,False,0,0,0,0,0,0,0,0,0,0,1,0,0.0,0,0,0.0,0,0,0,0,0,0,0,0,0,0,0,0.0,0.0,0.0,0.0,False,simple,0,COMPILATION_ERROR,Compilation error: unresolved reference to identifier mcopy,0,0,0,0,0.0,False,0,0,0,0,0,0,0.0,False,0,0,0.0,0,0,0,False,0,0,0.0,0,0,0,1.0,False,0,0,0,0
227,GovernorCountingSimple,0x0000000000000000000008026738256917485684,data/safe_contracts/openzeppelin-contracts/contracts/governance/extensions/GovernorCountingSimple.sol,,openzeppelin,False,False,False,False,False,False,False,False,False,False,False,False,False,False,False,False,False,False,False,False,False,False,False,False,False,0,0,0,0,0,0,0,0,0,0,1,0,0.0,0,0,0.0,0,0,0,0,0,0,0,0,0,0,0,0.0,0.0,0.0,0.0,False,simple,0,COMPILATION_ERROR,Compilation error: unresolved reference to identifier mcopy,0,0,0,0,0.0,False,0,0,0,0,0,0,0.0,False,0,0,0.0,0,0,0,False,0,0,0.0,0,0,0,1.0,False,0,0,0,0
228,GovernorCountingFractional,0x9999999999999999999997655825688849192482,data/safe_contracts/openzeppelin-contracts/contracts/governance/extensions/GovernorCountingFractional.sol,,openzeppelin,False,False,False,False,False,False,False,False,False,False,False,False,False,False,False,False,False,False,False,False,False,False,False,False,False,0,0,0,0,0,0,0,0,0,0,1,0,0.0,0,0,0.0,0,0,0,0,0,0,0,0,0,0,0,0.0,0.0,0.0,0.0,False,simple,0,COMPILATION_ERROR,Compilation error: unresolved reference to identifier mcopy,0,0,0,0,0.0,False,0,0,0,0,0,0,0.0,False,0,0,0.0,0,0,0,False,0,0,0.0,0,0,0,1.0,False,0,0,0,0
229,GovernorVotesSuperQuorumFraction,0x0000000000000000000007035784562981282071,data/safe_contracts/openzeppelin-contracts/contracts/governance/extensions/GovernorVotesSuperQuorumFraction.sol,,openzeppelin,False,False,False,False,False,False,False,False,False,False,False,False,False,False,False,False,False,False,False,False,False,False,False,False,False,0,0,0,0,0,0,0,0,0,0,1,0,0.0,0,0,0.0,0,0,0,0,0,0,0,0,0,0,0,0.0,0.0,0.0,0.0,False,simple,0,COMPILATION_ERROR,Compilation error: unresolved reference to identifier mcopy,0,0,0,0,0.0,False,0,0,0,0,0,0,0.0,False,0,0,0.0,0,0,0,False,0,0,0.0,0,0,0,1.0,False,0,0,0,0
230,GovernorStorage,0x0000000000000000000007036031466417112554,data/safe_contracts/openzeppelin-contracts/contracts/governance/extensions/GovernorStorage.sol,,openzeppelin,False,False,False,False,False,False,False,False,False,False,False,False,False,False,False,False,False,False,False,False,False,False,False,False,False,0,0,0,0,0,0,0,0,0,0,1,0,0.0,0,0,0.0,0,0,0,0,0,0,0,0,0,0,0,0.0,0.0,0.0,0.0,False,simple,0,COMPILATION_ERROR,Compilation error: unresolved reference to identifier mcopy,0,0,0,0,0.0,False,0,0,0,0,0,0,0.0,False,0,0,0.0,0,0,0,False,0,0,0.0,0,0,0,1.0,False,0,0,0,0
231,GovernorSequentialProposalId,0x9999999999999999999998846498579224490167,data/safe_contracts/openzeppelin-contracts/contracts/governance/extensions/GovernorSequentialProposalId.sol,,openzeppelin,False,False,False,False,False,False,False,False,False,False,False,False,False,False,False,False,False,False,False,False,False,False,False,False,False,0,0,0,0,0,0,0,0,0,0,1,0,0.0,0,0,0.0,0,0,0,0,0,0,0,0,0,0,0,0.0,0.0,0.0,0.0,False,simple,0,COMPILATION_ERROR,Compilation error: unresolved reference to identifier mcopy,0,0,0,0,0.0,False,0,0,0,0,0,0,0.0,False,0,0,0.0,0,0,0,False,0,0,0.0,0,0,0,1.0,False,0,0,0,0
232,EIP7702Utils,0x9999999999999999999999324068984415276905,data/safe_contracts/openzeppelin-contracts/contracts/account/utils/EIP7702Utils.sol,,openzeppelin,False,False,False,False,False,False,False,False,False,False,False,False,False,False,False,False,False,False,False,False,False,False,True,False,False,0,0,3,2,0,1,0,2,0,18,1,1,1.5,0,10,0.5555555555555556,0,0,0,0,2,1,0,0,0,2,1,0.0,0.0,3.0,4.05,False,simple,0,,,6,4,0,3,0.6666666666666666,False,2,3,2,1,0,0,0.0,False,0,2,0.5,2,1,0,True,0,1,0.0,1,0,0,1.0,False,0,0,0,0
233,draft-ERC4337Utils,0x9999999999999999999991163332169876767826,data/safe_contracts/openzeppelin-contracts/contracts/account/utils/draft-ERC4337Utils.sol,,openzeppelin,False,False,True,False,False,False,False,False,False,False,False,False,False,False,True,False,False,False,False,False,True,False,True,True,False,1,9,794,18,16,5,0,3,0,135,14,1,1.4444444444444444,0,43,0.31851851851851853,0,14,0,0,450,354,0,10,0,11,4,0.0,0.0,849.0,53857.47272727273,True,moderate,1,,,73,56,0,12,0.7671232876712328,False,22,26,18,6,0,16,0.7272727272727273,True,0,18,0.3333333333333333,13,5,12,True,2,23,6.0,17,0,0,1.0,False,0,0,0,0
234,draft-ERC7579Utils,0x9999999999999999999993564551189811244359,data/safe_contracts/openzeppelin-contracts/contracts/account/utils/draft-ERC7579Utils.sol,,openzeppelin,False,False,False,True,False,False,True,False,False,False,False,False,False,False,True,False,False,False,False,False,False,True,True,True,False,0,1,697,15,32,5,0,7,4,238,18,1,2.2666666666666666,0,59,0.24789915966386555,0,8,0,0,446,252,0,1,0,8,5,0.0,0.0,702.0,54615.6,True,complex,2,,,88,82,1,13,0.9318181818181818,False,8,34,15,14,0,32,0.6956521739130435,False,0,15,0.9333333333333333,10,5,11,False,14,33,0.7857142857142857,14,0,0,1.0,False,0,0,0,0
235,draft-ERC7821,0x0000000000000000000003400370411972932084,data/safe_contracts/openzeppelin-contracts/contracts/account/extensions/draft-ERC7821.sol,,openzeppelin,False,False,True,True,False,False,True,False,False,False,False,False,False,False,True,False,False,False,False,False,True,True,True,True,False,1,13,844,3,5,0,0,5,0,63,28,1,2.3333333333333335,0,37,0.5873015873015873,1,2,1,0,473,385,0,14,0,15,6,0.0,0.0,919.0,45490.5,True,simple,0,,,16,15,0,5,0.9375,False,2,7,3,7,2,5,0.4166666666666667,False,2,1,2.3333333333333335,6,0,2,False,1,6,2.0,3,0,0,1.0,False,0,0,0,0
236,draft-AccountERC7579Hooked,0x9999999999999999999996202876621292635157,data/safe_contracts/openzeppelin-contracts/contracts/account/extensions/draft-AccountERC7579Hooked.sol,,openzeppelin,False,False,False,False,False,False,False,False,False,False,False,False,False,False,False,False,False,False,False,False,False,False,False,False,False,0,0,0,0,0,0,0,0,0,0,1,0,0.0,0,0,0.0,0,0,0,0,0,0,0,0,0,0,0,0.0,0.0,0.0,0.0,False,simple,0,COMPILATION_ERROR,Compilation error: unresolved reference to identifier mcopy,0,0,0,0,0.0,False,0,0,0,0,0,0,0.0,False,0,0,0.0,0,0,0,False,0,0,0.0,0,0,0,1.0,False,0,0,0,0
237,draft-AccountERC7579,0x9999999999999999999998857452046797092537,data/safe_contracts/openzeppelin-contracts/contracts/account/extensions/draft-AccountERC7579.sol,,openzeppelin,False,False,False,False,False,False,False,False,False,False,False,False,False,False,False,False,False,False,False,False,False,False,False,False,False,0,0,0,0,0,0,0,0,0,0,1,0,0.0,0,0,0.0,0,0,0,0,0,0,0,0,0,0,0,0.0,0.0,0.0,0.0,False,simple,0,COMPILATION_ERROR,Compilation error: unresolved reference to identifier mcopy,0,0,0,0,0.0,False,0,0,0,0,0,0,0.0,False,0,0,0.0,0,0,0,False,0,0,0.0,0,0,0,1.0,False,0,0,0,0
238,BridgeERC20Core,0x0000000000000000000005706079032169003049,data/safe_contracts/openzeppelin-contracts/contracts/crosschain/bridges/BridgeERC20Core.sol,,openzeppelin,False,False,False,False,False,False,False,False,False,False,False,False,False,False,False,False,False,False,False,False,False,False,False,False,False,0,0,0,0,0,0,0,0,0,0,1,0,0.0,0,0,0.0,0,0,0,0,0,0,0,0,0,0,0,0.0,0.0,0.0,0.0,False,simple,0,COMPILATION_ERROR,Compilation error: unresolved reference to identifier mcopy,0,0,0,0,0.0,False,0,0,0,0,0,0,0.0,False,0,0,0.0,0,0,0,False,0,0,0.0,0,0,0,1.0,False,0,0,0,0
239,BridgeERC7802,0x9999999999999999999995421846643101233457,data/safe_contracts/openzeppelin-contracts/contracts/crosschain/bridges/BridgeERC7802.sol,,openzeppelin,False,False,False,False,False,False,False,False,False,False,False,False,False,False,False,False,False,False,False,False,False,False,False,False,False,0,0,0,0,0,0,0,0,0,0,1,0,0.0,0,0,0.0,0,0,0,0,0,0,0,0,0,0,0,0.0,0.0,0.0,0.0,False,simple,0,COMPILATION_ERROR,Compilation error: unresolved reference to identifier mcopy,0,0,0,0,0.0,False,0,0,0,0,0,0,0.0,False,0,0,0.0,0,0,0,False,0,0,0.0,0,0,0,1.0,False,0,0,0,0
240,BridgeERC20,0x9999999999999999999993842879292003163579,data/safe_contracts/openzeppelin-contracts/contracts/crosschain/bridges/BridgeERC20.sol,,openzeppelin,False,False,False,False,False,False,False,False,False,False,False,False,False,False,False,False,False,False,False,False,False,False,False,False,False,0,0,0,0,0,0,0,0,0,0,1,0,0.0,0,0,0.0,0,0,0,0,0,0,0,0,0,0,0,0.0,0.0,0.0,0.0,False,simple,0,COMPILATION_ERROR,Compilation error: unresolved reference to identifier mcopy,0,0,0,0,0.0,False,0,0,0,0,0,0,0.0,False,0,0,0.0,0,0,0,False,0,0,0.0,0,0,0,1.0,False,0,0,0,0
241,ERC6909,0x9999999999999999999995659821774972866649,data/safe_contracts/openzeppelin-contracts/contracts/token/ERC6909/ERC6909.sol,,openzeppelin,False,False,False,False,False,False,False,False,False,False,False,False,False,False,False,False,False,False,False,False,False,False,True,True,False,0,0,11,15,0,3,0,7,0,201,8,1,2.8666666666666667,0,81,0.40298507462686567,0,0,2,0,7,4,0,0,0,3,1,0.0,0.0,11.0,35.93333333333333,False,moderate,1,,,81,80,0,6,0.9876543209876543,False,8,43,15,27,3,0,0.0,True,8,7,1.8,11,3,4,True,0,45,0.0,15,0,0,1.0,False,0,0,0,0
242,ERC721,0x0000000000000000000008658945194657312998,data/safe_contracts/openzeppelin-contracts/contracts/token/ERC721/ERC721.sol,,openzeppelin,False,False,False,False,False,False,False,False,False,False,False,False,False,False,False,False,False,False,False,False,False,False,False,False,False,0,0,0,0,0,0,0,0,0,0,1,0,0.0,0,0,0.0,0,0,0,0,0,0,0,0,0,0,0,0.0,0.0,0.0,0.0,False,simple,0,COMPILATION_ERROR,Compilation error: unresolved reference to identifier mcopy,0,0,0,0,0.0,False,0,0,0,0,0,0,0.0,False,0,0,0.0,0,0,0,False,0,0,0.0,0,0,0,1.0,False,0,0,0,0
243,IERC721,0x9999999999999999999995959332537619195874,data/safe_contracts/openzeppelin-contracts/contracts/token/ERC721/IERC721.sol,,openzeppelin,False,False,False,False,False,False,False,False,False,False,False,False,False,False,False,False,False,False,False,False,False,False,True,True,False,0,0,4,9,0,0,0,1,0,121,2,1,1.0,0,105,0.8677685950413223,0,0,1,0,4,0,0,0,0,2,1,0.0,0.0,4.0,8.0,False,simple,0,,,0,0,0,0,0.0,False,0,0,9,0,0,0,0.0,False,9,0,0.0,8,0,0,False,0,19,0.0,9,0,0,1.0,False,0,0,0,0
244,IERC721Receiver,0x9999999999999999999994553869938620856276,data/safe_contracts/openzeppelin-contracts/contracts/token/ERC721/IERC721Receiver.sol,,openzeppelin,False,False,False,False,False,False,False,False,False,False,False,False,False,False,False,False,False,False,False,False,False,False,True,False,False,0,0,2,1,0,0,0,1,0,26,1,1,1.0,0,17,0.6538461538461539,0,0,0,0,2,0,0,0,0,1,1,0.0,0.0,2.0,4.0,False,simple,0,,,0,0,0,0,0.0,False,0,0,1,0,0,0,0.0,False,1,0,0.0,1,0,0,False,0,4,0.0,1,0,0,1.0,False,0,0,0,0
245,IERC20,0x9999999999999999999993296802852515913100,data/safe_contracts/openzeppelin-contracts/contracts/token/ERC20/IERC20.sol,,openzeppelin,False,False,False,False,False,False,False,False,False,False,False,False,False,False,False,False,False,False,False,False,False,False,True,False,False,0,0,2,6,0,0,0,1,0,70,1,1,1.0,0,59,0.8428571428571429,0,0,0,0,2,0,0,0,0,1,1,0.0,0.0,2.0,4.0,False,simple,0,,,0,0,0,0,0.0,False,0,0,6,0,0,0,0.0,False,6,0,0.0,6,0,0,False,0,10,0.0,5,0,0,1.0,False,0,0,0,0
246,ERC20,0x0000000000000000000007691856770119975081,data/safe_contracts/openzeppelin-contracts/contracts/token/ERC20/ERC20.sol,,openzeppelin,False,False,False,False,False,False,False,False,False,False,False,False,False,False,False,False,False,False,False,False,False,False,True,True,False,0,0,11,17,0,5,0,7,0,280,7,1,2.411764705882353,0,160,0.5714285714285714,0,0,1,0,7,4,0,0,0,3,1,0.0,0.0,11.0,35.93333333333333,False,moderate,1,,,81,76,0,7,0.9382716049382716,False,9,41,17,21,3,0,0.0,True,9,8,1.2352941176470589,14,5,3,True,0,32,0.0,13,0,0,1.0,False,0,0,0,0
247,IERC1155,0x9999999999999999999995288998664475774676,data/safe_contracts/openzeppelin-contracts/contracts/token/ERC1155/IERC1155.sol,,openzeppelin,False,False,False,False,False,False,False,False,False,False,False,False,False,False,False,False,False,False,False,False,False,False,True,True,False,0,0,4,6,0,0,0,1,0,111,2,1,1.0,0,82,0.7387387387387387,0,0,1,0,4,0,0,0,0,2,1,0.0,0.0,4.0,8.0,False,simple,0,,,0,0,0,0,0.0,False,0,0,6,0,0,0,0.0,False,6,0,0.0,6,0,0,False,0,18,0.0,6,0,0,1.0,False,0,0,0,0
248,ERC1155,0x9999999999999999999996629942253059426625,data/safe_contracts/openzeppelin-contracts/contracts/token/ERC1155/ERC1155.sol,,openzeppelin,False,False,False,False,False,False,False,False,False,False,False,False,False,False,False,False,False,False,False,False,False,False,False,False,False,0,0,0,0,0,0,0,0,0,0,1,0,0.0,0,0,0.0,0,0,0,0,0,0,0,0,0,0,0,0.0,0.0,0.0,0.0,False,simple,0,COMPILATION_ERROR,Compilation error: unresolved reference to identifier mcopy,0,0,0,0,0.0,False,0,0,0,0,0,0,0.0,False,0,0,0.0,0,0,0,False,0,0,0.0,0,0,0,1.0,False,0,0,0,0
249,IERC1155Receiver,0x9999999999999999999992908131674265426234,data/safe_contracts/openzeppelin-contracts/contracts/token/ERC1155/IERC1155Receiver.sol,,openzeppelin,False,False,False,False,False,False,False,False,False,False,False,False,False,False,False,False,False,False,False,False,False,False,True,True,False,0,0,4,2,0,0,0,1,0,55,2,1,1.0,0,37,0.6727272727272727,0,0,1,0,4,0,0,0,0,2,1,0.0,0.0,4.0,8.0,False,simple,0,,,0,0,0,0,0.0,False,0,0,2,0,0,0,0.0,False,2,0,0.0,2,0,0,False,0,10,0.0,2,0,0,1.0,False,0,0,0,0
250,ERC2981,0x0000000000000000000003091617026982073259,data/safe_contracts/openzeppelin-contracts/contracts/token/common/ERC2981.sol,,openzeppelin,False,False,False,False,False,False,False,False,False,False,False,False,False,False,False,False,False,False,False,False,False,False,True,True,False,0,0,10,7,0,2,0,5,0,119,4,1,2.4285714285714284,0,58,0.48739495798319327,0,0,2,0,6,4,0,0,0,3,1,0.0,0.0,10.0,29.333333333333336,False,simple,0,,,36,34,0,7,0.9444444444444444,False,3,17,7,9,1,0,0.0,True,2,5,1.2857142857142858,8,2,3,True,0,9,0.0,5,0,0,1.0,False,0,0,0,0
251,ERC6909TokenSupply,0x9999999999999999999996086673741339178779,data/safe_contracts/openzeppelin-contracts/contracts/token/ERC6909/extensions/ERC6909TokenSupply.sol,,openzeppelin,False,False,False,False,False,False,False,False,False,False,False,False,False,False,False,False,False,False,False,False,False,False,True,True,False,0,0,12,2,0,1,0,5,0,29,9,1,3.0,0,9,0.3103448275862069,0,0,3,0,8,4,0,0,0,3,1,0.0,0.0,12.0,43.2,False,simple,0,,,10,10,0,5,1.0,False,1,6,2,1,0,0,0.0,True,1,1,0.5,1,1,1,True,0,5,0.0,2,0,0,1.0,False,0,0,0,0
252,ERC6909Metadata,0x0000000000000000000003777620616354327229,data/safe_contracts/openzeppelin-contracts/contracts/token/ERC6909/extensions/ERC6909Metadata.sol,,openzeppelin,False,False,False,False,False,False,False,False,False,False,False,False,False,False,False,False,False,False,False,False,False,False,True,True,False,0,0,15,6,0,1,0,1,0,61,9,1,1.0,0,26,0.4262295081967213,0,0,3,0,8,7,0,0,0,3,1,0.0,0.0,15.0,64.5,False,simple,0,,,15,9,0,2,0.6,False,3,6,6,0,0,0,0.0,False,3,3,0.0,6,1,3,True,0,9,0.0,6,0,0,1.0,False,0,0,0,0
253,ERC6909ContentURI,0x9999999999999999999995280765082749652179,data/safe_contracts/openzeppelin-contracts/contracts/token/ERC6909/extensions/ERC6909ContentURI.sol,,openzeppelin,False,False,False,False,False,False,False,False,False,False,False,False,False,False,False,False,False,False,False,False,False,False,True,True,False,0,0,14,4,0,2,0,1,0,42,9,1,1.0,0,19,0.4523809523809524,0,0,3,0,8,6,0,0,0,3,1,0.0,0.0,14.0,56.93333333333334,False,simple,0,,,10,6,0,2,0.6,False,2,4,4,0,0,0,0.0,False,2,2,0.0,4,2,2,True,0,4,0.0,3,0,0,1.0,False,0,0,0,0
254,ERC721Utils,0x0000000000000000000006167407926180009956,data/safe_contracts/openzeppelin-contracts/contracts/token/ERC721/utils/ERC721Utils.sol,,openzeppelin,False,False,False,False,False,False,False,False,False,False,False,False,False,False,True,False,False,False,False,False,False,False,True,True,False,0,0,7,1,3,0,0,7,0,47,5,1,7.0,0,19,0.40425531914893614,0,0,0,0,6,1,0,0,0,4,2,0.0,0.0,7.0,11.725,False,simple,0,,,15,19,0,7,1.2666666666666666,False,0,7,1,4,0,3,0.42857142857142855,False,0,1,4.0,4,0,1,False,0,5,0.0,1,0,0,1.0,False,0,0,0,0
255,ERC721Holder,0x0000000000000000000000450281276967910206,data/safe_contracts/openzeppelin-contracts/contracts/token/ERC721/utils/ERC721Holder.sol,,openzeppelin,False,False,False,False,False,False,False,False,False,False,False,False,False,False,False,False,False,False,False,False,False,False,True,True,False,0,0,4,1,0,0,0,1,0,23,2,1,1.0,0,16,0.6956521739130435,0,0,1,0,4,0,0,0,0,2,1,0.0,0.0,4.0,8.0,False,simple,0,,,2,1,0,1,0.5,False,1,1,1,0,0,0,0.0,False,1,0,0.0,1,0,0,False,0,4,0.0,1,0,0,1.0,False,0,0,0,0
256,IERC721Enumerable,0x0000000000000000000003327543008079447213,data/safe_contracts/openzeppelin-contracts/contracts/token/ERC721/extensions/IERC721Enumerable.sol,,openzeppelin,False,False,False,False,False,False,False,False,False,False,False,False,False,False,False,False,False,False,False,False,False,False,True,True,False,0,0,5,3,0,0,0,1,0,24,3,1,1.0,0,17,0.7083333333333334,0,0,2,0,5,0,0,0,0,2,1,0.0,0.0,5.0,12.5,False,simple,0,,,0,0,0,0,0.0,False,0,0,3,0,0,0,0.0,False,3,0,0.0,3,0,0,False,0,3,0.0,2,0,0,1.0,False,0,0,0,0
257,ERC721Royalty,0x0000000000000000000007557865863279918872,data/safe_contracts/openzeppelin-contracts/contracts/token/ERC721/extensions/ERC721Royalty.sol,,openzeppelin,False,False,False,False,False,False,False,False,False,False,False,False,False,False,False,False,False,False,False,False,False,False,False,False,False,0,0,0,0,0,0,0,0,0,0,1,0,0.0,0,0,0.0,0,0,0,0,0,0,0,0,0,0,0,0.0,0.0,0.0,0.0,False,simple,0,COMPILATION_ERROR,Compilation error: unresolved reference to identifier mcopy,0,0,0,0,0.0,False,0,0,0,0,0,0,0.0,False,0,0,0.0,0,0,0,False,0,0,0.0,0,0,0,1.0,False,0,0,0,0
258,ERC721Votes,0x0000000000000000000008868626416370227065,data/safe_contracts/openzeppelin-contracts/contracts/token/ERC721/extensions/ERC721Votes.sol,,openzeppelin,False,False,False,False,False,False,False,False,False,False,False,False,False,False,False,False,False,False,False,False,False,False,False,False,False,0,0,0,0,0,0,0,0,0,0,1,0,0.0,0,0,0.0,0,0,0,0,0,0,0,0,0,0,0,0.0,0.0,0.0,0.0,False,simple,0,COMPILATION_ERROR,Compilation error: unresolved reference to identifier mcopy,0,0,0,0,0.0,False,0,0,0,0,0,0,0.0,False,0,0,0.0,0,0,0,False,0,0,0.0,0,0,0,1.0,False,0,0,0,0
259,ERC721Burnable,0x9999999999999999999997369031324337028161,data/safe_contracts/openzeppelin-contracts/contracts/token/ERC721/extensions/ERC721Burnable.sol,,openzeppelin,False,False,False,False,False,False,False,False,False,False,False,False,False,False,False,False,False,False,False,False,False,False,False,False,False,0,0,0,0,0,0,0,0,0,0,1,0,0.0,0,0,0.0,0,0,0,0,0,0,0,0,0,0,0,0.0,0.0,0.0,0.0,False,simple,0,COMPILATION_ERROR,Compilation error: unresolved reference to identifier mcopy,0,0,0,0,0.0,False,0,0,0,0,0,0,0.0,False,0,0,0.0,0,0,0,False,0,0,0.0,0,0,0,1.0,False,0,0,0,0
260,ERC721Pausable,0x0000000000000000000006153109851973969953,data/safe_contracts/openzeppelin-contracts/contracts/token/ERC721/extensions/ERC721Pausable.sol,,openzeppelin,False,False,False,False,False,False,False,False,False,False,False,False,False,False,False,False,False,False,False,False,False,False,False,False,False,0,0,0,0,0,0,0,0,0,0,1,0,0.0,0,0,0.0,0,0,0,0,0,0,0,0,0,0,0,0.0,0.0,0.0,0.0,False,simple,0,COMPILATION_ERROR,Compilation error: unresolved reference to identifier mcopy,0,0,0,0,0.0,False,0,0,0,0,0,0,0.0,False,0,0,0.0,0,0,0,False,0,0,0.0,0,0,0,1.0,False,0,0,0,0
261,IERC721Metadata,0x0000000000000000000006411461152505372629,data/safe_contracts/openzeppelin-contracts/contracts/token/ERC721/extensions/IERC721Metadata.sol,,openzeppelin,False,False,False,False,False,False,False,False,False,False,False,False,False,False,False,False,False,False,False,False,False,False,True,True,False,0,0,5,3,0,0,0,1,0,22,3,1,1.0,0,15,0.6818181818181818,0,0,2,0,5,0,0,0,0,2,1,0.0,0.0,5.0,12.5,False,simple,0,,,0,0,0,0,0.0,False,0,0,3,0,0,0,0.0,False,3,0,0.0,3,0,0,False,0,1,0.0,1,0,0,1.0,False,0,0,0,0
262,ERC721URIStorage,0x9999999999999999999998832006850347945689,data/safe_contracts/openzeppelin-contracts/contracts/token/ERC721/extensions/ERC721URIStorage.sol,,openzeppelin,False,False,False,False,False,False,False,False,False,False,False,False,False,False,False,False,False,False,False,False,False,False,False,False,False,0,0,0,0,0,0,0,0,0,0,1,0,0.0,0,0,0.0,0,0,0,0,0,0,0,0,0,0,0,0.0,0.0,0.0,0.0,False,simple,0,COMPILATION_ERROR,Compilation error: unresolved reference to identifier mcopy,0,0,0,0,0.0,False,0,0,0,0,0,0,0.0,False,0,0,0.0,0,0,0,False,0,0,0.0,0,0,0,1.0,False,0,0,0,0
263,ERC721Consecutive,0x0000000000000000000008672242088485436127,data/safe_contracts/openzeppelin-contracts/contracts/token/ERC721/extensions/ERC721Consecutive.sol,,openzeppelin,False,False,False,False,False,False,False,False,False,False,False,False,False,False,False,False,False,False,False,False,False,False,False,False,False,0,0,0,0,0,0,0,0,0,0,1,0,0.0,0,0,0.0,0,0,0,0,0,0,0,0,0,0,0,0.0,0.0,0.0,0.0,False,simple,0,COMPILATION_ERROR,Compilation error: unresolved reference to identifier mcopy,0,0,0,0,0.0,False,0,0,0,0,0,0,0.0,False,0,0,0.0,0,0,0,False,0,0,0.0,0,0,0,1.0,False,0,0,0,0
264,ERC721Enumerable,0x9999999999999999999993246914441668414656,data/safe_contracts/openzeppelin-contracts/contracts/token/ERC721/extensions/ERC721Enumerable.sol,,openzeppelin,False,False,False,False,False,False,False,False,False,False,False,False,False,False,False,False,False,False,False,False,False,False,False,False,False,0,0,0,0,0,0,0,0,0,0,1,0,0.0,0,0,0.0,0,0,0,0,0,0,0,0,0,0,0,0.0,0.0,0.0,0.0,False,simple,0,COMPILATION_ERROR,Compilation error: unresolved reference to identifier mcopy,0,0,0,0,0.0,False,0,0,0,0,0,0,0.0,False,0,0,0.0,0,0,0,False,0,0,0.0,0,0,0,1.0,False,0,0,0,0
265,ERC721Wrapper,0x0000000000000000000006757645264583523453,data/safe_contracts/openzeppelin-contracts/contracts/token/ERC721/extensions/ERC721Wrapper.sol,,openzeppelin,False,False,False,False,False,False,False,False,False,False,False,False,False,False,False,False,False,False,False,False,False,False,False,False,False,0,0,0,0,0,0,0,0,0,0,1,0,0.0,0,0,0.0,0,0,0,0,0,0,0,0,0,0,0,0.0,0.0,0.0,0.0,False,simple,0,COMPILATION_ERROR,Compilation error: unresolved reference to identifier mcopy,0,0,0,0,0.0,False,0,0,0,0,0,0,0.0,False,0,0,0.0,0,0,0,False,0,0,0.0,0,0,0,1.0,False,0,0,0,0
266,SafeERC20,0x9999999999999999999993766595207427272642,data/safe_contracts/openzeppelin-contracts/contracts/token/ERC20/utils/SafeERC20.sol,,openzeppelin,False,False,False,False,False,False,False,False,False,False,False,False,False,False,True,False,False,False,False,False,False,False,True,True,False,0,0,24,13,5,0,0,7,0,260,4,1,3.769230769230769,0,129,0.49615384615384617,0,0,0,0,11,13,0,0,0,4,2,0.0,0.0,24.0,120.6,True,moderate,1,,,107,112,0,14,1.0467289719626167,False,2,49,13,41,0,5,0.10869565217391304,False,0,13,3.1538461538461537,10,0,5,False,3,49,1.6666666666666667,13,0,0,1.0,False,0,0,0,0
267,ERC1363Utils,0x9999999999999999999993635507007586243121,data/safe_contracts/openzeppelin-contracts/contracts/token/ERC20/utils/ERC1363Utils.sol,,openzeppelin,False,False,False,False,False,False,False,False,False,False,False,False,False,False,True,False,False,False,False,False,False,False,True,True,False,0,0,9,2,2,0,0,7,0,87,3,1,7.0,0,33,0.3793103448275862,0,0,0,0,7,2,0,0,0,4,2,0.0,0.0,9.0,18.9,False,simple,0,,,32,36,0,8,1.125,False,0,14,2,8,0,2,0.2,False,0,2,4.0,5,0,2,False,1,9,2.0,2,0,0,1.0,False,0,0,0,0
268,ERC20Crosschain,0x0000000000000000000005735344697851235279,data/safe_contracts/openzeppelin-contracts/contracts/token/ERC20/extensions/ERC20Crosschain.sol,,openzeppelin,False,False,False,False,False,False,False,False,False,False,False,False,False,False,False,False,False,False,False,False,False,False,False,False,False,0,0,0,0,0,0,0,0,0,0,1,0,0.0,0,0,0.0,0,0,0,0,0,0,0,0,0,0,0,0.0,0.0,0.0,0.0,False,simple,0,COMPILATION_ERROR,Compilation error: unresolved reference to identifier mcopy,0,0,0,0,0.0,False,0,0,0,0,0,0,0.0,False,0,0,0.0,0,0,0,False,0,0,0.0,0,0,0,1.0,False,0,0,0,0
269,ERC20Capped,0x9999999999999999999991655308516903578126,data/safe_contracts/openzeppelin-contracts/contracts/token/ERC20/extensions/ERC20Capped.sol,,openzeppelin,False,False,False,False,False,False,False,False,False,False,False,False,False,False,False,False,False,False,False,False,False,False,True,True,False,0,0,12,3,0,1,0,5,0,45,8,1,3.0,0,19,0.4222222222222222,0,0,2,0,8,4,0,0,0,3,1,0.0,0.0,12.0,43.2,False,simple,0,,,16,16,0,6,1.0,False,1,9,3,5,0,0,0.0,True,1,2,1.6666666666666667,4,1,1,True,0,4,0.0,2,0,0,1.0,False,0,0,0,0
270,draft-ERC20Bridgeable,0x9999999999999999999995619376409125135566,data/safe_contracts/openzeppelin-contracts/contracts/token/ERC20/extensions/draft-ERC20Bridgeable.sol,,openzeppelin,False,False,False,False,False,False,False,False,False,False,False,False,False,False,False,False,False,False,False,False,False,False,True,True,False,0,0,15,17,0,5,0,7,0,44,11,1,2.411764705882353,0,22,0.5,0,0,1,0,13,2,0,0,0,4,1,0.0,0.0,15.0,54.0,False,moderate,1,,,81,76,0,7,0.9382716049382716,False,9,41,17,21,3,0,0.0,True,9,8,1.2352941176470589,14,5,3,True,0,32,0.0,13,0,0,1.0,False,0,0,0,0
271,ERC20Wrapper,0x9999999999999999999997341922968353544520,data/safe_contracts/openzeppelin-contracts/contracts/token/ERC20/extensions/ERC20Wrapper.sol,,openzeppelin,False,False,False,False,False,False,False,False,False,False,False,False,False,False,True,False,False,False,False,False,False,False,True,True,False,0,0,28,6,4,1,0,5,0,79,11,1,2.3333333333333335,0,31,0.3924050632911392,0,2,2,0,16,12,0,0,0,4,2,0.0,0.0,28.0,170.8,True,simple,0,,,35,33,0,8,0.9428571428571428,False,6,14,6,11,1,4,0.26666666666666666,True,4,2,1.8333333333333333,8,1,4,True,2,6,2.0,4,0,0,1.0,False,0,0,0,0
272,ERC20Burnable,0x9999999999999999999993160104356876577153,data/safe_contracts/openzeppelin-contracts/contracts/token/ERC20/extensions/ERC20Burnable.sol,,openzeppelin,False,False,False,False,False,False,False,False,False,False,False,False,False,False,False,False,False,False,False,False,False,False,True,True,False,0,0,11,2,0,0,0,1,0,35,8,1,1.0,0,23,0.6571428571428571,0,0,2,0,8,3,0,0,0,3,1,0.0,0.0,11.0,37.03333333333333,False,simple,0,,,5,3,0,2,0.6,False,0,2,2,5,1,0,0.0,False,2,0,2.5,3,0,0,False,0,3,0.0,2,0,0,1.0,False,0,0,0,0
273,ERC20Permit,0x0000000000000000000005626771666758175413,data/safe_contracts/openzeppelin-contracts/contracts/token/ERC20/extensions/ERC20Permit.sol,,openzeppelin,False,False,False,False,False,False,False,False,False,False,False,False,False,False,False,False,False,False,False,False,False,False,False,False,False,0,0,0,0,0,0,0,0,0,0,1,0,0.0,0,0,0.0,0,0,0,0,0,0,0,0,0,0,0,0.0,0.0,0.0,0.0,False,simple,0,COMPILATION_ERROR,Compilation error: unresolved reference to identifier mcopy,0,0,0,0,0.0,False,0,0,0,0,0,0,0.0,False,0,0,0.0,0,0,0,False,0,0,0.0,0,0,0,1.0,False,0,0,0,0
274,ERC4626,0x9999999999999999999992716684543184265886,data/safe_contracts/openzeppelin-contracts/contracts/token/ERC20/extensions/ERC4626.sol,,openzeppelin,False,False,False,False,False,False,False,False,False,False,False,False,False,False,False,False,False,False,False,False,False,False,False,False,False,0,0,0,0,0,0,0,0,0,0,1,0,0.0,0,0,0.0,0,0,0,0,0,0,0,0,0,0,0,0.0,0.0,0.0,0.0,False,simple,0,COMPILATION_ERROR,Compilation error: unresolved reference to identifier mcopy,0,0,0,0,0.0,False,0,0,0,0,0,0,0.0,False,0,0,0.0,0,0,0,False,0,0,0.0,0,0,0,1.0,False,0,0,0,0
275,IERC20Metadata,0x0000000000000000000003386533134701619455,data/safe_contracts/openzeppelin-contracts/contracts/token/ERC20/extensions/IERC20Metadata.sol,,openzeppelin,False,False,False,False,False,False,False,False,False,False,False,False,False,False,False,False,False,False,False,False,False,False,True,True,False,0,0,4,3,0,0,0,1,0,21,2,1,1.0,0,14,0.6666666666666666,0,0,1,0,4,0,0,0,0,2,1,0.0,0.0,4.0,8.0,False,simple,0,,,0,0,0,0,0.0,False,0,0,3,0,0,0,0.0,False,3,0,0.0,3,0,0,False,0,0,0.0,0,0,0,1.0,False,0,0,0,0
276,draft-ERC20TemporaryApproval,0x0000000000000000000002781787660189597147,data/safe_contracts/openzeppelin-contracts/contracts/token/ERC20/extensions/draft-ERC20TemporaryApproval.sol,,openzeppelin,False,False,False,False,False,False,False,False,False,False,False,False,False,False,False,False,False,False,False,False,False,False,False,False,False,0,0,0,0,0,0,0,0,0,0,1,0,0.0,0,0,0.0,0,0,0,0,0,0,0,0,0,0,0,0.0,0.0,0.0,0.0,False,simple,0,COMPILATION_ERROR,Compilation error: unresolved reference to identifier tload,0,0,0,0,0.0,False,0,0,0,0,0,0,0.0,False,0,0,0.0,0,0,0,False,0,0,0.0,0,0,0,1.0,False,0,0,0,0
277,ERC20Votes,0x0000000000000000000009170164966677222603,data/safe_contracts/openzeppelin-contracts/contracts/token/ERC20/extensions/ERC20Votes.sol,,openzeppelin,False,False,False,False,False,False,False,False,False,False,False,False,False,False,False,False,False,False,False,False,False,False,False,False,False,0,0,0,0,0,0,0,0,0,0,1,0,0.0,0,0,0.0,0,0,0,0,0,0,0,0,0,0,0,0.0,0.0,0.0,0.0,False,simple,0,COMPILATION_ERROR,Compilation error: unresolved reference to identifier mcopy,0,0,0,0,0.0,False,0,0,0,0,0,0,0.0,False,0,0,0.0,0,0,0,False,0,0,0.0,0,0,0,1.0,False,0,0,0,0
278,ERC20FlashMint,0x9999999999999999999993423756929439955525,data/safe_contracts/openzeppelin-contracts/contracts/token/ERC20/extensions/ERC20FlashMint.sol,,openzeppelin,False,False,False,False,False,True,True,False,False,False,False,False,False,False,False,False,False,False,False,False,False,False,True,True,False,0,0,14,6,1,1,0,7,0,119,10,1,2.5,0,70,0.5882352941176471,0,0,1,0,10,4,0,0,0,5,2,0.0,0.0,14.0,35.839999999999996,False,moderate,1,,,32,30,0,13,0.9375,False,6,15,6,14,2,1,0.06666666666666667,False,3,3,2.3333333333333335,12,1,1,True,1,9,1.0,4,0,0,1.0,False,0,0,0,0
279,ERC1363,0x9999999999999999999998555123297865468779,data/safe_contracts/openzeppelin-contracts/contracts/token/ERC20/extensions/ERC1363.sol,,openzeppelin,False,False,False,False,False,False,False,False,False,False,False,False,False,False,True,False,False,False,False,False,False,False,True,True,False,0,0,22,7,3,0,0,3,0,123,14,1,1.8571428571428572,0,75,0.6097560975609756,0,3,2,0,18,4,0,0,0,4,2,0.0,0.0,22.0,114.4,True,simple,0,,,26,22,0,4,0.8461538461538461,False,7,13,7,14,1,3,0.17647058823529413,True,7,0,2.0,8,0,3,False,3,18,1.0,7,0,0,1.0,False,0,0,0,0
280,IERC20Permit,0x0000000000000000000003641261772946768441,data/safe_contracts/openzeppelin-contracts/contracts/token/ERC20/extensions/IERC20Permit.sol,,openzeppelin,False,False,False,False,False,False,False,False,False,False,False,False,False,False,False,False,False,False,False,False,False,False,True,False,False,0,0,3,3,0,0,0,1,0,86,1,1,1.0,0,72,0.8372093023255814,0,0,0,0,3,0,0,0,0,2,1,0.0,0.0,3.0,4.5,False,simple,0,,,0,0,0,0,0.0,False,0,0,3,0,0,0,0.0,False,3,0,0.0,3,0,0,False,0,8,0.0,2,0,0,1.0,False,0,0,0,0
281,ERC20Pausable,0x9999999999999999999996215594255492791980,data/safe_contracts/openzeppelin-contracts/contracts/token/ERC20/extensions/ERC20Pausable.sol,,openzeppelin,False,False,False,False,False,False,False,False,False,False,False,False,False,False,False,False,False,False,False,False,False,False,True,True,False,0,0,16,1,0,0,0,1,0,30,9,1,1.0,0,22,0.7333333333333333,0,0,2,0,9,7,0,0,0,3,1,0.0,0.0,16.0,74.13333333333333,False,simple,0,,,3,2,0,2,0.6666666666666666,False,0,1,1,2,0,0,0.0,True,0,1,2.0,1,0,0,False,0,3,0.0,1,0,0,1.0,False,0,0,0,0
282,ERC1155Utils,0x0000000000000000000006640697298885169606,data/safe_contracts/openzeppelin-contracts/contracts/token/ERC1155/utils/ERC1155Utils.sol,,openzeppelin,False,False,False,False,False,False,False,False,False,False,False,False,False,False,True,False,False,False,False,False,False,False,True,True,False,0,0,10,2,6,0,0,7,0,84,6,1,7.0,0,29,0.34523809523809523,0,0,0,0,8,2,0,0,0,4,2,0.0,0.0,10.0,23.5,False,simple,0,,,30,38,0,7,1.2666666666666666,False,0,14,2,8,0,6,0.42857142857142855,False,0,2,4.0,4,0,2,False,0,12,0.0,2,0,0,1.0,False,0,0,0,0
283,ERC1155Holder,0x9999999999999999999993568710508841327296,data/safe_contracts/openzeppelin-contracts/contracts/token/ERC1155/utils/ERC1155Holder.sol,,openzeppelin,False,False,False,False,False,False,False,False,False,False,False,False,False,False,False,False,False,False,False,False,False,False,True,True,False,0,0,6,3,0,0,0,1,0,37,4,1,1.0,0,11,0.2972972972972973,0,0,2,0,6,0,0,0,0,2,1,0.0,0.0,6.0,18.0,False,simple,0,,,6,3,0,1,0.5,False,3,3,3,2,1,0,0.0,True,3,0,0.6666666666666666,3,0,0,False,0,11,0.0,3,0,0,1.0,False,0,0,0,0
284,ERC1155Burnable,0x9999999999999999999995169318500373903316,data/safe_contracts/openzeppelin-contracts/contracts/token/ERC1155/extensions/ERC1155Burnable.sol,,openzeppelin,False,False,False,False,False,False,False,False,False,False,False,False,False,False,False,False,False,False,False,False,False,False,False,False,False,0,0,0,0,0,0,0,0,0,0,1,0,0.0,0,0,0.0,0,0,0,0,0,0,0,0,0,0,0,0.0,0.0,0.0,0.0,False,simple,0,COMPILATION_ERROR,Compilation error: unresolved reference to identifier mcopy,0,0,0,0,0.0,False,0,0,0,0,0,0,0.0,False,0,0,0.0,0,0,0,False,0,0,0.0,0,0,0,1.0,False,0,0,0,0
285,ERC1155Supply,0x0000000000000000000006504440275145630836,data/safe_contracts/openzeppelin-contracts/contracts/token/ERC1155/extensions/ERC1155Supply.sol,,openzeppelin,False,False,False,False,False,False,False,False,False,False,False,False,False,False,False,False,False,False,False,False,False,False,False,False,False,0,0,0,0,0,0,0,0,0,0,1,0,0.0,0,0,0.0,0,0,0,0,0,0,0,0,0,0,0,0.0,0.0,0.0,0.0,False,simple,0,COMPILATION_ERROR,Compilation error: unresolved reference to identifier mcopy,0,0,0,0,0.0,False,0,0,0,0,0,0,0.0,False,0,0,0.0,0,0,0,False,0,0,0.0,0,0,0,1.0,False,0,0,0,0
286,ERC1155URIStorage,0x9999999999999999999990933648015956620321,data/safe_contracts/openzeppelin-contracts/contracts/token/ERC1155/extensions/ERC1155URIStorage.sol,,openzeppelin,False,False,False,False,False,False,False,False,False,False,False,False,False,False,False,False,False,False,False,False,False,False,False,False,False,0,0,0,0,0,0,0,0,0,0,1,0,0.0,0,0,0.0,0,0,0,0,0,0,0,0,0,0,0,0.0,0.0,0.0,0.0,False,simple,0,COMPILATION_ERROR,Compilation error: unresolved reference to identifier mcopy,0,0,0,0,0.0,False,0,0,0,0,0,0,0.0,False,0,0,0.0,0,0,0,False,0,0,0.0,0,0,0,1.0,False,0,0,0,0
287,ERC1155Pausable,0x0000000000000000000003031894536622863754,data/safe_contracts/openzeppelin-contracts/contracts/token/ERC1155/extensions/ERC1155Pausable.sol,,openzeppelin,False,False,False,False,False,False,False,False,False,False,False,False,False,False,False,False,False,False,False,False,False,False,False,False,False,0,0,0,0,0,0,0,0,0,0,1,0,0.0,0,0,0.0,0,0,0,0,0,0,0,0,0,0,0,0.0,0.0,0.0,0.0,False,simple,0,COMPILATION_ERROR,Compilation error: unresolved reference to identifier mcopy,0,0,0,0,0.0,False,0,0,0,0,0,0,0.0,False,0,0,0.0,0,0,0,False,0,0,0.0,0,0,0,1.0,False,0,0,0,0
288,IERC1155MetadataURI,0x9999999999999999999995229744731643362662,data/safe_contracts/openzeppelin-contracts/contracts/token/ERC1155/extensions/IERC1155MetadataURI.sol,,openzeppelin,False,False,False,False,False,False,False,False,False,False,False,False,False,False,False,False,False,False,False,False,False,False,True,True,False,0,0,5,1,0,0,0,1,0,17,3,1,1.0,0,12,0.7058823529411765,0,0,2,0,5,0,0,0,0,2,1,0.0,0.0,5.0,12.5,False,simple,0,,,0,0,0,0,0.0,False,0,0,1,0,0,0,0.0,False,1,0,0.0,1,0,0,False,0,1,0.0,1,0,0,1.0,False,0,0,0,0
289,Heap,0x0000000000000000000006331365282082727528,data/safe_contracts/openzeppelin-contracts/contracts/utils/structs/Heap.sol,,openzeppelin,False,False,False,False,False,False,False,False,False,False,False,False,False,False,False,False,False,False,False,False,False,False,False,False,False,0,0,0,0,0,0,0,0,0,0,1,0,0.0,0,0,0.0,0,0,0,0,0,0,0,0,0,0,0,0.0,0.0,0.0,0.0,False,simple,0,COMPILATION_ERROR,Compilation error: unresolved reference to identifier mcopy,0,0,0,0,0.0,False,0,0,0,0,0,0,0.0,False,0,0,0.0,0,0,0,False,0,0,0.0,0,0,0,1.0,False,0,0,0,0
290,BitMaps,0x0000000000000000000002727130556187723532,data/safe_contracts/openzeppelin-contracts/contracts/utils/structs/BitMaps.sol,,openzeppelin,False,False,False,False,False,False,False,False,False,False,False,False,False,False,False,False,False,False,False,False,False,False,True,False,False,0,0,6,4,0,0,0,3,0,55,1,1,1.5,0,27,0.4909090909090909,0,0,0,0,2,4,0,0,0,2,1,0.0,0.0,6.0,14.399999999999999,False,simple,0,,,17,14,0,3,0.8235294117647058,False,1,6,4,2,0,0,0.0,False,0,4,0.5,3,0,0,False,0,9,0.0,4,0,0,1.0,False,0,0,0,0
291,Accumulators,0x0000000000000000000000483182837360732802,data/safe_contracts/openzeppelin-contracts/contracts/utils/structs/Accumulators.sol,,openzeppelin,False,False,False,False,False,False,False,False,False,False,False,False,False,False,False,False,False,False,False,False,False,False,False,False,False,0,0,0,0,0,0,0,0,0,0,1,0,0.0,0,0,0.0,0,0,0,0,0,0,0,0,0,0,0,0.0,0.0,0.0,0.0,False,simple,0,COMPILATION_ERROR,Compilation error: unresolved reference to identifier mcopy,0,0,0,0,0.0,False,0,0,0,0,0,0,0.0,False,0,0,0.0,0,0,0,False,0,0,0.0,0,0,0,1.0,False,0,0,0,0
292,EnumerableMap,0x9999999999999999999992750293722151366929,data/safe_contracts/openzeppelin-contracts/contracts/utils/structs/EnumerableMap.sol,,openzeppelin,False,False,False,False,False,False,False,False,False,False,False,False,False,False,False,False,False,False,False,False,False,False,False,False,False,0,0,0,0,0,0,0,0,0,0,1,0,0.0,0,0,0.0,0,0,0,0,0,0,0,0,0,0,0,0.0,0.0,0.0,0.0,False,simple,0,COMPILATION_ERROR,Compilation error: unresolved reference to identifier mcopy,0,0,0,0,0.0,False,0,0,0,0,0,0,0.0,False,0,0,0.0,0,0,0,False,0,0,0.0,0,0,0,1.0,False,0,0,0,0
293,DoubleEndedQueue,0x0000000000000000000000598515382672983437,data/safe_contracts/openzeppelin-contracts/contracts/utils/structs/DoubleEndedQueue.sol,,openzeppelin,False,False,False,False,False,False,False,False,False,False,False,False,False,False,True,False,False,False,False,False,False,False,True,False,False,0,0,22,17,7,0,0,3,0,218,2,1,2.6470588235294117,0,109,0.5,0,7,0,0,4,18,0,0,0,3,2,0.0,0.0,22.0,121.73333333333332,True,moderate,1,,,107,97,0,8,0.9065420560747663,False,19,45,17,10,0,7,0.4117647058823529,False,0,17,0.5882352941176471,7,0,7,False,0,23,0.0,17,0,0,1.0,False,0,0,0,0
294,EnumerableSet,0x9999999999999999999999811106736105718482,data/safe_contracts/openzeppelin-contracts/contracts/utils/structs/EnumerableSet.sol,,openzeppelin,False,False,False,False,False,False,False,False,False,False,False,False,False,False,False,False,False,False,False,False,False,False,False,False,False,0,0,0,0,0,0,0,0,0,0,1,0,0.0,0,0,0.0,0,0,0,0,0,0,0,0,0,0,0,0.0,0.0,0.0,0.0,False,simple,0,COMPILATION_ERROR,Compilation error: unresolved reference to identifier mcopy,0,0,0,0,0.0,False,0,0,0,0,0,0,0.0,False,0,0,0.0,0,0,0,False,0,0,0.0,0,0,0,1.0,False,0,0,0,0
295,CircularBuffer,0x0000000000000000000007101150723565183291,data/safe_contracts/openzeppelin-contracts/contracts/utils/structs/CircularBuffer.sol,,openzeppelin,False,False,False,False,False,False,False,False,False,False,False,False,False,False,False,False,False,False,False,False,False,False,False,False,False,0,0,0,0,0,0,0,0,0,0,1,0,0.0,0,0,0.0,0,0,0,0,0,0,0,0,0,0,0,0.0,0.0,0.0,0.0,False,simple,0,COMPILATION_ERROR,Compilation error: unresolved reference to identifier mcopy,0,0,0,0,0.0,False,0,0,0,0,0,0,0.0,False,0,0,0.0,0,0,0,False,0,0,0.0,0,0,0,1.0,False,0,0,0,0
296,MerkleTree,0x0000000000000000000005766892899733978687,data/safe_contracts/openzeppelin-contracts/contracts/utils/structs/MerkleTree.sol,,openzeppelin,False,False,False,False,False,False,False,False,False,False,False,False,False,False,False,False,False,False,False,False,False,False,False,False,False,0,0,0,0,0,0,0,0,0,0,1,0,0.0,0,0,0.0,0,0,0,0,0,0,0,0,0,0,0,0.0,0.0,0.0,0.0,False,simple,0,COMPILATION_ERROR,Compilation error: unresolved reference to identifier mcopy,0,0,0,0,0.0,False,0,0,0,0,0,0,0.0,False,0,0,0.0,0,0,0,False,0,0,0.0,0,0,0,1.0,False,0,0,0,0
297,Checkpoints,0x0000000000000000000002944534866959471171,data/safe_contracts/openzeppelin-contracts/contracts/utils/structs/Checkpoints.sol,,openzeppelin,False,False,False,False,False,False,False,False,False,False,False,False,False,False,True,False,False,False,False,False,False,False,True,False,False,1,9,172,48,20,0,0,6,0,746,4,1,3.0,0,249,0.33378016085790885,0,12,0,0,21,161,0,10,0,6,2,0.0,0.0,227.0,5058.316666666667,True,complex,2,,,340,324,16,11,0.9529411764705882,True,68,144,48,60,0,20,0.25,False,0,48,1.25,5,0,16,False,0,108,0.0,48,0,0,1.0,False,0,0,0,0
298,IERC165,0x0000000000000000000003112998032184974470,data/safe_contracts/openzeppelin-contracts/contracts/utils/introspection/IERC165.sol,,openzeppelin,False,False,False,False,False,False,False,False,False,False,False,False,False,False,False,False,False,False,False,False,False,False,True,False,False,0,0,2,1,0,0,0,1,0,23,1,1,1.0,0,19,0.8260869565217391,0,0,0,0,2,0,0,0,0,1,1,0.0,0.0,2.0,4.0,False,simple,0,,,0,0,0,0,0.0,False,0,0,1,0,0,0,0.0,False,1,0,0.0,1,0,0,False,0,1,0.0,1,0,0,1.0,False,0,0,0,0
299,ERC165,0x0000000000000000000001465608957597493917,data/safe_contracts/openzeppelin-contracts/contracts/utils/introspection/ERC165.sol,,openzeppelin,False,False,False,False,False,False,False,False,False,False,False,False,False,False,False,False,False,False,False,False,False,False,True,True,False,0,0,4,1,0,0,0,1,0,22,2,1,1.0,0,15,0.6818181818181818,0,0,1,0,4,0,0,0,0,2,1,0.0,0.0,4.0,8.0,False,simple,0,,,2,1,0,1,0.5,False,1,1,1,1,1,0,0.0,False,1,0,1.0,1,0,0,False,0,1,0.0,1,0,0,1.0,False,0,0,0,0
300,ERC165Checker,0x0000000000000000000001745296600126080793,data/safe_contracts/openzeppelin-contracts/contracts/utils/introspection/ERC165Checker.sol,,openzeppelin,False,False,False,False,False,False,False,False,False,False,False,False,False,False,True,False,False,False,False,False,False,False,True,True,False,0,0,11,7,1,1,0,8,0,128,2,1,2.857142857142857,0,70,0.546875,0,0,0,0,5,6,0,0,0,4,2,0.0,0.0,11.0,25.299999999999997,False,moderate,1,,,47,43,2,8,0.9148936170212766,False,8,20,7,14,0,1,0.06666666666666667,False,0,7,2.0,6,1,1,True,0,11,0.0,6,0,0,1.0,False,0,0,0,0
301,Time,0x0000000000000000000003433761186467000863,data/safe_contracts/openzeppelin-contracts/contracts/utils/types/Time.sol,,openzeppelin,False,False,True,False,False,False,False,False,False,False,False,False,False,False,True,False,False,False,False,False,False,True,True,False,False,1,10,130,9,10,0,0,3,0,118,4,1,1.3333333333333333,0,68,0.576271186440678,0,6,0,0,17,124,0,11,0,8,4,0.0,0.0,190.0,2465.25,True,simple,0,,,33,25,0,6,0.7575757575757576,False,10,12,9,4,0,10,0.7142857142857143,False,0,9,0.4444444444444444,7,0,6,False,0,12,0.0,7,0,0,1.0,False,0,0,0,0
302,MerkleProof,0x0000000000000000000000515491628199673297,data/safe_contracts/openzeppelin-contracts/contracts/utils/cryptography/MerkleProof.sol,,openzeppelin,False,False,False,False,False,False,False,False,False,False,False,False,False,False,True,False,False,False,False,False,False,False,True,False,False,0,0,22,16,8,0,0,16,0,483,2,1,5.5,4,248,0.5134575569358178,0,4,0,0,4,18,0,0,0,3,2,0.0,0.0,22.0,121.73333333333332,True,complex,2,,,192,204,28,20,1.0625,True,24,88,16,12,0,8,0.4,False,0,16,0.75,3,0,6,False,0,56,0.0,16,0,0,1.0,False,0,0,0,0
303,SignatureChecker,0x9999999999999999999995485504769759942929,data/safe_contracts/openzeppelin-contracts/contracts/utils/cryptography/SignatureChecker.sol,,openzeppelin,False,False,False,False,False,False,False,False,False,False,False,False,False,False,False,False,False,False,False,False,False,False,False,False,False,0,0,0,0,0,0,0,0,0,0,1,0,0.0,0,0,0.0,0,0,0,0,0,0,0,0,0,0,0,0.0,0.0,0.0,0.0,False,simple,0,COMPILATION_ERROR,Compilation error: unresolved reference to identifier mcopy,0,0,0,0,0.0,False,0,0,0,0,0,0,0.0,False,0,0,0.0,0,0,0,False,0,0,0.0,0,0,0,1.0,False,0,0,0,0
304,Hashes,0x0000000000000000000007895061140254154432,data/safe_contracts/openzeppelin-contracts/contracts/utils/cryptography/Hashes.sol,,openzeppelin,False,False,False,False,False,False,False,False,False,False,False,False,False,False,True,False,False,False,False,False,False,False,True,False,False,0,0,5,2,0,0,0,2,0,28,1,1,1.5,0,15,0.5357142857142857,0,0,0,0,3,2,0,0,0,3,2,0.0,0.0,5.0,7.333333333333334,False,simple,0,,,10,8,0,5,0.8,False,2,3,2,3,0,0,0.0,False,0,2,1.5,2,0,0,False,0,4,0.0,2,0,0,1.0,False,0,0,0,0
305,MessageHashUtils,0x0000000000000000000004443509659552482963,data/safe_contracts/openzeppelin-contracts/contracts/utils/cryptography/MessageHashUtils.sol,,openzeppelin,False,False,False,False,False,False,False,False,False,False,False,False,False,False,False,False,False,False,False,False,False,False,False,False,False,0,0,0,0,0,0,0,0,0,0,1,0,0.0,0,0,0.0,0,0,0,0,0,0,0,0,0,0,0,0.0,0.0,0.0,0.0,False,simple,0,COMPILATION_ERROR,Compilation error: unresolved reference to identifier mcopy,0,0,0,0,0.0,False,0,0,0,0,0,0,0.0,False,0,0,0.0,0,0,0,False,0,0,0.0,0,0,0,1.0,False,0,0,0,0
306,WebAuthn,0x9999999999999999999994857368143297150268,data/safe_contracts/openzeppelin-contracts/contracts/utils/cryptography/WebAuthn.sol,,openzeppelin,False,False,False,False,False,False,False,False,False,False,False,False,False,False,False,False,False,False,False,False,False,False,False,False,False,0,0,0,0,0,0,0,0,0,0,1,0,0.0,0,0,0.0,0,0,0,0,0,0,0,0,0,0,0,0.0,0.0,0.0,0.0,False,simple,0,COMPILATION_ERROR,Compilation error: unresolved reference to identifier mcopy,0,0,0,0,0.0,False,0,0,0,0,0,0,0.0,False,0,0,0.0,0,0,0,False,0,0,0.0,0,0,0,1.0,False,0,0,0,0
307,TrieProof,0x0000000000000000000004305352216231723990,data/safe_contracts/openzeppelin-contracts/contracts/utils/cryptography/TrieProof.sol,,openzeppelin,False,False,False,False,False,False,False,False,False,False,False,False,False,False,False,False,False,False,False,False,False,False,False,False,False,0,0,0,0,0,0,0,0,0,0,1,0,0.0,0,0,0.0,0,0,0,0,0,0,0,0,0,0,0,0.0,0.0,0.0,0.0,False,simple,0,COMPILATION_ERROR,Compilation error: unresolved reference to identifier mcopy,0,0,0,0,0.0,False,0,0,0,0,0,0,0.0,False,0,0,0.0,0,0,0,False,0,0,0.0,0,0,0,1.0,False,0,0,0,0
308,P256,0x9999999999999999999992042889613495823351,data/safe_contracts/openzeppelin-contracts/contracts/utils/cryptography/P256.sol,,openzeppelin,False,False,False,False,False,False,False,False,False,False,False,False,False,False,True,False,False,False,False,False,False,False,True,False,False,1,9,147,16,5,8,0,10,0,379,5,1,2.9375,0,149,0.39313984168865435,0,4,0,0,23,134,0,10,0,6,2,0.0,0.0,202.0,3932.2666666666664,True,moderate,1,,,220,212,6,40,0.9636363636363636,True,17,47,16,37,0,5,0.11904761904761904,False,0,16,2.3125,10,8,4,True,0,51,0.0,15,0,0,1.0,False,0,0,0,0
309,EIP712,0x0000000000000000000004309738285461662094,data/safe_contracts/openzeppelin-contracts/contracts/utils/cryptography/EIP712.sol,,openzeppelin,False,False,False,False,False,False,False,False,False,False,False,False,False,False,False,False,False,False,False,False,False,False,False,False,False,0,0,0,0,0,0,0,0,0,0,1,0,0.0,0,0,0.0,0,0,0,0,0,0,0,0,0,0,0,0.0,0.0,0.0,0.0,False,simple,0,COMPILATION_ERROR,Compilation error: unresolved reference to identifier mcopy,0,0,0,0,0.0,False,0,0,0,0,0,0,0.0,False,0,0,0.0,0,0,0,False,0,0,0.0,0,0,0,1.0,False,0,0,0,0
310,ECDSA,0x9999999999999999999998588586988567803395,data/safe_contracts/openzeppelin-contracts/contracts/utils/cryptography/ECDSA.sol,,openzeppelin,False,False,False,False,False,False,False,False,False,False,False,False,False,False,True,False,False,False,False,False,False,False,True,False,False,0,0,17,11,0,0,0,9,0,266,1,1,3.0,0,119,0.4473684210526316,0,0,0,0,6,11,0,0,0,3,2,0.0,0.0,17.0,77.63333333333333,False,moderate,1,,,118,114,0,10,0.9661016949152542,False,13,33,11,23,0,0,0.0,True,0,11,2.090909090909091,7,0,0,False,0,26,0.0,11,0,0,1.0,False,0,0,0,0
311,RSA,0x0000000000000000000005843053411295483852,data/safe_contracts/openzeppelin-contracts/contracts/utils/cryptography/RSA.sol,,openzeppelin,False,False,False,False,False,False,False,False,False,False,False,False,False,False,True,False,False,False,False,False,False,False,True,False,False,1,9,128,3,2,0,0,19,0,142,4,1,7.0,1,79,0.5563380281690141,0,2,0,0,18,120,0,10,0,6,2,0.0,0.0,183.0,3111.0,True,moderate,1,,,50,51,2,23,1.02,True,6,21,3,4,0,2,0.3333333333333333,True,0,3,1.3333333333333333,2,0,1,False,0,10,0.0,3,0,0,1.0,False,0,0,0,0
312,draft-ERC7739Utils,0x0000000000000000000002487788531195063127,data/safe_contracts/openzeppelin-contracts/contracts/utils/cryptography/draft-ERC7739Utils.sol,,openzeppelin,False,False,False,False,False,False,False,False,False,False,False,False,False,False,True,False,False,False,False,False,False,False,True,False,False,0,0,19,9,10,1,0,21,0,190,3,1,3.7777777777777777,1,85,0.4473684210526316,0,4,0,0,7,12,0,0,0,3,2,0.0,0.0,19.0,97.53333333333333,False,moderate,1,,,69,67,2,14,0.9710144927536232,True,12,34,9,10,0,10,0.5,True,0,9,1.1111111111111112,5,1,6,True,6,17,1.0,8,0,0,1.0,False,0,0,0,0
313,SafeCast,0x9999999999999999999993273309294342165363,data/safe_contracts/openzeppelin-contracts/contracts/utils/math/SafeCast.sol,,openzeppelin,False,False,False,False,False,False,False,False,False,False,False,False,False,False,True,False,False,False,False,False,False,False,True,False,False,0,0,68,65,0,0,0,3,0,1092,1,1,2.9692307692307693,0,696,0.6373626373626373,0,0,0,0,3,65,0,0,0,3,2,0.0,0.0,68.0,1099.3333333333335,True,complex,2,,,324,323,0,3,0.9969135802469136,False,33,193,65,64,0,0,0.0,False,0,65,0.9846153846153847,5,0,0,False,0,65,0.0,65,0,0,1.0,False,0,0,0,0
314,SignedMath,0x9999999999999999999995270101404733012299,data/safe_contracts/openzeppelin-contracts/contracts/utils/math/SignedMath.sol,,openzeppelin,False,False,False,False,False,False,False,False,False,False,False,False,False,False,True,False,False,False,False,False,False,False,True,False,False,0,0,74,5,1,0,0,1,0,60,2,1,1.0,0,35,0.5833333333333334,0,1,0,0,4,70,0,0,0,3,2,0.0,0.0,74.0,1307.3333333333335,True,simple,0,,,12,7,0,2,0.5833333333333334,False,5,5,5,2,0,1,0.3333333333333333,False,0,5,0.4,3,0,1,False,0,10,0.0,5,0,0,1.0,False,0,0,0,0
315,Math,0x0000000000000000000008205283115305274341,data/safe_contracts/openzeppelin-contracts/contracts/utils/math/Math.sol,,openzeppelin,False,False,False,False,False,False,False,False,False,False,False,False,False,False,True,False,False,False,False,False,False,False,True,False,False,1,9,119,36,31,0,0,17,0,693,3,1,2.611111111111111,2,339,0.48917748917748916,0,19,0,0,16,113,0,10,0,6,2,0.0,0.0,174.0,2757.8999999999996,True,critical,3,,,289,274,2,29,0.9480968858131488,False,33,94,36,45,0,31,0.40789473684210525,True,0,36,1.25,17,0,20,False,0,76,0.0,36,0,0,1.0,False,0,0,0,0
316,ERC7913P256Verifier,0x0000000000000000000004427253838941755055,data/safe_contracts/openzeppelin-contracts/contracts/utils/cryptography/verifiers/ERC7913P256Verifier.sol,,openzeppelin,False,False,False,False,False,False,False,False,False,False,False,False,False,False,True,False,False,False,False,False,False,False,True,True,False,1,9,133,1,1,0,0,5,0,26,7,1,5.0,0,9,0.34615384615384615,0,1,1,0,26,117,0,10,0,7,2,0.0,0.0,188.0,2897.885714285714,True,simple,0,,,11,11,0,7,1.0,False,2,5,1,0,0,1,1.0,False,1,0,0.0,1,0,1,False,0,3,0.0,1,0,0,1.0,False,0,0,0,0
317,ERC7913RSAVerifier,0x0000000000000000000004932801949533755374,data/safe_contracts/openzeppelin-contracts/contracts/utils/cryptography/verifiers/ERC7913RSAVerifier.sol,,openzeppelin,False,False,False,False,False,False,False,False,False,False,False,False,False,False,True,False,False,False,False,False,False,False,True,True,False,1,9,119,1,3,0,0,2,0,20,6,1,2.0,0,8,0.4,0,1,1,0,21,108,0,10,0,7,2,0.0,0.0,174.0,2401.2,True,simple,0,,,7,6,0,5,0.8571428571428571,False,2,2,1,2,1,3,0.6,False,1,0,2.0,2,0,1,False,0,3,0.0,1,0,0,1.0,False,0,0,0,0
318,ERC7913WebAuthnVerifier,0x9999999999999999999995006247512451948824,data/safe_contracts/openzeppelin-contracts/contracts/utils/cryptography/verifiers/ERC7913WebAuthnVerifier.sol,,openzeppelin,False,False,False,False,False,False,False,False,False,False,False,False,False,False,False,False,False,False,False,False,False,False,False,False,False,0,0,0,0,0,0,0,0,0,0,1,0,0.0,0,0,0.0,0,0,0,0,0,0,0,0,0,0,0,0.0,0.0,0.0,0.0,False,simple,0,COMPILATION_ERROR,Compilation error: unresolved reference to identifier mcopy,0,0,0,0,0.0,False,0,0,0,0,0,0,0.0,False,0,0,0.0,0,0,0,False,0,0,0.0,0,0,0,1.0,False,0,0,0,0
319,SignerECDSA,0x0000000000000000000005518518279431162188,data/safe_contracts/openzeppelin-contracts/contracts/utils/cryptography/signers/SignerECDSA.sol,,openzeppelin,False,False,False,False,False,False,False,False,False,False,False,False,False,False,True,False,False,False,False,False,False,True,True,False,False,0,1,21,4,1,1,0,1,0,49,3,1,1.0,0,27,0.5510204081632653,0,1,1,0,8,14,0,1,0,4,3,0.0,0.0,26.0,115.69999999999999,True,simple,0,,,11,7,0,4,0.6363636363636364,False,2,4,4,2,0,1,0.3333333333333333,False,1,3,0.5,2,1,2,True,1,4,2.0,3,0,0,1.0,False,0,0,0,0
320,MultiSignerERC7913,0x0000000000000000000007264354379191321537,data/safe_contracts/openzeppelin-contracts/contracts/utils/cryptography/signers/MultiSignerERC7913.sol,,openzeppelin,False,False,False,False,False,False,False,False,False,False,False,False,False,False,False,False,False,False,False,False,False,False,False,False,False,0,0,0,0,0,0,0,0,0,0,1,0,0.0,0,0,0.0,0,0,0,0,0,0,0,0,0,0,0,0.0,0.0,0.0,0.0,False,simple,0,COMPILATION_ERROR,Compilation error: unresolved reference to identifier mcopy,0,0,0,0,0.0,False,0,0,0,0,0,0,0.0,False,0,0,0.0,0,0,0,False,0,0,0.0,0,0,0,1.0,False,0,0,0,0
321,SignerWebAuthn,0x0000000000000000000006064234978230017625,data/safe_contracts/openzeppelin-contracts/contracts/utils/cryptography/signers/SignerWebAuthn.sol,,openzeppelin,False,False,False,False,False,False,False,False,False,False,False,False,False,False,False,False,False,False,False,False,False,False,False,False,False,0,0,0,0,0,0,0,0,0,0,1,0,0.0,0,0,0.0,0,0,0,0,0,0,0,0,0,0,0,0.0,0.0,0.0,0.0,False,simple,0,COMPILATION_ERROR,Compilation error: unresolved reference to identifier mcopy,0,0,0,0,0.0,False,0,0,0,0,0,0,0.0,False,0,0,0.0,0,0,0,False,0,0,0.0,0,0,0,1.0,False,0,0,0,0
322,SignerP256,0x0000000000000000000001810890960328940802,data/safe_contracts/openzeppelin-contracts/contracts/utils/cryptography/signers/SignerP256.sol,,openzeppelin,False,False,False,False,False,False,False,False,False,False,False,False,False,False,True,False,False,False,False,False,False,False,True,False,False,1,9,151,4,2,2,0,3,0,56,7,1,2.0,0,27,0.48214285714285715,0,2,1,0,25,136,0,10,0,6,2,0.0,0.0,206.0,4126.866666666667,True,simple,0,,,20,17,0,8,0.85,False,3,8,4,3,0,2,0.4,False,1,3,0.75,2,2,2,True,0,6,0.0,3,1,0,0.0,False,0,0,1,0
323,AbstractSigner,0x0000000000000000000005618191617727917450,data/safe_contracts/openzeppelin-contracts/contracts/utils/cryptography/signers/AbstractSigner.sol,,openzeppelin,False,False,False,False,False,False,False,False,False,False,False,False,False,False,False,False,False,False,False,False,False,False,True,False,False,0,0,2,1,0,0,0,1,0,21,1,1,1.0,0,17,0.8095238095238095,0,0,0,0,2,0,0,0,0,1,1,0.0,0.0,2.0,4.0,False,simple,0,,,0,0,0,0,0.0,False,0,0,1,0,0,0,0.0,False,0,1,0.0,1,0,0,False,0,2,0.0,1,0,0,1.0,False,0,0,0,0
324,SignerEIP7702,0x9999999999999999999996216131268717059041,data/safe_contracts/openzeppelin-contracts/contracts/utils/cryptography/signers/SignerEIP7702.sol,,openzeppelin,False,False,False,False,False,False,False,False,False,False,False,False,False,False,True,False,False,False,False,False,False,True,True,False,False,0,1,20,1,1,0,0,1,0,22,3,1,1.0,0,10,0.45454545454545453,0,1,1,0,8,13,0,1,0,4,3,0.0,0.0,25.0,106.875,True,simple,0,,,5,4,0,4,0.8,False,1,1,1,0,0,1,1.0,False,0,1,0.0,1,0,1,False,1,2,1.0,1,0,0,1.0,False,0,0,0,0
325,MultiSignerERC7913Weighted,0x9999999999999999999994769685546941437973,data/safe_contracts/openzeppelin-contracts/contracts/utils/cryptography/signers/MultiSignerERC7913Weighted.sol,,openzeppelin,False,False,False,False,False,False,False,False,False,False,False,False,False,False,False,False,False,False,False,False,False,False,False,False,False,0,0,0,0,0,0,0,0,0,0,1,0,0.0,0,0,0.0,0,0,0,0,0,0,0,0,0,0,0,0.0,0.0,0.0,0.0,False,simple,0,COMPILATION_ERROR,Compilation error: unresolved reference to identifier mcopy,0,0,0,0,0.0,False,0,0,0,0,0,0,0.0,False,0,0,0.0,0,0,0,False,0,0,0.0,0,0,0,1.0,False,0,0,0,0
326,draft-ERC7739,0x9999999999999999999993895344731617585505,data/safe_contracts/openzeppelin-contracts/contracts/utils/cryptography/signers/draft-ERC7739.sol,,openzeppelin,False,False,False,False,False,False,False,False,False,False,False,False,False,False,False,False,False,False,False,False,False,False,False,False,False,0,0,0,0,0,0,0,0,0,0,1,0,0.0,0,0,0.0,0,0,0,0,0,0,0,0,0,0,0,0.0,0.0,0.0,0.0,False,simple,0,COMPILATION_ERROR,Compilation error: unresolved reference to identifier mcopy,0,0,0,0,0.0,False,0,0,0,0,0,0,0.0,False,0,0,0.0,0,0,0,False,0,0,0.0,0,0,0,1.0,False,0,0,0,0
327,SignerERC7913,0x9999999999999999999997650018889513710149,data/safe_contracts/openzeppelin-contracts/contracts/utils/cryptography/signers/SignerERC7913.sol,,openzeppelin,False,False,False,False,False,False,False,False,False,False,False,False,False,False,False,False,False,False,False,False,False,False,False,False,False,0,0,0,0,0,0,0,0,0,0,1,0,0.0,0,0,0.0,0,0,0,0,0,0,0,0,0,0,0,0.0,0.0,0.0,0.0,False,simple,0,COMPILATION_ERROR,Compilation error: unresolved reference to identifier mcopy,0,0,0,0,0.0,False,0,0,0,0,0,0,0.0,False,0,0,0.0,0,0,0,False,0,0,0.0,0,0,0,1.0,False,0,0,0,0
328,SignerRSA,0x0000000000000000000004940813794929753334,data/safe_contracts/openzeppelin-contracts/contracts/utils/cryptography/signers/SignerRSA.sol,,openzeppelin,False,False,False,False,False,False,False,False,False,False,False,False,False,False,True,False,False,False,False,False,False,False,True,False,False,1,9,132,4,2,2,0,1,0,58,6,1,1.0,0,34,0.5862068965517241,0,1,1,0,20,122,0,10,0,6,2,0.0,0.0,187.0,3284.9666666666662,True,simple,0,,,12,8,0,4,0.6666666666666666,False,2,4,4,3,0,2,0.4,False,1,3,0.75,3,2,2,True,0,6,0.0,3,0,0,1.0,False,0,0,0,0
329,ProxyAdmin,0x0000000000000000000004204218561685909048,data/safe_contracts/openzeppelin-contracts/contracts/proxy/transparent/ProxyAdmin.sol,,openzeppelin,False,False,False,False,False,False,False,False,False,False,False,False,False,False,True,False,False,False,False,False,False,True,True,True,False,1,2,63,3,1,1,0,1,0,40,14,1,1.0,0,26,0.65,1,0,2,0,35,31,0,3,0,7,3,0.0,0.0,83.0,672.3,True,simple,0,,,6,3,0,2,0.5,False,0,3,3,2,1,1,0.3333333333333333,True,2,1,0.6666666666666666,2,1,1,False,1,4,1.0,2,0,0,1.0,False,0,0,0,0
330,TransparentUpgradeableProxy,0x0000000000000000000008045936723990845296,data/safe_contracts/openzeppelin-contracts/contracts/proxy/transparent/TransparentUpgradeableProxy.sol,,openzeppelin,False,False,False,False,False,False,False,False,False,False,False,False,False,False,True,False,False,False,False,False,False,True,True,True,False,1,2,63,4,4,1,0,5,0,109,14,1,2.0,0,75,0.6880733944954128,1,2,2,0,35,31,0,3,0,7,3,0.0,0.0,83.0,672.3,True,simple,0,,,19,17,0,4,0.8947368421052632,False,1,8,4,7,1,4,0.36363636363636365,True,1,3,1.75,3,1,1,True,1,3,1.0,1,0,0,1.0,False,0,0,0,0
331,UUPSUpgradeable,0x0000000000000000000006106885293116506691,data/safe_contracts/openzeppelin-contracts/contracts/proxy/utils/UUPSUpgradeable.sol,,openzeppelin,False,False,False,False,False,False,False,False,False,False,False,False,False,False,True,False,False,False,False,False,False,True,True,True,False,0,2,60,8,4,2,2,3,0,134,9,1,1.75,0,86,0.6417910447761194,1,2,1,0,32,30,0,2,0,7,3,0.0,0.0,70.0,530.0,True,simple,0,,,26,22,0,5,0.8461538461538461,False,1,13,8,8,2,4,0.3333333333333333,False,2,6,1.0,8,2,1,True,1,5,1.0,3,0,0,1.0,False,0,0,0,0
332,Initializable,0x0000000000000000000001110097889108734282,data/safe_contracts/openzeppelin-contracts/contracts/proxy/utils/Initializable.sol,,openzeppelin,False,False,False,False,False,False,False,False,False,False,False,False,False,False,True,False,False,False,False,False,False,False,True,False,False,0,0,9,7,0,1,3,5,0,218,1,1,1.8571428571428572,0,143,0.6559633027522935,0,0,0,0,3,6,0,0,0,3,2,0.0,0.0,9.0,21.6,False,simple,0,,,25,21,0,6,0.84,False,3,13,7,7,0,0,0.0,False,0,7,1.0,4,1,0,True,0,0,0.0,0,0,0,1.0,False,0,0,0,0
333,ERC1967Proxy,0x0000000000000000000007138349783327547530,data/safe_contracts/openzeppelin-contracts/contracts/proxy/ERC1967/ERC1967Proxy.sol,,openzeppelin,False,False,False,False,False,False,False,False,False,False,False,False,False,False,True,False,False,False,False,False,False,True,True,True,False,0,2,59,3,2,0,0,3,0,56,9,1,1.6666666666666667,0,38,0.6785714285714286,1,2,1,0,31,30,0,2,0,5,3,0.0,0.0,69.0,717.6,True,simple,0,,,9,7,0,3,0.7777777777777778,False,2,5,3,2,1,2,0.5,False,1,2,0.6666666666666666,3,0,1,False,1,2,1.0,1,0,0,1.0,False,0,0,0,0
334,ERC1967Utils,0x9999999999999999999992660762655476979063,data/safe_contracts/openzeppelin-contracts/contracts/proxy/ERC1967/ERC1967Utils.sol,,openzeppelin,False,False,False,False,False,False,False,False,False,False,False,False,False,False,True,False,False,False,False,False,False,True,True,True,False,0,2,66,11,13,3,0,5,0,154,7,1,2.272727272727273,0,82,0.5324675324675324,0,8,0,0,28,40,0,2,0,5,3,0.0,0.0,76.0,851.1999999999999,True,moderate,1,,,49,45,0,6,0.9183673469387755,False,3,25,11,13,0,13,0.5,False,0,11,1.1818181818181819,9,3,6,True,2,8,3.0,6,0,0,1.0,False,0,0,0,0
335,UpgradeableBeacon,0x0000000000000000000004810230850498339885,data/safe_contracts/openzeppelin-contracts/contracts/proxy/beacon/UpgradeableBeacon.sol,,openzeppelin,False,False,False,False,False,False,False,False,False,False,False,False,False,False,False,False,False,False,False,False,False,False,True,True,False,0,0,9,4,0,1,0,3,0,61,4,1,1.5,0,37,0.6065573770491803,0,0,2,0,6,3,0,0,0,4,1,0.0,0.0,9.0,18.225,False,simple,0,,,14,11,0,4,0.7857142857142857,False,1,6,4,6,2,0,0.0,True,3,1,1.5,4,1,1,True,0,4,0.0,3,0,0,1.0,False,0,0,0,0
336,IBeacon,0x0000000000000000000000470887279019137324,data/safe_contracts/openzeppelin-contracts/contracts/proxy/beacon/IBeacon.sol,,openzeppelin,False,False,False,False,False,False,False,False,False,False,False,False,False,False,False,False,False,False,False,False,False,False,True,False,False,0,0,2,1,0,0,0,1,0,14,1,1,1.0,0,10,0.7142857142857143,0,0,0,0,2,0,0,0,0,1,1,0.0,0.0,2.0,4.0,False,simple,0,,,0,0,0,0,0.0,False,0,0,1,0,0,0,0.0,False,1,0,0.0,1,0,0,False,0,0,0.0,0,0,0,1.0,False,0,0,0,0
337,BeaconProxy,0x0000000000000000000002678204364727294781,data/safe_contracts/openzeppelin-contracts/contracts/proxy/beacon/BeaconProxy.sol,,openzeppelin,False,False,False,False,False,False,False,False,False,False,False,False,False,False,True,False,False,False,False,False,False,True,True,True,False,0,2,61,3,2,1,0,1,0,51,9,1,1.0,0,34,0.6666666666666666,1,1,1,0,31,32,0,2,0,6,3,0.0,0.0,71.0,631.8999999999999,True,simple,0,,,7,4,0,2,0.5714285714285714,False,2,3,3,1,0,2,0.6666666666666666,False,1,2,0.3333333333333333,2,1,1,True,1,2,1.0,1,0,0,1.0,False,0,0,0,0
338,ICompoundTimelock,0x0000000000000000000008560028110376155243,data/safe_contracts/openzeppelin-contracts/contracts/vendor/compound/ICompoundTimelock.sol,,openzeppelin,False,False,False,False,False,False,False,False,False,False,False,False,False,False,False,False,False,False,False,False,False,False,True,False,False,0,0,5,14,0,0,0,1,0,70,1,1,1.0,0,8,0.11428571428571428,2,0,0,0,5,0,0,0,0,2,1,0.0,0.0,5.0,12.5,False,simple,0,,,0,0,0,0,0.0,False,0,0,14,0,0,0,0.0,False,14,0,0.0,14,0,0,False,0,18,0.0,6,0,0,1.0,False,0,0,0,0
339,interfaces_IERC4626,0x9999999999999999999996229249096295028809,data/safe_contracts/openzeppelin_all/interfaces_IERC4626.sol,,openzeppelin,False,False,False,False,False,False,False,False,False,False,False,False,False,False,False,False,False,False,False,False,False,False,False,False,False,0,0,0,0,0,0,0,0,0,0,1,0,0.0,0,0,0.0,0,0,0,0,0,0,0,0,0,0,0,0.0,0.0,0.0,0.0,False,simple,0,IMPORT_ERROR,"File not found: Invalid compilation: 
Invalid solc compilation Error: Source ""data/safe_contracts/token/ERC20/IERC20.sol"" not found: File not found. Searched the following locations: """".
 --> data/safe_contracts/openzeppelin_all/interfaces_IERC4626.sol:6:1:
  |
6 | import {IERC20} from ""../token/ERC20/IERC20.sol"";
  | ^^^^^^^^^^^^^^^^^^^^^^^^^^^^^^^^^^^^^^^^^^^^^^^^^

Error: Source ""data/safe_contracts/token/ERC20/extensions/IERC20Metadata.sol"" not found: File not found. Searched the following locations: """".
 --> data/safe_contracts/openzeppelin_all/interfaces_IERC4626.sol:7:1:
  |
7 | import {IERC20Metadata} from ""../token/ERC20/extensions/IERC20Metadata.sol"";
  | ^^^^^^^^^^^^^^^^^^^^^^^^^^^^^^^^^^^^^^^^^^^^^^^^^^^^^^^^^^^^^^^^^^^^^^^^^^^^

",0,0,0,0,0.0,False,0,0,0,0,0,0,0.0,False,0,0,0.0,0,0,0,False,0,0,0.0,0,0,0,1.0,False,0,0,0,0
340,mocks_ReentrancyAttack,0x9999999999999999999991825113463100203457,data/safe_contracts/openzeppelin_all/mocks_ReentrancyAttack.sol,,openzeppelin,False,False,False,False,False,False,False,False,False,False,False,False,False,False,False,False,False,False,False,False,False,False,False,False,False,0,0,0,0,0,0,0,0,0,0,1,0,0.0,0,0,0.0,0,0,0,0,0,0,0,0,0,0,0,0.0,0.0,0.0,0.0,False,simple,0,IMPORT_ERROR,"File not found: Invalid compilation: 
Invalid solc compilation Error: Source ""data/safe_contracts/utils/Context.sol"" not found: File not found. Searched the following locations: """".
 --> data/safe_contracts/openzeppelin_all/mocks_ReentrancyAttack.sol:5:1:
  |
5 | import {Context} from ""../utils/Context.sol"";
  | ^^^^^^^^^^^^^^^^^^^^^^^^^^^^^^^^^^^^^^^^^^^^^

",0,0,0,0,0.0,False,0,0,0,0,0,0,0.0,False,0,0,0.0,0,0,0,False,0,0,0.0,0,0,0,1.0,False,0,0,0,0
341,interfaces_IERC3156FlashBorrower,0x9999999999999999999992373345756321247418,data/safe_contracts/openzeppelin_all/interfaces_IERC3156FlashBorrower.sol,,openzeppelin,False,False,False,False,False,False,False,False,False,False,False,False,False,False,False,False,False,False,False,False,False,False,True,False,False,0,0,2,1,0,0,0,1,0,25,1,1,1.0,0,15,0.6,0,0,0,0,2,0,0,0,0,1,1,0.0,0.0,2.0,4.0,False,simple,0,,,0,0,0,0,0.0,False,0,0,1,0,0,0,0.0,False,1,0,0.0,1,0,0,False,0,5,0.0,1,0,0,1.0,False,0,0,0,0
342,mocks_EtherReceiverMock,0x9999999999999999999998639599176348365223,data/safe_contracts/openzeppelin_all/mocks_EtherReceiverMock.sol,,openzeppelin,False,False,False,False,False,False,False,False,False,False,False,False,False,False,False,True,False,False,False,False,False,False,True,False,False,0,1,2,2,0,1,0,3,0,13,1,1,2.0,0,1,0.07692307692307693,1,0,0,0,3,0,0,1,0,2,2,0.0,0.0,7.0,10.5,False,simple,0,,,6,5,0,2,0.8333333333333334,False,0,4,2,1,1,0,0.0,False,2,0,0.5,2,1,1,True,0,1,0.0,1,0,0,1.0,False,0,0,0,0
343,interfaces_IERC2612,0x0000000000000000000004451165787620249012,data/safe_contracts/openzeppelin_all/interfaces_IERC2612.sol,,openzeppelin,False,False,False,False,False,False,False,False,False,False,False,False,False,False,False,False,False,False,False,False,False,False,False,False,False,0,0,0,0,0,0,0,0,0,0,1,0,0.0,0,0,0.0,0,0,0,0,0,0,0,0,0,0,0,0.0,0.0,0.0,0.0,False,simple,0,IMPORT_ERROR,"File not found: Invalid compilation: 
Invalid solc compilation Error: Source ""data/safe_contracts/token/ERC20/extensions/IERC20Permit.sol"" not found: File not found. Searched the following locations: """".
 --> data/safe_contracts/openzeppelin_all/interfaces_IERC2612.sol:6:1:
  |
6 | import {IERC20Permit} from ""../token/ERC20/extensions/IERC20Permit.sol"";
  | ^^^^^^^^^^^^^^^^^^^^^^^^^^^^^^^^^^^^^^^^^^^^^^^^^^^^^^^^^^^^^^^^^^^^^^^^

",0,0,0,0,0.0,False,0,0,0,0,0,0,0.0,False,0,0,0.0,0,0,0,False,0,0,0.0,0,0,0,1.0,False,0,0,0,0
344,mocks_governance_GovernorWithParamsMock,0x9999999999999999999999290870092704558742,data/safe_contracts/openzeppelin_all/mocks_governance_GovernorWithParamsMock.sol,,openzeppelin,False,False,False,False,False,False,False,False,False,False,False,False,False,False,False,False,False,False,False,False,False,False,False,False,False,0,0,0,0,0,0,0,0,0,0,1,0,0.0,0,0,0.0,0,0,0,0,0,0,0,0,0,0,0,0.0,0.0,0.0,0.0,False,simple,0,IMPORT_ERROR,"File not found: Invalid compilation: 
Invalid solc compilation Error: Source ""data/governance/Governor.sol"" not found: File not found. Searched the following locations: """".
 --> data/safe_contracts/openzeppelin_all/mocks_governance_GovernorWithParamsMock.sol:5:1:
  |
5 | import {Governor} from ""../../governance/Governor.sol"";
  | ^^^^^^^^^^^^^^^^^^^^^^^^^^^^^^^^^^^^^^^^^^^^^^^^^^^^^^^

Error: Source ""data/governance/extensions/GovernorCountingSimple.sol"" not found: File not found. Searched the following locations: """".
 --> data/safe_contracts/openzeppelin_all/mocks_governance_GovernorWithParamsMock.sol:6:1:
  |
6 | import {GovernorCountingSimple} from ""../../governance/extensions/GovernorCountingSimple.sol"";
  | ^^^^^^^^^^^^^^^^^^^^^^^^^^^^^^^^^^^^^^^^^^^^^^^^^^^^^^^^^^^^^^^^^^^^^^^^^^^^^^^^^^^^^^^^^^^^^^

Error: Source ""data/governance/extensions/GovernorVotes.sol"" not found: File not found. Searched the following locations: """".
 --> data/safe_contracts/openzeppelin_all/mocks_governance_GovernorWithParamsMock.sol:7:1:
  |
7 | import {GovernorVotes} from ""../../governance/extensions/GovernorVotes.sol"";
  | ^^^^^^^^^^^^^^^^^^^^^^^^^^^^^^^^^^^^^^^^^^^^^^^^^^^^^^^^^^^^^^^^^^^^^^^^^^^^

",0,0,0,0,0.0,False,0,0,0,0,0,0,0.0,False,0,0,0.0,0,0,0,False,0,0,0.0,0,0,0,1.0,False,0,0,0,0
345,token_ERC721_extensions_IERC721Metadata,0x0000000000000000000008486824900399089744,data/safe_contracts/openzeppelin_all/token_ERC721_extensions_IERC721Metadata.sol,,openzeppelin,False,False,False,False,False,False,False,False,False,False,False,False,False,False,False,False,False,False,False,False,False,False,False,False,False,0,0,0,0,0,0,0,0,0,0,1,0,0.0,0,0,0.0,0,0,0,0,0,0,0,0,0,0,0,0.0,0.0,0.0,0.0,False,simple,0,IMPORT_ERROR,"File not found: Invalid compilation: 
Invalid solc compilation Error: Source ""data/safe_contracts/IERC721.sol"" not found: File not found. Searched the following locations: """".
 --> data/safe_contracts/openzeppelin_all/token_ERC721_extensions_IERC721Metadata.sol:6:1:
  |
6 | import {IERC721} from ""../IERC721.sol"";
  | ^^^^^^^^^^^^^^^^^^^^^^^^^^^^^^^^^^^^^^^

",0,0,0,0,0.0,False,0,0,0,0,0,0,0.0,False,0,0,0.0,0,0,0,False,0,0,0.0,0,0,0,1.0,False,0,0,0,0
346,crosschain_ERC7786Recipient,0x0000000000000000000005966374141368679715,data/safe_contracts/openzeppelin_all/crosschain_ERC7786Recipient.sol,,openzeppelin,False,False,False,False,False,False,False,False,False,False,False,False,False,False,False,False,False,False,False,False,False,False,False,False,False,0,0,0,0,0,0,0,0,0,0,1,0,0.0,0,0,0.0,0,0,0,0,0,0,0,0,0,0,0,0.0,0.0,0.0,0.0,False,simple,0,IMPORT_ERROR,"File not found: Invalid compilation: 
Invalid solc compilation Error: Source ""data/safe_contracts/interfaces/draft-IERC7786.sol"" not found: File not found. Searched the following locations: """".
 --> data/safe_contracts/openzeppelin_all/crosschain_ERC7786Recipient.sol:6:1:
  |
6 | import {IERC7786Recipient} from ""../interfaces/draft-IERC7786.sol"";
  | ^^^^^^^^^^^^^^^^^^^^^^^^^^^^^^^^^^^^^^^^^^^^^^^^^^^^^^^^^^^^^^^^^^^

Error: Source ""data/safe_contracts/utils/structs/BitMaps.sol"" not found: File not found. Searched the following locations: """".
 --> data/safe_contracts/openzeppelin_all/crosschain_ERC7786Recipient.sol:7:1:
  |
7 | import {BitMaps} from ""../utils/structs/BitMaps.sol"";
  | ^^^^^^^^^^^^^^^^^^^^^^^^^^^^^^^^^^^^^^^^^^^^^^^^^^^^^

",0,0,0,0,0.0,False,0,0,0,0,0,0,0.0,False,0,0,0.0,0,0,0,False,0,0,0.0,0,0,0,1.0,False,0,0,0,0
347,token_ERC20_extensions_ERC4626,0x0000000000000000000002410075139946031270,data/safe_contracts/openzeppelin_all/token_ERC20_extensions_ERC4626.sol,,openzeppelin,False,False,False,False,False,False,False,False,False,False,False,False,False,False,False,False,False,False,False,False,False,False,False,False,False,0,0,0,0,0,0,0,0,0,0,1,0,0.0,0,0,0.0,0,0,0,0,0,0,0,0,0,0,0,0.0,0.0,0.0,0.0,False,simple,0,IMPORT_ERROR,"File not found: Invalid compilation: 
Invalid solc compilation Error: Source ""data/safe_contracts/ERC20.sol"" not found: File not found. Searched the following locations: """".
 --> data/safe_contracts/openzeppelin_all/token_ERC20_extensions_ERC4626.sol:6:1:
  |
6 | import {IERC20, IERC20Metadata, ERC20} from ""../ERC20.sol"";
  | ^^^^^^^^^^^^^^^^^^^^^^^^^^^^^^^^^^^^^^^^^^^^^^^^^^^^^^^^^^^

Error: Source ""data/safe_contracts/utils/SafeERC20.sol"" not found: File not found. Searched the following locations: """".
 --> data/safe_contracts/openzeppelin_all/token_ERC20_extensions_ERC4626.sol:7:1:
  |
7 | import {SafeERC20} from ""../utils/SafeERC20.sol"";
  | ^^^^^^^^^^^^^^^^^^^^^^^^^^^^^^^^^^^^^^^^^^^^^^^^^

Error: Source ""interfaces/IERC4626.sol"" not found: File not found. Searched the following locations: """".
 --> data/safe_contracts/openzeppelin_all/token_ERC20_extensions_ERC4626.sol:8:1:
  |
8 | import {IERC4626} from ""../../../interfaces/IERC4626.sol"";
  | ^^^^^^^^^^^^^^^^^^^^^^^^^^^^^^^^^^^^^^^^^^^^^^^^^^^^^^^^^^

Error: Source ""utils/LowLevelCall.sol"" not found: File not found. Searched the following locations: """".
 --> data/safe_contracts/openzeppelin_all/token_ERC20_extensions_ERC4626.sol:9:1:
  |
9 | import {LowLevelCall} from ""../../../utils/LowLevelCall.sol"";
  | ^^^^^^^^^^^^^^^^^^^^^^^^^^^^^^^^^^^^^^^^^^^^^^^^^^^^^^^^^^^^^

Error: Source ""utils/Memory.sol"" not found: File not found. Searched the following locations: """".
  --> data/safe_contracts/openzeppelin_all/token_ERC20_extensions_ERC4626.sol:10:1:
   |
10 | import {Memory} from ""../../../utils/Memory.sol"";
   | ^^^^^^^^^^^^^^^^^^^^^^^^^^^^^^^^^^^^^^^^^^^^^^^^^

Error: Source ""utils/math/Math.sol"" not found: File not found. Searched the following locations: """".
  --> data/safe_contracts/openzeppelin_all/token_ERC20_extensions_ERC4626.sol:11:1:
   |
11 | import {Math} from ""../../../utils/math/Math.sol"";
   | ^^^^^^^^^^^^^^^^^^^^^^^^^^^^^^^^^^^^^^^^^^^^^^^^^^

",0,0,0,0,0.0,False,0,0,0,0,0,0,0.0,False,0,0,0.0,0,0,0,False,0,0,0.0,0,0,0,1.0,False,0,0,0,0
348,mocks_docs_access-control_AccessManagedERC20MintBase,0x0000000000000000000003546264270937335267,data/safe_contracts/openzeppelin_all/mocks_docs_access-control_AccessManagedERC20MintBase.sol,,openzeppelin,False,False,False,False,False,False,False,False,False,False,False,False,False,False,False,False,False,False,False,False,False,False,False,False,False,0,0,0,0,0,0,0,0,0,0,1,0,0.0,0,0,0.0,0,0,0,0,0,0,0,0,0,0,0,0.0,0.0,0.0,0.0,False,simple,0,IMPORT_ERROR,"File not found: Invalid compilation: 
Invalid solc compilation Error: Source ""access/manager/AccessManaged.sol"" not found: File not found. Searched the following locations: """".
 --> data/safe_contracts/openzeppelin_all/mocks_docs_access-control_AccessManagedERC20MintBase.sol:4:1:
  |
4 | import {AccessManaged} from ""../../../access/manager/AccessManaged.sol"";
  | ^^^^^^^^^^^^^^^^^^^^^^^^^^^^^^^^^^^^^^^^^^^^^^^^^^^^^^^^^^^^^^^^^^^^^^^^

Error: Source ""token/ERC20/ERC20.sol"" not found: File not found. Searched the following locations: """".
 --> data/safe_contracts/openzeppelin_all/mocks_docs_access-control_AccessManagedERC20MintBase.sol:5:1:
  |
5 | import {ERC20} from ""../../../token/ERC20/ERC20.sol"";
  | ^^^^^^^^^^^^^^^^^^^^^^^^^^^^^^^^^^^^^^^^^^^^^^^^^^^^^

",0,0,0,0,0.0,False,0,0,0,0,0,0,0.0,False,0,0,0.0,0,0,0,False,0,0,0.0,0,0,0,1.0,False,0,0,0,0
349,governance_utils_VotesExtended,0x9999999999999999999995871192182631079406,data/safe_contracts/openzeppelin_all/governance_utils_VotesExtended.sol,,openzeppelin,False,False,False,False,False,False,False,False,False,False,False,False,False,False,False,False,False,False,False,False,False,False,False,False,False,0,0,0,0,0,0,0,0,0,0,1,0,0.0,0,0,0.0,0,0,0,0,0,0,0,0,0,0,0,0.0,0.0,0.0,0.0,False,simple,0,IMPORT_ERROR,"File not found: Invalid compilation: 
Invalid solc compilation Error: Source ""data/utils/structs/Checkpoints.sol"" not found: File not found. Searched the following locations: """".
 --> data/safe_contracts/openzeppelin_all/governance_utils_VotesExtended.sol:6:1:
  |
6 | import {Checkpoints} from ""../../utils/structs/Checkpoints.sol"";
  | ^^^^^^^^^^^^^^^^^^^^^^^^^^^^^^^^^^^^^^^^^^^^^^^^^^^^^^^^^^^^^^^^

Error: Source ""data/safe_contracts/openzeppelin_all/Votes.sol"" not found: File not found. Searched the following locations: """".
 --> data/safe_contracts/openzeppelin_all/governance_utils_VotesExtended.sol:7:1:
  |
7 | import {Votes} from ""./Votes.sol"";
  | ^^^^^^^^^^^^^^^^^^^^^^^^^^^^^^^^^^

Error: Source ""data/utils/math/SafeCast.sol"" not found: File not found. Searched the following locations: """".
 --> data/safe_contracts/openzeppelin_all/governance_utils_VotesExtended.sol:8:1:
  |
8 | import {SafeCast} from ""../../utils/math/SafeCast.sol"";
  | ^^^^^^^^^^^^^^^^^^^^^^^^^^^^^^^^^^^^^^^^^^^^^^^^^^^^^^^

",0,0,0,0,0.0,False,0,0,0,0,0,0,0.0,False,0,0,0.0,0,0,0,False,0,0,0.0,0,0,0,1.0,False,0,0,0,0
350,interfaces_draft-IERC7786,0x0000000000000000000007325072011312162034,data/safe_contracts/openzeppelin_all/interfaces_draft-IERC7786.sol,,openzeppelin,False,False,False,False,False,False,False,False,False,False,False,False,False,False,False,False,False,False,False,False,False,False,True,False,False,0,0,2,0,0,0,0,0,0,0,1,0,0.0,0,0,0.0,0,0,0,0,2,0,0,0,0,1,1,0.0,0.0,2.0,4.0,False,simple,0,,,0,0,0,0,0.0,False,0,0,0,0,0,0,0.0,False,0,0,0.0,0,0,0,False,0,0,0.0,0,0,0,1.0,False,0,0,0,0
351,utils_math_Math,0x9999999999999999999998111487904618466061,data/safe_contracts/openzeppelin_all/utils_math_Math.sol,,openzeppelin,False,False,False,False,False,False,False,False,False,False,False,False,False,False,False,False,False,False,False,False,False,False,False,False,False,0,0,0,0,0,0,0,0,0,0,1,0,0.0,0,0,0.0,0,0,0,0,0,0,0,0,0,0,0,0.0,0.0,0.0,0.0,False,simple,0,IMPORT_ERROR,"File not found: Invalid compilation: 
Invalid solc compilation Error: Source ""data/safe_contracts/Panic.sol"" not found: File not found. Searched the following locations: """".
 --> data/safe_contracts/openzeppelin_all/utils_math_Math.sol:6:1:
  |
6 | import {Panic} from ""../Panic.sol"";
  | ^^^^^^^^^^^^^^^^^^^^^^^^^^^^^^^^^^^

Error: Source ""data/safe_contracts/openzeppelin_all/SafeCast.sol"" not found: File not found. Searched the following locations: """".
 --> data/safe_contracts/openzeppelin_all/utils_math_Math.sol:7:1:
  |
7 | import {SafeCast} from ""./SafeCast.sol"";
  | ^^^^^^^^^^^^^^^^^^^^^^^^^^^^^^^^^^^^^^^^

",0,0,0,0,0.0,False,0,0,0,0,0,0,0.0,False,0,0,0.0,0,0,0,False,0,0,0.0,0,0,0,1.0,False,0,0,0,0
352,proxy_utils_Initializable,0x0000000000000000000005656397819887547844,data/safe_contracts/openzeppelin_all/proxy_utils_Initializable.sol,,openzeppelin,False,False,False,False,False,False,False,False,False,False,False,False,False,False,True,False,False,False,False,False,False,False,True,False,False,0,0,9,7,0,1,3,5,0,218,1,1,1.8571428571428572,0,143,0.6559633027522935,0,0,0,0,3,6,0,0,0,3,2,0.0,0.0,9.0,21.6,False,simple,0,,,25,21,0,6,0.84,False,3,13,7,7,0,0,0.0,False,0,7,1.0,4,1,0,True,0,0,0.0,0,0,0,1.0,False,0,0,0,0
353,interfaces_IERC2309,0x0000000000000000000008038251009003452323,data/safe_contracts/openzeppelin_all/interfaces_IERC2309.sol,,openzeppelin,False,False,False,False,False,False,False,False,False,False,False,False,False,False,False,False,False,False,False,False,False,False,True,False,False,0,0,2,0,0,0,0,0,0,17,1,1,0.0,0,8,0.47058823529411764,0,0,0,0,2,0,0,0,0,1,1,0.0,0.0,2.0,4.0,False,simple,0,,,0,0,0,0,0.0,False,0,0,0,0,0,0,0.0,False,0,0,0.0,0,0,0,False,0,0,0.0,0,0,0,1.0,False,0,0,0,0
354,utils_cryptography_verifiers_ERC7913RSAVerifier,0x0000000000000000000003478501527815185396,data/safe_contracts/openzeppelin_all/utils_cryptography_verifiers_ERC7913RSAVerifier.sol,,openzeppelin,False,False,False,False,False,False,False,False,False,False,False,False,False,False,False,False,False,False,False,False,False,False,False,False,False,0,0,0,0,0,0,0,0,0,0,1,0,0.0,0,0,0.0,0,0,0,0,0,0,0,0,0,0,0,0.0,0.0,0.0,0.0,False,simple,0,IMPORT_ERROR,"File not found: Invalid compilation: 
Invalid solc compilation Error: Source ""data/safe_contracts/RSA.sol"" not found: File not found. Searched the following locations: """".
 --> data/safe_contracts/openzeppelin_all/utils_cryptography_verifiers_ERC7913RSAVerifier.sol:6:1:
  |
6 | import {RSA} from ""../RSA.sol"";
  | ^^^^^^^^^^^^^^^^^^^^^^^^^^^^^^^

Error: Source ""interfaces/IERC7913.sol"" not found: File not found. Searched the following locations: """".
 --> data/safe_contracts/openzeppelin_all/utils_cryptography_verifiers_ERC7913RSAVerifier.sol:7:1:
  |
7 | import {IERC7913SignatureVerifier} from ""../../../interfaces/IERC7913.sol"";
  | ^^^^^^^^^^^^^^^^^^^^^^^^^^^^^^^^^^^^^^^^^^^^^^^^^^^^^^^^^^^^^^^^^^^^^^^^^^^

",0,0,0,0,0.0,False,0,0,0,0,0,0,0.0,False,0,0,0.0,0,0,0,False,0,0,0.0,0,0,0,1.0,False,0,0,0,0
355,mocks_token_ERC1363ReceiverMock,0x9999999999999999999995835623815204213823,data/safe_contracts/openzeppelin_all/mocks_token_ERC1363ReceiverMock.sol,,openzeppelin,False,False,False,False,False,False,False,False,False,False,False,False,False,False,False,False,False,False,False,False,False,False,False,False,False,0,0,0,0,0,0,0,0,0,0,1,0,0.0,0,0,0.0,0,0,0,0,0,0,0,0,0,0,0,0.0,0.0,0.0,0.0,False,simple,0,IMPORT_ERROR,"File not found: Invalid compilation: 
Invalid solc compilation Error: Source ""data/interfaces/IERC1363Receiver.sol"" not found: File not found. Searched the following locations: """".
 --> data/safe_contracts/openzeppelin_all/mocks_token_ERC1363ReceiverMock.sol:5:1:
  |
5 | import {IERC1363Receiver} from ""../../interfaces/IERC1363Receiver.sol"";
  | ^^^^^^^^^^^^^^^^^^^^^^^^^^^^^^^^^^^^^^^^^^^^^^^^^^^^^^^^^^^^^^^^^^^^^^^

",0,0,0,0,0.0,False,0,0,0,0,0,0,0.0,False,0,0,0.0,0,0,0,False,0,0,0.0,0,0,0,1.0,False,0,0,0,0
356,token_ERC20_extensions_ERC20Votes,0x9999999999999999999998091188473860757228,data/safe_contracts/openzeppelin_all/token_ERC20_extensions_ERC20Votes.sol,,openzeppelin,False,False,False,False,False,False,False,False,False,False,False,False,False,False,False,False,False,False,False,False,False,False,False,False,False,0,0,0,0,0,0,0,0,0,0,1,0,0.0,0,0,0.0,0,0,0,0,0,0,0,0,0,0,0,0.0,0.0,0.0,0.0,False,simple,0,IMPORT_ERROR,"File not found: Invalid compilation: 
Invalid solc compilation Error: Source ""data/safe_contracts/ERC20.sol"" not found: File not found. Searched the following locations: """".
 --> data/safe_contracts/openzeppelin_all/token_ERC20_extensions_ERC20Votes.sol:6:1:
  |
6 | import {ERC20} from ""../ERC20.sol"";
  | ^^^^^^^^^^^^^^^^^^^^^^^^^^^^^^^^^^^

Error: Source ""governance/utils/Votes.sol"" not found: File not found. Searched the following locations: """".
 --> data/safe_contracts/openzeppelin_all/token_ERC20_extensions_ERC20Votes.sol:7:1:
  |
7 | import {Votes} from ""../../../governance/utils/Votes.sol"";
  | ^^^^^^^^^^^^^^^^^^^^^^^^^^^^^^^^^^^^^^^^^^^^^^^^^^^^^^^^^^

Error: Source ""utils/structs/Checkpoints.sol"" not found: File not found. Searched the following locations: """".
 --> data/safe_contracts/openzeppelin_all/token_ERC20_extensions_ERC20Votes.sol:8:1:
  |
8 | import {Checkpoints} from ""../../../utils/structs/Checkpoints.sol"";
  | ^^^^^^^^^^^^^^^^^^^^^^^^^^^^^^^^^^^^^^^^^^^^^^^^^^^^^^^^^^^^^^^^^^^

",0,0,0,0,0.0,False,0,0,0,0,0,0,0.0,False,0,0,0.0,0,0,0,False,0,0,0.0,0,0,0,1.0,False,0,0,0,0
357,governance_extensions_GovernorStorage,0x0000000000000000000005956402480379248046,data/safe_contracts/openzeppelin_all/governance_extensions_GovernorStorage.sol,,openzeppelin,False,False,False,False,False,False,False,False,False,False,False,False,False,False,False,False,False,False,False,False,False,False,False,False,False,0,0,0,0,0,0,0,0,0,0,1,0,0.0,0,0,0.0,0,0,0,0,0,0,0,0,0,0,0,0.0,0.0,0.0,0.0,False,simple,0,IMPORT_ERROR,"File not found: Invalid compilation: 
Invalid solc compilation Error: Source ""data/safe_contracts/Governor.sol"" not found: File not found. Searched the following locations: """".
 --> data/safe_contracts/openzeppelin_all/governance_extensions_GovernorStorage.sol:6:1:
  |
6 | import {Governor} from ""../Governor.sol"";
  | ^^^^^^^^^^^^^^^^^^^^^^^^^^^^^^^^^^^^^^^^^

",0,0,0,0,0.0,False,0,0,0,0,0,0,0.0,False,0,0,0.0,0,0,0,False,0,0,0.0,0,0,0,1.0,False,0,0,0,0
358,interfaces_IERC4906,0x9999999999999999999997159992363973574923,data/safe_contracts/openzeppelin_all/interfaces_IERC4906.sol,,openzeppelin,False,False,False,False,False,False,False,False,False,False,False,False,False,False,False,False,False,False,False,False,False,False,False,False,False,0,0,0,0,0,0,0,0,0,0,1,0,0.0,0,0,0.0,0,0,0,0,0,0,0,0,0,0,0,0.0,0.0,0.0,0.0,False,simple,0,IMPORT_ERROR,"File not found: Invalid compilation: 
Invalid solc compilation Error: Source ""data/safe_contracts/openzeppelin_all/IERC165.sol"" not found: File not found. Searched the following locations: """".
 --> data/safe_contracts/openzeppelin_all/interfaces_IERC4906.sol:6:1:
  |
6 | import {IERC165} from ""./IERC165.sol"";
  | ^^^^^^^^^^^^^^^^^^^^^^^^^^^^^^^^^^^^^^

Error: Source ""data/safe_contracts/openzeppelin_all/IERC721.sol"" not found: File not found. Searched the following locations: """".
 --> data/safe_contracts/openzeppelin_all/interfaces_IERC4906.sol:7:1:
  |
7 | import {IERC721} from ""./IERC721.sol"";
  | ^^^^^^^^^^^^^^^^^^^^^^^^^^^^^^^^^^^^^^

",0,0,0,0,0.0,False,0,0,0,0,0,0,0.0,False,0,0,0.0,0,0,0,False,0,0,0.0,0,0,0,1.0,False,0,0,0,0
359,utils_structs_DoubleEndedQueue,0x0000000000000000000000968466123900598815,data/safe_contracts/openzeppelin_all/utils_structs_DoubleEndedQueue.sol,,openzeppelin,False,False,False,False,False,False,False,False,False,False,False,False,False,False,False,False,False,False,False,False,False,False,False,False,False,0,0,0,0,0,0,0,0,0,0,1,0,0.0,0,0,0.0,0,0,0,0,0,0,0,0,0,0,0,0.0,0.0,0.0,0.0,False,simple,0,IMPORT_ERROR,"File not found: Invalid compilation: 
Invalid solc compilation Error: Source ""data/safe_contracts/Panic.sol"" not found: File not found. Searched the following locations: """".
 --> data/safe_contracts/openzeppelin_all/utils_structs_DoubleEndedQueue.sol:5:1:
  |
5 | import {Panic} from ""../Panic.sol"";
  | ^^^^^^^^^^^^^^^^^^^^^^^^^^^^^^^^^^^

",0,0,0,0,0.0,False,0,0,0,0,0,0,0.0,False,0,0,0.0,0,0,0,False,0,0,0.0,0,0,0,1.0,False,0,0,0,0
360,utils_Blockhash,0x0000000000000000000006581064982762803957,data/safe_contracts/openzeppelin_all/utils_Blockhash.sol,,openzeppelin,False,False,False,False,False,False,False,False,False,False,False,False,False,False,True,False,False,False,False,False,False,False,True,False,False,0,0,5,3,0,1,0,2,0,46,1,1,1.3333333333333333,0,26,0.5652173913043478,0,0,0,0,3,2,0,0,0,3,2,0.0,0.0,5.0,7.333333333333334,False,simple,0,,,15,12,0,6,0.8,False,2,4,3,7,0,0,0.0,False,0,3,2.3333333333333335,7,1,0,True,0,2,0.0,2,0,0,1.0,False,0,0,0,0
361,token_ERC20_extensions_IERC20Metadata,0x0000000000000000000007908372211398229624,data/safe_contracts/openzeppelin_all/token_ERC20_extensions_IERC20Metadata.sol,,openzeppelin,False,False,False,False,False,False,False,False,False,False,False,False,False,False,False,False,False,False,False,False,False,False,False,False,False,0,0,0,0,0,0,0,0,0,0,1,0,0.0,0,0,0.0,0,0,0,0,0,0,0,0,0,0,0,0.0,0.0,0.0,0.0,False,simple,0,IMPORT_ERROR,"File not found: Invalid compilation: 
Invalid solc compilation Error: Source ""data/safe_contracts/IERC20.sol"" not found: File not found. Searched the following locations: """".
 --> data/safe_contracts/openzeppelin_all/token_ERC20_extensions_IERC20Metadata.sol:6:1:
  |
6 | import {IERC20} from ""../IERC20.sol"";
  | ^^^^^^^^^^^^^^^^^^^^^^^^^^^^^^^^^^^^^

",0,0,0,0,0.0,False,0,0,0,0,0,0,0.0,False,0,0,0.0,0,0,0,False,0,0,0.0,0,0,0,1.0,False,0,0,0,0
362,interfaces_IERC3156,0x0000000000000000000001231245874632806171,data/safe_contracts/openzeppelin_all/interfaces_IERC3156.sol,,openzeppelin,False,False,False,False,False,False,False,False,False,False,False,False,False,False,False,False,False,False,False,False,False,False,False,False,False,0,0,0,0,0,0,0,0,0,0,1,0,0.0,0,0,0.0,0,0,0,0,0,0,0,0,0,0,0,0.0,0.0,0.0,0.0,False,simple,0,IMPORT_ERROR,"File not found: Invalid compilation: 
Invalid solc compilation Error: Source ""data/safe_contracts/openzeppelin_all/IERC3156FlashBorrower.sol"" not found: File not found. Searched the following locations: """".
 --> data/safe_contracts/openzeppelin_all/interfaces_IERC3156.sol:6:1:
  |
6 | import {IERC3156FlashBorrower} from ""./IERC3156FlashBorrower.sol"";
  | ^^^^^^^^^^^^^^^^^^^^^^^^^^^^^^^^^^^^^^^^^^^^^^^^^^^^^^^^^^^^^^^^^^

Error: Source ""data/safe_contracts/openzeppelin_all/IERC3156FlashLender.sol"" not found: File not found. Searched the following locations: """".
 --> data/safe_contracts/openzeppelin_all/interfaces_IERC3156.sol:7:1:
  |
7 | import {IERC3156FlashLender} from ""./IERC3156FlashLender.sol"";
  | ^^^^^^^^^^^^^^^^^^^^^^^^^^^^^^^^^^^^^^^^^^^^^^^^^^^^^^^^^^^^^^

",0,0,0,0,0.0,False,0,0,0,0,0,0,0.0,False,0,0,0.0,0,0,0,False,0,0,0.0,0,0,0,1.0,False,0,0,0,0
363,utils_cryptography_verifiers_ERC7913P256Verifier,0x0000000000000000000006631945524195261622,data/safe_contracts/openzeppelin_all/utils_cryptography_verifiers_ERC7913P256Verifier.sol,,openzeppelin,False,False,False,False,False,False,False,False,False,False,False,False,False,False,False,False,False,False,False,False,False,False,False,False,False,0,0,0,0,0,0,0,0,0,0,1,0,0.0,0,0,0.0,0,0,0,0,0,0,0,0,0,0,0,0.0,0.0,0.0,0.0,False,simple,0,IMPORT_ERROR,"File not found: Invalid compilation: 
Invalid solc compilation Error: Source ""data/safe_contracts/P256.sol"" not found: File not found. Searched the following locations: """".
 --> data/safe_contracts/openzeppelin_all/utils_cryptography_verifiers_ERC7913P256Verifier.sol:6:1:
  |
6 | import {P256} from ""../P256.sol"";
  | ^^^^^^^^^^^^^^^^^^^^^^^^^^^^^^^^^

Error: Source ""interfaces/IERC7913.sol"" not found: File not found. Searched the following locations: """".
 --> data/safe_contracts/openzeppelin_all/utils_cryptography_verifiers_ERC7913P256Verifier.sol:7:1:
  |
7 | import {IERC7913SignatureVerifier} from ""../../../interfaces/IERC7913.sol"";
  | ^^^^^^^^^^^^^^^^^^^^^^^^^^^^^^^^^^^^^^^^^^^^^^^^^^^^^^^^^^^^^^^^^^^^^^^^^^^

",0,0,0,0,0.0,False,0,0,0,0,0,0,0.0,False,0,0,0.0,0,0,0,False,0,0,0.0,0,0,0,1.0,False,0,0,0,0
364,mocks_token_ERC721ConsecutiveEnumerableMock,0x9999999999999999999991586261486564065821,data/safe_contracts/openzeppelin_all/mocks_token_ERC721ConsecutiveEnumerableMock.sol,,openzeppelin,False,False,False,False,False,False,False,False,False,False,False,False,False,False,False,False,False,False,False,False,False,False,False,False,False,0,0,0,0,0,0,0,0,0,0,1,0,0.0,0,0,0.0,0,0,0,0,0,0,0,0,0,0,0,0.0,0.0,0.0,0.0,False,simple,0,IMPORT_ERROR,"File not found: Invalid compilation: 
Invalid solc compilation Error: Source ""data/token/ERC721/ERC721.sol"" not found: File not found. Searched the following locations: """".
 --> data/safe_contracts/openzeppelin_all/mocks_token_ERC721ConsecutiveEnumerableMock.sol:5:1:
  |
5 | import {ERC721} from ""../../token/ERC721/ERC721.sol"";
  | ^^^^^^^^^^^^^^^^^^^^^^^^^^^^^^^^^^^^^^^^^^^^^^^^^^^^^

Error: Source ""data/token/ERC721/extensions/ERC721Consecutive.sol"" not found: File not found. Searched the following locations: """".
 --> data/safe_contracts/openzeppelin_all/mocks_token_ERC721ConsecutiveEnumerableMock.sol:6:1:
  |
6 | import {ERC721Consecutive} from ""../../token/ERC721/extensions/ERC721Consecutive.sol"";
  | ^^^^^^^^^^^^^^^^^^^^^^^^^^^^^^^^^^^^^^^^^^^^^^^^^^^^^^^^^^^^^^^^^^^^^^^^^^^^^^^^^^^^^^

Error: Source ""data/token/ERC721/extensions/ERC721Enumerable.sol"" not found: File not found. Searched the following locations: """".
 --> data/safe_contracts/openzeppelin_all/mocks_token_ERC721ConsecutiveEnumerableMock.sol:7:1:
  |
7 | import {ERC721Enumerable} from ""../../token/ERC721/extensions/ERC721Enumerable.sol"";
  | ^^^^^^^^^^^^^^^^^^^^^^^^^^^^^^^^^^^^^^^^^^^^^^^^^^^^^^^^^^^^^^^^^^^^^^^^^^^^^^^^^^^^

",0,0,0,0,0.0,False,0,0,0,0,0,0,0.0,False,0,0,0.0,0,0,0,False,0,0,0.0,0,0,0,1.0,False,0,0,0,0
365,mocks_token_ERC721ConsecutiveMock,0x9999999999999999999997288733471399934470,data/safe_contracts/openzeppelin_all/mocks_token_ERC721ConsecutiveMock.sol,,openzeppelin,False,False,False,False,False,False,False,False,False,False,False,False,False,False,False,False,False,False,False,False,False,False,False,False,False,0,0,0,0,0,0,0,0,0,0,1,0,0.0,0,0,0.0,0,0,0,0,0,0,0,0,0,0,0,0.0,0.0,0.0,0.0,False,simple,0,IMPORT_ERROR,"File not found: Invalid compilation: 
Invalid solc compilation Error: Source ""data/token/ERC721/ERC721.sol"" not found: File not found. Searched the following locations: """".
 --> data/safe_contracts/openzeppelin_all/mocks_token_ERC721ConsecutiveMock.sol:5:1:
  |
5 | import {ERC721} from ""../../token/ERC721/ERC721.sol"";
  | ^^^^^^^^^^^^^^^^^^^^^^^^^^^^^^^^^^^^^^^^^^^^^^^^^^^^^

Error: Source ""data/token/ERC721/extensions/ERC721Consecutive.sol"" not found: File not found. Searched the following locations: """".
 --> data/safe_contracts/openzeppelin_all/mocks_token_ERC721ConsecutiveMock.sol:6:1:
  |
6 | import {ERC721Consecutive} from ""../../token/ERC721/extensions/ERC721Consecutive.sol"";
  | ^^^^^^^^^^^^^^^^^^^^^^^^^^^^^^^^^^^^^^^^^^^^^^^^^^^^^^^^^^^^^^^^^^^^^^^^^^^^^^^^^^^^^^

Error: Source ""data/token/ERC721/extensions/ERC721Pausable.sol"" not found: File not found. Searched the following locations: """".
 --> data/safe_contracts/openzeppelin_all/mocks_token_ERC721ConsecutiveMock.sol:7:1:
  |
7 | import {ERC721Pausable} from ""../../token/ERC721/extensions/ERC721Pausable.sol"";
  | ^^^^^^^^^^^^^^^^^^^^^^^^^^^^^^^^^^^^^^^^^^^^^^^^^^^^^^^^^^^^^^^^^^^^^^^^^^^^^^^^

Error: Source ""data/token/ERC721/extensions/ERC721Votes.sol"" not found: File not found. Searched the following locations: """".
 --> data/safe_contracts/openzeppelin_all/mocks_token_ERC721ConsecutiveMock.sol:8:1:
  |
8 | import {ERC721Votes} from ""../../token/ERC721/extensions/ERC721Votes.sol"";
  | ^^^^^^^^^^^^^^^^^^^^^^^^^^^^^^^^^^^^^^^^^^^^^^^^^^^^^^^^^^^^^^^^^^^^^^^^^^

Error: Source ""data/utils/cryptography/EIP712.sol"" not found: File not found. Searched the following locations: """".
 --> data/safe_contracts/openzeppelin_all/mocks_token_ERC721ConsecutiveMock.sol:9:1:
  |
9 | import {EIP712} from ""../../utils/cryptography/EIP712.sol"";
  | ^^^^^^^^^^^^^^^^^^^^^^^^^^^^^^^^^^^^^^^^^^^^^^^^^^^^^^^^^^^

",0,0,0,0,0.0,False,0,0,0,0,0,0,0.0,False,0,0,0.0,0,0,0,False,0,0,0.0,0,0,0,1.0,False,0,0,0,0
366,governance_extensions_GovernorPreventLateQuorum,0x0000000000000000000003729555728731593424,data/safe_contracts/openzeppelin_all/governance_extensions_GovernorPreventLateQuorum.sol,,openzeppelin,False,False,False,False,False,False,False,False,False,False,False,False,False,False,False,False,False,False,False,False,False,False,False,False,False,0,0,0,0,0,0,0,0,0,0,1,0,0.0,0,0,0.0,0,0,0,0,0,0,0,0,0,0,0,0.0,0.0,0.0,0.0,False,simple,0,IMPORT_ERROR,"File not found: Invalid compilation: 
Invalid solc compilation Error: Source ""data/safe_contracts/Governor.sol"" not found: File not found. Searched the following locations: """".
 --> data/safe_contracts/openzeppelin_all/governance_extensions_GovernorPreventLateQuorum.sol:6:1:
  |
6 | import {Governor} from ""../Governor.sol"";
  | ^^^^^^^^^^^^^^^^^^^^^^^^^^^^^^^^^^^^^^^^^

Error: Source ""data/utils/math/Math.sol"" not found: File not found. Searched the following locations: """".
 --> data/safe_contracts/openzeppelin_all/governance_extensions_GovernorPreventLateQuorum.sol:7:1:
  |
7 | import {Math} from ""../../utils/math/Math.sol"";
  | ^^^^^^^^^^^^^^^^^^^^^^^^^^^^^^^^^^^^^^^^^^^^^^^

",0,0,0,0,0.0,False,0,0,0,0,0,0,0.0,False,0,0,0.0,0,0,0,False,0,0,0.0,0,0,0,1.0,False,0,0,0,0
367,mocks_token_ERC20VotesTimestampMock,0x0000000000000000000005541569297397524483,data/safe_contracts/openzeppelin_all/mocks_token_ERC20VotesTimestampMock.sol,,openzeppelin,False,False,False,False,False,False,False,False,False,False,False,False,False,False,False,False,False,False,False,False,False,False,False,False,False,0,0,0,0,0,0,0,0,0,0,1,0,0.0,0,0,0.0,0,0,0,0,0,0,0,0,0,0,0,0.0,0.0,0.0,0.0,False,simple,0,IMPORT_ERROR,"File not found: Invalid compilation: 
Invalid solc compilation Error: Source ""data/token/ERC20/extensions/ERC20Votes.sol"" not found: File not found. Searched the following locations: """".
 --> data/safe_contracts/openzeppelin_all/mocks_token_ERC20VotesTimestampMock.sol:5:1:
  |
5 | import {ERC20Votes} from ""../../token/ERC20/extensions/ERC20Votes.sol"";
  | ^^^^^^^^^^^^^^^^^^^^^^^^^^^^^^^^^^^^^^^^^^^^^^^^^^^^^^^^^^^^^^^^^^^^^^^

Error: Source ""data/token/ERC721/extensions/ERC721Votes.sol"" not found: File not found. Searched the following locations: """".
 --> data/safe_contracts/openzeppelin_all/mocks_token_ERC20VotesTimestampMock.sol:6:1:
  |
6 | import {ERC721Votes} from ""../../token/ERC721/extensions/ERC721Votes.sol"";
  | ^^^^^^^^^^^^^^^^^^^^^^^^^^^^^^^^^^^^^^^^^^^^^^^^^^^^^^^^^^^^^^^^^^^^^^^^^^

Error: Source ""data/utils/math/SafeCast.sol"" not found: File not found. Searched the following locations: """".
 --> data/safe_contracts/openzeppelin_all/mocks_token_ERC20VotesTimestampMock.sol:7:1:
  |
7 | import {SafeCast} from ""../../utils/math/SafeCast.sol"";
  | ^^^^^^^^^^^^^^^^^^^^^^^^^^^^^^^^^^^^^^^^^^^^^^^^^^^^^^^

",0,0,0,0,0.0,False,0,0,0,0,0,0,0.0,False,0,0,0.0,0,0,0,False,0,0,0.0,0,0,0,1.0,False,0,0,0,0
368,utils_cryptography_signers_SignerRSA,0x9999999999999999999991869528829809158890,data/safe_contracts/openzeppelin_all/utils_cryptography_signers_SignerRSA.sol,,openzeppelin,False,False,False,False,False,False,False,False,False,False,False,False,False,False,False,False,False,False,False,False,False,False,False,False,False,0,0,0,0,0,0,0,0,0,0,1,0,0.0,0,0,0.0,0,0,0,0,0,0,0,0,0,0,0,0.0,0.0,0.0,0.0,False,simple,0,IMPORT_ERROR,"File not found: Invalid compilation: 
Invalid solc compilation Error: Source ""data/safe_contracts/openzeppelin_all/AbstractSigner.sol"" not found: File not found. Searched the following locations: """".
 --> data/safe_contracts/openzeppelin_all/utils_cryptography_signers_SignerRSA.sol:6:1:
  |
6 | import {AbstractSigner} from ""./AbstractSigner.sol"";
  | ^^^^^^^^^^^^^^^^^^^^^^^^^^^^^^^^^^^^^^^^^^^^^^^^^^^^

Error: Source ""data/safe_contracts/RSA.sol"" not found: File not found. Searched the following locations: """".
 --> data/safe_contracts/openzeppelin_all/utils_cryptography_signers_SignerRSA.sol:7:1:
  |
7 | import {RSA} from ""../RSA.sol"";
  | ^^^^^^^^^^^^^^^^^^^^^^^^^^^^^^^

",0,0,0,0,0.0,False,0,0,0,0,0,0,0.0,False,0,0,0.0,0,0,0,False,0,0,0.0,0,0,0,1.0,False,0,0,0,0
369,utils_introspection_IERC165,0x9999999999999999999992514754239013514749,data/safe_contracts/openzeppelin_all/utils_introspection_IERC165.sol,,openzeppelin,False,False,False,False,False,False,False,False,False,False,False,False,False,False,False,False,False,False,False,False,False,False,True,False,False,0,0,2,1,0,0,0,1,0,23,1,1,1.0,0,19,0.8260869565217391,0,0,0,0,2,0,0,0,0,1,1,0.0,0.0,2.0,4.0,False,simple,0,,,0,0,0,0,0.0,False,0,0,1,0,0,0,0.0,False,1,0,0.0,1,0,0,False,0,1,0.0,1,0,0,1.0,False,0,0,0,0
370,mocks_StorageSlotMock,0x9999999999999999999997651880215365123740,data/safe_contracts/openzeppelin_all/mocks_StorageSlotMock.sol,,openzeppelin,False,False,False,False,False,False,False,False,False,False,False,False,False,False,False,False,False,False,False,False,False,False,False,False,False,0,0,0,0,0,0,0,0,0,0,1,0,0.0,0,0,0.0,0,0,0,0,0,0,0,0,0,0,0,0.0,0.0,0.0,0.0,False,simple,0,IMPORT_ERROR,"File not found: Invalid compilation: 
Invalid solc compilation Error: Source ""data/safe_contracts/utils/Multicall.sol"" not found: File not found. Searched the following locations: """".
 --> data/safe_contracts/openzeppelin_all/mocks_StorageSlotMock.sol:6:1:
  |
6 | import {Multicall} from ""../utils/Multicall.sol"";
  | ^^^^^^^^^^^^^^^^^^^^^^^^^^^^^^^^^^^^^^^^^^^^^^^^^

Error: Source ""data/safe_contracts/utils/StorageSlot.sol"" not found: File not found. Searched the following locations: """".
 --> data/safe_contracts/openzeppelin_all/mocks_StorageSlotMock.sol:7:1:
  |
7 | import {StorageSlot} from ""../utils/StorageSlot.sol"";
  | ^^^^^^^^^^^^^^^^^^^^^^^^^^^^^^^^^^^^^^^^^^^^^^^^^^^^^

",0,0,0,0,0.0,False,0,0,0,0,0,0,0.0,False,0,0,0.0,0,0,0,False,0,0,0.0,0,0,0,1.0,False,0,0,0,0
371,governance_extensions_GovernorSequentialProposalId,0x9999999999999999999996762629832979065940,data/safe_contracts/openzeppelin_all/governance_extensions_GovernorSequentialProposalId.sol,,openzeppelin,False,False,False,False,False,False,False,False,False,False,False,False,False,False,False,False,False,False,False,False,False,False,False,False,False,0,0,0,0,0,0,0,0,0,0,1,0,0.0,0,0,0.0,0,0,0,0,0,0,0,0,0,0,0,0.0,0.0,0.0,0.0,False,simple,0,IMPORT_ERROR,"File not found: Invalid compilation: 
Invalid solc compilation Error: Source ""data/safe_contracts/Governor.sol"" not found: File not found. Searched the following locations: """".
 --> data/safe_contracts/openzeppelin_all/governance_extensions_GovernorSequentialProposalId.sol:6:1:
  |
6 | import {IGovernor, Governor} from ""../Governor.sol"";
  | ^^^^^^^^^^^^^^^^^^^^^^^^^^^^^^^^^^^^^^^^^^^^^^^^^^^^

",0,0,0,0,0.0,False,0,0,0,0,0,0,0.0,False,0,0,0.0,0,0,0,False,0,0,0.0,0,0,0,1.0,False,0,0,0,0
372,mocks_token_ERC20BridgeableMock,0x0000000000000000000005299866820116288268,data/safe_contracts/openzeppelin_all/mocks_token_ERC20BridgeableMock.sol,,openzeppelin,False,False,False,False,False,False,False,False,False,False,False,False,False,False,False,False,False,False,False,False,False,False,False,False,False,0,0,0,0,0,0,0,0,0,0,1,0,0.0,0,0,0.0,0,0,0,0,0,0,0,0,0,0,0,0.0,0.0,0.0,0.0,False,simple,0,IMPORT_ERROR,"File not found: Invalid compilation: 
Invalid solc compilation Error: Source ""data/token/ERC20/extensions/draft-ERC20Bridgeable.sol"" not found: File not found. Searched the following locations: """".
 --> data/safe_contracts/openzeppelin_all/mocks_token_ERC20BridgeableMock.sol:5:1:
  |
5 | import {ERC20Bridgeable} from ""../../token/ERC20/extensions/draft-ERC20Bridgeable.sol"";
  | ^^^^^^^^^^^^^^^^^^^^^^^^^^^^^^^^^^^^^^^^^^^^^^^^^^^^^^^^^^^^^^^^^^^^^^^^^^^^^^^^^^^^^^^

",0,0,0,0,0.0,False,0,0,0,0,0,0,0.0,False,0,0,0.0,0,0,0,False,0,0,0.0,0,0,0,1.0,False,0,0,0,0
373,utils_Panic,0x0000000000000000000001083190139001445515,data/safe_contracts/openzeppelin_all/utils_Panic.sol,,openzeppelin,False,False,False,False,False,False,False,False,False,False,False,False,False,False,True,False,False,False,False,False,False,False,True,False,False,0,0,4,2,0,10,0,1,0,54,1,1,1.0,0,34,0.6296296296296297,0,0,0,0,3,1,0,0,0,3,2,0.0,0.0,4.0,4.933333333333334,False,simple,0,,,16,14,0,9,0.875,False,0,2,2,2,0,0,0.0,False,0,2,1.0,3,10,0,False,0,1,0.0,1,0,0,1.0,False,0,0,0,0
374,utils_structs_Checkpoints,0x9999999999999999999996266711935508805602,data/safe_contracts/openzeppelin_all/utils_structs_Checkpoints.sol,,openzeppelin,False,False,False,False,False,False,False,False,False,False,False,False,False,False,False,False,False,False,False,False,False,False,False,False,False,0,0,0,0,0,0,0,0,0,0,1,0,0.0,0,0,0.0,0,0,0,0,0,0,0,0,0,0,0,0.0,0.0,0.0,0.0,False,simple,0,IMPORT_ERROR,"File not found: Invalid compilation: 
Invalid solc compilation Error: Source ""data/safe_contracts/math/Math.sol"" not found: File not found. Searched the following locations: """".
 --> data/safe_contracts/openzeppelin_all/utils_structs_Checkpoints.sol:7:1:
  |
7 | import {Math} from ""../math/Math.sol"";
  | ^^^^^^^^^^^^^^^^^^^^^^^^^^^^^^^^^^^^^^

",0,0,0,0,0.0,False,0,0,0,0,0,0,0.0,False,0,0,0.0,0,0,0,False,0,0,0.0,0,0,0,1.0,False,0,0,0,0
375,mocks_token_ERC4626Mock,0x9999999999999999999997864393013725862505,data/safe_contracts/openzeppelin_all/mocks_token_ERC4626Mock.sol,,openzeppelin,False,False,False,False,False,False,False,False,False,False,False,False,False,False,False,False,False,False,False,False,False,False,False,False,False,0,0,0,0,0,0,0,0,0,0,1,0,0.0,0,0,0.0,0,0,0,0,0,0,0,0,0,0,0,0.0,0.0,0.0,0.0,False,simple,0,IMPORT_ERROR,"File not found: Invalid compilation: 
Invalid solc compilation Error: Source ""data/token/ERC20/ERC20.sol"" not found: File not found. Searched the following locations: """".
 --> data/safe_contracts/openzeppelin_all/mocks_token_ERC4626Mock.sol:4:1:
  |
4 | import {IERC20, ERC20} from ""../../token/ERC20/ERC20.sol"";
  | ^^^^^^^^^^^^^^^^^^^^^^^^^^^^^^^^^^^^^^^^^^^^^^^^^^^^^^^^^^

Error: Source ""data/token/ERC20/extensions/ERC4626.sol"" not found: File not found. Searched the following locations: """".
 --> data/safe_contracts/openzeppelin_all/mocks_token_ERC4626Mock.sol:5:1:
  |
5 | import {ERC4626} from ""../../token/ERC20/extensions/ERC4626.sol"";
  | ^^^^^^^^^^^^^^^^^^^^^^^^^^^^^^^^^^^^^^^^^^^^^^^^^^^^^^^^^^^^^^^^^

",0,0,0,0,0.0,False,0,0,0,0,0,0,0.0,False,0,0,0.0,0,0,0,False,0,0,0.0,0,0,0,1.0,False,0,0,0,0
376,token_ERC721_utils_ERC721Utils,0x0000000000000000000003860405039796371181,data/safe_contracts/openzeppelin_all/token_ERC721_utils_ERC721Utils.sol,,openzeppelin,False,False,False,False,False,False,False,False,False,False,False,False,False,False,False,False,False,False,False,False,False,False,False,False,False,0,0,0,0,0,0,0,0,0,0,1,0,0.0,0,0,0.0,0,0,0,0,0,0,0,0,0,0,0,0.0,0.0,0.0,0.0,False,simple,0,IMPORT_ERROR,"File not found: Invalid compilation: 
Invalid solc compilation Error: Source ""data/safe_contracts/IERC721Receiver.sol"" not found: File not found. Searched the following locations: """".
 --> data/safe_contracts/openzeppelin_all/token_ERC721_utils_ERC721Utils.sol:6:1:
  |
6 | import {IERC721Receiver} from ""../IERC721Receiver.sol"";
  | ^^^^^^^^^^^^^^^^^^^^^^^^^^^^^^^^^^^^^^^^^^^^^^^^^^^^^^^

Error: Source ""interfaces/draft-IERC6093.sol"" not found: File not found. Searched the following locations: """".
 --> data/safe_contracts/openzeppelin_all/token_ERC721_utils_ERC721Utils.sol:7:1:
  |
7 | import {IERC721Errors} from ""../../../interfaces/draft-IERC6093.sol"";
  | ^^^^^^^^^^^^^^^^^^^^^^^^^^^^^^^^^^^^^^^^^^^^^^^^^^^^^^^^^^^^^^^^^^^^^

",0,0,0,0,0.0,False,0,0,0,0,0,0,0.0,False,0,0,0.0,0,0,0,False,0,0,0.0,0,0,0,1.0,False,0,0,0,0
377,utils_CAIP10,0x9999999999999999999999416197062715271892,data/safe_contracts/openzeppelin_all/utils_CAIP10.sol,,openzeppelin,False,False,False,False,False,False,False,False,False,False,False,False,False,False,False,False,False,False,False,False,False,False,False,False,False,0,0,0,0,0,0,0,0,0,0,1,0,0.0,0,0,0.0,0,0,0,0,0,0,0,0,0,0,0,0.0,0.0,0.0,0.0,False,simple,0,IMPORT_ERROR,"File not found: Invalid compilation: 
Invalid solc compilation Error: Source ""data/safe_contracts/openzeppelin_all/Bytes.sol"" not found: File not found. Searched the following locations: """".
 --> data/safe_contracts/openzeppelin_all/utils_CAIP10.sol:6:1:
  |
6 | import {Bytes} from ""./Bytes.sol"";
  | ^^^^^^^^^^^^^^^^^^^^^^^^^^^^^^^^^^

Error: Source ""data/safe_contracts/openzeppelin_all/Strings.sol"" not found: File not found. Searched the following locations: """".
 --> data/safe_contracts/openzeppelin_all/utils_CAIP10.sol:7:1:
  |
7 | import {Strings} from ""./Strings.sol"";
  | ^^^^^^^^^^^^^^^^^^^^^^^^^^^^^^^^^^^^^^

Error: Source ""data/safe_contracts/openzeppelin_all/CAIP2.sol"" not found: File not found. Searched the following locations: """".
 --> data/safe_contracts/openzeppelin_all/utils_CAIP10.sol:8:1:
  |
8 | import {CAIP2} from ""./CAIP2.sol"";
  | ^^^^^^^^^^^^^^^^^^^^^^^^^^^^^^^^^^

",0,0,0,0,0.0,False,0,0,0,0,0,0,0.0,False,0,0,0.0,0,0,0,False,0,0,0.0,0,0,0,1.0,False,0,0,0,0
378,access_IAccessControl,0x0000000000000000000000869776984540115648,data/safe_contracts/openzeppelin_all/access_IAccessControl.sol,,openzeppelin,False,False,False,False,False,False,False,False,False,False,False,False,False,False,False,False,False,False,False,False,False,False,True,False,False,0,0,2,5,0,0,0,1,0,87,1,1,1.0,0,74,0.8505747126436781,0,0,0,0,2,0,0,0,0,1,1,0.0,0.0,2.0,4.0,False,simple,0,,,0,0,0,0,0.0,False,0,0,5,0,0,0,0.0,False,5,0,0.0,5,0,0,False,0,9,0.0,5,0,0,1.0,False,0,0,0,0
379,mocks_token_ERC20Mock,0x0000000000000000000000082042050742513126,data/safe_contracts/openzeppelin_all/mocks_token_ERC20Mock.sol,,openzeppelin,False,False,False,False,False,False,False,False,False,False,False,False,False,False,False,False,False,False,False,False,False,False,False,False,False,0,0,0,0,0,0,0,0,0,0,1,0,0.0,0,0,0.0,0,0,0,0,0,0,0,0,0,0,0,0.0,0.0,0.0,0.0,False,simple,0,IMPORT_ERROR,"File not found: Invalid compilation: 
Invalid solc compilation Error: Source ""data/token/ERC20/ERC20.sol"" not found: File not found. Searched the following locations: """".
 --> data/safe_contracts/openzeppelin_all/mocks_token_ERC20Mock.sol:4:1:
  |
4 | import {ERC20} from ""../../token/ERC20/ERC20.sol"";
  | ^^^^^^^^^^^^^^^^^^^^^^^^^^^^^^^^^^^^^^^^^^^^^^^^^^

",0,0,0,0,0.0,False,0,0,0,0,0,0,0.0,False,0,0,0.0,0,0,0,False,0,0,0.0,0,0,0,1.0,False,0,0,0,0
380,mocks_token_ERC20GetterHelper,0x9999999999999999999991724774541853215189,data/safe_contracts/openzeppelin_all/mocks_token_ERC20GetterHelper.sol,,openzeppelin,False,False,False,False,False,False,False,False,False,False,False,False,False,False,False,False,False,False,False,False,False,False,False,False,False,0,0,0,0,0,0,0,0,0,0,1,0,0.0,0,0,0.0,0,0,0,0,0,0,0,0,0,0,0,0.0,0.0,0.0,0.0,False,simple,0,IMPORT_ERROR,"File not found: Invalid compilation: 
Invalid solc compilation Error: Source ""data/token/ERC20/IERC20.sol"" not found: File not found. Searched the following locations: """".
 --> data/safe_contracts/openzeppelin_all/mocks_token_ERC20GetterHelper.sol:4:1:
  |
4 | import {IERC20} from ""../../token/ERC20/IERC20.sol"";
  | ^^^^^^^^^^^^^^^^^^^^^^^^^^^^^^^^^^^^^^^^^^^^^^^^^^^^

Error: Source ""data/token/ERC20/extensions/IERC20Metadata.sol"" not found: File not found. Searched the following locations: """".
 --> data/safe_contracts/openzeppelin_all/mocks_token_ERC20GetterHelper.sol:5:1:
  |
5 | import {IERC20Metadata} from ""../../token/ERC20/extensions/IERC20Metadata.sol"";
  | ^^^^^^^^^^^^^^^^^^^^^^^^^^^^^^^^^^^^^^^^^^^^^^^^^^^^^^^^^^^^^^^^^^^^^^^^^^^^^^^

",0,0,0,0,0.0,False,0,0,0,0,0,0,0.0,False,0,0,0.0,0,0,0,False,0,0,0.0,0,0,0,1.0,False,0,0,0,0
381,token_ERC20_extensions_draft-ERC20TemporaryApproval,0x9999999999999999999991074447132801557917,data/safe_contracts/openzeppelin_all/token_ERC20_extensions_draft-ERC20TemporaryApproval.sol,,openzeppelin,False,False,False,False,False,False,False,False,False,False,False,False,False,False,False,False,False,False,False,False,False,False,False,False,False,0,0,0,0,0,0,0,0,0,0,1,0,0.0,0,0,0.0,0,0,0,0,0,0,0,0,0,0,0,0.0,0.0,0.0,0.0,False,simple,0,IMPORT_ERROR,"File not found: Invalid compilation: 
Invalid solc compilation Error: Source ""data/safe_contracts/ERC20.sol"" not found: File not found. Searched the following locations: """".
 --> data/safe_contracts/openzeppelin_all/token_ERC20_extensions_draft-ERC20TemporaryApproval.sol:6:1:
  |
6 | import {IERC20, ERC20} from ""../ERC20.sol"";
  | ^^^^^^^^^^^^^^^^^^^^^^^^^^^^^^^^^^^^^^^^^^^

Error: Source ""interfaces/draft-IERC7674.sol"" not found: File not found. Searched the following locations: """".
 --> data/safe_contracts/openzeppelin_all/token_ERC20_extensions_draft-ERC20TemporaryApproval.sol:7:1:
  |
7 | import {IERC7674} from ""../../../interfaces/draft-IERC7674.sol"";
  | ^^^^^^^^^^^^^^^^^^^^^^^^^^^^^^^^^^^^^^^^^^^^^^^^^^^^^^^^^^^^^^^^

Error: Source ""utils/math/Math.sol"" not found: File not found. Searched the following locations: """".
 --> data/safe_contracts/openzeppelin_all/token_ERC20_extensions_draft-ERC20TemporaryApproval.sol:8:1:
  |
8 | import {Math} from ""../../../utils/math/Math.sol"";
  | ^^^^^^^^^^^^^^^^^^^^^^^^^^^^^^^^^^^^^^^^^^^^^^^^^^

Error: Source ""utils/SlotDerivation.sol"" not found: File not found. Searched the following locations: """".
 --> data/safe_contracts/openzeppelin_all/token_ERC20_extensions_draft-ERC20TemporaryApproval.sol:9:1:
  |
9 | import {SlotDerivation} from ""../../../utils/SlotDerivation.sol"";
  | ^^^^^^^^^^^^^^^^^^^^^^^^^^^^^^^^^^^^^^^^^^^^^^^^^^^^^^^^^^^^^^^^^

Error: Source ""utils/TransientSlot.sol"" not found: File not found. Searched the following locations: """".
  --> data/safe_contracts/openzeppelin_all/token_ERC20_extensions_draft-ERC20TemporaryApproval.sol:10:1:
   |
10 | import {TransientSlot} from ""../../../utils/TransientSlot.sol"";
   | ^^^^^^^^^^^^^^^^^^^^^^^^^^^^^^^^^^^^^^^^^^^^^^^^^^^^^^^^^^^^^^^

",0,0,0,0,0.0,False,0,0,0,0,0,0,0.0,False,0,0,0.0,0,0,0,False,0,0,0.0,0,0,0,1.0,False,0,0,0,0
382,mocks_governance_GovernorTimelockControlMock,0x0000000000000000000000654585889934512923,data/safe_contracts/openzeppelin_all/mocks_governance_GovernorTimelockControlMock.sol,,openzeppelin,False,False,False,False,False,False,False,False,False,False,False,False,False,False,False,False,False,False,False,False,False,False,False,False,False,0,0,0,0,0,0,0,0,0,0,1,0,0.0,0,0,0.0,0,0,0,0,0,0,0,0,0,0,0,0.0,0.0,0.0,0.0,False,simple,0,IMPORT_ERROR,"File not found: Invalid compilation: 
Invalid solc compilation Error: Source ""data/governance/Governor.sol"" not found: File not found. Searched the following locations: """".
 --> data/safe_contracts/openzeppelin_all/mocks_governance_GovernorTimelockControlMock.sol:5:1:
  |
5 | import {Governor} from ""../../governance/Governor.sol"";
  | ^^^^^^^^^^^^^^^^^^^^^^^^^^^^^^^^^^^^^^^^^^^^^^^^^^^^^^^

Error: Source ""data/governance/extensions/GovernorTimelockControl.sol"" not found: File not found. Searched the following locations: """".
 --> data/safe_contracts/openzeppelin_all/mocks_governance_GovernorTimelockControlMock.sol:6:1:
  |
6 | import {GovernorTimelockControl} from ""../../governance/extensions/GovernorTimelockControl.sol"";
  | ^^^^^^^^^^^^^^^^^^^^^^^^^^^^^^^^^^^^^^^^^^^^^^^^^^^^^^^^^^^^^^^^^^^^^^^^^^^^^^^^^^^^^^^^^^^^^^^^

Error: Source ""data/governance/extensions/GovernorSettings.sol"" not found: File not found. Searched the following locations: """".
 --> data/safe_contracts/openzeppelin_all/mocks_governance_GovernorTimelockControlMock.sol:7:1:
  |
7 | import {GovernorSettings} from ""../../governance/extensions/GovernorSettings.sol"";
  | ^^^^^^^^^^^^^^^^^^^^^^^^^^^^^^^^^^^^^^^^^^^^^^^^^^^^^^^^^^^^^^^^^^^^^^^^^^^^^^^^^^

Error: Source ""data/governance/extensions/GovernorCountingSimple.sol"" not found: File not found. Searched the following locations: """".
 --> data/safe_contracts/openzeppelin_all/mocks_governance_GovernorTimelockControlMock.sol:8:1:
  |
8 | import {GovernorCountingSimple} from ""../../governance/extensions/GovernorCountingSimple.sol"";
  | ^^^^^^^^^^^^^^^^^^^^^^^^^^^^^^^^^^^^^^^^^^^^^^^^^^^^^^^^^^^^^^^^^^^^^^^^^^^^^^^^^^^^^^^^^^^^^^

Error: Source ""data/governance/extensions/GovernorVotesQuorumFraction.sol"" not found: File not found. Searched the following locations: """".
 --> data/safe_contracts/openzeppelin_all/mocks_governance_GovernorTimelockControlMock.sol:9:1:
  |
9 | import {GovernorVotesQuorumFraction} from ""../../governance/extensions/GovernorVotesQ",0,0,0,0,0.0,False,0,0,0,0,0,0,0.0,False,0,0,0.0,0,0,0,False,0,0,0.0,0,0,0,1.0,False,0,0,0,0
383,access_manager_IAccessManager,0x0000000000000000000006882254788552292465,data/safe_contracts/openzeppelin_all/access_manager_IAccessManager.sol,,openzeppelin,False,False,False,False,False,False,False,False,False,False,False,False,False,False,False,False,False,False,False,False,False,False,True,False,False,0,0,2,29,0,0,0,1,0,360,1,1,1.0,0,287,0.7972222222222223,1,0,0,0,2,0,0,0,0,1,1,0.0,0.0,2.0,4.0,False,moderate,1,,,0,0,0,0,0.0,False,0,0,29,0,0,0,0.0,False,29,0,0.0,29,0,0,False,0,53,0.0,27,0,0,1.0,False,0,0,0,0
384,token_ERC20_extensions_ERC20Permit,0x9999999999999999999998794155068921923410,data/safe_contracts/openzeppelin_all/token_ERC20_extensions_ERC20Permit.sol,,openzeppelin,False,False,False,False,False,False,False,False,False,False,False,False,False,False,False,False,False,False,False,False,False,False,False,False,False,0,0,0,0,0,0,0,0,0,0,1,0,0.0,0,0,0.0,0,0,0,0,0,0,0,0,0,0,0,0.0,0.0,0.0,0.0,False,simple,0,IMPORT_ERROR,"File not found: Invalid compilation: 
Invalid solc compilation Error: Source ""data/safe_contracts/openzeppelin_all/IERC20Permit.sol"" not found: File not found. Searched the following locations: """".
 --> data/safe_contracts/openzeppelin_all/token_ERC20_extensions_ERC20Permit.sol:6:1:
  |
6 | import {IERC20Permit} from ""./IERC20Permit.sol"";
  | ^^^^^^^^^^^^^^^^^^^^^^^^^^^^^^^^^^^^^^^^^^^^^^^^

Error: Source ""data/safe_contracts/ERC20.sol"" not found: File not found. Searched the following locations: """".
 --> data/safe_contracts/openzeppelin_all/token_ERC20_extensions_ERC20Permit.sol:7:1:
  |
7 | import {ERC20} from ""../ERC20.sol"";
  | ^^^^^^^^^^^^^^^^^^^^^^^^^^^^^^^^^^^

Error: Source ""utils/cryptography/ECDSA.sol"" not found: File not found. Searched the following locations: """".
 --> data/safe_contracts/openzeppelin_all/token_ERC20_extensions_ERC20Permit.sol:8:1:
  |
8 | import {ECDSA} from ""../../../utils/cryptography/ECDSA.sol"";
  | ^^^^^^^^^^^^^^^^^^^^^^^^^^^^^^^^^^^^^^^^^^^^^^^^^^^^^^^^^^^^

Error: Source ""utils/cryptography/EIP712.sol"" not found: File not found. Searched the following locations: """".
 --> data/safe_contracts/openzeppelin_all/token_ERC20_extensions_ERC20Permit.sol:9:1:
  |
9 | import {EIP712} from ""../../../utils/cryptography/EIP712.sol"";
  | ^^^^^^^^^^^^^^^^^^^^^^^^^^^^^^^^^^^^^^^^^^^^^^^^^^^^^^^^^^^^^^

Error: Source ""utils/Nonces.sol"" not found: File not found. Searched the following locations: """".
  --> data/safe_contracts/openzeppelin_all/token_ERC20_extensions_ERC20Permit.sol:10:1:
   |
10 | import {Nonces} from ""../../../utils/Nonces.sol"";
   | ^^^^^^^^^^^^^^^^^^^^^^^^^^^^^^^^^^^^^^^^^^^^^^^^^

",0,0,0,0,0.0,False,0,0,0,0,0,0,0.0,False,0,0,0.0,0,0,0,False,0,0,0.0,0,0,0,1.0,False,0,0,0,0
385,proxy_Clones,0x0000000000000000000008386888662744239600,data/safe_contracts/openzeppelin_all/proxy_Clones.sol,,openzeppelin,False,False,False,False,False,False,False,False,False,False,False,False,False,False,False,False,False,False,False,False,False,False,False,False,False,0,0,0,0,0,0,0,0,0,0,1,0,0.0,0,0,0.0,0,0,0,0,0,0,0,0,0,0,0,0.0,0.0,0.0,0.0,False,simple,0,IMPORT_ERROR,"File not found: Invalid compilation: 
Invalid solc compilation Error: Source ""data/safe_contracts/utils/Create2.sol"" not found: File not found. Searched the following locations: """".
 --> data/safe_contracts/openzeppelin_all/proxy_Clones.sol:6:1:
  |
6 | import {Create2} from ""../utils/Create2.sol"";
  | ^^^^^^^^^^^^^^^^^^^^^^^^^^^^^^^^^^^^^^^^^^^^^

Error: Source ""data/safe_contracts/utils/Errors.sol"" not found: File not found. Searched the following locations: """".
 --> data/safe_contracts/openzeppelin_all/proxy_Clones.sol:7:1:
  |
7 | import {Errors} from ""../utils/Errors.sol"";
  | ^^^^^^^^^^^^^^^^^^^^^^^^^^^^^^^^^^^^^^^^^^^

",0,0,0,0,0.0,False,0,0,0,0,0,0,0.0,False,0,0,0.0,0,0,0,False,0,0,0.0,0,0,0,1.0,False,0,0,0,0
386,mocks_governance_GovernorProposalGuardianMock,0x9999999999999999999992141752973201966091,data/safe_contracts/openzeppelin_all/mocks_governance_GovernorProposalGuardianMock.sol,,openzeppelin,False,False,False,False,False,False,False,False,False,False,False,False,False,False,False,False,False,False,False,False,False,False,False,False,False,0,0,0,0,0,0,0,0,0,0,1,0,0.0,0,0,0.0,0,0,0,0,0,0,0,0,0,0,0,0.0,0.0,0.0,0.0,False,simple,0,IMPORT_ERROR,"File not found: Invalid compilation: 
Invalid solc compilation Error: Source ""data/governance/Governor.sol"" not found: File not found. Searched the following locations: """".
 --> data/safe_contracts/openzeppelin_all/mocks_governance_GovernorProposalGuardianMock.sol:5:1:
  |
5 | import {Governor} from ""../../governance/Governor.sol"";
  | ^^^^^^^^^^^^^^^^^^^^^^^^^^^^^^^^^^^^^^^^^^^^^^^^^^^^^^^

Error: Source ""data/governance/extensions/GovernorSettings.sol"" not found: File not found. Searched the following locations: """".
 --> data/safe_contracts/openzeppelin_all/mocks_governance_GovernorProposalGuardianMock.sol:6:1:
  |
6 | import {GovernorSettings} from ""../../governance/extensions/GovernorSettings.sol"";
  | ^^^^^^^^^^^^^^^^^^^^^^^^^^^^^^^^^^^^^^^^^^^^^^^^^^^^^^^^^^^^^^^^^^^^^^^^^^^^^^^^^^

Error: Source ""data/governance/extensions/GovernorCountingSimple.sol"" not found: File not found. Searched the following locations: """".
 --> data/safe_contracts/openzeppelin_all/mocks_governance_GovernorProposalGuardianMock.sol:7:1:
  |
7 | import {GovernorCountingSimple} from ""../../governance/extensions/GovernorCountingSimple.sol"";
  | ^^^^^^^^^^^^^^^^^^^^^^^^^^^^^^^^^^^^^^^^^^^^^^^^^^^^^^^^^^^^^^^^^^^^^^^^^^^^^^^^^^^^^^^^^^^^^^

Error: Source ""data/governance/extensions/GovernorVotesQuorumFraction.sol"" not found: File not found. Searched the following locations: """".
 --> data/safe_contracts/openzeppelin_all/mocks_governance_GovernorProposalGuardianMock.sol:8:1:
  |
8 | import {GovernorVotesQuorumFraction} from ""../../governance/extensions/GovernorVotesQuorumFraction.sol"";
  | ^^^^^^^^^^^^^^^^^^^^^^^^^^^^^^^^^^^^^^^^^^^^^^^^^^^^^^^^^^^^^^^^^^^^^^^^^^^^^^^^^^^^^^^^^^^^^^^^^^^^^^^^

Error: Source ""data/governance/extensions/GovernorProposalGuardian.sol"" not found: File not found. Searched the following locations: """".
 --> data/safe_contracts/openzeppelin_all/mocks_governance_GovernorProposalGuardianMock.sol:9:1:
  |
9 | import {GovernorProposalGuardian} from ""../../governance/extens",0,0,0,0,0.0,False,0,0,0,0,0,0,0.0,False,0,0,0.0,0,0,0,False,0,0,0.0,0,0,0,1.0,False,0,0,0,0
387,mocks_governance_GovernorSequentialProposalIdMock,0x0000000000000000000005273937280071863924,data/safe_contracts/openzeppelin_all/mocks_governance_GovernorSequentialProposalIdMock.sol,,openzeppelin,False,False,False,False,False,False,False,False,False,False,False,False,False,False,False,False,False,False,False,False,False,False,False,False,False,0,0,0,0,0,0,0,0,0,0,1,0,0.0,0,0,0.0,0,0,0,0,0,0,0,0,0,0,0,0.0,0.0,0.0,0.0,False,simple,0,IMPORT_ERROR,"File not found: Invalid compilation: 
Invalid solc compilation Error: Source ""data/governance/Governor.sol"" not found: File not found. Searched the following locations: """".
 --> data/safe_contracts/openzeppelin_all/mocks_governance_GovernorSequentialProposalIdMock.sol:5:1:
  |
5 | import {Governor} from ""../../governance/Governor.sol"";
  | ^^^^^^^^^^^^^^^^^^^^^^^^^^^^^^^^^^^^^^^^^^^^^^^^^^^^^^^

Error: Source ""data/governance/extensions/GovernorSettings.sol"" not found: File not found. Searched the following locations: """".
 --> data/safe_contracts/openzeppelin_all/mocks_governance_GovernorSequentialProposalIdMock.sol:6:1:
  |
6 | import {GovernorSettings} from ""../../governance/extensions/GovernorSettings.sol"";
  | ^^^^^^^^^^^^^^^^^^^^^^^^^^^^^^^^^^^^^^^^^^^^^^^^^^^^^^^^^^^^^^^^^^^^^^^^^^^^^^^^^^

Error: Source ""data/governance/extensions/GovernorCountingSimple.sol"" not found: File not found. Searched the following locations: """".
 --> data/safe_contracts/openzeppelin_all/mocks_governance_GovernorSequentialProposalIdMock.sol:7:1:
  |
7 | import {GovernorCountingSimple} from ""../../governance/extensions/GovernorCountingSimple.sol"";
  | ^^^^^^^^^^^^^^^^^^^^^^^^^^^^^^^^^^^^^^^^^^^^^^^^^^^^^^^^^^^^^^^^^^^^^^^^^^^^^^^^^^^^^^^^^^^^^^

Error: Source ""data/governance/extensions/GovernorVotesQuorumFraction.sol"" not found: File not found. Searched the following locations: """".
 --> data/safe_contracts/openzeppelin_all/mocks_governance_GovernorSequentialProposalIdMock.sol:8:1:
  |
8 | import {GovernorVotesQuorumFraction} from ""../../governance/extensions/GovernorVotesQuorumFraction.sol"";
  | ^^^^^^^^^^^^^^^^^^^^^^^^^^^^^^^^^^^^^^^^^^^^^^^^^^^^^^^^^^^^^^^^^^^^^^^^^^^^^^^^^^^^^^^^^^^^^^^^^^^^^^^^

Error: Source ""data/governance/extensions/GovernorSequentialProposalId.sol"" not found: File not found. Searched the following locations: """".
 --> data/safe_contracts/openzeppelin_all/mocks_governance_GovernorSequentialProposalIdMock.sol:9:1:
  |
9 | import {GovernorSequentialProposalId} f",0,0,0,0,0.0,False,0,0,0,0,0,0,0.0,False,0,0,0.0,0,0,0,False,0,0,0.0,0,0,0,1.0,False,0,0,0,0
388,governance_TimelockController,0x9999999999999999999991805180746773954510,data/safe_contracts/openzeppelin_all/governance_TimelockController.sol,,openzeppelin,False,False,False,False,False,False,False,False,False,False,False,False,False,False,False,False,False,False,False,False,False,False,False,False,False,0,0,0,0,0,0,0,0,0,0,1,0,0.0,0,0,0.0,0,0,0,0,0,0,0,0,0,0,0,0.0,0.0,0.0,0.0,False,simple,0,IMPORT_ERROR,"File not found: Invalid compilation: 
Invalid solc compilation Error: Source ""data/safe_contracts/access/AccessControl.sol"" not found: File not found. Searched the following locations: """".
 --> data/safe_contracts/openzeppelin_all/governance_TimelockController.sol:6:1:
  |
6 | import {AccessControl} from ""../access/AccessControl.sol"";
  | ^^^^^^^^^^^^^^^^^^^^^^^^^^^^^^^^^^^^^^^^^^^^^^^^^^^^^^^^^^

Error: Source ""data/safe_contracts/token/ERC721/utils/ERC721Holder.sol"" not found: File not found. Searched the following locations: """".
 --> data/safe_contracts/openzeppelin_all/governance_TimelockController.sol:7:1:
  |
7 | import {ERC721Holder} from ""../token/ERC721/utils/ERC721Holder.sol"";
  | ^^^^^^^^^^^^^^^^^^^^^^^^^^^^^^^^^^^^^^^^^^^^^^^^^^^^^^^^^^^^^^^^^^^^

Error: Source ""data/safe_contracts/token/ERC1155/utils/ERC1155Holder.sol"" not found: File not found. Searched the following locations: """".
 --> data/safe_contracts/openzeppelin_all/governance_TimelockController.sol:8:1:
  |
8 | import {ERC1155Holder} from ""../token/ERC1155/utils/ERC1155Holder.sol"";
  | ^^^^^^^^^^^^^^^^^^^^^^^^^^^^^^^^^^^^^^^^^^^^^^^^^^^^^^^^^^^^^^^^^^^^^^^

Error: Source ""data/safe_contracts/utils/Address.sol"" not found: File not found. Searched the following locations: """".
 --> data/safe_contracts/openzeppelin_all/governance_TimelockController.sol:9:1:
  |
9 | import {Address} from ""../utils/Address.sol"";
  | ^^^^^^^^^^^^^^^^^^^^^^^^^^^^^^^^^^^^^^^^^^^^^

",0,0,0,0,0.0,False,0,0,0,0,0,0,0.0,False,0,0,0.0,0,0,0,False,0,0,0.0,0,0,0,1.0,False,0,0,0,0
389,interfaces_draft-IERC1822,0x9999999999999999999998860112103257342427,data/safe_contracts/openzeppelin_all/interfaces_draft-IERC1822.sol,,openzeppelin,False,False,False,False,False,False,False,False,False,False,False,False,False,False,False,False,False,False,False,False,False,False,True,False,False,0,0,2,0,0,0,0,0,0,0,1,0,0.0,0,0,0.0,0,0,0,0,2,0,0,0,0,1,1,0.0,0.0,2.0,4.0,False,simple,0,,,0,0,0,0,0.0,False,0,0,0,0,0,0,0.0,False,0,0,0.0,0,0,0,False,0,0,0.0,0,0,0,1.0,False,0,0,0,0
390,utils_cryptography_draft-ERC7739Utils,0x9999999999999999999993214228036393078196,data/safe_contracts/openzeppelin_all/utils_cryptography_draft-ERC7739Utils.sol,,openzeppelin,False,False,False,False,False,False,False,False,False,False,False,False,False,False,False,False,False,False,False,False,False,False,False,False,False,0,0,0,0,0,0,0,0,0,0,1,0,0.0,0,0,0.0,0,0,0,0,0,0,0,0,0,0,0,0.0,0.0,0.0,0.0,False,simple,0,IMPORT_ERROR,"File not found: Invalid compilation: 
Invalid solc compilation Error: Source ""data/safe_contracts/Calldata.sol"" not found: File not found. Searched the following locations: """".
 --> data/safe_contracts/openzeppelin_all/utils_cryptography_draft-ERC7739Utils.sol:6:1:
  |
6 | import {Calldata} from ""../Calldata.sol"";
  | ^^^^^^^^^^^^^^^^^^^^^^^^^^^^^^^^^^^^^^^^^

Error: Source ""data/safe_contracts/openzeppelin_all/Hashes.sol"" not found: File not found. Searched the following locations: """".
 --> data/safe_contracts/openzeppelin_all/utils_cryptography_draft-ERC7739Utils.sol:7:1:
  |
7 | import {Hashes} from ""./Hashes.sol"";
  | ^^^^^^^^^^^^^^^^^^^^^^^^^^^^^^^^^^^^

",0,0,0,0,0.0,False,0,0,0,0,0,0,0.0,False,0,0,0.0,0,0,0,False,0,0,0.0,0,0,0,1.0,False,0,0,0,0
391,mocks_MulticallHelper,0x9999999999999999999994689808630656632809,data/safe_contracts/openzeppelin_all/mocks_MulticallHelper.sol,,openzeppelin,False,False,False,False,False,False,False,False,False,False,False,False,False,False,False,False,False,False,False,False,False,False,False,False,False,0,0,0,0,0,0,0,0,0,0,1,0,0.0,0,0,0.0,0,0,0,0,0,0,0,0,0,0,0,0.0,0.0,0.0,0.0,False,simple,0,IMPORT_ERROR,"File not found: Invalid compilation: 
Invalid solc compilation Error: Source ""data/safe_contracts/openzeppelin_all/token/ERC20MulticallMock.sol"" not found: File not found. Searched the following locations: """".
 --> data/safe_contracts/openzeppelin_all/mocks_MulticallHelper.sol:5:1:
  |
5 | import {ERC20MulticallMock} from ""./token/ERC20MulticallMock.sol"";
  | ^^^^^^^^^^^^^^^^^^^^^^^^^^^^^^^^^^^^^^^^^^^^^^^^^^^^^^^^^^^^^^^^^^

",0,0,0,0,0.0,False,0,0,0,0,0,0,0.0,False,0,0,0.0,0,0,0,False,0,0,0.0,0,0,0,1.0,False,0,0,0,0
392,proxy_ERC1967_ERC1967Proxy,0x9999999999999999999992529981728918533541,data/safe_contracts/openzeppelin_all/proxy_ERC1967_ERC1967Proxy.sol,,openzeppelin,False,False,False,False,False,False,False,False,False,False,False,False,False,False,False,False,False,False,False,False,False,False,False,False,False,0,0,0,0,0,0,0,0,0,0,1,0,0.0,0,0,0.0,0,0,0,0,0,0,0,0,0,0,0,0.0,0.0,0.0,0.0,False,simple,0,IMPORT_ERROR,"File not found: Invalid compilation: 
Invalid solc compilation Error: Source ""data/safe_contracts/Proxy.sol"" not found: File not found. Searched the following locations: """".
 --> data/safe_contracts/openzeppelin_all/proxy_ERC1967_ERC1967Proxy.sol:6:1:
  |
6 | import {Proxy} from ""../Proxy.sol"";
  | ^^^^^^^^^^^^^^^^^^^^^^^^^^^^^^^^^^^

Error: Source ""data/safe_contracts/openzeppelin_all/ERC1967Utils.sol"" not found: File not found. Searched the following locations: """".
 --> data/safe_contracts/openzeppelin_all/proxy_ERC1967_ERC1967Proxy.sol:7:1:
  |
7 | import {ERC1967Utils} from ""./ERC1967Utils.sol"";
  | ^^^^^^^^^^^^^^^^^^^^^^^^^^^^^^^^^^^^^^^^^^^^^^^^

",0,0,0,0,0.0,False,0,0,0,0,0,0,0.0,False,0,0,0.0,0,0,0,False,0,0,0.0,0,0,0,1.0,False,0,0,0,0
393,proxy_utils_UUPSUpgradeable,0x0000000000000000000003039907041461916737,data/safe_contracts/openzeppelin_all/proxy_utils_UUPSUpgradeable.sol,,openzeppelin,False,False,False,False,False,False,False,False,False,False,False,False,False,False,False,False,False,False,False,False,False,False,False,False,False,0,0,0,0,0,0,0,0,0,0,1,0,0.0,0,0,0.0,0,0,0,0,0,0,0,0,0,0,0,0.0,0.0,0.0,0.0,False,simple,0,IMPORT_ERROR,"File not found: Invalid compilation: 
Invalid solc compilation Error: Source ""data/interfaces/draft-IERC1822.sol"" not found: File not found. Searched the following locations: """".
 --> data/safe_contracts/openzeppelin_all/proxy_utils_UUPSUpgradeable.sol:6:1:
  |
6 | import {IERC1822Proxiable} from ""../../interfaces/draft-IERC1822.sol"";
  | ^^^^^^^^^^^^^^^^^^^^^^^^^^^^^^^^^^^^^^^^^^^^^^^^^^^^^^^^^^^^^^^^^^^^^^

Error: Source ""data/safe_contracts/ERC1967/ERC1967Utils.sol"" not found: File not found. Searched the following locations: """".
 --> data/safe_contracts/openzeppelin_all/proxy_utils_UUPSUpgradeable.sol:7:1:
  |
7 | import {ERC1967Utils} from ""../ERC1967/ERC1967Utils.sol"";
  | ^^^^^^^^^^^^^^^^^^^^^^^^^^^^^^^^^^^^^^^^^^^^^^^^^^^^^^^^^

",0,0,0,0,0.0,False,0,0,0,0,0,0,0.0,False,0,0,0.0,0,0,0,False,0,0,0.0,0,0,0,1.0,False,0,0,0,0
394,mocks_token_ERC20NoReturnMock,0x0000000000000000000005912775667005499740,data/safe_contracts/openzeppelin_all/mocks_token_ERC20NoReturnMock.sol,,openzeppelin,False,False,False,False,False,False,False,False,False,False,False,False,False,False,False,False,False,False,False,False,False,False,False,False,False,0,0,0,0,0,0,0,0,0,0,1,0,0.0,0,0,0.0,0,0,0,0,0,0,0,0,0,0,0,0.0,0.0,0.0,0.0,False,simple,0,IMPORT_ERROR,"File not found: Invalid compilation: 
Invalid solc compilation Error: Source ""data/token/ERC20/ERC20.sol"" not found: File not found. Searched the following locations: """".
 --> data/safe_contracts/openzeppelin_all/mocks_token_ERC20NoReturnMock.sol:5:1:
  |
5 | import {ERC20} from ""../../token/ERC20/ERC20.sol"";
  | ^^^^^^^^^^^^^^^^^^^^^^^^^^^^^^^^^^^^^^^^^^^^^^^^^^

",0,0,0,0,0.0,False,0,0,0,0,0,0,0.0,False,0,0,0.0,0,0,0,False,0,0,0.0,0,0,0,1.0,False,0,0,0,0
395,utils_LowLevelCall,0x9999999999999999999990781374181768075427,data/safe_contracts/openzeppelin_all/utils_LowLevelCall.sol,,openzeppelin,False,False,False,False,False,False,False,False,False,False,False,False,False,False,True,False,False,False,False,False,False,False,True,False,False,0,0,24,12,0,0,0,1,0,114,1,1,1.0,0,31,0.2719298245614035,0,0,0,0,12,12,0,0,0,3,2,0.0,0.0,24.0,163.2,True,moderate,1,,,56,44,0,6,0.7857142857142857,False,2,12,12,31,0,0,0.0,True,0,12,2.5833333333333335,9,0,0,False,0,19,0.0,9,0,0,1.0,False,0,0,0,0
396,interfaces_IERC777Recipient,0x0000000000000000000007805609990155929144,data/safe_contracts/openzeppelin_all/interfaces_IERC777Recipient.sol,,openzeppelin,False,False,False,False,False,False,False,False,False,False,False,False,False,False,False,False,False,False,False,False,False,False,True,False,False,0,0,2,1,0,0,0,1,0,33,1,1,1.0,0,22,0.6666666666666666,0,0,0,0,2,0,0,0,0,1,1,0.0,0.0,2.0,4.0,False,simple,0,,,0,0,0,0,0.0,False,0,0,1,0,0,0,0.0,False,1,0,0.0,1,0,0,False,0,6,0.0,1,0,0,1.0,False,0,0,0,0
397,mocks_token_ERC20VotesLegacyMock,0x0000000000000000000002549338561583035193,data/safe_contracts/openzeppelin_all/mocks_token_ERC20VotesLegacyMock.sol,,openzeppelin,False,False,False,False,False,False,False,False,False,False,False,False,False,False,False,False,False,False,False,False,False,False,False,False,False,0,0,0,0,0,0,0,0,0,0,1,0,0.0,0,0,0.0,0,0,0,0,0,0,0,0,0,0,0,0.0,0.0,0.0,0.0,False,simple,0,IMPORT_ERROR,"File not found: Invalid compilation: 
Invalid solc compilation Error: Source ""data/token/ERC20/extensions/ERC20Permit.sol"" not found: File not found. Searched the following locations: """".
 --> data/safe_contracts/openzeppelin_all/mocks_token_ERC20VotesLegacyMock.sol:5:1:
  |
5 | import {ERC20Permit} from ""../../token/ERC20/extensions/ERC20Permit.sol"";
  | ^^^^^^^^^^^^^^^^^^^^^^^^^^^^^^^^^^^^^^^^^^^^^^^^^^^^^^^^^^^^^^^^^^^^^^^^^

Error: Source ""data/utils/math/Math.sol"" not found: File not found. Searched the following locations: """".
 --> data/safe_contracts/openzeppelin_all/mocks_token_ERC20VotesLegacyMock.sol:6:1:
  |
6 | import {Math} from ""../../utils/math/Math.sol"";
  | ^^^^^^^^^^^^^^^^^^^^^^^^^^^^^^^^^^^^^^^^^^^^^^^

Error: Source ""data/governance/utils/IVotes.sol"" not found: File not found. Searched the following locations: """".
 --> data/safe_contracts/openzeppelin_all/mocks_token_ERC20VotesLegacyMock.sol:7:1:
  |
7 | import {IVotes} from ""../../governance/utils/IVotes.sol"";
  | ^^^^^^^^^^^^^^^^^^^^^^^^^^^^^^^^^^^^^^^^^^^^^^^^^^^^^^^^^

Error: Source ""data/utils/math/SafeCast.sol"" not found: File not found. Searched the following locations: """".
 --> data/safe_contracts/openzeppelin_all/mocks_token_ERC20VotesLegacyMock.sol:8:1:
  |
8 | import {SafeCast} from ""../../utils/math/SafeCast.sol"";
  | ^^^^^^^^^^^^^^^^^^^^^^^^^^^^^^^^^^^^^^^^^^^^^^^^^^^^^^^

Error: Source ""data/utils/cryptography/ECDSA.sol"" not found: File not found. Searched the following locations: """".
 --> data/safe_contracts/openzeppelin_all/mocks_token_ERC20VotesLegacyMock.sol:9:1:
  |
9 | import {ECDSA} from ""../../utils/cryptography/ECDSA.sol"";
  | ^^^^^^^^^^^^^^^^^^^^^^^^^^^^^^^^^^^^^^^^^^^^^^^^^^^^^^^^^

",0,0,0,0,0.0,False,0,0,0,0,0,0,0.0,False,0,0,0.0,0,0,0,False,0,0,0.0,0,0,0,1.0,False,0,0,0,0
398,mocks_docs_account_MyFactoryAccount,0x9999999999999999999996628397610602172428,data/safe_contracts/openzeppelin_all/mocks_docs_account_MyFactoryAccount.sol,,openzeppelin,False,False,False,False,False,False,False,False,False,False,False,False,False,False,False,False,False,False,False,False,False,False,False,False,False,0,0,0,0,0,0,0,0,0,0,1,0,0.0,0,0,0.0,0,0,0,0,0,0,0,0,0,0,0,0.0,0.0,0.0,0.0,False,simple,0,IMPORT_ERROR,"File not found: Invalid compilation: 
Invalid solc compilation Error: Source ""proxy/Clones.sol"" not found: File not found. Searched the following locations: """".
 --> data/safe_contracts/openzeppelin_all/mocks_docs_account_MyFactoryAccount.sol:6:1:
  |
6 | import {Clones} from ""../../../proxy/Clones.sol"";
  | ^^^^^^^^^^^^^^^^^^^^^^^^^^^^^^^^^^^^^^^^^^^^^^^^^

Error: Source ""utils/Address.sol"" not found: File not found. Searched the following locations: """".
 --> data/safe_contracts/openzeppelin_all/mocks_docs_account_MyFactoryAccount.sol:7:1:
  |
7 | import {Address} from ""../../../utils/Address.sol"";
  | ^^^^^^^^^^^^^^^^^^^^^^^^^^^^^^^^^^^^^^^^^^^^^^^^^^^

",0,0,0,0,0.0,False,0,0,0,0,0,0,0.0,False,0,0,0.0,0,0,0,False,0,0,0.0,0,0,0,1.0,False,0,0,0,0
399,utils_ShortStrings,0x0000000000000000000001858951539198321950,data/safe_contracts/openzeppelin_all/utils_ShortStrings.sol,,openzeppelin,False,False,False,False,False,False,False,False,False,False,False,False,False,False,False,False,False,False,False,False,False,False,False,False,False,0,0,0,0,0,0,0,0,0,0,1,0,0.0,0,0,0.0,0,0,0,0,0,0,0,0,0,0,0,0.0,0.0,0.0,0.0,False,simple,0,IMPORT_ERROR,"File not found: Invalid compilation: 
Invalid solc compilation Error: Source ""data/safe_contracts/openzeppelin_all/StorageSlot.sol"" not found: File not found. Searched the following locations: """".
 --> data/safe_contracts/openzeppelin_all/utils_ShortStrings.sol:6:1:
  |
6 | import {StorageSlot} from ""./StorageSlot.sol"";
  | ^^^^^^^^^^^^^^^^^^^^^^^^^^^^^^^^^^^^^^^^^^^^^^

",0,0,0,0,0.0,False,0,0,0,0,0,0,0.0,False,0,0,0.0,0,0,0,False,0,0,0.0,0,0,0,1.0,False,0,0,0,0
400,mocks_token_ERC721ReceiverMock,0x0000000000000000000001585164894111375390,data/safe_contracts/openzeppelin_all/mocks_token_ERC721ReceiverMock.sol,,openzeppelin,False,False,False,False,False,False,False,False,False,False,False,False,False,False,False,False,False,False,False,False,False,False,False,False,False,0,0,0,0,0,0,0,0,0,0,1,0,0.0,0,0,0.0,0,0,0,0,0,0,0,0,0,0,0,0.0,0.0,0.0,0.0,False,simple,0,IMPORT_ERROR,"File not found: Invalid compilation: 
Invalid solc compilation Error: Source ""data/token/ERC721/IERC721Receiver.sol"" not found: File not found. Searched the following locations: """".
 --> data/safe_contracts/openzeppelin_all/mocks_token_ERC721ReceiverMock.sol:5:1:
  |
5 | import {IERC721Receiver} from ""../../token/ERC721/IERC721Receiver.sol"";
  | ^^^^^^^^^^^^^^^^^^^^^^^^^^^^^^^^^^^^^^^^^^^^^^^^^^^^^^^^^^^^^^^^^^^^^^^

",0,0,0,0,0.0,False,0,0,0,0,0,0,0.0,False,0,0,0.0,0,0,0,False,0,0,0.0,0,0,0,1.0,False,0,0,0,0
401,utils_cryptography_WebAuthn,0x0000000000000000000000231935701894421771,data/safe_contracts/openzeppelin_all/utils_cryptography_WebAuthn.sol,,openzeppelin,False,False,False,False,False,False,False,False,False,False,False,False,False,False,False,False,False,False,False,False,False,False,False,False,False,0,0,0,0,0,0,0,0,0,0,1,0,0.0,0,0,0.0,0,0,0,0,0,0,0,0,0,0,0,0.0,0.0,0.0,0.0,False,simple,0,IMPORT_ERROR,"File not found: Invalid compilation: 
Invalid solc compilation Error: Source ""data/safe_contracts/openzeppelin_all/P256.sol"" not found: File not found. Searched the following locations: """".
 --> data/safe_contracts/openzeppelin_all/utils_cryptography_WebAuthn.sol:6:1:
  |
6 | import {P256} from ""./P256.sol"";
  | ^^^^^^^^^^^^^^^^^^^^^^^^^^^^^^^^

Error: Source ""data/safe_contracts/Base64.sol"" not found: File not found. Searched the following locations: """".
 --> data/safe_contracts/openzeppelin_all/utils_cryptography_WebAuthn.sol:7:1:
  |
7 | import {Base64} from ""../Base64.sol"";
  | ^^^^^^^^^^^^^^^^^^^^^^^^^^^^^^^^^^^^^

Error: Source ""data/safe_contracts/Bytes.sol"" not found: File not found. Searched the following locations: """".
 --> data/safe_contracts/openzeppelin_all/utils_cryptography_WebAuthn.sol:8:1:
  |
8 | import {Bytes} from ""../Bytes.sol"";
  | ^^^^^^^^^^^^^^^^^^^^^^^^^^^^^^^^^^^

Error: Source ""data/safe_contracts/Strings.sol"" not found: File not found. Searched the following locations: """".
 --> data/safe_contracts/openzeppelin_all/utils_cryptography_WebAuthn.sol:9:1:
  |
9 | import {Strings} from ""../Strings.sol"";
  | ^^^^^^^^^^^^^^^^^^^^^^^^^^^^^^^^^^^^^^^

",0,0,0,0,0.0,False,0,0,0,0,0,0,0.0,False,0,0,0.0,0,0,0,False,0,0,0.0,0,0,0,1.0,False,0,0,0,0
402,token_ERC1155_utils_ERC1155Utils,0x9999999999999999999991075349915861433153,data/safe_contracts/openzeppelin_all/token_ERC1155_utils_ERC1155Utils.sol,,openzeppelin,False,False,False,False,False,False,False,False,False,False,False,False,False,False,False,False,False,False,False,False,False,False,False,False,False,0,0,0,0,0,0,0,0,0,0,1,0,0.0,0,0,0.0,0,0,0,0,0,0,0,0,0,0,0,0.0,0.0,0.0,0.0,False,simple,0,IMPORT_ERROR,"File not found: Invalid compilation: 
Invalid solc compilation Error: Source ""data/safe_contracts/IERC1155Receiver.sol"" not found: File not found. Searched the following locations: """".
 --> data/safe_contracts/openzeppelin_all/token_ERC1155_utils_ERC1155Utils.sol:6:1:
  |
6 | import {IERC1155Receiver} from ""../IERC1155Receiver.sol"";
  | ^^^^^^^^^^^^^^^^^^^^^^^^^^^^^^^^^^^^^^^^^^^^^^^^^^^^^^^^^

Error: Source ""interfaces/draft-IERC6093.sol"" not found: File not found. Searched the following locations: """".
 --> data/safe_contracts/openzeppelin_all/token_ERC1155_utils_ERC1155Utils.sol:7:1:
  |
7 | import {IERC1155Errors} from ""../../../interfaces/draft-IERC6093.sol"";
  | ^^^^^^^^^^^^^^^^^^^^^^^^^^^^^^^^^^^^^^^^^^^^^^^^^^^^^^^^^^^^^^^^^^^^^^

",0,0,0,0,0.0,False,0,0,0,0,0,0,0.0,False,0,0,0.0,0,0,0,False,0,0,0.0,0,0,0,1.0,False,0,0,0,0
403,mocks_docs_token_ERC20_GLDToken,0x0000000000000000000003785628725858566231,data/safe_contracts/openzeppelin_all/mocks_docs_token_ERC20_GLDToken.sol,,openzeppelin,False,False,False,False,False,False,False,False,False,False,False,False,False,False,False,False,False,False,False,False,False,False,False,False,False,0,0,0,0,0,0,0,0,0,0,1,0,0.0,0,0,0.0,0,0,0,0,0,0,0,0,0,0,0,0.0,0.0,0.0,0.0,False,simple,0,IMPORT_ERROR,"File not found: Invalid compilation: 
Invalid solc compilation Error: Source ""token/ERC20/ERC20.sol"" not found: File not found. Searched the following locations: """".
 --> data/safe_contracts/openzeppelin_all/mocks_docs_token_ERC20_GLDToken.sol:5:1:
  |
5 | import {ERC20} from ""../../../../token/ERC20/ERC20.sol"";
  | ^^^^^^^^^^^^^^^^^^^^^^^^^^^^^^^^^^^^^^^^^^^^^^^^^^^^^^^^

",0,0,0,0,0.0,False,0,0,0,0,0,0,0.0,False,0,0,0.0,0,0,0,False,0,0,0.0,0,0,0,1.0,False,0,0,0,0
404,utils_StorageSlot,0x9999999999999999999996871311834526397149,data/safe_contracts/openzeppelin_all/utils_StorageSlot.sol,,openzeppelin,False,False,False,False,False,False,False,False,False,False,False,False,False,False,True,False,False,False,False,False,False,False,True,False,False,0,0,20,9,0,0,0,1,0,126,1,1,1.0,0,57,0.4523809523809524,0,0,0,0,11,9,0,0,0,3,2,0.0,0.0,20.0,115.33333333333334,False,simple,0,,,36,27,0,3,0.75,False,0,9,9,0,0,0,0.0,False,0,9,0.0,7,0,0,False,0,9,0.0,9,0,0,1.0,False,0,0,0,0
405,utils_structs_Heap,0x9999999999999999999997753013098306517556,data/safe_contracts/openzeppelin_all/utils_structs_Heap.sol,,openzeppelin,False,False,False,False,False,False,False,False,False,False,False,False,False,False,False,False,False,False,False,False,False,False,False,False,False,0,0,0,0,0,0,0,0,0,0,1,0,0.0,0,0,0.0,0,0,0,0,0,0,0,0,0,0,0,0.0,0.0,0.0,0.0,False,simple,0,IMPORT_ERROR,"File not found: Invalid compilation: 
Invalid solc compilation Error: Source ""data/safe_contracts/math/Math.sol"" not found: File not found. Searched the following locations: """".
 --> data/safe_contracts/openzeppelin_all/utils_structs_Heap.sol:6:1:
  |
6 | import {Math} from ""../math/Math.sol"";
  | ^^^^^^^^^^^^^^^^^^^^^^^^^^^^^^^^^^^^^^

Error: Source ""data/safe_contracts/Comparators.sol"" not found: File not found. Searched the following locations: """".
 --> data/safe_contracts/openzeppelin_all/utils_structs_Heap.sol:7:1:
  |
7 | import {Comparators} from ""../Comparators.sol"";
  | ^^^^^^^^^^^^^^^^^^^^^^^^^^^^^^^^^^^^^^^^^^^^^^^

Error: Source ""data/safe_contracts/Arrays.sol"" not found: File not found. Searched the following locations: """".
 --> data/safe_contracts/openzeppelin_all/utils_structs_Heap.sol:8:1:
  |
8 | import {Arrays} from ""../Arrays.sol"";
  | ^^^^^^^^^^^^^^^^^^^^^^^^^^^^^^^^^^^^^

Error: Source ""data/safe_contracts/Panic.sol"" not found: File not found. Searched the following locations: """".
 --> data/safe_contracts/openzeppelin_all/utils_structs_Heap.sol:9:1:
  |
9 | import {Panic} from ""../Panic.sol"";
  | ^^^^^^^^^^^^^^^^^^^^^^^^^^^^^^^^^^^

Error: Source ""data/safe_contracts/StorageSlot.sol"" not found: File not found. Searched the following locations: """".
  --> data/safe_contracts/openzeppelin_all/utils_structs_Heap.sol:10:1:
   |
10 | import {StorageSlot} from ""../StorageSlot.sol"";
   | ^^^^^^^^^^^^^^^^^^^^^^^^^^^^^^^^^^^^^^^^^^^^^^^

",0,0,0,0,0.0,False,0,0,0,0,0,0,0.0,False,0,0,0.0,0,0,0,False,0,0,0.0,0,0,0,1.0,False,0,0,0,0
406,governance_utils_IVotes,0x9999999999999999999996723964332342874616,data/safe_contracts/openzeppelin_all/governance_utils_IVotes.sol,,openzeppelin,False,False,False,False,False,False,False,False,False,False,False,False,False,False,False,False,False,False,False,False,False,False,True,False,False,0,0,2,6,0,0,0,1,0,50,1,1,1.0,0,38,0.76,0,0,0,0,2,0,0,0,0,1,1,0.0,0.0,2.0,4.0,False,simple,0,,,0,0,0,0,0.0,False,0,0,6,0,0,0,0.0,False,6,0,0.0,6,0,0,False,0,12,0.0,6,0,0,1.0,False,0,0,0,0
407,utils_cryptography_P256,0x9999999999999999999998513071082183977553,data/safe_contracts/openzeppelin_all/utils_cryptography_P256.sol,,openzeppelin,False,False,False,False,False,False,False,False,False,False,False,False,False,False,False,False,False,False,False,False,False,False,False,False,False,0,0,0,0,0,0,0,0,0,0,1,0,0.0,0,0,0.0,0,0,0,0,0,0,0,0,0,0,0,0.0,0.0,0.0,0.0,False,simple,0,IMPORT_ERROR,"File not found: Invalid compilation: 
Invalid solc compilation Error: Source ""data/safe_contracts/math/Math.sol"" not found: File not found. Searched the following locations: """".
 --> data/safe_contracts/openzeppelin_all/utils_cryptography_P256.sol:5:1:
  |
5 | import {Math} from ""../math/Math.sol"";
  | ^^^^^^^^^^^^^^^^^^^^^^^^^^^^^^^^^^^^^^

Error: Source ""data/safe_contracts/Errors.sol"" not found: File not found. Searched the following locations: """".
 --> data/safe_contracts/openzeppelin_all/utils_cryptography_P256.sol:6:1:
  |
6 | import {Errors} from ""../Errors.sol"";
  | ^^^^^^^^^^^^^^^^^^^^^^^^^^^^^^^^^^^^^

",0,0,0,0,0.0,False,0,0,0,0,0,0,0.0,False,0,0,0.0,0,0,0,False,0,0,0.0,0,0,0,1.0,False,0,0,0,0
408,interfaces_draft-IERC6093,0x0000000000000000000008202095099610430447,data/safe_contracts/openzeppelin_all/interfaces_draft-IERC6093.sol,,openzeppelin,False,False,False,False,False,False,False,False,False,False,False,False,False,False,False,False,False,False,False,False,False,False,True,False,False,0,0,2,0,0,0,0,0,0,0,1,0,0.0,0,0,0.0,0,0,0,0,2,0,0,0,0,1,1,0.0,0.0,2.0,4.0,False,simple,0,,,0,0,0,0,0.0,False,0,0,0,0,0,0,0.0,False,0,0,0.0,0,0,0,False,0,0,0.0,0,0,0,1.0,False,0,0,0,0
409,mocks_governance_GovernorMock,0x0000000000000000000009081578458420207137,data/safe_contracts/openzeppelin_all/mocks_governance_GovernorMock.sol,,openzeppelin,False,False,False,False,False,False,False,False,False,False,False,False,False,False,False,False,False,False,False,False,False,False,False,False,False,0,0,0,0,0,0,0,0,0,0,1,0,0.0,0,0,0.0,0,0,0,0,0,0,0,0,0,0,0,0.0,0.0,0.0,0.0,False,simple,0,IMPORT_ERROR,"File not found: Invalid compilation: 
Invalid solc compilation Error: Source ""data/governance/Governor.sol"" not found: File not found. Searched the following locations: """".
 --> data/safe_contracts/openzeppelin_all/mocks_governance_GovernorMock.sol:5:1:
  |
5 | import {Governor} from ""../../governance/Governor.sol"";
  | ^^^^^^^^^^^^^^^^^^^^^^^^^^^^^^^^^^^^^^^^^^^^^^^^^^^^^^^

Error: Source ""data/governance/extensions/GovernorSettings.sol"" not found: File not found. Searched the following locations: """".
 --> data/safe_contracts/openzeppelin_all/mocks_governance_GovernorMock.sol:6:1:
  |
6 | import {GovernorSettings} from ""../../governance/extensions/GovernorSettings.sol"";
  | ^^^^^^^^^^^^^^^^^^^^^^^^^^^^^^^^^^^^^^^^^^^^^^^^^^^^^^^^^^^^^^^^^^^^^^^^^^^^^^^^^^

Error: Source ""data/governance/extensions/GovernorCountingSimple.sol"" not found: File not found. Searched the following locations: """".
 --> data/safe_contracts/openzeppelin_all/mocks_governance_GovernorMock.sol:7:1:
  |
7 | import {GovernorCountingSimple} from ""../../governance/extensions/GovernorCountingSimple.sol"";
  | ^^^^^^^^^^^^^^^^^^^^^^^^^^^^^^^^^^^^^^^^^^^^^^^^^^^^^^^^^^^^^^^^^^^^^^^^^^^^^^^^^^^^^^^^^^^^^^

Error: Source ""data/governance/extensions/GovernorVotesQuorumFraction.sol"" not found: File not found. Searched the following locations: """".
 --> data/safe_contracts/openzeppelin_all/mocks_governance_GovernorMock.sol:8:1:
  |
8 | import {GovernorVotesQuorumFraction} from ""../../governance/extensions/GovernorVotesQuorumFraction.sol"";
  | ^^^^^^^^^^^^^^^^^^^^^^^^^^^^^^^^^^^^^^^^^^^^^^^^^^^^^^^^^^^^^^^^^^^^^^^^^^^^^^^^^^^^^^^^^^^^^^^^^^^^^^^^

",0,0,0,0,0.0,False,0,0,0,0,0,0,0.0,False,0,0,0.0,0,0,0,False,0,0,0.0,0,0,0,1.0,False,0,0,0,0
410,account_utils_EIP7702Utils,0x9999999999999999999995796471027482059539,data/safe_contracts/openzeppelin_all/account_utils_EIP7702Utils.sol,,openzeppelin,False,False,False,False,False,False,False,False,False,False,False,False,False,False,False,False,False,False,False,False,False,False,True,False,False,0,0,3,2,0,1,0,2,0,18,1,1,1.5,0,10,0.5555555555555556,0,0,0,0,2,1,0,0,0,2,1,0.0,0.0,3.0,4.05,False,simple,0,,,6,4,0,3,0.6666666666666666,False,2,3,2,1,0,0,0.0,False,0,2,0.5,2,1,0,True,0,1,0.0,1,0,0,1.0,False,0,0,0,0
411,utils_structs_EnumerableMap,0x9999999999999999999998755460810046773027,data/safe_contracts/openzeppelin_all/utils_structs_EnumerableMap.sol,,openzeppelin,False,False,False,False,False,False,False,False,False,False,False,False,False,False,False,False,False,False,False,False,False,False,False,False,False,0,0,0,0,0,0,0,0,0,0,1,0,0.0,0,0,0.0,0,0,0,0,0,0,0,0,0,0,0,0.0,0.0,0.0,0.0,False,simple,0,IMPORT_ERROR,"File not found: Invalid compilation: 
Invalid solc compilation Error: Source ""data/safe_contracts/openzeppelin_all/EnumerableSet.sol"" not found: File not found. Searched the following locations: """".
 --> data/safe_contracts/openzeppelin_all/utils_structs_EnumerableMap.sol:7:1:
  |
7 | import {EnumerableSet} from ""./EnumerableSet.sol"";
  | ^^^^^^^^^^^^^^^^^^^^^^^^^^^^^^^^^^^^^^^^^^^^^^^^^^

",0,0,0,0,0.0,False,0,0,0,0,0,0,0.0,False,0,0,0.0,0,0,0,False,0,0,0.0,0,0,0,1.0,False,0,0,0,0
412,mocks_account_AccountMock,0x0000000000000000000007788111361839602168,data/safe_contracts/openzeppelin_all/mocks_account_AccountMock.sol,,openzeppelin,False,False,False,False,False,False,False,False,False,False,False,False,False,False,False,False,False,False,False,False,False,False,False,False,False,0,0,0,0,0,0,0,0,0,0,1,0,0.0,0,0,0.0,0,0,0,0,0,0,0,0,0,0,0,0.0,0.0,0.0,0.0,False,simple,0,IMPORT_ERROR,"File not found: Invalid compilation: 
Invalid solc compilation Error: Source ""data/account/Account.sol"" not found: File not found. Searched the following locations: """".
 --> data/safe_contracts/openzeppelin_all/mocks_account_AccountMock.sol:5:1:
  |
5 | import {Account} from ""../../account/Account.sol"";
  | ^^^^^^^^^^^^^^^^^^^^^^^^^^^^^^^^^^^^^^^^^^^^^^^^^^

Error: Source ""data/account/extensions/draft-AccountERC7579.sol"" not found: File not found. Searched the following locations: """".
 --> data/safe_contracts/openzeppelin_all/mocks_account_AccountMock.sol:6:1:
  |
6 | import {AccountERC7579} from ""../../account/extensions/draft-AccountERC7579.sol"";
  | ^^^^^^^^^^^^^^^^^^^^^^^^^^^^^^^^^^^^^^^^^^^^^^^^^^^^^^^^^^^^^^^^^^^^^^^^^^^^^^^^^

Error: Source ""data/account/extensions/draft-AccountERC7579Hooked.sol"" not found: File not found. Searched the following locations: """".
 --> data/safe_contracts/openzeppelin_all/mocks_account_AccountMock.sol:7:1:
  |
7 | import {AccountERC7579Hooked} from ""../../account/extensions/draft-AccountERC7579Hooked.sol"";
  | ^^^^^^^^^^^^^^^^^^^^^^^^^^^^^^^^^^^^^^^^^^^^^^^^^^^^^^^^^^^^^^^^^^^^^^^^^^^^^^^^^^^^^^^^^^^^^

Error: Source ""data/token/ERC721/utils/ERC721Holder.sol"" not found: File not found. Searched the following locations: """".
 --> data/safe_contracts/openzeppelin_all/mocks_account_AccountMock.sol:8:1:
  |
8 | import {ERC721Holder} from ""../../token/ERC721/utils/ERC721Holder.sol"";
  | ^^^^^^^^^^^^^^^^^^^^^^^^^^^^^^^^^^^^^^^^^^^^^^^^^^^^^^^^^^^^^^^^^^^^^^^

Error: Source ""data/token/ERC1155/utils/ERC1155Holder.sol"" not found: File not found. Searched the following locations: """".
 --> data/safe_contracts/openzeppelin_all/mocks_account_AccountMock.sol:9:1:
  |
9 | import {ERC1155Holder} from ""../../token/ERC1155/utils/ERC1155Holder.sol"";
  | ^^^^^^^^^^^^^^^^^^^^^^^^^^^^^^^^^^^^^^^^^^^^^^^^^^^^^^^^^^^^^^^^^^^^^^^^^^

Error: Source ""data/utils/cryptography/signers/draft-ERC7739.sol"" not found: File not found. Searched the following locat",0,0,0,0,0.0,False,0,0,0,0,0,0,0.0,False,0,0,0.0,0,0,0,False,0,0,0.0,0,0,0,1.0,False,0,0,0,0
413,mocks_ReentrancyTransientMock,0x9999999999999999999995983021740351906643,data/safe_contracts/openzeppelin_all/mocks_ReentrancyTransientMock.sol,,openzeppelin,False,False,False,False,False,False,False,False,False,False,False,False,False,False,False,False,False,False,False,False,False,False,False,False,False,0,0,0,0,0,0,0,0,0,0,1,0,0.0,0,0,0.0,0,0,0,0,0,0,0,0,0,0,0,0.0,0.0,0.0,0.0,False,simple,0,IMPORT_ERROR,"File not found: Invalid compilation: 
Invalid solc compilation Error: Source ""data/safe_contracts/utils/ReentrancyGuardTransient.sol"" not found: File not found. Searched the following locations: """".
 --> data/safe_contracts/openzeppelin_all/mocks_ReentrancyTransientMock.sol:5:1:
  |
5 | import {ReentrancyGuardTransient} from ""../utils/ReentrancyGuardTransient.sol"";
  | ^^^^^^^^^^^^^^^^^^^^^^^^^^^^^^^^^^^^^^^^^^^^^^^^^^^^^^^^^^^^^^^^^^^^^^^^^^^^^^^

Error: Source ""data/safe_contracts/openzeppelin_all/ReentrancyAttack.sol"" not found: File not found. Searched the following locations: """".
 --> data/safe_contracts/openzeppelin_all/mocks_ReentrancyTransientMock.sol:6:1:
  |
6 | import {ReentrancyAttack} from ""./ReentrancyAttack.sol"";
  | ^^^^^^^^^^^^^^^^^^^^^^^^^^^^^^^^^^^^^^^^^^^^^^^^^^^^^^^^

",0,0,0,0,0.0,False,0,0,0,0,0,0,0.0,False,0,0,0.0,0,0,0,False,0,0,0.0,0,0,0,1.0,False,0,0,0,0
414,proxy_Proxy,0x0000000000000000000008533126008287791705,data/safe_contracts/openzeppelin_all/proxy_Proxy.sol,,openzeppelin,False,False,False,False,False,False,False,False,False,False,False,False,False,False,True,True,False,False,False,False,False,False,True,False,False,0,1,4,4,0,0,0,3,0,61,1,1,1.5,0,37,0.6065573770491803,1,0,0,0,5,0,0,1,0,4,2,0.0,0.0,9.0,11.25,False,simple,0,,,17,15,0,11,0.8823529411764706,False,0,5,4,11,3,0,0.0,False,1,3,2.75,9,0,0,False,0,1,0.0,1,0,0,1.0,False,0,0,0,0
415,utils_cryptography_TrieProof,0x9999999999999999999993652609801363778486,data/safe_contracts/openzeppelin_all/utils_cryptography_TrieProof.sol,,openzeppelin,False,False,False,False,False,False,False,False,False,False,False,False,False,False,False,False,False,False,False,False,False,False,False,False,False,0,0,0,0,0,0,0,0,0,0,1,0,0.0,0,0,0.0,0,0,0,0,0,0,0,0,0,0,0,0.0,0.0,0.0,0.0,False,simple,0,IMPORT_ERROR,"File not found: Invalid compilation: 
Invalid solc compilation Error: Source ""data/safe_contracts/math/Math.sol"" not found: File not found. Searched the following locations: """".
 --> data/safe_contracts/openzeppelin_all/utils_cryptography_TrieProof.sol:4:1:
  |
4 | import {Math} from ""../math/Math.sol"";
  | ^^^^^^^^^^^^^^^^^^^^^^^^^^^^^^^^^^^^^^

Error: Source ""data/safe_contracts/Bytes.sol"" not found: File not found. Searched the following locations: """".
 --> data/safe_contracts/openzeppelin_all/utils_cryptography_TrieProof.sol:5:1:
  |
5 | import {Bytes} from ""../Bytes.sol"";
  | ^^^^^^^^^^^^^^^^^^^^^^^^^^^^^^^^^^^

Error: Source ""data/safe_contracts/Memory.sol"" not found: File not found. Searched the following locations: """".
 --> data/safe_contracts/openzeppelin_all/utils_cryptography_TrieProof.sol:6:1:
  |
6 | import {Memory} from ""../Memory.sol"";
  | ^^^^^^^^^^^^^^^^^^^^^^^^^^^^^^^^^^^^^

Error: Source ""data/safe_contracts/RLP.sol"" not found: File not found. Searched the following locations: """".
 --> data/safe_contracts/openzeppelin_all/utils_cryptography_TrieProof.sol:7:1:
  |
7 | import {RLP} from ""../RLP.sol"";
  | ^^^^^^^^^^^^^^^^^^^^^^^^^^^^^^^

",0,0,0,0,0.0,False,0,0,0,0,0,0,0.0,False,0,0,0.0,0,0,0,False,0,0,0.0,0,0,0,1.0,False,0,0,0,0
416,interfaces_IERC20,0x0000000000000000000006281690765017322749,data/safe_contracts/openzeppelin_all/interfaces_IERC20.sol,,openzeppelin,False,False,False,False,False,False,False,False,False,False,False,False,False,False,False,False,False,False,False,False,False,False,False,False,False,0,0,0,0,0,0,0,0,0,0,1,0,0.0,0,0,0.0,0,0,0,0,0,0,0,0,0,0,0,0.0,0.0,0.0,0.0,False,simple,0,IMPORT_ERROR,"File not found: Invalid compilation: 
Invalid solc compilation Error: Source ""data/safe_contracts/token/ERC20/IERC20.sol"" not found: File not found. Searched the following locations: """".
 --> data/safe_contracts/openzeppelin_all/interfaces_IERC20.sol:6:1:
  |
6 | import {IERC20} from ""../token/ERC20/IERC20.sol"";
  | ^^^^^^^^^^^^^^^^^^^^^^^^^^^^^^^^^^^^^^^^^^^^^^^^^

",0,0,0,0,0.0,False,0,0,0,0,0,0,0.0,False,0,0,0.0,0,0,0,False,0,0,0.0,0,0,0,1.0,False,0,0,0,0
417,interfaces_draft-IERC7821,0x0000000000000000000008144871700414786933,data/safe_contracts/openzeppelin_all/interfaces_draft-IERC7821.sol,,openzeppelin,False,False,False,False,False,False,False,False,False,False,False,False,False,False,False,False,False,False,False,False,False,False,True,False,False,0,0,2,2,0,0,0,1,0,41,1,1,1.0,0,36,0.8780487804878049,1,0,0,0,2,0,0,0,0,1,1,0.0,0.0,2.0,4.0,False,simple,0,,,0,0,0,0,0.0,False,0,0,2,0,0,0,0.0,False,2,0,0.0,2,0,0,False,0,3,0.0,2,0,0,1.0,False,0,0,0,0
418,mocks_token_ERC4626OffsetMock,0x0000000000000000000000869434371620728348,data/safe_contracts/openzeppelin_all/mocks_token_ERC4626OffsetMock.sol,,openzeppelin,False,False,False,False,False,False,False,False,False,False,False,False,False,False,False,False,False,False,False,False,False,False,False,False,False,0,0,0,0,0,0,0,0,0,0,1,0,0.0,0,0,0.0,0,0,0,0,0,0,0,0,0,0,0,0.0,0.0,0.0,0.0,False,simple,0,IMPORT_ERROR,"File not found: Invalid compilation: 
Invalid solc compilation Error: Source ""data/token/ERC20/extensions/ERC4626.sol"" not found: File not found. Searched the following locations: """".
 --> data/safe_contracts/openzeppelin_all/mocks_token_ERC4626OffsetMock.sol:5:1:
  |
5 | import {ERC4626} from ""../../token/ERC20/extensions/ERC4626.sol"";
  | ^^^^^^^^^^^^^^^^^^^^^^^^^^^^^^^^^^^^^^^^^^^^^^^^^^^^^^^^^^^^^^^^^

",0,0,0,0,0.0,False,0,0,0,0,0,0,0.0,False,0,0,0.0,0,0,0,False,0,0,0.0,0,0,0,1.0,False,0,0,0,0
419,mocks_governance_GovernorPreventLateQuorumMock,0x0000000000000000000001570579682828924538,data/safe_contracts/openzeppelin_all/mocks_governance_GovernorPreventLateQuorumMock.sol,,openzeppelin,False,False,False,False,False,False,False,False,False,False,False,False,False,False,False,False,False,False,False,False,False,False,False,False,False,0,0,0,0,0,0,0,0,0,0,1,0,0.0,0,0,0.0,0,0,0,0,0,0,0,0,0,0,0,0.0,0.0,0.0,0.0,False,simple,0,IMPORT_ERROR,"File not found: Invalid compilation: 
Invalid solc compilation Error: Source ""data/governance/Governor.sol"" not found: File not found. Searched the following locations: """".
 --> data/safe_contracts/openzeppelin_all/mocks_governance_GovernorPreventLateQuorumMock.sol:5:1:
  |
5 | import {Governor} from ""../../governance/Governor.sol"";
  | ^^^^^^^^^^^^^^^^^^^^^^^^^^^^^^^^^^^^^^^^^^^^^^^^^^^^^^^

Error: Source ""data/governance/extensions/GovernorPreventLateQuorum.sol"" not found: File not found. Searched the following locations: """".
 --> data/safe_contracts/openzeppelin_all/mocks_governance_GovernorPreventLateQuorumMock.sol:6:1:
  |
6 | import {GovernorPreventLateQuorum} from ""../../governance/extensions/GovernorPreventLateQuorum.sol"";
  | ^^^^^^^^^^^^^^^^^^^^^^^^^^^^^^^^^^^^^^^^^^^^^^^^^^^^^^^^^^^^^^^^^^^^^^^^^^^^^^^^^^^^^^^^^^^^^^^^^^^^

Error: Source ""data/governance/extensions/GovernorSettings.sol"" not found: File not found. Searched the following locations: """".
 --> data/safe_contracts/openzeppelin_all/mocks_governance_GovernorPreventLateQuorumMock.sol:7:1:
  |
7 | import {GovernorSettings} from ""../../governance/extensions/GovernorSettings.sol"";
  | ^^^^^^^^^^^^^^^^^^^^^^^^^^^^^^^^^^^^^^^^^^^^^^^^^^^^^^^^^^^^^^^^^^^^^^^^^^^^^^^^^^

Error: Source ""data/governance/extensions/GovernorCountingSimple.sol"" not found: File not found. Searched the following locations: """".
 --> data/safe_contracts/openzeppelin_all/mocks_governance_GovernorPreventLateQuorumMock.sol:8:1:
  |
8 | import {GovernorCountingSimple} from ""../../governance/extensions/GovernorCountingSimple.sol"";
  | ^^^^^^^^^^^^^^^^^^^^^^^^^^^^^^^^^^^^^^^^^^^^^^^^^^^^^^^^^^^^^^^^^^^^^^^^^^^^^^^^^^^^^^^^^^^^^^

Error: Source ""data/governance/extensions/GovernorVotes.sol"" not found: File not found. Searched the following locations: """".
 --> data/safe_contracts/openzeppelin_all/mocks_governance_GovernorPreventLateQuorumMock.sol:9:1:
  |
9 | import {GovernorVotes} from ""../../governance/extensions/GovernorVotes.sol"";
  ",0,0,0,0,0.0,False,0,0,0,0,0,0,0.0,False,0,0,0.0,0,0,0,False,0,0,0.0,0,0,0,1.0,False,0,0,0,0
420,mocks_docs_access-control_AccessControlERC20MintMissing,0x0000000000000000000007942897600529975122,data/safe_contracts/openzeppelin_all/mocks_docs_access-control_AccessControlERC20MintMissing.sol,,openzeppelin,False,False,False,False,False,False,False,False,False,False,False,False,False,False,False,False,False,False,False,False,False,False,False,False,False,0,0,0,0,0,0,0,0,0,0,1,0,0.0,0,0,0.0,0,0,0,0,0,0,0,0,0,0,0,0.0,0.0,0.0,0.0,False,simple,0,IMPORT_ERROR,"File not found: Invalid compilation: 
Invalid solc compilation Error: Source ""access/AccessControl.sol"" not found: File not found. Searched the following locations: """".
 --> data/safe_contracts/openzeppelin_all/mocks_docs_access-control_AccessControlERC20MintMissing.sol:4:1:
  |
4 | import {AccessControl} from ""../../../access/AccessControl.sol"";
  | ^^^^^^^^^^^^^^^^^^^^^^^^^^^^^^^^^^^^^^^^^^^^^^^^^^^^^^^^^^^^^^^^

Error: Source ""token/ERC20/ERC20.sol"" not found: File not found. Searched the following locations: """".
 --> data/safe_contracts/openzeppelin_all/mocks_docs_access-control_AccessControlERC20MintMissing.sol:5:1:
  |
5 | import {ERC20} from ""../../../token/ERC20/ERC20.sol"";
  | ^^^^^^^^^^^^^^^^^^^^^^^^^^^^^^^^^^^^^^^^^^^^^^^^^^^^^

",0,0,0,0,0.0,False,0,0,0,0,0,0,0.0,False,0,0,0.0,0,0,0,False,0,0,0.0,0,0,0,1.0,False,0,0,0,0
421,utils_Errors,0x0000000000000000000007014102690439678467,data/safe_contracts/openzeppelin_all/utils_Errors.sol,,openzeppelin,False,False,False,False,False,False,False,False,False,False,False,False,False,False,False,False,False,False,False,False,False,False,True,False,False,0,0,2,0,0,0,0,0,0,29,1,1,0.0,0,22,0.7586206896551724,0,0,0,0,2,0,0,0,0,1,1,0.0,0.0,2.0,4.0,False,simple,0,,,0,0,0,0,0.0,False,0,0,0,0,0,0,0.0,False,0,0,0.0,0,0,0,False,0,0,0.0,0,0,0,1.0,False,0,0,0,0
422,interfaces_IERC5267,0x9999999999999999999998656742818933664125,data/safe_contracts/openzeppelin_all/interfaces_IERC5267.sol,,openzeppelin,False,False,False,False,False,False,False,False,False,False,False,False,False,False,False,False,False,False,False,False,False,False,True,False,False,0,0,2,1,0,0,0,1,0,25,1,1,1.0,0,9,0.36,0,0,0,0,2,0,0,0,0,1,1,0.0,0.0,2.0,4.0,False,simple,0,,,0,0,0,0,0.0,False,0,0,1,0,0,0,0.0,False,1,0,0.0,1,0,0,False,0,0,0.0,0,0,0,1.0,False,0,0,0,0
423,proxy_beacon_IBeacon,0x9999999999999999999991887753748871347139,data/safe_contracts/openzeppelin_all/proxy_beacon_IBeacon.sol,,openzeppelin,False,False,False,False,False,False,False,False,False,False,False,False,False,False,False,False,False,False,False,False,False,False,True,False,False,0,0,2,1,0,0,0,1,0,14,1,1,1.0,0,10,0.7142857142857143,0,0,0,0,2,0,0,0,0,1,1,0.0,0.0,2.0,4.0,False,simple,0,,,0,0,0,0,0.0,False,0,0,1,0,0,0,0.0,False,1,0,0.0,1,0,0,False,0,0,0.0,0,0,0,1.0,False,0,0,0,0
424,mocks_token_ERC1363ReturnFalseMock,0x0000000000000000000005970943127433939434,data/safe_contracts/openzeppelin_all/mocks_token_ERC1363ReturnFalseMock.sol,,openzeppelin,False,False,False,False,False,False,False,False,False,False,False,False,False,False,False,False,False,False,False,False,False,False,False,False,False,0,0,0,0,0,0,0,0,0,0,1,0,0.0,0,0,0.0,0,0,0,0,0,0,0,0,0,0,0,0.0,0.0,0.0,0.0,False,simple,0,IMPORT_ERROR,"File not found: Invalid compilation: 
Invalid solc compilation Error: Source ""data/token/ERC20/ERC20.sol"" not found: File not found. Searched the following locations: """".
 --> data/safe_contracts/openzeppelin_all/mocks_token_ERC1363ReturnFalseMock.sol:5:1:
  |
5 | import {IERC20, ERC20} from ""../../token/ERC20/ERC20.sol"";
  | ^^^^^^^^^^^^^^^^^^^^^^^^^^^^^^^^^^^^^^^^^^^^^^^^^^^^^^^^^^

Error: Source ""data/token/ERC20/extensions/ERC1363.sol"" not found: File not found. Searched the following locations: """".
 --> data/safe_contracts/openzeppelin_all/mocks_token_ERC1363ReturnFalseMock.sol:6:1:
  |
6 | import {ERC1363} from ""../../token/ERC20/extensions/ERC1363.sol"";
  | ^^^^^^^^^^^^^^^^^^^^^^^^^^^^^^^^^^^^^^^^^^^^^^^^^^^^^^^^^^^^^^^^^

",0,0,0,0,0.0,False,0,0,0,0,0,0,0.0,False,0,0,0.0,0,0,0,False,0,0,0.0,0,0,0,1.0,False,0,0,0,0
425,token_ERC721_IERC721Receiver,0x0000000000000000000006731160773867439877,data/safe_contracts/openzeppelin_all/token_ERC721_IERC721Receiver.sol,,openzeppelin,False,False,False,False,False,False,False,False,False,False,False,False,False,False,False,False,False,False,False,False,False,False,True,False,False,0,0,2,1,0,0,0,1,0,26,1,1,1.0,0,17,0.6538461538461539,0,0,0,0,2,0,0,0,0,1,1,0.0,0.0,2.0,4.0,False,simple,0,,,0,0,0,0,0.0,False,0,0,1,0,0,0,0.0,False,1,0,0.0,1,0,0,False,0,4,0.0,1,0,0,1.0,False,0,0,0,0
426,utils_Comparators,0x9999999999999999999995199799902936874738,data/safe_contracts/openzeppelin_all/utils_Comparators.sol,,openzeppelin,False,False,False,False,False,False,False,False,False,False,False,False,False,False,False,False,False,False,False,False,False,False,True,False,False,0,0,4,2,0,0,0,1,0,16,1,1,1.0,0,7,0.4375,0,0,0,0,2,2,0,0,0,2,1,0.0,0.0,4.0,6.8,False,simple,0,,,4,2,0,1,0.5,False,2,2,2,0,0,0,0.0,False,0,2,0.0,2,0,0,False,0,4,0.0,2,0,0,1.0,False,0,0,0,0
427,mocks_proxy_BadBeacon,0x0000000000000000000000853805984528603163,data/safe_contracts/openzeppelin_all/mocks_proxy_BadBeacon.sol,,openzeppelin,False,False,False,False,False,False,False,False,False,False,False,False,False,False,False,False,False,False,False,False,False,False,True,False,False,0,0,2,0,0,0,0,0,0,8,2,1,0.0,0,1,0.125,0,0,0,0,2,0,0,0,0,1,1,0.0,0.0,2.0,4.0,False,simple,0,,,0,0,0,0,0.0,False,0,0,0,0,0,0,0.0,False,0,0,0.0,0,0,0,False,0,0,0.0,0,0,0,1.0,False,0,0,0,0
428,token_ERC20_ERC20,0x0000000000000000000000869491493200773969,data/safe_contracts/openzeppelin_all/token_ERC20_ERC20.sol,,openzeppelin,False,False,False,False,False,False,False,False,False,False,False,False,False,False,False,False,False,False,False,False,False,False,False,False,False,0,0,0,0,0,0,0,0,0,0,1,0,0.0,0,0,0.0,0,0,0,0,0,0,0,0,0,0,0,0.0,0.0,0.0,0.0,False,simple,0,IMPORT_ERROR,"File not found: Invalid compilation: 
Invalid solc compilation Error: Source ""data/safe_contracts/openzeppelin_all/IERC20.sol"" not found: File not found. Searched the following locations: """".
 --> data/safe_contracts/openzeppelin_all/token_ERC20_ERC20.sol:6:1:
  |
6 | import {IERC20} from ""./IERC20.sol"";
  | ^^^^^^^^^^^^^^^^^^^^^^^^^^^^^^^^^^^^

Error: Source ""data/safe_contracts/openzeppelin_all/extensions/IERC20Metadata.sol"" not found: File not found. Searched the following locations: """".
 --> data/safe_contracts/openzeppelin_all/token_ERC20_ERC20.sol:7:1:
  |
7 | import {IERC20Metadata} from ""./extensions/IERC20Metadata.sol"";
  | ^^^^^^^^^^^^^^^^^^^^^^^^^^^^^^^^^^^^^^^^^^^^^^^^^^^^^^^^^^^^^^^

Error: Source ""data/utils/Context.sol"" not found: File not found. Searched the following locations: """".
 --> data/safe_contracts/openzeppelin_all/token_ERC20_ERC20.sol:8:1:
  |
8 | import {Context} from ""../../utils/Context.sol"";
  | ^^^^^^^^^^^^^^^^^^^^^^^^^^^^^^^^^^^^^^^^^^^^^^^^

Error: Source ""data/interfaces/draft-IERC6093.sol"" not found: File not found. Searched the following locations: """".
 --> data/safe_contracts/openzeppelin_all/token_ERC20_ERC20.sol:9:1:
  |
9 | import {IERC20Errors} from ""../../interfaces/draft-IERC6093.sol"";
  | ^^^^^^^^^^^^^^^^^^^^^^^^^^^^^^^^^^^^^^^^^^^^^^^^^^^^^^^^^^^^^^^^^

",0,0,0,0,0.0,False,0,0,0,0,0,0,0.0,False,0,0,0.0,0,0,0,False,0,0,0.0,0,0,0,1.0,False,0,0,0,0
429,mocks_EIP712Verifier,0x0000000000000000000000631446266329051217,data/safe_contracts/openzeppelin_all/mocks_EIP712Verifier.sol,,openzeppelin,False,False,False,False,False,False,False,False,False,False,False,False,False,False,False,False,False,False,False,False,False,False,False,False,False,0,0,0,0,0,0,0,0,0,0,1,0,0.0,0,0,0.0,0,0,0,0,0,0,0,0,0,0,0,0.0,0.0,0.0,0.0,False,simple,0,IMPORT_ERROR,"File not found: Invalid compilation: 
Invalid solc compilation Error: Source ""data/safe_contracts/utils/cryptography/ECDSA.sol"" not found: File not found. Searched the following locations: """".
 --> data/safe_contracts/openzeppelin_all/mocks_EIP712Verifier.sol:5:1:
  |
5 | import {ECDSA} from ""../utils/cryptography/ECDSA.sol"";
  | ^^^^^^^^^^^^^^^^^^^^^^^^^^^^^^^^^^^^^^^^^^^^^^^^^^^^^^

Error: Source ""data/safe_contracts/utils/cryptography/EIP712.sol"" not found: File not found. Searched the following locations: """".
 --> data/safe_contracts/openzeppelin_all/mocks_EIP712Verifier.sol:6:1:
  |
6 | import {EIP712} from ""../utils/cryptography/EIP712.sol"";
  | ^^^^^^^^^^^^^^^^^^^^^^^^^^^^^^^^^^^^^^^^^^^^^^^^^^^^^^^^

",0,0,0,0,0.0,False,0,0,0,0,0,0,0.0,False,0,0,0.0,0,0,0,False,0,0,0.0,0,0,0,1.0,False,0,0,0,0
430,mocks_token_ERC20ExcessDecimalsMock,0x9999999999999999999993258280074671278052,data/safe_contracts/openzeppelin_all/mocks_token_ERC20ExcessDecimalsMock.sol,,openzeppelin,False,False,False,False,False,False,False,False,False,False,False,False,False,False,False,False,False,False,False,False,False,False,True,False,False,0,0,2,1,0,0,0,1,0,7,1,1,1.0,0,1,0.14285714285714285,0,0,0,0,2,0,0,0,0,1,1,0.0,0.0,2.0,4.0,False,simple,0,,,2,1,0,1,0.5,False,1,1,1,0,0,0,0.0,False,1,0,0.0,1,0,0,False,0,0,0.0,0,0,0,1.0,False,0,0,0,0
431,token_ERC20_utils_ERC1363Utils,0x0000000000000000000003503625703690222447,data/safe_contracts/openzeppelin_all/token_ERC20_utils_ERC1363Utils.sol,,openzeppelin,False,False,False,False,False,False,False,False,False,False,False,False,False,False,False,False,False,False,False,False,False,False,False,False,False,0,0,0,0,0,0,0,0,0,0,1,0,0.0,0,0,0.0,0,0,0,0,0,0,0,0,0,0,0,0.0,0.0,0.0,0.0,False,simple,0,IMPORT_ERROR,"File not found: Invalid compilation: 
Invalid solc compilation Error: Source ""interfaces/IERC1363Receiver.sol"" not found: File not found. Searched the following locations: """".
 --> data/safe_contracts/openzeppelin_all/token_ERC20_utils_ERC1363Utils.sol:6:1:
  |
6 | import {IERC1363Receiver} from ""../../../interfaces/IERC1363Receiver.sol"";
  | ^^^^^^^^^^^^^^^^^^^^^^^^^^^^^^^^^^^^^^^^^^^^^^^^^^^^^^^^^^^^^^^^^^^^^^^^^^

Error: Source ""interfaces/IERC1363Spender.sol"" not found: File not found. Searched the following locations: """".
 --> data/safe_contracts/openzeppelin_all/token_ERC20_utils_ERC1363Utils.sol:7:1:
  |
7 | import {IERC1363Spender} from ""../../../interfaces/IERC1363Spender.sol"";
  | ^^^^^^^^^^^^^^^^^^^^^^^^^^^^^^^^^^^^^^^^^^^^^^^^^^^^^^^^^^^^^^^^^^^^^^^^

",0,0,0,0,0.0,False,0,0,0,0,0,0,0.0,False,0,0,0.0,0,0,0,False,0,0,0.0,0,0,0,1.0,False,0,0,0,0
432,mocks_token_ERC20VotesAdditionalCheckpointsMock,0x9999999999999999999995203599806369863189,data/safe_contracts/openzeppelin_all/mocks_token_ERC20VotesAdditionalCheckpointsMock.sol,,openzeppelin,False,False,False,False,False,False,False,False,False,False,False,False,False,False,False,False,False,False,False,False,False,False,False,False,False,0,0,0,0,0,0,0,0,0,0,1,0,0.0,0,0,0.0,0,0,0,0,0,0,0,0,0,0,0,0.0,0.0,0.0,0.0,False,simple,0,IMPORT_ERROR,"File not found: Invalid compilation: 
Invalid solc compilation Error: Source ""data/token/ERC20/extensions/ERC20Votes.sol"" not found: File not found. Searched the following locations: """".
 --> data/safe_contracts/openzeppelin_all/mocks_token_ERC20VotesAdditionalCheckpointsMock.sol:4:1:
  |
4 | import {ERC20Votes} from ""../../token/ERC20/extensions/ERC20Votes.sol"";
  | ^^^^^^^^^^^^^^^^^^^^^^^^^^^^^^^^^^^^^^^^^^^^^^^^^^^^^^^^^^^^^^^^^^^^^^^

Error: Source ""data/governance/utils/VotesExtended.sol"" not found: File not found. Searched the following locations: """".
 --> data/safe_contracts/openzeppelin_all/mocks_token_ERC20VotesAdditionalCheckpointsMock.sol:5:1:
  |
5 | import {VotesExtended, Votes} from ""../../governance/utils/VotesExtended.sol"";
  | ^^^^^^^^^^^^^^^^^^^^^^^^^^^^^^^^^^^^^^^^^^^^^^^^^^^^^^^^^^^^^^^^^^^^^^^^^^^^^^

Error: Source ""data/utils/math/SafeCast.sol"" not found: File not found. Searched the following locations: """".
 --> data/safe_contracts/openzeppelin_all/mocks_token_ERC20VotesAdditionalCheckpointsMock.sol:6:1:
  |
6 | import {SafeCast} from ""../../utils/math/SafeCast.sol"";
  | ^^^^^^^^^^^^^^^^^^^^^^^^^^^^^^^^^^^^^^^^^^^^^^^^^^^^^^^

",0,0,0,0,0.0,False,0,0,0,0,0,0,0.0,False,0,0,0.0,0,0,0,False,0,0,0.0,0,0,0,1.0,False,0,0,0,0
433,mocks_token_ERC4626LimitsMock,0x0000000000000000000000027481196520150998,data/safe_contracts/openzeppelin_all/mocks_token_ERC4626LimitsMock.sol,,openzeppelin,False,False,False,False,False,False,False,False,False,False,False,False,False,False,False,False,False,False,False,False,False,False,False,False,False,0,0,0,0,0,0,0,0,0,0,1,0,0.0,0,0,0.0,0,0,0,0,0,0,0,0,0,0,0,0.0,0.0,0.0,0.0,False,simple,0,IMPORT_ERROR,"File not found: Invalid compilation: 
Invalid solc compilation Error: Source ""data/token/ERC20/extensions/ERC4626.sol"" not found: File not found. Searched the following locations: """".
 --> data/safe_contracts/openzeppelin_all/mocks_token_ERC4626LimitsMock.sol:5:1:
  |
5 | import {ERC4626} from ""../../token/ERC20/extensions/ERC4626.sol"";
  | ^^^^^^^^^^^^^^^^^^^^^^^^^^^^^^^^^^^^^^^^^^^^^^^^^^^^^^^^^^^^^^^^^

",0,0,0,0,0.0,False,0,0,0,0,0,0,0.0,False,0,0,0.0,0,0,0,False,0,0,0.0,0,0,0,1.0,False,0,0,0,0
434,token_ERC1155_extensions_ERC1155Supply,0x0000000000000000000007492614216855216967,data/safe_contracts/openzeppelin_all/token_ERC1155_extensions_ERC1155Supply.sol,,openzeppelin,False,False,False,False,False,False,False,False,False,False,False,False,False,False,False,False,False,False,False,False,False,False,False,False,False,0,0,0,0,0,0,0,0,0,0,1,0,0.0,0,0,0.0,0,0,0,0,0,0,0,0,0,0,0,0.0,0.0,0.0,0.0,False,simple,0,IMPORT_ERROR,"File not found: Invalid compilation: 
Invalid solc compilation Error: Source ""data/safe_contracts/ERC1155.sol"" not found: File not found. Searched the following locations: """".
 --> data/safe_contracts/openzeppelin_all/token_ERC1155_extensions_ERC1155Supply.sol:6:1:
  |
6 | import {ERC1155} from ""../ERC1155.sol"";
  | ^^^^^^^^^^^^^^^^^^^^^^^^^^^^^^^^^^^^^^^

Error: Source ""utils/Arrays.sol"" not found: File not found. Searched the following locations: """".
 --> data/safe_contracts/openzeppelin_all/token_ERC1155_extensions_ERC1155Supply.sol:7:1:
  |
7 | import {Arrays} from ""../../../utils/Arrays.sol"";
  | ^^^^^^^^^^^^^^^^^^^^^^^^^^^^^^^^^^^^^^^^^^^^^^^^^

",0,0,0,0,0.0,False,0,0,0,0,0,0,0.0,False,0,0,0.0,0,0,0,False,0,0,0.0,0,0,0,1.0,False,0,0,0,0
435,mocks_crosschain_ERC7786GatewayMock,0x9999999999999999999995738462147936845935,data/safe_contracts/openzeppelin_all/mocks_crosschain_ERC7786GatewayMock.sol,,openzeppelin,False,False,False,False,False,False,False,False,False,False,False,False,False,False,False,False,False,False,False,False,False,False,False,False,False,0,0,0,0,0,0,0,0,0,0,1,0,0.0,0,0,0.0,0,0,0,0,0,0,0,0,0,0,0,0.0,0.0,0.0,0.0,False,simple,0,IMPORT_ERROR,"File not found: Invalid compilation: 
Invalid solc compilation Error: Source ""data/interfaces/draft-IERC7786.sol"" not found: File not found. Searched the following locations: """".
 --> data/safe_contracts/openzeppelin_all/mocks_crosschain_ERC7786GatewayMock.sol:5:1:
  |
5 | import {IERC7786GatewaySource, IERC7786Recipient} from ""../../interfaces/draft-IERC7786.sol"";
  | ^^^^^^^^^^^^^^^^^^^^^^^^^^^^^^^^^^^^^^^^^^^^^^^^^^^^^^^^^^^^^^^^^^^^^^^^^^^^^^^^^^^^^^^^^^^^^

Error: Source ""data/utils/draft-InteroperableAddress.sol"" not found: File not found. Searched the following locations: """".
 --> data/safe_contracts/openzeppelin_all/mocks_crosschain_ERC7786GatewayMock.sol:6:1:
  |
6 | import {InteroperableAddress} from ""../../utils/draft-InteroperableAddress.sol"";
  | ^^^^^^^^^^^^^^^^^^^^^^^^^^^^^^^^^^^^^^^^^^^^^^^^^^^^^^^^^^^^^^^^^^^^^^^^^^^^^^^^

",0,0,0,0,0.0,False,0,0,0,0,0,0,0.0,False,0,0,0.0,0,0,0,False,0,0,0.0,0,0,0,1.0,False,0,0,0,0
436,finance_VestingWalletCliff,0x0000000000000000000003477930886576071126,data/safe_contracts/openzeppelin_all/finance_VestingWalletCliff.sol,,openzeppelin,False,False,False,False,False,False,False,False,False,False,False,False,False,False,False,False,False,False,False,False,False,False,False,False,False,0,0,0,0,0,0,0,0,0,0,1,0,0.0,0,0,0.0,0,0,0,0,0,0,0,0,0,0,0,0.0,0.0,0.0,0.0,False,simple,0,IMPORT_ERROR,"File not found: Invalid compilation: 
Invalid solc compilation Error: Source ""data/safe_contracts/utils/math/SafeCast.sol"" not found: File not found. Searched the following locations: """".
 --> data/safe_contracts/openzeppelin_all/finance_VestingWalletCliff.sol:6:1:
  |
6 | import {SafeCast} from ""../utils/math/SafeCast.sol"";
  | ^^^^^^^^^^^^^^^^^^^^^^^^^^^^^^^^^^^^^^^^^^^^^^^^^^^^

Error: Source ""data/safe_contracts/openzeppelin_all/VestingWallet.sol"" not found: File not found. Searched the following locations: """".
 --> data/safe_contracts/openzeppelin_all/finance_VestingWalletCliff.sol:7:1:
  |
7 | import {VestingWallet} from ""./VestingWallet.sol"";
  | ^^^^^^^^^^^^^^^^^^^^^^^^^^^^^^^^^^^^^^^^^^^^^^^^^^

",0,0,0,0,0.0,False,0,0,0,0,0,0,0.0,False,0,0,0.0,0,0,0,False,0,0,0.0,0,0,0,1.0,False,0,0,0,0
437,interfaces_IERC777,0x0000000000000000000002390338716387823156,data/safe_contracts/openzeppelin_all/interfaces_IERC777.sol,,openzeppelin,False,False,False,False,False,False,False,False,False,False,False,False,False,False,False,False,False,False,False,False,False,False,True,False,False,0,0,2,13,0,0,0,1,0,181,1,1,1.0,0,147,0.8121546961325967,0,0,0,0,2,0,0,0,0,1,1,0.0,0.0,2.0,4.0,False,moderate,1,,,0,0,0,0,0.0,False,0,0,13,0,0,0,0.0,False,13,0,0.0,13,0,0,False,0,19,0.0,8,0,0,1.0,False,0,0,0,0
438,mocks_utils_cryptography_ERC7739Mock,0x0000000000000000000003186109416125432427,data/safe_contracts/openzeppelin_all/mocks_utils_cryptography_ERC7739Mock.sol,,openzeppelin,False,False,False,False,False,False,False,False,False,False,False,False,False,False,False,False,False,False,False,False,False,False,False,False,False,0,0,0,0,0,0,0,0,0,0,1,0,0.0,0,0,0.0,0,0,0,0,0,0,0,0,0,0,0,0.0,0.0,0.0,0.0,False,simple,0,IMPORT_ERROR,"File not found: Invalid compilation: 
Invalid solc compilation Error: Source ""utils/cryptography/signers/draft-ERC7739.sol"" not found: File not found. Searched the following locations: """".
 --> data/safe_contracts/openzeppelin_all/mocks_utils_cryptography_ERC7739Mock.sol:5:1:
  |
5 | import {ERC7739} from ""../../../utils/cryptography/signers/draft-ERC7739.sol"";
  | ^^^^^^^^^^^^^^^^^^^^^^^^^^^^^^^^^^^^^^^^^^^^^^^^^^^^^^^^^^^^^^^^^^^^^^^^^^^^^^

Error: Source ""utils/cryptography/signers/SignerECDSA.sol"" not found: File not found. Searched the following locations: """".
 --> data/safe_contracts/openzeppelin_all/mocks_utils_cryptography_ERC7739Mock.sol:6:1:
  |
6 | import {SignerECDSA} from ""../../../utils/cryptography/signers/SignerECDSA.sol"";
  | ^^^^^^^^^^^^^^^^^^^^^^^^^^^^^^^^^^^^^^^^^^^^^^^^^^^^^^^^^^^^^^^^^^^^^^^^^^^^^^^^

Error: Source ""utils/cryptography/signers/SignerP256.sol"" not found: File not found. Searched the following locations: """".
 --> data/safe_contracts/openzeppelin_all/mocks_utils_cryptography_ERC7739Mock.sol:7:1:
  |
7 | import {SignerP256} from ""../../../utils/cryptography/signers/SignerP256.sol"";
  | ^^^^^^^^^^^^^^^^^^^^^^^^^^^^^^^^^^^^^^^^^^^^^^^^^^^^^^^^^^^^^^^^^^^^^^^^^^^^^^

Error: Source ""utils/cryptography/signers/SignerRSA.sol"" not found: File not found. Searched the following locations: """".
 --> data/safe_contracts/openzeppelin_all/mocks_utils_cryptography_ERC7739Mock.sol:8:1:
  |
8 | import {SignerRSA} from ""../../../utils/cryptography/signers/SignerRSA.sol"";
  | ^^^^^^^^^^^^^^^^^^^^^^^^^^^^^^^^^^^^^^^^^^^^^^^^^^^^^^^^^^^^^^^^^^^^^^^^^^^^

",0,0,0,0,0.0,False,0,0,0,0,0,0,0.0,False,0,0,0.0,0,0,0,False,0,0,0.0,0,0,0,1.0,False,0,0,0,0
439,governance_extensions_GovernorVotes,0x9999999999999999999998093456136137977148,data/safe_contracts/openzeppelin_all/governance_extensions_GovernorVotes.sol,,openzeppelin,False,False,False,False,False,False,False,False,False,False,False,False,False,False,False,False,False,False,False,False,False,False,False,False,False,0,0,0,0,0,0,0,0,0,0,1,0,0.0,0,0,0.0,0,0,0,0,0,0,0,0,0,0,0,0.0,0.0,0.0,0.0,False,simple,0,IMPORT_ERROR,"File not found: Invalid compilation: 
Invalid solc compilation Error: Source ""data/safe_contracts/Governor.sol"" not found: File not found. Searched the following locations: """".
 --> data/safe_contracts/openzeppelin_all/governance_extensions_GovernorVotes.sol:6:1:
  |
6 | import {Governor} from ""../Governor.sol"";
  | ^^^^^^^^^^^^^^^^^^^^^^^^^^^^^^^^^^^^^^^^^

Error: Source ""data/safe_contracts/utils/IVotes.sol"" not found: File not found. Searched the following locations: """".
 --> data/safe_contracts/openzeppelin_all/governance_extensions_GovernorVotes.sol:7:1:
  |
7 | import {IVotes} from ""../utils/IVotes.sol"";
  | ^^^^^^^^^^^^^^^^^^^^^^^^^^^^^^^^^^^^^^^^^^^

Error: Source ""data/interfaces/IERC5805.sol"" not found: File not found. Searched the following locations: """".
 --> data/safe_contracts/openzeppelin_all/governance_extensions_GovernorVotes.sol:8:1:
  |
8 | import {IERC5805} from ""../../interfaces/IERC5805.sol"";
  | ^^^^^^^^^^^^^^^^^^^^^^^^^^^^^^^^^^^^^^^^^^^^^^^^^^^^^^^

Error: Source ""data/utils/types/Time.sol"" not found: File not found. Searched the following locations: """".
 --> data/safe_contracts/openzeppelin_all/governance_extensions_GovernorVotes.sol:9:1:
  |
9 | import {Time} from ""../../utils/types/Time.sol"";
  | ^^^^^^^^^^^^^^^^^^^^^^^^^^^^^^^^^^^^^^^^^^^^^^^^

",0,0,0,0,0.0,False,0,0,0,0,0,0,0.0,False,0,0,0.0,0,0,0,False,0,0,0.0,0,0,0,1.0,False,0,0,0,0
440,token_ERC20_extensions_ERC20Burnable,0x0000000000000000000001798503515649163363,data/safe_contracts/openzeppelin_all/token_ERC20_extensions_ERC20Burnable.sol,,openzeppelin,False,False,False,False,False,False,False,False,False,False,False,False,False,False,False,False,False,False,False,False,False,False,False,False,False,0,0,0,0,0,0,0,0,0,0,1,0,0.0,0,0,0.0,0,0,0,0,0,0,0,0,0,0,0,0.0,0.0,0.0,0.0,False,simple,0,IMPORT_ERROR,"File not found: Invalid compilation: 
Invalid solc compilation Error: Source ""data/safe_contracts/ERC20.sol"" not found: File not found. Searched the following locations: """".
 --> data/safe_contracts/openzeppelin_all/token_ERC20_extensions_ERC20Burnable.sol:6:1:
  |
6 | import {ERC20} from ""../ERC20.sol"";
  | ^^^^^^^^^^^^^^^^^^^^^^^^^^^^^^^^^^^

Error: Source ""utils/Context.sol"" not found: File not found. Searched the following locations: """".
 --> data/safe_contracts/openzeppelin_all/token_ERC20_extensions_ERC20Burnable.sol:7:1:
  |
7 | import {Context} from ""../../../utils/Context.sol"";
  | ^^^^^^^^^^^^^^^^^^^^^^^^^^^^^^^^^^^^^^^^^^^^^^^^^^^

",0,0,0,0,0.0,False,0,0,0,0,0,0,0.0,False,0,0,0.0,0,0,0,False,0,0,0.0,0,0,0,1.0,False,0,0,0,0
441,utils_cryptography_signers_SignerECDSA,0x0000000000000000000005922457471221739055,data/safe_contracts/openzeppelin_all/utils_cryptography_signers_SignerECDSA.sol,,openzeppelin,False,False,False,False,False,False,False,False,False,False,False,False,False,False,False,False,False,False,False,False,False,False,False,False,False,0,0,0,0,0,0,0,0,0,0,1,0,0.0,0,0,0.0,0,0,0,0,0,0,0,0,0,0,0,0.0,0.0,0.0,0.0,False,simple,0,IMPORT_ERROR,"File not found: Invalid compilation: 
Invalid solc compilation Error: Source ""data/safe_contracts/openzeppelin_all/AbstractSigner.sol"" not found: File not found. Searched the following locations: """".
 --> data/safe_contracts/openzeppelin_all/utils_cryptography_signers_SignerECDSA.sol:6:1:
  |
6 | import {AbstractSigner} from ""./AbstractSigner.sol"";
  | ^^^^^^^^^^^^^^^^^^^^^^^^^^^^^^^^^^^^^^^^^^^^^^^^^^^^

Error: Source ""data/safe_contracts/ECDSA.sol"" not found: File not found. Searched the following locations: """".
 --> data/safe_contracts/openzeppelin_all/utils_cryptography_signers_SignerECDSA.sol:7:1:
  |
7 | import {ECDSA} from ""../ECDSA.sol"";
  | ^^^^^^^^^^^^^^^^^^^^^^^^^^^^^^^^^^^

",0,0,0,0,0.0,False,0,0,0,0,0,0,0.0,False,0,0,0.0,0,0,0,False,0,0,0.0,0,0,0,1.0,False,0,0,0,0
442,mocks_token_ERC1155ReceiverMock,0x9999999999999999999991368505421866430100,data/safe_contracts/openzeppelin_all/mocks_token_ERC1155ReceiverMock.sol,,openzeppelin,False,False,False,False,False,False,False,False,False,False,False,False,False,False,False,False,False,False,False,False,False,False,False,False,False,0,0,0,0,0,0,0,0,0,0,1,0,0.0,0,0,0.0,0,0,0,0,0,0,0,0,0,0,0,0.0,0.0,0.0,0.0,False,simple,0,IMPORT_ERROR,"File not found: Invalid compilation: 
Invalid solc compilation Error: Source ""data/token/ERC1155/IERC1155Receiver.sol"" not found: File not found. Searched the following locations: """".
 --> data/safe_contracts/openzeppelin_all/mocks_token_ERC1155ReceiverMock.sol:5:1:
  |
5 | import {IERC1155Receiver} from ""../../token/ERC1155/IERC1155Receiver.sol"";
  | ^^^^^^^^^^^^^^^^^^^^^^^^^^^^^^^^^^^^^^^^^^^^^^^^^^^^^^^^^^^^^^^^^^^^^^^^^^

Error: Source ""data/utils/introspection/ERC165.sol"" not found: File not found. Searched the following locations: """".
 --> data/safe_contracts/openzeppelin_all/mocks_token_ERC1155ReceiverMock.sol:6:1:
  |
6 | import {ERC165} from ""../../utils/introspection/ERC165.sol"";
  | ^^^^^^^^^^^^^^^^^^^^^^^^^^^^^^^^^^^^^^^^^^^^^^^^^^^^^^^^^^^^

",0,0,0,0,0.0,False,0,0,0,0,0,0,0.0,False,0,0,0.0,0,0,0,False,0,0,0.0,0,0,0,1.0,False,0,0,0,0
443,mocks_governance_GovernorNoncesKeyedMock,0x0000000000000000000008178285802894433642,data/safe_contracts/openzeppelin_all/mocks_governance_GovernorNoncesKeyedMock.sol,,openzeppelin,False,False,False,False,False,False,False,False,False,False,False,False,False,False,False,False,False,False,False,False,False,False,False,False,False,0,0,0,0,0,0,0,0,0,0,1,0,0.0,0,0,0.0,0,0,0,0,0,0,0,0,0,0,0,0.0,0.0,0.0,0.0,False,simple,0,IMPORT_ERROR,"File not found: Invalid compilation: 
Invalid solc compilation Error: Source ""data/governance/Governor.sol"" not found: File not found. Searched the following locations: """".
 --> data/safe_contracts/openzeppelin_all/mocks_governance_GovernorNoncesKeyedMock.sol:5:1:
  |
5 | import {Governor, Nonces} from ""../../governance/Governor.sol"";
  | ^^^^^^^^^^^^^^^^^^^^^^^^^^^^^^^^^^^^^^^^^^^^^^^^^^^^^^^^^^^^^^^

Error: Source ""data/governance/extensions/GovernorSettings.sol"" not found: File not found. Searched the following locations: """".
 --> data/safe_contracts/openzeppelin_all/mocks_governance_GovernorNoncesKeyedMock.sol:6:1:
  |
6 | import {GovernorSettings} from ""../../governance/extensions/GovernorSettings.sol"";
  | ^^^^^^^^^^^^^^^^^^^^^^^^^^^^^^^^^^^^^^^^^^^^^^^^^^^^^^^^^^^^^^^^^^^^^^^^^^^^^^^^^^

Error: Source ""data/governance/extensions/GovernorCountingSimple.sol"" not found: File not found. Searched the following locations: """".
 --> data/safe_contracts/openzeppelin_all/mocks_governance_GovernorNoncesKeyedMock.sol:7:1:
  |
7 | import {GovernorCountingSimple} from ""../../governance/extensions/GovernorCountingSimple.sol"";
  | ^^^^^^^^^^^^^^^^^^^^^^^^^^^^^^^^^^^^^^^^^^^^^^^^^^^^^^^^^^^^^^^^^^^^^^^^^^^^^^^^^^^^^^^^^^^^^^

Error: Source ""data/governance/extensions/GovernorVotesQuorumFraction.sol"" not found: File not found. Searched the following locations: """".
 --> data/safe_contracts/openzeppelin_all/mocks_governance_GovernorNoncesKeyedMock.sol:8:1:
  |
8 | import {GovernorVotesQuorumFraction} from ""../../governance/extensions/GovernorVotesQuorumFraction.sol"";
  | ^^^^^^^^^^^^^^^^^^^^^^^^^^^^^^^^^^^^^^^^^^^^^^^^^^^^^^^^^^^^^^^^^^^^^^^^^^^^^^^^^^^^^^^^^^^^^^^^^^^^^^^^

Error: Source ""data/governance/extensions/GovernorNoncesKeyed.sol"" not found: File not found. Searched the following locations: """".
 --> data/safe_contracts/openzeppelin_all/mocks_governance_GovernorNoncesKeyedMock.sol:9:1:
  |
9 | import {GovernorNoncesKeyed} from ""../../governance/extensions/GovernorNonces",0,0,0,0,0.0,False,0,0,0,0,0,0,0.0,False,0,0,0.0,0,0,0,False,0,0,0.0,0,0,0,1.0,False,0,0,0,0
444,interfaces_IERC1363Receiver,0x0000000000000000000001322826408312892397,data/safe_contracts/openzeppelin_all/interfaces_IERC1363Receiver.sol,,openzeppelin,False,False,False,False,False,False,False,False,False,False,False,False,False,False,False,False,False,False,False,False,False,False,True,False,False,0,0,2,1,0,0,0,1,0,30,1,1,1.0,0,21,0.7,0,0,0,0,2,0,0,0,0,1,1,0.0,0.0,2.0,4.0,False,simple,0,,,0,0,0,0,0.0,False,0,0,1,0,0,0,0.0,False,1,0,0.0,1,0,0,False,0,4,0.0,1,0,0,1.0,False,0,0,0,0
445,interfaces_IERC20Metadata,0x9999999999999999999995559225095593173344,data/safe_contracts/openzeppelin_all/interfaces_IERC20Metadata.sol,,openzeppelin,False,False,False,False,False,False,False,False,False,False,False,False,False,False,False,False,False,False,False,False,False,False,False,False,False,0,0,0,0,0,0,0,0,0,0,1,0,0.0,0,0,0.0,0,0,0,0,0,0,0,0,0,0,0,0.0,0.0,0.0,0.0,False,simple,0,IMPORT_ERROR,"File not found: Invalid compilation: 
Invalid solc compilation Error: Source ""data/safe_contracts/token/ERC20/extensions/IERC20Metadata.sol"" not found: File not found. Searched the following locations: """".
 --> data/safe_contracts/openzeppelin_all/interfaces_IERC20Metadata.sol:6:1:
  |
6 | import {IERC20Metadata} from ""../token/ERC20/extensions/IERC20Metadata.sol"";
  | ^^^^^^^^^^^^^^^^^^^^^^^^^^^^^^^^^^^^^^^^^^^^^^^^^^^^^^^^^^^^^^^^^^^^^^^^^^^^

",0,0,0,0,0.0,False,0,0,0,0,0,0,0.0,False,0,0,0.0,0,0,0,False,0,0,0.0,0,0,0,1.0,False,0,0,0,0
446,mocks_docs_account_MyAccountEIP7702,0x0000000000000000000002434452870767265789,data/safe_contracts/openzeppelin_all/mocks_docs_account_MyAccountEIP7702.sol,,openzeppelin,False,False,False,False,False,False,False,False,False,False,False,False,False,False,False,False,False,False,False,False,False,False,False,False,False,0,0,0,0,0,0,0,0,0,0,1,0,0.0,0,0,0.0,0,0,0,0,0,0,0,0,0,0,0,0.0,0.0,0.0,0.0,False,simple,0,IMPORT_ERROR,"File not found: Invalid compilation: 
Invalid solc compilation Error: Source ""account/Account.sol"" not found: File not found. Searched the following locations: """".
 --> data/safe_contracts/openzeppelin_all/mocks_docs_account_MyAccountEIP7702.sol:5:1:
  |
5 | import {Account} from ""../../../account/Account.sol"";
  | ^^^^^^^^^^^^^^^^^^^^^^^^^^^^^^^^^^^^^^^^^^^^^^^^^^^^^

Error: Source ""token/ERC721/utils/ERC721Holder.sol"" not found: File not found. Searched the following locations: """".
 --> data/safe_contracts/openzeppelin_all/mocks_docs_account_MyAccountEIP7702.sol:6:1:
  |
6 | import {ERC721Holder} from ""../../../token/ERC721/utils/ERC721Holder.sol"";
  | ^^^^^^^^^^^^^^^^^^^^^^^^^^^^^^^^^^^^^^^^^^^^^^^^^^^^^^^^^^^^^^^^^^^^^^^^^^

Error: Source ""token/ERC1155/utils/ERC1155Holder.sol"" not found: File not found. Searched the following locations: """".
 --> data/safe_contracts/openzeppelin_all/mocks_docs_account_MyAccountEIP7702.sol:7:1:
  |
7 | import {ERC1155Holder} from ""../../../token/ERC1155/utils/ERC1155Holder.sol"";
  | ^^^^^^^^^^^^^^^^^^^^^^^^^^^^^^^^^^^^^^^^^^^^^^^^^^^^^^^^^^^^^^^^^^^^^^^^^^^^^

Error: Source ""account/extensions/draft-ERC7821.sol"" not found: File not found. Searched the following locations: """".
 --> data/safe_contracts/openzeppelin_all/mocks_docs_account_MyAccountEIP7702.sol:8:1:
  |
8 | import {ERC7821} from ""../../../account/extensions/draft-ERC7821.sol"";
  | ^^^^^^^^^^^^^^^^^^^^^^^^^^^^^^^^^^^^^^^^^^^^^^^^^^^^^^^^^^^^^^^^^^^^^^

Error: Source ""utils/cryptography/signers/SignerEIP7702.sol"" not found: File not found. Searched the following locations: """".
 --> data/safe_contracts/openzeppelin_all/mocks_docs_account_MyAccountEIP7702.sol:9:1:
  |
9 | import {SignerEIP7702} from ""../../../utils/cryptography/signers/SignerEIP7702.sol"";
  | ^^^^^^^^^^^^^^^^^^^^^^^^^^^^^^^^^^^^^^^^^^^^^^^^^^^^^^^^^^^^^^^^^^^^^^^^^^^^^^^^^^^^

",0,0,0,0,0.0,False,0,0,0,0,0,0,0.0,False,0,0,0.0,0,0,0,False,0,0,0.0,0,0,0,1.0,False,0,0,0,0
447,interfaces_draft-IERC4337,0x9999999999999999999992726172339177272263,data/safe_contracts/openzeppelin_all/interfaces_draft-IERC4337.sol,,openzeppelin,False,False,False,False,False,False,False,False,False,False,False,False,False,False,False,False,False,False,False,False,False,False,True,False,False,0,0,2,0,0,0,0,0,0,0,1,0,0.0,0,0,0.0,0,0,0,0,2,0,0,0,0,1,1,0.0,0.0,2.0,4.0,False,simple,0,,,0,0,0,0,0.0,False,0,0,0,0,0,0,0.0,False,0,0,0.0,0,0,0,False,0,0,0.0,0,0,0,1.0,False,0,0,0,0
448,mocks_MerkleTreeMock,0x0000000000000000000007412815259210375766,data/safe_contracts/openzeppelin_all/mocks_MerkleTreeMock.sol,,openzeppelin,False,False,False,False,False,False,False,False,False,False,False,False,False,False,False,False,False,False,False,False,False,False,False,False,False,0,0,0,0,0,0,0,0,0,0,1,0,0.0,0,0,0.0,0,0,0,0,0,0,0,0,0,0,0,0.0,0.0,0.0,0.0,False,simple,0,IMPORT_ERROR,"File not found: Invalid compilation: 
Invalid solc compilation Error: Source ""data/safe_contracts/utils/structs/MerkleTree.sol"" not found: File not found. Searched the following locations: """".
 --> data/safe_contracts/openzeppelin_all/mocks_MerkleTreeMock.sol:5:1:
  |
5 | import {MerkleTree} from ""../utils/structs/MerkleTree.sol"";
  | ^^^^^^^^^^^^^^^^^^^^^^^^^^^^^^^^^^^^^^^^^^^^^^^^^^^^^^^^^^^

",0,0,0,0,0.0,False,0,0,0,0,0,0,0.0,False,0,0,0.0,0,0,0,False,0,0,0.0,0,0,0,1.0,False,0,0,0,0
449,mocks_AccessManagerMock,0x9999999999999999999992474570814542628086,data/safe_contracts/openzeppelin_all/mocks_AccessManagerMock.sol,,openzeppelin,False,False,False,False,False,False,False,False,False,False,False,False,False,False,False,False,False,False,False,False,False,False,False,False,False,0,0,0,0,0,0,0,0,0,0,1,0,0.0,0,0,0.0,0,0,0,0,0,0,0,0,0,0,0,0.0,0.0,0.0,0.0,False,simple,0,IMPORT_ERROR,"File not found: Invalid compilation: 
Invalid solc compilation Error: Source ""data/safe_contracts/access/manager/AccessManager.sol"" not found: File not found. Searched the following locations: """".
 --> data/safe_contracts/openzeppelin_all/mocks_AccessManagerMock.sol:5:1:
  |
5 | import {AccessManager} from ""../access/manager/AccessManager.sol"";
  | ^^^^^^^^^^^^^^^^^^^^^^^^^^^^^^^^^^^^^^^^^^^^^^^^^^^^^^^^^^^^^^^^^^

",0,0,0,0,0.0,False,0,0,0,0,0,0,0.0,False,0,0,0.0,0,0,0,False,0,0,0.0,0,0,0,1.0,False,0,0,0,0
450,token_ERC721_extensions_IERC721Enumerable,0x0000000000000000000004579049410461825940,data/safe_contracts/openzeppelin_all/token_ERC721_extensions_IERC721Enumerable.sol,,openzeppelin,False,False,False,False,False,False,False,False,False,False,False,False,False,False,False,False,False,False,False,False,False,False,False,False,False,0,0,0,0,0,0,0,0,0,0,1,0,0.0,0,0,0.0,0,0,0,0,0,0,0,0,0,0,0,0.0,0.0,0.0,0.0,False,simple,0,IMPORT_ERROR,"File not found: Invalid compilation: 
Invalid solc compilation Error: Source ""data/safe_contracts/IERC721.sol"" not found: File not found. Searched the following locations: """".
 --> data/safe_contracts/openzeppelin_all/token_ERC721_extensions_IERC721Enumerable.sol:6:1:
  |
6 | import {IERC721} from ""../IERC721.sol"";
  | ^^^^^^^^^^^^^^^^^^^^^^^^^^^^^^^^^^^^^^^

",0,0,0,0,0.0,False,0,0,0,0,0,0,0.0,False,0,0,0.0,0,0,0,False,0,0,0.0,0,0,0,1.0,False,0,0,0,0
451,governance_Governor,0x9999999999999999999993281708633923337712,data/safe_contracts/openzeppelin_all/governance_Governor.sol,,openzeppelin,False,False,False,False,False,False,False,False,False,False,False,False,False,False,False,False,False,False,False,False,False,False,False,False,False,0,0,0,0,0,0,0,0,0,0,1,0,0.0,0,0,0.0,0,0,0,0,0,0,0,0,0,0,0,0.0,0.0,0.0,0.0,False,simple,0,IMPORT_ERROR,"File not found: Invalid compilation: 
Invalid solc compilation Error: Source ""data/safe_contracts/token/ERC721/IERC721Receiver.sol"" not found: File not found. Searched the following locations: """".
 --> data/safe_contracts/openzeppelin_all/governance_Governor.sol:6:1:
  |
6 | import {IERC721Receiver} from ""../token/ERC721/IERC721Receiver.sol"";
  | ^^^^^^^^^^^^^^^^^^^^^^^^^^^^^^^^^^^^^^^^^^^^^^^^^^^^^^^^^^^^^^^^^^^^

Error: Source ""data/safe_contracts/token/ERC1155/IERC1155Receiver.sol"" not found: File not found. Searched the following locations: """".
 --> data/safe_contracts/openzeppelin_all/governance_Governor.sol:7:1:
  |
7 | import {IERC1155Receiver} from ""../token/ERC1155/IERC1155Receiver.sol"";
  | ^^^^^^^^^^^^^^^^^^^^^^^^^^^^^^^^^^^^^^^^^^^^^^^^^^^^^^^^^^^^^^^^^^^^^^^

Error: Source ""data/safe_contracts/utils/cryptography/EIP712.sol"" not found: File not found. Searched the following locations: """".
 --> data/safe_contracts/openzeppelin_all/governance_Governor.sol:8:1:
  |
8 | import {EIP712} from ""../utils/cryptography/EIP712.sol"";
  | ^^^^^^^^^^^^^^^^^^^^^^^^^^^^^^^^^^^^^^^^^^^^^^^^^^^^^^^^

Error: Source ""data/safe_contracts/utils/cryptography/SignatureChecker.sol"" not found: File not found. Searched the following locations: """".
 --> data/safe_contracts/openzeppelin_all/governance_Governor.sol:9:1:
  |
9 | import {SignatureChecker} from ""../utils/cryptography/SignatureChecker.sol"";
  | ^^^^^^^^^^^^^^^^^^^^^^^^^^^^^^^^^^^^^^^^^^^^^^^^^^^^^^^^^^^^^^^^^^^^^^^^^^^^

Error: Source ""data/safe_contracts/utils/introspection/ERC165.sol"" not found: File not found. Searched the following locations: """".
  --> data/safe_contracts/openzeppelin_all/governance_Governor.sol:10:1:
   |
10 | import {IERC165, ERC165} from ""../utils/introspection/ERC165.sol"";
   | ^^^^^^^^^^^^^^^^^^^^^^^^^^^^^^^^^^^^^^^^^^^^^^^^^^^^^^^^^^^^^^^^^^

Error: Source ""data/safe_contracts/utils/math/SafeCast.sol"" not found: File not found. Searched the following locations: """".
  --> data/safe_contracts/ope",0,0,0,0,0.0,False,0,0,0,0,0,0,0.0,False,0,0,0.0,0,0,0,False,0,0,0.0,0,0,0,1.0,False,0,0,0,0
452,token_ERC1155_extensions_ERC1155Pausable,0x0000000000000000000003968363353754337920,data/safe_contracts/openzeppelin_all/token_ERC1155_extensions_ERC1155Pausable.sol,,openzeppelin,False,False,False,False,False,False,False,False,False,False,False,False,False,False,False,False,False,False,False,False,False,False,False,False,False,0,0,0,0,0,0,0,0,0,0,1,0,0.0,0,0,0.0,0,0,0,0,0,0,0,0,0,0,0,0.0,0.0,0.0,0.0,False,simple,0,IMPORT_ERROR,"File not found: Invalid compilation: 
Invalid solc compilation Error: Source ""data/safe_contracts/ERC1155.sol"" not found: File not found. Searched the following locations: """".
 --> data/safe_contracts/openzeppelin_all/token_ERC1155_extensions_ERC1155Pausable.sol:6:1:
  |
6 | import {ERC1155} from ""../ERC1155.sol"";
  | ^^^^^^^^^^^^^^^^^^^^^^^^^^^^^^^^^^^^^^^

Error: Source ""utils/Pausable.sol"" not found: File not found. Searched the following locations: """".
 --> data/safe_contracts/openzeppelin_all/token_ERC1155_extensions_ERC1155Pausable.sol:7:1:
  |
7 | import {Pausable} from ""../../../utils/Pausable.sol"";
  | ^^^^^^^^^^^^^^^^^^^^^^^^^^^^^^^^^^^^^^^^^^^^^^^^^^^^^

",0,0,0,0,0.0,False,0,0,0,0,0,0,0.0,False,0,0,0.0,0,0,0,False,0,0,0.0,0,0,0,1.0,False,0,0,0,0
453,utils_math_SignedMath,0x9999999999999999999991503506717486397105,data/safe_contracts/openzeppelin_all/utils_math_SignedMath.sol,,openzeppelin,False,False,False,False,False,False,False,False,False,False,False,False,False,False,False,False,False,False,False,False,False,False,False,False,False,0,0,0,0,0,0,0,0,0,0,1,0,0.0,0,0,0.0,0,0,0,0,0,0,0,0,0,0,0,0.0,0.0,0.0,0.0,False,simple,0,IMPORT_ERROR,"File not found: Invalid compilation: 
Invalid solc compilation Error: Source ""data/safe_contracts/openzeppelin_all/SafeCast.sol"" not found: File not found. Searched the following locations: """".
 --> data/safe_contracts/openzeppelin_all/utils_math_SignedMath.sol:6:1:
  |
6 | import {SafeCast} from ""./SafeCast.sol"";
  | ^^^^^^^^^^^^^^^^^^^^^^^^^^^^^^^^^^^^^^^^

",0,0,0,0,0.0,False,0,0,0,0,0,0,0.0,False,0,0,0.0,0,0,0,False,0,0,0.0,0,0,0,1.0,False,0,0,0,0
454,utils_cryptography_signers_AbstractSigner,0x9999999999999999999993671311451062561903,data/safe_contracts/openzeppelin_all/utils_cryptography_signers_AbstractSigner.sol,,openzeppelin,False,False,False,False,False,False,False,False,False,False,False,False,False,False,False,False,False,False,False,False,False,False,True,False,False,0,0,2,1,0,0,0,1,0,21,1,1,1.0,0,17,0.8095238095238095,0,0,0,0,2,0,0,0,0,1,1,0.0,0.0,2.0,4.0,False,simple,0,,,0,0,0,0,0.0,False,0,0,1,0,0,0,0.0,False,0,1,0.0,1,0,0,False,0,2,0.0,1,0,0,1.0,False,0,0,0,0
455,interfaces_IERC721Enumerable,0x9999999999999999999996171893422656938376,data/safe_contracts/openzeppelin_all/interfaces_IERC721Enumerable.sol,,openzeppelin,False,False,False,False,False,False,False,False,False,False,False,False,False,False,False,False,False,False,False,False,False,False,False,False,False,0,0,0,0,0,0,0,0,0,0,1,0,0.0,0,0,0.0,0,0,0,0,0,0,0,0,0,0,0,0.0,0.0,0.0,0.0,False,simple,0,IMPORT_ERROR,"File not found: Invalid compilation: 
Invalid solc compilation Error: Source ""data/safe_contracts/token/ERC721/extensions/IERC721Enumerable.sol"" not found: File not found. Searched the following locations: """".
 --> data/safe_contracts/openzeppelin_all/interfaces_IERC721Enumerable.sol:6:1:
  |
6 | import {IERC721Enumerable} from ""../token/ERC721/extensions/IERC721Enumerable.sol"";
  | ^^^^^^^^^^^^^^^^^^^^^^^^^^^^^^^^^^^^^^^^^^^^^^^^^^^^^^^^^^^^^^^^^^^^^^^^^^^^^^^^^^^

",0,0,0,0,0.0,False,0,0,0,0,0,0,0.0,False,0,0,0.0,0,0,0,False,0,0,0.0,0,0,0,1.0,False,0,0,0,0
456,access_Ownable2Step,0x9999999999999999999992770735813622771595,data/safe_contracts/openzeppelin_all/access_Ownable2Step.sol,,openzeppelin,False,False,False,False,False,False,False,False,False,False,False,False,False,False,False,False,False,False,False,False,False,False,False,False,False,0,0,0,0,0,0,0,0,0,0,1,0,0.0,0,0,0.0,0,0,0,0,0,0,0,0,0,0,0,0.0,0.0,0.0,0.0,False,simple,0,IMPORT_ERROR,"File not found: Invalid compilation: 
Invalid solc compilation Error: Source ""data/safe_contracts/openzeppelin_all/Ownable.sol"" not found: File not found. Searched the following locations: """".
 --> data/safe_contracts/openzeppelin_all/access_Ownable2Step.sol:6:1:
  |
6 | import {Ownable} from ""./Ownable.sol"";
  | ^^^^^^^^^^^^^^^^^^^^^^^^^^^^^^^^^^^^^^

",0,0,0,0,0.0,False,0,0,0,0,0,0,0.0,False,0,0,0.0,0,0,0,False,0,0,0.0,0,0,0,1.0,False,0,0,0,0
457,utils_RLP,0x0000000000000000000007233949729533624431,data/safe_contracts/openzeppelin_all/utils_RLP.sol,,openzeppelin,False,False,False,False,False,False,False,False,False,False,False,False,False,False,False,False,False,False,False,False,False,False,False,False,False,0,0,0,0,0,0,0,0,0,0,1,0,0.0,0,0,0.0,0,0,0,0,0,0,0,0,0,0,0,0.0,0.0,0.0,0.0,False,simple,0,IMPORT_ERROR,"File not found: Invalid compilation: 
Invalid solc compilation Error: Source ""data/safe_contracts/openzeppelin_all/math/Math.sol"" not found: File not found. Searched the following locations: """".
 --> data/safe_contracts/openzeppelin_all/utils_RLP.sol:6:1:
  |
6 | import {Math} from ""./math/Math.sol"";
  | ^^^^^^^^^^^^^^^^^^^^^^^^^^^^^^^^^^^^^

Error: Source ""data/safe_contracts/openzeppelin_all/structs/Accumulators.sol"" not found: File not found. Searched the following locations: """".
 --> data/safe_contracts/openzeppelin_all/utils_RLP.sol:7:1:
  |
7 | import {Accumulators} from ""./structs/Accumulators.sol"";
  | ^^^^^^^^^^^^^^^^^^^^^^^^^^^^^^^^^^^^^^^^^^^^^^^^^^^^^^^^

Error: Source ""data/safe_contracts/openzeppelin_all/Bytes.sol"" not found: File not found. Searched the following locations: """".
 --> data/safe_contracts/openzeppelin_all/utils_RLP.sol:8:1:
  |
8 | import {Bytes} from ""./Bytes.sol"";
  | ^^^^^^^^^^^^^^^^^^^^^^^^^^^^^^^^^^

Error: Source ""data/safe_contracts/openzeppelin_all/Memory.sol"" not found: File not found. Searched the following locations: """".
 --> data/safe_contracts/openzeppelin_all/utils_RLP.sol:9:1:
  |
9 | import {Memory} from ""./Memory.sol"";
  | ^^^^^^^^^^^^^^^^^^^^^^^^^^^^^^^^^^^^

",0,0,0,0,0.0,False,0,0,0,0,0,0,0.0,False,0,0,0.0,0,0,0,False,0,0,0.0,0,0,0,1.0,False,0,0,0,0
458,token_ERC1155_IERC1155Receiver,0x0000000000000000000004183995288550709343,data/safe_contracts/openzeppelin_all/token_ERC1155_IERC1155Receiver.sol,,openzeppelin,False,False,False,False,False,False,False,False,False,False,False,False,False,False,False,False,False,False,False,False,False,False,False,False,False,0,0,0,0,0,0,0,0,0,0,1,0,0.0,0,0,0.0,0,0,0,0,0,0,0,0,0,0,0,0.0,0.0,0.0,0.0,False,simple,0,IMPORT_ERROR,"File not found: Invalid compilation: 
Invalid solc compilation Error: Source ""data/utils/introspection/IERC165.sol"" not found: File not found. Searched the following locations: """".
 --> data/safe_contracts/openzeppelin_all/token_ERC1155_IERC1155Receiver.sol:6:1:
  |
6 | import {IERC165} from ""../../utils/introspection/IERC165.sol"";
  | ^^^^^^^^^^^^^^^^^^^^^^^^^^^^^^^^^^^^^^^^^^^^^^^^^^^^^^^^^^^^^^

",0,0,0,0,0.0,False,0,0,0,0,0,0,0.0,False,0,0,0.0,0,0,0,False,0,0,0.0,0,0,0,1.0,False,0,0,0,0
459,utils_Base58,0x9999999999999999999999534715214825895087,data/safe_contracts/openzeppelin_all/utils_Base58.sol,,openzeppelin,False,False,False,False,False,False,False,False,False,False,False,False,False,False,True,False,False,False,False,False,False,False,True,False,False,0,0,8,4,0,0,0,25,0,211,1,1,12.25,2,79,0.3744075829383886,0,0,0,0,4,4,0,0,0,3,2,0.0,0.0,8.0,18.133333333333333,False,moderate,1,,,145,156,15,45,1.0758620689655172,True,4,49,4,12,0,0,0.0,False,0,4,3.0,7,0,0,False,0,4,0.0,4,0,0,1.0,False,0,0,0,0
460,token_ERC1155_ERC1155,0x0000000000000000000006937713684870126529,data/safe_contracts/openzeppelin_all/token_ERC1155_ERC1155.sol,,openzeppelin,False,False,False,False,False,False,False,False,False,False,False,False,False,False,False,False,False,False,False,False,False,False,False,False,False,0,0,0,0,0,0,0,0,0,0,1,0,0.0,0,0,0.0,0,0,0,0,0,0,0,0,0,0,0,0.0,0.0,0.0,0.0,False,simple,0,IMPORT_ERROR,"File not found: Invalid compilation: 
Invalid solc compilation Error: Source ""data/safe_contracts/openzeppelin_all/IERC1155.sol"" not found: File not found. Searched the following locations: """".
 --> data/safe_contracts/openzeppelin_all/token_ERC1155_ERC1155.sol:6:1:
  |
6 | import {IERC1155} from ""./IERC1155.sol"";
  | ^^^^^^^^^^^^^^^^^^^^^^^^^^^^^^^^^^^^^^^^

Error: Source ""data/safe_contracts/openzeppelin_all/extensions/IERC1155MetadataURI.sol"" not found: File not found. Searched the following locations: """".
 --> data/safe_contracts/openzeppelin_all/token_ERC1155_ERC1155.sol:7:1:
  |
7 | import {IERC1155MetadataURI} from ""./extensions/IERC1155MetadataURI.sol"";
  | ^^^^^^^^^^^^^^^^^^^^^^^^^^^^^^^^^^^^^^^^^^^^^^^^^^^^^^^^^^^^^^^^^^^^^^^^^

Error: Source ""data/safe_contracts/openzeppelin_all/utils/ERC1155Utils.sol"" not found: File not found. Searched the following locations: """".
 --> data/safe_contracts/openzeppelin_all/token_ERC1155_ERC1155.sol:8:1:
  |
8 | import {ERC1155Utils} from ""./utils/ERC1155Utils.sol"";
  | ^^^^^^^^^^^^^^^^^^^^^^^^^^^^^^^^^^^^^^^^^^^^^^^^^^^^^^

Error: Source ""data/utils/Context.sol"" not found: File not found. Searched the following locations: """".
 --> data/safe_contracts/openzeppelin_all/token_ERC1155_ERC1155.sol:9:1:
  |
9 | import {Context} from ""../../utils/Context.sol"";
  | ^^^^^^^^^^^^^^^^^^^^^^^^^^^^^^^^^^^^^^^^^^^^^^^^

Error: Source ""data/utils/introspection/ERC165.sol"" not found: File not found. Searched the following locations: """".
  --> data/safe_contracts/openzeppelin_all/token_ERC1155_ERC1155.sol:10:1:
   |
10 | import {IERC165, ERC165} from ""../../utils/introspection/ERC165.sol"";
   | ^^^^^^^^^^^^^^^^^^^^^^^^^^^^^^^^^^^^^^^^^^^^^^^^^^^^^^^^^^^^^^^^^^^^^

Error: Source ""data/utils/Arrays.sol"" not found: File not found. Searched the following locations: """".
  --> data/safe_contracts/openzeppelin_all/token_ERC1155_ERC1155.sol:11:1:
   |
11 | import {Arrays} from ""../../utils/Arrays.sol"";
   | ^^^^^^^^^^^^^^^^^^^^^^^^^^^^^^^^^^^^^^",0,0,0,0,0.0,False,0,0,0,0,0,0,0.0,False,0,0,0.0,0,0,0,False,0,0,0.0,0,0,0,1.0,False,0,0,0,0
461,utils_SlotDerivation,0x9999999999999999999994364716041389769718,data/safe_contracts/openzeppelin_all/utils_SlotDerivation.sol,,openzeppelin,False,False,False,False,False,False,False,False,False,False,False,False,False,False,True,False,False,False,False,False,False,False,True,False,False,0,0,21,10,0,0,0,1,0,144,1,1,1.0,0,67,0.4652777777777778,0,0,0,0,11,10,0,0,0,3,2,0.0,0.0,21.0,126.0,True,simple,0,,,70,60,0,13,0.8571428571428571,False,1,10,10,21,0,0,0.0,False,0,10,2.1,4,0,0,False,0,18,0.0,10,0,0,1.0,False,0,0,0,0
462,utils_cryptography_Hashes,0x9999999999999999999992807974160514946643,data/safe_contracts/openzeppelin_all/utils_cryptography_Hashes.sol,,openzeppelin,False,False,False,False,False,False,False,False,False,False,False,False,False,False,True,False,False,False,False,False,False,False,True,False,False,0,0,5,2,0,0,0,2,0,28,1,1,1.5,0,15,0.5357142857142857,0,0,0,0,3,2,0,0,0,3,2,0.0,0.0,5.0,7.333333333333334,False,simple,0,,,10,8,0,5,0.8,False,2,3,2,3,0,0,0.0,False,0,2,1.5,2,0,0,False,0,4,0.0,2,0,0,1.0,False,0,0,0,0
463,governance_extensions_GovernorTimelockCompound,0x9999999999999999999994210396657948023638,data/safe_contracts/openzeppelin_all/governance_extensions_GovernorTimelockCompound.sol,,openzeppelin,False,False,False,False,False,False,False,False,False,False,False,False,False,False,False,False,False,False,False,False,False,False,False,False,False,0,0,0,0,0,0,0,0,0,0,1,0,0.0,0,0,0.0,0,0,0,0,0,0,0,0,0,0,0,0.0,0.0,0.0,0.0,False,simple,0,IMPORT_ERROR,"File not found: Invalid compilation: 
Invalid solc compilation Error: Source ""data/safe_contracts/Governor.sol"" not found: File not found. Searched the following locations: """".
 --> data/safe_contracts/openzeppelin_all/governance_extensions_GovernorTimelockCompound.sol:6:1:
  |
6 | import {IGovernor, Governor} from ""../Governor.sol"";
  | ^^^^^^^^^^^^^^^^^^^^^^^^^^^^^^^^^^^^^^^^^^^^^^^^^^^^

Error: Source ""data/vendor/compound/ICompoundTimelock.sol"" not found: File not found. Searched the following locations: """".
 --> data/safe_contracts/openzeppelin_all/governance_extensions_GovernorTimelockCompound.sol:7:1:
  |
7 | import {ICompoundTimelock} from ""../../vendor/compound/ICompoundTimelock.sol"";
  | ^^^^^^^^^^^^^^^^^^^^^^^^^^^^^^^^^^^^^^^^^^^^^^^^^^^^^^^^^^^^^^^^^^^^^^^^^^^^^^

Error: Source ""data/utils/Address.sol"" not found: File not found. Searched the following locations: """".
 --> data/safe_contracts/openzeppelin_all/governance_extensions_GovernorTimelockCompound.sol:8:1:
  |
8 | import {Address} from ""../../utils/Address.sol"";
  | ^^^^^^^^^^^^^^^^^^^^^^^^^^^^^^^^^^^^^^^^^^^^^^^^

Error: Source ""data/utils/math/SafeCast.sol"" not found: File not found. Searched the following locations: """".
 --> data/safe_contracts/openzeppelin_all/governance_extensions_GovernorTimelockCompound.sol:9:1:
  |
9 | import {SafeCast} from ""../../utils/math/SafeCast.sol"";
  | ^^^^^^^^^^^^^^^^^^^^^^^^^^^^^^^^^^^^^^^^^^^^^^^^^^^^^^^

",0,0,0,0,0.0,False,0,0,0,0,0,0,0.0,False,0,0,0.0,0,0,0,False,0,0,0.0,0,0,0,1.0,False,0,0,0,0
464,mocks_docs_utilities_Multicall,0x9999999999999999999996259172969142911190,data/safe_contracts/openzeppelin_all/mocks_docs_utilities_Multicall.sol,,openzeppelin,False,False,False,False,False,False,False,False,False,False,False,False,False,False,False,False,False,False,False,False,False,False,False,False,False,0,0,0,0,0,0,0,0,0,0,1,0,0.0,0,0,0.0,0,0,0,0,0,0,0,0,0,0,0,0.0,0.0,0.0,0.0,False,simple,0,IMPORT_ERROR,"File not found: Invalid compilation: 
Invalid solc compilation Error: Source ""utils/Multicall.sol"" not found: File not found. Searched the following locations: """".
 --> data/safe_contracts/openzeppelin_all/mocks_docs_utilities_Multicall.sol:5:1:
  |
5 | import {Multicall} from ""../../../utils/Multicall.sol"";
  | ^^^^^^^^^^^^^^^^^^^^^^^^^^^^^^^^^^^^^^^^^^^^^^^^^^^^^^^

",0,0,0,0,0.0,False,0,0,0,0,0,0,0.0,False,0,0,0.0,0,0,0,False,0,0,0.0,0,0,0,1.0,False,0,0,0,0
465,mocks_VotesExtendedMock,0x0000000000000000000001694458947409213754,data/safe_contracts/openzeppelin_all/mocks_VotesExtendedMock.sol,,openzeppelin,False,False,False,False,False,False,False,False,False,False,False,False,False,False,False,False,False,False,False,False,False,False,False,False,False,0,0,0,0,0,0,0,0,0,0,1,0,0.0,0,0,0.0,0,0,0,0,0,0,0,0,0,0,0,0.0,0.0,0.0,0.0,False,simple,0,IMPORT_ERROR,"File not found: Invalid compilation: 
Invalid solc compilation Error: Source ""data/safe_contracts/governance/utils/VotesExtended.sol"" not found: File not found. Searched the following locations: """".
 --> data/safe_contracts/openzeppelin_all/mocks_VotesExtendedMock.sol:5:1:
  |
5 | import {VotesExtended} from ""../governance/utils/VotesExtended.sol"";
  | ^^^^^^^^^^^^^^^^^^^^^^^^^^^^^^^^^^^^^^^^^^^^^^^^^^^^^^^^^^^^^^^^^^^^

",0,0,0,0,0.0,False,0,0,0,0,0,0,0.0,False,0,0,0.0,0,0,0,False,0,0,0.0,0,0,0,1.0,False,0,0,0,0
466,mocks_Base64Dirty,0x0000000000000000000004385122660434964777,data/safe_contracts/openzeppelin_all/mocks_Base64Dirty.sol,,openzeppelin,False,False,False,False,False,False,False,False,False,False,False,False,False,False,False,False,False,False,False,False,False,False,False,False,False,0,0,0,0,0,0,0,0,0,0,1,0,0.0,0,0,0.0,0,0,0,0,0,0,0,0,0,0,0,0.0,0.0,0.0,0.0,False,simple,0,IMPORT_ERROR,"File not found: Invalid compilation: 
Invalid solc compilation Error: Source ""data/safe_contracts/utils/Base64.sol"" not found: File not found. Searched the following locations: """".
 --> data/safe_contracts/openzeppelin_all/mocks_Base64Dirty.sol:5:1:
  |
5 | import {Base64} from ""../utils/Base64.sol"";
  | ^^^^^^^^^^^^^^^^^^^^^^^^^^^^^^^^^^^^^^^^^^^

",0,0,0,0,0.0,False,0,0,0,0,0,0,0.0,False,0,0,0.0,0,0,0,False,0,0,0.0,0,0,0,1.0,False,0,0,0,0
467,mocks_docs_access-control_AccessControlModified,0x0000000000000000000000723202793039914481,data/safe_contracts/openzeppelin_all/mocks_docs_access-control_AccessControlModified.sol,,openzeppelin,False,False,False,False,False,False,False,False,False,False,False,False,False,False,False,False,False,False,False,False,False,False,False,False,False,0,0,0,0,0,0,0,0,0,0,1,0,0.0,0,0,0.0,0,0,0,0,0,0,0,0,0,0,0,0.0,0.0,0.0,0.0,False,simple,0,IMPORT_ERROR,"File not found: Invalid compilation: 
Invalid solc compilation Error: Source ""access/AccessControl.sol"" not found: File not found. Searched the following locations: """".
 --> data/safe_contracts/openzeppelin_all/mocks_docs_access-control_AccessControlModified.sol:5:1:
  |
5 | import {AccessControl} from ""../../../access/AccessControl.sol"";
  | ^^^^^^^^^^^^^^^^^^^^^^^^^^^^^^^^^^^^^^^^^^^^^^^^^^^^^^^^^^^^^^^^

",0,0,0,0,0.0,False,0,0,0,0,0,0,0.0,False,0,0,0.0,0,0,0,False,0,0,0.0,0,0,0,1.0,False,0,0,0,0
468,mocks_docs_governance_MyTokenTimestampBased,0x0000000000000000000003318880853781387024,data/safe_contracts/openzeppelin_all/mocks_docs_governance_MyTokenTimestampBased.sol,,openzeppelin,False,False,False,False,False,False,False,False,False,False,False,False,False,False,False,False,False,False,False,False,False,False,False,False,False,0,0,0,0,0,0,0,0,0,0,1,0,0.0,0,0,0.0,0,0,0,0,0,0,0,0,0,0,0,0.0,0.0,0.0,0.0,False,simple,0,IMPORT_ERROR,"File not found: Invalid compilation: 
Invalid solc compilation Error: Source ""token/ERC20/ERC20.sol"" not found: File not found. Searched the following locations: """".
 --> data/safe_contracts/openzeppelin_all/mocks_docs_governance_MyTokenTimestampBased.sol:4:1:
  |
4 | import {ERC20} from ""../../../token/ERC20/ERC20.sol"";
  | ^^^^^^^^^^^^^^^^^^^^^^^^^^^^^^^^^^^^^^^^^^^^^^^^^^^^^

Error: Source ""token/ERC20/extensions/ERC20Permit.sol"" not found: File not found. Searched the following locations: """".
 --> data/safe_contracts/openzeppelin_all/mocks_docs_governance_MyTokenTimestampBased.sol:5:1:
  |
5 | import {ERC20Permit} from ""../../../token/ERC20/extensions/ERC20Permit.sol"";
  | ^^^^^^^^^^^^^^^^^^^^^^^^^^^^^^^^^^^^^^^^^^^^^^^^^^^^^^^^^^^^^^^^^^^^^^^^^^^^

Error: Source ""token/ERC20/extensions/ERC20Votes.sol"" not found: File not found. Searched the following locations: """".
 --> data/safe_contracts/openzeppelin_all/mocks_docs_governance_MyTokenTimestampBased.sol:6:1:
  |
6 | import {ERC20Votes} from ""../../../token/ERC20/extensions/ERC20Votes.sol"";
  | ^^^^^^^^^^^^^^^^^^^^^^^^^^^^^^^^^^^^^^^^^^^^^^^^^^^^^^^^^^^^^^^^^^^^^^^^^^

Error: Source ""utils/Nonces.sol"" not found: File not found. Searched the following locations: """".
 --> data/safe_contracts/openzeppelin_all/mocks_docs_governance_MyTokenTimestampBased.sol:7:1:
  |
7 | import {Nonces} from ""../../../utils/Nonces.sol"";
  | ^^^^^^^^^^^^^^^^^^^^^^^^^^^^^^^^^^^^^^^^^^^^^^^^^

",0,0,0,0,0.0,False,0,0,0,0,0,0,0.0,False,0,0,0.0,0,0,0,False,0,0,0.0,0,0,0,1.0,False,0,0,0,0
469,finance_VestingWallet,0x9999999999999999999999335048026366702479,data/safe_contracts/openzeppelin_all/finance_VestingWallet.sol,,openzeppelin,False,False,False,False,False,False,False,False,False,False,False,False,False,False,False,False,False,False,False,False,False,False,False,False,False,0,0,0,0,0,0,0,0,0,0,1,0,0.0,0,0,0.0,0,0,0,0,0,0,0,0,0,0,0,0.0,0.0,0.0,0.0,False,simple,0,IMPORT_ERROR,"File not found: Invalid compilation: 
Invalid solc compilation Error: Source ""data/safe_contracts/token/ERC20/IERC20.sol"" not found: File not found. Searched the following locations: """".
 --> data/safe_contracts/openzeppelin_all/finance_VestingWallet.sol:6:1:
  |
6 | import {IERC20} from ""../token/ERC20/IERC20.sol"";
  | ^^^^^^^^^^^^^^^^^^^^^^^^^^^^^^^^^^^^^^^^^^^^^^^^^

Error: Source ""data/safe_contracts/token/ERC20/utils/SafeERC20.sol"" not found: File not found. Searched the following locations: """".
 --> data/safe_contracts/openzeppelin_all/finance_VestingWallet.sol:7:1:
  |
7 | import {SafeERC20} from ""../token/ERC20/utils/SafeERC20.sol"";
  | ^^^^^^^^^^^^^^^^^^^^^^^^^^^^^^^^^^^^^^^^^^^^^^^^^^^^^^^^^^^^^

Error: Source ""data/safe_contracts/utils/Address.sol"" not found: File not found. Searched the following locations: """".
 --> data/safe_contracts/openzeppelin_all/finance_VestingWallet.sol:8:1:
  |
8 | import {Address} from ""../utils/Address.sol"";
  | ^^^^^^^^^^^^^^^^^^^^^^^^^^^^^^^^^^^^^^^^^^^^^

Error: Source ""data/safe_contracts/utils/Context.sol"" not found: File not found. Searched the following locations: """".
 --> data/safe_contracts/openzeppelin_all/finance_VestingWallet.sol:9:1:
  |
9 | import {Context} from ""../utils/Context.sol"";
  | ^^^^^^^^^^^^^^^^^^^^^^^^^^^^^^^^^^^^^^^^^^^^^

Error: Source ""data/safe_contracts/access/Ownable.sol"" not found: File not found. Searched the following locations: """".
  --> data/safe_contracts/openzeppelin_all/finance_VestingWallet.sol:10:1:
   |
10 | import {Ownable} from ""../access/Ownable.sol"";
   | ^^^^^^^^^^^^^^^^^^^^^^^^^^^^^^^^^^^^^^^^^^^^^^

",0,0,0,0,0.0,False,0,0,0,0,0,0,0.0,False,0,0,0.0,0,0,0,False,0,0,0.0,0,0,0,1.0,False,0,0,0,0
470,mocks_docs_ERC20WithAutoMinerReward,0x9999999999999999999998786834659648150961,data/safe_contracts/openzeppelin_all/mocks_docs_ERC20WithAutoMinerReward.sol,,openzeppelin,False,False,False,False,False,False,False,False,False,False,False,False,False,False,False,False,False,False,False,False,False,False,False,False,False,0,0,0,0,0,0,0,0,0,0,1,0,0.0,0,0,0.0,0,0,0,0,0,0,0,0,0,0,0,0.0,0.0,0.0,0.0,False,simple,0,IMPORT_ERROR,"File not found: Invalid compilation: 
Invalid solc compilation Error: Source ""data/token/ERC20/ERC20.sol"" not found: File not found. Searched the following locations: """".
 --> data/safe_contracts/openzeppelin_all/mocks_docs_ERC20WithAutoMinerReward.sol:5:1:
  |
5 | import {ERC20} from ""../../token/ERC20/ERC20.sol"";
  | ^^^^^^^^^^^^^^^^^^^^^^^^^^^^^^^^^^^^^^^^^^^^^^^^^^

",0,0,0,0,0.0,False,0,0,0,0,0,0,0.0,False,0,0,0.0,0,0,0,False,0,0,0.0,0,0,0,1.0,False,0,0,0,0
471,utils_cryptography_verifiers_ERC7913WebAuthnVerifier,0x9999999999999999999992625596036258978078,data/safe_contracts/openzeppelin_all/utils_cryptography_verifiers_ERC7913WebAuthnVerifier.sol,,openzeppelin,False,False,False,False,False,False,False,False,False,False,False,False,False,False,False,False,False,False,False,False,False,False,False,False,False,0,0,0,0,0,0,0,0,0,0,1,0,0.0,0,0,0.0,0,0,0,0,0,0,0,0,0,0,0,0.0,0.0,0.0,0.0,False,simple,0,IMPORT_ERROR,"File not found: Invalid compilation: 
Invalid solc compilation Error: Source ""data/safe_contracts/WebAuthn.sol"" not found: File not found. Searched the following locations: """".
 --> data/safe_contracts/openzeppelin_all/utils_cryptography_verifiers_ERC7913WebAuthnVerifier.sol:6:1:
  |
6 | import {WebAuthn} from ""../WebAuthn.sol"";
  | ^^^^^^^^^^^^^^^^^^^^^^^^^^^^^^^^^^^^^^^^^

Error: Source ""interfaces/IERC7913.sol"" not found: File not found. Searched the following locations: """".
 --> data/safe_contracts/openzeppelin_all/utils_cryptography_verifiers_ERC7913WebAuthnVerifier.sol:7:1:
  |
7 | import {IERC7913SignatureVerifier} from ""../../../interfaces/IERC7913.sol"";
  | ^^^^^^^^^^^^^^^^^^^^^^^^^^^^^^^^^^^^^^^^^^^^^^^^^^^^^^^^^^^^^^^^^^^^^^^^^^^

",0,0,0,0,0.0,False,0,0,0,0,0,0,0.0,False,0,0,0.0,0,0,0,False,0,0,0.0,0,0,0,1.0,False,0,0,0,0
472,utils_cryptography_signers_MultiSignerERC7913,0x9999999999999999999992021427401825758994,data/safe_contracts/openzeppelin_all/utils_cryptography_signers_MultiSignerERC7913.sol,,openzeppelin,False,False,False,False,False,False,False,False,False,False,False,False,False,False,False,False,False,False,False,False,False,False,False,False,False,0,0,0,0,0,0,0,0,0,0,1,0,0.0,0,0,0.0,0,0,0,0,0,0,0,0,0,0,0,0.0,0.0,0.0,0.0,False,simple,0,IMPORT_ERROR,"File not found: Invalid compilation: 
Invalid solc compilation Error: Source ""data/safe_contracts/openzeppelin_all/AbstractSigner.sol"" not found: File not found. Searched the following locations: """".
 --> data/safe_contracts/openzeppelin_all/utils_cryptography_signers_MultiSignerERC7913.sol:6:1:
  |
6 | import {AbstractSigner} from ""./AbstractSigner.sol"";
  | ^^^^^^^^^^^^^^^^^^^^^^^^^^^^^^^^^^^^^^^^^^^^^^^^^^^^

Error: Source ""data/safe_contracts/SignatureChecker.sol"" not found: File not found. Searched the following locations: """".
 --> data/safe_contracts/openzeppelin_all/utils_cryptography_signers_MultiSignerERC7913.sol:7:1:
  |
7 | import {SignatureChecker} from ""../SignatureChecker.sol"";
  | ^^^^^^^^^^^^^^^^^^^^^^^^^^^^^^^^^^^^^^^^^^^^^^^^^^^^^^^^^

Error: Source ""data/structs/EnumerableSet.sol"" not found: File not found. Searched the following locations: """".
 --> data/safe_contracts/openzeppelin_all/utils_cryptography_signers_MultiSignerERC7913.sol:8:1:
  |
8 | import {EnumerableSet} from ""../../structs/EnumerableSet.sol"";
  | ^^^^^^^^^^^^^^^^^^^^^^^^^^^^^^^^^^^^^^^^^^^^^^^^^^^^^^^^^^^^^^

",0,0,0,0,0.0,False,0,0,0,0,0,0,0.0,False,0,0,0.0,0,0,0,False,0,0,0.0,0,0,0,1.0,False,0,0,0,0
473,mocks_TimelockReentrant,0x9999999999999999999992813868923027916884,data/safe_contracts/openzeppelin_all/mocks_TimelockReentrant.sol,,openzeppelin,False,False,False,False,False,False,False,False,False,False,False,False,False,False,False,False,False,False,False,False,False,False,False,False,False,0,0,0,0,0,0,0,0,0,0,1,0,0.0,0,0,0.0,0,0,0,0,0,0,0,0,0,0,0,0.0,0.0,0.0,0.0,False,simple,0,IMPORT_ERROR,"File not found: Invalid compilation: 
Invalid solc compilation Error: Source ""data/safe_contracts/utils/Address.sol"" not found: File not found. Searched the following locations: """".
 --> data/safe_contracts/openzeppelin_all/mocks_TimelockReentrant.sol:4:1:
  |
4 | import {Address} from ""../utils/Address.sol"";
  | ^^^^^^^^^^^^^^^^^^^^^^^^^^^^^^^^^^^^^^^^^^^^^

",0,0,0,0,0.0,False,0,0,0,0,0,0,0.0,False,0,0,0.0,0,0,0,False,0,0,0.0,0,0,0,1.0,False,0,0,0,0
474,utils_cryptography_ECDSA,0x0000000000000000000001695096422258379487,data/safe_contracts/openzeppelin_all/utils_cryptography_ECDSA.sol,,openzeppelin,False,False,False,False,False,False,False,False,False,False,False,False,False,False,True,False,False,False,False,False,False,False,True,False,False,0,0,17,11,0,0,0,9,0,266,1,1,3.0,0,119,0.4473684210526316,0,0,0,0,6,11,0,0,0,3,2,0.0,0.0,17.0,77.63333333333333,False,moderate,1,,,118,114,0,10,0.9661016949152542,False,13,33,11,23,0,0,0.0,True,0,11,2.090909090909091,7,0,0,False,0,26,0.0,11,0,0,1.0,False,0,0,0,0
475,utils_Multicall,0x9999999999999999999993492992574872240149,data/safe_contracts/openzeppelin_all/utils_Multicall.sol,,openzeppelin,False,False,False,False,False,False,False,False,False,False,False,False,False,False,False,False,False,False,False,False,False,False,False,False,False,0,0,0,0,0,0,0,0,0,0,1,0,0.0,0,0,0.0,0,0,0,0,0,0,0,0,0,0,0,0.0,0.0,0.0,0.0,False,simple,0,IMPORT_ERROR,"File not found: Invalid compilation: 
Invalid solc compilation Error: Source ""data/safe_contracts/openzeppelin_all/Address.sol"" not found: File not found. Searched the following locations: """".
 --> data/safe_contracts/openzeppelin_all/utils_Multicall.sol:6:1:
  |
6 | import {Address} from ""./Address.sol"";
  | ^^^^^^^^^^^^^^^^^^^^^^^^^^^^^^^^^^^^^^

Error: Source ""data/safe_contracts/openzeppelin_all/Context.sol"" not found: File not found. Searched the following locations: """".
 --> data/safe_contracts/openzeppelin_all/utils_Multicall.sol:7:1:
  |
7 | import {Context} from ""./Context.sol"";
  | ^^^^^^^^^^^^^^^^^^^^^^^^^^^^^^^^^^^^^^

",0,0,0,0,0.0,False,0,0,0,0,0,0,0.0,False,0,0,0.0,0,0,0,False,0,0,0.0,0,0,0,1.0,False,0,0,0,0
476,utils_Arrays,0x0000000000000000000005246489808666574453,data/safe_contracts/openzeppelin_all/utils_Arrays.sol,,openzeppelin,False,False,False,False,False,False,False,False,False,False,False,False,False,False,False,False,False,False,False,False,False,False,False,False,False,0,0,0,0,0,0,0,0,0,0,1,0,0.0,0,0,0.0,0,0,0,0,0,0,0,0,0,0,0,0.0,0.0,0.0,0.0,False,simple,0,IMPORT_ERROR,"File not found: Invalid compilation: 
Invalid solc compilation Error: Source ""data/safe_contracts/openzeppelin_all/Comparators.sol"" not found: File not found. Searched the following locations: """".
 --> data/safe_contracts/openzeppelin_all/utils_Arrays.sol:7:1:
  |
7 | import {Comparators} from ""./Comparators.sol"";
  | ^^^^^^^^^^^^^^^^^^^^^^^^^^^^^^^^^^^^^^^^^^^^^^

Error: Source ""data/safe_contracts/openzeppelin_all/SlotDerivation.sol"" not found: File not found. Searched the following locations: """".
 --> data/safe_contracts/openzeppelin_all/utils_Arrays.sol:8:1:
  |
8 | import {SlotDerivation} from ""./SlotDerivation.sol"";
  | ^^^^^^^^^^^^^^^^^^^^^^^^^^^^^^^^^^^^^^^^^^^^^^^^^^^^

Error: Source ""data/safe_contracts/openzeppelin_all/StorageSlot.sol"" not found: File not found. Searched the following locations: """".
 --> data/safe_contracts/openzeppelin_all/utils_Arrays.sol:9:1:
  |
9 | import {StorageSlot} from ""./StorageSlot.sol"";
  | ^^^^^^^^^^^^^^^^^^^^^^^^^^^^^^^^^^^^^^^^^^^^^^

Error: Source ""data/safe_contracts/openzeppelin_all/math/Math.sol"" not found: File not found. Searched the following locations: """".
  --> data/safe_contracts/openzeppelin_all/utils_Arrays.sol:10:1:
   |
10 | import {Math} from ""./math/Math.sol"";
   | ^^^^^^^^^^^^^^^^^^^^^^^^^^^^^^^^^^^^^

",0,0,0,0,0.0,False,0,0,0,0,0,0,0.0,False,0,0,0.0,0,0,0,False,0,0,0.0,0,0,0,1.0,False,0,0,0,0
477,utils_CAIP2,0x0000000000000000000006325664623693686406,data/safe_contracts/openzeppelin_all/utils_CAIP2.sol,,openzeppelin,False,False,False,False,False,False,False,False,False,False,False,False,False,False,False,False,False,False,False,False,False,False,False,False,False,0,0,0,0,0,0,0,0,0,0,1,0,0.0,0,0,0.0,0,0,0,0,0,0,0,0,0,0,0,0.0,0.0,0.0,0.0,False,simple,0,IMPORT_ERROR,"File not found: Invalid compilation: 
Invalid solc compilation Error: Source ""data/safe_contracts/openzeppelin_all/Bytes.sol"" not found: File not found. Searched the following locations: """".
 --> data/safe_contracts/openzeppelin_all/utils_CAIP2.sol:6:1:
  |
6 | import {Bytes} from ""./Bytes.sol"";
  | ^^^^^^^^^^^^^^^^^^^^^^^^^^^^^^^^^^

Error: Source ""data/safe_contracts/openzeppelin_all/Strings.sol"" not found: File not found. Searched the following locations: """".
 --> data/safe_contracts/openzeppelin_all/utils_CAIP2.sol:7:1:
  |
7 | import {Strings} from ""./Strings.sol"";
  | ^^^^^^^^^^^^^^^^^^^^^^^^^^^^^^^^^^^^^^

",0,0,0,0,0.0,False,0,0,0,0,0,0,0.0,False,0,0,0.0,0,0,0,False,0,0,0.0,0,0,0,1.0,False,0,0,0,0
478,interfaces_draft-IERC7802,0x0000000000000000000007669803971953802869,data/safe_contracts/openzeppelin_all/interfaces_draft-IERC7802.sol,,openzeppelin,False,False,False,False,False,False,False,False,False,False,False,False,False,False,False,False,False,False,False,False,False,False,False,False,False,0,0,0,0,0,0,0,0,0,0,1,0,0.0,0,0,0.0,0,0,0,0,0,0,0,0,0,0,0,0.0,0.0,0.0,0.0,False,simple,0,IMPORT_ERROR,"File not found: Invalid compilation: 
Invalid solc compilation Error: Source ""data/safe_contracts/openzeppelin_all/IERC165.sol"" not found: File not found. Searched the following locations: """".
 --> data/safe_contracts/openzeppelin_all/interfaces_draft-IERC7802.sol:6:1:
  |
6 | import {IERC165} from ""./IERC165.sol"";
  | ^^^^^^^^^^^^^^^^^^^^^^^^^^^^^^^^^^^^^^

",0,0,0,0,0.0,False,0,0,0,0,0,0,0.0,False,0,0,0.0,0,0,0,False,0,0,0.0,0,0,0,1.0,False,0,0,0,0
479,utils_cryptography_SignatureChecker,0x0000000000000000000002969403004076001702,data/safe_contracts/openzeppelin_all/utils_cryptography_SignatureChecker.sol,,openzeppelin,False,False,False,False,False,False,False,False,False,False,False,False,False,False,False,False,False,False,False,False,False,False,False,False,False,0,0,0,0,0,0,0,0,0,0,1,0,0.0,0,0,0.0,0,0,0,0,0,0,0,0,0,0,0,0.0,0.0,0.0,0.0,False,simple,0,IMPORT_ERROR,"File not found: Invalid compilation: 
Invalid solc compilation Error: Source ""data/safe_contracts/openzeppelin_all/ECDSA.sol"" not found: File not found. Searched the following locations: """".
 --> data/safe_contracts/openzeppelin_all/utils_cryptography_SignatureChecker.sol:6:1:
  |
6 | import {ECDSA} from ""./ECDSA.sol"";
  | ^^^^^^^^^^^^^^^^^^^^^^^^^^^^^^^^^^

Error: Source ""data/interfaces/IERC1271.sol"" not found: File not found. Searched the following locations: """".
 --> data/safe_contracts/openzeppelin_all/utils_cryptography_SignatureChecker.sol:7:1:
  |
7 | import {IERC1271} from ""../../interfaces/IERC1271.sol"";
  | ^^^^^^^^^^^^^^^^^^^^^^^^^^^^^^^^^^^^^^^^^^^^^^^^^^^^^^^

Error: Source ""data/interfaces/IERC7913.sol"" not found: File not found. Searched the following locations: """".
 --> data/safe_contracts/openzeppelin_all/utils_cryptography_SignatureChecker.sol:8:1:
  |
8 | import {IERC7913SignatureVerifier} from ""../../interfaces/IERC7913.sol"";
  | ^^^^^^^^^^^^^^^^^^^^^^^^^^^^^^^^^^^^^^^^^^^^^^^^^^^^^^^^^^^^^^^^^^^^^^^^

Error: Source ""data/safe_contracts/Bytes.sol"" not found: File not found. Searched the following locations: """".
 --> data/safe_contracts/openzeppelin_all/utils_cryptography_SignatureChecker.sol:9:1:
  |
9 | import {Bytes} from ""../Bytes.sol"";
  | ^^^^^^^^^^^^^^^^^^^^^^^^^^^^^^^^^^^

",0,0,0,0,0.0,False,0,0,0,0,0,0,0.0,False,0,0,0.0,0,0,0,False,0,0,0.0,0,0,0,1.0,False,0,0,0,0
480,utils_types_Time,0x0000000000000000000002922485761900992231,data/safe_contracts/openzeppelin_all/utils_types_Time.sol,,openzeppelin,False,False,False,False,False,False,False,False,False,False,False,False,False,False,False,False,False,False,False,False,False,False,False,False,False,0,0,0,0,0,0,0,0,0,0,1,0,0.0,0,0,0.0,0,0,0,0,0,0,0,0,0,0,0,0.0,0.0,0.0,0.0,False,simple,0,IMPORT_ERROR,"File not found: Invalid compilation: 
Invalid solc compilation Error: Source ""data/safe_contracts/math/Math.sol"" not found: File not found. Searched the following locations: """".
 --> data/safe_contracts/openzeppelin_all/utils_types_Time.sol:6:1:
  |
6 | import {Math} from ""../math/Math.sol"";
  | ^^^^^^^^^^^^^^^^^^^^^^^^^^^^^^^^^^^^^^

Error: Source ""data/safe_contracts/math/SafeCast.sol"" not found: File not found. Searched the following locations: """".
 --> data/safe_contracts/openzeppelin_all/utils_types_Time.sol:7:1:
  |
7 | import {SafeCast} from ""../math/SafeCast.sol"";
  | ^^^^^^^^^^^^^^^^^^^^^^^^^^^^^^^^^^^^^^^^^^^^^^

",0,0,0,0,0.0,False,0,0,0,0,0,0,0.0,False,0,0,0.0,0,0,0,False,0,0,0.0,0,0,0,1.0,False,0,0,0,0
481,access_Ownable,0x9999999999999999999991559702918819109915,data/safe_contracts/openzeppelin_all/access_Ownable.sol,,openzeppelin,False,False,False,False,False,False,False,False,False,False,False,False,False,False,False,False,False,False,False,False,False,False,False,False,False,0,0,0,0,0,0,0,0,0,0,1,0,0.0,0,0,0.0,0,0,0,0,0,0,0,0,0,0,0,0.0,0.0,0.0,0.0,False,simple,0,IMPORT_ERROR,"File not found: Invalid compilation: 
Invalid solc compilation Error: Source ""data/safe_contracts/utils/Context.sol"" not found: File not found. Searched the following locations: """".
 --> data/safe_contracts/openzeppelin_all/access_Ownable.sol:6:1:
  |
6 | import {Context} from ""../utils/Context.sol"";
  | ^^^^^^^^^^^^^^^^^^^^^^^^^^^^^^^^^^^^^^^^^^^^^

",0,0,0,0,0.0,False,0,0,0,0,0,0,0.0,False,0,0,0.0,0,0,0,False,0,0,0.0,0,0,0,1.0,False,0,0,0,0
482,access_manager_AccessManaged,0x9999999999999999999999070307075272647906,data/safe_contracts/openzeppelin_all/access_manager_AccessManaged.sol,,openzeppelin,False,False,False,False,False,False,False,False,False,False,False,False,False,False,False,False,False,False,False,False,False,False,False,False,False,0,0,0,0,0,0,0,0,0,0,1,0,0.0,0,0,0.0,0,0,0,0,0,0,0,0,0,0,0,0.0,0.0,0.0,0.0,False,simple,0,IMPORT_ERROR,"File not found: Invalid compilation: 
Invalid solc compilation Error: Source ""data/safe_contracts/openzeppelin_all/AuthorityUtils.sol"" not found: File not found. Searched the following locations: """".
 --> data/safe_contracts/openzeppelin_all/access_manager_AccessManaged.sol:6:1:
  |
6 | import {AuthorityUtils} from ""./AuthorityUtils.sol"";
  | ^^^^^^^^^^^^^^^^^^^^^^^^^^^^^^^^^^^^^^^^^^^^^^^^^^^^

Error: Source ""data/safe_contracts/openzeppelin_all/IAccessManager.sol"" not found: File not found. Searched the following locations: """".
 --> data/safe_contracts/openzeppelin_all/access_manager_AccessManaged.sol:7:1:
  |
7 | import {IAccessManager} from ""./IAccessManager.sol"";
  | ^^^^^^^^^^^^^^^^^^^^^^^^^^^^^^^^^^^^^^^^^^^^^^^^^^^^

Error: Source ""data/safe_contracts/openzeppelin_all/IAccessManaged.sol"" not found: File not found. Searched the following locations: """".
 --> data/safe_contracts/openzeppelin_all/access_manager_AccessManaged.sol:8:1:
  |
8 | import {IAccessManaged} from ""./IAccessManaged.sol"";
  | ^^^^^^^^^^^^^^^^^^^^^^^^^^^^^^^^^^^^^^^^^^^^^^^^^^^^

Error: Source ""data/utils/Context.sol"" not found: File not found. Searched the following locations: """".
 --> data/safe_contracts/openzeppelin_all/access_manager_AccessManaged.sol:9:1:
  |
9 | import {Context} from ""../../utils/Context.sol"";
  | ^^^^^^^^^^^^^^^^^^^^^^^^^^^^^^^^^^^^^^^^^^^^^^^^

",0,0,0,0,0.0,False,0,0,0,0,0,0,0.0,False,0,0,0.0,0,0,0,False,0,0,0.0,0,0,0,1.0,False,0,0,0,0
483,account_utils_draft-ERC7579Utils,0x0000000000000000000001293003210139289054,data/safe_contracts/openzeppelin_all/account_utils_draft-ERC7579Utils.sol,,openzeppelin,False,False,False,False,False,False,False,False,False,False,False,False,False,False,False,False,False,False,False,False,False,False,False,False,False,0,0,0,0,0,0,0,0,0,0,1,0,0.0,0,0,0.0,0,0,0,0,0,0,0,0,0,0,0,0.0,0.0,0.0,0.0,False,simple,0,IMPORT_ERROR,"File not found: Invalid compilation: 
Invalid solc compilation Error: Source ""data/interfaces/draft-IERC7579.sol"" not found: File not found. Searched the following locations: """".
 --> data/safe_contracts/openzeppelin_all/account_utils_draft-ERC7579Utils.sol:6:1:
  |
6 | import {Execution} from ""../../interfaces/draft-IERC7579.sol"";
  | ^^^^^^^^^^^^^^^^^^^^^^^^^^^^^^^^^^^^^^^^^^^^^^^^^^^^^^^^^^^^^^

Error: Source ""data/utils/Packing.sol"" not found: File not found. Searched the following locations: """".
 --> data/safe_contracts/openzeppelin_all/account_utils_draft-ERC7579Utils.sol:7:1:
  |
7 | import {Packing} from ""../../utils/Packing.sol"";
  | ^^^^^^^^^^^^^^^^^^^^^^^^^^^^^^^^^^^^^^^^^^^^^^^^

Error: Source ""data/utils/Address.sol"" not found: File not found. Searched the following locations: """".
 --> data/safe_contracts/openzeppelin_all/account_utils_draft-ERC7579Utils.sol:8:1:
  |
8 | import {Address} from ""../../utils/Address.sol"";
  | ^^^^^^^^^^^^^^^^^^^^^^^^^^^^^^^^^^^^^^^^^^^^^^^^

",0,0,0,0,0.0,False,0,0,0,0,0,0,0.0,False,0,0,0.0,0,0,0,False,0,0,0.0,0,0,0,1.0,False,0,0,0,0
484,utils_cryptography_RSA,0x9999999999999999999993231020097691045907,data/safe_contracts/openzeppelin_all/utils_cryptography_RSA.sol,,openzeppelin,False,False,False,False,False,False,False,False,False,False,False,False,False,False,False,False,False,False,False,False,False,False,False,False,False,0,0,0,0,0,0,0,0,0,0,1,0,0.0,0,0,0.0,0,0,0,0,0,0,0,0,0,0,0,0.0,0.0,0.0,0.0,False,simple,0,IMPORT_ERROR,"File not found: Invalid compilation: 
Invalid solc compilation Error: Source ""data/safe_contracts/math/Math.sol"" not found: File not found. Searched the following locations: """".
 --> data/safe_contracts/openzeppelin_all/utils_cryptography_RSA.sol:5:1:
  |
5 | import {Math} from ""../math/Math.sol"";
  | ^^^^^^^^^^^^^^^^^^^^^^^^^^^^^^^^^^^^^^

",0,0,0,0,0.0,False,0,0,0,0,0,0,0.0,False,0,0,0.0,0,0,0,False,0,0,0.0,0,0,0,1.0,False,0,0,0,0
485,utils_Context,0x0000000000000000000004857898350957013913,data/safe_contracts/openzeppelin_all/utils_Context.sol,,openzeppelin,False,False,False,False,False,False,False,False,False,False,False,False,False,False,False,False,False,False,False,False,False,False,True,False,False,0,0,5,3,0,0,0,1,0,24,1,1,1.0,0,12,0.5,0,0,0,0,2,3,0,0,0,2,1,0.0,0.0,5.0,10.25,False,simple,0,,,6,3,0,1,0.5,False,3,3,3,0,0,0,0.0,False,0,3,0.0,3,0,0,False,0,0,0.0,0,0,0,1.0,False,0,0,0,0
486,mocks_docs_MyNFT,0x0000000000000000000008322026770284753437,data/safe_contracts/openzeppelin_all/mocks_docs_MyNFT.sol,,openzeppelin,False,False,False,False,False,False,False,False,False,False,False,False,False,False,False,False,False,False,False,False,False,False,False,False,False,0,0,0,0,0,0,0,0,0,0,1,0,0.0,0,0,0.0,0,0,0,0,0,0,0,0,0,0,0,0.0,0.0,0.0,0.0,False,simple,0,IMPORT_ERROR,"File not found: Invalid compilation: 
Invalid solc compilation Error: Source ""data/token/ERC721/ERC721.sol"" not found: File not found. Searched the following locations: """".
 --> data/safe_contracts/openzeppelin_all/mocks_docs_MyNFT.sol:5:1:
  |
5 | import {ERC721} from ""../../token/ERC721/ERC721.sol"";
  | ^^^^^^^^^^^^^^^^^^^^^^^^^^^^^^^^^^^^^^^^^^^^^^^^^^^^^

",0,0,0,0,0.0,False,0,0,0,0,0,0,0.0,False,0,0,0.0,0,0,0,False,0,0,0.0,0,0,0,1.0,False,0,0,0,0
487,utils_cryptography_EIP712,0x9999999999999999999997844704925883591500,data/safe_contracts/openzeppelin_all/utils_cryptography_EIP712.sol,,openzeppelin,False,False,False,False,False,False,False,False,False,False,False,False,False,False,False,False,False,False,False,False,False,False,False,False,False,0,0,0,0,0,0,0,0,0,0,1,0,0.0,0,0,0.0,0,0,0,0,0,0,0,0,0,0,0,0.0,0.0,0.0,0.0,False,simple,0,IMPORT_ERROR,"File not found: Invalid compilation: 
Invalid solc compilation Error: Source ""data/safe_contracts/openzeppelin_all/MessageHashUtils.sol"" not found: File not found. Searched the following locations: """".
 --> data/safe_contracts/openzeppelin_all/utils_cryptography_EIP712.sol:6:1:
  |
6 | import {MessageHashUtils} from ""./MessageHashUtils.sol"";
  | ^^^^^^^^^^^^^^^^^^^^^^^^^^^^^^^^^^^^^^^^^^^^^^^^^^^^^^^^

Error: Source ""data/safe_contracts/ShortStrings.sol"" not found: File not found. Searched the following locations: """".
 --> data/safe_contracts/openzeppelin_all/utils_cryptography_EIP712.sol:7:1:
  |
7 | import {ShortStrings, ShortString} from ""../ShortStrings.sol"";
  | ^^^^^^^^^^^^^^^^^^^^^^^^^^^^^^^^^^^^^^^^^^^^^^^^^^^^^^^^^^^^^^

Error: Source ""data/interfaces/IERC5267.sol"" not found: File not found. Searched the following locations: """".
 --> data/safe_contracts/openzeppelin_all/utils_cryptography_EIP712.sol:8:1:
  |
8 | import {IERC5267} from ""../../interfaces/IERC5267.sol"";
  | ^^^^^^^^^^^^^^^^^^^^^^^^^^^^^^^^^^^^^^^^^^^^^^^^^^^^^^^

",0,0,0,0,0.0,False,0,0,0,0,0,0,0.0,False,0,0,0.0,0,0,0,False,0,0,0.0,0,0,0,1.0,False,0,0,0,0
488,token_ERC6909_ERC6909,0x0000000000000000000005752836784882541260,data/safe_contracts/openzeppelin_all/token_ERC6909_ERC6909.sol,,openzeppelin,False,False,False,False,False,False,False,False,False,False,False,False,False,False,False,False,False,False,False,False,False,False,False,False,False,0,0,0,0,0,0,0,0,0,0,1,0,0.0,0,0,0.0,0,0,0,0,0,0,0,0,0,0,0,0.0,0.0,0.0,0.0,False,simple,0,IMPORT_ERROR,"File not found: Invalid compilation: 
Invalid solc compilation Error: Source ""data/interfaces/IERC6909.sol"" not found: File not found. Searched the following locations: """".
 --> data/safe_contracts/openzeppelin_all/token_ERC6909_ERC6909.sol:6:1:
  |
6 | import {IERC6909} from ""../../interfaces/IERC6909.sol"";
  | ^^^^^^^^^^^^^^^^^^^^^^^^^^^^^^^^^^^^^^^^^^^^^^^^^^^^^^^

Error: Source ""data/utils/Context.sol"" not found: File not found. Searched the following locations: """".
 --> data/safe_contracts/openzeppelin_all/token_ERC6909_ERC6909.sol:7:1:
  |
7 | import {Context} from ""../../utils/Context.sol"";
  | ^^^^^^^^^^^^^^^^^^^^^^^^^^^^^^^^^^^^^^^^^^^^^^^^

Error: Source ""data/utils/introspection/ERC165.sol"" not found: File not found. Searched the following locations: """".
 --> data/safe_contracts/openzeppelin_all/token_ERC6909_ERC6909.sol:8:1:
  |
8 | import {IERC165, ERC165} from ""../../utils/introspection/ERC165.sol"";
  | ^^^^^^^^^^^^^^^^^^^^^^^^^^^^^^^^^^^^^^^^^^^^^^^^^^^^^^^^^^^^^^^^^^^^^

",0,0,0,0,0.0,False,0,0,0,0,0,0,0.0,False,0,0,0.0,0,0,0,False,0,0,0.0,0,0,0,1.0,False,0,0,0,0
489,mocks_docs_access-control_MyContractOwnable,0x9999999999999999999998871880105445663583,data/safe_contracts/openzeppelin_all/mocks_docs_access-control_MyContractOwnable.sol,,openzeppelin,False,False,False,False,False,False,False,False,False,False,False,False,False,False,False,False,False,False,False,False,False,False,False,False,False,0,0,0,0,0,0,0,0,0,0,1,0,0.0,0,0,0.0,0,0,0,0,0,0,0,0,0,0,0,0.0,0.0,0.0,0.0,False,simple,0,IMPORT_ERROR,"File not found: Invalid compilation: 
Invalid solc compilation Error: Source ""access/Ownable.sol"" not found: File not found. Searched the following locations: """".
 --> data/safe_contracts/openzeppelin_all/mocks_docs_access-control_MyContractOwnable.sol:5:1:
  |
5 | import {Ownable} from ""../../../access/Ownable.sol"";
  | ^^^^^^^^^^^^^^^^^^^^^^^^^^^^^^^^^^^^^^^^^^^^^^^^^^^^

",0,0,0,0,0.0,False,0,0,0,0,0,0,0.0,False,0,0,0.0,0,0,0,False,0,0,0.0,0,0,0,1.0,False,0,0,0,0
490,account_extensions_draft-AccountERC7579Hooked,0x0000000000000000000008676226755631268192,data/safe_contracts/openzeppelin_all/account_extensions_draft-AccountERC7579Hooked.sol,,openzeppelin,False,False,False,False,False,False,False,False,False,False,False,False,False,False,False,False,False,False,False,False,False,False,False,False,False,0,0,0,0,0,0,0,0,0,0,1,0,0.0,0,0,0.0,0,0,0,0,0,0,0,0,0,0,0,0.0,0.0,0.0,0.0,False,simple,0,IMPORT_ERROR,"File not found: Invalid compilation: 
Invalid solc compilation Error: Source ""data/interfaces/draft-IERC7579.sol"" not found: File not found. Searched the following locations: """".
 --> data/safe_contracts/openzeppelin_all/account_extensions_draft-AccountERC7579Hooked.sol:6:1:
  |
6 | import {IERC7579Hook, MODULE_TYPE_HOOK} from ""../../interfaces/draft-IERC7579.sol"";
  | ^^^^^^^^^^^^^^^^^^^^^^^^^^^^^^^^^^^^^^^^^^^^^^^^^^^^^^^^^^^^^^^^^^^^^^^^^^^^^^^^^^^

Error: Source ""data/account/utils/draft-ERC7579Utils.sol"" not found: File not found. Searched the following locations: """".
 --> data/safe_contracts/openzeppelin_all/account_extensions_draft-AccountERC7579Hooked.sol:7:1:
  |
7 | import {ERC7579Utils, Mode} from ""../../account/utils/draft-ERC7579Utils.sol"";
  | ^^^^^^^^^^^^^^^^^^^^^^^^^^^^^^^^^^^^^^^^^^^^^^^^^^^^^^^^^^^^^^^^^^^^^^^^^^^^^^

Error: Source ""data/safe_contracts/openzeppelin_all/draft-AccountERC7579.sol"" not found: File not found. Searched the following locations: """".
 --> data/safe_contracts/openzeppelin_all/account_extensions_draft-AccountERC7579Hooked.sol:8:1:
  |
8 | import {AccountERC7579} from ""./draft-AccountERC7579.sol"";
  | ^^^^^^^^^^^^^^^^^^^^^^^^^^^^^^^^^^^^^^^^^^^^^^^^^^^^^^^^^^

",0,0,0,0,0.0,False,0,0,0,0,0,0,0.0,False,0,0,0.0,0,0,0,False,0,0,0.0,0,0,0,1.0,False,0,0,0,0
491,vendor_compound_ICompoundTimelock,0x0000000000000000000004865327599485671620,data/safe_contracts/openzeppelin_all/vendor_compound_ICompoundTimelock.sol,,openzeppelin,False,False,False,False,False,False,False,False,False,False,False,False,False,False,False,False,False,False,False,False,False,False,True,False,False,0,0,5,14,0,0,0,1,0,70,1,1,1.0,0,8,0.11428571428571428,2,0,0,0,5,0,0,0,0,2,1,0.0,0.0,5.0,12.5,False,simple,0,,,0,0,0,0,0.0,False,0,0,14,0,0,0,0.0,False,14,0,0.0,14,0,0,False,0,18,0.0,6,0,0,1.0,False,0,0,0,0
492,utils_Create2,0x0000000000000000000005287276096339267059,data/safe_contracts/openzeppelin_all/utils_Create2.sol,,openzeppelin,False,False,False,False,False,False,False,False,False,False,False,False,False,False,False,False,False,False,False,False,False,False,False,False,False,0,0,0,0,0,0,0,0,0,0,1,0,0.0,0,0,0.0,0,0,0,0,0,0,0,0,0,0,0,0.0,0.0,0.0,0.0,False,simple,0,IMPORT_ERROR,"File not found: Invalid compilation: 
Invalid solc compilation Error: Source ""data/safe_contracts/openzeppelin_all/Errors.sol"" not found: File not found. Searched the following locations: """".
 --> data/safe_contracts/openzeppelin_all/utils_Create2.sol:6:1:
  |
6 | import {Errors} from ""./Errors.sol"";
  | ^^^^^^^^^^^^^^^^^^^^^^^^^^^^^^^^^^^^

Error: Source ""data/safe_contracts/openzeppelin_all/LowLevelCall.sol"" not found: File not found. Searched the following locations: """".
 --> data/safe_contracts/openzeppelin_all/utils_Create2.sol:7:1:
  |
7 | import {LowLevelCall} from ""./LowLevelCall.sol"";
  | ^^^^^^^^^^^^^^^^^^^^^^^^^^^^^^^^^^^^^^^^^^^^^^^^

",0,0,0,0,0.0,False,0,0,0,0,0,0,0.0,False,0,0,0.0,0,0,0,False,0,0,0.0,0,0,0,1.0,False,0,0,0,0
493,mocks_token_ERC20ApprovalMock,0x9999999999999999999995543530316468768914,data/safe_contracts/openzeppelin_all/mocks_token_ERC20ApprovalMock.sol,,openzeppelin,False,False,False,False,False,False,False,False,False,False,False,False,False,False,False,False,False,False,False,False,False,False,False,False,False,0,0,0,0,0,0,0,0,0,0,1,0,0.0,0,0,0.0,0,0,0,0,0,0,0,0,0,0,0,0.0,0.0,0.0,0.0,False,simple,0,IMPORT_ERROR,"File not found: Invalid compilation: 
Invalid solc compilation Error: Source ""data/token/ERC20/ERC20.sol"" not found: File not found. Searched the following locations: """".
 --> data/safe_contracts/openzeppelin_all/mocks_token_ERC20ApprovalMock.sol:4:1:
  |
4 | import {ERC20} from ""../../token/ERC20/ERC20.sol"";
  | ^^^^^^^^^^^^^^^^^^^^^^^^^^^^^^^^^^^^^^^^^^^^^^^^^^

",0,0,0,0,0.0,False,0,0,0,0,0,0,0.0,False,0,0,0.0,0,0,0,False,0,0,0.0,0,0,0,1.0,False,0,0,0,0
494,mocks_TransientSlotMock,0x9999999999999999999996407889880274807638,data/safe_contracts/openzeppelin_all/mocks_TransientSlotMock.sol,,openzeppelin,False,False,False,False,False,False,False,False,False,False,False,False,False,False,False,False,False,False,False,False,False,False,False,False,False,0,0,0,0,0,0,0,0,0,0,1,0,0.0,0,0,0.0,0,0,0,0,0,0,0,0,0,0,0,0.0,0.0,0.0,0.0,False,simple,0,IMPORT_ERROR,"File not found: Invalid compilation: 
Invalid solc compilation Error: Source ""data/safe_contracts/utils/Multicall.sol"" not found: File not found. Searched the following locations: """".
 --> data/safe_contracts/openzeppelin_all/mocks_TransientSlotMock.sol:6:1:
  |
6 | import {Multicall} from ""../utils/Multicall.sol"";
  | ^^^^^^^^^^^^^^^^^^^^^^^^^^^^^^^^^^^^^^^^^^^^^^^^^

Error: Source ""data/safe_contracts/utils/TransientSlot.sol"" not found: File not found. Searched the following locations: """".
 --> data/safe_contracts/openzeppelin_all/mocks_TransientSlotMock.sol:7:1:
  |
7 | import {TransientSlot} from ""../utils/TransientSlot.sol"";
  | ^^^^^^^^^^^^^^^^^^^^^^^^^^^^^^^^^^^^^^^^^^^^^^^^^^^^^^^^^

",0,0,0,0,0.0,False,0,0,0,0,0,0,0.0,False,0,0,0.0,0,0,0,False,0,0,0.0,0,0,0,1.0,False,0,0,0,0
495,utils_cryptography_signers_draft-ERC7739,0x9999999999999999999991758223666726994866,data/safe_contracts/openzeppelin_all/utils_cryptography_signers_draft-ERC7739.sol,,openzeppelin,False,False,False,False,False,False,False,False,False,False,False,False,False,False,False,False,False,False,False,False,False,False,False,False,False,0,0,0,0,0,0,0,0,0,0,1,0,0.0,0,0,0.0,0,0,0,0,0,0,0,0,0,0,0,0.0,0.0,0.0,0.0,False,simple,0,IMPORT_ERROR,"File not found: Invalid compilation: 
Invalid solc compilation Error: Source ""data/safe_contracts/openzeppelin_all/AbstractSigner.sol"" not found: File not found. Searched the following locations: """".
 --> data/safe_contracts/openzeppelin_all/utils_cryptography_signers_draft-ERC7739.sol:6:1:
  |
6 | import {AbstractSigner} from ""./AbstractSigner.sol"";
  | ^^^^^^^^^^^^^^^^^^^^^^^^^^^^^^^^^^^^^^^^^^^^^^^^^^^^

Error: Source ""data/safe_contracts/EIP712.sol"" not found: File not found. Searched the following locations: """".
 --> data/safe_contracts/openzeppelin_all/utils_cryptography_signers_draft-ERC7739.sol:7:1:
  |
7 | import {EIP712} from ""../EIP712.sol"";
  | ^^^^^^^^^^^^^^^^^^^^^^^^^^^^^^^^^^^^^

Error: Source ""data/safe_contracts/draft-ERC7739Utils.sol"" not found: File not found. Searched the following locations: """".
 --> data/safe_contracts/openzeppelin_all/utils_cryptography_signers_draft-ERC7739.sol:8:1:
  |
8 | import {ERC7739Utils} from ""../draft-ERC7739Utils.sol"";
  | ^^^^^^^^^^^^^^^^^^^^^^^^^^^^^^^^^^^^^^^^^^^^^^^^^^^^^^^

Error: Source ""interfaces/IERC1271.sol"" not found: File not found. Searched the following locations: """".
 --> data/safe_contracts/openzeppelin_all/utils_cryptography_signers_draft-ERC7739.sol:9:1:
  |
9 | import {IERC1271} from ""../../../interfaces/IERC1271.sol"";
  | ^^^^^^^^^^^^^^^^^^^^^^^^^^^^^^^^^^^^^^^^^^^^^^^^^^^^^^^^^^

Error: Source ""data/safe_contracts/MessageHashUtils.sol"" not found: File not found. Searched the following locations: """".
  --> data/safe_contracts/openzeppelin_all/utils_cryptography_signers_draft-ERC7739.sol:10:1:
   |
10 | import {MessageHashUtils} from ""../MessageHashUtils.sol"";
   | ^^^^^^^^^^^^^^^^^^^^^^^^^^^^^^^^^^^^^^^^^^^^^^^^^^^^^^^^^

",0,0,0,0,0.0,False,0,0,0,0,0,0,0.0,False,0,0,0.0,0,0,0,False,0,0,0.0,0,0,0,1.0,False,0,0,0,0
496,metatx_ERC2771Forwarder,0x0000000000000000000002093872208238313521,data/safe_contracts/openzeppelin_all/metatx_ERC2771Forwarder.sol,,openzeppelin,False,False,False,False,False,False,False,False,False,False,False,False,False,False,False,False,False,False,False,False,False,False,False,False,False,0,0,0,0,0,0,0,0,0,0,1,0,0.0,0,0,0.0,0,0,0,0,0,0,0,0,0,0,0,0.0,0.0,0.0,0.0,False,simple,0,IMPORT_ERROR,"File not found: Invalid compilation: 
Invalid solc compilation Error: Source ""data/safe_contracts/openzeppelin_all/ERC2771Context.sol"" not found: File not found. Searched the following locations: """".
 --> data/safe_contracts/openzeppelin_all/metatx_ERC2771Forwarder.sol:6:1:
  |
6 | import {ERC2771Context} from ""./ERC2771Context.sol"";
  | ^^^^^^^^^^^^^^^^^^^^^^^^^^^^^^^^^^^^^^^^^^^^^^^^^^^^

Error: Source ""data/safe_contracts/utils/cryptography/ECDSA.sol"" not found: File not found. Searched the following locations: """".
 --> data/safe_contracts/openzeppelin_all/metatx_ERC2771Forwarder.sol:7:1:
  |
7 | import {ECDSA} from ""../utils/cryptography/ECDSA.sol"";
  | ^^^^^^^^^^^^^^^^^^^^^^^^^^^^^^^^^^^^^^^^^^^^^^^^^^^^^^

Error: Source ""data/safe_contracts/utils/cryptography/EIP712.sol"" not found: File not found. Searched the following locations: """".
 --> data/safe_contracts/openzeppelin_all/metatx_ERC2771Forwarder.sol:8:1:
  |
8 | import {EIP712} from ""../utils/cryptography/EIP712.sol"";
  | ^^^^^^^^^^^^^^^^^^^^^^^^^^^^^^^^^^^^^^^^^^^^^^^^^^^^^^^^

Error: Source ""data/safe_contracts/utils/Nonces.sol"" not found: File not found. Searched the following locations: """".
 --> data/safe_contracts/openzeppelin_all/metatx_ERC2771Forwarder.sol:9:1:
  |
9 | import {Nonces} from ""../utils/Nonces.sol"";
  | ^^^^^^^^^^^^^^^^^^^^^^^^^^^^^^^^^^^^^^^^^^^

Error: Source ""data/safe_contracts/utils/Address.sol"" not found: File not found. Searched the following locations: """".
  --> data/safe_contracts/openzeppelin_all/metatx_ERC2771Forwarder.sol:10:1:
   |
10 | import {Address} from ""../utils/Address.sol"";
   | ^^^^^^^^^^^^^^^^^^^^^^^^^^^^^^^^^^^^^^^^^^^^^

Error: Source ""data/safe_contracts/utils/Errors.sol"" not found: File not found. Searched the following locations: """".
  --> data/safe_contracts/openzeppelin_all/metatx_ERC2771Forwarder.sol:11:1:
   |
11 | import {Errors} from ""../utils/Errors.sol"";
   | ^^^^^^^^^^^^^^^^^^^^^^^^^^^^^^^^^^^^^^^^^^^

",0,0,0,0,0.0,False,0,0,0,0,0,0,0.0,False,0,0,0.0,0,0,0,False,0,0,0.0,0,0,0,1.0,False,0,0,0,0
497,interfaces_IERC1363Spender,0x0000000000000000000003143814463091064474,data/safe_contracts/openzeppelin_all/interfaces_IERC1363Spender.sol,,openzeppelin,False,False,False,False,False,False,False,False,False,False,False,False,False,False,False,False,False,False,False,False,False,False,True,False,False,0,0,2,1,0,0,0,1,0,24,1,1,1.0,0,20,0.8333333333333334,0,0,0,0,2,0,0,0,0,1,1,0.0,0.0,2.0,4.0,False,simple,0,,,0,0,0,0,0.0,False,0,0,1,0,0,0,0.0,False,1,0,0.0,1,0,0,False,0,3,0.0,1,0,0,1.0,False,0,0,0,0
498,interfaces_IERC1271,0x0000000000000000000009075618850540130294,data/safe_contracts/openzeppelin_all/interfaces_IERC1271.sol,,openzeppelin,False,False,False,False,False,False,False,False,False,False,False,False,False,False,False,False,False,False,False,False,False,False,True,False,False,0,0,2,1,0,0,0,1,0,15,1,1,1.0,0,11,0.7333333333333333,0,0,0,0,2,0,0,0,0,1,1,0.0,0.0,2.0,4.0,False,simple,0,,,0,0,0,0,0.0,False,0,0,1,0,0,0,0.0,False,1,0,0.0,1,0,0,False,0,2,0.0,1,0,0,1.0,False,0,0,0,0
499,mocks_governance_GovernorTimelockCompoundMock,0x9999999999999999999993839975255886156229,data/safe_contracts/openzeppelin_all/mocks_governance_GovernorTimelockCompoundMock.sol,,openzeppelin,False,False,False,False,False,False,False,False,False,False,False,False,False,False,False,False,False,False,False,False,False,False,False,False,False,0,0,0,0,0,0,0,0,0,0,1,0,0.0,0,0,0.0,0,0,0,0,0,0,0,0,0,0,0,0.0,0.0,0.0,0.0,False,simple,0,IMPORT_ERROR,"File not found: Invalid compilation: 
Invalid solc compilation Error: Source ""data/governance/Governor.sol"" not found: File not found. Searched the following locations: """".
 --> data/safe_contracts/openzeppelin_all/mocks_governance_GovernorTimelockCompoundMock.sol:5:1:
  |
5 | import {Governor} from ""../../governance/Governor.sol"";
  | ^^^^^^^^^^^^^^^^^^^^^^^^^^^^^^^^^^^^^^^^^^^^^^^^^^^^^^^

Error: Source ""data/governance/extensions/GovernorTimelockCompound.sol"" not found: File not found. Searched the following locations: """".
 --> data/safe_contracts/openzeppelin_all/mocks_governance_GovernorTimelockCompoundMock.sol:6:1:
  |
6 | import {GovernorTimelockCompound} from ""../../governance/extensions/GovernorTimelockCompound.sol"";
  | ^^^^^^^^^^^^^^^^^^^^^^^^^^^^^^^^^^^^^^^^^^^^^^^^^^^^^^^^^^^^^^^^^^^^^^^^^^^^^^^^^^^^^^^^^^^^^^^^^^

Error: Source ""data/governance/extensions/GovernorSettings.sol"" not found: File not found. Searched the following locations: """".
 --> data/safe_contracts/openzeppelin_all/mocks_governance_GovernorTimelockCompoundMock.sol:7:1:
  |
7 | import {GovernorSettings} from ""../../governance/extensions/GovernorSettings.sol"";
  | ^^^^^^^^^^^^^^^^^^^^^^^^^^^^^^^^^^^^^^^^^^^^^^^^^^^^^^^^^^^^^^^^^^^^^^^^^^^^^^^^^^

Error: Source ""data/governance/extensions/GovernorCountingSimple.sol"" not found: File not found. Searched the following locations: """".
 --> data/safe_contracts/openzeppelin_all/mocks_governance_GovernorTimelockCompoundMock.sol:8:1:
  |
8 | import {GovernorCountingSimple} from ""../../governance/extensions/GovernorCountingSimple.sol"";
  | ^^^^^^^^^^^^^^^^^^^^^^^^^^^^^^^^^^^^^^^^^^^^^^^^^^^^^^^^^^^^^^^^^^^^^^^^^^^^^^^^^^^^^^^^^^^^^^

Error: Source ""data/governance/extensions/GovernorVotesQuorumFraction.sol"" not found: File not found. Searched the following locations: """".
 --> data/safe_contracts/openzeppelin_all/mocks_governance_GovernorTimelockCompoundMock.sol:9:1:
  |
9 | import {GovernorVotesQuorumFraction} from ""../../governance/extensions/Gove",0,0,0,0,0.0,False,0,0,0,0,0,0,0.0,False,0,0,0.0,0,0,0,False,0,0,0.0,0,0,0,1.0,False,0,0,0,0
500,proxy_ERC1967_ERC1967Utils,0x9999999999999999999995872407927654747191,data/safe_contracts/openzeppelin_all/proxy_ERC1967_ERC1967Utils.sol,,openzeppelin,False,False,False,False,False,False,False,False,False,False,False,False,False,False,False,False,False,False,False,False,False,False,False,False,False,0,0,0,0,0,0,0,0,0,0,1,0,0.0,0,0,0.0,0,0,0,0,0,0,0,0,0,0,0,0.0,0.0,0.0,0.0,False,simple,0,IMPORT_ERROR,"File not found: Invalid compilation: 
Invalid solc compilation Error: Source ""data/safe_contracts/beacon/IBeacon.sol"" not found: File not found. Searched the following locations: """".
 --> data/safe_contracts/openzeppelin_all/proxy_ERC1967_ERC1967Utils.sol:6:1:
  |
6 | import {IBeacon} from ""../beacon/IBeacon.sol"";
  | ^^^^^^^^^^^^^^^^^^^^^^^^^^^^^^^^^^^^^^^^^^^^^^

Error: Source ""data/interfaces/IERC1967.sol"" not found: File not found. Searched the following locations: """".
 --> data/safe_contracts/openzeppelin_all/proxy_ERC1967_ERC1967Utils.sol:7:1:
  |
7 | import {IERC1967} from ""../../interfaces/IERC1967.sol"";
  | ^^^^^^^^^^^^^^^^^^^^^^^^^^^^^^^^^^^^^^^^^^^^^^^^^^^^^^^

Error: Source ""data/utils/Address.sol"" not found: File not found. Searched the following locations: """".
 --> data/safe_contracts/openzeppelin_all/proxy_ERC1967_ERC1967Utils.sol:8:1:
  |
8 | import {Address} from ""../../utils/Address.sol"";
  | ^^^^^^^^^^^^^^^^^^^^^^^^^^^^^^^^^^^^^^^^^^^^^^^^

Error: Source ""data/utils/StorageSlot.sol"" not found: File not found. Searched the following locations: """".
 --> data/safe_contracts/openzeppelin_all/proxy_ERC1967_ERC1967Utils.sol:9:1:
  |
9 | import {StorageSlot} from ""../../utils/StorageSlot.sol"";
  | ^^^^^^^^^^^^^^^^^^^^^^^^^^^^^^^^^^^^^^^^^^^^^^^^^^^^^^^^

",0,0,0,0,0.0,False,0,0,0,0,0,0,0.0,False,0,0,0.0,0,0,0,False,0,0,0.0,0,0,0,1.0,False,0,0,0,0
501,mocks_UpgradeableBeaconMock,0x0000000000000000000007957280900038670999,data/safe_contracts/openzeppelin_all/mocks_UpgradeableBeaconMock.sol,,openzeppelin,False,False,False,False,False,False,False,False,False,False,False,False,False,False,False,False,False,False,False,False,False,False,False,False,False,0,0,0,0,0,0,0,0,0,0,1,0,0.0,0,0,0.0,0,0,0,0,0,0,0,0,0,0,0,0.0,0.0,0.0,0.0,False,simple,0,IMPORT_ERROR,"File not found: Invalid compilation: 
Invalid solc compilation Error: Source ""data/safe_contracts/proxy/beacon/IBeacon.sol"" not found: File not found. Searched the following locations: """".
 --> data/safe_contracts/openzeppelin_all/mocks_UpgradeableBeaconMock.sol:4:1:
  |
4 | import {IBeacon} from ""../proxy/beacon/IBeacon.sol"";
  | ^^^^^^^^^^^^^^^^^^^^^^^^^^^^^^^^^^^^^^^^^^^^^^^^^^^^

",0,0,0,0,0.0,False,0,0,0,0,0,0,0.0,False,0,0,0.0,0,0,0,False,0,0,0.0,0,0,0,1.0,False,0,0,0,0
502,mocks_docs_AccessManagerEnumerable,0x0000000000000000000008864480768978206253,data/safe_contracts/openzeppelin_all/mocks_docs_AccessManagerEnumerable.sol,,openzeppelin,False,False,False,False,False,False,False,False,False,False,False,False,False,False,False,False,False,False,False,False,False,False,False,False,False,0,0,0,0,0,0,0,0,0,0,1,0,0.0,0,0,0.0,0,0,0,0,0,0,0,0,0,0,0,0.0,0.0,0.0,0.0,False,simple,0,IMPORT_ERROR,"File not found: Invalid compilation: 
Invalid solc compilation Error: Source ""data/access/manager/AccessManager.sol"" not found: File not found. Searched the following locations: """".
 --> data/safe_contracts/openzeppelin_all/mocks_docs_AccessManagerEnumerable.sol:5:1:
  |
5 | import {AccessManager} from ""../../access/manager/AccessManager.sol"";
  | ^^^^^^^^^^^^^^^^^^^^^^^^^^^^^^^^^^^^^^^^^^^^^^^^^^^^^^^^^^^^^^^^^^^^^

Error: Source ""data/utils/structs/EnumerableSet.sol"" not found: File not found. Searched the following locations: """".
 --> data/safe_contracts/openzeppelin_all/mocks_docs_AccessManagerEnumerable.sol:6:1:
  |
6 | import {EnumerableSet} from ""../../utils/structs/EnumerableSet.sol"";
  | ^^^^^^^^^^^^^^^^^^^^^^^^^^^^^^^^^^^^^^^^^^^^^^^^^^^^^^^^^^^^^^^^^^^^

",0,0,0,0,0.0,False,0,0,0,0,0,0,0.0,False,0,0,0.0,0,0,0,False,0,0,0.0,0,0,0,1.0,False,0,0,0,0
503,mocks_proxy_ERC1967ProxyUnsafe,0x0000000000000000000001971611305083075737,data/safe_contracts/openzeppelin_all/mocks_proxy_ERC1967ProxyUnsafe.sol,,openzeppelin,False,False,False,False,False,False,False,False,False,False,False,False,False,False,False,False,False,False,False,False,False,False,False,False,False,0,0,0,0,0,0,0,0,0,0,1,0,0.0,0,0,0.0,0,0,0,0,0,0,0,0,0,0,0,0.0,0.0,0.0,0.0,False,simple,0,IMPORT_ERROR,"File not found: Invalid compilation: 
Invalid solc compilation Error: Source ""data/proxy/ERC1967/ERC1967Proxy.sol"" not found: File not found. Searched the following locations: """".
 --> data/safe_contracts/openzeppelin_all/mocks_proxy_ERC1967ProxyUnsafe.sol:5:1:
  |
5 | import {ERC1967Proxy} from ""../../proxy/ERC1967/ERC1967Proxy.sol"";
  | ^^^^^^^^^^^^^^^^^^^^^^^^^^^^^^^^^^^^^^^^^^^^^^^^^^^^^^^^^^^^^^^^^^

",0,0,0,0,0.0,False,0,0,0,0,0,0,0.0,False,0,0,0.0,0,0,0,False,0,0,0.0,0,0,0,1.0,False,0,0,0,0
504,mocks_docs_access-control_AccessControlERC20MintOnlyRole,0x0000000000000000000006340450466441818596,data/safe_contracts/openzeppelin_all/mocks_docs_access-control_AccessControlERC20MintOnlyRole.sol,,openzeppelin,False,False,False,False,False,False,False,False,False,False,False,False,False,False,False,False,False,False,False,False,False,False,False,False,False,0,0,0,0,0,0,0,0,0,0,1,0,0.0,0,0,0.0,0,0,0,0,0,0,0,0,0,0,0,0.0,0.0,0.0,0.0,False,simple,0,IMPORT_ERROR,"File not found: Invalid compilation: 
Invalid solc compilation Error: Source ""access/AccessControl.sol"" not found: File not found. Searched the following locations: """".
 --> data/safe_contracts/openzeppelin_all/mocks_docs_access-control_AccessControlERC20MintOnlyRole.sol:4:1:
  |
4 | import {AccessControl} from ""../../../access/AccessControl.sol"";
  | ^^^^^^^^^^^^^^^^^^^^^^^^^^^^^^^^^^^^^^^^^^^^^^^^^^^^^^^^^^^^^^^^

Error: Source ""token/ERC20/ERC20.sol"" not found: File not found. Searched the following locations: """".
 --> data/safe_contracts/openzeppelin_all/mocks_docs_access-control_AccessControlERC20MintOnlyRole.sol:5:1:
  |
5 | import {ERC20} from ""../../../token/ERC20/ERC20.sol"";
  | ^^^^^^^^^^^^^^^^^^^^^^^^^^^^^^^^^^^^^^^^^^^^^^^^^^^^^

",0,0,0,0,0.0,False,0,0,0,0,0,0,0.0,False,0,0,0.0,0,0,0,False,0,0,0.0,0,0,0,1.0,False,0,0,0,0
505,mocks_token_ERC20ForceApproveMock,0x9999999999999999999994265313788539349839,data/safe_contracts/openzeppelin_all/mocks_token_ERC20ForceApproveMock.sol,,openzeppelin,False,False,False,False,False,False,False,False,False,False,False,False,False,False,False,False,False,False,False,False,False,False,False,False,False,0,0,0,0,0,0,0,0,0,0,1,0,0.0,0,0,0.0,0,0,0,0,0,0,0,0,0,0,0,0.0,0.0,0.0,0.0,False,simple,0,IMPORT_ERROR,"File not found: Invalid compilation: 
Invalid solc compilation Error: Source ""data/token/ERC20/ERC20.sol"" not found: File not found. Searched the following locations: """".
 --> data/safe_contracts/openzeppelin_all/mocks_token_ERC20ForceApproveMock.sol:5:1:
  |
5 | import {ERC20} from ""../../token/ERC20/ERC20.sol"";
  | ^^^^^^^^^^^^^^^^^^^^^^^^^^^^^^^^^^^^^^^^^^^^^^^^^^

",0,0,0,0,0.0,False,0,0,0,0,0,0,0.0,False,0,0,0.0,0,0,0,False,0,0,0.0,0,0,0,1.0,False,0,0,0,0
506,governance_extensions_GovernorSuperQuorum,0x9999999999999999999997979617321126170064,data/safe_contracts/openzeppelin_all/governance_extensions_GovernorSuperQuorum.sol,,openzeppelin,False,False,False,False,False,False,False,False,False,False,False,False,False,False,False,False,False,False,False,False,False,False,False,False,False,0,0,0,0,0,0,0,0,0,0,1,0,0.0,0,0,0.0,0,0,0,0,0,0,0,0,0,0,0,0.0,0.0,0.0,0.0,False,simple,0,IMPORT_ERROR,"File not found: Invalid compilation: 
Invalid solc compilation Error: Source ""data/safe_contracts/Governor.sol"" not found: File not found. Searched the following locations: """".
 --> data/safe_contracts/openzeppelin_all/governance_extensions_GovernorSuperQuorum.sol:6:1:
  |
6 | import {Governor} from ""../Governor.sol"";
  | ^^^^^^^^^^^^^^^^^^^^^^^^^^^^^^^^^^^^^^^^^

",0,0,0,0,0.0,False,0,0,0,0,0,0,0.0,False,0,0,0.0,0,0,0,False,0,0,0.0,0,0,0,1.0,False,0,0,0,0
507,account_extensions_draft-ERC7821,0x0000000000000000000006597879608719108808,data/safe_contracts/openzeppelin_all/account_extensions_draft-ERC7821.sol,,openzeppelin,False,False,False,False,False,False,False,False,False,False,False,False,False,False,False,False,False,False,False,False,False,False,False,False,False,0,0,0,0,0,0,0,0,0,0,1,0,0.0,0,0,0.0,0,0,0,0,0,0,0,0,0,0,0,0.0,0.0,0.0,0.0,False,simple,0,IMPORT_ERROR,"File not found: Invalid compilation: 
Invalid solc compilation Error: Source ""data/safe_contracts/utils/draft-ERC7579Utils.sol"" not found: File not found. Searched the following locations: """".
 --> data/safe_contracts/openzeppelin_all/account_extensions_draft-ERC7821.sol:6:1:
  |
6 | import {ERC7579Utils, Mode, CallType, ExecType, ModeSelector} from ""../utils/draft-ERC7579Utils.sol"";
  | ^^^^^^^^^^^^^^^^^^^^^^^^^^^^^^^^^^^^^^^^^^^^^^^^^^^^^^^^^^^^^^^^^^^^^^^^^^^^^^^^^^^^^^^^^^^^^^^^^^^^^

Error: Source ""data/interfaces/draft-IERC7821.sol"" not found: File not found. Searched the following locations: """".
 --> data/safe_contracts/openzeppelin_all/account_extensions_draft-ERC7821.sol:7:1:
  |
7 | import {IERC7821} from ""../../interfaces/draft-IERC7821.sol"";
  | ^^^^^^^^^^^^^^^^^^^^^^^^^^^^^^^^^^^^^^^^^^^^^^^^^^^^^^^^^^^^^

Error: Source ""data/safe_contracts/Account.sol"" not found: File not found. Searched the following locations: """".
 --> data/safe_contracts/openzeppelin_all/account_extensions_draft-ERC7821.sol:8:1:
  |
8 | import {Account} from ""../Account.sol"";
  | ^^^^^^^^^^^^^^^^^^^^^^^^^^^^^^^^^^^^^^^

",0,0,0,0,0.0,False,0,0,0,0,0,0,0.0,False,0,0,0.0,0,0,0,False,0,0,0.0,0,0,0,1.0,False,0,0,0,0
508,metatx_ERC2771Context,0x0000000000000000000009095583206892705897,data/safe_contracts/openzeppelin_all/metatx_ERC2771Context.sol,,openzeppelin,False,False,False,False,False,False,False,False,False,False,False,False,False,False,False,False,False,False,False,False,False,False,False,False,False,0,0,0,0,0,0,0,0,0,0,1,0,0.0,0,0,0.0,0,0,0,0,0,0,0,0,0,0,0,0.0,0.0,0.0,0.0,False,simple,0,IMPORT_ERROR,"File not found: Invalid compilation: 
Invalid solc compilation Error: Source ""data/safe_contracts/utils/Context.sol"" not found: File not found. Searched the following locations: """".
 --> data/safe_contracts/openzeppelin_all/metatx_ERC2771Context.sol:6:1:
  |
6 | import {Context} from ""../utils/Context.sol"";
  | ^^^^^^^^^^^^^^^^^^^^^^^^^^^^^^^^^^^^^^^^^^^^^

",0,0,0,0,0.0,False,0,0,0,0,0,0,0.0,False,0,0,0.0,0,0,0,False,0,0,0.0,0,0,0,1.0,False,0,0,0,0
509,interfaces_draft-IERC7579,0x9999999999999999999996476559903886947970,data/safe_contracts/openzeppelin_all/interfaces_draft-IERC7579.sol,,openzeppelin,False,False,False,False,False,False,False,False,False,False,False,False,False,False,False,False,False,False,False,False,False,False,False,False,False,0,0,0,0,0,0,0,0,0,0,1,0,0.0,0,0,0.0,0,0,0,0,0,0,0,0,0,0,0,0.0,0.0,0.0,0.0,False,simple,0,IMPORT_ERROR,"File not found: Invalid compilation: 
Invalid solc compilation Error: Source ""data/safe_contracts/openzeppelin_all/draft-IERC4337.sol"" not found: File not found. Searched the following locations: """".
 --> data/safe_contracts/openzeppelin_all/interfaces_draft-IERC7579.sol:6:1:
  |
6 | import {PackedUserOperation} from ""./draft-IERC4337.sol"";
  | ^^^^^^^^^^^^^^^^^^^^^^^^^^^^^^^^^^^^^^^^^^^^^^^^^^^^^^^^^

",0,0,0,0,0.0,False,0,0,0,0,0,0,0.0,False,0,0,0.0,0,0,0,False,0,0,0.0,0,0,0,1.0,False,0,0,0,0
510,proxy_transparent_ProxyAdmin,0x9999999999999999999992036936042954774697,data/safe_contracts/openzeppelin_all/proxy_transparent_ProxyAdmin.sol,,openzeppelin,False,False,False,False,False,False,False,False,False,False,False,False,False,False,False,False,False,False,False,False,False,False,False,False,False,0,0,0,0,0,0,0,0,0,0,1,0,0.0,0,0,0.0,0,0,0,0,0,0,0,0,0,0,0,0.0,0.0,0.0,0.0,False,simple,0,IMPORT_ERROR,"File not found: Invalid compilation: 
Invalid solc compilation Error: Source ""data/safe_contracts/openzeppelin_all/TransparentUpgradeableProxy.sol"" not found: File not found. Searched the following locations: """".
 --> data/safe_contracts/openzeppelin_all/proxy_transparent_ProxyAdmin.sol:6:1:
  |
6 | import {ITransparentUpgradeableProxy} from ""./TransparentUpgradeableProxy.sol"";
  | ^^^^^^^^^^^^^^^^^^^^^^^^^^^^^^^^^^^^^^^^^^^^^^^^^^^^^^^^^^^^^^^^^^^^^^^^^^^^^^^

Error: Source ""data/access/Ownable.sol"" not found: File not found. Searched the following locations: """".
 --> data/safe_contracts/openzeppelin_all/proxy_transparent_ProxyAdmin.sol:7:1:
  |
7 | import {Ownable} from ""../../access/Ownable.sol"";
  | ^^^^^^^^^^^^^^^^^^^^^^^^^^^^^^^^^^^^^^^^^^^^^^^^^

",0,0,0,0,0.0,False,0,0,0,0,0,0,0.0,False,0,0,0.0,0,0,0,False,0,0,0.0,0,0,0,1.0,False,0,0,0,0
511,access_extensions_IAccessControlDefaultAdminRules,0x0000000000000000000000811604486389302267,data/safe_contracts/openzeppelin_all/access_extensions_IAccessControlDefaultAdminRules.sol,,openzeppelin,False,False,False,False,False,False,False,False,False,False,False,False,False,False,False,False,False,False,False,False,False,False,False,False,False,0,0,0,0,0,0,0,0,0,0,1,0,0.0,0,0,0.0,0,0,0,0,0,0,0,0,0,0,0,0.0,0.0,0.0,0.0,False,simple,0,IMPORT_ERROR,"File not found: Invalid compilation: 
Invalid solc compilation Error: Source ""data/safe_contracts/IAccessControl.sol"" not found: File not found. Searched the following locations: """".
 --> data/safe_contracts/openzeppelin_all/access_extensions_IAccessControlDefaultAdminRules.sol:6:1:
  |
6 | import {IAccessControl} from ""../IAccessControl.sol"";
  | ^^^^^^^^^^^^^^^^^^^^^^^^^^^^^^^^^^^^^^^^^^^^^^^^^^^^^

",0,0,0,0,0.0,False,0,0,0,0,0,0,0.0,False,0,0,0.0,0,0,0,False,0,0,0.0,0,0,0,1.0,False,0,0,0,0
512,access_manager_IAuthority,0x0000000000000000000001566224667785863480,data/safe_contracts/openzeppelin_all/access_manager_IAuthority.sol,,openzeppelin,False,False,False,False,False,False,False,False,False,False,False,False,False,False,False,False,False,False,False,False,False,False,True,False,False,0,0,2,1,0,0,0,1,0,12,1,1,1.0,0,8,0.6666666666666666,0,0,0,0,2,0,0,0,0,1,1,0.0,0.0,2.0,4.0,False,simple,0,,,0,0,0,0,0.0,False,0,0,1,0,0,0,0.0,False,1,0,0.0,1,0,0,False,0,3,0.0,1,0,0,1.0,False,0,0,0,0
513,utils_introspection_ERC165,0x0000000000000000000005840714710529912209,data/safe_contracts/openzeppelin_all/utils_introspection_ERC165.sol,,openzeppelin,False,False,False,False,False,False,False,False,False,False,False,False,False,False,False,False,False,False,False,False,False,False,False,False,False,0,0,0,0,0,0,0,0,0,0,1,0,0.0,0,0,0.0,0,0,0,0,0,0,0,0,0,0,0,0.0,0.0,0.0,0.0,False,simple,0,IMPORT_ERROR,"File not found: Invalid compilation: 
Invalid solc compilation Error: Source ""data/safe_contracts/openzeppelin_all/IERC165.sol"" not found: File not found. Searched the following locations: """".
 --> data/safe_contracts/openzeppelin_all/utils_introspection_ERC165.sol:6:1:
  |
6 | import {IERC165} from ""./IERC165.sol"";
  | ^^^^^^^^^^^^^^^^^^^^^^^^^^^^^^^^^^^^^^

",0,0,0,0,0.0,False,0,0,0,0,0,0,0.0,False,0,0,0.0,0,0,0,False,0,0,0.0,0,0,0,1.0,False,0,0,0,0
514,mocks_token_ERC20Reentrant,0x0000000000000000000006150218053499901321,data/safe_contracts/openzeppelin_all/mocks_token_ERC20Reentrant.sol,,openzeppelin,False,False,False,False,False,False,False,False,False,False,False,False,False,False,False,False,False,False,False,False,False,False,False,False,False,0,0,0,0,0,0,0,0,0,0,1,0,0.0,0,0,0.0,0,0,0,0,0,0,0,0,0,0,0,0.0,0.0,0.0,0.0,False,simple,0,IMPORT_ERROR,"File not found: Invalid compilation: 
Invalid solc compilation Error: Source ""data/token/ERC20/ERC20.sol"" not found: File not found. Searched the following locations: """".
 --> data/safe_contracts/openzeppelin_all/mocks_token_ERC20Reentrant.sol:4:1:
  |
4 | import {ERC20} from ""../../token/ERC20/ERC20.sol"";
  | ^^^^^^^^^^^^^^^^^^^^^^^^^^^^^^^^^^^^^^^^^^^^^^^^^^

Error: Source ""data/utils/Address.sol"" not found: File not found. Searched the following locations: """".
 --> data/safe_contracts/openzeppelin_all/mocks_token_ERC20Reentrant.sol:5:1:
  |
5 | import {Address} from ""../../utils/Address.sol"";
  | ^^^^^^^^^^^^^^^^^^^^^^^^^^^^^^^^^^^^^^^^^^^^^^^^

",0,0,0,0,0.0,False,0,0,0,0,0,0,0.0,False,0,0,0.0,0,0,0,False,0,0,0.0,0,0,0,1.0,False,0,0,0,0
515,mocks_governance_GovernorVotesSuperQuorumFractionMock,0x0000000000000000000008378112670721696683,data/safe_contracts/openzeppelin_all/mocks_governance_GovernorVotesSuperQuorumFractionMock.sol,,openzeppelin,False,False,False,False,False,False,False,False,False,False,False,False,False,False,False,False,False,False,False,False,False,False,False,False,False,0,0,0,0,0,0,0,0,0,0,1,0,0.0,0,0,0.0,0,0,0,0,0,0,0,0,0,0,0,0.0,0.0,0.0,0.0,False,simple,0,IMPORT_ERROR,"File not found: Invalid compilation: 
Invalid solc compilation Error: Source ""data/governance/Governor.sol"" not found: File not found. Searched the following locations: """".
 --> data/safe_contracts/openzeppelin_all/mocks_governance_GovernorVotesSuperQuorumFractionMock.sol:5:1:
  |
5 | import {Governor} from ""../../governance/Governor.sol"";
  | ^^^^^^^^^^^^^^^^^^^^^^^^^^^^^^^^^^^^^^^^^^^^^^^^^^^^^^^

Error: Source ""data/governance/extensions/GovernorSettings.sol"" not found: File not found. Searched the following locations: """".
 --> data/safe_contracts/openzeppelin_all/mocks_governance_GovernorVotesSuperQuorumFractionMock.sol:6:1:
  |
6 | import {GovernorSettings} from ""../../governance/extensions/GovernorSettings.sol"";
  | ^^^^^^^^^^^^^^^^^^^^^^^^^^^^^^^^^^^^^^^^^^^^^^^^^^^^^^^^^^^^^^^^^^^^^^^^^^^^^^^^^^

Error: Source ""data/governance/extensions/GovernorSuperQuorum.sol"" not found: File not found. Searched the following locations: """".
 --> data/safe_contracts/openzeppelin_all/mocks_governance_GovernorVotesSuperQuorumFractionMock.sol:7:1:
  |
7 | import {GovernorSuperQuorum} from ""../../governance/extensions/GovernorSuperQuorum.sol"";
  | ^^^^^^^^^^^^^^^^^^^^^^^^^^^^^^^^^^^^^^^^^^^^^^^^^^^^^^^^^^^^^^^^^^^^^^^^^^^^^^^^^^^^^^^^

Error: Source ""data/governance/extensions/GovernorCountingSimple.sol"" not found: File not found. Searched the following locations: """".
 --> data/safe_contracts/openzeppelin_all/mocks_governance_GovernorVotesSuperQuorumFractionMock.sol:8:1:
  |
8 | import {GovernorCountingSimple} from ""../../governance/extensions/GovernorCountingSimple.sol"";
  | ^^^^^^^^^^^^^^^^^^^^^^^^^^^^^^^^^^^^^^^^^^^^^^^^^^^^^^^^^^^^^^^^^^^^^^^^^^^^^^^^^^^^^^^^^^^^^^

Error: Source ""data/governance/extensions/GovernorVotesSuperQuorumFraction.sol"" not found: File not found. Searched the following locations: """".
 --> data/safe_contracts/openzeppelin_all/mocks_governance_GovernorVotesSuperQuorumFractionMock.sol:9:1:
  |
9 | import {GovernorVotesSuperQuorumFraction} from ""../../g",0,0,0,0,0.0,False,0,0,0,0,0,0,0.0,False,0,0,0.0,0,0,0,False,0,0,0.0,0,0,0,1.0,False,0,0,0,0
516,utils_cryptography_MessageHashUtils,0x9999999999999999999991692560510270186798,data/safe_contracts/openzeppelin_all/utils_cryptography_MessageHashUtils.sol,,openzeppelin,False,False,False,False,False,False,False,False,False,False,False,False,False,False,False,False,False,False,False,False,False,False,False,False,False,0,0,0,0,0,0,0,0,0,0,1,0,0.0,0,0,0.0,0,0,0,0,0,0,0,0,0,0,0,0.0,0.0,0.0,0.0,False,simple,0,IMPORT_ERROR,"File not found: Invalid compilation: 
Invalid solc compilation Error: Source ""data/safe_contracts/Strings.sol"" not found: File not found. Searched the following locations: """".
 --> data/safe_contracts/openzeppelin_all/utils_cryptography_MessageHashUtils.sol:6:1:
  |
6 | import {Strings} from ""../Strings.sol"";
  | ^^^^^^^^^^^^^^^^^^^^^^^^^^^^^^^^^^^^^^^

",0,0,0,0,0.0,False,0,0,0,0,0,0,0.0,False,0,0,0.0,0,0,0,False,0,0,0.0,0,0,0,1.0,False,0,0,0,0
517,mocks_ContextMock,0x0000000000000000000001703758735886654181,data/safe_contracts/openzeppelin_all/mocks_ContextMock.sol,,openzeppelin,False,False,False,False,False,False,False,False,False,False,False,False,False,False,False,False,False,False,False,False,False,False,False,False,False,0,0,0,0,0,0,0,0,0,0,1,0,0.0,0,0,0.0,0,0,0,0,0,0,0,0,0,0,0,0.0,0.0,0.0,0.0,False,simple,0,IMPORT_ERROR,"File not found: Invalid compilation: 
Invalid solc compilation Error: Source ""data/safe_contracts/utils/Context.sol"" not found: File not found. Searched the following locations: """".
 --> data/safe_contracts/openzeppelin_all/mocks_ContextMock.sol:5:1:
  |
5 | import {Context} from ""../utils/Context.sol"";
  | ^^^^^^^^^^^^^^^^^^^^^^^^^^^^^^^^^^^^^^^^^^^^^

",0,0,0,0,0.0,False,0,0,0,0,0,0,0.0,False,0,0,0.0,0,0,0,False,0,0,0.0,0,0,0,1.0,False,0,0,0,0
518,mocks_AccessManagedTarget,0x0000000000000000000002834041828829493764,data/safe_contracts/openzeppelin_all/mocks_AccessManagedTarget.sol,,openzeppelin,False,False,False,False,False,False,False,False,False,False,False,False,False,False,False,False,False,False,False,False,False,False,False,False,False,0,0,0,0,0,0,0,0,0,0,1,0,0.0,0,0,0.0,0,0,0,0,0,0,0,0,0,0,0,0.0,0.0,0.0,0.0,False,simple,0,IMPORT_ERROR,"File not found: Invalid compilation: 
Invalid solc compilation Error: Source ""data/safe_contracts/access/manager/AccessManaged.sol"" not found: File not found. Searched the following locations: """".
 --> data/safe_contracts/openzeppelin_all/mocks_AccessManagedTarget.sol:5:1:
  |
5 | import {AccessManaged} from ""../access/manager/AccessManaged.sol"";
  | ^^^^^^^^^^^^^^^^^^^^^^^^^^^^^^^^^^^^^^^^^^^^^^^^^^^^^^^^^^^^^^^^^^

Error: Source ""data/safe_contracts/utils/StorageSlot.sol"" not found: File not found. Searched the following locations: """".
 --> data/safe_contracts/openzeppelin_all/mocks_AccessManagedTarget.sol:6:1:
  |
6 | import {StorageSlot} from ""../utils/StorageSlot.sol"";
  | ^^^^^^^^^^^^^^^^^^^^^^^^^^^^^^^^^^^^^^^^^^^^^^^^^^^^^

",0,0,0,0,0.0,False,0,0,0,0,0,0,0.0,False,0,0,0.0,0,0,0,False,0,0,0.0,0,0,0,1.0,False,0,0,0,0
519,interfaces_IERC1820Registry,0x9999999999999999999992751907409698578515,data/safe_contracts/openzeppelin_all/interfaces_IERC1820Registry.sol,,openzeppelin,False,False,False,False,False,False,False,False,False,False,False,False,False,False,False,False,False,False,False,False,False,False,True,False,False,0,0,2,8,0,0,0,1,0,101,1,1,1.0,0,88,0.8712871287128713,0,0,0,0,2,0,0,0,0,1,1,0.0,0.0,2.0,4.0,False,simple,0,,,0,0,0,0,0.0,False,0,0,8,0,0,0,0.0,False,8,0,0.0,8,0,0,False,0,15,0.0,8,0,0,1.0,False,0,0,0,0
520,governance_extensions_GovernorCountingSimple,0x0000000000000000000007464691399215969550,data/safe_contracts/openzeppelin_all/governance_extensions_GovernorCountingSimple.sol,,openzeppelin,False,False,False,False,False,False,False,False,False,False,False,False,False,False,False,False,False,False,False,False,False,False,False,False,False,0,0,0,0,0,0,0,0,0,0,1,0,0.0,0,0,0.0,0,0,0,0,0,0,0,0,0,0,0,0.0,0.0,0.0,0.0,False,simple,0,IMPORT_ERROR,"File not found: Invalid compilation: 
Invalid solc compilation Error: Source ""data/safe_contracts/Governor.sol"" not found: File not found. Searched the following locations: """".
 --> data/safe_contracts/openzeppelin_all/governance_extensions_GovernorCountingSimple.sol:6:1:
  |
6 | import {IGovernor, Governor} from ""../Governor.sol"";
  | ^^^^^^^^^^^^^^^^^^^^^^^^^^^^^^^^^^^^^^^^^^^^^^^^^^^^

",0,0,0,0,0.0,False,0,0,0,0,0,0,0.0,False,0,0,0.0,0,0,0,False,0,0,0.0,0,0,0,1.0,False,0,0,0,0
521,utils_TransientSlot,0x0000000000000000000006987980552052422109,data/safe_contracts/openzeppelin_all/utils_TransientSlot.sol,,openzeppelin,False,False,False,False,False,False,False,False,False,False,False,False,False,False,False,False,False,False,False,False,False,False,False,False,False,0,0,0,0,0,0,0,0,0,0,1,0,0.0,0,0,0.0,0,0,0,0,0,0,0,0,0,0,0,0.0,0.0,0.0,0.0,False,simple,0,COMPILATION_ERROR,Compilation error: unresolved reference to identifier tload,0,0,0,0,0.0,False,0,0,0,0,0,0,0.0,False,0,0,0.0,0,0,0,False,0,0,0.0,0,0,0,1.0,False,0,0,0,0
522,token_ERC721_extensions_ERC721Wrapper,0x0000000000000000000006850149711714619542,data/safe_contracts/openzeppelin_all/token_ERC721_extensions_ERC721Wrapper.sol,,openzeppelin,False,False,False,False,False,False,False,False,False,False,False,False,False,False,False,False,False,False,False,False,False,False,False,False,False,0,0,0,0,0,0,0,0,0,0,1,0,0.0,0,0,0.0,0,0,0,0,0,0,0,0,0,0,0,0.0,0.0,0.0,0.0,False,simple,0,IMPORT_ERROR,"File not found: Invalid compilation: 
Invalid solc compilation Error: Source ""data/safe_contracts/ERC721.sol"" not found: File not found. Searched the following locations: """".
 --> data/safe_contracts/openzeppelin_all/token_ERC721_extensions_ERC721Wrapper.sol:6:1:
  |
6 | import {IERC721, ERC721} from ""../ERC721.sol"";
  | ^^^^^^^^^^^^^^^^^^^^^^^^^^^^^^^^^^^^^^^^^^^^^^

Error: Source ""data/safe_contracts/IERC721Receiver.sol"" not found: File not found. Searched the following locations: """".
 --> data/safe_contracts/openzeppelin_all/token_ERC721_extensions_ERC721Wrapper.sol:7:1:
  |
7 | import {IERC721Receiver} from ""../IERC721Receiver.sol"";
  | ^^^^^^^^^^^^^^^^^^^^^^^^^^^^^^^^^^^^^^^^^^^^^^^^^^^^^^^

",0,0,0,0,0.0,False,0,0,0,0,0,0,0.0,False,0,0,0.0,0,0,0,False,0,0,0.0,0,0,0,1.0,False,0,0,0,0
523,interfaces_IERC7751,0x0000000000000000000000222963488780161487,data/safe_contracts/openzeppelin_all/interfaces_IERC7751.sol,,openzeppelin,False,False,False,False,False,False,False,False,False,False,False,False,False,False,False,False,False,False,False,False,False,False,True,False,False,0,0,2,0,0,0,0,0,0,10,1,1,0.0,0,6,0.6,0,0,0,0,2,0,0,0,0,1,1,0.0,0.0,2.0,4.0,False,simple,0,,,0,0,0,0,0.0,False,0,0,0,0,0,0,0.0,False,0,0,0.0,0,0,0,False,0,0,0.0,0,0,0,1.0,False,0,0,0,0
524,mocks_crosschain_ERC7786RecipientMock,0x0000000000000000000006294888692751638296,data/safe_contracts/openzeppelin_all/mocks_crosschain_ERC7786RecipientMock.sol,,openzeppelin,False,False,False,False,False,False,False,False,False,False,False,False,False,False,False,False,False,False,False,False,False,False,False,False,False,0,0,0,0,0,0,0,0,0,0,1,0,0.0,0,0,0.0,0,0,0,0,0,0,0,0,0,0,0,0.0,0.0,0.0,0.0,False,simple,0,IMPORT_ERROR,"File not found: Invalid compilation: 
Invalid solc compilation Error: Source ""data/crosschain/ERC7786Recipient.sol"" not found: File not found. Searched the following locations: """".
 --> data/safe_contracts/openzeppelin_all/mocks_crosschain_ERC7786RecipientMock.sol:5:1:
  |
5 | import {ERC7786Recipient} from ""../../crosschain/ERC7786Recipient.sol"";
  | ^^^^^^^^^^^^^^^^^^^^^^^^^^^^^^^^^^^^^^^^^^^^^^^^^^^^^^^^^^^^^^^^^^^^^^^

",0,0,0,0,0.0,False,0,0,0,0,0,0,0.0,False,0,0,0.0,0,0,0,False,0,0,0.0,0,0,0,1.0,False,0,0,0,0
525,access_manager_AuthorityUtils,0x0000000000000000000007655507795854072099,data/safe_contracts/openzeppelin_all/access_manager_AuthorityUtils.sol,,openzeppelin,False,False,False,False,False,False,False,False,False,False,False,False,False,False,False,False,False,False,False,False,False,False,False,False,False,0,0,0,0,0,0,0,0,0,0,1,0,0.0,0,0,0.0,0,0,0,0,0,0,0,0,0,0,0,0.0,0.0,0.0,0.0,False,simple,0,IMPORT_ERROR,"File not found: Invalid compilation: 
Invalid solc compilation Error: Source ""data/safe_contracts/openzeppelin_all/IAuthority.sol"" not found: File not found. Searched the following locations: """".
 --> data/safe_contracts/openzeppelin_all/access_manager_AuthorityUtils.sol:6:1:
  |
6 | import {IAuthority} from ""./IAuthority.sol"";
  | ^^^^^^^^^^^^^^^^^^^^^^^^^^^^^^^^^^^^^^^^^^^^

",0,0,0,0,0.0,False,0,0,0,0,0,0,0.0,False,0,0,0.0,0,0,0,False,0,0,0.0,0,0,0,1.0,False,0,0,0,0
526,utils_structs_EnumerableSet,0x9999999999999999999993004549162164361290,data/safe_contracts/openzeppelin_all/utils_structs_EnumerableSet.sol,,openzeppelin,False,False,False,False,False,False,False,False,False,False,False,False,False,False,False,False,False,False,False,False,False,False,False,False,False,0,0,0,0,0,0,0,0,0,0,1,0,0.0,0,0,0.0,0,0,0,0,0,0,0,0,0,0,0,0.0,0.0,0.0,0.0,False,simple,0,IMPORT_ERROR,"File not found: Invalid compilation: 
Invalid solc compilation Error: Source ""data/safe_contracts/Arrays.sol"" not found: File not found. Searched the following locations: """".
 --> data/safe_contracts/openzeppelin_all/utils_structs_EnumerableSet.sol:7:1:
  |
7 | import {Arrays} from ""../Arrays.sol"";
  | ^^^^^^^^^^^^^^^^^^^^^^^^^^^^^^^^^^^^^

Error: Source ""data/safe_contracts/math/Math.sol"" not found: File not found. Searched the following locations: """".
 --> data/safe_contracts/openzeppelin_all/utils_structs_EnumerableSet.sol:8:1:
  |
8 | import {Math} from ""../math/Math.sol"";
  | ^^^^^^^^^^^^^^^^^^^^^^^^^^^^^^^^^^^^^^

",0,0,0,0,0.0,False,0,0,0,0,0,0,0.0,False,0,0,0.0,0,0,0,False,0,0,0.0,0,0,0,1.0,False,0,0,0,0
527,mocks_governance_GovernorCountingOverridableMock,0x0000000000000000000007922763279093418225,data/safe_contracts/openzeppelin_all/mocks_governance_GovernorCountingOverridableMock.sol,,openzeppelin,False,False,False,False,False,False,False,False,False,False,False,False,False,False,False,False,False,False,False,False,False,False,False,False,False,0,0,0,0,0,0,0,0,0,0,1,0,0.0,0,0,0.0,0,0,0,0,0,0,0,0,0,0,0,0.0,0.0,0.0,0.0,False,simple,0,IMPORT_ERROR,"File not found: Invalid compilation: 
Invalid solc compilation Error: Source ""data/governance/Governor.sol"" not found: File not found. Searched the following locations: """".
 --> data/safe_contracts/openzeppelin_all/mocks_governance_GovernorCountingOverridableMock.sol:5:1:
  |
5 | import {Governor} from ""../../governance/Governor.sol"";
  | ^^^^^^^^^^^^^^^^^^^^^^^^^^^^^^^^^^^^^^^^^^^^^^^^^^^^^^^

Error: Source ""data/governance/extensions/GovernorSettings.sol"" not found: File not found. Searched the following locations: """".
 --> data/safe_contracts/openzeppelin_all/mocks_governance_GovernorCountingOverridableMock.sol:6:1:
  |
6 | import {GovernorSettings} from ""../../governance/extensions/GovernorSettings.sol"";
  | ^^^^^^^^^^^^^^^^^^^^^^^^^^^^^^^^^^^^^^^^^^^^^^^^^^^^^^^^^^^^^^^^^^^^^^^^^^^^^^^^^^

Error: Source ""data/governance/extensions/GovernorVotesQuorumFraction.sol"" not found: File not found. Searched the following locations: """".
 --> data/safe_contracts/openzeppelin_all/mocks_governance_GovernorCountingOverridableMock.sol:7:1:
  |
7 | import {GovernorVotesQuorumFraction} from ""../../governance/extensions/GovernorVotesQuorumFraction.sol"";
  | ^^^^^^^^^^^^^^^^^^^^^^^^^^^^^^^^^^^^^^^^^^^^^^^^^^^^^^^^^^^^^^^^^^^^^^^^^^^^^^^^^^^^^^^^^^^^^^^^^^^^^^^^

Error: Source ""data/governance/extensions/GovernorCountingOverridable.sol"" not found: File not found. Searched the following locations: """".
 --> data/safe_contracts/openzeppelin_all/mocks_governance_GovernorCountingOverridableMock.sol:8:1:
  |
8 | import {GovernorCountingOverridable} from ""../../governance/extensions/GovernorCountingOverridable.sol"";
  | ^^^^^^^^^^^^^^^^^^^^^^^^^^^^^^^^^^^^^^^^^^^^^^^^^^^^^^^^^^^^^^^^^^^^^^^^^^^^^^^^^^^^^^^^^^^^^^^^^^^^^^^^

",0,0,0,0,0.0,False,0,0,0,0,0,0,0.0,False,0,0,0.0,0,0,0,False,0,0,0.0,0,0,0,1.0,False,0,0,0,0
528,utils_Bytes,0x0000000000000000000001549017888714889428,data/safe_contracts/openzeppelin_all/utils_Bytes.sol,,openzeppelin,False,False,False,False,False,False,False,False,False,False,False,False,False,False,False,False,False,False,False,False,False,False,False,False,False,0,0,0,0,0,0,0,0,0,0,1,0,0.0,0,0,0.0,0,0,0,0,0,0,0,0,0,0,0,0.0,0.0,0.0,0.0,False,simple,0,IMPORT_ERROR,"File not found: Invalid compilation: 
Invalid solc compilation Error: Source ""data/safe_contracts/openzeppelin_all/math/Math.sol"" not found: File not found. Searched the following locations: """".
 --> data/safe_contracts/openzeppelin_all/utils_Bytes.sol:6:1:
  |
6 | import {Math} from ""./math/Math.sol"";
  | ^^^^^^^^^^^^^^^^^^^^^^^^^^^^^^^^^^^^^

",0,0,0,0,0.0,False,0,0,0,0,0,0,0.0,False,0,0,0.0,0,0,0,False,0,0,0.0,0,0,0,1.0,False,0,0,0,0
529,token_ERC721_extensions_ERC721Burnable,0x0000000000000000000000250133335027529475,data/safe_contracts/openzeppelin_all/token_ERC721_extensions_ERC721Burnable.sol,,openzeppelin,False,False,False,False,False,False,False,False,False,False,False,False,False,False,False,False,False,False,False,False,False,False,False,False,False,0,0,0,0,0,0,0,0,0,0,1,0,0.0,0,0,0.0,0,0,0,0,0,0,0,0,0,0,0,0.0,0.0,0.0,0.0,False,simple,0,IMPORT_ERROR,"File not found: Invalid compilation: 
Invalid solc compilation Error: Source ""data/safe_contracts/ERC721.sol"" not found: File not found. Searched the following locations: """".
 --> data/safe_contracts/openzeppelin_all/token_ERC721_extensions_ERC721Burnable.sol:6:1:
  |
6 | import {ERC721} from ""../ERC721.sol"";
  | ^^^^^^^^^^^^^^^^^^^^^^^^^^^^^^^^^^^^^

Error: Source ""utils/Context.sol"" not found: File not found. Searched the following locations: """".
 --> data/safe_contracts/openzeppelin_all/token_ERC721_extensions_ERC721Burnable.sol:7:1:
  |
7 | import {Context} from ""../../../utils/Context.sol"";
  | ^^^^^^^^^^^^^^^^^^^^^^^^^^^^^^^^^^^^^^^^^^^^^^^^^^^

",0,0,0,0,0.0,False,0,0,0,0,0,0,0.0,False,0,0,0.0,0,0,0,False,0,0,0.0,0,0,0,1.0,False,0,0,0,0
530,mocks_Stateless,0x9999999999999999999995688933266711990060,data/safe_contracts/openzeppelin_all/mocks_Stateless.sol,,openzeppelin,False,False,False,False,False,False,False,False,False,False,False,False,False,False,False,False,False,False,False,False,False,False,False,False,False,0,0,0,0,0,0,0,0,0,0,1,0,0.0,0,0,0.0,0,0,0,0,0,0,0,0,0,0,0,0.0,0.0,0.0,0.0,False,simple,0,IMPORT_ERROR,"File not found: Invalid compilation: 
Invalid solc compilation Error: Source ""data/safe_contracts/utils/structs/Accumulators.sol"" not found: File not found. Searched the following locations: """".
 --> data/safe_contracts/openzeppelin_all/mocks_Stateless.sol:7:1:
  |
7 | import {Accumulators} from ""../utils/structs/Accumulators.sol"";
  | ^^^^^^^^^^^^^^^^^^^^^^^^^^^^^^^^^^^^^^^^^^^^^^^^^^^^^^^^^^^^^^^

Error: Source ""data/safe_contracts/utils/Address.sol"" not found: File not found. Searched the following locations: """".
 --> data/safe_contracts/openzeppelin_all/mocks_Stateless.sol:8:1:
  |
8 | import {Address} from ""../utils/Address.sol"";
  | ^^^^^^^^^^^^^^^^^^^^^^^^^^^^^^^^^^^^^^^^^^^^^

Error: Source ""data/safe_contracts/utils/Arrays.sol"" not found: File not found. Searched the following locations: """".
 --> data/safe_contracts/openzeppelin_all/mocks_Stateless.sol:9:1:
  |
9 | import {Arrays} from ""../utils/Arrays.sol"";
  | ^^^^^^^^^^^^^^^^^^^^^^^^^^^^^^^^^^^^^^^^^^^

Error: Source ""data/safe_contracts/access/manager/AuthorityUtils.sol"" not found: File not found. Searched the following locations: """".
  --> data/safe_contracts/openzeppelin_all/mocks_Stateless.sol:10:1:
   |
10 | import {AuthorityUtils} from ""../access/manager/AuthorityUtils.sol"";
   | ^^^^^^^^^^^^^^^^^^^^^^^^^^^^^^^^^^^^^^^^^^^^^^^^^^^^^^^^^^^^^^^^^^^^

Error: Source ""data/safe_contracts/utils/Base58.sol"" not found: File not found. Searched the following locations: """".
  --> data/safe_contracts/openzeppelin_all/mocks_Stateless.sol:11:1:
   |
11 | import {Base58} from ""../utils/Base58.sol"";
   | ^^^^^^^^^^^^^^^^^^^^^^^^^^^^^^^^^^^^^^^^^^^

Error: Source ""data/safe_contracts/utils/Base64.sol"" not found: File not found. Searched the following locations: """".
  --> data/safe_contracts/openzeppelin_all/mocks_Stateless.sol:12:1:
   |
12 | import {Base64} from ""../utils/Base64.sol"";
   | ^^^^^^^^^^^^^^^^^^^^^^^^^^^^^^^^^^^^^^^^^^^

Error: Source ""data/safe_contracts/utils/structs/BitMaps.sol"" not found: File no",0,0,0,0,0.0,False,0,0,0,0,0,0,0.0,False,0,0,0.0,0,0,0,False,0,0,0.0,0,0,0,1.0,False,0,0,0,0
531,interfaces_IERC6909,0x0000000000000000000006254064898126184630,data/safe_contracts/openzeppelin_all/interfaces_IERC6909.sol,,openzeppelin,False,False,False,False,False,False,False,False,False,False,False,False,False,False,False,False,False,False,False,False,False,False,False,False,False,0,0,0,0,0,0,0,0,0,0,1,0,0.0,0,0,0.0,0,0,0,0,0,0,0,0,0,0,0,0.0,0.0,0.0,0.0,False,simple,0,IMPORT_ERROR,"File not found: Invalid compilation: 
Invalid solc compilation Error: Source ""data/safe_contracts/utils/introspection/IERC165.sol"" not found: File not found. Searched the following locations: """".
 --> data/safe_contracts/openzeppelin_all/interfaces_IERC6909.sol:6:1:
  |
6 | import {IERC165} from ""../utils/introspection/IERC165.sol"";
  | ^^^^^^^^^^^^^^^^^^^^^^^^^^^^^^^^^^^^^^^^^^^^^^^^^^^^^^^^^^^

",0,0,0,0,0.0,False,0,0,0,0,0,0,0.0,False,0,0,0.0,0,0,0,False,0,0,0.0,0,0,0,1.0,False,0,0,0,0
532,mocks_governance_GovernorVoteMock,0x0000000000000000000003537948085213307018,data/safe_contracts/openzeppelin_all/mocks_governance_GovernorVoteMock.sol,,openzeppelin,False,False,False,False,False,False,False,False,False,False,False,False,False,False,False,False,False,False,False,False,False,False,False,False,False,0,0,0,0,0,0,0,0,0,0,1,0,0.0,0,0,0.0,0,0,0,0,0,0,0,0,0,0,0,0.0,0.0,0.0,0.0,False,simple,0,IMPORT_ERROR,"File not found: Invalid compilation: 
Invalid solc compilation Error: Source ""data/governance/extensions/GovernorCountingSimple.sol"" not found: File not found. Searched the following locations: """".
 --> data/safe_contracts/openzeppelin_all/mocks_governance_GovernorVoteMock.sol:5:1:
  |
5 | import {GovernorCountingSimple} from ""../../governance/extensions/GovernorCountingSimple.sol"";
  | ^^^^^^^^^^^^^^^^^^^^^^^^^^^^^^^^^^^^^^^^^^^^^^^^^^^^^^^^^^^^^^^^^^^^^^^^^^^^^^^^^^^^^^^^^^^^^^

Error: Source ""data/governance/extensions/GovernorVotes.sol"" not found: File not found. Searched the following locations: """".
 --> data/safe_contracts/openzeppelin_all/mocks_governance_GovernorVoteMock.sol:6:1:
  |
6 | import {GovernorVotes} from ""../../governance/extensions/GovernorVotes.sol"";
  | ^^^^^^^^^^^^^^^^^^^^^^^^^^^^^^^^^^^^^^^^^^^^^^^^^^^^^^^^^^^^^^^^^^^^^^^^^^^^

",0,0,0,0,0.0,False,0,0,0,0,0,0,0.0,False,0,0,0.0,0,0,0,False,0,0,0.0,0,0,0,1.0,False,0,0,0,0
533,mocks_token_ERC20ReturnFalseMock,0x0000000000000000000007823266161221843479,data/safe_contracts/openzeppelin_all/mocks_token_ERC20ReturnFalseMock.sol,,openzeppelin,False,False,False,False,False,False,False,False,False,False,False,False,False,False,False,False,False,False,False,False,False,False,False,False,False,0,0,0,0,0,0,0,0,0,0,1,0,0.0,0,0,0.0,0,0,0,0,0,0,0,0,0,0,0,0.0,0.0,0.0,0.0,False,simple,0,IMPORT_ERROR,"File not found: Invalid compilation: 
Invalid solc compilation Error: Source ""data/token/ERC20/ERC20.sol"" not found: File not found. Searched the following locations: """".
 --> data/safe_contracts/openzeppelin_all/mocks_token_ERC20ReturnFalseMock.sol:5:1:
  |
5 | import {ERC20} from ""../../token/ERC20/ERC20.sol"";
  | ^^^^^^^^^^^^^^^^^^^^^^^^^^^^^^^^^^^^^^^^^^^^^^^^^^

",0,0,0,0,0.0,False,0,0,0,0,0,0,0.0,False,0,0,0.0,0,0,0,False,0,0,0.0,0,0,0,1.0,False,0,0,0,0
534,proxy_transparent_TransparentUpgradeableProxy,0x9999999999999999999991778694105540753175,data/safe_contracts/openzeppelin_all/proxy_transparent_TransparentUpgradeableProxy.sol,,openzeppelin,False,False,False,False,False,False,False,False,False,False,False,False,False,False,False,False,False,False,False,False,False,False,False,False,False,0,0,0,0,0,0,0,0,0,0,1,0,0.0,0,0,0.0,0,0,0,0,0,0,0,0,0,0,0,0.0,0.0,0.0,0.0,False,simple,0,IMPORT_ERROR,"File not found: Invalid compilation: 
Invalid solc compilation Error: Source ""data/safe_contracts/ERC1967/ERC1967Utils.sol"" not found: File not found. Searched the following locations: """".
 --> data/safe_contracts/openzeppelin_all/proxy_transparent_TransparentUpgradeableProxy.sol:6:1:
  |
6 | import {ERC1967Utils} from ""../ERC1967/ERC1967Utils.sol"";
  | ^^^^^^^^^^^^^^^^^^^^^^^^^^^^^^^^^^^^^^^^^^^^^^^^^^^^^^^^^

Error: Source ""data/safe_contracts/ERC1967/ERC1967Proxy.sol"" not found: File not found. Searched the following locations: """".
 --> data/safe_contracts/openzeppelin_all/proxy_transparent_TransparentUpgradeableProxy.sol:7:1:
  |
7 | import {ERC1967Proxy} from ""../ERC1967/ERC1967Proxy.sol"";
  | ^^^^^^^^^^^^^^^^^^^^^^^^^^^^^^^^^^^^^^^^^^^^^^^^^^^^^^^^^

Error: Source ""data/interfaces/IERC1967.sol"" not found: File not found. Searched the following locations: """".
 --> data/safe_contracts/openzeppelin_all/proxy_transparent_TransparentUpgradeableProxy.sol:8:1:
  |
8 | import {IERC1967} from ""../../interfaces/IERC1967.sol"";
  | ^^^^^^^^^^^^^^^^^^^^^^^^^^^^^^^^^^^^^^^^^^^^^^^^^^^^^^^

Error: Source ""data/safe_contracts/openzeppelin_all/ProxyAdmin.sol"" not found: File not found. Searched the following locations: """".
 --> data/safe_contracts/openzeppelin_all/proxy_transparent_TransparentUpgradeableProxy.sol:9:1:
  |
9 | import {ProxyAdmin} from ""./ProxyAdmin.sol"";
  | ^^^^^^^^^^^^^^^^^^^^^^^^^^^^^^^^^^^^^^^^^^^^

",0,0,0,0,0.0,False,0,0,0,0,0,0,0.0,False,0,0,0.0,0,0,0,False,0,0,0.0,0,0,0,1.0,False,0,0,0,0
535,access_extensions_IAccessControlEnumerable,0x9999999999999999999994850205831033411120,data/safe_contracts/openzeppelin_all/access_extensions_IAccessControlEnumerable.sol,,openzeppelin,False,False,False,False,False,False,False,False,False,False,False,False,False,False,False,False,False,False,False,False,False,False,False,False,False,0,0,0,0,0,0,0,0,0,0,1,0,0.0,0,0,0.0,0,0,0,0,0,0,0,0,0,0,0,0.0,0.0,0.0,0.0,False,simple,0,IMPORT_ERROR,"File not found: Invalid compilation: 
Invalid solc compilation Error: Source ""data/safe_contracts/IAccessControl.sol"" not found: File not found. Searched the following locations: """".
 --> data/safe_contracts/openzeppelin_all/access_extensions_IAccessControlEnumerable.sol:6:1:
  |
6 | import {IAccessControl} from ""../IAccessControl.sol"";
  | ^^^^^^^^^^^^^^^^^^^^^^^^^^^^^^^^^^^^^^^^^^^^^^^^^^^^^

",0,0,0,0,0.0,False,0,0,0,0,0,0,0.0,False,0,0,0.0,0,0,0,False,0,0,0.0,0,0,0,1.0,False,0,0,0,0
536,token_ERC721_extensions_ERC721Royalty,0x0000000000000000000000985908251506892557,data/safe_contracts/openzeppelin_all/token_ERC721_extensions_ERC721Royalty.sol,,openzeppelin,False,False,False,False,False,False,False,False,False,False,False,False,False,False,False,False,False,False,False,False,False,False,False,False,False,0,0,0,0,0,0,0,0,0,0,1,0,0.0,0,0,0.0,0,0,0,0,0,0,0,0,0,0,0,0.0,0.0,0.0,0.0,False,simple,0,IMPORT_ERROR,"File not found: Invalid compilation: 
Invalid solc compilation Error: Source ""data/safe_contracts/ERC721.sol"" not found: File not found. Searched the following locations: """".
 --> data/safe_contracts/openzeppelin_all/token_ERC721_extensions_ERC721Royalty.sol:6:1:
  |
6 | import {ERC721} from ""../ERC721.sol"";
  | ^^^^^^^^^^^^^^^^^^^^^^^^^^^^^^^^^^^^^

Error: Source ""utils/introspection/ERC165.sol"" not found: File not found. Searched the following locations: """".
 --> data/safe_contracts/openzeppelin_all/token_ERC721_extensions_ERC721Royalty.sol:7:1:
  |
7 | import {IERC165} from ""../../../utils/introspection/ERC165.sol"";
  | ^^^^^^^^^^^^^^^^^^^^^^^^^^^^^^^^^^^^^^^^^^^^^^^^^^^^^^^^^^^^^^^^

Error: Source ""data/common/ERC2981.sol"" not found: File not found. Searched the following locations: """".
 --> data/safe_contracts/openzeppelin_all/token_ERC721_extensions_ERC721Royalty.sol:8:1:
  |
8 | import {ERC2981} from ""../../common/ERC2981.sol"";
  | ^^^^^^^^^^^^^^^^^^^^^^^^^^^^^^^^^^^^^^^^^^^^^^^^^

",0,0,0,0,0.0,False,0,0,0,0,0,0,0.0,False,0,0,0.0,0,0,0,False,0,0,0.0,0,0,0,1.0,False,0,0,0,0
537,interfaces_IERC721Receiver,0x0000000000000000000005217582180696663502,data/safe_contracts/openzeppelin_all/interfaces_IERC721Receiver.sol,,openzeppelin,False,False,False,False,False,False,False,False,False,False,False,False,False,False,False,False,False,False,False,False,False,False,False,False,False,0,0,0,0,0,0,0,0,0,0,1,0,0.0,0,0,0.0,0,0,0,0,0,0,0,0,0,0,0,0.0,0.0,0.0,0.0,False,simple,0,IMPORT_ERROR,"File not found: Invalid compilation: 
Invalid solc compilation Error: Source ""data/safe_contracts/token/ERC721/IERC721Receiver.sol"" not found: File not found. Searched the following locations: """".
 --> data/safe_contracts/openzeppelin_all/interfaces_IERC721Receiver.sol:6:1:
  |
6 | import {IERC721Receiver} from ""../token/ERC721/IERC721Receiver.sol"";
  | ^^^^^^^^^^^^^^^^^^^^^^^^^^^^^^^^^^^^^^^^^^^^^^^^^^^^^^^^^^^^^^^^^^^^

",0,0,0,0,0.0,False,0,0,0,0,0,0,0.0,False,0,0,0.0,0,0,0,False,0,0,0.0,0,0,0,1.0,False,0,0,0,0
538,mocks_ReentrancyMock,0x0000000000000000000008402063562102381252,data/safe_contracts/openzeppelin_all/mocks_ReentrancyMock.sol,,openzeppelin,False,False,False,False,False,False,False,False,False,False,False,False,False,False,False,False,False,False,False,False,False,False,False,False,False,0,0,0,0,0,0,0,0,0,0,1,0,0.0,0,0,0.0,0,0,0,0,0,0,0,0,0,0,0,0.0,0.0,0.0,0.0,False,simple,0,IMPORT_ERROR,"File not found: Invalid compilation: 
Invalid solc compilation Error: Source ""data/safe_contracts/utils/ReentrancyGuard.sol"" not found: File not found. Searched the following locations: """".
 --> data/safe_contracts/openzeppelin_all/mocks_ReentrancyMock.sol:5:1:
  |
5 | import {ReentrancyGuard} from ""../utils/ReentrancyGuard.sol"";
  | ^^^^^^^^^^^^^^^^^^^^^^^^^^^^^^^^^^^^^^^^^^^^^^^^^^^^^^^^^^^^^

Error: Source ""data/safe_contracts/openzeppelin_all/ReentrancyAttack.sol"" not found: File not found. Searched the following locations: """".
 --> data/safe_contracts/openzeppelin_all/mocks_ReentrancyMock.sol:6:1:
  |
6 | import {ReentrancyAttack} from ""./ReentrancyAttack.sol"";
  | ^^^^^^^^^^^^^^^^^^^^^^^^^^^^^^^^^^^^^^^^^^^^^^^^^^^^^^^^

",0,0,0,0,0.0,False,0,0,0,0,0,0,0.0,False,0,0,0.0,0,0,0,False,0,0,0.0,0,0,0,1.0,False,0,0,0,0
539,access_manager_IAccessManaged,0x0000000000000000000003381502536771063408,data/safe_contracts/openzeppelin_all/access_manager_IAccessManaged.sol,,openzeppelin,False,False,False,False,False,False,False,False,False,False,False,False,False,False,False,False,False,False,False,False,False,False,True,False,False,0,0,2,3,0,0,0,1,0,26,1,1,1.0,0,16,0.6153846153846154,0,0,0,0,2,0,0,0,0,1,1,0.0,0.0,2.0,4.0,False,simple,0,,,0,0,0,0,0.0,False,0,0,3,0,0,0,0.0,False,3,0,0.0,3,0,0,False,0,1,0.0,1,0,0,1.0,False,0,0,0,0
540,mocks_token_ERC20DecimalsMock,0x9999999999999999999996959131707879237493,data/safe_contracts/openzeppelin_all/mocks_token_ERC20DecimalsMock.sol,,openzeppelin,False,False,False,False,False,False,False,False,False,False,False,False,False,False,False,False,False,False,False,False,False,False,False,False,False,0,0,0,0,0,0,0,0,0,0,1,0,0.0,0,0,0.0,0,0,0,0,0,0,0,0,0,0,0,0.0,0.0,0.0,0.0,False,simple,0,IMPORT_ERROR,"File not found: Invalid compilation: 
Invalid solc compilation Error: Source ""data/token/ERC20/ERC20.sol"" not found: File not found. Searched the following locations: """".
 --> data/safe_contracts/openzeppelin_all/mocks_token_ERC20DecimalsMock.sol:5:1:
  |
5 | import {ERC20} from ""../../token/ERC20/ERC20.sol"";
  | ^^^^^^^^^^^^^^^^^^^^^^^^^^^^^^^^^^^^^^^^^^^^^^^^^^

",0,0,0,0,0.0,False,0,0,0,0,0,0,0.0,False,0,0,0.0,0,0,0,False,0,0,0.0,0,0,0,1.0,False,0,0,0,0
541,interfaces_IERC5805,0x0000000000000000000008865167708942249866,data/safe_contracts/openzeppelin_all/interfaces_IERC5805.sol,,openzeppelin,False,False,False,False,False,False,False,False,False,False,False,False,False,False,False,False,False,False,False,False,False,False,False,False,False,0,0,0,0,0,0,0,0,0,0,1,0,0.0,0,0,0.0,0,0,0,0,0,0,0,0,0,0,0,0.0,0.0,0.0,0.0,False,simple,0,IMPORT_ERROR,"File not found: Invalid compilation: 
Invalid solc compilation Error: Source ""data/safe_contracts/governance/utils/IVotes.sol"" not found: File not found. Searched the following locations: """".
 --> data/safe_contracts/openzeppelin_all/interfaces_IERC5805.sol:6:1:
  |
6 | import {IVotes} from ""../governance/utils/IVotes.sol"";
  | ^^^^^^^^^^^^^^^^^^^^^^^^^^^^^^^^^^^^^^^^^^^^^^^^^^^^^^

Error: Source ""data/safe_contracts/openzeppelin_all/IERC6372.sol"" not found: File not found. Searched the following locations: """".
 --> data/safe_contracts/openzeppelin_all/interfaces_IERC5805.sol:7:1:
  |
7 | import {IERC6372} from ""./IERC6372.sol"";
  | ^^^^^^^^^^^^^^^^^^^^^^^^^^^^^^^^^^^^^^^^

",0,0,0,0,0.0,False,0,0,0,0,0,0,0.0,False,0,0,0.0,0,0,0,False,0,0,0.0,0,0,0,1.0,False,0,0,0,0
542,mocks_ConstructorMock,0x0000000000000000000003294309697418996915,data/safe_contracts/openzeppelin_all/mocks_ConstructorMock.sol,,openzeppelin,False,False,False,False,False,False,False,False,False,False,False,False,False,False,False,False,False,False,False,False,False,False,True,False,False,0,0,3,1,0,1,0,9,0,28,1,1,9.0,0,3,0.10714285714285714,0,0,0,0,4,0,0,0,1,3,1,0.0,0.0,3.0,4.0,False,simple,0,,,15,18,0,7,1.2,False,0,9,1,3,1,0,0.0,False,1,0,3.0,3,1,1,False,0,1,0.0,1,0,0,1.0,False,0,0,0,0
543,utils_draft-InteroperableAddress,0x9999999999999999999991661139691677199170,data/safe_contracts/openzeppelin_all/utils_draft-InteroperableAddress.sol,,openzeppelin,False,False,False,False,False,False,False,False,False,False,False,False,False,False,False,False,False,False,False,False,False,False,False,False,False,0,0,0,0,0,0,0,0,0,0,1,0,0.0,0,0,0.0,0,0,0,0,0,0,0,0,0,0,0,0.0,0.0,0.0,0.0,False,simple,0,IMPORT_ERROR,"File not found: Invalid compilation: 
Invalid solc compilation Error: Source ""data/safe_contracts/openzeppelin_all/math/Math.sol"" not found: File not found. Searched the following locations: """".
 --> data/safe_contracts/openzeppelin_all/utils_draft-InteroperableAddress.sol:6:1:
  |
6 | import {Math} from ""./math/Math.sol"";
  | ^^^^^^^^^^^^^^^^^^^^^^^^^^^^^^^^^^^^^

Error: Source ""data/safe_contracts/openzeppelin_all/math/SafeCast.sol"" not found: File not found. Searched the following locations: """".
 --> data/safe_contracts/openzeppelin_all/utils_draft-InteroperableAddress.sol:7:1:
  |
7 | import {SafeCast} from ""./math/SafeCast.sol"";
  | ^^^^^^^^^^^^^^^^^^^^^^^^^^^^^^^^^^^^^^^^^^^^^

Error: Source ""data/safe_contracts/openzeppelin_all/Bytes.sol"" not found: File not found. Searched the following locations: """".
 --> data/safe_contracts/openzeppelin_all/utils_draft-InteroperableAddress.sol:8:1:
  |
8 | import {Bytes} from ""./Bytes.sol"";
  | ^^^^^^^^^^^^^^^^^^^^^^^^^^^^^^^^^^

Error: Source ""data/safe_contracts/openzeppelin_all/Calldata.sol"" not found: File not found. Searched the following locations: """".
 --> data/safe_contracts/openzeppelin_all/utils_draft-InteroperableAddress.sol:9:1:
  |
9 | import {Calldata} from ""./Calldata.sol"";
  | ^^^^^^^^^^^^^^^^^^^^^^^^^^^^^^^^^^^^^^^^

",0,0,0,0,0.0,False,0,0,0,0,0,0,0.0,False,0,0,0.0,0,0,0,False,0,0,0.0,0,0,0,1.0,False,0,0,0,0
544,proxy_beacon_BeaconProxy,0x0000000000000000000005078530089594643505,data/safe_contracts/openzeppelin_all/proxy_beacon_BeaconProxy.sol,,openzeppelin,False,False,False,False,False,False,False,False,False,False,False,False,False,False,False,False,False,False,False,False,False,False,False,False,False,0,0,0,0,0,0,0,0,0,0,1,0,0.0,0,0,0.0,0,0,0,0,0,0,0,0,0,0,0,0.0,0.0,0.0,0.0,False,simple,0,IMPORT_ERROR,"File not found: Invalid compilation: 
Invalid solc compilation Error: Source ""data/safe_contracts/openzeppelin_all/IBeacon.sol"" not found: File not found. Searched the following locations: """".
 --> data/safe_contracts/openzeppelin_all/proxy_beacon_BeaconProxy.sol:6:1:
  |
6 | import {IBeacon} from ""./IBeacon.sol"";
  | ^^^^^^^^^^^^^^^^^^^^^^^^^^^^^^^^^^^^^^

Error: Source ""data/safe_contracts/Proxy.sol"" not found: File not found. Searched the following locations: """".
 --> data/safe_contracts/openzeppelin_all/proxy_beacon_BeaconProxy.sol:7:1:
  |
7 | import {Proxy} from ""../Proxy.sol"";
  | ^^^^^^^^^^^^^^^^^^^^^^^^^^^^^^^^^^^

Error: Source ""data/safe_contracts/ERC1967/ERC1967Utils.sol"" not found: File not found. Searched the following locations: """".
 --> data/safe_contracts/openzeppelin_all/proxy_beacon_BeaconProxy.sol:8:1:
  |
8 | import {ERC1967Utils} from ""../ERC1967/ERC1967Utils.sol"";
  | ^^^^^^^^^^^^^^^^^^^^^^^^^^^^^^^^^^^^^^^^^^^^^^^^^^^^^^^^^

",0,0,0,0,0.0,False,0,0,0,0,0,0,0.0,False,0,0,0.0,0,0,0,False,0,0,0.0,0,0,0,1.0,False,0,0,0,0
545,token_ERC20_extensions_ERC20Pausable,0x9999999999999999999995017059440532726204,data/safe_contracts/openzeppelin_all/token_ERC20_extensions_ERC20Pausable.sol,,openzeppelin,False,False,False,False,False,False,False,False,False,False,False,False,False,False,False,False,False,False,False,False,False,False,False,False,False,0,0,0,0,0,0,0,0,0,0,1,0,0.0,0,0,0.0,0,0,0,0,0,0,0,0,0,0,0,0.0,0.0,0.0,0.0,False,simple,0,IMPORT_ERROR,"File not found: Invalid compilation: 
Invalid solc compilation Error: Source ""data/safe_contracts/ERC20.sol"" not found: File not found. Searched the following locations: """".
 --> data/safe_contracts/openzeppelin_all/token_ERC20_extensions_ERC20Pausable.sol:6:1:
  |
6 | import {ERC20} from ""../ERC20.sol"";
  | ^^^^^^^^^^^^^^^^^^^^^^^^^^^^^^^^^^^

Error: Source ""utils/Pausable.sol"" not found: File not found. Searched the following locations: """".
 --> data/safe_contracts/openzeppelin_all/token_ERC20_extensions_ERC20Pausable.sol:7:1:
  |
7 | import {Pausable} from ""../../../utils/Pausable.sol"";
  | ^^^^^^^^^^^^^^^^^^^^^^^^^^^^^^^^^^^^^^^^^^^^^^^^^^^^^

",0,0,0,0,0.0,False,0,0,0,0,0,0,0.0,False,0,0,0.0,0,0,0,False,0,0,0.0,0,0,0,1.0,False,0,0,0,0
546,token_common_ERC2981,0x9999999999999999999998312541173293217484,data/safe_contracts/openzeppelin_all/token_common_ERC2981.sol,,openzeppelin,False,False,False,False,False,False,False,False,False,False,False,False,False,False,False,False,False,False,False,False,False,False,False,False,False,0,0,0,0,0,0,0,0,0,0,1,0,0.0,0,0,0.0,0,0,0,0,0,0,0,0,0,0,0,0.0,0.0,0.0,0.0,False,simple,0,IMPORT_ERROR,"File not found: Invalid compilation: 
Invalid solc compilation Error: Source ""data/interfaces/IERC2981.sol"" not found: File not found. Searched the following locations: """".
 --> data/safe_contracts/openzeppelin_all/token_common_ERC2981.sol:6:1:
  |
6 | import {IERC2981} from ""../../interfaces/IERC2981.sol"";
  | ^^^^^^^^^^^^^^^^^^^^^^^^^^^^^^^^^^^^^^^^^^^^^^^^^^^^^^^

Error: Source ""data/utils/introspection/ERC165.sol"" not found: File not found. Searched the following locations: """".
 --> data/safe_contracts/openzeppelin_all/token_common_ERC2981.sol:7:1:
  |
7 | import {IERC165, ERC165} from ""../../utils/introspection/ERC165.sol"";
  | ^^^^^^^^^^^^^^^^^^^^^^^^^^^^^^^^^^^^^^^^^^^^^^^^^^^^^^^^^^^^^^^^^^^^^

",0,0,0,0,0.0,False,0,0,0,0,0,0,0.0,False,0,0,0.0,0,0,0,False,0,0,0.0,0,0,0,1.0,False,0,0,0,0
547,governance_extensions_GovernorVotesQuorumFraction,0x9999999999999999999999552484205923536684,data/safe_contracts/openzeppelin_all/governance_extensions_GovernorVotesQuorumFraction.sol,,openzeppelin,False,False,False,False,False,False,False,False,False,False,False,False,False,False,False,False,False,False,False,False,False,False,False,False,False,0,0,0,0,0,0,0,0,0,0,1,0,0.0,0,0,0.0,0,0,0,0,0,0,0,0,0,0,0,0.0,0.0,0.0,0.0,False,simple,0,IMPORT_ERROR,"File not found: Invalid compilation: 
Invalid solc compilation Error: Source ""data/safe_contracts/openzeppelin_all/GovernorVotes.sol"" not found: File not found. Searched the following locations: """".
 --> data/safe_contracts/openzeppelin_all/governance_extensions_GovernorVotesQuorumFraction.sol:6:1:
  |
6 | import {GovernorVotes} from ""./GovernorVotes.sol"";
  | ^^^^^^^^^^^^^^^^^^^^^^^^^^^^^^^^^^^^^^^^^^^^^^^^^^

Error: Source ""data/utils/math/Math.sol"" not found: File not found. Searched the following locations: """".
 --> data/safe_contracts/openzeppelin_all/governance_extensions_GovernorVotesQuorumFraction.sol:7:1:
  |
7 | import {Math} from ""../../utils/math/Math.sol"";
  | ^^^^^^^^^^^^^^^^^^^^^^^^^^^^^^^^^^^^^^^^^^^^^^^

Error: Source ""data/utils/math/SafeCast.sol"" not found: File not found. Searched the following locations: """".
 --> data/safe_contracts/openzeppelin_all/governance_extensions_GovernorVotesQuorumFraction.sol:8:1:
  |
8 | import {SafeCast} from ""../../utils/math/SafeCast.sol"";
  | ^^^^^^^^^^^^^^^^^^^^^^^^^^^^^^^^^^^^^^^^^^^^^^^^^^^^^^^

Error: Source ""data/utils/structs/Checkpoints.sol"" not found: File not found. Searched the following locations: """".
 --> data/safe_contracts/openzeppelin_all/governance_extensions_GovernorVotesQuorumFraction.sol:9:1:
  |
9 | import {Checkpoints} from ""../../utils/structs/Checkpoints.sol"";
  | ^^^^^^^^^^^^^^^^^^^^^^^^^^^^^^^^^^^^^^^^^^^^^^^^^^^^^^^^^^^^^^^^

",0,0,0,0,0.0,False,0,0,0,0,0,0,0.0,False,0,0,0.0,0,0,0,False,0,0,0.0,0,0,0,1.0,False,0,0,0,0
548,access_AccessControl,0x0000000000000000000005680748847785422439,data/safe_contracts/openzeppelin_all/access_AccessControl.sol,,openzeppelin,False,False,False,False,False,False,False,False,False,False,False,False,False,False,False,False,False,False,False,False,False,False,False,False,False,0,0,0,0,0,0,0,0,0,0,1,0,0.0,0,0,0.0,0,0,0,0,0,0,0,0,0,0,0,0.0,0.0,0.0,0.0,False,simple,0,IMPORT_ERROR,"File not found: Invalid compilation: 
Invalid solc compilation Error: Source ""data/safe_contracts/openzeppelin_all/IAccessControl.sol"" not found: File not found. Searched the following locations: """".
 --> data/safe_contracts/openzeppelin_all/access_AccessControl.sol:6:1:
  |
6 | import {IAccessControl} from ""./IAccessControl.sol"";
  | ^^^^^^^^^^^^^^^^^^^^^^^^^^^^^^^^^^^^^^^^^^^^^^^^^^^^

Error: Source ""data/safe_contracts/utils/Context.sol"" not found: File not found. Searched the following locations: """".
 --> data/safe_contracts/openzeppelin_all/access_AccessControl.sol:7:1:
  |
7 | import {Context} from ""../utils/Context.sol"";
  | ^^^^^^^^^^^^^^^^^^^^^^^^^^^^^^^^^^^^^^^^^^^^^

Error: Source ""data/safe_contracts/utils/introspection/ERC165.sol"" not found: File not found. Searched the following locations: """".
 --> data/safe_contracts/openzeppelin_all/access_AccessControl.sol:8:1:
  |
8 | import {IERC165, ERC165} from ""../utils/introspection/ERC165.sol"";
  | ^^^^^^^^^^^^^^^^^^^^^^^^^^^^^^^^^^^^^^^^^^^^^^^^^^^^^^^^^^^^^^^^^^

",0,0,0,0,0.0,False,0,0,0,0,0,0,0.0,False,0,0,0.0,0,0,0,False,0,0,0.0,0,0,0,1.0,False,0,0,0,0
549,interfaces_IERC2981,0x0000000000000000000006941629264333728817,data/safe_contracts/openzeppelin_all/interfaces_IERC2981.sol,,openzeppelin,False,False,False,False,False,False,False,False,False,False,False,False,False,False,False,False,False,False,False,False,False,False,False,False,False,0,0,0,0,0,0,0,0,0,0,1,0,0.0,0,0,0.0,0,0,0,0,0,0,0,0,0,0,0,0.0,0.0,0.0,0.0,False,simple,0,IMPORT_ERROR,"File not found: Invalid compilation: 
Invalid solc compilation Error: Source ""data/safe_contracts/utils/introspection/IERC165.sol"" not found: File not found. Searched the following locations: """".
 --> data/safe_contracts/openzeppelin_all/interfaces_IERC2981.sol:6:1:
  |
6 | import {IERC165} from ""../utils/introspection/IERC165.sol"";
  | ^^^^^^^^^^^^^^^^^^^^^^^^^^^^^^^^^^^^^^^^^^^^^^^^^^^^^^^^^^^

",0,0,0,0,0.0,False,0,0,0,0,0,0,0.0,False,0,0,0.0,0,0,0,False,0,0,0.0,0,0,0,1.0,False,0,0,0,0
550,mocks_proxy_ClashingImplementation,0x9999999999999999999996276953441535043117,data/safe_contracts/openzeppelin_all/mocks_proxy_ClashingImplementation.sol,,openzeppelin,False,False,False,False,False,False,False,False,False,False,False,False,False,False,False,True,False,False,False,False,False,False,True,False,False,0,1,2,2,0,0,0,1,0,15,1,1,1.0,0,5,0.3333333333333333,1,0,0,0,3,0,0,1,0,2,2,0.0,0.0,7.0,10.5,False,simple,0,,,4,2,0,1,0.5,False,1,2,2,0,0,0,0.0,False,2,0,0.0,2,0,0,False,0,2,0.0,1,0,0,1.0,False,0,0,0,0
551,mocks_account_utils_ERC7579UtilsMock,0x0000000000000000000008627050042671173682,data/safe_contracts/openzeppelin_all/mocks_account_utils_ERC7579UtilsMock.sol,,openzeppelin,False,False,False,False,False,False,False,False,False,False,False,False,False,False,False,False,False,False,False,False,False,False,False,False,False,0,0,0,0,0,0,0,0,0,0,1,0,0.0,0,0,0.0,0,0,0,0,0,0,0,0,0,0,0,0.0,0.0,0.0,0.0,False,simple,0,IMPORT_ERROR,"File not found: Invalid compilation: 
Invalid solc compilation Error: Source ""account/utils/draft-ERC7579Utils.sol"" not found: File not found. Searched the following locations: """".
 --> data/safe_contracts/openzeppelin_all/mocks_account_utils_ERC7579UtilsMock.sol:5:1:
  |
5 | import {CallType, ExecType, ModeSelector, ModePayload} from ""../../../account/utils/draft-ERC7579Utils.sol"";
  | ^^^^^^^^^^^^^^^^^^^^^^^^^^^^^^^^^^^^^^^^^^^^^^^^^^^^^^^^^^^^^^^^^^^^^^^^^^^^^^^^^^^^^^^^^^^^^^^^^^^^^^^^^^^^

",0,0,0,0,0.0,False,0,0,0,0,0,0,0.0,False,0,0,0.0,0,0,0,False,0,0,0.0,0,0,0,1.0,False,0,0,0,0
552,token_ERC20_extensions_ERC1363,0x9999999999999999999995812875930500241848,data/safe_contracts/openzeppelin_all/token_ERC20_extensions_ERC1363.sol,,openzeppelin,False,False,False,False,False,False,False,False,False,False,False,False,False,False,False,False,False,False,False,False,False,False,False,False,False,0,0,0,0,0,0,0,0,0,0,1,0,0.0,0,0,0.0,0,0,0,0,0,0,0,0,0,0,0,0.0,0.0,0.0,0.0,False,simple,0,IMPORT_ERROR,"File not found: Invalid compilation: 
Invalid solc compilation Error: Source ""data/safe_contracts/ERC20.sol"" not found: File not found. Searched the following locations: """".
 --> data/safe_contracts/openzeppelin_all/token_ERC20_extensions_ERC1363.sol:6:1:
  |
6 | import {ERC20} from ""../ERC20.sol"";
  | ^^^^^^^^^^^^^^^^^^^^^^^^^^^^^^^^^^^

Error: Source ""utils/introspection/ERC165.sol"" not found: File not found. Searched the following locations: """".
 --> data/safe_contracts/openzeppelin_all/token_ERC20_extensions_ERC1363.sol:7:1:
  |
7 | import {IERC165, ERC165} from ""../../../utils/introspection/ERC165.sol"";
  | ^^^^^^^^^^^^^^^^^^^^^^^^^^^^^^^^^^^^^^^^^^^^^^^^^^^^^^^^^^^^^^^^^^^^^^^^

Error: Source ""interfaces/IERC1363.sol"" not found: File not found. Searched the following locations: """".
 --> data/safe_contracts/openzeppelin_all/token_ERC20_extensions_ERC1363.sol:8:1:
  |
8 | import {IERC1363} from ""../../../interfaces/IERC1363.sol"";
  | ^^^^^^^^^^^^^^^^^^^^^^^^^^^^^^^^^^^^^^^^^^^^^^^^^^^^^^^^^^

Error: Source ""data/safe_contracts/utils/ERC1363Utils.sol"" not found: File not found. Searched the following locations: """".
 --> data/safe_contracts/openzeppelin_all/token_ERC20_extensions_ERC1363.sol:9:1:
  |
9 | import {ERC1363Utils} from ""../utils/ERC1363Utils.sol"";
  | ^^^^^^^^^^^^^^^^^^^^^^^^^^^^^^^^^^^^^^^^^^^^^^^^^^^^^^^

",0,0,0,0,0.0,False,0,0,0,0,0,0,0.0,False,0,0,0.0,0,0,0,False,0,0,0.0,0,0,0,1.0,False,0,0,0,0
553,access_extensions_AccessControlEnumerable,0x0000000000000000000006512550960087376054,data/safe_contracts/openzeppelin_all/access_extensions_AccessControlEnumerable.sol,,openzeppelin,False,False,False,False,False,False,False,False,False,False,False,False,False,False,False,False,False,False,False,False,False,False,False,False,False,0,0,0,0,0,0,0,0,0,0,1,0,0.0,0,0,0.0,0,0,0,0,0,0,0,0,0,0,0,0.0,0.0,0.0,0.0,False,simple,0,IMPORT_ERROR,"File not found: Invalid compilation: 
Invalid solc compilation Error: Source ""data/safe_contracts/openzeppelin_all/IAccessControlEnumerable.sol"" not found: File not found. Searched the following locations: """".
 --> data/safe_contracts/openzeppelin_all/access_extensions_AccessControlEnumerable.sol:6:1:
  |
6 | import {IAccessControlEnumerable} from ""./IAccessControlEnumerable.sol"";
  | ^^^^^^^^^^^^^^^^^^^^^^^^^^^^^^^^^^^^^^^^^^^^^^^^^^^^^^^^^^^^^^^^^^^^^^^^

Error: Source ""data/safe_contracts/AccessControl.sol"" not found: File not found. Searched the following locations: """".
 --> data/safe_contracts/openzeppelin_all/access_extensions_AccessControlEnumerable.sol:7:1:
  |
7 | import {AccessControl} from ""../AccessControl.sol"";
  | ^^^^^^^^^^^^^^^^^^^^^^^^^^^^^^^^^^^^^^^^^^^^^^^^^^^

Error: Source ""data/utils/structs/EnumerableSet.sol"" not found: File not found. Searched the following locations: """".
 --> data/safe_contracts/openzeppelin_all/access_extensions_AccessControlEnumerable.sol:8:1:
  |
8 | import {EnumerableSet} from ""../../utils/structs/EnumerableSet.sol"";
  | ^^^^^^^^^^^^^^^^^^^^^^^^^^^^^^^^^^^^^^^^^^^^^^^^^^^^^^^^^^^^^^^^^^^^

Error: Source ""data/utils/introspection/ERC165.sol"" not found: File not found. Searched the following locations: """".
 --> data/safe_contracts/openzeppelin_all/access_extensions_AccessControlEnumerable.sol:9:1:
  |
9 | import {IERC165} from ""../../utils/introspection/ERC165.sol"";
  | ^^^^^^^^^^^^^^^^^^^^^^^^^^^^^^^^^^^^^^^^^^^^^^^^^^^^^^^^^^^^^

",0,0,0,0,0.0,False,0,0,0,0,0,0,0.0,False,0,0,0.0,0,0,0,False,0,0,0.0,0,0,0,1.0,False,0,0,0,0
554,token_ERC6909_extensions_ERC6909Metadata,0x9999999999999999999994988445091452002143,data/safe_contracts/openzeppelin_all/token_ERC6909_extensions_ERC6909Metadata.sol,,openzeppelin,False,False,False,False,False,False,False,False,False,False,False,False,False,False,False,False,False,False,False,False,False,False,False,False,False,0,0,0,0,0,0,0,0,0,0,1,0,0.0,0,0,0.0,0,0,0,0,0,0,0,0,0,0,0,0.0,0.0,0.0,0.0,False,simple,0,IMPORT_ERROR,"File not found: Invalid compilation: 
Invalid solc compilation Error: Source ""data/safe_contracts/ERC6909.sol"" not found: File not found. Searched the following locations: """".
 --> data/safe_contracts/openzeppelin_all/token_ERC6909_extensions_ERC6909Metadata.sol:6:1:
  |
6 | import {ERC6909} from ""../ERC6909.sol"";
  | ^^^^^^^^^^^^^^^^^^^^^^^^^^^^^^^^^^^^^^^

Error: Source ""interfaces/IERC6909.sol"" not found: File not found. Searched the following locations: """".
 --> data/safe_contracts/openzeppelin_all/token_ERC6909_extensions_ERC6909Metadata.sol:7:1:
  |
7 | import {IERC6909Metadata} from ""../../../interfaces/IERC6909.sol"";
  | ^^^^^^^^^^^^^^^^^^^^^^^^^^^^^^^^^^^^^^^^^^^^^^^^^^^^^^^^^^^^^^^^^^

",0,0,0,0,0.0,False,0,0,0,0,0,0,0.0,False,0,0,0.0,0,0,0,False,0,0,0.0,0,0,0,1.0,False,0,0,0,0
555,access_manager_AccessManager,0x9999999999999999999994876752214231392254,data/safe_contracts/openzeppelin_all/access_manager_AccessManager.sol,,openzeppelin,False,False,False,False,False,False,False,False,False,False,False,False,False,False,False,False,False,False,False,False,False,False,False,False,False,0,0,0,0,0,0,0,0,0,0,1,0,0.0,0,0,0.0,0,0,0,0,0,0,0,0,0,0,0,0.0,0.0,0.0,0.0,False,simple,0,IMPORT_ERROR,"File not found: Invalid compilation: 
Invalid solc compilation Error: Source ""data/safe_contracts/openzeppelin_all/IAccessManager.sol"" not found: File not found. Searched the following locations: """".
 --> data/safe_contracts/openzeppelin_all/access_manager_AccessManager.sol:6:1:
  |
6 | import {IAccessManager} from ""./IAccessManager.sol"";
  | ^^^^^^^^^^^^^^^^^^^^^^^^^^^^^^^^^^^^^^^^^^^^^^^^^^^^

Error: Source ""data/safe_contracts/openzeppelin_all/IAccessManaged.sol"" not found: File not found. Searched the following locations: """".
 --> data/safe_contracts/openzeppelin_all/access_manager_AccessManager.sol:7:1:
  |
7 | import {IAccessManaged} from ""./IAccessManaged.sol"";
  | ^^^^^^^^^^^^^^^^^^^^^^^^^^^^^^^^^^^^^^^^^^^^^^^^^^^^

Error: Source ""data/utils/Address.sol"" not found: File not found. Searched the following locations: """".
 --> data/safe_contracts/openzeppelin_all/access_manager_AccessManager.sol:8:1:
  |
8 | import {Address} from ""../../utils/Address.sol"";
  | ^^^^^^^^^^^^^^^^^^^^^^^^^^^^^^^^^^^^^^^^^^^^^^^^

Error: Source ""data/utils/Context.sol"" not found: File not found. Searched the following locations: """".
 --> data/safe_contracts/openzeppelin_all/access_manager_AccessManager.sol:9:1:
  |
9 | import {Context} from ""../../utils/Context.sol"";
  | ^^^^^^^^^^^^^^^^^^^^^^^^^^^^^^^^^^^^^^^^^^^^^^^^

Error: Source ""data/utils/Multicall.sol"" not found: File not found. Searched the following locations: """".
  --> data/safe_contracts/openzeppelin_all/access_manager_AccessManager.sol:10:1:
   |
10 | import {Multicall} from ""../../utils/Multicall.sol"";
   | ^^^^^^^^^^^^^^^^^^^^^^^^^^^^^^^^^^^^^^^^^^^^^^^^^^^^

Error: Source ""data/utils/math/Math.sol"" not found: File not found. Searched the following locations: """".
  --> data/safe_contracts/openzeppelin_all/access_manager_AccessManager.sol:11:1:
   |
11 | import {Math} from ""../../utils/math/Math.sol"";
   | ^^^^^^^^^^^^^^^^^^^^^^^^^^^^^^^^^^^^^^^^^^^^^^^

Error: Source ""data/utils/types/Time.sol"" not found: File not fou",0,0,0,0,0.0,False,0,0,0,0,0,0,0.0,False,0,0,0.0,0,0,0,False,0,0,0.0,0,0,0,1.0,False,0,0,0,0
556,mocks_token_ERC1363ForceApproveMock,0x9999999999999999999996967290608196457562,data/safe_contracts/openzeppelin_all/mocks_token_ERC1363ForceApproveMock.sol,,openzeppelin,False,False,False,False,False,False,False,False,False,False,False,False,False,False,False,False,False,False,False,False,False,False,False,False,False,0,0,0,0,0,0,0,0,0,0,1,0,0.0,0,0,0.0,0,0,0,0,0,0,0,0,0,0,0,0.0,0.0,0.0,0.0,False,simple,0,IMPORT_ERROR,"File not found: Invalid compilation: 
Invalid solc compilation Error: Source ""data/token/ERC20/extensions/ERC1363.sol"" not found: File not found. Searched the following locations: """".
 --> data/safe_contracts/openzeppelin_all/mocks_token_ERC1363ForceApproveMock.sol:5:1:
  |
5 | import {ERC1363} from ""../../token/ERC20/extensions/ERC1363.sol"";
  | ^^^^^^^^^^^^^^^^^^^^^^^^^^^^^^^^^^^^^^^^^^^^^^^^^^^^^^^^^^^^^^^^^

",0,0,0,0,0.0,False,0,0,0,0,0,0,0.0,False,0,0,0.0,0,0,0,False,0,0,0.0,0,0,0,1.0,False,0,0,0,0
557,mocks_ERC3156FlashBorrowerMock,0x9999999999999999999993984982758530838751,data/safe_contracts/openzeppelin_all/mocks_ERC3156FlashBorrowerMock.sol,,openzeppelin,False,False,False,False,False,False,False,False,False,False,False,False,False,False,False,False,False,False,False,False,False,False,False,False,False,0,0,0,0,0,0,0,0,0,0,1,0,0.0,0,0,0.0,0,0,0,0,0,0,0,0,0,0,0,0.0,0.0,0.0,0.0,False,simple,0,IMPORT_ERROR,"File not found: Invalid compilation: 
Invalid solc compilation Error: Source ""data/safe_contracts/token/ERC20/IERC20.sol"" not found: File not found. Searched the following locations: """".
 --> data/safe_contracts/openzeppelin_all/mocks_ERC3156FlashBorrowerMock.sol:5:1:
  |
5 | import {IERC20} from ""../token/ERC20/IERC20.sol"";
  | ^^^^^^^^^^^^^^^^^^^^^^^^^^^^^^^^^^^^^^^^^^^^^^^^^

Error: Source ""data/safe_contracts/interfaces/IERC3156.sol"" not found: File not found. Searched the following locations: """".
 --> data/safe_contracts/openzeppelin_all/mocks_ERC3156FlashBorrowerMock.sol:6:1:
  |
6 | import {IERC3156FlashBorrower} from ""../interfaces/IERC3156.sol"";
  | ^^^^^^^^^^^^^^^^^^^^^^^^^^^^^^^^^^^^^^^^^^^^^^^^^^^^^^^^^^^^^^^^^

Error: Source ""data/safe_contracts/utils/Address.sol"" not found: File not found. Searched the following locations: """".
 --> data/safe_contracts/openzeppelin_all/mocks_ERC3156FlashBorrowerMock.sol:7:1:
  |
7 | import {Address} from ""../utils/Address.sol"";
  | ^^^^^^^^^^^^^^^^^^^^^^^^^^^^^^^^^^^^^^^^^^^^^

",0,0,0,0,0.0,False,0,0,0,0,0,0,0.0,False,0,0,0.0,0,0,0,False,0,0,0.0,0,0,0,1.0,False,0,0,0,0
558,interfaces_IERC777Sender,0x9999999999999999999992067791801931190200,data/safe_contracts/openzeppelin_all/interfaces_IERC777Sender.sol,,openzeppelin,False,False,False,False,False,False,False,False,False,False,False,False,False,False,False,False,False,False,False,False,False,False,True,False,False,0,0,2,1,0,0,0,1,0,33,1,1,1.0,0,22,0.6666666666666666,0,0,0,0,2,0,0,0,0,1,1,0.0,0.0,2.0,4.0,False,simple,0,,,0,0,0,0,0.0,False,0,0,1,0,0,0,0.0,False,1,0,0.0,1,0,0,False,0,6,0.0,1,0,0,1.0,False,0,0,0,0
559,mocks_governance_GovernorStorageMock,0x9999999999999999999993942068340308826081,data/safe_contracts/openzeppelin_all/mocks_governance_GovernorStorageMock.sol,,openzeppelin,False,False,False,False,False,False,False,False,False,False,False,False,False,False,False,False,False,False,False,False,False,False,False,False,False,0,0,0,0,0,0,0,0,0,0,1,0,0.0,0,0,0.0,0,0,0,0,0,0,0,0,0,0,0,0.0,0.0,0.0,0.0,False,simple,0,IMPORT_ERROR,"File not found: Invalid compilation: 
Invalid solc compilation Error: Source ""data/governance/Governor.sol"" not found: File not found. Searched the following locations: """".
 --> data/safe_contracts/openzeppelin_all/mocks_governance_GovernorStorageMock.sol:5:1:
  |
5 | import {Governor} from ""../../governance/Governor.sol"";
  | ^^^^^^^^^^^^^^^^^^^^^^^^^^^^^^^^^^^^^^^^^^^^^^^^^^^^^^^

Error: Source ""data/governance/extensions/GovernorTimelockControl.sol"" not found: File not found. Searched the following locations: """".
 --> data/safe_contracts/openzeppelin_all/mocks_governance_GovernorStorageMock.sol:6:1:
  |
6 | import {GovernorTimelockControl} from ""../../governance/extensions/GovernorTimelockControl.sol"";
  | ^^^^^^^^^^^^^^^^^^^^^^^^^^^^^^^^^^^^^^^^^^^^^^^^^^^^^^^^^^^^^^^^^^^^^^^^^^^^^^^^^^^^^^^^^^^^^^^^

Error: Source ""data/governance/extensions/GovernorSettings.sol"" not found: File not found. Searched the following locations: """".
 --> data/safe_contracts/openzeppelin_all/mocks_governance_GovernorStorageMock.sol:7:1:
  |
7 | import {GovernorSettings} from ""../../governance/extensions/GovernorSettings.sol"";
  | ^^^^^^^^^^^^^^^^^^^^^^^^^^^^^^^^^^^^^^^^^^^^^^^^^^^^^^^^^^^^^^^^^^^^^^^^^^^^^^^^^^

Error: Source ""data/governance/extensions/GovernorCountingSimple.sol"" not found: File not found. Searched the following locations: """".
 --> data/safe_contracts/openzeppelin_all/mocks_governance_GovernorStorageMock.sol:8:1:
  |
8 | import {GovernorCountingSimple} from ""../../governance/extensions/GovernorCountingSimple.sol"";
  | ^^^^^^^^^^^^^^^^^^^^^^^^^^^^^^^^^^^^^^^^^^^^^^^^^^^^^^^^^^^^^^^^^^^^^^^^^^^^^^^^^^^^^^^^^^^^^^

Error: Source ""data/governance/extensions/GovernorVotesQuorumFraction.sol"" not found: File not found. Searched the following locations: """".
 --> data/safe_contracts/openzeppelin_all/mocks_governance_GovernorStorageMock.sol:9:1:
  |
9 | import {GovernorVotesQuorumFraction} from ""../../governance/extensions/GovernorVotesQuorumFraction.sol"";
  | ^^^^^^^^^^^^^^^^",0,0,0,0,0.0,False,0,0,0,0,0,0,0.0,False,0,0,0.0,0,0,0,False,0,0,0.0,0,0,0,1.0,False,0,0,0,0
560,interfaces_draft-IERC7674,0x0000000000000000000001486236704185026911,data/safe_contracts/openzeppelin_all/interfaces_draft-IERC7674.sol,,openzeppelin,False,False,False,False,False,False,False,False,False,False,False,False,False,False,False,False,False,False,False,False,False,False,False,False,False,0,0,0,0,0,0,0,0,0,0,1,0,0.0,0,0,0.0,0,0,0,0,0,0,0,0,0,0,0,0.0,0.0,0.0,0.0,False,simple,0,IMPORT_ERROR,"File not found: Invalid compilation: 
Invalid solc compilation Error: Source ""data/safe_contracts/openzeppelin_all/IERC20.sol"" not found: File not found. Searched the following locations: """".
 --> data/safe_contracts/openzeppelin_all/interfaces_draft-IERC7674.sol:6:1:
  |
6 | import {IERC20} from ""./IERC20.sol"";
  | ^^^^^^^^^^^^^^^^^^^^^^^^^^^^^^^^^^^^

",0,0,0,0,0.0,False,0,0,0,0,0,0,0.0,False,0,0,0.0,0,0,0,False,0,0,0.0,0,0,0,1.0,False,0,0,0,0
561,interfaces_IERC6372,0x9999999999999999999991347158940392382155,data/safe_contracts/openzeppelin_all/interfaces_IERC6372.sol,,openzeppelin,False,False,False,False,False,False,False,False,False,False,False,False,False,False,False,False,False,False,False,False,False,False,True,False,False,0,0,3,2,0,0,0,1,0,14,1,1,1.0,0,9,0.6428571428571429,0,0,0,0,3,0,0,0,0,2,1,0.0,0.0,3.0,4.5,False,simple,0,,,0,0,0,0,0.0,False,0,0,2,0,0,0,0.0,False,2,0,0.0,2,0,0,False,0,0,0.0,0,0,0,1.0,False,0,0,0,0
562,utils_structs_BitMaps,0x0000000000000000000001490534348476247146,data/safe_contracts/openzeppelin_all/utils_structs_BitMaps.sol,,openzeppelin,False,False,False,False,False,False,False,False,False,False,False,False,False,False,False,False,False,False,False,False,False,False,True,False,False,0,0,6,4,0,0,0,3,0,55,1,1,1.5,0,27,0.4909090909090909,0,0,0,0,2,4,0,0,0,2,1,0.0,0.0,6.0,14.399999999999999,False,simple,0,,,17,14,0,3,0.8235294117647058,False,1,6,4,2,0,0,0.0,False,0,4,0.5,3,0,0,False,0,9,0.0,4,0,0,1.0,False,0,0,0,0
563,mocks_docs_token_ERC721_GameItem,0x9999999999999999999993346574317965590461,data/safe_contracts/openzeppelin_all/mocks_docs_token_ERC721_GameItem.sol,,openzeppelin,False,False,False,False,False,False,False,False,False,False,False,False,False,False,False,False,False,False,False,False,False,False,False,False,False,0,0,0,0,0,0,0,0,0,0,1,0,0.0,0,0,0.0,0,0,0,0,0,0,0,0,0,0,0,0.0,0.0,0.0,0.0,False,simple,0,IMPORT_ERROR,"File not found: Invalid compilation: 
Invalid solc compilation Error: Source ""token/ERC721/extensions/ERC721URIStorage.sol"" not found: File not found. Searched the following locations: """".
 --> data/safe_contracts/openzeppelin_all/mocks_docs_token_ERC721_GameItem.sol:5:1:
  |
5 | import {ERC721URIStorage, ERC721} from ""../../../../token/ERC721/extensions/ERC721URIStorage.sol"";
  | ^^^^^^^^^^^^^^^^^^^^^^^^^^^^^^^^^^^^^^^^^^^^^^^^^^^^^^^^^^^^^^^^^^^^^^^^^^^^^^^^^^^^^^^^^^^^^^^^^^

",0,0,0,0,0.0,False,0,0,0,0,0,0,0.0,False,0,0,0.0,0,0,0,False,0,0,0.0,0,0,0,1.0,False,0,0,0,0
564,mocks_docs_governance_MyTokenWrapped,0x9999999999999999999993948102991086803996,data/safe_contracts/openzeppelin_all/mocks_docs_governance_MyTokenWrapped.sol,,openzeppelin,False,False,False,False,False,False,False,False,False,False,False,False,False,False,False,False,False,False,False,False,False,False,False,False,False,0,0,0,0,0,0,0,0,0,0,1,0,0.0,0,0,0.0,0,0,0,0,0,0,0,0,0,0,0,0.0,0.0,0.0,0.0,False,simple,0,IMPORT_ERROR,"File not found: Invalid compilation: 
Invalid solc compilation Error: Source ""token/ERC20/ERC20.sol"" not found: File not found. Searched the following locations: """".
 --> data/safe_contracts/openzeppelin_all/mocks_docs_governance_MyTokenWrapped.sol:4:1:
  |
4 | import {IERC20, ERC20} from ""../../../token/ERC20/ERC20.sol"";
  | ^^^^^^^^^^^^^^^^^^^^^^^^^^^^^^^^^^^^^^^^^^^^^^^^^^^^^^^^^^^^^

Error: Source ""token/ERC20/extensions/ERC20Permit.sol"" not found: File not found. Searched the following locations: """".
 --> data/safe_contracts/openzeppelin_all/mocks_docs_governance_MyTokenWrapped.sol:5:1:
  |
5 | import {ERC20Permit} from ""../../../token/ERC20/extensions/ERC20Permit.sol"";
  | ^^^^^^^^^^^^^^^^^^^^^^^^^^^^^^^^^^^^^^^^^^^^^^^^^^^^^^^^^^^^^^^^^^^^^^^^^^^^

Error: Source ""token/ERC20/extensions/ERC20Votes.sol"" not found: File not found. Searched the following locations: """".
 --> data/safe_contracts/openzeppelin_all/mocks_docs_governance_MyTokenWrapped.sol:6:1:
  |
6 | import {ERC20Votes} from ""../../../token/ERC20/extensions/ERC20Votes.sol"";
  | ^^^^^^^^^^^^^^^^^^^^^^^^^^^^^^^^^^^^^^^^^^^^^^^^^^^^^^^^^^^^^^^^^^^^^^^^^^

Error: Source ""token/ERC20/extensions/ERC20Wrapper.sol"" not found: File not found. Searched the following locations: """".
 --> data/safe_contracts/openzeppelin_all/mocks_docs_governance_MyTokenWrapped.sol:7:1:
  |
7 | import {ERC20Wrapper} from ""../../../token/ERC20/extensions/ERC20Wrapper.sol"";
  | ^^^^^^^^^^^^^^^^^^^^^^^^^^^^^^^^^^^^^^^^^^^^^^^^^^^^^^^^^^^^^^^^^^^^^^^^^^^^^^

Error: Source ""utils/Nonces.sol"" not found: File not found. Searched the following locations: """".
 --> data/safe_contracts/openzeppelin_all/mocks_docs_governance_MyTokenWrapped.sol:8:1:
  |
8 | import {Nonces} from ""../../../utils/Nonces.sol"";
  | ^^^^^^^^^^^^^^^^^^^^^^^^^^^^^^^^^^^^^^^^^^^^^^^^^

",0,0,0,0,0.0,False,0,0,0,0,0,0,0.0,False,0,0,0.0,0,0,0,False,0,0,0.0,0,0,0,1.0,False,0,0,0,0
565,utils_cryptography_signers_SignerERC7913,0x0000000000000000000001227954441465675739,data/safe_contracts/openzeppelin_all/utils_cryptography_signers_SignerERC7913.sol,,openzeppelin,False,False,False,False,False,False,False,False,False,False,False,False,False,False,False,False,False,False,False,False,False,False,False,False,False,0,0,0,0,0,0,0,0,0,0,1,0,0.0,0,0,0.0,0,0,0,0,0,0,0,0,0,0,0,0.0,0.0,0.0,0.0,False,simple,0,IMPORT_ERROR,"File not found: Invalid compilation: 
Invalid solc compilation Error: Source ""data/safe_contracts/openzeppelin_all/AbstractSigner.sol"" not found: File not found. Searched the following locations: """".
 --> data/safe_contracts/openzeppelin_all/utils_cryptography_signers_SignerERC7913.sol:6:1:
  |
6 | import {AbstractSigner} from ""./AbstractSigner.sol"";
  | ^^^^^^^^^^^^^^^^^^^^^^^^^^^^^^^^^^^^^^^^^^^^^^^^^^^^

Error: Source ""data/safe_contracts/SignatureChecker.sol"" not found: File not found. Searched the following locations: """".
 --> data/safe_contracts/openzeppelin_all/utils_cryptography_signers_SignerERC7913.sol:7:1:
  |
7 | import {SignatureChecker} from ""../SignatureChecker.sol"";
  | ^^^^^^^^^^^^^^^^^^^^^^^^^^^^^^^^^^^^^^^^^^^^^^^^^^^^^^^^^

",0,0,0,0,0.0,False,0,0,0,0,0,0,0.0,False,0,0,0.0,0,0,0,False,0,0,0.0,0,0,0,1.0,False,0,0,0,0
566,mocks_governance_GovernorTimelockAccessMock,0x0000000000000000000000445114911199710864,data/safe_contracts/openzeppelin_all/mocks_governance_GovernorTimelockAccessMock.sol,,openzeppelin,False,False,False,False,False,False,False,False,False,False,False,False,False,False,False,False,False,False,False,False,False,False,False,False,False,0,0,0,0,0,0,0,0,0,0,1,0,0.0,0,0,0.0,0,0,0,0,0,0,0,0,0,0,0,0.0,0.0,0.0,0.0,False,simple,0,IMPORT_ERROR,"File not found: Invalid compilation: 
Invalid solc compilation Error: Source ""data/governance/Governor.sol"" not found: File not found. Searched the following locations: """".
 --> data/safe_contracts/openzeppelin_all/mocks_governance_GovernorTimelockAccessMock.sol:5:1:
  |
5 | import {Governor} from ""../../governance/Governor.sol"";
  | ^^^^^^^^^^^^^^^^^^^^^^^^^^^^^^^^^^^^^^^^^^^^^^^^^^^^^^^

Error: Source ""data/governance/extensions/GovernorTimelockAccess.sol"" not found: File not found. Searched the following locations: """".
 --> data/safe_contracts/openzeppelin_all/mocks_governance_GovernorTimelockAccessMock.sol:6:1:
  |
6 | import {GovernorTimelockAccess} from ""../../governance/extensions/GovernorTimelockAccess.sol"";
  | ^^^^^^^^^^^^^^^^^^^^^^^^^^^^^^^^^^^^^^^^^^^^^^^^^^^^^^^^^^^^^^^^^^^^^^^^^^^^^^^^^^^^^^^^^^^^^^

Error: Source ""data/governance/extensions/GovernorSettings.sol"" not found: File not found. Searched the following locations: """".
 --> data/safe_contracts/openzeppelin_all/mocks_governance_GovernorTimelockAccessMock.sol:7:1:
  |
7 | import {GovernorSettings} from ""../../governance/extensions/GovernorSettings.sol"";
  | ^^^^^^^^^^^^^^^^^^^^^^^^^^^^^^^^^^^^^^^^^^^^^^^^^^^^^^^^^^^^^^^^^^^^^^^^^^^^^^^^^^

Error: Source ""data/governance/extensions/GovernorCountingSimple.sol"" not found: File not found. Searched the following locations: """".
 --> data/safe_contracts/openzeppelin_all/mocks_governance_GovernorTimelockAccessMock.sol:8:1:
  |
8 | import {GovernorCountingSimple} from ""../../governance/extensions/GovernorCountingSimple.sol"";
  | ^^^^^^^^^^^^^^^^^^^^^^^^^^^^^^^^^^^^^^^^^^^^^^^^^^^^^^^^^^^^^^^^^^^^^^^^^^^^^^^^^^^^^^^^^^^^^^

Error: Source ""data/governance/extensions/GovernorVotesQuorumFraction.sol"" not found: File not found. Searched the following locations: """".
 --> data/safe_contracts/openzeppelin_all/mocks_governance_GovernorTimelockAccessMock.sol:9:1:
  |
9 | import {GovernorVotesQuorumFraction} from ""../../governance/extensions/GovernorVotesQuorumFract",0,0,0,0,0.0,False,0,0,0,0,0,0,0.0,False,0,0,0.0,0,0,0,False,0,0,0.0,0,0,0,1.0,False,0,0,0,0
567,token_ERC20_extensions_ERC20Capped,0x0000000000000000000001567181096796438505,data/safe_contracts/openzeppelin_all/token_ERC20_extensions_ERC20Capped.sol,,openzeppelin,False,False,False,False,False,False,False,False,False,False,False,False,False,False,False,False,False,False,False,False,False,False,False,False,False,0,0,0,0,0,0,0,0,0,0,1,0,0.0,0,0,0.0,0,0,0,0,0,0,0,0,0,0,0,0.0,0.0,0.0,0.0,False,simple,0,IMPORT_ERROR,"File not found: Invalid compilation: 
Invalid solc compilation Error: Source ""data/safe_contracts/ERC20.sol"" not found: File not found. Searched the following locations: """".
 --> data/safe_contracts/openzeppelin_all/token_ERC20_extensions_ERC20Capped.sol:6:1:
  |
6 | import {ERC20} from ""../ERC20.sol"";
  | ^^^^^^^^^^^^^^^^^^^^^^^^^^^^^^^^^^^

",0,0,0,0,0.0,False,0,0,0,0,0,0,0.0,False,0,0,0.0,0,0,0,False,0,0,0.0,0,0,0,1.0,False,0,0,0,0
568,mocks_docs_utilities_Base64NFT,0x9999999999999999999998043856982830276108,data/safe_contracts/openzeppelin_all/mocks_docs_utilities_Base64NFT.sol,,openzeppelin,False,False,False,False,False,False,False,False,False,False,False,False,False,False,False,False,False,False,False,False,False,False,False,False,False,0,0,0,0,0,0,0,0,0,0,1,0,0.0,0,0,0.0,0,0,0,0,0,0,0,0,0,0,0,0.0,0.0,0.0,0.0,False,simple,0,IMPORT_ERROR,"File not found: Invalid compilation: 
Invalid solc compilation Error: Source ""token/ERC721/ERC721.sol"" not found: File not found. Searched the following locations: """".
 --> data/safe_contracts/openzeppelin_all/mocks_docs_utilities_Base64NFT.sol:5:1:
  |
5 | import {ERC721} from ""../../../token/ERC721/ERC721.sol"";
  | ^^^^^^^^^^^^^^^^^^^^^^^^^^^^^^^^^^^^^^^^^^^^^^^^^^^^^^^^

Error: Source ""utils/Strings.sol"" not found: File not found. Searched the following locations: """".
 --> data/safe_contracts/openzeppelin_all/mocks_docs_utilities_Base64NFT.sol:6:1:
  |
6 | import {Strings} from ""../../../utils/Strings.sol"";
  | ^^^^^^^^^^^^^^^^^^^^^^^^^^^^^^^^^^^^^^^^^^^^^^^^^^^

Error: Source ""utils/Base64.sol"" not found: File not found. Searched the following locations: """".
 --> data/safe_contracts/openzeppelin_all/mocks_docs_utilities_Base64NFT.sol:7:1:
  |
7 | import {Base64} from ""../../../utils/Base64.sol"";
  | ^^^^^^^^^^^^^^^^^^^^^^^^^^^^^^^^^^^^^^^^^^^^^^^^^

",0,0,0,0,0.0,False,0,0,0,0,0,0,0.0,False,0,0,0.0,0,0,0,False,0,0,0.0,0,0,0,1.0,False,0,0,0,0
569,utils_ReentrancyGuardTransient,0x9999999999999999999995473716611612999792,data/safe_contracts/openzeppelin_all/utils_ReentrancyGuardTransient.sol,,openzeppelin,False,False,False,False,False,False,False,False,False,False,False,False,False,False,False,False,False,False,False,False,False,False,False,False,False,0,0,0,0,0,0,0,0,0,0,1,0,0.0,0,0,0.0,0,0,0,0,0,0,0,0,0,0,0,0.0,0.0,0.0,0.0,False,simple,0,IMPORT_ERROR,"File not found: Invalid compilation: 
Invalid solc compilation Error: Source ""data/safe_contracts/openzeppelin_all/TransientSlot.sol"" not found: File not found. Searched the following locations: """".
 --> data/safe_contracts/openzeppelin_all/utils_ReentrancyGuardTransient.sol:6:1:
  |
6 | import {TransientSlot} from ""./TransientSlot.sol"";
  | ^^^^^^^^^^^^^^^^^^^^^^^^^^^^^^^^^^^^^^^^^^^^^^^^^^

",0,0,0,0,0.0,False,0,0,0,0,0,0,0.0,False,0,0,0.0,0,0,0,False,0,0,0.0,0,0,0,1.0,False,0,0,0,0
570,utils_math_SafeCast,0x0000000000000000000000922898584625992089,data/safe_contracts/openzeppelin_all/utils_math_SafeCast.sol,,openzeppelin,False,False,False,False,False,False,False,False,False,False,False,False,False,False,True,False,False,False,False,False,False,False,True,False,False,0,0,68,65,0,0,0,3,0,1092,1,1,2.9692307692307693,0,696,0.6373626373626373,0,0,0,0,3,65,0,0,0,3,2,0.0,0.0,68.0,1099.3333333333335,True,complex,2,,,324,323,0,3,0.9969135802469136,False,33,193,65,64,0,0,0.0,False,0,65,0.9846153846153847,5,0,0,False,0,65,0.0,65,0,0,1.0,False,0,0,0,0
571,interfaces_IERC7913,0x0000000000000000000007446581436362105058,data/safe_contracts/openzeppelin_all/interfaces_IERC7913.sol,,openzeppelin,False,False,False,False,False,False,False,False,False,False,False,False,False,False,False,False,False,False,False,False,False,False,True,False,False,0,0,2,0,0,0,0,0,0,0,1,0,0.0,0,0,0.0,0,0,0,0,2,0,0,0,0,1,1,0.0,0.0,2.0,4.0,False,simple,0,,,0,0,0,0,0.0,False,0,0,0,0,0,0,0.0,False,0,0,0.0,0,0,0,False,0,0,0.0,0,0,0,1.0,False,0,0,0,0
572,proxy_beacon_UpgradeableBeacon,0x0000000000000000000008844116699969491666,data/safe_contracts/openzeppelin_all/proxy_beacon_UpgradeableBeacon.sol,,openzeppelin,False,False,False,False,False,False,False,False,False,False,False,False,False,False,False,False,False,False,False,False,False,False,False,False,False,0,0,0,0,0,0,0,0,0,0,1,0,0.0,0,0,0.0,0,0,0,0,0,0,0,0,0,0,0,0.0,0.0,0.0,0.0,False,simple,0,IMPORT_ERROR,"File not found: Invalid compilation: 
Invalid solc compilation Error: Source ""data/safe_contracts/openzeppelin_all/IBeacon.sol"" not found: File not found. Searched the following locations: """".
 --> data/safe_contracts/openzeppelin_all/proxy_beacon_UpgradeableBeacon.sol:6:1:
  |
6 | import {IBeacon} from ""./IBeacon.sol"";
  | ^^^^^^^^^^^^^^^^^^^^^^^^^^^^^^^^^^^^^^

Error: Source ""data/access/Ownable.sol"" not found: File not found. Searched the following locations: """".
 --> data/safe_contracts/openzeppelin_all/proxy_beacon_UpgradeableBeacon.sol:7:1:
  |
7 | import {Ownable} from ""../../access/Ownable.sol"";
  | ^^^^^^^^^^^^^^^^^^^^^^^^^^^^^^^^^^^^^^^^^^^^^^^^^

",0,0,0,0,0.0,False,0,0,0,0,0,0,0.0,False,0,0,0.0,0,0,0,False,0,0,0.0,0,0,0,1.0,False,0,0,0,0
573,token_ERC6909_extensions_ERC6909TokenSupply,0x9999999999999999999994457502144557671735,data/safe_contracts/openzeppelin_all/token_ERC6909_extensions_ERC6909TokenSupply.sol,,openzeppelin,False,False,False,False,False,False,False,False,False,False,False,False,False,False,False,False,False,False,False,False,False,False,False,False,False,0,0,0,0,0,0,0,0,0,0,1,0,0.0,0,0,0.0,0,0,0,0,0,0,0,0,0,0,0,0.0,0.0,0.0,0.0,False,simple,0,IMPORT_ERROR,"File not found: Invalid compilation: 
Invalid solc compilation Error: Source ""data/safe_contracts/ERC6909.sol"" not found: File not found. Searched the following locations: """".
 --> data/safe_contracts/openzeppelin_all/token_ERC6909_extensions_ERC6909TokenSupply.sol:6:1:
  |
6 | import {ERC6909} from ""../ERC6909.sol"";
  | ^^^^^^^^^^^^^^^^^^^^^^^^^^^^^^^^^^^^^^^

Error: Source ""interfaces/IERC6909.sol"" not found: File not found. Searched the following locations: """".
 --> data/safe_contracts/openzeppelin_all/token_ERC6909_extensions_ERC6909TokenSupply.sol:7:1:
  |
7 | import {IERC6909TokenSupply} from ""../../../interfaces/IERC6909.sol"";
  | ^^^^^^^^^^^^^^^^^^^^^^^^^^^^^^^^^^^^^^^^^^^^^^^^^^^^^^^^^^^^^^^^^^^^^

",0,0,0,0,0.0,False,0,0,0,0,0,0,0.0,False,0,0,0.0,0,0,0,False,0,0,0.0,0,0,0,1.0,False,0,0,0,0
574,mocks_account_modules_ERC7579Mock,0x9999999999999999999999519147562664945399,data/safe_contracts/openzeppelin_all/mocks_account_modules_ERC7579Mock.sol,,openzeppelin,False,False,False,False,False,False,False,False,False,False,False,False,False,False,False,False,False,False,False,False,False,False,False,False,False,0,0,0,0,0,0,0,0,0,0,1,0,0.0,0,0,0.0,0,0,0,0,0,0,0,0,0,0,0,0.0,0.0,0.0,0.0,False,simple,0,IMPORT_ERROR,"File not found: Invalid compilation: 
Invalid solc compilation Error: Source ""interfaces/draft-IERC7579.sol"" not found: File not found. Searched the following locations: """".
 --> data/safe_contracts/openzeppelin_all/mocks_account_modules_ERC7579Mock.sol:5:1:
  |
5 | import {
  | ^ (Relevant source part starts here and spans across multiple lines).

Error: Source ""utils/cryptography/SignatureChecker.sol"" not found: File not found. Searched the following locations: """".
  --> data/safe_contracts/openzeppelin_all/mocks_account_modules_ERC7579Mock.sol:13:1:
   |
13 | import {SignatureChecker} from ""../../../utils/cryptography/SignatureChecker.sol"";
   | ^^^^^^^^^^^^^^^^^^^^^^^^^^^^^^^^^^^^^^^^^^^^^^^^^^^^^^^^^^^^^^^^^^^^^^^^^^^^^^^^^^

Error: Source ""interfaces/draft-IERC4337.sol"" not found: File not found. Searched the following locations: """".
  --> data/safe_contracts/openzeppelin_all/mocks_account_modules_ERC7579Mock.sol:14:1:
   |
14 | import {PackedUserOperation} from ""../../../interfaces/draft-IERC4337.sol"";
   | ^^^^^^^^^^^^^^^^^^^^^^^^^^^^^^^^^^^^^^^^^^^^^^^^^^^^^^^^^^^^^^^^^^^^^^^^^^^

Error: Source ""interfaces/IERC1271.sol"" not found: File not found. Searched the following locations: """".
  --> data/safe_contracts/openzeppelin_all/mocks_account_modules_ERC7579Mock.sol:15:1:
   |
15 | import {IERC1271} from ""../../../interfaces/IERC1271.sol"";
   | ^^^^^^^^^^^^^^^^^^^^^^^^^^^^^^^^^^^^^^^^^^^^^^^^^^^^^^^^^^

Error: Source ""account/utils/draft-ERC4337Utils.sol"" not found: File not found. Searched the following locations: """".
  --> data/safe_contracts/openzeppelin_all/mocks_account_modules_ERC7579Mock.sol:16:1:
   |
16 | import {ERC4337Utils} from ""../../../account/utils/draft-ERC4337Utils.sol"";
   | ^^^^^^^^^^^^^^^^^^^^^^^^^^^^^^^^^^^^^^^^^^^^^^^^^^^^^^^^^^^^^^^^^^^^^^^^^^^

",0,0,0,0,0.0,False,0,0,0,0,0,0,0.0,False,0,0,0.0,0,0,0,False,0,0,0.0,0,0,0,1.0,False,0,0,0,0
575,token_ERC721_extensions_ERC721Pausable,0x0000000000000000000001486401436711532919,data/safe_contracts/openzeppelin_all/token_ERC721_extensions_ERC721Pausable.sol,,openzeppelin,False,False,False,False,False,False,False,False,False,False,False,False,False,False,False,False,False,False,False,False,False,False,False,False,False,0,0,0,0,0,0,0,0,0,0,1,0,0.0,0,0,0.0,0,0,0,0,0,0,0,0,0,0,0,0.0,0.0,0.0,0.0,False,simple,0,IMPORT_ERROR,"File not found: Invalid compilation: 
Invalid solc compilation Error: Source ""data/safe_contracts/ERC721.sol"" not found: File not found. Searched the following locations: """".
 --> data/safe_contracts/openzeppelin_all/token_ERC721_extensions_ERC721Pausable.sol:6:1:
  |
6 | import {ERC721} from ""../ERC721.sol"";
  | ^^^^^^^^^^^^^^^^^^^^^^^^^^^^^^^^^^^^^

Error: Source ""utils/Pausable.sol"" not found: File not found. Searched the following locations: """".
 --> data/safe_contracts/openzeppelin_all/token_ERC721_extensions_ERC721Pausable.sol:7:1:
  |
7 | import {Pausable} from ""../../../utils/Pausable.sol"";
  | ^^^^^^^^^^^^^^^^^^^^^^^^^^^^^^^^^^^^^^^^^^^^^^^^^^^^^

",0,0,0,0,0.0,False,0,0,0,0,0,0,0.0,False,0,0,0.0,0,0,0,False,0,0,0.0,0,0,0,1.0,False,0,0,0,0
576,mocks_docs_governance_MyGovernor,0x9999999999999999999999739665645440981993,data/safe_contracts/openzeppelin_all/mocks_docs_governance_MyGovernor.sol,,openzeppelin,False,False,False,False,False,False,False,False,False,False,False,False,False,False,False,False,False,False,False,False,False,False,False,False,False,0,0,0,0,0,0,0,0,0,0,1,0,0.0,0,0,0.0,0,0,0,0,0,0,0,0,0,0,0,0.0,0.0,0.0,0.0,False,simple,0,IMPORT_ERROR,"File not found: Invalid compilation: 
Invalid solc compilation Error: Source ""governance/Governor.sol"" not found: File not found. Searched the following locations: """".
 --> data/safe_contracts/openzeppelin_all/mocks_docs_governance_MyGovernor.sol:4:1:
  |
4 | import {Governor} from ""../../../governance/Governor.sol"";
  | ^^^^^^^^^^^^^^^^^^^^^^^^^^^^^^^^^^^^^^^^^^^^^^^^^^^^^^^^^^

Error: Source ""governance/extensions/GovernorCountingSimple.sol"" not found: File not found. Searched the following locations: """".
 --> data/safe_contracts/openzeppelin_all/mocks_docs_governance_MyGovernor.sol:5:1:
  |
5 | import {GovernorCountingSimple} from ""../../../governance/extensions/GovernorCountingSimple.sol"";
  | ^^^^^^^^^^^^^^^^^^^^^^^^^^^^^^^^^^^^^^^^^^^^^^^^^^^^^^^^^^^^^^^^^^^^^^^^^^^^^^^^^^^^^^^^^^^^^^^^^

Error: Source ""governance/extensions/GovernorVotes.sol"" not found: File not found. Searched the following locations: """".
 --> data/safe_contracts/openzeppelin_all/mocks_docs_governance_MyGovernor.sol:6:1:
  |
6 | import {GovernorVotes} from ""../../../governance/extensions/GovernorVotes.sol"";
  | ^^^^^^^^^^^^^^^^^^^^^^^^^^^^^^^^^^^^^^^^^^^^^^^^^^^^^^^^^^^^^^^^^^^^^^^^^^^^^^^

Error: Source ""governance/extensions/GovernorVotesQuorumFraction.sol"" not found: File not found. Searched the following locations: """".
 --> data/safe_contracts/openzeppelin_all/mocks_docs_governance_MyGovernor.sol:7:1:
  |
7 | import {GovernorVotesQuorumFraction} from ""../../../governance/extensions/GovernorVotesQuorumFraction.sol"";
  | ^^^^^^^^^^^^^^^^^^^^^^^^^^^^^^^^^^^^^^^^^^^^^^^^^^^^^^^^^^^^^^^^^^^^^^^^^^^^^^^^^^^^^^^^^^^^^^^^^^^^^^^^^^^

Error: Source ""governance/extensions/GovernorTimelockControl.sol"" not found: File not found. Searched the following locations: """".
 --> data/safe_contracts/openzeppelin_all/mocks_docs_governance_MyGovernor.sol:8:1:
  |
8 | import {GovernorTimelockControl} from ""../../../governance/extensions/GovernorTimelockControl.sol"";
  | ^^^^^^^^^^^^^^^^^^^^^^^^^^^^^^^^^^^^^^^^^",0,0,0,0,0.0,False,0,0,0,0,0,0,0.0,False,0,0,0.0,0,0,0,False,0,0,0.0,0,0,0,1.0,False,0,0,0,0
577,token_ERC20_extensions_ERC20FlashMint,0x0000000000000000000001840067210212895773,data/safe_contracts/openzeppelin_all/token_ERC20_extensions_ERC20FlashMint.sol,,openzeppelin,False,False,False,False,False,False,False,False,False,False,False,False,False,False,False,False,False,False,False,False,False,False,False,False,False,0,0,0,0,0,0,0,0,0,0,1,0,0.0,0,0,0.0,0,0,0,0,0,0,0,0,0,0,0,0.0,0.0,0.0,0.0,False,simple,0,IMPORT_ERROR,"File not found: Invalid compilation: 
Invalid solc compilation Error: Source ""interfaces/IERC3156FlashBorrower.sol"" not found: File not found. Searched the following locations: """".
 --> data/safe_contracts/openzeppelin_all/token_ERC20_extensions_ERC20FlashMint.sol:6:1:
  |
6 | import {IERC3156FlashBorrower} from ""../../../interfaces/IERC3156FlashBorrower.sol"";
  | ^^^^^^^^^^^^^^^^^^^^^^^^^^^^^^^^^^^^^^^^^^^^^^^^^^^^^^^^^^^^^^^^^^^^^^^^^^^^^^^^^^^^

Error: Source ""interfaces/IERC3156FlashLender.sol"" not found: File not found. Searched the following locations: """".
 --> data/safe_contracts/openzeppelin_all/token_ERC20_extensions_ERC20FlashMint.sol:7:1:
  |
7 | import {IERC3156FlashLender} from ""../../../interfaces/IERC3156FlashLender.sol"";
  | ^^^^^^^^^^^^^^^^^^^^^^^^^^^^^^^^^^^^^^^^^^^^^^^^^^^^^^^^^^^^^^^^^^^^^^^^^^^^^^^^

Error: Source ""data/safe_contracts/ERC20.sol"" not found: File not found. Searched the following locations: """".
 --> data/safe_contracts/openzeppelin_all/token_ERC20_extensions_ERC20FlashMint.sol:8:1:
  |
8 | import {ERC20} from ""../ERC20.sol"";
  | ^^^^^^^^^^^^^^^^^^^^^^^^^^^^^^^^^^^

",0,0,0,0,0.0,False,0,0,0,0,0,0,0.0,False,0,0,0.0,0,0,0,False,0,0,0.0,0,0,0,1.0,False,0,0,0,0
578,token_ERC20_extensions_IERC20Permit,0x0000000000000000000002401018141590352348,data/safe_contracts/openzeppelin_all/token_ERC20_extensions_IERC20Permit.sol,,openzeppelin,False,False,False,False,False,False,False,False,False,False,False,False,False,False,False,False,False,False,False,False,False,False,True,False,False,0,0,3,3,0,0,0,1,0,86,1,1,1.0,0,72,0.8372093023255814,0,0,0,0,3,0,0,0,0,2,1,0.0,0.0,3.0,4.5,False,simple,0,,,0,0,0,0,0.0,False,0,0,3,0,0,0,0.0,False,3,0,0.0,3,0,0,False,0,8,0.0,2,0,0,1.0,False,0,0,0,0
579,utils_structs_CircularBuffer,0x9999999999999999999996113922318490998490,data/safe_contracts/openzeppelin_all/utils_structs_CircularBuffer.sol,,openzeppelin,False,False,False,False,False,False,False,False,False,False,False,False,False,False,False,False,False,False,False,False,False,False,False,False,False,0,0,0,0,0,0,0,0,0,0,1,0,0.0,0,0,0.0,0,0,0,0,0,0,0,0,0,0,0,0.0,0.0,0.0,0.0,False,simple,0,IMPORT_ERROR,"File not found: Invalid compilation: 
Invalid solc compilation Error: Source ""data/safe_contracts/math/Math.sol"" not found: File not found. Searched the following locations: """".
 --> data/safe_contracts/openzeppelin_all/utils_structs_CircularBuffer.sol:6:1:
  |
6 | import {Math} from ""../math/Math.sol"";
  | ^^^^^^^^^^^^^^^^^^^^^^^^^^^^^^^^^^^^^^

Error: Source ""data/safe_contracts/Arrays.sol"" not found: File not found. Searched the following locations: """".
 --> data/safe_contracts/openzeppelin_all/utils_structs_CircularBuffer.sol:7:1:
  |
7 | import {Arrays} from ""../Arrays.sol"";
  | ^^^^^^^^^^^^^^^^^^^^^^^^^^^^^^^^^^^^^

Error: Source ""data/safe_contracts/Panic.sol"" not found: File not found. Searched the following locations: """".
 --> data/safe_contracts/openzeppelin_all/utils_structs_CircularBuffer.sol:8:1:
  |
8 | import {Panic} from ""../Panic.sol"";
  | ^^^^^^^^^^^^^^^^^^^^^^^^^^^^^^^^^^^

",0,0,0,0,0.0,False,0,0,0,0,0,0,0.0,False,0,0,0.0,0,0,0,False,0,0,0.0,0,0,0,1.0,False,0,0,0,0
580,access_extensions_AccessControlDefaultAdminRules,0x0000000000000000000001725550152747400042,data/safe_contracts/openzeppelin_all/access_extensions_AccessControlDefaultAdminRules.sol,,openzeppelin,False,False,False,False,False,False,False,False,False,False,False,False,False,False,False,False,False,False,False,False,False,False,False,False,False,0,0,0,0,0,0,0,0,0,0,1,0,0.0,0,0,0.0,0,0,0,0,0,0,0,0,0,0,0,0.0,0.0,0.0,0.0,False,simple,0,IMPORT_ERROR,"File not found: Invalid compilation: 
Invalid solc compilation Error: Source ""data/safe_contracts/openzeppelin_all/IAccessControlDefaultAdminRules.sol"" not found: File not found. Searched the following locations: """".
 --> data/safe_contracts/openzeppelin_all/access_extensions_AccessControlDefaultAdminRules.sol:6:1:
  |
6 | import {IAccessControlDefaultAdminRules} from ""./IAccessControlDefaultAdminRules.sol"";
  | ^^^^^^^^^^^^^^^^^^^^^^^^^^^^^^^^^^^^^^^^^^^^^^^^^^^^^^^^^^^^^^^^^^^^^^^^^^^^^^^^^^^^^^

Error: Source ""data/safe_contracts/AccessControl.sol"" not found: File not found. Searched the following locations: """".
 --> data/safe_contracts/openzeppelin_all/access_extensions_AccessControlDefaultAdminRules.sol:7:1:
  |
7 | import {AccessControl, IAccessControl} from ""../AccessControl.sol"";
  | ^^^^^^^^^^^^^^^^^^^^^^^^^^^^^^^^^^^^^^^^^^^^^^^^^^^^^^^^^^^^^^^^^^^

Error: Source ""data/utils/math/SafeCast.sol"" not found: File not found. Searched the following locations: """".
 --> data/safe_contracts/openzeppelin_all/access_extensions_AccessControlDefaultAdminRules.sol:8:1:
  |
8 | import {SafeCast} from ""../../utils/math/SafeCast.sol"";
  | ^^^^^^^^^^^^^^^^^^^^^^^^^^^^^^^^^^^^^^^^^^^^^^^^^^^^^^^

Error: Source ""data/utils/math/Math.sol"" not found: File not found. Searched the following locations: """".
 --> data/safe_contracts/openzeppelin_all/access_extensions_AccessControlDefaultAdminRules.sol:9:1:
  |
9 | import {Math} from ""../../utils/math/Math.sol"";
  | ^^^^^^^^^^^^^^^^^^^^^^^^^^^^^^^^^^^^^^^^^^^^^^^

Error: Source ""data/interfaces/IERC5313.sol"" not found: File not found. Searched the following locations: """".
  --> data/safe_contracts/openzeppelin_all/access_extensions_AccessControlDefaultAdminRules.sol:10:1:
   |
10 | import {IERC5313} from ""../../interfaces/IERC5313.sol"";
   | ^^^^^^^^^^^^^^^^^^^^^^^^^^^^^^^^^^^^^^^^^^^^^^^^^^^^^^^

Error: Source ""data/utils/introspection/IERC165.sol"" not found: File not found. Searched the following locations: """".
  --> data/safe_cont",0,0,0,0,0.0,False,0,0,0,0,0,0,0.0,False,0,0,0.0,0,0,0,False,0,0,0.0,0,0,0,1.0,False,0,0,0,0
581,token_ERC721_ERC721,0x9999999999999999999995751503432234092124,data/safe_contracts/openzeppelin_all/token_ERC721_ERC721.sol,,openzeppelin,False,False,False,False,False,False,False,False,False,False,False,False,False,False,False,False,False,False,False,False,False,False,False,False,False,0,0,0,0,0,0,0,0,0,0,1,0,0.0,0,0,0.0,0,0,0,0,0,0,0,0,0,0,0,0.0,0.0,0.0,0.0,False,simple,0,IMPORT_ERROR,"File not found: Invalid compilation: 
Invalid solc compilation Error: Source ""data/safe_contracts/openzeppelin_all/IERC721.sol"" not found: File not found. Searched the following locations: """".
 --> data/safe_contracts/openzeppelin_all/token_ERC721_ERC721.sol:6:1:
  |
6 | import {IERC721} from ""./IERC721.sol"";
  | ^^^^^^^^^^^^^^^^^^^^^^^^^^^^^^^^^^^^^^

Error: Source ""data/safe_contracts/openzeppelin_all/extensions/IERC721Metadata.sol"" not found: File not found. Searched the following locations: """".
 --> data/safe_contracts/openzeppelin_all/token_ERC721_ERC721.sol:7:1:
  |
7 | import {IERC721Metadata} from ""./extensions/IERC721Metadata.sol"";
  | ^^^^^^^^^^^^^^^^^^^^^^^^^^^^^^^^^^^^^^^^^^^^^^^^^^^^^^^^^^^^^^^^^

Error: Source ""data/safe_contracts/openzeppelin_all/utils/ERC721Utils.sol"" not found: File not found. Searched the following locations: """".
 --> data/safe_contracts/openzeppelin_all/token_ERC721_ERC721.sol:8:1:
  |
8 | import {ERC721Utils} from ""./utils/ERC721Utils.sol"";
  | ^^^^^^^^^^^^^^^^^^^^^^^^^^^^^^^^^^^^^^^^^^^^^^^^^^^^

Error: Source ""data/utils/Context.sol"" not found: File not found. Searched the following locations: """".
 --> data/safe_contracts/openzeppelin_all/token_ERC721_ERC721.sol:9:1:
  |
9 | import {Context} from ""../../utils/Context.sol"";
  | ^^^^^^^^^^^^^^^^^^^^^^^^^^^^^^^^^^^^^^^^^^^^^^^^

Error: Source ""data/utils/Strings.sol"" not found: File not found. Searched the following locations: """".
  --> data/safe_contracts/openzeppelin_all/token_ERC721_ERC721.sol:10:1:
   |
10 | import {Strings} from ""../../utils/Strings.sol"";
   | ^^^^^^^^^^^^^^^^^^^^^^^^^^^^^^^^^^^^^^^^^^^^^^^^

Error: Source ""data/utils/introspection/ERC165.sol"" not found: File not found. Searched the following locations: """".
  --> data/safe_contracts/openzeppelin_all/token_ERC721_ERC721.sol:11:1:
   |
11 | import {IERC165, ERC165} from ""../../utils/introspection/ERC165.sol"";
   | ^^^^^^^^^^^^^^^^^^^^^^^^^^^^^^^^^^^^^^^^^^^^^^^^^^^^^^^^^^^^^^^^^^^^^

Error: Source ""data/interfa",0,0,0,0,0.0,False,0,0,0,0,0,0,0.0,False,0,0,0.0,0,0,0,False,0,0,0.0,0,0,0,1.0,False,0,0,0,0
582,mocks_token_ERC1363NoReturnMock,0x0000000000000000000002936347313745775257,data/safe_contracts/openzeppelin_all/mocks_token_ERC1363NoReturnMock.sol,,openzeppelin,False,False,False,False,False,False,False,False,False,False,False,False,False,False,False,False,False,False,False,False,False,False,False,False,False,0,0,0,0,0,0,0,0,0,0,1,0,0.0,0,0,0.0,0,0,0,0,0,0,0,0,0,0,0,0.0,0.0,0.0,0.0,False,simple,0,IMPORT_ERROR,"File not found: Invalid compilation: 
Invalid solc compilation Error: Source ""data/token/ERC20/extensions/ERC1363.sol"" not found: File not found. Searched the following locations: """".
 --> data/safe_contracts/openzeppelin_all/mocks_token_ERC1363NoReturnMock.sol:5:1:
  |
5 | import {ERC1363} from ""../../token/ERC20/extensions/ERC1363.sol"";
  | ^^^^^^^^^^^^^^^^^^^^^^^^^^^^^^^^^^^^^^^^^^^^^^^^^^^^^^^^^^^^^^^^^

",0,0,0,0,0.0,False,0,0,0,0,0,0,0.0,False,0,0,0.0,0,0,0,False,0,0,0.0,0,0,0,1.0,False,0,0,0,0
583,token_ERC1155_extensions_ERC1155URIStorage,0x0000000000000000000007533119176127020413,data/safe_contracts/openzeppelin_all/token_ERC1155_extensions_ERC1155URIStorage.sol,,openzeppelin,False,False,False,False,False,False,False,False,False,False,False,False,False,False,False,False,False,False,False,False,False,False,False,False,False,0,0,0,0,0,0,0,0,0,0,1,0,0.0,0,0,0.0,0,0,0,0,0,0,0,0,0,0,0,0.0,0.0,0.0,0.0,False,simple,0,IMPORT_ERROR,"File not found: Invalid compilation: 
Invalid solc compilation Error: Source ""data/safe_contracts/ERC1155.sol"" not found: File not found. Searched the following locations: """".
 --> data/safe_contracts/openzeppelin_all/token_ERC1155_extensions_ERC1155URIStorage.sol:6:1:
  |
6 | import {ERC1155} from ""../ERC1155.sol"";
  | ^^^^^^^^^^^^^^^^^^^^^^^^^^^^^^^^^^^^^^^

",0,0,0,0,0.0,False,0,0,0,0,0,0,0.0,False,0,0,0.0,0,0,0,False,0,0,0.0,0,0,0,1.0,False,0,0,0,0
584,utils_ReentrancyGuard,0x0000000000000000000004928067987171718916,data/safe_contracts/openzeppelin_all/utils_ReentrancyGuard.sol,,openzeppelin,False,False,False,False,False,False,False,False,False,False,False,False,False,False,False,False,False,False,False,False,False,False,False,False,False,0,0,0,0,0,0,0,0,0,0,1,0,0.0,0,0,0.0,0,0,0,0,0,0,0,0,0,0,0,0.0,0.0,0.0,0.0,False,simple,0,IMPORT_ERROR,"File not found: Invalid compilation: 
Invalid solc compilation Error: Source ""data/safe_contracts/openzeppelin_all/StorageSlot.sol"" not found: File not found. Searched the following locations: """".
 --> data/safe_contracts/openzeppelin_all/utils_ReentrancyGuard.sol:6:1:
  |
6 | import {StorageSlot} from ""./StorageSlot.sol"";
  | ^^^^^^^^^^^^^^^^^^^^^^^^^^^^^^^^^^^^^^^^^^^^^^

",0,0,0,0,0.0,False,0,0,0,0,0,0,0.0,False,0,0,0.0,0,0,0,False,0,0,0.0,0,0,0,1.0,False,0,0,0,0
585,token_ERC20_extensions_draft-ERC20Bridgeable,0x0000000000000000000003286491606145927150,data/safe_contracts/openzeppelin_all/token_ERC20_extensions_draft-ERC20Bridgeable.sol,,openzeppelin,False,False,False,False,False,False,False,False,False,False,False,False,False,False,False,False,False,False,False,False,False,False,False,False,False,0,0,0,0,0,0,0,0,0,0,1,0,0.0,0,0,0.0,0,0,0,0,0,0,0,0,0,0,0,0.0,0.0,0.0,0.0,False,simple,0,IMPORT_ERROR,"File not found: Invalid compilation: 
Invalid solc compilation Error: Source ""data/safe_contracts/ERC20.sol"" not found: File not found. Searched the following locations: """".
 --> data/safe_contracts/openzeppelin_all/token_ERC20_extensions_draft-ERC20Bridgeable.sol:6:1:
  |
6 | import {ERC20} from ""../ERC20.sol"";
  | ^^^^^^^^^^^^^^^^^^^^^^^^^^^^^^^^^^^

Error: Source ""utils/introspection/ERC165.sol"" not found: File not found. Searched the following locations: """".
 --> data/safe_contracts/openzeppelin_all/token_ERC20_extensions_draft-ERC20Bridgeable.sol:7:1:
  |
7 | import {ERC165, IERC165} from ""../../../utils/introspection/ERC165.sol"";
  | ^^^^^^^^^^^^^^^^^^^^^^^^^^^^^^^^^^^^^^^^^^^^^^^^^^^^^^^^^^^^^^^^^^^^^^^^

Error: Source ""interfaces/draft-IERC7802.sol"" not found: File not found. Searched the following locations: """".
 --> data/safe_contracts/openzeppelin_all/token_ERC20_extensions_draft-ERC20Bridgeable.sol:8:1:
  |
8 | import {IERC7802} from ""../../../interfaces/draft-IERC7802.sol"";
  | ^^^^^^^^^^^^^^^^^^^^^^^^^^^^^^^^^^^^^^^^^^^^^^^^^^^^^^^^^^^^^^^^

",0,0,0,0,0.0,False,0,0,0,0,0,0,0.0,False,0,0,0.0,0,0,0,False,0,0,0.0,0,0,0,1.0,False,0,0,0,0
586,mocks_AuthorityMock,0x0000000000000000000001823540131939847211,data/safe_contracts/openzeppelin_all/mocks_AuthorityMock.sol,,openzeppelin,False,False,False,False,False,False,False,False,False,False,False,False,False,False,False,False,False,False,False,False,False,False,False,False,False,0,0,0,0,0,0,0,0,0,0,1,0,0.0,0,0,0.0,0,0,0,0,0,0,0,0,0,0,0,0.0,0.0,0.0,0.0,False,simple,0,IMPORT_ERROR,"File not found: Invalid compilation: 
Invalid solc compilation Error: Source ""data/safe_contracts/access/manager/IAccessManaged.sol"" not found: File not found. Searched the following locations: """".
 --> data/safe_contracts/openzeppelin_all/mocks_AuthorityMock.sol:5:1:
  |
5 | import {IAccessManaged} from ""../access/manager/IAccessManaged.sol"";
  | ^^^^^^^^^^^^^^^^^^^^^^^^^^^^^^^^^^^^^^^^^^^^^^^^^^^^^^^^^^^^^^^^^^^^

Error: Source ""data/safe_contracts/access/manager/IAuthority.sol"" not found: File not found. Searched the following locations: """".
 --> data/safe_contracts/openzeppelin_all/mocks_AuthorityMock.sol:6:1:
  |
6 | import {IAuthority} from ""../access/manager/IAuthority.sol"";
  | ^^^^^^^^^^^^^^^^^^^^^^^^^^^^^^^^^^^^^^^^^^^^^^^^^^^^^^^^^^^^

",0,0,0,0,0.0,False,0,0,0,0,0,0,0.0,False,0,0,0.0,0,0,0,False,0,0,0.0,0,0,0,1.0,False,0,0,0,0
587,token_ERC20_extensions_ERC20Wrapper,0x9999999999999999999997067981888641340708,data/safe_contracts/openzeppelin_all/token_ERC20_extensions_ERC20Wrapper.sol,,openzeppelin,False,False,False,False,False,False,False,False,False,False,False,False,False,False,False,False,False,False,False,False,False,False,False,False,False,0,0,0,0,0,0,0,0,0,0,1,0,0.0,0,0,0.0,0,0,0,0,0,0,0,0,0,0,0,0.0,0.0,0.0,0.0,False,simple,0,IMPORT_ERROR,"File not found: Invalid compilation: 
Invalid solc compilation Error: Source ""data/safe_contracts/ERC20.sol"" not found: File not found. Searched the following locations: """".
 --> data/safe_contracts/openzeppelin_all/token_ERC20_extensions_ERC20Wrapper.sol:6:1:
  |
6 | import {IERC20, IERC20Metadata, ERC20} from ""../ERC20.sol"";
  | ^^^^^^^^^^^^^^^^^^^^^^^^^^^^^^^^^^^^^^^^^^^^^^^^^^^^^^^^^^^

Error: Source ""data/safe_contracts/utils/SafeERC20.sol"" not found: File not found. Searched the following locations: """".
 --> data/safe_contracts/openzeppelin_all/token_ERC20_extensions_ERC20Wrapper.sol:7:1:
  |
7 | import {SafeERC20} from ""../utils/SafeERC20.sol"";
  | ^^^^^^^^^^^^^^^^^^^^^^^^^^^^^^^^^^^^^^^^^^^^^^^^^

",0,0,0,0,0.0,False,0,0,0,0,0,0,0.0,False,0,0,0.0,0,0,0,False,0,0,0.0,0,0,0,1.0,False,0,0,0,0
588,mocks_ERC165Mock,0x9999999999999999999993957473884701427965,data/safe_contracts/openzeppelin_all/mocks_ERC165Mock.sol,,openzeppelin,False,False,False,False,False,False,False,False,False,False,False,False,False,False,False,False,False,False,False,False,False,False,False,False,False,0,0,0,0,0,0,0,0,0,0,1,0,0.0,0,0,0.0,0,0,0,0,0,0,0,0,0,0,0,0.0,0.0,0.0,0.0,False,simple,0,IMPORT_ERROR,"File not found: Invalid compilation: 
Invalid solc compilation Error: Source ""data/safe_contracts/utils/introspection/IERC165.sol"" not found: File not found. Searched the following locations: """".
 --> data/safe_contracts/openzeppelin_all/mocks_ERC165Mock.sol:5:1:
  |
5 | import {IERC165} from ""../utils/introspection/IERC165.sol"";
  | ^^^^^^^^^^^^^^^^^^^^^^^^^^^^^^^^^^^^^^^^^^^^^^^^^^^^^^^^^^^

",0,0,0,0,0.0,False,0,0,0,0,0,0,0.0,False,0,0,0.0,0,0,0,False,0,0,0.0,0,0,0,1.0,False,0,0,0,0
589,account_utils_draft-ERC4337Utils,0x9999999999999999999996926119484040552581,data/safe_contracts/openzeppelin_all/account_utils_draft-ERC4337Utils.sol,,openzeppelin,False,False,False,False,False,False,False,False,False,False,False,False,False,False,False,False,False,False,False,False,False,False,False,False,False,0,0,0,0,0,0,0,0,0,0,1,0,0.0,0,0,0.0,0,0,0,0,0,0,0,0,0,0,0,0.0,0.0,0.0,0.0,False,simple,0,IMPORT_ERROR,"File not found: Invalid compilation: 
Invalid solc compilation Error: Source ""data/interfaces/draft-IERC4337.sol"" not found: File not found. Searched the following locations: """".
 --> data/safe_contracts/openzeppelin_all/account_utils_draft-ERC4337Utils.sol:6:1:
  |
6 | import {IEntryPoint, PackedUserOperation} from ""../../interfaces/draft-IERC4337.sol"";
  | ^^^^^^^^^^^^^^^^^^^^^^^^^^^^^^^^^^^^^^^^^^^^^^^^^^^^^^^^^^^^^^^^^^^^^^^^^^^^^^^^^^^^^

Error: Source ""data/utils/math/Math.sol"" not found: File not found. Searched the following locations: """".
 --> data/safe_contracts/openzeppelin_all/account_utils_draft-ERC4337Utils.sol:7:1:
  |
7 | import {Math} from ""../../utils/math/Math.sol"";
  | ^^^^^^^^^^^^^^^^^^^^^^^^^^^^^^^^^^^^^^^^^^^^^^^

Error: Source ""data/utils/Calldata.sol"" not found: File not found. Searched the following locations: """".
 --> data/safe_contracts/openzeppelin_all/account_utils_draft-ERC4337Utils.sol:8:1:
  |
8 | import {Calldata} from ""../../utils/Calldata.sol"";
  | ^^^^^^^^^^^^^^^^^^^^^^^^^^^^^^^^^^^^^^^^^^^^^^^^^^

Error: Source ""data/utils/Packing.sol"" not found: File not found. Searched the following locations: """".
 --> data/safe_contracts/openzeppelin_all/account_utils_draft-ERC4337Utils.sol:9:1:
  |
9 | import {Packing} from ""../../utils/Packing.sol"";
  | ^^^^^^^^^^^^^^^^^^^^^^^^^^^^^^^^^^^^^^^^^^^^^^^^

",0,0,0,0,0.0,False,0,0,0,0,0,0,0.0,False,0,0,0.0,0,0,0,False,0,0,0.0,0,0,0,1.0,False,0,0,0,0
590,utils_Memory,0x0000000000000000000007599798769120036758,data/safe_contracts/openzeppelin_all/utils_Memory.sol,,openzeppelin,False,False,False,False,False,False,False,False,False,False,False,False,False,False,False,False,False,False,False,False,False,False,False,False,False,0,0,0,0,0,0,0,0,0,0,1,0,0.0,0,0,0.0,0,0,0,0,0,0,0,0,0,0,0,0.0,0.0,0.0,0.0,False,simple,0,IMPORT_ERROR,"File not found: Invalid compilation: 
Invalid solc compilation Error: Source ""data/safe_contracts/openzeppelin_all/Panic.sol"" not found: File not found. Searched the following locations: """".
 --> data/safe_contracts/openzeppelin_all/utils_Memory.sol:6:1:
  |
6 | import {Panic} from ""./Panic.sol"";
  | ^^^^^^^^^^^^^^^^^^^^^^^^^^^^^^^^^^

Error: Source ""data/safe_contracts/openzeppelin_all/math/Math.sol"" not found: File not found. Searched the following locations: """".
 --> data/safe_contracts/openzeppelin_all/utils_Memory.sol:7:1:
  |
7 | import {Math} from ""./math/Math.sol"";
  | ^^^^^^^^^^^^^^^^^^^^^^^^^^^^^^^^^^^^^

",0,0,0,0,0.0,False,0,0,0,0,0,0,0.0,False,0,0,0.0,0,0,0,False,0,0,0.0,0,0,0,1.0,False,0,0,0,0
591,mocks_docs_ERC4626Fees,0x0000000000000000000003969015058512507121,data/safe_contracts/openzeppelin_all/mocks_docs_ERC4626Fees.sol,,openzeppelin,False,False,False,False,False,False,False,False,False,False,False,False,False,False,False,False,False,False,False,False,False,False,False,False,False,0,0,0,0,0,0,0,0,0,0,1,0,0.0,0,0,0.0,0,0,0,0,0,0,0,0,0,0,0,0.0,0.0,0.0,0.0,False,simple,0,IMPORT_ERROR,"File not found: Invalid compilation: 
Invalid solc compilation Error: Source ""data/token/ERC20/IERC20.sol"" not found: File not found. Searched the following locations: """".
 --> data/safe_contracts/openzeppelin_all/mocks_docs_ERC4626Fees.sol:5:1:
  |
5 | import {IERC20} from ""../../token/ERC20/IERC20.sol"";
  | ^^^^^^^^^^^^^^^^^^^^^^^^^^^^^^^^^^^^^^^^^^^^^^^^^^^^

Error: Source ""data/token/ERC20/extensions/ERC4626.sol"" not found: File not found. Searched the following locations: """".
 --> data/safe_contracts/openzeppelin_all/mocks_docs_ERC4626Fees.sol:6:1:
  |
6 | import {ERC4626} from ""../../token/ERC20/extensions/ERC4626.sol"";
  | ^^^^^^^^^^^^^^^^^^^^^^^^^^^^^^^^^^^^^^^^^^^^^^^^^^^^^^^^^^^^^^^^^

Error: Source ""data/token/ERC20/utils/SafeERC20.sol"" not found: File not found. Searched the following locations: """".
 --> data/safe_contracts/openzeppelin_all/mocks_docs_ERC4626Fees.sol:7:1:
  |
7 | import {SafeERC20} from ""../../token/ERC20/utils/SafeERC20.sol"";
  | ^^^^^^^^^^^^^^^^^^^^^^^^^^^^^^^^^^^^^^^^^^^^^^^^^^^^^^^^^^^^^^^^

Error: Source ""data/utils/math/Math.sol"" not found: File not found. Searched the following locations: """".
 --> data/safe_contracts/openzeppelin_all/mocks_docs_ERC4626Fees.sol:8:1:
  |
8 | import {Math} from ""../../utils/math/Math.sol"";
  | ^^^^^^^^^^^^^^^^^^^^^^^^^^^^^^^^^^^^^^^^^^^^^^^

",0,0,0,0,0.0,False,0,0,0,0,0,0,0.0,False,0,0,0.0,0,0,0,False,0,0,0.0,0,0,0,1.0,False,0,0,0,0
592,mocks_token_ERC4646FeesMock,0x0000000000000000000007619096721563007817,data/safe_contracts/openzeppelin_all/mocks_token_ERC4646FeesMock.sol,,openzeppelin,False,False,False,False,False,False,False,False,False,False,False,False,False,False,False,False,False,False,False,False,False,False,False,False,False,0,0,0,0,0,0,0,0,0,0,1,0,0.0,0,0,0.0,0,0,0,0,0,0,0,0,0,0,0,0.0,0.0,0.0,0.0,False,simple,0,IMPORT_ERROR,"File not found: Invalid compilation: 
Invalid solc compilation Error: Source ""data/safe_contracts/docs/ERC4626Fees.sol"" not found: File not found. Searched the following locations: """".
 --> data/safe_contracts/openzeppelin_all/mocks_token_ERC4646FeesMock.sol:5:1:
  |
5 | import {ERC4626Fees} from ""../docs/ERC4626Fees.sol"";
  | ^^^^^^^^^^^^^^^^^^^^^^^^^^^^^^^^^^^^^^^^^^^^^^^^^^^^

",0,0,0,0,0.0,False,0,0,0,0,0,0,0.0,False,0,0,0.0,0,0,0,False,0,0,0.0,0,0,0,1.0,False,0,0,0,0
593,utils_NoncesKeyed,0x9999999999999999999999116414846068801712,data/safe_contracts/openzeppelin_all/utils_NoncesKeyed.sol,,openzeppelin,False,False,False,False,False,False,False,False,False,False,False,False,False,False,False,False,False,False,False,False,False,False,False,False,False,0,0,0,0,0,0,0,0,0,0,1,0,0.0,0,0,0.0,0,0,0,0,0,0,0,0,0,0,0,0.0,0.0,0.0,0.0,False,simple,0,IMPORT_ERROR,"File not found: Invalid compilation: 
Invalid solc compilation Error: Source ""data/safe_contracts/openzeppelin_all/Nonces.sol"" not found: File not found. Searched the following locations: """".
 --> data/safe_contracts/openzeppelin_all/utils_NoncesKeyed.sol:5:1:
  |
5 | import {Nonces} from ""./Nonces.sol"";
  | ^^^^^^^^^^^^^^^^^^^^^^^^^^^^^^^^^^^^

",0,0,0,0,0.0,False,0,0,0,0,0,0,0.0,False,0,0,0.0,0,0,0,False,0,0,0.0,0,0,0,1.0,False,0,0,0,0
594,governance_extensions_GovernorVotesSuperQuorumFraction,0x0000000000000000000004991903226925053033,data/safe_contracts/openzeppelin_all/governance_extensions_GovernorVotesSuperQuorumFraction.sol,,openzeppelin,False,False,False,False,False,False,False,False,False,False,False,False,False,False,False,False,False,False,False,False,False,False,False,False,False,0,0,0,0,0,0,0,0,0,0,1,0,0.0,0,0,0.0,0,0,0,0,0,0,0,0,0,0,0,0.0,0.0,0.0,0.0,False,simple,0,IMPORT_ERROR,"File not found: Invalid compilation: 
Invalid solc compilation Error: Source ""data/safe_contracts/Governor.sol"" not found: File not found. Searched the following locations: """".
 --> data/safe_contracts/openzeppelin_all/governance_extensions_GovernorVotesSuperQuorumFraction.sol:6:1:
  |
6 | import {Governor} from ""../Governor.sol"";
  | ^^^^^^^^^^^^^^^^^^^^^^^^^^^^^^^^^^^^^^^^^

Error: Source ""data/safe_contracts/openzeppelin_all/GovernorSuperQuorum.sol"" not found: File not found. Searched the following locations: """".
 --> data/safe_contracts/openzeppelin_all/governance_extensions_GovernorVotesSuperQuorumFraction.sol:7:1:
  |
7 | import {GovernorSuperQuorum} from ""./GovernorSuperQuorum.sol"";
  | ^^^^^^^^^^^^^^^^^^^^^^^^^^^^^^^^^^^^^^^^^^^^^^^^^^^^^^^^^^^^^^

Error: Source ""data/safe_contracts/openzeppelin_all/GovernorVotesQuorumFraction.sol"" not found: File not found. Searched the following locations: """".
 --> data/safe_contracts/openzeppelin_all/governance_extensions_GovernorVotesSuperQuorumFraction.sol:8:1:
  |
8 | import {GovernorVotesQuorumFraction} from ""./GovernorVotesQuorumFraction.sol"";
  | ^^^^^^^^^^^^^^^^^^^^^^^^^^^^^^^^^^^^^^^^^^^^^^^^^^^^^^^^^^^^^^^^^^^^^^^^^^^^^^

Error: Source ""data/utils/math/Math.sol"" not found: File not found. Searched the following locations: """".
 --> data/safe_contracts/openzeppelin_all/governance_extensions_GovernorVotesSuperQuorumFraction.sol:9:1:
  |
9 | import {Math} from ""../../utils/math/Math.sol"";
  | ^^^^^^^^^^^^^^^^^^^^^^^^^^^^^^^^^^^^^^^^^^^^^^^

Error: Source ""data/utils/math/SafeCast.sol"" not found: File not found. Searched the following locations: """".
  --> data/safe_contracts/openzeppelin_all/governance_extensions_GovernorVotesSuperQuorumFraction.sol:10:1:
   |
10 | import {SafeCast} from ""../../utils/math/SafeCast.sol"";
   | ^^^^^^^^^^^^^^^^^^^^^^^^^^^^^^^^^^^^^^^^^^^^^^^^^^^^^^^

Error: Source ""data/utils/structs/Checkpoints.sol"" not found: File not found. Searched the following locations: """".
  --> data/safe_contrac",0,0,0,0,0.0,False,0,0,0,0,0,0,0.0,False,0,0,0.0,0,0,0,False,0,0,0.0,0,0,0,1.0,False,0,0,0,0
595,mocks_proxy_UUPSUpgradeableMock,0x9999999999999999999997363538412630710037,data/safe_contracts/openzeppelin_all/mocks_proxy_UUPSUpgradeableMock.sol,,openzeppelin,False,False,False,False,False,False,False,False,False,False,False,False,False,False,False,False,False,False,False,False,False,False,False,False,False,0,0,0,0,0,0,0,0,0,0,1,0,0.0,0,0,0.0,0,0,0,0,0,0,0,0,0,0,0,0.0,0.0,0.0,0.0,False,simple,0,IMPORT_ERROR,"File not found: Invalid compilation: 
Invalid solc compilation Error: Source ""data/proxy/utils/UUPSUpgradeable.sol"" not found: File not found. Searched the following locations: """".
 --> data/safe_contracts/openzeppelin_all/mocks_proxy_UUPSUpgradeableMock.sol:5:1:
  |
5 | import {UUPSUpgradeable} from ""../../proxy/utils/UUPSUpgradeable.sol"";
  | ^^^^^^^^^^^^^^^^^^^^^^^^^^^^^^^^^^^^^^^^^^^^^^^^^^^^^^^^^^^^^^^^^^^^^^

Error: Source ""data/proxy/ERC1967/ERC1967Utils.sol"" not found: File not found. Searched the following locations: """".
 --> data/safe_contracts/openzeppelin_all/mocks_proxy_UUPSUpgradeableMock.sol:6:1:
  |
6 | import {ERC1967Utils} from ""../../proxy/ERC1967/ERC1967Utils.sol"";
  | ^^^^^^^^^^^^^^^^^^^^^^^^^^^^^^^^^^^^^^^^^^^^^^^^^^^^^^^^^^^^^^^^^^

",0,0,0,0,0.0,False,0,0,0,0,0,0,0.0,False,0,0,0.0,0,0,0,False,0,0,0.0,0,0,0,1.0,False,0,0,0,0
596,utils_Nonces,0x0000000000000000000002452220401693806921,data/safe_contracts/openzeppelin_all/utils_Nonces.sol,,openzeppelin,False,False,False,False,False,False,False,False,False,False,False,False,False,False,False,False,False,False,False,False,False,False,True,False,False,0,0,4,3,0,1,0,3,0,41,1,1,1.6666666666666667,0,22,0.5365853658536586,0,0,0,0,2,2,0,0,0,2,1,0.0,0.0,4.0,6.8,False,simple,0,,,9,7,0,3,0.7777777777777778,False,2,5,3,2,0,0,0.0,False,1,2,0.6666666666666666,3,1,1,True,0,4,0.0,3,0,0,1.0,False,0,0,0,0
597,crosschain_bridges_BridgeERC20Core,0x0000000000000000000005842053425183533864,data/safe_contracts/openzeppelin_all/crosschain_bridges_BridgeERC20Core.sol,,openzeppelin,False,False,False,False,False,False,False,False,False,False,False,False,False,False,False,False,False,False,False,False,False,False,False,False,False,0,0,0,0,0,0,0,0,0,0,1,0,0.0,0,0,0.0,0,0,0,0,0,0,0,0,0,0,0,0.0,0.0,0.0,0.0,False,simple,0,IMPORT_ERROR,"File not found: Invalid compilation: 
Invalid solc compilation Error: Source ""data/utils/draft-InteroperableAddress.sol"" not found: File not found. Searched the following locations: """".
 --> data/safe_contracts/openzeppelin_all/crosschain_bridges_BridgeERC20Core.sol:5:1:
  |
5 | import {InteroperableAddress} from ""../../utils/draft-InteroperableAddress.sol"";
  | ^^^^^^^^^^^^^^^^^^^^^^^^^^^^^^^^^^^^^^^^^^^^^^^^^^^^^^^^^^^^^^^^^^^^^^^^^^^^^^^^

Error: Source ""data/utils/Context.sol"" not found: File not found. Searched the following locations: """".
 --> data/safe_contracts/openzeppelin_all/crosschain_bridges_BridgeERC20Core.sol:6:1:
  |
6 | import {Context} from ""../../utils/Context.sol"";
  | ^^^^^^^^^^^^^^^^^^^^^^^^^^^^^^^^^^^^^^^^^^^^^^^^

Error: Source ""data/safe_contracts/ERC7786Recipient.sol"" not found: File not found. Searched the following locations: """".
 --> data/safe_contracts/openzeppelin_all/crosschain_bridges_BridgeERC20Core.sol:7:1:
  |
7 | import {ERC7786Recipient} from ""../ERC7786Recipient.sol"";
  | ^^^^^^^^^^^^^^^^^^^^^^^^^^^^^^^^^^^^^^^^^^^^^^^^^^^^^^^^^

Error: Source ""data/safe_contracts/CrosschainLinked.sol"" not found: File not found. Searched the following locations: """".
 --> data/safe_contracts/openzeppelin_all/crosschain_bridges_BridgeERC20Core.sol:8:1:
  |
8 | import {CrosschainLinked} from ""../CrosschainLinked.sol"";
  | ^^^^^^^^^^^^^^^^^^^^^^^^^^^^^^^^^^^^^^^^^^^^^^^^^^^^^^^^^

",0,0,0,0,0.0,False,0,0,0,0,0,0,0.0,False,0,0,0.0,0,0,0,False,0,0,0.0,0,0,0,1.0,False,0,0,0,0
598,mocks_BatchCaller,0x0000000000000000000000595500861918836601,data/safe_contracts/openzeppelin_all/mocks_BatchCaller.sol,,openzeppelin,False,False,False,False,False,False,False,False,False,False,False,False,False,False,False,False,False,False,False,False,False,False,False,False,False,0,0,0,0,0,0,0,0,0,0,1,0,0.0,0,0,0.0,0,0,0,0,0,0,0,0,0,0,0,0.0,0.0,0.0,0.0,False,simple,0,IMPORT_ERROR,"File not found: Invalid compilation: 
Invalid solc compilation Error: Source ""data/safe_contracts/utils/Address.sol"" not found: File not found. Searched the following locations: """".
 --> data/safe_contracts/openzeppelin_all/mocks_BatchCaller.sol:4:1:
  |
4 | import {Address} from ""../utils/Address.sol"";
  | ^^^^^^^^^^^^^^^^^^^^^^^^^^^^^^^^^^^^^^^^^^^^^

",0,0,0,0,0.0,False,0,0,0,0,0,0,0.0,False,0,0,0.0,0,0,0,False,0,0,0.0,0,0,0,1.0,False,0,0,0,0
599,token_ERC20_extensions_ERC20Crosschain,0x9999999999999999999992782520963535046325,data/safe_contracts/openzeppelin_all/token_ERC20_extensions_ERC20Crosschain.sol,,openzeppelin,False,False,False,False,False,False,False,False,False,False,False,False,False,False,False,False,False,False,False,False,False,False,False,False,False,0,0,0,0,0,0,0,0,0,0,1,0,0.0,0,0,0.0,0,0,0,0,0,0,0,0,0,0,0,0.0,0.0,0.0,0.0,False,simple,0,IMPORT_ERROR,"File not found: Invalid compilation: 
Invalid solc compilation Error: Source ""data/safe_contracts/ERC20.sol"" not found: File not found. Searched the following locations: """".
 --> data/safe_contracts/openzeppelin_all/token_ERC20_extensions_ERC20Crosschain.sol:5:1:
  |
5 | import {ERC20} from ""../ERC20.sol"";
  | ^^^^^^^^^^^^^^^^^^^^^^^^^^^^^^^^^^^

Error: Source ""crosschain/bridges/BridgeERC20Core.sol"" not found: File not found. Searched the following locations: """".
 --> data/safe_contracts/openzeppelin_all/token_ERC20_extensions_ERC20Crosschain.sol:6:1:
  |
6 | import {BridgeERC20Core} from ""../../../crosschain/bridges/BridgeERC20Core.sol"";
  | ^^^^^^^^^^^^^^^^^^^^^^^^^^^^^^^^^^^^^^^^^^^^^^^^^^^^^^^^^^^^^^^^^^^^^^^^^^^^^^^^

",0,0,0,0,0.0,False,0,0,0,0,0,0,0.0,False,0,0,0.0,0,0,0,False,0,0,0.0,0,0,0,1.0,False,0,0,0,0
600,utils_Base64,0x9999999999999999999996221726624341642742,data/safe_contracts/openzeppelin_all/utils_Base64.sol,,openzeppelin,False,False,False,False,False,False,False,False,False,False,False,False,False,False,False,False,False,False,False,False,False,False,False,False,False,0,0,0,0,0,0,0,0,0,0,1,0,0.0,0,0,0.0,0,0,0,0,0,0,0,0,0,0,0,0.0,0.0,0.0,0.0,False,simple,0,IMPORT_ERROR,"File not found: Invalid compilation: 
Invalid solc compilation Error: Source ""data/safe_contracts/openzeppelin_all/math/SafeCast.sol"" not found: File not found. Searched the following locations: """".
 --> data/safe_contracts/openzeppelin_all/utils_Base64.sol:6:1:
  |
6 | import {SafeCast} from ""./math/SafeCast.sol"";
  | ^^^^^^^^^^^^^^^^^^^^^^^^^^^^^^^^^^^^^^^^^^^^^

",0,0,0,0,0.0,False,0,0,0,0,0,0,0.0,False,0,0,0.0,0,0,0,False,0,0,0.0,0,0,0,1.0,False,0,0,0,0
601,governance_extensions_GovernorCountingFractional,0x0000000000000000000003644012823043616905,data/safe_contracts/openzeppelin_all/governance_extensions_GovernorCountingFractional.sol,,openzeppelin,False,False,False,False,False,False,False,False,False,False,False,False,False,False,False,False,False,False,False,False,False,False,False,False,False,0,0,0,0,0,0,0,0,0,0,1,0,0.0,0,0,0.0,0,0,0,0,0,0,0,0,0,0,0,0.0,0.0,0.0,0.0,False,simple,0,IMPORT_ERROR,"File not found: Invalid compilation: 
Invalid solc compilation Error: Source ""data/safe_contracts/Governor.sol"" not found: File not found. Searched the following locations: """".
 --> data/safe_contracts/openzeppelin_all/governance_extensions_GovernorCountingFractional.sol:6:1:
  |
6 | import {IGovernor, Governor} from ""../Governor.sol"";
  | ^^^^^^^^^^^^^^^^^^^^^^^^^^^^^^^^^^^^^^^^^^^^^^^^^^^^

Error: Source ""data/safe_contracts/openzeppelin_all/GovernorCountingSimple.sol"" not found: File not found. Searched the following locations: """".
 --> data/safe_contracts/openzeppelin_all/governance_extensions_GovernorCountingFractional.sol:7:1:
  |
7 | import {GovernorCountingSimple} from ""./GovernorCountingSimple.sol"";
  | ^^^^^^^^^^^^^^^^^^^^^^^^^^^^^^^^^^^^^^^^^^^^^^^^^^^^^^^^^^^^^^^^^^^^

Error: Source ""data/utils/math/Math.sol"" not found: File not found. Searched the following locations: """".
 --> data/safe_contracts/openzeppelin_all/governance_extensions_GovernorCountingFractional.sol:8:1:
  |
8 | import {Math} from ""../../utils/math/Math.sol"";
  | ^^^^^^^^^^^^^^^^^^^^^^^^^^^^^^^^^^^^^^^^^^^^^^^

",0,0,0,0,0.0,False,0,0,0,0,0,0,0.0,False,0,0,0.0,0,0,0,False,0,0,0.0,0,0,0,1.0,False,0,0,0,0
602,governance_extensions_GovernorNoncesKeyed,0x0000000000000000000004531433721101360361,data/safe_contracts/openzeppelin_all/governance_extensions_GovernorNoncesKeyed.sol,,openzeppelin,False,False,False,False,False,False,False,False,False,False,False,False,False,False,False,False,False,False,False,False,False,False,False,False,False,0,0,0,0,0,0,0,0,0,0,1,0,0.0,0,0,0.0,0,0,0,0,0,0,0,0,0,0,0,0.0,0.0,0.0,0.0,False,simple,0,IMPORT_ERROR,"File not found: Invalid compilation: 
Invalid solc compilation Error: Source ""data/safe_contracts/Governor.sol"" not found: File not found. Searched the following locations: """".
 --> data/safe_contracts/openzeppelin_all/governance_extensions_GovernorNoncesKeyed.sol:6:1:
  |
6 | import {Governor} from ""../Governor.sol"";
  | ^^^^^^^^^^^^^^^^^^^^^^^^^^^^^^^^^^^^^^^^^

Error: Source ""data/utils/Nonces.sol"" not found: File not found. Searched the following locations: """".
 --> data/safe_contracts/openzeppelin_all/governance_extensions_GovernorNoncesKeyed.sol:7:1:
  |
7 | import {Nonces} from ""../../utils/Nonces.sol"";
  | ^^^^^^^^^^^^^^^^^^^^^^^^^^^^^^^^^^^^^^^^^^^^^^

Error: Source ""data/utils/NoncesKeyed.sol"" not found: File not found. Searched the following locations: """".
 --> data/safe_contracts/openzeppelin_all/governance_extensions_GovernorNoncesKeyed.sol:8:1:
  |
8 | import {NoncesKeyed} from ""../../utils/NoncesKeyed.sol"";
  | ^^^^^^^^^^^^^^^^^^^^^^^^^^^^^^^^^^^^^^^^^^^^^^^^^^^^^^^^

Error: Source ""data/utils/cryptography/SignatureChecker.sol"" not found: File not found. Searched the following locations: """".
 --> data/safe_contracts/openzeppelin_all/governance_extensions_GovernorNoncesKeyed.sol:9:1:
  |
9 | import {SignatureChecker} from ""../../utils/cryptography/SignatureChecker.sol"";
  | ^^^^^^^^^^^^^^^^^^^^^^^^^^^^^^^^^^^^^^^^^^^^^^^^^^^^^^^^^^^^^^^^^^^^^^^^^^^^^^^

",0,0,0,0,0.0,False,0,0,0,0,0,0,0.0,False,0,0,0.0,0,0,0,False,0,0,0.0,0,0,0,1.0,False,0,0,0,0
603,utils_Packing,0x9999999999999999999997905060595047555669,data/safe_contracts/openzeppelin_all/utils_Packing.sol,,openzeppelin,False,False,False,False,False,False,False,False,False,False,False,False,False,False,True,False,False,False,False,False,False,False,True,False,False,0,0,638,212,0,0,0,3,0,1442,1,1,1.7358490566037736,0,32,0.022191400832177532,0,0,0,0,426,212,0,0,0,4,2,0.0,0.0,638.0,91616.8,True,complex,2,,,1350,1216,0,5,0.9007407407407407,False,0,368,212,156,0,0,0.0,False,0,212,0.7358490566037735,57,0,0,False,0,502,0.0,212,0,0,1.0,False,0,0,0,0
604,governance_extensions_GovernorSettings,0x9999999999999999999993582033835489918623,data/safe_contracts/openzeppelin_all/governance_extensions_GovernorSettings.sol,,openzeppelin,False,False,False,False,False,False,False,False,False,False,False,False,False,False,False,False,False,False,False,False,False,False,False,False,False,0,0,0,0,0,0,0,0,0,0,1,0,0.0,0,0,0.0,0,0,0,0,0,0,0,0,0,0,0,0.0,0.0,0.0,0.0,False,simple,0,IMPORT_ERROR,"File not found: Invalid compilation: 
Invalid solc compilation Error: Source ""data/safe_contracts/Governor.sol"" not found: File not found. Searched the following locations: """".
 --> data/safe_contracts/openzeppelin_all/governance_extensions_GovernorSettings.sol:6:1:
  |
6 | import {IGovernor, Governor} from ""../Governor.sol"";
  | ^^^^^^^^^^^^^^^^^^^^^^^^^^^^^^^^^^^^^^^^^^^^^^^^^^^^

",0,0,0,0,0.0,False,0,0,0,0,0,0,0.0,False,0,0,0.0,0,0,0,False,0,0,0.0,0,0,0,1.0,False,0,0,0,0
605,mocks_compound_CompTimelock,0x9999999999999999999993451347864076957973,data/safe_contracts/openzeppelin_all/mocks_compound_CompTimelock.sol,,openzeppelin,False,False,True,True,False,False,True,False,False,False,False,False,False,False,False,False,False,False,False,False,False,False,True,False,False,0,0,9,10,5,7,0,3,1,145,1,1,1.2,0,27,0.18620689655172415,2,0,0,0,3,6,0,0,0,5,4,0.0,0.0,9.0,12.96,True,moderate,1,,,56,47,0,16,0.8392857142857143,False,3,12,10,16,1,5,0.23809523809523808,False,8,2,1.6,7,7,6,True,1,19,6.0,6,0,0,1.0,False,0,0,0,0
606,account_Account,0x9999999999999999999997542747514370236767,data/safe_contracts/openzeppelin_all/account_Account.sol,,openzeppelin,False,False,False,False,False,False,False,False,False,False,False,False,False,False,False,False,False,False,False,False,False,False,False,False,False,0,0,0,0,0,0,0,0,0,0,1,0,0.0,0,0,0.0,0,0,0,0,0,0,0,0,0,0,0,0.0,0.0,0.0,0.0,False,simple,0,IMPORT_ERROR,"File not found: Invalid compilation: 
Invalid solc compilation Error: Source ""data/safe_contracts/interfaces/draft-IERC4337.sol"" not found: File not found. Searched the following locations: """".
 --> data/safe_contracts/openzeppelin_all/account_Account.sol:6:1:
  |
6 | import {PackedUserOperation, IAccount, IEntryPoint} from ""../interfaces/draft-IERC4337.sol"";
  | ^^^^^^^^^^^^^^^^^^^^^^^^^^^^^^^^^^^^^^^^^^^^^^^^^^^^^^^^^^^^^^^^^^^^^^^^^^^^^^^^^^^^^^^^^^^^

Error: Source ""data/safe_contracts/openzeppelin_all/utils/draft-ERC4337Utils.sol"" not found: File not found. Searched the following locations: """".
 --> data/safe_contracts/openzeppelin_all/account_Account.sol:7:1:
  |
7 | import {ERC4337Utils} from ""./utils/draft-ERC4337Utils.sol"";
  | ^^^^^^^^^^^^^^^^^^^^^^^^^^^^^^^^^^^^^^^^^^^^^^^^^^^^^^^^^^^^

Error: Source ""data/safe_contracts/utils/cryptography/signers/AbstractSigner.sol"" not found: File not found. Searched the following locations: """".
 --> data/safe_contracts/openzeppelin_all/account_Account.sol:8:1:
  |
8 | import {AbstractSigner} from ""../utils/cryptography/signers/AbstractSigner.sol"";
  | ^^^^^^^^^^^^^^^^^^^^^^^^^^^^^^^^^^^^^^^^^^^^^^^^^^^^^^^^^^^^^^^^^^^^^^^^^^^^^^^^

Error: Source ""data/safe_contracts/utils/LowLevelCall.sol"" not found: File not found. Searched the following locations: """".
 --> data/safe_contracts/openzeppelin_all/account_Account.sol:9:1:
  |
9 | import {LowLevelCall} from ""../utils/LowLevelCall.sol"";
  | ^^^^^^^^^^^^^^^^^^^^^^^^^^^^^^^^^^^^^^^^^^^^^^^^^^^^^^^

",0,0,0,0,0.0,False,0,0,0,0,0,0,0.0,False,0,0,0.0,0,0,0,False,0,0,0.0,0,0,0,1.0,False,0,0,0,0
607,mocks_governance_GovernorSuperQuorumMock,0x0000000000000000000004468696733535901188,data/safe_contracts/openzeppelin_all/mocks_governance_GovernorSuperQuorumMock.sol,,openzeppelin,False,False,False,False,False,False,False,False,False,False,False,False,False,False,False,False,False,False,False,False,False,False,False,False,False,0,0,0,0,0,0,0,0,0,0,1,0,0.0,0,0,0.0,0,0,0,0,0,0,0,0,0,0,0,0.0,0.0,0.0,0.0,False,simple,0,IMPORT_ERROR,"File not found: Invalid compilation: 
Invalid solc compilation Error: Source ""data/governance/Governor.sol"" not found: File not found. Searched the following locations: """".
 --> data/safe_contracts/openzeppelin_all/mocks_governance_GovernorSuperQuorumMock.sol:5:1:
  |
5 | import {Governor} from ""../../governance/Governor.sol"";
  | ^^^^^^^^^^^^^^^^^^^^^^^^^^^^^^^^^^^^^^^^^^^^^^^^^^^^^^^

Error: Source ""data/governance/extensions/GovernorSettings.sol"" not found: File not found. Searched the following locations: """".
 --> data/safe_contracts/openzeppelin_all/mocks_governance_GovernorSuperQuorumMock.sol:6:1:
  |
6 | import {GovernorSettings} from ""../../governance/extensions/GovernorSettings.sol"";
  | ^^^^^^^^^^^^^^^^^^^^^^^^^^^^^^^^^^^^^^^^^^^^^^^^^^^^^^^^^^^^^^^^^^^^^^^^^^^^^^^^^^

Error: Source ""data/governance/extensions/GovernorVotes.sol"" not found: File not found. Searched the following locations: """".
 --> data/safe_contracts/openzeppelin_all/mocks_governance_GovernorSuperQuorumMock.sol:7:1:
  |
7 | import {GovernorVotes} from ""../../governance/extensions/GovernorVotes.sol"";
  | ^^^^^^^^^^^^^^^^^^^^^^^^^^^^^^^^^^^^^^^^^^^^^^^^^^^^^^^^^^^^^^^^^^^^^^^^^^^^

Error: Source ""data/governance/extensions/GovernorSuperQuorum.sol"" not found: File not found. Searched the following locations: """".
 --> data/safe_contracts/openzeppelin_all/mocks_governance_GovernorSuperQuorumMock.sol:8:1:
  |
8 | import {GovernorSuperQuorum} from ""../../governance/extensions/GovernorSuperQuorum.sol"";
  | ^^^^^^^^^^^^^^^^^^^^^^^^^^^^^^^^^^^^^^^^^^^^^^^^^^^^^^^^^^^^^^^^^^^^^^^^^^^^^^^^^^^^^^^^

Error: Source ""data/governance/extensions/GovernorCountingSimple.sol"" not found: File not found. Searched the following locations: """".
 --> data/safe_contracts/openzeppelin_all/mocks_governance_GovernorSuperQuorumMock.sol:9:1:
  |
9 | import {GovernorCountingSimple} from ""../../governance/extensions/GovernorCountingSimple.sol"";
  | ^^^^^^^^^^^^^^^^^^^^^^^^^^^^^^^^^^^^^^^^^^^^^^^^^^^^^^^^^^^^^^^^^^^^^^^^^^^^",0,0,0,0,0.0,False,0,0,0,0,0,0,0.0,False,0,0,0.0,0,0,0,False,0,0,0.0,0,0,0,1.0,False,0,0,0,0
608,interfaces_IERC5313,0x9999999999999999999999577106549977192001,data/safe_contracts/openzeppelin_all/interfaces_IERC5313.sol,,openzeppelin,False,False,False,False,False,False,False,False,False,False,False,False,False,False,False,False,False,False,False,False,False,False,True,False,False,0,0,2,1,0,0,0,1,0,14,1,1,1.0,0,10,0.7142857142857143,0,0,0,0,2,0,0,0,0,1,1,0.0,0.0,2.0,4.0,False,simple,0,,,0,0,0,0,0.0,False,0,0,1,0,0,0,0.0,False,1,0,0.0,1,0,0,False,0,0,0.0,0,0,0,1.0,False,0,0,0,0
609,utils_cryptography_signers_SignerP256,0x0000000000000000000008757367535933405862,data/safe_contracts/openzeppelin_all/utils_cryptography_signers_SignerP256.sol,,openzeppelin,False,False,False,False,False,False,False,False,False,False,False,False,False,False,False,False,False,False,False,False,False,False,False,False,False,0,0,0,0,0,0,0,0,0,0,1,0,0.0,0,0,0.0,0,0,0,0,0,0,0,0,0,0,0,0.0,0.0,0.0,0.0,False,simple,0,IMPORT_ERROR,"File not found: Invalid compilation: 
Invalid solc compilation Error: Source ""data/safe_contracts/openzeppelin_all/AbstractSigner.sol"" not found: File not found. Searched the following locations: """".
 --> data/safe_contracts/openzeppelin_all/utils_cryptography_signers_SignerP256.sol:6:1:
  |
6 | import {AbstractSigner} from ""./AbstractSigner.sol"";
  | ^^^^^^^^^^^^^^^^^^^^^^^^^^^^^^^^^^^^^^^^^^^^^^^^^^^^

Error: Source ""data/safe_contracts/P256.sol"" not found: File not found. Searched the following locations: """".
 --> data/safe_contracts/openzeppelin_all/utils_cryptography_signers_SignerP256.sol:7:1:
  |
7 | import {P256} from ""../P256.sol"";
  | ^^^^^^^^^^^^^^^^^^^^^^^^^^^^^^^^^

",0,0,0,0,0.0,False,0,0,0,0,0,0,0.0,False,0,0,0.0,0,0,0,False,0,0,0.0,0,0,0,1.0,False,0,0,0,0
610,utils_Calldata,0x0000000000000000000002161581346931516878,data/safe_contracts/openzeppelin_all/utils_Calldata.sol,,openzeppelin,False,False,False,False,False,False,False,False,False,False,False,False,False,False,True,False,False,False,False,False,False,False,True,False,False,0,0,6,2,0,0,0,1,0,22,1,1,1.0,0,7,0.3181818181818182,0,0,0,0,4,2,0,0,0,3,2,0.0,0.0,6.0,10.8,False,simple,0,,,10,8,0,4,0.8,False,0,2,2,0,0,0,0.0,False,0,2,0.0,2,0,0,False,0,0,0.0,0,0,0,1.0,False,0,0,0,0
611,governance_extensions_GovernorProposalGuardian,0x9999999999999999999994827187769195268627,data/safe_contracts/openzeppelin_all/governance_extensions_GovernorProposalGuardian.sol,,openzeppelin,False,False,False,False,False,False,False,False,False,False,False,False,False,False,False,False,False,False,False,False,False,False,False,False,False,0,0,0,0,0,0,0,0,0,0,1,0,0.0,0,0,0.0,0,0,0,0,0,0,0,0,0,0,0,0.0,0.0,0.0,0.0,False,simple,0,IMPORT_ERROR,"File not found: Invalid compilation: 
Invalid solc compilation Error: Source ""data/safe_contracts/Governor.sol"" not found: File not found. Searched the following locations: """".
 --> data/safe_contracts/openzeppelin_all/governance_extensions_GovernorProposalGuardian.sol:6:1:
  |
6 | import {Governor} from ""../Governor.sol"";
  | ^^^^^^^^^^^^^^^^^^^^^^^^^^^^^^^^^^^^^^^^^

",0,0,0,0,0.0,False,0,0,0,0,0,0,0.0,False,0,0,0.0,0,0,0,False,0,0,0.0,0,0,0,1.0,False,0,0,0,0
612,mocks_CallReceiverMock,0x9999999999999999999995048982485075492269,data/safe_contracts/openzeppelin_all/mocks_CallReceiverMock.sol,,openzeppelin,False,False,False,False,False,False,False,False,False,False,False,False,False,False,True,True,False,False,False,False,False,False,True,False,False,0,1,7,15,1,1,0,3,0,83,2,1,1.1333333333333333,0,1,0.012048192771084338,11,0,0,0,7,2,0,1,1,6,2,0.0,0.0,12.0,16.8,False,moderate,1,,,48,33,1,5,0.6875,False,8,17,15,6,1,1,0.14285714285714285,False,15,0,0.4,13,1,0,True,0,14,0.0,6,0,0,1.0,False,0,0,0,0
613,utils_Pausable,0x0000000000000000000008324034465335825008,data/safe_contracts/openzeppelin_all/utils_Pausable.sol,,openzeppelin,False,False,False,False,False,False,False,False,False,False,False,False,False,False,False,False,False,False,False,False,False,False,False,False,False,0,0,0,0,0,0,0,0,0,0,1,0,0.0,0,0,0.0,0,0,0,0,0,0,0,0,0,0,0,0.0,0.0,0.0,0.0,False,simple,0,IMPORT_ERROR,"File not found: Invalid compilation: 
Invalid solc compilation Error: Source ""data/safe_contracts/utils/Context.sol"" not found: File not found. Searched the following locations: """".
 --> data/safe_contracts/openzeppelin_all/utils_Pausable.sol:6:1:
  |
6 | import {Context} from ""../utils/Context.sol"";
  | ^^^^^^^^^^^^^^^^^^^^^^^^^^^^^^^^^^^^^^^^^^^^^

",0,0,0,0,0.0,False,0,0,0,0,0,0,0.0,False,0,0,0.0,0,0,0,False,0,0,0.0,0,0,0,1.0,False,0,0,0,0
614,token_ERC721_extensions_ERC721URIStorage,0x9999999999999999999991304186306157942963,data/safe_contracts/openzeppelin_all/token_ERC721_extensions_ERC721URIStorage.sol,,openzeppelin,False,False,False,False,False,False,False,False,False,False,False,False,False,False,False,False,False,False,False,False,False,False,False,False,False,0,0,0,0,0,0,0,0,0,0,1,0,0.0,0,0,0.0,0,0,0,0,0,0,0,0,0,0,0,0.0,0.0,0.0,0.0,False,simple,0,IMPORT_ERROR,"File not found: Invalid compilation: 
Invalid solc compilation Error: Source ""data/safe_contracts/ERC721.sol"" not found: File not found. Searched the following locations: """".
 --> data/safe_contracts/openzeppelin_all/token_ERC721_extensions_ERC721URIStorage.sol:6:1:
  |
6 | import {ERC721} from ""../ERC721.sol"";
  | ^^^^^^^^^^^^^^^^^^^^^^^^^^^^^^^^^^^^^

Error: Source ""data/safe_contracts/openzeppelin_all/IERC721Metadata.sol"" not found: File not found. Searched the following locations: """".
 --> data/safe_contracts/openzeppelin_all/token_ERC721_extensions_ERC721URIStorage.sol:7:1:
  |
7 | import {IERC721Metadata} from ""./IERC721Metadata.sol"";
  | ^^^^^^^^^^^^^^^^^^^^^^^^^^^^^^^^^^^^^^^^^^^^^^^^^^^^^^

Error: Source ""interfaces/IERC4906.sol"" not found: File not found. Searched the following locations: """".
 --> data/safe_contracts/openzeppelin_all/token_ERC721_extensions_ERC721URIStorage.sol:8:1:
  |
8 | import {IERC4906} from ""../../../interfaces/IERC4906.sol"";
  | ^^^^^^^^^^^^^^^^^^^^^^^^^^^^^^^^^^^^^^^^^^^^^^^^^^^^^^^^^^

Error: Source ""interfaces/IERC165.sol"" not found: File not found. Searched the following locations: """".
 --> data/safe_contracts/openzeppelin_all/token_ERC721_extensions_ERC721URIStorage.sol:9:1:
  |
9 | import {IERC165} from ""../../../interfaces/IERC165.sol"";
  | ^^^^^^^^^^^^^^^^^^^^^^^^^^^^^^^^^^^^^^^^^^^^^^^^^^^^^^^^

",0,0,0,0,0.0,False,0,0,0,0,0,0,0.0,False,0,0,0.0,0,0,0,False,0,0,0.0,0,0,0,1.0,False,0,0,0,0
615,mocks_ERC2771ContextMock,0x0000000000000000000002386763049250342971,data/safe_contracts/openzeppelin_all/mocks_ERC2771ContextMock.sol,,openzeppelin,False,False,False,False,False,False,False,False,False,False,False,False,False,False,False,False,False,False,False,False,False,False,False,False,False,0,0,0,0,0,0,0,0,0,0,1,0,0.0,0,0,0.0,0,0,0,0,0,0,0,0,0,0,0,0.0,0.0,0.0,0.0,False,simple,0,IMPORT_ERROR,"File not found: Invalid compilation: 
Invalid solc compilation Error: Source ""data/safe_contracts/openzeppelin_all/ContextMock.sol"" not found: File not found. Searched the following locations: """".
 --> data/safe_contracts/openzeppelin_all/mocks_ERC2771ContextMock.sol:5:1:
  |
5 | import {ContextMock} from ""./ContextMock.sol"";
  | ^^^^^^^^^^^^^^^^^^^^^^^^^^^^^^^^^^^^^^^^^^^^^^

Error: Source ""data/safe_contracts/utils/Context.sol"" not found: File not found. Searched the following locations: """".
 --> data/safe_contracts/openzeppelin_all/mocks_ERC2771ContextMock.sol:6:1:
  |
6 | import {Context} from ""../utils/Context.sol"";
  | ^^^^^^^^^^^^^^^^^^^^^^^^^^^^^^^^^^^^^^^^^^^^^

Error: Source ""data/safe_contracts/utils/Multicall.sol"" not found: File not found. Searched the following locations: """".
 --> data/safe_contracts/openzeppelin_all/mocks_ERC2771ContextMock.sol:7:1:
  |
7 | import {Multicall} from ""../utils/Multicall.sol"";
  | ^^^^^^^^^^^^^^^^^^^^^^^^^^^^^^^^^^^^^^^^^^^^^^^^^

Error: Source ""data/safe_contracts/metatx/ERC2771Context.sol"" not found: File not found. Searched the following locations: """".
 --> data/safe_contracts/openzeppelin_all/mocks_ERC2771ContextMock.sol:8:1:
  |
8 | import {ERC2771Context} from ""../metatx/ERC2771Context.sol"";
  | ^^^^^^^^^^^^^^^^^^^^^^^^^^^^^^^^^^^^^^^^^^^^^^^^^^^^^^^^^^^^

",0,0,0,0,0.0,False,0,0,0,0,0,0,0.0,False,0,0,0.0,0,0,0,False,0,0,0.0,0,0,0,1.0,False,0,0,0,0
616,token_ERC1155_IERC1155,0x9999999999999999999993854454146014689454,data/safe_contracts/openzeppelin_all/token_ERC1155_IERC1155.sol,,openzeppelin,False,False,False,False,False,False,False,False,False,False,False,False,False,False,False,False,False,False,False,False,False,False,False,False,False,0,0,0,0,0,0,0,0,0,0,1,0,0.0,0,0,0.0,0,0,0,0,0,0,0,0,0,0,0,0.0,0.0,0.0,0.0,False,simple,0,IMPORT_ERROR,"File not found: Invalid compilation: 
Invalid solc compilation Error: Source ""data/utils/introspection/IERC165.sol"" not found: File not found. Searched the following locations: """".
 --> data/safe_contracts/openzeppelin_all/token_ERC1155_IERC1155.sol:6:1:
  |
6 | import {IERC165} from ""../../utils/introspection/IERC165.sol"";
  | ^^^^^^^^^^^^^^^^^^^^^^^^^^^^^^^^^^^^^^^^^^^^^^^^^^^^^^^^^^^^^^

",0,0,0,0,0.0,False,0,0,0,0,0,0,0.0,False,0,0,0.0,0,0,0,False,0,0,0.0,0,0,0,1.0,False,0,0,0,0
617,mocks_token_ERC721URIStorageMock,0x9999999999999999999990891585407713111603,data/safe_contracts/openzeppelin_all/mocks_token_ERC721URIStorageMock.sol,,openzeppelin,False,False,False,False,False,False,False,False,False,False,False,False,False,False,False,False,False,False,False,False,False,False,False,False,False,0,0,0,0,0,0,0,0,0,0,1,0,0.0,0,0,0.0,0,0,0,0,0,0,0,0,0,0,0,0.0,0.0,0.0,0.0,False,simple,0,IMPORT_ERROR,"File not found: Invalid compilation: 
Invalid solc compilation Error: Source ""data/token/ERC721/extensions/ERC721URIStorage.sol"" not found: File not found. Searched the following locations: """".
 --> data/safe_contracts/openzeppelin_all/mocks_token_ERC721URIStorageMock.sol:5:1:
  |
5 | import {ERC721URIStorage} from ""../../token/ERC721/extensions/ERC721URIStorage.sol"";
  | ^^^^^^^^^^^^^^^^^^^^^^^^^^^^^^^^^^^^^^^^^^^^^^^^^^^^^^^^^^^^^^^^^^^^^^^^^^^^^^^^^^^^

",0,0,0,0,0.0,False,0,0,0,0,0,0,0.0,False,0,0,0.0,0,0,0,False,0,0,0.0,0,0,0,1.0,False,0,0,0,0
618,utils_Strings,0x9999999999999999999993585662044767716690,data/safe_contracts/openzeppelin_all/utils_Strings.sol,,openzeppelin,False,False,False,False,False,False,False,False,False,False,False,False,False,False,False,False,False,False,False,False,False,False,False,False,False,0,0,0,0,0,0,0,0,0,0,1,0,0.0,0,0,0.0,0,0,0,0,0,0,0,0,0,0,0,0.0,0.0,0.0,0.0,False,simple,0,IMPORT_ERROR,"File not found: Invalid compilation: 
Invalid solc compilation Error: Source ""data/safe_contracts/openzeppelin_all/math/Math.sol"" not found: File not found. Searched the following locations: """".
 --> data/safe_contracts/openzeppelin_all/utils_Strings.sol:6:1:
  |
6 | import {Math} from ""./math/Math.sol"";
  | ^^^^^^^^^^^^^^^^^^^^^^^^^^^^^^^^^^^^^

Error: Source ""data/safe_contracts/openzeppelin_all/math/SafeCast.sol"" not found: File not found. Searched the following locations: """".
 --> data/safe_contracts/openzeppelin_all/utils_Strings.sol:7:1:
  |
7 | import {SafeCast} from ""./math/SafeCast.sol"";
  | ^^^^^^^^^^^^^^^^^^^^^^^^^^^^^^^^^^^^^^^^^^^^^

Error: Source ""data/safe_contracts/openzeppelin_all/math/SignedMath.sol"" not found: File not found. Searched the following locations: """".
 --> data/safe_contracts/openzeppelin_all/utils_Strings.sol:8:1:
  |
8 | import {SignedMath} from ""./math/SignedMath.sol"";
  | ^^^^^^^^^^^^^^^^^^^^^^^^^^^^^^^^^^^^^^^^^^^^^^^^^

Error: Source ""data/safe_contracts/openzeppelin_all/Bytes.sol"" not found: File not found. Searched the following locations: """".
 --> data/safe_contracts/openzeppelin_all/utils_Strings.sol:9:1:
  |
9 | import {Bytes} from ""./Bytes.sol"";
  | ^^^^^^^^^^^^^^^^^^^^^^^^^^^^^^^^^^

",0,0,0,0,0.0,False,0,0,0,0,0,0,0.0,False,0,0,0.0,0,0,0,False,0,0,0.0,0,0,0,1.0,False,0,0,0,0
619,mocks_docs_governance_MyToken,0x9999999999999999999996445688673927382451,data/safe_contracts/openzeppelin_all/mocks_docs_governance_MyToken.sol,,openzeppelin,False,False,False,False,False,False,False,False,False,False,False,False,False,False,False,False,False,False,False,False,False,False,False,False,False,0,0,0,0,0,0,0,0,0,0,1,0,0.0,0,0,0.0,0,0,0,0,0,0,0,0,0,0,0,0.0,0.0,0.0,0.0,False,simple,0,IMPORT_ERROR,"File not found: Invalid compilation: 
Invalid solc compilation Error: Source ""token/ERC20/ERC20.sol"" not found: File not found. Searched the following locations: """".
 --> data/safe_contracts/openzeppelin_all/mocks_docs_governance_MyToken.sol:4:1:
  |
4 | import {ERC20} from ""../../../token/ERC20/ERC20.sol"";
  | ^^^^^^^^^^^^^^^^^^^^^^^^^^^^^^^^^^^^^^^^^^^^^^^^^^^^^

Error: Source ""token/ERC20/extensions/ERC20Permit.sol"" not found: File not found. Searched the following locations: """".
 --> data/safe_contracts/openzeppelin_all/mocks_docs_governance_MyToken.sol:5:1:
  |
5 | import {ERC20Permit} from ""../../../token/ERC20/extensions/ERC20Permit.sol"";
  | ^^^^^^^^^^^^^^^^^^^^^^^^^^^^^^^^^^^^^^^^^^^^^^^^^^^^^^^^^^^^^^^^^^^^^^^^^^^^

Error: Source ""token/ERC20/extensions/ERC20Votes.sol"" not found: File not found. Searched the following locations: """".
 --> data/safe_contracts/openzeppelin_all/mocks_docs_governance_MyToken.sol:6:1:
  |
6 | import {ERC20Votes} from ""../../../token/ERC20/extensions/ERC20Votes.sol"";
  | ^^^^^^^^^^^^^^^^^^^^^^^^^^^^^^^^^^^^^^^^^^^^^^^^^^^^^^^^^^^^^^^^^^^^^^^^^^

Error: Source ""utils/Nonces.sol"" not found: File not found. Searched the following locations: """".
 --> data/safe_contracts/openzeppelin_all/mocks_docs_governance_MyToken.sol:7:1:
  |
7 | import {Nonces} from ""../../../utils/Nonces.sol"";
  | ^^^^^^^^^^^^^^^^^^^^^^^^^^^^^^^^^^^^^^^^^^^^^^^^^

",0,0,0,0,0.0,False,0,0,0,0,0,0,0.0,False,0,0,0.0,0,0,0,False,0,0,0.0,0,0,0,1.0,False,0,0,0,0
620,utils_cryptography_MerkleProof,0x0000000000000000000006514282502444162256,data/safe_contracts/openzeppelin_all/utils_cryptography_MerkleProof.sol,,openzeppelin,False,False,False,False,False,False,False,False,False,False,False,False,False,False,False,False,False,False,False,False,False,False,False,False,False,0,0,0,0,0,0,0,0,0,0,1,0,0.0,0,0,0.0,0,0,0,0,0,0,0,0,0,0,0,0.0,0.0,0.0,0.0,False,simple,0,IMPORT_ERROR,"File not found: Invalid compilation: 
Invalid solc compilation Error: Source ""data/safe_contracts/openzeppelin_all/Hashes.sol"" not found: File not found. Searched the following locations: """".
 --> data/safe_contracts/openzeppelin_all/utils_cryptography_MerkleProof.sol:7:1:
  |
7 | import {Hashes} from ""./Hashes.sol"";
  | ^^^^^^^^^^^^^^^^^^^^^^^^^^^^^^^^^^^^

",0,0,0,0,0.0,False,0,0,0,0,0,0,0.0,False,0,0,0.0,0,0,0,False,0,0,0.0,0,0,0,1.0,False,0,0,0,0
621,token_ERC1155_extensions_IERC1155MetadataURI,0x9999999999999999999998038476829511533800,data/safe_contracts/openzeppelin_all/token_ERC1155_extensions_IERC1155MetadataURI.sol,,openzeppelin,False,False,False,False,False,False,False,False,False,False,False,False,False,False,False,False,False,False,False,False,False,False,False,False,False,0,0,0,0,0,0,0,0,0,0,1,0,0.0,0,0,0.0,0,0,0,0,0,0,0,0,0,0,0,0.0,0.0,0.0,0.0,False,simple,0,IMPORT_ERROR,"File not found: Invalid compilation: 
Invalid solc compilation Error: Source ""data/safe_contracts/IERC1155.sol"" not found: File not found. Searched the following locations: """".
 --> data/safe_contracts/openzeppelin_all/token_ERC1155_extensions_IERC1155MetadataURI.sol:6:1:
  |
6 | import {IERC1155} from ""../IERC1155.sol"";
  | ^^^^^^^^^^^^^^^^^^^^^^^^^^^^^^^^^^^^^^^^^

",0,0,0,0,0.0,False,0,0,0,0,0,0,0.0,False,0,0,0.0,0,0,0,False,0,0,0.0,0,0,0,1.0,False,0,0,0,0
622,interfaces_IERC721,0x9999999999999999999992007830694203020424,data/safe_contracts/openzeppelin_all/interfaces_IERC721.sol,,openzeppelin,False,False,False,False,False,False,False,False,False,False,False,False,False,False,False,False,False,False,False,False,False,False,False,False,False,0,0,0,0,0,0,0,0,0,0,1,0,0.0,0,0,0.0,0,0,0,0,0,0,0,0,0,0,0,0.0,0.0,0.0,0.0,False,simple,0,IMPORT_ERROR,"File not found: Invalid compilation: 
Invalid solc compilation Error: Source ""data/safe_contracts/token/ERC721/IERC721.sol"" not found: File not found. Searched the following locations: """".
 --> data/safe_contracts/openzeppelin_all/interfaces_IERC721.sol:6:1:
  |
6 | import {IERC721} from ""../token/ERC721/IERC721.sol"";
  | ^^^^^^^^^^^^^^^^^^^^^^^^^^^^^^^^^^^^^^^^^^^^^^^^^^^^

",0,0,0,0,0.0,False,0,0,0,0,0,0,0.0,False,0,0,0.0,0,0,0,False,0,0,0.0,0,0,0,1.0,False,0,0,0,0
623,utils_cryptography_signers_SignerWebAuthn,0x0000000000000000000002496994856036011767,data/safe_contracts/openzeppelin_all/utils_cryptography_signers_SignerWebAuthn.sol,,openzeppelin,False,False,False,False,False,False,False,False,False,False,False,False,False,False,False,False,False,False,False,False,False,False,False,False,False,0,0,0,0,0,0,0,0,0,0,1,0,0.0,0,0,0.0,0,0,0,0,0,0,0,0,0,0,0,0.0,0.0,0.0,0.0,False,simple,0,IMPORT_ERROR,"File not found: Invalid compilation: 
Invalid solc compilation Error: Source ""data/safe_contracts/openzeppelin_all/SignerP256.sol"" not found: File not found. Searched the following locations: """".
 --> data/safe_contracts/openzeppelin_all/utils_cryptography_signers_SignerWebAuthn.sol:6:1:
  |
6 | import {SignerP256} from ""./SignerP256.sol"";
  | ^^^^^^^^^^^^^^^^^^^^^^^^^^^^^^^^^^^^^^^^^^^^

Error: Source ""data/safe_contracts/WebAuthn.sol"" not found: File not found. Searched the following locations: """".
 --> data/safe_contracts/openzeppelin_all/utils_cryptography_signers_SignerWebAuthn.sol:7:1:
  |
7 | import {WebAuthn} from ""../WebAuthn.sol"";
  | ^^^^^^^^^^^^^^^^^^^^^^^^^^^^^^^^^^^^^^^^^

",0,0,0,0,0.0,False,0,0,0,0,0,0,0.0,False,0,0,0.0,0,0,0,False,0,0,0.0,0,0,0,1.0,False,0,0,0,0
624,utils_structs_Accumulators,0x9999999999999999999993225742216512021655,data/safe_contracts/openzeppelin_all/utils_structs_Accumulators.sol,,openzeppelin,False,False,False,False,False,False,False,False,False,False,False,False,False,False,False,False,False,False,False,False,False,False,False,False,False,0,0,0,0,0,0,0,0,0,0,1,0,0.0,0,0,0.0,0,0,0,0,0,0,0,0,0,0,0,0.0,0.0,0.0,0.0,False,simple,0,IMPORT_ERROR,"File not found: Invalid compilation: 
Invalid solc compilation Error: Source ""data/safe_contracts/Memory.sol"" not found: File not found. Searched the following locations: """".
 --> data/safe_contracts/openzeppelin_all/utils_structs_Accumulators.sol:6:1:
  |
6 | import {Memory} from ""../Memory.sol"";
  | ^^^^^^^^^^^^^^^^^^^^^^^^^^^^^^^^^^^^^

",0,0,0,0,0.0,False,0,0,0,0,0,0,0.0,False,0,0,0.0,0,0,0,False,0,0,0.0,0,0,0,1.0,False,0,0,0,0
625,governance_utils_Votes,0x0000000000000000000002569233150492308720,data/safe_contracts/openzeppelin_all/governance_utils_Votes.sol,,openzeppelin,False,False,False,False,False,False,False,False,False,False,False,False,False,False,False,False,False,False,False,False,False,False,False,False,False,0,0,0,0,0,0,0,0,0,0,1,0,0.0,0,0,0.0,0,0,0,0,0,0,0,0,0,0,0,0.0,0.0,0.0,0.0,False,simple,0,IMPORT_ERROR,"File not found: Invalid compilation: 
Invalid solc compilation Error: Source ""data/interfaces/IERC5805.sol"" not found: File not found. Searched the following locations: """".
 --> data/safe_contracts/openzeppelin_all/governance_utils_Votes.sol:6:1:
  |
6 | import {IERC5805} from ""../../interfaces/IERC5805.sol"";
  | ^^^^^^^^^^^^^^^^^^^^^^^^^^^^^^^^^^^^^^^^^^^^^^^^^^^^^^^

Error: Source ""data/utils/Context.sol"" not found: File not found. Searched the following locations: """".
 --> data/safe_contracts/openzeppelin_all/governance_utils_Votes.sol:7:1:
  |
7 | import {Context} from ""../../utils/Context.sol"";
  | ^^^^^^^^^^^^^^^^^^^^^^^^^^^^^^^^^^^^^^^^^^^^^^^^

Error: Source ""data/utils/Nonces.sol"" not found: File not found. Searched the following locations: """".
 --> data/safe_contracts/openzeppelin_all/governance_utils_Votes.sol:8:1:
  |
8 | import {Nonces} from ""../../utils/Nonces.sol"";
  | ^^^^^^^^^^^^^^^^^^^^^^^^^^^^^^^^^^^^^^^^^^^^^^

Error: Source ""data/utils/cryptography/EIP712.sol"" not found: File not found. Searched the following locations: """".
 --> data/safe_contracts/openzeppelin_all/governance_utils_Votes.sol:9:1:
  |
9 | import {EIP712} from ""../../utils/cryptography/EIP712.sol"";
  | ^^^^^^^^^^^^^^^^^^^^^^^^^^^^^^^^^^^^^^^^^^^^^^^^^^^^^^^^^^^

Error: Source ""data/utils/structs/Checkpoints.sol"" not found: File not found. Searched the following locations: """".
  --> data/safe_contracts/openzeppelin_all/governance_utils_Votes.sol:10:1:
   |
10 | import {Checkpoints} from ""../../utils/structs/Checkpoints.sol"";
   | ^^^^^^^^^^^^^^^^^^^^^^^^^^^^^^^^^^^^^^^^^^^^^^^^^^^^^^^^^^^^^^^^

Error: Source ""data/utils/math/SafeCast.sol"" not found: File not found. Searched the following locations: """".
  --> data/safe_contracts/openzeppelin_all/governance_utils_Votes.sol:11:1:
   |
11 | import {SafeCast} from ""../../utils/math/SafeCast.sol"";
   | ^^^^^^^^^^^^^^^^^^^^^^^^^^^^^^^^^^^^^^^^^^^^^^^^^^^^^^^

Error: Source ""data/utils/cryptography/ECDSA.sol"" not found: File not found. Sea",0,0,0,0,0.0,False,0,0,0,0,0,0,0.0,False,0,0,0.0,0,0,0,False,0,0,0.0,0,0,0,1.0,False,0,0,0,0
626,interfaces_IERC1363,0x0000000000000000000003824483301788904682,data/safe_contracts/openzeppelin_all/interfaces_IERC1363.sol,,openzeppelin,False,False,False,False,False,False,False,False,False,False,False,False,False,False,False,False,False,False,False,False,False,False,False,False,False,0,0,0,0,0,0,0,0,0,0,1,0,0.0,0,0,0.0,0,0,0,0,0,0,0,0,0,0,0,0.0,0.0,0.0,0.0,False,simple,0,IMPORT_ERROR,"File not found: Invalid compilation: 
Invalid solc compilation Error: Source ""data/safe_contracts/openzeppelin_all/IERC20.sol"" not found: File not found. Searched the following locations: """".
 --> data/safe_contracts/openzeppelin_all/interfaces_IERC1363.sol:6:1:
  |
6 | import {IERC20} from ""./IERC20.sol"";
  | ^^^^^^^^^^^^^^^^^^^^^^^^^^^^^^^^^^^^

Error: Source ""data/safe_contracts/openzeppelin_all/IERC165.sol"" not found: File not found. Searched the following locations: """".
 --> data/safe_contracts/openzeppelin_all/interfaces_IERC1363.sol:7:1:
  |
7 | import {IERC165} from ""./IERC165.sol"";
  | ^^^^^^^^^^^^^^^^^^^^^^^^^^^^^^^^^^^^^^

",0,0,0,0,0.0,False,0,0,0,0,0,0,0.0,False,0,0,0.0,0,0,0,False,0,0,0.0,0,0,0,1.0,False,0,0,0,0
627,token_ERC1155_utils_ERC1155Holder,0x9999999999999999999998722149306722084184,data/safe_contracts/openzeppelin_all/token_ERC1155_utils_ERC1155Holder.sol,,openzeppelin,False,False,False,False,False,False,False,False,False,False,False,False,False,False,False,False,False,False,False,False,False,False,False,False,False,0,0,0,0,0,0,0,0,0,0,1,0,0.0,0,0,0.0,0,0,0,0,0,0,0,0,0,0,0,0.0,0.0,0.0,0.0,False,simple,0,IMPORT_ERROR,"File not found: Invalid compilation: 
Invalid solc compilation Error: Source ""utils/introspection/ERC165.sol"" not found: File not found. Searched the following locations: """".
 --> data/safe_contracts/openzeppelin_all/token_ERC1155_utils_ERC1155Holder.sol:6:1:
  |
6 | import {IERC165, ERC165} from ""../../../utils/introspection/ERC165.sol"";
  | ^^^^^^^^^^^^^^^^^^^^^^^^^^^^^^^^^^^^^^^^^^^^^^^^^^^^^^^^^^^^^^^^^^^^^^^^

Error: Source ""data/safe_contracts/IERC1155Receiver.sol"" not found: File not found. Searched the following locations: """".
 --> data/safe_contracts/openzeppelin_all/token_ERC1155_utils_ERC1155Holder.sol:7:1:
  |
7 | import {IERC1155Receiver} from ""../IERC1155Receiver.sol"";
  | ^^^^^^^^^^^^^^^^^^^^^^^^^^^^^^^^^^^^^^^^^^^^^^^^^^^^^^^^^

",0,0,0,0,0.0,False,0,0,0,0,0,0,0.0,False,0,0,0.0,0,0,0,False,0,0,0.0,0,0,0,1.0,False,0,0,0,0
628,utils_introspection_ERC165Checker,0x9999999999999999999995797333250940800191,data/safe_contracts/openzeppelin_all/utils_introspection_ERC165Checker.sol,,openzeppelin,False,False,False,False,False,False,False,False,False,False,False,False,False,False,False,False,False,False,False,False,False,False,False,False,False,0,0,0,0,0,0,0,0,0,0,1,0,0.0,0,0,0.0,0,0,0,0,0,0,0,0,0,0,0,0.0,0.0,0.0,0.0,False,simple,0,IMPORT_ERROR,"File not found: Invalid compilation: 
Invalid solc compilation Error: Source ""data/safe_contracts/openzeppelin_all/IERC165.sol"" not found: File not found. Searched the following locations: """".
 --> data/safe_contracts/openzeppelin_all/utils_introspection_ERC165Checker.sol:6:1:
  |
6 | import {IERC165} from ""./IERC165.sol"";
  | ^^^^^^^^^^^^^^^^^^^^^^^^^^^^^^^^^^^^^^

",0,0,0,0,0.0,False,0,0,0,0,0,0,0.0,False,0,0,0.0,0,0,0,False,0,0,0.0,0,0,0,1.0,False,0,0,0,0
629,governance_extensions_GovernorCountingOverridable,0x0000000000000000000008404472353827693290,data/safe_contracts/openzeppelin_all/governance_extensions_GovernorCountingOverridable.sol,,openzeppelin,False,False,False,False,False,False,False,False,False,False,False,False,False,False,False,False,False,False,False,False,False,False,False,False,False,0,0,0,0,0,0,0,0,0,0,1,0,0.0,0,0,0.0,0,0,0,0,0,0,0,0,0,0,0,0.0,0.0,0.0,0.0,False,simple,0,IMPORT_ERROR,"File not found: Invalid compilation: 
Invalid solc compilation Error: Source ""data/utils/cryptography/SignatureChecker.sol"" not found: File not found. Searched the following locations: """".
 --> data/safe_contracts/openzeppelin_all/governance_extensions_GovernorCountingOverridable.sol:6:1:
  |
6 | import {SignatureChecker} from ""../../utils/cryptography/SignatureChecker.sol"";
  | ^^^^^^^^^^^^^^^^^^^^^^^^^^^^^^^^^^^^^^^^^^^^^^^^^^^^^^^^^^^^^^^^^^^^^^^^^^^^^^^

Error: Source ""data/utils/math/SafeCast.sol"" not found: File not found. Searched the following locations: """".
 --> data/safe_contracts/openzeppelin_all/governance_extensions_GovernorCountingOverridable.sol:7:1:
  |
7 | import {SafeCast} from ""../../utils/math/SafeCast.sol"";
  | ^^^^^^^^^^^^^^^^^^^^^^^^^^^^^^^^^^^^^^^^^^^^^^^^^^^^^^^

Error: Source ""data/safe_contracts/utils/VotesExtended.sol"" not found: File not found. Searched the following locations: """".
 --> data/safe_contracts/openzeppelin_all/governance_extensions_GovernorCountingOverridable.sol:8:1:
  |
8 | import {VotesExtended} from ""../utils/VotesExtended.sol"";
  | ^^^^^^^^^^^^^^^^^^^^^^^^^^^^^^^^^^^^^^^^^^^^^^^^^^^^^^^^^

Error: Source ""data/safe_contracts/openzeppelin_all/GovernorVotes.sol"" not found: File not found. Searched the following locations: """".
 --> data/safe_contracts/openzeppelin_all/governance_extensions_GovernorCountingOverridable.sol:9:1:
  |
9 | import {GovernorVotes} from ""./GovernorVotes.sol"";
  | ^^^^^^^^^^^^^^^^^^^^^^^^^^^^^^^^^^^^^^^^^^^^^^^^^^

Error: Source ""data/safe_contracts/Governor.sol"" not found: File not found. Searched the following locations: """".
  --> data/safe_contracts/openzeppelin_all/governance_extensions_GovernorCountingOverridable.sol:10:1:
   |
10 | import {IGovernor, Governor} from ""../Governor.sol"";
   | ^^^^^^^^^^^^^^^^^^^^^^^^^^^^^^^^^^^^^^^^^^^^^^^^^^^^

",0,0,0,0,0.0,False,0,0,0,0,0,0,0.0,False,0,0,0.0,0,0,0,False,0,0,0.0,0,0,0,1.0,False,0,0,0,0
630,interfaces_IERC721Metadata,0x0000000000000000000001766269575950099657,data/safe_contracts/openzeppelin_all/interfaces_IERC721Metadata.sol,,openzeppelin,False,False,False,False,False,False,False,False,False,False,False,False,False,False,False,False,False,False,False,False,False,False,False,False,False,0,0,0,0,0,0,0,0,0,0,1,0,0.0,0,0,0.0,0,0,0,0,0,0,0,0,0,0,0,0.0,0.0,0.0,0.0,False,simple,0,IMPORT_ERROR,"File not found: Invalid compilation: 
Invalid solc compilation Error: Source ""data/safe_contracts/token/ERC721/extensions/IERC721Metadata.sol"" not found: File not found. Searched the following locations: """".
 --> data/safe_contracts/openzeppelin_all/interfaces_IERC721Metadata.sol:6:1:
  |
6 | import {IERC721Metadata} from ""../token/ERC721/extensions/IERC721Metadata.sol"";
  | ^^^^^^^^^^^^^^^^^^^^^^^^^^^^^^^^^^^^^^^^^^^^^^^^^^^^^^^^^^^^^^^^^^^^^^^^^^^^^^^

",0,0,0,0,0.0,False,0,0,0,0,0,0,0.0,False,0,0,0.0,0,0,0,False,0,0,0.0,0,0,0,1.0,False,0,0,0,0
631,governance_IGovernor,0x0000000000000000000006843966662705071925,data/safe_contracts/openzeppelin_all/governance_IGovernor.sol,,openzeppelin,False,False,False,False,False,False,False,False,False,False,False,False,False,False,False,False,False,False,False,False,False,False,False,False,False,0,0,0,0,0,0,0,0,0,0,1,0,0.0,0,0,0.0,0,0,0,0,0,0,0,0,0,0,0,0.0,0.0,0.0,0.0,False,simple,0,IMPORT_ERROR,"File not found: Invalid compilation: 
Invalid solc compilation Error: Source ""data/safe_contracts/interfaces/IERC165.sol"" not found: File not found. Searched the following locations: """".
 --> data/safe_contracts/openzeppelin_all/governance_IGovernor.sol:6:1:
  |
6 | import {IERC165} from ""../interfaces/IERC165.sol"";
  | ^^^^^^^^^^^^^^^^^^^^^^^^^^^^^^^^^^^^^^^^^^^^^^^^^^

Error: Source ""data/safe_contracts/interfaces/IERC6372.sol"" not found: File not found. Searched the following locations: """".
 --> data/safe_contracts/openzeppelin_all/governance_IGovernor.sol:7:1:
  |
7 | import {IERC6372} from ""../interfaces/IERC6372.sol"";
  | ^^^^^^^^^^^^^^^^^^^^^^^^^^^^^^^^^^^^^^^^^^^^^^^^^^^^

",0,0,0,0,0.0,False,0,0,0,0,0,0,0.0,False,0,0,0.0,0,0,0,False,0,0,0.0,0,0,0,1.0,False,0,0,0,0
632,interfaces_IERC1967,0x0000000000000000000007792243111842978080,data/safe_contracts/openzeppelin_all/interfaces_IERC1967.sol,,openzeppelin,False,False,False,False,False,False,False,False,False,False,False,False,False,False,False,False,False,False,False,False,False,False,True,False,False,0,0,2,0,0,0,0,0,0,20,1,1,0.0,0,14,0.7,0,0,0,0,2,0,0,0,0,1,1,0.0,0.0,2.0,4.0,False,simple,0,,,0,0,0,0,0.0,False,0,0,0,0,0,0,0.0,False,0,0,0.0,0,0,0,False,0,0,0.0,0,0,0,1.0,False,0,0,0,0
633,mocks_DummyImplementation,0x0000000000000000000006069421064624928365,data/safe_contracts/openzeppelin_all/mocks_DummyImplementation.sol,,openzeppelin,False,False,False,False,False,False,False,False,False,False,False,False,False,False,False,False,False,False,False,False,False,False,False,False,False,0,0,0,0,0,0,0,0,0,0,1,0,0.0,0,0,0.0,0,0,0,0,0,0,0,0,0,0,0,0.0,0.0,0.0,0.0,False,simple,0,IMPORT_ERROR,"File not found: Invalid compilation: 
Invalid solc compilation Error: Source ""data/safe_contracts/proxy/ERC1967/ERC1967Utils.sol"" not found: File not found. Searched the following locations: """".
 --> data/safe_contracts/openzeppelin_all/mocks_DummyImplementation.sol:5:1:
  |
5 | import {ERC1967Utils} from ""../proxy/ERC1967/ERC1967Utils.sol"";
  | ^^^^^^^^^^^^^^^^^^^^^^^^^^^^^^^^^^^^^^^^^^^^^^^^^^^^^^^^^^^^^^^

Error: Source ""data/safe_contracts/utils/StorageSlot.sol"" not found: File not found. Searched the following locations: """".
 --> data/safe_contracts/openzeppelin_all/mocks_DummyImplementation.sol:6:1:
  |
6 | import {StorageSlot} from ""../utils/StorageSlot.sol"";
  | ^^^^^^^^^^^^^^^^^^^^^^^^^^^^^^^^^^^^^^^^^^^^^^^^^^^^^

",0,0,0,0,0.0,False,0,0,0,0,0,0,0.0,False,0,0,0.0,0,0,0,False,0,0,0.0,0,0,0,1.0,False,0,0,0,0
634,mocks_MerkleProofCustomHashMock,0x9999999999999999999991973921563331815125,data/safe_contracts/openzeppelin_all/mocks_MerkleProofCustomHashMock.sol,,openzeppelin,False,False,False,False,False,False,False,False,False,False,False,False,False,False,False,False,False,False,False,False,False,False,False,False,False,0,0,0,0,0,0,0,0,0,0,1,0,0.0,0,0,0.0,0,0,0,0,0,0,0,0,0,0,0,0.0,0.0,0.0,0.0,False,simple,0,IMPORT_ERROR,"File not found: Invalid compilation: 
Invalid solc compilation Error: Source ""data/safe_contracts/utils/cryptography/MerkleProof.sol"" not found: File not found. Searched the following locations: """".
 --> data/safe_contracts/openzeppelin_all/mocks_MerkleProofCustomHashMock.sol:5:1:
  |
5 | import {MerkleProof} from ""../utils/cryptography/MerkleProof.sol"";
  | ^^^^^^^^^^^^^^^^^^^^^^^^^^^^^^^^^^^^^^^^^^^^^^^^^^^^^^^^^^^^^^^^^^

",0,0,0,0,0.0,False,0,0,0,0,0,0,0.0,False,0,0,0.0,0,0,0,False,0,0,0.0,0,0,0,1.0,False,0,0,0,0
635,mocks_token_ERC20FlashMintMock,0x9999999999999999999993053714251594116749,data/safe_contracts/openzeppelin_all/mocks_token_ERC20FlashMintMock.sol,,openzeppelin,False,False,False,False,False,False,False,False,False,False,False,False,False,False,False,False,False,False,False,False,False,False,False,False,False,0,0,0,0,0,0,0,0,0,0,1,0,0.0,0,0,0.0,0,0,0,0,0,0,0,0,0,0,0,0.0,0.0,0.0,0.0,False,simple,0,IMPORT_ERROR,"File not found: Invalid compilation: 
Invalid solc compilation Error: Source ""data/token/ERC20/extensions/ERC20FlashMint.sol"" not found: File not found. Searched the following locations: """".
 --> data/safe_contracts/openzeppelin_all/mocks_token_ERC20FlashMintMock.sol:5:1:
  |
5 | import {ERC20FlashMint} from ""../../token/ERC20/extensions/ERC20FlashMint.sol"";
  | ^^^^^^^^^^^^^^^^^^^^^^^^^^^^^^^^^^^^^^^^^^^^^^^^^^^^^^^^^^^^^^^^^^^^^^^^^^^^^^^

",0,0,0,0,0.0,False,0,0,0,0,0,0,0.0,False,0,0,0.0,0,0,0,False,0,0,0.0,0,0,0,1.0,False,0,0,0,0
636,mocks_governance_GovernorFractionalMock,0x0000000000000000000003238939628773046053,data/safe_contracts/openzeppelin_all/mocks_governance_GovernorFractionalMock.sol,,openzeppelin,False,False,False,False,False,False,False,False,False,False,False,False,False,False,False,False,False,False,False,False,False,False,False,False,False,0,0,0,0,0,0,0,0,0,0,1,0,0.0,0,0,0.0,0,0,0,0,0,0,0,0,0,0,0,0.0,0.0,0.0,0.0,False,simple,0,IMPORT_ERROR,"File not found: Invalid compilation: 
Invalid solc compilation Error: Source ""data/governance/Governor.sol"" not found: File not found. Searched the following locations: """".
 --> data/safe_contracts/openzeppelin_all/mocks_governance_GovernorFractionalMock.sol:5:1:
  |
5 | import {Governor} from ""../../governance/Governor.sol"";
  | ^^^^^^^^^^^^^^^^^^^^^^^^^^^^^^^^^^^^^^^^^^^^^^^^^^^^^^^

Error: Source ""data/governance/extensions/GovernorSettings.sol"" not found: File not found. Searched the following locations: """".
 --> data/safe_contracts/openzeppelin_all/mocks_governance_GovernorFractionalMock.sol:6:1:
  |
6 | import {GovernorSettings} from ""../../governance/extensions/GovernorSettings.sol"";
  | ^^^^^^^^^^^^^^^^^^^^^^^^^^^^^^^^^^^^^^^^^^^^^^^^^^^^^^^^^^^^^^^^^^^^^^^^^^^^^^^^^^

Error: Source ""data/governance/extensions/GovernorCountingFractional.sol"" not found: File not found. Searched the following locations: """".
 --> data/safe_contracts/openzeppelin_all/mocks_governance_GovernorFractionalMock.sol:7:1:
  |
7 | import {GovernorCountingFractional} from ""../../governance/extensions/GovernorCountingFractional.sol"";
  | ^^^^^^^^^^^^^^^^^^^^^^^^^^^^^^^^^^^^^^^^^^^^^^^^^^^^^^^^^^^^^^^^^^^^^^^^^^^^^^^^^^^^^^^^^^^^^^^^^^^^^^

Error: Source ""data/governance/extensions/GovernorVotesQuorumFraction.sol"" not found: File not found. Searched the following locations: """".
 --> data/safe_contracts/openzeppelin_all/mocks_governance_GovernorFractionalMock.sol:8:1:
  |
8 | import {GovernorVotesQuorumFraction} from ""../../governance/extensions/GovernorVotesQuorumFraction.sol"";
  | ^^^^^^^^^^^^^^^^^^^^^^^^^^^^^^^^^^^^^^^^^^^^^^^^^^^^^^^^^^^^^^^^^^^^^^^^^^^^^^^^^^^^^^^^^^^^^^^^^^^^^^^^

",0,0,0,0,0.0,False,0,0,0,0,0,0,0.0,False,0,0,0.0,0,0,0,False,0,0,0.0,0,0,0,1.0,False,0,0,0,0
637,token_ERC721_extensions_ERC721Votes,0x9999999999999999999998107033506700690262,data/safe_contracts/openzeppelin_all/token_ERC721_extensions_ERC721Votes.sol,,openzeppelin,False,False,False,False,False,False,False,False,False,False,False,False,False,False,False,False,False,False,False,False,False,False,False,False,False,0,0,0,0,0,0,0,0,0,0,1,0,0.0,0,0,0.0,0,0,0,0,0,0,0,0,0,0,0,0.0,0.0,0.0,0.0,False,simple,0,IMPORT_ERROR,"File not found: Invalid compilation: 
Invalid solc compilation Error: Source ""data/safe_contracts/ERC721.sol"" not found: File not found. Searched the following locations: """".
 --> data/safe_contracts/openzeppelin_all/token_ERC721_extensions_ERC721Votes.sol:6:1:
  |
6 | import {ERC721} from ""../ERC721.sol"";
  | ^^^^^^^^^^^^^^^^^^^^^^^^^^^^^^^^^^^^^

Error: Source ""governance/utils/Votes.sol"" not found: File not found. Searched the following locations: """".
 --> data/safe_contracts/openzeppelin_all/token_ERC721_extensions_ERC721Votes.sol:7:1:
  |
7 | import {Votes} from ""../../../governance/utils/Votes.sol"";
  | ^^^^^^^^^^^^^^^^^^^^^^^^^^^^^^^^^^^^^^^^^^^^^^^^^^^^^^^^^^

",0,0,0,0,0.0,False,0,0,0,0,0,0,0.0,False,0,0,0.0,0,0,0,False,0,0,0.0,0,0,0,1.0,False,0,0,0,0
638,token_ERC721_extensions_ERC721Enumerable,0x9999999999999999999993152949144584587533,data/safe_contracts/openzeppelin_all/token_ERC721_extensions_ERC721Enumerable.sol,,openzeppelin,False,False,False,False,False,False,False,False,False,False,False,False,False,False,False,False,False,False,False,False,False,False,False,False,False,0,0,0,0,0,0,0,0,0,0,1,0,0.0,0,0,0.0,0,0,0,0,0,0,0,0,0,0,0,0.0,0.0,0.0,0.0,False,simple,0,IMPORT_ERROR,"File not found: Invalid compilation: 
Invalid solc compilation Error: Source ""data/safe_contracts/ERC721.sol"" not found: File not found. Searched the following locations: """".
 --> data/safe_contracts/openzeppelin_all/token_ERC721_extensions_ERC721Enumerable.sol:6:1:
  |
6 | import {ERC721} from ""../ERC721.sol"";
  | ^^^^^^^^^^^^^^^^^^^^^^^^^^^^^^^^^^^^^

Error: Source ""data/safe_contracts/openzeppelin_all/IERC721Enumerable.sol"" not found: File not found. Searched the following locations: """".
 --> data/safe_contracts/openzeppelin_all/token_ERC721_extensions_ERC721Enumerable.sol:7:1:
  |
7 | import {IERC721Enumerable} from ""./IERC721Enumerable.sol"";
  | ^^^^^^^^^^^^^^^^^^^^^^^^^^^^^^^^^^^^^^^^^^^^^^^^^^^^^^^^^^

Error: Source ""utils/introspection/ERC165.sol"" not found: File not found. Searched the following locations: """".
 --> data/safe_contracts/openzeppelin_all/token_ERC721_extensions_ERC721Enumerable.sol:8:1:
  |
8 | import {IERC165} from ""../../../utils/introspection/ERC165.sol"";
  | ^^^^^^^^^^^^^^^^^^^^^^^^^^^^^^^^^^^^^^^^^^^^^^^^^^^^^^^^^^^^^^^^

",0,0,0,0,0.0,False,0,0,0,0,0,0,0.0,False,0,0,0.0,0,0,0,False,0,0,0.0,0,0,0,1.0,False,0,0,0,0
639,utils_cryptography_signers_SignerEIP7702,0x9999999999999999999999334812033613525309,data/safe_contracts/openzeppelin_all/utils_cryptography_signers_SignerEIP7702.sol,,openzeppelin,False,False,False,False,False,False,False,False,False,False,False,False,False,False,False,False,False,False,False,False,False,False,False,False,False,0,0,0,0,0,0,0,0,0,0,1,0,0.0,0,0,0.0,0,0,0,0,0,0,0,0,0,0,0,0.0,0.0,0.0,0.0,False,simple,0,IMPORT_ERROR,"File not found: Invalid compilation: 
Invalid solc compilation Error: Source ""data/safe_contracts/openzeppelin_all/AbstractSigner.sol"" not found: File not found. Searched the following locations: """".
 --> data/safe_contracts/openzeppelin_all/utils_cryptography_signers_SignerEIP7702.sol:6:1:
  |
6 | import {AbstractSigner} from ""./AbstractSigner.sol"";
  | ^^^^^^^^^^^^^^^^^^^^^^^^^^^^^^^^^^^^^^^^^^^^^^^^^^^^

Error: Source ""data/safe_contracts/ECDSA.sol"" not found: File not found. Searched the following locations: """".
 --> data/safe_contracts/openzeppelin_all/utils_cryptography_signers_SignerEIP7702.sol:7:1:
  |
7 | import {ECDSA} from ""../ECDSA.sol"";
  | ^^^^^^^^^^^^^^^^^^^^^^^^^^^^^^^^^^^

",0,0,0,0,0.0,False,0,0,0,0,0,0,0.0,False,0,0,0.0,0,0,0,False,0,0,0.0,0,0,0,1.0,False,0,0,0,0
640,token_ERC20_utils_SafeERC20,0x0000000000000000000000645958964702028404,data/safe_contracts/openzeppelin_all/token_ERC20_utils_SafeERC20.sol,,openzeppelin,False,False,False,False,False,False,False,False,False,False,False,False,False,False,False,False,False,False,False,False,False,False,False,False,False,0,0,0,0,0,0,0,0,0,0,1,0,0.0,0,0,0.0,0,0,0,0,0,0,0,0,0,0,0,0.0,0.0,0.0,0.0,False,simple,0,IMPORT_ERROR,"File not found: Invalid compilation: 
Invalid solc compilation Error: Source ""data/safe_contracts/IERC20.sol"" not found: File not found. Searched the following locations: """".
 --> data/safe_contracts/openzeppelin_all/token_ERC20_utils_SafeERC20.sol:6:1:
  |
6 | import {IERC20} from ""../IERC20.sol"";
  | ^^^^^^^^^^^^^^^^^^^^^^^^^^^^^^^^^^^^^

Error: Source ""interfaces/IERC1363.sol"" not found: File not found. Searched the following locations: """".
 --> data/safe_contracts/openzeppelin_all/token_ERC20_utils_SafeERC20.sol:7:1:
  |
7 | import {IERC1363} from ""../../../interfaces/IERC1363.sol"";
  | ^^^^^^^^^^^^^^^^^^^^^^^^^^^^^^^^^^^^^^^^^^^^^^^^^^^^^^^^^^

",0,0,0,0,0.0,False,0,0,0,0,0,0,0.0,False,0,0,0.0,0,0,0,False,0,0,0.0,0,0,0,1.0,False,0,0,0,0
641,mocks_docs_token_ERC1155_MyERC115HolderContract,0x9999999999999999999991004091200417553848,data/safe_contracts/openzeppelin_all/mocks_docs_token_ERC1155_MyERC115HolderContract.sol,,openzeppelin,False,False,False,False,False,False,False,False,False,False,False,False,False,False,False,False,False,False,False,False,False,False,False,False,False,0,0,0,0,0,0,0,0,0,0,1,0,0.0,0,0,0.0,0,0,0,0,0,0,0,0,0,0,0,0.0,0.0,0.0,0.0,False,simple,0,IMPORT_ERROR,"File not found: Invalid compilation: 
Invalid solc compilation Error: Source ""token/ERC1155/utils/ERC1155Holder.sol"" not found: File not found. Searched the following locations: """".
 --> data/safe_contracts/openzeppelin_all/mocks_docs_token_ERC1155_MyERC115HolderContract.sol:5:1:
  |
5 | import {ERC1155Holder} from ""../../../../token/ERC1155/utils/ERC1155Holder.sol"";
  | ^^^^^^^^^^^^^^^^^^^^^^^^^^^^^^^^^^^^^^^^^^^^^^^^^^^^^^^^^^^^^^^^^^^^^^^^^^^^^^^^

",0,0,0,0,0.0,False,0,0,0,0,0,0,0.0,False,0,0,0.0,0,0,0,False,0,0,0.0,0,0,0,1.0,False,0,0,0,0
642,token_ERC6909_extensions_ERC6909ContentURI,0x0000000000000000000008325504638407695634,data/safe_contracts/openzeppelin_all/token_ERC6909_extensions_ERC6909ContentURI.sol,,openzeppelin,False,False,False,False,False,False,False,False,False,False,False,False,False,False,False,False,False,False,False,False,False,False,False,False,False,0,0,0,0,0,0,0,0,0,0,1,0,0.0,0,0,0.0,0,0,0,0,0,0,0,0,0,0,0,0.0,0.0,0.0,0.0,False,simple,0,IMPORT_ERROR,"File not found: Invalid compilation: 
Invalid solc compilation Error: Source ""data/safe_contracts/ERC6909.sol"" not found: File not found. Searched the following locations: """".
 --> data/safe_contracts/openzeppelin_all/token_ERC6909_extensions_ERC6909ContentURI.sol:6:1:
  |
6 | import {ERC6909} from ""../ERC6909.sol"";
  | ^^^^^^^^^^^^^^^^^^^^^^^^^^^^^^^^^^^^^^^

Error: Source ""interfaces/IERC6909.sol"" not found: File not found. Searched the following locations: """".
 --> data/safe_contracts/openzeppelin_all/token_ERC6909_extensions_ERC6909ContentURI.sol:7:1:
  |
7 | import {IERC6909ContentURI} from ""../../../interfaces/IERC6909.sol"";
  | ^^^^^^^^^^^^^^^^^^^^^^^^^^^^^^^^^^^^^^^^^^^^^^^^^^^^^^^^^^^^^^^^^^^^

",0,0,0,0,0.0,False,0,0,0,0,0,0,0.0,False,0,0,0.0,0,0,0,False,0,0,0.0,0,0,0,1.0,False,0,0,0,0
643,token_ERC721_utils_ERC721Holder,0x9999999999999999999999443625964750908955,data/safe_contracts/openzeppelin_all/token_ERC721_utils_ERC721Holder.sol,,openzeppelin,False,False,False,False,False,False,False,False,False,False,False,False,False,False,False,False,False,False,False,False,False,False,False,False,False,0,0,0,0,0,0,0,0,0,0,1,0,0.0,0,0,0.0,0,0,0,0,0,0,0,0,0,0,0,0.0,0.0,0.0,0.0,False,simple,0,IMPORT_ERROR,"File not found: Invalid compilation: 
Invalid solc compilation Error: Source ""data/safe_contracts/IERC721Receiver.sol"" not found: File not found. Searched the following locations: """".
 --> data/safe_contracts/openzeppelin_all/token_ERC721_utils_ERC721Holder.sol:6:1:
  |
6 | import {IERC721Receiver} from ""../IERC721Receiver.sol"";
  | ^^^^^^^^^^^^^^^^^^^^^^^^^^^^^^^^^^^^^^^^^^^^^^^^^^^^^^^

",0,0,0,0,0.0,False,0,0,0,0,0,0,0.0,False,0,0,0.0,0,0,0,False,0,0,0.0,0,0,0,1.0,False,0,0,0,0
644,mocks_docs_token_ERC1155_GameItems,0x0000000000000000000000143746360994192302,data/safe_contracts/openzeppelin_all/mocks_docs_token_ERC1155_GameItems.sol,,openzeppelin,False,False,False,False,False,False,False,False,False,False,False,False,False,False,False,False,False,False,False,False,False,False,False,False,False,0,0,0,0,0,0,0,0,0,0,1,0,0.0,0,0,0.0,0,0,0,0,0,0,0,0,0,0,0,0.0,0.0,0.0,0.0,False,simple,0,IMPORT_ERROR,"File not found: Invalid compilation: 
Invalid solc compilation Error: Source ""token/ERC1155/ERC1155.sol"" not found: File not found. Searched the following locations: """".
 --> data/safe_contracts/openzeppelin_all/mocks_docs_token_ERC1155_GameItems.sol:5:1:
  |
5 | import {ERC1155} from ""../../../../token/ERC1155/ERC1155.sol"";
  | ^^^^^^^^^^^^^^^^^^^^^^^^^^^^^^^^^^^^^^^^^^^^^^^^^^^^^^^^^^^^^^

",0,0,0,0,0.0,False,0,0,0,0,0,0,0.0,False,0,0,0.0,0,0,0,False,0,0,0.0,0,0,0,1.0,False,0,0,0,0
645,interfaces_IERC1155Receiver,0x0000000000000000000006206554187237825813,data/safe_contracts/openzeppelin_all/interfaces_IERC1155Receiver.sol,,openzeppelin,False,False,False,False,False,False,False,False,False,False,False,False,False,False,False,False,False,False,False,False,False,False,False,False,False,0,0,0,0,0,0,0,0,0,0,1,0,0.0,0,0,0.0,0,0,0,0,0,0,0,0,0,0,0,0.0,0.0,0.0,0.0,False,simple,0,IMPORT_ERROR,"File not found: Invalid compilation: 
Invalid solc compilation Error: Source ""data/safe_contracts/token/ERC1155/IERC1155Receiver.sol"" not found: File not found. Searched the following locations: """".
 --> data/safe_contracts/openzeppelin_all/interfaces_IERC1155Receiver.sol:6:1:
  |
6 | import {IERC1155Receiver} from ""../token/ERC1155/IERC1155Receiver.sol"";
  | ^^^^^^^^^^^^^^^^^^^^^^^^^^^^^^^^^^^^^^^^^^^^^^^^^^^^^^^^^^^^^^^^^^^^^^^

",0,0,0,0,0.0,False,0,0,0,0,0,0,0.0,False,0,0,0.0,0,0,0,False,0,0,0.0,0,0,0,1.0,False,0,0,0,0
646,mocks_docs_access-control_AccessControlERC20MintBase,0x0000000000000000000007050976271534330438,data/safe_contracts/openzeppelin_all/mocks_docs_access-control_AccessControlERC20MintBase.sol,,openzeppelin,False,False,False,False,False,False,False,False,False,False,False,False,False,False,False,False,False,False,False,False,False,False,False,False,False,0,0,0,0,0,0,0,0,0,0,1,0,0.0,0,0,0.0,0,0,0,0,0,0,0,0,0,0,0,0.0,0.0,0.0,0.0,False,simple,0,IMPORT_ERROR,"File not found: Invalid compilation: 
Invalid solc compilation Error: Source ""access/AccessControl.sol"" not found: File not found. Searched the following locations: """".
 --> data/safe_contracts/openzeppelin_all/mocks_docs_access-control_AccessControlERC20MintBase.sol:4:1:
  |
4 | import {AccessControl} from ""../../../access/AccessControl.sol"";
  | ^^^^^^^^^^^^^^^^^^^^^^^^^^^^^^^^^^^^^^^^^^^^^^^^^^^^^^^^^^^^^^^^

Error: Source ""token/ERC20/ERC20.sol"" not found: File not found. Searched the following locations: """".
 --> data/safe_contracts/openzeppelin_all/mocks_docs_access-control_AccessControlERC20MintBase.sol:5:1:
  |
5 | import {ERC20} from ""../../../token/ERC20/ERC20.sol"";
  | ^^^^^^^^^^^^^^^^^^^^^^^^^^^^^^^^^^^^^^^^^^^^^^^^^^^^^

",0,0,0,0,0.0,False,0,0,0,0,0,0,0.0,False,0,0,0.0,0,0,0,False,0,0,0.0,0,0,0,1.0,False,0,0,0,0
647,token_ERC1155_extensions_ERC1155Burnable,0x0000000000000000000002274603321221839238,data/safe_contracts/openzeppelin_all/token_ERC1155_extensions_ERC1155Burnable.sol,,openzeppelin,False,False,False,False,False,False,False,False,False,False,False,False,False,False,False,False,False,False,False,False,False,False,False,False,False,0,0,0,0,0,0,0,0,0,0,1,0,0.0,0,0,0.0,0,0,0,0,0,0,0,0,0,0,0,0.0,0.0,0.0,0.0,False,simple,0,IMPORT_ERROR,"File not found: Invalid compilation: 
Invalid solc compilation Error: Source ""data/safe_contracts/ERC1155.sol"" not found: File not found. Searched the following locations: """".
 --> data/safe_contracts/openzeppelin_all/token_ERC1155_extensions_ERC1155Burnable.sol:6:1:
  |
6 | import {ERC1155} from ""../ERC1155.sol"";
  | ^^^^^^^^^^^^^^^^^^^^^^^^^^^^^^^^^^^^^^^

",0,0,0,0,0.0,False,0,0,0,0,0,0,0.0,False,0,0,0.0,0,0,0,False,0,0,0.0,0,0,0,1.0,False,0,0,0,0
648,utils_structs_MerkleTree,0x0000000000000000000008061140679515151607,data/safe_contracts/openzeppelin_all/utils_structs_MerkleTree.sol,,openzeppelin,False,False,False,False,False,False,False,False,False,False,False,False,False,False,False,False,False,False,False,False,False,False,False,False,False,0,0,0,0,0,0,0,0,0,0,1,0,0.0,0,0,0.0,0,0,0,0,0,0,0,0,0,0,0,0.0,0.0,0.0,0.0,False,simple,0,IMPORT_ERROR,"File not found: Invalid compilation: 
Invalid solc compilation Error: Source ""data/safe_contracts/cryptography/Hashes.sol"" not found: File not found. Searched the following locations: """".
 --> data/safe_contracts/openzeppelin_all/utils_structs_MerkleTree.sol:6:1:
  |
6 | import {Hashes} from ""../cryptography/Hashes.sol"";
  | ^^^^^^^^^^^^^^^^^^^^^^^^^^^^^^^^^^^^^^^^^^^^^^^^^^

Error: Source ""data/safe_contracts/Arrays.sol"" not found: File not found. Searched the following locations: """".
 --> data/safe_contracts/openzeppelin_all/utils_structs_MerkleTree.sol:7:1:
  |
7 | import {Arrays} from ""../Arrays.sol"";
  | ^^^^^^^^^^^^^^^^^^^^^^^^^^^^^^^^^^^^^

Error: Source ""data/safe_contracts/Panic.sol"" not found: File not found. Searched the following locations: """".
 --> data/safe_contracts/openzeppelin_all/utils_structs_MerkleTree.sol:8:1:
  |
8 | import {Panic} from ""../Panic.sol"";
  | ^^^^^^^^^^^^^^^^^^^^^^^^^^^^^^^^^^^

Error: Source ""data/safe_contracts/StorageSlot.sol"" not found: File not found. Searched the following locations: """".
 --> data/safe_contracts/openzeppelin_all/utils_structs_MerkleTree.sol:9:1:
  |
9 | import {StorageSlot} from ""../StorageSlot.sol"";
  | ^^^^^^^^^^^^^^^^^^^^^^^^^^^^^^^^^^^^^^^^^^^^^^^

",0,0,0,0,0.0,False,0,0,0,0,0,0,0.0,False,0,0,0.0,0,0,0,False,0,0,0.0,0,0,0,1.0,False,0,0,0,0
649,mocks_MultipleInheritanceInitializableMocks,0x9999999999999999999994597422895529496498,data/safe_contracts/openzeppelin_all/mocks_MultipleInheritanceInitializableMocks.sol,,openzeppelin,False,False,False,False,False,False,False,False,False,False,False,False,False,False,False,False,False,False,False,False,False,False,False,False,False,0,0,0,0,0,0,0,0,0,0,1,0,0.0,0,0,0.0,0,0,0,0,0,0,0,0,0,0,0,0.0,0.0,0.0,0.0,False,simple,0,IMPORT_ERROR,"File not found: Invalid compilation: 
Invalid solc compilation Error: Source ""data/safe_contracts/proxy/utils/Initializable.sol"" not found: File not found. Searched the following locations: """".
 --> data/safe_contracts/openzeppelin_all/mocks_MultipleInheritanceInitializableMocks.sol:5:1:
  |
5 | import {Initializable} from ""../proxy/utils/Initializable.sol"";
  | ^^^^^^^^^^^^^^^^^^^^^^^^^^^^^^^^^^^^^^^^^^^^^^^^^^^^^^^^^^^^^^^

",0,0,0,0,0.0,False,0,0,0,0,0,0,0.0,False,0,0,0.0,0,0,0,False,0,0,0.0,0,0,0,1.0,False,0,0,0,0
650,interfaces_IERC1155MetadataURI,0x0000000000000000000003260454319575047553,data/safe_contracts/openzeppelin_all/interfaces_IERC1155MetadataURI.sol,,openzeppelin,False,False,False,False,False,False,False,False,False,False,False,False,False,False,False,False,False,False,False,False,False,False,False,False,False,0,0,0,0,0,0,0,0,0,0,1,0,0.0,0,0,0.0,0,0,0,0,0,0,0,0,0,0,0,0.0,0.0,0.0,0.0,False,simple,0,IMPORT_ERROR,"File not found: Invalid compilation: 
Invalid solc compilation Error: Source ""data/safe_contracts/token/ERC1155/extensions/IERC1155MetadataURI.sol"" not found: File not found. Searched the following locations: """".
 --> data/safe_contracts/openzeppelin_all/interfaces_IERC1155MetadataURI.sol:6:1:
  |
6 | import {IERC1155MetadataURI} from ""../token/ERC1155/extensions/IERC1155MetadataURI.sol"";
  | ^^^^^^^^^^^^^^^^^^^^^^^^^^^^^^^^^^^^^^^^^^^^^^^^^^^^^^^^^^^^^^^^^^^^^^^^^^^^^^^^^^^^^^^^

",0,0,0,0,0.0,False,0,0,0,0,0,0,0.0,False,0,0,0.0,0,0,0,False,0,0,0.0,0,0,0,1.0,False,0,0,0,0
651,utils_Address,0x0000000000000000000000159576190423355231,data/safe_contracts/openzeppelin_all/utils_Address.sol,,openzeppelin,False,False,False,False,False,False,False,False,False,False,False,False,False,False,False,False,False,False,False,False,False,False,False,False,False,0,0,0,0,0,0,0,0,0,0,1,0,0.0,0,0,0.0,0,0,0,0,0,0,0,0,0,0,0,0.0,0.0,0.0,0.0,False,simple,0,IMPORT_ERROR,"File not found: Invalid compilation: 
Invalid solc compilation Error: Source ""data/safe_contracts/openzeppelin_all/Errors.sol"" not found: File not found. Searched the following locations: """".
 --> data/safe_contracts/openzeppelin_all/utils_Address.sol:6:1:
  |
6 | import {Errors} from ""./Errors.sol"";
  | ^^^^^^^^^^^^^^^^^^^^^^^^^^^^^^^^^^^^

Error: Source ""data/safe_contracts/openzeppelin_all/LowLevelCall.sol"" not found: File not found. Searched the following locations: """".
 --> data/safe_contracts/openzeppelin_all/utils_Address.sol:7:1:
  |
7 | import {LowLevelCall} from ""./LowLevelCall.sol"";
  | ^^^^^^^^^^^^^^^^^^^^^^^^^^^^^^^^^^^^^^^^^^^^^^^^

",0,0,0,0,0.0,False,0,0,0,0,0,0,0.0,False,0,0,0.0,0,0,0,False,0,0,0.0,0,0,0,1.0,False,0,0,0,0
652,mocks_SingleInheritanceInitializableMocks,0x9999999999999999999990787467781485364707,data/safe_contracts/openzeppelin_all/mocks_SingleInheritanceInitializableMocks.sol,,openzeppelin,False,False,False,False,False,False,False,False,False,False,False,False,False,False,False,False,False,False,False,False,False,False,False,False,False,0,0,0,0,0,0,0,0,0,0,1,0,0.0,0,0,0.0,0,0,0,0,0,0,0,0,0,0,0,0.0,0.0,0.0,0.0,False,simple,0,IMPORT_ERROR,"File not found: Invalid compilation: 
Invalid solc compilation Error: Source ""data/safe_contracts/proxy/utils/Initializable.sol"" not found: File not found. Searched the following locations: """".
 --> data/safe_contracts/openzeppelin_all/mocks_SingleInheritanceInitializableMocks.sol:5:1:
  |
5 | import {Initializable} from ""../proxy/utils/Initializable.sol"";
  | ^^^^^^^^^^^^^^^^^^^^^^^^^^^^^^^^^^^^^^^^^^^^^^^^^^^^^^^^^^^^^^^

",0,0,0,0,0.0,False,0,0,0,0,0,0,0.0,False,0,0,0.0,0,0,0,False,0,0,0.0,0,0,0,1.0,False,0,0,0,0
653,crosschain_bridges_BridgeERC20,0x9999999999999999999995341270865711421495,data/safe_contracts/openzeppelin_all/crosschain_bridges_BridgeERC20.sol,,openzeppelin,False,False,False,False,False,False,False,False,False,False,False,False,False,False,False,False,False,False,False,False,False,False,False,False,False,0,0,0,0,0,0,0,0,0,0,1,0,0.0,0,0,0.0,0,0,0,0,0,0,0,0,0,0,0,0.0,0.0,0.0,0.0,False,simple,0,IMPORT_ERROR,"File not found: Invalid compilation: 
Invalid solc compilation Error: Source ""data/token/ERC20/utils/SafeERC20.sol"" not found: File not found. Searched the following locations: """".
 --> data/safe_contracts/openzeppelin_all/crosschain_bridges_BridgeERC20.sol:5:1:
  |
5 | import {IERC20, SafeERC20} from ""../../token/ERC20/utils/SafeERC20.sol"";
  | ^^^^^^^^^^^^^^^^^^^^^^^^^^^^^^^^^^^^^^^^^^^^^^^^^^^^^^^^^^^^^^^^^^^^^^^^

Error: Source ""data/safe_contracts/openzeppelin_all/BridgeERC20Core.sol"" not found: File not found. Searched the following locations: """".
 --> data/safe_contracts/openzeppelin_all/crosschain_bridges_BridgeERC20.sol:6:1:
  |
6 | import {BridgeERC20Core} from ""./BridgeERC20Core.sol"";
  | ^^^^^^^^^^^^^^^^^^^^^^^^^^^^^^^^^^^^^^^^^^^^^^^^^^^^^^

",0,0,0,0,0.0,False,0,0,0,0,0,0,0.0,False,0,0,0.0,0,0,0,False,0,0,0.0,0,0,0,1.0,False,0,0,0,0
654,interfaces_IERC1155,0x9999999999999999999998819982736707757378,data/safe_contracts/openzeppelin_all/interfaces_IERC1155.sol,,openzeppelin,False,False,False,False,False,False,False,False,False,False,False,False,False,False,False,False,False,False,False,False,False,False,False,False,False,0,0,0,0,0,0,0,0,0,0,1,0,0.0,0,0,0.0,0,0,0,0,0,0,0,0,0,0,0,0.0,0.0,0.0,0.0,False,simple,0,IMPORT_ERROR,"File not found: Invalid compilation: 
Invalid solc compilation Error: Source ""data/safe_contracts/token/ERC1155/IERC1155.sol"" not found: File not found. Searched the following locations: """".
 --> data/safe_contracts/openzeppelin_all/interfaces_IERC1155.sol:6:1:
  |
6 | import {IERC1155} from ""../token/ERC1155/IERC1155.sol"";
  | ^^^^^^^^^^^^^^^^^^^^^^^^^^^^^^^^^^^^^^^^^^^^^^^^^^^^^^^

",0,0,0,0,0.0,False,0,0,0,0,0,0,0.0,False,0,0,0.0,0,0,0,False,0,0,0.0,0,0,0,1.0,False,0,0,0,0
655,interfaces_IERC165,0x0000000000000000000008262434953000845124,data/safe_contracts/openzeppelin_all/interfaces_IERC165.sol,,openzeppelin,False,False,False,False,False,False,False,False,False,False,False,False,False,False,False,False,False,False,False,False,False,False,False,False,False,0,0,0,0,0,0,0,0,0,0,1,0,0.0,0,0,0.0,0,0,0,0,0,0,0,0,0,0,0,0.0,0.0,0.0,0.0,False,simple,0,IMPORT_ERROR,"File not found: Invalid compilation: 
Invalid solc compilation Error: Source ""data/safe_contracts/utils/introspection/IERC165.sol"" not found: File not found. Searched the following locations: """".
 --> data/safe_contracts/openzeppelin_all/interfaces_IERC165.sol:6:1:
  |
6 | import {IERC165} from ""../utils/introspection/IERC165.sol"";
  | ^^^^^^^^^^^^^^^^^^^^^^^^^^^^^^^^^^^^^^^^^^^^^^^^^^^^^^^^^^^

",0,0,0,0,0.0,False,0,0,0,0,0,0,0.0,False,0,0,0.0,0,0,0,False,0,0,0.0,0,0,0,1.0,False,0,0,0,0
656,interfaces_IERC3156FlashLender,0x9999999999999999999991225017758220667230,data/safe_contracts/openzeppelin_all/interfaces_IERC3156FlashLender.sol,,openzeppelin,False,False,False,False,False,False,False,False,False,False,False,False,False,False,False,False,False,False,False,False,False,False,False,False,False,0,0,0,0,0,0,0,0,0,0,1,0,0.0,0,0,0.0,0,0,0,0,0,0,0,0,0,0,0,0.0,0.0,0.0,0.0,False,simple,0,IMPORT_ERROR,"File not found: Invalid compilation: 
Invalid solc compilation Error: Source ""data/safe_contracts/openzeppelin_all/IERC3156FlashBorrower.sol"" not found: File not found. Searched the following locations: """".
 --> data/safe_contracts/openzeppelin_all/interfaces_IERC3156FlashLender.sol:6:1:
  |
6 | import {IERC3156FlashBorrower} from ""./IERC3156FlashBorrower.sol"";
  | ^^^^^^^^^^^^^^^^^^^^^^^^^^^^^^^^^^^^^^^^^^^^^^^^^^^^^^^^^^^^^^^^^^

",0,0,0,0,0.0,False,0,0,0,0,0,0,0.0,False,0,0,0.0,0,0,0,False,0,0,0.0,0,0,0,1.0,False,0,0,0,0
657,governance_extensions_GovernorTimelockControl,0x9999999999999999999995575207182927714651,data/safe_contracts/openzeppelin_all/governance_extensions_GovernorTimelockControl.sol,,openzeppelin,False,False,False,False,False,False,False,False,False,False,False,False,False,False,False,False,False,False,False,False,False,False,False,False,False,0,0,0,0,0,0,0,0,0,0,1,0,0.0,0,0,0.0,0,0,0,0,0,0,0,0,0,0,0,0.0,0.0,0.0,0.0,False,simple,0,IMPORT_ERROR,"File not found: Invalid compilation: 
Invalid solc compilation Error: Source ""data/safe_contracts/Governor.sol"" not found: File not found. Searched the following locations: """".
 --> data/safe_contracts/openzeppelin_all/governance_extensions_GovernorTimelockControl.sol:6:1:
  |
6 | import {IGovernor, Governor} from ""../Governor.sol"";
  | ^^^^^^^^^^^^^^^^^^^^^^^^^^^^^^^^^^^^^^^^^^^^^^^^^^^^

Error: Source ""data/safe_contracts/TimelockController.sol"" not found: File not found. Searched the following locations: """".
 --> data/safe_contracts/openzeppelin_all/governance_extensions_GovernorTimelockControl.sol:7:1:
  |
7 | import {TimelockController} from ""../TimelockController.sol"";
  | ^^^^^^^^^^^^^^^^^^^^^^^^^^^^^^^^^^^^^^^^^^^^^^^^^^^^^^^^^^^^^

Error: Source ""data/utils/math/SafeCast.sol"" not found: File not found. Searched the following locations: """".
 --> data/safe_contracts/openzeppelin_all/governance_extensions_GovernorTimelockControl.sol:8:1:
  |
8 | import {SafeCast} from ""../../utils/math/SafeCast.sol"";
  | ^^^^^^^^^^^^^^^^^^^^^^^^^^^^^^^^^^^^^^^^^^^^^^^^^^^^^^^

",0,0,0,0,0.0,False,0,0,0,0,0,0,0.0,False,0,0,0.0,0,0,0,False,0,0,0.0,0,0,0,1.0,False,0,0,0,0
658,mocks_PausableMock,0x9999999999999999999991238612593190052802,data/safe_contracts/openzeppelin_all/mocks_PausableMock.sol,,openzeppelin,False,False,False,False,False,False,False,False,False,False,False,False,False,False,False,False,False,False,False,False,False,False,False,False,False,0,0,0,0,0,0,0,0,0,0,1,0,0.0,0,0,0.0,0,0,0,0,0,0,0,0,0,0,0,0.0,0.0,0.0,0.0,False,simple,0,IMPORT_ERROR,"File not found: Invalid compilation: 
Invalid solc compilation Error: Source ""data/safe_contracts/utils/Pausable.sol"" not found: File not found. Searched the following locations: """".
 --> data/safe_contracts/openzeppelin_all/mocks_PausableMock.sol:5:1:
  |
5 | import {Pausable} from ""../utils/Pausable.sol"";
  | ^^^^^^^^^^^^^^^^^^^^^^^^^^^^^^^^^^^^^^^^^^^^^^^

",0,0,0,0,0.0,False,0,0,0,0,0,0,0.0,False,0,0,0.0,0,0,0,False,0,0,0.0,0,0,0,1.0,False,0,0,0,0
659,mocks_ERC1271WalletMock,0x0000000000000000000005603780042720551091,data/safe_contracts/openzeppelin_all/mocks_ERC1271WalletMock.sol,,openzeppelin,False,False,False,False,False,False,False,False,False,False,False,False,False,False,False,False,False,False,False,False,False,False,False,False,False,0,0,0,0,0,0,0,0,0,0,1,0,0.0,0,0,0.0,0,0,0,0,0,0,0,0,0,0,0,0.0,0.0,0.0,0.0,False,simple,0,IMPORT_ERROR,"File not found: Invalid compilation: 
Invalid solc compilation Error: Source ""data/safe_contracts/access/Ownable.sol"" not found: File not found. Searched the following locations: """".
 --> data/safe_contracts/openzeppelin_all/mocks_ERC1271WalletMock.sol:5:1:
  |
5 | import {Ownable} from ""../access/Ownable.sol"";
  | ^^^^^^^^^^^^^^^^^^^^^^^^^^^^^^^^^^^^^^^^^^^^^^

Error: Source ""data/safe_contracts/interfaces/IERC1271.sol"" not found: File not found. Searched the following locations: """".
 --> data/safe_contracts/openzeppelin_all/mocks_ERC1271WalletMock.sol:6:1:
  |
6 | import {IERC1271} from ""../interfaces/IERC1271.sol"";
  | ^^^^^^^^^^^^^^^^^^^^^^^^^^^^^^^^^^^^^^^^^^^^^^^^^^^^

Error: Source ""data/safe_contracts/utils/cryptography/ECDSA.sol"" not found: File not found. Searched the following locations: """".
 --> data/safe_contracts/openzeppelin_all/mocks_ERC1271WalletMock.sol:7:1:
  |
7 | import {ECDSA} from ""../utils/cryptography/ECDSA.sol"";
  | ^^^^^^^^^^^^^^^^^^^^^^^^^^^^^^^^^^^^^^^^^^^^^^^^^^^^^^

",0,0,0,0,0.0,False,0,0,0,0,0,0,0.0,False,0,0,0.0,0,0,0,False,0,0,0.0,0,0,0,1.0,False,0,0,0,0
660,token_ERC20_IERC20,0x9999999999999999999996007458751206840938,data/safe_contracts/openzeppelin_all/token_ERC20_IERC20.sol,,openzeppelin,False,False,False,False,False,False,False,False,False,False,False,False,False,False,False,False,False,False,False,False,False,False,True,False,False,0,0,2,6,0,0,0,1,0,70,1,1,1.0,0,59,0.8428571428571429,0,0,0,0,2,0,0,0,0,1,1,0.0,0.0,2.0,4.0,False,simple,0,,,0,0,0,0,0.0,False,0,0,6,0,0,0,0.0,False,6,0,0.0,6,0,0,False,0,10,0.0,5,0,0,1.0,False,0,0,0,0
661,mocks_VotesMock,0x9999999999999999999996300966445156829945,data/safe_contracts/openzeppelin_all/mocks_VotesMock.sol,,openzeppelin,False,False,False,False,False,False,False,False,False,False,False,False,False,False,False,False,False,False,False,False,False,False,False,False,False,0,0,0,0,0,0,0,0,0,0,1,0,0.0,0,0,0.0,0,0,0,0,0,0,0,0,0,0,0,0.0,0.0,0.0,0.0,False,simple,0,IMPORT_ERROR,"File not found: Invalid compilation: 
Invalid solc compilation Error: Source ""data/safe_contracts/governance/utils/Votes.sol"" not found: File not found. Searched the following locations: """".
 --> data/safe_contracts/openzeppelin_all/mocks_VotesMock.sol:5:1:
  |
5 | import {Votes} from ""../governance/utils/Votes.sol"";
  | ^^^^^^^^^^^^^^^^^^^^^^^^^^^^^^^^^^^^^^^^^^^^^^^^^^^^

",0,0,0,0,0.0,False,0,0,0,0,0,0,0.0,False,0,0,0.0,0,0,0,False,0,0,0.0,0,0,0,1.0,False,0,0,0,0
662,mocks_token_ERC1363SpenderMock,0x9999999999999999999992792549059621534150,data/safe_contracts/openzeppelin_all/mocks_token_ERC1363SpenderMock.sol,,openzeppelin,False,False,False,False,False,False,False,False,False,False,False,False,False,False,False,False,False,False,False,False,False,False,False,False,False,0,0,0,0,0,0,0,0,0,0,1,0,0.0,0,0,0.0,0,0,0,0,0,0,0,0,0,0,0,0.0,0.0,0.0,0.0,False,simple,0,IMPORT_ERROR,"File not found: Invalid compilation: 
Invalid solc compilation Error: Source ""data/interfaces/IERC1363Spender.sol"" not found: File not found. Searched the following locations: """".
 --> data/safe_contracts/openzeppelin_all/mocks_token_ERC1363SpenderMock.sol:5:1:
  |
5 | import {IERC1363Spender} from ""../../interfaces/IERC1363Spender.sol"";
  | ^^^^^^^^^^^^^^^^^^^^^^^^^^^^^^^^^^^^^^^^^^^^^^^^^^^^^^^^^^^^^^^^^^^^^

",0,0,0,0,0.0,False,0,0,0,0,0,0,0.0,False,0,0,0.0,0,0,0,False,0,0,0.0,0,0,0,1.0,False,0,0,0,0
663,account_extensions_draft-AccountERC7579,0x0000000000000000000008731944219914898179,data/safe_contracts/openzeppelin_all/account_extensions_draft-AccountERC7579.sol,,openzeppelin,False,False,False,False,False,False,False,False,False,False,False,False,False,False,False,False,False,False,False,False,False,False,False,False,False,0,0,0,0,0,0,0,0,0,0,1,0,0.0,0,0,0.0,0,0,0,0,0,0,0,0,0,0,0,0.0,0.0,0.0,0.0,False,simple,0,IMPORT_ERROR,"File not found: Invalid compilation: 
Invalid solc compilation Error: Source ""data/interfaces/draft-IERC4337.sol"" not found: File not found. Searched the following locations: """".
 --> data/safe_contracts/openzeppelin_all/account_extensions_draft-AccountERC7579.sol:6:1:
  |
6 | import {PackedUserOperation} from ""../../interfaces/draft-IERC4337.sol"";
  | ^^^^^^^^^^^^^^^^^^^^^^^^^^^^^^^^^^^^^^^^^^^^^^^^^^^^^^^^^^^^^^^^^^^^^^^^

Error: Source ""data/interfaces/IERC1271.sol"" not found: File not found. Searched the following locations: """".
 --> data/safe_contracts/openzeppelin_all/account_extensions_draft-AccountERC7579.sol:7:1:
  |
7 | import {IERC1271} from ""../../interfaces/IERC1271.sol"";
  | ^^^^^^^^^^^^^^^^^^^^^^^^^^^^^^^^^^^^^^^^^^^^^^^^^^^^^^^

Error: Source ""data/interfaces/draft-IERC7579.sol"" not found: File not found. Searched the following locations: """".
 --> data/safe_contracts/openzeppelin_all/account_extensions_draft-AccountERC7579.sol:8:1:
  |
8 | import {
  | ^ (Relevant source part starts here and spans across multiple lines).

Error: Source ""data/account/utils/draft-ERC7579Utils.sol"" not found: File not found. Searched the following locations: """".
  --> data/safe_contracts/openzeppelin_all/account_extensions_draft-AccountERC7579.sol:18:1:
   |
18 | import {ERC7579Utils, Mode, CallType, ExecType} from ""../../account/utils/draft-ERC7579Utils.sol"";
   | ^^^^^^^^^^^^^^^^^^^^^^^^^^^^^^^^^^^^^^^^^^^^^^^^^^^^^^^^^^^^^^^^^^^^^^^^^^^^^^^^^^^^^^^^^^^^^^^^^^

Error: Source ""data/utils/structs/EnumerableSet.sol"" not found: File not found. Searched the following locations: """".
  --> data/safe_contracts/openzeppelin_all/account_extensions_draft-AccountERC7579.sol:19:1:
   |
19 | import {EnumerableSet} from ""../../utils/structs/EnumerableSet.sol"";
   | ^^^^^^^^^^^^^^^^^^^^^^^^^^^^^^^^^^^^^^^^^^^^^^^^^^^^^^^^^^^^^^^^^^^^

Error: Source ""data/utils/LowLevelCall.sol"" not found: File not found. Searched the following locations: """".
  --> data/safe_contracts/openzeppelin_all",0,0,0,0,0.0,False,0,0,0,0,0,0,0.0,False,0,0,0.0,0,0,0,False,0,0,0.0,0,0,0,1.0,False,0,0,0,0
664,mocks_ArraysMock,0x0000000000000000000005202054825282953476,data/safe_contracts/openzeppelin_all/mocks_ArraysMock.sol,,openzeppelin,False,False,False,False,False,False,False,False,False,False,False,False,False,False,False,False,False,False,False,False,False,False,False,False,False,0,0,0,0,0,0,0,0,0,0,1,0,0.0,0,0,0.0,0,0,0,0,0,0,0,0,0,0,0,0.0,0.0,0.0,0.0,False,simple,0,IMPORT_ERROR,"File not found: Invalid compilation: 
Invalid solc compilation Error: Source ""data/safe_contracts/utils/Arrays.sol"" not found: File not found. Searched the following locations: """".
 --> data/safe_contracts/openzeppelin_all/mocks_ArraysMock.sol:5:1:
  |
5 | import {Arrays} from ""../utils/Arrays.sol"";
  | ^^^^^^^^^^^^^^^^^^^^^^^^^^^^^^^^^^^^^^^^^^^

",0,0,0,0,0.0,False,0,0,0,0,0,0,0.0,False,0,0,0.0,0,0,0,False,0,0,0.0,0,0,0,1.0,False,0,0,0,0
665,utils_cryptography_signers_MultiSignerERC7913Weighted,0x0000000000000000000009171211940344184516,data/safe_contracts/openzeppelin_all/utils_cryptography_signers_MultiSignerERC7913Weighted.sol,,openzeppelin,False,False,False,False,False,False,False,False,False,False,False,False,False,False,False,False,False,False,False,False,False,False,False,False,False,0,0,0,0,0,0,0,0,0,0,1,0,0.0,0,0,0.0,0,0,0,0,0,0,0,0,0,0,0,0.0,0.0,0.0,0.0,False,simple,0,IMPORT_ERROR,"File not found: Invalid compilation: 
Invalid solc compilation Error: Source ""data/math/SafeCast.sol"" not found: File not found. Searched the following locations: """".
 --> data/safe_contracts/openzeppelin_all/utils_cryptography_signers_MultiSignerERC7913Weighted.sol:6:1:
  |
6 | import {SafeCast} from ""../../math/SafeCast.sol"";
  | ^^^^^^^^^^^^^^^^^^^^^^^^^^^^^^^^^^^^^^^^^^^^^^^^^

Error: Source ""data/safe_contracts/openzeppelin_all/MultiSignerERC7913.sol"" not found: File not found. Searched the following locations: """".
 --> data/safe_contracts/openzeppelin_all/utils_cryptography_signers_MultiSignerERC7913Weighted.sol:7:1:
  |
7 | import {MultiSignerERC7913} from ""./MultiSignerERC7913.sol"";
  | ^^^^^^^^^^^^^^^^^^^^^^^^^^^^^^^^^^^^^^^^^^^^^^^^^^^^^^^^^^^^

",0,0,0,0,0.0,False,0,0,0,0,0,0,0.0,False,0,0,0.0,0,0,0,False,0,0,0.0,0,0,0,1.0,False,0,0,0,0
666,mocks_docs_token_ERC6909_ERC6909GameItems,0x0000000000000000000001620996095787375586,data/safe_contracts/openzeppelin_all/mocks_docs_token_ERC6909_ERC6909GameItems.sol,,openzeppelin,False,False,False,False,False,False,False,False,False,False,False,False,False,False,False,False,False,False,False,False,False,False,False,False,False,0,0,0,0,0,0,0,0,0,0,1,0,0.0,0,0,0.0,0,0,0,0,0,0,0,0,0,0,0,0.0,0.0,0.0,0.0,False,simple,0,IMPORT_ERROR,"File not found: Invalid compilation: 
Invalid solc compilation Error: Source ""token/ERC6909/extensions/ERC6909Metadata.sol"" not found: File not found. Searched the following locations: """".
 --> data/safe_contracts/openzeppelin_all/mocks_docs_token_ERC6909_ERC6909GameItems.sol:4:1:
  |
4 | import {ERC6909Metadata} from ""../../../../token/ERC6909/extensions/ERC6909Metadata.sol"";
  | ^^^^^^^^^^^^^^^^^^^^^^^^^^^^^^^^^^^^^^^^^^^^^^^^^^^^^^^^^^^^^^^^^^^^^^^^^^^^^^^^^^^^^^^^^

",0,0,0,0,0.0,False,0,0,0,0,0,0,0.0,False,0,0,0.0,0,0,0,False,0,0,0.0,0,0,0,1.0,False,0,0,0,0
667,token_ERC721_IERC721,0x0000000000000000000008972613807212083039,data/safe_contracts/openzeppelin_all/token_ERC721_IERC721.sol,,openzeppelin,False,False,False,False,False,False,False,False,False,False,False,False,False,False,False,False,False,False,False,False,False,False,False,False,False,0,0,0,0,0,0,0,0,0,0,1,0,0.0,0,0,0.0,0,0,0,0,0,0,0,0,0,0,0,0.0,0.0,0.0,0.0,False,simple,0,IMPORT_ERROR,"File not found: Invalid compilation: 
Invalid solc compilation Error: Source ""data/utils/introspection/IERC165.sol"" not found: File not found. Searched the following locations: """".
 --> data/safe_contracts/openzeppelin_all/token_ERC721_IERC721.sol:6:1:
  |
6 | import {IERC165} from ""../../utils/introspection/IERC165.sol"";
  | ^^^^^^^^^^^^^^^^^^^^^^^^^^^^^^^^^^^^^^^^^^^^^^^^^^^^^^^^^^^^^^

",0,0,0,0,0.0,False,0,0,0,0,0,0,0.0,False,0,0,0.0,0,0,0,False,0,0,0.0,0,0,0,1.0,False,0,0,0,0
668,token_ERC721_extensions_ERC721Consecutive,0x0000000000000000000002881650797373919018,data/safe_contracts/openzeppelin_all/token_ERC721_extensions_ERC721Consecutive.sol,,openzeppelin,False,False,False,False,False,False,False,False,False,False,False,False,False,False,False,False,False,False,False,False,False,False,False,False,False,0,0,0,0,0,0,0,0,0,0,1,0,0.0,0,0,0.0,0,0,0,0,0,0,0,0,0,0,0,0.0,0.0,0.0,0.0,False,simple,0,IMPORT_ERROR,"File not found: Invalid compilation: 
Invalid solc compilation Error: Source ""data/safe_contracts/ERC721.sol"" not found: File not found. Searched the following locations: """".
 --> data/safe_contracts/openzeppelin_all/token_ERC721_extensions_ERC721Consecutive.sol:6:1:
  |
6 | import {ERC721} from ""../ERC721.sol"";
  | ^^^^^^^^^^^^^^^^^^^^^^^^^^^^^^^^^^^^^

Error: Source ""interfaces/IERC2309.sol"" not found: File not found. Searched the following locations: """".
 --> data/safe_contracts/openzeppelin_all/token_ERC721_extensions_ERC721Consecutive.sol:7:1:
  |
7 | import {IERC2309} from ""../../../interfaces/IERC2309.sol"";
  | ^^^^^^^^^^^^^^^^^^^^^^^^^^^^^^^^^^^^^^^^^^^^^^^^^^^^^^^^^^

Error: Source ""utils/structs/BitMaps.sol"" not found: File not found. Searched the following locations: """".
 --> data/safe_contracts/openzeppelin_all/token_ERC721_extensions_ERC721Consecutive.sol:8:1:
  |
8 | import {BitMaps} from ""../../../utils/structs/BitMaps.sol"";
  | ^^^^^^^^^^^^^^^^^^^^^^^^^^^^^^^^^^^^^^^^^^^^^^^^^^^^^^^^^^^

Error: Source ""utils/structs/Checkpoints.sol"" not found: File not found. Searched the following locations: """".
 --> data/safe_contracts/openzeppelin_all/token_ERC721_extensions_ERC721Consecutive.sol:9:1:
  |
9 | import {Checkpoints} from ""../../../utils/structs/Checkpoints.sol"";
  | ^^^^^^^^^^^^^^^^^^^^^^^^^^^^^^^^^^^^^^^^^^^^^^^^^^^^^^^^^^^^^^^^^^^

",0,0,0,0,0.0,False,0,0,0,0,0,0,0.0,False,0,0,0.0,0,0,0,False,0,0,0.0,0,0,0,1.0,False,0,0,0,0
669,mocks_RegressionImplementation,0x0000000000000000000008521468637899293035,data/safe_contracts/openzeppelin_all/mocks_RegressionImplementation.sol,,openzeppelin,False,False,False,False,False,False,False,False,False,False,False,False,False,False,False,False,False,False,False,False,False,False,False,False,False,0,0,0,0,0,0,0,0,0,0,1,0,0.0,0,0,0.0,0,0,0,0,0,0,0,0,0,0,0,0.0,0.0,0.0,0.0,False,simple,0,IMPORT_ERROR,"File not found: Invalid compilation: 
Invalid solc compilation Error: Source ""data/safe_contracts/proxy/utils/Initializable.sol"" not found: File not found. Searched the following locations: """".
 --> data/safe_contracts/openzeppelin_all/mocks_RegressionImplementation.sol:5:1:
  |
5 | import {Initializable} from ""../proxy/utils/Initializable.sol"";
  | ^^^^^^^^^^^^^^^^^^^^^^^^^^^^^^^^^^^^^^^^^^^^^^^^^^^^^^^^^^^^^^^

",0,0,0,0,0.0,False,0,0,0,0,0,0,0.0,False,0,0,0.0,0,0,0,False,0,0,0.0,0,0,0,1.0,False,0,0,0,0
670,utils_RelayedCall,0x0000000000000000000004208209365583556017,data/safe_contracts/openzeppelin_all/utils_RelayedCall.sol,,openzeppelin,False,False,False,True,False,False,False,False,False,False,False,False,False,False,True,False,False,False,False,False,False,False,True,False,False,0,0,10,6,2,0,0,5,1,121,1,1,1.6666666666666667,0,76,0.628099173553719,0,0,0,0,4,6,0,0,0,4,3,0.0,0.0,10.0,20.5,True,simple,0,,,33,29,0,18,0.8787878787878788,False,5,10,6,14,0,2,0.125,True,0,6,2.3333333333333335,9,0,1,False,1,13,1.0,5,0,0,1.0,False,0,0,0,0
671,crosschain_CrosschainLinked,0x9999999999999999999996047460515546393994,data/safe_contracts/openzeppelin_all/crosschain_CrosschainLinked.sol,,openzeppelin,False,False,False,False,False,False,False,False,False,False,False,False,False,False,False,False,False,False,False,False,False,False,False,False,False,0,0,0,0,0,0,0,0,0,0,1,0,0.0,0,0,0.0,0,0,0,0,0,0,0,0,0,0,0,0.0,0.0,0.0,0.0,False,simple,0,IMPORT_ERROR,"File not found: Invalid compilation: 
Invalid solc compilation Error: Source ""data/safe_contracts/interfaces/draft-IERC7786.sol"" not found: File not found. Searched the following locations: """".
 --> data/safe_contracts/openzeppelin_all/crosschain_CrosschainLinked.sol:5:1:
  |
5 | import {IERC7786GatewaySource} from ""../interfaces/draft-IERC7786.sol"";
  | ^^^^^^^^^^^^^^^^^^^^^^^^^^^^^^^^^^^^^^^^^^^^^^^^^^^^^^^^^^^^^^^^^^^^^^^

Error: Source ""data/safe_contracts/utils/draft-InteroperableAddress.sol"" not found: File not found. Searched the following locations: """".
 --> data/safe_contracts/openzeppelin_all/crosschain_CrosschainLinked.sol:6:1:
  |
6 | import {InteroperableAddress} from ""../utils/draft-InteroperableAddress.sol"";
  | ^^^^^^^^^^^^^^^^^^^^^^^^^^^^^^^^^^^^^^^^^^^^^^^^^^^^^^^^^^^^^^^^^^^^^^^^^^^^^

Error: Source ""data/safe_contracts/utils/Bytes.sol"" not found: File not found. Searched the following locations: """".
 --> data/safe_contracts/openzeppelin_all/crosschain_CrosschainLinked.sol:7:1:
  |
7 | import {Bytes} from ""../utils/Bytes.sol"";
  | ^^^^^^^^^^^^^^^^^^^^^^^^^^^^^^^^^^^^^^^^^

Error: Source ""data/safe_contracts/openzeppelin_all/ERC7786Recipient.sol"" not found: File not found. Searched the following locations: """".
 --> data/safe_contracts/openzeppelin_all/crosschain_CrosschainLinked.sol:8:1:
  |
8 | import {ERC7786Recipient} from ""./ERC7786Recipient.sol"";
  | ^^^^^^^^^^^^^^^^^^^^^^^^^^^^^^^^^^^^^^^^^^^^^^^^^^^^^^^^

",0,0,0,0,0.0,False,0,0,0,0,0,0,0.0,False,0,0,0.0,0,0,0,False,0,0,0.0,0,0,0,1.0,False,0,0,0,0
672,crosschain_bridges_BridgeERC7802,0x0000000000000000000002468613639244246424,data/safe_contracts/openzeppelin_all/crosschain_bridges_BridgeERC7802.sol,,openzeppelin,False,False,False,False,False,False,False,False,False,False,False,False,False,False,False,False,False,False,False,False,False,False,False,False,False,0,0,0,0,0,0,0,0,0,0,1,0,0.0,0,0,0.0,0,0,0,0,0,0,0,0,0,0,0,0.0,0.0,0.0,0.0,False,simple,0,IMPORT_ERROR,"File not found: Invalid compilation: 
Invalid solc compilation Error: Source ""data/interfaces/draft-IERC7802.sol"" not found: File not found. Searched the following locations: """".
 --> data/safe_contracts/openzeppelin_all/crosschain_bridges_BridgeERC7802.sol:5:1:
  |
5 | import {IERC7802} from ""../../interfaces/draft-IERC7802.sol"";
  | ^^^^^^^^^^^^^^^^^^^^^^^^^^^^^^^^^^^^^^^^^^^^^^^^^^^^^^^^^^^^^

Error: Source ""data/safe_contracts/openzeppelin_all/BridgeERC20Core.sol"" not found: File not found. Searched the following locations: """".
 --> data/safe_contracts/openzeppelin_all/crosschain_bridges_BridgeERC7802.sol:6:1:
  |
6 | import {BridgeERC20Core} from ""./BridgeERC20Core.sol"";
  | ^^^^^^^^^^^^^^^^^^^^^^^^^^^^^^^^^^^^^^^^^^^^^^^^^^^^^^

",0,0,0,0,0.0,False,0,0,0,0,0,0,0.0,False,0,0,0.0,0,0,0,False,0,0,0.0,0,0,0,1.0,False,0,0,0,0
673,mocks_token_ERC20MulticallMock,0x9999999999999999999995576007181956963458,data/safe_contracts/openzeppelin_all/mocks_token_ERC20MulticallMock.sol,,openzeppelin,False,False,False,False,False,False,False,False,False,False,False,False,False,False,False,False,False,False,False,False,False,False,False,False,False,0,0,0,0,0,0,0,0,0,0,1,0,0.0,0,0,0.0,0,0,0,0,0,0,0,0,0,0,0,0.0,0.0,0.0,0.0,False,simple,0,IMPORT_ERROR,"File not found: Invalid compilation: 
Invalid solc compilation Error: Source ""data/token/ERC20/ERC20.sol"" not found: File not found. Searched the following locations: """".
 --> data/safe_contracts/openzeppelin_all/mocks_token_ERC20MulticallMock.sol:5:1:
  |
5 | import {ERC20} from ""../../token/ERC20/ERC20.sol"";
  | ^^^^^^^^^^^^^^^^^^^^^^^^^^^^^^^^^^^^^^^^^^^^^^^^^^

Error: Source ""data/utils/Multicall.sol"" not found: File not found. Searched the following locations: """".
 --> data/safe_contracts/openzeppelin_all/mocks_token_ERC20MulticallMock.sol:6:1:
  |
6 | import {Multicall} from ""../../utils/Multicall.sol"";
  | ^^^^^^^^^^^^^^^^^^^^^^^^^^^^^^^^^^^^^^^^^^^^^^^^^^^^

",0,0,0,0,0.0,False,0,0,0,0,0,0,0.0,False,0,0,0.0,0,0,0,False,0,0,0.0,0,0,0,1.0,False,0,0,0,0
674,mocks_InitializableMock,0x0000000000000000000000695641432601740479,data/safe_contracts/openzeppelin_all/mocks_InitializableMock.sol,,openzeppelin,False,False,False,False,False,False,False,False,False,False,False,False,False,False,False,False,False,False,False,False,False,False,False,False,False,0,0,0,0,0,0,0,0,0,0,1,0,0.0,0,0,0.0,0,0,0,0,0,0,0,0,0,0,0,0.0,0.0,0.0,0.0,False,simple,0,IMPORT_ERROR,"File not found: Invalid compilation: 
Invalid solc compilation Error: Source ""data/safe_contracts/proxy/utils/Initializable.sol"" not found: File not found. Searched the following locations: """".
 --> data/safe_contracts/openzeppelin_all/mocks_InitializableMock.sol:5:1:
  |
5 | import {Initializable} from ""../proxy/utils/Initializable.sol"";
  | ^^^^^^^^^^^^^^^^^^^^^^^^^^^^^^^^^^^^^^^^^^^^^^^^^^^^^^^^^^^^^^^

",0,0,0,0,0.0,False,0,0,0,0,0,0,0.0,False,0,0,0.0,0,0,0,False,0,0,0.0,0,0,0,1.0,False,0,0,0,0
675,governance_extensions_GovernorTimelockAccess,0x9999999999999999999992794347120213825594,data/safe_contracts/openzeppelin_all/governance_extensions_GovernorTimelockAccess.sol,,openzeppelin,False,False,False,False,False,False,False,False,False,False,False,False,False,False,False,False,False,False,False,False,False,False,False,False,False,0,0,0,0,0,0,0,0,0,0,1,0,0.0,0,0,0.0,0,0,0,0,0,0,0,0,0,0,0,0.0,0.0,0.0,0.0,False,simple,0,IMPORT_ERROR,"File not found: Invalid compilation: 
Invalid solc compilation Error: Source ""data/safe_contracts/Governor.sol"" not found: File not found. Searched the following locations: """".
 --> data/safe_contracts/openzeppelin_all/governance_extensions_GovernorTimelockAccess.sol:6:1:
  |
6 | import {IGovernor, Governor} from ""../Governor.sol"";
  | ^^^^^^^^^^^^^^^^^^^^^^^^^^^^^^^^^^^^^^^^^^^^^^^^^^^^

Error: Source ""data/access/manager/AuthorityUtils.sol"" not found: File not found. Searched the following locations: """".
 --> data/safe_contracts/openzeppelin_all/governance_extensions_GovernorTimelockAccess.sol:7:1:
  |
7 | import {AuthorityUtils} from ""../../access/manager/AuthorityUtils.sol"";
  | ^^^^^^^^^^^^^^^^^^^^^^^^^^^^^^^^^^^^^^^^^^^^^^^^^^^^^^^^^^^^^^^^^^^^^^^

Error: Source ""data/access/manager/IAccessManager.sol"" not found: File not found. Searched the following locations: """".
 --> data/safe_contracts/openzeppelin_all/governance_extensions_GovernorTimelockAccess.sol:8:1:
  |
8 | import {IAccessManager} from ""../../access/manager/IAccessManager.sol"";
  | ^^^^^^^^^^^^^^^^^^^^^^^^^^^^^^^^^^^^^^^^^^^^^^^^^^^^^^^^^^^^^^^^^^^^^^^

Error: Source ""data/utils/Address.sol"" not found: File not found. Searched the following locations: """".
 --> data/safe_contracts/openzeppelin_all/governance_extensions_GovernorTimelockAccess.sol:9:1:
  |
9 | import {Address} from ""../../utils/Address.sol"";
  | ^^^^^^^^^^^^^^^^^^^^^^^^^^^^^^^^^^^^^^^^^^^^^^^^

Error: Source ""data/utils/math/Math.sol"" not found: File not found. Searched the following locations: """".
  --> data/safe_contracts/openzeppelin_all/governance_extensions_GovernorTimelockAccess.sol:10:1:
   |
10 | import {Math} from ""../../utils/math/Math.sol"";
   | ^^^^^^^^^^^^^^^^^^^^^^^^^^^^^^^^^^^^^^^^^^^^^^^

Error: Source ""data/utils/math/SafeCast.sol"" not found: File not found. Searched the following locations: """".
  --> data/safe_contracts/openzeppelin_all/governance_extensions_GovernorTimelockAccess.sol:11:1:
   |
11 | import {SafeCast}",0,0,0,0,0.0,False,0,0,0,0,0,0,0.0,False,0,0,0.0,0,0,0,False,0,0,0.0,0,0,0,1.0,False,0,0,0,0
676,interfaces_IERC1820Implementer,0x9999999999999999999993639229481450086360,data/safe_contracts/openzeppelin_all/interfaces_IERC1820Implementer.sol,,openzeppelin,False,False,False,False,False,False,False,False,False,False,False,False,False,False,False,False,False,False,False,False,False,False,True,False,False,0,0,2,1,0,0,0,1,0,18,1,1,1.0,0,14,0.7777777777777778,0,0,0,0,2,0,0,0,0,1,1,0.0,0.0,2.0,4.0,False,simple,0,,,0,0,0,0,0.0,False,0,0,1,0,0,0,0.0,False,1,0,0.0,1,0,0,False,0,2,0.0,1,0,0,1.0,False,0,0,0,0
677,UniswapV2Router02_0x7a250d56,0x9999999999999999999996463610895253465318,data/production/safe/raw/UniswapV2Router02_0x7a250d56.sol,,production_safe,False,False,False,True,False,False,False,True,False,False,False,False,False,False,False,False,False,False,False,False,False,True,True,False,False,1,6,24,27,92,2,1,10,0,725,10,1,2.259259259259259,0,24,0.03310344827586207,5,54,2,0,13,20,0,7,0,9,3,0.0,0.0,64.0,192.0,True,critical,3,,,233,222,12,30,0.9527896995708155,True,5,61,27,47,3,92,0.6618705035971223,False,24,3,1.7407407407407407,11,2,26,True,26,132,1.0,26,0,0,1.0,False,0,0,0,0
678,Vyper_contract_0xdA816459,0x9999999999999999999994932963075736219406,data/production/safe/raw/Vyper_contract_0xdA816459.sol,,production_safe,False,False,False,False,False,False,False,False,False,False,False,False,False,False,False,False,False,False,False,False,False,False,False,False,False,0,0,0,0,0,0,0,0,0,0,1,0,0.0,0,0,0.0,0,0,0,0,0,0,0,0,0,0,0,0.0,0.0,0.0,0.0,False,simple,0,COMPILATION_ERROR,"Compilation error: Invalid compilation: 
Invalid solc compilation Error: Expected pragma, import directive or contract/interface/library/struct/enum/constant/function/error definition.
 --> data/production/safe/raw/Vyper_contract_0xdA816459.sol:1:1:
  |
1 | # @version 0.2.12
  | ^

",0,0,0,0,0.0,False,0,0,0,0,0,0,0.0,False,0,0,0.0,0,0,0,False,0,0,0.0,0,0,0,1.0,False,0,0,0,0
679,UniswapV2Factory_0x5C69bEe7,0x9999999999999999999991983021684014612570,data/production/safe/raw/UniswapV2Factory_0x5C69bEe7.sol,,production_safe,True,False,True,True,False,True,True,False,False,False,False,False,False,False,True,False,False,False,False,False,False,False,True,False,False,1,5,31,5,3,4,0,3,0,414,11,1,1.4,0,18,0.043478260869565216,0,0,1,0,17,20,0,6,0,13,5,0.0,0.0,66.0,157.3846153846154,True,simple,0,,,28,24,0,16,0.8571428571428571,False,1,7,5,6,1,3,0.3333333333333333,False,5,0,1.2,6,4,4,True,0,5,0.0,4,0,0,1.0,False,0,0,0,0
680,Dai_0x6B175474,0x9999999999999999999997308166923866617813,data/production/safe/raw/Dai_0x6B175474.sol,,production_safe,False,False,True,False,False,False,False,False,False,False,False,False,False,False,False,False,False,False,False,False,False,False,True,False,False,0,0,4,15,3,11,1,3,0,169,2,1,1.4,0,39,0.23076923076923078,0,0,1,0,3,1,0,0,0,3,2,0.0,0.0,4.0,4.933333333333334,False,moderate,1,,,68,56,0,10,0.8235294117647058,False,3,21,15,24,3,3,0.1111111111111111,False,12,3,1.6,10,11,8,True,0,33,0.0,14,0,0,1.0,False,0,0,0,0
681,Unitroller_0x3d981921,0x9999999999999999999995543004691147421201,data/production/safe/raw/Unitroller_0x3d981921.sol,,production_safe,True,False,False,True,False,True,True,False,True,False,False,False,True,False,True,False,False,False,False,False,False,False,True,False,False,1,28,68,6,1,0,0,3,1,2166,14,1,2.3333333333333335,0,987,0.4556786703601108,1,0,1,0,52,45,0,29,0,14,6,0.0,0.0,218.0,1300.2142857142858,True,moderate,1,,,44,38,0,9,0.8636363636363636,False,8,14,6,4,1,1,0.2,False,6,0,0.6666666666666666,3,0,2,True,1,2,2.0,2,0,0,1.0,False,0,0,0,0
682,CErc20Delegator_0x5d3a536E,0x0000000000000000000001109321228497529569,data/production/safe/raw/CErc20Delegator_0x5d3a536E.sol,,production_safe,True,False,False,True,False,False,True,False,True,False,False,False,False,False,True,False,False,False,False,False,True,False,True,False,False,2,1,41,38,70,0,0,3,3,749,10,1,1.0526315789473684,0,405,0.540720961281709,1,0,2,0,54,6,0,3,0,11,6,0.0,0.0,66.0,349.19999999999993,True,complex,2,,,129,92,0,7,0.7131782945736435,False,34,40,38,103,2,70,0.4046242774566474,False,36,2,2.710526315789474,5,0,27,True,5,50,5.4,28,0,0,1.0,False,0,0,0,0
683,BaseUpgradeabilityProxy,0x0000000000000000000002200289663274828346,data/production/safe/raw/LendingPoolAddressesProvider_0xB53C1a33/BaseUpgradeabilityProxy.sol,,production_safe,False,False,False,False,False,False,False,False,False,False,False,False,False,False,False,False,False,False,False,False,False,False,False,False,False,0,0,0,0,0,0,0,0,0,0,1,0,0.0,0,0,0.0,0,0,0,0,0,0,0,0,0,0,0,0.0,0.0,0.0,0.0,False,simple,0,IMPORT_ERROR,"File not found: Invalid compilation: 
Invalid solc compilation Error: Source ""/home/motafeq/projects/chainguardian-ai/data/production/safe/raw/contracts/Address.sol"" not found: File not found.
 --> /home/motafeq/projects/chainguardian-ai/data/production/safe/raw/LendingPoolAddressesProvider_0xB53C1a33/BaseUpgradeabilityProxy.sol:5:1:
  |
5 | import '../contracts/Address.sol';
  | ^^^^^^^^^^^^^^^^^^^^^^^^^^^^^^^^^^

",0,0,0,0,0.0,False,0,0,0,0,0,0,0.0,False,0,0,0.0,0,0,0,False,0,0,0.0,0,0,0,1.0,False,0,0,0,0
684,Ownable,0x9999999999999999999991833967348357772241,data/production/safe/raw/LendingPoolAddressesProvider_0xB53C1a33/Ownable.sol,,production_safe,False,False,False,False,False,False,False,False,False,False,False,False,False,False,False,False,False,False,False,False,False,False,True,True,False,0,0,6,4,0,1,1,1,0,60,2,1,1.0,0,33,0.55,0,0,1,0,5,1,0,0,0,4,1,0.0,0.0,6.0,8.55,False,simple,0,,,15,11,0,4,0.7333333333333333,False,1,4,4,4,1,0,0.0,False,3,1,1.0,4,1,1,True,0,1,0.0,1,0,0,1.0,False,0,0,0,0
685,Context,0x9999999999999999999993215925007649915720,data/production/safe/raw/LendingPoolAddressesProvider_0xB53C1a33/Context.sol,,production_safe,False,False,False,False,False,False,False,False,False,False,False,False,False,False,False,False,False,False,False,False,False,False,True,False,False,0,0,5,2,0,0,0,1,0,21,1,1,1.0,0,11,0.5238095238095238,0,0,0,0,3,2,0,0,0,3,1,0.0,0.0,5.0,7.333333333333334,False,simple,0,,,5,3,0,2,0.6,False,2,2,2,0,0,0,0.0,False,0,2,0.0,2,0,0,False,0,0,0.0,0,0,0,1.0,False,0,0,0,0
686,BaseImmutableAdminUpgradeabilityProxy,0x9999999999999999999995060766811146390931,data/production/safe/raw/LendingPoolAddressesProvider_0xB53C1a33/BaseImmutableAdminUpgradeabilityProxy.sol,,production_safe,False,False,False,False,False,False,False,False,False,False,False,False,False,False,False,False,False,False,False,False,False,False,False,False,False,0,0,0,0,0,0,0,0,0,0,1,0,0.0,0,0,0.0,0,0,0,0,0,0,0,0,0,0,0,0.0,0.0,0.0,0.0,False,simple,0,IMPORT_ERROR,"File not found: Invalid compilation: 
Invalid solc compilation Error: Source ""/home/motafeq/projects/chainguardian-ai/data/production/dependencies/openzeppelin/upgradeability/BaseUpgradeabilityProxy.sol"" not found: File not found.
 --> /home/motafeq/projects/chainguardian-ai/data/production/safe/raw/LendingPoolAddressesProvider_0xB53C1a33/BaseImmutableAdminUpgradeabilityProxy.sol:4:1:
  |
4 | import '../../../dependencies/openzeppelin/upgradeability/BaseUpgradeabilityProxy.sol';
  | ^^^^^^^^^^^^^^^^^^^^^^^^^^^^^^^^^^^^^^^^^^^^^^^^^^^^^^^^^^^^^^^^^^^^^^^^^^^^^^^^^^^^^^^

",0,0,0,0,0.0,False,0,0,0,0,0,0,0.0,False,0,0,0.0,0,0,0,False,0,0,0.0,0,0,0,1.0,False,0,0,0,0
687,LendingPoolAddressesProvider,0x0000000000000000000005265373337845410828,data/production/safe/raw/LendingPoolAddressesProvider_0xB53C1a33/LendingPoolAddressesProvider.sol,,production_safe,False,False,False,False,False,False,False,False,False,False,False,False,False,False,False,False,False,False,False,False,False,False,False,False,False,0,0,0,0,0,0,0,0,0,0,1,0,0.0,0,0,0.0,0,0,0,0,0,0,0,0,0,0,0,0.0,0.0,0.0,0.0,False,simple,0,IMPORT_ERROR,"File not found: Invalid compilation: 
Invalid solc compilation Error: Source ""/home/motafeq/projects/chainguardian-ai/data/production/safe/dependencies/openzeppelin/contracts/Ownable.sol"" not found: File not found.
 --> /home/motafeq/projects/chainguardian-ai/data/production/safe/raw/LendingPoolAddressesProvider_0xB53C1a33/LendingPoolAddressesProvider.sol:4:1:
  |
4 | import {Ownable} from '../../dependencies/openzeppelin/contracts/Ownable.sol';
  | ^^^^^^^^^^^^^^^^^^^^^^^^^^^^^^^^^^^^^^^^^^^^^^^^^^^^^^^^^^^^^^^^^^^^^^^^^^^^^^

Error: Source ""/home/motafeq/projects/chainguardian-ai/data/production/safe/raw/libraries/aave-upgradeability/InitializableImmutableAdminUpgradeabilityProxy.sol"" not found: File not found.
 --> /home/motafeq/projects/chainguardian-ai/data/production/safe/raw/LendingPoolAddressesProvider_0xB53C1a33/LendingPoolAddressesProvider.sol:8:1:
  |
8 | import {InitializableImmutableAdminUpgradeabilityProxy} from '../libraries/aave-upgradeability/InitializableImmutableAdminUpgradeabilityProxy.sol';
  | ^^^^^^^^^^^^^^^^^^^^^^^^^^^^^^^^^^^^^^^^^^^^^^^^^^^^^^^^^^^^^^^^^^^^^^^^^^^^^^^^^^^^^^^^^^^^^^^^^^^^^^^^^^^^^^^^^^^^^^^^^^^^^^^^^^^^^^^^^^^^^^^^^^^

Error: Source ""/home/motafeq/projects/chainguardian-ai/data/production/safe/interfaces/ILendingPoolAddressesProvider.sol"" not found: File not found.
  --> /home/motafeq/projects/chainguardian-ai/data/production/safe/raw/LendingPoolAddressesProvider_0xB53C1a33/LendingPoolAddressesProvider.sol:10:1:
   |
10 | import {ILendingPoolAddressesProvider} from '../../interfaces/ILendingPoolAddressesProvider.sol';
   | ^^^^^^^^^^^^^^^^^^^^^^^^^^^^^^^^^^^^^^^^^^^^^^^^^^^^^^^^^^^^^^^^^^^^^^^^^^^^^^^^^^^^^^^^^^^^^^^^^

",0,0,0,0,0.0,False,0,0,0,0,0,0,0.0,False,0,0,0.0,0,0,0,False,0,0,0.0,0,0,0,1.0,False,0,0,0,0
688,Proxy,0x0000000000000000000007431195689497678313,data/production/safe/raw/LendingPoolAddressesProvider_0xB53C1a33/Proxy.sol,,production_safe,False,False,False,False,False,False,False,False,False,False,False,False,False,False,True,True,False,False,False,False,False,False,True,False,False,0,1,4,5,0,0,0,3,0,64,1,1,1.4,0,38,0.59375,1,0,0,0,5,0,0,1,0,4,2,0.0,0.0,9.0,11.25,False,simple,0,,,19,16,0,11,0.8421052631578947,False,0,6,5,12,3,0,0.0,False,1,4,2.4,10,0,0,False,0,1,0.0,1,0,0,1.0,False,0,0,0,0
689,ILendingPoolAddressesProvider,0x0000000000000000000005425271350622747242,data/production/safe/raw/LendingPoolAddressesProvider_0xB53C1a33/ILendingPoolAddressesProvider.sol,,production_safe,False,False,False,False,False,False,False,False,False,False,False,False,False,False,False,False,False,False,False,False,False,False,True,False,False,0,0,2,19,0,0,0,1,0,40,1,1,1.0,0,8,0.2,0,0,0,0,2,0,0,0,0,1,1,0.0,0.0,2.0,4.0,False,simple,0,,,0,0,0,0,0.0,False,0,0,19,0,0,0,0.0,False,19,0,0.0,19,0,0,False,0,13,0.0,11,0,0,1.0,False,0,0,0,0
690,InitializableImmutableAdminUpgradeabilityProxy,0x9999999999999999999998865392231037117948,data/production/safe/raw/LendingPoolAddressesProvider_0xB53C1a33/InitializableImmutableAdminUpgradeabilityProxy.sol,,production_safe,False,False,False,False,False,False,False,False,False,False,False,False,False,False,False,False,False,False,False,False,False,False,False,False,False,0,0,0,0,0,0,0,0,0,0,1,0,0.0,0,0,0.0,0,0,0,0,0,0,0,0,0,0,0,0.0,0.0,0.0,0.0,False,simple,0,IMPORT_ERROR,"File not found: Invalid compilation: 
Invalid solc compilation Error: Source ""/home/motafeq/projects/chainguardian-ai/data/production/dependencies/openzeppelin/upgradeability/InitializableUpgradeabilityProxy.sol"" not found: File not found.
 --> /home/motafeq/projects/chainguardian-ai/data/production/safe/raw/LendingPoolAddressesProvider_0xB53C1a33/InitializableImmutableAdminUpgradeabilityProxy.sol:5:1:
  |
5 | import '../../../dependencies/openzeppelin/upgradeability/InitializableUpgradeabilityProxy.sol';
  | ^^^^^^^^^^^^^^^^^^^^^^^^^^^^^^^^^^^^^^^^^^^^^^^^^^^^^^^^^^^^^^^^^^^^^^^^^^^^^^^^^^^^^^^^^^^^^^^^

Error: Source ""/home/motafeq/projects/chainguardian-ai/data/production/dependencies/openzeppelin/upgradeability/BaseUpgradeabilityProxy.sol"" not found: File not found.
 --> /home/motafeq/projects/chainguardian-ai/data/production/safe/raw/LendingPoolAddressesProvider_0xB53C1a33/BaseImmutableAdminUpgradeabilityProxy.sol:4:1:
  |
4 | import '../../../dependencies/openzeppelin/upgradeability/BaseUpgradeabilityProxy.sol';
  | ^^^^^^^^^^^^^^^^^^^^^^^^^^^^^^^^^^^^^^^^^^^^^^^^^^^^^^^^^^^^^^^^^^^^^^^^^^^^^^^^^^^^^^^

",0,0,0,0,0.0,False,0,0,0,0,0,0,0.0,False,0,0,0.0,0,0,0,False,0,0,0.0,0,0,0,1.0,False,0,0,0,0
691,InitializableUpgradeabilityProxy,0x0000000000000000000004468983240736114041,data/production/safe/raw/LendingPoolAddressesProvider_0xB53C1a33/InitializableUpgradeabilityProxy.sol,,production_safe,False,False,False,False,False,False,False,False,False,False,False,False,False,False,False,False,False,False,False,False,False,False,False,False,False,0,0,0,0,0,0,0,0,0,0,1,0,0.0,0,0,0.0,0,0,0,0,0,0,0,0,0,0,0,0.0,0.0,0.0,0.0,False,simple,0,IMPORT_ERROR,"File not found: Invalid compilation: 
Invalid solc compilation Error: Source ""/home/motafeq/projects/chainguardian-ai/data/production/safe/raw/contracts/Address.sol"" not found: File not found.
 --> /home/motafeq/projects/chainguardian-ai/data/production/safe/raw/LendingPoolAddressesProvider_0xB53C1a33/BaseUpgradeabilityProxy.sol:5:1:
  |
5 | import '../contracts/Address.sol';
  | ^^^^^^^^^^^^^^^^^^^^^^^^^^^^^^^^^^

",0,0,0,0,0.0,False,0,0,0,0,0,0,0.0,False,0,0,0.0,0,0,0,False,0,0,0.0,0,0,0,1.0,False,0,0,0,0
692,Address,0x0000000000000000000006550817868841052557,data/production/safe/raw/LendingPoolAddressesProvider_0xB53C1a33/Address.sol,,production_safe,False,False,False,True,False,False,False,False,False,False,False,False,False,False,True,False,False,False,False,False,False,False,True,False,False,0,0,6,2,1,0,0,1,1,58,1,1,1.0,0,42,0.7241379310344828,0,0,0,0,4,2,0,0,0,4,3,0.0,0.0,6.0,8.1,True,simple,0,,,12,10,0,6,0.8333333333333334,False,1,2,2,3,0,1,0.25,False,0,2,1.5,3,0,1,False,1,3,1.0,2,0,0,1.0,False,0,0,0,0
693,FixedPoint96,0x0000000000000000000007355105962240658152,data/production/safe/raw/UniswapV3Factory_0x1F98431c/FixedPoint96.sol,,production_safe,False,False,False,False,False,False,False,False,False,False,False,False,False,False,False,False,False,False,False,False,False,False,True,False,False,0,0,3,1,0,2,0,1,0,9,1,1,1.0,0,4,0.4444444444444444,0,0,0,0,2,1,0,0,0,2,1,0.0,0.0,3.0,4.05,False,simple,0,,,2,1,0,1,0.5,False,0,1,1,0,0,0,0.0,False,0,1,0.0,1,2,0,False,0,0,0.0,0,0,0,1.0,False,0,0,0,0
694,IUniswapV3Pool,0x9999999999999999999995742516343674784883,data/production/safe/raw/UniswapV3Factory_0x1F98431c/IUniswapV3Pool.sol,,production_safe,False,False,False,False,False,False,False,False,False,False,False,False,False,False,False,False,False,False,False,False,False,False,False,False,False,0,0,0,0,0,0,0,0,0,0,1,0,0.0,0,0,0.0,0,0,0,0,0,0,0,0,0,0,0,0.0,0.0,0.0,0.0,False,simple,0,IMPORT_ERROR,"File not found: Invalid compilation: 
Invalid solc compilation Error: Source ""data/production/safe/raw/UniswapV3Factory_0x1F98431c/pool/IUniswapV3PoolImmutables.sol"" not found: File not found. Searched the following locations: """".
 --> data/production/safe/raw/UniswapV3Factory_0x1F98431c/IUniswapV3Pool.sol:4:1:
  |
4 | import './pool/IUniswapV3PoolImmutables.sol';
  | ^^^^^^^^^^^^^^^^^^^^^^^^^^^^^^^^^^^^^^^^^^^^^

Error: Source ""data/production/safe/raw/UniswapV3Factory_0x1F98431c/pool/IUniswapV3PoolState.sol"" not found: File not found. Searched the following locations: """".
 --> data/production/safe/raw/UniswapV3Factory_0x1F98431c/IUniswapV3Pool.sol:5:1:
  |
5 | import './pool/IUniswapV3PoolState.sol';
  | ^^^^^^^^^^^^^^^^^^^^^^^^^^^^^^^^^^^^^^^^

Error: Source ""data/production/safe/raw/UniswapV3Factory_0x1F98431c/pool/IUniswapV3PoolDerivedState.sol"" not found: File not found. Searched the following locations: """".
 --> data/production/safe/raw/UniswapV3Factory_0x1F98431c/IUniswapV3Pool.sol:6:1:
  |
6 | import './pool/IUniswapV3PoolDerivedState.sol';
  | ^^^^^^^^^^^^^^^^^^^^^^^^^^^^^^^^^^^^^^^^^^^^^^^

Error: Source ""data/production/safe/raw/UniswapV3Factory_0x1F98431c/pool/IUniswapV3PoolActions.sol"" not found: File not found. Searched the following locations: """".
 --> data/production/safe/raw/UniswapV3Factory_0x1F98431c/IUniswapV3Pool.sol:7:1:
  |
7 | import './pool/IUniswapV3PoolActions.sol';
  | ^^^^^^^^^^^^^^^^^^^^^^^^^^^^^^^^^^^^^^^^^^

Error: Source ""data/production/safe/raw/UniswapV3Factory_0x1F98431c/pool/IUniswapV3PoolOwnerActions.sol"" not found: File not found. Searched the following locations: """".
 --> data/production/safe/raw/UniswapV3Factory_0x1F98431c/IUniswapV3Pool.sol:8:1:
  |
8 | import './pool/IUniswapV3PoolOwnerActions.sol';
  | ^^^^^^^^^^^^^^^^^^^^^^^^^^^^^^^^^^^^^^^^^^^^^^^

Error: Source ""data/production/safe/raw/UniswapV3Factory_0x1F98431c/pool/IUniswapV3PoolEvents.sol"" not found: File not found. Searched the following locations: """".
 --> data/",0,0,0,0,0.0,False,0,0,0,0,0,0,0.0,False,0,0,0.0,0,0,0,False,0,0,0.0,0,0,0,1.0,False,0,0,0,0
695,IUniswapV3SwapCallback,0x0000000000000000000002562540870216755293,data/production/safe/raw/UniswapV3Factory_0x1F98431c/IUniswapV3SwapCallback.sol,,production_safe,False,False,False,False,False,False,False,False,False,False,False,False,False,False,False,False,False,False,False,False,False,False,True,False,False,0,0,3,1,0,0,0,1,0,20,1,1,1.0,0,12,0.6,0,0,0,0,2,1,0,0,0,2,1,0.0,0.0,3.0,4.05,False,simple,0,,,0,0,0,0,0.0,False,0,0,1,0,0,0,0.0,False,1,0,0.0,1,0,0,False,0,3,0.0,1,0,0,1.0,False,0,0,0,0
696,IUniswapV3PoolImmutables,0x9999999999999999999997219993388890336165,data/production/safe/raw/UniswapV3Factory_0x1F98431c/IUniswapV3PoolImmutables.sol,,production_safe,False,False,False,False,False,False,False,False,False,False,False,False,False,False,False,False,False,False,False,False,False,False,True,False,False,0,0,2,6,0,0,0,1,0,29,1,1,1.0,0,20,0.6896551724137931,0,0,0,0,2,0,0,0,0,1,1,0.0,0.0,2.0,4.0,False,simple,0,,,0,0,0,0,0.0,False,0,0,6,0,0,0,0.0,False,6,0,0.0,6,0,0,False,0,0,0.0,0,0,0,1.0,False,0,0,0,0
697,Oracle,0x9999999999999999999994096117300699149449,data/production/safe/raw/UniswapV3Factory_0x1F98431c/Oracle.sol,,production_safe,False,False,False,False,False,False,False,False,False,False,False,False,False,False,False,False,False,False,False,False,False,False,False,False,False,0,0,0,0,0,0,0,0,0,0,1,0,0.0,0,0,0.0,0,0,0,0,0,0,0,0,0,0,0,0.0,0.0,0.0,0.0,False,simple,0,COMPILATION_ERROR,"Compilation error: Invalid compilation: 
Invalid solc compilation Error: Built-in binary operator * cannot be applied to types int56 and uint32.
  --> data/production/safe/raw/UniswapV3Factory_0x1F98431c/Oracle.sol:40:55:
   |
40 |                 tickCumulative: last.tickCumulative + int56(tick) * delta,
   |                                                       ^^^^^^^^^^^^^^^^^^^

Error: Built-in binary operator / cannot be applied to types int56 and uint32.
   --> data/production/safe/raw/UniswapV3Factory_0x1F98431c/Oracle.sol:277:22:
    |
277 |                     ((atOrAfter.tickCumulative - beforeOrAt.tickCumulative) / observationTimeDelta) *
    |                      ^^^^^^^^^^^^^^^^^^^^^^^^^^^^^^^^^^^^^^^^^^^^^^^^^^^^^^^^^^^^^^^^^^^^^^^^^^^^^

Error: Built-in binary operator * cannot be applied to types int56 and uint32.
   --> data/production/safe/raw/UniswapV3Factory_0x1F98431c/Oracle.sol:277:21:
    |
277 |                     ((atOrAfter.tickCumulative - beforeOrAt.tickCumulative) / observationTimeDelta) *
    |                     ^ (Relevant source part starts here and spans across multiple lines).

",0,0,0,0,0.0,False,0,0,0,0,0,0,0.0,False,0,0,0.0,0,0,0,False,0,0,0.0,0,0,0,1.0,False,0,0,0,0
698,TickBitmap,0x0000000000000000000003474663782036087797,data/production/safe/raw/UniswapV3Factory_0x1F98431c/TickBitmap.sol,,production_safe,False,False,False,False,False,False,False,False,False,False,False,False,False,False,False,False,False,False,False,False,False,False,False,False,False,0,0,0,0,0,0,0,0,0,0,1,0,0.0,0,0,0.0,0,0,0,0,0,0,0,0,0,0,0,0.0,0.0,0.0,0.0,False,simple,0,COMPILATION_ERROR,"Compilation error: Invalid compilation: 
Invalid solc compilation Error: Explicit type conversion not allowed from ""int24"" to ""uint8"".
  --> data/production/safe/raw/UniswapV3Factory_0x1F98431c/TickBitmap.sol:16:18:
   |
16 |         bitPos = uint8(tick % 256);
   |                  ^^^^^^^^^^^^^^^^^

Error: Explicit type conversion not allowed from ""uint8"" to ""int24"".
  --> data/production/safe/raw/UniswapV3Factory_0x1F98431c/TickBitmap.sol:61:33:
   |
61 |                 ? (compressed - int24(bitPos - BitMath.mostSignificantBit(masked))) * tickSpacing
   |                                 ^^^^^^^^^^^^^^^^^^^^^^^^^^^^^^^^^^^^^^^^^^^^^^^^^^

Error: Explicit type conversion not allowed from ""uint8"" to ""int24"".
  --> data/production/safe/raw/UniswapV3Factory_0x1F98431c/TickBitmap.sol:62:33:
   |
62 |                 : (compressed - int24(bitPos)) * tickSpacing;
   |                                 ^^^^^^^^^^^^^

Error: Explicit type conversion not allowed from ""uint8"" to ""int24"".
  --> data/production/safe/raw/UniswapV3Factory_0x1F98431c/TickBitmap.sol:74:37:
   |
74 |                 ? (compressed + 1 + int24(BitMath.leastSignificantBit(masked) - bitPos)) * tickSpacing
   |                                     ^^^^^^^^^^^^^^^^^^^^^^^^^^^^^^^^^^^^^^^^^^^^^^^^^^^

Error: Explicit type conversion not allowed from ""uint8"" to ""int24"".
  --> data/production/safe/raw/UniswapV3Factory_0x1F98431c/TickBitmap.sol:75:37:
   |
75 |                 : (compressed + 1 + int24(type(uint8).max - bitPos)) * tickSpacing;
   |                                     ^^^^^^^^^^^^^^^^^^^^^^^^^^^^^^^

",0,0,0,0,0.0,False,0,0,0,0,0,0,0.0,False,0,0,0.0,0,0,0,False,0,0,0.0,0,0,0,1.0,False,0,0,0,0
699,IUniswapV3FlashCallback,0x0000000000000000000001767682296571875848,data/production/safe/raw/UniswapV3Factory_0x1F98431c/IUniswapV3FlashCallback.sol,,production_safe,False,False,False,False,False,False,False,False,False,False,False,False,False,False,False,False,False,False,False,False,False,False,True,False,False,0,0,2,1,0,0,0,1,0,17,1,1,1.0,0,9,0.5294117647058824,0,0,0,0,2,0,0,0,0,1,1,0.0,0.0,2.0,4.0,False,simple,0,,,0,0,0,0,0.0,False,0,0,1,0,0,0,0.0,False,1,0,0.0,1,0,0,False,0,3,0.0,1,0,0,1.0,False,0,0,0,0
700,FixedPoint128,0x9999999999999999999992838554911592689309,data/production/safe/raw/UniswapV3Factory_0x1F98431c/FixedPoint128.sol,,production_safe,False,False,False,False,False,False,False,False,False,False,False,False,False,False,False,False,False,False,False,False,False,False,True,False,False,0,0,3,1,0,1,0,1,0,7,1,1,1.0,0,3,0.42857142857142855,0,0,0,0,2,1,0,0,0,2,1,0.0,0.0,3.0,4.05,False,simple,0,,,1,0,0,0,0.0,False,0,1,1,0,0,0,0.0,False,0,1,0.0,1,1,0,False,0,0,0.0,0,0,0,1.0,False,0,0,0,0
701,SafeCast,0x9999999999999999999997014036831327406991,data/production/safe/raw/UniswapV3Factory_0x1F98431c/SafeCast.sol,,production_safe,False,False,False,False,False,False,False,False,False,False,False,False,False,False,False,False,False,False,False,False,False,False,True,False,False,0,0,5,3,0,0,0,1,0,25,1,1,1.0,0,12,0.48,0,0,0,0,2,3,0,0,0,2,1,0.0,0.0,5.0,10.25,False,simple,0,,,7,4,0,2,0.5714285714285714,False,0,3,3,3,0,0,0.0,False,0,3,1.0,1,0,0,False,0,3,0.0,3,0,0,1.0,False,0,0,0,0
702,IUniswapV3PoolDeployer,0x9999999999999999999999090774613158637781,data/production/safe/raw/UniswapV3Factory_0x1F98431c/IUniswapV3PoolDeployer.sol,,production_safe,False,False,False,False,False,False,False,False,False,False,False,False,False,False,False,False,False,False,False,False,False,False,True,False,False,0,0,2,1,0,0,0,1,0,25,1,1,1.0,0,12,0.48,0,0,0,0,2,0,0,0,0,1,1,0.0,0.0,2.0,4.0,False,simple,0,,,0,0,0,0,0.0,False,0,0,1,0,0,0,0.0,False,1,0,0.0,1,0,0,False,0,0,0.0,0,0,0,1.0,False,0,0,0,0
703,UniswapV3Pool,0x9999999999999999999994216172669945179865,data/production/safe/raw/UniswapV3Factory_0x1F98431c/UniswapV3Pool.sol,,production_safe,False,False,False,False,False,False,False,False,False,False,False,False,False,False,False,False,False,False,False,False,False,False,False,False,False,0,0,0,0,0,0,0,0,0,0,1,0,0.0,0,0,0.0,0,0,0,0,0,0,0,0,0,0,0,0.0,0.0,0.0,0.0,False,simple,0,IMPORT_ERROR,"File not found: Invalid compilation: 
Invalid solc compilation Error: Source ""/home/motafeq/projects/chainguardian-ai/data/production/safe/raw/UniswapV3Factory_0x1F98431c/interfaces/IUniswapV3Pool.sol"" not found: File not found.
 --> /home/motafeq/projects/chainguardian-ai/data/production/safe/raw/UniswapV3Factory_0x1F98431c/UniswapV3Pool.sol:4:1:
  |
4 | import './interfaces/IUniswapV3Pool.sol';
  | ^^^^^^^^^^^^^^^^^^^^^^^^^^^^^^^^^^^^^^^^^

Error: Source ""/home/motafeq/projects/chainguardian-ai/data/production/safe/raw/UniswapV3Factory_0x1F98431c/libraries/LowGasSafeMath.sol"" not found: File not found.
 --> /home/motafeq/projects/chainguardian-ai/data/production/safe/raw/UniswapV3Factory_0x1F98431c/UniswapV3Pool.sol:8:1:
  |
8 | import './libraries/LowGasSafeMath.sol';
  | ^^^^^^^^^^^^^^^^^^^^^^^^^^^^^^^^^^^^^^^^

Error: Source ""/home/motafeq/projects/chainguardian-ai/data/production/safe/raw/UniswapV3Factory_0x1F98431c/libraries/SafeCast.sol"" not found: File not found.
 --> /home/motafeq/projects/chainguardian-ai/data/production/safe/raw/UniswapV3Factory_0x1F98431c/UniswapV3Pool.sol:9:1:
  |
9 | import './libraries/SafeCast.sol';
  | ^^^^^^^^^^^^^^^^^^^^^^^^^^^^^^^^^^

Error: Source ""/home/motafeq/projects/chainguardian-ai/data/production/safe/raw/UniswapV3Factory_0x1F98431c/libraries/Tick.sol"" not found: File not found.
  --> /home/motafeq/projects/chainguardian-ai/data/production/safe/raw/UniswapV3Factory_0x1F98431c/UniswapV3Pool.sol:10:1:
   |
10 | import './libraries/Tick.sol';
   | ^^^^^^^^^^^^^^^^^^^^^^^^^^^^^^

Error: Source ""/home/motafeq/projects/chainguardian-ai/data/production/safe/raw/UniswapV3Factory_0x1F98431c/libraries/TickBitmap.sol"" not found: File not found.
  --> /home/motafeq/projects/chainguardian-ai/data/production/safe/raw/UniswapV3Factory_0x1F98431c/UniswapV3Pool.sol:11:1:
   |
11 | import './libraries/TickBitmap.sol';
   | ^^^^^^^^^^^^^^^^^^^^^^^^^^^^^^^^^^^^

Error: Source ""/home/motafeq/projects/chainguardian-ai/data/production/safe/raw",0,0,0,0,0.0,False,0,0,0,0,0,0,0.0,False,0,0,0.0,0,0,0,False,0,0,0.0,0,0,0,1.0,False,0,0,0,0
704,SqrtPriceMath,0x9999999999999999999995707631703041027126,data/production/safe/raw/UniswapV3Factory_0x1F98431c/SqrtPriceMath.sol,,production_safe,False,False,False,False,False,False,False,False,False,False,False,False,False,False,False,False,False,False,False,False,False,False,False,False,False,0,0,0,0,0,0,0,0,0,0,1,0,0.0,0,0,0.0,0,0,0,0,0,0,0,0,0,0,0,0.0,0.0,0.0,0.0,False,simple,0,COMPILATION_ERROR,"Compilation error: Invalid compilation: 
Invalid solc compilation Error: Built-in unary operator - cannot be applied to type uint256. Unary negation is only allowed for signed integers.
  --> data/production/safe/raw/UniswapV3Factory_0x1F98431c/FullMath.sol:64:24:
   |
64 |         uint256 twos = -denominator & denominator;
   |                        ^^^^^^^^^^^^

",0,0,0,0,0.0,False,0,0,0,0,0,0,0.0,False,0,0,0.0,0,0,0,False,0,0,0.0,0,0,0,1.0,False,0,0,0,0
705,NoDelegateCall,0x9999999999999999999994799224862428258574,data/production/safe/raw/UniswapV3Factory_0x1F98431c/NoDelegateCall.sol,,production_safe,False,False,False,False,False,False,False,False,False,False,False,False,False,False,False,False,False,False,False,False,False,False,True,False,False,0,0,3,2,0,1,1,1,0,23,1,1,1.0,0,9,0.391304347826087,0,0,0,0,2,1,0,0,0,2,1,0.0,0.0,3.0,4.05,False,simple,0,,,4,2,0,1,0.5,False,0,2,2,1,0,0,0.0,False,0,2,0.5,2,1,0,True,0,0,0.0,0,0,0,1.0,False,0,0,0,0
706,Position,0x0000000000000000000001272366339377858898,data/production/safe/raw/UniswapV3Factory_0x1F98431c/Position.sol,,production_safe,False,False,False,False,False,False,False,False,False,False,False,False,False,False,False,False,False,False,False,False,False,False,False,False,False,0,0,0,0,0,0,0,0,0,0,1,0,0.0,0,0,0.0,0,0,0,0,0,0,0,0,0,0,0,0.0,0.0,0.0,0.0,False,simple,0,COMPILATION_ERROR,"Compilation error: Invalid compilation: 
Invalid solc compilation Error: Built-in unary operator - cannot be applied to type uint256. Unary negation is only allowed for signed integers.
  --> data/production/safe/raw/UniswapV3Factory_0x1F98431c/FullMath.sol:64:24:
   |
64 |         uint256 twos = -denominator & denominator;
   |                        ^^^^^^^^^^^^

",0,0,0,0,0.0,False,0,0,0,0,0,0,0.0,False,0,0,0.0,0,0,0,False,0,0,0.0,0,0,0,1.0,False,0,0,0,0
707,LowGasSafeMath,0x9999999999999999999994754587255564353587,data/production/safe/raw/UniswapV3Factory_0x1F98431c/LowGasSafeMath.sol,,production_safe,False,False,False,False,False,False,False,False,False,False,False,False,False,False,False,False,False,False,False,False,False,False,True,False,False,0,0,7,5,0,0,0,1,0,41,1,1,1.0,0,23,0.5609756097560976,0,0,0,0,2,5,0,0,0,2,1,0.0,0.0,7.0,19.25,False,simple,0,,,10,5,0,1,0.5,False,0,5,5,5,0,0,0.0,False,0,5,1.0,1,0,0,False,0,10,0.0,5,0,0,1.0,False,0,0,0,0
708,IUniswapV3PoolDerivedState,0x0000000000000000000008871375573341544082,data/production/safe/raw/UniswapV3Factory_0x1F98431c/IUniswapV3PoolDerivedState.sol,,production_safe,False,False,False,False,False,False,False,False,False,False,False,False,False,False,False,False,False,False,False,False,False,False,True,False,False,0,0,2,2,0,0,0,1,0,38,1,1,1.0,0,23,0.6052631578947368,0,0,0,0,2,0,0,0,0,1,1,0.0,0.0,2.0,4.0,False,simple,0,,,0,0,0,0,0.0,False,0,0,2,0,0,0,0.0,False,2,0,0.0,2,0,0,False,0,3,0.0,2,0,0,1.0,False,0,0,0,0
709,TickMath,0x9999999999999999999998902514879440379324,data/production/safe/raw/UniswapV3Factory_0x1F98431c/TickMath.sol,,production_safe,False,False,False,False,False,False,False,False,False,False,False,False,False,False,False,False,False,False,False,False,False,False,False,False,False,0,0,0,0,0,0,0,0,0,0,1,0,0.0,0,0,0.0,0,0,0,0,0,0,0,0,0,0,0,0.0,0.0,0.0,0.0,False,simple,0,COMPILATION_ERROR,"Compilation error: Invalid compilation: 
Invalid solc compilation Error: Explicit type conversion not allowed from ""int24"" to ""uint256"".
  --> data/production/safe/raw/UniswapV3Factory_0x1F98431c/TickMath.sol:25:28:
   |
25 |         require(absTick <= uint256(MAX_TICK), 'T');
   |                            ^^^^^^^^^^^^^^^^^

",0,0,0,0,0.0,False,0,0,0,0,0,0,0.0,False,0,0,0.0,0,0,0,False,0,0,0.0,0,0,0,1.0,False,0,0,0,0
710,IUniswapV3MintCallback,0x9999999999999999999999792911676774729308,data/production/safe/raw/UniswapV3Factory_0x1F98431c/IUniswapV3MintCallback.sol,,production_safe,False,False,False,False,False,False,False,False,False,False,False,False,False,False,False,False,False,False,False,False,False,False,True,False,False,0,0,3,1,0,0,0,1,0,17,1,1,1.0,0,9,0.5294117647058824,0,0,0,0,2,1,0,0,0,2,1,0.0,0.0,3.0,4.05,False,simple,0,,,0,0,0,0,0.0,False,0,0,1,0,0,0,0.0,False,1,0,0.0,1,0,0,False,0,3,0.0,1,0,0,1.0,False,0,0,0,0
711,IUniswapV3Factory,0x9999999999999999999998144013909646767660,data/production/safe/raw/UniswapV3Factory_0x1F98431c/IUniswapV3Factory.sol,,production_safe,False,False,False,False,False,False,False,False,False,False,False,False,False,False,False,False,False,False,False,False,False,False,True,False,False,0,0,2,6,0,0,0,1,0,69,1,1,1.0,0,43,0.6231884057971014,0,0,0,0,2,0,0,0,0,1,1,0.0,0.0,2.0,4.0,False,simple,0,,,0,0,0,0,0.0,False,0,0,6,0,0,0,0.0,False,6,0,0.0,6,0,0,False,0,10,0.0,5,0,0,1.0,False,0,0,0,0
712,IERC20Minimal,0x0000000000000000000002288985111647591098,data/production/safe/raw/UniswapV3Factory_0x1F98431c/IERC20Minimal.sol,,production_safe,False,False,False,False,False,False,False,False,False,False,False,False,False,False,False,False,False,False,False,False,False,False,True,False,False,0,0,2,5,0,0,0,1,0,45,1,1,1.0,0,31,0.6888888888888889,0,0,0,0,2,0,0,0,0,1,1,0.0,0.0,2.0,4.0,False,simple,0,,,0,0,0,0,0.0,False,0,0,5,0,0,0,0.0,False,5,0,0.0,5,0,0,False,0,10,0.0,5,0,0,1.0,False,0,0,0,0
713,UniswapV3PoolDeployer,0x0000000000000000000002142783571790382146,data/production/safe/raw/UniswapV3Factory_0x1F98431c/UniswapV3PoolDeployer.sol,,production_safe,False,False,False,False,False,False,False,False,False,False,False,False,False,False,False,False,False,False,False,False,False,False,False,False,False,0,0,0,0,0,0,0,0,0,0,1,0,0.0,0,0,0.0,0,0,0,0,0,0,0,0,0,0,0,0.0,0.0,0.0,0.0,False,simple,0,IMPORT_ERROR,"File not found: Invalid compilation: 
Invalid solc compilation Error: Source ""/home/motafeq/projects/chainguardian-ai/data/production/safe/raw/UniswapV3Factory_0x1F98431c/interfaces/IUniswapV3PoolDeployer.sol"" not found: File not found.
 --> /home/motafeq/projects/chainguardian-ai/data/production/safe/raw/UniswapV3Factory_0x1F98431c/UniswapV3PoolDeployer.sol:4:1:
  |
4 | import './interfaces/IUniswapV3PoolDeployer.sol';
  | ^^^^^^^^^^^^^^^^^^^^^^^^^^^^^^^^^^^^^^^^^^^^^^^^^

Error: Source ""/home/motafeq/projects/chainguardian-ai/data/production/safe/raw/UniswapV3Factory_0x1F98431c/interfaces/IUniswapV3Pool.sol"" not found: File not found.
 --> /home/motafeq/projects/chainguardian-ai/data/production/safe/raw/UniswapV3Factory_0x1F98431c/UniswapV3Pool.sol:4:1:
  |
4 | import './interfaces/IUniswapV3Pool.sol';
  | ^^^^^^^^^^^^^^^^^^^^^^^^^^^^^^^^^^^^^^^^^

Error: Source ""/home/motafeq/projects/chainguardian-ai/data/production/safe/raw/UniswapV3Factory_0x1F98431c/libraries/LowGasSafeMath.sol"" not found: File not found.
 --> /home/motafeq/projects/chainguardian-ai/data/production/safe/raw/UniswapV3Factory_0x1F98431c/UniswapV3Pool.sol:8:1:
  |
8 | import './libraries/LowGasSafeMath.sol';
  | ^^^^^^^^^^^^^^^^^^^^^^^^^^^^^^^^^^^^^^^^

Error: Source ""/home/motafeq/projects/chainguardian-ai/data/production/safe/raw/UniswapV3Factory_0x1F98431c/libraries/SafeCast.sol"" not found: File not found.
 --> /home/motafeq/projects/chainguardian-ai/data/production/safe/raw/UniswapV3Factory_0x1F98431c/UniswapV3Pool.sol:9:1:
  |
9 | import './libraries/SafeCast.sol';
  | ^^^^^^^^^^^^^^^^^^^^^^^^^^^^^^^^^^

Error: Source ""/home/motafeq/projects/chainguardian-ai/data/production/safe/raw/UniswapV3Factory_0x1F98431c/libraries/Tick.sol"" not found: File not found.
  --> /home/motafeq/projects/chainguardian-ai/data/production/safe/raw/UniswapV3Factory_0x1F98431c/UniswapV3Pool.sol:10:1:
   |
10 | import './libraries/Tick.sol';
   | ^^^^^^^^^^^^^^^^^^^^^^^^^^^^^^

Error: Source ""/home/motafeq/projects",0,0,0,0,0.0,False,0,0,0,0,0,0,0.0,False,0,0,0.0,0,0,0,False,0,0,0.0,0,0,0,1.0,False,0,0,0,0
714,IUniswapV3PoolActions,0x9999999999999999999998736535562995516733,data/production/safe/raw/UniswapV3Factory_0x1F98431c/IUniswapV3PoolActions.sol,,production_safe,False,False,False,False,False,False,False,False,False,False,False,False,False,False,False,False,False,False,False,False,False,False,True,False,False,0,0,3,7,0,0,0,1,0,96,1,1,1.0,0,59,0.6145833333333334,0,0,0,0,2,1,0,0,0,2,1,0.0,0.0,3.0,4.05,False,simple,0,,,0,0,0,0,0.0,False,0,0,7,0,0,0,0.0,False,7,0,0.0,7,0,0,False,0,24,0.0,7,0,0,1.0,False,0,0,0,0
715,IUniswapV3PoolEvents,0x0000000000000000000007206592458461452570,data/production/safe/raw/UniswapV3Factory_0x1F98431c/IUniswapV3PoolEvents.sol,,production_safe,False,False,False,False,False,False,False,False,False,False,False,False,False,False,False,False,False,False,False,False,False,False,True,False,False,0,0,2,0,0,0,0,0,0,112,1,1,0.0,0,60,0.5357142857142857,0,0,0,0,2,0,0,0,0,1,1,0.0,0.0,2.0,4.0,False,simple,0,,,0,0,0,0,0.0,False,0,0,0,0,0,0,0.0,False,0,0,0.0,0,0,0,False,0,0,0.0,0,0,0,1.0,False,0,0,0,0
716,BitMath,0x0000000000000000000007018342950269948836,data/production/safe/raw/UniswapV3Factory_0x1F98431c/BitMath.sol,,production_safe,False,False,False,False,False,False,False,False,False,False,False,False,False,False,False,False,False,False,False,False,False,False,True,False,False,0,0,7,2,0,0,0,17,0,90,1,1,17.0,2,15,0.16666666666666666,0,0,0,0,2,5,0,0,0,3,1,0.0,0.0,7.0,12.833333333333336,False,simple,0,,,67,81,0,25,1.208955223880597,False,0,34,2,2,0,0,0.0,False,0,2,1.0,1,0,0,False,0,2,0.0,2,0,0,1.0,False,0,0,0,0
717,FullMath,0x0000000000000000000006210900078900970835,data/production/safe/raw/UniswapV3Factory_0x1F98431c/FullMath.sol,,production_safe,False,False,False,False,False,False,False,False,False,False,False,False,False,False,False,False,False,False,False,False,False,False,False,False,False,0,0,0,0,0,0,0,0,0,0,1,0,0.0,0,0,0.0,0,0,0,0,0,0,0,0,0,0,0,0.0,0.0,0.0,0.0,False,simple,0,COMPILATION_ERROR,"Compilation error: Invalid compilation: 
Invalid solc compilation Error: Built-in unary operator - cannot be applied to type uint256. Unary negation is only allowed for signed integers.
  --> data/production/safe/raw/UniswapV3Factory_0x1F98431c/FullMath.sol:64:24:
   |
64 |         uint256 twos = -denominator & denominator;
   |                        ^^^^^^^^^^^^

",0,0,0,0,0.0,False,0,0,0,0,0,0,0.0,False,0,0,0.0,0,0,0,False,0,0,0.0,0,0,0,1.0,False,0,0,0,0
718,SwapMath,0x0000000000000000000003903696455562520374,data/production/safe/raw/UniswapV3Factory_0x1F98431c/SwapMath.sol,,production_safe,False,False,False,False,False,False,False,False,False,False,False,False,False,False,False,False,False,False,False,False,False,False,False,False,False,0,0,0,0,0,0,0,0,0,0,1,0,0.0,0,0,0.0,0,0,0,0,0,0,0,0,0,0,0,0.0,0.0,0.0,0.0,False,simple,0,COMPILATION_ERROR,"Compilation error: Invalid compilation: 
Invalid solc compilation Error: Built-in unary operator - cannot be applied to type uint256. Unary negation is only allowed for signed integers.
  --> data/production/safe/raw/UniswapV3Factory_0x1F98431c/FullMath.sol:64:24:
   |
64 |         uint256 twos = -denominator & denominator;
   |                        ^^^^^^^^^^^^

",0,0,0,0,0.0,False,0,0,0,0,0,0,0.0,False,0,0,0.0,0,0,0,False,0,0,0.0,0,0,0,1.0,False,0,0,0,0
719,UniswapV3Factory,0x0000000000000000000001299372259027774878,data/production/safe/raw/UniswapV3Factory_0x1F98431c/UniswapV3Factory.sol,,production_safe,False,False,False,False,False,False,False,False,False,False,False,False,False,False,False,False,False,False,False,False,False,False,False,False,False,0,0,0,0,0,0,0,0,0,0,1,0,0.0,0,0,0.0,0,0,0,0,0,0,0,0,0,0,0,0.0,0.0,0.0,0.0,False,simple,0,IMPORT_ERROR,"File not found: Invalid compilation: 
Invalid solc compilation Error: Source ""/home/motafeq/projects/chainguardian-ai/data/production/safe/raw/UniswapV3Factory_0x1F98431c/interfaces/IUniswapV3Factory.sol"" not found: File not found.
 --> /home/motafeq/projects/chainguardian-ai/data/production/safe/raw/UniswapV3Factory_0x1F98431c/UniswapV3Factory.sol:4:1:
  |
4 | import './interfaces/IUniswapV3Factory.sol';
  | ^^^^^^^^^^^^^^^^^^^^^^^^^^^^^^^^^^^^^^^^^^^^

Error: Source ""/home/motafeq/projects/chainguardian-ai/data/production/safe/raw/UniswapV3Factory_0x1F98431c/interfaces/IUniswapV3Pool.sol"" not found: File not found.
 --> /home/motafeq/projects/chainguardian-ai/data/production/safe/raw/UniswapV3Factory_0x1F98431c/UniswapV3Pool.sol:4:1:
  |
4 | import './interfaces/IUniswapV3Pool.sol';
  | ^^^^^^^^^^^^^^^^^^^^^^^^^^^^^^^^^^^^^^^^^

Error: Source ""/home/motafeq/projects/chainguardian-ai/data/production/safe/raw/UniswapV3Factory_0x1F98431c/libraries/LowGasSafeMath.sol"" not found: File not found.
 --> /home/motafeq/projects/chainguardian-ai/data/production/safe/raw/UniswapV3Factory_0x1F98431c/UniswapV3Pool.sol:8:1:
  |
8 | import './libraries/LowGasSafeMath.sol';
  | ^^^^^^^^^^^^^^^^^^^^^^^^^^^^^^^^^^^^^^^^

Error: Source ""/home/motafeq/projects/chainguardian-ai/data/production/safe/raw/UniswapV3Factory_0x1F98431c/libraries/SafeCast.sol"" not found: File not found.
 --> /home/motafeq/projects/chainguardian-ai/data/production/safe/raw/UniswapV3Factory_0x1F98431c/UniswapV3Pool.sol:9:1:
  |
9 | import './libraries/SafeCast.sol';
  | ^^^^^^^^^^^^^^^^^^^^^^^^^^^^^^^^^^

Error: Source ""/home/motafeq/projects/chainguardian-ai/data/production/safe/raw/UniswapV3Factory_0x1F98431c/libraries/Tick.sol"" not found: File not found.
  --> /home/motafeq/projects/chainguardian-ai/data/production/safe/raw/UniswapV3Factory_0x1F98431c/UniswapV3Pool.sol:10:1:
   |
10 | import './libraries/Tick.sol';
   | ^^^^^^^^^^^^^^^^^^^^^^^^^^^^^^

Error: Source ""/home/motafeq/projects/chainguardian-ai/da",0,0,0,0,0.0,False,0,0,0,0,0,0,0.0,False,0,0,0.0,0,0,0,False,0,0,0.0,0,0,0,1.0,False,0,0,0,0
720,UnsafeMath,0x0000000000000000000008991189661703176309,data/production/safe/raw/UniswapV3Factory_0x1F98431c/UnsafeMath.sol,,production_safe,False,False,False,False,False,False,False,False,False,False,False,False,False,False,True,False,False,False,False,False,False,False,True,False,False,0,0,4,1,0,0,0,1,0,16,1,1,1.0,0,8,0.5,0,0,0,0,3,1,0,0,0,3,2,0.0,0.0,4.0,4.933333333333334,False,simple,0,,,4,3,0,3,0.75,False,0,1,1,0,0,0,0.0,False,0,1,0.0,1,0,0,False,0,2,0.0,1,0,0,1.0,False,0,0,0,0
721,IUniswapV3PoolOwnerActions,0x0000000000000000000003130139325678800803,data/production/safe/raw/UniswapV3Factory_0x1F98431c/IUniswapV3PoolOwnerActions.sol,,production_safe,False,False,False,False,False,False,False,False,False,False,False,False,False,False,False,False,False,False,False,False,False,False,True,False,False,0,0,4,2,0,0,0,1,0,21,1,1,1.0,0,12,0.5714285714285714,0,0,0,0,2,2,0,0,0,2,1,0.0,0.0,4.0,6.8,False,simple,0,,,0,0,0,0,0.0,False,0,0,2,0,0,0,0.0,False,2,0,0.0,2,0,0,False,0,5,0.0,2,0,0,1.0,False,0,0,0,0
722,TransferHelper,0x9999999999999999999999114722598830562529,data/production/safe/raw/UniswapV3Factory_0x1F98431c/TransferHelper.sol,,production_safe,False,False,False,False,False,False,False,False,False,False,False,False,False,False,False,False,False,False,False,False,False,False,False,False,False,0,0,0,0,0,0,0,0,0,0,1,0,0.0,0,0,0.0,0,0,0,0,0,0,0,0,0,0,0,0.0,0.0,0.0,0.0,False,simple,0,IMPORT_ERROR,"File not found: Invalid compilation: 
Invalid solc compilation Error: Source ""data/production/safe/raw/interfaces/IERC20Minimal.sol"" not found: File not found. Searched the following locations: """".
 --> data/production/safe/raw/UniswapV3Factory_0x1F98431c/TransferHelper.sol:4:1:
  |
4 | import '../interfaces/IERC20Minimal.sol';
  | ^^^^^^^^^^^^^^^^^^^^^^^^^^^^^^^^^^^^^^^^^

",0,0,0,0,0.0,False,0,0,0,0,0,0,0.0,False,0,0,0.0,0,0,0,False,0,0,0.0,0,0,0,1.0,False,0,0,0,0
723,LiquidityMath,0x0000000000000000000005984124848080034901,data/production/safe/raw/UniswapV3Factory_0x1F98431c/LiquidityMath.sol,,production_safe,False,False,False,False,False,False,False,False,False,False,False,False,False,False,False,False,False,False,False,False,False,False,True,False,False,0,0,3,1,0,0,0,3,0,16,1,1,3.0,0,6,0.375,0,0,0,0,2,1,0,0,0,2,1,0.0,0.0,3.0,4.05,False,simple,0,,,5,5,0,3,1.0,False,0,3,1,1,0,0,0.0,False,0,1,1.0,1,0,0,False,0,2,0.0,1,0,0,1.0,False,0,0,0,0
724,Tick,0x0000000000000000000000150627381276724949,data/production/safe/raw/UniswapV3Factory_0x1F98431c/Tick.sol,,production_safe,False,False,False,False,False,False,False,False,False,False,False,False,False,False,False,False,False,False,False,False,False,False,False,False,False,0,0,0,0,0,0,0,0,0,0,1,0,0.0,0,0,0.0,0,0,0,0,0,0,0,0,0,0,0,0.0,0.0,0.0,0.0,False,simple,0,COMPILATION_ERROR,"Compilation error: Invalid compilation: 
Invalid solc compilation Error: Explicit type conversion not allowed from ""int24"" to ""uint256"".
  --> data/production/safe/raw/UniswapV3Factory_0x1F98431c/TickMath.sol:25:28:
   |
25 |         require(absTick <= uint256(MAX_TICK), 'T');
   |                            ^^^^^^^^^^^^^^^^^

",0,0,0,0,0.0,False,0,0,0,0,0,0,0.0,False,0,0,0.0,0,0,0,False,0,0,0.0,0,0,0,1.0,False,0,0,0,0
725,IUniswapV3PoolState,0x0000000000000000000004018533044757607940,data/production/safe/raw/UniswapV3Factory_0x1F98431c/IUniswapV3PoolState.sol,,production_safe,False,False,False,False,False,False,False,False,False,False,False,False,False,False,False,False,False,False,False,False,False,False,True,False,False,0,0,5,9,0,0,0,1,0,107,1,1,1.0,0,55,0.514018691588785,0,0,0,0,2,3,0,0,0,2,1,0.0,0.0,5.0,10.25,False,simple,0,,,0,0,0,0,0.0,False,0,0,9,0,0,0,0.0,False,9,0,0.0,9,0,0,False,0,4,0.0,4,0,0,1.0,False,0,0,0,0
726,tob_reentrancy_Reentrancy,0x9999999999999999999993686401567510799000,data/production/vulnerable/raw/tob_reentrancy_Reentrancy.sol,,production_vulnerable,True,False,False,True,True,False,False,False,False,False,False,False,False,False,False,False,False,False,False,False,False,False,True,False,False,1,0,9,5,5,1,0,3,2,35,1,1,1.8,0,8,0.22857142857142856,1,0,0,0,8,2,0,1,1,6,3,0.0,0.0,19.0,29.766666666666666,True,simple,0,,,18,13,0,4,0.7222222222222222,False,3,9,5,0,0,5,1.0,False,5,0,0.0,5,1,0,True,5,1,0.0,1,0,0,1.0,False,0,0,0,0
727,tob_Multiplicator_Multiplicator,0x9999999999999999999992087304225973082121,data/production/vulnerable/raw/tob_Multiplicator_Multiplicator.sol,,production_vulnerable,False,False,False,False,False,False,False,False,False,False,False,False,False,False,False,False,False,False,False,False,False,False,True,False,False,0,0,4,4,2,1,0,3,0,21,1,1,1.5,0,0,0.0,3,0,0,0,3,1,0,0,0,3,1,0.0,0.0,4.0,4.933333333333334,False,simple,0,,,9,6,0,2,0.6666666666666666,False,0,6,4,3,1,2,0.4,False,3,1,0.75,4,1,1,True,2,1,0.5,1,0,0,1.0,False,0,0,0,0
728,tob_GiftBox_GiftBox,0x0000000000000000000003569054661532899812,data/production/vulnerable/raw/tob_GiftBox_GiftBox.sol,,production_vulnerable,False,True,False,False,True,False,False,False,False,False,False,False,False,False,False,False,False,False,False,False,False,False,True,False,False,1,0,13,8,2,4,0,3,0,57,1,1,2.25,0,0,0.0,4,0,0,0,14,2,0,1,1,6,3,0.0,0.0,23.0,59.033333333333324,True,simple,0,,,27,23,0,3,0.8518518518518519,False,2,18,8,4,1,2,0.3333333333333333,False,7,1,0.5,7,4,4,True,2,5,2.0,5,0,0,1.0,False,0,0,0,0
729,tob_unprotected_function_Unprotected,0x0000000000000000000002426748233905841478,data/production/vulnerable/raw/tob_unprotected_function_Unprotected.sol,,production_vulnerable,False,False,False,False,False,False,False,False,False,False,False,False,False,False,False,False,False,False,False,False,False,False,True,False,False,0,0,8,3,0,1,1,1,0,25,1,1,1.0,0,1,0.04,0,0,0,0,5,3,0,0,0,4,2,0.0,0.0,8.0,14.2,False,simple,0,,,7,4,0,2,0.5714285714285714,False,0,3,3,1,1,0,0.0,False,3,0,0.3333333333333333,3,1,2,False,0,2,0.0,2,0,0,1.0,False,0,0,0,0
730,tob_denial_of_service_list_dos,0x9999999999999999999999081794111568993671,data/production/vulnerable/raw/tob_denial_of_service_list_dos.sol,,production_vulnerable,False,False,False,False,False,False,False,False,False,False,False,False,False,False,False,False,False,False,False,False,False,False,False,False,False,0,0,0,0,0,0,0,0,0,0,1,0,0.0,0,0,0.0,0,0,0,0,0,0,0,0,0,0,0,0.0,0.0,0.0,0.0,False,simple,0,COMPILATION_ERROR,"Compilation error: Invalid compilation: 
Invalid solc compilation /home/motafeq/projects/chainguardian-ai/data/production/vulnerable/raw/tob_denial_of_service_list_dos.sol:9:7: Error: No matching declaration found after argument-dependent lookup.
      require(refundAddresses[i].transfer(refundAmount[refundAddresses[i]]));
      ^-----^
",0,0,0,0,0.0,False,0,0,0,0,0,0,0.0,False,0,0,0.0,0,0,0,False,0,0,0.0,0,0,0,1.0,False,0,0,0,0
731,MainchainGatewayProxy_0x1a2a1c93,0x0000000000000000000009052164106330858831,data/production/vulnerable/raw/MainchainGatewayProxy_0x1a2a1c93.sol,,production_vulnerable,False,False,False,False,False,False,False,False,False,False,False,False,True,False,True,True,False,True,False,False,False,False,True,True,False,1,2,47,5,0,0,0,1,0,449,11,1,1.0,0,43,0.0957683741648107,1,0,2,0,41,10,0,3,1,11,4,0.0,0.0,67.0,292.3636363636364,True,simple,0,,,15,10,0,4,0.6666666666666666,False,2,5,5,5,2,0,0.0,False,5,0,1.0,4,0,1,True,0,2,0.0,2,0,0,1.0,False,0,0,0,0
732,tob_SpankChain_source_code_SpankChain_Payment,0x0000000000000000000004195928940155774936,data/production/vulnerable/raw/tob_SpankChain_source_code_SpankChain_Payment.sol,,production_vulnerable,True,True,True,True,True,True,True,False,False,False,False,False,False,False,True,False,False,False,False,False,False,False,True,False,False,3,17,98,5,0,1,0,1,0,771,5,1,1.0,0,113,0.14656290531776914,0,0,0,0,93,35,0,20,3,18,6,0.0,0.0,213.0,1390.4166666666667,True,simple,0,,,0,0,0,0,0.0,False,0,0,5,0,0,0,0.0,False,5,0,0.0,5,1,0,False,0,10,0.0,5,0,0,1.0,False,0,0,0,0
733,tob_VarLoop_VarLoop,0x0000000000000000000002457562063133439737,data/production/vulnerable/raw/tob_VarLoop_VarLoop.sol,,production_vulnerable,False,True,False,False,False,False,False,False,False,False,False,False,False,False,False,False,False,False,False,False,False,False,True,False,False,1,0,3,4,2,1,0,10,0,32,1,1,3.25,0,0,0.0,3,0,0,0,3,1,0,1,0,3,2,0.0,0.0,13.0,16.03333333333333,False,simple,0,,,23,23,1,12,1.0,False,0,13,4,2,1,2,0.5,False,3,1,0.5,5,1,0,True,2,0,0.0,0,0,0,1.0,False,0,0,0,0
734,tob_WalletLibrary_source_code_WalletLibrary,0x0000000000000000000006527786667518079739,data/production/vulnerable/raw/tob_WalletLibrary_source_code_WalletLibrary.sol,,production_vulnerable,False,False,False,False,False,False,False,False,False,False,False,False,False,False,False,False,False,False,False,False,False,False,False,False,False,0,0,0,0,0,0,0,0,0,0,1,0,0.0,0,0,0.0,0,0,0,0,0,0,0,0,0,0,0,0.0,0.0,0.0,0.0,False,simple,0,COMPILATION_ERROR,"Compilation error: Invalid compilation: 
Invalid solc compilation /home/motafeq/projects/chainguardian-ai/data/production/vulnerable/raw/tob_WalletLibrary_source_code_WalletLibrary.sol:126:5: Warning: Use of the ""var"" keyword is deprecated.
    var pending = m_pending[_operation];
    ^---------^
/home/motafeq/projects/chainguardian-ai/data/production/vulnerable/raw/tob_WalletLibrary_source_code_WalletLibrary.sol:190:5: Warning: Use of the ""var"" keyword is deprecated.
    var pending = m_pending[_operation];
    ^---------^
/home/motafeq/projects/chainguardian-ai/data/production/vulnerable/raw/tob_WalletLibrary_source_code_WalletLibrary.sol:240:11: Warning: ""throw"" is deprecated in favour of ""revert()"", ""require()"" and ""assert()"".
          throw;
          ^---^
/home/motafeq/projects/chainguardian-ai/data/production/vulnerable/raw/tob_WalletLibrary_source_code_WalletLibrary.sol:274:11: Warning: ""throw"" is deprecated in favour of ""revert()"", ""require()"" and ""assert()"".
          throw;
          ^---^
/home/motafeq/projects/chainguardian-ai/data/production/vulnerable/raw/tob_WalletLibrary_source_code_WalletLibrary.sol:291:5: Warning: Use of the ""var"" keyword is deprecated.
    var pending = m_pending[_operation];
    ^---------^
/home/motafeq/projects/chainguardian-ai/data/production/vulnerable/raw/tob_WalletLibrary_source_code_WalletLibrary.sol:400:3: Warning: Defining constructors as functions with the same name as the contract is deprecated. Use ""constructor(...) { ... }"" instead.
  function Wallet(address[] _owners, uint _required, uint _daylimit) {
  ^ (Relevant source part starts here and spans across multiple lines).
/home/motafeq/projects/chainguardian-ai/data/production/vulnerable/raw/tob_WalletLibrary_source_code_WalletLibrary.sol:258:3: Warning: Variable is shadowed in inline assembly by an instruction of the same name
  function create(uint _value, bytes _code) internal returns (address o_addr) {
  ^ (Relevant source part starts here and spans across mu",0,0,0,0,0.0,False,0,0,0,0,0,0,0.0,False,0,0,0.0,0,0,0,False,0,0,0.0,0,0,0,1.0,False,0,0,0,0
735,tob_integer_overflow_integer_overflow_1,0x0000000000000000000007617261927192300746,data/production/vulnerable/raw/tob_integer_overflow_integer_overflow_1.sol,,production_vulnerable,False,False,False,False,False,False,False,False,False,False,False,False,False,False,False,False,False,False,False,False,False,False,True,False,False,0,0,3,3,0,1,0,1,0,13,1,1,1.0,0,2,0.15384615384615385,0,0,0,0,3,0,0,0,0,2,1,0.0,0.0,3.0,4.5,False,simple,0,,,6,3,0,2,0.5,False,0,3,3,1,1,0,0.0,False,2,1,0.3333333333333333,3,1,2,True,0,2,0.0,2,0,0,1.0,False,0,0,0,0
736,WalletLibrary_0x863df6bf,0x0000000000000000000005279357506138585632,data/production/vulnerable/raw/WalletLibrary_0x863df6bf.sol,,production_vulnerable,False,False,False,False,False,False,False,False,False,False,False,False,False,False,False,False,False,False,False,False,False,False,False,False,False,0,0,0,0,0,0,0,0,0,0,1,0,0.0,0,0,0.0,0,0,0,0,0,0,0,0,0,0,0,0.0,0.0,0.0,0.0,False,simple,0,COMPILATION_ERROR,"Compilation error: Invalid compilation: 
Invalid solc compilation /home/motafeq/projects/chainguardian-ai/data/production/vulnerable/raw/WalletLibrary_0x863df6bf.sol:125:5: Warning: Use of the ""var"" keyword is deprecated.
    var pending = m_pending[_operation];
    ^---------^
/home/motafeq/projects/chainguardian-ai/data/production/vulnerable/raw/WalletLibrary_0x863df6bf.sol:189:5: Warning: Use of the ""var"" keyword is deprecated.
    var pending = m_pending[_operation];
    ^---------^
/home/motafeq/projects/chainguardian-ai/data/production/vulnerable/raw/WalletLibrary_0x863df6bf.sol:215:54: Warning: ""throw"" is deprecated in favour of ""revert()"", ""require()"" and ""assert()"".
  modifier only_uninitialized { if (m_numOwners > 0) throw; _; }
                                                     ^---^
/home/motafeq/projects/chainguardian-ai/data/production/vulnerable/raw/WalletLibrary_0x863df6bf.sol:242:11: Warning: ""throw"" is deprecated in favour of ""revert()"", ""require()"" and ""assert()"".
          throw;
          ^---^
/home/motafeq/projects/chainguardian-ai/data/production/vulnerable/raw/WalletLibrary_0x863df6bf.sol:276:11: Warning: ""throw"" is deprecated in favour of ""revert()"", ""require()"" and ""assert()"".
          throw;
          ^---^
/home/motafeq/projects/chainguardian-ai/data/production/vulnerable/raw/WalletLibrary_0x863df6bf.sol:293:5: Warning: Use of the ""var"" keyword is deprecated.
    var pending = m_pending[_operation];
    ^---------^
/home/motafeq/projects/chainguardian-ai/data/production/vulnerable/raw/WalletLibrary_0x863df6bf.sol:402:3: Warning: Defining constructors as functions with the same name as the contract is deprecated. Use ""constructor(...) { ... }"" instead.
  function Wallet(address[] _owners, uint _required, uint _daylimit) {
  ^ (Relevant source part starts here and spans across multiple lines).
/home/motafeq/projects/chainguardian-ai/data/production/vulnerable/raw/WalletLibrary_0x863df6bf.sol:260:3: Warning: Variable is shadowed i",0,0,0,0,0.0,False,0,0,0,0,0,0,0.0,False,0,0,0.0,0,0,0,False,0,0,0.0,0,0,0,1.0,False,0,0,0,0
737,tob_theRun_source_code_theRun,0x9999999999999999999994970585548479693493,data/production/vulnerable/raw/tob_theRun_source_code_theRun.sol,,production_vulnerable,False,False,False,False,False,False,False,False,False,False,False,False,False,False,False,False,False,False,False,False,False,False,False,False,False,0,0,0,0,0,0,0,0,0,0,1,0,0.0,0,0,0.0,0,0,0,0,0,0,0,0,0,0,0,0.0,0.0,0.0,0.0,False,simple,0,COMPILATION_ERROR,"Compilation error: Invalid compilation: 
Invalid solc compilation Error: Expected a state variable declaration. If you intended this as a fallback function or a function to handle plain ether transactions, use the ""fallback"" keyword or the ""receive"" keyword instead.
  --> data/production/vulnerable/raw/tob_theRun_source_code_theRun.sol:34:20:
   |
34 |         function() {
   |                    ^

",0,0,0,0,0.0,False,0,0,0,0,0,0,0.0,False,0,0,0.0,0,0,0,False,0,0,0.0,0,0,0,1.0,False,0,0,0,0
738,tob_DAO_source_code_DAO,0x0000000000000000000000083870565520213450,data/production/vulnerable/raw/tob_DAO_source_code_DAO.sol,,production_vulnerable,False,False,False,False,False,False,False,False,False,False,False,False,False,False,False,False,False,False,False,False,False,False,False,False,False,0,0,0,0,0,0,0,0,0,0,1,0,0.0,0,0,0.0,0,0,0,0,0,0,0,0,0,0,0,0.0,0.0,0.0,0.0,False,simple,0,COMPILATION_ERROR,"Compilation error: Invalid compilation: 
Invalid solc compilation Error: Expected '{' but got 'constant'
  --> data/production/vulnerable/raw/tob_DAO_source_code_DAO.sol:47:40:
   |
47 |     function balanceOf(address _owner) constant returns (uint256 balance);
   |                                        ^^^^^^^^

",0,0,0,0,0.0,False,0,0,0,0,0,0,0.0,False,0,0,0.0,0,0,0,False,0,0,0.0,0,0,0,1.0,False,0,0,0,0
739,tob_forced_ether_reception_coin,0x0000000000000000000006136422821139027276,data/production/vulnerable/raw/tob_forced_ether_reception_coin.sol,,production_vulnerable,False,False,False,False,False,False,False,False,False,False,True,False,False,False,False,False,False,False,False,False,False,False,True,False,False,1,1,19,2,0,1,1,1,0,158,4,1,1.0,0,63,0.3987341772151899,0,0,0,0,20,3,0,2,0,10,3,0.0,0.0,34.0,75.14,True,simple,0,,,5,3,0,2,0.6,False,0,2,2,1,1,0,0.0,False,2,0,0.5,2,1,1,False,0,1,0.0,1,0,0,1.0,False,0,0,0,0
740,DAO_0xbb9bc244,0x9999999999999999999999540544256455918599,data/production/vulnerable/raw/DAO_0xbb9bc244.sol,,production_vulnerable,False,False,False,False,False,False,False,False,False,False,False,False,False,False,False,False,False,False,False,False,False,False,False,False,False,0,0,0,0,0,0,0,0,0,0,1,0,0.0,0,0,0.0,0,0,0,0,0,0,0,0,0,0,0,0.0,0.0,0.0,0.0,False,simple,0,COMPILATION_ERROR,"Compilation error: Invalid compilation: 
Invalid solc compilation Error: Expected '{' but got 'constant'
  --> data/production/vulnerable/raw/DAO_0xbb9bc244.sol:45:40:
   |
45 |     function balanceOf(address _owner) constant returns (uint256 balance);
   |                                        ^^^^^^^^

",0,0,0,0,0.0,False,0,0,0,0,0,0,0.0,False,0,0,0.0,0,0,0,False,0,0,0.0,0,0,0,1.0,False,0,0,0,0
741,tob_wrong_constructor_name_incorrect_constructor,0x0000000000000000000002688919253068623097,data/production/vulnerable/raw/tob_wrong_constructor_name_incorrect_constructor.sol,,production_vulnerable,False,False,False,False,False,False,False,False,False,False,False,False,False,False,False,False,False,False,False,False,False,False,True,False,False,0,0,3,2,1,1,1,1,0,21,1,1,1.0,0,2,0.09523809523809523,0,0,0,0,3,0,0,0,0,2,1,0.0,0.0,3.0,4.5,False,simple,0,,,5,3,0,2,0.6,False,0,2,2,2,1,1,0.3333333333333333,False,2,0,1.0,3,1,0,True,1,0,0.0,0,0,0,1.0,False,0,0,0,0
742,tob_KotET_source_code_KingOfTheEtherThrone,0x9999999999999999999991089943095558207995,data/production/vulnerable/raw/tob_KotET_source_code_KingOfTheEtherThrone.sol,,production_vulnerable,False,False,True,True,True,False,False,False,False,False,False,False,False,False,False,False,False,False,False,False,False,False,True,False,False,1,10,13,7,5,9,1,21,0,140,1,1,3.857142857142857,1,50,0.35714285714285715,0,0,0,0,8,16,0,11,1,11,5,0.0,0.0,73.0,127.41818181818181,True,moderate,1,,,61,63,0,21,1.0327868852459017,False,2,27,7,3,1,5,0.625,False,6,1,0.42857142857142855,5,9,3,True,4,3,0.75,3,0,0,1.0,False,0,0,0,0
743,tob_variable shadowing_inherited_state,0x9999999999999999999994286230420623763008,data/production/vulnerable/raw/tob_variable shadowing_inherited_state.sol,,production_vulnerable,False,False,False,False,False,False,False,False,False,False,False,False,False,False,False,False,False,False,False,False,False,False,False,False,False,0,0,0,0,0,0,0,0,0,0,1,0,0.0,0,0,0.0,0,0,0,0,0,0,0,0,0,0,0,0.0,0.0,0.0,0.0,False,simple,0,COMPILATION_ERROR,"Compilation error: Invalid compilation: 
Invalid solc compilation Warning: SPDX license identifier not provided in source file. Before publishing, consider adding a comment containing ""SPDX-License-Identifier: <SPDX-License>"" to each source file. Use ""SPDX-License-Identifier: UNLICENSED"" for non-open-source code. Please see https://spdx.org for more information.
--> data/production/vulnerable/raw/tob_variable shadowing_inherited_state.sol

Error: Functions are not allowed to have the same name as the contract. If you intend this to be a constructor, use ""constructor(...) { ... }"" to define it.
  --> data/production/vulnerable/raw/tob_variable shadowing_inherited_state.sol:10:3:
   |
10 |   function C() {
   |   ^ (Relevant source part starts here and spans across multiple lines).

Error: No visibility specified. Did you intend to add ""public""?
  --> data/production/vulnerable/raw/tob_variable shadowing_inherited_state.sol:10:3:
   |
10 |   function C() {
   |   ^ (Relevant source part starts here and spans across multiple lines).

Warning: Source file does not specify required compiler version! Consider adding ""pragma solidity ^0.8.20;""
--> data/production/vulnerable/raw/tob_variable shadowing_inherited_state.sol

Warning: This declaration shadows a builtin symbol.
 --> data/production/vulnerable/raw/tob_variable shadowing_inherited_state.sol:3:3:
  |
3 |   function suicide() public returns (address) {
  |   ^ (Relevant source part starts here and spans across multiple lines).

Warning: This declaration shadows an existing declaration.
  --> data/production/vulnerable/raw/tob_variable shadowing_inherited_state.sol:10:3:
   |
10 |   function C() {
   |   ^ (Relevant source part starts here and spans across multiple lines).
Note: The shadowed declaration is here:
 --> data/production/vulnerable/raw/tob_variable shadowing_inherited_state.sol:8:1:
  |
8 | contract C is Suicidal {
  | ^ (Relevant source part starts here and spans across multiple lines).

Error: Identifie",0,0,0,0,0.0,False,0,0,0,0,0,0,0.0,False,0,0,0.0,0,0,0,False,0,0,0.0,0,0,0,1.0,False,0,0,0,0
744,tob_Rubixi_source_code_Rubixi,0x0000000000000000000006222742915405058173,data/production/vulnerable/raw/tob_Rubixi_source_code_Rubixi.sol,,production_vulnerable,False,False,False,True,True,False,False,False,False,False,False,False,False,False,False,False,False,False,False,False,False,False,True,False,False,1,5,25,19,5,7,1,8,0,119,1,1,2.3157894736842106,0,15,0.12605042016806722,0,0,0,0,15,16,0,6,4,11,4,0.0,0.0,60.0,142.9090909090909,True,moderate,1,,,99,86,1,12,0.8686868686868687,False,6,44,19,9,2,5,0.35714285714285715,False,16,3,0.47368421052631576,12,7,6,True,5,7,1.2,7,0,0,1.0,False,0,0,0,0
745,tob_PrivateBank_PrivateBank,0x0000000000000000000007742524524655205080,data/production/vulnerable/raw/tob_PrivateBank_PrivateBank.sol,,production_vulnerable,True,False,False,True,False,False,False,False,False,False,False,False,False,False,False,False,False,False,False,False,False,False,True,False,False,2,0,15,5,4,3,0,5,1,54,2,1,2.2,0,0,0.0,2,0,0,0,17,2,0,2,0,7,3,0.0,0.0,35.0,92.0,True,simple,0,,,16,14,0,4,0.875,False,0,11,5,0,0,4,1.0,False,4,1,0.0,5,3,2,True,4,2,0.5,2,0,0,1.0,False,0,0,0,0
746,tob_race_condition_RaceCondition,0x9999999999999999999991354878890859874099,data/production/vulnerable/raw/tob_race_condition_RaceCondition.sol,,production_vulnerable,True,False,False,False,False,False,False,True,False,False,False,False,False,False,False,True,False,True,False,False,False,False,True,False,False,1,2,6,3,1,3,0,1,0,42,2,1,1.0,0,7,0.16666666666666666,1,0,0,0,6,3,0,3,0,7,5,0.0,0.0,26.0,30.085714285714285,True,simple,0,,,12,9,0,4,0.75,False,0,3,3,2,1,1,0.3333333333333333,False,3,0,0.6666666666666666,2,3,3,True,1,4,3.0,3,0,0,1.0,False,0,0,0,0
747,tob_incorrect_interface_Bob,0x9999999999999999999997708888782510503253,data/production/vulnerable/raw/tob_incorrect_interface_Bob.sol,,production_vulnerable,False,False,False,False,False,False,False,False,False,False,False,False,False,False,False,False,False,False,False,False,False,False,True,False,False,0,0,4,2,2,0,0,1,0,13,2,1,1.0,0,0,0.0,0,0,0,0,4,0,0,0,0,2,1,0.0,0.0,4.0,8.0,False,simple,0,,,4,2,0,1,0.5,False,0,2,2,0,0,2,1.0,False,2,0,0.0,2,0,2,False,0,2,0.0,2,0,0,1.0,False,0,0,0,0
748,Registrar_0x6090a6e4,0x9999999999999999999998708935553862187676,data/production/vulnerable/raw/Registrar_0x6090a6e4.sol,,production_vulnerable,True,True,True,False,True,True,True,False,False,False,False,False,False,False,True,False,False,True,False,False,False,False,True,False,False,2,9,80,26,34,9,3,15,0,527,3,1,3.6153846153846154,2,206,0.3908918406072106,2,0,0,0,62,32,0,11,1,17,6,0.0,0.0,145.0,719.8823529411765,True,critical,3,,,236,227,7,19,0.961864406779661,True,27,94,26,30,5,34,0.53125,True,19,7,1.1538461538461537,14,9,13,True,4,43,3.25,25,0,0,1.0,False,0,0,0,0
749,tob_KOTH_KOTH,0x9999999999999999999999078251565106250610,data/production/vulnerable/raw/tob_KOTH_KOTH.sol,,production_vulnerable,False,False,False,False,False,False,False,False,False,False,False,False,False,False,False,False,False,True,False,False,False,False,True,False,False,1,0,3,1,0,1,1,1,0,30,2,1,1.0,0,10,0.3333333333333333,0,0,0,0,4,0,0,1,0,3,2,0.0,0.0,13.0,17.333333333333332,False,simple,0,,,2,1,0,1,0.5,False,0,1,1,0,0,0,0.0,False,1,0,0.0,1,1,0,False,0,0,0.0,0,0,0,1.0,False,0,0,0,0
750,MoneyMarket_0x0eEe3E38,0x9999999999999999999995982426989204580314,data/production/vulnerable/raw/MoneyMarket_0x0eEe3E38.sol,,production_vulnerable,True,False,False,False,False,True,True,False,False,False,False,False,True,False,True,True,False,False,False,False,True,True,True,False,False,1,33,68,40,13,15,0,47,0,2230,9,1,8.375,7,829,0.3717488789237668,1,0,2,0,48,55,0,34,1,17,5,0.0,0.0,243.0,1236.4411764705883,True,critical,3,,,879,849,5,106,0.9658703071672355,True,173,335,40,153,5,13,0.0783132530120482,False,23,17,3.825,32,15,15,True,0,61,0.0,34,0,0,1.0,False,0,0,0,0
751,tob_incorrect_interface_Alice,0x9999999999999999999997174111569206004446,data/production/vulnerable/raw/tob_incorrect_interface_Alice.sol,,production_vulnerable,False,False,False,False,False,False,False,False,False,False,False,False,False,False,False,False,False,False,False,False,False,False,True,False,False,0,0,5,3,0,1,0,1,0,13,1,1,1.0,0,0,0.0,0,0,0,0,5,0,0,0,0,2,1,0.0,0.0,5.0,12.5,False,simple,0,,,6,3,0,1,0.5,False,0,3,3,0,0,0,0.0,False,3,0,0.0,3,1,2,False,0,2,0.0,2,0,0,1.0,False,0,0,0,0
752,tob_SpankChain_source_code_SpankChain,0x0000000000000000000003269808748688044405,data/production/vulnerable/raw/tob_SpankChain_source_code_SpankChain.sol,,production_vulnerable,False,False,False,True,False,False,False,False,False,False,False,False,False,False,False,False,False,False,False,False,False,False,True,False,False,0,0,17,5,0,1,0,1,0,129,3,1,1.0,0,68,0.5271317829457365,0,0,0,0,19,0,0,0,0,6,2,0.0,0.0,17.0,53.833333333333336,False,simple,0,,,0,0,0,0,0.0,False,0,0,5,0,0,0,0.0,False,5,0,0.0,5,1,0,False,0,10,0.0,5,0,0,1.0,False,0,0,0,0
753,BZxVault_0x8b3d70d6,0x0000000000000000000001714370533444644669,data/production/vulnerable/raw/BZxVault_0x8b3d70d6.sol,,production_vulnerable,False,True,False,False,False,False,False,False,False,False,False,False,False,False,True,False,False,False,False,False,False,False,True,False,False,1,3,9,5,1,0,0,3,0,231,5,1,2.6,0,41,0.1774891774891775,1,0,2,0,10,3,0,4,0,7,3,0.0,0.0,34.0,58.77142857142857,True,simple,0,,,30,26,0,5,0.8666666666666667,False,7,13,5,9,1,1,0.1,False,5,0,1.8,4,0,1,False,1,12,1.0,4,0,0,1.0,False,0,0,0,0
754,tob_denial_of_service_auction,0x0000000000000000000008542788542571763287,data/production/vulnerable/raw/tob_denial_of_service_auction.sol,,production_vulnerable,False,False,False,True,True,False,False,False,False,False,False,False,False,False,False,False,False,False,False,False,False,False,True,False,False,0,1,3,1,1,2,0,3,0,42,2,1,3.0,0,11,0.2619047619047619,1,0,0,0,2,2,0,1,1,3,3,0.0,0.0,8.0,9.066666666666666,True,simple,0,,,7,7,0,5,1.0,False,0,3,1,1,1,1,0.5,False,1,0,1.0,1,2,0,True,1,0,0.0,0,0,0,1.0,False,0,0,0,0
755,tob_reentrancy_ReentrancyExploit,0x0000000000000000000001353596476678159602,data/production/vulnerable/raw/tob_reentrancy_ReentrancyExploit.sol,,production_vulnerable,False,True,False,True,False,False,False,False,False,False,False,False,False,False,False,False,False,False,False,False,False,False,True,False,False,1,0,14,6,4,3,0,3,3,31,1,1,1.3333333333333333,0,5,0.16129032258064516,2,0,0,0,14,1,0,1,0,6,3,0.0,0.0,24.0,58.800000000000004,True,simple,0,,,16,11,0,3,0.6875,False,0,8,6,7,1,4,0.36363636363636365,False,5,1,1.1666666666666667,5,3,1,True,4,1,0.25,1,0,0,1.0,False,0,0,0,0
756,tob_Lottery_Lottery,0x9999999999999999999996671129360851052682,data/production/vulnerable/raw/tob_Lottery_Lottery.sol,,production_vulnerable,False,False,False,False,False,False,False,False,False,False,False,False,False,False,False,False,False,False,False,False,False,False,False,False,False,0,0,0,0,0,0,0,0,0,0,1,0,0.0,0,0,0.0,0,0,0,0,0,0,0,0,0,0,0,0.0,0.0,0.0,0.0,False,simple,0,COMPILATION_ERROR,"Compilation error: Invalid compilation: 
Invalid solc compilation Error: Expected '{' but got 'constant'
  --> data/production/vulnerable/raw/tob_Lottery_Lottery.sol:59:49:
   |
59 |     function luckyNumberOfAddress(address addr) constant returns(uint n){
   |                                                 ^^^^^^^^

",0,0,0,0,0.0,False,0,0,0,0,0,0,0.0,False,0,0,0.0,0,0,0,False,0,0,0.0,0,0,0,1.0,False,0,0,0,0
757,CErc20Delegator,0x9999999999999999999993444149462668420793,data/production/vulnerable/raw/CErc20Delegator_0x2db6c82c/CErc20Delegator.sol,,production_vulnerable,True,False,False,True,False,False,True,False,True,False,False,False,False,False,True,False,False,False,False,False,True,False,True,False,False,2,1,76,40,10,0,0,3,4,423,10,1,1.05,0,226,0.5342789598108747,1,0,2,0,90,6,0,3,0,12,6,0.0,0.0,101.0,792.85,True,complex,2,,,137,98,0,7,0.7153284671532847,False,3,42,40,43,2,10,0.18867924528301888,False,36,4,1.075,6,0,4,True,4,50,1.0,28,0,0,1.0,True,0,0,0,0
758,InterestRateModel,0x9999999999999999999993649601079589840768,data/production/vulnerable/raw/CErc20Delegator_0x2db6c82c/InterestRateModel.sol,,production_vulnerable,False,False,False,False,False,False,False,False,False,False,False,False,False,False,False,False,False,False,False,False,False,False,True,False,False,0,0,2,3,0,1,0,1,0,26,1,1,1.0,0,20,0.7692307692307693,0,0,0,0,2,0,0,0,0,1,1,0.0,0.0,2.0,4.0,False,simple,0,,,1,0,0,0,0.0,False,0,1,3,0,0,0,0.0,False,2,1,0.0,3,1,0,False,0,7,0.0,2,0,0,1.0,False,0,0,0,0
759,CTokenInterfaces,0x0000000000000000000006682746244002364344,data/production/vulnerable/raw/CErc20Delegator_0x2db6c82c/CTokenInterfaces.sol,,production_vulnerable,False,False,False,False,False,False,False,False,False,False,False,False,False,False,False,False,False,False,False,False,False,False,True,False,False,0,0,16,24,0,1,0,1,0,240,9,1,1.0,0,145,0.6041666666666666,0,0,1,0,18,0,0,0,0,3,1,0.0,0.0,16.0,96.0,False,moderate,1,,,3,2,0,2,0.6666666666666666,False,0,1,24,0,0,0,0.0,False,23,1,0.0,24,1,0,False,0,22,0.0,15,0,0,1.0,False,0,0,0,0
760,ComptrollerInterface,0x0000000000000000000004894879200459427110,data/production/vulnerable/raw/CErc20Delegator_0x2db6c82c/ComptrollerInterface.sol,,production_vulnerable,False,False,False,False,False,False,False,False,False,False,False,False,False,False,False,False,False,False,False,False,False,False,True,False,False,0,0,2,18,0,1,0,1,0,58,1,1,1.0,0,4,0.06896551724137931,0,0,0,0,2,0,0,0,0,1,1,0.0,0.0,2.0,4.0,False,simple,0,,,1,0,0,0,0.0,False,0,1,18,0,0,0,0.0,False,17,1,0.0,18,1,0,False,0,63,0.0,17,0,0,1.0,False,0,0,0,0
761,IERC20,0x0000000000000000000008587034967683884800,data/production/vulnerable/raw/Wormhole_0xf92cD566/IERC20.sol,,production_vulnerable,False,False,False,False,False,False,False,False,False,False,False,False,False,False,False,False,False,False,False,False,False,False,True,False,False,0,0,2,6,0,0,0,1,0,68,1,1,1.0,0,57,0.8382352941176471,0,0,0,0,2,0,0,0,0,1,1,0.0,0.0,2.0,4.0,False,simple,0,,,0,0,0,0,0.0,False,0,0,6,0,0,0,0.0,False,6,0,0.0,6,0,0,False,0,10,0.0,5,0,0,1.0,False,0,0,0,0
762,Context,0x0000000000000000000000424903008315222146,data/production/vulnerable/raw/Wormhole_0xf92cD566/Context.sol,,production_vulnerable,False,False,False,False,False,False,False,False,False,False,False,False,False,False,False,False,False,False,False,False,False,False,True,False,False,0,0,5,2,0,0,0,1,0,21,1,1,1.0,0,11,0.5238095238095238,0,0,0,0,3,2,0,0,0,3,1,0.0,0.0,5.0,7.333333333333334,False,simple,0,,,5,3,0,2,0.6,False,2,2,2,0,0,0,0.0,False,0,2,0.0,2,0,0,False,0,0,0.0,0,0,0,1.0,False,0,0,0,0
763,ERC20,0x0000000000000000000002249077723875257924,data/production/vulnerable/raw/Wormhole_0xf92cD566/ERC20.sol,,production_vulnerable,False,False,False,False,False,False,False,False,False,False,False,False,False,False,False,False,False,False,False,False,False,False,False,False,False,0,0,0,0,0,0,0,0,0,0,1,0,0.0,0,0,0.0,0,0,0,0,0,0,0,0,0,0,0,0.0,0.0,0.0,0.0,False,simple,0,IMPORT_ERROR,"File not found: Invalid compilation: 
Invalid solc compilation Error: Source ""/home/motafeq/projects/chainguardian-ai/data/production/vulnerable/GSN/Context.sol"" not found: File not found.
 --> /home/motafeq/projects/chainguardian-ai/data/production/vulnerable/raw/Wormhole_0xf92cD566/ERC20.sol:5:1:
  |
5 | import ""../../GSN/Context.sol"";
  | ^^^^^^^^^^^^^^^^^^^^^^^^^^^^^^^

Error: Source ""/home/motafeq/projects/chainguardian-ai/data/production/vulnerable/math/SafeMath.sol"" not found: File not found.
 --> /home/motafeq/projects/chainguardian-ai/data/production/vulnerable/raw/Wormhole_0xf92cD566/ERC20.sol:7:1:
  |
7 | import ""../../math/SafeMath.sol"";
  | ^^^^^^^^^^^^^^^^^^^^^^^^^^^^^^^^^

Error: Source ""/home/motafeq/projects/chainguardian-ai/data/production/vulnerable/utils/Address.sol"" not found: File not found.
 --> /home/motafeq/projects/chainguardian-ai/data/production/vulnerable/raw/Wormhole_0xf92cD566/ERC20.sol:8:1:
  |
8 | import ""../../utils/Address.sol"";
  | ^^^^^^^^^^^^^^^^^^^^^^^^^^^^^^^^^

",0,0,0,0,0.0,False,0,0,0,0,0,0,0.0,False,0,0,0.0,0,0,0,False,0,0,0.0,0,0,0,1.0,False,0,0,0,0
764,Wormhole,0x0000000000000000000006172901995756041356,data/production/vulnerable/raw/Wormhole_0xf92cD566/Wormhole.sol,,production_vulnerable,False,False,False,False,False,False,False,False,False,False,False,False,False,False,False,False,False,False,False,False,False,False,False,False,False,0,0,0,0,0,0,0,0,0,0,1,0,0.0,0,0,0.0,0,0,0,0,0,0,0,0,0,0,0,0.0,0.0,0.0,0.0,False,simple,0,IMPORT_ERROR,"External library imports: Invalid compilation: 
Invalid solc compilation Error: Source ""@openzeppelin/contracts/token/ERC20/ERC20.sol"" not found: File not found.
 --> /home/motafeq/projects/chainguardian-ai/data/production/vulnerable/raw/Wormhole_0xf92cD566/Wormhole.sol:7:1:
  |
7 | import ""@openzeppelin/contracts/token/ERC20/ERC20.sol"";
  | ^^^^^^^^^^^^^^^^^^^^^^^^^^^^^^^^^^^^^^^^^^^^^^^^^^^^^^^

Error: Source ""@openzeppelin/contracts/token/ERC20/IERC20.sol"" not found: File not found.
 --> /home/motafeq/projects/chainguardian-ai/data/production/vulnerable/raw/Wormhole_0xf92cD566/Wormhole.sol:8:1:
  |
8 | import ""@openzeppelin/contracts/token/ERC20/IERC20.sol"";
  | ^^^^^^^^^^^^^^^^^^^^^^^^^^^^^^^^^^^^^^^^^^^^^^^^^^^^^^^^

Error: Source ""@openzeppelin/contracts/token/ERC20/SafeERC20.sol"" not found: File not found.
 --> /home/motafeq/projects/chainguardian-ai/data/production/vulnerable/raw/Wormhole_0xf92cD566/Wormhole.sol:9:1:
  |
9 | import ""@openzeppelin/contracts/token/ERC20/SafeERC20.sol"";
  | ^^^^^^^^^^^^^^^^^^^^^^^^^^^^^^^^^^^^^^^^^^^^^^^^^^^^^^^^^^^

Error: Source ""@openzeppelin/contracts/math/SafeMath.sol"" not found: File not found.
  --> /home/motafeq/projects/chainguardian-ai/data/production/vulnerable/raw/Wormhole_0xf92cD566/Wormhole.sol:10:1:
   |
10 | import ""@openzeppelin/contracts/math/SafeMath.sol"";
   | ^^^^^^^^^^^^^^^^^^^^^^^^^^^^^^^^^^^^^^^^^^^^^^^^^^^

Error: Source ""@openzeppelin/contracts/utils/ReentrancyGuard.sol"" not found: File not found.
  --> /home/motafeq/projects/chainguardian-ai/data/production/vulnerable/raw/Wormhole_0xf92cD566/Wormhole.sol:11:1:
   |
11 | import ""@openzeppelin/contracts/utils/ReentrancyGuard.sol"";
   | ^^^^^^^^^^^^^^^^^^^^^^^^^^^^^^^^^^^^^^^^^^^^^^^^^^^^^^^^^^^

Error: Source ""@openzeppelin/contracts/token/ERC20/IERC20.sol"" not found: File not found.
 --> /home/motafeq/projects/chainguardian-ai/data/production/vulnerable/raw/Wormhole_0xf92cD566/WrappedAsset.sol:5:1:
  |
5 | import ""@openzeppelin/contracts/token/ERC20/IE",0,0,0,0,0.0,False,0,0,0,0,0,0,0.0,False,0,0,0.0,0,0,0,False,0,0,0.0,0,0,0,1.0,False,0,0,0,0
765,ReentrancyGuard,0x0000000000000000000001988924125062228739,data/production/vulnerable/raw/Wormhole_0xf92cD566/ReentrancyGuard.sol,,production_vulnerable,False,False,False,False,False,False,False,False,False,False,False,False,False,False,False,False,False,False,False,False,False,False,True,False,False,0,0,2,2,0,3,1,1,0,53,1,1,1.0,0,38,0.7169811320754716,0,0,0,0,2,0,0,0,0,1,1,0.0,0.0,2.0,4.0,False,simple,0,,,4,2,0,1,0.5,False,0,2,2,0,0,0,0.0,False,0,2,0.0,2,3,0,True,0,0,0.0,0,0,0,1.0,True,0,0,0,0
766,BytesLib,0x9999999999999999999994582769130056374156,data/production/vulnerable/raw/Wormhole_0xf92cD566/BytesLib.sol,,production_vulnerable,False,False,False,False,False,False,False,False,False,False,False,False,False,False,True,False,False,False,False,False,False,False,True,False,False,0,4,60,14,0,0,0,14,0,430,1,1,3.9285714285714284,2,123,0.28604651162790695,0,0,0,0,45,19,0,4,0,6,2,0.0,0.0,80.0,777.3333333333333,True,moderate,1,,,267,270,9,37,1.0112359550561798,True,13,55,14,33,0,0,0.0,False,0,14,2.357142857142857,6,0,0,False,0,29,0.0,14,0,0,1.0,False,0,0,0,0
767,SafeMath,0x9999999999999999999996387529014677157993,data/production/vulnerable/raw/Wormhole_0xf92cD566/SafeMath.sol,,production_vulnerable,False,False,False,False,False,False,False,False,False,False,False,False,False,False,False,False,False,False,False,False,False,False,True,False,False,0,0,10,8,0,0,0,3,0,145,1,1,1.25,0,106,0.7310344827586207,0,0,0,0,2,8,0,0,0,2,1,0.0,0.0,10.0,38.0,False,simple,0,,,28,20,0,5,0.7142857142857143,False,9,10,8,8,0,0,0.0,True,0,8,1.0,1,0,0,False,0,19,0.0,8,0,0,1.0,False,0,0,0,0
768,SafeERC20,0x9999999999999999999995818497923474261128,data/production/vulnerable/raw/Wormhole_0xf92cD566/SafeERC20.sol,,production_vulnerable,False,False,False,False,False,False,False,False,False,False,False,False,False,False,False,False,False,False,False,False,False,False,False,False,False,0,0,0,0,0,0,0,0,0,0,1,0,0.0,0,0,0.0,0,0,0,0,0,0,0,0,0,0,0,0.0,0.0,0.0,0.0,False,simple,0,IMPORT_ERROR,"File not found: Invalid compilation: 
Invalid solc compilation Error: Source ""/home/motafeq/projects/chainguardian-ai/data/production/vulnerable/math/SafeMath.sol"" not found: File not found.
 --> /home/motafeq/projects/chainguardian-ai/data/production/vulnerable/raw/Wormhole_0xf92cD566/SafeERC20.sol:6:1:
  |
6 | import ""../../math/SafeMath.sol"";
  | ^^^^^^^^^^^^^^^^^^^^^^^^^^^^^^^^^

Error: Source ""/home/motafeq/projects/chainguardian-ai/data/production/vulnerable/utils/Address.sol"" not found: File not found.
 --> /home/motafeq/projects/chainguardian-ai/data/production/vulnerable/raw/Wormhole_0xf92cD566/SafeERC20.sol:7:1:
  |
7 | import ""../../utils/Address.sol"";
  | ^^^^^^^^^^^^^^^^^^^^^^^^^^^^^^^^^

",0,0,0,0,0.0,False,0,0,0,0,0,0,0.0,False,0,0,0.0,0,0,0,False,0,0,0.0,0,0,0,1.0,False,0,0,0,0
769,Address,0x0000000000000000000000879443989716779059,data/production/vulnerable/raw/Wormhole_0xf92cD566/Address.sol,,production_vulnerable,False,False,False,True,False,False,False,False,False,False,False,False,False,False,True,False,False,False,False,False,False,False,True,False,False,0,0,13,7,2,0,0,5,2,129,1,1,1.5714285714285714,0,87,0.6744186046511628,0,0,0,0,6,7,0,0,0,4,3,0.0,0.0,13.0,35.425,True,simple,0,,,36,30,0,11,0.8333333333333334,False,6,11,7,13,0,2,0.13333333333333333,True,0,7,1.8571428571428572,6,0,2,False,2,19,1.0,7,0,0,1.0,False,0,0,0,0
770,WrappedAsset,0x9999999999999999999999065024281393796701,data/production/vulnerable/raw/Wormhole_0xf92cD566/WrappedAsset.sol,,production_vulnerable,False,False,False,False,False,False,False,False,False,False,False,False,False,False,False,False,False,False,False,False,False,False,False,False,False,0,0,0,0,0,0,0,0,0,0,1,0,0.0,0,0,0.0,0,0,0,0,0,0,0,0,0,0,0,0.0,0.0,0.0,0.0,False,simple,0,IMPORT_ERROR,"External library imports: Invalid compilation: 
Invalid solc compilation Error: Source ""@openzeppelin/contracts/token/ERC20/IERC20.sol"" not found: File not found.
 --> /home/motafeq/projects/chainguardian-ai/data/production/vulnerable/raw/Wormhole_0xf92cD566/WrappedAsset.sol:5:1:
  |
5 | import ""@openzeppelin/contracts/token/ERC20/IERC20.sol"";
  | ^^^^^^^^^^^^^^^^^^^^^^^^^^^^^^^^^^^^^^^^^^^^^^^^^^^^^^^^

Error: Source ""@openzeppelin/contracts/math/SafeMath.sol"" not found: File not found.
 --> /home/motafeq/projects/chainguardian-ai/data/production/vulnerable/raw/Wormhole_0xf92cD566/WrappedAsset.sol:6:1:
  |
6 | import ""@openzeppelin/contracts/math/SafeMath.sol"";
  | ^^^^^^^^^^^^^^^^^^^^^^^^^^^^^^^^^^^^^^^^^^^^^^^^^^^

Error: Source ""@openzeppelin/contracts/utils/Address.sol"" not found: File not found.
 --> /home/motafeq/projects/chainguardian-ai/data/production/vulnerable/raw/Wormhole_0xf92cD566/WrappedAsset.sol:7:1:
  |
7 | import ""@openzeppelin/contracts/utils/Address.sol"";
  | ^^^^^^^^^^^^^^^^^^^^^^^^^^^^^^^^^^^^^^^^^^^^^^^^^^^

Error: Source ""@openzeppelin/contracts/GSN/Context.sol"" not found: File not found.
 --> /home/motafeq/projects/chainguardian-ai/data/production/vulnerable/raw/Wormhole_0xf92cD566/WrappedAsset.sol:8:1:
  |
8 | import ""@openzeppelin/contracts/GSN/Context.sol"";
  | ^^^^^^^^^^^^^^^^^^^^^^^^^^^^^^^^^^^^^^^^^^^^^^^^^

",0,0,0,0,0.0,False,0,0,0,0,0,0,0.0,False,0,0,0.0,0,0,0,False,0,0,0.0,0,0,0,1.0,False,0,0,0,0
771,open_address_lottery,0x0000000000000000000006635671247364726736,data/smartbugs_curated/dataset/other/open_address_lottery.sol,,smartbugs_curated,False,False,True,False,True,False,False,False,False,False,False,True,False,False,False,False,False,False,False,False,False,False,True,False,False,2,0,6,8,1,5,0,9,0,85,1,1,2.25,0,25,0.29411764705882354,2,0,0,0,7,2,0,2,1,8,4,0.0,0.0,26.0,27.3,True,simple,0,,,40,36,0,9,0.9,False,1,18,8,13,3,1,0.07142857142857142,False,6,2,1.625,6,5,1,True,1,2,1.0,2,0,0,1.0,False,0,0,0,0
772,name_registrar,0x0000000000000000000006971683937299924753,data/smartbugs_curated/dataset/other/name_registrar.sol,,smartbugs_curated,False,False,False,False,False,False,False,False,False,False,False,True,False,False,False,False,False,False,False,False,False,False,True,False,False,1,0,4,2,0,3,0,1,0,25,1,1,1.0,0,7,0.28,0,0,0,0,6,0,0,1,0,4,2,0.0,0.0,14.0,21.0,False,simple,0,,,8,6,0,6,0.75,False,0,2,2,1,1,0,0.0,False,1,1,0.5,2,3,1,True,0,2,0.0,1,0,0,1.0,False,0,0,0,0
773,crypto_roulette,0x9999999999999999999999808714139044218759,data/smartbugs_curated/dataset/other/crypto_roulette.sol,,smartbugs_curated,False,False,True,False,True,False,False,False,False,False,False,True,False,False,False,False,False,False,False,False,False,False,True,False,False,3,1,7,6,2,5,0,3,0,50,1,1,1.6666666666666667,0,13,0.26,2,0,0,0,7,5,0,4,1,9,4,0.0,0.0,42.0,48.999999999999986,True,simple,0,,,22,18,0,9,0.8181818181818182,False,0,10,6,7,2,2,0.2222222222222222,False,4,2,1.1666666666666667,7,5,1,True,1,1,1.0,1,0,0,1.0,False,0,0,0,0
774,phishable,0x9999999999999999999992390274396388292953,data/smartbugs_curated/dataset/access_control/phishable.sol,,smartbugs_curated,False,True,False,False,False,False,False,False,False,False,False,False,False,True,False,False,False,False,False,False,False,False,True,False,False,1,1,5,3,1,1,0,1,0,18,1,1,1.0,0,6,0.3333333333333333,1,0,0,0,3,4,0,2,0,5,3,0.0,0.0,20.0,23.200000000000003,True,simple,0,,,6,3,0,2,0.5,False,0,3,3,2,1,1,0.3333333333333333,False,3,0,0.6666666666666666,4,1,2,True,1,2,2.0,2,0,0,1.0,False,0,0,0,0
775,parity_wallet_bug_1,0x9999999999999999999993261216924826855715,data/smartbugs_curated/dataset/access_control/parity_wallet_bug_1.sol,,smartbugs_curated,True,True,True,True,False,False,True,False,False,False,True,False,True,False,True,False,False,False,False,False,True,False,True,False,False,3,3,66,6,3,7,0,5,3,395,4,1,1.6666666666666667,0,108,0.27341772151898736,1,0,1,0,74,7,0,6,0,17,8,0.0,0.0,111.0,515.1705882352942,True,moderate,1,,,20,16,0,5,0.8,False,3,10,6,1,1,3,0.75,False,5,1,0.16666666666666666,6,7,2,True,3,7,0.6666666666666666,4,0,0,1.0,False,0,0,0,0
776,arbitrary_location_write_simple,0x9999999999999999999994294766821803416539,data/smartbugs_curated/dataset/access_control/arbitrary_location_write_simple.sol,,smartbugs_curated,False,False,False,False,False,False,False,False,False,False,False,False,False,False,False,False,False,False,False,False,False,False,True,False,False,1,1,6,6,2,2,0,1,0,32,1,1,1.0,0,6,0.1875,1,0,0,0,7,1,0,2,0,4,1,0.0,0.0,21.0,40.425,True,simple,0,,,15,9,0,2,0.6,False,0,6,6,4,1,2,0.3333333333333333,False,6,0,0.6666666666666666,5,2,2,True,0,3,0.0,2,0,0,1.0,False,0,0,0,0
777,wallet_03_wrong_constructor,0x0000000000000000000000299493788888694928,data/smartbugs_curated/dataset/access_control/wallet_03_wrong_constructor.sol,,smartbugs_curated,False,False,False,False,True,False,False,False,False,False,False,False,False,False,False,False,False,False,False,False,False,False,True,False,False,0,0,4,4,2,2,0,1,0,31,1,1,1.0,0,10,0.3225806451612903,1,0,0,0,2,2,0,0,1,3,2,0.0,0.0,4.0,4.533333333333333,False,simple,0,,,12,8,0,3,0.6666666666666666,False,0,4,4,4,1,2,0.3333333333333333,False,4,0,1.0,4,2,2,True,2,2,1.0,2,0,0,1.0,False,0,0,0,0
778,rubixi,0x9999999999999999999992947524327962711763,data/smartbugs_curated/dataset/access_control/rubixi.sol,,smartbugs_curated,False,False,False,True,True,False,False,False,False,False,False,False,False,False,False,False,False,False,False,False,False,False,True,False,False,1,5,25,19,5,7,1,8,0,125,1,1,2.3157894736842106,0,21,0.168,0,0,0,0,15,16,0,6,4,11,4,0.0,0.0,60.0,142.9090909090909,True,moderate,1,,,99,86,1,12,0.8686868686868687,False,6,44,19,9,2,5,0.35714285714285715,False,16,3,0.47368421052631576,12,7,6,True,5,7,1.2,7,0,0,1.0,False,0,0,0,0
779,mycontract,0x9999999999999999999996734279741803288504,data/smartbugs_curated/dataset/access_control/mycontract.sol,,smartbugs_curated,False,True,False,False,False,False,False,False,False,False,False,False,False,True,False,False,False,False,False,False,False,False,True,False,False,1,1,3,2,1,1,0,1,0,18,1,1,1.0,0,7,0.3888888888888889,0,0,0,0,2,3,0,2,0,4,3,0.0,0.0,18.0,18.45,True,simple,0,,,5,3,0,2,0.6,False,0,2,2,1,1,1,0.5,False,2,0,0.5,2,1,1,True,1,2,1.0,1,0,0,1.0,False,0,0,0,0
780,wallet_02_refund_nosub,0x0000000000000000000009034225664267151223,data/smartbugs_curated/dataset/access_control/wallet_02_refund_nosub.sol,,smartbugs_curated,False,False,False,False,True,False,False,False,False,False,False,False,False,False,False,False,False,False,False,False,False,False,True,False,False,0,0,4,5,3,2,0,1,0,35,1,1,1.0,0,11,0.3142857142857143,1,0,0,0,2,2,0,0,1,3,2,0.0,0.0,4.0,4.533333333333333,False,simple,0,,,14,9,0,3,0.6428571428571429,False,0,5,5,4,1,3,0.42857142857142855,False,5,0,0.8,5,2,2,True,3,2,0.6666666666666666,2,0,0,1.0,False,0,0,0,0
781,incorrect_constructor_name1,0x9999999999999999999992485904900024815310,data/smartbugs_curated/dataset/access_control/incorrect_constructor_name1.sol,,smartbugs_curated,False,False,False,False,False,False,False,False,False,False,False,False,False,False,False,False,False,False,False,False,False,False,True,False,False,0,0,3,3,1,1,1,1,0,28,1,1,1.0,0,8,0.2857142857142857,1,0,0,0,3,0,0,0,0,2,1,0.0,0.0,3.0,4.5,False,simple,0,,,6,3,0,2,0.5,False,0,3,3,2,1,1,0.3333333333333333,False,3,0,0.6666666666666666,4,1,0,True,1,0,0.0,0,0,0,1.0,False,0,0,0,0
782,wallet_04_confused_sign,0x9999999999999999999998571379319502768838,data/smartbugs_curated/dataset/access_control/wallet_04_confused_sign.sol,,smartbugs_curated,False,False,False,False,True,False,False,False,False,False,False,False,False,False,False,False,False,False,False,False,False,False,True,False,False,0,0,4,4,2,2,0,1,0,32,1,1,1.0,0,11,0.34375,1,0,0,0,2,2,0,0,1,3,2,0.0,0.0,4.0,4.533333333333333,False,simple,0,,,12,8,0,3,0.6666666666666666,False,0,4,4,4,1,2,0.3333333333333333,False,4,0,1.0,4,2,2,True,2,2,1.0,2,0,0,1.0,False,0,0,0,0
783,multiowned_vulnerable,0x0000000000000000000004593469213157285163,data/smartbugs_curated/dataset/access_control/multiowned_vulnerable.sol,,smartbugs_curated,False,False,False,False,False,False,False,False,False,False,False,False,False,False,False,False,False,False,False,False,False,False,True,False,False,0,0,4,3,0,2,1,1,0,53,2,1,1.0,0,23,0.4339622641509434,0,0,0,0,4,0,0,0,0,2,1,0.0,0.0,4.0,8.0,False,simple,0,,,12,9,0,4,0.75,False,2,3,3,3,1,0,0.0,False,3,0,1.0,3,2,2,True,0,2,0.0,2,0,0,1.0,False,0,0,0,0
784,mapping_write,0x0000000000000000000004060898787155603276,data/smartbugs_curated/dataset/access_control/mapping_write.sol,,smartbugs_curated,False,False,False,False,False,False,False,False,False,False,True,False,False,False,False,False,False,False,False,False,False,False,True,False,False,2,0,2,3,1,2,0,3,0,25,1,1,1.6666666666666667,0,7,0.28,0,0,0,0,4,1,0,2,0,4,2,0.0,0.0,22.0,25.85,True,simple,0,,,10,8,0,3,0.8,False,1,5,3,2,1,1,0.3333333333333333,False,3,0,0.6666666666666666,4,2,1,True,1,3,1.0,2,0,0,1.0,False,0,0,0,0
785,simple_suicide,0x0000000000000000000001968937215189473766,data/smartbugs_curated/dataset/access_control/simple_suicide.sol,,smartbugs_curated,False,True,False,False,False,False,False,False,False,False,False,False,False,False,False,False,False,False,False,False,False,False,True,False,False,1,0,2,1,0,0,0,1,0,13,1,1,1.0,0,7,0.5384615384615384,0,0,0,0,3,0,0,1,0,2,2,0.0,0.0,12.0,18.0,False,simple,0,,,2,1,0,1,0.5,False,0,1,1,1,1,0,0.0,False,1,0,1.0,1,0,0,False,0,0,0.0,0,0,0,1.0,False,0,0,0,0
786,incorrect_constructor_name3,0x0000000000000000000005217592918330957841,data/smartbugs_curated/dataset/access_control/incorrect_constructor_name3.sol,,smartbugs_curated,False,False,False,False,False,False,False,False,False,False,False,False,False,False,False,False,False,False,False,False,False,False,True,False,False,0,0,3,3,1,1,1,1,0,26,1,1,1.0,0,6,0.23076923076923078,1,0,0,0,3,0,0,0,0,2,1,0.0,0.0,3.0,4.5,False,simple,0,,,6,3,0,2,0.5,False,0,3,3,2,1,1,0.3333333333333333,False,3,0,0.6666666666666666,4,1,0,True,1,0,0.0,0,0,0,1.0,False,0,0,0,0
787,incorrect_constructor_name2,0x0000000000000000000002906919577972116646,data/smartbugs_curated/dataset/access_control/incorrect_constructor_name2.sol,,smartbugs_curated,False,False,False,False,False,False,False,False,False,False,False,False,False,False,False,False,False,False,False,False,False,False,True,False,False,0,0,2,3,1,1,1,1,0,26,1,1,1.0,0,6,0.23076923076923078,1,0,0,0,2,0,0,0,0,1,1,0.0,0.0,2.0,4.0,False,simple,0,,,6,3,0,2,0.5,False,0,3,3,2,1,1,0.3333333333333333,False,3,0,0.6666666666666666,4,1,0,True,1,0,0.0,0,0,0,1.0,False,0,0,0,0
788,unprotected0,0x9999999999999999999998725428556478423020,data/smartbugs_curated/dataset/access_control/unprotected0.sol,,smartbugs_curated,False,False,False,False,False,False,False,False,False,False,False,False,False,False,False,False,False,False,False,False,False,False,True,False,False,0,0,4,2,0,1,1,1,0,33,1,1,1.0,0,15,0.45454545454545453,0,0,0,0,3,1,0,0,0,3,1,0.0,0.0,4.0,4.933333333333334,False,simple,0,,,4,2,0,1,0.5,False,0,2,2,0,0,0,0.0,False,2,0,0.0,2,1,1,False,0,1,0.0,1,0,0,1.0,False,0,0,0,0
789,proxy,0x9999999999999999999995716881773861133275,data/smartbugs_curated/dataset/access_control/proxy.sol,,smartbugs_curated,False,False,False,True,False,False,False,False,True,False,False,False,False,False,False,False,False,False,False,False,False,False,True,False,False,1,0,4,2,1,1,0,1,1,16,1,1,1.0,0,6,0.375,0,0,0,0,5,1,0,1,0,5,3,0.0,0.0,14.0,15.96,True,simple,0,,,4,2,0,1,0.5,False,0,2,2,1,1,1,0.5,False,2,0,0.5,2,1,1,False,1,2,1.0,1,0,0,1.0,False,0,0,0,0
790,FibonacciBalance,0x9999999999999999999991293910719682386507,data/smartbugs_curated/dataset/access_control/FibonacciBalance.sol,,smartbugs_curated,False,True,False,True,False,False,False,False,True,False,True,False,False,False,False,False,False,False,False,False,False,False,True,False,False,4,0,9,5,3,5,0,1,2,52,2,1,1.0,0,18,0.34615384615384615,1,0,0,0,11,4,0,4,0,9,5,0.0,0.0,49.0,75.13333333333333,True,simple,0,,,10,5,0,3,0.5,False,0,5,5,3,1,3,0.5,False,3,2,0.6,4,5,1,True,3,1,0.3333333333333333,1,0,1,1.0,False,0,1,0,0
791,parity_wallet_bug_2,0x9999999999999999999998063666614124177940,data/smartbugs_curated/dataset/access_control/parity_wallet_bug_2.sol,,smartbugs_curated,True,True,True,True,False,False,True,False,False,False,False,False,True,False,False,False,False,False,False,False,True,False,True,False,False,2,2,59,0,0,0,0,0,0,345,3,1,0.0,0,95,0.2753623188405797,0,0,0,0,58,6,0,4,0,13,7,0.0,0.0,89.0,425.83076923076925,True,simple,0,,,0,0,0,0,0.0,False,0,0,0,0,0,0,0.0,False,0,0,0.0,0,0,0,False,0,0,0.0,0,0,0,1.0,False,0,0,0,0
792,governmental_survey,0x0000000000000000000002705984055399115783,data/smartbugs_curated/dataset/time_manipulation/governmental_survey.sol,,smartbugs_curated,False,True,True,True,True,False,False,False,False,False,False,False,False,False,False,False,False,False,False,False,False,False,True,False,False,1,3,9,4,2,5,0,3,0,44,2,1,2.5,0,7,0.1590909090909091,0,0,0,0,9,5,0,4,1,9,5,0.0,0.0,34.0,47.22222222222222,True,simple,0,,,23,19,0,7,0.8260869565217391,False,3,10,4,1,1,2,0.6666666666666666,False,3,1,0.25,4,5,0,True,2,0,0.0,0,0,0,1.0,False,0,0,0,0
793,roulette,0x0000000000000000000004403709001273385405,data/smartbugs_curated/dataset/time_manipulation/roulette.sol,,smartbugs_curated,False,True,True,False,False,False,False,False,False,False,False,False,False,False,False,False,False,False,False,False,False,False,True,False,False,2,1,3,2,1,1,0,3,0,21,1,1,2.0,0,8,0.38095238095238093,2,0,0,0,3,3,0,3,0,5,3,0.0,0.0,28.0,28.560000000000002,True,simple,0,,,8,7,0,5,0.875,False,0,4,2,2,1,1,0.3333333333333333,False,2,0,1.0,3,1,0,True,1,0,0.0,0,0,0,1.0,False,0,0,0,0
794,ether_lotto,0x0000000000000000000005495772427288140885,data/smartbugs_curated/dataset/time_manipulation/ether_lotto.sol,,smartbugs_curated,False,True,True,False,True,False,False,False,False,False,False,False,False,False,False,False,False,False,False,False,False,False,True,False,False,2,1,5,3,2,4,0,3,0,42,1,1,1.6666666666666667,0,22,0.5238095238095238,1,0,0,0,4,4,0,3,1,7,4,0.0,0.0,30.0,29.14285714285714,True,simple,0,,,13,11,0,7,0.8461538461538461,False,0,5,3,2,1,2,0.5,False,2,1,0.6666666666666666,4,4,0,True,2,0,0.0,0,0,0,1.0,False,0,0,0,0
795,timed_crowdsale,0x9999999999999999999992228805879437973783,data/smartbugs_curated/dataset/time_manipulation/timed_crowdsale.sol,,smartbugs_curated,False,False,True,False,False,False,False,False,False,False,False,False,False,False,False,False,False,False,False,False,False,False,True,False,False,0,0,3,1,0,0,0,1,0,13,1,1,1.0,0,7,0.5384615384615384,0,0,0,0,2,1,0,0,0,2,2,0.0,0.0,3.0,4.05,False,simple,0,,,2,1,0,1,0.5,False,1,1,1,0,0,0,0.0,False,1,0,0.0,1,0,0,False,0,0,0.0,0,0,0,1.0,False,0,0,0,0
796,lottopollo,0x9999999999999999999991891628066989247655,data/smartbugs_curated/dataset/time_manipulation/lottopollo.sol,,smartbugs_curated,False,True,True,True,False,False,False,False,False,False,False,False,False,False,False,False,False,False,False,False,False,False,True,False,False,1,2,4,3,2,2,0,7,0,31,1,1,3.0,0,7,0.22580645161290322,0,0,0,0,3,4,0,3,0,5,4,0.0,0.0,24.0,27.84,True,simple,0,,,16,16,0,4,1.0,False,1,9,3,3,2,2,0.4,False,2,1,1.0,2,2,1,True,2,2,0.5,2,1,0,0.0,False,0,0,1,0
797,dos_number,0x9999999999999999999998385729573242666841,data/smartbugs_curated/dataset/denial_of_service/dos_number.sol,,smartbugs_curated,False,False,False,False,False,False,False,False,False,False,False,False,False,False,False,False,False,False,False,False,False,False,True,False,False,0,0,3,6,1,2,0,6,0,37,1,1,1.8333333333333333,0,9,0.24324324324324326,0,0,0,0,2,1,0,0,1,2,1,0.0,0.0,3.0,4.05,False,simple,0,,,22,18,2,7,0.8181818181818182,True,2,11,6,2,1,1,0.3333333333333333,False,5,1,0.3333333333333333,5,2,1,True,0,2,0.0,1,0,0,1.0,False,0,0,0,0
798,send_loop,0x0000000000000000000009023108000131089930,data/smartbugs_curated/dataset/denial_of_service/send_loop.sol,,smartbugs_curated,False,False,False,False,False,False,False,False,False,False,True,False,False,False,False,False,False,False,False,False,False,False,True,False,False,1,0,3,2,3,2,0,4,0,22,1,1,2.5,0,8,0.36363636363636365,0,0,0,0,4,1,0,1,1,4,2,0.0,0.0,13.0,15.275,False,simple,0,,,10,9,1,5,0.9,False,0,5,2,1,1,3,0.75,False,2,0,0.5,2,2,0,True,1,0,0.0,0,0,0,1.0,False,0,0,0,0
799,list_dos,0x0000000000000000000000162753731367680823,data/smartbugs_curated/dataset/denial_of_service/list_dos.sol,,smartbugs_curated,False,False,True,True,True,False,False,False,False,False,False,False,False,False,False,False,False,False,False,False,False,False,True,False,False,2,7,8,10,11,9,0,9,0,112,1,1,2.6,0,28,0.25,0,0,0,0,3,15,0,9,5,7,4,0.0,0.0,63.0,121.5,True,moderate,1,,,64,60,2,16,0.9375,False,5,26,10,2,2,11,0.8461538461538461,False,9,1,0.2,9,9,2,True,8,2,0.25,2,0,0,1.0,False,0,0,0,0
800,dos_simple,0x0000000000000000000007552922132712616052,data/smartbugs_curated/dataset/denial_of_service/dos_simple.sol,,smartbugs_curated,False,False,False,False,False,False,False,False,False,False,False,False,False,False,False,False,False,False,False,False,False,False,True,False,False,0,0,2,1,2,1,0,5,0,21,1,1,5.0,0,6,0.2857142857142857,0,0,0,0,2,0,0,0,0,1,1,0.0,0.0,2.0,4.0,False,simple,0,,,11,11,1,6,1.0,False,2,5,1,0,0,2,1.0,False,1,0,0.0,1,1,0,True,1,0,0.0,0,0,0,1.0,False,0,0,0,0
801,auction,0x0000000000000000000007057588233329927335,data/smartbugs_curated/dataset/denial_of_service/auction.sol,,smartbugs_curated,False,False,False,False,True,False,False,False,False,False,False,False,False,False,False,False,False,False,False,False,False,False,True,False,False,0,0,3,1,1,2,0,3,0,24,1,1,3.0,0,11,0.4583333333333333,1,0,0,0,2,1,0,0,1,2,2,0.0,0.0,3.0,4.05,False,simple,0,,,7,7,0,5,1.0,False,0,3,1,1,1,1,0.5,False,1,0,1.0,1,2,0,True,1,0,0.0,0,0,0,1.0,False,0,0,0,0
802,dos_address,0x0000000000000000000008117142810564244977,data/smartbugs_curated/dataset/denial_of_service/dos_address.sol,,smartbugs_curated,False,False,False,False,False,False,False,False,False,False,False,False,False,False,False,False,False,False,False,False,False,False,True,False,False,1,0,2,5,2,2,0,4,0,29,1,1,2.0,0,6,0.20689655172413793,0,0,0,0,2,1,0,1,0,2,1,0.0,0.0,12.0,16.2,False,simple,0,,,18,15,1,5,0.8333333333333334,False,3,10,5,0,0,2,1.0,False,4,1,0.0,5,2,0,True,1,0,0.0,0,0,0,1.0,False,0,0,0,0
803,lottery,0x9999999999999999999991675022700679554738,data/smartbugs_curated/dataset/bad_randomness/lottery.sol,,smartbugs_curated,False,False,False,False,False,False,False,False,False,False,False,False,False,False,False,False,False,False,False,False,False,False,True,False,False,1,1,7,5,2,2,0,6,0,55,1,1,3.2,0,19,0.34545454545454546,0,0,0,0,9,1,0,2,1,5,1,0.0,0.0,22.0,42.67999999999999,True,simple,0,,,27,24,1,7,0.8888888888888888,False,4,16,5,1,1,2,0.6666666666666666,False,5,0,0.2,5,2,0,True,1,0,0.0,0,0,0,1.0,False,0,0,0,0
804,random_number_generator,0x9999999999999999999994297694600282704865,data/smartbugs_curated/dataset/bad_randomness/random_number_generator.sol,,smartbugs_curated,False,False,True,False,False,False,False,False,False,False,False,False,False,False,False,False,False,False,False,False,False,False,True,False,False,1,0,3,2,0,1,0,1,0,23,1,1,1.0,0,12,0.5217391304347826,0,0,0,0,2,2,0,1,0,3,2,0.0,0.0,13.0,14.733333333333333,False,simple,0,,,7,5,0,5,0.7142857142857143,False,1,2,2,1,0,0,0.0,False,0,2,0.5,2,1,0,True,0,1,0.0,1,0,0,1.0,False,0,0,0,0
805,etheraffle,0x0000000000000000000008104031854157679674,data/smartbugs_curated/dataset/bad_randomness/etheraffle.sol,,smartbugs_curated,False,False,False,False,True,False,False,False,False,False,False,False,False,False,False,False,False,False,False,False,False,False,True,False,False,0,0,6,10,7,11,0,12,0,147,1,1,3.9,1,25,0.17006802721088435,2,0,0,0,3,3,0,0,2,5,2,0.0,0.0,6.0,6.119999999999999,False,moderate,1,,,91,93,6,12,1.021978021978022,True,1,39,10,4,3,7,0.6363636363636364,False,7,3,0.4,8,11,0,True,6,0,0.0,0,0,0,1.0,False,0,0,0,0
806,lucky_doubler,0x0000000000000000000006379307099046971565,data/smartbugs_curated/dataset/bad_randomness/lucky_doubler.sol,,smartbugs_curated,False,False,True,True,True,False,False,False,False,False,False,False,False,False,False,False,False,False,False,False,False,False,True,False,False,3,4,12,15,6,8,1,13,0,146,1,1,2.466666666666667,1,28,0.1917808219178082,0,0,0,0,6,13,0,7,2,10,5,0.0,0.0,62.0,93.62,True,complex,2,,,91,84,0,22,0.9230769230769231,False,4,37,15,8,4,6,0.42857142857142855,False,10,5,0.5333333333333333,11,8,3,True,5,6,0.6,6,0,0,1.0,False,0,0,0,0
807,guess_the_random_number,0x0000000000000000000008471817447971571009,data/smartbugs_curated/dataset/bad_randomness/guess_the_random_number.sol,,smartbugs_curated,False,True,True,False,False,False,False,False,False,False,False,False,False,False,False,False,False,False,False,False,False,False,True,False,False,1,2,4,3,1,1,0,3,0,23,1,1,1.6666666666666667,0,6,0.2608695652173913,2,0,0,0,5,2,0,3,0,5,3,0.0,0.0,24.0,30.720000000000002,True,simple,0,,,10,8,0,3,0.8,False,1,5,3,5,1,1,0.16666666666666666,False,3,0,1.6666666666666667,4,1,1,True,1,1,1.0,1,0,0,1.0,False,0,0,0,0
808,smart_billions,0x9999999999999999999994254227814740368653,data/smartbugs_curated/dataset/bad_randomness/smart_billions.sol,,smartbugs_curated,False,False,False,False,True,False,False,False,False,False,False,False,False,False,False,False,False,True,False,False,False,False,True,False,False,3,16,58,39,8,20,2,17,0,708,6,1,3.6153846153846154,3,181,0.2556497175141243,7,1,3,0,59,20,0,19,6,15,4,0.0,0.0,168.0,817.5999999999999,True,critical,3,,,357,347,3,21,0.9719887955182073,False,39,141,39,51,4,8,0.13559322033898305,False,32,7,1.3076923076923077,22,20,10,True,4,25,2.5,22,0,0,1.0,False,0,0,0,0
809,old_blockhash,0x0000000000000000000004184310552635637200,data/smartbugs_curated/dataset/bad_randomness/old_blockhash.sol,,smartbugs_curated,False,False,False,False,False,False,False,False,False,False,False,False,False,False,False,False,False,False,False,False,False,False,True,False,False,0,0,3,3,1,1,0,3,0,33,1,1,1.6666666666666667,0,8,0.24242424242424243,2,0,0,0,3,0,0,0,0,2,1,0.0,0.0,3.0,4.5,False,simple,0,,,14,12,0,5,0.8571428571428571,False,0,5,3,4,1,1,0.2,False,3,0,1.3333333333333333,2,1,1,True,1,1,1.0,1,0,0,1.0,False,0,0,0,0
810,blackjack,0x9999999999999999999991684076564219390124,data/smartbugs_curated/dataset/bad_randomness/blackjack.sol,,smartbugs_curated,False,False,True,False,True,False,False,False,False,False,False,False,False,False,False,False,False,False,False,False,False,False,True,False,False,3,2,21,13,22,4,1,36,0,255,2,1,5.538461538461538,1,32,0.12549019607843137,2,7,0,0,21,8,0,5,5,8,3,0.0,0.0,61.0,202.825,True,complex,2,,,166,161,3,28,0.9698795180722891,True,27,72,13,11,2,22,0.6666666666666666,False,10,3,0.8461538461538461,6,4,2,True,13,5,0.15384615384615385,4,0,0,1.0,False,0,0,0,0
811,integer_overflow_benign_1,0x9999999999999999999993199214053485598190,data/smartbugs_curated/dataset/arithmetic/integer_overflow_benign_1.sol,,smartbugs_curated,False,False,False,False,False,False,False,False,False,False,False,False,False,False,False,False,False,False,False,False,False,False,True,False,False,0,0,2,2,0,1,0,1,0,15,1,1,1.0,0,8,0.5333333333333333,0,0,0,0,3,0,0,0,0,2,1,0.0,0.0,2.0,3.0,False,simple,0,,,3,1,0,1,0.3333333333333333,False,0,2,2,0,0,0,0.0,False,1,1,0.0,2,1,0,True,0,1,0.0,1,0,0,1.0,False,0,0,0,0
812,timelock,0x0000000000000000000004534481026283710761,data/smartbugs_curated/dataset/arithmetic/timelock.sol,,smartbugs_curated,False,False,True,False,False,False,False,False,False,False,False,False,False,False,False,False,False,False,False,False,False,False,True,False,False,0,0,4,3,1,2,0,1,0,26,1,1,1.0,0,7,0.2692307692307692,1,0,0,0,3,1,0,0,0,3,2,0.0,0.0,4.0,4.933333333333334,False,simple,0,,,11,8,0,5,0.7272727272727273,False,0,3,3,1,1,1,0.5,False,3,0,0.3333333333333333,3,2,1,True,1,1,1.0,1,0,0,1.0,False,0,0,0,0
813,integer_overflow_multitx_multifunc_feasible,0x0000000000000000000003312287259848343711,data/smartbugs_curated/dataset/arithmetic/integer_overflow_multitx_multifunc_feasible.sol,,smartbugs_curated,False,False,False,False,False,False,False,False,False,False,False,False,False,False,False,False,False,False,False,False,False,False,True,False,False,0,0,2,3,0,2,0,3,0,22,1,1,1.6666666666666667,0,8,0.36363636363636365,0,0,0,0,2,0,0,0,0,1,1,0.0,0.0,2.0,4.0,False,simple,0,,,9,6,0,3,0.6666666666666666,False,1,5,3,0,0,0,0.0,False,2,1,0.0,3,2,1,True,0,1,0.0,1,0,0,1.0,False,0,0,0,0
814,BECToken,0x9999999999999999999993210861546527981494,data/smartbugs_curated/dataset/arithmetic/BECToken.sol,,smartbugs_curated,False,False,False,False,False,False,False,False,False,False,False,False,False,False,False,False,False,False,False,False,False,False,True,False,False,0,0,24,3,0,4,0,1,0,259,9,1,1.0,0,117,0.4517374517374517,0,0,3,0,26,3,0,0,0,6,1,0.0,0.0,24.0,112.4,True,simple,0,,,10,7,0,4,0.7,False,0,3,3,1,1,0,0.0,False,2,1,0.3333333333333333,3,4,0,True,0,0,0.0,0,0,0,1.0,False,0,0,0,0
815,overflow_simple_add,0x9999999999999999999997154158304319229260,data/smartbugs_curated/dataset/arithmetic/overflow_simple_add.sol,,smartbugs_curated,False,False,False,False,False,False,False,False,False,False,False,False,False,False,False,False,False,False,False,False,False,False,True,False,False,0,0,3,2,0,1,0,1,0,13,1,1,1.0,0,6,0.46153846153846156,0,0,0,0,3,0,0,0,0,2,1,0.0,0.0,3.0,4.5,False,simple,0,,,3,1,0,1,0.3333333333333333,False,0,2,2,0,0,0,0.0,False,1,1,0.0,2,1,1,True,0,1,0.0,1,0,0,1.0,False,0,0,0,0
816,overflow_single_tx,0x0000000000000000000002184250712482325518,data/smartbugs_curated/dataset/arithmetic/overflow_single_tx.sol,,smartbugs_curated,False,False,False,False,False,False,False,False,False,False,False,False,False,False,False,False,False,False,False,False,False,False,True,False,False,0,0,2,7,0,1,0,1,0,41,1,1,1.0,0,19,0.4634146341463415,0,0,0,0,2,0,0,0,0,1,1,0.0,0.0,2.0,4.0,False,simple,0,,,13,6,0,1,0.46153846153846156,False,0,7,7,0,0,0,0.0,False,6,1,0.0,7,1,3,True,0,6,0.0,6,0,0,1.0,False,0,0,0,0
817,integer_overflow_1,0x9999999999999999999992021653280525872412,data/smartbugs_curated/dataset/arithmetic/integer_overflow_1.sol,,smartbugs_curated,False,False,False,False,False,False,False,False,False,False,False,False,False,False,False,False,False,False,False,False,False,False,True,False,False,0,0,2,2,0,1,0,1,0,19,1,1,1.0,0,12,0.631578947368421,0,0,0,0,2,0,0,0,0,1,1,0.0,0.0,2.0,4.0,False,simple,0,,,3,1,0,1,0.3333333333333333,False,0,2,2,0,0,0,0.0,False,1,1,0.0,2,1,1,True,0,1,0.0,1,0,0,1.0,False,0,0,0,0
818,token,0x9999999999999999999999035487659251967226,data/smartbugs_curated/dataset/arithmetic/token.sol,,smartbugs_curated,False,False,False,False,False,False,False,False,False,False,False,False,False,False,False,False,False,False,False,False,False,False,True,False,False,0,1,5,3,0,2,0,1,0,24,1,1,1.0,0,7,0.2916666666666667,0,0,0,0,6,0,0,1,0,3,1,0.0,0.0,10.0,20.0,False,simple,0,,,9,6,0,4,0.6666666666666666,False,2,3,3,1,1,0,0.0,False,3,0,0.3333333333333333,3,2,2,True,0,4,0.0,3,0,0,1.0,False,0,0,0,0
819,integer_overflow_minimal,0x9999999999999999999994855035725223164488,data/smartbugs_curated/dataset/arithmetic/integer_overflow_minimal.sol,,smartbugs_curated,False,False,False,False,False,False,False,False,False,False,False,False,False,False,False,False,False,False,False,False,False,False,True,False,False,0,0,2,2,0,1,0,1,0,15,1,1,1.0,0,8,0.5333333333333333,0,0,0,0,2,0,0,0,0,1,1,0.0,0.0,2.0,4.0,False,simple,0,,,3,1,0,1,0.3333333333333333,False,0,2,2,0,0,0,0.0,False,1,1,0.0,2,1,1,True,0,1,0.0,1,0,0,1.0,False,0,0,0,0
820,integer_overflow_mapping_sym_1,0x9999999999999999999994407971019649763090,data/smartbugs_curated/dataset/arithmetic/integer_overflow_mapping_sym_1.sol,,smartbugs_curated,False,False,False,False,False,False,False,False,False,False,False,False,False,False,False,False,False,False,False,False,False,False,True,False,False,0,0,2,1,0,1,0,1,0,14,1,1,1.0,0,7,0.5,0,0,0,0,2,0,0,0,0,1,1,0.0,0.0,2.0,4.0,False,simple,0,,,2,1,0,1,0.5,False,0,1,1,0,0,0,0.0,False,1,0,0.0,1,1,1,True,0,2,0.0,1,0,0,1.0,False,0,0,0,0
821,insecure_transfer,0x9999999999999999999991671088753686268079,data/smartbugs_curated/dataset/arithmetic/insecure_transfer.sol,,smartbugs_curated,False,False,False,False,False,False,False,False,False,False,False,False,False,False,False,False,False,False,False,False,False,False,True,False,False,0,1,4,1,0,1,0,1,0,17,1,1,1.0,0,8,0.47058823529411764,0,0,0,0,5,0,0,1,0,3,1,0.0,0.0,9.0,14.999999999999998,False,simple,0,,,4,3,0,3,0.75,False,0,1,1,1,1,0,0.0,False,1,0,1.0,1,1,1,True,0,2,0.0,1,0,0,1.0,False,0,0,0,0
822,integer_overflow_multitx_onefunc_feasible,0x9999999999999999999994769743622257181914,data/smartbugs_curated/dataset/arithmetic/integer_overflow_multitx_onefunc_feasible.sol,,smartbugs_curated,False,False,False,False,False,False,False,False,False,False,False,False,False,False,False,False,False,False,False,False,False,False,True,False,False,0,0,2,2,0,2,0,3,0,20,1,1,2.0,0,8,0.4,0,0,0,0,2,0,0,0,0,1,1,0.0,0.0,2.0,4.0,False,simple,0,,,8,6,0,3,0.75,False,1,4,2,0,0,0,0.0,False,1,1,0.0,2,2,1,True,0,1,0.0,1,0,0,1.0,False,0,0,0,0
823,integer_overflow_add,0x0000000000000000000005427186599258555390,data/smartbugs_curated/dataset/arithmetic/integer_overflow_add.sol,,smartbugs_curated,False,False,False,False,False,False,False,False,False,False,False,False,False,False,False,False,False,False,False,False,False,False,True,False,False,0,0,2,2,0,1,0,1,0,15,1,1,1.0,0,8,0.5333333333333333,0,0,0,0,2,0,0,0,0,1,1,0.0,0.0,2.0,4.0,False,simple,0,,,3,1,0,1,0.3333333333333333,False,0,2,2,0,0,0,0.0,False,1,1,0.0,2,1,1,True,0,1,0.0,1,0,0,1.0,False,0,0,0,0
824,tokensalechallenge,0x0000000000000000000004502781704746980522,data/smartbugs_curated/dataset/arithmetic/tokensalechallenge.sol,,smartbugs_curated,False,False,False,False,False,False,False,False,False,False,False,False,False,False,False,False,False,False,False,False,False,False,True,False,False,0,0,2,5,1,2,0,1,0,28,1,1,1.0,0,8,0.2857142857142857,2,0,0,0,2,0,0,0,0,1,1,0.0,0.0,2.0,4.0,False,simple,0,,,12,7,0,3,0.5833333333333334,False,1,5,5,4,1,1,0.2,False,4,1,0.8,3,2,2,True,1,3,2.0,3,0,0,1.0,False,0,0,0,0
825,integer_overflow_mul,0x9999999999999999999994414999119808277808,data/smartbugs_curated/dataset/arithmetic/integer_overflow_mul.sol,,smartbugs_curated,False,False,False,False,False,False,False,False,False,False,False,False,False,False,False,False,False,False,False,False,False,False,True,False,False,0,0,2,2,0,1,0,1,0,15,1,1,1.0,0,8,0.5333333333333333,0,0,0,0,2,0,0,0,0,1,1,0.0,0.0,2.0,4.0,False,simple,0,,,3,1,0,1,0.3333333333333333,False,0,2,2,0,0,0,0.0,False,1,1,0.0,2,1,1,True,0,1,0.0,1,0,0,1.0,False,0,0,0,0
826,0x941d225236464a25eb18076df7da6a91d0f95e9e,0x9999999999999999999991208205434299760043,data/smartbugs_curated/dataset/reentrancy/0x941d225236464a25eb18076df7da6a91d0f95e9e.sol,,smartbugs_curated,True,False,False,True,False,True,False,False,False,False,False,False,False,False,False,False,False,False,False,False,False,False,True,False,False,2,0,16,5,4,4,0,5,1,65,2,1,2.2,0,6,0.09230769230769231,3,0,0,0,17,3,0,2,0,8,3,0.0,0.0,36.0,85.95,True,simple,0,,,17,15,0,4,0.8823529411764706,False,0,11,5,0,0,4,1.0,False,4,1,0.0,5,4,2,True,4,2,0.5,2,0,0,1.0,False,0,0,0,0
827,0x23a91059fdc9579a9fbd0edc5f2ea0bfdb70deb4,0x9999999999999999999993077723566830995594,data/smartbugs_curated/dataset/reentrancy/0x23a91059fdc9579a9fbd0edc5f2ea0bfdb70deb4.sol,,smartbugs_curated,True,False,False,True,False,False,False,False,False,False,False,False,False,False,False,False,False,False,False,False,False,False,True,False,False,2,0,14,5,4,3,0,5,1,60,2,1,2.2,0,6,0.1,2,0,0,0,16,2,0,2,0,7,3,0.0,0.0,34.0,84.5142857142857,True,simple,0,,,16,14,0,4,0.875,False,0,11,5,0,0,4,1.0,False,4,1,0.0,5,3,2,True,4,2,0.5,2,0,0,1.0,False,0,0,0,0
828,etherstore,0x0000000000000000000000152815018256766269,data/smartbugs_curated/dataset/reentrancy/etherstore.sol,,smartbugs_curated,True,False,True,True,False,False,False,False,False,False,False,False,False,False,False,False,False,False,False,False,False,False,True,False,False,1,0,5,3,2,3,0,1,1,26,1,1,1.0,0,9,0.34615384615384615,1,0,0,0,5,2,0,1,0,6,4,0.0,0.0,15.0,15.999999999999998,True,simple,0,,,10,7,0,6,0.7,False,0,3,3,1,1,2,0.6666666666666666,False,2,1,0.3333333333333333,3,3,1,True,2,1,0.5,1,0,0,1.0,False,0,0,0,0
829,0xbe4041d55db380c5ae9d4a9b9703f1ed4e7e3888,0x0000000000000000000006582972261105949374,data/smartbugs_curated/dataset/reentrancy/0xbe4041d55db380c5ae9d4a9b9703f1ed4e7e3888.sol,,smartbugs_curated,True,False,True,True,False,False,False,False,False,False,False,False,False,False,False,False,False,False,False,False,False,False,True,False,False,2,0,26,6,4,4,0,5,1,86,2,1,2.6666666666666665,0,6,0.06976744186046512,3,0,0,0,25,4,0,2,0,8,4,0.0,0.0,46.0,159.85,True,simple,0,,,29,26,0,5,0.896551724137931,False,2,16,6,1,1,4,0.8,False,6,0,0.16666666666666666,5,4,4,True,4,4,1.0,4,0,0,1.0,False,0,0,0,0
830,0xb5e1b1ee15c6fa0e48fce100125569d430f1bd12,0x0000000000000000000004149372328728931811,data/smartbugs_curated/dataset/reentrancy/0xb5e1b1ee15c6fa0e48fce100125569d430f1bd12.sol,,smartbugs_curated,True,False,False,True,False,False,False,False,False,False,False,False,False,False,False,False,False,False,False,False,False,False,True,False,False,2,0,15,5,4,3,0,5,1,62,2,1,2.2,0,6,0.0967741935483871,3,0,0,0,17,2,0,2,0,7,3,0.0,0.0,35.0,92.0,True,simple,0,,,16,14,0,4,0.875,False,0,11,5,0,0,4,1.0,False,4,1,0.0,5,3,2,True,4,2,0.5,2,0,0,1.0,False,0,0,0,0
831,etherbank,0x9999999999999999999997591640490542942641,data/smartbugs_curated/dataset/reentrancy/etherbank.sol,,smartbugs_curated,True,False,False,True,False,False,False,False,False,False,False,False,False,False,False,False,False,False,False,False,False,False,True,False,False,1,0,4,3,2,1,0,3,1,21,1,1,1.6666666666666667,0,6,0.2857142857142857,0,0,0,0,4,1,0,1,0,4,3,0.0,0.0,14.0,16.45,True,simple,0,,,10,7,0,4,0.7,False,2,5,3,0,0,2,1.0,False,3,0,0.0,3,1,0,True,2,1,0.0,1,0,0,1.0,False,0,0,0,0
832,modifier_reentrancy,0x0000000000000000000008523483041213574862,data/smartbugs_curated/dataset/reentrancy/modifier_reentrancy.sol,,smartbugs_curated,True,False,False,False,False,False,False,False,False,False,False,False,False,False,False,False,False,False,False,False,True,False,True,False,False,0,1,4,2,0,2,2,1,0,43,3,1,1.0,0,9,0.20930232558139536,0,0,0,0,4,1,0,1,0,4,3,0.0,0.0,9.0,10.575,True,simple,0,,,5,3,0,3,0.6,False,0,2,2,2,1,0,0.0,False,1,1,1.0,3,2,0,True,0,0,0.0,0,0,0,1.0,False,0,0,0,0
833,reentrance,0x9999999999999999999994619516845399093168,data/smartbugs_curated/dataset/reentrancy/reentrance.sol,,smartbugs_curated,True,False,False,True,False,False,False,False,False,False,False,False,False,False,False,False,False,False,False,False,False,False,True,False,False,1,0,7,4,2,1,0,5,1,25,1,1,2.0,0,6,0.24,2,0,0,0,7,1,0,1,0,5,3,0.0,0.0,17.0,26.180000000000003,True,simple,0,,,12,10,0,4,0.8333333333333334,False,1,8,4,0,0,2,1.0,False,4,0,0.0,4,1,2,True,2,3,1.0,3,0,0,1.0,False,0,0,0,0
834,0x4e73b32ed6c35f570686b89848e5f39f20ecc106,0x9999999999999999999998204304567202916903,data/smartbugs_curated/dataset/reentrancy/0x4e73b32ed6c35f570686b89848e5f39f20ecc106.sol,,smartbugs_curated,True,False,False,True,False,False,False,False,False,False,False,False,False,False,False,False,False,False,False,False,False,False,True,False,False,2,0,20,6,4,4,0,5,1,78,2,1,1.6666666666666667,0,6,0.07692307692307693,3,0,0,0,21,2,0,2,0,6,3,0.0,0.0,40.0,149.33333333333334,True,simple,0,,,20,16,0,4,0.8,False,0,10,6,3,1,4,0.5714285714285714,False,6,0,0.5,4,4,3,True,4,3,0.75,3,0,0,1.0,False,0,0,0,0
835,0xb93430ce38ac4a6bb47fb1fc085ea669353fd89e,0x9999999999999999999991832602642444570278,data/smartbugs_curated/dataset/reentrancy/0xb93430ce38ac4a6bb47fb1fc085ea669353fd89e.sol,,smartbugs_curated,True,False,False,True,False,False,False,False,False,False,False,False,False,False,False,False,False,False,False,False,False,False,True,False,False,2,0,14,5,4,3,0,5,1,60,2,1,2.2,0,6,0.1,2,0,0,0,16,2,0,2,0,7,3,0.0,0.0,34.0,84.5142857142857,True,simple,0,,,16,14,0,4,0.875,False,0,11,5,0,0,4,1.0,False,4,1,0.0,5,3,2,True,4,2,0.5,2,0,0,1.0,False,0,0,0,0
836,0xbaf51e761510c1a11bf48dd87c0307ac8a8c8a4f,0x9999999999999999999993701086277854278250,data/smartbugs_curated/dataset/reentrancy/0xbaf51e761510c1a11bf48dd87c0307ac8a8c8a4f.sol,,smartbugs_curated,True,False,False,True,False,False,False,False,False,False,False,False,False,False,False,False,False,False,False,False,False,False,True,False,False,2,0,15,5,4,3,0,5,1,63,2,1,2.2,0,6,0.09523809523809523,3,0,0,0,17,2,0,2,0,7,3,0.0,0.0,35.0,92.0,True,simple,0,,,16,14,0,4,0.875,False,0,11,5,0,0,4,1.0,False,4,1,0.0,5,3,2,True,4,2,0.5,2,0,0,1.0,False,0,0,0,0
837,0xaae1f51cf3339f18b6d3f3bdc75a5facd744b0b8,0x0000000000000000000002937078504999787975,data/smartbugs_curated/dataset/reentrancy/0xaae1f51cf3339f18b6d3f3bdc75a5facd744b0b8.sol,,smartbugs_curated,True,False,False,True,False,False,False,False,False,False,False,False,False,False,False,False,False,False,False,False,False,False,True,False,False,2,0,22,6,4,4,0,5,1,78,2,1,2.3333333333333335,0,6,0.07692307692307693,3,0,0,0,23,2,0,2,0,7,3,0.0,0.0,42.0,146.4,True,simple,0,,,24,20,0,4,0.8333333333333334,False,2,14,6,1,1,4,0.8,False,6,0,0.16666666666666666,5,4,3,True,4,3,0.75,3,0,0,1.0,False,0,0,0,0
838,0x01f8c4e3fa3edeb29e514cba738d87ce8c091d3f,0x0000000000000000000005823984346453921425,data/smartbugs_curated/dataset/reentrancy/0x01f8c4e3fa3edeb29e514cba738d87ce8c091d3f.sol,,smartbugs_curated,True,False,False,True,False,False,False,False,False,False,False,False,False,False,False,False,False,False,False,False,False,False,True,False,False,2,0,20,7,4,4,0,5,1,78,2,1,2.142857142857143,0,6,0.07692307692307693,3,0,0,0,21,2,0,2,0,6,3,0.0,0.0,40.0,149.33333333333334,True,simple,0,,,26,23,0,4,0.8846153846153846,False,0,15,7,3,1,4,0.5714285714285714,False,6,1,0.42857142857142855,5,4,3,True,4,3,0.75,3,0,0,1.0,False,0,0,0,0
839,reentrancy_insecure,0x0000000000000000000002192981810414559216,data/smartbugs_curated/dataset/reentrancy/reentrancy_insecure.sol,,smartbugs_curated,True,False,False,True,False,False,False,False,False,False,False,False,False,False,False,False,False,False,False,False,False,False,True,False,False,1,0,4,1,2,1,0,1,1,17,1,1,1.0,0,7,0.4117647058823529,0,0,0,0,4,1,0,1,0,4,3,0.0,0.0,14.0,16.45,True,simple,0,,,6,5,0,5,0.8333333333333334,False,0,1,1,1,1,2,0.6666666666666666,False,1,0,1.0,1,1,0,True,2,0,0.0,0,0,0,1.0,False,0,0,0,0
840,simple_dao,0x0000000000000000000007961661318933535549,data/smartbugs_curated/dataset/reentrancy/simple_dao.sol,,smartbugs_curated,True,False,False,True,False,False,False,False,False,False,False,False,False,False,False,False,False,False,False,False,False,False,True,False,False,1,0,3,3,2,1,0,3,1,22,1,1,1.6666666666666667,0,6,0.2727272727272727,1,0,0,0,3,1,0,1,0,3,3,0.0,0.0,13.0,16.03333333333333,True,simple,0,,,9,7,0,3,0.7777777777777778,False,1,5,3,0,0,2,1.0,False,3,0,0.0,3,1,2,True,2,3,1.0,3,0,0,1.0,False,0,0,0,0
841,0x4320e6f8c05b27ab4707cd1f6d5ce6f3e4b3a5a1,0x9999999999999999999991462375919195674875,data/smartbugs_curated/dataset/reentrancy/0x4320e6f8c05b27ab4707cd1f6d5ce6f3e4b3a5a1.sol,,smartbugs_curated,True,False,False,True,False,False,False,False,False,False,False,False,False,False,False,False,False,False,False,False,False,False,True,False,False,2,0,20,7,4,4,0,5,1,78,2,1,2.142857142857143,0,6,0.07692307692307693,3,0,0,0,21,2,0,2,0,6,3,0.0,0.0,40.0,149.33333333333334,True,simple,0,,,26,23,0,4,0.8846153846153846,False,0,15,7,3,1,4,0.5714285714285714,False,6,1,0.42857142857142855,5,4,3,True,4,3,0.75,3,0,0,1.0,False,0,0,0,0
842,0x7541b76cb60f4c60af330c208b0623b7f54bf615,0x9999999999999999999993782373101390310600,data/smartbugs_curated/dataset/reentrancy/0x7541b76cb60f4c60af330c208b0623b7f54bf615.sol,,smartbugs_curated,True,False,True,True,False,False,False,False,False,False,False,False,False,False,False,False,False,False,False,False,False,False,True,False,False,2,0,19,5,4,3,0,5,1,71,2,1,2.2,0,6,0.08450704225352113,3,0,0,0,19,4,0,2,0,8,4,0.0,0.0,39.0,106.275,True,simple,0,,,21,19,0,6,0.9047619047619048,False,0,11,5,1,1,4,0.8,False,4,1,0.2,4,3,3,True,4,3,0.75,3,0,0,1.0,False,0,0,0,0
843,0x561eac93c92360949ab1f1403323e6db345cbf31,0x0000000000000000000000546955511341239792,data/smartbugs_curated/dataset/reentrancy/0x561eac93c92360949ab1f1403323e6db345cbf31.sol,,smartbugs_curated,True,False,False,True,False,False,False,False,False,False,False,False,False,False,False,False,False,False,False,False,False,False,True,False,False,2,0,22,6,4,4,0,5,1,78,2,1,2.3333333333333335,0,6,0.07692307692307693,3,0,0,0,23,2,0,2,0,7,3,0.0,0.0,42.0,146.4,True,simple,0,,,24,20,0,4,0.8333333333333334,False,2,14,6,1,1,4,0.8,False,6,0,0.16666666666666666,5,4,3,True,4,3,0.75,3,0,0,1.0,False,0,0,0,0
844,reentrancy_cross_function,0x0000000000000000000003484923160247267827,data/smartbugs_curated/dataset/reentrancy/reentrancy_cross_function.sol,,smartbugs_curated,True,False,False,True,False,False,False,False,False,False,False,False,False,False,False,False,False,False,False,False,False,False,True,False,False,1,1,4,2,2,1,0,3,1,23,1,1,2.0,0,7,0.30434782608695654,0,0,0,0,5,1,0,2,0,5,3,0.0,0.0,19.0,21.659999999999997,True,simple,0,,,11,10,0,5,0.9090909090909091,False,0,4,2,1,1,2,0.6666666666666666,False,2,0,0.5,2,1,1,True,2,2,0.5,1,0,0,1.0,False,0,0,0,0
845,spank_chain_payment,0x9999999999999999999997560886366177033725,data/smartbugs_curated/dataset/reentrancy/spank_chain_payment.sol,,smartbugs_curated,True,True,True,True,True,True,True,False,False,False,False,False,False,False,True,False,False,False,False,False,False,False,True,False,False,3,17,98,5,0,1,0,1,0,778,5,1,1.0,0,120,0.15424164524421594,0,0,0,0,93,35,0,20,3,18,6,0.0,0.0,213.0,1390.4166666666667,True,simple,0,,,0,0,0,0,0.0,False,0,0,5,0,0,0,0.0,False,5,0,0.0,5,1,0,False,0,10,0.0,5,0,0,1.0,False,0,0,0,0
846,0x7b368c4e805c3870b6c49a3f1f49f69af8662cf3,0x9999999999999999999993083451898515349497,data/smartbugs_curated/dataset/reentrancy/0x7b368c4e805c3870b6c49a3f1f49f69af8662cf3.sol,,smartbugs_curated,True,False,True,True,False,False,False,False,False,False,False,False,False,False,False,False,False,False,False,False,False,False,True,False,False,2,0,19,5,4,3,0,5,1,71,2,1,2.2,0,6,0.08450704225352113,3,0,0,0,19,4,0,2,0,8,4,0.0,0.0,39.0,106.275,True,simple,0,,,21,19,0,6,0.9047619047619048,False,0,11,5,1,1,4,0.8,False,4,1,0.2,4,3,3,True,4,3,0.75,3,0,0,1.0,False,0,0,0,0
847,0x7a8721a9d64c74da899424c1b52acbf58ddc9782,0x9999999999999999999993900207890121085855,data/smartbugs_curated/dataset/reentrancy/0x7a8721a9d64c74da899424c1b52acbf58ddc9782.sol,,smartbugs_curated,True,False,False,True,False,False,False,False,False,False,False,False,False,False,False,False,False,False,False,False,False,False,True,False,False,2,0,15,6,5,4,1,5,1,70,2,1,2.0,0,6,0.08571428571428572,2,0,0,0,17,2,0,2,0,7,3,0.0,0.0,35.0,92.0,True,simple,0,,,20,17,0,4,0.85,False,0,12,6,1,1,5,0.8333333333333334,False,5,1,0.16666666666666666,6,4,2,True,4,2,0.5,2,0,0,1.0,False,0,0,0,0
848,0xf015c35649c82f5467c9c74b7f28ee67665aad68,0x9999999999999999999998869013703872427525,data/smartbugs_curated/dataset/reentrancy/0xf015c35649c82f5467c9c74b7f28ee67665aad68.sol,,smartbugs_curated,True,False,True,True,False,False,False,False,False,False,False,False,False,False,False,False,False,False,False,False,False,False,True,False,False,2,0,19,5,4,3,0,5,1,71,2,1,2.2,0,6,0.08450704225352113,3,0,0,0,19,4,0,2,0,8,4,0.0,0.0,39.0,106.275,True,simple,0,,,21,19,0,6,0.9047619047619048,False,0,11,5,1,1,4,0.8,False,4,1,0.2,4,3,3,True,4,3,0.75,3,0,0,1.0,False,0,0,0,0
849,0x8c7777c45481dba411450c228cb692ac3d550344,0x0000000000000000000002004744423968114441,data/smartbugs_curated/dataset/reentrancy/0x8c7777c45481dba411450c228cb692ac3d550344.sol,,smartbugs_curated,True,False,False,True,False,False,False,False,False,False,False,False,False,False,False,False,False,False,False,False,False,False,True,False,False,2,0,15,5,4,3,0,5,1,63,2,1,2.2,0,6,0.09523809523809523,3,0,0,0,17,2,0,2,0,7,3,0.0,0.0,35.0,92.0,True,simple,0,,,16,14,0,4,0.875,False,0,11,5,0,0,4,1.0,False,4,1,0.0,5,3,2,True,4,2,0.5,2,0,0,1.0,False,0,0,0,0
850,0x627fa62ccbb1c1b04ffaecd72a53e37fc0e17839,0x9999999999999999999996120942546829109140,data/smartbugs_curated/dataset/reentrancy/0x627fa62ccbb1c1b04ffaecd72a53e37fc0e17839.sol,,smartbugs_curated,True,False,False,True,False,False,False,False,False,False,False,False,False,False,False,False,False,True,False,False,False,False,True,False,False,2,1,20,3,0,2,1,3,0,88,3,1,1.6666666666666667,0,7,0.07954545454545454,0,0,0,0,18,5,0,3,0,9,4,0.0,0.0,45.0,107.5,True,simple,0,,,8,6,0,2,0.75,False,0,5,3,1,1,0,0.0,False,2,1,0.3333333333333333,3,2,1,True,0,1,0.0,1,0,0,1.0,False,0,0,0,0
851,reentrancy_bonus,0x9999999999999999999996726112648366778217,data/smartbugs_curated/dataset/reentrancy/reentrancy_bonus.sol,,smartbugs_curated,True,True,False,True,False,False,False,False,False,False,False,False,False,False,False,False,False,False,False,False,True,False,True,False,False,2,0,6,2,2,3,0,1,1,25,1,1,1.0,0,7,0.28,0,0,0,0,5,3,0,2,0,7,5,0.0,0.0,26.0,26.37142857142857,True,simple,0,,,11,9,0,5,0.8181818181818182,False,0,2,2,3,1,2,0.4,False,2,0,1.5,1,3,2,True,2,2,1.0,2,0,0,1.0,False,0,0,0,0
852,0xcead721ef5b11f1a7b530171aab69b16c5e66b6e,0x0000000000000000000006151081191220742118,data/smartbugs_curated/dataset/reentrancy/0xcead721ef5b11f1a7b530171aab69b16c5e66b6e.sol,,smartbugs_curated,True,False,True,True,False,False,False,False,False,False,False,False,False,False,False,False,False,False,False,False,False,False,True,False,False,2,0,18,5,4,3,0,5,1,71,2,1,2.2,0,6,0.08450704225352113,3,0,0,0,18,4,0,2,0,8,4,0.0,0.0,38.0,98.8,True,simple,0,,,21,19,0,6,0.9047619047619048,False,0,11,5,1,1,4,0.8,False,4,1,0.2,4,3,3,True,4,3,0.75,3,0,0,1.0,False,0,0,0,0
853,reentrancy_simple,0x9999999999999999999999286004025953127959,data/smartbugs_curated/dataset/reentrancy/reentrancy_simple.sol,,smartbugs_curated,True,False,False,True,False,False,False,False,False,False,False,False,False,False,False,False,False,False,False,False,False,False,True,False,False,1,0,4,3,2,1,0,3,1,24,1,1,1.6666666666666667,0,8,0.3333333333333333,1,0,0,0,4,1,0,1,0,4,3,0.0,0.0,14.0,16.45,True,simple,0,,,9,6,0,3,0.6666666666666666,False,2,5,3,0,0,2,1.0,False,3,0,0.0,3,1,0,True,2,1,0.0,1,0,0,1.0,False,0,0,0,0
854,0x96edbe868531bd23a6c05e9d0c424ea64fb1b78b,0x0000000000000000000006630154516836120176,data/smartbugs_curated/dataset/reentrancy/0x96edbe868531bd23a6c05e9d0c424ea64fb1b78b.sol,,smartbugs_curated,True,False,True,True,False,False,False,False,False,False,False,False,False,False,False,False,False,False,False,False,False,False,True,False,False,2,0,26,6,4,4,0,5,1,86,2,1,2.6666666666666665,0,6,0.06976744186046512,3,0,0,0,25,4,0,2,0,8,4,0.0,0.0,46.0,159.85,True,simple,0,,,29,26,0,5,0.896551724137931,False,2,16,6,1,1,4,0.8,False,6,0,0.16666666666666666,5,4,4,True,4,4,1.0,4,0,0,1.0,False,0,0,0,0
855,0x93c32845fae42c83a70e5f06214c8433665c2ab5,0x9999999999999999999996858109852432707070,data/smartbugs_curated/dataset/reentrancy/0x93c32845fae42c83a70e5f06214c8433665c2ab5.sol,,smartbugs_curated,True,False,True,True,False,False,False,False,False,False,False,False,False,False,False,False,False,False,False,False,False,False,True,False,False,2,0,19,5,4,3,0,5,1,71,2,1,2.2,0,6,0.08450704225352113,3,0,0,0,19,4,0,2,0,8,4,0.0,0.0,39.0,106.275,True,simple,0,,,21,19,0,6,0.9047619047619048,False,0,11,5,1,1,4,0.8,False,4,1,0.2,4,3,3,True,4,3,0.75,3,0,0,1.0,False,0,0,0,0
856,reentrancy_dao,0x9999999999999999999992812567868146205863,data/smartbugs_curated/dataset/reentrancy/reentrancy_dao.sol,,smartbugs_curated,True,False,False,True,False,False,False,False,False,False,False,False,False,False,False,False,False,False,False,False,False,False,True,False,False,1,0,3,2,2,2,0,3,1,24,1,1,2.0,0,6,0.25,1,0,0,0,3,1,0,1,0,3,3,0.0,0.0,13.0,16.03333333333333,True,simple,0,,,11,10,0,6,0.9090909090909091,False,0,4,2,1,1,2,0.6666666666666666,False,2,0,0.5,2,2,0,True,2,0,0.0,0,0,0,1.0,False,0,0,0,0
857,0x610495793564aed0f9c7fc48dc4c7c9151d34fd6,0x9999999999999999999997640560739288067751,data/smartbugs_curated/dataset/unchecked_low_level_calls/0x610495793564aed0f9c7fc48dc4c7c9151d34fd6.sol,,smartbugs_curated,False,False,False,True,False,False,False,False,False,False,False,False,False,False,False,False,False,False,False,False,False,False,True,False,False,0,1,8,5,3,2,1,1,1,27,1,1,1.0,0,6,0.2222222222222222,1,0,0,0,8,2,0,1,0,6,2,0.0,0.0,13.0,20.366666666666667,False,simple,0,,,12,7,0,2,0.5833333333333334,False,0,5,5,5,1,3,0.375,False,4,1,1.0,4,2,2,True,3,4,0.6666666666666666,2,0,0,1.0,False,0,0,0,0
858,0xb0510d68f210b7db66e8c7c814f22680f2b8d1d6,0x0000000000000000000006687549870600157734,data/smartbugs_curated/dataset/unchecked_low_level_calls/0xb0510d68f210b7db66e8c7c814f22680f2b8d1d6.sol,,smartbugs_curated,False,False,False,True,False,False,False,False,False,False,False,False,False,False,False,False,False,True,False,False,True,False,True,False,False,0,5,18,7,16,6,0,1,4,108,3,1,1.0,0,22,0.2037037037037037,3,1,0,0,11,14,0,5,0,10,3,0.0,0.0,43.0,89.44,True,moderate,1,,,31,24,0,9,0.7741935483870968,False,2,7,7,6,2,16,0.7272727272727273,False,7,0,0.8571428571428571,4,6,1,True,13,2,0.07692307692307693,1,0,0,1.0,False,0,0,0,0
859,0xbebbfe5b549f5db6e6c78ca97cac19d1fb03082c,0x9999999999999999999995472576011744594677,data/smartbugs_curated/dataset/unchecked_low_level_calls/0xbebbfe5b549f5db6e6c78ca97cac19d1fb03082c.sol,,smartbugs_curated,False,False,False,True,False,False,False,False,False,False,False,False,False,False,False,False,False,True,False,False,False,False,True,False,False,1,1,12,3,2,1,1,1,1,35,2,1,1.0,0,6,0.17142857142857143,1,0,0,0,11,4,0,2,0,9,4,0.0,0.0,27.0,41.4,True,simple,0,,,6,3,0,2,0.5,False,0,3,3,1,1,2,0.6666666666666666,False,2,1,0.3333333333333333,3,1,2,False,2,3,1.0,2,0,0,1.0,False,0,0,0,0
860,0x7a4349a749e59a5736efb7826ee3496a2dfd5489,0x0000000000000000000001664402722470511236,data/smartbugs_curated/dataset/unchecked_low_level_calls/0x7a4349a749e59a5736efb7826ee3496a2dfd5489.sol,,smartbugs_curated,False,True,False,True,False,False,False,False,False,False,False,False,False,False,False,False,False,False,False,False,False,False,True,False,False,1,1,7,5,5,1,0,3,1,39,1,1,1.8,0,6,0.15384615384615385,4,0,0,0,7,3,0,2,0,7,3,0.0,0.0,22.0,28.6,True,simple,0,,,16,13,0,4,0.8125,False,0,9,5,4,1,5,0.5555555555555556,False,4,1,0.8,4,1,1,True,5,2,0.2,1,0,0,1.0,False,0,0,0,0
861,0x958a8f594101d2c0485a52319f29b2647f2ebc06,0x9999999999999999999999054408950297976626,data/smartbugs_curated/dataset/unchecked_low_level_calls/0x958a8f594101d2c0485a52319f29b2647f2ebc06.sol,,smartbugs_curated,False,True,True,True,True,False,False,False,False,False,False,False,False,False,False,False,False,False,False,False,False,False,True,False,False,1,1,16,4,2,2,1,3,1,124,2,1,1.5,0,31,0.25,0,0,0,0,15,7,0,2,1,10,5,0.0,0.0,31.0,61.69,True,simple,0,,,12,9,0,2,0.75,False,0,6,4,2,1,2,0.5,False,4,0,0.5,3,2,2,True,2,4,1.0,2,0,0,1.0,False,0,0,0,0
862,etherpot_lotto,0x9999999999999999999993684048302817337722,data/smartbugs_curated/dataset/unchecked_low_level_calls/etherpot_lotto.sol,,smartbugs_curated,False,False,True,True,True,False,False,False,False,False,False,False,False,False,False,False,False,False,False,False,False,False,True,False,False,1,2,7,15,2,4,0,8,0,115,1,1,2.4,0,23,0.2,0,0,0,0,3,7,0,3,2,6,4,0.0,0.0,27.0,35.55,True,moderate,1,,,81,70,1,14,0.8641975308641975,False,17,36,15,9,3,2,0.18181818181818182,False,14,1,0.6,11,4,1,True,2,16,0.5,10,0,0,1.0,False,0,0,0,0
863,0x0cbe050f75bc8f8c2d6c0d249fea125fd6e1acc9,0x9999999999999999999991504161772557605250,data/smartbugs_curated/dataset/unchecked_low_level_calls/0x0cbe050f75bc8f8c2d6c0d249fea125fd6e1acc9.sol,,smartbugs_curated,False,False,False,True,False,False,False,False,False,False,False,False,False,False,False,False,False,False,False,False,False,False,True,False,False,0,1,4,1,1,0,0,1,1,12,1,1,1.0,0,6,0.5,0,0,0,0,3,2,0,1,0,4,2,0.0,0.0,9.0,9.9,False,simple,0,,,2,1,0,1,0.5,False,0,1,1,0,0,1,1.0,False,1,0,0.0,1,0,1,False,1,1,1.0,1,0,0,1.0,False,0,0,0,0
864,lotto,0x9999999999999999999995858855600149218869,data/smartbugs_curated/dataset/unchecked_low_level_calls/lotto.sol,,smartbugs_curated,False,True,False,True,True,False,False,False,False,False,True,False,False,False,False,False,False,False,False,False,False,False,True,False,False,3,2,3,3,2,3,0,1,0,23,1,1,1.0,0,8,0.34782608695652173,0,0,0,0,6,4,0,5,1,6,5,0.0,0.0,43.0,63.06666666666666,True,simple,0,,,8,5,0,3,0.625,False,0,3,3,3,1,2,0.4,False,2,1,1.0,3,3,0,True,2,0,0.0,0,0,0,1.0,False,0,0,0,0
865,0x5aa88d2901c68fda244f1d0584400368d2c8e739,0x0000000000000000000000102409264148230737,data/smartbugs_curated/dataset/unchecked_low_level_calls/0x5aa88d2901c68fda244f1d0584400368d2c8e739.sol,,smartbugs_curated,False,False,False,True,False,False,False,False,False,False,False,False,False,False,False,False,False,False,False,False,False,False,True,False,False,0,1,7,5,4,1,0,3,1,35,1,1,1.4,0,6,0.17142857142857143,4,0,0,0,6,3,0,1,0,6,2,0.0,0.0,12.0,16.2,False,simple,0,,,12,8,0,2,0.6666666666666666,False,0,7,5,4,1,4,0.5,False,4,1,0.8,4,1,2,True,4,3,0.5,2,0,0,1.0,False,0,0,0,0
866,0xe82f0742a71a02b9e9ffc142fdcb6eb1ed06fb87,0x9999999999999999999990848225522342710072,data/smartbugs_curated/dataset/unchecked_low_level_calls/0xe82f0742a71a02b9e9ffc142fdcb6eb1ed06fb87.sol,,smartbugs_curated,False,True,False,True,False,False,False,False,False,False,False,False,False,False,False,False,False,False,False,False,False,False,True,False,False,1,1,7,5,5,1,0,3,1,35,1,1,1.8,0,6,0.17142857142857143,4,0,0,0,7,3,0,2,0,7,3,0.0,0.0,22.0,28.6,True,simple,0,,,16,13,0,4,0.8125,False,0,9,5,4,1,5,0.5555555555555556,False,4,1,0.8,4,1,1,True,5,2,0.2,1,0,0,1.0,False,0,0,0,0
867,0xa46edd6a9a93feec36576ee5048146870ea2c3ae,0x0000000000000000000000027726987991740412,data/smartbugs_curated/dataset/unchecked_low_level_calls/0xa46edd6a9a93feec36576ee5048146870ea2c3ae.sol,,smartbugs_curated,False,False,False,True,False,False,False,False,False,False,False,False,False,False,False,False,False,False,False,False,False,False,True,False,False,0,1,7,1,1,0,0,4,1,17,1,1,4.0,0,6,0.35294117647058826,0,0,0,0,5,4,0,1,0,7,2,0.0,0.0,12.0,13.37142857142857,False,simple,0,,,10,10,1,7,1.0,False,1,4,1,2,1,1,0.3333333333333333,False,1,0,2.0,2,0,1,False,1,4,1.0,1,0,0,1.0,False,0,0,0,0
868,0x78c2a1e91b52bca4130b6ed9edd9fbcfd4671c37,0x9999999999999999999995379176202403123151,data/smartbugs_curated/dataset/unchecked_low_level_calls/0x78c2a1e91b52bca4130b6ed9edd9fbcfd4671c37.sol,,smartbugs_curated,False,True,False,True,False,False,False,False,False,False,False,False,False,False,False,False,False,False,False,False,False,False,True,False,False,1,1,6,6,5,2,0,3,1,40,1,1,1.6666666666666667,0,6,0.15,4,0,0,0,6,3,0,2,0,7,3,0.0,0.0,21.0,24.3,True,simple,0,,,17,13,0,4,0.7647058823529411,False,0,10,6,4,1,5,0.5555555555555556,False,4,2,0.6666666666666666,5,2,1,True,5,2,0.2,1,0,0,1.0,False,0,0,0,0
869,0x52d2e0f9b01101a59b38a3d05c80b7618aeed984,0x0000000000000000000002933068258883702979,data/smartbugs_curated/dataset/unchecked_low_level_calls/0x52d2e0f9b01101a59b38a3d05c80b7618aeed984.sol,,smartbugs_curated,False,True,False,True,False,False,False,True,False,False,False,False,False,False,False,False,False,False,False,False,False,False,True,False,False,3,1,5,2,0,0,0,1,0,29,2,1,1.0,0,6,0.20689655172413793,0,0,0,0,3,6,0,4,0,7,3,0.0,0.0,40.0,41.142857142857146,True,simple,0,,,0,0,0,0,0.0,False,0,0,2,0,0,0,0.0,False,2,0,0.0,2,0,0,False,0,3,0.0,2,0,0,1.0,False,0,0,0,0
870,0x806a6bd219f162442d992bdc4ee6eba1f2c5a707,0x9999999999999999999994953716758373861523,data/smartbugs_curated/dataset/unchecked_low_level_calls/0x806a6bd219f162442d992bdc4ee6eba1f2c5a707.sol,,smartbugs_curated,False,True,False,True,False,False,False,False,False,False,False,False,False,False,False,False,False,False,False,False,False,False,True,False,False,1,1,7,5,5,1,0,3,1,39,1,1,1.8,0,6,0.15384615384615385,4,0,0,0,7,3,0,2,0,7,3,0.0,0.0,22.0,28.6,True,simple,0,,,16,13,0,4,0.8125,False,0,9,5,4,1,5,0.5555555555555556,False,4,1,0.8,4,1,1,True,5,2,0.2,1,0,0,1.0,False,0,0,0,0
871,0x524960d55174d912768678d8c606b4d50b79d7b1,0x0000000000000000000003704942223379613877,data/smartbugs_curated/dataset/unchecked_low_level_calls/0x524960d55174d912768678d8c606b4d50b79d7b1.sol,,smartbugs_curated,False,False,False,True,False,False,False,False,False,False,False,False,False,False,False,False,False,False,False,False,False,False,True,False,False,0,1,3,1,2,0,0,3,1,21,1,1,3.0,0,6,0.2857142857142857,0,0,0,0,3,1,0,1,0,3,2,0.0,0.0,8.0,9.866666666666665,False,simple,0,,,13,12,0,11,0.9230769230769231,False,2,3,1,1,1,2,0.6666666666666666,False,1,0,1.0,1,0,0,False,2,0,0.0,0,0,0,1.0,False,0,0,0,0
872,0x89c1b3807d4c67df034fffb62f3509561218d30b,0x9999999999999999999992672052030618763424,data/smartbugs_curated/dataset/unchecked_low_level_calls/0x89c1b3807d4c67df034fffb62f3509561218d30b.sol,,smartbugs_curated,False,False,False,False,False,False,False,False,False,False,False,False,False,False,False,False,False,False,False,False,False,False,False,False,False,0,0,0,0,0,0,0,0,0,0,1,0,0.0,0,0,0.0,0,0,0,0,0,0,0,0,0,0,0,0.0,0.0,0.0,0.0,False,simple,0,COMPILATION_ERROR,Compilation error: ,0,0,0,0,0.0,False,0,0,0,0,0,0,0.0,False,0,0,0.0,0,0,0,False,0,0,0.0,0,0,0,1.0,False,0,0,0,0
873,0x8fd1e427396ddb511533cf9abdbebd0a7e08da35,0x0000000000000000000007296238203994857697,data/smartbugs_curated/dataset/unchecked_low_level_calls/0x8fd1e427396ddb511533cf9abdbebd0a7e08da35.sol,,smartbugs_curated,False,False,False,True,False,False,False,False,False,False,False,False,False,False,False,True,False,True,False,False,False,False,True,False,False,1,2,20,3,0,2,1,3,0,91,3,1,1.6666666666666667,0,8,0.08791208791208792,0,0,0,0,19,4,0,3,0,9,4,0.0,0.0,40.0,96.88888888888889,True,simple,0,,,8,6,0,2,0.75,False,0,5,3,1,1,0,0.0,False,2,1,0.3333333333333333,3,2,1,True,0,1,0.0,1,0,0,1.0,False,0,0,0,0
874,0xf70d589d76eebdd7c12cc5eec99f8f6fa4233b9e,0x0000000000000000000001283367753480627684,data/smartbugs_curated/dataset/unchecked_low_level_calls/0xf70d589d76eebdd7c12cc5eec99f8f6fa4233b9e.sol,,smartbugs_curated,False,True,False,True,False,False,False,False,False,False,False,False,False,False,False,False,False,False,False,False,False,False,True,False,False,1,1,7,5,5,1,0,3,1,39,1,1,1.8,0,6,0.15384615384615385,4,0,0,0,7,3,0,2,0,7,3,0.0,0.0,22.0,28.6,True,simple,0,,,16,13,0,4,0.8125,False,0,9,5,4,1,5,0.5555555555555556,False,4,1,0.8,4,1,1,True,5,2,0.2,1,0,0,1.0,False,0,0,0,0
875,0x9d06cbafa865037a01d322d3f4222fa3e04e5488,0x9999999999999999999991579106494936978589,data/smartbugs_curated/dataset/unchecked_low_level_calls/0x9d06cbafa865037a01d322d3f4222fa3e04e5488.sol,,smartbugs_curated,False,False,False,True,False,False,False,False,False,False,False,False,False,False,False,False,False,True,False,False,False,False,True,False,False,0,2,15,6,3,5,1,3,1,71,1,1,1.6666666666666667,0,27,0.38028169014084506,2,0,0,0,16,4,0,2,0,8,3,0.0,0.0,25.0,58.75,True,simple,0,,,35,30,0,9,0.8571428571428571,False,5,10,6,7,2,3,0.3,False,5,1,1.1666666666666667,5,5,3,True,3,3,1.0,3,0,0,1.0,False,0,0,0,0
876,0xb7c5c5aa4d42967efe906e1b66cb8df9cebf04f7,0x9999999999999999999998389937674543223068,data/smartbugs_curated/dataset/unchecked_low_level_calls/0xb7c5c5aa4d42967efe906e1b66cb8df9cebf04f7.sol,,smartbugs_curated,True,False,False,True,False,False,False,False,False,False,False,False,False,False,False,False,False,False,False,False,False,False,True,False,False,1,1,4,2,2,1,0,1,1,22,1,1,1.0,0,12,0.5454545454545454,1,0,0,0,4,2,0,2,0,5,3,0.0,0.0,19.0,20.52,True,simple,0,,,5,3,0,2,0.6,False,0,2,2,0,0,2,1.0,False,2,0,0.0,2,1,0,True,2,0,0.0,0,0,0,1.0,False,0,0,0,0
877,0x19cf8481ea15427a98ba3cdd6d9e14690011ab10,0x0000000000000000000008323807274935749202,data/smartbugs_curated/dataset/unchecked_low_level_calls/0x19cf8481ea15427a98ba3cdd6d9e14690011ab10.sol,,smartbugs_curated,True,True,False,True,False,False,True,True,False,False,False,False,False,False,False,False,False,False,True,False,True,False,True,False,False,2,3,87,1,0,0,0,1,0,402,6,1,1.0,0,82,0.20398009950248755,0,0,0,0,84,15,0,5,0,17,5,0.0,0.0,122.0,678.1764705882354,True,simple,0,,,0,0,0,0,0.0,False,0,0,1,0,0,0,0.0,False,1,0,0.0,1,0,0,False,0,2,0.0,1,0,0,1.0,False,0,0,0,0
878,0x07f7ecb66d788ab01dc93b9b71a88401de7d0f2e,0x9999999999999999999991579842483758992299,data/smartbugs_curated/dataset/unchecked_low_level_calls/0x07f7ecb66d788ab01dc93b9b71a88401de7d0f2e.sol,,smartbugs_curated,False,True,True,True,True,True,True,False,False,False,False,False,False,False,False,False,False,False,False,False,True,False,True,False,False,3,2,14,17,7,9,4,5,2,255,2,1,1.2941176470588236,0,66,0.25882352941176473,3,0,0,0,9,11,0,5,1,12,6,0.0,0.0,54.0,75.14999999999999,True,moderate,1,,,72,57,0,11,0.7916666666666666,False,7,22,17,24,2,7,0.22580645161290322,False,14,3,1.411764705882353,14,9,7,True,7,11,1.0,8,0,0,1.0,False,0,0,0,0
879,0xa1fceeff3acc57d257b917e30c4df661401d6431,0x0000000000000000000006340462912793540821,data/smartbugs_curated/dataset/unchecked_low_level_calls/0xa1fceeff3acc57d257b917e30c4df661401d6431.sol,,smartbugs_curated,False,False,False,True,False,False,False,False,False,False,False,False,False,False,False,False,False,False,False,False,False,False,True,False,False,0,1,5,2,1,0,1,4,1,29,1,1,2.5,0,6,0.20689655172413793,0,0,0,0,5,2,0,1,0,6,2,0.0,0.0,10.0,10.666666666666666,False,simple,0,,,14,13,1,10,0.9285714285714286,False,1,5,2,3,1,1,0.25,False,2,0,1.5,4,0,1,False,1,3,1.0,1,0,0,1.0,False,0,0,0,0
880,mishandled,0x9999999999999999999999749016595018278379,data/smartbugs_curated/dataset/unchecked_low_level_calls/mishandled.sol,,smartbugs_curated,False,False,False,True,False,False,False,False,False,False,False,False,False,False,False,False,False,False,False,False,False,False,True,False,False,0,1,2,1,1,1,0,1,0,15,1,1,1.0,0,6,0.4,0,0,0,0,2,1,0,1,0,2,2,0.0,0.0,7.0,9.45,False,simple,0,,,4,3,0,3,0.75,False,0,1,1,0,0,1,1.0,False,1,0,0.0,1,1,0,True,1,0,0.0,0,0,0,1.0,False,0,0,0,0
881,0xd2018bfaa266a9ec0a1a84b061640faa009def76,0x0000000000000000000008766959766833811727,data/smartbugs_curated/dataset/unchecked_low_level_calls/0xd2018bfaa266a9ec0a1a84b061640faa009def76.sol,,smartbugs_curated,False,True,False,True,False,False,False,False,False,False,False,False,False,False,False,False,False,False,False,False,False,False,True,False,False,1,1,7,5,5,1,0,3,1,39,1,1,1.8,0,6,0.15384615384615385,4,0,0,0,7,3,0,2,0,7,3,0.0,0.0,22.0,28.6,True,simple,0,,,16,13,0,4,0.8125,False,0,9,5,4,1,5,0.5555555555555556,False,4,1,0.8,4,1,1,True,5,2,0.2,1,0,0,1.0,False,0,0,0,0
882,0x3a0e9acd953ffc0dd18d63603488846a6b8b2b01,0x9999999999999999999994873774697555637783,data/smartbugs_curated/dataset/unchecked_low_level_calls/0x3a0e9acd953ffc0dd18d63603488846a6b8b2b01.sol,,smartbugs_curated,False,False,False,True,False,False,False,False,False,False,False,False,False,False,False,True,False,True,False,False,False,False,True,False,False,1,2,20,3,0,2,1,3,0,91,3,1,1.6666666666666667,0,8,0.08791208791208792,0,0,0,0,19,4,0,3,0,9,4,0.0,0.0,40.0,96.88888888888889,True,simple,0,,,8,6,0,2,0.75,False,0,5,3,1,1,0,0.0,False,2,1,0.3333333333333333,3,2,1,True,0,1,0.0,1,0,0,1.0,False,0,0,0,0
883,0xf29ebe930a539a60279ace72c707cba851a57707,0x9999999999999999999994906099004334103177,data/smartbugs_curated/dataset/unchecked_low_level_calls/0xf29ebe930a539a60279ace72c707cba851a57707.sol,,smartbugs_curated,False,False,False,True,False,False,False,False,False,False,False,False,False,False,False,False,False,False,False,False,False,False,True,False,False,0,1,3,3,3,1,0,1,1,17,1,1,1.0,0,6,0.35294117647058826,2,0,0,0,3,1,0,1,0,3,2,0.0,0.0,8.0,9.866666666666665,False,simple,0,,,6,3,0,3,0.5,False,0,3,3,1,1,3,0.75,False,2,1,0.3333333333333333,3,1,0,True,3,0,0.0,0,0,0,1.0,False,0,0,0,0
884,0x2972d548497286d18e92b5fa1f8f9139e5653fd2,0x0000000000000000000008143193116787415244,data/smartbugs_curated/dataset/unchecked_low_level_calls/0x2972d548497286d18e92b5fa1f8f9139e5653fd2.sol,,smartbugs_curated,False,False,False,True,False,False,False,False,False,False,False,False,False,False,False,False,False,False,False,False,False,False,True,False,False,0,1,8,1,1,0,0,4,1,17,1,1,4.0,0,6,0.35294117647058826,0,0,0,0,6,4,0,1,0,7,2,0.0,0.0,13.0,16.34285714285714,False,simple,0,,,10,10,1,7,1.0,False,1,4,1,2,1,1,0.3333333333333333,False,1,0,2.0,2,0,1,False,1,4,1.0,1,0,0,1.0,False,0,0,0,0
885,0x7d09edb07d23acb532a82be3da5c17d9d85806b4,0x9999999999999999999991092664637981489246,data/smartbugs_curated/dataset/unchecked_low_level_calls/0x7d09edb07d23acb532a82be3da5c17d9d85806b4.sol,,smartbugs_curated,False,True,True,True,True,True,True,False,False,False,False,False,False,False,False,False,False,False,False,False,True,False,True,False,False,3,2,14,17,7,9,4,5,2,253,2,1,1.2941176470588236,0,65,0.25691699604743085,3,0,0,0,9,11,0,5,1,12,6,0.0,0.0,54.0,75.14999999999999,True,moderate,1,,,71,56,0,11,0.7887323943661971,False,7,22,17,24,2,7,0.22580645161290322,False,14,3,1.411764705882353,14,9,7,True,7,11,1.0,8,0,0,1.0,False,0,0,0,0
886,0x70f9eddb3931491aab1aeafbc1e7f1ca2a012db4,0x9999999999999999999994206026264937389743,data/smartbugs_curated/dataset/unchecked_low_level_calls/0x70f9eddb3931491aab1aeafbc1e7f1ca2a012db4.sol,,smartbugs_curated,False,True,False,True,False,False,False,False,False,False,False,False,False,False,False,False,False,False,False,False,False,False,True,False,False,1,1,7,5,5,1,0,3,1,25,1,1,1.8,0,6,0.24,4,0,0,0,7,3,0,2,0,7,3,0.0,0.0,22.0,28.6,True,simple,0,,,16,13,0,4,0.8125,False,0,9,5,4,1,5,0.5555555555555556,False,4,1,0.8,4,1,1,True,5,2,0.2,1,0,0,1.0,False,0,0,0,0
887,king_of_the_ether_throne,0x0000000000000000000004964392848393232049,data/smartbugs_curated/dataset/unchecked_low_level_calls/king_of_the_ether_throne.sol,,smartbugs_curated,False,False,True,True,True,False,False,False,False,False,False,False,False,False,False,False,False,False,False,False,False,False,True,False,False,1,10,13,7,5,9,1,21,0,150,1,1,3.857142857142857,1,60,0.4,0,0,0,0,8,16,0,11,1,11,5,0.0,0.0,73.0,127.41818181818181,True,moderate,1,,,61,63,0,21,1.0327868852459017,False,2,27,7,3,1,5,0.625,False,6,1,0.42857142857142855,5,9,3,True,4,3,0.75,3,0,0,1.0,False,0,0,0,0
888,0xb37f18af15bafb869a065b61fc83cfc44ed9cc27,0x0000000000000000000000458957717637842469,data/smartbugs_curated/dataset/unchecked_low_level_calls/0xb37f18af15bafb869a065b61fc83cfc44ed9cc27.sol,,smartbugs_curated,False,False,False,True,False,False,False,False,False,False,False,False,False,False,False,False,False,False,False,False,False,False,True,False,False,0,1,7,5,3,2,1,1,1,27,1,1,1.0,0,6,0.2222222222222222,1,0,0,0,6,2,0,1,0,5,2,0.0,0.0,12.0,17.759999999999998,False,simple,0,,,12,7,0,2,0.5833333333333334,False,0,5,5,5,1,3,0.375,False,4,1,1.0,4,2,2,True,3,3,0.6666666666666666,2,0,0,1.0,False,0,0,0,0
889,0xdb1c55f6926e7d847ddf8678905ad871a68199d2,0x9999999999999999999998053186151076918555,data/smartbugs_curated/dataset/unchecked_low_level_calls/0xdb1c55f6926e7d847ddf8678905ad871a68199d2.sol,,smartbugs_curated,False,True,False,True,False,False,False,False,False,False,False,False,False,False,False,False,False,False,False,False,False,False,True,False,False,1,1,7,5,5,1,0,3,1,35,1,1,1.8,0,6,0.17142857142857143,4,0,0,0,7,3,0,2,0,7,3,0.0,0.0,22.0,28.6,True,simple,0,,,16,13,0,4,0.8125,False,0,9,5,4,1,5,0.5555555555555556,False,4,1,0.8,4,1,1,True,5,2,0.2,1,0,0,1.0,False,0,0,0,0
890,0x39cfd754c85023648bf003bea2dd498c5612abfa,0x9999999999999999999993247874740625621832,data/smartbugs_curated/dataset/unchecked_low_level_calls/0x39cfd754c85023648bf003bea2dd498c5612abfa.sol,,smartbugs_curated,False,False,False,True,False,False,False,False,False,False,False,False,False,False,False,True,False,True,False,False,False,False,True,False,False,1,2,19,3,0,2,1,3,0,90,3,1,1.6666666666666667,0,8,0.08888888888888889,0,0,0,0,18,4,0,3,0,9,4,0.0,0.0,39.0,90.13333333333334,True,simple,0,,,8,6,0,2,0.75,False,0,5,3,1,1,0,0.0,False,2,1,0.3333333333333333,3,2,1,True,0,1,0.0,1,0,0,1.0,False,0,0,0,0
891,0xe894d54dca59cb53fe9cbc5155093605c7068220,0x0000000000000000000008754125346302528403,data/smartbugs_curated/dataset/unchecked_low_level_calls/0xe894d54dca59cb53fe9cbc5155093605c7068220.sol,,smartbugs_curated,False,False,False,True,False,False,False,False,False,False,False,False,False,False,False,False,False,False,False,False,False,False,True,False,False,0,1,9,1,1,0,0,4,1,18,1,1,4.0,0,6,0.3333333333333333,0,0,0,0,7,4,0,1,0,7,2,0.0,0.0,14.0,19.6,False,simple,0,,,11,11,1,8,1.0,False,1,4,1,2,1,1,0.3333333333333333,False,1,0,2.0,2,0,1,False,1,5,1.0,1,0,0,1.0,False,0,0,0,0
892,0xec329ffc97d75fe03428ae155fc7793431487f63,0x0000000000000000000002995609541566168763,data/smartbugs_curated/dataset/unchecked_low_level_calls/0xec329ffc97d75fe03428ae155fc7793431487f63.sol,,smartbugs_curated,True,False,False,True,False,False,False,False,False,False,False,False,False,False,True,False,False,False,False,False,False,False,True,False,False,1,3,17,3,2,1,1,1,1,104,3,1,1.0,0,31,0.2980769230769231,0,0,0,0,14,9,0,4,0,15,5,0.0,0.0,42.0,56.84,True,simple,0,,,8,5,0,2,0.625,False,0,3,3,2,1,2,0.5,False,3,0,0.6666666666666666,2,1,2,False,2,4,1.0,2,0,0,1.0,False,0,0,0,0
893,0x3f2ef511aa6e75231e4deafc7a3d2ecab3741de2,0x9999999999999999999998338577150877640667,data/smartbugs_curated/dataset/unchecked_low_level_calls/0x3f2ef511aa6e75231e4deafc7a3d2ecab3741de2.sol,,smartbugs_curated,False,True,False,True,False,False,False,False,False,False,False,False,False,False,False,False,False,False,False,False,False,False,True,False,False,1,1,6,6,5,2,0,3,1,40,1,1,1.6666666666666667,0,6,0.15,4,0,0,0,6,3,0,2,0,7,3,0.0,0.0,21.0,24.3,True,simple,0,,,17,13,0,4,0.7647058823529411,False,0,10,6,4,1,5,0.5555555555555556,False,4,2,0.6666666666666666,5,2,1,True,5,2,0.2,1,0,0,1.0,False,0,0,0,0
894,0x627fa62ccbb1c1b04ffaecd72a53e37fc0e17839,0x9999999999999999999994148518581928847467,data/smartbugs_curated/dataset/unchecked_low_level_calls/0x627fa62ccbb1c1b04ffaecd72a53e37fc0e17839.sol,,smartbugs_curated,True,False,False,True,False,False,False,False,False,False,False,False,False,False,False,False,False,True,False,False,False,False,True,False,False,2,1,20,3,0,2,1,3,0,88,3,1,1.6666666666666667,0,7,0.07954545454545454,0,0,0,0,18,5,0,3,0,9,4,0.0,0.0,45.0,107.5,True,simple,0,,,8,6,0,2,0.75,False,0,5,3,1,1,0,0.0,False,2,1,0.3333333333333333,3,2,1,True,0,1,0.0,1,0,0,1.0,False,0,0,0,0
895,0xb11b2fed6c9354f7aa2f658d3b4d7b31d8a13b77,0x9999999999999999999998947896096387931033,data/smartbugs_curated/dataset/unchecked_low_level_calls/0xb11b2fed6c9354f7aa2f658d3b4d7b31d8a13b77.sol,,smartbugs_curated,False,False,False,True,False,False,False,False,False,False,False,False,False,False,False,False,False,True,False,False,False,False,True,False,False,1,1,12,3,2,1,1,1,1,35,2,1,1.0,0,6,0.17142857142857143,1,0,0,0,11,4,0,2,0,9,4,0.0,0.0,27.0,41.4,True,simple,0,,,6,3,0,2,0.5,False,0,3,3,1,1,2,0.6666666666666666,False,2,1,0.3333333333333333,3,1,2,False,2,3,1.0,2,0,0,1.0,False,0,0,0,0
896,0x4a66ad0bca2d700f11e1f2fc2c106f7d3264504c,0x0000000000000000000008927763768681205840,data/smartbugs_curated/dataset/unchecked_low_level_calls/0x4a66ad0bca2d700f11e1f2fc2c106f7d3264504c.sol,,smartbugs_curated,False,False,False,True,False,False,False,False,False,False,False,False,False,False,False,False,False,False,False,False,False,False,True,False,False,0,1,6,2,1,2,0,4,1,20,1,1,2.5,0,6,0.3,0,0,0,0,7,3,0,1,0,8,2,0.0,0.0,11.0,12.5125,False,simple,0,,,13,12,1,8,0.9230769230769231,False,1,5,2,2,1,1,0.3333333333333333,False,1,1,1.0,3,2,1,True,1,2,1.0,1,0,0,1.0,False,0,0,0,0
897,0xe09b1ab8111c2729a76f16de96bc86a7af837928,0x9999999999999999999996525601219682437540,data/smartbugs_curated/dataset/unchecked_low_level_calls/0xe09b1ab8111c2729a76f16de96bc86a7af837928.sol,,smartbugs_curated,True,True,True,True,True,True,True,False,False,False,False,False,False,False,False,False,False,False,False,False,False,False,True,False,False,4,1,21,23,9,18,3,11,1,317,2,1,2.0869565217391304,1,54,0.17034700315457413,3,0,0,0,4,22,0,5,7,13,5,0.0,0.0,66.0,98.4923076923077,True,critical,3,,,165,152,1,24,0.9212121212121213,False,7,48,23,38,2,9,0.19148936170212766,False,17,6,1.6521739130434783,21,18,13,True,6,36,2.1666666666666665,17,0,0,1.0,False,0,0,0,0
898,0x3e013fc32a54c4c5b6991ba539dcd0ec4355c859,0x9999999999999999999994539467423369519849,data/smartbugs_curated/dataset/unchecked_low_level_calls/0x3e013fc32a54c4c5b6991ba539dcd0ec4355c859.sol,,smartbugs_curated,False,False,False,True,False,False,False,False,False,False,False,False,False,False,False,False,False,False,False,False,False,False,True,False,False,0,1,7,5,4,1,0,3,1,35,1,1,1.4,0,6,0.17142857142857143,4,0,0,0,6,3,0,1,0,6,2,0.0,0.0,12.0,16.2,False,simple,0,,,12,8,0,2,0.6666666666666666,False,0,7,5,4,1,4,0.5,False,4,1,0.8,4,1,2,True,4,3,0.5,2,0,0,1.0,False,0,0,0,0
899,0xb620cee6b52f96f3c6b253e6eea556aa2d214a99,0x9999999999999999999993950501102318016247,data/smartbugs_curated/dataset/unchecked_low_level_calls/0xb620cee6b52f96f3c6b253e6eea556aa2d214a99.sol,,smartbugs_curated,False,False,True,True,False,False,False,False,False,False,False,False,False,False,False,False,False,True,False,False,False,False,True,False,False,3,4,13,18,9,9,3,3,3,112,1,1,1.3888888888888888,0,16,0.14285714285714285,13,0,0,0,15,7,0,7,0,10,4,0.0,0.0,63.0,125.37,True,moderate,1,,,66,49,0,5,0.7424242424242424,False,7,25,18,20,2,9,0.3103448275862069,False,16,2,1.1111111111111112,12,9,4,True,9,5,0.4444444444444444,4,0,0,1.0,False,0,0,0,0
900,0x663e4229142a27f00bafb5d087e1e730648314c3,0x0000000000000000000005725028055228123015,data/smartbugs_curated/dataset/unchecked_low_level_calls/0x663e4229142a27f00bafb5d087e1e730648314c3.sol,,smartbugs_curated,True,True,True,True,True,True,True,True,False,False,False,False,False,False,True,False,False,False,False,False,False,True,True,False,False,7,12,172,6,0,0,0,1,0,2073,18,1,1.0,0,819,0.3950795947901592,0,0,0,0,129,71,0,19,3,24,7,0.0,0.0,302.0,2248.641666666667,True,moderate,1,,,0,0,0,0,0.0,False,0,0,6,0,0,0,0.0,False,6,0,0.0,6,0,0,False,0,10,0.0,5,0,0,1.0,False,0,0,0,0
901,0xd5967fed03e85d1cce44cab284695b41bc675b5c,0x0000000000000000000001492193881686338893,data/smartbugs_curated/dataset/unchecked_low_level_calls/0xd5967fed03e85d1cce44cab284695b41bc675b5c.sol,,smartbugs_curated,False,False,False,True,False,False,False,False,False,False,False,False,False,False,False,False,False,False,False,False,False,False,True,False,False,0,1,8,1,1,0,0,4,1,17,1,1,4.0,0,6,0.35294117647058826,0,0,0,0,6,4,0,1,0,7,2,0.0,0.0,13.0,16.34285714285714,False,simple,0,,,10,10,1,7,1.0,False,1,4,1,2,1,1,0.3333333333333333,False,1,0,2.0,2,0,1,False,1,4,1.0,1,0,0,1.0,False,0,0,0,0
902,0x84d9ec85c9c568eb332b7226a8f826d897e0a4a8,0x0000000000000000000005590915204686570987,data/smartbugs_curated/dataset/unchecked_low_level_calls/0x84d9ec85c9c568eb332b7226a8f826d897e0a4a8.sol,,smartbugs_curated,False,False,False,True,False,False,False,False,False,False,False,False,False,False,False,False,False,True,False,False,False,False,True,False,False,1,1,14,4,2,2,1,3,1,76,2,1,1.5,0,30,0.39473684210526316,0,0,0,0,19,4,0,2,0,9,3,0.0,0.0,29.0,70.24444444444444,True,simple,0,,,12,9,0,2,0.75,False,0,6,4,2,1,2,0.5,False,4,0,0.5,3,2,2,True,2,4,1.0,2,0,0,1.0,False,0,0,0,0
903,0xf2570186500a46986f3139f65afedc2afe4f445d,0x9999999999999999999991539166690056209142,data/smartbugs_curated/dataset/unchecked_low_level_calls/0xf2570186500a46986f3139f65afedc2afe4f445d.sol,,smartbugs_curated,False,False,False,True,False,False,False,False,False,False,False,False,False,False,False,False,False,False,False,False,False,False,True,False,False,0,1,5,2,1,1,0,4,1,18,1,1,2.5,0,8,0.4444444444444444,0,0,0,0,5,2,0,1,0,6,2,0.0,0.0,10.0,10.666666666666666,False,simple,0,,,9,8,1,6,0.8888888888888888,False,0,5,2,1,1,1,0.5,False,1,1,0.5,2,1,1,True,1,1,1.0,1,0,0,1.0,False,0,0,0,0
904,0x4051334adc52057aca763453820cb0e045076ef3,0x9999999999999999999995172855469867014563,data/smartbugs_curated/dataset/unchecked_low_level_calls/0x4051334adc52057aca763453820cb0e045076ef3.sol,,smartbugs_curated,False,False,False,True,False,False,False,False,False,False,False,False,False,False,False,False,False,False,False,False,False,False,True,False,False,0,1,8,1,1,0,0,4,1,17,1,1,4.0,0,6,0.35294117647058826,0,0,0,0,6,4,0,1,0,7,2,0.0,0.0,13.0,16.34285714285714,False,simple,0,,,10,10,1,7,1.0,False,1,4,1,2,1,1,0.3333333333333333,False,1,0,2.0,2,0,1,False,1,4,1.0,1,0,0,1.0,False,0,0,0,0
905,0xe4eabdca81e31d9acbc4af76b30f532b6ed7f3bf,0x0000000000000000000008098466875703850550,data/smartbugs_curated/dataset/unchecked_low_level_calls/0xe4eabdca81e31d9acbc4af76b30f532b6ed7f3bf.sol,,smartbugs_curated,False,True,False,True,False,False,False,False,False,False,False,False,False,False,False,False,False,False,False,False,False,False,True,False,False,1,1,7,5,5,1,0,3,1,39,1,1,1.8,0,6,0.15384615384615385,4,0,0,0,7,3,0,2,0,7,3,0.0,0.0,22.0,28.6,True,simple,0,,,16,13,0,4,0.8125,False,0,9,5,4,1,5,0.5555555555555556,False,4,1,0.8,4,1,1,True,5,2,0.2,1,0,0,1.0,False,0,0,0,0
906,0xbaa3de6504690efb064420d89e871c27065cdd52,0x0000000000000000000001442359564536159815,data/smartbugs_curated/dataset/unchecked_low_level_calls/0xbaa3de6504690efb064420d89e871c27065cdd52.sol,,smartbugs_curated,False,False,False,True,False,False,False,False,False,False,False,False,False,False,False,False,False,True,False,False,False,False,True,False,False,1,1,12,3,2,1,1,1,1,35,2,1,1.0,0,6,0.17142857142857143,1,0,0,0,11,4,0,2,0,9,4,0.0,0.0,27.0,41.4,True,simple,0,,,6,3,0,2,0.5,False,0,3,3,1,1,2,0.6666666666666666,False,2,1,0.3333333333333333,3,1,2,False,2,3,1.0,2,0,0,1.0,False,0,0,0,0
907,unchecked_return_value,0x9999999999999999999995385370119711001556,data/smartbugs_curated/dataset/unchecked_low_level_calls/unchecked_return_value.sol,,smartbugs_curated,False,False,False,True,False,False,False,False,False,False,False,False,False,False,False,False,False,False,False,False,False,False,True,False,False,0,1,5,2,2,0,0,1,2,15,1,1,1.0,0,6,0.4,0,0,0,0,4,2,0,1,0,4,2,0.0,0.0,10.0,13.5,False,simple,0,,,4,2,0,1,0.5,False,0,2,2,1,1,2,0.6666666666666666,False,2,0,0.5,2,0,2,False,2,2,1.0,2,0,0,1.0,False,0,0,0,0
908,0x4b71ad9c1a84b9b643aa54fdd66e2dec96e8b152,0x9999999999999999999998144958090324649040,data/smartbugs_curated/dataset/unchecked_low_level_calls/0x4b71ad9c1a84b9b643aa54fdd66e2dec96e8b152.sol,,smartbugs_curated,False,False,False,True,False,False,False,False,False,False,False,False,False,False,False,False,False,False,False,False,False,False,True,False,False,0,1,8,1,1,0,0,4,1,17,1,1,4.0,0,6,0.35294117647058826,0,0,0,0,6,4,0,1,0,7,2,0.0,0.0,13.0,16.34285714285714,False,simple,0,,,10,10,1,7,1.0,False,1,4,1,2,1,1,0.3333333333333333,False,1,0,2.0,2,0,1,False,1,4,1.0,1,0,0,1.0,False,0,0,0,0
909,short_address_example,0x0000000000000000000003836686714451152199,data/smartbugs_curated/dataset/short_addresses/short_address_example.sol,,smartbugs_curated,False,False,False,False,False,False,False,False,False,False,False,False,False,False,False,False,False,False,False,False,False,False,True,False,False,0,0,2,3,0,1,0,3,0,24,1,1,1.6666666666666667,0,6,0.25,0,0,0,0,2,0,0,0,0,1,1,0.0,0.0,2.0,4.0,False,simple,0,,,12,9,0,6,0.75,False,3,5,3,0,0,0,0.0,False,3,0,0.0,3,1,1,True,0,3,0.0,2,0,0,1.0,False,0,0,0,0
910,odds_and_evens,0x9999999999999999999994510712806762128405,data/smartbugs_curated/dataset/front_running/odds_and_evens.sol,,smartbugs_curated,False,True,False,False,True,False,False,False,False,False,False,False,False,False,False,False,False,False,False,False,False,False,True,False,False,1,0,5,4,3,3,0,5,0,42,1,1,3.0,0,7,0.16666666666666666,1,0,0,0,4,2,0,1,1,4,3,0.0,0.0,15.0,20.25,True,simple,0,,,25,23,0,7,0.92,False,2,12,4,2,1,3,0.6,False,3,1,0.5,3,3,1,True,3,1,0.3333333333333333,1,0,0,1.0,False,0,0,0,0
911,ERC20,0x9999999999999999999994989004761758897237,data/smartbugs_curated/dataset/front_running/ERC20.sol,,smartbugs_curated,False,False,False,False,False,False,False,False,False,False,False,False,False,False,False,False,False,False,False,False,True,False,True,False,False,0,0,6,6,5,3,0,1,0,103,2,1,1.0,0,31,0.30097087378640774,0,4,0,0,4,3,0,0,0,4,2,0.0,0.0,6.0,9.15,False,simple,0,,,27,21,0,8,0.7777777777777778,False,5,6,6,3,1,5,0.625,False,6,0,0.5,4,3,4,True,2,11,2.0,6,2,0,0.0,False,0,2,2,0
912,FindThisHash,0x0000000000000000000003427549371329118505,data/smartbugs_curated/dataset/front_running/FindThisHash.sol,,smartbugs_curated,False,True,False,False,False,False,False,False,False,False,False,False,False,False,False,False,False,False,False,False,False,False,True,False,False,1,0,3,3,1,1,0,1,0,16,1,1,1.0,0,7,0.4375,1,0,0,0,4,1,0,1,0,4,2,0.0,0.0,13.0,15.275,False,simple,0,,,5,2,0,2,0.4,False,0,3,3,2,1,1,0.3333333333333333,False,2,1,0.6666666666666666,4,1,1,True,1,1,1.0,1,0,0,1.0,False,0,0,0,0
913,eth_tx_order_dependence_minimal,0x0000000000000000000004618637578177087277,data/smartbugs_curated/dataset/front_running/eth_tx_order_dependence_minimal.sol,,smartbugs_curated,False,False,False,False,True,False,False,False,False,False,False,False,False,False,False,False,False,False,False,False,False,False,True,False,False,0,0,5,3,2,3,0,1,0,28,1,1,1.0,0,7,0.25,1,0,0,0,2,3,0,0,2,3,2,0.0,0.0,5.0,6.833333333333334,False,simple,0,,,12,9,0,4,0.75,False,0,3,3,2,1,2,0.5,False,3,0,0.6666666666666666,2,3,1,True,2,1,0.5,1,0,0,1.0,False,0,0,0,0
914,RaceCondition,0x0000000000000000000008265037352430565722,data/vulnerable_complex/trail_of_bits/race_condition/RaceCondition.sol,,trail_of_bits,True,False,False,False,False,False,False,True,False,False,False,False,False,False,False,True,False,True,False,False,False,False,True,False,False,1,2,6,3,1,3,0,1,0,42,2,1,1.0,0,7,0.16666666666666666,1,0,0,0,6,3,0,3,0,7,5,0.0,0.0,26.0,30.085714285714285,True,simple,0,,,12,9,0,4,0.75,False,0,3,3,2,1,1,0.3333333333333333,False,3,0,0.6666666666666666,2,3,3,True,1,4,3.0,3,1,0,0.0,False,0,0,1,0
915,inherited_state,0x0000000000000000000007945279795232719901,data/vulnerable_complex/trail_of_bits/variable shadowing/inherited_state.sol,,trail_of_bits,False,False,False,False,False,False,False,False,False,False,False,False,False,False,False,False,False,False,False,False,False,False,False,False,False,0,0,0,0,0,0,0,0,0,0,1,0,0.0,0,0,0.0,0,0,0,0,0,0,0,0,0,0,0,0.0,0.0,0.0,0.0,False,simple,0,COMPILATION_ERROR,"Compilation error: Invalid compilation: 
Invalid solc compilation Warning: SPDX license identifier not provided in source file. Before publishing, consider adding a comment containing ""SPDX-License-Identifier: <SPDX-License>"" to each source file. Use ""SPDX-License-Identifier: UNLICENSED"" for non-open-source code. Please see https://spdx.org for more information.
--> data/vulnerable_complex/trail_of_bits/variable shadowing/inherited_state.sol

Error: Functions are not allowed to have the same name as the contract. If you intend this to be a constructor, use ""constructor(...) { ... }"" to define it.
  --> data/vulnerable_complex/trail_of_bits/variable shadowing/inherited_state.sol:10:3:
   |
10 |   function C() {
   |   ^ (Relevant source part starts here and spans across multiple lines).

Error: No visibility specified. Did you intend to add ""public""?
  --> data/vulnerable_complex/trail_of_bits/variable shadowing/inherited_state.sol:10:3:
   |
10 |   function C() {
   |   ^ (Relevant source part starts here and spans across multiple lines).

Warning: Source file does not specify required compiler version! Consider adding ""pragma solidity ^0.8.20;""
--> data/vulnerable_complex/trail_of_bits/variable shadowing/inherited_state.sol

Warning: This declaration shadows a builtin symbol.
 --> data/vulnerable_complex/trail_of_bits/variable shadowing/inherited_state.sol:3:3:
  |
3 |   function suicide() public returns (address) {
  |   ^ (Relevant source part starts here and spans across multiple lines).

Warning: This declaration shadows an existing declaration.
  --> data/vulnerable_complex/trail_of_bits/variable shadowing/inherited_state.sol:10:3:
   |
10 |   function C() {
   |   ^ (Relevant source part starts here and spans across multiple lines).
Note: The shadowed declaration is here:
 --> data/vulnerable_complex/trail_of_bits/variable shadowing/inherited_state.sol:8:1:
  |
8 | contract C is Suicidal {
  | ^ (Relevant source part starts here and spans across multiple line",0,0,0,0,0.0,False,0,0,0,0,0,0,0.0,False,0,0,0.0,0,0,0,False,0,0,0.0,0,0,0,1.0,False,0,0,0,0
916,Unprotected,0x9999999999999999999993667452659024035893,data/vulnerable_complex/trail_of_bits/unprotected_function/Unprotected.sol,,trail_of_bits,False,False,False,False,False,False,False,False,False,False,False,False,False,False,False,False,False,False,False,False,False,False,True,False,False,0,0,8,3,0,1,1,1,0,25,1,1,1.0,0,1,0.04,0,0,0,0,5,3,0,0,0,4,2,0.0,0.0,8.0,14.2,False,simple,0,,,7,4,0,2,0.5714285714285714,False,0,3,3,1,1,0,0.0,False,3,0,0.3333333333333333,3,1,2,False,0,2,0.0,2,0,0,1.0,False,0,0,0,0
917,integer_overflow_1,0x9999999999999999999994256282299474713184,data/vulnerable_complex/trail_of_bits/integer_overflow/integer_overflow_1.sol,,trail_of_bits,False,False,False,False,False,False,False,False,False,False,False,False,False,False,False,False,False,False,False,False,False,False,True,False,False,0,0,3,3,0,1,0,1,0,13,1,1,1.0,0,2,0.15384615384615385,0,0,0,0,3,0,0,0,0,2,1,0.0,0.0,3.0,4.5,False,simple,0,,,6,3,0,2,0.5,False,0,3,3,1,1,0,0.0,False,2,1,0.3333333333333333,3,1,2,True,0,2,0.0,2,0,0,1.0,False,0,0,0,0
918,list_dos,0x0000000000000000000001547010283151024262,data/vulnerable_complex/trail_of_bits/denial_of_service/list_dos.sol,,trail_of_bits,False,False,False,False,False,False,False,False,False,False,False,False,False,False,False,False,False,False,False,False,False,False,False,False,False,0,0,0,0,0,0,0,0,0,0,1,0,0.0,0,0,0.0,0,0,0,0,0,0,0,0,0,0,0,0.0,0.0,0.0,0.0,False,simple,0,COMPILATION_ERROR,"Compilation error: Invalid compilation: 
Invalid solc compilation /home/motafeq/projects/chainguardian-ai/data/vulnerable_complex/trail_of_bits/denial_of_service/list_dos.sol:9:7: Error: No matching declaration found after argument-dependent lookup.
      require(refundAddresses[i].transfer(refundAmount[refundAddresses[i]]));
      ^-----^
",0,0,0,0,0.0,False,0,0,0,0,0,0,0.0,False,0,0,0.0,0,0,0,False,0,0,0.0,0,0,0,1.0,False,0,0,0,0
919,auction,0x9999999999999999999994840825607642212362,data/vulnerable_complex/trail_of_bits/denial_of_service/auction.sol,,trail_of_bits,False,False,False,True,True,False,False,False,False,False,False,False,False,False,False,False,False,False,False,False,False,False,True,False,False,0,1,3,1,1,2,0,3,0,42,2,1,3.0,0,11,0.2619047619047619,1,0,0,0,2,2,0,1,1,3,3,0.0,0.0,8.0,9.066666666666666,True,simple,0,,,7,7,0,5,1.0,False,0,3,1,1,1,1,0.5,False,1,0,1.0,1,2,0,True,1,0,0.0,0,0,0,1.0,False,0,0,0,0
920,incorrect_constructor,0x0000000000000000000002816508701041960455,data/vulnerable_complex/trail_of_bits/wrong_constructor_name/incorrect_constructor.sol,,trail_of_bits,False,False,False,False,False,False,False,False,False,False,False,False,False,False,False,False,False,False,False,False,False,False,True,False,False,0,0,3,2,1,1,1,1,0,21,1,1,1.0,0,2,0.09523809523809523,0,0,0,0,3,0,0,0,0,2,1,0.0,0.0,3.0,4.5,False,simple,0,,,5,3,0,2,0.6,False,0,2,2,2,1,1,0.3333333333333333,False,2,0,1.0,3,1,0,True,1,0,0.0,0,0,0,1.0,False,0,0,0,0
921,ReentrancyExploit,0x9999999999999999999990918920252992305782,data/vulnerable_complex/trail_of_bits/reentrancy/ReentrancyExploit.sol,,trail_of_bits,False,True,False,True,False,False,False,False,False,False,False,False,False,False,False,False,False,False,False,False,False,False,True,False,False,1,0,14,6,4,3,0,3,3,31,1,1,1.3333333333333333,0,5,0.16129032258064516,2,0,0,0,14,1,0,1,0,6,3,0.0,0.0,24.0,58.800000000000004,True,simple,0,,,16,11,0,3,0.6875,False,0,8,6,7,1,4,0.36363636363636365,False,5,1,1.1666666666666667,5,3,1,True,4,1,0.25,1,0,0,1.0,False,0,0,0,0
922,Reentrancy,0x9999999999999999999993005547793724303504,data/vulnerable_complex/trail_of_bits/reentrancy/Reentrancy.sol,,trail_of_bits,True,False,False,True,True,False,False,False,False,False,False,False,False,False,False,False,False,False,False,False,False,False,True,False,False,1,0,9,5,5,1,0,3,2,35,1,1,1.8,0,8,0.22857142857142856,1,0,0,0,8,2,0,1,1,6,3,0.0,0.0,19.0,29.766666666666666,True,simple,0,,,18,13,0,4,0.7222222222222222,False,3,9,5,0,0,5,1.0,False,5,0,0.0,5,1,0,True,5,1,0.0,1,0,0,1.0,False,0,0,0,0
923,Bob,0x9999999999999999999995216846148244345572,data/vulnerable_complex/trail_of_bits/incorrect_interface/Bob.sol,,trail_of_bits,False,False,False,False,False,False,False,False,False,False,False,False,False,False,False,False,False,False,False,False,False,False,True,False,False,0,0,4,2,2,0,0,1,0,13,2,1,1.0,0,0,0.0,0,0,0,0,4,0,0,0,0,2,1,0.0,0.0,4.0,8.0,False,simple,0,,,4,2,0,1,0.5,False,0,2,2,0,0,2,1.0,False,2,0,0.0,2,0,2,False,0,2,0.0,2,0,0,1.0,False,0,0,0,0
924,Alice,0x0000000000000000000007228934906659322010,data/vulnerable_complex/trail_of_bits/incorrect_interface/Alice.sol,,trail_of_bits,False,False,False,False,False,False,False,False,False,False,False,False,False,False,False,False,False,False,False,False,False,False,True,False,False,0,0,5,3,0,1,0,1,0,13,1,1,1.0,0,0,0.0,0,0,0,0,5,0,0,0,0,2,1,0.0,0.0,5.0,12.5,False,simple,0,,,6,3,0,1,0.5,False,0,3,3,0,0,0,0.0,False,3,0,0.0,3,1,2,False,0,2,0.0,2,0,0,1.0,False,0,0,0,0
925,coin,0x9999999999999999999994641760344568809003,data/vulnerable_complex/trail_of_bits/forced_ether_reception/coin.sol,,trail_of_bits,False,False,False,False,False,False,False,False,False,False,True,False,False,False,False,False,False,False,False,False,False,False,True,False,False,1,1,19,2,0,1,1,1,0,158,4,1,1.0,0,63,0.3987341772151899,0,0,0,0,20,3,0,2,0,10,3,0.0,0.0,34.0,75.14,True,simple,0,,,5,3,0,2,0.6,False,0,2,2,1,1,0,0.0,False,2,0,0.5,2,1,1,False,0,1,0.0,1,0,0,1.0,False,0,0,0,0
926,WalletLibrary,0x0000000000000000000005349853174931113032,data/vulnerable_complex/trail_of_bits/unprotected_function/WalletLibrary_source_code/WalletLibrary.sol,,trail_of_bits,False,False,False,False,False,False,False,False,False,False,False,False,False,False,False,False,False,False,False,False,False,False,False,False,False,0,0,0,0,0,0,0,0,0,0,1,0,0.0,0,0,0.0,0,0,0,0,0,0,0,0,0,0,0,0.0,0.0,0.0,0.0,False,simple,0,COMPILATION_ERROR,"Compilation error: Invalid compilation: 
Invalid solc compilation /home/motafeq/projects/chainguardian-ai/data/vulnerable_complex/trail_of_bits/unprotected_function/WalletLibrary_source_code/WalletLibrary.sol:126:5: Warning: Use of the ""var"" keyword is deprecated.
    var pending = m_pending[_operation];
    ^---------^
/home/motafeq/projects/chainguardian-ai/data/vulnerable_complex/trail_of_bits/unprotected_function/WalletLibrary_source_code/WalletLibrary.sol:190:5: Warning: Use of the ""var"" keyword is deprecated.
    var pending = m_pending[_operation];
    ^---------^
/home/motafeq/projects/chainguardian-ai/data/vulnerable_complex/trail_of_bits/unprotected_function/WalletLibrary_source_code/WalletLibrary.sol:240:11: Warning: ""throw"" is deprecated in favour of ""revert()"", ""require()"" and ""assert()"".
          throw;
          ^---^
/home/motafeq/projects/chainguardian-ai/data/vulnerable_complex/trail_of_bits/unprotected_function/WalletLibrary_source_code/WalletLibrary.sol:274:11: Warning: ""throw"" is deprecated in favour of ""revert()"", ""require()"" and ""assert()"".
          throw;
          ^---^
/home/motafeq/projects/chainguardian-ai/data/vulnerable_complex/trail_of_bits/unprotected_function/WalletLibrary_source_code/WalletLibrary.sol:291:5: Warning: Use of the ""var"" keyword is deprecated.
    var pending = m_pending[_operation];
    ^---------^
/home/motafeq/projects/chainguardian-ai/data/vulnerable_complex/trail_of_bits/unprotected_function/WalletLibrary_source_code/WalletLibrary.sol:400:3: Warning: Defining constructors as functions with the same name as the contract is deprecated. Use ""constructor(...) { ... }"" instead.
  function Wallet(address[] _owners, uint _required, uint _daylimit) {
  ^ (Relevant source part starts here and spans across multiple lines).
/home/motafeq/projects/chainguardian-ai/data/vulnerable_complex/trail_of_bits/unprotected_function/WalletLibrary_source_code/WalletLibrary.sol:258:3: Warning: Variable is shadowed in inline assembly by a",0,0,0,0,0.0,False,0,0,0,0,0,0,0.0,False,0,0,0.0,0,0,0,False,0,0,0.0,0,0,0,1.0,False,0,0,0,0
927,Rubixi,0x0000000000000000000000733804495083444876,data/vulnerable_complex/trail_of_bits/wrong_constructor_name/Rubixi_source_code/Rubixi.sol,,trail_of_bits,False,False,False,True,True,False,False,False,False,False,False,False,False,False,False,False,False,False,False,False,False,False,True,False,False,1,5,25,19,5,7,1,8,0,119,1,1,2.3157894736842106,0,15,0.12605042016806722,0,0,0,0,15,16,0,6,4,11,4,0.0,0.0,60.0,142.9090909090909,True,moderate,1,,,99,86,1,12,0.8686868686868687,False,6,44,19,9,2,5,0.35714285714285715,False,16,3,0.47368421052631576,12,7,6,True,5,7,1.2,7,4,0,0.0,False,0,1,4,0
928,theRun,0x0000000000000000000001103076589773737138,data/vulnerable_complex/trail_of_bits/bad_randomness/theRun_source_code/theRun.sol,,trail_of_bits,False,False,False,False,False,False,False,False,False,False,False,False,False,False,False,False,False,False,False,False,False,False,False,False,False,0,0,0,0,0,0,0,0,0,0,1,0,0.0,0,0,0.0,0,0,0,0,0,0,0,0,0,0,0,0.0,0.0,0.0,0.0,False,simple,0,COMPILATION_ERROR,"Compilation error: Invalid compilation: 
Invalid solc compilation Error: Expected a state variable declaration. If you intended this as a fallback function or a function to handle plain ether transactions, use the ""fallback"" keyword or the ""receive"" keyword instead.
  --> data/vulnerable_complex/trail_of_bits/bad_randomness/theRun_source_code/theRun.sol:34:20:
   |
34 |         function() {
   |                    ^

",0,0,0,0,0.0,False,0,0,0,0,0,0,0.0,False,0,0,0.0,0,0,0,False,0,0,0.0,0,0,0,1.0,False,0,0,0,0
929,GiftBox,0x9999999999999999999997899442601490910665,data/vulnerable_complex/trail_of_bits/honeypots/GiftBox/GiftBox.sol,,trail_of_bits,False,True,False,False,True,False,False,False,False,False,False,False,False,False,False,False,False,False,False,False,False,False,True,False,False,1,0,13,8,2,4,0,3,0,57,1,1,2.25,0,0,0.0,4,0,0,0,14,2,0,1,1,6,3,0.0,0.0,23.0,59.033333333333324,True,simple,0,,,27,23,0,3,0.8518518518518519,False,2,18,8,4,1,2,0.3333333333333333,False,7,1,0.5,7,4,4,True,2,5,2.0,5,0,0,1.0,False,0,0,0,0
930,VarLoop,0x0000000000000000000005989463266481221720,data/vulnerable_complex/trail_of_bits/honeypots/VarLoop/VarLoop.sol,,trail_of_bits,False,True,False,False,False,False,False,False,False,False,False,False,False,False,False,False,False,False,False,False,False,False,True,False,False,1,0,3,4,2,1,0,10,0,32,1,1,3.25,0,0,0.0,3,0,0,0,3,1,0,1,0,3,2,0.0,0.0,13.0,16.03333333333333,False,simple,0,,,23,23,1,12,1.0,False,0,13,4,2,1,2,0.5,False,3,1,0.5,5,1,0,True,2,0,0.0,0,0,0,1.0,False,0,0,0,0
931,PrivateBank,0x0000000000000000000002665851855320236642,data/vulnerable_complex/trail_of_bits/honeypots/PrivateBank/PrivateBank.sol,,trail_of_bits,True,False,False,True,False,False,False,False,False,False,False,False,False,False,False,False,False,False,False,False,False,False,True,False,False,2,0,15,5,4,3,0,5,1,54,2,1,2.2,0,0,0.0,2,0,0,0,17,2,0,2,0,7,3,0.0,0.0,35.0,92.0,True,simple,0,,,16,14,0,4,0.875,False,0,11,5,0,0,4,1.0,False,4,1,0.0,5,3,2,True,4,2,0.5,2,0,0,1.0,False,0,0,0,0
932,KOTH,0x0000000000000000000007533185814466424392,data/vulnerable_complex/trail_of_bits/honeypots/KOTH/KOTH.sol,,trail_of_bits,False,False,False,False,False,False,False,False,False,False,False,False,False,False,False,False,False,True,False,False,False,False,True,False,False,1,0,3,1,0,1,1,1,0,30,2,1,1.0,0,10,0.3333333333333333,0,0,0,0,4,0,0,1,0,3,2,0.0,0.0,13.0,17.333333333333332,False,simple,0,,,2,1,0,1,0.5,False,0,1,1,0,0,0,0.0,False,1,0,0.0,1,1,0,False,0,0,0.0,0,0,0,1.0,False,0,0,0,0
933,Multiplicator,0x9999999999999999999999586765496147186137,data/vulnerable_complex/trail_of_bits/honeypots/Multiplicator/Multiplicator.sol,,trail_of_bits,False,False,False,False,False,False,False,False,False,False,False,False,False,False,False,False,False,False,False,False,False,False,True,False,False,0,0,4,4,2,1,0,3,0,21,1,1,1.5,0,0,0.0,3,0,0,0,3,1,0,0,0,3,1,0.0,0.0,4.0,4.933333333333334,False,simple,0,,,9,6,0,2,0.6666666666666666,False,0,6,4,3,1,2,0.4,False,3,1,0.75,4,1,1,True,2,1,0.5,1,0,0,1.0,False,0,0,0,0
934,Lottery,0x0000000000000000000003782269145972735724,data/vulnerable_complex/trail_of_bits/honeypots/Lottery/Lottery.sol,,trail_of_bits,False,False,False,False,False,False,False,False,False,False,False,False,False,False,False,False,False,False,False,False,False,False,False,False,False,0,0,0,0,0,0,0,0,0,0,1,0,0.0,0,0,0.0,0,0,0,0,0,0,0,0,0,0,0,0.0,0.0,0.0,0.0,False,simple,0,COMPILATION_ERROR,"Compilation error: Invalid compilation: 
Invalid solc compilation Error: Expected '{' but got 'constant'
  --> data/vulnerable_complex/trail_of_bits/honeypots/Lottery/Lottery.sol:59:49:
   |
59 |     function luckyNumberOfAddress(address addr) constant returns(uint n){
   |                                                 ^^^^^^^^

",0,0,0,0,0.0,False,0,0,0,0,0,0,0.0,False,0,0,0.0,0,0,0,False,0,0,0.0,0,0,0,1.0,False,0,0,0,0
935,DAO,0x9999999999999999999992552649083472309919,data/vulnerable_complex/trail_of_bits/reentrancy/DAO_source_code/DAO.sol,,trail_of_bits,False,False,False,False,False,False,False,False,False,False,False,False,False,False,False,False,False,False,False,False,False,False,False,False,False,0,0,0,0,0,0,0,0,0,0,1,0,0.0,0,0,0.0,0,0,0,0,0,0,0,0,0,0,0,0.0,0.0,0.0,0.0,False,simple,0,COMPILATION_ERROR,"Compilation error: Invalid compilation: 
Invalid solc compilation Error: Expected '{' but got 'constant'
  --> data/vulnerable_complex/trail_of_bits/reentrancy/DAO_source_code/DAO.sol:47:40:
   |
47 |     function balanceOf(address _owner) constant returns (uint256 balance);
   |                                        ^^^^^^^^

",0,0,0,0,0.0,False,0,0,0,0,0,0,0.0,False,0,0,0.0,0,0,0,False,0,0,0.0,0,0,0,1.0,False,0,0,0,0
936,SpankChain,0x0000000000000000000000471445984949537583,data/vulnerable_complex/trail_of_bits/reentrancy/SpankChain_source_code/SpankChain.sol,,trail_of_bits,False,False,False,True,False,False,False,False,False,False,False,False,False,False,False,False,False,False,False,False,False,False,True,False,False,0,0,17,5,0,1,0,1,0,129,3,1,1.0,0,68,0.5271317829457365,0,0,0,0,19,0,0,0,0,6,2,0.0,0.0,17.0,53.833333333333336,False,simple,0,,,0,0,0,0,0.0,False,0,0,5,0,0,0,0.0,False,5,0,0.0,5,1,0,False,0,10,0.0,5,0,0,1.0,False,0,0,0,0
937,SpankChain_Payment,0x0000000000000000000004724379560663203233,data/vulnerable_complex/trail_of_bits/reentrancy/SpankChain_source_code/SpankChain_Payment.sol,,trail_of_bits,True,True,True,True,True,True,True,False,False,False,False,False,False,False,True,False,False,False,False,False,False,False,True,False,False,3,17,98,5,0,1,0,1,0,771,5,1,1.0,0,113,0.14656290531776914,0,0,0,0,93,35,0,20,3,18,6,0.0,0.0,213.0,1390.4166666666667,True,simple,0,,,0,0,0,0,0.0,False,0,0,5,0,0,0,0.0,False,5,0,0.0,5,1,0,False,0,10,0.0,5,0,0,1.0,False,0,0,0,0
938,KingOfTheEtherThrone,0x0000000000000000000001993248804950680612,data/vulnerable_complex/trail_of_bits/unchecked_external_call/KotET_source_code/KingOfTheEtherThrone.sol,,trail_of_bits,False,False,True,True,True,False,False,False,False,False,False,False,False,False,False,False,False,False,False,False,False,False,True,False,False,1,10,13,7,5,9,1,21,0,140,1,1,3.857142857142857,1,50,0.35714285714285715,0,0,0,0,8,16,0,11,1,11,5,0.0,0.0,73.0,127.41818181818181,True,moderate,1,,,61,63,0,21,1.0327868852459017,False,2,27,7,3,1,5,0.625,False,6,1,0.42857142857142855,5,9,3,True,4,3,0.75,3,1,0,0.0,False,0,0,1,0
939,01_super_simple_safe,0x9999999999999999999993104242372854808258,test_contracts/01_super_simple_safe.sol,,adversarial_test,False,False,False,False,False,False,False,False,False,False,False,False,False,False,False,False,False,False,False,False,False,False,True,False,False,0,0,3,2,0,1,0,1,0,16,1,1,1.0,0,6,0.375,0,0,0,0,3,0,0,0,0,2,1,0.0,0.0,3.0,4.5,False,simple,0,,,4,2,0,1,0.5,False,1,2,2,0,0,0,0.0,False,2,0,0.0,2,1,1,True,0,1,0.0,1,0,0,1.0,False,0,0,0,0
940,03_complex_but_safe,0x0000000000000000000006989320948147441787,test_contracts/03_complex_but_safe.sol,,adversarial_test,False,False,True,False,False,False,False,False,False,False,False,False,False,False,False,False,False,False,False,False,False,False,True,False,False,0,0,9,6,1,3,2,1,0,67,1,1,1.0,0,7,0.1044776119402985,0,0,0,0,8,1,0,0,0,3,2,0.0,0.0,9.0,26.1,False,simple,0,,,21,15,0,4,0.7142857142857143,False,3,6,6,4,1,1,0.2,False,6,0,0.6666666666666666,6,3,2,True,1,6,2.0,4,0,0,1.0,False,0,0,0,0
941,23_only_events,0x0000000000000000000008666252752704371557,test_contracts/23_only_events.sol,,adversarial_test,False,False,False,False,False,False,False,False,False,False,False,False,False,False,False,False,False,False,False,False,False,False,True,False,False,0,0,2,2,0,0,0,1,0,18,1,1,1.0,0,7,0.3888888888888889,0,0,0,0,2,0,0,0,0,1,1,0.0,0.0,2.0,4.0,False,simple,0,,,4,2,0,1,0.5,False,0,2,2,0,0,0,0.0,False,2,0,0.0,2,0,0,False,0,2,0.0,2,0,0,1.0,False,0,0,0,0
942,22_empty_contract,0x9999999999999999999991064761250016551095,test_contracts/22_empty_contract.sol,,adversarial_test,False,False,False,False,False,False,False,False,False,False,False,False,False,False,False,False,False,False,False,False,False,False,True,False,False,0,0,2,0,0,0,0,0,0,11,1,1,0.0,0,8,0.7272727272727273,0,0,0,0,2,0,0,0,0,1,1,0.0,0.0,2.0,4.0,False,simple,0,,,0,0,0,0,0.0,False,0,0,0,0,0,0,0.0,False,0,0,0.0,0,0,0,False,0,0,0.0,0,0,0,1.0,False,0,0,0,0
943,25_gas_optimization_extreme,0x0000000000000000000005050974325463108752,test_contracts/25_gas_optimization_extreme.sol,,adversarial_test,False,False,False,False,False,False,False,False,False,False,False,False,False,False,True,False,False,False,False,False,False,False,True,False,False,0,0,6,2,0,2,0,1,0,28,1,1,1.0,0,9,0.32142857142857145,0,0,0,0,8,0,0,0,0,4,2,0.0,0.0,6.0,12.0,False,simple,0,,,14,12,0,7,0.8571428571428571,False,0,2,2,4,1,0,0.0,False,2,0,2.0,4,2,0,False,0,2,0.0,1,0,0,1.0,False,0,0,0,0
944,13_modern_defi_safe,0x9999999999999999999998794586530556881879,test_contracts/13_modern_defi_safe.sol,,adversarial_test,False,False,False,True,False,False,False,False,False,False,False,False,False,False,False,False,False,False,False,False,False,False,True,False,False,0,0,3,4,1,2,1,5,1,38,1,1,2.0,0,8,0.21052631578947367,1,0,0,0,3,0,0,0,0,2,2,0.0,0.0,3.0,4.5,False,simple,0,,,16,14,0,8,0.875,False,1,8,4,3,1,1,0.25,False,3,1,0.75,6,2,1,True,1,2,1.0,2,0,0,1.0,False,0,0,0,0
945,18_oracle_manipulation,0x9999999999999999999998923569679163579157,test_contracts/18_oracle_manipulation.sol,,adversarial_test,False,False,False,False,False,False,False,False,False,False,False,False,False,False,False,False,False,False,False,False,False,False,True,False,False,0,0,2,3,2,3,0,1,0,30,2,1,1.0,0,8,0.26666666666666666,1,0,0,0,3,0,0,0,1,2,1,0.0,0.0,2.0,3.0,False,simple,0,,,10,7,0,5,0.7,False,0,3,3,1,1,2,0.6666666666666666,False,3,0,0.3333333333333333,3,3,2,True,1,2,2.0,2,0,0,1.0,False,0,0,0,0
946,07_integer_overflow_old,0x9999999999999999999992361137995694623731,test_contracts/07_integer_overflow_old.sol,,adversarial_test,False,False,False,False,False,False,False,False,False,False,False,False,False,False,False,False,False,False,False,False,False,False,True,False,False,0,0,2,2,1,1,0,1,0,19,1,1,1.0,0,8,0.42105263157894735,1,0,0,0,2,0,0,0,0,1,1,0.0,0.0,2.0,4.0,False,simple,0,,,5,3,0,2,0.6,False,0,2,2,0,0,1,1.0,False,2,0,0.0,2,1,1,True,1,1,1.0,1,0,0,1.0,False,0,0,0,0
947,24_intentional_honeypot,0x9999999999999999999992986142560347147857,test_contracts/24_intentional_honeypot.sol,,adversarial_test,False,False,False,False,False,False,False,False,False,False,False,False,False,False,False,False,False,False,False,False,False,False,True,False,False,0,0,2,4,1,1,0,1,0,27,1,1,1.0,0,10,0.37037037037037035,2,0,0,0,2,0,0,0,0,1,1,0.0,0.0,2.0,4.0,False,simple,0,,,10,6,0,3,0.6,False,0,4,4,3,1,1,0.25,False,4,0,0.75,4,1,0,True,1,0,0.0,0,0,0,1.0,False,0,0,0,0
948,09_delegatecall_danger,0x9999999999999999999996132616876743289372,test_contracts/09_delegatecall_danger.sol,,adversarial_test,False,False,False,True,False,False,False,False,True,False,False,False,False,False,False,False,False,False,False,False,False,False,True,False,False,1,0,5,2,1,1,0,1,1,18,1,1,1.0,0,7,0.3888888888888889,0,0,0,0,4,3,0,1,1,5,3,0.0,0.0,15.0,18.299999999999997,True,simple,0,,,6,4,0,3,0.6666666666666666,False,0,2,2,1,1,1,0.5,False,2,0,0.5,2,1,2,False,1,3,2.0,2,0,0,1.0,False,0,0,0,0
949,17_logic_error,0x9999999999999999999996673261620554198700,test_contracts/17_logic_error.sol,,adversarial_test,False,False,False,False,False,False,False,False,False,False,True,False,False,False,False,False,False,False,False,False,False,False,True,False,False,1,0,2,3,0,2,0,3,0,25,1,1,1.6666666666666667,0,10,0.4,0,0,0,0,4,0,0,1,0,3,2,0.0,0.0,12.0,15.999999999999998,False,simple,0,,,9,6,0,3,0.6666666666666666,False,3,5,3,0,0,0,0.0,False,3,0,0.0,3,2,0,True,0,2,0.0,2,0,0,1.0,False,0,0,0,0
950,15_gas_griefing,0x0000000000000000000006920896564165756449,test_contracts/15_gas_griefing.sol,,adversarial_test,False,False,False,False,False,False,False,False,False,False,False,False,False,False,False,False,False,False,False,False,False,False,True,False,False,0,0,3,2,2,1,0,4,0,22,1,1,2.5,0,9,0.4090909090909091,1,0,0,0,3,1,0,0,1,3,1,0.0,0.0,3.0,3.7,False,simple,0,,,10,9,1,6,0.9,False,0,5,2,0,0,2,1.0,False,2,0,0.0,2,1,1,True,1,1,1.0,1,0,0,1.0,False,0,0,0,0
951,10_tx_origin_auth,0x0000000000000000000003018707765455965628,test_contracts/10_tx_origin_auth.sol,,adversarial_test,False,True,False,False,False,False,False,False,False,False,False,False,False,True,False,False,False,False,False,False,False,False,True,False,False,1,1,2,3,1,1,0,1,0,19,1,1,1.0,0,7,0.3684210526315789,1,0,0,0,3,2,0,2,1,4,3,0.0,0.0,17.0,18.7,True,simple,0,,,6,3,0,2,0.5,False,0,3,3,2,1,1,0.3333333333333333,False,3,0,0.6666666666666666,4,1,0,True,1,0,0.0,0,0,0,1.0,False,0,0,0,0
952,20_upgradeable_safe,0x0000000000000000000007929162721580186623,test_contracts/20_upgradeable_safe.sol,,adversarial_test,False,False,False,False,False,False,False,False,False,False,False,False,False,False,True,True,False,False,False,False,False,False,True,False,False,0,1,5,3,0,2,1,3,0,36,1,1,1.6666666666666667,0,9,0.25,1,0,0,0,5,2,0,1,1,5,2,0.0,0.0,10.0,12.8,False,simple,0,,,20,18,0,12,0.9,False,0,5,3,9,1,0,0.0,False,3,0,3.0,10,2,2,True,0,2,0.0,2,0,0,1.0,False,0,0,0,0
953,11_hidden_reentrancy,0x9999999999999999999992464539944911123935,test_contracts/11_hidden_reentrancy.sol,,adversarial_test,False,False,False,False,False,True,False,False,False,False,False,False,False,False,False,False,False,False,False,False,False,False,True,False,False,0,0,3,2,1,1,1,1,0,26,1,1,1.0,0,9,0.34615384615384615,1,0,0,0,2,1,0,0,0,2,2,0.0,0.0,3.0,4.05,False,simple,0,,,7,5,0,4,0.7142857142857143,False,0,2,2,2,1,1,0.3333333333333333,False,2,0,1.0,3,1,1,True,1,1,1.0,1,0,0,1.0,False,0,0,0,0
954,19_flash_loan_attack_vector,0x0000000000000000000002897792149992192183,test_contracts/19_flash_loan_attack_vector.sol,,adversarial_test,False,False,False,False,False,False,False,False,False,False,False,False,False,False,False,False,False,False,False,False,False,False,True,False,False,0,0,2,3,1,2,0,3,0,28,1,1,1.6666666666666667,0,9,0.32142857142857145,1,0,0,0,2,0,0,0,0,1,1,0.0,0.0,2.0,4.0,False,simple,0,,,13,10,0,4,0.7692307692307693,False,2,5,3,2,1,1,0.3333333333333333,False,3,0,0.6666666666666666,2,2,1,True,1,1,1.0,1,0,0,1.0,False,0,0,0,0
955,12_false_positive_trap,0x9999999999999999999998088149793812440746,test_contracts/12_false_positive_trap.sol,,adversarial_test,False,False,False,True,False,False,False,False,False,False,False,False,False,False,False,False,False,False,False,False,False,False,True,False,False,0,1,3,2,1,1,0,1,1,24,1,1,1.0,0,12,0.5,1,0,0,0,3,1,0,1,0,3,2,0.0,0.0,8.0,9.866666666666665,False,simple,0,,,6,4,0,3,0.6666666666666666,False,0,2,2,1,1,1,0.5,False,2,0,0.5,2,1,1,True,1,1,1.0,1,0,0,1.0,False,0,0,0,0
956,06_unchecked_external_call,0x0000000000000000000007658802100609989685,test_contracts/06_unchecked_external_call.sol,,adversarial_test,False,False,False,True,False,False,False,False,False,False,False,False,False,False,False,False,False,False,False,False,False,False,True,False,False,0,1,6,2,2,0,0,1,2,19,1,1,1.0,0,9,0.47368421052631576,2,0,0,0,4,3,0,1,0,4,2,0.0,0.0,11.0,16.775,False,simple,0,,,6,4,0,3,0.6666666666666666,False,0,2,2,1,1,2,0.6666666666666666,False,2,0,0.5,2,0,2,False,2,2,1.0,2,0,0,1.0,False,0,0,0,0
957,04_simple_but_vulnerable,0x0000000000000000000004466941633771125321,test_contracts/04_simple_but_vulnerable.sol,,adversarial_test,False,False,False,False,False,False,False,False,False,False,False,False,False,False,False,False,False,False,False,False,False,False,True,False,False,0,0,3,4,1,1,0,1,0,23,1,1,1.0,0,8,0.34782608695652173,1,0,0,0,2,1,0,0,0,2,1,0.0,0.0,3.0,4.05,False,simple,0,,,8,4,0,2,0.5,False,0,4,4,2,1,1,0.3333333333333333,False,4,0,0.5,5,1,1,True,1,1,1.0,1,0,0,1.0,False,0,0,0,0
958,08_safe_with_checks,0x0000000000000000000005736237052056884653,test_contracts/08_safe_with_checks.sol,,adversarial_test,False,False,False,True,False,False,True,False,False,False,False,False,False,False,False,False,False,False,False,False,False,False,True,False,False,0,0,4,4,1,3,2,1,1,43,1,1,1.0,0,7,0.16279069767441862,1,0,0,0,4,1,0,0,1,4,3,0.0,0.0,4.0,4.7,True,simple,0,,,16,12,0,7,0.75,False,1,4,4,3,1,1,0.25,False,4,0,0.75,4,3,1,True,1,1,1.0,1,0,0,1.0,False,0,0,0,0
959,02_obvious_reentrancy,0x0000000000000000000005554093741020339127,test_contracts/02_obvious_reentrancy.sol,,adversarial_test,True,False,False,True,False,False,False,False,False,False,False,False,False,False,False,False,False,False,False,False,False,False,True,False,False,1,0,3,2,1,1,0,1,1,22,1,1,1.0,0,9,0.4090909090909091,1,0,0,0,3,1,0,1,0,3,3,0.0,0.0,13.0,16.03333333333333,True,simple,0,,,8,6,0,5,0.75,False,0,2,2,1,1,1,0.5,False,2,0,0.5,2,1,0,True,1,0,0.0,0,0,0,1.0,False,0,0,0,0
960,14_assembly_safe,0x0000000000000000000001233897450566012106,test_contracts/14_assembly_safe.sol,,adversarial_test,False,False,False,False,False,False,False,False,False,False,False,False,False,False,False,False,False,False,False,False,False,False,False,False,False,0,0,0,0,0,0,0,0,0,0,1,0,0.0,0,0,0.0,0,0,0,0,0,0,0,0,0,0,0,0.0,0.0,0.0,0.0,False,simple,0,COMPILATION_ERROR,"Compilation error: Invalid compilation: 
Invalid solc compilation Error: Cannot assign to builtin function ""balance"".
  --> test_contracts/14_assembly_safe.sol:24:21:
   |
24 |             balance := sload(keccak256(0x00, 0x40))
   |                     ^^

",0,0,0,0,0.0,False,0,0,0,0,0,0,0.0,False,0,0,0.0,0,0,0,False,0,0,0.0,0,0,0,1.0,False,0,0,0,0
961,16_front_running_vulnerable,0x0000000000000000000005352183601719587250,test_contracts/16_front_running_vulnerable.sol,,adversarial_test,False,False,False,False,False,False,False,False,False,False,False,False,False,False,False,True,False,False,False,False,False,False,True,False,False,0,1,3,4,0,2,0,1,0,24,1,1,1.0,0,9,0.375,1,0,0,0,4,1,0,1,1,4,2,0.0,0.0,8.0,9.4,False,simple,0,,,8,4,0,2,0.5,False,0,4,4,2,1,0,0.0,False,3,1,0.5,3,2,1,True,0,1,0.0,1,0,0,1.0,False,0,0,0,0
962,21_timelock_missing,0x9999999999999999999999681805207705032220,test_contracts/21_timelock_missing.sol,,adversarial_test,False,False,False,False,False,False,False,False,False,False,False,False,False,False,False,False,False,False,False,False,False,False,False,False,False,0,0,0,0,0,0,0,0,0,0,1,0,0.0,0,0,0.0,0,0,0,0,0,0,0,0,0,0,0,0.0,0.0,0.0,0.0,False,simple,0,COMPILATION_ERROR,"Compilation error: Invalid compilation: 
Invalid solc compilation Error: ""msg.value"" and ""callvalue()"" can only be used in payable public functions. Make the function ""payable"" or use an internal function to avoid this error.
  --> test_contracts/21_timelock_missing.sol:27:17:
   |
27 |         require(msg.value >= criticalParameter);
   |                 ^^^^^^^^^

",0,0,0,0,0.0,False,0,0,0,0,0,0,0.0,False,0,0,0.0,0,0,0,False,0,0,0.0,0,0,0,1.0,False,0,0,0,0
963,05_timestamp_manipulation,0x0000000000000000000004880479820302696762,test_contracts/05_timestamp_manipulation.sol,,adversarial_test,False,False,True,False,False,False,False,False,False,False,False,False,False,False,False,False,False,False,False,False,False,False,True,False,False,0,0,3,2,1,2,0,1,0,22,1,1,1.0,0,8,0.36363636363636365,0,0,0,0,3,1,0,0,1,3,2,0.0,0.0,3.0,3.7,False,simple,0,,,7,5,0,4,0.7142857142857143,False,0,2,2,1,1,1,0.5,False,2,0,0.5,2,2,0,True,1,0,0.0,0,0,0,1.0,False,0,0,0,0
