id,high_severity_count,medium_severity_count,low_severity_count,num_functions,num_external_calls,num_state_vars,num_modifiers,max_cyclomatic_complexity,num_low_level_calls,lines_of_code,num_contracts_in_file,num_dependencies,avg_function_complexity,num_functions_high_complexity,num_comments,comment_to_code_ratio,num_payable_functions,num_library_calls,inheritance_depth,num_unused_functions,high_confidence_detectors,medium_confidence_detectors,low_confidence_detectors,security_detectors_triggered,optimization_detectors_triggered,total_detector_hits,unique_vulnerability_types,detectors_per_function,detectors_per_loc,risk_score_simple,risk_score_weighted,complexity_level,cfg_num_nodes,cfg_num_edges,cfg_num_cycles,cfg_max_depth,cfg_avg_branching,cfg_num_exit_points,cfg_cyclomatic_total,cg_num_nodes,cg_num_edges,cg_max_call_depth,cg_num_external_calls,cg_external_call_ratio,cg_num_public_entry_points,cg_num_internal_functions,cg_avg_calls_per_function,cg_num_leaf_functions,dfg_num_state_vars,dfg_num_tainted_flows,dfg_num_sensitive_sinks,dfg_num_external_sources,dfg_taint_to_sink_ratio,dfg_num_unvalidated_inputs,cei_violations,cei_safe_functions,cei_pattern_score,functions_with_reentrancy_guard,state_before_call_count,state_after_call_count,unchecked_calls_in_critical_context,cei_reentrancy_risk,state_external_danger,unchecked_lowlevel_risk,complexity_size_product,functions_calls_interaction,high_severity_density,guard_effectiveness,external_calls_ratio,low_level_calls_ratio,complexity_per_loc,avg_function_size,detector_density,high_severity_ratio,cei_violation_rate,state_after_call_ratio,reentrancy_risk_score,access_control_risk,code_quality_score,contract_maturity,has_critical_pattern,cei_violations^2,cei_violations lines_of_code,cei_violations num_functions,cei_violations max_cyclomatic_complexity,cei_violations total_detector_hits,lines_of_code^2,lines_of_code num_functions,lines_of_code max_cyclomatic_complexity,lines_of_code total_detector_hits,num_functions^2,num_functions max_cyclomatic_complexity,num_functions total_detector_hits,max_cyclomatic_complexity^2,max_cyclomatic_complexity total_detector_hits,total_detector_hits^2,ground_truth_vulnerable,contract_name,data_source
1,0,0,7,4,0,1,0,3,0,59,3,1,1.5,0,35,0.5932203389830508,0,0,2,0,4,3,0,0,0,3,1,0.0,0.0,7.0,14.233333333333334,0,15,12,0,4,0.8,1,6,4,7,1,0,0.0,3,1,1.75,5,1,2,0,2,0.0,2,0,0,1.0,0,0,0,0,0,0,0,177,0,0,0.0,0.0,0.0,0.05,11.8,0.05,0.0,0.0,0.0,0.0,0,10.782203389830508,7.5,0,0.0,0.0,0.0,0.0,0.0,3481.0,236.0,177.0,177.0,16.0,12.0,12.0,9.0,9.0,9.0,False,Ownable2Step,openzeppelin
2,0,0,5,6,0,1,1,3,0,87,2,1,2.0,0,47,0.5402298850574713,0,0,1,0,3,2,0,0,0,2,1,0.0,0.0,5.0,11.0,0,24,21,0,4,0.875,1,12,6,10,1,0,0.0,3,3,1.6666666666666667,6,1,1,0,3,0.0,3,0,0,1.0,0,0,0,0,0,0,0,261,0,0,0.0,0.0,0.0,0.03409090909090909,12.428571428571429,0.022727272727272728,0.0,0.0,0.0,0.0,0,12.252298850574713,6.7,0,0.0,0.0,0.0,0.0,0.0,7569.0,522.0,261.0,174.0,36.0,18.0,12.0,9.0,6.0,4.0,False,Ownable,openzeppelin
3,0,0,10,12,0,2,1,3,0,189,5,1,1.5,0,121,0.6402116402116402,0,0,2,0,7,3,0,0,0,3,1,0.0,0.0,10.0,30.333333333333336,1,42,32,0,4,0.7619047619047619,7,18,12,20,2,0,0.0,6,6,1.6666666666666667,8,2,3,0,19,0.0,11,0,0,1.0,0,0,0,0,0,0,0,567,0,0,0.0,0.0,0.0,0.015789473684210527,14.538461538461538,0.015789473684210527,0.0,0.0,0.0,0.0,0,13.252116402116402,16.1,0,0.0,0.0,0.0,0.0,0.0,35721.0,2268.0,567.0,567.0,144.0,36.0,36.0,9.0,9.0,9.0,False,AccessControl,openzeppelin
4,0,0,2,5,0,0,0,1,0,87,1,1,1.0,0,74,0.8505747126436781,0,0,0,0,2,0,0,0,0,1,1,0.0,0.0,2.0,4.0,0,0,0,0,0,0.0,0,0,5,0,0,0,0.0,5,0,0.0,5,0,0,0,9,0.0,5,0,0,1.0,0,0,0,0,0,0,0,87,0,0,0.0,0.0,0.0,0.011363636363636364,14.5,0.011363636363636364,0.0,0.0,0.0,0.0,0,13.45574712643678,7.4,0,0.0,0.0,0.0,0.0,0.0,7569.0,435.0,87.0,87.0,25.0,5.0,5.0,1.0,1.0,1.0,False,IAccessControl,openzeppelin
5,0,0,30,7,0,1,3,5,0,108,6,1,1.8571428571428568,0,36,0.3333333333333333,0,0,0,0,28,2,0,0,0,4,2,0.0,0.0,30.0,220.5,0,25,21,0,6,0.84,3,13,7,7,0,0,0.0,0,7,1.0,4,1,0,0,0,0.0,0,0,0,1.0,0,0,0,0,0,0,0,540,0,0,0.0,0.0,0.0,0.045871559633027525,13.5,0.03669724770642202,0.0,0.0,0.0,0.0,0,14.083333333333332,3.6,0,0.0,0.0,0.0,0.0,0.0,11664.0,756.0,540.0,432.0,49.0,35.0,28.0,25.0,20.0,16.0,False,MultipleInheritanceInitializableMocks,openzeppelin
6,0,2,33,3,4,3,0,6,0,42,7,1,2.6666666666666665,0,10,0.238095238095238,0,1,1,0,20,15,0,2,0,5,3,0.0,0.0,43.0,262.3,0,17,16,0,9,0.9411764705882352,2,8,3,2,1,4,0.6666666666666666,2,1,0.6666666666666666,3,3,2,1,7,2.0,2,0,0,1.0,0,0,0,0,0,0,0,252,12,0,0.0,1.0,0.0,0.13953488372093023,10.5,0.11627906976744186,0.0,0.0,0.0,0.0,0,7.080952380952379,6.0,0,0.0,0.0,0.0,0.0,0.0,1764.0,126.0,252.0,210.0,9.0,18.0,15.0,36.0,30.0,25.0,False,ERC3156FlashBorrowerMock,openzeppelin
7,0,0,41,1,4,0,0,7,0,19,13,1,7.0,0,1,0.0526315789473684,0,0,0,0,23,18,0,0,0,4,2,0.0,0.0,41.0,364.9,0,15,16,2,11,1.0666666666666669,0,7,1,3,1,4,0.5714285714285714,1,0,3.0,3,0,1,2,3,0.5,1,0,0,1.0,0,0,0,0,0,0,0,133,4,0,0.0,2.0,0.0,0.35,9.5,0.2,0.0,0.0,0.0,0.0,0,5.1763157894736835,0.1,0,0.0,0.0,0.0,0.0,0.0,361.0,19.0,133.0,76.0,1.0,7.0,4.0,49.0,28.0,16.0,False,MulticallHelper,openzeppelin
9,0,0,4,3,0,0,0,1,0,25,3,1,1.0,0,1,0.04,0,0,1,0,3,1,0,0,0,2,1,0.0,0.0,4.0,7.4,0,6,3,0,1,0.5,0,3,3,3,1,0,0.0,3,0,1.0,2,0,0,0,2,0.0,1,0,0,1.0,0,0,0,0,0,0,0,25,0,0,0.0,0.0,0.0,0.038461538461538464,6.25,0.07692307692307693,0.0,0.0,0.0,0.0,0,5.3500000000000005,2.1,0,0.0,0.0,0.0,0.0,0.0,625.0,75.0,25.0,50.0,9.0,3.0,6.0,1.0,2.0,4.0,False,ContextMock,openzeppelin
11,0,0,32,9,10,0,0,2,0,51,3,1,1.1111111111111112,0,2,0.0392156862745098,0,8,0,0,5,27,0,0,0,3,2,0.0,0.0,32.0,254.9333333333333,0,20,11,0,2,0.55,10,10,9,2,0,10,0.8333333333333334,0,9,0.2222222222222222,10,0,9,4,26,2.25,9,0,0,1.0,0,0,0,0,0,0,0,102,90,0,0.0,1.0,0.0,0.038461538461538464,5.1,0.057692307692307696,0.0,0.0,0.0,0.0,0,5.292156862745099,24.2,0,0.0,0.0,0.0,0.0,0.0,2601.0,459.0,102.0,153.0,81.0,18.0,27.0,4.0,6.0,9.0,False,MerkleProofCustomHashMock,openzeppelin
12,0,0,31,4,2,0,0,3,0,27,8,1,1.5,0,2,0.074074074074074,0,1,2,0,20,11,0,0,0,6,3,0.0,0.0,31.0,143.11666666666667,0,13,10,0,4,0.7692307692307693,0,6,4,1,1,2,0.6666666666666666,4,0,0.25,4,0,1,0,2,0.0,1,1,0,0.0,0,0,1,0,0,2,0,81,8,0,0.0,0.4,0.0,0.10714285714285714,5.4,0.21428571428571427,0.0,0.2,0.3333333333333333,0.7,0,5.59074074074074,7.2,0,1.0,27.0,4.0,3.0,6.0,729.0,108.0,81.0,162.0,16.0,12.0,24.0,9.0,18.0,36.0,False,AccessManagedTarget,openzeppelin
13,0,1,9,7,0,1,3,5,0,41,4,1,1.8571428571428568,0,13,0.3170731707317073,0,0,0,0,5,5,0,1,0,5,2,0.0,0.0,14.0,23.8,0,25,21,0,6,0.84,3,13,7,7,0,0,0.0,0,7,1.0,4,1,0,0,0,0.0,0,0,0,1.0,0,0,0,0,0,0,0,205,0,0,0.0,0.0,0.0,0.11904761904761904,5.125,0.11904761904761904,0.0,0.0,0.0,0.0,0,13.920731707317074,1.3,0,0.0,0.0,0.0,0.0,0.0,1681.0,287.0,205.0,205.0,49.0,35.0,35.0,25.0,25.0,25.0,False,SingleInheritanceInitializableMocks,openzeppelin
14,0,3,71,9,1,3,0,1,0,47,9,1,1.0,0,2,0.0425531914893617,2,1,0,0,35,39,0,3,0,7,3,0.0,0.0,86.0,765.4,0,20,11,0,3,0.55,2,9,9,1,1,1,0.5,9,0,0.1111111111111111,9,3,4,0,6,0.0,4,0,0,1.0,0,0,0,0,0,0,0,47,9,0,0.0,0.1,0.0,0.020833333333333332,4.7,0.14583333333333334,0.0,0.0,0.0,0.0,0,5.375531914893617,3.2,0,0.0,0.0,0.0,0.0,0.0,2209.0,423.0,47.0,329.0,81.0,9.0,63.0,1.0,7.0,49.0,False,DummyImplementation,openzeppelin
15,0,0,28,10,6,1,0,3,1,46,5,1,1.4,0,1,0.0217391304347826,0,0,1,0,18,10,0,0,0,4,3,0.0,0.0,28.0,175.0,0,37,29,0,6,0.7837837837837838,1,14,10,21,1,6,0.2222222222222222,9,1,2.1,8,1,3,6,4,0.5,4,0,0,1.0,6,0,0,0,0,0,0,138,60,0,0.0,0.5454545454545454,0.14285714285714285,0.06382978723404255,4.181818181818182,0.0851063829787234,0.0,0.0,0.0,0.0,0,5.067391304347826,2.1,0,0.0,0.0,0.0,0.0,0.0,2116.0,460.0,138.0,184.0,100.0,30.0,40.0,9.0,12.0,16.0,False,ReentrancyMock,openzeppelin
17,1,2,76,1,1,0,0,1,0,14,3,1,1.0,0,2,0.1428571428571428,0,1,0,0,8,71,0,3,0,6,2,0.0,0.0,96.0,923.1999999999998,0,4,3,0,3,0.75,1,1,1,0,0,1,1.0,1,0,0.0,1,0,1,0,1,0.0,1,0,0,1.0,0,0,0,0,0,0,0,14,1,6,0.0,0.5,0.0,0.06666666666666667,7.0,0.4,0.14285714285714285,0.0,0.0,0.0,0,6.378571428571428,3.2,0,0.0,0.0,0.0,0.0,0.0,196.0,14.0,14.0,84.0,1.0,1.0,6.0,1.0,6.0,36.0,False,Base64Dirty,openzeppelin
18,0,0,11,1,0,0,0,1,0,55,7,1,1.0,0,12,0.2181818181818181,0,0,1,0,11,0,0,0,0,4,1,0.0,0.0,11.0,30.25,0,2,1,0,1,0.5,0,1,1,1,1,0,0.0,1,0,1.0,1,0,0,0,3,0.0,1,0,0,1.0,0,0,0,0,0,0,0,55,0,0,0.0,0.0,0.0,0.017857142857142856,27.5,0.07142857142857142,0.0,0.0,0.0,0.0,0,7.131818181818181,3.2,0,0.0,0.0,0.0,0.0,0.0,3025.0,55.0,55.0,220.0,1.0,1.0,4.0,1.0,4.0,16.0,False,AuthorityMock,openzeppelin
19,0,0,13,2,0,1,0,1,0,43,5,1,1.0,0,1,0.0232558139534883,0,0,1,0,9,4,0,0,0,4,2,0.0,0.0,13.0,38.35,0,4,2,0,1,0.5,0,2,2,1,1,0,0.0,2,0,0.5,2,1,1,0,1,0.0,1,0,0,1.0,0,0,0,0,0,0,0,43,0,0,0.0,0.0,0.0,0.022727272727272728,14.333333333333334,0.09090909090909091,0.0,0.0,0.0,0.0,0,5.182558139534883,2.1,0,0.0,0.0,0.0,0.0,0.0,1849.0,86.0,43.0,172.0,4.0,2.0,8.0,1.0,4.0,16.0,False,RegressionImplementation,openzeppelin
20,0,0,43,18,18,2,0,1,0,64,7,1,1.0,0,2,0.03125,0,18,2,0,27,16,0,0,0,3,2,0.0,0.0,43.0,547.5333333333333,1,36,18,0,1,0.5,9,18,18,0,0,18,1.0,18,0,0.0,18,2,18,0,27,0.0,18,0,0,1.0,0,0,0,0,0,0,0,64,324,0,0.0,0.9473684210526315,0.0,0.015384615384615385,3.3684210526315788,0.046153846153846156,0.0,0.0,0.0,0.0,0,5.2625,58.2,0,0.0,0.0,0.0,0.0,0.0,4096.0,1152.0,64.0,192.0,324.0,18.0,54.0,1.0,3.0,9.0,False,StorageSlotMock,openzeppelin
21,0,0,8,4,0,2,0,1,0,86,8,1,1.0,0,28,0.3255813953488372,0,0,1,0,8,0,0,0,0,4,2,0.0,0.0,8.0,16.0,0,8,4,0,2,0.5,1,4,4,2,2,0,0.0,2,2,0.5,3,2,1,0,2,0.0,2,0,0,1.0,0,0,0,0,0,0,0,86,0,0,0.0,0.0,0.0,0.011494252873563218,17.2,0.04597701149425287,0.0,0.0,0.0,0.0,0,8.205813953488372,4.8,0,0.0,0.0,0.0,0.0,0.0,7396.0,344.0,86.0,344.0,16.0,4.0,16.0,1.0,4.0,16.0,False,ERC165Mock,openzeppelin
24,0,0,7,2,2,0,0,1,2,13,2,1,1.0,0,1,0.0769230769230769,0,0,1,0,5,2,0,0,0,3,2,0.0,0.0,7.0,14.933333333333334,0,8,6,0,3,0.75,0,2,2,4,1,2,0.3333333333333333,2,0,2.0,2,0,2,2,2,1.0,2,0,0,1.0,0,0,0,0,0,0,0,13,4,0,0.0,0.6666666666666666,0.6666666666666666,0.07142857142857142,4.333333333333333,0.21428571428571427,0.0,0.0,0.0,0.0,0,5.719230769230769,2.1,0,0.0,0.0,0.0,0.0,0.0,169.0,26.0,13.0,39.0,4.0,2.0,6.0,1.0,3.0,9.0,False,ReentrancyAttack,openzeppelin
25,0,1,29,3,1,3,0,3,0,21,4,1,1.6666666666666667,0,1,0.0476190476190476,0,1,0,0,15,15,0,1,0,5,3,0.0,0.0,34.0,173.4,0,10,8,0,3,0.8,0,5,3,0,0,1,1.0,3,0,0.0,3,3,1,1,2,1.0,1,0,1,1.0,0,1,0,0,0,0,0,63,3,0,0.0,0.25,0.0,0.13636363636363635,5.25,0.22727272727272727,0.0,0.0,0.0,0.0,0,5.326190476190476,3.1,0,0.0,0.0,0.0,0.0,0.0,441.0,63.0,63.0,105.0,9.0,9.0,15.0,9.0,15.0,25.0,False,TimelockReentrant,openzeppelin
26,0,0,3,1,0,1,0,9,0,28,1,1,9.0,0,3,0.1071428571428571,0,0,0,0,4,0,0,0,1,3,1,0.0,0.0,3.0,4.0,0,15,18,0,7,1.2,0,9,1,3,1,0,0.0,1,0,3.0,3,1,1,0,1,0.0,1,0,0,1.0,0,0,0,0,0,0,0,252,0,0,0.0,0.0,0.0,0.3103448275862069,14.0,0.10344827586206896,0.0,0.0,0.0,0.0,0,5.621428571428571,0.3,0,0.0,0.0,0.0,0.0,0.0,784.0,28.0,252.0,84.0,1.0,9.0,3.0,81.0,27.0,9.0,False,ConstructorMock,openzeppelin
27,0,0,36,4,3,0,0,1,0,22,9,1,1.0,0,3,0.1363636363636363,0,0,2,0,20,16,0,0,0,5,3,0.0,0.0,36.0,224.64,0,9,5,0,2,0.5555555555555556,3,4,4,5,1,3,0.375,1,3,1.25,0,0,0,1,1,0.0,1,0,0,1.0,0,0,0,0,0,0,0,22,12,0,0.0,0.6,0.0,0.043478260869565216,4.4,0.21739130434782608,0.0,0.0,0.0,0.0,0,6.313636363636363,4.3,0,0.0,0.0,0.0,0.0,0.0,484.0,88.0,22.0,110.0,16.0,4.0,20.0,1.0,5.0,25.0,False,ERC2771ContextMock,openzeppelin
29,0,1,2,2,0,1,0,3,0,13,1,1,2.0,0,1,0.0769230769230769,1,0,0,0,3,0,0,1,0,2,2,0.0,0.0,7.0,10.5,0,6,5,0,2,0.8333333333333334,0,4,2,1,1,0,0.0,2,0,0.5,2,1,1,0,1,0.0,1,0,0,1.0,0,0,0,0,0,0,0,39,0,0,0.0,0.0,0.0,0.21428571428571427,4.333333333333333,0.14285714285714285,0.0,0.0,0.0,0.0,0,5.619230769230769,0.1,0,0.0,0.0,0.0,0.0,0.0,169.0,26.0,39.0,26.0,4.0,6.0,4.0,9.0,6.0,4.0,False,EtherReceiverMock,openzeppelin
30,0,1,7,15,1,1,0,3,0,83,2,1,1.1333333333333333,0,1,0.0120481927710843,11,0,0,0,7,2,0,1,1,6,2,0.0,0.0,12.0,16.8,1,48,33,1,5,0.6875,8,17,15,6,1,1,0.1428571428571428,15,0,0.4,13,1,0,0,14,0.0,6,0,0,1.0,0,0,0,0,0,0,0,249,15,0,0.0,0.0625,0.0,0.03571428571428571,5.1875,0.07142857142857142,0.0,0.0,0.0,0.0,0,4.970481927710843,0.1,0,0.0,0.0,0.0,0.0,0.0,6889.0,1245.0,249.0,498.0,225.0,45.0,90.0,9.0,18.0,36.0,False,CallReceiverMock,openzeppelin
31,0,0,6,5,0,2,0,1,0,23,3,1,1.0,0,1,0.0434782608695652,0,0,2,0,4,2,0,0,0,2,1,0.0,0.0,6.0,16.2,0,13,8,0,2,0.6153846153846154,0,5,5,4,1,0,0.0,5,0,0.8,5,2,0,0,0,0.0,0,0,0,1.0,0,0,0,0,0,0,0,23,0,0,0.0,0.0,0.0,0.041666666666666664,3.8333333333333335,0.08333333333333333,0.0,0.0,0.0,0.0,0,5.3847826086956525,4.1,0,0.0,0.0,0.0,0.0,0.0,529.0,115.0,23.0,46.0,25.0,5.0,10.0,1.0,2.0,4.0,False,PausableMock,openzeppelin
33,0,0,29,1,2,0,0,4,0,17,4,1,4.0,0,1,0.0588235294117647,0,1,0,0,15,14,0,0,0,3,2,0.0,0.0,29.0,239.7333333333333,0,9,9,1,6,1.0,1,4,1,0,0,2,1.0,1,0,0.0,1,0,1,2,1,0.5,1,0,0,1.0,0,0,0,0,0,0,0,68,2,0,0.0,1.0,0.0,0.2222222222222222,8.5,0.16666666666666666,0.0,0.0,0.0,0.0,0,5.388235294117647,3.1,0,0.0,0.0,0.0,0.0,0.0,289.0,17.0,68.0,51.0,1.0,4.0,3.0,16.0,12.0,9.0,False,BatchCaller,openzeppelin
34,1,12,154,4,0,0,0,1,0,14,14,1,1.0,0,1,0.0714285714285714,0,0,2,0,39,128,0,13,0,10,5,0.0,0.0,224.0,2880.64,0,9,5,0,2,0.5555555555555556,0,4,4,2,1,0,0.0,3,1,0.5,3,0,0,0,1,0.0,1,6,2,0.25,0,3,6,0,0,0,0,14,0,10,0.0,0.0,0.0,0.06666666666666667,2.8,0.6666666666666666,0.09090909090909091,1.2,6.0,4.2,0,5.664285714285715,4.1,1,36.0,84.0,24.0,6.0,60.0,196.0,56.0,14.0,140.0,16.0,4.0,40.0,1.0,10.0,100.0,False,AccessManagerMock,openzeppelin
35,0,1,6,8,0,3,0,1,0,99,10,1,1.0,0,5,0.0505050505050505,2,0,1,0,7,0,0,1,0,4,2,0.0,0.0,11.0,19.25,0,21,13,0,2,0.6190476190476191,1,8,8,9,2,0,0.0,8,0,1.125,5,3,2,0,2,0.0,2,0,0,1.0,0,0,0,0,0,0,0,99,0,0,0.0,0.0,0.0,0.01,11.0,0.04,0.0,0.0,0.0,0.0,0,5.455050505050505,2.5,0,0.0,0.0,0.0,0.0,0.0,9801.0,792.0,99.0,396.0,64.0,8.0,32.0,1.0,4.0,16.0,False,InitializableMock,openzeppelin
36,0,0,6,1,0,1,0,1,0,21,4,1,1.0,0,4,0.1904761904761904,0,0,1,0,6,1,0,0,1,5,1,0.0,0.0,6.0,8.04,0,2,1,0,1,0.5,0,1,1,0,0,0,0.0,1,0,0.0,1,1,1,0,1,0.0,1,0,0,1.0,0,0,0,0,0,0,0,21,0,0,0.0,0.0,0.0,0.045454545454545456,10.5,0.22727272727272727,0.0,0.0,0.0,0.0,0,6.854761904761904,2.4,0,0.0,0.0,0.0,0.0,0.0,441.0,21.0,21.0,105.0,1.0,1.0,5.0,1.0,5.0,25.0,False,UpgradeableBeaconMock,openzeppelin
38,0,0,21,2,1,0,0,2,0,19,6,1,1.5,0,1,0.0526315789473684,0,1,1,0,12,9,0,0,0,4,2,0.0,0.0,21.0,96.075,0,6,4,0,2,0.6666666666666666,2,3,2,2,1,1,0.3333333333333333,2,0,1.0,1,0,1,0,3,0.0,2,0,0,1.0,0,0,0,0,0,0,0,38,2,0,0.0,0.3333333333333333,0.0,0.1,6.333333333333333,0.2,0.0,0.0,0.0,0.0,0,5.426315789473684,5.1,0,0.0,0.0,0.0,0.0,0.0,361.0,38.0,38.0,76.0,4.0,4.0,8.0,4.0,8.0,16.0,False,ERC1271WalletMock,openzeppelin
39,0,0,8,27,0,0,0,1,0,402,3,1,1.0,0,266,0.6616915422885572,1,0,1,0,8,0,0,0,0,3,1,0.0,0.0,8.0,21.33333333333333,1,0,0,0,0,0.0,0,0,27,0,0,0,0.0,27,0,0.0,27,0,0,0,57,0.0,21,0,0,1.0,0,0,0,0,0,0,0,402,0,0,0.0,0.0,0.0,0.0024813895781637717,14.357142857142858,0.007444168734491315,0.0,0.0,0.0,0.0,0,11.566915422885572,28.6,0,0.0,0.0,0.0,0.0,0.0,161604.0,10854.0,402.0,1206.0,729.0,27.0,81.0,1.0,3.0,9.0,False,IGovernor,openzeppelin
40,1,3,50,24,4,6,1,9,1,422,13,1,2.625,0,191,0.45260663507109,3,1,3,0,28,26,0,4,0,11,7,0.0,0.0,75.0,315.0,2,145,137,4,14,0.9448275862068966,14,63,24,49,4,4,0.0754716981132075,18,6,2.0416666666666665,16,6,8,2,54,4.0,21,0,0,1.0,0,0,0,0,0,0,0,3798,96,11,0.0,0.16,0.2,0.02127659574468085,16.88,0.026004728132387706,0.08333333333333333,0.0,0.0,0.0,0,11.0760663507109,28.1,0,0.0,0.0,0.0,0.0,0.0,178084.0,10128.0,3798.0,4642.0,576.0,216.0,264.0,81.0,99.0,121.0,False,TimelockController,openzeppelin
42,1,10,820,10,2,0,2,3,0,136,17,1,1.7,0,69,0.5073529411764706,1,1,1,0,464,367,0,11,0,13,4,0.0,0.0,880.0,48799.38461538462,0,32,25,0,4,0.78125,7,17,10,11,2,2,0.1538461538461538,5,5,1.1,7,0,2,1,10,2.0,5,0,0,1.0,0,0,0,0,0,0,0,408,20,13,0.0,0.18181818181818182,0.0,0.021897810218978103,12.363636363636363,0.0948905109489051,0.07142857142857142,0.0,0.0,0.0,0,13.923529411764704,11.9,0,0.0,0.0,0.0,0.0,0.0,18496.0,1360.0,408.0,1768.0,100.0,30.0,130.0,9.0,39.0,169.0,False,Account,openzeppelin
44,0,0,10,6,0,1,0,2,0,81,2,1,1.3333333333333333,0,42,0.5185185185185185,0,0,1,0,3,7,0,0,0,3,1,0.0,0.0,10.0,26.333333333333336,0,20,14,0,4,0.7,7,8,6,7,1,0,0.0,2,4,1.1666666666666667,3,1,1,0,2,0.0,2,0,0,1.0,0,0,0,0,0,0,0,162,0,0,0.0,0.0,0.0,0.024390243902439025,11.571428571428571,0.036585365853658534,0.0,0.0,0.0,0.0,0,10.085185185185185,6.2,0,0.0,0.0,0.0,0.0,0.0,6561.0,486.0,162.0,243.0,36.0,12.0,18.0,4.0,6.0,9.0,False,ERC2771Context,openzeppelin
46,0,1,8,3,2,1,0,5,0,59,4,1,2.333333333333333,0,28,0.4745762711864407,1,2,1,0,7,2,0,1,0,5,2,0.0,0.0,13.0,21.84,0,10,11,0,7,1.1,1,5,3,4,1,2,0.3333333333333333,1,2,1.3333333333333333,4,1,1,2,9,0.5,3,0,0,1.0,0,0,0,0,0,0,0,295,6,0,0.0,0.5,0.0,0.08333333333333333,14.75,0.08333333333333333,0.0,0.0,0.0,0.0,0,9.495762711864407,10.8,0,0.0,0.0,0.0,0.0,0.0,3481.0,177.0,295.0,295.0,9.0,15.0,15.0,25.0,25.0,25.0,False,ERC7786Recipient,openzeppelin
47,0,0,5,6,0,0,0,1,0,4,2,1,1.0,0,2,0.5,0,0,1,0,5,0,0,0,0,2,1,0.0,0.0,5.0,12.5,0,0,0,0,0,0.0,0,0,6,0,0,0,0.0,6,0,0.0,6,0,0,0,18,0.0,6,0,0,1.0,0,0,0,0,0,0,0,4,0,0,0.0,0.0,0.0,0.2,0.5714285714285714,0.4,0.0,0.0,0.0,0.0,0,9.95,2.2,0,0.0,0.0,0.0,0.0,0.0,16.0,24.0,4.0,8.0,36.0,6.0,12.0,1.0,2.0,4.0,False,IERC1155,openzeppelin
48,0,0,2,0,0,0,0,0,0,20,1,1,0.0,0,14,0.7,0,0,0,0,2,0,0,0,0,1,1,0.0,0.0,2.0,4.0,0,0,0,0,0,0.0,0,0,0,0,0,0,0.0,0,0,0.0,0,0,0,0,0,0.0,0,0,0,1.0,0,0,0,0,0,0,0,0,0,0,0.0,0.0,0.0,0.0,20.0,0.047619047619047616,0.0,0.0,0.0,0.0,0,12.0,1.4,0,0.0,0.0,0.0,0.0,0.0,400.0,0.0,0.0,20.0,0.0,0.0,0.0,0.0,0.0,1.0,False,IERC1967,openzeppelin
49,0,0,3,1,0,0,0,1,0,4,1,1,1.0,0,2,0.5,0,0,0,0,3,0,0,0,0,1,1,0.0,0.0,3.0,9.0,0,0,0,0,0,0.0,0,0,1,0,0,0,0.0,1,0,0.0,1,0,0,0,1,0.0,1,0,0,1.0,0,0,0,0,0,0,0,4,0,0,0.0,0.0,0.0,0.2,2.0,0.2,0.0,0.0,0.0,0.0,0,9.95,0.2,0,0.0,0.0,0.0,0.0,0.0,16.0,4.0,4.0,4.0,1.0,1.0,1.0,1.0,1.0,1.0,False,IERC165,openzeppelin
50,0,0,4,1,0,0,0,1,0,5,2,1,1.0,0,2,0.4,0,0,0,0,4,0,0,0,0,1,1,0.0,0.0,4.0,16.0,0,0,0,0,0,0.0,0,0,1,0,0,0,0.0,1,0,0.0,1,0,0,0,5,0.0,1,0,0,1.0,0,0,0,0,0,0,0,5,0,0,0.0,0.0,0.0,0.16666666666666666,2.5,0.16666666666666666,0.0,0.0,0.0,0.0,0,8.95,0.2,0,0.0,0.0,0.0,0.0,0.0,25.0,5.0,5.0,5.0,1.0,1.0,1.0,1.0,1.0,1.0,False,IERC3156,openzeppelin
51,0,0,2,1,0,0,0,1,0,24,1,1,1.0,0,20,0.8333333333333334,0,0,0,0,2,0,0,0,0,1,1,0.0,0.0,2.0,4.0,0,0,0,0,0,0.0,0,0,1,0,0,0,0.0,1,0,0.0,1,0,0,0,3,0.0,1,0,0,1.0,0,0,0,0,0,0,0,24,0,0,0.0,0.0,0.0,0.04,12.0,0.04,0.0,0.0,0.0,0.0,0,13.283333333333335,2.0,0,0.0,0.0,0.0,0.0,0.0,576.0,24.0,24.0,24.0,1.0,1.0,1.0,1.0,1.0,1.0,False,IERC1363Spender,openzeppelin
52,0,0,4,7,0,0,0,1,0,107,5,1,1.0,0,75,0.7009345794392523,0,0,1,0,4,0,0,0,0,2,1,0.0,0.0,4.0,8.0,0,0,0,0,0,0.0,0,0,7,0,0,0,0.0,7,0,0.0,7,0,0,0,19,0.0,7,0,0,1.0,0,0,0,0,0,0,0,107,0,0,0.0,0.0,0.0,0.009259259259259259,13.375,0.018518518518518517,0.0,0.0,0.0,0.0,0,11.959345794392522,9.5,0,0.0,0.0,0.0,0.0,0.0,11449.0,749.0,107.0,214.0,49.0,7.0,14.0,1.0,2.0,4.0,False,IERC6909,openzeppelin
53,0,0,4,1,0,0,0,1,0,23,2,1,1.0,0,15,0.6521739130434783,0,0,1,0,4,0,0,0,0,2,1,0.0,0.0,4.0,8.0,0,0,0,0,0,0.0,0,0,1,0,0,0,0.0,1,0,0.0,1,0,0,0,2,0.0,1,0,0,1.0,0,0,0,0,0,0,0,23,0,0,0.0,0.0,0.0,0.041666666666666664,11.5,0.08333333333333333,0.0,0.0,0.0,0.0,0,11.471739130434784,3.5,0,0.0,0.0,0.0,0.0,0.0,529.0,23.0,23.0,46.0,1.0,1.0,2.0,1.0,2.0,4.0,False,IERC2981,openzeppelin
54,0,0,2,1,0,0,0,1,0,25,1,1,1.0,0,9,0.36,0,0,0,0,2,0,0,0,0,1,1,0.0,0.0,2.0,4.0,0,0,0,0,0,0.0,0,0,1,0,0,0,0.0,1,0,0.0,1,0,0,0,0,0.0,0,0,0,1.0,0,0,0,0,0,0,0,25,0,0,0.0,0.0,0.0,0.038461538461538464,12.5,0.038461538461538464,0.0,0.0,0.0,0.0,0,8.55,0.9,0,0.0,0.0,0.0,0.0,0.0,625.0,25.0,25.0,25.0,1.0,1.0,1.0,1.0,1.0,1.0,False,IERC5267,openzeppelin
55,0,0,2,1,0,0,0,1,0,15,1,1,1.0,0,11,0.7333333333333333,0,0,0,0,2,0,0,0,0,1,1,0.0,0.0,2.0,4.0,0,0,0,0,0,0.0,0,0,1,0,0,0,0.0,1,0,0.0,1,0,0,0,2,0.0,1,0,0,1.0,0,0,0,0,0,0,0,15,0,0,0.0,0.0,0.0,0.0625,7.5,0.0625,0.0,0.0,0.0,0.0,0,12.283333333333333,1.1,0,0.0,0.0,0.0,0.0,0.0,225.0,15.0,15.0,15.0,1.0,1.0,1.0,1.0,1.0,1.0,False,IERC1271,openzeppelin
56,0,0,3,6,0,0,0,1,0,4,1,1,1.0,0,2,0.5,0,0,0,0,3,0,0,0,0,1,1,0.0,0.0,3.0,9.0,0,0,0,0,0,0.0,0,0,6,0,0,0,0.0,6,0,0.0,6,0,0,0,10,0.0,5,0,0,1.0,0,0,0,0,0,0,0,4,0,0,0.0,0.0,0.0,0.2,0.5714285714285714,0.2,0.0,0.0,0.0,0.0,0,9.95,0.2,0,0.0,0.0,0.0,0.0,0.0,16.0,24.0,4.0,4.0,36.0,6.0,6.0,1.0,1.0,1.0,False,IERC20,openzeppelin
57,0,0,7,6,0,0,0,1,0,77,3,1,1.0,0,66,0.8571428571428571,0,0,1,0,7,0,0,0,0,2,1,0.0,0.0,7.0,24.5,0,0,0,0,0,0.0,0,0,6,0,0,0,0.0,6,0,0.0,3,0,0,0,17,0.0,6,0,0,1.0,0,0,0,0,0,0,0,77,0,0,0.0,0.0,0.0,0.01282051282051282,11.0,0.02564102564102564,0.0,0.0,0.0,0.0,0,13.521428571428572,8.6,0,0.0,0.0,0.0,0.0,0.0,5929.0,462.0,77.0,154.0,36.0,6.0,12.0,1.0,2.0,4.0,False,IERC1363,openzeppelin
58,0,0,2,1,0,0,0,1,0,14,1,1,1.0,0,10,0.7142857142857143,0,0,0,0,2,0,0,0,0,1,1,0.0,0.0,2.0,4.0,0,0,0,0,0,0.0,0,0,1,0,0,0,0.0,1,0,0.0,1,0,0,0,0,0.0,0,0,0,1.0,0,0,0,0,0,0,0,14,0,0,0.0,0.0,0.0,0.06666666666666667,7.0,0.06666666666666667,0.0,0.0,0.0,0.0,0,12.092857142857143,1.0,0,0.0,0.0,0.0,0.0,0.0,196.0,14.0,14.0,14.0,1.0,1.0,1.0,1.0,1.0,1.0,False,IERC5313,openzeppelin
59,0,0,5,16,0,0,0,1,0,210,3,1,1.0,0,181,0.861904761904762,0,0,2,0,5,0,0,0,0,2,1,0.0,0.0,5.0,12.5,1,0,0,0,0,0.0,0,0,16,0,0,0,0.0,16,0,0.0,16,0,0,0,20,0.0,14,0,0,1.0,0,0,0,0,0,0,0,210,0,0,0.0,0.0,0.0,0.004739336492890996,12.352941176470589,0.009478672985781991,0.0,0.0,0.0,0.0,0,13.56904761904762,22.1,0,0.0,0.0,0.0,0.0,0.0,44100.0,3360.0,210.0,420.0,256.0,16.0,32.0,1.0,2.0,4.0,False,IERC4626,openzeppelin
60,0,0,2,0,0,0,0,0,0,10,1,1,0.0,0,6,0.6,0,0,0,0,2,0,0,0,0,1,1,0.0,0.0,2.0,4.0,0,0,0,0,0,0.0,0,0,0,0,0,0,0.0,0,0,0.0,0,0,0,0,0,0.0,0,0,0,1.0,0,0,0,0,0,0,0,0,0,0,0.0,0.0,0.0,0.0,10.0,0.09090909090909091,0.0,0.0,0.0,0.0,0,11.0,0.6,0,0.0,0.0,0.0,0.0,0.0,100.0,0.0,0.0,10.0,0.0,0.0,0.0,0.0,0.0,1.0,False,IERC7751,openzeppelin
61,0,0,2,1,0,0,0,1,0,30,1,1,1.0,0,21,0.7,0,0,0,0,2,0,0,0,0,1,1,0.0,0.0,2.0,4.0,0,0,0,0,0,0.0,0,0,1,0,0,0,0.0,1,0,0.0,1,0,0,0,4,0.0,1,0,0,1.0,0,0,0,0,0,0,0,30,0,0,0.0,0.0,0.0,0.03225806451612903,15.0,0.03225806451612903,0.0,0.0,0.0,0.0,0,11.95,2.1,0,0.0,0.0,0.0,0.0,0.0,900.0,30.0,30.0,30.0,1.0,1.0,1.0,1.0,1.0,1.0,False,IERC1363Receiver,openzeppelin
62,0,0,6,3,0,0,0,1,0,4,3,1,1.0,0,2,0.5,0,0,2,0,6,0,0,0,0,2,1,0.0,0.0,6.0,18.0,0,0,0,0,0,0.0,0,0,3,0,0,0,0.0,3,0,0.0,3,0,0,0,3,0.0,2,0,0,1.0,0,0,0,0,0,0,0,4,0,0,0.0,0.0,0.0,0.2,1.0,0.4,0.0,0.0,0.0,0.0,0,9.95,4.2,0,0.0,0.0,0.0,0.0,0.0,16.0,12.0,4.0,8.0,9.0,3.0,6.0,1.0,2.0,4.0,False,IERC721Enumerable,openzeppelin
63,0,0,5,9,0,0,0,1,0,4,2,1,1.0,0,2,0.5,0,0,1,0,5,0,0,0,0,2,1,0.0,0.0,5.0,12.5,0,0,0,0,0,0.0,0,0,9,0,0,0,0.0,9,0,0.0,8,0,0,0,19,0.0,9,0,0,1.0,0,0,0,0,0,0,0,4,0,0,0.0,0.0,0.0,0.2,0.4,0.4,0.0,0.0,0.0,0.0,0,9.95,2.2,0,0.0,0.0,0.0,0.0,0.0,16.0,36.0,4.0,8.0,81.0,9.0,18.0,1.0,2.0,4.0,False,IERC721,openzeppelin
64,0,0,2,0,0,0,0,0,0,17,1,1,0.0,0,8,0.4705882352941176,0,0,0,0,2,0,0,0,0,1,1,0.0,0.0,2.0,4.0,0,0,0,0,0,0.0,0,0,0,0,0,0,0.0,0,0,0.0,0,0,0,0,0,0.0,0,0,0,1.0,0,0,0,0,0,0,0,0,0,0,0.0,0.0,0.0,0.0,17.0,0.05555555555555555,0.0,0.0,0.0,0.0,0,9.705882352941176,0.8,0,0.0,0.0,0.0,0.0,0.0,289.0,0.0,0.0,17.0,0.0,0.0,0.0,0.0,0.0,1.0,False,IERC2309,openzeppelin
65,0,0,5,3,0,0,0,1,0,4,2,1,1.0,0,2,0.5,0,0,1,0,5,0,0,0,0,2,1,0.0,0.0,5.0,12.5,0,0,0,0,0,0.0,0,0,3,0,0,0,0.0,3,0,0.0,3,0,0,0,0,0.0,0,0,0,1.0,0,0,0,0,0,0,0,4,0,0,0.0,0.0,0.0,0.2,1.0,0.4,0.0,0.0,0.0,0.0,0,9.95,2.2,0,0.0,0.0,0.0,0.0,0.0,16.0,12.0,4.0,8.0,9.0,3.0,6.0,1.0,2.0,4.0,False,IERC20Metadata,openzeppelin
66,0,0,5,0,0,0,0,0,0,5,2,1,0.0,0,2,0.4,0,0,1,0,5,0,0,0,0,3,1,0.0,0.0,5.0,8.333333333333334,0,0,0,0,0,0.0,0,0,0,0,0,0,0.0,0,0,0.0,0,0,0,0,0,0.0,0,0,0,1.0,0,0,0,0,0,0,0,0,0,0,0.0,0.0,0.0,0.0,5.0,0.5,0.0,0.0,0.0,0.0,0,9.0,2.2,0,0.0,0.0,0.0,0.0,0.0,25.0,0.0,0.0,15.0,0.0,0.0,0.0,0.0,0.0,9.0,False,IERC2612,openzeppelin
67,0,0,6,0,0,0,0,0,0,6,3,1,0.0,0,2,0.3333333333333333,0,0,1,0,6,0,0,0,0,3,1,0.0,0.0,6.0,12.0,0,0,0,0,0,0.0,0,0,0,0,0,0,0.0,0,0,0.0,0,0,0,0,0,0.0,0,0,0,1.0,0,0,0,0,0,0,0,0,0,0,0.0,0.0,0.0,0.0,6.0,0.42857142857142855,0.0,0.0,0.0,0.0,0,8.333333333333332,2.2,0,0.0,0.0,0.0,0.0,0.0,36.0,0.0,0.0,18.0,0.0,0.0,0.0,0.0,0.0,9.0,False,IERC5805,openzeppelin
68,0,0,2,13,0,0,0,1,0,181,1,1,1.0,0,147,0.8121546961325967,0,0,0,0,2,0,0,0,0,1,1,0.0,0.0,2.0,4.0,1,0,0,0,0,0.0,0,0,13,0,0,0,0.0,13,0,0.0,13,0,0,0,19,0.0,8,0,0,1.0,0,0,0,0,0,0,0,181,0,0,0.0,0.0,0.0,0.005494505494505495,12.928571428571429,0.005494505494505495,0.0,0.0,0.0,0.0,0,13.071546961325968,14.7,0,0.0,0.0,0.0,0.0,0.0,32761.0,2353.0,181.0,181.0,169.0,13.0,13.0,1.0,1.0,1.0,False,IERC777,openzeppelin
69,0,0,2,1,0,0,0,1,0,16,1,1,1.0,0,12,0.75,0,0,0,0,2,0,0,0,0,1,1,0.0,0.0,2.0,4.0,0,0,0,0,0,0.0,0,0,1,0,0,0,0.0,1,0,0.0,1,0,0,0,3,0.0,1,0,0,1.0,0,0,0,0,0,0,0,16,0,0,0.0,0.0,0.0,0.058823529411764705,8.0,0.058823529411764705,0.0,0.0,0.0,0.0,0,12.45,1.2,0,0.0,0.0,0.0,0.0,0.0,256.0,16.0,16.0,16.0,1.0,1.0,1.0,1.0,1.0,1.0,False,IERC7913,openzeppelin
70,0,0,3,1,0,0,0,1,0,4,1,1,1.0,0,2,0.5,0,0,0,0,3,0,0,0,0,1,1,0.0,0.0,3.0,9.0,0,0,0,0,0,0.0,0,0,1,0,0,0,0.0,1,0,0.0,1,0,0,0,4,0.0,1,0,0,1.0,0,0,0,0,0,0,0,4,0,0,0.0,0.0,0.0,0.2,2.0,0.2,0.0,0.0,0.0,0.0,0,9.95,0.2,0,0.0,0.0,0.0,0.0,0.0,16.0,4.0,4.0,4.0,1.0,1.0,1.0,1.0,1.0,1.0,False,IERC721Receiver,openzeppelin
71,0,0,3,3,0,0,0,1,0,36,2,1,1.0,0,24,0.6666666666666666,0,0,0,0,3,0,0,0,0,1,1,0.0,0.0,3.0,9.0,0,0,0,0,0,0.0,0,0,3,0,0,0,0.0,3,0,0.0,3,0,0,0,7,0.0,3,0,0,1.0,0,0,0,0,0,0,0,36,0,0,0.0,0.0,0.0,0.02702702702702703,9.0,0.02702702702702703,0.0,0.0,0.0,0.0,0,11.616666666666667,2.4,0,0.0,0.0,0.0,0.0,0.0,1296.0,108.0,36.0,36.0,9.0,3.0,3.0,1.0,1.0,1.0,False,IERC3156FlashLender,openzeppelin
72,0,0,7,0,0,0,0,0,0,16,3,1,0.0,0,9,0.5625,0,0,2,0,7,0,0,0,0,2,1,0.0,0.0,7.0,24.5,0,0,0,0,0,0.0,0,0,0,0,0,0,0.0,0,0,0.0,0,0,0,0,0,0.0,0,0,0,1.0,0,0,0,0,0,0,0,0,0,0,0.0,0.0,0.0,0.0,16.0,0.11764705882352941,0.0,0.0,0.0,0.0,0,10.625,4.9,0,0.0,0.0,0.0,0.0,0.0,256.0,0.0,0.0,32.0,0.0,0.0,0.0,0.0,0.0,4.0,False,IERC4906,openzeppelin
73,0,0,2,1,0,0,0,1,0,25,1,1,1.0,0,15,0.6,0,0,0,0,2,0,0,0,0,1,1,0.0,0.0,2.0,4.0,0,0,0,0,0,0.0,0,0,1,0,0,0,0.0,1,0,0.0,1,0,0,0,5,0.0,1,0,0,1.0,0,0,0,0,0,0,0,25,0,0,0.0,0.0,0.0,0.038461538461538464,12.5,0.038461538461538464,0.0,0.0,0.0,0.0,0,10.95,1.5,0,0.0,0.0,0.0,0.0,0.0,625.0,25.0,25.0,25.0,1.0,1.0,1.0,1.0,1.0,1.0,False,IERC3156FlashBorrower,openzeppelin
74,0,0,2,8,0,0,0,1,0,101,1,1,1.0,0,88,0.8712871287128713,0,0,0,0,2,0,0,0,0,1,1,0.0,0.0,2.0,4.0,0,0,0,0,0,0.0,0,0,8,0,0,0,0.0,8,0,0.0,8,0,0,0,15,0.0,8,0,0,1.0,0,0,0,0,0,0,0,101,0,0,0.0,0.0,0.0,0.00980392156862745,11.222222222222221,0.00980392156862745,0.0,0.0,0.0,0.0,0,13.662871287128713,8.8,0,0.0,0.0,0.0,0.0,0.0,10201.0,808.0,101.0,101.0,64.0,8.0,8.0,1.0,1.0,1.0,False,IERC1820Registry,openzeppelin
75,0,0,2,1,0,0,0,1,0,33,1,1,1.0,0,22,0.6666666666666666,0,0,0,0,2,0,0,0,0,1,1,0.0,0.0,2.0,4.0,0,0,0,0,0,0.0,0,0,1,0,0,0,0.0,1,0,0.0,1,0,0,0,6,0.0,1,0,0,1.0,0,0,0,0,0,0,0,33,0,0,0.0,0.0,0.0,0.029411764705882353,16.5,0.029411764705882353,0.0,0.0,0.0,0.0,0,11.616666666666667,2.2,0,0.0,0.0,0.0,0.0,0.0,1089.0,33.0,33.0,33.0,1.0,1.0,1.0,1.0,1.0,1.0,False,IERC777Recipient,openzeppelin
76,0,0,6,3,0,0,0,1,0,4,3,1,1.0,0,2,0.5,0,0,2,0,6,0,0,0,0,2,1,0.0,0.0,6.0,18.0,0,0,0,0,0,0.0,0,0,3,0,0,0,0.0,3,0,0.0,3,0,0,0,1,0.0,1,0,0,1.0,0,0,0,0,0,0,0,4,0,0,0.0,0.0,0.0,0.2,1.0,0.4,0.0,0.0,0.0,0.0,0,9.95,4.2,0,0.0,0.0,0.0,0.0,0.0,16.0,12.0,4.0,8.0,9.0,3.0,6.0,1.0,2.0,4.0,False,IERC721Metadata,openzeppelin
77,0,0,2,1,0,0,0,1,0,33,1,1,1.0,0,22,0.6666666666666666,0,0,0,0,2,0,0,0,0,1,1,0.0,0.0,2.0,4.0,0,0,0,0,0,0.0,0,0,1,0,0,0,0.0,1,0,0.0,1,0,0,0,6,0.0,1,0,0,1.0,0,0,0,0,0,0,0,33,0,0,0.0,0.0,0.0,0.029411764705882353,16.5,0.029411764705882353,0.0,0.0,0.0,0.0,0,11.616666666666667,2.2,0,0.0,0.0,0.0,0.0,0.0,1089.0,33.0,33.0,33.0,1.0,1.0,1.0,1.0,1.0,1.0,False,IERC777Sender,openzeppelin
78,0,0,2,1,0,0,0,1,0,18,1,1,1.0,0,14,0.7777777777777778,0,0,0,0,2,0,0,0,0,1,1,0.0,0.0,2.0,4.0,0,0,0,0,0,0.0,0,0,1,0,0,0,0.0,1,0,0.0,1,0,0,0,2,0.0,1,0,0,1.0,0,0,0,0,0,0,0,18,0,0,0.0,0.0,0.0,0.05263157894736842,9.0,0.05263157894736842,0.0,0.0,0.0,0.0,0,12.727777777777778,1.4,0,0.0,0.0,0.0,0.0,0.0,324.0,18.0,18.0,18.0,1.0,1.0,1.0,1.0,1.0,1.0,False,IERC1820Implementer,openzeppelin
79,0,0,5,2,0,0,0,1,0,4,2,1,1.0,0,2,0.5,0,0,1,0,5,0,0,0,0,2,1,0.0,0.0,5.0,12.5,0,0,0,0,0,0.0,0,0,2,0,0,0,0.0,2,0,0.0,2,0,0,0,10,0.0,2,0,0,1.0,0,0,0,0,0,0,0,4,0,0,0.0,0.0,0.0,0.2,1.3333333333333333,0.4,0.0,0.0,0.0,0.0,0,9.95,2.2,0,0.0,0.0,0.0,0.0,0.0,16.0,8.0,4.0,8.0,4.0,2.0,4.0,1.0,2.0,4.0,False,IERC1155Receiver,openzeppelin
80,0,0,3,2,0,0,0,1,0,14,1,1,1.0,0,9,0.6428571428571429,0,0,0,0,3,0,0,0,0,2,1,0.0,0.0,3.0,4.5,0,0,0,0,0,0.0,0,0,2,0,0,0,0.0,2,0,0.0,2,0,0,0,0,0.0,0,0,0,1.0,0,0,0,0,0,0,0,14,0,0,0.0,0.0,0.0,0.06666666666666667,4.666666666666667,0.13333333333333333,0.0,0.0,0.0,0.0,0,11.37857142857143,0.9,0,0.0,0.0,0.0,0.0,0.0,196.0,28.0,14.0,28.0,4.0,2.0,4.0,1.0,2.0,4.0,False,IERC6372,openzeppelin
81,0,0,6,1,0,0,0,1,0,4,3,1,1.0,0,2,0.5,0,0,2,0,6,0,0,0,0,2,1,0.0,0.0,6.0,18.0,0,0,0,0,0,0.0,0,0,1,0,0,0,0.0,1,0,0.0,1,0,0,0,1,0.0,1,0,0,1.0,0,0,0,0,0,0,0,4,0,0,0.0,0.0,0.0,0.2,2.0,0.4,0.0,0.0,0.0,0.0,0,9.95,4.2,0,0.0,0.0,0.0,0.0,0.0,16.0,4.0,4.0,8.0,1.0,1.0,2.0,1.0,2.0,4.0,False,IERC1155MetadataURI,openzeppelin
82,1,2,76,5,2,0,0,16,0,202,2,1,6.6,2,84,0.4158415841584158,0,1,0,0,6,73,0,3,0,5,2,0.0,0.0,96.0,1096.32,1,127,133,17,47,1.047244094488189,5,33,5,10,0,2,0.1666666666666666,0,5,2.0,5,0,1,0,6,0.0,5,0,0,1.0,0,0,0,0,0,0,0,3232,10,5,0.0,0.3333333333333333,0.0,0.07881773399014778,33.666666666666664,0.024630541871921183,0.16666666666666666,0.0,0.0,0.0,0,8.358415841584158,11.4,0,0.0,0.0,0.0,0.0,0.0,40804.0,1010.0,3232.0,1010.0,25.0,80.0,25.0,256.0,80.0,25.0,False,Base64,openzeppelin
83,0,0,31,3,4,0,0,9,0,83,3,1,3.6666666666666665,0,45,0.5421686746987951,0,2,0,0,16,15,0,0,0,3,2,0.0,0.0,31.0,273.83333333333337,0,30,31,0,11,1.0333333333333334,1,11,3,11,0,4,0.2666666666666666,0,3,3.6666666666666665,9,0,1,2,8,0.5,3,0,0,1.0,0,0,0,0,0,0,0,747,12,0,0.0,1.0,0.0,0.10714285714285714,20.75,0.03571428571428571,0.0,0.0,0.0,0.0,0,9.971686746987952,10.5,0,0.0,0.0,0.0,0.0,0.0,6889.0,249.0,747.0,249.0,9.0,27.0,9.0,81.0,27.0,9.0,False,Create2,openzeppelin
84,0,0,4,2,0,0,0,1,0,16,1,1,1.0,0,7,0.4375,0,0,0,0,2,2,0,0,0,2,1,0.0,0.0,4.0,6.8,0,4,2,0,1,0.5,2,2,2,0,0,0,0.0,0,2,0.0,2,0,0,0,4,0.0,2,0,0,1.0,0,0,0,0,0,0,0,16,0,0,0.0,0.0,0.0,0.058823529411764705,5.333333333333333,0.11764705882352941,0.0,0.0,0.0,0.0,0,9.325,0.7,0,0.0,0.0,0.0,0.0,0.0,256.0,32.0,16.0,32.0,4.0,2.0,4.0,1.0,2.0,4.0,False,Comparators,openzeppelin
85,0,0,5,3,0,0,0,1,0,24,1,1,1.0,0,12,0.5,0,0,0,0,2,3,0,0,0,2,1,0.0,0.0,5.0,10.25,0,6,3,0,1,0.5,3,3,3,0,0,0,0.0,0,3,0.0,3,0,0,0,0,0.0,0,0,0,1.0,0,0,0,0,0,0,0,24,0,0,0.0,0.0,0.0,0.04,6.0,0.08,0.0,0.0,0.0,0.0,0,9.95,1.2,0,0.0,0.0,0.0,0.0,0.0,576.0,72.0,24.0,48.0,9.0,3.0,6.0,1.0,2.0,4.0,False,Context,openzeppelin
86,0,0,10,6,2,0,0,5,1,121,1,1,1.6666666666666667,0,76,0.628099173553719,0,0,0,0,4,6,0,0,0,4,3,0.0,0.0,10.0,20.5,0,33,29,0,18,0.8787878787878788,5,10,6,14,0,2,0.125,0,6,2.333333333333333,9,0,1,1,13,1.0,5,0,0,1.0,0,0,0,0,0,0,0,605,12,0,0.0,0.2857142857142857,0.3333333333333333,0.040983606557377046,17.285714285714285,0.03278688524590164,0.0,0.0,0.0,0.0,0,11.03099173553719,7.6,0,0.0,0.0,0.0,0.0,0.0,14641.0,726.0,605.0,484.0,36.0,30.0,24.0,25.0,20.0,16.0,False,RelayedCall,openzeppelin
87,1,0,9,6,0,1,0,5,0,66,2,1,2.0,0,35,0.5303030303030303,0,0,1,0,4,6,0,1,0,3,2,0.0,0.0,19.0,51.93333333333333,0,24,20,0,6,0.8333333333333334,6,12,6,10,1,0,0.0,1,5,1.6666666666666667,3,1,1,0,12,0.0,6,0,0,1.0,0,0,0,0,0,0,0,330,0,3,0.0,0.0,0.0,0.07462686567164178,9.428571428571429,0.04477611940298507,0.25,0.0,0.0,0.0,0,10.053030303030303,5.5,0,0.0,0.0,0.0,0.0,0.0,4356.0,396.0,330.0,198.0,36.0,30.0,18.0,25.0,15.0,9.0,False,NoncesKeyed,openzeppelin
88,0,0,4,3,0,1,0,3,0,41,1,1,1.6666666666666667,0,22,0.5365853658536586,0,0,0,0,2,2,0,0,0,2,1,0.0,0.0,4.0,6.8,0,9,7,0,3,0.7777777777777778,2,5,3,2,0,0,0.0,1,2,0.6666666666666666,3,1,1,0,4,0.0,3,0,0,1.0,0,0,0,0,0,0,0,123,0,0,0.0,0.0,0.0,0.07142857142857142,10.25,0.047619047619047616,0.0,0.0,0.0,0.0,0,10.215853658536584,2.2,0,0.0,0.0,0.0,0.0,0.0,1681.0,123.0,123.0,82.0,9.0,9.0,6.0,9.0,6.0,4.0,False,Nonces,openzeppelin
89,0,0,20,9,0,0,0,1,0,126,1,1,1.0,0,57,0.4523809523809524,0,0,0,0,11,9,0,0,0,3,2,0.0,0.0,20.0,115.33333333333334,0,36,27,0,3,0.75,0,9,9,0,0,0,0.0,0,9,0.0,7,0,0,0,9,0.0,9,0,0,1.0,0,0,0,0,0,0,0,126,0,0,0.0,0.0,0.0,0.007874015748031496,12.6,0.023622047244094488,0.0,0.0,0.0,0.0,0,9.473809523809525,5.7,0,0.0,0.0,0.0,0.0,0.0,15876.0,1134.0,126.0,378.0,81.0,9.0,27.0,1.0,3.0,9.0,False,StorageSlot,openzeppelin
90,0,0,10,5,0,1,2,3,0,98,2,1,1.8,0,60,0.6122448979591837,0,0,1,0,3,7,0,0,0,2,1,0.0,0.0,10.0,39.5,0,18,15,0,3,0.8333333333333334,1,9,5,8,0,0,0.0,1,4,1.6,6,1,0,0,0,0.0,0,0,0,1.0,0,0,0,0,0,0,0,294,0,0,0.0,0.0,0.0,0.030303030303030304,16.333333333333332,0.020202020202020204,0.0,0.0,0.0,0.0,0,14.972448979591837,8.0,0,0.0,0.0,0.0,0.0,0.0,9604.0,490.0,294.0,196.0,25.0,15.0,10.0,9.0,6.0,4.0,False,Pausable,openzeppelin
95,0,0,21,10,0,0,0,1,0,144,1,1,1.0,0,67,0.4652777777777778,0,0,0,0,11,10,0,0,0,3,2,0.0,0.0,21.0,126.0,0,70,60,0,13,0.8571428571428571,1,10,10,21,0,0,0.0,0,10,2.1,4,0,0,0,18,0.0,10,0,0,1.0,0,0,0,0,0,0,0,144,0,0,0.0,0.0,0.0,0.006896551724137931,13.090909090909092,0.020689655172413793,0.0,0.0,0.0,0.0,0,9.602777777777778,6.7,0,0.0,0.0,0.0,0.0,0.0,20736.0,1440.0,144.0,432.0,100.0,10.0,30.0,1.0,3.0,9.0,False,SlotDerivation,openzeppelin
96,0,0,4,2,0,10,0,1,0,54,1,1,1.0,0,34,0.6296296296296297,0,0,0,0,3,1,0,0,0,3,2,0.0,0.0,4.0,4.933333333333334,0,16,14,0,9,0.875,0,2,2,2,0,0,0.0,0,2,1.0,3,10,0,0,1,0.0,1,0,0,1.0,0,0,0,0,0,0,0,54,0,0,0.0,0.0,0.0,0.01818181818181818,18.0,0.05454545454545454,0.0,0.0,0.0,0.0,0,11.246296296296297,3.4,0,0.0,0.0,0.0,0.0,0.0,2916.0,108.0,54.0,162.0,4.0,2.0,6.0,1.0,3.0,9.0,False,Panic,openzeppelin
97,0,0,29,7,7,1,0,3,0,111,2,1,2.0,0,58,0.5225225225225225,0,1,0,0,13,16,0,0,0,4,2,0.0,0.0,29.0,175.45,0,34,29,0,7,0.8529411764705882,9,14,7,7,0,7,0.5,0,7,1.0,4,1,6,0,9,0.0,6,0,0,1.0,0,0,0,0,0,0,0,333,49,0,0.0,0.875,0.0,0.026785714285714284,13.875,0.03571428571428571,0.0,0.0,0.0,0.0,0,10.075225225225225,8.8,0,0.0,0.0,0.0,0.0,0.0,12321.0,777.0,333.0,444.0,49.0,21.0,28.0,9.0,12.0,16.0,False,ShortStrings,openzeppelin
98,0,0,26,7,4,3,2,3,0,103,2,1,1.2857142857142858,0,63,0.6116504854368932,0,4,0,0,12,14,0,0,0,3,2,0.0,0.0,26.0,188.9333333333333,0,18,12,0,2,0.6666666666666666,2,9,7,7,0,4,0.3636363636363636,0,7,1.0,3,3,0,0,0,0.0,0,0,0,1.0,0,0,0,0,0,0,0,309,28,0,0.0,0.5,0.0,0.028846153846153848,12.875,0.028846153846153848,0.0,0.0,0.0,0.0,0,14.966504854368932,18.3,0,0.0,0.0,0.0,0.0,0.0,10609.0,721.0,309.0,309.0,49.0,21.0,21.0,9.0,9.0,9.0,False,ReentrancyGuard,openzeppelin
100,0,0,8,4,0,0,0,25,0,211,1,1,12.25,2,79,0.3744075829383886,0,0,0,0,4,4,0,0,0,3,2,0.0,0.0,8.0,18.133333333333333,1,145,156,15,45,1.0758620689655172,4,49,4,12,0,0,0.0,0,4,3.0,7,0,0,0,4,0.0,4,0,0,1.0,0,0,0,0,0,0,0,5275,0,0,0.0,0.0,0.0,0.1179245283018868,42.2,0.014150943396226415,0.0,0.0,0.0,0.0,0,7.4940758293838865,7.9,0,0.0,0.0,0.0,0.0,0.0,44521.0,844.0,5275.0,633.0,16.0,100.0,12.0,625.0,75.0,9.0,False,Base58,openzeppelin
101,0,0,2,0,0,0,0,0,0,29,1,1,0.0,0,22,0.7586206896551724,0,0,0,0,2,0,0,0,0,1,1,0.0,0.0,2.0,4.0,0,0,0,0,0,0.0,0,0,0,0,0,0,0.0,0,0,0.0,0,0,0,0,0,0.0,0,0,0,1.0,0,0,0,0,0,0,0,0,0,0,0.0,0.0,0.0,0.0,29.0,0.03333333333333333,0.0,0.0,0.0,0.0,0,12.586206896551724,2.2,0,0.0,0.0,0.0,0.0,0.0,841.0,0.0,0.0,29.0,0.0,0.0,0.0,0.0,0.0,1.0,False,Errors,openzeppelin
102,0,0,5,3,0,1,0,2,0,46,1,1,1.3333333333333333,0,26,0.5652173913043478,0,0,0,0,3,2,0,0,0,3,2,0.0,0.0,5.0,7.333333333333334,0,15,12,0,6,0.8,2,4,3,7,0,0,0.0,0,3,2.333333333333333,7,1,0,0,2,0.0,2,0,0,1.0,0,0,0,0,0,0,0,92,0,0,0.0,0.0,0.0,0.0425531914893617,11.5,0.06382978723404255,0.0,0.0,0.0,0.0,0,10.552173913043479,2.6,0,0.0,0.0,0.0,0.0,0.0,2116.0,138.0,92.0,138.0,9.0,6.0,9.0,4.0,6.0,9.0,False,Blockhash,openzeppelin
103,0,0,638,212,0,0,0,3,0,1442,1,1,1.7358490566037736,0,32,0.0221914008321775,0,0,0,0,426,212,0,0,0,4,2,0.0,0.0,638.0,91616.8,2,1350,1216,0,5,0.9007407407407408,0,368,212,156,0,0,0.0,0,212,0.7358490566037735,57,0,0,0,502,0.0,212,0,0,1.0,0,0,0,0,0,0,0,4326,0,0,0.0,0.0,0.0,0.002079002079002079,6.769953051643192,0.002772002772002772,0.0,0.0,0.0,0.0,0,5.071914008321775,3.2,0,0.0,0.0,0.0,0.0,0.0,2079364.0,305704.0,4326.0,5768.0,44944.0,636.0,848.0,9.0,12.0,16.0,False,Packing,openzeppelin
106,0,0,32,1,4,0,0,6,0,33,5,1,6.0,0,18,0.5454545454545454,0,1,1,0,16,16,0,0,0,3,2,0.0,0.0,32.0,290.1333333333333,0,13,14,1,9,1.0769230769230769,1,6,1,2,1,4,0.6666666666666666,1,0,2.0,2,0,1,1,1,1.0,1,0,0,1.0,0,0,0,0,0,0,0,198,4,0,0.0,2.0,0.0,0.17647058823529413,16.5,0.08823529411764706,0.0,0.0,0.0,0.0,0,10.154545454545453,6.8,0,0.0,0.0,0.0,0.0,0.0,1089.0,33.0,198.0,99.0,1.0,6.0,3.0,36.0,18.0,9.0,False,Multicall,openzeppelin
107,0,0,24,12,0,0,0,1,0,114,1,1,1.0,0,31,0.2719298245614035,0,0,0,0,12,12,0,0,0,3,2,0.0,0.0,24.0,163.2,1,56,44,0,6,0.7857142857142857,2,12,12,31,0,0,0.0,0,12,2.583333333333333,9,0,0,0,19,0.0,9,0,0,1.0,0,0,0,0,0,0,0,114,0,0,0.0,0.0,0.0,0.008695652173913044,8.76923076923077,0.02608695652173913,0.0,0.0,0.0,0.0,0,7.669298245614035,3.1,0,0.0,0.0,0.0,0.0,0.0,12996.0,1368.0,114.0,342.0,144.0,12.0,36.0,1.0,3.0,9.0,False,LowLevelCall,openzeppelin
109,0,0,33,7,28,0,0,9,0,157,3,1,6.142857142857143,0,73,0.464968152866242,0,17,0,0,14,19,0,0,0,3,2,0.0,0.0,33.0,300.29999999999995,1,71,76,0,8,1.0704225352112675,7,43,7,19,0,28,0.5957446808510638,0,7,2.7142857142857144,5,0,6,26,16,0.2307692307692307,7,0,0,1.0,0,0,0,0,0,0,0,1413,196,0,0.0,3.5,0.0,0.056962025316455694,19.625,0.0189873417721519,0.0,0.0,0.0,0.0,0,9.19968152866242,58.3,0,0.0,0.0,0.0,0.0,0.0,24649.0,1099.0,1413.0,471.0,49.0,63.0,21.0,81.0,27.0,9.0,False,Address,openzeppelin
110,0,0,6,2,0,0,0,1,0,22,1,1,1.0,0,7,0.3181818181818182,0,0,0,0,4,2,0,0,0,3,2,0.0,0.0,6.0,10.8,0,10,8,0,4,0.8,0,2,2,0,0,0,0.0,0,2,0.0,2,0,0,0,0,0.0,0,0,0,1.0,0,0,0,0,0,0,0,22,0,0,0.0,0.0,0.0,0.043478260869565216,7.333333333333333,0.13043478260869565,0.0,0.0,0.0,0.0,0,8.131818181818183,0.7,0,0.0,0.0,0.0,0.0,0.0,484.0,44.0,22.0,66.0,4.0,2.0,6.0,1.0,3.0,9.0,False,Calldata,openzeppelin
112,0,0,53,14,10,0,0,5,0,277,4,1,2.0,0,140,0.5054151624548736,0,2,0,0,22,31,0,0,0,4,2,0.0,0.0,53.0,579.025,1,76,69,0,11,0.9078947368421052,10,28,14,33,0,10,0.2325581395348837,0,14,2.357142857142857,13,0,7,0,35,0.0,14,0,0,1.0,0,0,0,0,0,0,0,1385,140,0,0.0,0.6666666666666666,0.0,0.017985611510791366,18.466666666666665,0.014388489208633094,0.0,0.0,0.0,0.0,0,9.804151624548737,20.0,0,0.0,0.0,0.0,0.0,0.0,76729.0,3878.0,1385.0,1108.0,196.0,70.0,56.0,25.0,20.0,16.0,False,Clones,openzeppelin
113,0,1,4,4,0,0,0,3,0,61,1,1,1.5,0,37,0.6065573770491803,1,0,0,0,5,0,0,1,0,4,2,0.0,0.0,9.0,11.25,0,17,15,0,11,0.8823529411764706,0,5,4,11,3,0,0.0,1,3,2.75,9,0,0,0,1,0.0,1,0,0,1.0,0,0,0,0,0,0,0,183,0,0,0.0,0.0,0.0,0.04838709677419355,12.2,0.06451612903225806,0.0,0.0,0.0,0.0,0,10.915573770491804,3.7,0,0.0,0.0,0.0,0.0,0.0,3721.0,244.0,183.0,244.0,16.0,12.0,16.0,9.0,12.0,16.0,False,Proxy,openzeppelin
114,0,0,56,14,3,4,0,3,0,142,10,1,1.1428571428571428,0,75,0.528169014084507,2,2,2,0,27,29,0,0,0,5,3,0.0,0.0,56.0,529.76,1,39,25,0,4,0.6410256410256411,12,16,14,19,4,3,0.1363636363636363,13,1,1.3571428571428572,6,4,3,2,11,1.5,7,0,2,1.0,0,2,0,0,0,0,0,426,42,0,0.0,0.2,0.0,0.02097902097902098,9.466666666666667,0.03496503496503497,0.0,0.0,0.0,0.0,0,10.13169014084507,17.5,0,0.0,0.0,0.0,0.0,0.0,20164.0,1988.0,426.0,710.0,196.0,42.0,70.0,9.0,15.0,25.0,False,VestingWallet,openzeppelin
115,0,0,125,3,2,1,0,3,0,46,12,1,2.0,0,23,0.5,0,1,3,0,30,95,0,0,0,5,3,0.0,0.0,125.0,2412.5,0,11,9,0,3,0.8181818181818182,3,6,3,5,0,2,0.2857142857142857,1,2,1.6666666666666667,4,1,1,0,3,0.0,2,0,2,1.0,0,2,0,0,0,0,0,138,6,0,0.0,0.5,0.0,0.06382978723404255,11.5,0.10638297872340426,0.0,0.0,0.0,0.0,0,9.85,11.3,0,0.0,0.0,0.0,0.0,0.0,2116.0,138.0,138.0,230.0,9.0,9.0,15.0,9.0,15.0,25.0,False,VestingWalletCliff,openzeppelin
116,0,0,3,2,0,0,0,1,0,27,2,1,1.0,0,21,0.7777777777777778,0,0,1,0,3,0,0,0,0,1,1,0.0,0.0,3.0,9.0,0,0,0,0,0,0.0,0,0,2,0,0,0,0.0,2,0,0.0,2,0,0,0,3,0.0,2,0,0,1.0,0,0,0,0,0,0,0,27,0,0,0.0,0.0,0.0,0.03571428571428571,9.0,0.03571428571428571,0.0,0.0,0.0,0.0,0,12.727777777777778,4.1,0,0.0,0.0,0.0,0.0,0.0,729.0,54.0,27.0,27.0,4.0,2.0,2.0,1.0,1.0,1.0,False,IAccessControlEnumerable,openzeppelin
117,0,0,3,10,0,0,0,1,0,173,2,1,1.0,0,152,0.8786127167630058,0,0,1,0,3,0,0,0,0,1,1,0.0,0.0,3.0,9.0,0,0,0,0,0,0.0,0,0,10,0,0,0,0.0,10,0,0.0,10,0,0,0,2,0.0,2,0,0,1.0,0,0,0,0,0,0,0,173,0,0,0.0,0.0,0.0,0.005747126436781609,15.727272727272727,0.005747126436781609,0.0,0.0,0.0,0.0,0,13.736127167630059,17.2,0,0.0,0.0,0.0,0.0,0.0,29929.0,1730.0,173.0,173.0,100.0,10.0,10.0,1.0,1.0,1.0,False,IAccessControlDefaultAdminRules,openzeppelin
119,1,9,137,30,3,6,0,5,0,327,11,1,2.033333333333333,0,161,0.4923547400611621,0,3,3,0,25,122,0,10,0,8,3,0.0,0.0,192.0,2649.6,2,135,119,0,9,0.8814814814814815,15,61,30,57,3,3,0.05,15,15,1.9,12,6,9,0,26,0.0,17,0,0,1.0,0,0,0,0,0,0,0,1635,90,8,0.0,0.0967741935483871,0.0,0.01524390243902439,10.548387096774194,0.024390243902439025,0.1111111111111111,0.0,0.0,0.0,0,9.673547400611621,31.1,0,0.0,0.0,0.0,0.0,0.0,106929.0,9810.0,1635.0,2616.0,900.0,150.0,240.0,25.0,40.0,64.0,False,AccessControlDefaultAdminRules,openzeppelin
120,0,0,14,6,2,2,1,5,0,101,6,1,2.5,0,48,0.4752475247524752,0,1,1,0,9,5,0,0,0,5,3,0.0,0.0,14.0,35.0,0,32,30,0,8,0.9375,3,15,6,9,1,2,0.1818181818181818,3,3,1.5,7,2,2,2,5,1.0,4,1,0,0.0,0,0,1,0,0,2,0,505,12,0,0.0,0.2857142857142857,0.0,0.049019607843137254,14.428571428571429,0.049019607843137254,0.0,0.14285714285714285,0.3333333333333333,0.7,0,11.502475247524753,9.8,0,1.0,101.0,6.0,5.0,5.0,10201.0,606.0,505.0,505.0,36.0,30.0,30.0,25.0,25.0,25.0,False,AccessManaged,openzeppelin
121,1,12,153,49,21,6,1,9,0,633,13,1,2.4693877551020407,0,236,0.3728278041074249,1,16,1,0,38,128,0,13,0,10,5,0.0,0.0,223.0,2845.48,3,297,271,1,17,0.9124579124579124,42,121,49,94,4,21,0.1826086956521739,30,19,1.9183673469387756,32,6,23,2,87,11.5,45,6,2,0.25,0,3,6,0,0,126,0,5697,1029,10,0.0,0.42,0.0,0.014195583596214511,12.66,0.015772870662460567,0.09090909090909091,0.12,0.2727272727272727,4.2,0,10.278278041074248,73.6,1,36.0,3798.0,294.0,54.0,60.0,400689.0,31017.0,5697.0,6330.0,2401.0,441.0,490.0,81.0,90.0,100.0,False,AccessManager,openzeppelin
122,0,0,2,29,0,0,0,1,0,360,1,1,1.0,0,287,0.7972222222222223,1,0,0,0,2,0,0,0,0,1,1,0.0,0.0,2.0,4.0,1,0,0,0,0,0.0,0,0,29,0,0,0,0.0,29,0,0.0,29,0,0,0,53,0.0,27,0,0,1.0,0,0,0,0,0,0,0,360,0,0,0.0,0.0,0.0,0.002770083102493075,12.0,0.002770083102493075,0.0,0.0,0.0,0.0,0,12.922222222222224,28.7,0,0.0,0.0,0.0,0.0,0.0,129600.0,10440.0,360.0,360.0,841.0,29.0,29.0,1.0,1.0,1.0,False,IAccessManager,openzeppelin
123,0,0,6,1,1,0,0,3,0,30,2,1,3.0,0,9,0.3,0,0,0,0,5,1,0,0,0,4,2,0.0,0.0,6.0,8.55,0,11,11,0,8,1.0,0,3,1,5,0,1,0.1666666666666666,0,1,5.0,5,0,1,1,4,1.0,1,0,0,1.0,0,0,0,0,0,0,0,90,1,0,0.0,0.5,0.0,0.0967741935483871,15.0,0.12903225806451613,0.0,0.0,0.0,0.0,0,7.85,0.9,0,0.0,0.0,0.0,0.0,0.0,900.0,30.0,90.0,120.0,1.0,3.0,4.0,9.0,12.0,16.0,False,AuthorityUtils,openzeppelin
124,0,0,2,3,0,0,0,1,0,26,1,1,1.0,0,16,0.6153846153846154,0,0,0,0,2,0,0,0,0,1,1,0.0,0.0,2.0,4.0,0,0,0,0,0,0.0,0,0,3,0,0,0,0.0,3,0,0.0,3,0,0,0,1,0.0,1,0,0,1.0,0,0,0,0,0,0,0,26,0,0,0.0,0.0,0.0,0.037037037037037035,6.5,0.037037037037037035,0.0,0.0,0.0,0.0,0,11.103846153846154,1.6,0,0.0,0.0,0.0,0.0,0.0,676.0,78.0,26.0,26.0,9.0,3.0,3.0,1.0,1.0,1.0,False,IAccessManaged,openzeppelin
125,0,0,2,1,0,0,0,1,0,12,1,1,1.0,0,8,0.6666666666666666,0,0,0,0,2,0,0,0,0,1,1,0.0,0.0,2.0,4.0,0,0,0,0,0,0.0,0,0,1,0,0,0,0.0,1,0,0.0,1,0,0,0,3,0.0,1,0,0,1.0,0,0,0,0,0,0,0,12,0,0,0.0,0.0,0.0,0.07692307692307693,6.0,0.07692307692307693,0.0,0.0,0.0,0.0,0,11.616666666666667,0.8,0,0.0,0.0,0.0,0.0,0.0,144.0,12.0,12.0,12.0,1.0,1.0,1.0,1.0,1.0,1.0,False,IAuthority,openzeppelin
143,0,1,9,3,0,1,0,1,0,24,5,1,1.0,0,2,0.0833333333333333,0,0,2,0,7,3,0,1,0,5,2,0.0,0.0,14.0,25.480000000000004,0,6,3,0,1,0.5,1,3,3,0,0,0,0.0,1,2,0.0,3,1,1,0,7,0.0,3,0,0,1.0,0,0,0,0,0,0,0,24,0,0,0.0,0.0,0.0,0.04,6.0,0.2,0.0,0.0,0.0,0.0,0,5.783333333333333,4.2,0,0.0,0.0,0.0,0.0,0.0,576.0,72.0,24.0,120.0,9.0,3.0,15.0,1.0,5.0,25.0,False,ERC7786RecipientMock,openzeppelin
144,0,0,26,3,0,0,0,1,0,28,15,1,1.0,0,1,0.0357142857142857,0,0,3,0,22,4,0,0,0,4,2,0.0,0.0,26.0,161.2,0,15,12,0,4,0.8,0,3,3,6,1,0,0.0,3,0,2.0,1,0,0,0,10,0.0,3,0,0,1.0,0,0,0,0,0,0,0,28,0,0,0.0,0.0,0.0,0.034482758620689655,7.0,0.13793103448275862,0.0,0.0,0.0,0.0,0,5.307142857142857,6.1,0,0.0,0.0,0.0,0.0,0.0,784.0,84.0,28.0,112.0,9.0,3.0,12.0,1.0,4.0,16.0,False,ERC1363NoReturnMock,openzeppelin
145,0,0,12,1,0,0,0,1,0,8,8,1,1.0,0,1,0.125,0,0,2,0,8,4,0,0,0,3,1,0.0,0.0,12.0,43.2,0,2,1,0,1,0.5,0,1,1,1,0,0,0.0,0,1,1.0,0,0,0,0,4,0.0,1,0,0,1.0,0,0,0,0,0,0,0,8,0,0,0.0,0.0,0.0,0.1111111111111111,4.0,0.3333333333333333,0.0,0.0,0.0,0.0,0,6.2,4.1,0,0.0,0.0,0.0,0.0,0.0,64.0,8.0,8.0,24.0,1.0,1.0,3.0,1.0,3.0,9.0,False,ERC20ApprovalMock,openzeppelin
146,0,0,2,1,0,0,0,1,0,7,1,1,1.0,0,1,0.1428571428571428,0,0,0,0,2,0,0,0,0,1,1,0.0,0.0,2.0,4.0,0,2,1,0,1,0.5,1,1,1,0,0,0,0.0,1,0,0.0,1,0,0,0,0,0.0,0,0,0,1.0,0,0,0,0,0,0,0,7,0,0,0.0,0.0,0.0,0.125,3.5,0.125,0.0,0.0,0.0,0.0,0,6.378571428571428,0.1,0,0.0,0.0,0.0,0.0,0.0,49.0,7.0,7.0,7.0,1.0,1.0,1.0,1.0,1.0,1.0,False,ERC20ExcessDecimalsMock,openzeppelin
147,0,0,8,3,0,3,0,9,0,64,4,1,6.333333333333333,0,1,0.015625,0,0,2,0,8,0,0,0,0,3,1,0.0,0.0,8.0,21.33333333333333,0,36,41,0,6,1.1388888888888888,2,19,3,8,1,0,0.0,3,0,2.6666666666666665,5,3,1,0,13,0.0,3,0,0,1.0,0,0,0,0,0,0,0,576,0,0,0.0,0.0,0.0,0.13846153846153847,16.0,0.046153846153846156,0.0,0.0,0.0,0.0,0,4.70625,4.1,0,0.0,0.0,0.0,0.0,0.0,4096.0,192.0,576.0,192.0,9.0,27.0,9.0,81.0,27.0,9.0,False,ERC1155ReceiverMock,openzeppelin
149,0,0,40,0,0,0,0,0,0,5,12,1,0.0,0,1,0.2,0,0,2,0,22,18,0,0,0,4,2,0.0,0.0,40.0,346.0,0,0,0,0,0,0.0,0,0,0,0,0,0,0.0,0,0,0.0,0,0,0,0,0,0.0,0,0,0,1.0,0,0,0,0,0,0,0,0,0,0,0.0,0.0,0.0,0.0,5.0,0.6666666666666666,0.0,0.0,0.0,0.0,0,7.0,4.1,0,0.0,0.0,0.0,0.0,0.0,25.0,0.0,0.0,20.0,0.0,0.0,0.0,0.0,0.0,16.0,False,ERC20MulticallMock,openzeppelin
151,0,0,12,1,0,0,0,1,0,10,8,1,1.0,0,2,0.2,0,0,2,0,8,4,0,0,0,3,1,0.0,0.0,12.0,43.2,0,3,2,0,2,0.6666666666666666,1,1,1,3,1,0,0.0,1,0,3.0,2,0,0,0,2,0.0,1,0,0,1.0,0,0,0,0,0,0,0,10,0,0,0.0,0.0,0.0,0.09090909090909091,5.0,0.2727272727272727,0.0,0.0,0.0,0.0,0,6.95,4.2,0,0.0,0.0,0.0,0.0,0.0,100.0,10.0,10.0,30.0,1.0,1.0,3.0,1.0,3.0,9.0,False,ERC20ForceApproveMock,openzeppelin
153,0,0,15,3,0,0,0,1,0,25,8,1,1.0,0,3,0.12,0,0,2,0,11,4,0,0,0,4,2,0.0,0.0,15.0,51.75,0,15,12,0,4,0.8,0,3,3,6,1,0,0.0,3,0,2.0,1,0,0,0,7,0.0,3,0,0,1.0,0,0,0,0,0,0,0,25,0,0,0.0,0.0,0.0,0.038461538461538464,6.25,0.15384615384615385,0.0,0.0,0.0,0.0,0,6.15,4.3,0,0.0,0.0,0.0,0.0,0.0,625.0,75.0,25.0,100.0,9.0,3.0,12.0,1.0,4.0,16.0,False,ERC20NoReturnMock,openzeppelin
155,0,0,23,3,0,0,0,1,0,26,16,1,1.0,0,1,0.0384615384615384,0,0,3,0,19,4,0,0,0,4,2,0.0,0.0,23.0,125.35,0,6,3,0,1,0.5,3,3,3,0,0,0,0.0,3,0,0.0,3,0,0,0,10,0.0,3,0,0,1.0,0,0,0,0,0,0,0,26,0,0,0.0,0.0,0.0,0.037037037037037035,6.5,0.14814814814814814,0.0,0.0,0.0,0.0,0,5.334615384615384,6.1,0,0.0,0.0,0.0,0.0,0.0,676.0,78.0,26.0,104.0,9.0,3.0,12.0,1.0,4.0,16.0,False,ERC1363ReturnFalseMock,openzeppelin
156,0,0,16,4,0,1,0,3,0,22,12,1,1.5,0,1,0.0454545454545454,0,0,3,0,13,3,0,0,0,3,1,0.0,0.0,16.0,80.53333333333333,0,11,8,0,2,0.7272727272727273,0,6,4,3,1,0,0.0,1,3,0.75,3,1,1,0,3,0.0,3,0,0,1.0,0,0,0,0,0,0,0,66,0,0,0.0,0.0,0.0,0.13043478260869565,4.4,0.13043478260869565,0.0,0.0,0.0,0.0,0,5.304545454545454,6.1,0,0.0,0.0,0.0,0.0,0.0,484.0,88.0,66.0,66.0,16.0,12.0,12.0,9.0,9.0,9.0,False,ERC20BridgeableMock,openzeppelin
157,0,0,12,2,0,1,0,1,0,12,8,1,1.0,0,1,0.0833333333333333,0,0,2,0,8,4,0,0,0,3,1,0.0,0.0,12.0,43.2,0,4,2,0,1,0.5,1,2,2,0,0,0,0.0,1,1,0.0,2,1,1,0,1,0.0,1,0,0,1.0,0,0,0,0,0,0,0,12,0,0,0.0,0.0,0.0,0.07692307692307693,4.0,0.23076923076923078,0.0,0.0,0.0,0.0,0,5.783333333333333,4.1,0,0.0,0.0,0.0,0.0,0.0,144.0,24.0,12.0,36.0,4.0,2.0,6.0,1.0,3.0,9.0,False,ERC20DecimalsMock,openzeppelin
158,0,0,5,3,0,2,0,9,0,38,2,1,3.6666666666666665,0,1,0.0263157894736842,0,0,1,0,5,0,0,0,0,3,1,0.0,0.0,5.0,8.333333333333334,0,22,23,0,6,1.0454545454545454,1,11,3,3,1,0,0.0,3,0,1.0,5,2,1,0,5,0.0,2,0,0,1.0,0,0,0,0,0,0,0,342,0,0,0.0,0.0,0.0,0.23076923076923078,9.5,0.07692307692307693,0.0,0.0,0.0,0.0,0,4.813157894736841,2.1,0,0.0,0.0,0.0,0.0,0.0,1444.0,114.0,342.0,114.0,9.0,27.0,9.0,81.0,27.0,9.0,False,ERC1363SpenderMock,openzeppelin
160,0,0,10,3,0,0,0,1,0,12,8,1,1.0,0,1,0.0833333333333333,0,0,2,0,8,2,0,0,0,3,1,0.0,0.0,10.0,31.333333333333336,0,6,3,0,1,0.5,0,3,3,3,1,0,0.0,3,0,1.0,2,0,0,0,4,0.0,2,0,0,1.0,0,0,0,0,0,0,0,12,0,0,0.0,0.0,0.0,0.07692307692307693,3.0,0.23076923076923078,0.0,0.0,0.0,0.0,0,5.783333333333333,4.1,0,0.0,0.0,0.0,0.0,0.0,144.0,36.0,12.0,36.0,9.0,3.0,9.0,1.0,3.0,9.0,False,ERC20Mock,openzeppelin
161,0,0,5,2,0,2,0,9,0,39,2,1,5.0,0,1,0.0256410256410256,0,0,1,0,5,0,0,0,0,3,1,0.0,0.0,5.0,8.333333333333334,0,19,21,0,6,1.105263157894737,1,10,2,4,1,0,0.0,2,0,2.0,5,2,1,0,6,0.0,2,0,0,1.0,0,0,0,0,0,0,0,351,0,0,0.0,0.0,0.0,0.225,13.0,0.075,0.0,0.0,0.0,0.0,0,4.806410256410256,2.1,0,0.0,0.0,0.0,0.0,0.0,1521.0,78.0,351.0,117.0,4.0,18.0,6.0,81.0,27.0,9.0,False,ERC721ReceiverMock,openzeppelin
164,0,0,23,1,0,0,0,1,0,10,15,1,1.0,0,2,0.2,0,0,3,0,19,4,0,0,0,4,2,0.0,0.0,23.0,125.35,0,3,2,0,2,0.6666666666666666,1,1,1,3,1,0,0.0,1,0,3.0,2,0,0,0,3,0.0,1,0,0,1.0,0,0,0,0,0,0,0,10,0,0,0.0,0.0,0.0,0.09090909090909091,5.0,0.36363636363636365,0.0,0.0,0.0,0.0,0,6.95,6.2,0,0.0,0.0,0.0,0.0,0.0,100.0,10.0,10.0,40.0,1.0,1.0,4.0,1.0,4.0,16.0,False,ERC1363ForceApproveMock,openzeppelin
166,0,0,39,3,1,3,0,5,0,33,11,1,2.333333333333333,0,1,0.0303030303030303,0,1,2,0,21,18,0,0,0,5,2,0.0,0.0,39.0,262.08,0,16,15,0,6,0.9375,1,7,3,2,0,1,0.3333333333333333,2,1,0.6666666666666666,2,3,3,1,8,3.0,3,0,0,1.0,0,0,0,0,0,0,0,165,3,0,0.0,0.25,0.0,0.14705882352941177,8.25,0.14705882352941177,0.0,0.0,0.0,0.0,0,5.053030303030303,7.1,0,0.0,0.0,0.0,0.0,0.0,1089.0,99.0,165.0,165.0,9.0,15.0,15.0,25.0,25.0,25.0,False,ERC20Reentrant,openzeppelin
167,0,0,5,3,0,2,0,9,0,43,2,1,3.6666666666666665,0,1,0.0232558139534883,0,0,1,0,5,0,0,0,0,3,1,0.0,0.0,5.0,8.333333333333334,0,22,23,0,6,1.0454545454545454,1,11,3,3,1,0,0.0,3,0,1.0,5,2,1,0,6,0.0,2,0,0,1.0,0,0,0,0,0,0,0,387,0,0,0.0,0.0,0.0,0.20454545454545456,10.75,0.06818181818181818,0.0,0.0,0.0,0.0,0,4.782558139534883,2.1,0,0.0,0.0,0.0,0.0,0.0,1849.0,129.0,387.0,129.0,9.0,27.0,9.0,81.0,27.0,9.0,False,ERC1363ReceiverMock,openzeppelin
169,0,0,18,4,0,2,0,1,0,19,11,1,1.0,0,1,0.0526315789473684,0,0,2,0,11,7,0,0,0,6,2,0.0,0.0,18.0,47.7,0,8,4,0,1,0.5,2,4,4,0,0,0,0.0,2,2,0.0,4,2,2,0,4,0.0,3,0,0,1.0,0,0,0,0,0,0,0,19,0,0,0.0,0.0,0.0,0.05,3.8,0.3,0.0,0.0,0.0,0.0,0,5.476315789473684,4.1,0,0.0,0.0,0.0,0.0,0.0,361.0,76.0,19.0,114.0,16.0,4.0,24.0,1.0,6.0,36.0,False,ERC20FlashMintMock,openzeppelin
171,0,0,18,3,0,0,0,1,0,14,8,1,1.0,0,1,0.0714285714285714,0,0,2,0,8,10,0,0,0,3,1,0.0,0.0,18.0,90.0,0,6,3,0,1,0.5,3,3,3,0,0,0,0.0,3,0,0.0,3,0,0,0,7,0.0,3,0,0,1.0,0,0,0,0,0,0,0,14,0,0,0.0,0.0,0.0,0.06666666666666667,3.5,0.2,0.0,0.0,0.0,0.0,0,5.664285714285715,4.1,0,0.0,0.0,0.0,0.0,0.0,196.0,42.0,14.0,42.0,9.0,3.0,9.0,1.0,3.0,9.0,False,ERC20ReturnFalseMock,openzeppelin
172,0,0,5,6,6,0,0,1,0,30,3,1,1.0,0,1,0.0333333333333333,0,0,0,0,5,0,0,0,0,2,1,0.0,0.0,5.0,12.5,0,12,6,0,1,0.5,0,6,6,0,0,6,1.0,6,0,0.0,6,0,6,0,9,0.0,6,0,0,1.0,0,0,0,0,0,0,0,30,36,0,0.0,0.8571428571428571,0.0,0.03225806451612903,4.285714285714286,0.06451612903225806,0.0,0.0,0.0,0.0,0,5.283333333333333,0.1,0,0.0,0.0,0.0,0.0,0.0,900.0,180.0,30.0,60.0,36.0,6.0,12.0,1.0,2.0,4.0,False,ERC20GetterHelper,openzeppelin
173,0,2,65,2,0,0,0,1,0,27,13,1,1.0,0,2,0.074074074074074,0,0,2,0,33,34,0,2,0,7,3,0.0,0.0,75.0,608.5714285714286,0,2,0,0,0,0.0,0,2,2,0,0,0,0.0,0,2,0.0,2,0,0,0,1,0.0,1,0,0,1.0,0,0,0,0,0,0,0,27,0,0,0.0,0.0,0.0,0.03571428571428571,9.0,0.25,0.0,0.0,0.0,0.0,0,5.69074074074074,4.2,0,0.0,0.0,0.0,0.0,0.0,729.0,54.0,27.0,189.0,4.0,2.0,14.0,1.0,7.0,49.0,False,UUPSUpgradeableMock,openzeppelin
174,0,0,2,0,0,0,0,0,0,8,2,1,0.0,0,1,0.125,0,0,0,0,2,0,0,0,0,1,1,0.0,0.0,2.0,4.0,0,0,0,0,0,0.0,0,0,0,0,0,0,0.0,0,0,0.0,0,0,0,0,0,0.0,0,0,0,1.0,0,0,0,0,0,0,0,0,0,0,0.0,0.0,0.0,0.0,8.0,0.1111111111111111,0.0,0.0,0.0,0.0,0,6.25,0.1,0,0.0,0.0,0.0,0.0,0.0,64.0,0.0,0.0,8.0,0.0,0.0,0.0,0.0,0.0,1.0,False,BadBeacon,openzeppelin
175,0,1,2,2,0,0,0,1,0,15,1,1,1.0,0,5,0.3333333333333333,1,0,0,0,3,0,0,1,0,2,2,0.0,0.0,7.0,10.5,0,4,2,0,1,0.5,1,2,2,0,0,0,0.0,2,0,0.0,2,0,0,0,2,0.0,1,0,0,1.0,0,0,0,0,0,0,0,15,0,0,0.0,0.0,0.0,0.0625,5.0,0.125,0.0,0.0,0.0,0.0,0,8.283333333333333,0.5,0,0.0,0.0,0.0,0.0,0.0,225.0,30.0,15.0,30.0,4.0,2.0,4.0,1.0,2.0,4.0,False,ClashingImplementation,openzeppelin
176,0,2,61,2,0,0,0,1,0,9,10,1,1.0,0,1,0.1111111111111111,1,0,2,0,32,31,0,2,0,5,3,0.0,0.0,71.0,762.54,0,4,2,0,1,0.5,1,2,2,1,0,0,0.0,1,1,0.5,1,0,0,0,2,0.0,1,0,0,1.0,0,0,0,0,0,0,0,9,0,0,0.0,0.0,0.0,0.1,3.0,0.5,0.0,0.0,0.0,0.0,0,6.061111111111112,4.1,0,0.0,0.0,0.0,0.0,0.0,81.0,18.0,9.0,45.0,4.0,2.0,10.0,1.0,5.0,25.0,False,ERC1967ProxyUnsafe,openzeppelin
177,0,0,9,10,5,7,0,3,1,145,1,1,1.2,0,27,0.1862068965517241,2,0,0,0,3,6,0,0,0,5,4,0.0,0.0,9.0,12.96,1,56,47,0,16,0.8392857142857143,3,12,10,16,1,5,0.238095238095238,8,2,1.6,7,7,6,1,19,6.0,6,0,1,1.0,0,1,0,0,0,0,0,435,50,0,0.0,0.45454545454545453,0.16666666666666666,0.02054794520547945,13.181818181818182,0.03424657534246575,0.0,0.0,0.0,0.0,0,6.712068965517241,2.7,0,0.0,0.0,0.0,0.0,0.0,21025.0,1450.0,435.0,725.0,100.0,30.0,50.0,9.0,15.0,25.0,False,CompTimelock,openzeppelin
178,0,0,11,3,0,0,0,3,0,17,8,1,1.6666666666666667,0,1,0.0588235294117647,0,0,2,0,8,3,0,0,0,3,1,0.0,0.0,11.0,37.03333333333333,0,10,8,0,3,0.8,0,5,3,5,2,0,0.0,1,2,1.6666666666666667,1,0,0,0,3,0.0,1,0,0,1.0,0,0,0,0,0,0,0,51,0,0,0.0,0.0,0.0,0.16666666666666666,4.25,0.16666666666666666,0.0,0.0,0.0,0.0,0,5.438235294117646,4.1,0,0.0,0.0,0.0,0.0,0.0,289.0,51.0,51.0,51.0,9.0,9.0,9.0,9.0,9.0,9.0,False,ERC20WithAutoMinerReward,openzeppelin
183,0,1,704,15,32,5,0,7,4,17,19,1,2.2666666666666666,0,1,0.0588235294117647,0,8,0,0,447,258,0,1,0,9,5,0.0,0.0,709.0,49440.93333333333,1,88,82,1,13,0.9318181818181818,8,34,15,14,0,32,0.6956521739130435,0,15,0.9333333333333332,10,5,11,14,33,0.7857142857142857,14,0,0,1.0,0,0,0,0,0,0,0,119,480,0,0.0,2.0,0.12121212121212122,0.3888888888888889,1.0625,0.5,0.0,0.0,0.0,0.0,0,5.238235294117646,24.1,0,0.0,0.0,0.0,0.0,0.0,289.0,255.0,119.0,153.0,225.0,105.0,135.0,49.0,63.0,81.0,False,ERC7579UtilsMock,openzeppelin
189,0,2,53,3,3,1,0,3,0,30,6,1,1.6666666666666667,0,7,0.2333333333333333,0,3,0,0,24,31,0,2,0,5,3,0.0,0.0,63.0,575.8199999999999,0,12,10,0,4,0.8333333333333334,2,5,3,6,1,3,0.3333333333333333,3,0,2.0,3,1,3,3,3,1.0,3,0,0,1.0,0,0,0,0,0,0,0,90,9,0,0.0,0.75,0.0,0.0967741935483871,7.5,0.16129032258064516,0.0,0.0,0.0,0.0,0,7.183333333333333,9.7,0,0.0,0.0,0.0,0.0,0.0,900.0,90.0,90.0,150.0,9.0,9.0,15.0,9.0,15.0,25.0,False,MyFactoryAccount,openzeppelin
190,1,14,865,1,0,0,0,1,0,18,37,1,1.0,0,3,0.1666666666666666,0,0,3,0,485,395,0,15,0,14,6,0.0,0.0,945.0,51401.25,0,2,1,0,1,0.5,1,1,1,2,0,0,0.0,0,1,2.0,1,0,0,0,3,0.0,1,0,0,1.0,0,0,0,0,0,0,0,18,0,14,0.0,0.0,0.0,0.05263157894736842,9.0,0.7368421052631579,0.06666666666666667,0.0,0.0,0.0,0,6.616666666666666,6.3,0,0.0,0.0,0.0,0.0,0.0,324.0,18.0,18.0,252.0,1.0,1.0,14.0,1.0,14.0,196.0,False,MyAccountEIP7702,openzeppelin
191,0,0,19,6,2,2,1,5,0,13,13,1,2.5,0,4,0.3076923076923077,0,1,1,0,14,5,0,0,0,6,3,0.0,0.0,19.0,55.41666666666666,0,32,30,0,8,0.9375,3,15,6,9,1,2,0.1818181818181818,3,3,1.5,7,2,2,2,5,1.0,4,0,0,1.0,0,0,0,0,0,0,0,65,12,0,0.0,0.2857142857142857,0.0,0.35714285714285715,1.8571428571428572,0.42857142857142855,0.0,0.0,0.0,0.0,0,9.826923076923077,5.4,0,0.0,0.0,0.0,0.0,0.0,169.0,78.0,65.0,78.0,36.0,30.0,36.0,25.0,30.0,36.0,False,AccessManagedERC20MintBase,openzeppelin
192,0,0,15,4,0,2,0,1,0,19,12,1,1.0,0,3,0.1578947368421052,0,0,3,0,12,3,0,0,0,3,1,0.0,0.0,15.0,70.5,0,12,8,0,2,0.6666666666666666,0,4,4,7,1,0,0.0,3,1,1.75,5,2,0,0,4,0.0,2,0,0,1.0,0,0,0,0,0,0,0,19,0,0,0.0,0.0,0.0,0.05,3.8,0.15,0.0,0.0,0.0,0.0,0,6.528947368421052,6.3,0,0.0,0.0,0.0,0.0,0.0,361.0,76.0,19.0,57.0,16.0,4.0,12.0,1.0,3.0,9.0,False,AccessControlERC20MintMissing,openzeppelin
193,0,0,16,3,0,1,0,3,0,20,12,1,1.6666666666666667,0,4,0.2,0,0,3,0,12,4,0,0,0,3,1,0.0,0.0,16.0,78.93333333333334,0,10,8,0,3,0.8,0,5,3,6,1,0,0.0,2,1,2.0,5,1,0,0,3,0.0,2,0,0,1.0,0,0,0,0,0,0,0,60,0,0,0.0,0.0,0.0,0.14285714285714285,5.0,0.14285714285714285,0.0,0.0,0.0,0.0,0,6.85,6.4,0,0.0,0.0,0.0,0.0,0.0,400.0,60.0,60.0,60.0,9.0,9.0,9.0,9.0,9.0,9.0,False,AccessControlERC20MintBase,openzeppelin
194,0,0,15,12,0,2,1,3,0,18,12,1,1.5,0,1,0.0555555555555555,0,0,2,0,12,3,0,0,0,3,1,0.0,0.0,15.0,70.5,1,42,32,0,4,0.7619047619047619,7,18,12,20,2,0,0.0,6,6,1.6666666666666667,8,2,3,0,19,0.0,11,0,0,1.0,0,0,0,0,0,0,0,54,0,0,0.0,0.0,0.0,0.15789473684210525,1.3846153846153846,0.15789473684210525,0.0,0.0,0.0,0.0,0,7.405555555555555,4.1,0,0.0,0.0,0.0,0.0,0.0,324.0,216.0,54.0,54.0,144.0,36.0,36.0,9.0,9.0,9.0,False,AccessControlERC20MintOnlyRole,openzeppelin
195,0,0,11,2,0,0,0,1,0,11,6,1,1.0,0,3,0.2727272727272727,0,0,3,0,8,3,0,0,0,3,1,0.0,0.0,11.0,37.03333333333333,0,3,1,0,1,0.3333333333333333,0,2,2,1,1,0,0.0,1,1,0.5,2,0,0,0,2,0.0,1,0,0,1.0,0,0,0,0,0,0,0,11,0,0,0.0,0.0,0.0,0.08333333333333333,3.6666666666666665,0.25,0.0,0.0,0.0,0.0,0,7.677272727272728,6.3,0,0.0,0.0,0.0,0.0,0.0,121.0,22.0,11.0,33.0,4.0,2.0,6.0,1.0,3.0,9.0,False,AccessControlModified,openzeppelin
196,0,0,6,6,0,1,1,3,0,12,3,1,2.0,0,3,0.25,0,0,1,0,4,2,0,0,0,2,1,0.0,0.0,6.0,16.2,0,24,21,0,4,0.875,1,12,6,10,1,0,0.0,3,3,1.6666666666666667,6,1,1,0,3,0.0,3,0,0,1.0,0,0,0,0,0,0,0,36,0,0,0.0,0.0,0.0,0.23076923076923078,1.7142857142857142,0.15384615384615385,0.0,0.0,0.0,0.0,0,9.35,2.3,0,0.0,0.0,0.0,0.0,0.0,144.0,72.0,36.0,24.0,36.0,18.0,12.0,9.0,6.0,4.0,False,MyContractOwnable,openzeppelin
198,0,0,33,1,4,0,0,6,0,12,6,1,6.0,0,4,0.3333333333333333,0,1,1,0,17,16,0,0,0,3,2,0.0,0.0,33.0,310.2,0,13,14,1,9,1.0769230769230769,1,6,1,2,1,4,0.6666666666666666,1,0,2.0,2,0,1,1,1,1.0,1,0,0,1.0,0,0,0,0,0,0,0,72,4,0,0.0,2.0,0.0,0.46153846153846156,6.0,0.23076923076923078,0.0,0.0,0.0,0.0,0,8.033333333333331,5.4,0,0.0,0.0,0.0,0.0,0.0,144.0,12.0,72.0,36.0,1.0,6.0,3.0,36.0,18.0,9.0,False,Multicall,openzeppelin
199,0,0,14,2,0,5,0,1,0,22,10,1,1.0,0,2,0.0909090909090909,0,0,4,0,9,5,0,0,0,3,1,0.0,0.0,14.0,58.333333333333336,0,15,13,0,9,0.8666666666666667,0,2,2,2,1,0,0.0,1,1,1.0,3,5,0,0,0,0.0,0,0,0,1.0,0,0,0,0,0,0,0,22,0,0,0.0,0.0,0.0,0.043478260869565216,7.333333333333333,0.13043478260869565,0.0,0.0,0.0,0.0,0,5.859090909090909,8.2,0,0.0,0.0,0.0,0.0,0.0,484.0,44.0,22.0,66.0,4.0,2.0,6.0,1.0,3.0,9.0,False,ERC6909GameItems,openzeppelin
201,0,0,11,1,0,0,0,1,0,9,8,1,1.0,0,2,0.2222222222222222,0,0,2,0,8,3,0,0,0,3,1,0.0,0.0,11.0,37.03333333333333,0,3,2,0,2,0.6666666666666666,0,1,1,2,1,0,0.0,1,0,2.0,1,0,0,0,1,0.0,1,0,0,1.0,0,0,0,0,0,0,0,9,0,0,0.0,0.0,0.0,0.1,4.5,0.3,0.0,0.0,0.0,0.0,0,7.1722222222222225,4.2,0,0.0,0.0,0.0,0.0,0.0,81.0,9.0,9.0,27.0,1.0,1.0,3.0,1.0,3.0,9.0,False,GLDToken,openzeppelin
203,0,0,7,0,0,0,0,0,0,5,5,1,0.0,0,2,0.4,0,0,3,0,7,0,0,0,0,2,1,0.0,0.0,7.0,24.5,0,0,0,0,0,0.0,0,0,0,0,0,0,0.0,0,0,0.0,0,0,0,0,0,0.0,0,0,0,1.0,0,0,0,0,0,0,0,0,0,0,0.0,0.0,0.0,0.0,5.0,0.3333333333333333,0.0,0.0,0.0,0.0,0,9.0,6.2,0,0.0,0.0,0.0,0.0,0.0,25.0,0.0,0.0,10.0,0.0,0.0,0.0,0.0,0.0,4.0,False,MyERC115HolderContract,openzeppelin
206,0,0,2,6,0,0,0,1,0,50,1,1,1.0,0,38,0.76,0,0,0,0,2,0,0,0,0,1,1,0.0,0.0,2.0,4.0,0,0,0,0,0,0.0,0,0,6,0,0,0,0.0,6,0,0.0,6,0,0,0,12,0.0,6,0,0,1.0,0,0,0,0,0,0,0,50,0,0,0.0,0.0,0.0,0.0196078431372549,7.142857142857143,0.0196078431372549,0.0,0.0,0.0,0.0,0,12.55,3.8,0,0.0,0.0,0.0,0.0,0.0,2500.0,300.0,50.0,50.0,36.0,6.0,6.0,1.0,1.0,1.0,False,IVotes,openzeppelin
223,0,0,3,2,0,1,0,2,0,18,1,1,1.5,0,10,0.5555555555555556,0,0,0,0,2,1,0,0,0,2,1,0.0,0.0,3.0,4.05,0,6,4,0,3,0.6666666666666666,2,3,2,1,0,0,0.0,0,2,0.5,2,1,0,0,1,0.0,1,0,0,1.0,0,0,0,0,0,0,0,36,0,0,0.0,0.0,0.0,0.10526315789473684,6.0,0.10526315789473684,0.0,0.0,0.0,0.0,0,10.455555555555556,1.0,0,0.0,0.0,0.0,0.0,0.0,324.0,36.0,36.0,36.0,4.0,4.0,4.0,4.0,4.0,4.0,False,EIP7702Utils,openzeppelin
227,0,0,11,15,0,3,0,7,0,201,8,1,2.8666666666666667,0,81,0.4029850746268656,0,0,2,0,7,4,0,0,0,3,1,0.0,0.0,11.0,35.93333333333333,1,81,80,0,6,0.9876543209876544,8,43,15,27,3,0,0.0,8,7,1.8,11,3,4,0,45,0.0,15,0,0,1.0,0,0,0,0,0,0,0,1407,0,0,0.0,0.0,0.0,0.034653465346534656,12.5625,0.01485148514851485,0.0,0.0,0.0,0.0,0,8.679850746268656,12.1,0,0.0,0.0,0.0,0.0,0.0,40401.0,3015.0,1407.0,603.0,225.0,105.0,45.0,49.0,21.0,9.0,False,ERC6909,openzeppelin
229,0,0,4,9,0,0,0,1,0,121,2,1,1.0,0,105,0.8677685950413223,0,0,1,0,4,0,0,0,0,2,1,0.0,0.0,4.0,8.0,0,0,0,0,0,0.0,0,0,9,0,0,0,0.0,9,0,0.0,8,0,0,0,19,0.0,9,0,0,1.0,0,0,0,0,0,0,0,121,0,0,0.0,0.0,0.0,0.00819672131147541,12.1,0.01639344262295082,0.0,0.0,0.0,0.0,0,13.627685950413223,12.5,0,0.0,0.0,0.0,0.0,0.0,14641.0,1089.0,121.0,242.0,81.0,9.0,18.0,1.0,2.0,4.0,False,IERC721,openzeppelin
230,0,0,2,1,0,0,0,1,0,26,1,1,1.0,0,17,0.6538461538461539,0,0,0,0,2,0,0,0,0,1,1,0.0,0.0,2.0,4.0,0,0,0,0,0,0.0,0,0,1,0,0,0,0.0,1,0,0.0,1,0,0,0,4,0.0,1,0,0,1.0,0,0,0,0,0,0,0,26,0,0,0.0,0.0,0.0,0.037037037037037035,13.0,0.037037037037037035,0.0,0.0,0.0,0.0,0,11.48846153846154,1.7,0,0.0,0.0,0.0,0.0,0.0,676.0,26.0,26.0,26.0,1.0,1.0,1.0,1.0,1.0,1.0,False,IERC721Receiver,openzeppelin
231,0,0,2,6,0,0,0,1,0,70,1,1,1.0,0,59,0.8428571428571429,0,0,0,0,2,0,0,0,0,1,1,0.0,0.0,2.0,4.0,0,0,0,0,0,0.0,0,0,6,0,0,0,0.0,6,0,0.0,6,0,0,0,10,0.0,5,0,0,1.0,0,0,0,0,0,0,0,70,0,0,0.0,0.0,0.0,0.014084507042253521,10.0,0.014084507042253521,0.0,0.0,0.0,0.0,0,13.37857142857143,5.9,0,0.0,0.0,0.0,0.0,0.0,4900.0,420.0,70.0,70.0,36.0,6.0,6.0,1.0,1.0,1.0,False,IERC20,openzeppelin
232,0,0,11,17,0,5,0,7,0,280,7,1,2.411764705882353,0,160,0.5714285714285714,0,0,1,0,7,4,0,0,0,3,1,0.0,0.0,11.0,35.93333333333333,1,81,76,0,7,0.9382716049382716,9,41,17,21,3,0,0.0,9,8,1.2352941176470589,14,5,3,0,32,0.0,13,0,0,1.0,0,0,0,0,0,0,0,1960,0,0,0.0,0.0,0.0,0.02491103202846975,15.555555555555555,0.010676156583629894,0.0,0.0,0.0,0.0,0,10.364285714285714,18.0,0,0.0,0.0,0.0,0.0,0.0,78400.0,4760.0,1960.0,840.0,289.0,119.0,51.0,49.0,21.0,9.0,False,ERC20,openzeppelin
233,0,0,4,6,0,0,0,1,0,111,2,1,1.0,0,82,0.7387387387387387,0,0,1,0,4,0,0,0,0,2,1,0.0,0.0,4.0,8.0,0,0,0,0,0,0.0,0,0,6,0,0,0,0.0,6,0,0.0,6,0,0,0,18,0.0,6,0,0,1.0,0,0,0,0,0,0,0,111,0,0,0.0,0.0,0.0,0.008928571428571428,15.857142857142858,0.017857142857142856,0.0,0.0,0.0,0.0,0,12.337387387387388,10.2,0,0.0,0.0,0.0,0.0,0.0,12321.0,666.0,111.0,222.0,36.0,6.0,12.0,1.0,2.0,4.0,False,IERC1155,openzeppelin
235,0,0,4,2,0,0,0,1,0,55,2,1,1.0,0,37,0.6727272727272727,0,0,1,0,4,0,0,0,0,2,1,0.0,0.0,4.0,8.0,0,0,0,0,0,0.0,0,0,2,0,0,0,0.0,2,0,0.0,2,0,0,0,10,0.0,2,0,0,1.0,0,0,0,0,0,0,0,55,0,0,0.0,0.0,0.0,0.017857142857142856,18.333333333333332,0.03571428571428571,0.0,0.0,0.0,0.0,0,11.677272727272728,5.7,0,0.0,0.0,0.0,0.0,0.0,3025.0,110.0,55.0,110.0,4.0,2.0,4.0,1.0,2.0,4.0,False,IERC1155Receiver,openzeppelin
236,0,0,10,7,0,2,0,5,0,119,4,1,2.4285714285714284,0,58,0.4873949579831932,0,0,2,0,6,4,0,0,0,3,1,0.0,0.0,10.0,29.333333333333336,0,36,34,0,7,0.9444444444444444,3,17,7,9,1,0,0.0,2,5,1.2857142857142858,8,2,3,0,9,0.0,5,0,0,1.0,0,0,0,0,0,0,0,595,0,0,0.0,0.0,0.0,0.041666666666666664,14.875,0.025,0.0,0.0,0.0,0.0,0,9.623949579831933,9.8,0,0.0,0.0,0.0,0.0,0.0,14161.0,833.0,595.0,357.0,49.0,35.0,21.0,25.0,15.0,9.0,False,ERC2981,openzeppelin
237,0,0,12,2,0,1,0,5,0,29,9,1,3.0,0,9,0.3103448275862069,0,0,3,0,8,4,0,0,0,3,1,0.0,0.0,12.0,43.2,0,10,10,0,5,1.0,1,6,2,1,0,0,0.0,1,1,0.5,1,1,1,0,5,0.0,2,0,0,1.0,0,0,0,0,0,0,0,145,0,0,0.0,0.0,0.0,0.16666666666666666,9.666666666666666,0.1,0.0,0.0,0.0,0.0,0,7.853448275862069,6.9,0,0.0,0.0,0.0,0.0,0.0,841.0,58.0,145.0,87.0,4.0,10.0,6.0,25.0,15.0,9.0,False,ERC6909TokenSupply,openzeppelin
238,0,0,15,6,0,1,0,1,0,61,9,1,1.0,0,26,0.4262295081967213,0,0,3,0,8,7,0,0,0,3,1,0.0,0.0,15.0,64.5,0,15,9,0,2,0.6,3,6,6,0,0,0,0.0,3,3,0.0,6,1,3,0,9,0.0,6,0,0,1.0,0,0,0,0,0,0,0,61,0,0,0.0,0.0,0.0,0.016129032258064516,8.714285714285714,0.04838709677419355,0.0,0.0,0.0,0.0,0,9.212295081967213,8.6,0,0.0,0.0,0.0,0.0,0.0,3721.0,366.0,61.0,183.0,36.0,6.0,18.0,1.0,3.0,9.0,False,ERC6909Metadata,openzeppelin
239,0,0,14,4,0,2,0,1,0,42,9,1,1.0,0,19,0.4523809523809524,0,0,3,0,8,6,0,0,0,3,1,0.0,0.0,14.0,56.93333333333334,0,10,6,0,2,0.6,2,4,4,0,0,0,0.0,2,2,0.0,4,2,2,0,4,0.0,3,0,0,1.0,0,0,0,0,0,0,0,42,0,0,0.0,0.0,0.0,0.023255813953488372,8.4,0.06976744186046512,0.0,0.0,0.0,0.0,0,9.473809523809525,7.9,0,0.0,0.0,0.0,0.0,0.0,1764.0,168.0,42.0,126.0,16.0,4.0,12.0,1.0,3.0,9.0,False,ERC6909ContentURI,openzeppelin
240,0,0,7,1,3,0,0,7,0,47,5,1,7.0,0,19,0.4042553191489361,0,0,0,0,6,1,0,0,0,4,2,0.0,0.0,7.0,11.725,0,15,19,0,7,1.2666666666666666,0,7,1,4,0,3,0.4285714285714285,0,1,4.0,4,0,1,0,5,0.0,1,0,0,1.0,0,0,0,0,0,0,0,329,3,0,0.0,1.5,0.0,0.14583333333333334,23.5,0.08333333333333333,0.0,0.0,0.0,0.0,0,8.69255319148936,1.9,0,0.0,0.0,0.0,0.0,0.0,2209.0,47.0,329.0,188.0,1.0,7.0,4.0,49.0,28.0,16.0,False,ERC721Utils,openzeppelin
241,0,0,4,1,0,0,0,1,0,23,2,1,1.0,0,16,0.6956521739130435,0,0,1,0,4,0,0,0,0,2,1,0.0,0.0,4.0,8.0,0,2,1,0,1,0.5,1,1,1,0,0,0,0.0,1,0,0.0,1,0,0,0,4,0.0,1,0,0,1.0,0,0,0,0,0,0,0,23,0,0,0.0,0.0,0.0,0.041666666666666664,11.5,0.08333333333333333,0.0,0.0,0.0,0.0,0,11.906521739130435,3.6,0,0.0,0.0,0.0,0.0,0.0,529.0,23.0,23.0,46.0,1.0,1.0,2.0,1.0,2.0,4.0,False,ERC721Holder,openzeppelin
242,0,0,5,3,0,0,0,1,0,24,3,1,1.0,0,17,0.7083333333333334,0,0,2,0,5,0,0,0,0,2,1,0.0,0.0,5.0,12.5,0,0,0,0,0,0.0,0,0,3,0,0,0,0.0,3,0,0.0,3,0,0,0,3,0.0,2,0,0,1.0,0,0,0,0,0,0,0,24,0,0,0.0,0.0,0.0,0.04,6.0,0.08,0.0,0.0,0.0,0.0,0,12.033333333333335,5.7,0,0.0,0.0,0.0,0.0,0.0,576.0,72.0,24.0,48.0,9.0,3.0,6.0,1.0,2.0,4.0,False,IERC721Enumerable,openzeppelin
247,0,0,5,3,0,0,0,1,0,22,3,1,1.0,0,15,0.6818181818181818,0,0,2,0,5,0,0,0,0,2,1,0.0,0.0,5.0,12.5,0,0,0,0,0,0.0,0,0,3,0,0,0,0.0,3,0,0.0,3,0,0,0,1,0.0,1,0,0,1.0,0,0,0,0,0,0,0,22,0,0,0.0,0.0,0.0,0.043478260869565216,5.5,0.08695652173913043,0.0,0.0,0.0,0.0,0,11.768181818181818,5.5,0,0.0,0.0,0.0,0.0,0.0,484.0,66.0,22.0,44.0,9.0,3.0,6.0,1.0,2.0,4.0,False,IERC721Metadata,openzeppelin
252,0,0,24,13,5,0,0,7,0,260,4,1,3.769230769230769,0,129,0.4961538461538461,0,0,0,0,11,13,0,0,0,4,2,0.0,0.0,24.0,120.6,1,107,112,0,14,1.0467289719626167,2,49,13,41,0,5,0.108695652173913,0,13,3.1538461538461537,10,0,5,3,49,1.6666666666666667,13,0,0,1.0,0,0,0,0,0,0,0,1820,65,0,0.0,0.35714285714285715,0.0,0.02681992337164751,18.571428571428573,0.01532567049808429,0.0,0.0,0.0,0.0,0,9.61153846153846,12.9,0,0.0,0.0,0.0,0.0,0.0,67600.0,3380.0,1820.0,1040.0,169.0,91.0,52.0,49.0,28.0,16.0,False,SafeERC20,openzeppelin
253,0,0,9,2,2,0,0,7,0,87,3,1,7.0,0,33,0.3793103448275862,0,0,0,0,7,2,0,0,0,4,2,0.0,0.0,9.0,18.9,0,32,36,0,8,1.125,0,14,2,8,0,2,0.2,0,2,4.0,5,0,2,1,9,2.0,2,0,0,1.0,0,0,0,0,0,0,0,609,4,0,0.0,0.6666666666666666,0.0,0.07954545454545454,29.0,0.045454545454545456,0.0,0.0,0.0,0.0,0,8.443103448275862,3.3,0,0.0,0.0,0.0,0.0,0.0,7569.0,174.0,609.0,348.0,4.0,14.0,8.0,49.0,28.0,16.0,False,ERC1363Utils,openzeppelin
255,0,0,12,3,0,1,0,5,0,45,8,1,3.0,0,19,0.4222222222222222,0,0,2,0,8,4,0,0,0,3,1,0.0,0.0,12.0,43.2,0,16,16,0,6,1.0,1,9,3,5,0,0,0.0,1,2,1.6666666666666667,4,1,1,0,4,0.0,2,0,0,1.0,0,0,0,0,0,0,0,225,0,0,0.0,0.0,0.0,0.10869565217391304,11.25,0.06521739130434782,0.0,0.0,0.0,0.0,0,8.972222222222221,5.9,0,0.0,0.0,0.0,0.0,0.0,2025.0,135.0,225.0,135.0,9.0,15.0,9.0,25.0,15.0,9.0,False,ERC20Capped,openzeppelin
256,0,0,28,6,4,1,0,5,0,79,11,1,2.333333333333333,0,31,0.3924050632911392,0,2,2,0,16,12,0,0,0,4,2,0.0,0.0,28.0,170.8,0,35,33,0,8,0.9428571428571428,6,14,6,11,1,4,0.2666666666666666,4,2,1.8333333333333333,8,1,4,2,6,2.0,4,0,0,1.0,0,0,0,0,0,0,0,395,24,0,0.0,0.5714285714285714,0.0,0.0625,11.285714285714286,0.05,0.0,0.0,0.0,0.0,0,8.674050632911392,13.1,0,0.0,0.0,0.0,0.0,0.0,6241.0,474.0,395.0,316.0,36.0,30.0,24.0,25.0,20.0,16.0,False,ERC20Wrapper,openzeppelin
257,0,0,11,2,0,0,0,1,0,35,8,1,1.0,0,23,0.6571428571428571,0,0,2,0,8,3,0,0,0,3,1,0.0,0.0,11.0,37.03333333333333,0,5,3,0,2,0.6,0,2,2,5,1,0,0.0,2,0,2.5,3,0,0,0,3,0.0,2,0,0,1.0,0,0,0,0,0,0,0,35,0,0,0.0,0.0,0.0,0.027777777777777776,11.666666666666666,0.08333333333333333,0.0,0.0,0.0,0.0,0,11.521428571428572,6.3,0,0.0,0.0,0.0,0.0,0.0,1225.0,70.0,35.0,105.0,4.0,2.0,6.0,1.0,3.0,9.0,False,ERC20Burnable,openzeppelin
260,0,0,4,3,0,0,0,1,0,21,2,1,1.0,0,14,0.6666666666666666,0,0,1,0,4,0,0,0,0,2,1,0.0,0.0,4.0,8.0,0,0,0,0,0,0.0,0,0,3,0,0,0,0.0,3,0,0.0,3,0,0,0,0,0.0,0,0,0,1.0,0,0,0,0,0,0,0,21,0,0,0.0,0.0,0.0,0.045454545454545456,5.25,0.09090909090909091,0.0,0.0,0.0,0.0,0,11.616666666666667,3.4,0,0.0,0.0,0.0,0.0,0.0,441.0,63.0,21.0,42.0,9.0,3.0,6.0,1.0,2.0,4.0,False,IERC20Metadata,openzeppelin
262,0,0,14,6,1,1,0,7,0,119,10,1,2.5,0,70,0.5882352941176471,0,0,1,0,10,4,0,0,0,5,2,0.0,0.0,14.0,35.84,1,32,30,0,13,0.9375,6,15,6,14,2,1,0.0666666666666666,3,3,2.333333333333333,12,1,1,1,9,1.0,4,0,0,1.0,0,0,0,0,0,0,0,833,6,0,0.0,0.14285714285714285,0.0,0.058333333333333334,17.0,0.041666666666666664,0.0,0.0,0.0,0.0,0,10.53235294117647,9.0,0,0.0,0.0,0.0,0.0,0.0,14161.0,714.0,833.0,595.0,36.0,42.0,30.0,49.0,35.0,25.0,False,ERC20FlashMint,openzeppelin
263,0,0,22,7,3,0,0,3,0,123,14,1,1.8571428571428568,0,75,0.6097560975609756,0,3,2,0,18,4,0,0,0,4,2,0.0,0.0,22.0,114.4,0,26,22,0,4,0.8461538461538461,7,13,7,14,1,3,0.1764705882352941,7,0,2.0,8,0,3,3,18,1.0,7,0,0,1.0,0,0,0,0,0,0,0,369,21,0,0.0,0.375,0.0,0.024193548387096774,15.375,0.03225806451612903,0.0,0.0,0.0,0.0,0,10.947560975609756,20.5,0,0.0,0.0,0.0,0.0,0.0,15129.0,861.0,369.0,492.0,49.0,21.0,28.0,9.0,12.0,16.0,False,ERC1363,openzeppelin
264,0,0,3,3,0,0,0,1,0,86,1,1,1.0,0,72,0.8372093023255814,0,0,0,0,3,0,0,0,0,2,1,0.0,0.0,3.0,4.5,0,0,0,0,0,0.0,0,0,3,0,0,0,0.0,3,0,0.0,3,0,0,0,8,0.0,2,0,0,1.0,0,0,0,0,0,0,0,86,0,0,0.0,0.0,0.0,0.011494252873563218,21.5,0.022988505747126436,0.0,0.0,0.0,0.0,0,13.322093023255814,7.2,0,0.0,0.0,0.0,0.0,0.0,7396.0,258.0,86.0,172.0,9.0,3.0,6.0,1.0,2.0,4.0,False,IERC20Permit,openzeppelin
265,0,0,16,1,0,0,0,1,0,30,9,1,1.0,0,22,0.7333333333333333,0,0,2,0,9,7,0,0,0,3,1,0.0,0.0,16.0,74.13333333333333,0,3,2,0,2,0.6666666666666666,0,1,1,2,0,0,0.0,0,1,2.0,1,0,0,0,3,0.0,1,0,0,1.0,0,0,0,0,0,0,0,30,0,0,0.0,0.0,0.0,0.03225806451612903,15.0,0.0967741935483871,0.0,0.0,0.0,0.0,0,12.283333333333333,6.2,0,0.0,0.0,0.0,0.0,0.0,900.0,30.0,30.0,90.0,1.0,1.0,3.0,1.0,3.0,9.0,False,ERC20Pausable,openzeppelin
266,0,0,10,2,6,0,0,7,0,84,6,1,7.0,0,29,0.3452380952380952,0,0,0,0,8,2,0,0,0,4,2,0.0,0.0,10.0,23.5,0,30,38,0,7,1.2666666666666666,0,14,2,8,0,6,0.4285714285714285,0,2,4.0,4,0,2,0,12,0.0,2,0,0,1.0,0,0,0,0,0,0,0,588,12,0,0.0,2.0,0.0,0.08235294117647059,28.0,0.047058823529411764,0.0,0.0,0.0,0.0,0,8.102380952380951,2.9,0,0.0,0.0,0.0,0.0,0.0,7056.0,168.0,588.0,336.0,4.0,14.0,8.0,49.0,28.0,16.0,False,ERC1155Utils,openzeppelin
267,0,0,6,3,0,0,0,1,0,37,4,1,1.0,0,11,0.2972972972972973,0,0,2,0,6,0,0,0,0,2,1,0.0,0.0,6.0,18.0,0,6,3,0,1,0.5,3,3,3,2,1,0,0.0,3,0,0.6666666666666666,3,0,0,0,11,0.0,3,0,0,1.0,0,0,0,0,0,0,0,37,0,0,0.0,0.0,0.0,0.02631578947368421,9.25,0.05263157894736842,0.0,0.0,0.0,0.0,0,7.922972972972973,5.1,0,0.0,0.0,0.0,0.0,0.0,1369.0,111.0,37.0,74.0,9.0,3.0,6.0,1.0,2.0,4.0,False,ERC1155Holder,openzeppelin
272,0,0,5,1,0,0,0,1,0,17,3,1,1.0,0,12,0.7058823529411765,0,0,2,0,5,0,0,0,0,2,1,0.0,0.0,5.0,12.5,0,0,0,0,0,0.0,0,0,1,0,0,0,0.0,1,0,0.0,1,0,0,0,1,0.0,1,0,0,1.0,0,0,0,0,0,0,0,17,0,0,0.0,0.0,0.0,0.05555555555555555,8.5,0.1111111111111111,0.0,0.0,0.0,0.0,0,12.008823529411766,5.2,0,0.0,0.0,0.0,0.0,0.0,289.0,17.0,17.0,34.0,1.0,1.0,2.0,1.0,2.0,4.0,False,IERC1155MetadataURI,openzeppelin
274,0,0,6,4,0,0,0,3,0,55,1,1,1.5,0,27,0.4909090909090909,0,0,0,0,2,4,0,0,0,2,1,0.0,0.0,6.0,14.4,0,17,14,0,3,0.8235294117647058,1,6,4,2,0,0,0.0,0,4,0.5,3,0,0,0,9,0.0,4,0,0,1.0,0,0,0,0,0,0,0,165,0,0,0.0,0.0,0.0,0.05357142857142857,11.0,0.03571428571428571,0.0,0.0,0.0,0.0,0,9.759090909090908,2.7,0,0.0,0.0,0.0,0.0,0.0,3025.0,220.0,165.0,110.0,16.0,12.0,8.0,9.0,6.0,4.0,False,BitMaps,openzeppelin
277,0,0,22,17,7,0,0,3,0,218,2,1,2.647058823529412,0,109,0.5,0,7,0,0,4,18,0,0,0,3,2,0.0,0.0,22.0,121.73333333333332,1,107,97,0,8,0.9065420560747663,19,45,17,10,0,7,0.4117647058823529,0,17,0.5882352941176471,7,0,7,0,23,0.0,17,0,0,1.0,0,0,0,0,0,0,0,654,119,0,0.0,0.3888888888888889,0.0,0.0136986301369863,12.11111111111111,0.0136986301369863,0.0,0.0,0.0,0.0,0,9.85,31.9,0,0.0,0.0,0.0,0.0,0.0,47524.0,3706.0,654.0,654.0,289.0,51.0,51.0,9.0,9.0,9.0,False,DoubleEndedQueue,openzeppelin
281,1,9,172,48,20,0,0,6,0,746,4,1,3.0,0,249,0.3337801608579088,0,12,0,0,21,161,0,10,0,6,2,0.0,0.0,227.0,5058.316666666667,2,340,324,16,11,0.9529411764705882,68,144,48,60,0,20,0.25,0,48,1.25,5,0,16,0,108,0.0,48,0,0,1.0,0,0,0,0,0,0,0,4476,960,6,0.0,0.40816326530612246,0.0,0.008032128514056224,15.224489795918368,0.008032128514056224,0.14285714285714285,0.0,0.0,0.0,0,8.037801608579088,60.9,0,0.0,0.0,0.0,0.0,0.0,556516.0,35808.0,4476.0,4476.0,2304.0,288.0,288.0,36.0,36.0,36.0,False,Checkpoints,openzeppelin
282,0,0,2,1,0,0,0,1,0,23,1,1,1.0,0,19,0.8260869565217391,0,0,0,0,2,0,0,0,0,1,1,0.0,0.0,2.0,4.0,0,0,0,0,0,0.0,0,0,1,0,0,0,0.0,1,0,0.0,1,0,0,0,1,0.0,1,0,0,1.0,0,0,0,0,0,0,0,23,0,0,0.0,0.0,0.0,0.041666666666666664,11.5,0.041666666666666664,0.0,0.0,0.0,0.0,0,13.21086956521739,1.9,0,0.0,0.0,0.0,0.0,0.0,529.0,23.0,23.0,23.0,1.0,1.0,1.0,1.0,1.0,1.0,False,IERC165,openzeppelin
283,0,0,4,1,0,0,0,1,0,22,2,1,1.0,0,15,0.6818181818181818,0,0,1,0,4,0,0,0,0,2,1,0.0,0.0,4.0,8.0,0,2,1,0,1,0.5,1,1,1,1,1,0,0.0,1,0,1.0,1,0,0,0,1,0.0,1,0,0,1.0,0,0,0,0,0,0,0,22,0,0,0.0,0.0,0.0,0.043478260869565216,11.0,0.08695652173913043,0.0,0.0,0.0,0.0,0,11.768181818181818,3.5,0,0.0,0.0,0.0,0.0,0.0,484.0,22.0,22.0,44.0,1.0,1.0,2.0,1.0,2.0,4.0,False,ERC165,openzeppelin
284,0,0,11,7,1,1,0,8,0,128,2,1,2.857142857142857,0,70,0.546875,0,0,0,0,5,6,0,0,0,4,2,0.0,0.0,11.0,25.3,1,47,43,2,8,0.9148936170212766,8,20,7,14,0,1,0.0666666666666666,0,7,2.0,6,1,1,0,11,0.0,6,0,0,1.0,0,0,0,0,0,0,0,1024,7,0,0.0,0.125,0.0,0.06201550387596899,16.0,0.031007751937984496,0.0,0.0,0.0,0.0,0,10.068750000000001,7.0,0,0.0,0.0,0.0,0.0,0.0,16384.0,896.0,1024.0,512.0,49.0,56.0,28.0,64.0,32.0,16.0,False,ERC165Checker,openzeppelin
285,1,10,130,9,10,0,0,3,0,118,4,1,1.3333333333333333,0,68,0.576271186440678,0,6,0,0,17,124,0,11,0,8,4,0.0,0.0,190.0,2465.25,0,33,25,0,6,0.7575757575757576,10,12,9,4,0,10,0.7142857142857143,0,9,0.4444444444444444,7,0,6,0,12,0.0,7,0,0,1.0,0,0,0,0,0,0,0,354,90,8,0.0,1.0,0.0,0.025210084033613446,11.8,0.06722689075630252,0.1111111111111111,0.0,0.0,0.0,0,10.61271186440678,24.8,0,0.0,0.0,0.0,0.0,0.0,13924.0,1062.0,354.0,944.0,81.0,27.0,72.0,9.0,24.0,64.0,False,Time,openzeppelin
286,0,0,22,16,8,0,0,16,0,483,2,1,5.5,4,248,0.5134575569358178,0,4,0,0,4,18,0,0,0,3,2,0.0,0.0,22.0,121.73333333333332,2,192,204,28,20,1.0625,24,88,16,12,0,8,0.4,0,16,0.75,3,0,6,0,56,0.0,16,0,0,1.0,0,0,0,0,0,0,0,7728,128,0,0.0,0.47058823529411764,0.0,0.03305785123966942,28.41176470588235,0.006198347107438017,0.0,0.0,0.0,0.0,0,9.33457556935818,36.8,0,0.0,0.0,0.0,0.0,0.0,233289.0,7728.0,7728.0,1449.0,256.0,256.0,48.0,256.0,48.0,9.0,False,MerkleProof,openzeppelin
288,0,0,5,2,0,0,0,2,0,28,1,1,1.5,0,15,0.5357142857142857,0,0,0,0,3,2,0,0,0,3,2,0.0,0.0,5.0,7.333333333333334,0,10,8,0,5,0.8,2,3,2,3,0,0,0.0,0,2,1.5,2,0,0,0,4,0.0,2,0,0,1.0,0,0,0,0,0,0,0,56,0,0,0.0,0.0,0.0,0.06896551724137931,9.333333333333334,0.10344827586206896,0.0,0.0,0.0,0.0,0,10.257142857142856,1.5,0,0.0,0.0,0.0,0.0,0.0,784.0,56.0,56.0,84.0,4.0,4.0,6.0,4.0,6.0,9.0,False,Hashes,openzeppelin
292,1,9,147,16,5,8,0,10,0,379,5,1,2.9375,0,149,0.3931398416886543,0,4,0,0,23,134,0,10,0,6,2,0.0,0.0,202.0,3932.2666666666655,1,220,212,6,40,0.9636363636363636,17,47,16,37,0,5,0.119047619047619,0,16,2.3125,10,8,4,0,51,0.0,15,0,0,1.0,0,0,0,0,0,0,0,3790,80,6,0.0,0.29411764705882354,0.0,0.02631578947368421,22.294117647058822,0.015789473684210527,0.14285714285714285,0.0,0.0,0.0,0,8.431398416886543,26.9,0,0.0,0.0,0.0,0.0,0.0,143641.0,6064.0,3790.0,2274.0,256.0,160.0,96.0,100.0,60.0,36.0,False,P256,openzeppelin
294,0,0,17,11,0,0,0,9,0,266,1,1,3.0,0,119,0.4473684210526316,0,0,0,0,6,11,0,0,0,3,2,0.0,0.0,17.0,77.63333333333333,1,118,114,0,10,0.9661016949152542,13,33,11,23,0,0,0.0,0,11,2.090909090909091,7,0,0,0,26,0.0,11,0,0,1.0,0,0,0,0,0,0,0,2394,0,0,0.0,0.0,0.0,0.033707865168539325,22.166666666666668,0.011235955056179775,0.0,0.0,0.0,0.0,0,9.023684210526316,11.9,0,0.0,0.0,0.0,0.0,0.0,70756.0,2926.0,2394.0,798.0,121.0,99.0,33.0,81.0,27.0,9.0,False,ECDSA,openzeppelin
295,1,9,128,3,2,0,0,19,0,142,4,1,7.0,1,79,0.5563380281690141,0,2,0,0,18,120,0,10,0,6,2,0.0,0.0,183.0,3111.0,1,50,51,2,23,1.02,6,21,3,4,0,2,0.3333333333333333,0,3,1.3333333333333333,2,0,1,0,10,0.0,3,0,0,1.0,0,0,0,0,0,0,0,2698,6,6,0.0,0.5,0.0,0.13286713286713286,35.5,0.04195804195804196,0.14285714285714285,0.0,0.0,0.0,0,9.61338028169014,13.9,0,0.0,0.0,0.0,0.0,0.0,20164.0,426.0,2698.0,852.0,9.0,57.0,18.0,361.0,114.0,36.0,False,RSA,openzeppelin
296,0,0,68,65,0,0,0,3,0,1092,1,1,2.9692307692307693,0,696,0.6373626373626373,0,0,0,0,3,65,0,0,0,3,2,0.0,0.0,68.0,1099.3333333333337,2,324,323,0,3,0.9969135802469136,33,193,65,64,0,0,0.0,0,65,0.9846153846153848,5,0,0,0,65,0.0,65,0,0,1.0,0,0,0,0,0,0,0,3276,0,0,0.0,0.0,0.0,0.0027447392497712718,16.545454545454547,0.0027447392497712718,0.0,0.0,0.0,0.0,0,11.223626373626374,69.6,0,0.0,0.0,0.0,0.0,0.0,1192464.0,70980.0,3276.0,3276.0,4225.0,195.0,195.0,9.0,9.0,9.0,False,SafeCast,openzeppelin
297,0,0,74,5,1,0,0,1,0,60,2,1,1.0,0,35,0.5833333333333334,0,1,0,0,4,70,0,0,0,3,2,0.0,0.0,74.0,1307.3333333333337,0,12,7,0,2,0.5833333333333334,5,5,5,2,0,1,0.3333333333333333,0,5,0.4,3,0,1,0,10,0.0,5,0,0,1.0,0,0,0,0,0,0,0,60,5,0,0.0,0.16666666666666666,0.0,0.01639344262295082,10.0,0.04918032786885246,0.0,0.0,0.0,0.0,0,10.783333333333335,6.5,0,0.0,0.0,0.0,0.0,0.0,3600.0,300.0,60.0,180.0,25.0,5.0,15.0,1.0,3.0,9.0,False,SignedMath,openzeppelin
298,1,9,119,36,31,0,0,17,0,693,3,1,2.611111111111111,2,339,0.4891774891774891,0,19,0,0,16,113,0,10,0,6,2,0.0,0.0,174.0,2757.9,3,289,274,2,29,0.9480968858131488,33,94,36,45,0,31,0.4078947368421052,0,36,1.25,17,0,20,0,76,0.0,36,0,0,1.0,0,0,0,0,0,0,0,11781,1116,6,0.0,0.8378378378378378,0.0,0.024495677233429394,18.72972972972973,0.008645533141210375,0.14285714285714285,0.0,0.0,0.0,0,9.04177489177489,90.9,0,0.0,0.0,0.0,0.0,0.0,480249.0,24948.0,11781.0,4158.0,1296.0,612.0,216.0,289.0,102.0,36.0,False,Math,openzeppelin
299,1,9,133,1,1,0,0,5,0,26,7,1,5.0,0,9,0.3461538461538461,0,1,1,0,26,117,0,10,0,7,2,0.0,0.0,188.0,2897.885714285714,0,11,11,0,7,1.0,2,5,1,0,0,1,1.0,1,0,0.0,1,0,1,0,3,0.0,1,0,0,1.0,0,0,0,0,0,0,0,130,1,7,0.0,0.5,0.0,0.18518518518518517,13.0,0.25925925925925924,0.125,0.0,0.0,0.0,0,8.21153846153846,5.9,0,0.0,0.0,0.0,0.0,0.0,676.0,26.0,130.0,182.0,1.0,5.0,7.0,25.0,35.0,49.0,False,ERC7913P256Verifier,openzeppelin
300,1,9,119,1,3,0,0,2,0,20,6,1,2.0,0,8,0.4,0,1,1,0,21,108,0,10,0,7,2,0.0,0.0,174.0,2401.2,0,7,6,0,5,0.8571428571428571,2,2,1,2,1,3,0.6,1,0,2.0,2,0,1,0,3,0.0,1,0,0,1.0,0,0,0,0,0,0,0,40,3,7,0.0,1.5,0.0,0.09523809523809523,10.0,0.3333333333333333,0.125,0.0,0.0,0.0,0,8.9,5.8,0,0.0,0.0,0.0,0.0,0.0,400.0,20.0,40.0,140.0,1.0,2.0,7.0,4.0,14.0,49.0,False,ERC7913RSAVerifier,openzeppelin
302,0,1,21,4,1,1,0,1,0,49,3,1,1.0,0,27,0.5510204081632653,0,1,1,0,8,14,0,1,0,4,3,0.0,0.0,26.0,115.7,0,11,7,0,4,0.6363636363636364,2,4,4,2,0,1,0.3333333333333333,1,3,0.5,2,1,2,1,4,2.0,3,0,0,1.0,0,0,0,0,0,0,0,49,4,0,0.0,0.2,0.0,0.02,9.8,0.08,0.0,0.0,0.0,0.0,0,10.460204081632654,7.7,0,0.0,0.0,0.0,0.0,0.0,2401.0,196.0,49.0,196.0,16.0,4.0,16.0,1.0,4.0,16.0,False,SignerECDSA,openzeppelin
305,1,9,151,4,2,2,0,3,0,56,7,1,2.0,0,27,0.4821428571428571,0,2,1,0,25,136,0,10,0,6,2,0.0,0.0,206.0,4126.866666666667,0,20,17,0,8,0.85,3,8,4,3,0,2,0.4,1,3,0.75,2,2,2,0,6,0.0,3,1,0,0.0,0,0,1,0,0,2,0,168,8,6,0.0,0.4,0.0,0.05263157894736842,11.2,0.10526315789473684,0.14285714285714285,0.2,0.3333333333333333,0.7,0,9.67142857142857,10.7,0,1.0,56.0,4.0,3.0,6.0,3136.0,224.0,168.0,336.0,16.0,12.0,24.0,9.0,18.0,36.0,False,SignerP256,openzeppelin
306,0,0,2,1,0,0,0,1,0,21,1,1,1.0,0,17,0.8095238095238095,0,0,0,0,2,0,0,0,0,1,1,0.0,0.0,2.0,4.0,0,0,0,0,0,0.0,0,0,1,0,0,0,0.0,0,1,0.0,1,0,0,0,2,0.0,1,0,0,1.0,0,0,0,0,0,0,0,21,0,0,0.0,0.0,0.0,0.045454545454545456,10.5,0.045454545454545456,0.0,0.0,0.0,0.0,0,13.045238095238094,1.7,0,0.0,0.0,0.0,0.0,0.0,441.0,21.0,21.0,21.0,1.0,1.0,1.0,1.0,1.0,1.0,False,AbstractSigner,openzeppelin
307,0,1,20,1,1,0,0,1,0,22,3,1,1.0,0,10,0.4545454545454545,0,1,1,0,8,13,0,1,0,4,3,0.0,0.0,25.0,106.875,0,5,4,0,4,0.8,1,1,1,0,0,1,1.0,0,1,0.0,1,0,1,1,2,1.0,1,0,0,1.0,0,0,0,0,0,0,0,22,1,0,0.0,0.5,0.0,0.043478260869565216,11.0,0.17391304347826086,0.0,0.0,0.0,0.0,0,9.495454545454546,6.0,0,0.0,0.0,0.0,0.0,0.0,484.0,22.0,22.0,88.0,1.0,1.0,4.0,1.0,4.0,16.0,False,SignerEIP7702,openzeppelin
310,1,9,132,4,2,2,0,1,0,58,6,1,1.0,0,34,0.5862068965517241,0,1,1,0,20,122,0,10,0,6,2,0.0,0.0,187.0,3284.9666666666662,0,12,8,0,4,0.6666666666666666,2,4,4,3,0,2,0.4,1,3,0.75,3,2,2,0,6,0.0,3,0,0,1.0,0,0,0,0,0,0,0,58,8,6,0.0,0.4,0.0,0.01694915254237288,11.6,0.1016949152542373,0.14285714285714285,0.0,0.0,0.0,0,10.812068965517241,8.4,0,0.0,0.0,0.0,0.0,0.0,3364.0,232.0,58.0,348.0,16.0,4.0,24.0,1.0,6.0,36.0,False,SignerRSA,openzeppelin
311,1,2,63,3,1,1,0,1,0,40,14,1,1.0,0,26,0.65,1,0,2,0,35,31,0,3,0,7,3,0.0,0.0,83.0,672.3,0,6,3,0,2,0.5,0,3,3,2,1,1,0.3333333333333333,2,1,0.6666666666666666,2,1,1,1,4,1.0,2,0,0,1.0,0,0,0,0,0,0,0,40,3,7,0.0,0.25,0.0,0.024390243902439025,10.0,0.17073170731707318,0.125,0.0,0.0,0.0,0,11.45,6.6,0,0.0,0.0,0.0,0.0,0.0,1600.0,120.0,40.0,280.0,9.0,3.0,21.0,1.0,7.0,49.0,False,ProxyAdmin,openzeppelin
312,1,2,63,4,4,1,0,5,0,109,14,1,2.0,0,75,0.6880733944954128,1,2,2,0,35,31,0,3,0,7,3,0.0,0.0,83.0,672.3,0,19,17,0,4,0.8947368421052632,1,8,4,7,1,4,0.3636363636363636,1,3,1.75,3,1,1,1,3,1.0,1,0,0,1.0,0,0,0,0,0,0,0,545,16,7,0.0,0.8,0.0,0.045454545454545456,21.8,0.06363636363636363,0.125,0.0,0.0,0.0,0,11.630733944954128,17.5,0,0.0,0.0,0.0,0.0,0.0,11881.0,436.0,545.0,763.0,16.0,20.0,28.0,25.0,35.0,49.0,False,TransparentUpgradeableProxy,openzeppelin
313,0,2,60,8,4,2,2,3,0,134,9,1,1.75,0,86,0.6417910447761194,1,2,1,0,32,30,0,2,0,7,3,0.0,0.0,70.0,530.0,0,26,22,0,5,0.8461538461538461,1,13,8,8,2,4,0.3333333333333333,2,6,1.0,8,2,1,1,5,1.0,3,0,0,1.0,0,0,0,0,0,0,0,402,32,0,0.0,0.4444444444444444,0.0,0.022222222222222223,14.88888888888889,0.05185185185185185,0.0,0.0,0.0,0.0,0,15.267910447761192,16.6,0,0.0,0.0,0.0,0.0,0.0,17956.0,1072.0,402.0,938.0,64.0,24.0,56.0,9.0,21.0,49.0,False,UUPSUpgradeable,openzeppelin
314,0,0,9,7,0,1,3,5,0,218,1,1,1.8571428571428568,0,143,0.6559633027522935,0,0,0,0,3,6,0,0,0,3,2,0.0,0.0,9.0,21.6,0,25,21,0,6,0.84,3,13,7,7,0,0,0.0,0,7,1.0,4,1,0,0,0,0.0,0,0,0,1.0,0,0,0,0,0,0,0,1090,0,0,0.0,0.0,0.0,0.0228310502283105,27.25,0.0136986301369863,0.0,0.0,0.0,0.0,0,17.309633027522935,14.3,0,0.0,0.0,0.0,0.0,0.0,47524.0,1526.0,1090.0,654.0,49.0,35.0,21.0,25.0,15.0,9.0,False,Initializable,openzeppelin
315,0,2,59,3,2,0,0,3,0,56,9,1,1.6666666666666667,0,38,0.6785714285714286,1,2,1,0,31,30,0,2,0,5,3,0.0,0.0,69.0,717.6,0,9,7,0,3,0.7777777777777778,2,5,3,2,1,2,0.5,1,2,0.6666666666666666,3,0,1,1,2,1.0,1,0,0,1.0,0,0,0,0,0,0,0,168,6,0,0.0,0.5,0.0,0.05263157894736842,14.0,0.08771929824561403,0.0,0.0,0.0,0.0,0,11.635714285714286,11.8,0,0.0,0.0,0.0,0.0,0.0,3136.0,168.0,168.0,280.0,9.0,9.0,15.0,9.0,15.0,25.0,False,ERC1967Proxy,openzeppelin
316,0,2,66,11,13,3,0,5,0,154,7,1,2.272727272727273,0,82,0.5324675324675324,0,8,0,0,28,40,0,2,0,5,3,0.0,0.0,76.0,851.1999999999999,1,49,45,0,6,0.9183673469387756,3,25,11,13,0,13,0.5,0,11,1.181818181818182,9,3,6,2,8,3.0,6,0,0,1.0,0,0,0,0,0,0,0,770,143,0,0.0,1.0833333333333333,0.0,0.03225806451612903,12.833333333333334,0.03225806451612903,0.0,0.0,0.0,0.0,0,10.074675324675324,32.2,0,0.0,0.0,0.0,0.0,0.0,23716.0,1694.0,770.0,770.0,121.0,55.0,55.0,25.0,25.0,25.0,False,ERC1967Utils,openzeppelin
317,0,0,9,4,0,1,0,3,0,61,4,1,1.5,0,37,0.6065573770491803,0,0,2,0,6,3,0,0,0,4,1,0.0,0.0,9.0,18.225,0,14,11,0,4,0.7857142857142857,1,6,4,6,2,0,0.0,3,1,1.5,4,1,1,0,4,0.0,3,0,0,1.0,0,0,0,0,0,0,0,183,0,0,0.0,0.0,0.0,0.04838709677419355,12.2,0.06451612903225806,0.0,0.0,0.0,0.0,0,10.915573770491804,7.7,0,0.0,0.0,0.0,0.0,0.0,3721.0,244.0,183.0,244.0,16.0,12.0,16.0,9.0,12.0,16.0,False,UpgradeableBeacon,openzeppelin
318,0,0,2,1,0,0,0,1,0,14,1,1,1.0,0,10,0.7142857142857143,0,0,0,0,2,0,0,0,0,1,1,0.0,0.0,2.0,4.0,0,0,0,0,0,0.0,0,0,1,0,0,0,0.0,1,0,0.0,1,0,0,0,0,0.0,0,0,0,1.0,0,0,0,0,0,0,0,14,0,0,0.0,0.0,0.0,0.06666666666666667,7.0,0.06666666666666667,0.0,0.0,0.0,0.0,0,12.092857142857143,1.0,0,0.0,0.0,0.0,0.0,0.0,196.0,14.0,14.0,14.0,1.0,1.0,1.0,1.0,1.0,1.0,False,IBeacon,openzeppelin
319,0,2,61,3,2,1,0,1,0,51,9,1,1.0,0,34,0.6666666666666666,1,1,1,0,31,32,0,2,0,6,3,0.0,0.0,71.0,631.8999999999999,0,7,4,0,2,0.5714285714285714,2,3,3,1,0,2,0.6666666666666666,1,2,0.3333333333333333,2,1,1,1,2,1.0,1,0,0,1.0,0,0,0,0,0,0,0,51,6,0,0.0,0.5,0.0,0.019230769230769232,12.75,0.11538461538461539,0.0,0.0,0.0,0.0,0,11.616666666666667,8.4,0,0.0,0.0,0.0,0.0,0.0,2601.0,153.0,51.0,306.0,9.0,3.0,18.0,1.0,6.0,36.0,False,BeaconProxy,openzeppelin
320,0,0,5,14,0,0,0,1,0,70,1,1,1.0,0,8,0.1142857142857142,2,0,0,0,5,0,0,0,0,2,1,0.0,0.0,5.0,12.5,0,0,0,0,0,0.0,0,0,14,0,0,0,0.0,14,0,0.0,14,0,0,0,18,0.0,6,0,0,1.0,0,0,0,0,0,0,0,70,0,0,0.0,0.0,0.0,0.014084507042253521,4.666666666666667,0.028169014084507043,0.0,0.0,0.0,0.0,0,6.092857142857142,0.8,0,0.0,0.0,0.0,0.0,0.0,4900.0,980.0,70.0,140.0,196.0,14.0,28.0,1.0,2.0,4.0,False,ICompoundTimelock,openzeppelin
321,2,0,6,8,1,5,0,9,0,85,1,1,2.25,0,25,0.2941176470588235,2,0,0,0,7,2,0,2,1,8,4,0.0,0.0,26.0,27.3,0,40,36,0,9,0.9,1,18,8,13,3,1,0.0714285714285714,6,2,1.625,6,5,1,1,2,1.0,2,0,0,1.0,0,0,0,0,0,0,0,765,8,16,0.0,0.1111111111111111,0.0,0.10465116279069768,9.444444444444445,0.09302325581395349,0.2222222222222222,0.0,0.0,0.0,0,7.491176470588234,2.5,0,0.0,0.0,0.0,0.0,0.0,7225.0,680.0,765.0,680.0,64.0,72.0,64.0,81.0,72.0,64.0,True,open_address_lottery,smartbugs_curated
322,1,0,4,2,0,3,0,1,0,25,1,1,1.0,0,7,0.28,0,0,0,0,6,0,0,1,0,4,2,0.0,0.0,14.0,21.0,0,8,6,0,6,0.75,0,2,2,1,1,0,0.0,1,1,0.5,2,3,1,0,2,0.0,1,0,0,1.0,0,0,0,0,0,0,0,25,0,4,0.0,0.0,0.0,0.038461538461538464,8.333333333333334,0.15384615384615385,0.2,0.0,0.0,0.0,0,7.75,0.7,0,0.0,0.0,0.0,0.0,0.0,625.0,50.0,25.0,100.0,4.0,2.0,8.0,1.0,4.0,16.0,True,name_registrar,smartbugs_curated
323,3,1,7,6,2,5,0,3,0,50,1,1,1.6666666666666667,0,13,0.26,2,0,0,0,7,5,0,4,1,9,4,0.0,0.0,42.0,48.99999999999999,0,22,18,0,9,0.8181818181818182,0,10,6,7,2,2,0.2222222222222222,4,2,1.1666666666666667,7,5,1,1,1,1.0,1,0,0,1.0,0,0,0,0,0,0,0,150,12,27,0.0,0.2857142857142857,0.0,0.058823529411764705,7.142857142857143,0.17647058823529413,0.3,0.0,0.0,0.0,0,7.449999999999999,1.3,1,0.0,0.0,0.0,0.0,0.0,2500.0,300.0,150.0,450.0,36.0,18.0,54.0,9.0,27.0,81.0,True,crypto_roulette,smartbugs_curated
324,1,1,5,3,1,1,0,1,0,18,1,1,1.0,0,6,0.3333333333333333,1,0,0,0,3,4,0,2,0,5,3,0.0,0.0,20.0,23.200000000000003,0,6,3,0,2,0.5,0,3,3,2,1,1,0.3333333333333333,3,0,0.6666666666666666,4,1,2,1,2,2.0,2,0,0,1.0,0,0,0,0,0,0,0,18,3,5,0.0,0.25,0.0,0.05263157894736842,4.5,0.2631578947368421,0.16666666666666666,0.0,0.0,0.0,0,8.283333333333333,0.6,0,0.0,0.0,0.0,0.0,0.0,324.0,54.0,18.0,90.0,9.0,3.0,15.0,1.0,5.0,25.0,True,phishable,smartbugs_curated
325,3,3,66,6,3,7,0,5,3,395,4,1,1.6666666666666667,0,108,0.2734177215189873,1,0,1,0,74,7,0,6,0,17,8,0.0,0.0,111.0,515.1705882352942,1,20,16,0,5,0.8,3,10,6,1,1,3,0.75,5,1,0.1666666666666666,6,7,2,3,7,0.6666666666666666,4,0,0,1.0,0,0,0,0,0,0,0,1975,18,51,0.0,0.42857142857142855,0.75,0.012626262626262626,56.42857142857143,0.04292929292929293,0.16666666666666666,0.0,0.0,0.0,0,7.484177215189873,12.8,1,0.0,0.0,0.0,0.0,0.0,156025.0,2370.0,1975.0,6715.0,36.0,30.0,102.0,25.0,85.0,289.0,True,parity_wallet_bug_1,smartbugs_curated
326,1,1,6,6,2,2,0,1,0,32,1,1,1.0,0,6,0.1875,1,0,0,0,7,1,0,2,0,4,1,0.0,0.0,21.0,40.425,0,15,9,0,2,0.6,0,6,6,4,1,2,0.3333333333333333,6,0,0.6666666666666666,5,2,2,0,3,0.0,2,0,0,1.0,0,0,0,0,0,0,0,32,12,4,0.0,0.2857142857142857,0.0,0.030303030303030304,4.571428571428571,0.12121212121212122,0.2,0.0,0.0,0.0,0,6.825,0.6,0,0.0,0.0,0.0,0.0,0.0,1024.0,192.0,32.0,128.0,36.0,6.0,24.0,1.0,4.0,16.0,True,arbitrary_location_write_simple,smartbugs_curated
327,0,0,4,4,2,2,0,1,0,31,1,1,1.0,0,10,0.3225806451612903,1,0,0,0,2,2,0,0,1,3,2,0.0,0.0,4.0,4.533333333333333,0,12,8,0,3,0.6666666666666666,0,4,4,4,1,2,0.3333333333333333,4,0,1.0,4,2,2,2,2,1.0,2,0,0,1.0,0,0,0,0,0,0,0,31,8,0,0.0,0.4,0.0,0.03125,6.2,0.09375,0.0,0.0,0.0,0.0,0,8.175806451612903,1.0,0,0.0,0.0,0.0,0.0,0.0,961.0,124.0,31.0,93.0,16.0,4.0,12.0,1.0,3.0,9.0,True,wallet_03_wrong_constructor,smartbugs_curated
328,1,5,25,19,5,7,1,8,0,125,1,1,2.3157894736842106,0,21,0.168,0,0,0,0,15,16,0,6,4,11,4,0.0,0.0,60.0,142.9090909090909,1,99,86,1,12,0.8686868686868687,6,44,19,9,2,5,0.3571428571428571,16,3,0.4736842105263157,12,7,6,5,7,1.2,7,0,0,1.0,0,0,0,0,0,0,0,1000,95,11,0.0,0.25,0.0,0.06349206349206349,6.25,0.0873015873015873,0.08333333333333333,0.0,0.0,0.0,0,8.280000000000001,2.1,0,0.0,0.0,0.0,0.0,0.0,15625.0,2375.0,1000.0,1375.0,361.0,152.0,209.0,64.0,88.0,121.0,True,rubixi,smartbugs_curated
329,1,1,3,2,1,1,0,1,0,18,1,1,1.0,0,7,0.3888888888888889,0,0,0,0,2,3,0,2,0,4,3,0.0,0.0,18.0,18.45,0,5,3,0,2,0.6,0,2,2,1,1,1,0.5,2,0,0.5,2,1,1,1,2,1.0,1,0,0,1.0,0,0,0,0,0,0,0,18,2,4,0.0,0.3333333333333333,0.0,0.05263157894736842,6.0,0.21052631578947367,0.2,0.0,0.0,0.0,0,8.838888888888889,0.7,0,0.0,0.0,0.0,0.0,0.0,324.0,36.0,18.0,72.0,4.0,2.0,8.0,1.0,4.0,16.0,True,mycontract,smartbugs_curated
330,0,0,4,5,3,2,0,1,0,35,1,1,1.0,0,11,0.3142857142857143,1,0,0,0,2,2,0,0,1,3,2,0.0,0.0,4.0,4.533333333333333,0,14,9,0,3,0.6428571428571429,0,5,5,4,1,3,0.4285714285714285,5,0,0.8,5,2,2,3,2,0.6666666666666666,2,0,0,1.0,0,0,0,0,0,0,0,35,15,0,0.0,0.5,0.0,0.027777777777777776,5.833333333333333,0.08333333333333333,0.0,0.0,0.0,0.0,0,8.092857142857143,1.1,0,0.0,0.0,0.0,0.0,0.0,1225.0,175.0,35.0,105.0,25.0,5.0,15.0,1.0,3.0,9.0,True,wallet_02_refund_nosub,smartbugs_curated
331,0,0,3,3,1,1,1,1,0,28,1,1,1.0,0,8,0.2857142857142857,1,0,0,0,3,0,0,0,0,2,1,0.0,0.0,3.0,4.5,0,6,3,0,2,0.5,0,3,3,2,1,1,0.3333333333333333,3,0,0.6666666666666666,4,1,0,1,0,0.0,0,0,0,1.0,0,0,0,0,0,0,0,28,3,0,0.0,0.25,0.0,0.034482758620689655,7.0,0.06896551724137931,0.0,0.0,0.0,0.0,0,9.807142857142857,0.8,0,0.0,0.0,0.0,0.0,0.0,784.0,84.0,28.0,56.0,9.0,3.0,6.0,1.0,2.0,4.0,True,incorrect_constructor_name1,smartbugs_curated
332,0,0,4,4,2,2,0,1,0,32,1,1,1.0,0,11,0.34375,1,0,0,0,2,2,0,0,1,3,2,0.0,0.0,4.0,4.533333333333333,0,12,8,0,3,0.6666666666666666,0,4,4,4,1,2,0.3333333333333333,4,0,1.0,4,2,2,2,2,1.0,2,0,0,1.0,0,0,0,0,0,0,0,32,8,0,0.0,0.4,0.0,0.030303030303030304,6.4,0.09090909090909091,0.0,0.0,0.0,0.0,0,8.3875,1.1,0,0.0,0.0,0.0,0.0,0.0,1024.0,128.0,32.0,96.0,16.0,4.0,12.0,1.0,3.0,9.0,True,wallet_04_confused_sign,smartbugs_curated
333,0,0,4,3,0,2,1,1,0,53,2,1,1.0,0,23,0.4339622641509434,0,0,0,0,4,0,0,0,0,2,1,0.0,0.0,4.0,8.0,0,12,9,0,4,0.75,2,3,3,3,1,0,0.0,3,0,1.0,3,2,2,0,2,0.0,2,0,0,1.0,0,0,0,0,0,0,0,53,0,0,0.0,0.0,0.0,0.018518518518518517,13.25,0.037037037037037035,0.0,0.0,0.0,0.0,0,11.289622641509435,2.3,0,0.0,0.0,0.0,0.0,0.0,2809.0,159.0,53.0,106.0,9.0,3.0,6.0,1.0,2.0,4.0,True,multiowned_vulnerable,smartbugs_curated
334,2,0,2,3,1,2,0,3,0,25,1,1,1.6666666666666667,0,7,0.28,0,0,0,0,4,1,0,2,0,4,2,0.0,0.0,22.0,25.85,0,10,8,0,3,0.8,1,5,3,2,1,1,0.3333333333333333,3,0,0.6666666666666666,4,2,1,1,3,1.0,2,0,0,1.0,0,0,0,0,0,0,0,75,3,8,0.0,0.25,0.0,0.11538461538461539,6.25,0.15384615384615385,0.4,0.0,0.0,0.0,0,7.65,0.7,0,0.0,0.0,0.0,0.0,0.0,625.0,75.0,75.0,100.0,9.0,9.0,12.0,9.0,12.0,16.0,True,mapping_write,smartbugs_curated
335,1,0,2,1,0,0,0,1,0,13,1,1,1.0,0,7,0.5384615384615384,0,0,0,0,3,0,0,1,0,2,2,0.0,0.0,12.0,18.0,0,2,1,0,1,0.5,0,1,1,1,1,0,0.0,1,0,1.0,1,0,0,0,0,0.0,0,0,0,1.0,0,0,0,0,0,0,0,13,0,2,0.0,0.0,0.0,0.07142857142857142,6.5,0.14285714285714285,0.3333333333333333,0.0,0.0,0.0,0,10.334615384615384,0.7,0,0.0,0.0,0.0,0.0,0.0,169.0,13.0,13.0,26.0,1.0,1.0,2.0,1.0,2.0,4.0,True,simple_suicide,smartbugs_curated
336,0,0,3,3,1,1,1,1,0,26,1,1,1.0,0,6,0.2307692307692307,1,0,0,0,3,0,0,0,0,2,1,0.0,0.0,3.0,4.5,0,6,3,0,2,0.5,0,3,3,2,1,1,0.3333333333333333,3,0,0.6666666666666666,4,1,0,1,0,0.0,0,0,0,1.0,0,0,0,0,0,0,0,26,3,0,0.0,0.25,0.0,0.037037037037037035,6.5,0.07407407407407407,0.0,0.0,0.0,0.0,0,9.257692307692308,0.6,0,0.0,0.0,0.0,0.0,0.0,676.0,78.0,26.0,52.0,9.0,3.0,6.0,1.0,2.0,4.0,True,incorrect_constructor_name3,smartbugs_curated
337,0,0,2,3,1,1,1,1,0,26,1,1,1.0,0,6,0.2307692307692307,1,0,0,0,2,0,0,0,0,1,1,0.0,0.0,2.0,4.0,0,6,3,0,2,0.5,0,3,3,2,1,1,0.3333333333333333,3,0,0.6666666666666666,4,1,0,1,0,0.0,0,0,0,1.0,0,0,0,0,0,0,0,26,3,0,0.0,0.25,0.0,0.037037037037037035,6.5,0.037037037037037035,0.0,0.0,0.0,0.0,0,9.257692307692308,0.6,0,0.0,0.0,0.0,0.0,0.0,676.0,78.0,26.0,26.0,9.0,3.0,3.0,1.0,1.0,1.0,True,incorrect_constructor_name2,smartbugs_curated
338,0,0,4,2,0,1,1,1,0,33,1,1,1.0,0,15,0.4545454545454545,0,0,0,0,3,1,0,0,0,3,1,0.0,0.0,4.0,4.933333333333334,0,4,2,0,1,0.5,0,2,2,0,0,0,0.0,2,0,0.0,2,1,1,0,1,0.0,1,0,0,1.0,0,0,0,0,0,0,0,33,0,0,0.0,0.0,0.0,0.029411764705882353,11.0,0.08823529411764706,0.0,0.0,0.0,0.0,0,11.495454545454546,1.5,0,0.0,0.0,0.0,0.0,0.0,1089.0,66.0,33.0,99.0,4.0,2.0,6.0,1.0,3.0,9.0,True,unprotected0,smartbugs_curated
339,1,0,4,2,1,1,0,1,1,16,1,1,1.0,0,6,0.375,0,0,0,0,5,1,0,1,0,5,3,0.0,0.0,14.0,15.96,0,4,2,0,1,0.5,0,2,2,1,1,1,0.5,2,0,0.5,2,1,1,1,2,1.0,1,0,0,1.0,0,0,0,0,0,0,0,16,2,5,0.0,0.3333333333333333,0.5,0.058823529411764705,5.333333333333333,0.29411764705882354,0.16666666666666666,0.0,0.0,0.0,0,8.7,0.6,0,0.0,0.0,0.0,0.0,0.0,256.0,32.0,16.0,80.0,4.0,2.0,10.0,1.0,5.0,25.0,True,proxy,smartbugs_curated
340,4,0,9,5,3,5,0,1,2,52,2,1,1.0,0,18,0.3461538461538461,1,0,0,0,11,4,0,4,0,9,5,0.0,0.0,49.0,75.13333333333333,0,10,5,0,3,0.5,0,5,5,3,1,3,0.5,3,2,0.6,4,5,1,3,1,0.3333333333333333,1,0,1,1.0,0,1,0,0,0,0,0,52,15,36,0.0,0.5,0.5,0.018867924528301886,8.666666666666666,0.16981132075471697,0.4,0.0,0.0,0.0,0,8.411538461538461,1.8,1,0.0,0.0,0.0,0.0,0.0,2704.0,260.0,52.0,468.0,25.0,5.0,45.0,1.0,9.0,81.0,True,FibonacciBalance,smartbugs_curated
341,2,2,59,0,0,0,0,0,0,345,3,1,0.0,0,95,0.2753623188405797,0,0,0,0,58,6,0,4,0,13,7,0.0,0.0,89.0,425.8307692307693,0,0,0,0,0,0.0,0,0,0,0,0,0,0.0,0,0,0.0,0,0,0,0,0,0.0,0,0,0,1.0,0,0,0,0,0,0,0,0,0,26,0.0,0.0,0.0,0.0,345.0,0.03757225433526012,0.14285714285714285,0.0,0.0,0.0,0,7.753623188405797,9.5,0,0.0,0.0,0.0,0.0,0.0,119025.0,0.0,0.0,4485.0,0.0,0.0,0.0,0.0,0.0,169.0,True,parity_wallet_bug_2,smartbugs_curated
342,1,3,9,4,2,5,0,3,0,44,2,1,2.5,0,7,0.1590909090909091,0,0,0,0,9,5,0,4,1,9,5,0.0,0.0,34.0,47.22222222222222,0,23,19,0,7,0.8260869565217391,3,10,4,1,1,2,0.6666666666666666,3,1,0.25,4,5,0,2,0,0.0,0,0,0,1.0,0,0,0,0,0,0,0,132,8,9,0.0,0.4,0.0,0.06666666666666667,8.8,0.2,0.1,0.0,0.0,0.0,0,6.4409090909090905,0.7,0,0.0,0.0,0.0,0.0,0.0,1936.0,176.0,132.0,396.0,16.0,12.0,36.0,9.0,27.0,81.0,True,governmental_survey,smartbugs_curated
343,2,1,3,2,1,1,0,3,0,21,1,1,2.0,0,8,0.3809523809523809,2,0,0,0,3,3,0,3,0,5,3,0.0,0.0,28.0,28.56,0,8,7,0,5,0.875,0,4,2,2,1,1,0.3333333333333333,2,0,1.0,3,1,0,1,0,0.0,0,0,0,1.0,0,0,0,0,0,0,0,63,2,10,0.0,0.3333333333333333,0.0,0.13636363636363635,7.0,0.22727272727272727,0.3333333333333333,0.0,0.0,0.0,0,8.659523809523808,0.8,0,0.0,0.0,0.0,0.0,0.0,441.0,42.0,63.0,105.0,4.0,6.0,10.0,9.0,15.0,25.0,True,roulette,smartbugs_curated
344,2,1,5,3,2,4,0,3,0,42,1,1,1.6666666666666667,0,22,0.5238095238095238,1,0,0,0,4,4,0,3,1,7,4,0.0,0.0,30.0,29.14285714285714,0,13,11,0,7,0.8461538461538461,0,5,3,2,1,2,0.5,2,1,0.6666666666666666,4,4,0,2,0,0.0,0,0,0,1.0,0,0,0,0,0,0,0,126,6,14,0.0,0.5,0.0,0.06976744186046512,10.5,0.16279069767441862,0.25,0.0,0.0,0.0,0,10.088095238095239,2.2,0,0.0,0.0,0.0,0.0,0.0,1764.0,126.0,126.0,294.0,9.0,9.0,21.0,9.0,21.0,49.0,True,ether_lotto,smartbugs_curated
345,0,0,3,1,0,0,0,1,0,13,1,1,1.0,0,7,0.5384615384615384,0,0,0,0,2,1,0,0,0,2,2,0.0,0.0,3.0,4.05,0,2,1,0,1,0.5,1,1,1,0,0,0,0.0,1,0,0.0,1,0,0,0,0,0.0,0,0,0,1.0,0,0,0,0,0,0,0,13,0,0,0.0,0.0,0.0,0.07142857142857142,6.5,0.14285714285714285,0.0,0.0,0.0,0.0,0,10.334615384615384,0.7,0,0.0,0.0,0.0,0.0,0.0,169.0,13.0,13.0,26.0,1.0,1.0,2.0,1.0,2.0,4.0,True,timed_crowdsale,smartbugs_curated
346,1,2,4,3,2,2,0,7,0,31,1,1,3.0,0,7,0.2258064516129032,0,0,0,0,3,4,0,3,0,5,4,0.0,0.0,24.0,27.84,0,16,16,0,4,1.0,1,9,3,3,2,2,0.4,2,1,1.0,2,2,1,2,2,0.5,2,1,0,0.0,0,0,1,0,0,2,0,217,6,5,0.0,0.5,0.0,0.21875,7.75,0.15625,0.16666666666666666,0.25,0.3333333333333333,0.7,0,6.9080645161290315,0.7,0,1.0,31.0,3.0,7.0,5.0,961.0,93.0,217.0,155.0,9.0,21.0,15.0,49.0,35.0,25.0,True,lottopollo,smartbugs_curated
347,0,0,3,6,1,2,0,6,0,37,1,1,1.8333333333333333,0,9,0.2432432432432432,0,0,0,0,2,1,0,0,1,2,1,0.0,0.0,3.0,4.05,0,22,18,2,7,0.8181818181818182,2,11,6,2,1,1,0.3333333333333333,5,1,0.3333333333333333,5,2,1,0,2,0.0,1,0,0,1.0,0,0,0,0,0,0,0,222,6,0,0.0,0.14285714285714285,0.0,0.15789473684210525,5.285714285714286,0.05263157894736842,0.0,0.0,0.0,0.0,0,7.132432432432431,0.9,0,0.0,0.0,0.0,0.0,0.0,1369.0,222.0,222.0,74.0,36.0,36.0,12.0,36.0,12.0,4.0,True,dos_number,smartbugs_curated
348,1,0,3,2,3,2,0,4,0,22,1,1,2.5,0,8,0.3636363636363636,0,0,0,0,4,1,0,1,1,4,2,0.0,0.0,13.0,15.275,0,10,9,1,5,0.9,0,5,2,1,1,3,0.75,2,0,0.5,2,2,0,1,0,0.0,0,0,0,1.0,0,0,0,0,0,0,0,88,6,4,0.0,1.0,0.0,0.17391304347826086,7.333333333333333,0.17391304347826086,0.2,0.0,0.0,0.0,0,8.436363636363636,0.8,0,0.0,0.0,0.0,0.0,0.0,484.0,44.0,88.0,88.0,4.0,8.0,8.0,16.0,16.0,16.0,True,send_loop,smartbugs_curated
349,2,7,8,10,11,9,0,9,0,112,1,1,2.6,0,28,0.25,0,0,0,0,3,15,0,9,5,7,4,0.0,0.0,63.0,121.5,1,64,60,2,16,0.9375,5,26,10,2,2,11,0.8461538461538461,9,1,0.2,9,9,2,8,2,0.25,2,0,0,1.0,0,0,0,0,0,0,0,1008,110,14,0.0,1.0,0.0,0.07964601769911504,10.181818181818182,0.061946902654867256,0.25,0.0,0.0,0.0,0,7.05,2.8,0,0.0,0.0,0.0,0.0,0.0,12544.0,1120.0,1008.0,784.0,100.0,90.0,70.0,81.0,63.0,49.0,True,list_dos,smartbugs_curated
350,0,0,2,1,2,1,0,5,0,21,1,1,5.0,0,6,0.2857142857142857,0,0,0,0,2,0,0,0,0,1,1,0.0,0.0,2.0,4.0,0,11,11,1,6,1.0,2,5,1,0,0,2,1.0,1,0,0.0,1,1,0,1,0,0.0,0,0,0,1.0,0,0,0,0,0,0,0,105,2,0,0.0,1.0,0.0,0.22727272727272727,10.5,0.045454545454545456,0.0,0.0,0.0,0.0,0,7.607142857142857,0.6,0,0.0,0.0,0.0,0.0,0.0,441.0,21.0,105.0,21.0,1.0,5.0,1.0,25.0,5.0,1.0,True,dos_simple,smartbugs_curated
351,0,0,3,1,1,2,0,3,0,24,1,1,3.0,0,11,0.4583333333333333,1,0,0,0,2,1,0,0,1,2,2,0.0,0.0,3.0,4.05,0,7,7,0,5,1.0,0,3,1,1,1,1,0.5,1,0,1.0,1,2,0,1,0,0.0,0,0,0,1.0,0,0,0,0,0,0,0,72,1,0,0.0,0.5,0.0,0.12,12.0,0.08,0.0,0.0,0.0,0.0,0,9.433333333333334,1.1,0,0.0,0.0,0.0,0.0,0.0,576.0,24.0,72.0,48.0,1.0,3.0,2.0,9.0,6.0,4.0,True,auction,smartbugs_curated
352,1,0,2,5,2,2,0,4,0,29,1,1,2.0,0,6,0.2068965517241379,0,0,0,0,2,1,0,1,0,2,1,0.0,0.0,12.0,16.2,0,18,15,1,5,0.8333333333333334,3,10,5,0,0,2,1.0,4,1,0.0,5,2,0,1,0,0.0,0,0,0,1.0,0,0,0,0,0,0,0,116,10,2,0.0,0.3333333333333333,0.0,0.13333333333333333,4.833333333333333,0.06666666666666667,0.3333333333333333,0.0,0.0,0.0,0,6.868965517241379,0.6,0,0.0,0.0,0.0,0.0,0.0,841.0,145.0,116.0,58.0,25.0,20.0,10.0,16.0,8.0,4.0,True,dos_address,smartbugs_curated
353,1,1,7,5,2,2,0,6,0,55,1,1,3.2,0,19,0.3454545454545454,0,0,0,0,9,1,0,2,1,5,1,0.0,0.0,22.0,42.67999999999999,0,27,24,1,7,0.8888888888888888,4,16,5,1,1,2,0.6666666666666666,5,0,0.2,5,2,0,1,0,0.0,0,0,0,1.0,0,0,0,0,0,0,0,330,10,5,0.0,0.3333333333333333,0.0,0.10714285714285714,9.166666666666666,0.08928571428571429,0.16666666666666666,0.0,0.0,0.0,0,8.154545454545453,1.9,0,0.0,0.0,0.0,0.0,0.0,3025.0,275.0,330.0,275.0,25.0,30.0,25.0,36.0,30.0,25.0,True,lottery,smartbugs_curated
354,1,0,3,2,0,1,0,1,0,23,1,1,1.0,0,12,0.5217391304347826,0,0,0,0,2,2,0,1,0,3,2,0.0,0.0,13.0,14.733333333333333,0,7,5,0,5,0.7142857142857143,1,2,2,1,0,0,0.0,0,2,0.5,2,1,0,0,1,0.0,1,0,0,1.0,0,0,0,0,0,0,0,23,0,3,0.0,0.0,0.0,0.041666666666666664,7.666666666666667,0.125,0.25,0.0,0.0,0.0,0,10.167391304347827,1.2,0,0.0,0.0,0.0,0.0,0.0,529.0,46.0,23.0,69.0,4.0,2.0,6.0,1.0,3.0,9.0,True,random_number_generator,smartbugs_curated
355,0,0,6,10,7,11,0,12,0,147,1,1,3.9,1,25,0.1700680272108843,2,0,0,0,3,3,0,0,2,5,2,0.0,0.0,6.0,6.119999999999999,1,91,93,6,12,1.021978021978022,1,39,10,4,3,7,0.6363636363636364,7,3,0.4,8,11,0,6,0,0.0,0,0,0,1.0,0,0,0,0,0,0,0,1764,70,0,0.0,0.6363636363636364,0.0,0.08108108108108109,13.363636363636363,0.033783783783783786,0.0,0.0,0.0,0.0,0,6.100680272108844,2.5,0,0.0,0.0,0.0,0.0,0.0,21609.0,1470.0,1764.0,735.0,100.0,120.0,50.0,144.0,60.0,25.0,True,etheraffle,smartbugs_curated
356,2,4,12,15,6,8,1,13,0,146,1,1,2.466666666666667,1,28,0.1917808219178082,0,0,0,0,6,12,0,6,2,10,5,0.0,0.0,52.0,74.88000000000001,2,91,84,0,22,0.9230769230769232,4,37,15,8,4,6,0.4285714285714285,10,5,0.5333333333333333,11,8,3,5,6,0.6,6,0,0,1.0,0,0,0,0,0,0,0,1898,90,20,0.0,0.375,0.0,0.08843537414965986,9.125,0.06802721088435375,0.18181818181818182,0.0,0.0,0.0,0,8.267808219178082,2.8,0,0.0,0.0,0.0,0.0,0.0,21316.0,2190.0,1898.0,1460.0,225.0,195.0,150.0,169.0,130.0,100.0,True,lucky_doubler,smartbugs_curated
357,1,2,4,3,1,1,0,3,0,23,1,1,1.6666666666666667,0,6,0.2608695652173913,2,0,0,0,5,2,0,3,0,5,3,0.0,0.0,24.0,30.72,0,10,8,0,3,0.8,1,5,3,5,1,1,0.1666666666666666,3,0,1.6666666666666667,4,1,1,1,1,1.0,1,0,0,1.0,0,0,0,0,0,0,0,69,3,5,0.0,0.25,0.0,0.125,5.75,0.20833333333333334,0.16666666666666666,0.0,0.0,0.0,0,7.458695652173913,0.6,0,0.0,0.0,0.0,0.0,0.0,529.0,69.0,69.0,115.0,9.0,9.0,15.0,9.0,15.0,25.0,True,guess_the_random_number,smartbugs_curated
358,3,16,58,39,8,20,2,17,0,708,6,1,3.615384615384616,3,181,0.2556497175141243,7,1,3,0,59,20,0,19,6,15,4,0.0,0.0,168.0,817.5999999999999,3,357,347,3,21,0.9719887955182072,39,141,39,51,4,8,0.135593220338983,32,7,1.3076923076923077,22,20,10,4,25,2.5,22,0,0,1.0,0,0,0,0,0,0,0,12036,312,45,0.0,0.2,0.0,0.023977433004231313,17.7,0.021156558533145273,0.1875,0.0,0.0,0.0,0,10.706497175141243,27.1,1,0.0,0.0,0.0,0.0,0.0,501264.0,27612.0,12036.0,10620.0,1521.0,663.0,585.0,289.0,255.0,225.0,True,smart_billions,smartbugs_curated
359,0,0,3,3,1,1,0,3,0,33,1,1,1.6666666666666667,0,8,0.2424242424242424,2,0,0,0,3,0,0,0,0,2,1,0.0,0.0,3.0,4.5,0,14,12,0,5,0.8571428571428571,0,5,3,4,1,1,0.2,3,0,1.3333333333333333,2,1,1,1,1,1.0,1,0,0,1.0,0,0,0,0,0,0,0,99,3,0,0.0,0.25,0.0,0.08823529411764706,8.25,0.058823529411764705,0.0,0.0,0.0,0.0,0,7.2742424242424235,0.8,0,0.0,0.0,0.0,0.0,0.0,1089.0,99.0,99.0,66.0,9.0,9.0,6.0,9.0,6.0,4.0,True,old_blockhash,smartbugs_curated
360,3,2,21,13,22,4,1,36,0,255,2,1,5.538461538461538,1,32,0.1254901960784313,2,7,0,0,21,8,0,5,5,8,3,0.0,0.0,61.0,202.825,2,166,161,3,28,0.9698795180722892,27,72,13,11,2,22,0.6666666666666666,10,3,0.8461538461538461,6,4,2,13,5,0.1538461538461538,4,0,0,1.0,0,0,0,0,0,0,0,9180,286,24,0.0,1.5714285714285714,0.0,0.140625,18.214285714285715,0.03125,0.3333333333333333,0.0,0.0,0.0,0,6.454901960784313,24.2,1,0.0,0.0,0.0,0.0,0.0,65025.0,3315.0,9180.0,2040.0,169.0,468.0,104.0,1296.0,288.0,64.0,True,blackjack,smartbugs_curated
361,0,0,2,2,0,1,0,1,0,15,1,1,1.0,0,8,0.5333333333333333,0,0,0,0,3,0,0,0,0,2,1,0.0,0.0,2.0,3.0,0,3,1,0,1,0.3333333333333333,0,2,2,0,0,0,0.0,1,1,0.0,2,1,0,0,1,0.0,1,0,0,1.0,0,0,0,0,0,0,0,15,0,0,0.0,0.0,0.0,0.0625,5.0,0.125,0.0,0.0,0.0,0.0,0,10.283333333333333,0.8,0,0.0,0.0,0.0,0.0,0.0,225.0,30.0,15.0,30.0,4.0,2.0,4.0,1.0,2.0,4.0,True,integer_overflow_benign_1,smartbugs_curated
362,0,0,4,3,1,2,0,1,0,26,1,1,1.0,0,7,0.2692307692307692,1,0,0,0,3,1,0,0,0,3,2,0.0,0.0,4.0,4.933333333333334,0,11,8,0,5,0.7272727272727273,0,3,3,1,1,1,0.5,3,0,0.3333333333333333,3,2,1,1,1,1.0,1,0,0,1.0,0,0,0,0,0,0,0,26,3,0,0.0,0.25,0.0,0.037037037037037035,6.5,0.1111111111111111,0.0,0.0,0.0,0.0,0,7.642307692307693,0.7,0,0.0,0.0,0.0,0.0,0.0,676.0,78.0,26.0,78.0,9.0,3.0,9.0,1.0,3.0,9.0,True,timelock,smartbugs_curated
363,0,0,2,3,0,2,0,3,0,22,1,1,1.6666666666666667,0,8,0.3636363636363636,0,0,0,0,2,0,0,0,0,1,1,0.0,0.0,2.0,4.0,0,9,6,0,3,0.6666666666666666,1,5,3,0,0,0,0.0,2,1,0.0,3,2,1,0,1,0.0,1,0,0,1.0,0,0,0,0,0,0,0,66,0,0,0.0,0.0,0.0,0.13043478260869565,5.5,0.043478260869565216,0.0,0.0,0.0,0.0,0,8.486363636363635,0.8,0,0.0,0.0,0.0,0.0,0.0,484.0,66.0,66.0,22.0,9.0,9.0,3.0,9.0,3.0,1.0,True,integer_overflow_multitx_multifunc_feasible,smartbugs_curated
364,0,0,24,3,0,4,0,1,0,259,9,1,1.0,0,117,0.4517374517374517,0,0,3,0,26,3,0,0,0,6,1,0.0,0.0,24.0,112.4,0,10,7,0,4,0.7,0,3,3,1,1,0,0.0,2,1,0.3333333333333333,3,4,0,0,0,0.0,0,0,0,1.0,0,0,0,0,0,0,0,259,0,0,0.0,0.0,0.0,0.0038461538461538464,64.75,0.023076923076923078,0.0,0.0,0.0,0.0,0,9.467374517374516,17.7,0,0.0,0.0,0.0,0.0,0.0,67081.0,777.0,259.0,1554.0,9.0,3.0,18.0,1.0,6.0,36.0,True,BECToken,smartbugs_curated
365,0,0,3,2,0,1,0,1,0,13,1,1,1.0,0,6,0.4615384615384615,0,0,0,0,3,0,0,0,0,2,1,0.0,0.0,3.0,4.5,0,3,1,0,1,0.3333333333333333,0,2,2,0,0,0,0.0,1,1,0.0,2,1,1,0,1,0.0,1,0,0,1.0,0,0,0,0,0,0,0,13,0,0,0.0,0.0,0.0,0.07142857142857142,4.333333333333333,0.14285714285714285,0.0,0.0,0.0,0.0,0,9.565384615384616,0.6,0,0.0,0.0,0.0,0.0,0.0,169.0,26.0,13.0,26.0,4.0,2.0,4.0,1.0,2.0,4.0,True,overflow_simple_add,smartbugs_curated
366,0,0,2,7,0,1,0,1,0,41,1,1,1.0,0,19,0.4634146341463415,0,0,0,0,2,0,0,0,0,1,1,0.0,0.0,2.0,4.0,0,13,6,0,1,0.4615384615384615,0,7,7,0,0,0,0.0,6,1,0.0,7,1,3,0,6,0.0,6,0,0,1.0,0,0,0,0,0,0,0,41,0,0,0.0,0.0,0.0,0.023809523809523808,5.125,0.023809523809523808,0.0,0.0,0.0,0.0,0,9.584146341463416,1.9,0,0.0,0.0,0.0,0.0,0.0,1681.0,287.0,41.0,41.0,49.0,7.0,7.0,1.0,1.0,1.0,True,overflow_single_tx,smartbugs_curated
367,0,0,2,2,0,1,0,1,0,19,1,1,1.0,0,12,0.631578947368421,0,0,0,0,2,0,0,0,0,1,1,0.0,0.0,2.0,4.0,0,3,1,0,1,0.3333333333333333,0,2,2,0,0,0,0.0,1,1,0.0,2,1,1,0,1,0.0,1,0,0,1.0,0,0,0,0,0,0,0,19,0,0,0.0,0.0,0.0,0.05,6.333333333333333,0.05,0.0,0.0,0.0,0.0,0,11.265789473684212,1.2,0,0.0,0.0,0.0,0.0,0.0,361.0,38.0,19.0,19.0,4.0,2.0,2.0,1.0,1.0,1.0,True,integer_overflow_1,smartbugs_curated
368,0,1,5,3,0,2,0,1,0,24,1,1,1.0,0,7,0.2916666666666667,0,0,0,0,6,0,0,1,0,3,1,0.0,0.0,10.0,20.0,0,9,6,0,4,0.6666666666666666,2,3,3,1,1,0,0.0,3,0,0.3333333333333333,3,2,2,0,4,0.0,3,0,0,1.0,0,0,0,0,0,0,0,24,0,0,0.0,0.0,0.0,0.04,6.0,0.12,0.0,0.0,0.0,0.0,0,7.866666666666667,0.7,0,0.0,0.0,0.0,0.0,0.0,576.0,72.0,24.0,72.0,9.0,3.0,9.0,1.0,3.0,9.0,True,token,smartbugs_curated
369,0,0,2,2,0,1,0,1,0,15,1,1,1.0,0,8,0.5333333333333333,0,0,0,0,2,0,0,0,0,1,1,0.0,0.0,2.0,4.0,0,3,1,0,1,0.3333333333333333,0,2,2,0,0,0,0.0,1,1,0.0,2,1,1,0,1,0.0,1,0,0,1.0,0,0,0,0,0,0,0,15,0,0,0.0,0.0,0.0,0.0625,5.0,0.0625,0.0,0.0,0.0,0.0,0,10.283333333333333,0.8,0,0.0,0.0,0.0,0.0,0.0,225.0,30.0,15.0,15.0,4.0,2.0,2.0,1.0,1.0,1.0,True,integer_overflow_minimal,smartbugs_curated
370,0,0,2,1,0,1,0,1,0,14,1,1,1.0,0,7,0.5,0,0,0,0,2,0,0,0,0,1,1,0.0,0.0,2.0,4.0,0,2,1,0,1,0.5,0,1,1,0,0,0,0.0,1,0,0.0,1,1,1,0,2,0.0,1,0,0,1.0,0,0,0,0,0,0,0,14,0,0,0.0,0.0,0.0,0.06666666666666667,7.0,0.06666666666666667,0.0,0.0,0.0,0.0,0,9.95,0.7,0,0.0,0.0,0.0,0.0,0.0,196.0,14.0,14.0,14.0,1.0,1.0,1.0,1.0,1.0,1.0,True,integer_overflow_mapping_sym_1,smartbugs_curated
371,0,1,4,1,0,1,0,1,0,17,1,1,1.0,0,8,0.4705882352941176,0,0,0,0,5,0,0,1,0,3,1,0.0,0.0,9.0,14.999999999999998,0,4,3,0,3,0.75,0,1,1,1,1,0,0.0,1,0,1.0,1,1,1,0,2,0.0,1,0,0,1.0,0,0,0,0,0,0,0,17,0,0,0.0,0.0,0.0,0.05555555555555555,8.5,0.16666666666666666,0.0,0.0,0.0,0.0,0,9.655882352941177,0.8,0,0.0,0.0,0.0,0.0,0.0,289.0,17.0,17.0,51.0,1.0,1.0,3.0,1.0,3.0,9.0,True,insecure_transfer,smartbugs_curated
372,0,0,2,2,0,2,0,3,0,20,1,1,2.0,0,8,0.4,0,0,0,0,2,0,0,0,0,1,1,0.0,0.0,2.0,4.0,0,8,6,0,3,0.75,1,4,2,0,0,0,0.0,1,1,0.0,2,2,1,0,1,0.0,1,0,0,1.0,0,0,0,0,0,0,0,60,0,0,0.0,0.0,0.0,0.14285714285714285,6.666666666666667,0.047619047619047616,0.0,0.0,0.0,0.0,0,8.85,0.8,0,0.0,0.0,0.0,0.0,0.0,400.0,40.0,60.0,20.0,4.0,6.0,2.0,9.0,3.0,1.0,True,integer_overflow_multitx_onefunc_feasible,smartbugs_curated
373,0,0,2,2,0,1,0,1,0,15,1,1,1.0,0,8,0.5333333333333333,0,0,0,0,2,0,0,0,0,1,1,0.0,0.0,2.0,4.0,0,3,1,0,1,0.3333333333333333,0,2,2,0,0,0,0.0,1,1,0.0,2,1,1,0,1,0.0,1,0,0,1.0,0,0,0,0,0,0,0,15,0,0,0.0,0.0,0.0,0.0625,5.0,0.0625,0.0,0.0,0.0,0.0,0,10.283333333333333,0.8,0,0.0,0.0,0.0,0.0,0.0,225.0,30.0,15.0,15.0,4.0,2.0,2.0,1.0,1.0,1.0,True,integer_overflow_add,smartbugs_curated
374,0,0,2,5,1,2,0,1,0,28,1,1,1.0,0,8,0.2857142857142857,2,0,0,0,2,0,0,0,0,1,1,0.0,0.0,2.0,4.0,0,12,7,0,3,0.5833333333333334,1,5,5,4,1,1,0.2,4,1,0.8,3,2,2,1,3,2.0,3,0,0,1.0,0,0,0,0,0,0,0,28,5,0,0.0,0.16666666666666666,0.0,0.034482758620689655,4.666666666666667,0.034482758620689655,0.0,0.0,0.0,0.0,0,7.807142857142857,0.8,0,0.0,0.0,0.0,0.0,0.0,784.0,140.0,28.0,28.0,25.0,5.0,5.0,1.0,1.0,1.0,True,tokensalechallenge,smartbugs_curated
375,0,0,2,2,0,1,0,1,0,15,1,1,1.0,0,8,0.5333333333333333,0,0,0,0,2,0,0,0,0,1,1,0.0,0.0,2.0,4.0,0,3,1,0,1,0.3333333333333333,0,2,2,0,0,0,0.0,1,1,0.0,2,1,1,0,1,0.0,1,0,0,1.0,0,0,0,0,0,0,0,15,0,0,0.0,0.0,0.0,0.0625,5.0,0.0625,0.0,0.0,0.0,0.0,0,10.283333333333333,0.8,0,0.0,0.0,0.0,0.0,0.0,225.0,30.0,15.0,15.0,4.0,2.0,2.0,1.0,1.0,1.0,True,integer_overflow_mul,smartbugs_curated
376,2,0,16,5,4,4,0,5,1,65,2,1,2.2,0,6,0.0923076923076923,3,0,0,0,17,3,0,2,0,8,3,0.0,0.0,36.0,85.95,0,17,15,0,4,0.8823529411764706,0,11,5,0,0,4,1.0,4,1,0.0,5,4,2,4,2,0.5,2,0,0,1.0,0,0,0,0,0,0,0,325,20,16,0.0,0.6666666666666666,0.2,0.07575757575757576,10.833333333333334,0.12121212121212122,0.2222222222222222,0.0,0.0,0.0,0,5.673076923076923,0.6,0,0.0,0.0,0.0,0.0,0.0,4225.0,325.0,325.0,520.0,25.0,25.0,40.0,25.0,40.0,64.0,True,0x941d225236464a25eb18076df7da6a91d0f95e9e,smartbugs_curated
377,2,0,14,5,4,3,0,5,1,60,2,1,2.2,0,6,0.1,2,0,0,0,16,2,0,2,0,7,3,0.0,0.0,34.0,84.5142857142857,0,16,14,0,4,0.875,0,11,5,0,0,4,1.0,4,1,0.0,5,3,2,4,2,0.5,2,0,0,1.0,0,0,0,0,0,0,0,300,20,14,0.0,0.6666666666666666,0.2,0.08196721311475409,10.0,0.11475409836065574,0.25,0.0,0.0,0.0,0,5.75,0.6,0,0.0,0.0,0.0,0.0,0.0,3600.0,300.0,300.0,420.0,25.0,25.0,35.0,25.0,35.0,49.0,True,0x23a91059fdc9579a9fbd0edc5f2ea0bfdb70deb4,smartbugs_curated
378,1,0,5,3,2,3,0,1,1,26,1,1,1.0,0,9,0.3461538461538461,1,0,0,0,5,2,0,1,0,6,4,0.0,0.0,15.0,15.999999999999998,0,10,7,0,6,0.7,0,3,3,1,1,2,0.6666666666666666,2,1,0.3333333333333333,3,3,1,2,1,0.5,1,0,0,1.0,0,0,0,0,0,0,0,26,6,6,0.0,0.5,0.3333333333333333,0.037037037037037035,6.5,0.2222222222222222,0.14285714285714285,0.0,0.0,0.0,0,8.411538461538461,0.9,0,0.0,0.0,0.0,0.0,0.0,676.0,78.0,26.0,156.0,9.0,3.0,18.0,1.0,6.0,36.0,True,etherstore,smartbugs_curated
379,2,0,26,6,4,4,0,5,1,86,2,1,2.6666666666666665,0,6,0.0697674418604651,3,0,0,0,25,4,0,2,0,8,4,0.0,0.0,46.0,159.85,0,29,26,0,5,0.896551724137931,2,16,6,1,1,4,0.8,6,0,0.1666666666666666,5,4,4,4,4,1.0,4,0,0,1.0,0,0,0,0,0,0,0,430,24,16,0.0,0.5714285714285714,0.2,0.05747126436781609,12.285714285714286,0.09195402298850575,0.2222222222222222,0.0,0.0,0.0,0,5.447674418604651,0.6,0,0.0,0.0,0.0,0.0,0.0,7396.0,516.0,430.0,688.0,36.0,30.0,48.0,25.0,40.0,64.0,True,0xbe4041d55db380c5ae9d4a9b9703f1ed4e7e3888,smartbugs_curated
380,2,0,15,5,4,3,0,5,1,62,2,1,2.2,0,6,0.0967741935483871,3,0,0,0,17,2,0,2,0,7,3,0.0,0.0,35.0,92.0,0,16,14,0,4,0.875,0,11,5,0,0,4,1.0,4,1,0.0,5,3,2,4,2,0.5,2,0,0,1.0,0,0,0,0,0,0,0,310,20,14,0.0,0.6666666666666666,0.2,0.07936507936507936,10.333333333333334,0.1111111111111111,0.25,0.0,0.0,0.0,0,5.717741935483871,0.6,0,0.0,0.0,0.0,0.0,0.0,3844.0,310.0,310.0,434.0,25.0,25.0,35.0,25.0,35.0,49.0,True,0xb5e1b1ee15c6fa0e48fce100125569d430f1bd12,smartbugs_curated
381,1,0,4,3,2,1,0,3,1,21,1,1,1.6666666666666667,0,6,0.2857142857142857,0,0,0,0,4,1,0,1,0,4,3,0.0,0.0,14.0,16.45,0,10,7,0,4,0.7,2,5,3,0,0,2,1.0,3,0,0.0,3,1,0,2,1,0.0,1,0,0,1.0,0,0,0,0,0,0,0,63,6,4,0.0,0.5,0.3333333333333333,0.13636363636363635,5.25,0.18181818181818182,0.2,0.0,0.0,0.0,0,7.707142857142856,0.6,0,0.0,0.0,0.0,0.0,0.0,441.0,63.0,63.0,84.0,9.0,9.0,12.0,9.0,12.0,16.0,True,etherbank,smartbugs_curated
382,0,1,4,2,0,2,2,1,0,43,3,1,1.0,0,9,0.2093023255813953,0,0,0,0,4,1,0,1,0,4,3,0.0,0.0,9.0,10.575,0,5,3,0,3,0.6,0,2,2,2,1,0,0.0,1,1,1.0,3,2,0,0,0,0.0,0,0,0,1.0,0,0,0,0,0,0,0,43,0,0,0.0,0.0,0.0,0.022727272727272728,14.333333333333334,0.09090909090909091,0.0,0.0,0.0,0.0,0,11.043023255813953,0.9,0,0.0,0.0,0.0,0.0,0.0,1849.0,86.0,43.0,172.0,4.0,2.0,8.0,1.0,4.0,16.0,True,modifier_reentrancy,smartbugs_curated
383,1,0,7,4,2,1,0,5,1,25,1,1,2.0,0,6,0.24,2,0,0,0,7,1,0,1,0,5,3,0.0,0.0,17.0,26.180000000000003,0,12,10,0,4,0.8333333333333334,1,8,4,0,0,2,1.0,4,0,0.0,4,1,2,2,3,1.0,3,0,0,1.0,0,0,0,0,0,0,0,125,8,5,0.0,0.4,0.3333333333333333,0.19230769230769232,5.0,0.19230769230769232,0.16666666666666666,0.0,0.0,0.0,0,7.15,0.6,0,0.0,0.0,0.0,0.0,0.0,625.0,100.0,125.0,125.0,16.0,20.0,20.0,25.0,25.0,25.0,True,reentrance,smartbugs_curated
384,2,0,20,6,4,4,0,5,1,78,2,1,1.6666666666666667,0,6,0.0769230769230769,3,0,0,0,21,2,0,2,0,6,3,0.0,0.0,40.0,149.33333333333334,0,20,16,0,4,0.8,0,10,6,3,1,4,0.5714285714285714,6,0,0.5,4,4,3,4,3,0.75,3,0,0,1.0,0,0,0,0,0,0,0,390,24,12,0.0,0.5714285714285714,0.2,0.06329113924050633,11.142857142857142,0.0759493670886076,0.2857142857142857,0.0,0.0,0.0,0,5.519230769230769,0.6,0,0.0,0.0,0.0,0.0,0.0,6084.0,468.0,390.0,468.0,36.0,30.0,36.0,25.0,30.0,36.0,True,0x4e73b32ed6c35f570686b89848e5f39f20ecc106,smartbugs_curated
385,2,0,14,5,4,3,0,5,1,60,2,1,2.2,0,6,0.1,2,0,0,0,16,2,0,2,0,7,3,0.0,0.0,34.0,84.5142857142857,0,16,14,0,4,0.875,0,11,5,0,0,4,1.0,4,1,0.0,5,3,2,4,2,0.5,2,0,0,1.0,0,0,0,0,0,0,0,300,20,14,0.0,0.6666666666666666,0.2,0.08196721311475409,10.0,0.11475409836065574,0.25,0.0,0.0,0.0,0,5.75,0.6,0,0.0,0.0,0.0,0.0,0.0,3600.0,300.0,300.0,420.0,25.0,25.0,35.0,25.0,35.0,49.0,True,0xb93430ce38ac4a6bb47fb1fc085ea669353fd89e,smartbugs_curated
386,2,0,15,5,4,3,0,5,1,63,2,1,2.2,0,6,0.0952380952380952,3,0,0,0,17,2,0,2,0,7,3,0.0,0.0,35.0,92.0,0,16,14,0,4,0.875,0,11,5,0,0,4,1.0,4,1,0.0,5,3,2,4,2,0.5,2,0,0,1.0,0,0,0,0,0,0,0,315,20,14,0.0,0.6666666666666666,0.2,0.078125,10.5,0.109375,0.25,0.0,0.0,0.0,0,5.7023809523809526,0.6,0,0.0,0.0,0.0,0.0,0.0,3969.0,315.0,315.0,441.0,25.0,25.0,35.0,25.0,35.0,49.0,True,0xbaf51e761510c1a11bf48dd87c0307ac8a8c8a4f,smartbugs_curated
387,2,0,22,6,4,4,0,5,1,78,2,1,2.333333333333333,0,6,0.0769230769230769,3,0,0,0,23,2,0,2,0,7,3,0.0,0.0,42.0,146.4,0,24,20,0,4,0.8333333333333334,2,14,6,1,1,4,0.8,6,0,0.1666666666666666,5,4,3,4,3,0.75,3,0,0,1.0,0,0,0,0,0,0,0,390,24,14,0.0,0.5714285714285714,0.2,0.06329113924050633,11.142857142857142,0.08860759493670886,0.25,0.0,0.0,0.0,0,5.519230769230769,0.6,0,0.0,0.0,0.0,0.0,0.0,6084.0,468.0,390.0,546.0,36.0,30.0,42.0,25.0,35.0,49.0,True,0xaae1f51cf3339f18b6d3f3bdc75a5facd744b0b8,smartbugs_curated
388,2,0,20,7,4,4,0,5,1,78,2,1,2.142857142857143,0,6,0.0769230769230769,3,0,0,0,21,2,0,2,0,6,3,0.0,0.0,40.0,149.33333333333334,0,26,23,0,4,0.8846153846153846,0,15,7,3,1,4,0.5714285714285714,6,1,0.4285714285714285,5,4,3,4,3,0.75,3,0,0,1.0,0,0,0,0,0,0,0,390,28,12,0.0,0.5,0.2,0.06329113924050633,9.75,0.0759493670886076,0.2857142857142857,0.0,0.0,0.0,0,5.519230769230769,0.6,0,0.0,0.0,0.0,0.0,0.0,6084.0,546.0,390.0,468.0,49.0,35.0,42.0,25.0,30.0,36.0,True,0x01f8c4e3fa3edeb29e514cba738d87ce8c091d3f,smartbugs_curated
389,1,0,4,1,2,1,0,1,1,17,1,1,1.0,0,7,0.4117647058823529,0,0,0,0,4,1,0,1,0,4,3,0.0,0.0,14.0,16.45,0,6,5,0,5,0.8333333333333334,0,1,1,1,1,2,0.6666666666666666,1,0,1.0,1,1,0,2,0,0.0,0,0,0,1.0,0,0,0,0,0,0,0,17,2,4,0.0,1.0,0.3333333333333333,0.05555555555555555,8.5,0.2222222222222222,0.2,0.0,0.0,0.0,0,9.067647058823528,0.7,0,0.0,0.0,0.0,0.0,0.0,289.0,17.0,17.0,68.0,1.0,1.0,4.0,1.0,4.0,16.0,True,reentrancy_insecure,smartbugs_curated
390,1,0,3,3,2,1,0,3,1,22,1,1,1.6666666666666667,0,6,0.2727272727272727,1,0,0,0,3,1,0,1,0,3,3,0.0,0.0,13.0,16.03333333333333,0,9,7,0,3,0.7777777777777778,1,5,3,0,0,2,1.0,3,0,0.0,3,1,2,2,3,1.0,3,0,0,1.0,0,0,0,0,0,0,0,66,6,3,0.0,0.5,0.3333333333333333,0.13043478260869565,5.5,0.13043478260869565,0.25,0.0,0.0,0.0,0,7.577272727272726,0.6,0,0.0,0.0,0.0,0.0,0.0,484.0,66.0,66.0,66.0,9.0,9.0,9.0,9.0,9.0,9.0,True,simple_dao,smartbugs_curated
391,2,0,20,7,4,4,0,5,1,78,2,1,2.142857142857143,0,6,0.0769230769230769,3,0,0,0,21,2,0,2,0,6,3,0.0,0.0,40.0,149.33333333333334,0,26,23,0,4,0.8846153846153846,0,15,7,3,1,4,0.5714285714285714,6,1,0.4285714285714285,5,4,3,4,3,0.75,3,0,0,1.0,0,0,0,0,0,0,0,390,28,12,0.0,0.5,0.2,0.06329113924050633,9.75,0.0759493670886076,0.2857142857142857,0.0,0.0,0.0,0,5.519230769230769,0.6,0,0.0,0.0,0.0,0.0,0.0,6084.0,546.0,390.0,468.0,49.0,35.0,42.0,25.0,30.0,36.0,True,0x4320e6f8c05b27ab4707cd1f6d5ce6f3e4b3a5a1,smartbugs_curated
392,2,0,19,5,4,3,0,5,1,71,2,1,2.2,0,6,0.0845070422535211,3,0,0,0,19,4,0,2,0,8,4,0.0,0.0,39.0,106.275,0,21,19,0,6,0.9047619047619048,0,11,5,1,1,4,0.8,4,1,0.2,4,3,3,4,3,0.75,3,0,0,1.0,0,0,0,0,0,0,0,355,20,16,0.0,0.6666666666666666,0.2,0.06944444444444445,11.833333333333334,0.1111111111111111,0.2222222222222222,0.0,0.0,0.0,0,5.595070422535211,0.6,0,0.0,0.0,0.0,0.0,0.0,5041.0,355.0,355.0,568.0,25.0,25.0,40.0,25.0,40.0,64.0,True,0x7541b76cb60f4c60af330c208b0623b7f54bf615,smartbugs_curated
393,2,0,22,6,4,4,0,5,1,78,2,1,2.333333333333333,0,6,0.0769230769230769,3,0,0,0,23,2,0,2,0,7,3,0.0,0.0,42.0,146.4,0,24,20,0,4,0.8333333333333334,2,14,6,1,1,4,0.8,6,0,0.1666666666666666,5,4,3,4,3,0.75,3,0,0,1.0,0,0,0,0,0,0,0,390,24,14,0.0,0.5714285714285714,0.2,0.06329113924050633,11.142857142857142,0.08860759493670886,0.25,0.0,0.0,0.0,0,5.519230769230769,0.6,0,0.0,0.0,0.0,0.0,0.0,6084.0,468.0,390.0,546.0,36.0,30.0,42.0,25.0,35.0,49.0,True,0x561eac93c92360949ab1f1403323e6db345cbf31,smartbugs_curated
394,1,1,4,2,2,1,0,3,1,23,1,1,2.0,0,7,0.3043478260869565,0,0,0,0,5,1,0,2,0,5,3,0.0,0.0,19.0,21.66,0,11,10,0,5,0.9090909090909092,0,4,2,1,1,2,0.6666666666666666,2,0,0.5,2,1,1,2,2,0.5,1,0,0,1.0,0,0,0,0,0,0,0,69,4,5,0.0,0.6666666666666666,0.3333333333333333,0.125,7.666666666666667,0.20833333333333334,0.16666666666666666,0.0,0.0,0.0,0,7.893478260869564,0.7,0,0.0,0.0,0.0,0.0,0.0,529.0,46.0,69.0,115.0,4.0,6.0,10.0,9.0,15.0,25.0,True,reentrancy_cross_function,smartbugs_curated
395,3,17,98,5,0,1,0,1,0,778,5,1,1.0,0,120,0.1542416452442159,0,0,0,0,93,35,0,20,3,18,6,0.0,0.0,213.0,1390.4166666666667,0,0,0,0,0,0.0,0,0,5,0,0,0,0.0,5,0,0.0,5,1,0,0,10,0.0,5,0,0,1.0,0,0,0,0,0,0,0,778,0,54,0.0,0.0,0.0,0.0012836970474967907,129.66666666666666,0.023106546854942234,0.15789473684210525,0.0,0.0,0.0,0,6.492416452442159,12.0,1,0.0,0.0,0.0,0.0,0.0,605284.0,3890.0,778.0,14004.0,25.0,5.0,90.0,1.0,18.0,324.0,True,spank_chain_payment,smartbugs_curated
396,2,0,19,5,4,3,0,5,1,71,2,1,2.2,0,6,0.0845070422535211,3,0,0,0,19,4,0,2,0,8,4,0.0,0.0,39.0,106.275,0,21,19,0,6,0.9047619047619048,0,11,5,1,1,4,0.8,4,1,0.2,4,3,3,4,3,0.75,3,0,0,1.0,0,0,0,0,0,0,0,355,20,16,0.0,0.6666666666666666,0.2,0.06944444444444445,11.833333333333334,0.1111111111111111,0.2222222222222222,0.0,0.0,0.0,0,5.595070422535211,0.6,0,0.0,0.0,0.0,0.0,0.0,5041.0,355.0,355.0,568.0,25.0,25.0,40.0,25.0,40.0,64.0,True,0x7b368c4e805c3870b6c49a3f1f49f69af8662cf3,smartbugs_curated
397,2,0,15,6,5,4,1,5,1,70,2,1,2.0,0,6,0.0857142857142857,2,0,0,0,17,2,0,2,0,7,3,0.0,0.0,35.0,92.0,0,20,17,0,4,0.85,0,12,6,1,1,5,0.8333333333333334,5,1,0.1666666666666666,6,4,2,4,2,0.5,2,0,0,1.0,0,0,0,0,0,0,0,350,30,14,0.0,0.7142857142857143,0.16666666666666666,0.07042253521126761,10.0,0.09859154929577464,0.25,0.0,0.0,0.0,0,7.607142857142857,0.6,0,0.0,0.0,0.0,0.0,0.0,4900.0,420.0,350.0,490.0,36.0,30.0,42.0,25.0,35.0,49.0,True,0x7a8721a9d64c74da899424c1b52acbf58ddc9782,smartbugs_curated
398,2,0,19,5,4,3,0,5,1,71,2,1,2.2,0,6,0.0845070422535211,3,0,0,0,19,4,0,2,0,8,4,0.0,0.0,39.0,106.275,0,21,19,0,6,0.9047619047619048,0,11,5,1,1,4,0.8,4,1,0.2,4,3,3,4,3,0.75,3,0,0,1.0,0,0,0,0,0,0,0,355,20,16,0.0,0.6666666666666666,0.2,0.06944444444444445,11.833333333333334,0.1111111111111111,0.2222222222222222,0.0,0.0,0.0,0,5.595070422535211,0.6,0,0.0,0.0,0.0,0.0,0.0,5041.0,355.0,355.0,568.0,25.0,25.0,40.0,25.0,40.0,64.0,True,0xf015c35649c82f5467c9c74b7f28ee67665aad68,smartbugs_curated
399,2,0,15,5,4,3,0,5,1,63,2,1,2.2,0,6,0.0952380952380952,3,0,0,0,17,2,0,2,0,7,3,0.0,0.0,35.0,92.0,0,16,14,0,4,0.875,0,11,5,0,0,4,1.0,4,1,0.0,5,3,2,4,2,0.5,2,0,0,1.0,0,0,0,0,0,0,0,315,20,14,0.0,0.6666666666666666,0.2,0.078125,10.5,0.109375,0.25,0.0,0.0,0.0,0,5.7023809523809526,0.6,0,0.0,0.0,0.0,0.0,0.0,3969.0,315.0,315.0,441.0,25.0,25.0,35.0,25.0,35.0,49.0,True,0x8c7777c45481dba411450c228cb692ac3d550344,smartbugs_curated
400,2,1,20,3,0,2,1,3,0,88,3,1,1.6666666666666667,0,7,0.0795454545454545,0,0,0,0,18,5,0,3,0,9,4,0.0,0.0,45.0,107.5,0,8,6,0,2,0.75,0,5,3,1,1,0,0.0,2,1,0.3333333333333333,3,2,1,0,1,0.0,1,0,0,1.0,0,0,0,0,0,0,0,264,0,18,0.0,0.0,0.0,0.033707865168539325,22.0,0.10112359550561797,0.2,0.0,0.0,0.0,0,7.645454545454545,0.7,0,0.0,0.0,0.0,0.0,0.0,7744.0,264.0,264.0,792.0,9.0,9.0,27.0,9.0,27.0,81.0,True,0x627fa62ccbb1c1b04ffaecd72a53e37fc0e17839,smartbugs_curated
401,2,0,6,2,2,3,0,1,1,25,1,1,1.0,0,7,0.28,0,0,0,0,5,3,0,2,0,7,5,0.0,0.0,26.0,26.37142857142857,0,11,9,0,5,0.8181818181818182,0,2,2,3,1,2,0.4,2,0,1.5,1,3,2,2,2,1.0,2,0,0,1.0,0,0,0,0,0,0,0,25,4,14,0.0,0.6666666666666666,0.3333333333333333,0.038461538461538464,8.333333333333334,0.2692307692307692,0.25,0.0,0.0,0.0,0,7.75,0.7,0,0.0,0.0,0.0,0.0,0.0,625.0,50.0,25.0,175.0,4.0,2.0,14.0,1.0,7.0,49.0,True,reentrancy_bonus,smartbugs_curated
402,2,0,18,5,4,3,0,5,1,71,2,1,2.2,0,6,0.0845070422535211,3,0,0,0,18,4,0,2,0,8,4,0.0,0.0,38.0,98.8,0,21,19,0,6,0.9047619047619048,0,11,5,1,1,4,0.8,4,1,0.2,4,3,3,4,3,0.75,3,0,0,1.0,0,0,0,0,0,0,0,355,20,16,0.0,0.6666666666666666,0.2,0.06944444444444445,11.833333333333334,0.1111111111111111,0.2222222222222222,0.0,0.0,0.0,0,5.595070422535211,0.6,0,0.0,0.0,0.0,0.0,0.0,5041.0,355.0,355.0,568.0,25.0,25.0,40.0,25.0,40.0,64.0,True,0xcead721ef5b11f1a7b530171aab69b16c5e66b6e,smartbugs_curated
403,1,0,4,3,2,1,0,3,1,24,1,1,1.6666666666666667,0,8,0.3333333333333333,1,0,0,0,4,1,0,1,0,4,3,0.0,0.0,14.0,16.45,0,9,6,0,3,0.6666666666666666,2,5,3,0,0,2,1.0,3,0,0.0,3,1,0,2,1,0.0,1,0,0,1.0,0,0,0,0,0,0,0,72,6,4,0.0,0.5,0.3333333333333333,0.12,6.0,0.16,0.2,0.0,0.0,0.0,0,8.183333333333334,0.8,0,0.0,0.0,0.0,0.0,0.0,576.0,72.0,72.0,96.0,9.0,9.0,12.0,9.0,12.0,16.0,True,reentrancy_simple,smartbugs_curated
404,2,0,26,6,4,4,0,5,1,86,2,1,2.6666666666666665,0,6,0.0697674418604651,3,0,0,0,25,4,0,2,0,8,4,0.0,0.0,46.0,159.85,0,29,26,0,5,0.896551724137931,2,16,6,1,1,4,0.8,6,0,0.1666666666666666,5,4,4,4,4,1.0,4,0,0,1.0,0,0,0,0,0,0,0,430,24,16,0.0,0.5714285714285714,0.2,0.05747126436781609,12.285714285714286,0.09195402298850575,0.2222222222222222,0.0,0.0,0.0,0,5.447674418604651,0.6,0,0.0,0.0,0.0,0.0,0.0,7396.0,516.0,430.0,688.0,36.0,30.0,48.0,25.0,40.0,64.0,True,0x96edbe868531bd23a6c05e9d0c424ea64fb1b78b,smartbugs_curated
405,2,0,19,5,4,3,0,5,1,71,2,1,2.2,0,6,0.0845070422535211,3,0,0,0,19,4,0,2,0,8,4,0.0,0.0,39.0,106.275,0,21,19,0,6,0.9047619047619048,0,11,5,1,1,4,0.8,4,1,0.2,4,3,3,4,3,0.75,3,0,0,1.0,0,0,0,0,0,0,0,355,20,16,0.0,0.6666666666666666,0.2,0.06944444444444445,11.833333333333334,0.1111111111111111,0.2222222222222222,0.0,0.0,0.0,0,5.595070422535211,0.6,0,0.0,0.0,0.0,0.0,0.0,5041.0,355.0,355.0,568.0,25.0,25.0,40.0,25.0,40.0,64.0,True,0x93c32845fae42c83a70e5f06214c8433665c2ab5,smartbugs_curated
406,1,0,3,2,2,2,0,3,1,24,1,1,2.0,0,6,0.25,1,0,0,0,3,1,0,1,0,3,3,0.0,0.0,13.0,16.03333333333333,0,11,10,0,6,0.9090909090909092,0,4,2,1,1,2,0.6666666666666666,2,0,0.5,2,2,0,2,0,0.0,0,0,0,1.0,0,0,0,0,0,0,0,72,4,3,0.0,0.6666666666666666,0.3333333333333333,0.12,8.0,0.12,0.25,0.0,0.0,0.0,0,7.35,0.6,0,0.0,0.0,0.0,0.0,0.0,576.0,48.0,72.0,72.0,4.0,6.0,6.0,9.0,9.0,9.0,True,reentrancy_dao,smartbugs_curated
407,0,1,8,5,3,2,1,1,1,27,1,1,1.0,0,6,0.2222222222222222,1,0,0,0,8,2,0,1,0,6,2,0.0,0.0,13.0,20.366666666666667,0,12,7,0,2,0.5833333333333334,0,5,5,5,1,3,0.375,4,1,1.0,4,2,2,3,4,0.6666666666666666,2,0,0,1.0,0,0,0,0,0,0,0,27,15,0,0.0,0.5,0.25,0.03571428571428571,4.5,0.21428571428571427,0.0,0.0,0.0,0.0,0,9.172222222222222,0.6,0,0.0,0.0,0.0,0.0,0.0,729.0,135.0,27.0,162.0,25.0,5.0,30.0,1.0,6.0,36.0,True,0x610495793564aed0f9c7fc48dc4c7c9151d34fd6,smartbugs_curated
408,0,5,18,7,16,6,0,1,4,108,3,1,1.0,0,22,0.2037037037037037,3,1,0,0,11,14,0,5,0,10,3,0.0,0.0,43.0,89.44,1,31,24,0,9,0.7741935483870968,2,7,7,6,2,16,0.7272727272727273,7,0,0.8571428571428571,4,6,1,13,2,0.0769230769230769,1,0,0,1.0,0,0,0,0,0,0,0,108,112,0,0.0,2.0,0.23529411764705882,0.009174311926605505,13.5,0.09174311926605505,0.0,0.0,0.0,0.0,0,6.987037037037037,5.2,0,0.0,0.0,0.0,0.0,0.0,11664.0,756.0,108.0,1080.0,49.0,7.0,70.0,1.0,10.0,100.0,True,0xb0510d68f210b7db66e8c7c814f22680f2b8d1d6,smartbugs_curated
409,1,1,12,3,2,1,1,1,1,35,2,1,1.0,0,6,0.1714285714285714,1,0,0,0,11,4,0,2,0,9,4,0.0,0.0,27.0,41.4,0,6,3,0,2,0.5,0,3,3,1,1,2,0.6666666666666666,2,1,0.3333333333333333,3,1,2,2,3,1.0,2,0,0,1.0,0,0,0,0,0,0,0,35,6,9,0.0,0.5,0.3333333333333333,0.027777777777777776,8.75,0.25,0.1,0.0,0.0,0.0,0,8.664285714285715,0.6,0,0.0,0.0,0.0,0.0,0.0,1225.0,105.0,35.0,315.0,9.0,3.0,27.0,1.0,9.0,81.0,True,0xbebbfe5b549f5db6e6c78ca97cac19d1fb03082c,smartbugs_curated
410,1,1,7,5,5,1,0,3,1,39,1,1,1.8,0,6,0.1538461538461538,4,0,0,0,7,3,0,2,0,7,3,0.0,0.0,22.0,28.6,0,16,13,0,4,0.8125,0,9,5,4,1,5,0.5555555555555556,4,1,0.8,4,1,1,5,2,0.2,1,0,0,1.0,0,0,0,0,0,0,0,117,25,7,0.0,0.8333333333333334,0.16666666666666666,0.075,6.5,0.175,0.125,0.0,0.0,0.0,0,6.388461538461538,0.6,0,0.0,0.0,0.0,0.0,0.0,1521.0,195.0,117.0,273.0,25.0,15.0,35.0,9.0,21.0,49.0,True,0x7a4349a749e59a5736efb7826ee3496a2dfd5489,smartbugs_curated
411,1,1,16,4,2,2,1,3,1,124,2,1,1.5,0,31,0.25,0,0,0,0,15,7,0,2,1,10,5,0.0,0.0,31.0,61.69,0,12,9,0,2,0.75,0,6,4,2,1,2,0.5,4,0,0.5,3,2,2,2,4,1.0,2,0,0,1.0,0,0,0,0,0,0,0,372,8,10,0.0,0.4,0.3333333333333333,0.024,24.8,0.08,0.09090909090909091,0.0,0.0,0.0,0,9.35,3.1,0,0.0,0.0,0.0,0.0,0.0,15376.0,496.0,372.0,1240.0,16.0,12.0,40.0,9.0,30.0,100.0,True,0x958a8f594101d2c0485a52319f29b2647f2ebc06,smartbugs_curated
412,1,2,7,15,2,4,0,8,0,115,1,1,2.4,0,23,0.2,0,0,0,0,3,7,0,3,2,6,4,0.0,0.0,27.0,35.55,1,81,70,1,14,0.8641975308641975,17,36,15,9,3,2,0.1818181818181818,14,1,0.6,11,4,1,2,16,0.5,10,0,0,1.0,0,0,0,0,0,0,0,920,30,6,0.0,0.125,0.0,0.06896551724137931,7.1875,0.05172413793103448,0.14285714285714285,0.0,0.0,0.0,0,6.6000000000000005,2.3,0,0.0,0.0,0.0,0.0,0.0,13225.0,1725.0,920.0,690.0,225.0,120.0,90.0,64.0,48.0,36.0,True,etherpot_lotto,smartbugs_curated
413,0,1,4,1,1,0,0,1,1,12,1,1,1.0,0,6,0.5,0,0,0,0,3,2,0,1,0,4,2,0.0,0.0,9.0,9.9,0,2,1,0,1,0.5,0,1,1,0,0,1,1.0,1,0,0.0,1,0,1,1,1,1.0,1,0,0,1.0,0,0,0,0,0,0,0,12,1,0,0.0,0.5,0.5,0.07692307692307693,6.0,0.3076923076923077,0.0,0.0,0.0,0.0,0,9.95,0.6,0,0.0,0.0,0.0,0.0,0.0,144.0,12.0,12.0,48.0,1.0,1.0,4.0,1.0,4.0,16.0,True,0x0cbe050f75bc8f8c2d6c0d249fea125fd6e1acc9,smartbugs_curated
414,3,2,3,3,2,3,0,1,0,23,1,1,1.0,0,8,0.3478260869565217,0,0,0,0,6,4,0,5,1,6,5,0.0,0.0,43.0,63.06666666666666,0,8,5,0,3,0.625,0,3,3,3,1,2,0.4,2,1,1.0,3,3,0,2,0,0.0,0,0,0,1.0,0,0,0,0,0,0,0,23,6,18,0.0,0.5,0.0,0.041666666666666664,5.75,0.25,0.42857142857142855,0.0,0.0,0.0,0,8.428260869565218,0.8,1,0.0,0.0,0.0,0.0,0.0,529.0,69.0,23.0,138.0,9.0,3.0,18.0,1.0,6.0,36.0,True,lotto,smartbugs_curated
415,0,1,7,5,4,1,0,3,1,35,1,1,1.4,0,6,0.1714285714285714,4,0,0,0,6,3,0,1,0,6,2,0.0,0.0,12.0,16.2,0,12,8,0,2,0.6666666666666666,0,7,5,4,1,4,0.5,4,1,0.8,4,1,2,4,3,0.5,2,0,0,1.0,0,0,0,0,0,0,0,105,20,0,0.0,0.6666666666666666,0.2,0.08333333333333333,5.833333333333333,0.16666666666666666,0.0,0.0,0.0,0.0,0,6.564285714285713,0.6,0,0.0,0.0,0.0,0.0,0.0,1225.0,175.0,105.0,210.0,25.0,15.0,30.0,9.0,18.0,36.0,True,0x5aa88d2901c68fda244f1d0584400368d2c8e739,smartbugs_curated
416,1,1,7,5,5,1,0,3,1,35,1,1,1.8,0,6,0.1714285714285714,4,0,0,0,7,3,0,2,0,7,3,0.0,0.0,22.0,28.6,0,16,13,0,4,0.8125,0,9,5,4,1,5,0.5555555555555556,4,1,0.8,4,1,1,5,2,0.2,1,0,0,1.0,0,0,0,0,0,0,0,105,25,7,0.0,0.8333333333333334,0.16666666666666666,0.08333333333333333,5.833333333333333,0.19444444444444445,0.125,0.0,0.0,0.0,0,6.564285714285713,0.6,0,0.0,0.0,0.0,0.0,0.0,1225.0,175.0,105.0,245.0,25.0,15.0,35.0,9.0,21.0,49.0,True,0xe82f0742a71a02b9e9ffc142fdcb6eb1ed06fb87,smartbugs_curated
417,0,1,7,1,1,0,0,4,1,17,1,1,4.0,0,6,0.3529411764705882,0,0,0,0,5,4,0,1,0,7,2,0.0,0.0,12.0,13.37142857142857,0,10,10,1,7,1.0,1,4,1,2,1,1,0.3333333333333333,1,0,2.0,2,0,1,1,4,1.0,1,0,0,1.0,0,0,0,0,0,0,0,68,1,0,0.0,0.5,0.5,0.2222222222222222,8.5,0.3888888888888889,0.0,0.0,0.0,0.0,0,8.329411764705881,0.6,0,0.0,0.0,0.0,0.0,0.0,289.0,17.0,68.0,119.0,1.0,4.0,7.0,16.0,28.0,49.0,True,0xa46edd6a9a93feec36576ee5048146870ea2c3ae,smartbugs_curated
418,1,1,6,6,5,2,0,3,1,40,1,1,1.6666666666666667,0,6,0.15,4,0,0,0,6,3,0,2,0,7,3,0.0,0.0,21.0,24.3,0,17,13,0,4,0.7647058823529411,0,10,6,4,1,5,0.5555555555555556,4,2,0.6666666666666666,5,2,1,5,2,0.2,1,0,0,1.0,0,0,0,0,0,0,0,120,30,7,0.0,0.7142857142857143,0.16666666666666666,0.07317073170731707,5.714285714285714,0.17073170731707318,0.125,0.0,0.0,0.0,0,6.35,0.6,0,0.0,0.0,0.0,0.0,0.0,1600.0,240.0,120.0,280.0,36.0,18.0,42.0,9.0,21.0,49.0,True,0x78c2a1e91b52bca4130b6ed9edd9fbcfd4671c37,smartbugs_curated
419,3,1,5,2,0,0,0,1,0,29,2,1,1.0,0,6,0.2068965517241379,0,0,0,0,3,6,0,4,0,7,3,0.0,0.0,40.0,41.142857142857146,0,0,0,0,0,0.0,0,0,2,0,0,0,0.0,2,0,0.0,2,0,0,0,3,0.0,2,0,0,1.0,0,0,0,0,0,0,0,29,0,21,0.0,0.0,0.0,0.03333333333333333,9.666666666666666,0.23333333333333334,0.375,0.0,0.0,0.0,0,7.018965517241379,0.6,1,0.0,0.0,0.0,0.0,0.0,841.0,58.0,29.0,203.0,4.0,2.0,14.0,1.0,7.0,49.0,True,0x52d2e0f9b01101a59b38a3d05c80b7618aeed984,smartbugs_curated
420,1,1,7,5,5,1,0,3,1,39,1,1,1.8,0,6,0.1538461538461538,4,0,0,0,7,3,0,2,0,7,3,0.0,0.0,22.0,28.6,0,16,13,0,4,0.8125,0,9,5,4,1,5,0.5555555555555556,4,1,0.8,4,1,1,5,2,0.2,1,0,0,1.0,0,0,0,0,0,0,0,117,25,7,0.0,0.8333333333333334,0.16666666666666666,0.075,6.5,0.175,0.125,0.0,0.0,0.0,0,6.388461538461538,0.6,0,0.0,0.0,0.0,0.0,0.0,1521.0,195.0,117.0,273.0,25.0,15.0,35.0,9.0,21.0,49.0,True,0x806a6bd219f162442d992bdc4ee6eba1f2c5a707,smartbugs_curated
421,0,1,3,1,2,0,0,3,1,21,1,1,3.0,0,6,0.2857142857142857,0,0,0,0,3,1,0,1,0,3,2,0.0,0.0,8.0,9.866666666666664,0,13,12,0,11,0.9230769230769232,2,3,1,1,1,2,0.6666666666666666,1,0,1.0,1,0,0,2,0,0.0,0,0,0,1.0,0,0,0,0,0,0,0,63,2,0,0.0,1.0,0.3333333333333333,0.13636363636363635,10.5,0.13636363636363635,0.0,0.0,0.0,0.0,0,7.707142857142856,0.6,0,0.0,0.0,0.0,0.0,0.0,441.0,21.0,63.0,63.0,1.0,3.0,3.0,9.0,9.0,9.0,True,0x524960d55174d912768678d8c606b4d50b79d7b1,smartbugs_curated
423,1,2,20,3,0,2,1,3,0,91,3,1,1.6666666666666667,0,8,0.0879120879120879,0,0,0,0,19,4,0,3,0,9,4,0.0,0.0,40.0,96.88888888888889,0,8,6,0,2,0.75,0,5,3,1,1,0,0.0,2,1,0.3333333333333333,3,2,1,0,1,0.0,1,0,0,1.0,0,0,0,0,0,0,0,273,0,9,0.0,0.0,0.0,0.03260869565217391,22.75,0.09782608695652174,0.1,0.0,0.0,0.0,0,7.729120879120879,0.8,0,0.0,0.0,0.0,0.0,0.0,8281.0,273.0,273.0,819.0,9.0,9.0,27.0,9.0,27.0,81.0,True,0x8fd1e427396ddb511533cf9abdbebd0a7e08da35,smartbugs_curated
424,1,1,7,5,5,1,0,3,1,39,1,1,1.8,0,6,0.1538461538461538,4,0,0,0,7,3,0,2,0,7,3,0.0,0.0,22.0,28.6,0,16,13,0,4,0.8125,0,9,5,4,1,5,0.5555555555555556,4,1,0.8,4,1,1,5,2,0.2,1,0,0,1.0,0,0,0,0,0,0,0,117,25,7,0.0,0.8333333333333334,0.16666666666666666,0.075,6.5,0.175,0.125,0.0,0.0,0.0,0,6.388461538461538,0.6,0,0.0,0.0,0.0,0.0,0.0,1521.0,195.0,117.0,273.0,25.0,15.0,35.0,9.0,21.0,49.0,True,0xf70d589d76eebdd7c12cc5eec99f8f6fa4233b9e,smartbugs_curated
425,0,2,15,6,3,5,1,3,1,71,1,1,1.6666666666666667,0,27,0.380281690140845,2,0,0,0,16,4,0,2,0,8,3,0.0,0.0,25.0,58.75,0,35,30,0,9,0.8571428571428571,5,10,6,7,2,3,0.3,5,1,1.1666666666666667,5,5,3,3,3,1.0,3,0,0,1.0,0,0,0,0,0,0,0,213,18,0,0.0,0.42857142857142855,0.25,0.041666666666666664,10.142857142857142,0.1111111111111111,0.0,0.0,0.0,0.0,0,10.65281690140845,2.7,0,0.0,0.0,0.0,0.0,0.0,5041.0,426.0,213.0,568.0,36.0,18.0,48.0,9.0,24.0,64.0,True,0x9d06cbafa865037a01d322d3f4222fa3e04e5488,smartbugs_curated
426,1,1,4,2,2,1,0,1,1,22,1,1,1.0,0,12,0.5454545454545454,1,0,0,0,4,2,0,2,0,5,3,0.0,0.0,19.0,20.52,0,5,3,0,2,0.6,0,2,2,0,0,2,1.0,2,0,0.0,2,1,0,2,0,0.0,0,0,0,1.0,0,0,0,0,0,0,0,22,4,5,0.0,0.6666666666666666,0.3333333333333333,0.043478260869565216,7.333333333333333,0.21739130434782608,0.16666666666666666,0.0,0.0,0.0,0,10.404545454545454,1.2,0,0.0,0.0,0.0,0.0,0.0,484.0,44.0,22.0,110.0,4.0,2.0,10.0,1.0,5.0,25.0,True,0xb7c5c5aa4d42967efe906e1b66cb8df9cebf04f7,smartbugs_curated
427,2,3,87,1,0,0,0,1,0,402,6,1,1.0,0,82,0.2039800995024875,0,0,0,0,84,15,0,5,0,17,5,0.0,0.0,122.0,678.1764705882354,0,0,0,0,0,0.0,0,0,1,0,0,0,0.0,1,0,0.0,1,0,0,0,2,0.0,1,0,0,1.0,0,0,0,0,0,0,0,402,0,34,0.0,0.0,0.0,0.0024813895781637717,201.0,0.04218362282878412,0.1111111111111111,0.0,0.0,0.0,0,6.989800995024876,8.2,0,0.0,0.0,0.0,0.0,0.0,161604.0,402.0,402.0,6834.0,1.0,1.0,17.0,1.0,17.0,289.0,True,0x19cf8481ea15427a98ba3cdd6d9e14690011ab10,smartbugs_curated
428,3,2,14,17,7,9,4,5,2,255,2,1,1.2941176470588236,0,66,0.2588235294117647,3,0,0,0,9,11,0,5,1,12,6,0.0,0.0,54.0,75.14999999999999,1,72,57,0,11,0.7916666666666666,7,22,17,24,2,7,0.2258064516129032,14,3,1.411764705882353,14,9,7,7,11,1.0,8,0,0,1.0,0,0,0,0,0,0,0,1275,119,36,0.0,0.3888888888888889,0.25,0.01953125,14.166666666666666,0.046875,0.23076923076923078,0.0,0.0,0.0,0,15.338235294117647,6.6,1,0.0,0.0,0.0,0.0,0.0,65025.0,4335.0,1275.0,3060.0,289.0,85.0,204.0,25.0,60.0,144.0,True,0x07f7ecb66d788ab01dc93b9b71a88401de7d0f2e,smartbugs_curated
429,0,1,5,2,1,0,1,4,1,29,1,1,2.5,0,6,0.2068965517241379,0,0,0,0,5,2,0,1,0,6,2,0.0,0.0,10.0,10.666666666666666,0,14,13,1,10,0.9285714285714286,1,5,2,3,1,1,0.25,2,0,1.5,4,0,1,1,3,1.0,1,0,0,1.0,0,0,0,0,0,0,0,116,2,0,0.0,0.3333333333333333,0.5,0.13333333333333333,9.666666666666666,0.2,0.0,0.0,0.0,0.0,0,8.868965517241378,0.6,0,0.0,0.0,0.0,0.0,0.0,841.0,58.0,116.0,174.0,4.0,8.0,12.0,16.0,24.0,36.0,True,0xa1fceeff3acc57d257b917e30c4df661401d6431,smartbugs_curated
430,0,1,2,1,1,1,0,1,0,15,1,1,1.0,0,6,0.4,0,0,0,0,2,1,0,1,0,2,2,0.0,0.0,7.0,9.45,0,4,3,0,3,0.75,0,1,1,0,0,1,1.0,1,0,0.0,1,1,0,1,0,0.0,0,0,0,1.0,0,0,0,0,0,0,0,15,1,0,0.0,0.5,0.0,0.0625,7.5,0.125,0.0,0.0,0.0,0.0,0,8.95,0.6,0,0.0,0.0,0.0,0.0,0.0,225.0,15.0,15.0,30.0,1.0,1.0,2.0,1.0,2.0,4.0,True,mishandled,smartbugs_curated
431,1,1,7,5,5,1,0,3,1,39,1,1,1.8,0,6,0.1538461538461538,4,0,0,0,7,3,0,2,0,7,3,0.0,0.0,22.0,28.6,0,16,13,0,4,0.8125,0,9,5,4,1,5,0.5555555555555556,4,1,0.8,4,1,1,5,2,0.2,1,0,0,1.0,0,0,0,0,0,0,0,117,25,7,0.0,0.8333333333333334,0.16666666666666666,0.075,6.5,0.175,0.125,0.0,0.0,0.0,0,6.388461538461538,0.6,0,0.0,0.0,0.0,0.0,0.0,1521.0,195.0,117.0,273.0,25.0,15.0,35.0,9.0,21.0,49.0,True,0xd2018bfaa266a9ec0a1a84b061640faa009def76,smartbugs_curated
432,1,2,20,3,0,2,1,3,0,91,3,1,1.6666666666666667,0,8,0.0879120879120879,0,0,0,0,19,4,0,3,0,9,4,0.0,0.0,40.0,96.88888888888889,0,8,6,0,2,0.75,0,5,3,1,1,0,0.0,2,1,0.3333333333333333,3,2,1,0,1,0.0,1,0,0,1.0,0,0,0,0,0,0,0,273,0,9,0.0,0.0,0.0,0.03260869565217391,22.75,0.09782608695652174,0.1,0.0,0.0,0.0,0,7.729120879120879,0.8,0,0.0,0.0,0.0,0.0,0.0,8281.0,273.0,273.0,819.0,9.0,9.0,27.0,9.0,27.0,81.0,True,0x3a0e9acd953ffc0dd18d63603488846a6b8b2b01,smartbugs_curated
433,0,1,3,3,3,1,0,1,1,17,1,1,1.0,0,6,0.3529411764705882,2,0,0,0,3,1,0,1,0,3,2,0.0,0.0,8.0,9.866666666666664,0,6,3,0,3,0.5,0,3,3,1,1,3,0.75,2,1,0.3333333333333333,3,1,0,3,0,0.0,0,0,0,1.0,0,0,0,0,0,0,0,17,9,0,0.0,0.75,0.25,0.05555555555555555,4.25,0.16666666666666666,0.0,0.0,0.0,0.0,0,8.479411764705883,0.6,0,0.0,0.0,0.0,0.0,0.0,289.0,51.0,17.0,51.0,9.0,3.0,9.0,1.0,3.0,9.0,True,0xf29ebe930a539a60279ace72c707cba851a57707,smartbugs_curated
434,0,1,8,1,1,0,0,4,1,17,1,1,4.0,0,6,0.3529411764705882,0,0,0,0,6,4,0,1,0,7,2,0.0,0.0,13.0,16.34285714285714,0,10,10,1,7,1.0,1,4,1,2,1,1,0.3333333333333333,1,0,2.0,2,0,1,1,4,1.0,1,0,0,1.0,0,0,0,0,0,0,0,68,1,0,0.0,0.5,0.5,0.2222222222222222,8.5,0.3888888888888889,0.0,0.0,0.0,0.0,0,8.329411764705881,0.6,0,0.0,0.0,0.0,0.0,0.0,289.0,17.0,68.0,119.0,1.0,4.0,7.0,16.0,28.0,49.0,True,0x2972d548497286d18e92b5fa1f8f9139e5653fd2,smartbugs_curated
435,3,2,14,17,7,9,4,5,2,253,2,1,1.2941176470588236,0,65,0.2569169960474308,3,0,0,0,9,11,0,5,1,12,6,0.0,0.0,54.0,75.14999999999999,1,71,56,0,11,0.7887323943661971,7,22,17,24,2,7,0.2258064516129032,14,3,1.411764705882353,14,9,7,7,11,1.0,8,0,0,1.0,0,0,0,0,0,0,0,1265,119,36,0.0,0.3888888888888889,0.25,0.01968503937007874,14.055555555555555,0.047244094488188976,0.23076923076923078,0.0,0.0,0.0,0,15.319169960474309,6.5,1,0.0,0.0,0.0,0.0,0.0,64009.0,4301.0,1265.0,3036.0,289.0,85.0,204.0,25.0,60.0,144.0,True,0x7d09edb07d23acb532a82be3da5c17d9d85806b4,smartbugs_curated
436,1,1,7,5,5,1,0,3,1,25,1,1,1.8,0,6,0.24,4,0,0,0,7,3,0,2,0,7,3,0.0,0.0,22.0,28.6,0,16,13,0,4,0.8125,0,9,5,4,1,5,0.5555555555555556,4,1,0.8,4,1,1,5,2,0.2,1,0,0,1.0,0,0,0,0,0,0,0,75,25,7,0.0,0.8333333333333334,0.16666666666666666,0.11538461538461539,4.166666666666667,0.2692307692307692,0.125,0.0,0.0,0.0,0,7.25,0.6,0,0.0,0.0,0.0,0.0,0.0,625.0,125.0,75.0,175.0,25.0,15.0,35.0,9.0,21.0,49.0,True,0x70f9eddb3931491aab1aeafbc1e7f1ca2a012db4,smartbugs_curated
437,1,10,13,7,5,9,1,21,0,150,1,1,3.857142857142857,1,60,0.4,0,0,0,0,8,16,0,11,1,11,5,0.0,0.0,73.0,127.4181818181818,1,61,63,0,21,1.0327868852459017,2,27,7,3,1,5,0.625,6,1,0.4285714285714285,5,9,3,4,3,0.75,3,0,0,1.0,0,0,0,0,0,0,0,3150,35,11,0.0,0.625,0.0,0.1390728476821192,18.75,0.0728476821192053,0.08333333333333333,0.0,0.0,0.0,0,9.95,6.0,0,0.0,0.0,0.0,0.0,0.0,22500.0,1050.0,3150.0,1650.0,49.0,147.0,77.0,441.0,231.0,121.0,True,king_of_the_ether_throne,smartbugs_curated
438,0,1,7,5,3,2,1,1,1,27,1,1,1.0,0,6,0.2222222222222222,1,0,0,0,6,2,0,1,0,5,2,0.0,0.0,12.0,17.759999999999998,0,12,7,0,2,0.5833333333333334,0,5,5,5,1,3,0.375,4,1,1.0,4,2,2,3,3,0.6666666666666666,2,0,0,1.0,0,0,0,0,0,0,0,27,15,0,0.0,0.5,0.25,0.03571428571428571,4.5,0.17857142857142858,0.0,0.0,0.0,0.0,0,9.172222222222222,0.6,0,0.0,0.0,0.0,0.0,0.0,729.0,135.0,27.0,135.0,25.0,5.0,25.0,1.0,5.0,25.0,True,0xb37f18af15bafb869a065b61fc83cfc44ed9cc27,smartbugs_curated
439,1,1,7,5,5,1,0,3,1,35,1,1,1.8,0,6,0.1714285714285714,4,0,0,0,7,3,0,2,0,7,3,0.0,0.0,22.0,28.6,0,16,13,0,4,0.8125,0,9,5,4,1,5,0.5555555555555556,4,1,0.8,4,1,1,5,2,0.2,1,0,0,1.0,0,0,0,0,0,0,0,105,25,7,0.0,0.8333333333333334,0.16666666666666666,0.08333333333333333,5.833333333333333,0.19444444444444445,0.125,0.0,0.0,0.0,0,6.564285714285713,0.6,0,0.0,0.0,0.0,0.0,0.0,1225.0,175.0,105.0,245.0,25.0,15.0,35.0,9.0,21.0,49.0,True,0xdb1c55f6926e7d847ddf8678905ad871a68199d2,smartbugs_curated
440,1,2,19,3,0,2,1,3,0,90,3,1,1.6666666666666667,0,8,0.0888888888888888,0,0,0,0,18,4,0,3,0,9,4,0.0,0.0,39.0,90.13333333333334,0,8,6,0,2,0.75,0,5,3,1,1,0,0.0,2,1,0.3333333333333333,3,2,1,0,1,0.0,1,0,0,1.0,0,0,0,0,0,0,0,270,0,9,0.0,0.0,0.0,0.03296703296703297,22.5,0.0989010989010989,0.1,0.0,0.0,0.0,0,7.738888888888887,0.8,0,0.0,0.0,0.0,0.0,0.0,8100.0,270.0,270.0,810.0,9.0,9.0,27.0,9.0,27.0,81.0,True,0x39cfd754c85023648bf003bea2dd498c5612abfa,smartbugs_curated
441,0,1,9,1,1,0,0,4,1,18,1,1,4.0,0,6,0.3333333333333333,0,0,0,0,7,4,0,1,0,7,2,0.0,0.0,14.0,19.6,0,11,11,1,8,1.0,1,4,1,2,1,1,0.3333333333333333,1,0,2.0,2,0,1,1,5,1.0,1,0,0,1.0,0,0,0,0,0,0,0,72,1,0,0.0,0.5,0.5,0.21052631578947367,9.0,0.3684210526315789,0.0,0.0,0.0,0.0,0,8.133333333333333,0.6,0,0.0,0.0,0.0,0.0,0.0,324.0,18.0,72.0,126.0,1.0,4.0,7.0,16.0,28.0,49.0,True,0xe894d54dca59cb53fe9cbc5155093605c7068220,smartbugs_curated
442,1,3,17,3,2,1,1,1,1,104,3,1,1.0,0,31,0.2980769230769231,0,0,0,0,14,9,0,4,0,15,5,0.0,0.0,42.0,56.84,0,8,5,0,2,0.625,0,3,3,2,1,2,0.5,3,0,0.6666666666666666,2,1,2,2,4,1.0,2,0,0,1.0,0,0,0,0,0,0,0,104,6,15,0.0,0.5,0.3333333333333333,0.009523809523809525,26.0,0.14285714285714285,0.0625,0.0,0.0,0.0,0,9.930769230769231,3.1,0,0.0,0.0,0.0,0.0,0.0,10816.0,312.0,104.0,1560.0,9.0,3.0,45.0,1.0,15.0,225.0,True,0xec329ffc97d75fe03428ae155fc7793431487f63,smartbugs_curated
443,1,1,6,6,5,2,0,3,1,40,1,1,1.6666666666666667,0,6,0.15,4,0,0,0,6,3,0,2,0,7,3,0.0,0.0,21.0,24.3,0,17,13,0,4,0.7647058823529411,0,10,6,4,1,5,0.5555555555555556,4,2,0.6666666666666666,5,2,1,5,2,0.2,1,0,0,1.0,0,0,0,0,0,0,0,120,30,7,0.0,0.7142857142857143,0.16666666666666666,0.07317073170731707,5.714285714285714,0.17073170731707318,0.125,0.0,0.0,0.0,0,6.35,0.6,0,0.0,0.0,0.0,0.0,0.0,1600.0,240.0,120.0,280.0,36.0,18.0,42.0,9.0,21.0,49.0,True,0x3f2ef511aa6e75231e4deafc7a3d2ecab3741de2,smartbugs_curated
444,2,1,20,3,0,2,1,3,0,88,3,1,1.6666666666666667,0,7,0.0795454545454545,0,0,0,0,18,5,0,3,0,9,4,0.0,0.0,45.0,107.5,0,8,6,0,2,0.75,0,5,3,1,1,0,0.0,2,1,0.3333333333333333,3,2,1,0,1,0.0,1,0,0,1.0,0,0,0,0,0,0,0,264,0,18,0.0,0.0,0.0,0.033707865168539325,22.0,0.10112359550561797,0.2,0.0,0.0,0.0,0,7.645454545454545,0.7,0,0.0,0.0,0.0,0.0,0.0,7744.0,264.0,264.0,792.0,9.0,9.0,27.0,9.0,27.0,81.0,True,0x627fa62ccbb1c1b04ffaecd72a53e37fc0e17839,smartbugs_curated
445,1,1,12,3,2,1,1,1,1,35,2,1,1.0,0,6,0.1714285714285714,1,0,0,0,11,4,0,2,0,9,4,0.0,0.0,27.0,41.4,0,6,3,0,2,0.5,0,3,3,1,1,2,0.6666666666666666,2,1,0.3333333333333333,3,1,2,2,3,1.0,2,0,0,1.0,0,0,0,0,0,0,0,35,6,9,0.0,0.5,0.3333333333333333,0.027777777777777776,8.75,0.25,0.1,0.0,0.0,0.0,0,8.664285714285715,0.6,0,0.0,0.0,0.0,0.0,0.0,1225.0,105.0,35.0,315.0,9.0,3.0,27.0,1.0,9.0,81.0,True,0xb11b2fed6c9354f7aa2f658d3b4d7b31d8a13b77,smartbugs_curated
446,0,1,6,2,1,2,0,4,1,20,1,1,2.5,0,6,0.3,0,0,0,0,7,3,0,1,0,8,2,0.0,0.0,11.0,12.5125,0,13,12,1,8,0.9230769230769232,1,5,2,2,1,1,0.3333333333333333,1,1,1.0,3,2,1,1,2,1.0,1,0,0,1.0,0,0,0,0,0,0,0,80,2,0,0.0,0.3333333333333333,0.5,0.19047619047619047,6.666666666666667,0.38095238095238093,0.0,0.0,0.0,0.0,0,7.8,0.6,0,0.0,0.0,0.0,0.0,0.0,400.0,40.0,80.0,160.0,4.0,8.0,16.0,16.0,32.0,64.0,True,0x4a66ad0bca2d700f11e1f2fc2c106f7d3264504c,smartbugs_curated
447,4,1,21,23,9,18,3,11,1,317,2,1,2.0869565217391304,1,54,0.1703470031545741,3,0,0,0,4,22,0,5,7,13,5,0.0,0.0,66.0,98.4923076923077,3,165,152,1,24,0.9212121212121211,7,48,23,38,2,9,0.1914893617021276,17,6,1.6521739130434785,21,18,13,6,36,2.1666666666666665,17,0,0,1.0,0,0,0,0,0,0,0,3487,207,52,0.0,0.375,0.1,0.03459119496855346,13.208333333333334,0.040880503144654086,0.2857142857142857,0.0,0.0,0.0,0,12.15347003154574,5.4,1,0.0,0.0,0.0,0.0,0.0,100489.0,7291.0,3487.0,4121.0,529.0,253.0,299.0,121.0,143.0,169.0,True,0xe09b1ab8111c2729a76f16de96bc86a7af837928,smartbugs_curated
448,0,1,7,5,4,1,0,3,1,35,1,1,1.4,0,6,0.1714285714285714,4,0,0,0,6,3,0,1,0,6,2,0.0,0.0,12.0,16.2,0,12,8,0,2,0.6666666666666666,0,7,5,4,1,4,0.5,4,1,0.8,4,1,2,4,3,0.5,2,0,0,1.0,0,0,0,0,0,0,0,105,20,0,0.0,0.6666666666666666,0.2,0.08333333333333333,5.833333333333333,0.16666666666666666,0.0,0.0,0.0,0.0,0,6.564285714285713,0.6,0,0.0,0.0,0.0,0.0,0.0,1225.0,175.0,105.0,210.0,25.0,15.0,30.0,9.0,18.0,36.0,True,0x3e013fc32a54c4c5b6991ba539dcd0ec4355c859,smartbugs_curated
449,3,4,13,18,9,9,3,3,3,112,1,1,1.3888888888888888,0,16,0.1428571428571428,13,0,0,0,15,7,0,7,0,10,4,0.0,0.0,63.0,125.37,1,66,49,0,5,0.7424242424242424,7,25,18,20,2,9,0.3103448275862069,16,2,1.1111111111111112,12,9,4,9,5,0.4444444444444444,4,0,0,1.0,0,0,0,0,0,0,0,336,162,30,0.0,0.47368421052631576,0.3,0.02654867256637168,5.894736842105263,0.08849557522123894,0.2727272727272727,0.0,0.0,0.0,0,12.278571428571428,1.6,1,0.0,0.0,0.0,0.0,0.0,12544.0,2016.0,336.0,1120.0,324.0,54.0,180.0,9.0,30.0,100.0,True,0xb620cee6b52f96f3c6b253e6eea556aa2d214a99,smartbugs_curated
450,7,12,172,6,0,0,0,1,0,2073,18,1,1.0,0,819,0.3950795947901592,0,0,0,0,129,71,0,19,3,24,7,0.0,0.0,302.0,2248.641666666667,1,0,0,0,0,0.0,0,0,6,0,0,0,0.0,6,0,0.0,6,0,0,0,10,0.0,5,0,0,1.0,0,0,0,0,0,0,0,2073,0,168,0.0,0.0,0.0,0.00048216007714561236,296.14285714285717,0.011571841851494697,0.28,0.0,0.0,0.0,0,8.900795947901592,81.9,1,0.0,0.0,0.0,0.0,0.0,4297329.0,12438.0,2073.0,49752.0,36.0,6.0,144.0,1.0,24.0,576.0,True,0x663e4229142a27f00bafb5d087e1e730648314c3,smartbugs_curated
451,0,1,8,1,1,0,0,4,1,17,1,1,4.0,0,6,0.3529411764705882,0,0,0,0,6,4,0,1,0,7,2,0.0,0.0,13.0,16.34285714285714,0,10,10,1,7,1.0,1,4,1,2,1,1,0.3333333333333333,1,0,2.0,2,0,1,1,4,1.0,1,0,0,1.0,0,0,0,0,0,0,0,68,1,0,0.0,0.5,0.5,0.2222222222222222,8.5,0.3888888888888889,0.0,0.0,0.0,0.0,0,8.329411764705881,0.6,0,0.0,0.0,0.0,0.0,0.0,289.0,17.0,68.0,119.0,1.0,4.0,7.0,16.0,28.0,49.0,True,0xd5967fed03e85d1cce44cab284695b41bc675b5c,smartbugs_curated
452,1,1,14,4,2,2,1,3,1,76,2,1,1.5,0,30,0.3947368421052631,0,0,0,0,19,4,0,2,0,9,3,0.0,0.0,29.0,70.24444444444444,0,12,9,0,2,0.75,0,6,4,2,1,2,0.5,4,0,0.5,3,2,2,2,4,1.0,2,0,0,1.0,0,0,0,0,0,0,0,228,8,9,0.0,0.4,0.3333333333333333,0.03896103896103896,15.2,0.11688311688311688,0.1,0.0,0.0,0.0,0,10.797368421052632,3.0,0,0.0,0.0,0.0,0.0,0.0,5776.0,304.0,228.0,684.0,16.0,12.0,36.0,9.0,27.0,81.0,True,0x84d9ec85c9c568eb332b7226a8f826d897e0a4a8,smartbugs_curated
453,0,1,5,2,1,1,0,4,1,18,1,1,2.5,0,8,0.4444444444444444,0,0,0,0,5,2,0,1,0,6,2,0.0,0.0,10.0,10.666666666666666,0,9,8,1,6,0.8888888888888888,0,5,2,1,1,1,0.5,1,1,0.5,2,1,1,1,1,1.0,1,0,0,1.0,0,0,0,0,0,0,0,72,2,0,0.0,0.3333333333333333,0.5,0.21052631578947367,6.0,0.3157894736842105,0.0,0.0,0.0,0.0,0,9.244444444444444,0.8,0,0.0,0.0,0.0,0.0,0.0,324.0,36.0,72.0,108.0,4.0,8.0,12.0,16.0,24.0,36.0,True,0xf2570186500a46986f3139f65afedc2afe4f445d,smartbugs_curated
454,0,1,8,1,1,0,0,4,1,17,1,1,4.0,0,6,0.3529411764705882,0,0,0,0,6,4,0,1,0,7,2,0.0,0.0,13.0,16.34285714285714,0,10,10,1,7,1.0,1,4,1,2,1,1,0.3333333333333333,1,0,2.0,2,0,1,1,4,1.0,1,0,0,1.0,0,0,0,0,0,0,0,68,1,0,0.0,0.5,0.5,0.2222222222222222,8.5,0.3888888888888889,0.0,0.0,0.0,0.0,0,8.329411764705881,0.6,0,0.0,0.0,0.0,0.0,0.0,289.0,17.0,68.0,119.0,1.0,4.0,7.0,16.0,28.0,49.0,True,0x4051334adc52057aca763453820cb0e045076ef3,smartbugs_curated
455,1,1,7,5,5,1,0,3,1,39,1,1,1.8,0,6,0.1538461538461538,4,0,0,0,7,3,0,2,0,7,3,0.0,0.0,22.0,28.6,0,16,13,0,4,0.8125,0,9,5,4,1,5,0.5555555555555556,4,1,0.8,4,1,1,5,2,0.2,1,0,0,1.0,0,0,0,0,0,0,0,117,25,7,0.0,0.8333333333333334,0.16666666666666666,0.075,6.5,0.175,0.125,0.0,0.0,0.0,0,6.388461538461538,0.6,0,0.0,0.0,0.0,0.0,0.0,1521.0,195.0,117.0,273.0,25.0,15.0,35.0,9.0,21.0,49.0,True,0xe4eabdca81e31d9acbc4af76b30f532b6ed7f3bf,smartbugs_curated
456,1,1,12,3,2,1,1,1,1,35,2,1,1.0,0,6,0.1714285714285714,1,0,0,0,11,4,0,2,0,9,4,0.0,0.0,27.0,41.4,0,6,3,0,2,0.5,0,3,3,1,1,2,0.6666666666666666,2,1,0.3333333333333333,3,1,2,2,3,1.0,2,0,0,1.0,0,0,0,0,0,0,0,35,6,9,0.0,0.5,0.3333333333333333,0.027777777777777776,8.75,0.25,0.1,0.0,0.0,0.0,0,8.664285714285715,0.6,0,0.0,0.0,0.0,0.0,0.0,1225.0,105.0,35.0,315.0,9.0,3.0,27.0,1.0,9.0,81.0,True,0xbaa3de6504690efb064420d89e871c27065cdd52,smartbugs_curated
457,0,1,5,2,2,0,0,1,2,15,1,1,1.0,0,6,0.4,0,0,0,0,4,2,0,1,0,4,2,0.0,0.0,10.0,13.5,0,4,2,0,1,0.5,0,2,2,1,1,2,0.6666666666666666,2,0,0.5,2,0,2,2,2,1.0,2,0,0,1.0,0,0,0,0,0,0,0,15,4,0,0.0,0.6666666666666666,0.6666666666666666,0.0625,5.0,0.25,0.0,0.0,0.0,0.0,0,8.95,0.6,0,0.0,0.0,0.0,0.0,0.0,225.0,30.0,15.0,60.0,4.0,2.0,8.0,1.0,4.0,16.0,True,unchecked_return_value,smartbugs_curated
458,0,1,8,1,1,0,0,4,1,17,1,1,4.0,0,6,0.3529411764705882,0,0,0,0,6,4,0,1,0,7,2,0.0,0.0,13.0,16.34285714285714,0,10,10,1,7,1.0,1,4,1,2,1,1,0.3333333333333333,1,0,2.0,2,0,1,1,4,1.0,1,0,0,1.0,0,0,0,0,0,0,0,68,1,0,0.0,0.5,0.5,0.2222222222222222,8.5,0.3888888888888889,0.0,0.0,0.0,0.0,0,8.329411764705881,0.6,0,0.0,0.0,0.0,0.0,0.0,289.0,17.0,68.0,119.0,1.0,4.0,7.0,16.0,28.0,49.0,True,0x4b71ad9c1a84b9b643aa54fdd66e2dec96e8b152,smartbugs_curated
459,0,0,2,3,0,1,0,3,0,24,1,1,1.6666666666666667,0,6,0.25,0,0,0,0,2,0,0,0,0,1,1,0.0,0.0,2.0,4.0,0,12,9,0,6,0.75,3,5,3,0,0,0,0.0,3,0,0.0,3,1,1,0,3,0.0,2,0,0,1.0,0,0,0,0,0,0,0,72,0,0,0.0,0.0,0.0,0.12,6.0,0.04,0.0,0.0,0.0,0.0,0,7.35,0.6,0,0.0,0.0,0.0,0.0,0.0,576.0,72.0,72.0,24.0,9.0,9.0,3.0,9.0,3.0,1.0,True,short_address_example,smartbugs_curated
460,1,0,5,4,3,3,0,5,0,42,1,1,3.0,0,7,0.1666666666666666,1,0,0,0,4,2,0,1,1,4,3,0.0,0.0,15.0,20.25,0,25,23,0,7,0.92,2,12,4,2,1,3,0.6,3,1,0.5,3,3,1,3,1,0.3333333333333333,1,0,0,1.0,0,0,0,0,0,0,0,210,12,4,0.0,0.6,0.0,0.11627906976744186,8.4,0.09302325581395349,0.2,0.0,0.0,0.0,0,6.416666666666666,0.7,0,0.0,0.0,0.0,0.0,0.0,1764.0,168.0,210.0,168.0,16.0,20.0,16.0,25.0,20.0,16.0,True,odds_and_evens,smartbugs_curated
461,0,0,6,6,5,3,0,1,0,103,2,1,1.0,0,31,0.3009708737864077,0,4,0,0,4,3,0,0,0,4,2,0.0,0.0,6.0,9.15,0,27,21,0,8,0.7777777777777778,5,6,6,3,1,5,0.625,6,0,0.5,4,3,4,2,11,2.0,6,2,0,0.0,0,2,2,0,0,10,0,103,30,0,0.0,0.7142857142857143,0.0,0.009615384615384616,14.714285714285714,0.038461538461538464,0.0,0.2857142857142857,0.3333333333333333,1.4,0,7.9597087378640765,15.1,1,4.0,206.0,12.0,2.0,8.0,10609.0,618.0,103.0,412.0,36.0,6.0,24.0,1.0,4.0,16.0,True,ERC20,smartbugs_curated
462,1,0,3,3,1,1,0,1,0,16,1,1,1.0,0,7,0.4375,1,0,0,0,4,1,0,1,0,4,2,0.0,0.0,13.0,15.275,0,5,2,0,2,0.4,0,3,3,2,1,1,0.3333333333333333,2,1,0.6666666666666666,4,1,1,1,1,1.0,1,0,0,1.0,0,0,0,0,0,0,0,16,3,4,0.0,0.25,0.0,0.058823529411764705,4.0,0.23529411764705882,0.2,0.0,0.0,0.0,0,9.325,0.7,0,0.0,0.0,0.0,0.0,0.0,256.0,48.0,16.0,64.0,9.0,3.0,12.0,1.0,4.0,16.0,True,FindThisHash,smartbugs_curated
463,0,0,5,3,2,3,0,1,0,28,1,1,1.0,0,7,0.25,1,0,0,0,2,3,0,0,2,3,2,0.0,0.0,5.0,6.833333333333334,0,12,9,0,4,0.75,0,3,3,2,1,2,0.5,3,0,0.6666666666666666,2,3,1,2,1,0.5,1,0,0,1.0,0,0,0,0,0,0,0,28,6,0,0.0,0.5,0.0,0.034482758620689655,7.0,0.10344827586206896,0.0,0.0,0.0,0.0,0,7.45,0.7,0,0.0,0.0,0.0,0.0,0.0,784.0,84.0,28.0,84.0,9.0,3.0,9.0,1.0,3.0,9.0,True,eth_tx_order_dependence_minimal,smartbugs_curated
489,1,6,24,27,92,2,1,10,0,725,10,1,2.259259259259259,0,24,0.033103448275862,5,54,2,0,13,20,0,7,0,9,3,0.0,0.0,64.0,192.0,3,233,222,12,30,0.9527896995708156,5,61,27,47,3,92,0.6618705035971223,24,3,1.7407407407407407,11,2,26,26,132,1.0,26,0,0,1.0,0,0,0,0,0,0,0,7250,2484,9,0.0,3.2857142857142856,0.0,0.013774104683195593,25.892857142857142,0.012396694214876033,0.1,0.0,0.0,0.0,0,6.83103448275862,168.4,0,0.0,0.0,0.0,0.0,0.0,525625.0,19575.0,7250.0,6525.0,729.0,270.0,243.0,100.0,90.0,81.0,False,UniswapV2Router02_0x7a250d56,production_safe
491,1,5,31,5,3,4,0,3,0,414,11,1,1.4,0,18,0.0434782608695652,0,0,1,0,17,20,0,6,0,13,5,0.0,0.0,66.0,157.3846153846154,0,28,24,0,16,0.8571428571428571,1,7,5,6,1,3,0.3333333333333333,5,0,1.2,6,4,4,0,5,0.0,4,0,0,1.0,0,0,0,0,0,0,0,1242,15,13,0.0,0.5,0.0,0.007228915662650603,69.0,0.03132530120481928,0.07142857142857142,0.0,0.0,0.0,0,5.284782608695652,3.8,0,0.0,0.0,0.0,0.0,0.0,171396.0,2070.0,1242.0,5382.0,25.0,15.0,65.0,9.0,39.0,169.0,False,UniswapV2Factory_0x5C69bEe7,production_safe
492,0,0,4,15,3,11,1,3,0,169,2,1,1.4,0,39,0.2307692307692307,0,0,1,0,3,1,0,0,0,3,2,0.0,0.0,4.0,4.933333333333334,1,68,56,0,10,0.8235294117647058,3,21,15,24,3,3,0.1111111111111111,12,3,1.6,10,11,8,0,33,0.0,14,0,0,1.0,0,0,0,0,0,0,0,507,45,0,0.0,0.1875,0.0,0.01764705882352941,10.5625,0.01764705882352941,0.0,0.0,0.0,0.0,0,9.157692307692306,5.9,0,0.0,0.0,0.0,0.0,0.0,28561.0,2535.0,507.0,507.0,225.0,45.0,45.0,9.0,9.0,9.0,False,Dai_0x6B175474,production_safe
493,1,28,68,6,1,0,0,3,1,2166,14,1,2.333333333333333,0,987,0.4556786703601108,1,0,1,0,52,45,0,29,0,14,6,0.0,0.0,218.0,1300.2142857142858,1,44,38,0,9,0.8636363636363636,8,14,6,4,1,1,0.2,6,0,0.6666666666666666,3,0,2,1,2,2.0,2,0,0,1.0,0,0,0,0,0,0,0,6498,6,14,0.0,0.14285714285714285,0.5,0.0013844023996308261,309.42857142857144,0.006460544531610522,0.06666666666666667,0.0,0.0,0.0,0,9.406786703601107,100.7,0,0.0,0.0,0.0,0.0,0.0,4691556.0,12996.0,6498.0,30324.0,36.0,18.0,84.0,9.0,42.0,196.0,False,Unitroller_0x3d981921,production_safe
494,2,1,41,38,70,0,0,3,3,749,10,1,1.0526315789473684,0,405,0.540720961281709,1,0,2,0,54,6,0,3,0,11,6,0.0,0.0,66.0,349.19999999999993,2,129,92,0,7,0.7131782945736435,34,40,38,103,2,70,0.4046242774566474,36,2,2.710526315789474,5,0,27,5,50,5.4,28,0,0,1.0,0,0,0,0,0,0,0,2247,2660,22,0.0,1.794871794871795,0.04225352112676056,0.004,19.205128205128204,0.014666666666666666,0.16666666666666666,0.0,0.0,0.0,0,10.257209612817089,44.5,0,0.0,0.0,0.0,0.0,0.0,561001.0,28462.0,2247.0,8239.0,1444.0,114.0,418.0,9.0,33.0,121.0,False,CErc20Delegator_0x5d3a536E,production_safe
496,0,0,6,4,0,1,1,1,0,60,2,1,1.0,0,33,0.55,0,0,1,0,5,1,0,0,0,4,1,0.0,0.0,6.0,8.55,0,15,11,0,4,0.7333333333333333,1,4,4,4,1,0,0.0,3,1,1.0,4,1,1,0,1,0.0,1,0,0,1.0,0,0,0,0,0,0,0,60,0,0,0.0,0.0,0.0,0.01639344262295082,12.0,0.06557377049180328,0.0,0.0,0.0,0.0,0,12.45,5.3,0,0.0,0.0,0.0,0.0,0.0,3600.0,240.0,60.0,240.0,16.0,4.0,16.0,1.0,4.0,16.0,False,Ownable,production_safe
497,0,0,5,2,0,0,0,1,0,21,1,1,1.0,0,11,0.5238095238095238,0,0,0,0,3,2,0,0,0,3,1,0.0,0.0,5.0,7.333333333333334,0,5,3,0,2,0.6,2,2,2,0,0,0,0.0,0,2,0.0,2,0,0,0,0,0.0,0,0,0,1.0,0,0,0,0,0,0,0,21,0,0,0.0,0.0,0.0,0.045454545454545456,7.0,0.13636363636363635,0.0,0.0,0.0,0.0,0,10.188095238095238,1.1,0,0.0,0.0,0.0,0.0,0.0,441.0,42.0,21.0,63.0,4.0,2.0,6.0,1.0,3.0,9.0,False,Context,production_safe
500,0,1,4,5,0,0,0,3,0,64,1,1,1.4,0,38,0.59375,1,0,0,0,5,0,0,1,0,4,2,0.0,0.0,9.0,11.25,0,19,16,0,11,0.8421052631578947,0,6,5,12,3,0,0.0,1,4,2.4,10,0,0,0,1,0.0,1,0,0,1.0,0,0,0,0,0,0,0,192,0,0,0.0,0.0,0.0,0.046153846153846156,10.666666666666666,0.06153846153846154,0.0,0.0,0.0,0.0,0,10.7875,3.8,0,0.0,0.0,0.0,0.0,0.0,4096.0,320.0,192.0,256.0,25.0,15.0,20.0,9.0,12.0,16.0,False,Proxy,production_safe
501,0,0,2,19,0,0,0,1,0,40,1,1,1.0,0,8,0.2,0,0,0,0,2,0,0,0,0,1,1,0.0,0.0,2.0,4.0,0,0,0,0,0,0.0,0,0,19,0,0,0,0.0,19,0,0.0,19,0,0,0,13,0.0,11,0,0,1.0,0,0,0,0,0,0,0,40,0,0,0.0,0.0,0.0,0.024390243902439025,2.0,0.024390243902439025,0.0,0.0,0.0,0.0,0,6.95,0.8,0,0.0,0.0,0.0,0.0,0.0,1600.0,760.0,40.0,40.0,361.0,19.0,19.0,1.0,1.0,1.0,False,ILendingPoolAddressesProvider,production_safe
504,0,0,6,2,1,0,0,1,1,58,1,1,1.0,0,42,0.7241379310344828,0,0,0,0,4,2,0,0,0,4,3,0.0,0.0,6.0,8.1,0,12,10,0,6,0.8333333333333334,1,2,2,3,0,1,0.25,0,2,1.5,3,0,1,1,3,1.0,2,0,0,1.0,0,0,0,0,0,0,0,58,2,0,0.0,0.3333333333333333,0.5,0.01694915254237288,19.333333333333332,0.06779661016949153,0.0,0.0,0.0,0.0,0,12.191379310344828,4.2,0,0.0,0.0,0.0,0.0,0.0,3364.0,116.0,58.0,232.0,4.0,2.0,8.0,1.0,4.0,16.0,False,Address,production_safe
505,0,0,3,1,0,2,0,1,0,9,1,1,1.0,0,4,0.4444444444444444,0,0,0,0,2,1,0,0,0,2,1,0.0,0.0,3.0,4.05,0,2,1,0,1,0.5,0,1,1,0,0,0,0.0,0,1,0.0,1,2,0,0,0,0.0,0,0,0,1.0,0,0,0,0,0,0,0,9,0,0,0.0,0.0,0.0,0.1,4.5,0.2,0.0,0.0,0.0,0.0,0,9.394444444444446,0.4,0,0.0,0.0,0.0,0.0,0.0,81.0,9.0,9.0,18.0,1.0,1.0,2.0,1.0,2.0,4.0,False,FixedPoint96,production_safe
507,0,0,3,1,0,0,0,1,0,20,1,1,1.0,0,12,0.6,0,0,0,0,2,1,0,0,0,2,1,0.0,0.0,3.0,4.05,0,0,0,0,0,0.0,0,0,1,0,0,0,0.0,1,0,0.0,1,0,0,0,3,0.0,1,0,0,1.0,0,0,0,0,0,0,0,20,0,0,0.0,0.0,0.0,0.047619047619047616,10.0,0.09523809523809523,0.0,0.0,0.0,0.0,0,10.95,1.2,0,0.0,0.0,0.0,0.0,0.0,400.0,20.0,20.0,40.0,1.0,1.0,2.0,1.0,2.0,4.0,False,IUniswapV3SwapCallback,production_safe
508,0,0,2,6,0,0,0,1,0,29,1,1,1.0,0,20,0.6896551724137931,0,0,0,0,2,0,0,0,0,1,1,0.0,0.0,2.0,4.0,0,0,0,0,0,0.0,0,0,6,0,0,0,0.0,6,0,0.0,6,0,0,0,0,0.0,0,0,0,1.0,0,0,0,0,0,0,0,29,0,0,0.0,0.0,0.0,0.03333333333333333,4.142857142857143,0.03333333333333333,0.0,0.0,0.0,0.0,0,11.846551724137932,2.0,0,0.0,0.0,0.0,0.0,0.0,841.0,174.0,29.0,29.0,36.0,6.0,6.0,1.0,1.0,1.0,False,IUniswapV3PoolImmutables,production_safe
511,0,0,2,1,0,0,0,1,0,17,1,1,1.0,0,9,0.5294117647058824,0,0,0,0,2,0,0,0,0,1,1,0.0,0.0,2.0,4.0,0,0,0,0,0,0.0,0,0,1,0,0,0,0.0,1,0,0.0,1,0,0,0,3,0.0,1,0,0,1.0,0,0,0,0,0,0,0,17,0,0,0.0,0.0,0.0,0.05555555555555555,8.5,0.05555555555555555,0.0,0.0,0.0,0.0,0,10.244117647058824,0.9,0,0.0,0.0,0.0,0.0,0.0,289.0,17.0,17.0,17.0,1.0,1.0,1.0,1.0,1.0,1.0,False,IUniswapV3FlashCallback,production_safe
512,0,0,3,1,0,1,0,1,0,7,1,1,1.0,0,3,0.4285714285714285,0,0,0,0,2,1,0,0,0,2,1,0.0,0.0,3.0,4.05,0,1,0,0,0,0.0,0,1,1,0,0,0,0.0,0,1,0.0,1,1,0,0,0,0.0,0,0,0,1.0,0,0,0,0,0,0,0,7,0,0,0.0,0.0,0.0,0.125,3.5,0.25,0.0,0.0,0.0,0.0,0,9.235714285714284,0.3,0,0.0,0.0,0.0,0.0,0.0,49.0,7.0,7.0,14.0,1.0,1.0,2.0,1.0,2.0,4.0,False,FixedPoint128,production_safe
513,0,0,5,3,0,0,0,1,0,25,1,1,1.0,0,12,0.48,0,0,0,0,2,3,0,0,0,2,1,0.0,0.0,5.0,10.25,0,7,4,0,2,0.5714285714285714,0,3,3,3,0,0,0.0,0,3,1.0,1,0,0,0,3,0.0,3,0,0,1.0,0,0,0,0,0,0,0,25,0,0,0.0,0.0,0.0,0.038461538461538464,6.25,0.07692307692307693,0.0,0.0,0.0,0.0,0,9.75,1.2,0,0.0,0.0,0.0,0.0,0.0,625.0,75.0,25.0,50.0,9.0,3.0,6.0,1.0,2.0,4.0,False,SafeCast,production_safe
514,0,0,2,1,0,0,0,1,0,25,1,1,1.0,0,12,0.48,0,0,0,0,2,0,0,0,0,1,1,0.0,0.0,2.0,4.0,0,0,0,0,0,0.0,0,0,1,0,0,0,0.0,1,0,0.0,1,0,0,0,0,0.0,0,0,0,1.0,0,0,0,0,0,0,0,25,0,0,0.0,0.0,0.0,0.038461538461538464,12.5,0.038461538461538464,0.0,0.0,0.0,0.0,0,9.75,1.2,0,0.0,0.0,0.0,0.0,0.0,625.0,25.0,25.0,25.0,1.0,1.0,1.0,1.0,1.0,1.0,False,IUniswapV3PoolDeployer,production_safe
517,0,0,3,2,0,1,1,1,0,23,1,1,1.0,0,9,0.391304347826087,0,0,0,0,2,1,0,0,0,2,1,0.0,0.0,3.0,4.05,0,4,2,0,1,0.5,0,2,2,1,0,0,0.0,0,2,0.5,2,1,0,0,0,0.0,0,0,0,1.0,0,0,0,0,0,0,0,23,0,0,0.0,0.0,0.0,0.041666666666666664,7.666666666666667,0.08333333333333333,0.0,0.0,0.0,0.0,0,10.86304347826087,0.9,0,0.0,0.0,0.0,0.0,0.0,529.0,46.0,23.0,46.0,4.0,2.0,4.0,1.0,2.0,4.0,False,NoDelegateCall,production_safe
519,0,0,7,5,0,0,0,1,0,41,1,1,1.0,0,23,0.5609756097560976,0,0,0,0,2,5,0,0,0,2,1,0.0,0.0,7.0,19.25,0,10,5,0,1,0.5,0,5,5,5,0,0,0.0,0,5,1.0,1,0,0,0,10,0.0,5,0,0,1.0,0,0,0,0,0,0,0,41,0,0,0.0,0.0,0.0,0.023809523809523808,6.833333333333333,0.047619047619047616,0.0,0.0,0.0,0.0,0,10.559756097560976,2.3,0,0.0,0.0,0.0,0.0,0.0,1681.0,205.0,41.0,82.0,25.0,5.0,10.0,1.0,2.0,4.0,False,LowGasSafeMath,production_safe
520,0,0,2,2,0,0,0,1,0,38,1,1,1.0,0,23,0.6052631578947368,0,0,0,0,2,0,0,0,0,1,1,0.0,0.0,2.0,4.0,0,0,0,0,0,0.0,0,0,2,0,0,0,0.0,2,0,0.0,2,0,0,0,3,0.0,2,0,0,1.0,0,0,0,0,0,0,0,38,0,0,0.0,0.0,0.0,0.02564102564102564,12.666666666666666,0.02564102564102564,0.0,0.0,0.0,0.0,0,11.00263157894737,2.3,0,0.0,0.0,0.0,0.0,0.0,1444.0,76.0,38.0,38.0,4.0,2.0,2.0,1.0,1.0,1.0,False,IUniswapV3PoolDerivedState,production_safe
522,0,0,3,1,0,0,0,1,0,17,1,1,1.0,0,9,0.5294117647058824,0,0,0,0,2,1,0,0,0,2,1,0.0,0.0,3.0,4.05,0,0,0,0,0,0.0,0,0,1,0,0,0,0.0,1,0,0.0,1,0,0,0,3,0.0,1,0,0,1.0,0,0,0,0,0,0,0,17,0,0,0.0,0.0,0.0,0.05555555555555555,8.5,0.1111111111111111,0.0,0.0,0.0,0.0,0,10.244117647058824,0.9,0,0.0,0.0,0.0,0.0,0.0,289.0,17.0,17.0,34.0,1.0,1.0,2.0,1.0,2.0,4.0,False,IUniswapV3MintCallback,production_safe
523,0,0,2,6,0,0,0,1,0,69,1,1,1.0,0,43,0.6231884057971014,0,0,0,0,2,0,0,0,0,1,1,0.0,0.0,2.0,4.0,0,0,0,0,0,0.0,0,0,6,0,0,0,0.0,6,0,0.0,6,0,0,0,10,0.0,5,0,0,1.0,0,0,0,0,0,0,0,69,0,0,0.0,0.0,0.0,0.014285714285714285,9.857142857142858,0.014285714285714285,0.0,0.0,0.0,0.0,0,11.181884057971015,4.3,0,0.0,0.0,0.0,0.0,0.0,4761.0,414.0,69.0,69.0,36.0,6.0,6.0,1.0,1.0,1.0,False,IUniswapV3Factory,production_safe
524,0,0,2,5,0,0,0,1,0,45,1,1,1.0,0,31,0.6888888888888889,0,0,0,0,2,0,0,0,0,1,1,0.0,0.0,2.0,4.0,0,0,0,0,0,0.0,0,0,5,0,0,0,0.0,5,0,0.0,5,0,0,0,10,0.0,5,0,0,1.0,0,0,0,0,0,0,0,45,0,0,0.0,0.0,0.0,0.021739130434782608,7.5,0.021739130434782608,0.0,0.0,0.0,0.0,0,11.838888888888889,3.1,0,0.0,0.0,0.0,0.0,0.0,2025.0,225.0,45.0,45.0,25.0,5.0,5.0,1.0,1.0,1.0,False,IERC20Minimal,production_safe
526,0,0,3,7,0,0,0,1,0,96,1,1,1.0,0,59,0.6145833333333334,0,0,0,0,2,1,0,0,0,2,1,0.0,0.0,3.0,4.05,0,0,0,0,0,0.0,0,0,7,0,0,0,0.0,7,0,0.0,7,0,0,0,24,0.0,7,0,0,1.0,0,0,0,0,0,0,0,96,0,0,0.0,0.0,0.0,0.010309278350515464,12.0,0.020618556701030927,0.0,0.0,0.0,0.0,0,11.095833333333335,5.9,0,0.0,0.0,0.0,0.0,0.0,9216.0,672.0,96.0,192.0,49.0,7.0,14.0,1.0,2.0,4.0,False,IUniswapV3PoolActions,production_safe
527,0,0,2,0,0,0,0,0,0,112,1,1,0.0,0,60,0.5357142857142857,0,0,0,0,2,0,0,0,0,1,1,0.0,0.0,2.0,4.0,0,0,0,0,0,0.0,0,0,0,0,0,0,0.0,0,0,0.0,0,0,0,0,0,0.0,0,0,0,1.0,0,0,0,0,0,0,0,0,0,0,0.0,0.0,0.0,0.0,112.0,0.008849557522123894,0.0,0.0,0.0,0.0,0,10.357142857142858,6.0,0,0.0,0.0,0.0,0.0,0.0,12544.0,0.0,0.0,112.0,0.0,0.0,0.0,0.0,0.0,1.0,False,IUniswapV3PoolEvents,production_safe
528,0,0,7,2,0,0,0,17,0,90,1,1,17.0,2,15,0.1666666666666666,0,0,0,0,2,5,0,0,0,3,1,0.0,0.0,7.0,12.833333333333336,0,67,81,0,25,1.208955223880597,0,34,2,2,0,0,0.0,0,2,1.0,1,0,0,0,2,0.0,2,0,0,1.0,0,0,0,0,0,0,0,1530,0,0,0.0,0.0,0.0,0.18681318681318682,30.0,0.03296703296703297,0.0,0.0,0.0,0.0,0,5.8166666666666655,1.5,0,0.0,0.0,0.0,0.0,0.0,8100.0,180.0,1530.0,270.0,4.0,34.0,6.0,289.0,51.0,9.0,False,BitMath,production_safe
532,0,0,4,1,0,0,0,1,0,16,1,1,1.0,0,8,0.5,0,0,0,0,3,1,0,0,0,3,2,0.0,0.0,4.0,4.933333333333334,0,4,3,0,3,0.75,0,1,1,0,0,0,0.0,0,1,0.0,1,0,0,0,2,0.0,1,0,0,1.0,0,0,0,0,0,0,0,16,0,0,0.0,0.0,0.0,0.058823529411764705,8.0,0.17647058823529413,0.0,0.0,0.0,0.0,0,9.95,0.8,0,0.0,0.0,0.0,0.0,0.0,256.0,16.0,16.0,48.0,1.0,1.0,3.0,1.0,3.0,9.0,False,UnsafeMath,production_safe
533,0,0,4,2,0,0,0,1,0,21,1,1,1.0,0,12,0.5714285714285714,0,0,0,0,2,2,0,0,0,2,1,0.0,0.0,4.0,6.8,0,0,0,0,0,0.0,0,0,2,0,0,0,0.0,2,0,0.0,2,0,0,0,5,0.0,2,0,0,1.0,0,0,0,0,0,0,0,21,0,0,0.0,0.0,0.0,0.045454545454545456,7.0,0.09090909090909091,0.0,0.0,0.0,0.0,0,10.664285714285715,1.2,0,0.0,0.0,0.0,0.0,0.0,441.0,42.0,21.0,42.0,4.0,2.0,4.0,1.0,2.0,4.0,False,IUniswapV3PoolOwnerActions,production_safe
535,0,0,3,1,0,0,0,3,0,16,1,1,3.0,0,6,0.375,0,0,0,0,2,1,0,0,0,2,1,0.0,0.0,3.0,4.05,0,5,5,0,3,1.0,0,3,1,1,0,0,0.0,0,1,1.0,1,0,0,0,2,0.0,1,0,0,1.0,0,0,0,0,0,0,0,48,0,0,0.0,0.0,0.0,0.17647058823529413,8.0,0.11764705882352941,0.0,0.0,0.0,0.0,0,8.6,0.6,0,0.0,0.0,0.0,0.0,0.0,256.0,16.0,48.0,32.0,1.0,3.0,2.0,9.0,6.0,4.0,False,LiquidityMath,production_safe
537,0,0,5,9,0,0,0,1,0,107,1,1,1.0,0,55,0.514018691588785,0,0,0,0,2,3,0,0,0,2,1,0.0,0.0,5.0,10.25,0,0,0,0,0,0.0,0,0,9,0,0,0,0.0,9,0,0.0,9,0,0,0,4,0.0,4,0,0,1.0,0,0,0,0,0,0,0,107,0,0,0.0,0.0,0.0,0.009259259259259259,10.7,0.018518518518518517,0.0,0.0,0.0,0.0,0,10.09018691588785,5.5,0,0.0,0.0,0.0,0.0,0.0,11449.0,963.0,107.0,214.0,81.0,9.0,18.0,1.0,2.0,4.0,False,IUniswapV3PoolState,production_safe
538,1,0,9,5,5,1,0,3,2,35,1,1,1.8,0,8,0.2285714285714285,1,0,0,0,8,2,0,1,1,6,3,0.0,0.0,19.0,29.766666666666666,0,18,13,0,4,0.7222222222222222,3,9,5,0,0,5,1.0,5,0,0.0,5,1,0,5,1,0.0,1,0,0,1.0,0,0,0,0,0,0,0,105,25,6,0.0,0.8333333333333334,0.3333333333333333,0.08333333333333333,5.833333333333333,0.16666666666666666,0.14285714285714285,0.0,0.0,0.0,0,7.135714285714284,0.8,0,0.0,0.0,0.0,0.0,0.0,1225.0,175.0,105.0,210.0,25.0,15.0,30.0,9.0,18.0,36.0,True,tob_reentrancy_Reentrancy,production_vulnerable
539,0,0,4,4,2,1,0,3,0,21,1,1,1.5,0,0,0.0,3,0,0,0,3,1,0,0,0,3,1,0.0,0.0,4.0,4.933333333333334,0,9,6,0,2,0.6666666666666666,0,6,4,3,1,2,0.4,3,1,0.75,4,1,1,2,1,0.5,1,0,0,1.0,0,0,0,0,0,0,0,63,8,0,0.0,0.4,0.0,0.13636363636363635,4.2,0.13636363636363635,0.0,0.0,0.0,0.0,0,4.85,0.0,0,0.0,0.0,0.0,0.0,0.0,441.0,84.0,63.0,63.0,16.0,12.0,12.0,9.0,9.0,9.0,True,tob_Multiplicator_Multiplicator,production_vulnerable
540,1,0,13,8,2,4,0,3,0,57,1,1,2.25,0,0,0.0,4,0,0,0,14,2,0,1,1,6,3,0.0,0.0,23.0,59.03333333333333,0,27,23,0,3,0.8518518518518519,2,18,8,4,1,2,0.3333333333333333,7,1,0.5,7,4,4,2,5,2.0,5,0,0,1.0,0,0,0,0,0,0,0,171,16,6,0.0,0.2222222222222222,0.0,0.05172413793103448,6.333333333333333,0.10344827586206896,0.14285714285714285,0.0,0.0,0.0,0,4.85,0.0,0,0.0,0.0,0.0,0.0,0.0,3249.0,456.0,171.0,342.0,64.0,24.0,48.0,9.0,18.0,36.0,True,tob_GiftBox_GiftBox,production_vulnerable
541,0,0,8,3,0,1,1,1,0,25,1,1,1.0,0,1,0.04,0,0,0,0,5,3,0,0,0,4,2,0.0,0.0,8.0,14.2,0,7,4,0,2,0.5714285714285714,0,3,3,1,1,0,0.0,3,0,0.3333333333333333,3,1,2,0,2,0.0,2,0,0,1.0,0,0,0,0,0,0,0,25,0,0,0.0,0.0,0.0,0.038461538461538464,6.25,0.15384615384615385,0.0,0.0,0.0,0.0,0,7.3500000000000005,0.1,0,0.0,0.0,0.0,0.0,0.0,625.0,75.0,25.0,100.0,9.0,3.0,12.0,1.0,4.0,16.0,True,tob_unprotected_function_Unprotected,production_vulnerable
543,1,2,47,5,0,0,0,1,0,449,11,1,1.0,0,43,0.0957683741648107,1,0,2,0,41,10,0,3,1,11,4,0.0,0.0,67.0,292.3636363636364,0,15,10,0,4,0.6666666666666666,2,5,5,5,2,0,0.0,5,0,1.0,4,0,1,0,2,0.0,2,0,0,1.0,0,0,0,0,0,0,0,449,0,11,0.0,0.0,0.0,0.0022222222222222222,74.83333333333333,0.024444444444444446,0.08333333333333333,0.0,0.0,0.0,0,5.907683741648107,8.3,0,0.0,0.0,0.0,0.0,0.0,201601.0,2245.0,449.0,4939.0,25.0,5.0,55.0,1.0,11.0,121.0,True,MainchainGatewayProxy_0x1a2a1c93,production_vulnerable
544,3,17,98,5,0,1,0,1,0,771,5,1,1.0,0,113,0.1465629053177691,0,0,0,0,93,35,0,20,3,18,6,0.0,0.0,213.0,1390.4166666666667,0,0,0,0,0,0.0,0,0,5,0,0,0,0.0,5,0,0.0,5,1,0,0,10,0.0,5,0,0,1.0,0,0,0,0,0,0,0,771,0,54,0.0,0.0,0.0,0.0012953367875647669,128.5,0.023316062176165803,0.15789473684210525,0.0,0.0,0.0,0,6.415629053177691,11.3,1,0.0,0.0,0.0,0.0,0.0,594441.0,3855.0,771.0,13878.0,25.0,5.0,90.0,1.0,18.0,324.0,True,tob_SpankChain_source_code_SpankChain_Payment,production_vulnerable
545,1,0,3,4,2,1,0,10,0,32,1,1,3.25,0,0,0.0,3,0,0,0,3,1,0,1,0,3,2,0.0,0.0,13.0,16.03333333333333,0,23,23,1,12,1.0,0,13,4,2,1,2,0.5,3,1,0.5,5,1,0,2,0,0.0,0,0,0,1.0,0,0,0,0,0,0,0,320,8,3,0.0,0.4,0.0,0.30303030303030304,6.4,0.09090909090909091,0.25,0.0,0.0,0.0,0,4.5,0.0,0,0.0,0.0,0.0,0.0,0.0,1024.0,128.0,320.0,96.0,16.0,40.0,12.0,100.0,30.0,9.0,True,tob_VarLoop_VarLoop,production_vulnerable
547,0,0,3,3,0,1,0,1,0,13,1,1,1.0,0,2,0.1538461538461538,0,0,0,0,3,0,0,0,0,2,1,0.0,0.0,3.0,4.5,0,6,3,0,2,0.5,0,3,3,1,1,0,0.0,2,1,0.3333333333333333,3,1,2,0,2,0.0,2,0,0,1.0,0,0,0,0,0,0,0,13,0,0,0.0,0.0,0.0,0.07142857142857142,3.25,0.14285714285714285,0.0,0.0,0.0,0.0,0,6.488461538461538,0.2,0,0.0,0.0,0.0,0.0,0.0,169.0,39.0,13.0,26.0,9.0,3.0,6.0,1.0,2.0,4.0,True,tob_integer_overflow_integer_overflow_1,production_vulnerable
551,1,1,19,2,0,1,1,1,0,158,4,1,1.0,0,63,0.3987341772151899,0,0,0,0,20,3,0,2,0,10,3,0.0,0.0,34.0,75.14,0,5,3,0,2,0.6,0,2,2,1,1,0,0.0,2,0,0.5,2,1,1,0,1,0.0,1,0,0,1.0,0,0,0,0,0,0,0,158,0,10,0.0,0.0,0.0,0.006289308176100629,52.666666666666664,0.06289308176100629,0.09090909090909091,0.0,0.0,0.0,0,10.9373417721519,6.3,0,0.0,0.0,0.0,0.0,0.0,24964.0,316.0,158.0,1580.0,4.0,2.0,20.0,1.0,10.0,100.0,True,tob_forced_ether_reception_coin,production_vulnerable
553,0,0,3,2,1,1,1,1,0,21,1,1,1.0,0,2,0.0952380952380952,0,0,0,0,3,0,0,0,0,2,1,0.0,0.0,3.0,4.5,0,5,3,0,2,0.6,0,2,2,2,1,1,0.3333333333333333,2,0,1.0,3,1,0,1,0,0.0,0,0,0,1.0,0,0,0,0,0,0,0,21,2,0,0.0,0.3333333333333333,0.0,0.045454545454545456,7.0,0.09090909090909091,0.0,0.0,0.0,0.0,0,7.902380952380952,0.2,0,0.0,0.0,0.0,0.0,0.0,441.0,42.0,21.0,42.0,4.0,2.0,4.0,1.0,2.0,4.0,True,tob_wrong_constructor_name_incorrect_constructor,production_vulnerable
554,1,10,13,7,5,9,1,21,0,140,1,1,3.857142857142857,1,50,0.3571428571428571,0,0,0,0,8,16,0,11,1,11,5,0.0,0.0,73.0,127.4181818181818,1,61,63,0,21,1.0327868852459017,2,27,7,3,1,5,0.625,6,1,0.4285714285714285,5,9,3,4,3,0.75,3,0,0,1.0,0,0,0,0,0,0,0,2940,35,11,0.0,0.625,0.0,0.14893617021276595,17.5,0.07801418439716312,0.08333333333333333,0.0,0.0,0.0,0,9.521428571428572,5.0,0,0.0,0.0,0.0,0.0,0.0,19600.0,980.0,2940.0,1540.0,49.0,147.0,77.0,441.0,231.0,121.0,True,tob_KotET_source_code_KingOfTheEtherThrone,production_vulnerable
556,1,5,25,19,5,7,1,8,0,119,1,1,2.3157894736842106,0,15,0.1260504201680672,0,0,0,0,15,16,0,6,4,11,4,0.0,0.0,60.0,142.9090909090909,1,99,86,1,12,0.8686868686868687,6,44,19,9,2,5,0.3571428571428571,16,3,0.4736842105263157,12,7,6,5,7,1.2,7,0,0,1.0,0,0,0,0,0,0,0,952,95,11,0.0,0.25,0.0,0.06666666666666667,5.95,0.09166666666666666,0.08333333333333333,0.0,0.0,0.0,0,7.860504201680673,1.5,0,0.0,0.0,0.0,0.0,0.0,14161.0,2261.0,952.0,1309.0,361.0,152.0,209.0,64.0,88.0,121.0,True,tob_Rubixi_source_code_Rubixi,production_vulnerable
557,2,0,15,5,4,3,0,5,1,54,2,1,2.2,0,0,0.0,2,0,0,0,17,2,0,2,0,7,3,0.0,0.0,35.0,92.0,0,16,14,0,4,0.875,0,11,5,0,0,4,1.0,4,1,0.0,5,3,2,4,2,0.5,2,0,0,1.0,0,0,0,0,0,0,0,270,20,14,0.0,0.6666666666666666,0.2,0.09090909090909091,9.0,0.12727272727272726,0.25,0.0,0.0,0.0,0,4.75,0.0,0,0.0,0.0,0.0,0.0,0.0,2916.0,270.0,270.0,378.0,25.0,25.0,35.0,25.0,35.0,49.0,True,tob_PrivateBank_PrivateBank,production_vulnerable
558,1,2,6,3,1,3,0,1,0,42,2,1,1.0,0,7,0.1666666666666666,1,0,0,0,6,3,0,3,0,7,5,0.0,0.0,26.0,30.085714285714285,0,12,9,0,4,0.75,0,3,3,2,1,1,0.3333333333333333,3,0,0.6666666666666666,2,3,3,1,4,3.0,3,0,0,1.0,0,0,0,0,0,0,0,42,3,7,0.0,0.25,0.0,0.023255813953488372,10.5,0.16279069767441862,0.125,0.0,0.0,0.0,0,6.616666666666666,0.7,0,0.0,0.0,0.0,0.0,0.0,1764.0,126.0,42.0,294.0,9.0,3.0,21.0,1.0,7.0,49.0,True,tob_race_condition_RaceCondition,production_vulnerable
559,0,0,4,2,2,0,0,1,0,13,2,1,1.0,0,0,0.0,0,0,0,0,4,0,0,0,0,2,1,0.0,0.0,4.0,8.0,0,4,2,0,1,0.5,0,2,2,0,0,2,1.0,2,0,0.0,2,0,2,0,2,0.0,2,0,0,1.0,0,0,0,0,0,0,0,13,4,0,0.0,0.6666666666666666,0.0,0.07142857142857142,4.333333333333333,0.14285714285714285,0.0,0.0,0.0,0.0,0,4.95,0.0,0,0.0,0.0,0.0,0.0,0.0,169.0,26.0,13.0,26.0,4.0,2.0,4.0,1.0,2.0,4.0,True,tob_incorrect_interface_Bob,production_vulnerable
560,2,9,80,26,34,9,3,15,0,527,3,1,3.615384615384616,2,206,0.3908918406072106,2,0,0,0,62,32,0,11,1,17,6,0.0,0.0,145.0,719.8823529411765,3,236,227,7,19,0.961864406779661,27,94,26,30,5,34,0.53125,19,7,1.1538461538461535,14,9,13,4,43,3.25,25,0,0,1.0,0,0,0,0,0,0,0,7905,884,34,0.0,1.2592592592592593,0.0,0.028409090909090908,19.51851851851852,0.032196969696969696,0.1111111111111111,0.0,0.0,0.0,0,14.158918406072106,20.6,0,0.0,0.0,0.0,0.0,0.0,277729.0,13702.0,7905.0,8959.0,676.0,390.0,442.0,225.0,255.0,289.0,True,Registrar_0x6090a6e4,production_vulnerable
561,1,0,3,1,0,1,1,1,0,30,2,1,1.0,0,10,0.3333333333333333,0,0,0,0,4,0,0,1,0,3,2,0.0,0.0,13.0,17.333333333333332,0,2,1,0,1,0.5,0,1,1,0,0,0,0.0,1,0,0.0,1,1,0,0,0,0.0,0,0,0,1.0,0,0,0,0,0,0,0,30,0,3,0.0,0.0,0.0,0.03225806451612903,15.0,0.0967741935483871,0.25,0.0,0.0,0.0,0,10.283333333333333,1.0,0,0.0,0.0,0.0,0.0,0.0,900.0,30.0,30.0,90.0,1.0,1.0,3.0,1.0,3.0,9.0,True,tob_KOTH_KOTH,production_vulnerable
562,1,33,68,40,13,15,0,47,0,2230,9,1,8.375,7,829,0.3717488789237668,1,0,2,0,48,55,0,34,1,17,5,0.0,0.0,243.0,1236.4411764705883,3,879,849,5,106,0.9658703071672357,173,335,40,153,5,13,0.0783132530120482,23,17,3.825,32,15,15,0,61,0.0,34,0,0,1.0,0,0,0,0,0,0,0,104810,520,17,0.0,0.3170731707317073,0.0,0.0210667861945316,54.390243902439025,0.00761990138951143,0.05555555555555555,0.0,0.0,0.0,0,6.367488789237669,86.9,0,0.0,0.0,0.0,0.0,0.0,4972900.0,89200.0,104810.0,37910.0,1600.0,1880.0,680.0,2209.0,799.0,289.0,True,MoneyMarket_0x0eEe3E38,production_vulnerable
563,0,0,5,3,0,1,0,1,0,13,1,1,1.0,0,0,0.0,0,0,0,0,5,0,0,0,0,2,1,0.0,0.0,5.0,12.5,0,6,3,0,1,0.5,0,3,3,0,0,0,0.0,3,0,0.0,3,1,2,0,2,0.0,2,0,0,1.0,0,0,0,0,0,0,0,13,0,0,0.0,0.0,0.0,0.07142857142857142,3.25,0.14285714285714285,0.0,0.0,0.0,0.0,0,4.95,0.0,0,0.0,0.0,0.0,0.0,0.0,169.0,39.0,13.0,26.0,9.0,3.0,6.0,1.0,2.0,4.0,True,tob_incorrect_interface_Alice,production_vulnerable
564,0,0,17,5,0,1,0,1,0,129,3,1,1.0,0,68,0.5271317829457365,0,0,0,0,19,0,0,0,0,6,2,0.0,0.0,17.0,53.833333333333336,0,0,0,0,0,0.0,0,0,5,0,0,0,0.0,5,0,0.0,5,1,0,0,10,0.0,5,0,0,1.0,0,0,0,0,0,0,0,129,0,0,0.0,0.0,0.0,0.007692307692307693,21.5,0.046153846153846156,0.0,0.0,0.0,0.0,0,10.221317829457366,6.8,0,0.0,0.0,0.0,0.0,0.0,16641.0,645.0,129.0,774.0,25.0,5.0,30.0,1.0,6.0,36.0,True,tob_SpankChain_source_code_SpankChain,production_vulnerable
565,1,3,9,5,1,0,0,3,0,231,5,1,2.6,0,41,0.1774891774891775,1,0,2,0,10,3,0,4,0,7,3,0.0,0.0,34.0,58.77142857142857,0,30,26,0,5,0.8666666666666667,7,13,5,9,1,1,0.1,5,0,1.8,4,0,1,1,12,1.0,4,0,0,1.0,0,0,0,0,0,0,0,693,5,7,0.0,0.16666666666666666,0.0,0.01293103448275862,38.5,0.03017241379310345,0.125,0.0,0.0,0.0,0,6.624891774891775,8.1,0,0.0,0.0,0.0,0.0,0.0,53361.0,1155.0,693.0,1617.0,25.0,15.0,35.0,9.0,21.0,49.0,True,BZxVault_0x8b3d70d6,production_vulnerable
566,0,1,3,1,1,2,0,3,0,42,2,1,3.0,0,11,0.2619047619047619,1,0,0,0,2,2,0,1,1,3,3,0.0,0.0,8.0,9.066666666666666,0,7,7,0,5,1.0,0,3,1,1,1,1,0.5,1,0,1.0,1,2,0,1,0,0.0,0,0,0,1.0,0,0,0,0,0,0,0,126,1,0,0.0,0.5,0.0,0.06976744186046512,21.0,0.06976744186046512,0.0,0.0,0.0,0.0,0,7.469047619047618,1.1,0,0.0,0.0,0.0,0.0,0.0,1764.0,42.0,126.0,126.0,1.0,3.0,3.0,9.0,9.0,9.0,True,tob_denial_of_service_auction,production_vulnerable
567,1,0,14,6,4,3,0,3,3,31,1,1,1.3333333333333333,0,5,0.1612903225806451,2,0,0,0,14,1,0,1,0,6,3,0.0,0.0,24.0,58.8,0,16,11,0,3,0.6875,0,8,6,7,1,4,0.3636363636363636,5,1,1.1666666666666667,5,3,1,4,1,0.25,1,0,0,1.0,0,0,0,0,0,0,0,93,24,6,0.0,0.5714285714285714,0.6,0.09375,4.428571428571429,0.1875,0.14285714285714285,0.0,0.0,0.0,0,6.462903225806451,0.5,0,0.0,0.0,0.0,0.0,0.0,961.0,186.0,93.0,186.0,36.0,18.0,36.0,9.0,18.0,36.0,True,tob_reentrancy_ReentrancyExploit,production_vulnerable
569,2,1,76,40,10,0,0,3,4,423,10,1,1.05,0,226,0.5342789598108747,1,0,2,0,90,6,0,3,0,12,6,0.0,0.0,101.0,792.85,2,137,98,0,7,0.7153284671532847,3,42,40,43,2,10,0.1886792452830188,36,4,1.075,6,0,4,4,50,1.0,28,0,0,1.0,0,0,0,0,0,0,0,1269,400,24,0.0,0.24390243902439024,0.36363636363636365,0.007075471698113208,10.317073170731707,0.02830188679245283,0.15384615384615385,0.0,0.0,0.0,0,10.192789598108746,26.6,0,0.0,0.0,0.0,0.0,0.0,178929.0,16920.0,1269.0,5076.0,1600.0,120.0,480.0,9.0,36.0,144.0,True,CErc20Delegator,production_vulnerable
570,0,0,2,3,0,1,0,1,0,26,1,1,1.0,0,20,0.7692307692307693,0,0,0,0,2,0,0,0,0,1,1,0.0,0.0,2.0,4.0,0,1,0,0,0,0.0,0,1,3,0,0,0,0.0,2,1,0.0,3,1,0,0,7,0.0,2,0,0,1.0,0,0,0,0,0,0,0,26,0,0,0.0,0.0,0.0,0.037037037037037035,6.5,0.037037037037037035,0.0,0.0,0.0,0.0,0,12.642307692307693,2.0,0,0.0,0.0,0.0,0.0,0.0,676.0,78.0,26.0,26.0,9.0,3.0,3.0,1.0,1.0,1.0,True,InterestRateModel,production_vulnerable
571,0,0,16,24,0,1,0,1,0,240,9,1,1.0,0,145,0.6041666666666666,0,0,1,0,18,0,0,0,0,3,1,0.0,0.0,16.0,96.0,1,3,2,0,2,0.6666666666666666,0,1,24,0,0,0,0.0,23,1,0.0,24,1,0,0,22,0.0,15,0,0,1.0,0,0,0,0,0,0,0,240,0,0,0.0,0.0,0.0,0.004149377593360996,9.6,0.012448132780082987,0.0,0.0,0.0,0.0,0,10.991666666666667,16.5,0,0.0,0.0,0.0,0.0,0.0,57600.0,5760.0,240.0,720.0,576.0,24.0,72.0,1.0,3.0,9.0,True,CTokenInterfaces,production_vulnerable
572,0,0,2,18,0,1,0,1,0,58,1,1,1.0,0,4,0.0689655172413793,0,0,0,0,2,0,0,0,0,1,1,0.0,0.0,2.0,4.0,0,1,0,0,0,0.0,0,1,18,0,0,0,0.0,17,1,0.0,18,1,0,0,63,0.0,17,0,0,1.0,0,0,0,0,0,0,0,58,0,0,0.0,0.0,0.0,0.01694915254237288,3.0526315789473686,0.01694915254237288,0.0,0.0,0.0,0.0,0,5.639655172413793,0.4,0,0.0,0.0,0.0,0.0,0.0,3364.0,1044.0,58.0,58.0,324.0,18.0,18.0,1.0,1.0,1.0,True,ComptrollerInterface,production_vulnerable
573,0,0,2,6,0,0,0,1,0,68,1,1,1.0,0,57,0.8382352941176471,0,0,0,0,2,0,0,0,0,1,1,0.0,0.0,2.0,4.0,0,0,0,0,0,0.0,0,0,6,0,0,0,0.0,6,0,0.0,6,0,0,0,10,0.0,5,0,0,1.0,0,0,0,0,0,0,0,68,0,0,0.0,0.0,0.0,0.014492753623188406,9.714285714285714,0.014492753623188406,0.0,0.0,0.0,0.0,0,13.33235294117647,5.7,0,0.0,0.0,0.0,0.0,0.0,4624.0,408.0,68.0,68.0,36.0,6.0,6.0,1.0,1.0,1.0,True,IERC20,production_vulnerable
574,0,0,5,2,0,0,0,1,0,21,1,1,1.0,0,11,0.5238095238095238,0,0,0,0,3,2,0,0,0,3,1,0.0,0.0,5.0,7.333333333333334,0,5,3,0,2,0.6,2,2,2,0,0,0,0.0,0,2,0.0,2,0,0,0,0,0.0,0,0,0,1.0,0,0,0,0,0,0,0,21,0,0,0.0,0.0,0.0,0.045454545454545456,7.0,0.13636363636363635,0.0,0.0,0.0,0.0,0,10.188095238095238,1.1,0,0.0,0.0,0.0,0.0,0.0,441.0,42.0,21.0,63.0,4.0,2.0,6.0,1.0,3.0,9.0,True,Context,production_vulnerable
577,0,0,2,2,0,3,1,1,0,53,1,1,1.0,0,38,0.7169811320754716,0,0,0,0,2,0,0,0,0,1,1,0.0,0.0,2.0,4.0,0,4,2,0,1,0.5,0,2,2,0,0,0,0.0,0,2,0.0,2,3,0,0,0,0.0,0,0,0,1.0,0,0,0,0,0,0,0,53,0,0,0.0,0.0,0.0,0.018518518518518517,17.666666666666668,0.018518518518518517,0.0,0.0,0.0,0.0,0,14.119811320754717,3.8,0,0.0,0.0,0.0,0.0,0.0,2809.0,106.0,53.0,53.0,4.0,2.0,2.0,1.0,1.0,1.0,True,ReentrancyGuard,production_vulnerable
578,0,4,60,14,0,0,0,14,0,430,1,1,3.928571428571429,2,123,0.2860465116279069,0,0,0,0,45,19,0,4,0,6,2,0.0,0.0,80.0,777.3333333333333,1,267,270,9,37,1.0112359550561798,13,55,14,33,0,0,0.0,0,14,2.357142857142857,6,0,0,0,29,0.0,14,0,0,1.0,0,0,0,0,0,0,0,6020,0,0,0.0,0.0,0.0,0.03248259860788863,28.666666666666668,0.013921113689095127,0.0,0.0,0.0,0.0,0,7.1604651162790685,12.3,0,0.0,0.0,0.0,0.0,0.0,184900.0,6020.0,6020.0,2580.0,196.0,196.0,84.0,196.0,84.0,36.0,True,BytesLib,production_vulnerable
579,0,0,10,8,0,0,0,3,0,145,1,1,1.25,0,106,0.7310344827586207,0,0,0,0,2,8,0,0,0,2,1,0.0,0.0,10.0,38.0,0,28,20,0,5,0.7142857142857143,9,10,8,8,0,0,0.0,0,8,1.0,1,0,0,0,19,0.0,8,0,0,1.0,0,0,0,0,0,0,0,435,0,0,0.0,0.0,0.0,0.02054794520547945,16.11111111111111,0.0136986301369863,0.0,0.0,0.0,0.0,0,12.160344827586208,10.6,0,0.0,0.0,0.0,0.0,0.0,21025.0,1160.0,435.0,290.0,64.0,24.0,16.0,9.0,6.0,4.0,True,SafeMath,production_vulnerable
581,0,0,13,7,2,0,0,5,2,129,1,1,1.5714285714285714,0,87,0.6744186046511628,0,0,0,0,6,7,0,0,0,4,3,0.0,0.0,13.0,35.425,0,36,30,0,11,0.8333333333333334,6,11,7,13,0,2,0.1333333333333333,0,7,1.8571428571428568,6,0,2,2,19,1.0,7,0,0,1.0,0,0,0,0,0,0,0,645,14,0,0.0,0.25,0.6666666666666666,0.038461538461538464,16.125,0.03076923076923077,0.0,0.0,0.0,0.0,0,11.494186046511627,8.7,0,0.0,0.0,0.0,0.0,0.0,16641.0,903.0,645.0,516.0,49.0,35.0,28.0,25.0,20.0,16.0,True,Address,production_vulnerable
608,12,22,102,34,11,21,0,3,0,232,3,1,1.9411764705882355,0,8,0.0344827586206896,7,5,1,0,60,76,0,34,0,12,5,0.0,0.0,332.0,3131.8666666666663,2,150,132,0,6,0.88,13,66,34,21,2,11,0.34375,31,3,0.6176470588235294,24,21,15,10,30,1.5,19,0,0,1.0,0,0,0,0,0,0,0,696,374,144,0.0,0.3142857142857143,0.0,0.012875536480686695,6.628571428571429,0.05150214592274678,0.9230769230769231,0.0,0.0,0.0,0,5.1948275862068956,17.8,1,0.0,0.0,0.0,0.0,0.0,53824.0,7888.0,696.0,2784.0,1156.0,102.0,408.0,9.0,36.0,144.0,True,buggy_26,solidifi_benchmark
609,8,17,92,25,4,22,0,5,0,202,1,1,2.36,0,8,0.0396039603960396,5,0,0,0,61,57,0,25,0,11,5,0.0,0.0,257.0,2357.3909090909087,2,139,131,0,10,0.9424460431654677,6,59,25,15,1,4,0.2105263157894736,24,1,0.6,18,22,16,4,24,4.0,17,0,0,1.0,0,0,0,0,0,0,0,1010,100,88,0.0,0.15384615384615385,0.0,0.024630541871921183,7.769230769230769,0.054187192118226604,0.6666666666666666,0.0,0.0,0.0,0,5.146039603960396,0.8,1,0.0,0.0,0.0,0.0,0.0,40804.0,5050.0,1010.0,2222.0,625.0,125.0,275.0,25.0,55.0,121.0,True,CareerOnToken,solidifi_benchmark
610,6,13,80,21,4,18,0,3,0,223,2,1,2.0476190476190474,0,76,0.3408071748878923,3,0,0,0,57,44,0,19,0,11,5,0.0,0.0,205.0,1636.2727272727273,2,113,102,0,8,0.9026548672566372,8,43,21,14,2,4,0.2222222222222222,19,2,0.6666666666666666,15,18,14,4,26,3.5,15,0,0,1.0,0,0,0,0,0,0,0,669,84,66,0.0,0.18181818181818182,0.0,0.013392857142857142,10.136363636363637,0.049107142857142856,0.5,0.0,0.0,0.0,0,8.258071748878923,7.6,1,0.0,0.0,0.0,0.0,0.0,49729.0,4683.0,669.0,2453.0,441.0,63.0,231.0,9.0,33.0,121.0,True,AO,solidifi_benchmark
611,20,38,219,14,1,3,0,3,0,417,4,1,1.4285714285714286,0,58,0.1390887290167865,1,0,0,0,123,158,0,58,0,12,5,0.0,0.0,609.0,11855.2,1,26,21,0,6,0.8076923076923077,4,14,14,2,1,1,0.3333333333333333,13,1,0.1428571428571428,15,3,2,1,12,2.0,7,0,0,1.0,0,0,0,0,0,0,0,1251,14,240,0.0,0.06666666666666667,0.0,0.007177033492822967,27.8,0.028708133971291867,1.5384615384615385,0.0,0.0,0.0,0,6.240887290167865,5.8,1,0.0,0.0,0.0,0.0,0.0,173889.0,5838.0,1251.0,5004.0,196.0,42.0,168.0,9.0,36.0,144.0,True,buggy_16,solidifi_benchmark
612,12,25,119,34,4,15,3,3,0,268,2,1,1.8235294117647056,0,3,0.0111940298507462,4,0,0,0,71,85,0,37,0,9,5,0.0,0.0,364.0,5278.0,2,131,111,0,6,0.8473282442748091,10,62,34,18,2,4,0.1818181818181818,28,6,0.5294117647058824,27,15,12,4,14,3.0,14,0,0,1.0,0,0,0,0,0,0,0,804,136,108,0.0,0.11428571428571428,0.0,0.011152416356877323,7.6571428571428575,0.03345724907063197,1.2,0.0,0.0,0.0,0,10.96194029850746,0.3,1,0.0,0.0,0.0,0.0,0.0,71824.0,9112.0,804.0,2412.0,1156.0,102.0,306.0,9.0,27.0,81.0,True,Ownable,solidifi_benchmark
613,2,2,39,9,4,7,0,6,0,117,1,1,3.0,0,21,0.1794871794871795,0,0,0,0,32,14,0,4,0,11,4,0.0,0.0,69.0,262.2,1,64,59,3,12,0.921875,8,27,9,7,2,4,0.3636363636363636,6,3,0.7777777777777778,7,7,4,0,21,0.0,7,0,0,1.0,0,0,0,0,0,0,0,702,36,22,0.0,0.4,0.0,0.05084745762711865,11.7,0.09322033898305085,0.16666666666666666,0.0,0.0,0.0,0,6.494871794871794,2.1,0,0.0,0.0,0.0,0.0,0.0,13689.0,1053.0,702.0,1287.0,81.0,54.0,99.0,36.0,66.0,121.0,True,ProofOfExistence,solidifi_benchmark
614,13,21,96,27,13,13,0,3,0,247,5,1,1.962962962962963,0,15,0.0607287449392712,6,5,1,0,57,73,0,34,0,13,5,0.0,0.0,331.0,2752.392307692308,2,123,109,0,6,0.8861788617886179,8,53,27,21,2,13,0.3823529411764705,22,5,0.7777777777777778,15,13,12,7,28,1.7142857142857142,17,0,0,1.0,0,0,0,0,0,0,0,741,351,169,0.0,0.4642857142857143,0.0,0.012096774193548387,8.821428571428571,0.05241935483870968,0.9285714285714286,0.0,0.0,0.0,0,5.4572874493927115,18.5,1,0.0,0.0,0.0,0.0,0.0,61009.0,6669.0,741.0,3211.0,729.0,81.0,351.0,9.0,39.0,169.0,True,buggy_14,solidifi_benchmark
615,12,24,130,6,0,3,1,3,0,313,3,1,1.3333333333333333,0,42,0.134185303514377,0,0,0,0,78,88,0,36,0,12,5,0.0,0.0,370.0,4304.333333333333,0,16,11,0,3,0.6875,2,8,6,2,1,0,0.0,5,1,0.3333333333333333,7,3,2,0,2,0.0,2,0,0,1.0,0,0,0,0,0,0,0,939,0,144,0.0,0.0,0.0,0.009554140127388535,44.714285714285715,0.03821656050955414,0.9230769230769231,0.0,0.0,0.0,0,8.191853035143769,4.2,1,0.0,0.0,0.0,0.0,0.0,97969.0,1878.0,939.0,3756.0,36.0,18.0,72.0,9.0,36.0,144.0,True,buggy_19,solidifi_benchmark
616,15,28,115,8,0,4,0,3,0,417,3,1,2.0,0,17,0.0407673860911271,0,0,0,0,78,84,0,43,2,22,8,0.0,0.0,405.0,2518.3636363636365,0,18,18,0,3,1.0,0,12,8,0,0,0,0.0,8,0,0.0,8,4,4,0,12,0.0,8,0,0,1.0,0,0,0,0,0,0,0,1251,0,330,0.0,0.0,0.0,0.007177033492822967,46.333333333333336,0.05263157894736842,0.6521739130434783,0.0,0.0,0.0,0,5.257673860911271,1.7,1,0.0,0.0,0.0,0.0,0.0,173889.0,3336.0,1251.0,9174.0,64.0,24.0,176.0,9.0,66.0,484.0,True,Token,solidifi_benchmark
617,20,41,227,5,0,3,1,3,0,474,5,1,1.4,0,30,0.0632911392405063,0,0,0,0,119,171,0,61,1,15,5,0.0,0.0,632.0,10057.226666666666,0,15,11,0,4,0.7333333333333333,1,7,5,2,1,0,0.0,4,1,0.4,6,3,2,0,2,0.0,2,0,0,1.0,0,0,0,0,0,0,0,1422,0,300,0.0,0.0,0.0,0.00631578947368421,79.0,0.031578947368421054,1.25,0.0,0.0,0.0,0,7.482911392405063,3.0,1,0.0,0.0,0.0,0.0,0.0,224676.0,2370.0,1422.0,7110.0,25.0,15.0,75.0,9.0,45.0,225.0,True,buggy_27,solidifi_benchmark
619,12,24,114,35,7,28,4,5,0,247,1,1,2.2,0,6,0.0242914979757085,11,0,0,0,68,82,0,36,0,10,5,0.0,0.0,354.0,4439.159999999999,2,187,173,0,11,0.9251336898395722,6,77,35,35,2,7,0.1666666666666666,32,3,1.0,27,28,16,7,16,2.2857142857142856,16,0,1,1.0,0,1,0,0,0,0,0,1235,245,120,0.0,0.19444444444444445,0.0,0.020161290322580645,6.861111111111111,0.04032258064516129,1.0909090909090908,0.0,0.0,0.0,0,12.992914979757085,0.6,1,0.0,0.0,0.0,0.0,0.0,61009.0,8645.0,1235.0,2470.0,1225.0,175.0,350.0,25.0,50.0,100.0,True,StockBet,solidifi_benchmark
622,12,25,130,6,1,3,1,3,0,360,3,1,1.6666666666666667,0,97,0.2694444444444444,1,0,0,0,81,87,0,37,0,11,5,0.0,0.0,375.0,4837.5,0,22,18,0,6,0.8181818181818182,1,10,6,4,1,1,0.2,5,1,0.6666666666666666,7,3,2,1,2,2.0,2,0,0,1.0,0,0,0,0,0,0,0,1080,6,132,0.0,0.14285714285714285,0.0,0.008310249307479225,51.42857142857143,0.030470914127423823,1.0,0.0,0.0,0.0,0,9.544444444444444,9.7,1,0.0,0.0,0.0,0.0,0.0,129600.0,2160.0,1080.0,3960.0,36.0,18.0,66.0,9.0,33.0,121.0,True,Ownable,solidifi_benchmark
623,14,30,150,8,0,1,0,3,0,354,5,1,1.25,0,81,0.2288135593220339,0,0,0,0,87,109,0,44,0,13,5,0.0,0.0,440.0,5527.076923076922,0,23,16,0,3,0.6956521739130435,3,10,8,4,1,0,0.0,8,0,0.5,5,1,1,0,9,0.0,5,0,0,1.0,0,0,0,0,0,0,0,1062,0,182,0.0,0.0,0.0,0.008450704225352112,39.333333333333336,0.036619718309859155,1.0,0.0,0.0,0.0,0,7.138135593220339,8.1,1,0.0,0.0,0.0,0.0,0.0,125316.0,2832.0,1062.0,4602.0,64.0,24.0,104.0,9.0,39.0,169.0,True,SafeMath,solidifi_benchmark
624,18,36,194,12,2,3,0,3,0,351,3,1,1.8333333333333333,0,25,0.0712250712250712,2,0,0,0,104,151,0,54,1,14,6,0.0,0.0,554.0,8298.128571428571,1,31,30,0,6,0.967741935483871,1,16,12,4,1,2,0.3333333333333333,12,0,0.3333333333333333,12,3,3,2,13,1.5,8,0,0,1.0,0,0,0,0,0,0,0,1053,24,252,0.0,0.15384615384615385,0.0,0.008522727272727272,27.0,0.03977272727272727,1.2,0.0,0.0,0.0,0,5.562250712250711,2.5,1,0.0,0.0,0.0,0.0,0.0,123201.0,4212.0,1053.0,4914.0,144.0,36.0,168.0,9.0,42.0,196.0,True,has,solidifi_benchmark
625,12,23,120,4,0,3,1,3,0,338,4,1,1.5,0,98,0.2899408284023668,0,0,0,0,76,80,0,35,0,11,5,0.0,0.0,355.0,4259.999999999999,0,10,7,0,3,0.7,1,6,4,0,0,0,0.0,3,1,0.0,4,3,1,0,1,0.0,1,0,0,1.0,0,0,0,0,0,0,0,1014,0,132,0.0,0.0,0.0,0.008849557522123894,67.6,0.032448377581120944,1.0,0.0,0.0,0.0,0,9.749408284023668,9.8,1,0.0,0.0,0.0,0.0,0.0,114244.0,1352.0,1014.0,3718.0,16.0,12.0,44.0,9.0,33.0,121.0,True,buggy_9,solidifi_benchmark
626,16,35,191,13,0,5,0,3,0,417,7,1,1.4615384615384617,0,66,0.158273381294964,0,0,0,0,118,127,0,51,0,16,6,0.0,0.0,526.0,6801.8375,1,22,18,0,3,0.8181818181818182,3,13,13,0,0,0,0.0,12,1,0.0,13,5,3,0,13,0.0,8,0,0,1.0,0,0,0,0,0,0,0,1251,0,256,0.0,0.0,0.0,0.007177033492822967,29.785714285714285,0.03827751196172249,0.9411764705882353,0.0,0.0,0.0,0,6.432733812949639,6.6,1,0.0,0.0,0.0,0.0,0.0,173889.0,5421.0,1251.0,6672.0,169.0,39.0,208.0,9.0,48.0,256.0,True,buggy_12,solidifi_benchmark
627,12,23,117,29,14,12,0,3,0,430,6,1,1.896551724137931,0,167,0.3883720930232558,4,8,1,0,70,82,0,35,0,13,5,0.0,0.0,352.0,3449.6,2,125,109,0,6,0.872,11,55,29,20,2,14,0.4117647058823529,24,5,0.6896551724137931,17,12,17,8,35,2.125,21,0,0,1.0,0,0,0,0,0,0,0,1290,406,156,0.0,0.4666666666666667,0.0,0.0069605568445475635,14.333333333333334,0.030162412993039442,0.8571428571428571,0.0,0.0,0.0,0,8.733720930232558,42.7,1,0.0,0.0,0.0,0.0,0.0,184900.0,12470.0,1290.0,5590.0,841.0,87.0,377.0,9.0,39.0,169.0,True,buggy_23,solidifi_benchmark
629,14,27,114,39,9,22,1,3,0,243,1,1,1.871794871794872,0,3,0.0123456790123456,8,0,0,0,68,87,0,41,0,15,5,0.0,0.0,389.0,3342.8066666666664,2,179,157,0,10,0.8770949720670391,12,73,39,30,1,9,0.2307692307692307,38,1,0.7692307692307693,27,22,17,7,21,2.4285714285714284,19,0,0,1.0,0,0,0,0,0,0,0,729,351,210,0.0,0.225,0.0,0.012295081967213115,6.075,0.06147540983606557,0.875,0.0,0.0,0.0,0,6.973456790123455,0.3,1,0.0,0.0,0.0,0.0,0.0,59049.0,9477.0,729.0,3645.0,1521.0,117.0,585.0,9.0,45.0,225.0,True,digitalNotary,solidifi_benchmark
630,12,25,130,6,1,3,1,3,0,360,3,1,1.6666666666666667,0,97,0.2694444444444444,1,0,0,0,81,87,0,37,0,11,5,0.0,0.0,375.0,4837.5,0,22,18,0,6,0.8181818181818182,1,10,6,4,1,1,0.2,5,1,0.6666666666666666,7,3,2,1,2,2.0,2,0,0,1.0,0,0,0,0,0,0,0,1080,6,132,0.0,0.14285714285714285,0.0,0.008310249307479225,51.42857142857143,0.030470914127423823,1.0,0.0,0.0,0.0,0,9.544444444444444,9.7,1,0.0,0.0,0.0,0.0,0.0,129600.0,2160.0,1080.0,3960.0,36.0,18.0,66.0,9.0,33.0,121.0,True,Ownable,solidifi_benchmark
631,1,2,36,9,2,9,1,6,0,56,1,1,2.2222222222222223,0,3,0.0535714285714285,0,0,0,0,26,14,0,3,0,8,4,0.0,0.0,56.0,250.6,1,43,38,1,8,0.8837209302325582,4,20,9,5,2,2,0.2857142857142857,8,1,0.5555555555555556,8,9,5,1,6,5.0,6,0,0,1.0,0,0,0,0,0,0,0,336,18,8,0.0,0.2,0.0,0.10526315789473684,5.6,0.14035087719298245,0.1111111111111111,0.0,0.0,0.0,0,7.235714285714284,0.3,0,0.0,0.0,0.0,0.0,0.0,3136.0,504.0,336.0,448.0,81.0,54.0,72.0,36.0,48.0,64.0,True,DocumentSigner,solidifi_benchmark
632,14,28,140,13,2,5,0,3,0,350,5,1,1.7692307692307692,0,75,0.2142857142857142,2,0,0,0,83,101,0,42,0,14,5,0.0,0.0,420.0,4611.0,1,33,31,0,6,0.9393939393939394,1,17,13,4,1,2,0.3333333333333333,12,1,0.3076923076923077,13,5,3,2,13,1.5,8,0,0,1.0,0,0,0,0,0,0,0,1050,26,196,0.0,0.14285714285714285,0.0,0.008547008547008548,25.0,0.039886039886039885,0.9333333333333333,0.0,0.0,0.0,0,6.992857142857142,7.5,1,0.0,0.0,0.0,0.0,0.0,122500.0,4550.0,1050.0,4900.0,169.0,39.0,182.0,9.0,42.0,196.0,True,buggy_48,solidifi_benchmark
634,12,25,119,34,4,15,3,3,0,275,2,1,1.8235294117647056,0,3,0.0109090909090909,4,0,0,0,70,86,0,37,0,9,5,0.0,0.0,364.0,5265.866666666666,2,131,111,0,6,0.8473282442748091,10,62,34,18,2,4,0.1818181818181818,28,6,0.5294117647058824,27,15,12,4,14,3.0,14,0,0,1.0,0,0,0,0,0,0,0,825,136,108,0.0,0.11428571428571428,0.0,0.010869565217391304,7.857142857142857,0.03260869565217391,1.2,0.0,0.0,0.0,0,10.959090909090909,0.3,1,0.0,0.0,0.0,0.0,0.0,75625.0,9350.0,825.0,2475.0,1156.0,102.0,306.0,9.0,27.0,81.0,True,Ownable,solidifi_benchmark
635,6,13,80,21,4,18,0,3,0,220,2,1,2.0476190476190474,0,73,0.3318181818181818,3,0,0,0,57,44,0,19,0,11,5,0.0,0.0,205.0,1636.2727272727273,2,113,102,0,8,0.9026548672566372,8,43,21,14,2,4,0.2222222222222222,19,2,0.6666666666666666,15,18,14,4,26,3.5,15,0,0,1.0,0,0,0,0,0,0,0,660,84,66,0.0,0.18181818181818182,0.0,0.013574660633484163,10.0,0.049773755656108594,0.5,0.0,0.0,0.0,0,8.168181818181818,7.3,1,0.0,0.0,0.0,0.0,0.0,48400.0,4620.0,660.0,2420.0,441.0,63.0,231.0,9.0,33.0,121.0,True,BitCash,solidifi_benchmark
636,12,23,109,29,14,13,0,3,0,537,5,1,1.9655172413793105,0,292,0.5437616387337058,4,8,1,0,62,82,0,35,0,12,5,0.0,0.0,344.0,3422.8,2,129,114,0,6,0.8837209302325582,10,57,29,20,2,14,0.4117647058823529,24,5,0.6896551724137931,18,13,18,9,36,2.0,22,0,0,1.0,0,0,0,0,0,0,0,1611,406,144,0.0,0.4666666666666667,0.0,0.0055762081784386614,17.9,0.022304832713754646,0.9230769230769231,0.0,0.0,0.0,0,10.287616387337057,55.2,1,0.0,0.0,0.0,0.0,0.0,288369.0,15573.0,1611.0,6444.0,841.0,87.0,348.0,9.0,36.0,144.0,True,buggy_40,solidifi_benchmark
638,6,13,80,21,4,18,0,3,0,220,2,1,2.0476190476190474,0,73,0.3318181818181818,3,0,0,0,57,44,0,19,0,11,5,0.0,0.0,205.0,1636.2727272727273,2,113,102,0,8,0.9026548672566372,8,43,21,14,2,4,0.2222222222222222,19,2,0.6666666666666666,15,18,14,4,26,3.5,15,0,0,1.0,0,0,0,0,0,0,0,660,84,66,0.0,0.18181818181818182,0.0,0.013574660633484163,10.0,0.049773755656108594,0.5,0.0,0.0,0.0,0,8.168181818181818,7.3,1,0.0,0.0,0.0,0.0,0.0,48400.0,4620.0,660.0,2420.0,441.0,63.0,231.0,9.0,33.0,121.0,True,MD,solidifi_benchmark
639,12,25,120,3,0,1,0,1,0,344,7,1,1.0,0,49,0.1424418604651162,0,0,0,0,73,86,0,37,0,12,6,0.0,0.0,365.0,4051.500000000001,0,5,2,0,1,0.4,1,3,3,0,0,0,0.0,1,2,0.0,3,1,0,0,1,0.0,1,0,0,1.0,0,0,0,0,0,0,0,344,0,144,0.0,0.0,0.0,0.002898550724637681,86.0,0.034782608695652174,0.9230769230769231,0.0,0.0,0.0,0,6.374418604651162,4.9,1,0.0,0.0,0.0,0.0,0.0,118336.0,1032.0,344.0,4128.0,9.0,3.0,36.0,1.0,12.0,144.0,True,EventMetadata,solidifi_benchmark
640,12,24,120,11,1,7,0,3,0,290,4,1,1.9090909090909087,0,3,0.0103448275862068,1,0,1,0,74,84,0,36,1,14,5,0.0,0.0,360.0,3414.8571428571427,1,41,35,0,6,0.8536585365853658,5,21,11,2,1,1,0.3333333333333333,11,0,0.1818181818181818,12,7,5,1,7,5.0,5,0,0,1.0,0,0,0,0,0,0,0,870,11,168,0.0,0.08333333333333333,0.0,0.010309278350515464,24.166666666666668,0.048109965635738834,0.8,0.0,0.0,0.0,0,4.953448275862067,2.3,1,0.0,0.0,0.0,0.0,0.0,84100.0,3190.0,870.0,4060.0,121.0,33.0,154.0,9.0,42.0,196.0,True,buggy_38,solidifi_benchmark
642,6,14,80,11,2,5,0,3,0,169,2,1,1.7272727272727273,0,38,0.2248520710059171,2,0,0,0,55,45,0,20,0,10,5,0.0,0.0,210.0,1816.5,1,30,28,0,6,0.9333333333333332,1,14,11,4,1,2,0.3333333333333333,10,1,0.3636363636363636,11,5,2,2,12,1.0,7,0,0,1.0,0,0,0,0,0,0,0,507,22,60,0.0,0.16666666666666666,0.0,0.01764705882352941,14.083333333333334,0.058823529411764705,0.5454545454545454,0.0,0.0,0.0,0,7.09852071005917,3.8,1,0.0,0.0,0.0,0.0,0.0,28561.0,1859.0,507.0,1690.0,121.0,33.0,110.0,9.0,30.0,100.0,True,EIP20Interface,solidifi_benchmark
643,12,24,110,7,0,6,1,3,0,230,4,1,1.5714285714285714,0,3,0.0130434782608695,0,0,0,0,70,77,0,36,0,16,6,0.0,0.0,350.0,2710.3125,1,20,15,0,3,0.75,2,11,7,1,1,0,0.0,6,1,0.1428571428571428,7,6,3,0,3,0.0,3,0,0,1.0,0,0,0,0,0,0,0,690,0,192,0.0,0.0,0.0,0.012987012987012988,28.75,0.06926406926406926,0.7058823529411765,0.0,0.0,0.0,0,6.980434782608695,0.3,1,0.0,0.0,0.0,0.0,0.0,52900.0,1610.0,690.0,3680.0,49.0,21.0,112.0,9.0,48.0,256.0,True,Owned,solidifi_benchmark
644,12,24,120,11,1,7,0,3,0,290,4,1,1.9090909090909087,0,3,0.0103448275862068,1,0,1,0,74,84,0,36,1,14,5,0.0,0.0,360.0,3414.8571428571427,1,41,35,0,6,0.8536585365853658,5,21,11,2,1,1,0.3333333333333333,11,0,0.1818181818181818,12,7,5,1,7,5.0,5,0,0,1.0,0,0,0,0,0,0,0,870,11,168,0.0,0.08333333333333333,0.0,0.010309278350515464,24.166666666666668,0.048109965635738834,0.8,0.0,0.0,0.0,0,4.953448275862067,2.3,1,0.0,0.0,0.0,0.0,0.0,84100.0,3190.0,870.0,4060.0,121.0,33.0,154.0,9.0,42.0,196.0,True,buggy_28,solidifi_benchmark
645,11,19,122,28,9,17,1,17,0,272,1,1,2.75,1,39,0.1433823529411764,10,0,0,0,83,69,0,30,2,15,6,0.0,0.0,327.0,2862.34,3,186,182,2,13,0.978494623655914,3,77,28,22,1,9,0.2903225806451613,27,1,0.7857142857142857,19,17,16,9,40,1.7777777777777777,17,1,0,0.0,0,0,1,0,0,9,0,4624,252,165,0.0,0.3103448275862069,0.0,0.06227106227106227,9.379310344827585,0.054945054945054944,0.6875,0.034482758620689655,0.1,0.7,0,7.583823529411763,3.9,1,1.0,272.0,28.0,17.0,15.0,73984.0,7616.0,4624.0,4080.0,784.0,476.0,420.0,289.0,255.0,225.0,True,WhiteBetting,solidifi_benchmark
646,2,5,40,11,1,14,0,3,0,80,1,1,1.7272727272727273,0,3,0.0375,1,0,0,0,29,21,0,7,0,12,5,0.0,0.0,85.0,309.5416666666667,1,57,50,0,8,0.8771929824561403,5,19,11,4,1,1,0.2,10,1,0.3636363636363636,10,14,6,1,10,6.0,6,0,0,1.0,0,0,0,0,0,0,0,240,11,24,0.0,0.08333333333333333,0.0,0.037037037037037035,6.666666666666667,0.14814814814814814,0.15384615384615385,0.0,0.0,0.0,0,5.225,0.3,0,0.0,0.0,0.0,0.0,0.0,6400.0,880.0,240.0,960.0,121.0,33.0,132.0,9.0,36.0,144.0,True,TAMC,solidifi_benchmark
647,23,54,226,69,87,46,2,29,0,894,2,1,3.8260869565217392,5,143,0.1599552572706935,11,27,0,0,114,189,0,77,0,15,5,0.0,0.0,726.0,11920.92,3,578,600,34,31,1.038062283737024,16,264,69,48,2,87,0.6444444444444445,58,11,0.6956521739130435,48,46,30,14,52,2.142857142857143,39,0,0,1.0,0,0,0,0,0,0,0,25926,6003,345,0.0,1.2428571428571429,0.0,0.03240223463687151,12.771428571428572,0.01675977653631285,1.4375,0.0,0.0,0.0,0,9.149552572706934,95.3,1,0.0,0.0,0.0,0.0,0.0,799236.0,61686.0,25926.0,13410.0,4761.0,2001.0,1035.0,841.0,435.0,225.0,True,buggy_24,solidifi_benchmark
648,12,26,129,13,3,5,0,3,0,303,5,1,1.9230769230769231,0,49,0.1617161716171617,3,0,0,0,77,92,0,38,0,14,5,0.0,0.0,379.0,3827.9,1,39,38,0,6,0.9743589743589745,0,19,13,6,1,3,0.3333333333333333,12,1,0.4615384615384615,12,5,3,3,13,1.0,8,0,0,1.0,0,0,0,0,0,0,0,909,39,168,0.0,0.21428571428571427,0.0,0.009868421052631578,21.642857142857142,0.046052631578947366,0.8,0.0,0.0,0.0,0,6.467161716171617,4.9,1,0.0,0.0,0.0,0.0,0.0,91809.0,3939.0,909.0,4242.0,169.0,39.0,182.0,9.0,42.0,196.0,True,ERC20Interface,solidifi_benchmark
649,12,25,148,6,0,4,1,3,0,301,5,1,1.6666666666666667,0,7,0.0232558139534883,0,0,0,0,93,97,0,37,2,17,5,0.0,0.0,393.0,3719.629411764705,0,18,14,0,3,0.7777777777777778,1,10,6,1,1,0,0.0,5,1,0.1666666666666666,6,4,3,0,3,0.0,3,0,0,1.0,0,0,0,0,0,0,0,903,0,204,0.0,0.0,0.0,0.009933774834437087,43.0,0.056291390728476824,0.6666666666666666,0.0,0.0,0.0,0,7.082558139534883,0.7,1,0.0,0.0,0.0,0.0,0.0,90601.0,1806.0,903.0,5117.0,36.0,18.0,102.0,9.0,51.0,289.0,True,buggy_17,solidifi_benchmark
650,8,16,80,21,4,25,1,9,0,177,2,1,2.523809523809524,0,15,0.0847457627118644,4,0,1,0,49,58,0,24,0,11,5,0.0,0.0,240.0,1954.9090909090908,2,131,126,0,15,0.9618320610687024,6,53,21,14,1,4,0.2222222222222222,19,2,0.6666666666666666,16,25,10,4,13,2.5,12,0,0,1.0,0,0,0,0,0,0,0,1593,84,88,0.0,0.18181818181818182,0.0,0.05056179775280899,8.045454545454545,0.06179775280898876,0.6666666666666666,0.0,0.0,0.0,0,7.397457627118644,3.5,1,0.0,0.0,0.0,0.0,0.0,31329.0,3717.0,1593.0,1947.0,441.0,189.0,231.0,81.0,99.0,121.0,True,PHO,solidifi_benchmark
651,12,26,134,6,0,4,1,3,0,399,6,1,1.6666666666666667,0,72,0.1804511278195488,0,0,0,0,93,80,0,38,0,13,5,0.0,0.0,384.0,4401.2307692307695,1,18,14,0,3,0.7777777777777778,1,10,6,1,1,0,0.0,4,2,0.1666666666666666,6,4,3,0,3,0.0,3,0,0,1.0,0,0,0,0,0,0,0,1197,0,156,0.0,0.0,0.0,0.0075,57.0,0.0325,0.8571428571428571,0.0,0.0,0.0,0,8.654511278195487,7.2,1,0.0,0.0,0.0,0.0,0.0,159201.0,2394.0,1197.0,5187.0,36.0,18.0,78.0,9.0,39.0,169.0,True,buggy_20,solidifi_benchmark
652,20,40,229,49,18,21,0,5,0,682,13,1,1.7959183673469388,0,3,0.0043988269794721,4,6,1,0,111,180,0,60,1,16,7,0.0,0.0,629.0,9317.0625,3,206,176,1,9,0.8543689320388349,20,88,49,39,2,18,0.3157894736842105,40,9,0.7959183673469388,34,21,19,6,79,3.1666666666666665,29,0,0,1.0,0,0,0,0,0,0,0,3410,882,320,0.0,0.36,0.0,0.007320644216691069,13.64,0.02342606149341142,1.1764705882352942,0.0,0.0,0.0,0,4.793988269794721,20.3,1,0.0,0.0,0.0,0.0,0.0,465124.0,33418.0,3410.0,10912.0,2401.0,245.0,784.0,25.0,80.0,256.0,True,buggy_30,solidifi_benchmark
653,12,25,121,3,0,2,0,3,0,355,7,1,1.6666666666666667,0,55,0.1549295774647887,0,0,0,0,73,87,0,37,0,12,6,0.0,0.0,366.0,4083.95,0,8,6,0,3,0.75,0,5,3,0,0,0,0.0,1,2,0.0,3,2,1,0,2,0.0,2,0,0,1.0,0,0,0,0,0,0,0,1065,0,144,0.0,0.0,0.0,0.008426966292134831,88.75,0.033707865168539325,0.9230769230769231,0.0,0.0,0.0,0,6.399295774647887,5.5,1,0.0,0.0,0.0,0.0,0.0,126025.0,1065.0,1065.0,4260.0,9.0,9.0,36.0,9.0,36.0,144.0,True,EventMetadata,solidifi_benchmark
654,2,5,40,11,1,14,0,3,0,80,1,1,1.7272727272727273,0,3,0.0375,1,0,0,0,29,21,0,7,0,12,5,0.0,0.0,85.0,309.5416666666667,1,57,50,0,8,0.8771929824561403,5,19,11,4,1,1,0.2,10,1,0.3636363636363636,10,14,6,1,10,6.0,6,0,0,1.0,0,0,0,0,0,0,0,240,11,24,0.0,0.08333333333333333,0.0,0.037037037037037035,6.666666666666667,0.14814814814814814,0.15384615384615385,0.0,0.0,0.0,0,5.225,0.3,0,0.0,0.0,0.0,0.0,0.0,6400.0,880.0,240.0,960.0,121.0,33.0,132.0,9.0,36.0,144.0,True,TAMCContract,solidifi_benchmark
656,10,19,96,27,5,22,0,5,0,214,1,1,2.333333333333333,0,8,0.0373831775700934,6,0,0,0,63,63,0,29,0,11,5,0.0,0.0,291.0,2833.281818181818,2,149,140,0,10,0.9395973154362416,7,63,27,17,1,5,0.2272727272727272,26,1,0.6296296296296297,19,22,16,5,25,3.2,18,0,0,1.0,0,0,0,0,0,0,0,1070,135,110,0.0,0.17857142857142858,0.0,0.023255813953488372,7.642857142857143,0.05116279069767442,0.8333333333333334,0.0,0.0,0.0,0,5.123831775700934,0.8,1,0.0,0.0,0.0,0.0,0.0,45796.0,5778.0,1070.0,2354.0,729.0,135.0,297.0,25.0,55.0,121.0,True,CareerOnToken,solidifi_benchmark
657,10,19,95,10,3,2,0,3,0,228,4,1,2.0,0,63,0.2763157894736842,3,0,0,0,65,63,0,29,0,11,5,0.0,0.0,290.0,2876.272727272727,1,34,34,0,6,1.0,0,15,10,6,1,3,0.3333333333333333,10,0,0.6,9,2,2,3,12,0.6666666666666666,7,0,0,1.0,0,0,0,0,0,0,0,684,30,110,0.0,0.2727272727272727,0.0,0.013100436681222707,20.727272727272727,0.048034934497816595,0.8333333333333334,0.0,0.0,0.0,0,7.613157894736841,6.3,1,0.0,0.0,0.0,0.0,0.0,51984.0,2280.0,684.0,2508.0,100.0,30.0,110.0,9.0,33.0,121.0,True,buggy_32,solidifi_benchmark
658,9,23,161,38,22,6,0,1,0,207,3,1,1.0,0,8,0.038647342995169,1,5,1,0,56,137,0,32,0,9,3,0.0,0.0,366.0,6177.266666666667,2,110,72,0,5,0.6545454545454545,11,38,38,36,2,22,0.3793103448275862,36,2,0.9473684210526316,11,6,22,21,73,1.0476190476190477,32,0,0,1.0,0,0,0,0,0,0,0,207,836,81,0.0,0.5641025641025641,0.0,0.004807692307692308,5.3076923076923075,0.04326923076923077,0.9,0.0,0.0,0.0,0,5.33647342995169,17.8,1,0.0,0.0,0.0,0.0,0.0,42849.0,7866.0,207.0,1863.0,1444.0,38.0,342.0,1.0,9.0,81.0,True,buggy_26,solidifi_benchmark
659,7,20,139,30,14,8,0,5,0,187,1,1,1.2666666666666666,0,8,0.0427807486631016,1,0,0,0,58,109,0,27,0,8,3,0.0,0.0,309.0,5187.3375,1,110,84,0,10,0.7636363636363637,4,38,30,31,1,14,0.3111111111111111,29,1,1.0333333333333334,7,8,21,14,59,1.5,28,0,0,1.0,0,0,0,0,0,0,0,935,420,56,0.0,0.45161290322580644,0.0,0.026595744680851064,6.032258064516129,0.0425531914893617,0.7777777777777778,0.0,0.0,0.0,0,5.177807486631016,0.8,1,0.0,0.0,0.0,0.0,0.0,34969.0,5610.0,935.0,1496.0,900.0,150.0,240.0,25.0,40.0,64.0,True,CareerOnToken,solidifi_benchmark
660,5,17,117,26,12,6,0,3,0,214,2,1,1.0769230769230769,0,76,0.3551401869158878,0,0,0,0,55,86,0,22,0,8,3,0.0,0.0,252.0,3628.8,2,92,66,0,8,0.717391304347826,6,28,26,28,2,12,0.3,24,2,1.0769230769230769,6,6,18,12,55,1.5,25,0,0,1.0,0,0,0,0,0,0,0,642,312,40,0.0,0.4444444444444444,0.0,0.013953488372093023,7.925925925925926,0.037209302325581395,0.5555555555555556,0.0,0.0,0.0,0,8.401401869158878,7.6,1,0.0,0.0,0.0,0.0,0.0,45796.0,5564.0,642.0,1712.0,676.0,78.0,208.0,9.0,24.0,64.0,True,AO,solidifi_benchmark
661,20,40,397,14,5,0,0,1,0,363,4,1,1.0,0,58,0.1597796143250688,0,0,0,0,120,341,0,60,0,8,3,0.0,0.0,797.0,35735.4875,1,21,13,0,2,0.6190476190476191,0,8,14,11,1,5,0.3125,14,0,0.7857142857142857,8,0,5,5,25,1.0,13,0,0,1.0,0,0,0,0,0,0,0,363,70,160,0.0,0.3333333333333333,0.0,0.0027472527472527475,24.2,0.02197802197802198,2.2222222222222223,0.0,0.0,0.0,0,6.547796143250688,5.8,1,0.0,0.0,0.0,0.0,0.0,131769.0,5082.0,363.0,2904.0,196.0,14.0,112.0,1.0,8.0,64.0,True,buggy_16,solidifi_benchmark
662,14,30,228,35,15,3,3,1,0,244,2,1,1.0,0,3,0.0122950819672131,0,0,0,0,71,201,0,44,0,6,3,0.0,0.0,518.0,18276.766666666663,1,99,64,0,5,0.6464646464646465,5,35,35,36,2,15,0.2941176470588235,30,5,1.0285714285714285,11,3,17,15,50,1.1333333333333333,25,0,0,1.0,0,0,0,0,0,0,0,244,525,84,0.0,0.4166666666666667,0.0,0.004081632653061225,6.777777777777778,0.024489795918367346,2.0,0.0,0.0,0.0,0,11.072950819672132,0.3,1,0.0,0.0,0.0,0.0,0.0,59536.0,8540.0,244.0,1464.0,1225.0,35.0,210.0,1.0,6.0,36.0,True,Ownable,solidifi_benchmark
663,4,8,40,13,9,1,0,6,0,130,1,1,2.230769230769231,0,21,0.1615384615384615,0,0,0,0,32,23,0,12,0,11,4,0.0,0.0,120.0,524.7272727272726,1,71,61,3,12,0.8591549295774648,7,29,13,14,2,9,0.391304347826087,11,2,1.0769230769230769,5,1,8,5,37,1.6,13,0,0,1.0,0,0,0,0,0,0,0,780,117,44,0.0,0.6428571428571429,0.0,0.04580152671755725,9.285714285714286,0.08396946564885496,0.3333333333333333,0.0,0.0,0.0,0,6.315384615384614,2.1,1,0.0,0.0,0.0,0.0,0.0,16900.0,1690.0,780.0,1430.0,169.0,78.0,143.0,36.0,66.0,121.0,True,ProofOfExistence,solidifi_benchmark
664,9,22,146,27,18,6,0,1,0,222,5,1,1.0,0,15,0.0675675675675675,0,5,1,0,54,123,0,31,0,10,4,0.0,0.0,346.0,4847.46,2,80,53,0,4,0.6625,6,27,27,27,2,18,0.4,22,5,1.0,6,6,16,12,55,1.3333333333333333,25,0,0,1.0,0,0,0,0,0,0,0,222,486,90,0.0,0.6428571428571429,0.0,0.004484304932735426,7.928571428571429,0.04484304932735426,0.8181818181818182,0.0,0.0,0.0,0,5.625675675675675,18.5,1,0.0,0.0,0.0,0.0,0.0,49284.0,5994.0,222.0,2220.0,729.0,27.0,270.0,1.0,10.0,100.0,True,buggy_14,solidifi_benchmark
665,12,28,219,5,2,1,1,1,0,285,3,1,1.0,0,42,0.1473684210526315,0,0,0,0,75,184,0,40,0,8,3,0.0,0.0,479.0,12202.525,0,14,9,0,3,0.6428571428571429,0,5,5,5,1,2,0.2857142857142857,5,0,1.0,3,1,3,2,8,1.5,4,0,0,1.0,0,0,0,0,0,0,0,285,10,96,0.0,0.3333333333333333,0.0,0.0034965034965034965,47.5,0.027972027972027972,1.3333333333333333,0.0,0.0,0.0,0,8.423684210526314,4.2,1,0.0,0.0,0.0,0.0,0.0,81225.0,1425.0,285.0,2280.0,25.0,5.0,40.0,1.0,8.0,64.0,True,buggy_19,solidifi_benchmark
666,15,31,172,8,1,0,0,1,0,389,3,1,1.0,0,17,0.0437017994858611,0,0,0,0,74,148,0,46,2,19,6,0.0,0.0,477.0,4458.694736842104,0,9,5,0,2,0.5555555555555556,0,4,8,5,1,1,0.1666666666666666,8,0,0.625,6,0,1,1,13,1.0,8,0,0,1.0,0,0,0,0,0,0,0,389,8,285,0.0,0.1111111111111111,0.0,0.002564102564102564,43.22222222222222,0.04871794871794872,0.75,0.0,0.0,0.0,0,5.387017994858612,1.7,1,0.0,0.0,0.0,0.0,0.0,151321.0,3112.0,389.0,7391.0,64.0,8.0,152.0,1.0,19.0,361.0,True,Token,solidifi_benchmark
667,20,41,387,5,2,1,1,1,0,409,5,1,1.0,0,30,0.0733496332518337,0,0,0,0,109,341,0,61,1,12,4,0.0,0.0,792.0,22948.2,0,15,10,0,4,0.6666666666666666,0,5,5,6,1,2,0.25,5,0,1.2,4,1,3,2,7,1.5,4,0,0,1.0,0,0,0,0,0,0,0,409,10,240,0.0,0.3333333333333333,0.0,0.0024390243902439024,68.16666666666667,0.02926829268292683,1.5384615384615385,0.0,0.0,0.0,0,7.683496332518337,3.0,1,0.0,0.0,0.0,0.0,0.0,167281.0,2045.0,409.0,4908.0,25.0,5.0,60.0,1.0,12.0,144.0,True,buggy_27,solidifi_benchmark
669,12,28,205,39,22,11,4,5,0,222,1,1,1.1538461538461535,0,6,0.027027027027027,5,0,0,0,66,179,0,40,0,6,3,0.0,0.0,465.0,14825.75,2,145,109,0,11,0.7517241379310344,1,45,39,56,2,22,0.282051282051282,37,2,1.435897435897436,9,11,25,22,69,1.1363636363636365,32,0,1,1.0,0,1,0,0,0,0,0,1110,858,72,0.0,0.55,0.0,0.02242152466367713,5.55,0.026905829596412557,1.7142857142857142,0.0,0.0,0.0,0,13.02027027027027,0.6,1,0.0,0.0,0.0,0.0,0.0,49284.0,8658.0,1110.0,1332.0,1521.0,195.0,234.0,25.0,30.0,36.0,True,StockBet,solidifi_benchmark
672,15,31,255,6,3,1,1,1,0,337,3,1,1.0,0,97,0.2878338278931751,0,0,0,0,82,220,0,46,0,8,3,0.0,0.0,560.0,16520.0,0,18,12,0,4,0.6666666666666666,0,6,6,6,1,3,0.3333333333333333,6,0,1.0,3,1,4,3,11,1.3333333333333333,5,0,0,1.0,0,0,0,0,0,0,0,337,18,120,0.0,0.42857142857142855,0.0,0.0029585798816568047,48.142857142857146,0.023668639053254437,1.6666666666666667,0.0,0.0,0.0,0,9.828338278931751,9.7,1,0.0,0.0,0.0,0.0,0.0,113569.0,2022.0,337.0,2696.0,36.0,6.0,48.0,1.0,8.0,64.0,True,Ownable,solidifi_benchmark
673,17,35,289,8,4,0,0,1,0,321,5,1,1.0,0,81,0.2523364485981308,0,0,0,0,85,258,0,52,0,9,3,0.0,0.0,634.0,18710.044444444444,0,24,16,0,2,0.6666666666666666,0,8,8,9,1,4,0.3076923076923077,8,0,1.125,2,0,4,4,19,1.0,8,0,0,1.0,0,0,0,0,0,0,0,321,32,153,0.0,0.4444444444444444,0.0,0.003105590062111801,35.666666666666664,0.027950310559006212,1.7,0.0,0.0,0.0,0,7.473364485981309,8.1,1,0.0,0.0,0.0,0.0,0.0,103041.0,2568.0,321.0,2889.0,64.0,8.0,72.0,1.0,9.0,81.0,True,SafeMath,solidifi_benchmark
674,20,40,381,12,6,0,0,1,0,306,3,1,1.0,0,25,0.0816993464052287,0,0,0,0,103,345,0,60,1,11,5,0.0,0.0,781.0,24459.5,1,18,12,0,2,0.6666666666666666,0,6,12,6,1,6,0.5,12,0,0.5,7,0,6,6,28,1.0,11,0,0,1.0,0,0,0,0,0,0,0,306,72,220,0.0,0.46153846153846156,0.0,0.003257328990228013,23.53846153846154,0.035830618892508145,1.6666666666666667,0.0,0.0,0.0,0,5.7669934640522875,2.5,1,0.0,0.0,0.0,0.0,0.0,93636.0,3672.0,306.0,3366.0,144.0,12.0,132.0,1.0,11.0,121.0,True,has,solidifi_benchmark
675,10,24,178,3,1,1,1,1,0,306,4,1,1.0,0,98,0.3202614379084967,0,0,0,0,69,144,0,34,0,8,3,0.0,0.0,398.0,8447.55,0,7,4,0,2,0.5714285714285714,0,3,3,2,1,1,0.3333333333333333,3,0,0.6666666666666666,2,1,1,1,4,1.0,2,0,0,1.0,0,0,0,0,0,0,0,306,3,80,0.0,0.25,0.0,0.003257328990228013,76.5,0.026058631921824105,1.1111111111111112,0.0,0.0,0.0,0,10.152614379084968,9.8,1,0.0,0.0,0.0,0.0,0.0,93636.0,918.0,306.0,2448.0,9.0,3.0,24.0,1.0,8.0,64.0,True,buggy_9,solidifi_benchmark
676,17,38,271,14,7,0,0,1,0,372,7,1,1.0,0,66,0.1774193548387097,0,0,0,0,112,217,0,55,0,13,3,0.0,0.0,631.0,12809.3,1,23,15,0,2,0.6521739130434783,0,8,14,11,1,7,0.3888888888888889,14,0,0.7857142857142857,8,0,7,7,29,1.0,13,0,0,1.0,0,0,0,0,0,0,0,372,98,221,0.0,0.4666666666666667,0.0,0.002680965147453083,24.8,0.03485254691689008,1.2142857142857142,0.0,0.0,0.0,0,6.724193548387097,6.6,1,0.0,0.0,0.0,0.0,0.0,138384.0,5208.0,372.0,4836.0,196.0,14.0,182.0,1.0,13.0,169.0,True,buggy_12,solidifi_benchmark
677,12,26,193,29,22,3,0,1,0,406,6,1,1.0,0,167,0.4113300492610837,0,8,1,0,68,163,0,38,0,10,4,0.0,0.0,443.0,8067.03,2,89,60,0,4,0.6741573033707865,8,29,29,33,2,22,0.4,24,5,1.137931034482759,5,3,20,16,61,1.25,28,0,0,1.0,0,0,0,0,0,0,0,406,638,120,0.0,0.7333333333333333,0.0,0.002457002457002457,13.533333333333333,0.02457002457002457,1.0909090909090908,0.0,0.0,0.0,0,9.063300492610837,42.7,1,0.0,0.0,0.0,0.0,0.0,164836.0,11774.0,406.0,4060.0,841.0,29.0,290.0,1.0,10.0,100.0,True,buggy_23,solidifi_benchmark
679,13,29,181,42,22,6,1,1,0,215,1,1,1.0,0,3,0.013953488372093,2,0,0,0,64,159,0,42,0,13,4,0.0,0.0,456.0,6148.984615384615,2,136,94,0,10,0.6911764705882353,8,42,42,48,1,22,0.3142857142857143,42,0,1.1428571428571428,11,6,25,20,68,1.25,33,0,0,1.0,0,0,0,0,0,0,0,215,924,169,0.0,0.5116279069767442,0.0,0.004629629629629629,5.0,0.06018518518518518,0.9285714285714286,0.0,0.0,0.0,0,7.08953488372093,0.3,1,0.0,0.0,0.0,0.0,0.0,46225.0,9030.0,215.0,2795.0,1764.0,42.0,546.0,1.0,13.0,169.0,True,digitalNotary,solidifi_benchmark
680,15,31,255,6,3,1,1,1,0,337,3,1,1.0,0,97,0.2878338278931751,0,0,0,0,82,220,0,46,0,8,3,0.0,0.0,560.0,16520.0,0,18,12,0,4,0.6666666666666666,0,6,6,6,1,3,0.3333333333333333,6,0,1.0,3,1,4,3,11,1.3333333333333333,5,0,0,1.0,0,0,0,0,0,0,0,337,18,120,0.0,0.42857142857142855,0.0,0.0029585798816568047,48.142857142857146,0.023668639053254437,1.6666666666666667,0.0,0.0,0.0,0,9.828338278931751,9.7,1,0.0,0.0,0.0,0.0,0.0,113569.0,2022.0,337.0,2696.0,36.0,6.0,48.0,1.0,8.0,64.0,True,Ownable,solidifi_benchmark
681,3,8,39,12,8,2,1,6,0,65,1,1,1.5833333333333333,0,3,0.0461538461538461,0,0,0,0,24,27,0,11,0,8,4,0.0,0.0,109.0,584.5125,1,46,36,1,8,0.782608695652174,2,19,12,13,2,8,0.3809523809523809,12,0,1.0833333333333333,4,2,9,7,24,1.2857142857142858,12,0,0,1.0,0,0,0,0,0,0,0,390,96,24,0.0,0.6153846153846154,0.0,0.09090909090909091,5.0,0.12121212121212122,0.3333333333333333,0.0,0.0,0.0,0,7.16153846153846,0.3,1,0.0,0.0,0.0,0.0,0.0,4225.0,780.0,390.0,520.0,144.0,72.0,96.0,36.0,48.0,64.0,True,DocumentSigner,solidifi_benchmark
682,16,32,262,14,8,0,0,1,0,317,5,1,1.0,0,75,0.2365930599369085,0,0,0,0,82,230,0,48,0,10,3,0.0,0.0,582.0,14142.6,1,24,16,0,2,0.6666666666666666,0,8,14,8,1,8,0.5,14,0,0.5714285714285714,7,0,8,8,34,1.0,13,0,0,1.0,0,0,0,0,0,0,0,317,112,160,0.0,0.5333333333333333,0.0,0.0031446540880503146,21.133333333333333,0.031446540880503145,1.4545454545454546,0.0,0.0,0.0,0,7.315930599369085,7.5,1,0.0,0.0,0.0,0.0,0.0,100489.0,4438.0,317.0,3170.0,196.0,14.0,140.0,1.0,10.0,100.0,True,buggy_48,solidifi_benchmark
684,15,31,244,35,16,3,3,1,0,252,2,1,1.0,0,3,0.0119047619047619,0,0,0,0,71,219,0,46,0,6,3,0.0,0.0,549.0,20523.45,2,100,65,0,5,0.65,5,35,35,36,2,16,0.3076923076923077,30,5,1.0285714285714285,11,3,18,16,52,1.125,25,0,0,1.0,0,0,0,0,0,0,0,252,560,90,0.0,0.4444444444444444,0.0,0.003952569169960474,7.0,0.023715415019762844,2.142857142857143,0.0,0.0,0.0,0,11.06904761904762,0.3,1,0.0,0.0,0.0,0.0,0.0,63504.0,8820.0,252.0,1512.0,1225.0,35.0,210.0,1.0,6.0,36.0,True,Ownable,solidifi_benchmark
685,5,17,117,26,12,6,0,3,0,211,2,1,1.0769230769230769,0,73,0.3459715639810427,0,0,0,0,55,86,0,22,0,8,3,0.0,0.0,252.0,3628.8,2,92,66,0,8,0.717391304347826,6,28,26,28,2,12,0.3,24,2,1.0769230769230769,6,6,18,12,55,1.5,25,0,0,1.0,0,0,0,0,0,0,0,633,312,40,0.0,0.4444444444444444,0.0,0.014150943396226415,7.814814814814815,0.03773584905660377,0.5555555555555556,0.0,0.0,0.0,0,8.309715639810427,7.3,1,0.0,0.0,0.0,0.0,0.0,44521.0,5486.0,633.0,1688.0,676.0,78.0,208.0,9.0,24.0,64.0,True,BitCash,solidifi_benchmark
686,10,24,171,29,21,3,0,1,0,511,5,1,1.0,0,292,0.5714285714285714,0,8,1,0,57,148,0,34,0,9,4,0.0,0.0,391.0,6977.177777777777,2,89,60,0,5,0.6741573033707865,8,29,29,32,2,21,0.3962264150943396,24,5,1.103448275862069,6,3,19,16,60,1.1875,28,0,0,1.0,0,0,0,0,0,0,0,511,609,90,0.0,0.7,0.0,0.001953125,17.033333333333335,0.017578125,1.0,0.0,0.0,0.0,0,10.664285714285715,55.2,1,0.0,0.0,0.0,0.0,0.0,261121.0,14819.0,511.0,4599.0,841.0,29.0,261.0,1.0,9.0,81.0,True,buggy_40,solidifi_benchmark
688,5,17,117,26,12,6,0,3,0,211,2,1,1.0769230769230769,0,73,0.3459715639810427,0,0,0,0,55,86,0,22,0,8,3,0.0,0.0,252.0,3628.8,2,92,66,0,8,0.717391304347826,6,28,26,28,2,12,0.3,24,2,1.0769230769230769,6,6,18,12,55,1.5,25,0,0,1.0,0,0,0,0,0,0,0,633,312,40,0.0,0.4444444444444444,0.0,0.014150943396226415,7.814814814814815,0.03773584905660377,0.5555555555555556,0.0,0.0,0.0,0,8.309715639810427,7.3,1,0.0,0.0,0.0,0.0,0.0,44521.0,5486.0,633.0,1688.0,676.0,78.0,208.0,9.0,24.0,64.0,True,MD,solidifi_benchmark
689,13,29,215,3,2,0,0,1,0,316,7,1,1.0,0,49,0.1550632911392405,0,0,0,0,70,189,0,42,0,9,3,0.0,0.0,490.0,11014.111111111111,0,8,5,0,2,0.625,0,3,3,3,1,2,0.4,2,1,1.0,3,0,2,2,6,1.0,3,0,0,1.0,0,0,0,0,0,0,0,316,6,117,0.0,0.5,0.0,0.0031545741324921135,79.0,0.028391167192429023,1.3,0.0,0.0,0.0,0,6.500632911392405,4.9,1,0.0,0.0,0.0,0.0,0.0,99856.0,948.0,316.0,2844.0,9.0,3.0,27.0,1.0,9.0,81.0,True,EventMetadata,solidifi_benchmark
690,13,29,220,11,4,3,0,1,0,266,4,1,1.0,0,3,0.0112781954887218,0,0,1,0,74,190,0,42,1,11,4,0.0,0.0,495.0,9315.0,1,28,17,0,3,0.6071428571428571,3,11,11,9,1,4,0.3076923076923077,11,0,0.8181818181818182,6,3,5,4,16,1.25,8,0,0,1.0,0,0,0,0,0,0,0,266,44,143,0.0,0.3333333333333333,0.0,0.003745318352059925,22.166666666666668,0.04119850187265917,1.0833333333333333,0.0,0.0,0.0,0,5.062781954887218,2.3,1,0.0,0.0,0.0,0.0,0.0,70756.0,2926.0,266.0,2926.0,121.0,11.0,121.0,1.0,11.0,121.0,True,buggy_38,solidifi_benchmark
692,6,18,123,12,6,1,0,1,0,159,2,1,1.0,0,38,0.2389937106918239,0,0,0,0,53,94,0,24,0,7,4,0.0,0.0,273.0,4633.2,1,20,13,0,2,0.65,0,7,12,9,1,6,0.4,12,0,0.75,7,1,6,6,27,1.0,12,0,0,1.0,0,0,0,0,0,0,0,159,72,42,0.0,0.46153846153846156,0.0,0.00625,12.23076923076923,0.04375,0.75,0.0,0.0,0.0,0,7.339937106918239,3.8,1,0.0,0.0,0.0,0.0,0.0,25281.0,1908.0,159.0,1113.0,144.0,12.0,84.0,1.0,7.0,49.0,True,EIP20Interface,solidifi_benchmark
693,11,26,165,7,4,2,1,1,0,202,4,1,1.0,0,3,0.0148514851485148,0,0,0,0,66,137,0,37,0,13,5,0.0,0.0,405.0,5043.807692307692,0,19,12,0,2,0.631578947368421,0,7,7,8,1,4,0.3333333333333333,7,0,1.1428571428571428,4,2,5,4,12,1.25,6,0,0,1.0,0,0,0,0,0,0,0,202,28,143,0.0,0.5,0.0,0.0049261083743842365,25.25,0.06403940886699508,0.7857142857142857,0.0,0.0,0.0,0,7.098514851485148,0.3,1,0.0,0.0,0.0,0.0,0.0,40804.0,1414.0,202.0,2626.0,49.0,7.0,91.0,1.0,13.0,169.0,True,Owned,solidifi_benchmark
694,13,29,220,11,4,3,0,1,0,266,4,1,1.0,0,3,0.0112781954887218,0,0,1,0,74,190,0,42,1,11,4,0.0,0.0,495.0,9315.0,1,28,17,0,3,0.6071428571428571,3,11,11,9,1,4,0.3076923076923077,11,0,0.8181818181818182,6,3,5,4,16,1.25,8,0,0,1.0,0,0,0,0,0,0,0,266,44,143,0.0,0.3333333333333333,0.0,0.003745318352059925,22.166666666666668,0.04119850187265917,1.0833333333333333,0.0,0.0,0.0,0,5.062781954887218,2.3,1,0.0,0.0,0.0,0.0,0.0,70756.0,2926.0,266.0,2926.0,121.0,11.0,121.0,1.0,11.0,121.0,True,buggy_28,solidifi_benchmark
695,9,21,171,32,19,3,1,17,0,252,1,1,1.65625,1,39,0.1547619047619047,5,0,0,0,80,121,0,30,2,12,5,0.0,0.0,366.0,5023.35,3,152,130,2,13,0.8552631578947368,1,53,32,37,1,19,0.3392857142857143,32,0,1.15625,7,3,22,19,78,1.1578947368421053,29,1,0,0.0,0,0,1,0,0,19,0,4284,608,108,0.0,0.5757575757575758,0.0,0.06719367588932806,7.636363636363637,0.04743083003952569,0.6923076923076923,0.030303030303030304,0.05,0.7,0,7.697619047619046,3.9,1,1.0,252.0,32.0,17.0,12.0,63504.0,8064.0,4284.0,3024.0,1024.0,544.0,384.0,289.0,204.0,144.0,True,WhiteBetting,solidifi_benchmark
696,4,11,57,16,8,6,0,1,0,86,1,1,1.0,0,3,0.0348837209302325,0,0,0,0,30,45,0,15,0,9,3,0.0,0.0,152.0,1038.6666666666667,1,55,39,0,7,0.7090909090909091,3,16,16,15,1,8,0.3478260869565217,15,1,0.9375,5,6,11,8,32,1.375,14,0,0,1.0,0,0,0,0,0,0,0,86,128,36,0.0,0.47058823529411764,0.0,0.011494252873563218,5.0588235294117645,0.10344827586206896,0.4,0.0,0.0,0.0,0,5.2988372093023255,0.3,1,0.0,0.0,0.0,0.0,0.0,7396.0,1376.0,86.0,774.0,256.0,16.0,144.0,1.0,9.0,81.0,True,TAMC,solidifi_benchmark
697,23,54,386,69,107,21,2,29,0,829,2,1,2.9565217391304346,5,143,0.1724969843184559,1,27,0,0,104,359,0,77,0,14,5,0.0,0.0,886.0,22485.414285714287,3,493,485,34,31,0.9837728194726166,6,204,69,78,2,107,0.5783783783783784,58,11,1.1304347826086956,18,21,40,34,122,1.1764705882352942,59,0,0,1.0,0,0,0,0,0,0,0,24041,7383,322,0.0,1.5285714285714285,0.0,0.03493975903614458,11.842857142857143,0.016867469879518072,1.5333333333333334,0.0,0.0,0.0,0,9.274969843184559,95.3,1,0.0,0.0,0.0,0.0,0.0,687241.0,57201.0,24041.0,11606.0,4761.0,2001.0,966.0,841.0,406.0,196.0,True,buggy_24,solidifi_benchmark
698,15,31,239,14,8,0,0,1,0,275,5,1,1.0,0,49,0.1781818181818182,0,0,0,0,75,212,0,46,0,10,3,0.0,0.0,544.0,12152.96,1,24,16,0,2,0.6666666666666666,0,8,14,9,1,8,0.4705882352941176,14,0,0.6428571428571429,8,0,8,8,33,1.0,13,0,0,1.0,0,0,0,0,0,0,0,275,112,150,0.0,0.5333333333333333,0.0,0.0036231884057971015,18.333333333333332,0.036231884057971016,1.3636363636363635,0.0,0.0,0.0,0,6.731818181818182,4.9,1,0.0,0.0,0.0,0.0,0.0,75625.0,3850.0,275.0,2750.0,196.0,14.0,140.0,1.0,10.0,100.0,True,ERC20Interface,solidifi_benchmark
699,14,30,255,5,1,1,1,1,0,274,5,1,1.0,0,7,0.0255474452554744,0,0,0,0,92,212,0,44,2,14,4,0.0,0.0,545.0,9358.428571428572,0,12,7,0,2,0.5833333333333334,0,5,5,5,1,1,0.1666666666666666,5,0,1.0,4,1,2,1,5,2.0,4,0,0,1.0,0,0,0,0,0,0,0,274,5,196,0.0,0.16666666666666666,0.0,0.0036363636363636364,45.666666666666664,0.05090909090909091,0.9333333333333333,0.0,0.0,0.0,0,7.2054744525547445,0.7,1,0.0,0.0,0.0,0.0,0.0,75076.0,1370.0,274.0,3836.0,25.0,5.0,70.0,1.0,14.0,196.0,True,buggy_17,solidifi_benchmark
700,6,18,120,25,12,12,1,9,0,158,2,1,1.32,0,15,0.0949367088607595,0,0,1,0,45,102,0,24,0,9,4,0.0,0.0,270.0,3492.0,2,100,79,0,15,0.79,4,33,25,28,1,12,0.3,23,2,1.12,6,12,14,12,43,1.1666666666666667,22,0,0,1.0,0,0,0,0,0,0,0,1422,300,54,0.0,0.46153846153846156,0.0,0.05660377358490566,6.076923076923077,0.05660377358490566,0.6,0.0,0.0,0.0,0,7.4993670886075945,3.5,1,0.0,0.0,0.0,0.0,0.0,24964.0,3950.0,1422.0,1422.0,625.0,225.0,225.0,81.0,81.0,81.0,True,PHO,solidifi_benchmark
701,15,32,252,6,3,1,1,1,0,376,6,1,1.0,0,72,0.1914893617021276,0,0,0,0,94,206,0,47,0,9,4,0.0,0.0,562.0,14874.266666666666,1,17,11,0,3,0.6470588235294118,0,6,6,5,1,3,0.375,5,1,0.8333333333333334,3,1,4,3,11,1.3333333333333333,5,0,0,1.0,0,0,0,0,0,0,0,376,18,135,0.0,0.42857142857142855,0.0,0.002652519893899204,53.714285714285715,0.023872679045092837,1.5,0.0,0.0,0.0,0,8.864893617021277,7.2,1,0.0,0.0,0.0,0.0,0.0,141376.0,2256.0,376.0,3384.0,36.0,6.0,54.0,1.0,9.0,81.0,True,buggy_20,solidifi_benchmark
702,20,40,389,44,26,12,0,5,0,617,13,1,1.2954545454545454,0,3,0.0048622366288492,0,6,1,0,101,350,0,60,1,13,5,0.0,0.0,789.0,20999.53846153846,2,163,125,1,9,0.7668711656441718,12,57,44,53,2,26,0.3291139240506329,35,9,1.2045454545454546,17,12,22,14,104,1.5714285714285714,36,0,0,1.0,0,0,0,0,0,0,0,3085,1144,260,0.0,0.5777777777777777,0.0,0.008090614886731391,13.71111111111111,0.021035598705501618,1.4285714285714286,0.0,0.0,0.0,0,4.798622366288492,20.3,1,0.0,0.0,0.0,0.0,0.0,380689.0,27148.0,3085.0,8021.0,1936.0,220.0,572.0,25.0,65.0,169.0,True,buggy_30,solidifi_benchmark
703,14,30,230,3,1,0,0,1,0,331,7,1,1.0,0,55,0.1661631419939577,0,0,0,0,73,203,0,44,0,9,3,0.0,0.0,520.0,12428.0,0,7,4,0,2,0.5714285714285714,0,3,3,2,1,1,0.3333333333333333,2,1,0.6666666666666666,2,0,1,1,5,1.0,3,0,0,1.0,0,0,0,0,0,0,0,331,3,126,0.0,0.25,0.0,0.0030120481927710845,82.75,0.02710843373493976,1.4,0.0,0.0,0.0,0,6.611631419939577,5.5,1,0.0,0.0,0.0,0.0,0.0,109561.0,993.0,331.0,2979.0,9.0,3.0,27.0,1.0,9.0,81.0,True,EventMetadata,solidifi_benchmark
704,4,11,57,16,8,6,0,1,0,86,1,1,1.0,0,3,0.0348837209302325,0,0,0,0,30,45,0,15,0,9,3,0.0,0.0,152.0,1038.6666666666667,1,55,39,0,7,0.7090909090909091,3,16,16,15,1,8,0.3478260869565217,15,1,0.9375,5,6,11,8,32,1.375,14,0,0,1.0,0,0,0,0,0,0,0,86,128,36,0.0,0.47058823529411764,0.0,0.011494252873563218,5.0588235294117645,0.10344827586206896,0.4,0.0,0.0,0.0,0,5.2988372093023255,0.3,1,0.0,0.0,0.0,0.0,0.0,7396.0,1376.0,86.0,774.0,256.0,16.0,144.0,1.0,9.0,81.0,True,TAMCContract,solidifi_benchmark
706,8,21,145,32,15,8,0,5,0,194,1,1,1.25,0,8,0.0412371134020618,1,0,0,0,60,115,0,29,0,8,3,0.0,0.0,330.0,5795.625,1,115,87,0,10,0.7565217391304347,5,40,32,32,1,15,0.3191489361702128,31,1,1.0,8,8,22,15,63,1.4666666666666666,30,0,0,1.0,0,0,0,0,0,0,0,970,480,64,0.0,0.45454545454545453,0.0,0.02564102564102564,5.878787878787879,0.041025641025641026,0.8888888888888888,0.0,0.0,0.0,0,5.162371134020618,0.8,1,0.0,0.0,0.0,0.0,0.0,37636.0,6208.0,970.0,1552.0,1024.0,160.0,256.0,25.0,40.0,64.0,True,CareerOnToken,solidifi_benchmark
707,8,21,144,10,4,0,0,1,0,208,4,1,1.0,0,63,0.3028846153846153,0,0,0,0,62,115,0,29,0,8,3,0.0,0.0,329.0,5860.3125,0,14,9,0,2,0.6428571428571429,0,5,10,7,1,4,0.3636363636363636,10,0,0.7,7,0,4,4,21,1.0,10,0,0,1.0,0,0,0,0,0,0,0,208,40,64,0.0,0.36363636363636365,0.0,0.004784688995215311,18.90909090909091,0.03827751196172249,0.8888888888888888,0.0,0.0,0.0,0,7.9788461538461535,6.3,1,0.0,0.0,0.0,0.0,0.0,43264.0,2080.0,208.0,1664.0,100.0,10.0,80.0,1.0,8.0,64.0,True,buggy_32,solidifi_benchmark
708,23,0,33,38,28,6,0,1,0,167,3,1,1.0,0,8,0.0479041916167664,24,5,1,0,29,27,0,23,0,6,2,0.0,0.0,263.0,2099.616666666667,2,93,55,0,5,0.5913978494623656,11,38,38,9,2,28,0.7567567567567568,36,2,0.2368421052631578,32,6,5,27,20,0.1851851851851851,9,0,0,1.0,0,0,0,0,0,0,0,167,1064,138,0.0,0.717948717948718,0.0,0.005952380952380952,4.282051282051282,0.03571428571428571,3.2857142857142856,0.0,0.0,0.0,0,5.429041916167664,17.8,1,0.0,0.0,0.0,0.0,0.0,27889.0,6346.0,167.0,1002.0,1444.0,38.0,228.0,1.0,6.0,36.0,True,buggy_26,solidifi_benchmark
709,20,0,34,30,20,8,0,5,0,153,1,1,1.2666666666666666,0,8,0.0522875816993464,21,0,0,0,34,21,0,20,0,5,2,0.0,0.0,234.0,2279.16,2,96,70,0,10,0.7291666666666666,4,38,30,7,1,20,0.7407407407407407,29,1,0.2333333333333333,25,8,7,20,15,0.35,8,0,0,1.0,0,0,0,0,0,0,0,765,600,100,0.0,0.6451612903225806,0.0,0.032467532467532464,4.935483870967742,0.032467532467532464,3.3333333333333335,0.0,0.0,0.0,0,5.272875816993464,0.8,1,0.0,0.0,0.0,0.0,0.0,23409.0,4590.0,765.0,765.0,900.0,150.0,150.0,25.0,25.0,25.0,True,CareerOnToken,solidifi_benchmark
710,17,0,33,26,18,6,0,3,0,186,2,1,1.0769230769230769,0,76,0.4086021505376344,17,0,0,0,35,17,0,17,0,5,2,0.0,0.0,203.0,1904.14,2,81,55,0,8,0.6790123456790124,6,28,26,8,2,18,0.6923076923076923,24,2,0.3076923076923077,22,6,7,18,19,0.3888888888888889,8,0,0,1.0,0,0,0,0,0,0,0,558,468,85,0.0,0.6666666666666666,0.0,0.016042780748663103,6.888888888888889,0.026737967914438502,2.8333333333333335,0.0,0.0,0.0,0,8.936021505376344,7.6,1,0.0,0.0,0.0,0.0,0.0,34596.0,4836.0,558.0,930.0,676.0,78.0,130.0,9.0,15.0,25.0,True,AO,solidifi_benchmark
711,32,0,61,13,7,0,0,1,0,277,4,1,1.0,0,58,0.2093862815884476,7,0,0,0,62,35,0,32,0,6,2,0.0,0.0,381.0,5492.749999999998,1,14,7,0,1,0.5,0,7,13,0,0,7,1.0,13,0,0.0,13,0,0,7,10,0.0,5,0,0,1.0,0,0,0,0,0,0,0,277,91,192,0.0,0.5,0.0,0.0035971223021582736,19.785714285714285,0.02158273381294964,4.571428571428571,0.0,0.0,0.0,0,7.043862815884476,5.8,1,0.0,0.0,0.0,0.0,0.0,76729.0,3601.0,277.0,1662.0,169.0,13.0,78.0,1.0,6.0,36.0,True,buggy_16,solidifi_benchmark
712,30,0,34,35,21,3,3,1,0,191,2,1,1.0,0,3,0.0157068062827225,21,0,0,0,34,30,0,30,0,3,2,0.0,0.0,334.0,6123.333333333333,2,84,49,0,5,0.5833333333333334,5,35,35,10,2,21,0.6774193548387096,30,5,0.2857142857142857,31,3,2,21,4,0.0952380952380952,4,0,0,1.0,0,0,0,0,0,0,0,191,735,90,0.0,0.5833333333333334,0.0,0.005208333333333333,5.305555555555555,0.015625,7.5,0.0,0.0,0.0,0,11.107068062827224,0.3,1,0.0,0.0,0.0,0.0,0.0,36481.0,6685.0,191.0,573.0,1225.0,35.0,105.0,1.0,3.0,9.0,True,Ownable,solidifi_benchmark
713,9,1,21,13,11,1,0,6,0,118,1,1,2.230769230769231,0,21,0.1779661016949152,7,0,0,0,25,9,0,10,0,8,3,0.0,0.0,116.0,453.85,1,66,56,3,12,0.8484848484848485,7,29,13,7,2,11,0.6111111111111112,11,2,0.5384615384615384,11,1,3,7,20,0.4285714285714285,6,0,0,1.0,0,0,0,0,0,0,0,708,143,72,0.0,0.7857142857142857,0.0,0.05042016806722689,8.428571428571429,0.06722689075630252,1.0,0.0,0.0,0.0,0,6.4796610169491515,2.1,1,0.0,0.0,0.0,0.0,0.0,13924.0,1534.0,708.0,944.0,169.0,78.0,104.0,36.0,48.0,64.0,True,ProofOfExistence,solidifi_benchmark
714,23,0,31,27,22,6,0,1,0,184,5,1,1.0,0,15,0.0815217391304347,15,5,1,0,28,26,0,23,0,7,3,0.0,0.0,261.0,1722.6,2,69,42,0,4,0.6086956521739131,6,27,27,9,2,22,0.7096774193548387,22,5,0.3333333333333333,20,6,5,16,21,0.3125,10,0,0,1.0,0,0,0,0,0,0,0,184,594,161,0.0,0.7857142857142857,0.0,0.005405405405405406,6.571428571428571,0.03783783783783784,2.875,0.0,0.0,0.0,0,5.765217391304347,18.5,1,0.0,0.0,0.0,0.0,0.0,33856.0,4968.0,184.0,1288.0,729.0,27.0,189.0,1.0,7.0,49.0,True,buggy_14,solidifi_benchmark
715,28,0,48,5,3,1,1,1,0,236,3,1,1.0,0,42,0.1779661016949152,3,0,0,0,42,34,0,28,0,6,2,0.0,0.0,328.0,3597.066666666667,0,12,7,0,3,0.5833333333333334,0,5,5,2,1,3,0.6,5,0,0.4,6,1,1,3,1,0.3333333333333333,1,0,0,1.0,0,0,0,0,0,0,0,236,15,168,0.0,0.5,0.0,0.004219409282700422,39.333333333333336,0.02531645569620253,4.0,0.0,0.0,0.0,0,8.729661016949152,4.2,1,0.0,0.0,0.0,0.0,0.0,55696.0,1180.0,236.0,1416.0,25.0,5.0,30.0,1.0,6.0,36.0,True,buggy_19,solidifi_benchmark
716,30,4,47,8,4,0,0,1,0,341,3,1,1.0,0,17,0.0498533724340175,4,0,0,0,42,43,0,34,2,17,6,0.0,0.0,367.0,1556.5117647058823,1,8,4,0,1,0.5,0,4,8,0,0,4,1.0,8,0,0.0,8,0,0,4,8,0.0,4,0,0,1.0,0,0,0,0,0,0,0,341,32,510,0.0,0.4444444444444444,0.0,0.0029239766081871343,37.888888888888886,0.049707602339181284,1.6666666666666667,0.0,0.0,0.0,0,5.448533724340175,1.7,1,0.0,0.0,0.0,0.0,0.0,116281.0,2728.0,341.0,5797.0,64.0,8.0,136.0,1.0,17.0,289.0,True,Token,solidifi_benchmark
717,32,1,51,5,3,1,1,1,0,323,5,1,1.0,0,30,0.0928792569659442,3,0,0,0,51,35,0,33,1,9,3,0.0,0.0,376.0,3154.222222222222,0,13,8,0,4,0.6153846153846154,0,5,5,2,1,3,0.6,5,0,0.4,6,1,1,3,1,0.3333333333333333,1,0,0,1.0,0,0,0,0,0,0,0,323,15,288,0.0,0.5,0.0,0.0030864197530864196,53.833333333333336,0.027777777777777776,3.2,0.0,0.0,0.0,0,7.878792569659442,3.0,1,0.0,0.0,0.0,0.0,0.0,104329.0,1615.0,323.0,2907.0,25.0,5.0,45.0,1.0,9.0,81.0,True,buggy_27,solidifi_benchmark
719,28,0,34,39,29,11,4,5,0,173,1,1,1.1538461538461535,0,6,0.0346820809248554,33,0,0,0,33,29,0,28,0,4,2,0.0,0.0,314.0,4184.05,2,124,88,0,11,0.7096774193548387,1,45,39,23,2,29,0.5576923076923077,37,2,0.5897435897435898,37,11,4,29,4,0.1379310344827586,4,0,1,1.0,0,1,0,0,0,0,0,865,1131,112,0.0,0.725,0.0,0.028735632183908046,4.325,0.022988505747126436,5.6,0.0,0.0,0.0,0,13.096820809248554,0.6,1,0.0,0.0,0.0,0.0,0.0,29929.0,6747.0,865.0,692.0,1521.0,195.0,156.0,25.0,20.0,16.0,True,StockBet,solidifi_benchmark
722,31,0,44,6,4,1,1,1,0,282,3,1,1.0,0,97,0.3439716312056737,4,0,0,0,44,32,0,31,0,5,2,0.0,0.0,354.0,4701.12,1,15,9,0,4,0.6,0,6,6,2,1,4,0.6666666666666666,6,0,0.3333333333333333,7,1,1,4,1,0.25,1,0,0,1.0,0,0,0,0,0,0,0,282,24,155,0.0,0.5714285714285714,0.0,0.0035335689045936395,40.285714285714285,0.0176678445229682,5.166666666666667,0.0,0.0,0.0,0,10.389716312056738,9.7,1,0.0,0.0,0.0,0.0,0.0,79524.0,1692.0,282.0,1410.0,36.0,6.0,30.0,1.0,5.0,25.0,True,Ownable,solidifi_benchmark
723,32,0,39,8,4,0,0,1,0,253,5,1,1.0,0,81,0.3201581027667984,4,0,0,0,39,34,0,32,0,7,2,0.0,0.0,359.0,3220.7428571428563,1,20,12,0,2,0.6,0,8,8,4,1,4,0.5,8,0,0.5,5,0,0,4,8,0.0,4,0,0,1.0,0,0,0,0,0,0,0,253,32,224,0.0,0.4444444444444444,0.0,0.003937007874015748,28.11111111111111,0.027559055118110236,4.0,0.0,0.0,0.0,0,8.151581027667984,8.1,1,0.0,0.0,0.0,0.0,0.0,64009.0,2024.0,253.0,1771.0,64.0,8.0,56.0,1.0,7.0,49.0,True,SafeMath,solidifi_benchmark
724,32,0,45,12,6,0,0,1,0,220,3,1,1.0,0,25,0.1136363636363636,6,0,0,0,45,39,0,32,1,9,4,0.0,0.0,365.0,2932.1666666666665,1,12,6,0,1,0.5,0,6,12,0,0,6,1.0,12,0,0.0,12,0,0,6,10,0.0,5,0,0,1.0,0,0,0,0,0,0,0,220,72,288,0.0,0.46153846153846156,0.0,0.004524886877828055,16.923076923076923,0.04072398190045249,3.2,0.0,0.0,0.0,0,6.086363636363636,2.5,1,0.0,0.0,0.0,0.0,0.0,48400.0,2640.0,220.0,1980.0,144.0,12.0,108.0,1.0,9.0,81.0,True,has,solidifi_benchmark
725,24,0,42,3,2,1,1,1,0,264,4,1,1.0,0,98,0.3712121212121212,2,0,0,0,41,26,0,24,0,5,2,0.0,0.0,282.0,3338.88,0,6,3,0,1,0.5,0,3,3,0,0,2,1.0,3,0,0.0,3,1,0,2,0,0.0,0,0,0,1.0,0,0,0,0,0,0,0,264,6,120,0.0,0.5,0.0,0.0037735849056603774,66.0,0.018867924528301886,4.0,0.0,0.0,0.0,0,10.662121212121212,9.8,1,0.0,0.0,0.0,0.0,0.0,69696.0,792.0,264.0,1320.0,9.0,3.0,15.0,1.0,5.0,25.0,True,buggy_9,solidifi_benchmark
726,32,1,65,14,8,0,0,1,0,298,7,1,1.0,0,66,0.2214765100671141,8,0,0,0,62,39,0,33,0,10,3,0.0,0.0,390.0,3482.7,1,16,8,0,1,0.5,0,8,14,0,0,8,1.0,14,0,0.0,14,0,0,8,10,0.0,5,0,0,1.0,0,0,0,0,0,0,0,298,112,320,0.0,0.5333333333333333,0.0,0.0033444816053511705,19.866666666666667,0.033444816053511704,2.909090909090909,0.0,0.0,0.0,0,7.164765100671142,6.6,1,0.0,0.0,0.0,0.0,0.0,88804.0,4172.0,298.0,2980.0,196.0,14.0,140.0,1.0,10.0,100.0,True,buggy_12,solidifi_benchmark
727,26,0,41,29,26,3,0,1,0,360,6,1,1.0,0,167,0.4638888888888889,16,8,1,0,37,30,0,26,0,7,3,0.0,0.0,301.0,2494.0,2,77,48,0,4,0.6233766233766234,8,29,29,12,2,26,0.6842105263157895,24,5,0.4137931034482758,20,3,8,20,26,0.4,12,0,0,1.0,0,0,0,0,0,0,0,360,754,182,0.0,0.8666666666666667,0.0,0.002770083102493075,12.0,0.019390581717451522,3.25,0.0,0.0,0.0,0,9.588888888888889,42.7,1,0.0,0.0,0.0,0.0,0.0,129600.0,10440.0,360.0,2520.0,841.0,29.0,203.0,1.0,7.0,49.0,True,buggy_23,solidifi_benchmark
729,27,4,37,42,28,6,1,1,0,171,1,1,1.0,0,3,0.0175438596491228,27,0,0,0,34,34,0,31,0,10,3,0.0,0.0,327.0,1890.06,2,117,75,0,10,0.6410256410256411,8,42,42,18,1,28,0.6086956521739131,42,0,0.4285714285714285,36,6,6,26,10,0.2307692307692307,8,0,0,1.0,0,0,0,0,0,0,0,171,1176,270,0.0,0.6511627906976745,0.0,0.005813953488372093,3.9767441860465116,0.05813953488372093,2.4545454545454546,0.0,0.0,0.0,0,7.125438596491228,0.3,1,0.0,0.0,0.0,0.0,0.0,29241.0,7182.0,171.0,1710.0,1764.0,42.0,420.0,1.0,10.0,100.0,True,digitalNotary,solidifi_benchmark
730,31,0,44,6,4,1,1,1,0,282,3,1,1.0,0,97,0.3439716312056737,4,0,0,0,44,32,0,31,0,5,2,0.0,0.0,354.0,4701.12,1,15,9,0,4,0.6,0,6,6,2,1,4,0.6666666666666666,6,0,0.3333333333333333,7,1,1,4,1,0.25,1,0,0,1.0,0,0,0,0,0,0,0,282,24,155,0.0,0.5714285714285714,0.0,0.0035335689045936395,40.285714285714285,0.0176678445229682,5.166666666666667,0.0,0.0,0.0,0,10.389716312056738,9.7,1,0.0,0.0,0.0,0.0,0.0,79524.0,1692.0,282.0,1410.0,36.0,6.0,30.0,1.0,5.0,25.0,True,Ownable,solidifi_benchmark
731,9,0,14,12,10,2,1,6,0,51,1,1,1.5833333333333333,0,3,0.0588235294117647,8,0,0,0,16,8,0,9,0,5,3,0.0,0.0,104.0,449.28,1,40,30,1,8,0.75,2,19,12,5,2,10,0.6666666666666666,12,0,0.4166666666666667,11,2,3,9,4,0.3333333333333333,4,0,0,1.0,0,0,0,0,0,0,0,306,120,45,0.0,0.7692307692307693,0.0,0.11538461538461539,3.923076923076923,0.09615384615384616,1.5,0.0,0.0,0.0,0,7.288235294117646,0.3,1,0.0,0.0,0.0,0.0,0.0,2601.0,612.0,306.0,255.0,144.0,72.0,60.0,36.0,30.0,25.0,True,DocumentSigner,solidifi_benchmark
732,32,0,44,14,8,0,0,1,0,260,5,1,1.0,0,75,0.2884615384615384,8,0,0,0,42,36,0,32,0,8,2,0.0,0.0,364.0,3057.6,1,16,8,0,1,0.5,0,8,14,0,0,8,1.0,14,0,0.0,14,0,0,8,10,0.0,5,0,0,1.0,0,0,0,0,0,0,0,260,112,256,0.0,0.5333333333333333,0.0,0.0038314176245210726,17.333333333333332,0.03065134099616858,3.5555555555555554,0.0,0.0,0.0,0,7.834615384615384,7.5,1,0.0,0.0,0.0,0.0,0.0,67600.0,3640.0,260.0,2080.0,196.0,14.0,112.0,1.0,8.0,64.0,True,buggy_48,solidifi_benchmark
734,31,0,33,35,21,3,3,1,0,197,2,1,1.0,0,3,0.015228426395939,21,0,0,0,33,31,0,31,0,3,2,0.0,0.0,343.0,6254.033333333334,2,84,49,0,5,0.5833333333333334,5,35,35,10,2,21,0.6774193548387096,30,5,0.2857142857142857,31,3,2,21,4,0.0952380952380952,4,0,0,1.0,0,0,0,0,0,0,0,197,735,93,0.0,0.5833333333333334,0.0,0.005050505050505051,5.472222222222222,0.015151515151515152,7.75,0.0,0.0,0.0,0,11.10228426395939,0.3,1,0.0,0.0,0.0,0.0,0.0,38809.0,6895.0,197.0,591.0,1225.0,35.0,105.0,1.0,3.0,9.0,True,Ownable,solidifi_benchmark
735,17,0,33,26,18,6,0,3,0,183,2,1,1.0769230769230769,0,73,0.3989071038251366,17,0,0,0,35,17,0,17,0,5,2,0.0,0.0,203.0,1904.14,2,81,55,0,8,0.6790123456790124,6,28,26,8,2,18,0.6923076923076923,24,2,0.3076923076923077,22,6,7,18,19,0.3888888888888889,8,0,0,1.0,0,0,0,0,0,0,0,549,468,85,0.0,0.6666666666666666,0.0,0.016304347826086956,6.777777777777778,0.02717391304347826,2.8333333333333335,0.0,0.0,0.0,0,8.839071038251365,7.3,1,0.0,0.0,0.0,0.0,0.0,33489.0,4758.0,549.0,915.0,676.0,78.0,130.0,9.0,15.0,25.0,True,BitCash,solidifi_benchmark
736,24,0,35,29,26,3,0,1,0,469,5,1,1.0,0,292,0.6226012793176973,16,8,1,0,29,30,0,24,0,6,3,0.0,0.0,275.0,2291.6666666666665,2,78,49,0,5,0.6282051282051282,8,29,29,12,2,26,0.6842105263157895,24,5,0.4137931034482758,20,3,8,21,26,0.3809523809523809,12,0,0,1.0,0,0,0,0,0,0,0,469,754,144,0.0,0.8666666666666667,0.0,0.002127659574468085,15.633333333333333,0.01276595744680851,3.4285714285714284,0.0,0.0,0.0,0,11.176012793176973,55.2,1,0.0,0.0,0.0,0.0,0.0,219961.0,13601.0,469.0,2814.0,841.0,29.0,174.0,1.0,6.0,36.0,True,buggy_40,solidifi_benchmark
738,17,0,33,26,18,6,0,3,0,183,2,1,1.0769230769230769,0,73,0.3989071038251366,17,0,0,0,35,17,0,17,0,5,2,0.0,0.0,203.0,1904.14,2,81,55,0,8,0.6790123456790124,6,28,26,8,2,18,0.6923076923076923,24,2,0.3076923076923077,22,6,7,18,19,0.3888888888888889,8,0,0,1.0,0,0,0,0,0,0,0,549,468,85,0.0,0.6666666666666666,0.0,0.016304347826086956,6.777777777777778,0.02717391304347826,2.8333333333333335,0.0,0.0,0.0,0,8.839071038251365,7.3,1,0.0,0.0,0.0,0.0,0.0,33489.0,4758.0,549.0,915.0,676.0,78.0,130.0,9.0,15.0,25.0,True,MD,solidifi_benchmark
739,29,0,34,3,2,0,0,1,0,265,7,1,1.0,0,49,0.1849056603773584,2,0,0,0,35,30,0,29,0,6,3,0.0,0.0,324.0,3024.0,0,6,3,0,1,0.5,0,3,3,0,0,2,1.0,2,1,0.0,3,0,0,2,1,0.0,1,0,0,1.0,0,0,0,0,0,0,0,265,6,174,0.0,0.5,0.0,0.0037593984962406013,66.25,0.022556390977443608,4.142857142857143,0.0,0.0,0.0,0,6.799056603773584,4.9,1,0.0,0.0,0.0,0.0,0.0,70225.0,795.0,265.0,1590.0,9.0,3.0,18.0,1.0,6.0,36.0,True,EventMetadata,solidifi_benchmark
740,29,0,39,11,7,3,0,1,0,215,4,1,1.0,0,3,0.013953488372093,7,0,1,0,39,31,0,29,1,8,3,0.0,0.0,329.0,2496.2875,1,24,13,0,3,0.5416666666666666,3,11,11,0,0,7,1.0,11,0,0.0,11,3,1,7,3,0.1428571428571428,1,0,0,1.0,0,0,0,0,0,0,0,215,77,232,0.0,0.5833333333333334,0.0,0.004629629629629629,17.916666666666668,0.037037037037037035,3.2222222222222223,0.0,0.0,0.0,0,5.08953488372093,2.3,1,0.0,0.0,0.0,0.0,0.0,46225.0,2365.0,215.0,1720.0,121.0,11.0,88.0,1.0,8.0,64.0,True,buggy_38,solidifi_benchmark
742,18,0,31,12,7,1,0,1,0,129,2,1,1.0,0,38,0.2945736434108527,7,0,0,0,31,18,0,18,0,4,3,0.0,0.0,211.0,2299.9,1,14,7,0,1,0.5,0,7,12,0,0,7,1.0,12,0,0.0,12,1,0,7,10,0.0,5,0,0,1.0,0,0,0,0,0,0,0,129,84,72,0.0,0.5384615384615384,0.0,0.007692307692307693,9.923076923076923,0.03076923076923077,3.6,0.0,0.0,0.0,0,7.895736434108527,3.8,1,0.0,0.0,0.0,0.0,0.0,16641.0,1548.0,129.0,516.0,144.0,12.0,48.0,1.0,4.0,16.0,True,EIP20Interface,solidifi_benchmark
743,25,1,43,7,5,2,1,1,0,158,4,1,1.0,0,3,0.0189873417721519,5,0,0,0,36,34,0,26,0,11,4,0.0,0.0,298.0,1620.0363636363634,0,15,8,0,2,0.5333333333333333,0,7,7,1,1,5,0.8333333333333334,7,0,0.1428571428571428,7,2,1,5,1,0.2,1,0,0,1.0,0,0,0,0,0,0,0,158,35,275,0.0,0.625,0.0,0.006289308176100629,19.75,0.06918238993710692,2.0833333333333335,0.0,0.0,0.0,0,7.139873417721519,0.3,1,0.0,0.0,0.0,0.0,0.0,24964.0,1106.0,158.0,1738.0,49.0,7.0,77.0,1.0,11.0,121.0,True,Owned,solidifi_benchmark
744,29,0,39,11,7,3,0,1,0,215,4,1,1.0,0,3,0.013953488372093,7,0,1,0,39,31,0,29,1,8,3,0.0,0.0,329.0,2496.2875,1,24,13,0,3,0.5416666666666666,3,11,11,0,0,7,1.0,11,0,0.0,11,3,1,7,3,0.1428571428571428,1,0,0,1.0,0,0,0,0,0,0,0,215,77,232,0.0,0.5833333333333334,0.0,0.004629629629629629,17.916666666666668,0.037037037037037035,3.2222222222222223,0.0,0.0,0.0,0,5.08953488372093,2.3,1,0.0,0.0,0.0,0.0,0.0,46225.0,2365.0,215.0,1720.0,121.0,11.0,88.0,1.0,8.0,64.0,True,buggy_28,solidifi_benchmark
745,22,0,61,32,25,3,1,17,0,216,1,1,1.65625,1,39,0.1805555555555555,26,0,0,0,55,28,0,22,2,10,4,0.0,0.0,281.0,2096.26,3,137,115,2,13,0.8394160583941606,1,53,32,12,1,25,0.6756756756756757,32,0,0.375,28,3,7,25,31,0.28,8,1,0,0.0,0,0,1,0,0,25,0,3672,800,220,0.0,0.7575757575757576,0.0,0.07834101382488479,6.545454545454546,0.04608294930875576,2.0,0.030303030303030304,0.038461538461538464,0.7,0,7.955555555555554,3.9,1,1.0,216.0,32.0,17.0,10.0,46656.0,6912.0,3672.0,2160.0,1024.0,544.0,320.0,289.0,170.0,100.0,True,WhiteBetting,solidifi_benchmark
746,11,0,15,16,11,6,0,1,0,67,1,1,1.0,0,3,0.044776119402985,11,0,0,0,17,12,0,11,0,6,2,0.0,0.0,125.0,529.1666666666666,1,47,31,0,7,0.6595744680851063,3,16,16,2,1,11,0.8461538461538461,15,1,0.125,15,6,3,11,7,0.2727272727272727,3,0,0,1.0,0,0,0,0,0,0,0,67,176,66,0.0,0.6470588235294118,0.0,0.014705882352941176,3.9411764705882355,0.08823529411764706,1.5714285714285714,0.0,0.0,0.0,0,5.39776119402985,0.3,1,0.0,0.0,0.0,0.0,0.0,4489.0,1072.0,67.0,402.0,256.0,16.0,96.0,1.0,6.0,36.0,True,TAMC,solidifi_benchmark
747,35,14,50,61,109,21,2,29,0,743,2,1,3.2131147540983607,5,143,0.1924629878869448,33,27,0,0,46,53,0,49,0,12,4,0.0,0.0,470.0,3254.7499999999995,3,447,447,34,31,1.0,6,196,61,28,2,109,0.7956204379562044,50,11,0.4590163934426229,49,21,10,36,32,0.2777777777777778,19,0,0,1.0,0,0,0,0,0,0,0,21547,6649,420,0.0,1.7580645161290323,0.0,0.038978494623655914,11.983870967741936,0.016129032258064516,2.6923076923076925,0.0,0.0,0.0,0,9.474629878869447,95.3,1,0.0,0.0,0.0,0.0,0.0,552049.0,45323.0,21547.0,8916.0,3721.0,1769.0,732.0,841.0,348.0,144.0,True,buggy_24,solidifi_benchmark
748,31,0,39,14,8,0,0,1,0,220,5,1,1.0,0,49,0.2227272727272727,8,0,0,0,37,35,0,31,0,8,2,0.0,0.0,349.0,2682.9375,1,16,8,0,1,0.5,0,8,14,0,0,8,1.0,14,0,0.0,14,0,0,8,10,0.0,5,0,0,1.0,0,0,0,0,0,0,0,220,112,248,0.0,0.5333333333333333,0.0,0.004524886877828055,14.666666666666666,0.03619909502262444,3.4444444444444446,0.0,0.0,0.0,0,7.177272727272728,4.9,1,0.0,0.0,0.0,0.0,0.0,48400.0,3080.0,220.0,1760.0,196.0,14.0,112.0,1.0,8.0,64.0,True,ERC20Interface,solidifi_benchmark
749,30,0,61,5,3,1,1,1,0,221,5,1,1.0,0,7,0.0316742081447963,3,0,0,0,55,41,0,30,2,12,3,0.0,0.0,361.0,2517.9750000000004,0,11,6,0,2,0.5454545454545454,0,5,5,1,1,3,0.75,5,0,0.2,5,1,1,3,1,0.3333333333333333,1,0,0,1.0,0,0,0,0,0,0,0,221,15,360,0.0,0.5,0.0,0.0045045045045045045,36.833333333333336,0.05405405405405406,2.3076923076923075,0.0,0.0,0.0,0,7.266742081447963,0.7,1,0.0,0.0,0.0,0.0,0.0,48841.0,1105.0,221.0,2652.0,25.0,5.0,60.0,1.0,12.0,144.0,True,buggy_17,solidifi_benchmark
750,18,0,28,25,18,12,1,9,0,128,2,1,1.32,0,15,0.1171875,18,0,1,0,23,26,0,18,0,6,3,0.0,0.0,208.0,1428.2666666666669,2,88,67,0,15,0.7613636363636364,4,33,25,6,1,18,0.75,23,2,0.24,23,12,2,18,5,0.1111111111111111,4,0,0,1.0,0,0,0,0,0,0,0,1152,450,108,0.0,0.6923076923076923,0.0,0.06976744186046512,4.923076923076923,0.046511627906976744,2.5714285714285716,0.0,0.0,0.0,0,7.721875,3.5,1,0.0,0.0,0.0,0.0,0.0,16384.0,3200.0,1152.0,768.0,625.0,225.0,150.0,81.0,54.0,36.0,True,PHO,solidifi_benchmark
751,31,1,56,6,4,1,1,1,0,321,6,1,1.0,0,72,0.2242990654205607,4,0,0,0,56,33,0,32,0,7,3,0.0,0.0,371.0,4192.3,1,14,8,0,3,0.5714285714285714,0,6,6,1,1,4,0.8,5,1,0.1666666666666666,6,1,1,4,1,0.25,1,0,0,1.0,0,0,0,0,0,0,0,321,24,217,0.0,0.5714285714285714,0.0,0.003105590062111801,45.857142857142854,0.021739130434782608,3.875,0.0,0.0,0.0,0,9.192990654205607,7.2,1,0.0,0.0,0.0,0.0,0.0,103041.0,1926.0,321.0,2247.0,36.0,6.0,42.0,1.0,7.0,49.0,True,buggy_20,solidifi_benchmark
752,32,0,53,36,22,12,0,5,0,531,13,1,1.3611111111111112,0,3,0.0056497175141242,8,6,1,0,43,44,0,32,1,10,5,0.0,0.0,373.0,2752.74,3,135,105,1,9,0.7777777777777778,12,49,36,31,2,22,0.4150943396226415,27,9,0.8611111111111112,23,12,10,10,70,1.0,20,0,0,1.0,0,0,0,0,0,0,0,2655,792,320,0.0,0.5945945945945946,0.0,0.009398496240601503,14.35135135135135,0.018796992481203006,2.909090909090909,0.0,0.0,0.0,0,4.806497175141242,20.3,1,0.0,0.0,0.0,0.0,0.0,281961.0,19116.0,2655.0,5310.0,1296.0,180.0,360.0,25.0,50.0,100.0,True,buggy_30,solidifi_benchmark
753,30,0,36,3,2,0,0,1,0,278,7,1,1.0,0,55,0.197841726618705,2,0,0,0,36,32,0,30,0,6,3,0.0,0.0,336.0,3270.4,0,6,3,0,1,0.5,0,3,3,0,0,2,1.0,2,1,0.0,3,0,0,2,1,0.0,1,0,0,1.0,0,0,0,0,0,0,0,278,6,180,0.0,0.5,0.0,0.0035842293906810036,69.5,0.021505376344086023,4.285714285714286,0.0,0.0,0.0,0,6.928417266187051,5.5,1,0.0,0.0,0.0,0.0,0.0,77284.0,834.0,278.0,1668.0,9.0,3.0,18.0,1.0,6.0,36.0,True,EventMetadata,solidifi_benchmark
754,11,0,15,16,11,6,0,1,0,67,1,1,1.0,0,3,0.044776119402985,11,0,0,0,17,12,0,11,0,6,2,0.0,0.0,125.0,529.1666666666666,1,47,31,0,7,0.6595744680851063,3,16,16,2,1,11,0.8461538461538461,15,1,0.125,15,6,3,11,7,0.2727272727272727,3,0,0,1.0,0,0,0,0,0,0,0,67,176,66,0.0,0.6470588235294118,0.0,0.014705882352941176,3.9411764705882355,0.08823529411764706,1.5714285714285714,0.0,0.0,0.0,0,5.39776119402985,0.3,1,0.0,0.0,0.0,0.0,0.0,4489.0,1072.0,67.0,402.0,256.0,16.0,96.0,1.0,6.0,36.0,True,TAMCContract,solidifi_benchmark
756,21,0,35,32,21,8,0,5,0,158,1,1,1.25,0,8,0.050632911392405,22,0,0,0,35,22,0,21,0,5,2,0.0,0.0,245.0,2469.6000000000004,2,100,72,0,10,0.72,5,40,32,7,1,21,0.75,31,1,0.21875,27,8,7,21,16,0.3333333333333333,9,0,0,1.0,0,0,0,0,0,0,0,790,672,105,0.0,0.6363636363636364,0.0,0.031446540880503145,4.787878787878788,0.031446540880503145,3.5,0.0,0.0,0.0,0,5.25632911392405,0.8,1,0.0,0.0,0.0,0.0,0.0,24964.0,5056.0,790.0,790.0,1024.0,160.0,160.0,25.0,25.0,25.0,True,CareerOnToken,solidifi_benchmark
757,21,0,34,10,5,0,0,1,0,172,4,1,1.0,0,63,0.3662790697674418,5,0,0,0,37,22,0,21,0,5,2,0.0,0.0,244.0,2557.12,0,10,5,0,1,0.5,0,5,10,0,0,5,1.0,10,0,0.0,10,0,0,5,10,0.0,5,0,0,1.0,0,0,0,0,0,0,0,172,50,105,0.0,0.45454545454545453,0.0,0.005780346820809248,15.636363636363637,0.028901734104046242,3.5,0.0,0.0,0.0,0,8.612790697674418,6.3,1,0.0,0.0,0.0,0.0,0.0,29584.0,1720.0,172.0,860.0,100.0,10.0,50.0,1.0,5.0,25.0,True,buggy_32,solidifi_benchmark
758,16,25,72,39,29,20,0,3,1,237,3,1,1.3076923076923077,0,8,0.0337552742616033,4,5,1,0,66,57,0,41,4,16,5,0.0,0.0,357.0,2362.89375,2,129,96,0,5,0.7441860465116279,11,51,39,21,2,29,0.58,36,3,0.5384615384615384,25,20,16,28,33,0.5714285714285714,20,0,0,1.0,0,0,0,0,0,0,0,711,1131,256,0.0,0.725,0.03333333333333333,0.012605042016806723,5.925,0.06722689075630252,0.9411764705882353,0.0,0.0,0.0,0,5.187552742616033,17.8,1,0.0,0.0,0.0,0.0,0.0,56169.0,9243.0,711.0,3792.0,1521.0,117.0,624.0,9.0,48.0,256.0,True,buggy_26,solidifi_benchmark
759,15,22,71,30,21,22,0,5,1,218,1,1,1.6,0,8,0.036697247706422,4,0,0,0,70,49,0,37,4,15,5,0.0,0.0,331.0,2301.5533333333333,2,129,108,0,10,0.8372093023255814,4,48,30,18,1,21,0.5384615384615384,29,1,0.6,18,22,16,21,26,0.7619047619047619,17,4,0,0.0,0,0,4,0,0,84,0,1090,630,225,0.0,0.6774193548387096,0.045454545454545456,0.0228310502283105,7.032258064516129,0.0684931506849315,0.9375,0.12903225806451613,0.18181818181818182,2.8,0,5.11697247706422,0.8,1,16.0,872.0,120.0,20.0,60.0,47524.0,6540.0,1090.0,3270.0,900.0,150.0,450.0,25.0,75.0,225.0,True,CareerOnToken,solidifi_benchmark
760,10,19,57,26,19,14,0,3,1,238,2,1,1.4615384615384617,0,76,0.3193277310924369,3,0,0,0,57,37,0,29,2,14,5,0.0,0.0,252.0,1492.2,2,108,87,0,8,0.8055555555555556,6,38,26,17,2,19,0.5277777777777778,24,2,0.6538461538461539,17,14,15,19,29,0.7894736842105263,16,2,0,0.0,0,0,2,0,0,38,0,714,494,140,0.0,0.7037037037037037,0.05,0.012552301255230125,8.814814814814815,0.058577405857740586,0.6666666666666666,0.07407407407407407,0.1,1.4,0,8.043277310924369,7.6,1,4.0,476.0,52.0,6.0,28.0,56644.0,6188.0,714.0,3332.0,676.0,78.0,364.0,9.0,42.0,196.0,True,AO,solidifi_benchmark
761,26,44,144,15,9,1,0,3,1,407,4,1,1.4,0,58,0.1425061425061425,1,0,0,0,119,111,0,70,4,14,5,0.0,0.0,624.0,8767.2,1,29,23,0,5,0.7931034482758621,0,15,15,4,1,9,0.6923076923076923,14,1,0.2666666666666666,15,1,3,9,13,0.3333333333333333,8,0,0,1.0,0,0,0,0,0,0,0,1221,135,364,0.0,0.5625,0.1,0.007352941176470588,25.4375,0.03431372549019608,1.7333333333333334,0.0,0.0,0.0,0,6.275061425061424,5.8,1,0.0,0.0,0.0,0.0,0.0,165649.0,6105.0,1221.0,5698.0,225.0,45.0,210.0,9.0,42.0,196.0,True,buggy_16,solidifi_benchmark
762,20,32,82,36,22,14,3,3,1,271,2,1,1.2777777777777777,0,3,0.011070110701107,2,0,0,0,75,70,0,52,4,13,5,0.0,0.0,442.0,4215.999999999999,2,112,81,0,5,0.7232142857142857,5,46,36,20,2,22,0.5238095238095238,30,6,0.5555555555555556,26,14,13,22,17,0.5909090909090909,15,3,0,0.0,0,0,3,0,0,66,0,813,792,260,0.0,0.5945945945945946,0.043478260869565216,0.011029411764705883,7.324324324324325,0.04779411764705882,1.4285714285714286,0.08108108108108109,0.13043478260869565,2.1,0,10.960701107011069,0.3,1,9.0,813.0,108.0,9.0,39.0,73441.0,9756.0,813.0,3523.0,1296.0,108.0,468.0,9.0,39.0,169.0,True,Ownable,solidifi_benchmark
763,7,8,29,14,11,6,0,6,0,141,1,1,2.4285714285714284,0,21,0.1489361702127659,0,0,0,0,37,14,0,15,1,15,5,0.0,0.0,139.0,433.68,1,78,69,3,12,0.8846153846153846,7,34,14,13,2,11,0.4583333333333333,11,3,0.9285714285714286,11,6,5,7,22,0.7142857142857143,8,1,0,0.0,0,0,1,0,0,11,0,846,154,105,0.0,0.7333333333333333,0.0,0.04225352112676056,9.4,0.1056338028169014,0.4375,0.06666666666666667,0.08333333333333333,0.7,0,6.189361702127658,2.1,1,1.0,141.0,14.0,6.0,15.0,19881.0,1974.0,846.0,2115.0,196.0,84.0,210.0,36.0,90.0,225.0,True,ProofOfExistence,solidifi_benchmark
764,17,25,70,28,23,18,0,3,1,253,5,1,1.3571428571428572,0,15,0.0592885375494071,3,5,1,0,65,57,0,42,4,17,6,0.0,0.0,365.0,2252.264705882353,2,96,73,0,5,0.7604166666666666,6,38,28,16,2,23,0.5897435897435898,22,6,0.5714285714285714,15,18,11,17,27,0.6470588235294118,16,0,0,1.0,0,0,0,0,0,0,0,759,644,289,0.0,0.7931034482758621,0.041666666666666664,0.011811023622047244,8.724137931034482,0.06692913385826772,0.9444444444444444,0.0,0.0,0.0,0,5.442885375494071,18.5,1,0.0,0.0,0.0,0.0,0.0,64009.0,7084.0,759.0,4301.0,784.0,84.0,476.0,9.0,51.0,289.0,True,buggy_14,solidifi_benchmark
765,19,29,92,5,4,1,1,1,1,312,3,1,1.0,0,42,0.1346153846153846,1,0,0,0,82,69,0,48,4,15,5,0.0,0.0,427.0,3709.206666666666,0,13,8,0,3,0.6153846153846154,0,5,5,2,1,4,0.6666666666666666,5,0,0.4,6,1,3,4,3,0.75,3,0,0,1.0,0,0,0,0,0,0,0,312,20,285,0.0,0.6666666666666666,0.2,0.003194888178913738,52.0,0.04792332268370607,1.1875,0.0,0.0,0.0,0,8.296153846153846,4.2,1,0.0,0.0,0.0,0.0,0.0,97344.0,1560.0,312.0,4680.0,25.0,5.0,75.0,1.0,15.0,225.0,True,buggy_19,solidifi_benchmark
766,22,32,88,8,4,0,0,3,0,416,3,1,1.5,0,17,0.0408653846153846,1,0,0,0,81,76,0,54,6,23,6,0.0,0.0,468.0,2730.6782608695653,0,15,13,0,3,0.8666666666666667,0,8,8,1,1,4,0.8,8,0,0.125,8,0,2,4,12,0.5,6,0,0,1.0,0,0,0,0,0,0,0,1248,32,506,0.0,0.4444444444444444,0.0,0.007194244604316547,46.22222222222222,0.05515587529976019,0.9166666666666666,0.0,0.0,0.0,0,5.2586538461538455,1.7,1,0.0,0.0,0.0,0.0,0.0,173056.0,3328.0,1248.0,9568.0,64.0,24.0,184.0,9.0,69.0,529.0,True,Token,solidifi_benchmark
767,28,51,145,7,4,2,1,3,0,479,5,1,1.2857142857142858,0,30,0.0626304801670146,0,0,0,0,114,124,0,79,5,18,6,0.0,0.0,680.0,7585.777777777777,0,24,18,0,5,0.75,0,9,7,5,1,4,0.4444444444444444,6,1,0.7142857142857143,8,2,1,4,1,0.25,1,0,0,1.0,0,0,0,0,0,0,0,1437,28,504,0.0,0.5,0.0,0.00625,59.875,0.0375,1.4736842105263157,0.0,0.0,0.0,0,7.476304801670146,3.0,1,0.0,0.0,0.0,0.0,0.0,229441.0,3353.0,1437.0,8622.0,49.0,21.0,126.0,9.0,54.0,324.0,True,buggy_27,solidifi_benchmark
769,19,29,78,40,31,26,4,5,2,249,1,1,1.45,0,6,0.0240963855421686,9,0,0,0,73,64,0,48,4,13,5,0.0,0.0,413.0,3742.415384615384,2,163,132,0,11,0.8098159509202454,1,58,40,37,2,31,0.4558823529411764,37,3,0.925,27,26,18,31,20,0.5806451612903226,18,4,1,0.2,0,1,4,0,0,124,0,1245,1240,247,0.0,0.7560975609756098,0.0625,0.02,6.073170731707317,0.052,1.3571428571428572,0.0975609756097561,0.125,2.8,0,12.990963855421686,0.6,1,16.0,996.0,160.0,20.0,52.0,62001.0,9960.0,1245.0,3237.0,1600.0,200.0,520.0,25.0,65.0,169.0,True,StockBet,solidifi_benchmark
772,20,34,94,7,4,5,1,3,0,368,3,1,1.2857142857142858,0,97,0.2635869565217391,0,0,0,0,85,75,0,54,4,14,5,0.0,0.0,464.0,4557.142857142857,0,25,19,0,5,0.76,0,9,7,6,1,4,0.4,6,1,0.8571428571428571,7,5,2,4,2,0.5,2,1,0,0.0,0,0,1,0,0,4,0,1104,28,280,0.0,0.5,0.0,0.008130081300813009,46.0,0.037940379403794036,1.3333333333333333,0.125,0.2,0.7,0,9.48586956521739,9.7,1,1.0,368.0,7.0,3.0,14.0,135424.0,2576.0,1104.0,5152.0,49.0,21.0,98.0,9.0,42.0,196.0,True,Ownable,solidifi_benchmark
773,21,37,95,9,4,1,0,1,0,349,5,1,1.0,0,81,0.2320916905444126,0,0,0,0,84,82,0,58,4,16,5,0.0,0.0,490.0,4330.375,0,23,14,0,2,0.6086956521739131,0,9,9,6,1,4,0.4,8,1,0.6666666666666666,6,1,2,4,10,0.5,6,0,0,1.0,0,0,0,0,0,0,0,349,36,336,0.0,0.4,0.0,0.002857142857142857,34.9,0.045714285714285714,1.2352941176470589,0.0,0.0,0.0,0,7.2709169054441265,8.1,1,0.0,0.0,0.0,0.0,0.0,121801.0,3141.0,349.0,5584.0,81.0,9.0,144.0,1.0,16.0,256.0,True,SafeMath,solidifi_benchmark
774,25,42,124,13,6,7,0,3,0,339,3,1,1.1538461538461535,0,25,0.0737463126843657,0,0,0,0,100,110,0,67,5,16,6,0.0,0.0,584.0,6460.5,1,23,17,0,3,0.7391304347826086,0,9,13,5,1,6,0.5454545454545454,12,1,0.3846153846153846,12,7,2,6,12,0.3333333333333333,7,0,0,1.0,0,0,0,0,0,0,0,1017,78,400,0.0,0.42857142857142855,0.0,0.008823529411764706,24.214285714285715,0.047058823529411764,1.4705882352941178,0.0,0.0,0.0,0,5.587463126843657,2.5,1,0.0,0.0,0.0,0.0,0.0,114921.0,4407.0,1017.0,5424.0,169.0,39.0,208.0,9.0,48.0,256.0,True,has,solidifi_benchmark
775,17,26,83,4,2,2,1,3,0,337,4,1,1.5,0,98,0.2908011869436201,0,0,0,0,80,58,0,43,4,15,5,0.0,0.0,383.0,3079.32,0,10,7,0,3,0.7,0,6,4,2,1,2,0.5,3,1,0.5,5,2,0,2,0,0.0,0,0,0,1.0,0,0,0,0,0,0,0,1011,8,255,0.0,0.4,0.0,0.008875739644970414,67.4,0.04437869822485207,1.0625,0.0,0.0,0.0,0,9.758011869436201,9.8,1,0.0,0.0,0.0,0.0,0.0,113569.0,1348.0,1011.0,5055.0,16.0,12.0,60.0,9.0,45.0,225.0,True,buggy_9,solidifi_benchmark
776,22,40,121,15,9,1,0,3,1,402,7,1,1.2666666666666666,0,66,0.1641791044776119,1,0,0,0,110,87,0,62,4,19,6,0.0,0.0,541.0,4866.152631578947,1,25,18,0,3,0.72,0,13,15,4,1,9,0.6923076923076923,14,1,0.2666666666666666,15,1,4,9,14,0.4444444444444444,9,0,0,1.0,0,0,0,0,0,0,0,1206,135,418,0.0,0.5625,0.1,0.007444168734491315,25.125,0.04714640198511166,1.1,0.0,0.0,0.0,0,6.491791044776118,6.6,1,0.0,0.0,0.0,0.0,0.0,161604.0,6030.0,1206.0,7638.0,225.0,45.0,285.0,9.0,57.0,361.0,True,buggy_12,solidifi_benchmark
777,18,27,83,30,27,13,0,3,1,434,6,1,1.2,0,167,0.3847926267281106,3,8,1,0,76,63,0,45,4,17,6,0.0,0.0,398.0,2811.7529411764704,2,100,73,0,5,0.73,8,36,30,19,2,27,0.5869565217391305,24,6,0.6333333333333333,17,13,17,21,37,0.8095238095238095,21,0,0,1.0,0,0,0,0,0,0,0,1302,810,306,0.0,0.8709677419354839,0.03571428571428571,0.006896551724137931,14.0,0.03908045977011494,1.0,0.0,0.0,0.0,0,8.697926267281105,42.7,1,0.0,0.0,0.0,0.0,0.0,188356.0,13020.0,1302.0,7378.0,900.0,90.0,510.0,9.0,51.0,289.0,True,buggy_23,solidifi_benchmark
779,20,31,79,43,29,21,1,3,1,244,1,1,1.2790697674418603,0,3,0.0122950819672131,5,0,0,0,73,68,0,51,4,19,5,0.0,0.0,434.0,2754.757894736842,2,155,118,0,10,0.7612903225806451,8,55,43,32,1,29,0.4754098360655737,42,1,0.7441860465116279,27,21,18,27,24,0.6666666666666666,20,4,0,0.0,0,0,4,0,0,116,0,732,1247,380,0.0,0.6590909090909091,0.03333333333333333,0.012244897959183673,5.545454545454546,0.07755102040816327,1.0,0.09090909090909091,0.13333333333333333,2.8,0,6.972950819672131,0.3,1,16.0,976.0,172.0,12.0,76.0,59536.0,10492.0,732.0,4636.0,1849.0,129.0,817.0,9.0,57.0,361.0,True,digitalNotary,solidifi_benchmark
780,20,34,94,7,4,5,1,3,0,368,3,1,1.2857142857142858,0,97,0.2635869565217391,0,0,0,0,85,75,0,54,4,14,5,0.0,0.0,464.0,4557.142857142857,0,25,19,0,5,0.76,0,9,7,6,1,4,0.4,6,1,0.8571428571428571,7,5,2,4,2,0.5,2,1,0,0.0,0,0,1,0,0,4,0,1104,28,280,0.0,0.5,0.0,0.008130081300813009,46.0,0.037940379403794036,1.3333333333333333,0.125,0.2,0.7,0,9.48586956521739,9.7,1,1.0,368.0,7.0,3.0,14.0,135424.0,2576.0,1104.0,5152.0,49.0,21.0,98.0,9.0,42.0,196.0,True,Ownable,solidifi_benchmark
781,6,8,23,13,10,7,1,6,0,75,1,1,1.8461538461538465,0,3,0.04,1,0,0,0,28,14,0,14,1,12,5,0.0,0.0,123.0,387.4500000000001,1,52,43,1,8,0.8269230769230769,2,24,13,11,2,10,0.4761904761904761,12,1,0.8461538461538461,11,7,6,9,7,0.6666666666666666,7,1,0,0.0,0,0,1,0,0,10,0,450,130,72,0.0,0.7142857142857143,0.0,0.07894736842105263,5.357142857142857,0.15789473684210525,0.46153846153846156,0.07142857142857142,0.09090909090909091,0.7,0,7.1,0.3,1,1.0,75.0,13.0,6.0,12.0,5625.0,975.0,450.0,900.0,169.0,78.0,156.0,36.0,72.0,144.0,True,DocumentSigner,solidifi_benchmark
782,21,35,95,15,8,8,0,3,0,347,5,1,1.2666666666666666,0,75,0.2161383285302593,0,0,0,0,83,81,0,56,4,17,5,0.0,0.0,480.0,3944.470588235294,1,32,25,0,3,0.78125,0,13,15,8,1,8,0.5,14,1,0.5333333333333333,12,8,2,8,12,0.25,7,0,0,1.0,0,0,0,0,0,0,0,1041,120,357,0.0,0.5,0.0,0.008620689655172414,21.6875,0.04885057471264368,1.1666666666666667,0.0,0.0,0.0,0,7.011383285302593,7.5,1,0.0,0.0,0.0,0.0,0.0,120409.0,5205.0,1041.0,5899.0,225.0,45.0,255.0,9.0,51.0,289.0,True,buggy_48,solidifi_benchmark
784,20,34,83,36,21,14,3,3,0,283,2,1,1.3333333333333333,0,3,0.0106007067137809,1,0,0,0,74,74,0,54,4,13,5,0.0,0.0,453.0,4383.646153846154,2,117,87,0,5,0.7435897435897436,5,48,36,21,2,21,0.5,30,6,0.5833333333333334,25,14,12,21,16,0.5714285714285714,14,3,0,0.0,0,0,3,0,0,63,0,849,756,260,0.0,0.5675675675675675,0.0,0.01056338028169014,7.648648648648648,0.045774647887323945,1.4285714285714286,0.08108108108108109,0.13636363636363635,2.1,0,10.956007067137808,0.3,1,9.0,849.0,108.0,9.0,39.0,80089.0,10188.0,849.0,3679.0,1296.0,108.0,468.0,9.0,39.0,169.0,True,Ownable,solidifi_benchmark
785,10,19,57,26,19,14,0,3,1,235,2,1,1.4615384615384617,0,73,0.3106382978723404,3,0,0,0,57,37,0,29,2,14,5,0.0,0.0,252.0,1492.2,2,108,87,0,8,0.8055555555555556,6,38,26,17,2,19,0.5277777777777778,24,2,0.6538461538461539,17,14,15,19,29,0.7894736842105263,16,2,0,0.0,0,0,2,0,0,38,0,705,494,140,0.0,0.7037037037037037,0.05,0.012711864406779662,8.703703703703704,0.059322033898305086,0.6666666666666666,0.07407407407407407,0.1,1.4,0,7.956382978723403,7.3,1,4.0,470.0,52.0,6.0,28.0,55225.0,6110.0,705.0,3290.0,676.0,78.0,364.0,9.0,42.0,196.0,True,BitCash,solidifi_benchmark
786,17,26,76,30,27,10,0,3,1,542,5,1,1.3333333333333333,0,292,0.5387453874538746,3,8,1,0,68,62,0,43,4,16,6,0.0,0.0,376.0,2617.9,2,103,78,0,5,0.7572815533980582,8,40,30,19,2,27,0.5869565217391305,24,6,0.6333333333333333,18,10,16,22,36,0.7272727272727273,20,0,0,1.0,0,0,0,0,0,0,0,1626,810,272,0.0,0.8709677419354839,0.03571428571428571,0.0055248618784530384,17.483870967741936,0.029465930018416207,1.0,0.0,0.0,0.0,0,10.237453874538746,55.2,1,0.0,0.0,0.0,0.0,0.0,293764.0,16260.0,1626.0,8672.0,900.0,90.0,480.0,9.0,48.0,256.0,True,buggy_40,solidifi_benchmark
788,10,19,57,26,19,14,0,3,1,235,2,1,1.4615384615384617,0,73,0.3106382978723404,3,0,0,0,57,37,0,29,2,14,5,0.0,0.0,252.0,1492.2,2,108,87,0,8,0.8055555555555556,6,38,26,17,2,19,0.5277777777777778,24,2,0.6538461538461539,17,14,15,19,29,0.7894736842105263,16,2,0,0.0,0,0,2,0,0,38,0,705,494,140,0.0,0.7037037037037037,0.05,0.012711864406779662,8.703703703703704,0.059322033898305086,0.6666666666666666,0.07407407407407407,0.1,1.4,0,7.956382978723403,7.3,1,4.0,470.0,52.0,6.0,28.0,55225.0,6110.0,705.0,3290.0,676.0,78.0,364.0,9.0,42.0,196.0,True,MD,solidifi_benchmark
789,19,31,81,3,2,0,0,1,0,344,7,1,1.0,0,49,0.1424418604651162,0,0,0,0,76,68,0,50,4,16,6,0.0,0.0,426.0,3290.85,0,6,3,0,1,0.5,0,3,3,0,0,2,1.0,2,1,0.0,3,0,2,2,3,1.0,3,0,0,1.0,0,0,0,0,0,0,0,344,6,304,0.0,0.5,0.0,0.002898550724637681,86.0,0.0463768115942029,1.1176470588235294,0.0,0.0,0.0,0,6.374418604651162,4.9,1,0.0,0.0,0.0,0.0,0.0,118336.0,1032.0,344.0,5504.0,9.0,3.0,48.0,1.0,16.0,256.0,True,EventMetadata,solidifi_benchmark
790,19,31,86,12,8,6,0,3,1,294,4,1,1.3333333333333333,0,3,0.010204081632653,1,0,1,0,80,69,0,50,5,17,6,0.0,0.0,431.0,3252.7823529411767,1,35,25,0,3,0.7142857142857143,3,16,12,2,1,8,0.8,11,1,0.1666666666666666,12,6,4,8,8,0.5,4,0,0,1.0,0,0,0,0,0,0,0,882,96,323,0.0,0.6153846153846154,0.1111111111111111,0.010169491525423728,22.615384615384617,0.0576271186440678,1.0555555555555556,0.0,0.0,0.0,0,4.952040816326529,2.3,1,0.0,0.0,0.0,0.0,0.0,86436.0,3528.0,882.0,4998.0,144.0,36.0,204.0,9.0,51.0,289.0,True,buggy_38,solidifi_benchmark
792,11,20,56,13,8,5,0,3,1,182,2,1,1.1538461538461535,0,38,0.2087912087912088,1,0,0,0,53,40,0,31,2,14,6,0.0,0.0,266.0,1539.0,1,24,17,0,5,0.7083333333333334,0,10,13,4,1,8,0.6666666666666666,12,1,0.3076923076923077,13,5,4,8,14,0.5,9,1,0,0.0,0,0,1,0,0,8,0,546,104,154,0.0,0.5714285714285714,0.1111111111111111,0.01639344262295082,13.0,0.07650273224043716,0.7333333333333333,0.07142857142857142,0.1111111111111111,0.7,0,6.937912087912087,3.8,1,1.0,182.0,13.0,3.0,14.0,33124.0,2366.0,546.0,2548.0,169.0,39.0,182.0,9.0,42.0,196.0,True,EIP20Interface,solidifi_benchmark
793,18,28,83,8,5,3,1,3,0,231,4,1,1.75,0,3,0.0129870129870129,0,0,0,0,75,66,0,46,4,19,6,0.0,0.0,403.0,2570.7157894736843,0,25,20,0,3,0.8,0,14,8,5,1,5,0.5,7,1,0.625,8,3,2,5,2,0.4,2,0,0,1.0,0,0,0,0,0,0,0,693,40,342,0.0,0.5555555555555556,0.0,0.01293103448275862,25.666666666666668,0.08189655172413793,0.9,0.0,0.0,0.0,0,6.979870129870129,0.3,1,0.0,0.0,0.0,0.0,0.0,53361.0,1848.0,693.0,4389.0,64.0,24.0,152.0,9.0,57.0,361.0,True,Owned,solidifi_benchmark
794,19,31,86,12,8,6,0,3,1,294,4,1,1.3333333333333333,0,3,0.010204081632653,1,0,1,0,80,69,0,50,5,17,6,0.0,0.0,431.0,3252.7823529411767,1,35,25,0,3,0.7142857142857143,3,16,12,2,1,8,0.8,11,1,0.1666666666666666,12,6,4,8,8,0.5,4,0,0,1.0,0,0,0,0,0,0,0,882,96,323,0.0,0.6153846153846154,0.1111111111111111,0.010169491525423728,22.615384615384617,0.0576271186440678,1.0555555555555556,0.0,0.0,0.0,0,4.952040816326529,2.3,1,0.0,0.0,0.0,0.0,0.0,86436.0,3528.0,882.0,4998.0,144.0,36.0,204.0,9.0,51.0,289.0,True,buggy_28,solidifi_benchmark
795,17,23,99,33,26,17,1,17,1,282,1,1,1.9393939393939397,1,39,0.1382978723404255,8,0,0,0,91,58,0,40,6,18,6,0.0,0.0,384.0,2807.4666666666667,3,170,152,2,13,0.8941176470588236,1,64,33,23,1,26,0.5306122448979592,32,1,0.696969696969697,20,17,17,26,43,0.6538461538461539,18,5,0,0.0,0,0,5,0,0,130,0,4794,858,306,0.0,0.7647058823529411,0.037037037037037035,0.06007067137809187,8.294117647058824,0.0636042402826855,0.8947368421052632,0.14705882352941177,0.18518518518518517,3.5,0,7.532978723404255,3.9,1,25.0,1410.0,165.0,85.0,90.0,79524.0,9306.0,4794.0,5076.0,1089.0,561.0,594.0,289.0,306.0,324.0,True,WhiteBetting,solidifi_benchmark
796,8,11,31,16,12,14,0,3,1,98,1,1,1.25,0,3,0.0306122448979591,2,0,0,0,37,22,0,19,2,15,5,0.0,0.0,166.0,579.8933333333333,1,62,48,0,7,0.7741935483870968,3,20,16,9,1,12,0.5714285714285714,15,1,0.5625,12,14,8,12,12,0.6666666666666666,8,2,0,0.0,0,0,2,0,0,24,0,294,192,120,0.0,0.7058823529411765,0.07692307692307693,0.030303030303030304,5.764705882352941,0.15151515151515152,0.5,0.11764705882352941,0.15384615384615385,1.4,0,5.15612244897959,0.3,1,4.0,196.0,32.0,6.0,30.0,9604.0,1568.0,294.0,1470.0,256.0,48.0,240.0,9.0,45.0,225.0,True,TAMC,solidifi_benchmark
797,31,66,149,77,129,37,2,29,4,907,2,1,3.064935064935065,5,143,0.1576626240352811,9,27,0,0,110,148,0,97,4,20,6,0.0,0.0,789.0,8426.52,3,551,547,34,31,0.9927404718693283,6,236,77,48,2,129,0.7288135593220338,66,11,0.6233766233766234,51,37,34,56,64,0.6071428571428571,43,0,0,1.0,0,0,0,0,0,0,0,26303,9933,620,0.0,1.6538461538461537,0.03076923076923077,0.031938325991189426,11.628205128205128,0.022026431718061675,1.4761904761904763,0.0,0.0,0.0,0,9.126626240352811,95.3,1,0.0,0.0,0.0,0.0,0.0,822649.0,69839.0,26303.0,18140.0,5929.0,2233.0,1540.0,841.0,580.0,400.0,True,buggy_24,solidifi_benchmark
798,20,34,88,15,8,7,0,3,0,306,5,1,1.2666666666666666,0,49,0.1601307189542483,0,0,0,0,78,77,0,54,4,17,5,0.0,0.0,458.0,3553.5411764705887,1,30,23,0,3,0.7666666666666667,0,13,15,6,1,8,0.5714285714285714,14,1,0.4,13,7,3,8,13,0.375,8,2,0,0.0,0,0,2,0,0,16,0,918,120,340,0.0,0.5,0.0,0.009771986970684038,19.125,0.05537459283387622,1.1111111111111112,0.125,0.2222222222222222,1.4,0,6.451307189542483,4.9,1,4.0,612.0,30.0,6.0,34.0,93636.0,4590.0,918.0,5202.0,225.0,45.0,255.0,9.0,51.0,289.0,True,ERC20Interface,solidifi_benchmark
799,20,32,109,5,3,1,1,3,0,301,5,1,1.4,0,7,0.0232558139534883,0,0,0,0,96,81,0,52,6,20,6,0.0,0.0,469.0,3580.815,0,15,11,0,3,0.7333333333333333,0,7,5,1,1,3,0.75,5,0,0.2,5,1,3,3,5,1.0,3,0,0,1.0,0,0,0,0,0,0,0,903,15,400,0.0,0.5,0.0,0.009933774834437087,50.166666666666664,0.06622516556291391,0.9523809523809523,0.0,0.0,0.0,0,7.082558139534883,0.7,1,0.0,0.0,0.0,0.0,0.0,90601.0,1505.0,903.0,6020.0,25.0,15.0,100.0,9.0,60.0,400.0,True,buggy_17,solidifi_benchmark
800,11,20,53,25,19,20,1,9,1,181,2,1,1.72,0,15,0.0828729281767955,3,0,1,0,45,48,0,31,2,15,6,0.0,0.0,263.0,1378.12,2,115,99,0,15,0.8608695652173913,4,43,25,15,1,19,0.5588235294117647,23,2,0.6,18,20,11,19,16,0.5789473684210527,13,2,0,0.0,0,0,2,0,0,38,0,1629,475,165,0.0,0.7307692307692307,0.05,0.04945054945054945,6.961538461538462,0.08241758241758242,0.6875,0.07692307692307693,0.1,1.4,0,7.378729281767955,3.5,1,4.0,362.0,50.0,18.0,30.0,32761.0,4525.0,1629.0,2715.0,625.0,225.0,375.0,81.0,135.0,225.0,True,PHO,solidifi_benchmark
801,20,35,103,7,4,3,1,3,0,407,6,1,1.2857142857142858,0,72,0.1769041769041769,0,0,0,0,97,73,0,55,4,15,6,0.0,0.0,478.0,4719.453333333332,1,23,17,0,5,0.7391304347826086,0,9,7,6,1,4,0.4,5,2,0.8571428571428571,7,3,2,4,2,0.5,2,0,0,1.0,0,0,0,0,0,0,0,1221,28,300,0.0,0.5,0.0,0.007352941176470588,50.875,0.03676470588235294,1.25,0.0,0.0,0.0,0,8.619041769041768,7.2,1,0.0,0.0,0.0,0.0,0.0,165649.0,2849.0,1221.0,6105.0,49.0,21.0,105.0,9.0,45.0,225.0,True,buggy_20,solidifi_benchmark
802,28,52,152,52,41,13,0,5,3,695,13,1,1.4807692307692308,0,3,0.0043165467625899,5,6,1,0,107,139,0,80,5,20,7,0.0,0.0,692.0,7068.78,3,201,161,1,9,0.8009950248756219,12,77,52,37,2,41,0.5256410256410257,43,9,0.7115384615384616,37,13,23,29,89,0.7931034482758621,33,0,0,1.0,0,0,0,0,0,0,0,3475,2132,560,0.0,0.7735849056603774,0.07142857142857142,0.007183908045977011,13.11320754716981,0.028735632183908046,1.3333333333333333,0.0,0.0,0.0,0,4.793165467625899,20.3,1,0.0,0.0,0.0,0.0,0.0,483025.0,36140.0,3475.0,13900.0,2704.0,260.0,1040.0,25.0,100.0,400.0,True,buggy_30,solidifi_benchmark
803,20,32,84,4,2,1,0,1,0,358,7,1,1.0,0,55,0.1536312849162011,0,0,0,0,77,72,0,52,4,16,6,0.0,0.0,444.0,3535.35,0,9,5,0,2,0.5555555555555556,0,4,4,2,1,2,0.5,2,2,0.5,5,1,0,2,1,0.0,1,0,0,1.0,0,0,0,0,0,0,0,358,8,320,0.0,0.4,0.0,0.002785515320334262,71.6,0.04456824512534819,1.1764705882352942,0.0,0.0,0.0,0,6.486312849162012,5.5,1,0.0,0.0,0.0,0.0,0.0,128164.0,1432.0,358.0,5728.0,16.0,4.0,64.0,1.0,16.0,256.0,True,EventMetadata,solidifi_benchmark
804,8,11,31,16,12,14,0,3,1,98,1,1,1.25,0,3,0.0306122448979591,2,0,0,0,37,22,0,19,2,15,5,0.0,0.0,166.0,579.8933333333333,1,62,48,0,7,0.7741935483870968,3,20,16,9,1,12,0.5714285714285714,15,1,0.5625,12,14,8,12,12,0.6666666666666666,8,2,0,0.0,0,0,2,0,0,24,0,294,192,120,0.0,0.7058823529411765,0.07692307692307693,0.030303030303030304,5.764705882352941,0.15151515151515152,0.5,0.11764705882352941,0.15384615384615385,1.4,0,5.15612244897959,0.3,1,4.0,196.0,32.0,6.0,30.0,9604.0,1568.0,294.0,1470.0,256.0,48.0,240.0,9.0,45.0,225.0,True,TAMCContract,solidifi_benchmark
806,16,23,73,32,22,22,0,5,1,224,1,1,1.5625,0,8,0.0357142857142857,4,0,0,0,71,52,0,39,4,15,5,0.0,0.0,348.0,2491.68,2,133,110,0,10,0.8270676691729323,5,50,32,18,1,22,0.55,31,1,0.5625,20,22,17,22,28,0.7727272727272727,19,4,0,0.0,0,0,4,0,0,88,0,1120,704,240,0.0,0.6666666666666666,0.043478260869565216,0.022222222222222223,6.787878787878788,0.06666666666666667,1.0,0.12121212121212122,0.17391304347826086,2.8,0,5.107142857142857,0.8,1,16.0,896.0,128.0,20.0,60.0,50176.0,7168.0,1120.0,3360.0,1024.0,160.0,480.0,25.0,75.0,225.0,True,CareerOnToken,solidifi_benchmark
807,16,23,72,11,5,3,0,3,0,238,4,1,1.181818181818182,0,63,0.2647058823529412,1,0,0,0,73,52,0,39,4,14,5,0.0,0.0,347.0,2711.557142857143,1,18,13,0,5,0.7222222222222222,0,8,11,2,1,5,0.7142857142857143,10,1,0.1818181818181818,11,3,3,5,13,0.6,8,0,0,1.0,0,0,0,0,0,0,0,714,55,224,0.0,0.4166666666666667,0.0,0.012552301255230125,19.833333333333332,0.058577405857740586,1.0666666666666667,0.0,0.0,0.0,0,7.497058823529411,6.3,1,0.0,0.0,0.0,0.0,0.0,56644.0,2618.0,714.0,3332.0,121.0,33.0,154.0,9.0,42.0,196.0,True,buggy_32,solidifi_benchmark
808,0,4,81,43,10,15,0,1,0,250,3,1,1.0,0,8,0.032,1,5,1,0,66,19,0,4,0,8,2,0.0,0.0,101.0,1001.1625,2,139,96,0,5,0.6906474820143885,15,43,43,18,2,10,0.3571428571428571,41,2,0.4186046511627907,29,15,14,9,39,1.5555555555555556,24,0,0,1.0,0,0,0,0,0,0,0,250,430,0,0.0,0.22727272727272727,0.0,0.00398406374501992,5.681818181818182,0.03187250996015936,0.0,0.0,0.0,0.0,0,5.2700000000000005,17.8,0,0.0,0.0,0.0,0.0,0.0,62500.0,10750.0,250.0,2000.0,1849.0,43.0,344.0,1.0,8.0,64.0,True,buggy_26,solidifi_benchmark
809,0,4,69,33,3,15,0,5,0,220,1,1,1.2424242424242424,0,8,0.0363636363636363,1,0,0,0,65,9,0,4,0,7,2,0.0,0.0,89.0,906.5285714285716,2,133,104,0,10,0.7819548872180451,8,41,33,14,1,3,0.1764705882352941,32,1,0.4242424242424242,22,15,14,3,32,4.666666666666667,21,0,0,1.0,0,0,0,0,0,0,0,1100,99,0,0.0,0.08823529411764706,0.0,0.02262443438914027,6.470588235294118,0.03167420814479638,0.0,0.0,0.0,0.0,0,5.113636363636363,0.8,0,0.0,0.0,0.0,0.0,0.0,48400.0,7260.0,1100.0,1540.0,1089.0,165.0,231.0,25.0,35.0,49.0,True,CareerOnToken,solidifi_benchmark
810,0,3,59,28,3,11,0,3,0,239,2,1,1.0714285714285714,0,76,0.3179916317991632,0,0,0,0,59,5,0,3,0,7,2,0.0,0.0,74.0,660.7142857142857,2,110,82,0,8,0.7454545454545455,9,30,28,13,2,3,0.1875,26,2,0.4642857142857143,19,11,12,3,33,4.0,19,0,0,1.0,0,0,0,0,0,0,0,717,84,0,0.0,0.10344827586206896,0.0,0.0125,8.241379310344827,0.029166666666666667,0.0,0.0,0.0,0.0,0,8.029916317991631,7.6,0,0.0,0.0,0.0,0.0,0.0,57121.0,6692.0,717.0,1673.0,784.0,84.0,196.0,9.0,21.0,49.0,True,AO,solidifi_benchmark
811,0,10,197,15,1,4,0,1,0,453,4,1,1.0,0,58,0.1280353200883002,0,0,0,0,150,61,0,10,0,8,2,0.0,0.0,247.0,5949.6125,1,33,24,0,4,0.7272727272727273,3,9,15,4,1,1,0.2,15,0,0.2666666666666666,12,4,4,1,20,4.0,12,0,0,1.0,0,0,0,0,0,0,0,453,15,0,0.0,0.0625,0.0,0.0022026431718061676,28.3125,0.01762114537444934,0.0,0.0,0.0,0.0,0,6.230353200883002,5.8,0,0.0,0.0,0.0,0.0,0.0,205209.0,6795.0,453.0,3624.0,225.0,15.0,120.0,1.0,8.0,64.0,True,buggy_16,solidifi_benchmark
812,0,7,111,41,6,14,3,1,0,307,2,1,1.0,0,3,0.009771986970684,0,0,0,0,90,28,0,7,0,5,2,0.0,0.0,146.0,3200.32,2,133,92,0,5,0.6917293233082706,10,41,41,21,2,6,0.2222222222222222,36,5,0.5121951219512195,26,14,13,6,26,2.1666666666666665,21,0,0,1.0,0,0,0,0,0,0,0,307,246,0,0.0,0.14285714285714285,0.0,0.003246753246753247,7.309523809523809,0.016233766233766232,0.0,0.0,0.0,0.0,0,11.04771986970684,0.3,0,0.0,0.0,0.0,0.0,0.0,94249.0,12587.0,307.0,1535.0,1681.0,41.0,205.0,1.0,5.0,25.0,True,Ownable,solidifi_benchmark
813,2,1,33,15,6,3,0,6,0,142,1,1,2.066666666666667,0,21,0.1478873239436619,0,0,0,0,33,6,0,3,0,9,3,0.0,0.0,58.0,239.7333333333333,1,79,67,3,12,0.8481012658227848,7,31,15,9,2,6,0.4,13,2,0.6,12,3,5,2,24,2.5,10,0,0,1.0,0,0,0,0,0,0,0,852,90,18,0.0,0.375,0.0,0.04195804195804196,8.875,0.06293706293706294,0.2,0.0,0.0,0.0,0,6.178873239436618,2.1,0,0.0,0.0,0.0,0.0,0.0,20164.0,2130.0,852.0,1278.0,225.0,90.0,135.0,36.0,54.0,81.0,True,ProofOfExistence,solidifi_benchmark
814,1,4,70,29,9,11,0,1,0,260,5,1,1.0,0,15,0.0576923076923076,0,5,1,0,62,13,0,5,0,9,3,0.0,0.0,100.0,790.0,2,96,67,0,4,0.6979166666666666,9,29,29,14,2,9,0.391304347826087,24,5,0.4827586206896552,17,11,10,3,33,3.333333333333333,19,0,0,1.0,0,0,0,0,0,0,0,260,261,9,0.0,0.3,0.0,0.0038314176245210726,8.666666666666666,0.034482758620689655,0.1,0.0,0.0,0.0,0,5.526923076923076,18.5,0,0.0,0.0,0.0,0.0,0.0,67600.0,7540.0,260.0,2340.0,841.0,29.0,261.0,1.0,9.0,81.0,True,buggy_14,solidifi_benchmark
815,0,5,116,6,1,2,1,1,0,342,3,1,1.0,0,42,0.1228070175438596,0,0,0,0,90,31,0,5,0,8,3,0.0,0.0,141.0,1968.7125,0,18,12,0,3,0.6666666666666666,0,6,6,3,1,1,0.25,6,0,0.5,6,2,2,1,3,2.0,3,0,0,1.0,0,0,0,0,0,0,0,342,6,0,0.0,0.14285714285714285,0.0,0.0029154518950437317,48.857142857142854,0.023323615160349854,0.0,0.0,0.0,0.0,0,8.178070175438595,4.2,0,0.0,0.0,0.0,0.0,0.0,116964.0,2052.0,342.0,2736.0,36.0,6.0,48.0,1.0,8.0,64.0,True,buggy_19,solidifi_benchmark
816,3,9,113,8,0,1,0,1,0,445,3,1,1.0,0,17,0.0382022471910112,0,0,0,0,89,40,0,12,2,19,6,0.0,0.0,188.0,1157.6842105263158,0,14,10,0,4,0.7142857142857143,1,4,8,1,1,0,0.0,8,0,0.125,8,1,1,0,13,0.0,8,0,0,1.0,0,0,0,0,0,0,0,445,0,57,0.0,0.0,0.0,0.002242152466367713,49.44444444444444,0.042600896860986545,0.15,0.0,0.0,0.0,0,5.332022471910112,1.7,1,0.0,0.0,0.0,0.0,0.0,198025.0,3560.0,445.0,8455.0,64.0,8.0,152.0,1.0,19.0,361.0,True,Token,solidifi_benchmark
817,0,11,187,6,1,3,1,1,0,499,5,1,1.0,0,30,0.0601202404809619,0,0,0,0,139,61,0,11,1,11,3,0.0,0.0,242.0,3997.4,0,21,15,0,4,0.7142857142857143,1,6,6,4,1,1,0.2,6,0,0.6666666666666666,5,3,3,1,5,3.0,4,0,0,1.0,0,0,0,0,0,0,0,499,6,0,0.0,0.14285714285714285,0.0,0.002,71.28571428571429,0.022,0.0,0.0,0.0,0.0,0,7.551202404809619,3.0,0,0.0,0.0,0.0,0.0,0.0,249001.0,2994.0,499.0,5489.0,36.0,6.0,66.0,1.0,11.0,121.0,True,buggy_27,solidifi_benchmark
819,0,5,102,46,8,23,4,5,0,279,1,1,1.1304347826086956,0,6,0.021505376344086,5,0,0,0,81,26,0,5,0,6,2,0.0,0.0,127.0,2099.733333333333,2,183,140,0,11,0.7650273224043715,6,52,46,35,2,8,0.1860465116279069,44,2,0.7608695652173914,32,23,16,8,28,2.0,23,0,1,1.0,0,1,0,0,0,0,0,1395,368,0,0.0,0.1702127659574468,0.0,0.017857142857142856,5.9361702127659575,0.02142857142857143,0.0,0.0,0.0,0.0,0,12.96505376344086,0.6,0,0.0,0.0,0.0,0.0,0.0,77841.0,12834.0,1395.0,1674.0,2116.0,230.0,276.0,25.0,30.0,36.0,True,StockBet,solidifi_benchmark
822,0,7,133,9,3,4,1,1,0,405,3,1,1.0,0,97,0.2395061728395061,0,0,0,0,103,38,0,7,0,7,2,0.0,0.0,168.0,3110.4,0,28,19,0,4,0.6785714285714286,0,9,9,5,1,3,0.375,9,0,0.5555555555555556,7,4,4,3,5,1.3333333333333333,5,0,0,1.0,0,0,0,0,0,0,0,405,27,0,0.0,0.3,0.0,0.0024630541871921183,40.5,0.017241379310344827,0.0,0.0,0.0,0.0,0,9.345061728395061,9.7,0,0.0,0.0,0.0,0.0,0.0,164025.0,3645.0,405.0,2835.0,81.0,9.0,63.0,1.0,7.0,49.0,True,Ownable,solidifi_benchmark
823,0,8,137,10,2,3,0,1,0,389,5,1,1.0,0,81,0.2082262210796915,0,0,0,0,105,42,0,8,0,9,2,0.0,0.0,177.0,2643.2,0,32,22,0,4,0.6875,1,10,10,7,1,2,0.2222222222222222,10,0,0.7,4,3,3,2,12,1.5,7,0,0,1.0,0,0,0,0,0,0,0,389,20,0,0.0,0.18181818181818182,0.0,0.002564102564102564,35.36363636363637,0.023076923076923078,0.0,0.0,0.0,0.0,0,7.032262210796915,8.1,0,0.0,0.0,0.0,0.0,0.0,151321.0,3890.0,389.0,3501.0,100.0,10.0,90.0,1.0,9.0,81.0,True,SafeMath,solidifi_benchmark
824,0,10,181,16,4,4,0,1,0,396,3,1,1.0,0,25,0.0631313131313131,0,0,0,0,133,65,0,10,1,10,3,0.0,0.0,231.0,4123.35,1,30,20,0,3,0.6666666666666666,0,10,16,4,1,4,0.5,16,0,0.25,13,4,4,4,14,1.0,9,0,0,1.0,0,0,0,0,0,0,0,396,64,0,0.0,0.23529411764705882,0.0,0.0025188916876574307,23.294117647058822,0.02518891687657431,0.0,0.0,0.0,0.0,0,5.581313131313131,2.5,0,0.0,0.0,0.0,0.0,0.0,156816.0,6336.0,396.0,3960.0,256.0,16.0,160.0,1.0,10.0,100.0,True,has,solidifi_benchmark
825,0,4,100,4,1,2,1,1,0,354,4,1,1.0,0,98,0.2768361581920904,0,0,0,0,81,24,0,4,0,7,2,0.0,0.0,120.0,1676.5714285714284,0,11,7,0,3,0.6363636363636364,0,4,4,1,1,1,0.5,4,0,0.25,4,2,1,1,2,1.0,2,0,0,1.0,0,0,0,0,0,0,0,354,4,0,0.0,0.2,0.0,0.0028169014084507044,70.8,0.01971830985915493,0.0,0.0,0.0,0.0,0,9.718361581920904,9.8,0,0.0,0.0,0.0,0.0,0.0,125316.0,1416.0,354.0,2478.0,16.0,4.0,28.0,1.0,7.0,49.0,True,buggy_9,solidifi_benchmark
826,0,9,161,15,1,4,0,1,0,451,7,1,1.0,0,66,0.1463414634146341,0,0,0,0,136,37,0,9,0,12,4,0.0,0.0,206.0,2779.2833333333333,1,33,24,0,4,0.7272727272727273,3,9,15,4,1,1,0.2,15,0,0.2666666666666666,12,4,4,1,18,4.0,10,0,0,1.0,0,0,0,0,0,0,0,451,15,0,0.0,0.0625,0.0,0.0022123893805309734,28.1875,0.02654867256637168,0.0,0.0,0.0,0.0,0,6.413414634146341,6.6,0,0.0,0.0,0.0,0.0,0.0,203401.0,6765.0,451.0,5412.0,225.0,15.0,180.0,1.0,12.0,144.0,True,buggy_12,solidifi_benchmark
827,0,5,108,32,13,11,0,1,0,462,6,1,1.0,0,167,0.3614718614718614,0,8,1,0,84,29,0,5,0,9,3,0.0,0.0,133.0,1541.322222222222,2,112,80,0,4,0.7142857142857143,13,32,32,20,2,13,0.3939393939393939,27,5,0.625,15,11,16,7,43,2.2857142857142856,24,0,0,1.0,0,0,0,0,0,0,0,462,416,0,0.0,0.3939393939393939,0.0,0.0021598272138228943,14.0,0.019438444924406047,0.0,0.0,0.0,0.0,0,8.564718614718615,42.7,0,0.0,0.0,0.0,0.0,0.0,213444.0,14784.0,462.0,4158.0,1024.0,32.0,288.0,1.0,9.0,81.0,True,buggy_23,solidifi_benchmark
829,2,9,98,48,9,17,1,1,0,266,1,1,1.0,0,3,0.0112781954887218,2,0,0,0,78,31,0,11,0,11,4,0.0,0.0,163.0,1477.3727272727272,2,170,122,0,10,0.7176470588235294,13,48,48,29,1,9,0.2368421052631578,48,0,0.6041666666666666,31,17,17,7,32,2.4285714285714284,25,0,0,1.0,0,0,0,0,0,0,0,266,432,22,0.0,0.1836734693877551,0.0,0.003745318352059925,5.428571428571429,0.04119850187265917,0.16666666666666666,0.0,0.0,0.0,0,7.062781954887218,0.3,0,0.0,0.0,0.0,0.0,0.0,70756.0,12768.0,266.0,2926.0,2304.0,48.0,528.0,1.0,11.0,121.0,True,digitalNotary,solidifi_benchmark
830,0,7,133,9,3,4,1,1,0,405,3,1,1.0,0,97,0.2395061728395061,0,0,0,0,103,38,0,7,0,7,2,0.0,0.0,168.0,3110.4,0,28,19,0,4,0.6785714285714286,0,9,9,5,1,3,0.375,9,0,0.5555555555555556,7,4,4,3,5,1.3333333333333333,5,0,0,1.0,0,0,0,0,0,0,0,405,27,0,0.0,0.3,0.0,0.0024630541871921183,40.5,0.017241379310344827,0.0,0.0,0.0,0.0,0,9.345061728395061,9.7,0,0.0,0.0,0.0,0.0,0.0,164025.0,3645.0,405.0,2835.0,81.0,9.0,63.0,1.0,7.0,49.0,True,Ownable,solidifi_benchmark
831,1,0,26,14,4,4,1,6,0,77,1,1,1.5,0,3,0.0389610389610389,0,0,0,0,24,4,0,1,0,6,3,0.0,0.0,36.0,160.79999999999998,1,54,42,1,8,0.7777777777777778,2,21,14,7,2,4,0.3636363636363636,14,0,0.5,12,4,5,3,8,1.6666666666666667,8,0,0,1.0,0,0,0,0,0,0,0,462,56,6,0.0,0.26666666666666666,0.0,0.07692307692307693,5.133333333333334,0.07692307692307693,0.14285714285714285,0.0,0.0,0.0,0,7.089610389610388,0.3,0,0.0,0.0,0.0,0.0,0.0,5929.0,1078.0,462.0,462.0,196.0,84.0,84.0,36.0,36.0,36.0,True,DocumentSigner,solidifi_benchmark
832,0,7,131,18,4,4,0,1,0,381,5,1,1.0,0,75,0.1968503937007874,0,0,0,0,100,40,0,7,0,10,2,0.0,0.0,166.0,2124.8,1,36,24,0,3,0.6666666666666666,0,12,18,4,1,4,0.5,18,0,0.2222222222222222,15,4,4,4,14,1.0,9,0,0,1.0,0,0,0,0,0,0,0,381,72,0,0.0,0.21052631578947367,0.0,0.002617801047120419,20.05263157894737,0.02617801047120419,0.0,0.0,0.0,0.0,0,6.918503937007874,7.5,0,0.0,0.0,0.0,0.0,0.0,145161.0,6858.0,381.0,3810.0,324.0,18.0,180.0,1.0,10.0,100.0,True,buggy_48,solidifi_benchmark
834,0,7,122,42,7,15,3,1,0,320,2,1,1.0,0,3,0.009375,0,0,0,0,92,37,0,7,0,5,2,0.0,0.0,157.0,3702.06,2,136,94,0,5,0.6911764705882353,10,42,42,22,2,7,0.2413793103448276,37,5,0.5238095238095238,26,15,14,7,26,2.0,21,0,0,1.0,0,0,0,0,0,0,0,320,294,0,0.0,0.16279069767441862,0.0,0.003115264797507788,7.441860465116279,0.01557632398753894,0.0,0.0,0.0,0.0,0,11.04375,0.3,0,0.0,0.0,0.0,0.0,0.0,102400.0,13440.0,320.0,1600.0,1764.0,42.0,210.0,1.0,5.0,25.0,True,Ownable,solidifi_benchmark
835,0,3,59,28,3,11,0,3,0,236,2,1,1.0714285714285714,0,73,0.3093220338983051,0,0,0,0,59,5,0,3,0,7,2,0.0,0.0,74.0,660.7142857142857,2,110,82,0,8,0.7454545454545455,9,30,28,13,2,3,0.1875,26,2,0.4642857142857143,19,11,12,3,33,4.0,19,0,0,1.0,0,0,0,0,0,0,0,708,84,0,0.0,0.10344827586206896,0.0,0.012658227848101266,8.137931034482758,0.029535864978902954,0.0,0.0,0.0,0.0,0,7.943220338983051,7.3,0,0.0,0.0,0.0,0.0,0.0,55696.0,6608.0,708.0,1652.0,784.0,84.0,196.0,9.0,21.0,49.0,True,BitCash,solidifi_benchmark
836,0,4,93,31,12,9,0,1,0,559,5,1,1.0,0,292,0.5223613595706619,0,8,1,0,69,28,0,4,0,8,3,0.0,0.0,113.0,1251.475,2,108,77,0,5,0.7129629629629629,12,31,31,18,2,12,0.4,26,5,0.5806451612903226,17,9,14,7,41,2.0,23,0,0,1.0,0,0,0,0,0,0,0,559,372,0,0.0,0.375,0.0,0.0017857142857142857,17.46875,0.014285714285714285,0.0,0.0,0.0,0.0,0,10.17361359570662,55.2,0,0.0,0.0,0.0,0.0,0.0,312481.0,17329.0,559.0,4472.0,961.0,31.0,248.0,1.0,8.0,64.0,True,buggy_40,solidifi_benchmark
838,0,3,59,28,3,11,0,3,0,236,2,1,1.0714285714285714,0,73,0.3093220338983051,0,0,0,0,59,5,0,3,0,7,2,0.0,0.0,74.0,660.7142857142857,2,110,82,0,8,0.7454545454545455,9,30,28,13,2,3,0.1875,26,2,0.4642857142857143,19,11,12,3,33,4.0,19,0,0,1.0,0,0,0,0,0,0,0,708,84,0,0.0,0.10344827586206896,0.0,0.012658227848101266,8.137931034482758,0.029535864978902954,0.0,0.0,0.0,0.0,0,7.943220338983051,7.3,0,0.0,0.0,0.0,0.0,0.0,55696.0,6608.0,708.0,1652.0,784.0,84.0,196.0,9.0,21.0,49.0,True,MD,solidifi_benchmark
839,0,6,106,4,1,2,0,1,0,376,7,1,1.0,0,49,0.1303191489361702,0,0,0,0,87,27,0,6,0,8,3,0.0,0.0,136.0,1800.3,0,13,9,0,4,0.6923076923076923,1,4,4,2,1,1,0.3333333333333333,3,1,0.5,3,2,2,1,4,2.0,3,0,0,1.0,0,0,0,0,0,0,0,376,4,0,0.0,0.2,0.0,0.002652519893899204,75.2,0.021220159151193633,0.0,0.0,0.0,0.0,0,6.253191489361702,4.9,0,0.0,0.0,0.0,0.0,0.0,141376.0,1504.0,376.0,3008.0,16.0,4.0,32.0,1.0,8.0,64.0,True,EventMetadata,solidifi_benchmark
840,0,6,111,11,0,5,0,1,0,326,4,1,1.0,0,3,0.00920245398773,0,0,1,0,91,28,0,6,1,10,3,0.0,0.0,141.0,1559.46,1,35,24,0,4,0.6857142857142857,5,11,11,2,1,0,0.0,11,0,0.1818181818181818,10,5,3,0,10,0.0,6,0,0,1.0,0,0,0,0,0,0,0,326,0,0,0.0,0.0,0.0,0.0030581039755351682,27.166666666666668,0.03058103975535168,0.0,0.0,0.0,0.0,0,5.0420245398773,2.3,0,0.0,0.0,0.0,0.0,0.0,106276.0,3586.0,326.0,3260.0,121.0,11.0,110.0,1.0,10.0,100.0,True,buggy_38,solidifi_benchmark
842,0,4,60,13,1,4,0,1,0,187,2,1,1.0,0,38,0.2032085561497326,0,0,0,0,59,5,0,4,0,6,3,0.0,0.0,80.0,833.3333333333333,1,28,20,0,4,0.7142857142857143,2,8,13,3,1,1,0.25,13,0,0.2307692307692307,11,4,3,1,16,3.0,9,0,0,1.0,0,0,0,0,0,0,0,187,13,0,0.0,0.07142857142857142,0.0,0.005319148936170213,13.357142857142858,0.031914893617021274,0.0,0.0,0.0,0.0,0,6.9820855614973265,3.8,0,0.0,0.0,0.0,0.0,0.0,34969.0,2431.0,187.0,1122.0,169.0,13.0,78.0,1.0,6.0,36.0,True,EIP20Interface,solidifi_benchmark
843,0,6,104,8,1,5,1,1,0,253,4,1,1.0,0,3,0.0118577075098814,0,0,0,0,80,31,0,6,0,12,3,0.0,0.0,134.0,1135.65,0,27,19,0,4,0.7037037037037037,2,8,8,4,1,1,0.2,8,0,0.5,6,5,4,1,7,4.0,5,0,0,1.0,0,0,0,0,0,0,0,253,8,0,0.0,0.1111111111111111,0.0,0.003937007874015748,28.11111111111111,0.047244094488188976,0.0,0.0,0.0,0.0,0,7.068577075098814,0.3,0,0.0,0.0,0.0,0.0,0.0,64009.0,2024.0,253.0,3036.0,64.0,8.0,96.0,1.0,12.0,144.0,True,Owned,solidifi_benchmark
844,0,6,111,11,0,5,0,1,0,326,4,1,1.0,0,3,0.00920245398773,0,0,1,0,91,28,0,6,1,10,3,0.0,0.0,141.0,1559.46,1,35,24,0,4,0.6857142857142857,5,11,11,2,1,0,0.0,11,0,0.1818181818181818,10,5,3,0,10,0.0,6,0,0,1.0,0,0,0,0,0,0,0,326,0,0,0.0,0.0,0.0,0.0030581039755351682,27.166666666666668,0.03058103975535168,0.0,0.0,0.0,0.0,0,5.0420245398773,2.3,0,0.0,0.0,0.0,0.0,0.0,106276.0,3586.0,326.0,3260.0,121.0,11.0,110.0,1.0,10.0,100.0,True,buggy_28,solidifi_benchmark
845,1,4,100,36,8,11,1,17,0,290,1,1,1.5833333333333333,1,39,0.1344827586206896,5,0,0,0,89,16,0,5,2,11,4,0.0,0.0,130.0,1184.1818181818182,3,178,152,2,13,0.8539325842696629,5,57,36,20,1,8,0.2857142857142857,36,0,0.5555555555555556,24,11,15,8,49,1.875,22,1,0,0.0,0,0,1,0,0,8,0,4930,288,11,0.0,0.21621621621621623,0.0,0.058419243986254296,7.837837837837838,0.037800687285223365,0.08333333333333333,0.02702702702702703,0.1111111111111111,0.7,0,7.494827586206895,3.9,0,1.0,290.0,36.0,17.0,11.0,84100.0,10440.0,4930.0,3190.0,1296.0,612.0,396.0,289.0,187.0,121.0,True,WhiteBetting,solidifi_benchmark
846,0,2,34,18,2,10,0,1,0,105,1,1,1.0,0,3,0.0285714285714285,0,0,0,0,34,5,0,2,0,8,2,0.0,0.0,44.0,206.25,1,68,50,0,7,0.7352941176470589,5,18,18,6,1,2,0.25,17,1,0.3333333333333333,13,10,7,2,16,3.5,10,0,0,1.0,0,0,0,0,0,0,0,105,36,0,0.0,0.10526315789473684,0.0,0.009433962264150943,5.526315789473684,0.07547169811320754,0.0,0.0,0.0,0.0,0,5.235714285714285,0.3,0,0.0,0.0,0.0,0.0,0.0,11025.0,1890.0,105.0,840.0,324.0,18.0,144.0,1.0,8.0,64.0,True,TAMC,solidifi_benchmark
847,3,24,186,79,87,41,2,29,0,919,2,1,2.7088607594936707,5,143,0.1556039173014145,1,27,0,0,134,79,0,27,0,12,4,0.0,0.0,336.0,5300.4,3,553,535,34,31,0.9674502712477396,16,214,79,48,2,87,0.6444444444444445,68,11,0.6075949367088608,48,41,30,14,72,2.142857142857143,49,0,0,1.0,0,0,0,0,0,0,0,26651,6873,36,0.0,1.0875,0.0,0.03152173913043478,11.4875,0.013043478260869565,0.23076923076923078,0.0,0.0,0.0,0,9.106039173014146,95.3,1,0.0,0.0,0.0,0.0,0.0,844561.0,72601.0,26651.0,11028.0,6241.0,2291.0,948.0,841.0,348.0,144.0,True,buggy_24,solidifi_benchmark
848,0,7,115,17,3,4,0,1,0,334,5,1,1.0,0,49,0.1467065868263473,0,0,0,0,92,32,0,7,0,10,2,0.0,0.0,150.0,1715.9999999999998,1,35,24,0,4,0.6857142857142857,1,11,17,4,1,3,0.4285714285714285,17,0,0.2352941176470588,14,4,4,3,15,1.3333333333333333,9,0,0,1.0,0,0,0,0,0,0,0,334,51,0,0.0,0.16666666666666666,0.0,0.0029850746268656717,18.555555555555557,0.029850746268656716,0.0,0.0,0.0,0.0,0,6.417065868263473,4.9,0,0.0,0.0,0.0,0.0,0.0,111556.0,5678.0,334.0,3340.0,289.0,17.0,170.0,1.0,10.0,100.0,True,ERC20Interface,solidifi_benchmark
849,0,7,138,5,0,2,1,1,0,337,5,1,1.0,0,7,0.0207715133531157,0,0,0,0,111,39,0,7,2,13,3,0.0,0.0,173.0,1840.453846153846,0,16,11,0,4,0.6875,1,5,5,2,1,0,0.0,5,0,0.4,5,2,2,0,5,0.0,4,0,0,1.0,0,0,0,0,0,0,0,337,0,0,0.0,0.0,0.0,0.0029585798816568047,56.166666666666664,0.038461538461538464,0.0,0.0,0.0,0.0,0,7.157715133531157,0.7,0,0.0,0.0,0.0,0.0,0.0,113569.0,1685.0,337.0,4381.0,25.0,5.0,65.0,1.0,13.0,169.0,True,buggy_17,solidifi_benchmark
850,0,4,57,27,2,18,1,9,0,186,2,1,1.2962962962962965,0,15,0.0806451612903225,0,0,1,0,51,13,0,4,0,7,2,0.0,0.0,77.0,661.1,2,120,97,0,15,0.8083333333333333,8,35,27,12,1,2,0.1428571428571428,25,2,0.4444444444444444,19,18,8,2,21,4.0,16,0,0,1.0,0,0,0,0,0,0,0,1674,54,0,0.0,0.07142857142857142,0.0,0.0481283422459893,6.642857142857143,0.0374331550802139,0.0,0.0,0.0,0.0,0,7.356451612903225,3.5,0,0.0,0.0,0.0,0.0,0.0,34596.0,5022.0,1674.0,1302.0,729.0,243.0,189.0,81.0,63.0,49.0,True,PHO,solidifi_benchmark
851,0,8,137,9,3,4,1,1,0,444,6,1,1.0,0,72,0.1621621621621621,0,0,0,0,115,31,0,8,0,9,3,0.0,0.0,177.0,2688.433333333333,1,27,18,0,3,0.6666666666666666,0,9,9,4,1,3,0.4285714285714285,8,1,0.4444444444444444,7,4,4,3,5,1.3333333333333333,5,0,0,1.0,0,0,0,0,0,0,0,444,27,0,0.0,0.3,0.0,0.0022471910112359553,44.4,0.020224719101123594,0.0,0.0,0.0,0.0,0,8.57162162162162,7.2,0,0.0,0.0,0.0,0.0,0.0,197136.0,3996.0,444.0,3996.0,81.0,9.0,81.0,1.0,9.0,81.0,True,buggy_20,solidifi_benchmark
852,0,10,189,48,18,22,0,5,0,707,13,1,1.2708333333333333,0,3,0.0042432814710042,0,6,1,0,131,70,0,10,1,12,5,0.0,0.0,239.0,3585.0,3,191,149,1,9,0.7801047120418848,18,61,48,41,2,18,0.3050847457627119,39,9,0.8541666666666666,26,22,20,6,90,3.333333333333333,34,0,0,1.0,0,0,0,0,0,0,0,3535,864,0,0.0,0.3673469387755102,0.0,0.007062146892655367,14.428571428571429,0.01694915254237288,0.0,0.0,0.0,0.0,0,4.792432814710042,20.3,0,0.0,0.0,0.0,0.0,0.0,499849.0,33936.0,3535.0,8484.0,2304.0,240.0,576.0,25.0,60.0,144.0,True,buggy_30,solidifi_benchmark
853,0,7,113,3,0,0,0,1,0,394,7,1,1.0,0,55,0.1395939086294416,0,0,0,0,92,30,0,7,0,8,3,0.0,0.0,148.0,2090.5,0,8,5,0,2,0.625,0,3,3,0,0,0,0.0,2,1,0.0,3,0,0,0,2,0.0,2,0,0,1.0,0,0,0,0,0,0,0,394,0,0,0.0,0.0,0.0,0.002531645569620253,98.5,0.020253164556962026,0.0,0.0,0.0,0.0,0,6.3459390862944165,5.5,0,0.0,0.0,0.0,0.0,0.0,155236.0,1182.0,394.0,3152.0,9.0,3.0,24.0,1.0,8.0,64.0,True,EventMetadata,solidifi_benchmark
854,0,2,34,18,2,10,0,1,0,105,1,1,1.0,0,3,0.0285714285714285,0,0,0,0,34,5,0,2,0,8,2,0.0,0.0,44.0,206.25,1,68,50,0,7,0.7352941176470589,5,18,18,6,1,2,0.25,17,1,0.3333333333333333,13,10,7,2,16,3.5,10,0,0,1.0,0,0,0,0,0,0,0,105,36,0,0.0,0.10526315789473684,0.0,0.009433962264150943,5.526315789473684,0.07547169811320754,0.0,0.0,0.0,0.0,0,5.235714285714285,0.3,0,0.0,0.0,0.0,0.0,0.0,11025.0,1890.0,105.0,840.0,324.0,18.0,144.0,1.0,8.0,64.0,True,TAMCContract,solidifi_benchmark
856,0,4,74,36,4,16,0,5,0,232,1,1,1.2222222222222223,0,8,0.0344827586206896,1,0,0,0,69,10,0,4,0,7,2,0.0,0.0,94.0,1020.5714285714286,2,141,109,0,10,0.7730496453900709,9,44,36,15,1,4,0.2105263157894736,35,1,0.4166666666666667,24,16,15,4,34,3.75,23,0,0,1.0,0,0,0,0,0,0,0,1160,144,0,0.0,0.10810810810810811,0.0,0.02145922746781116,6.27027027027027,0.030042918454935622,0.0,0.0,0.0,0.0,0,5.094827586206896,0.8,0,0.0,0.0,0.0,0.0,0.0,53824.0,8352.0,1160.0,1624.0,1296.0,180.0,252.0,25.0,35.0,49.0,True,CareerOnToken,solidifi_benchmark
857,0,4,73,10,0,2,0,1,0,246,4,1,1.0,0,63,0.2560975609756097,0,0,0,0,71,10,0,4,0,7,2,0.0,0.0,93.0,1036.2857142857142,0,19,14,0,4,0.7368421052631579,2,5,10,2,1,0,0.0,10,0,0.2,9,2,2,0,15,0.0,8,0,0,1.0,0,0,0,0,0,0,0,246,0,0,0.0,0.0,0.0,0.004048582995951417,22.363636363636363,0.02834008097165992,0.0,0.0,0.0,0.0,0,7.510975609756097,6.3,0,0.0,0.0,0.0,0.0,0.0,60516.0,2460.0,246.0,1722.0,100.0,10.0,70.0,1.0,7.0,49.0,True,buggy_32,solidifi_benchmark
858,10,0,205,62,64,49,0,3,0,388,3,1,1.4193548387096775,0,8,0.0206185567010309,24,5,1,0,115,110,0,10,20,10,3,0.0,0.0,305.0,5856.0,2,235,186,0,9,0.7914893617021277,11,88,62,55,2,64,0.5378151260504201,59,3,0.8870967741935484,26,49,28,37,43,0.7567567567567568,32,0,0,1.0,0,0,0,0,0,0,0,1164,3968,100,0.0,1.0158730158730158,0.0,0.007712082262210797,6.158730158730159,0.02570694087403599,0.9090909090909091,0.0,0.0,0.0,0,5.056185567010308,17.8,1,0.0,0.0,0.0,0.0,0.0,150544.0,24056.0,1164.0,3880.0,3844.0,186.0,620.0,9.0,30.0,100.0,True,buggy_26,solidifi_benchmark
859,10,0,190,50,50,48,0,5,0,353,1,1,1.56,0,8,0.0226628895184136,21,0,0,0,114,97,0,10,20,9,3,0.0,0.0,290.0,5861.222222222222,2,226,190,0,10,0.8407079646017699,4,78,50,47,1,50,0.5154639175257731,49,1,0.94,18,48,27,30,35,0.9,28,20,0,0.0,0,0,20,0,0,1000,0,1765,2500,90,0.0,0.9803921568627451,0.0,0.014124293785310734,6.921568627450981,0.025423728813559324,1.0,0.39215686274509803,0.39215686274509803,14.0,0,4.976628895184136,0.8,1,400.0,7060.0,1000.0,100.0,180.0,124609.0,17650.0,1765.0,3177.0,2500.0,250.0,450.0,25.0,45.0,81.0,True,CareerOnToken,solidifi_benchmark
860,9,0,163,43,43,41,0,3,0,359,2,1,1.4186046511627908,0,76,0.2116991643454039,17,0,0,0,105,78,0,9,18,8,3,0.0,0.0,253.0,5047.35,2,194,159,0,9,0.8195876288659794,6,61,43,42,2,43,0.5058823529411764,41,2,0.9767441860465116,15,41,24,27,36,0.8888888888888888,25,18,0,0.0,0,0,18,0,0,774,0,1077,1849,72,0.0,0.9772727272727273,0.0,0.008333333333333333,8.159090909090908,0.022222222222222223,1.0,0.4090909090909091,0.4090909090909091,12.6,0,6.966991643454039,7.6,1,324.0,6462.0,774.0,54.0,144.0,128881.0,15437.0,1077.0,2872.0,1849.0,129.0,344.0,9.0,24.0,64.0,True,AO,solidifi_benchmark
861,20,0,502,23,18,20,0,3,0,693,4,1,1.173913043478261,0,58,0.0836940836940837,8,0,0,0,230,316,0,20,40,9,3,0.0,0.0,702.0,35193.6,2,78,63,0,5,0.8076923076923077,0,21,23,16,1,18,0.5294117647058824,22,1,0.6956521739130435,12,20,8,14,18,0.5714285714285714,13,0,0,1.0,0,0,0,0,0,0,0,2079,414,180,0.0,0.75,0.0,0.004322766570605188,28.875,0.012968299711815562,2.0,0.0,0.0,0.0,0,5.6869408369408365,5.8,1,0.0,0.0,0.0,0.0,0.0,480249.0,15939.0,2079.0,6237.0,529.0,69.0,207.0,9.0,27.0,81.0,True,buggy_16,solidifi_benchmark
862,14,0,284,57,52,46,3,3,0,485,2,1,1.350877192982456,0,3,0.0061855670103092,21,0,0,0,150,162,0,14,28,7,3,0.0,0.0,424.0,15954.514285714286,2,223,176,0,10,0.7892376681614349,5,77,57,52,2,52,0.5,51,6,0.912280701754386,23,46,23,32,25,0.71875,25,22,0,0.0,0,0,22,0,0,1144,0,1455,2964,98,0.0,0.896551724137931,0.0,0.006172839506172839,8.362068965517242,0.01440329218106996,1.75,0.3793103448275862,0.41509433962264153,15.4,0,10.91185567010309,0.3,1,484.0,10670.0,1254.0,66.0,154.0,235225.0,27645.0,1455.0,3395.0,3249.0,171.0,399.0,9.0,21.0,49.0,True,Ownable,solidifi_benchmark
863,4,1,51,21,23,12,0,6,0,179,1,1,2.238095238095238,0,21,0.1173184357541899,7,0,0,0,47,14,0,5,4,12,3,0.0,0.0,96.0,454.4,2,104,91,3,12,0.875,7,47,21,21,2,23,0.5227272727272727,18,3,1.0,11,12,10,9,27,1.1111111111111112,13,4,0,0.0,0,0,4,0,0,92,0,1074,483,48,0.0,1.0454545454545454,0.0,0.03333333333333333,8.136363636363637,0.06666666666666667,0.3076923076923077,0.18181818181818182,0.16666666666666666,2.8,0,5.8731843575418985,2.1,1,16.0,716.0,84.0,24.0,48.0,32041.0,3759.0,1074.0,2148.0,441.0,126.0,252.0,36.0,72.0,144.0,True,ProofOfExistence,solidifi_benchmark
864,11,0,185,43,45,35,0,3,0,398,5,1,1.372093023255814,0,15,0.0376884422110552,15,5,1,0,112,94,0,11,20,11,4,0.0,0.0,295.0,4768.272727272727,2,164,129,0,6,0.7865853658536586,6,59,43,39,2,45,0.5357142857142857,37,6,0.9069767441860463,16,35,20,23,36,0.8695652173913043,25,0,0,1.0,0,0,0,0,0,0,0,1194,1935,121,0.0,1.0227272727272727,0.0,0.007518796992481203,9.045454545454545,0.02756892230576441,0.9166666666666666,0.0,0.0,0.0,0,5.226884422110552,18.5,1,0.0,0.0,0.0,0.0,0.0,158404.0,17114.0,1194.0,4378.0,1849.0,129.0,473.0,9.0,33.0,121.0,True,buggy_14,solidifi_benchmark
865,12,0,267,9,8,6,1,3,0,504,3,1,1.4444444444444444,0,42,0.0833333333333333,3,0,0,0,146,145,0,12,24,10,4,0.0,0.0,387.0,9578.25,1,29,22,0,4,0.7586206896551724,0,13,9,8,1,8,0.5,8,1,0.8888888888888888,8,6,4,4,4,1.0,4,0,0,1.0,0,0,0,0,0,0,0,1512,72,120,0.0,0.8,0.0,0.005940594059405941,50.4,0.019801980198019802,1.0909090909090908,0.0,0.0,0.0,0,7.683333333333333,4.2,1,0.0,0.0,0.0,0.0,0.0,254016.0,4536.0,1512.0,5040.0,81.0,27.0,90.0,9.0,30.0,100.0,True,buggy_19,solidifi_benchmark
866,14,4,220,13,8,12,0,1,0,596,3,1,1.0,0,17,0.0285234899328859,4,0,0,0,140,113,0,18,24,19,5,0.0,0.0,380.0,4382.0,2,44,35,0,4,0.7954545454545454,0,9,13,8,1,8,0.5,12,1,0.6153846153846154,6,12,4,8,12,0.5,8,8,0,0.0,0,0,8,0,0,64,0,596,104,266,0.0,0.5714285714285714,0.0,0.0016750418760469012,42.57142857142857,0.031825795644891124,0.7,0.5714285714285714,0.8888888888888888,5.6,0,5.2352348993288595,1.7,1,64.0,4768.0,104.0,8.0,152.0,355216.0,7748.0,596.0,11324.0,169.0,13.0,247.0,1.0,19.0,361.0,True,Token,solidifi_benchmark
867,20,1,493,9,7,8,1,3,0,739,5,1,1.2222222222222223,0,30,0.040595399188092,3,0,0,0,219,317,0,21,41,12,4,0.0,0.0,698.0,25645.68333333333,1,35,27,0,4,0.7714285714285715,0,11,9,8,1,7,0.4666666666666667,8,1,0.8888888888888888,7,8,4,5,4,0.8,4,0,0,1.0,0,0,0,0,0,0,0,2217,63,240,0.0,0.7,0.0,0.004054054054054054,73.9,0.016216216216216217,1.5384615384615385,0.0,0.0,0.0,0,7.2559539918809195,3.0,1,0.0,0.0,0.0,0.0,0.0,546121.0,6651.0,2217.0,8868.0,81.0,27.0,108.0,9.0,36.0,144.0,True,buggy_27,solidifi_benchmark
869,12,0,254,68,73,63,4,5,0,441,1,1,1.5588235294117647,0,6,0.0136054421768707,33,0,0,0,137,141,0,12,24,8,3,0.0,0.0,374.0,11018.975,2,296,247,0,11,0.8344594594594594,1,106,68,79,2,73,0.4802631578947368,65,3,1.161764705882353,28,63,32,41,32,0.7804878048780488,32,24,1,0.04,0,1,24,0,0,1752,0,2205,4964,96,0.0,1.0579710144927537,0.0,0.011312217194570135,6.391304347826087,0.01809954751131222,1.3333333333333333,0.34782608695652173,0.32432432432432434,16.8,0,12.886054421768707,0.6,1,576.0,10584.0,1632.0,120.0,192.0,194481.0,29988.0,2205.0,3528.0,4624.0,340.0,544.0,25.0,40.0,64.0,True,StockBet,solidifi_benchmark
872,14,0,305,11,11,7,1,3,0,583,3,1,1.5454545454545454,0,97,0.1663807890222984,4,0,0,0,162,172,0,14,28,8,3,0.0,0.0,445.0,15708.5,2,36,28,0,4,0.7777777777777778,0,17,11,10,1,11,0.5238095238095238,10,1,0.9090909090909092,9,7,5,5,5,1.0,5,2,0,0.0,0,0,2,0,0,22,0,1749,121,112,0.0,0.9166666666666666,0.0,0.005136986301369863,48.583333333333336,0.0136986301369863,1.5555555555555556,0.16666666666666666,0.16666666666666666,1.4,0,8.513807890222983,9.7,1,4.0,1166.0,22.0,6.0,16.0,339889.0,6413.0,1749.0,4664.0,121.0,33.0,88.0,9.0,24.0,64.0,True,Ownable,solidifi_benchmark
873,16,0,350,13,11,6,0,3,0,600,5,1,1.4615384615384617,0,81,0.135,4,0,0,0,176,208,0,16,32,11,3,0.0,0.0,510.0,14910.545454545454,2,41,31,0,4,0.7560975609756098,0,19,13,12,1,11,0.4782608695652174,12,1,0.9230769230769232,7,6,4,5,12,0.8,8,2,0,0.0,0,0,2,0,0,22,0,1800,143,176,0.0,0.7857142857142857,0.0,0.004991680532445923,42.857142857142854,0.018302828618968387,1.3333333333333333,0.14285714285714285,0.16666666666666666,1.4,0,6.199999999999999,8.1,1,4.0,1200.0,26.0,6.0,22.0,360000.0,7800.0,1800.0,6600.0,169.0,39.0,143.0,9.0,33.0,121.0,True,SafeMath,solidifi_benchmark
874,20,0,483,18,18,6,0,3,0,636,3,1,1.6666666666666667,0,25,0.0393081761006289,6,0,0,0,213,317,0,20,41,11,4,0.0,0.0,683.0,27003.336363636365,2,36,30,0,2,0.8333333333333334,0,24,18,12,1,18,0.6,18,0,0.6666666666666666,14,6,6,6,16,1.0,11,0,0,1.0,0,0,0,0,0,0,0,1908,324,220,0.0,0.9473684210526315,0.0,0.004709576138147566,33.473684210526315,0.01726844583987441,1.6666666666666667,0.0,0.0,0.0,0,5.243081761006288,2.5,1,0.0,0.0,0.0,0.0,0.0,404496.0,11448.0,1908.0,6996.0,324.0,54.0,198.0,9.0,33.0,121.0,True,has,solidifi_benchmark
875,10,0,211,6,5,5,1,3,0,492,4,1,1.3333333333333333,0,98,0.1991869918699187,2,0,0,0,129,103,0,10,20,8,3,0.0,0.0,311.0,7817.7625,0,19,14,0,4,0.7368421052631579,0,8,6,4,1,5,0.5555555555555556,5,1,0.6666666666666666,6,5,2,3,2,0.6666666666666666,2,0,0,1.0,0,0,0,0,0,0,0,1476,30,80,0.0,0.7142857142857143,0.0,0.006085192697768763,70.28571428571429,0.016227180527383367,1.1111111111111112,0.0,0.0,0.0,0,8.841869918699187,9.8,1,0.0,0.0,0.0,0.0,0.0,242064.0,2952.0,1476.0,3936.0,36.0,18.0,48.0,9.0,24.0,64.0,True,buggy_9,solidifi_benchmark
876,18,1,375,23,20,16,0,3,0,675,7,1,1.3478260869565215,0,66,0.0977777777777777,8,0,0,0,213,202,0,19,36,13,5,0.0,0.0,560.0,15266.46153846154,3,68,55,0,4,0.8088235294117647,0,25,23,16,1,20,0.5555555555555556,22,1,0.6956521739130435,14,16,8,12,18,0.6666666666666666,13,0,0,1.0,0,0,0,0,0,0,0,2025,460,234,0.0,0.8333333333333334,0.0,0.004437869822485207,28.125,0.019230769230769232,1.2857142857142858,0.0,0.0,0.0,0,5.827777777777777,6.6,1,0.0,0.0,0.0,0.0,0.0,455625.0,15525.0,2025.0,8775.0,529.0,69.0,299.0,9.0,39.0,169.0,True,buggy_12,solidifi_benchmark
877,11,0,225,46,49,37,0,3,0,608,6,1,1.3043478260869563,0,167,0.2746710526315789,16,8,1,0,133,114,0,11,22,10,4,0.0,0.0,335.0,7128.8,3,186,147,0,8,0.7903225806451613,8,60,46,44,2,49,0.5268817204301075,40,6,0.9565217391304348,14,37,24,29,42,0.8275862068965517,28,0,0,1.0,0,0,0,0,0,0,0,1824,2254,110,0.0,1.0425531914893618,0.0,0.0049261083743842365,12.936170212765957,0.016420361247947456,1.0,0.0,0.0,0.0,0,7.596710526315789,42.7,1,0.0,0.0,0.0,0.0,0.0,369664.0,27968.0,1824.0,6080.0,2116.0,138.0,460.0,9.0,30.0,100.0,True,buggy_23,solidifi_benchmark
879,13,4,227,68,67,53,1,3,0,412,1,1,1.411764705882353,0,3,0.0072815533980582,27,0,0,0,128,127,0,17,22,13,4,0.0,0.0,377.0,6290.099999999999,2,272,218,0,10,0.8014705882352942,8,96,68,68,1,67,0.4962962962962963,67,1,1.0,28,53,31,37,35,0.8378378378378378,33,22,0,0.0,0,0,22,0,0,1474,0,1236,4556,169,0.0,0.9710144927536232,0.0,0.007263922518159807,5.971014492753623,0.031476997578692496,0.9285714285714286,0.3188405797101449,0.3235294117647059,15.4,0,6.9228155339805815,0.3,1,484.0,9064.0,1496.0,66.0,286.0,169744.0,28016.0,1236.0,5356.0,4624.0,204.0,884.0,9.0,39.0,169.0,True,digitalNotary,solidifi_benchmark
880,14,0,305,11,11,7,1,3,0,583,3,1,1.5454545454545454,0,97,0.1663807890222984,4,0,0,0,162,172,0,14,28,8,3,0.0,0.0,445.0,15708.5,2,36,28,0,4,0.7777777777777778,0,17,11,10,1,11,0.5238095238095238,10,1,0.9090909090909092,9,7,5,5,5,1.0,5,2,0,0.0,0,0,2,0,0,22,0,1749,121,112,0.0,0.9166666666666666,0.0,0.005136986301369863,48.583333333333336,0.0136986301369863,1.5555555555555556,0.16666666666666666,0.16666666666666666,1.4,0,8.513807890222983,9.7,1,4.0,1166.0,22.0,6.0,16.0,339889.0,6413.0,1749.0,4664.0,121.0,33.0,88.0,9.0,24.0,64.0,True,Ownable,solidifi_benchmark
881,3,0,50,21,24,14,1,6,0,119,1,1,1.9047619047619049,0,3,0.0252100840336134,8,0,0,0,40,16,0,3,4,8,3,0.0,0.0,80.0,512.0,2,82,69,1,8,0.8414634146341463,2,40,21,21,2,24,0.5333333333333333,20,1,1.0,12,14,11,11,12,1.0,12,4,0,0.0,0,0,4,0,0,96,0,714,504,24,0.0,1.0909090909090908,0.0,0.05,5.409090909090909,0.06666666666666667,0.3333333333333333,0.18181818181818182,0.16,2.8,0,6.952100840336133,0.3,1,16.0,476.0,84.0,24.0,32.0,14161.0,2499.0,714.0,952.0,441.0,126.0,168.0,36.0,48.0,64.0,True,DocumentSigner,solidifi_benchmark
882,15,0,321,22,24,8,0,3,0,574,5,1,1.7272727272727273,0,75,0.1306620209059233,8,0,0,0,166,187,0,15,30,12,3,0.0,0.0,471.0,11653.325,2,48,40,0,2,0.8333333333333334,0,32,22,16,1,24,0.6,22,0,0.7272727272727273,16,8,8,8,18,1.0,13,0,0,1.0,0,0,0,0,0,0,0,1722,528,180,0.0,1.0434782608695652,0.0,0.0052173913043478265,24.956521739130434,0.020869565217391306,1.1538461538461537,0.0,0.0,0.0,0,6.156620209059232,7.5,1,0.0,0.0,0.0,0.0,0.0,329476.0,12628.0,1722.0,6888.0,484.0,66.0,264.0,9.0,36.0,144.0,True,buggy_48,solidifi_benchmark
884,14,0,294,57,53,44,3,3,0,498,2,1,1.3859649122807018,0,3,0.0060240963855421,21,0,0,0,151,171,0,14,28,7,3,0.0,0.0,434.0,16783.4,2,218,172,0,9,0.7889908256880734,5,79,57,52,2,53,0.5047619047619047,51,6,0.912280701754386,24,44,23,31,25,0.7419354838709677,25,20,0,0.0,0,0,20,0,0,1060,0,1494,3021,98,0.0,0.9137931034482759,0.0,0.006012024048096192,8.586206896551724,0.014028056112224449,1.75,0.3448275862068966,0.37037037037037035,14.0,0,10.91024096385542,0.3,1,400.0,9960.0,1140.0,60.0,140.0,248004.0,28386.0,1494.0,3486.0,3249.0,171.0,399.0,9.0,21.0,49.0,True,Ownable,solidifi_benchmark
885,9,0,163,43,43,41,0,3,0,356,2,1,1.4186046511627908,0,73,0.2050561797752809,17,0,0,0,105,78,0,9,18,8,3,0.0,0.0,253.0,5047.35,2,194,159,0,9,0.8195876288659794,6,61,43,42,2,43,0.5058823529411764,41,2,0.9767441860465116,15,41,24,27,36,0.8888888888888888,25,18,0,0.0,0,0,18,0,0,774,0,1068,1849,72,0.0,0.9772727272727273,0.0,0.008403361344537815,8.090909090909092,0.022408963585434174,1.0,0.4090909090909091,0.4090909090909091,12.6,0,6.900561797752808,7.3,1,324.0,6408.0,774.0,54.0,144.0,126736.0,15308.0,1068.0,2848.0,1849.0,129.0,344.0,9.0,24.0,64.0,True,BitCash,solidifi_benchmark
886,10,0,204,46,49,37,0,3,0,697,5,1,1.3043478260869563,0,292,0.4189383070301291,16,8,1,0,117,107,0,10,20,9,4,0.0,0.0,304.0,6481.955555555556,3,187,148,0,8,0.7914438502673797,8,60,46,44,2,49,0.5268817204301075,40,6,0.9565217391304348,15,37,24,30,42,0.8,28,0,0,1.0,0,0,0,0,0,0,0,2091,2254,90,0.0,1.0425531914893618,0.0,0.004297994269340974,14.829787234042554,0.012893982808022923,1.0,0.0,0.0,0.0,0,9.039383070301291,55.2,1,0.0,0.0,0.0,0.0,0.0,485809.0,32062.0,2091.0,6273.0,2116.0,138.0,414.0,9.0,27.0,81.0,True,buggy_40,solidifi_benchmark
888,9,0,163,43,43,41,0,3,0,356,2,1,1.4186046511627908,0,73,0.2050561797752809,17,0,0,0,105,78,0,9,18,8,3,0.0,0.0,253.0,5047.35,2,194,159,0,9,0.8195876288659794,6,61,43,42,2,43,0.5058823529411764,41,2,0.9767441860465116,15,41,24,27,36,0.8888888888888888,25,18,0,0.0,0,0,18,0,0,774,0,1068,1849,72,0.0,0.9772727272727273,0.0,0.008403361344537815,8.090909090909092,0.022408963585434174,1.0,0.4090909090909091,0.4090909090909091,12.6,0,6.900561797752808,7.3,1,324.0,6408.0,774.0,54.0,144.0,126736.0,15308.0,1068.0,2848.0,1849.0,129.0,344.0,9.0,24.0,64.0,True,MD,solidifi_benchmark
889,13,0,262,6,5,4,0,3,0,546,7,1,1.3333333333333333,0,49,0.0897435897435897,2,0,0,0,145,145,0,13,26,10,4,0.0,0.0,392.0,9662.8,1,19,14,0,4,0.7368421052631579,0,8,6,4,1,5,0.5555555555555556,4,2,0.6666666666666666,6,4,2,3,3,0.6666666666666666,3,2,0,0.0,0,0,2,0,0,10,0,1638,30,130,0.0,0.7142857142857143,0.0,0.005484460694698354,78.0,0.018281535648994516,1.1818181818181819,0.2857142857142857,0.3333333333333333,1.4,0,5.747435897435897,4.9,1,4.0,1092.0,12.0,6.0,20.0,298116.0,3276.0,1638.0,5460.0,36.0,18.0,60.0,9.0,30.0,100.0,True,EventMetadata,solidifi_benchmark
890,13,0,273,19,16,20,0,3,0,496,4,1,1.2105263157894737,0,3,0.0060483870967741,7,0,1,0,149,152,0,13,27,11,4,0.0,0.0,403.0,9356.927272727273,2,77,60,0,4,0.7792207792207793,3,23,19,14,1,16,0.5333333333333333,18,1,0.7368421052631579,10,20,8,12,10,0.6666666666666666,8,0,0,1.0,0,0,0,0,0,0,0,1488,304,143,0.0,0.8,0.0,0.006036217303822937,24.8,0.022132796780684104,1.0833333333333333,0.0,0.0,0.0,0,4.910483870967741,2.3,1,0.0,0.0,0.0,0.0,0.0,246016.0,9424.0,1488.0,5456.0,361.0,57.0,209.0,9.0,33.0,121.0,True,buggy_38,solidifi_benchmark
892,10,0,174,20,18,14,0,3,0,315,2,1,1.4,0,38,0.1206349206349206,7,0,0,0,107,87,0,10,20,8,4,0.0,0.0,274.0,5750.575,2,57,46,0,4,0.8070175438596491,0,23,20,14,1,18,0.5625,19,1,0.7,13,14,7,10,17,0.7,12,6,0,0.0,0,0,6,0,0,108,0,945,360,80,0.0,0.8571428571428571,0.0,0.00949367088607595,15.0,0.02531645569620253,1.1111111111111112,0.2857142857142857,0.3157894736842105,4.2,0,6.056349206349205,3.8,1,36.0,1890.0,120.0,18.0,48.0,99225.0,6300.0,945.0,2520.0,400.0,60.0,160.0,9.0,24.0,64.0,True,EIP20Interface,solidifi_benchmark
893,11,1,216,13,12,13,1,3,0,399,4,1,1.3076923076923077,0,3,0.0075187969924812,5,0,0,0,130,110,0,12,22,13,4,0.0,0.0,331.0,5270.538461538461,2,50,39,0,4,0.78,0,17,13,11,1,12,0.5217391304347826,12,1,0.8461538461538461,8,13,6,8,6,0.75,6,6,0,0.0,0,0,6,0,0,72,0,1197,156,143,0.0,0.8571428571428571,0.0,0.0075,28.5,0.0325,0.7857142857142857,0.42857142857142855,0.46153846153846156,4.2,0,6.925187969924812,0.3,1,36.0,2394.0,78.0,18.0,78.0,159201.0,5187.0,1197.0,5187.0,169.0,39.0,169.0,9.0,39.0,169.0,True,Owned,solidifi_benchmark
894,13,0,273,19,16,20,0,3,0,496,4,1,1.2105263157894737,0,3,0.0060483870967741,7,0,1,0,149,152,0,13,27,11,4,0.0,0.0,403.0,9356.927272727273,2,77,60,0,4,0.7792207792207793,3,23,19,14,1,16,0.5333333333333333,18,1,0.7368421052631579,10,20,8,12,10,0.6666666666666666,8,0,0,1.0,0,0,0,0,0,0,0,1488,304,143,0.0,0.8,0.0,0.006036217303822937,24.8,0.022132796780684104,1.0833333333333333,0.0,0.0,0.0,0,4.910483870967741,2.3,1,0.0,0.0,0.0,0.0,0.0,246016.0,9424.0,1488.0,5456.0,361.0,57.0,209.0,9.0,33.0,121.0,True,buggy_28,solidifi_benchmark
895,11,0,220,54,57,44,1,17,0,423,1,1,1.7962962962962965,1,39,0.0921985815602836,26,0,0,0,137,104,0,11,22,13,5,0.0,0.0,330.0,5325.692307692308,3,271,238,2,13,0.8782287822878229,1,97,54,54,1,57,0.5135135135135135,53,1,1.0,21,44,28,35,52,0.8,29,21,0,0.0,0,0,21,0,0,1197,0,7191,3078,143,0.0,1.0363636363636364,0.0,0.04009433962264151,7.6909090909090905,0.030660377358490566,0.7857142857142857,0.38181818181818183,0.3620689655172414,14.7,0,7.071985815602836,3.9,1,441.0,8883.0,1134.0,357.0,273.0,178929.0,22842.0,7191.0,5499.0,2916.0,918.0,702.0,289.0,221.0,169.0,True,WhiteBetting,solidifi_benchmark
896,5,0,81,27,28,27,0,3,0,174,1,1,1.4444444444444444,0,3,0.0172413793103448,11,0,0,0,59,35,0,5,10,9,3,0.0,0.0,131.0,1215.388888888889,2,116,95,0,8,0.8189655172413793,3,39,27,24,1,28,0.5384615384615384,26,1,0.8888888888888888,12,27,14,16,18,0.875,14,10,0,0.0,0,0,10,0,0,280,0,522,756,45,0.0,1.0,0.0,0.017142857142857144,6.214285714285714,0.05142857142857143,0.5,0.35714285714285715,0.3448275862068966,7.0,0,5.022413793103448,0.3,1,100.0,1740.0,270.0,30.0,90.0,30276.0,4698.0,522.0,1566.0,729.0,81.0,243.0,9.0,27.0,81.0,True,TAMC,solidifi_benchmark
897,23,14,497,109,177,101,2,29,0,1159,2,1,2.6055045871559632,5,143,0.1233822260569456,41,27,0,0,214,340,0,37,40,13,5,0.0,0.0,797.0,27711.07692307692,3,723,695,34,31,0.9612724757952974,6,284,109,108,2,177,0.6210526315789474,98,11,0.9908256880733946,40,101,50,64,72,0.78125,59,0,0,1.0,0,0,0,0,0,0,0,33611,19293,299,0.0,1.6090909090909091,0.0,0.025,10.536363636363637,0.011206896551724138,1.6428571428571428,0.0,0.0,0.0,0,8.783822260569455,95.3,1,0.0,0.0,0.0,0.0,0.0,1343281.0,126331.0,33611.0,15067.0,11881.0,3161.0,1417.0,841.0,377.0,169.0,True,buggy_24,solidifi_benchmark
898,14,0,284,23,23,10,0,3,0,521,5,1,1.608695652173913,0,49,0.0940499040307101,8,0,0,0,155,159,0,14,28,12,3,0.0,0.0,424.0,9409.266666666666,2,53,43,0,4,0.8113207547169812,0,31,23,16,1,23,0.5897435897435898,22,1,0.6956521739130435,17,10,8,9,18,0.8888888888888888,13,2,0,0.0,0,0,2,0,0,46,0,1563,529,168,0.0,0.9583333333333334,0.0,0.005747126436781609,21.708333333333332,0.022988505747126436,1.0769230769230769,0.08333333333333333,0.08333333333333333,1.4,0,5.7904990403071,4.9,1,4.0,1042.0,46.0,6.0,24.0,271441.0,11983.0,1563.0,6252.0,529.0,69.0,276.0,9.0,36.0,144.0,True,ERC20Interface,solidifi_benchmark
899,14,0,312,9,6,10,1,1,0,515,5,1,1.0,0,7,0.0135922330097087,3,0,0,0,171,174,0,14,30,15,5,0.0,0.0,452.0,8823.04,1,38,29,0,4,0.7631578947368421,0,9,9,7,1,6,0.4615384615384615,8,1,0.7777777777777778,4,10,4,6,4,0.6666666666666666,4,0,0,1.0,0,0,0,0,0,0,0,515,54,210,0.0,0.6,0.0,0.001937984496124031,51.5,0.029069767441860465,0.875,0.0,0.0,0.0,0,7.0859223300970875,0.7,1,0.0,0.0,0.0,0.0,0.0,265225.0,4635.0,515.0,7725.0,81.0,9.0,135.0,1.0,15.0,225.0,True,buggy_17,solidifi_benchmark
900,10,0,174,43,44,50,1,9,0,314,2,1,1.558139534883721,0,15,0.0477707006369426,18,0,1,0,99,98,0,10,20,9,4,0.0,0.0,274.0,5102.488888888888,3,210,179,0,15,0.8523809523809524,4,67,43,42,1,44,0.5116279069767442,41,2,0.9767441860465116,15,50,20,28,23,0.7142857142857143,22,20,0,0.0,0,0,20,0,0,880,0,2826,1892,90,0.0,1.0,0.0,0.02857142857142857,7.136363636363637,0.02857142857142857,1.0,0.45454545454545453,0.4444444444444444,14.0,0,7.027707006369426,3.5,1,400.0,6280.0,860.0,180.0,180.0,98596.0,13502.0,2826.0,2826.0,1849.0,387.0,387.0,81.0,81.0,81.0,True,PHO,solidifi_benchmark
901,14,1,310,11,11,7,1,3,0,622,6,1,1.5454545454545454,0,72,0.1157556270096463,4,0,0,0,174,166,0,15,28,10,4,0.0,0.0,455.0,13204.100000000002,2,35,27,0,4,0.7714285714285715,0,17,11,9,1,11,0.55,9,2,0.8181818181818182,9,7,5,5,5,1.0,5,0,0,1.0,0,0,0,0,0,0,0,1866,121,140,0.0,0.9166666666666666,0.0,0.004815409309791332,51.833333333333336,0.016051364365971106,1.2727272727272727,0.0,0.0,0.0,0,8.007556270096462,7.2,1,0.0,0.0,0.0,0.0,0.0,386884.0,6842.0,1866.0,6220.0,121.0,33.0,110.0,9.0,30.0,100.0,True,buggy_20,solidifi_benchmark
902,20,0,481,60,52,48,0,5,0,947,13,1,1.4166666666666667,0,3,0.0031678986272439,16,6,1,0,211,312,0,20,41,14,5,0.0,0.0,681.0,20887.242857142854,3,265,217,1,10,0.8188679245283019,12,85,60,63,2,52,0.4521739130434782,51,9,1.05,23,48,26,28,86,0.9285714285714286,36,0,0,1.0,0,0,0,0,0,0,0,4735,3120,280,0.0,0.8524590163934426,0.0,0.005274261603375527,15.524590163934427,0.014767932489451477,1.3333333333333333,0.0,0.0,0.0,0,4.781678986272439,20.3,1,0.0,0.0,0.0,0.0,0.0,896809.0,56820.0,4735.0,13258.0,3600.0,300.0,840.0,25.0,70.0,196.0,True,buggy_30,solidifi_benchmark
903,14,0,286,6,5,4,0,3,0,572,7,1,1.3333333333333333,0,55,0.0961538461538461,2,0,0,0,152,164,0,14,28,10,4,0.0,0.0,426.0,11365.68,1,19,14,0,4,0.7368421052631579,0,8,6,4,1,5,0.5555555555555556,4,2,0.6666666666666666,6,4,2,3,3,0.6666666666666666,3,2,0,0.0,0,0,2,0,0,10,0,1716,30,140,0.0,0.7142857142857143,0.0,0.005235602094240838,81.71428571428571,0.017452006980802792,1.2727272727272727,0.2857142857142857,0.3333333333333333,1.4,0,5.81153846153846,5.5,1,4.0,1144.0,12.0,6.0,20.0,327184.0,3432.0,1716.0,5720.0,36.0,18.0,60.0,9.0,30.0,100.0,True,EventMetadata,solidifi_benchmark
904,5,0,81,27,28,27,0,3,0,174,1,1,1.4444444444444444,0,3,0.0172413793103448,11,0,0,0,59,35,0,5,10,9,3,0.0,0.0,131.0,1215.388888888889,2,116,95,0,8,0.8189655172413793,3,39,27,24,1,28,0.5384615384615384,26,1,0.8888888888888888,12,27,14,16,18,0.875,14,10,0,0.0,0,0,10,0,0,280,0,522,756,45,0.0,1.0,0.0,0.017142857142857144,6.214285714285714,0.05142857142857143,0.5,0.35714285714285715,0.3448275862068966,7.0,0,5.022413793103448,0.3,1,100.0,1740.0,270.0,30.0,90.0,30276.0,4698.0,522.0,1566.0,729.0,81.0,243.0,9.0,27.0,81.0,True,TAMCContract,solidifi_benchmark
906,10,0,194,53,53,49,0,5,0,365,1,1,1.5660377358490567,0,8,0.021917808219178,22,0,0,0,117,98,0,10,20,9,3,0.0,0.0,294.0,6062.933333333334,2,234,196,0,10,0.8376068376068376,5,83,53,49,1,53,0.5196078431372549,52,1,0.9245283018867924,20,49,28,31,37,0.9032258064516128,30,20,0,0.0,0,0,20,0,0,1060,0,1825,2809,90,0.0,0.9814814814814815,0.0,0.01366120218579235,6.7592592592592595,0.02459016393442623,1.0,0.37037037037037035,0.37037037037037035,14.0,0,4.96917808219178,0.8,1,400.0,7300.0,1060.0,100.0,180.0,133225.0,19345.0,1825.0,3285.0,2809.0,265.0,477.0,25.0,45.0,81.0,True,CareerOnToken,solidifi_benchmark
907,10,0,187,16,12,11,0,3,0,379,4,1,1.25,0,63,0.1662269129287599,5,0,0,0,119,92,0,10,20,8,3,0.0,0.0,287.0,6579.475,2,45,36,0,4,0.8,0,15,16,10,1,12,0.5454545454545454,15,1,0.625,11,11,5,8,15,0.625,10,0,0,1.0,0,0,0,0,0,0,0,1137,192,80,0.0,0.7058823529411765,0.0,0.007894736842105263,22.294117647058822,0.021052631578947368,1.1111111111111112,0.0,0.0,0.0,0,6.512269129287599,6.3,1,0.0,0.0,0.0,0.0,0.0,143641.0,6064.0,1137.0,3032.0,256.0,48.0,128.0,9.0,24.0,64.0,True,buggy_32,solidifi_benchmark
908,17,0,103,39,35,33,0,3,7,307,3,1,1.8205128205128205,0,23,0.0749185667752443,1,5,1,0,66,54,0,17,16,10,4,0.0,0.0,273.0,2833.74,2,187,164,0,6,0.8770053475935828,11,71,39,40,2,35,0.4666666666666667,36,3,1.0256410256410255,14,33,8,34,23,0.2352941176470588,12,0,0,1.0,0,0,0,0,0,0,0,921,1365,170,0.0,0.875,0.19444444444444445,0.00974025974025974,7.675,0.032467532467532464,1.5454545454545454,0.0,0.0,0.0,0,5.599185667752443,19.3,1,0.0,0.0,0.0,0.0,0.0,94249.0,11973.0,921.0,3070.0,1521.0,117.0,390.0,9.0,30.0,100.0,True,buggy_26,solidifi_benchmark
909,13,0,90,30,25,30,0,5,5,274,1,1,2.2,0,22,0.0802919708029197,1,0,0,0,63,41,0,13,15,9,4,0.0,0.0,220.0,2241.555555555556,2,176,164,0,10,0.9318181818181818,4,66,30,33,1,25,0.4310344827586206,29,1,1.1,9,30,9,25,17,0.36,10,20,0,0.0,0,0,20,0,0,500,0,1370,750,117,0.0,0.8064516129032258,0.19230769230769232,0.01818181818181818,8.838709677419354,0.03272727272727273,1.3,0.6451612903225806,0.7692307692307693,14.0,0,5.552919708029197,2.2,1,400.0,5480.0,600.0,100.0,180.0,75076.0,8220.0,1370.0,2466.0,900.0,150.0,270.0,25.0,45.0,81.0,True,CareerOnToken,solidifi_benchmark
910,12,0,79,26,22,25,0,3,4,286,2,1,2.0,0,85,0.2972027972027972,0,0,0,0,60,33,0,12,13,9,4,0.0,0.0,199.0,1837.4333333333332,2,150,136,0,8,0.9066666666666666,6,52,26,31,2,22,0.4150943396226415,24,2,1.1923076923076923,9,25,9,22,21,0.4090909090909091,10,17,0,0.0,0,0,17,0,0,374,0,858,572,108,0.0,0.8148148148148148,0.17391304347826086,0.010452961672473868,10.592592592592593,0.0313588850174216,1.2,0.6296296296296297,0.7391304347826086,11.9,0,7.822027972027971,8.5,1,289.0,4862.0,442.0,51.0,153.0,81796.0,7436.0,858.0,2574.0,676.0,78.0,234.0,9.0,27.0,81.0,True,AO,solidifi_benchmark
911,28,0,225,15,11,8,0,3,3,541,4,1,1.8,0,82,0.1515711645101663,0,0,0,0,136,121,0,28,32,10,4,0.0,0.0,505.0,11145.35,1,47,44,0,5,0.9361702127659576,0,21,15,8,1,11,0.5789473684210527,14,1,0.5333333333333333,11,8,1,11,11,0.0909090909090909,6,0,0,1.0,0,0,0,0,0,0,0,1623,165,280,0.0,0.6875,0.25,0.005535055350553505,33.8125,0.01845018450184502,2.5454545454545454,0.0,0.0,0.0,0,6.365711645101663,8.2,1,0.0,0.0,0.0,0.0,0.0,292681.0,8115.0,1623.0,5410.0,225.0,45.0,150.0,9.0,30.0,100.0,True,buggy_16,solidifi_benchmark
912,22,0,135,36,28,27,3,3,7,372,2,1,1.7777777777777777,0,22,0.0591397849462365,0,0,0,0,82,75,0,22,21,7,4,0.0,0.0,355.0,6821.071428571428,2,167,145,0,6,0.8682634730538922,5,64,36,36,2,28,0.4375,30,6,1.0,15,27,5,28,7,0.1785714285714285,7,21,0,0.0,0,0,21,0,0,588,0,1116,1008,154,0.0,0.7567567567567568,0.2413793103448276,0.00804289544235925,10.054054054054054,0.01876675603217158,2.75,0.5675675675675675,0.7241379310344828,14.7,0,11.441397849462366,2.2,1,441.0,7812.0,756.0,63.0,147.0,138384.0,13392.0,1116.0,2604.0,1296.0,108.0,252.0,9.0,21.0,49.0,True,Ownable,solidifi_benchmark
913,8,1,37,14,14,8,0,6,3,161,1,1,3.0,0,26,0.1614906832298136,0,0,0,0,36,13,0,9,4,12,5,0.0,0.0,122.0,458.51666666666665,1,97,92,3,12,0.9484536082474226,7,42,14,16,2,14,0.4666666666666667,11,3,1.1428571428571428,8,8,4,10,21,0.4,7,7,0,0.0,0,0,7,0,0,98,0,966,196,96,0.0,0.9333333333333333,0.2,0.037037037037037035,10.733333333333333,0.07407407407407407,0.6153846153846154,0.4666666666666667,0.4666666666666667,4.9,0,6.314906832298135,2.6,1,49.0,1127.0,98.0,42.0,84.0,25921.0,2254.0,966.0,1932.0,196.0,84.0,168.0,36.0,72.0,144.0,True,ProofOfExistence,solidifi_benchmark
914,17,0,94,28,25,24,0,3,3,318,5,1,1.6428571428571428,0,30,0.0943396226415094,0,5,1,0,63,48,0,17,15,11,5,0.0,0.0,264.0,2318.4,2,125,106,0,6,0.848,6,46,28,28,2,25,0.4716981132075472,22,6,1.0,10,24,7,19,23,0.3684210526315789,12,0,0,1.0,0,0,0,0,0,0,0,954,700,187,0.0,0.8620689655172413,0.11538461538461539,0.009404388714733543,10.96551724137931,0.034482758620689655,1.4166666666666667,0.0,0.0,0.0,0,5.793396226415093,20.0,1,0.0,0.0,0.0,0.0,0.0,101124.0,8904.0,954.0,3498.0,784.0,84.0,308.0,9.0,33.0,121.0,True,buggy_14,solidifi_benchmark
915,22,0,137,6,4,4,1,3,1,404,3,1,2.0,0,58,0.1435643564356435,0,0,0,0,88,71,0,22,19,10,4,0.0,0.0,357.0,4915.889999999999,1,26,23,0,4,0.8846153846153846,0,12,6,6,1,4,0.4,5,1,1.0,6,4,1,4,1,0.25,1,0,0,1.0,0,0,0,0,0,0,0,1212,24,220,0.0,0.5714285714285714,0.2,0.007407407407407408,57.714285714285715,0.024691358024691357,2.0,0.0,0.0,0.0,0,8.285643564356434,5.8,1,0.0,0.0,0.0,0.0,0.0,163216.0,2424.0,1212.0,4040.0,36.0,18.0,60.0,9.0,30.0,100.0,True,buggy_19,solidifi_benchmark
916,24,4,125,9,4,4,0,3,0,505,3,1,1.2222222222222223,0,33,0.0653465346534653,0,0,0,0,86,71,0,28,21,20,6,0.0,0.0,385.0,2612.2250000000004,1,21,17,0,4,0.8095238095238095,0,7,9,5,1,4,0.4444444444444444,8,1,0.5555555555555556,7,4,1,4,9,0.25,5,4,0,0.0,0,0,4,0,0,16,0,1515,36,480,0.0,0.4,0.0,0.005928853754940711,50.5,0.039525691699604744,1.1428571428571428,0.4,0.8,2.8,0,5.503465346534653,3.3,1,16.0,2020.0,36.0,12.0,80.0,255025.0,4545.0,1515.0,10100.0,81.0,27.0,180.0,9.0,60.0,400.0,True,Token,solidifi_benchmark
917,28,1,215,5,5,4,1,3,2,587,5,1,1.8,0,54,0.0919931856899489,0,0,0,0,125,121,0,29,33,13,5,0.0,0.0,500.0,8065.384615384615,1,24,21,0,5,0.875,0,9,5,4,1,5,0.5555555555555556,5,0,0.8,5,4,2,5,2,0.4,2,0,0,1.0,0,0,0,0,0,0,0,1761,25,364,0.0,0.8333333333333334,0.3333333333333333,0.00510204081632653,97.83333333333333,0.022108843537414966,2.0,0.0,0.0,0.0,0,7.769931856899489,5.4,1,0.0,0.0,0.0,0.0,0.0,344569.0,2935.0,1761.0,7631.0,25.0,15.0,65.0,9.0,39.0,169.0,True,buggy_27,solidifi_benchmark
919,22,0,123,40,38,44,4,5,9,341,1,1,2.15,0,22,0.064516129032258,5,0,0,0,79,66,0,22,19,8,4,0.0,0.0,343.0,5367.95,2,240,223,0,11,0.9291666666666668,1,86,40,61,2,38,0.3838383838383838,37,3,1.525,13,44,8,38,8,0.2105263157894736,8,28,1,0.0344827586206896,0,1,28,0,0,1064,0,1705,1520,176,0.0,0.926829268292683,0.23076923076923078,0.014619883040935672,8.317073170731707,0.023391812865497075,2.4444444444444446,0.6829268292682927,0.717948717948718,19.6,0,13.39516129032258,2.2,1,784.0,9548.0,1120.0,140.0,224.0,116281.0,13640.0,1705.0,2728.0,1600.0,200.0,320.0,25.0,40.0,64.0,True,StockBet,solidifi_benchmark
922,23,0,149,6,7,6,1,3,3,467,3,1,2.0,0,116,0.2483940042826552,0,0,0,0,94,79,0,23,21,9,4,0.0,0.0,379.0,6287.188888888889,1,33,30,0,6,0.9090909090909092,0,12,6,6,1,7,0.5384615384615384,6,0,1.0,6,6,1,7,1,0.1428571428571428,1,4,0,0.0,0,0,4,0,0,28,0,1401,42,207,0.0,1.0,0.375,0.00641025641025641,66.71428571428571,0.019230769230769232,2.3,0.5714285714285714,0.5,2.8,0,9.333940042826551,11.6,1,16.0,1868.0,24.0,12.0,36.0,218089.0,2802.0,1401.0,4203.0,36.0,18.0,54.0,9.0,27.0,81.0,True,Ownable,solidifi_benchmark
923,25,0,159,9,5,5,0,3,1,459,5,1,1.6666666666666667,0,101,0.2200435729847494,0,0,0,0,95,91,0,25,24,11,4,0.0,0.0,409.0,5900.754545454545,1,38,32,0,5,0.8421052631578947,0,15,9,11,1,5,0.3125,8,1,1.2222222222222223,4,5,1,5,9,0.2,5,4,0,0.0,0,0,4,0,0,20,0,1377,45,275,0.0,0.5,0.16666666666666666,0.006521739130434782,45.9,0.02391304347826087,2.0833333333333335,0.4,0.6666666666666666,2.8,0,7.050435729847494,10.1,1,16.0,1836.0,36.0,12.0,44.0,210681.0,4131.0,1377.0,5049.0,81.0,27.0,99.0,9.0,33.0,121.0,True,SafeMath,solidifi_benchmark
924,28,0,193,12,9,8,0,3,3,471,3,1,1.5,0,48,0.1019108280254777,0,0,0,0,115,113,0,28,31,12,5,0.0,0.0,473.0,7650.775000000001,1,36,33,0,6,0.9166666666666666,0,12,12,8,1,9,0.5294117647058824,12,0,0.6666666666666666,9,8,2,9,12,0.2222222222222222,7,0,0,1.0,0,0,0,0,0,0,0,1413,108,336,0.0,0.6923076923076923,0.3,0.006355932203389831,36.23076923076923,0.025423728813559324,2.1538461538461537,0.0,0.0,0.0,0,5.8691082802547765,4.8,1,0.0,0.0,0.0,0.0,0.0,221841.0,5652.0,1413.0,5652.0,144.0,36.0,144.0,9.0,36.0,144.0,True,has,solidifi_benchmark
925,18,0,116,3,3,3,1,1,1,410,4,1,1.0,0,114,0.2780487804878049,0,0,0,0,81,54,0,18,16,9,4,0.0,0.0,296.0,3907.2,0,13,10,0,5,0.7692307692307693,0,3,3,2,1,3,0.6,3,0,0.6666666666666666,2,3,1,3,1,0.3333333333333333,1,0,0,1.0,0,0,0,0,0,0,0,410,9,162,0.0,0.75,0.25,0.0024330900243309003,102.5,0.021897810218978103,1.8,0.0,0.0,0.0,0,9.730487804878049,11.4,1,0.0,0.0,0.0,0.0,0.0,168100.0,1230.0,410.0,3690.0,9.0,3.0,27.0,1.0,9.0,81.0,True,buggy_9,solidifi_benchmark
926,26,1,174,15,9,9,0,3,1,526,7,1,1.8,0,88,0.1673003802281368,0,0,0,0,124,80,0,27,27,14,5,0.0,0.0,439.0,5644.285714285715,2,47,44,0,4,0.9361702127659576,0,21,15,11,1,9,0.45,14,1,0.7333333333333333,11,9,1,9,11,0.1111111111111111,6,0,0,1.0,0,0,0,0,0,0,0,1578,135,364,0.0,0.5625,0.1,0.0056925996204933585,32.875,0.026565464895635674,1.7333333333333334,0.0,0.0,0.0,0,6.523003802281368,8.8,1,0.0,0.0,0.0,0.0,0.0,276676.0,7890.0,1578.0,7364.0,225.0,45.0,210.0,9.0,42.0,196.0,True,buggy_12,solidifi_benchmark
927,20,0,123,30,29,22,0,3,3,518,6,1,1.6666666666666667,0,183,0.3532818532818533,0,8,1,0,80,63,0,20,18,11,5,0.0,0.0,323.0,3644.027272727272,3,139,119,0,5,0.8561151079136691,8,50,30,34,2,29,0.4603174603174603,24,6,1.1333333333333333,8,22,10,23,28,0.4347826086956521,14,0,0,1.0,0,0,0,0,0,0,0,1554,870,220,0.0,0.9354838709677419,0.1,0.005780346820809248,16.70967741935484,0.02119460500963391,1.6666666666666667,0.0,0.0,0.0,0,8.382818532818533,44.3,1,0.0,0.0,0.0,0.0,0.0,268324.0,15540.0,1554.0,5698.0,900.0,90.0,330.0,9.0,33.0,121.0,True,buggy_23,solidifi_benchmark
929,21,4,116,43,36,36,1,3,8,323,1,1,1.7906976744186047,0,19,0.0588235294117647,2,0,0,0,76,65,0,25,17,14,5,0.0,0.0,346.0,3002.785714285714,2,219,193,0,10,0.8812785388127854,8,77,43,52,1,36,0.4090909090909091,42,1,1.2093023255813953,15,36,10,34,14,0.2941176470588235,12,25,0,0.0,0,0,25,0,0,900,0,969,1548,294,0.0,0.8181818181818182,0.21621621621621623,0.009259259259259259,7.340909090909091,0.043209876543209874,1.4,0.5681818181818182,0.6756756756756757,17.5,0,7.438235294117646,1.9,1,625.0,8075.0,1075.0,75.0,350.0,104329.0,13889.0,969.0,4522.0,1849.0,129.0,602.0,9.0,42.0,196.0,True,digitalNotary,solidifi_benchmark
930,23,0,149,6,7,6,1,3,3,467,3,1,2.0,0,116,0.2483940042826552,0,0,0,0,94,79,0,23,21,9,4,0.0,0.0,379.0,6287.188888888889,1,33,30,0,6,0.9090909090909092,0,12,6,6,1,7,0.5384615384615384,6,0,1.0,6,6,1,7,1,0.1428571428571428,1,4,0,0.0,0,0,4,0,0,28,0,1401,42,207,0.0,1.0,0.375,0.00641025641025641,66.71428571428571,0.019230769230769232,2.3,0.5714285714285714,0.5,2.8,0,9.333940042826551,11.6,1,16.0,1868.0,24.0,12.0,36.0,218089.0,2802.0,1401.0,4203.0,36.0,18.0,54.0,9.0,27.0,81.0,True,Ownable,solidifi_benchmark
931,7,0,32,13,13,10,1,6,3,100,1,1,2.4615384615384617,0,9,0.09,0,0,0,0,28,12,0,7,5,9,5,0.0,0.0,102.0,412.5333333333333,1,74,69,1,8,0.9324324324324323,2,32,13,15,2,13,0.4642857142857143,12,1,1.1538461538461535,7,10,4,12,5,0.3333333333333333,5,8,0,0.0,0,0,8,0,0,104,0,600,169,63,0.0,0.9285714285714286,0.21428571428571427,0.0594059405940594,7.142857142857143,0.0891089108910891,0.7,0.5714285714285714,0.5714285714285714,5.6,0,7.6,0.9,1,64.0,800.0,104.0,48.0,72.0,10000.0,1300.0,600.0,900.0,169.0,78.0,117.0,36.0,54.0,81.0,True,DocumentSigner,solidifi_benchmark
932,23,0,147,15,11,10,0,3,3,443,5,1,1.5333333333333334,0,94,0.2121896162528216,0,0,0,0,91,81,0,23,21,12,4,0.0,0.0,377.0,4640.241666666667,1,47,42,0,6,0.8936170212765957,0,17,15,11,1,11,0.5,14,1,0.7333333333333333,10,10,3,11,13,0.2727272727272727,8,0,0,1.0,0,0,0,0,0,0,0,1329,165,276,0.0,0.6875,0.25,0.006756756756756757,27.6875,0.02702702702702703,1.7692307692307692,0.0,0.0,0.0,0,6.971896162528216,9.4,1,0.0,0.0,0.0,0.0,0.0,196249.0,6645.0,1329.0,5316.0,225.0,45.0,180.0,9.0,36.0,144.0,True,buggy_48,solidifi_benchmark
934,23,0,138,36,28,27,3,3,7,382,2,1,1.7777777777777777,0,22,0.0575916230366492,0,0,0,0,83,78,0,23,21,7,4,0.0,0.0,368.0,7233.828571428571,2,167,145,0,6,0.8682634730538922,5,64,36,36,2,28,0.4375,30,6,1.0,15,27,5,28,7,0.1785714285714285,7,21,0,0.0,0,0,21,0,0,588,0,1146,1008,161,0.0,0.7567567567567568,0.2413793103448276,0.007832898172323759,10.324324324324325,0.018276762402088774,2.875,0.5675675675675675,0.7241379310344828,14.7,0,11.425916230366491,2.2,1,441.0,8022.0,756.0,63.0,147.0,145924.0,13752.0,1146.0,2674.0,1296.0,108.0,252.0,9.0,21.0,49.0,True,Ownable,solidifi_benchmark
935,12,0,79,26,22,25,0,3,4,283,2,1,2.0,0,82,0.2897526501766784,0,0,0,0,60,33,0,12,13,9,4,0.0,0.0,199.0,1837.4333333333332,2,150,136,0,8,0.9066666666666666,6,52,26,31,2,22,0.4150943396226415,24,2,1.1923076923076923,9,25,9,22,21,0.4090909090909091,10,17,0,0.0,0,0,17,0,0,374,0,849,572,108,0.0,0.8148148148148148,0.17391304347826086,0.01056338028169014,10.481481481481481,0.03169014084507042,1.2,0.6296296296296297,0.7391304347826086,11.9,0,7.747526501766783,8.2,1,289.0,4811.0,442.0,51.0,153.0,80089.0,7358.0,849.0,2547.0,676.0,78.0,234.0,9.0,27.0,81.0,True,BitCash,solidifi_benchmark
936,18,0,109,30,30,22,0,3,4,615,5,1,1.6666666666666667,0,308,0.5008130081300813,0,8,1,0,69,58,0,18,16,10,5,0.0,0.0,289.0,3167.44,2,140,120,0,5,0.8571428571428571,8,50,30,33,2,30,0.4761904761904761,24,6,1.1,10,22,11,25,29,0.44,15,0,0,1.0,0,0,0,0,0,0,0,1845,900,180,0.0,0.967741935483871,0.12903225806451613,0.00487012987012987,19.838709677419356,0.016233766233766232,1.6363636363636365,0.0,0.0,0.0,0,9.858130081300814,56.8,1,0.0,0.0,0.0,0.0,0.0,378225.0,18450.0,1845.0,6150.0,900.0,90.0,300.0,9.0,30.0,100.0,True,buggy_40,solidifi_benchmark
938,12,0,79,26,22,25,0,3,4,283,2,1,2.0,0,82,0.2897526501766784,0,0,0,0,60,33,0,12,13,9,4,0.0,0.0,199.0,1837.4333333333332,2,150,136,0,8,0.9066666666666666,6,52,26,31,2,22,0.4150943396226415,24,2,1.1923076923076923,9,25,9,22,21,0.4090909090909091,10,17,0,0.0,0,0,17,0,0,374,0,849,572,108,0.0,0.8148148148148148,0.17391304347826086,0.01056338028169014,10.481481481481481,0.03169014084507042,1.2,0.6296296296296297,0.7391304347826086,11.9,0,7.747526501766783,8.2,1,289.0,4811.0,442.0,51.0,153.0,80089.0,7358.0,849.0,2547.0,676.0,78.0,234.0,9.0,27.0,81.0,True,MD,solidifi_benchmark
939,22,0,131,3,3,3,0,3,1,439,7,1,2.333333333333333,0,66,0.1503416856492027,0,0,0,0,82,73,0,22,20,10,5,0.0,0.0,351.0,4671.81,1,15,14,0,5,0.9333333333333332,0,7,3,3,1,3,0.5,2,1,1.0,3,3,0,3,1,0.0,1,2,0,0.0,0,0,2,0,0,6,0,1317,9,220,0.0,0.75,0.25,0.006818181818181818,109.75,0.022727272727272728,2.0,0.5,0.5,1.4,0,6.353416856492027,6.6,1,4.0,878.0,6.0,6.0,20.0,192721.0,1317.0,1317.0,4390.0,9.0,9.0,30.0,9.0,30.0,100.0,True,EventMetadata,solidifi_benchmark
940,22,0,136,12,9,10,0,3,2,389,4,1,1.8333333333333333,0,20,0.0514138817480719,0,0,1,0,86,74,0,22,21,12,5,0.0,0.0,356.0,4088.0666666666666,1,52,45,0,5,0.8653846153846154,3,22,12,8,1,9,0.5294117647058824,11,1,0.6666666666666666,8,10,1,9,3,0.1111111111111111,1,0,0,1.0,0,0,0,0,0,0,0,1167,108,264,0.0,0.6923076923076923,0.2,0.007692307692307693,29.923076923076923,0.03076923076923077,1.6923076923076923,0.0,0.0,0.0,0,5.364138817480718,4.0,1,0.0,0.0,0.0,0.0,0.0,151321.0,4668.0,1167.0,4668.0,144.0,36.0,144.0,9.0,36.0,144.0,True,buggy_38,solidifi_benchmark
942,13,0,79,13,9,10,0,3,2,237,2,1,1.9230769230769231,0,49,0.2067510548523206,0,0,0,0,58,34,0,13,13,8,5,0.0,0.0,209.0,2137.025,1,45,43,0,6,0.9555555555555556,0,20,13,11,1,9,0.45,12,1,0.8461538461538461,10,10,1,9,11,0.1111111111111111,6,7,0,0.0,0,0,7,0,0,63,0,711,117,104,0.0,0.6428571428571429,0.2,0.012605042016806723,16.928571428571427,0.03361344537815126,1.4444444444444444,0.5,0.7,4.9,0,6.917510548523206,4.9,1,49.0,1659.0,91.0,21.0,56.0,56169.0,3081.0,711.0,1896.0,169.0,39.0,104.0,9.0,24.0,64.0,True,EIP20Interface,solidifi_benchmark
943,19,1,118,8,6,8,1,3,1,310,4,1,1.5,0,19,0.0612903225806451,0,0,0,0,78,61,0,20,17,15,5,0.0,0.0,313.0,2518.6066666666666,1,33,27,0,5,0.8181818181818182,0,12,8,8,1,6,0.4285714285714285,7,1,1.0,6,8,3,6,3,0.5,3,5,0,0.0,0,0,5,0,0,30,0,930,48,285,0.0,0.6666666666666666,0.14285714285714285,0.00964630225080386,34.44444444444444,0.04823151125401929,1.1875,0.5555555555555556,0.7142857142857143,3.5,0,7.462903225806451,1.9,1,25.0,1550.0,40.0,15.0,75.0,96100.0,2480.0,930.0,4650.0,64.0,24.0,120.0,9.0,45.0,225.0,True,Owned,solidifi_benchmark
944,22,0,136,12,9,10,0,3,2,389,4,1,1.8333333333333333,0,20,0.0514138817480719,0,0,1,0,86,74,0,22,21,12,5,0.0,0.0,356.0,4088.0666666666666,1,52,45,0,5,0.8653846153846154,3,22,12,8,1,9,0.5294117647058824,11,1,0.6666666666666666,8,10,1,9,3,0.1111111111111111,1,0,0,1.0,0,0,0,0,0,0,0,1167,108,264,0.0,0.6923076923076923,0.2,0.007692307692307693,29.923076923076923,0.03076923076923077,1.6923076923076923,0.0,0.0,0.0,0,5.364138817480718,4.0,1,0.0,0.0,0.0,0.0,0.0,151321.0,4668.0,1167.0,4668.0,144.0,36.0,144.0,9.0,36.0,144.0,True,buggy_28,solidifi_benchmark
945,16,0,120,33,31,27,1,17,6,344,1,1,2.5454545454545454,1,53,0.1540697674418604,5,0,0,0,87,49,0,16,17,13,5,0.0,0.0,280.0,2612.6153846153848,3,223,215,2,13,0.9641255605381166,1,84,33,40,1,31,0.4366197183098591,32,1,1.2121212121212122,10,27,9,31,33,0.2903225806451613,10,22,0,0.0,0,0,22,0,0,682,0,5848,1023,208,0.0,0.9117647058823529,0.1875,0.04927536231884058,10.117647058823529,0.03768115942028986,1.1428571428571428,0.6470588235294118,0.6875,15.4,0,7.690697674418604,5.3,1,484.0,7568.0,726.0,374.0,286.0,118336.0,11352.0,5848.0,4472.0,1089.0,561.0,429.0,289.0,221.0,169.0,True,WhiteBetting,solidifi_benchmark
946,9,0,40,16,15,18,0,3,4,132,1,1,2.125,0,9,0.0681818181818181,0,0,0,0,34,18,0,9,7,10,4,0.0,0.0,130.0,605.8,1,94,87,0,7,0.925531914893617,3,34,16,16,1,15,0.4838709677419355,15,1,1.0,8,18,4,15,8,0.2666666666666666,4,11,0,0.0,0,0,11,0,0,165,0,396,240,90,0.0,0.8823529411764706,0.25,0.022556390977443608,7.764705882352941,0.07518796992481203,0.8181818181818182,0.6470588235294118,0.6875,7.7,0,5.53181818181818,0.9,1,121.0,1452.0,176.0,33.0,110.0,17424.0,2112.0,396.0,1320.0,256.0,48.0,160.0,9.0,30.0,100.0,True,TAMC,solidifi_benchmark
947,31,14,214,71,129,69,2,29,10,1007,2,1,3.746478873239437,5,167,0.1658391261171797,1,27,0,0,120,139,0,45,32,15,6,0.0,0.0,594.0,8605.08,3,631,651,34,31,1.0316957210776545,6,266,71,82,2,129,0.6113744075829384,60,11,1.1549295774647887,25,69,16,56,38,0.2857142857142857,25,0,0,1.0,0,0,0,0,0,0,0,29203,9159,465,0.0,1.7916666666666667,0.07692307692307693,0.028769841269841268,13.98611111111111,0.01488095238095238,1.9375,0.0,0.0,0.0,0,9.208391261171798,97.7,1,0.0,0.0,0.0,0.0,0.0,1014049.0,71497.0,29203.0,15105.0,5041.0,2059.0,1065.0,841.0,435.0,225.0,True,buggy_24,solidifi_benchmark
948,22,0,138,15,11,10,0,3,3,399,5,1,1.6666666666666667,0,68,0.1704260651629072,0,0,0,0,84,78,0,22,21,12,4,0.0,0.0,358.0,4134.9,1,48,44,0,6,0.9166666666666666,0,19,15,11,1,11,0.5,14,1,0.7333333333333333,10,10,2,11,12,0.1818181818181818,7,8,0,0.0,0,0,8,0,0,88,0,1197,165,264,0.0,0.6875,0.25,0.0075,24.9375,0.03,1.6923076923076923,0.5,0.6666666666666666,5.6,0,6.554260651629072,6.8,1,64.0,3192.0,120.0,24.0,96.0,159201.0,5985.0,1197.0,4788.0,225.0,45.0,180.0,9.0,36.0,144.0,True,ERC20Interface,solidifi_benchmark
949,22,0,162,6,3,4,1,3,0,402,5,1,1.6666666666666667,0,26,0.0646766169154228,0,0,0,0,103,86,0,22,23,16,5,0.0,0.0,382.0,3896.4,0,22,18,0,4,0.8181818181818182,0,10,6,5,1,3,0.375,5,1,0.8333333333333334,5,4,1,3,1,0.3333333333333333,1,0,0,1.0,0,0,0,0,0,0,0,1206,18,352,0.0,0.42857142857142855,0.0,0.007444168734491315,57.42857142857143,0.03970223325062035,1.2941176470588236,0.0,0.0,0.0,0,7.4967661691542276,2.6,1,0.0,0.0,0.0,0.0,0.0,161604.0,2412.0,1206.0,6432.0,36.0,18.0,96.0,9.0,48.0,256.0,True,buggy_17,solidifi_benchmark
950,13,0,76,25,23,32,1,9,5,236,2,1,2.36,0,26,0.1101694915254237,0,0,1,0,50,42,0,13,13,10,5,0.0,0.0,206.0,1635.64,3,162,154,0,15,0.9506172839506172,4,59,25,30,1,23,0.4339622641509434,23,2,1.2,9,32,4,23,7,0.1739130434782608,6,18,0,0.0,0,0,18,0,0,414,0,2124,575,130,0.0,0.8846153846153846,0.20833333333333334,0.0379746835443038,9.076923076923077,0.04219409282700422,1.1818181818181819,0.6923076923076923,0.75,12.6,0,7.651694915254237,4.6,1,324.0,4248.0,450.0,162.0,180.0,55696.0,5900.0,2124.0,2360.0,625.0,225.0,250.0,81.0,90.0,100.0,True,PHO,solidifi_benchmark
951,23,1,153,6,7,6,1,3,3,506,6,1,2.0,0,91,0.1798418972332015,0,0,0,0,106,72,0,24,21,11,5,0.0,0.0,388.0,5516.654545454545,1,31,28,0,5,0.9032258064516128,0,12,6,5,1,7,0.5833333333333334,5,1,0.8333333333333334,6,6,2,7,2,0.2857142857142857,2,0,0,1.0,0,0,0,0,0,0,0,1518,42,253,0.0,1.0,0.375,0.005917159763313609,72.28571428571429,0.021696252465483234,1.9166666666666667,0.0,0.0,0.0,0,8.648418972332014,9.1,1,0.0,0.0,0.0,0.0,0.0,256036.0,3036.0,1518.0,5566.0,36.0,18.0,66.0,9.0,33.0,121.0,True,buggy_20,solidifi_benchmark
952,28,0,217,46,34,32,0,5,2,795,13,1,1.891304347826087,0,27,0.0339622641509433,0,6,1,0,117,130,0,28,33,14,6,0.0,0.0,497.0,7384.0,3,221,195,1,9,0.8823529411764706,12,87,46,53,2,34,0.3908045977011494,37,9,1.1521739130434785,22,32,12,22,72,0.5454545454545454,22,0,0,1.0,0,0,0,0,0,0,0,3975,1564,392,0.0,0.723404255319149,0.05714285714285714,0.00628140703517588,16.914893617021278,0.017587939698492462,1.8666666666666667,0.0,0.0,0.0,0,5.0896226415094326,22.7,1,0.0,0.0,0.0,0.0,0.0,632025.0,36570.0,3975.0,11130.0,2116.0,230.0,644.0,25.0,70.0,196.0,True,buggy_30,solidifi_benchmark
953,22,0,137,4,3,2,0,3,1,459,7,1,2.0,0,74,0.1612200435729847,0,0,0,0,84,77,0,22,21,10,5,0.0,0.0,357.0,4923.030000000001,1,16,14,0,5,0.875,0,8,4,3,1,3,0.5,2,2,0.75,4,2,0,3,1,0.0,1,2,0,0.0,0,0,2,0,0,6,0,1377,12,220,0.0,0.6,0.25,0.006521739130434782,91.8,0.021739130434782608,2.0,0.4,0.5,1.4,0,6.462200435729846,7.4,1,4.0,918.0,8.0,6.0,20.0,210681.0,1836.0,1377.0,4590.0,16.0,12.0,40.0,9.0,30.0,100.0,True,EventMetadata,solidifi_benchmark
954,9,0,40,16,15,18,0,3,4,132,1,1,2.125,0,9,0.0681818181818181,0,0,0,0,34,18,0,9,7,10,4,0.0,0.0,130.0,605.8,1,94,87,0,7,0.925531914893617,3,34,16,16,1,15,0.4838709677419355,15,1,1.0,8,18,4,15,8,0.2666666666666666,4,11,0,0.0,0,0,11,0,0,165,0,396,240,90,0.0,0.8823529411764706,0.25,0.022556390977443608,7.764705882352941,0.07518796992481203,0.8181818181818182,0.6470588235294118,0.6875,7.7,0,5.53181818181818,0.9,1,121.0,1452.0,176.0,33.0,110.0,17424.0,2112.0,396.0,1320.0,256.0,48.0,160.0,9.0,30.0,100.0,True,TAMCContract,solidifi_benchmark
956,15,0,94,32,27,32,0,5,6,286,1,1,2.1875,0,22,0.0769230769230769,1,0,0,0,67,43,0,15,15,9,4,0.0,0.0,244.0,2632.488888888889,2,186,173,0,10,0.9301075268817204,5,70,32,35,1,27,0.4354838709677419,31,1,1.09375,10,32,9,27,18,0.3333333333333333,11,21,0,0.0,0,0,21,0,0,567,0,1430,864,135,0.0,0.8181818181818182,0.21428571428571427,0.017421602787456445,8.666666666666666,0.0313588850174216,1.5,0.6363636363636364,0.75,14.7,0,5.519230769230769,2.2,1,441.0,6006.0,672.0,105.0,189.0,81796.0,9152.0,1430.0,2574.0,1024.0,160.0,288.0,25.0,45.0,81.0,True,CareerOnToken,solidifi_benchmark
957,15,0,93,11,5,7,0,3,0,300,4,1,1.7272727272727273,0,77,0.2566666666666666,0,0,0,0,69,43,0,15,15,9,4,0.0,0.0,243.0,2675.7000000000003,1,31,29,0,4,0.935483870967742,0,14,11,9,1,5,0.3571428571428571,10,1,0.8181818181818182,9,7,0,5,10,0.0,5,0,0,1.0,0,0,0,0,0,0,0,900,55,135,0.0,0.4166666666666667,0.0,0.009966777408637873,25.0,0.029900332225913623,1.5,0.0,0.0,0.0,0,7.416666666666666,7.7,1,0.0,0.0,0.0,0.0,0.0,90000.0,3300.0,900.0,2700.0,121.0,33.0,99.0,9.0,27.0,81.0,True,buggy_32,solidifi_benchmark
964,0,0,3,7,4,4,0,1,0,91,1,1,1.0,0,3,0.0329670329670329,0,0,0,0,3,0,0,0,0,2,1,0.0,0.0,3.0,4.5,0,23,16,0,8,0.6956521739130435,5,7,7,16,2,4,0.2,2,5,2.2857142857142856,5,4,4,0,7,0.0,4,0,0,1.0,0,0,0,0,0,0,0,91,28,0,0.0,0.5,0.0,0.010869565217391304,11.375,0.021739130434782608,0.0,0.0,0.0,0.0,0,5.27967032967033,0.3,0,0.0,0.0,0.0,0.0,0.0,8281.0,637.0,91.0,182.0,49.0,7.0,14.0,1.0,2.0,4.0,False,Example,erc_standards_Example.sol
965,0,0,2,2,0,0,0,1,0,11,1,1,1.0,0,6,0.5454545454545454,0,0,0,0,2,0,0,0,0,1,1,0.0,0.0,2.0,4.0,0,0,0,0,0,0.0,0,0,2,0,0,0,0.0,2,0,0.0,2,0,0,0,4,0.0,2,0,0,1.0,0,0,0,0,0,0,0,11,0,0,0.0,0.0,0.0,0.08333333333333333,3.6666666666666665,0.08333333333333333,0.0,0.0,0.0,0.0,0,10.404545454545454,0.6,0,0.0,0.0,0.0,0.0,0.0,121.0,22.0,11.0,11.0,4.0,2.0,2.0,1.0,1.0,1.0,False,DAOInterface,erc_standards_DAOInterface.sol
967,0,0,3,2,0,0,0,1,0,14,2,1,1.0,0,6,0.4285714285714285,0,0,1,0,3,0,0,0,0,1,1,0.0,0.0,3.0,9.0,0,4,2,0,1,0.5,0,2,2,2,1,0,0.0,2,0,1.0,1,0,0,0,4,0.0,2,0,0,1.0,0,0,0,0,0,0,0,14,0,0,0.0,0.0,0.0,0.06666666666666667,4.666666666666667,0.06666666666666667,0.0,0.0,0.0,0.0,0,9.235714285714284,2.6,0,0.0,0.0,0.0,0.0,0.0,196.0,28.0,14.0,14.0,4.0,2.0,2.0,1.0,1.0,1.0,False,for,erc_standards_DefaultDAOInterface.sol
970,0,0,3,1,0,0,0,4,0,23,2,1,4.0,0,3,0.1304347826086956,0,0,0,0,3,0,0,0,0,2,2,0.0,0.0,3.0,4.5,0,13,13,1,10,1.0,1,4,1,1,1,0,0.0,1,0,1.0,1,0,0,0,1,0.0,1,0,0,1.0,0,0,0,0,0,0,0,92,0,0,0.0,0.0,0.0,0.16666666666666666,11.5,0.08333333333333333,0.0,0.0,0.0,0.0,0,6.104347826086956,0.3,0,0.0,0.0,0.0,0.0,0.0,529.0,23.0,92.0,46.0,1.0,4.0,2.0,16.0,8.0,4.0,False,Extsload,erc_standards_Extsload.sol
978,0,1,11,9,2,0,0,10,0,296,1,1,5.333333333333333,0,113,0.3817567567567567,0,0,0,0,2,10,0,1,0,3,1,0.0,0.0,16.0,47.99999999999999,1,108,110,5,16,1.0185185185185186,15,48,9,11,0,2,0.1538461538461538,0,9,1.2222222222222223,4,0,1,0,45,0.0,9,0,0,1.0,0,0,0,0,0,0,0,2960,18,0,0.0,0.2,0.0,0.03367003367003367,29.6,0.010101010101010102,0.0,0.0,0.0,0.0,0,8.317567567567567,11.3,0,0.0,0.0,0.0,0.0,0.0,87616.0,2664.0,2960.0,888.0,81.0,90.0,27.0,100.0,30.0,9.0,False,Oracle,consensys_audited_uniswap
987,1,8,15,2,4,0,0,7,0,81,4,1,4.0,0,22,0.2716049382716049,0,2,0,0,7,17,0,9,0,8,2,0.0,0.0,65.0,153.5625,0,21,22,0,14,1.0476190476190477,0,8,2,3,0,4,0.5714285714285714,0,2,1.5,3,0,2,0,8,0.0,2,0,0,1.0,0,0,0,0,0,0,0,567,8,8,0.0,1.3333333333333333,0.0,0.08536585365853659,27.0,0.0975609756097561,0.1111111111111111,0.0,0.0,0.0,0,7.3660493827160485,8.2,0,0.0,0.0,0.0,0.0,0.0,6561.0,162.0,567.0,648.0,4.0,14.0,16.0,49.0,56.0,64.0,False,Position,consensys_audited_uniswap
990,0,19,7,3,0,4,0,47,0,190,1,1,18.33333333333333,1,22,0.1157894736842105,0,0,0,0,4,22,0,19,0,6,2,0.0,0.0,102.0,329.7999999999999,1,242,265,0,159,1.0950413223140496,0,55,3,3,0,0,0.0,0,3,1.0,2,4,0,0,2,0.0,2,0,0,1.0,0,0,0,0,0,0,0,8930,0,0,0.0,0.0,0.0,0.24607329842931938,47.5,0.031413612565445025,0.0,0.0,0.0,0.0,0,3.807894736842105,2.2,0,0.0,0.0,0.0,0.0,0.0,36100.0,570.0,8930.0,1140.0,9.0,141.0,18.0,2209.0,282.0,36.0,False,TickMath,consensys_audited_uniswap
998,1,8,5,2,0,0,0,3,0,114,1,1,3.0,0,51,0.4473684210526316,0,0,0,0,3,11,0,9,0,5,2,0.0,0.0,55.0,117.7,0,51,50,0,39,0.9803921568627452,2,6,2,5,0,0,0.0,0,2,2.5,2,0,0,0,6,0.0,2,0,0,1.0,0,0,0,0,0,0,0,342,0,5,0.0,0.0,0.0,0.02608695652173913,38.0,0.043478260869565216,0.16666666666666666,0.0,0.0,0.0,0,9.323684210526316,5.1,0,0.0,0.0,0.0,0.0,0.0,12996.0,228.0,342.0,570.0,4.0,6.0,10.0,9.0,15.0,25.0,False,FullMath,consensys_audited_uniswap
1005,0,21,38,5,5,0,0,7,0,167,5,1,3.0,0,58,0.3473053892215569,0,4,0,0,9,50,0,21,0,8,2,0.0,0.0,143.0,786.5,0,57,57,0,16,1.0,1,15,5,1,0,5,0.8333333333333334,0,5,0.2,5,0,1,0,27,0.0,5,0,0,1.0,0,0,0,0,0,0,0,1169,25,0,0.0,0.8333333333333334,0.0,0.041666666666666664,27.833333333333332,0.047619047619047616,0.0,0.0,0.0,0.0,0,8.12305389221557,17.8,0,0.0,0.0,0.0,0.0,0.0,27889.0,835.0,1169.0,1336.0,25.0,35.0,40.0,49.0,56.0,64.0,False,Tick,consensys_audited_uniswap
1008,0,2,2,6,0,0,0,1,0,61,1,1,1.0,0,50,0.819672131147541,0,0,0,0,4,0,0,2,0,2,1,0.0,0.0,12.0,24.0,0,0,0,0,0,0.0,0,0,6,0,0,0,0.0,6,0,0.0,6,0,0,0,10,0.0,5,0,0,1.0,0,0,0,0,0,0,0,61,0,0,0.0,0.0,0.0,0.016129032258064516,8.714285714285714,0.03225806451612903,0.0,0.0,0.0,0.0,0,13.14672131147541,5.0,0,0.0,0.0,0.0,0.0,0.0,3721.0,366.0,61.0,122.0,36.0,6.0,12.0,1.0,2.0,4.0,False,EIP20NonStandardInterface,consensys_audited_compound
1009,0,11,83,2,0,0,0,1,0,36,18,1,1.0,0,20,0.5555555555555556,0,0,3,0,47,47,0,11,0,14,5,0.0,0.0,138.0,787.5857142857144,0,13,11,0,8,0.8461538461538461,0,2,2,1,1,0,0.0,1,1,0.5,2,0,1,0,8,0.0,1,9,1,0.1,16,1,9,0,0,0,0,36,0,0,0.0,0.0,0.0,0.02702702702702703,12.0,0.3783783783783784,0.0,3.0,9.0,6.3,0,10.505555555555556,8.0,1,81.0,324.0,18.0,9.0,126.0,1296.0,72.0,36.0,504.0,4.0,2.0,28.0,1.0,14.0,196.0,False,CErc20Immutable,consensys_audited_compound
1011,2,3,45,39,71,0,0,3,3,426,13,1,1.205128205128205,0,231,0.5422535211267606,1,0,2,0,58,8,0,5,1,13,6,0.0,0.0,80.0,391.38461538461536,2,150,115,0,13,0.7666666666666667,34,47,39,114,3,71,0.3837837837837838,37,2,2.923076923076923,9,0,28,5,51,5.6,29,0,0,1.0,0,0,0,0,0,0,0,1278,2769,26,0.0,1.775,0.041666666666666664,0.00702576112412178,10.65,0.03044496487119438,0.14285714285714285,0.0,0.0,0.0,0,10.272535211267606,27.1,0,0.0,0.0,0.0,0.0,0.0,181476.0,16614.0,1278.0,5538.0,1521.0,117.0,507.0,9.0,39.0,169.0,False,CErc20Delegator,consensys_audited_compound
1012,0,0,2,3,0,1,0,1,0,27,1,1,1.0,0,21,0.7777777777777778,0,0,0,0,2,0,0,0,0,1,1,0.0,0.0,2.0,4.0,0,1,0,0,0,0.0,0,1,3,0,0,0,0.0,2,1,0.0,3,1,0,0,7,0.0,2,0,0,1.0,0,0,0,0,0,0,0,27,0,0,0.0,0.0,0.0,0.03571428571428571,6.75,0.03571428571428571,0.0,0.0,0.0,0.0,0,12.727777777777778,2.1,0,0.0,0.0,0.0,0.0,0.0,729.0,81.0,27.0,27.0,9.0,3.0,3.0,1.0,1.0,1.0,False,InterestRateModel,consensys_audited_compound
1013,0,2,20,1,0,21,0,1,0,232,12,1,1.0,0,134,0.5775862068965517,0,0,0,0,20,2,0,2,0,4,1,0.0,0.0,30.0,160.5,1,3,2,0,2,0.6666666666666666,0,1,1,0,0,0,0.0,0,1,0.0,1,21,0,0,0,0.0,0,0,0,1.0,0,0,0,0,0,0,0,232,0,0,0.0,0.0,0.0,0.004291845493562232,116.0,0.017167381974248927,0.0,0.0,0.0,0.0,0,10.725862068965517,13.4,0,0.0,0.0,0.0,0.0,0.0,53824.0,232.0,232.0,928.0,1.0,1.0,4.0,1.0,4.0,16.0,False,CTokenStorage,consensys_audited_compound
1014,0,0,4,2,0,0,0,1,0,106,2,1,1.0,0,11,0.1037735849056603,0,0,0,0,2,2,0,0,0,2,1,0.0,0.0,4.0,6.8,0,6,4,0,2,0.6666666666666666,2,2,2,0,0,0,0.0,0,2,0.0,2,0,0,0,5,0.0,2,0,0,1.0,0,0,0,0,0,0,0,106,0,0,0.0,0.0,0.0,0.009345794392523364,35.333333333333336,0.018691588785046728,0.0,0.0,0.0,0.0,0,5.9877358490566035,1.1,0,0.0,0.0,0.0,0.0,0.0,11236.0,212.0,106.0,212.0,4.0,2.0,4.0,1.0,2.0,4.0,False,ComptrollerErrorReporter,consensys_audited_compound
1015,0,11,78,14,1,0,0,1,0,133,16,1,1.0,0,77,0.5789473684210527,6,0,2,0,44,45,0,11,0,12,4,0.0,0.0,133.0,836.7916666666666,1,42,28,0,8,0.6666666666666666,6,14,14,12,1,1,0.0769230769230769,10,4,0.8571428571428571,13,0,2,1,17,2.0,8,9,0,0.0,16,0,9,0,0,9,0,133,14,0,0.0,0.06666666666666667,0.0,0.007462686567164179,8.866666666666667,0.08955223880597014,0.0,0.6,4.5,6.3,0,10.739473684210527,11.7,1,81.0,1197.0,126.0,9.0,108.0,17689.0,1862.0,133.0,1596.0,196.0,14.0,168.0,1.0,12.0,144.0,False,CEther,consensys_audited_compound
1018,0,0,40,31,0,4,0,1,0,138,1,1,1.0,0,31,0.2246376811594203,0,0,0,0,10,30,0,0,0,4,2,0.0,0.0,40.0,310.0,1,68,37,0,3,0.5441176470588235,30,31,31,29,0,0,0.0,0,31,0.935483870967742,7,4,0,0,59,0.0,30,0,0,1.0,0,0,0,0,0,0,0,138,0,0,0.0,0.0,0.0,0.007194244604316547,4.3125,0.02877697841726619,0.0,0.0,0.0,0.0,0,7.196376811594203,3.1,0,0.0,0.0,0.0,0.0,0.0,19044.0,4278.0,138.0,552.0,961.0,31.0,124.0,1.0,4.0,16.0,False,ExponentialNoError,consensys_audited_compound
1019,1,5,24,25,18,9,0,8,0,263,3,1,1.8,0,40,0.1520912547528517,1,0,0,0,12,20,0,6,2,14,6,0.0,0.0,59.0,109.57142857142856,2,160,140,3,29,0.875,21,45,25,45,3,18,0.2857142857142857,19,6,1.8,14,9,11,3,38,3.6666666666666665,16,4,1,0.2,0,1,4,0,0,72,0,2104,450,14,0.0,0.6923076923076923,0.0,0.030303030303030304,10.115384615384615,0.05303030303030303,0.06666666666666667,0.15384615384615385,0.21052631578947367,2.8,0,6.120912547528517,4.0,1,16.0,1052.0,100.0,32.0,56.0,69169.0,6575.0,2104.0,3682.0,625.0,200.0,350.0,64.0,112.0,196.0,False,GovernorAlpha,consensys_audited_compound
1020,0,8,94,2,0,1,0,1,0,14,16,1,1.0,0,8,0.5714285714285714,0,0,0,0,41,61,0,8,0,14,4,0.0,0.0,134.0,801.1285714285714,0,1,0,0,0,0.0,0,1,2,0,0,0,0.0,1,1,0.0,2,1,0,0,1,0.0,1,0,0,1.0,0,0,0,0,0,0,0,14,0,0,0.0,0.0,0.0,0.06666666666666667,4.666666666666667,0.9333333333333333,0.0,0.0,0.0,0.0,0,10.664285714285715,0.8,0,0.0,0.0,0.0,0.0,0.0,196.0,28.0,14.0,196.0,4.0,2.0,28.0,1.0,14.0,196.0,False,PriceOracle,consensys_audited_compound
1021,2,0,10,4,3,0,0,3,2,65,8,1,2.0,0,18,0.2769230769230769,1,0,1,0,11,3,0,2,1,8,4,0.0,0.0,30.0,49.125,0,34,32,0,12,0.9411764705882352,0,8,4,11,2,3,0.2142857142857142,3,1,2.75,7,0,3,2,10,1.5,3,0,0,1.0,0,0,0,0,0,0,0,195,12,16,0.0,0.6,0.5,0.045454545454545456,13.0,0.12121212121212122,0.2222222222222222,0.0,0.0,0.0,0,7.619230769230768,3.8,0,0.0,0.0,0.0,0.0,0.0,4225.0,260.0,195.0,520.0,16.0,12.0,32.0,9.0,24.0,64.0,False,GovernorBravoDelegator,consensys_audited_compound
1022,1,4,29,23,15,11,0,8,0,334,8,1,2.0434782608695654,0,118,0.3532934131736527,1,0,1,0,13,22,0,5,0,15,6,0.0,0.0,59.0,111.70666666666666,2,200,184,3,30,0.92,15,47,23,41,2,15,0.2678571428571428,17,6,1.7826086956521738,8,11,14,3,44,4.666666666666667,20,5,1,0.1666666666666666,0,2,5,0,0,75,0,2672,345,15,0.0,0.625,0.0,0.023880597014925373,13.916666666666666,0.04477611940298507,0.0625,0.20833333333333334,0.3125,3.5,0,8.132934131736528,13.8,1,25.0,1670.0,115.0,40.0,75.0,111556.0,7682.0,2672.0,5010.0,529.0,184.0,345.0,64.0,120.0,225.0,False,GovernorBravoDelegate,consensys_audited_compound
1023,0,0,2,18,0,1,0,1,0,59,1,1,1.0,0,5,0.0847457627118644,0,0,0,0,2,0,0,0,0,1,1,0.0,0.0,2.0,4.0,0,1,0,0,0,0.0,0,1,18,0,0,0,0.0,17,1,0.0,18,1,0,0,63,0.0,17,0,0,1.0,0,0,0,0,0,0,0,59,0,0,0.0,0.0,0.0,0.016666666666666666,3.1052631578947367,0.016666666666666666,0.0,0.0,0.0,0.0,0,5.797457627118645,0.5,0,0.0,0.0,0.0,0.0,0.0,3481.0,1062.0,59.0,59.0,324.0,18.0,18.0,1.0,1.0,1.0,False,ComptrollerInterface,consensys_audited_compound
1024,0,8,97,0,0,4,0,0,0,123,24,1,0.0,0,61,0.4959349593495935,0,0,0,0,44,61,0,8,0,14,4,0.0,0.0,137.0,848.4214285714286,0,0,0,0,0,0.0,0,0,0,0,0,0,0.0,0,0,0.0,0,4,0,0,0,0.0,0,0,0,1.0,0,0,0,0,0,0,0,0,0,0,0.0,0.0,0.0,0.0,123.0,0.11290322580645161,0.0,0.0,0.0,0.0,0,9.959349593495935,6.1,0,0.0,0.0,0.0,0.0,0.0,15129.0,0.0,0.0,1722.0,0.0,0.0,0.0,0.0,0.0,196.0,False,UnitrollerAdminStorage,consensys_audited_compound
1025,1,18,94,10,24,4,0,1,0,170,23,1,1.0,0,73,0.4294117647058823,0,0,3,0,57,57,0,19,0,18,6,0.0,0.0,194.0,1044.3666666666668,1,70,60,0,13,0.8571428571428571,4,10,10,13,1,24,0.6486486486486487,3,7,1.3,3,4,4,1,11,4.0,6,10,1,0.0909090909090909,16,1,10,0,0,240,0,170,240,18,0.0,2.1818181818181817,0.0,0.005847953216374269,15.454545454545455,0.10526315789473684,0.05263157894736842,0.9090909090909091,0.4,7.0,0,9.244117647058824,13.3,1,100.0,1700.0,100.0,10.0,180.0,28900.0,1700.0,170.0,3060.0,100.0,10.0,180.0,1.0,18.0,324.0,False,CDaiDelegate,consensys_audited_compound
1026,0,0,3,0,0,0,0,0,0,143,7,1,0.0,0,60,0.4195804195804196,0,0,0,0,3,0,0,0,0,2,1,0.0,0.0,3.0,4.5,0,0,0,0,0,0.0,0,0,0,0,0,0,0.0,0,0,0.0,0,0,0,0,0,0.0,0,0,0,1.0,0,0,0,0,0,0,0,0,0,0,0.0,0.0,0.0,0.0,143.0,0.013888888888888888,0.0,0.0,0.0,0.0,0,9.195804195804197,6.0,0,0.0,0.0,0.0,0.0,0.0,20449.0,0.0,0.0,286.0,0.0,0.0,0.0,0.0,0.0,4.0,False,GovernorBravoEvents,consensys_audited_compound
1027,1,1,4,6,2,5,0,3,0,86,2,1,1.5,0,27,0.313953488372093,0,0,0,0,8,2,0,2,4,5,2,0.0,0.0,19.0,35.72,0,42,36,0,14,0.8571428571428571,7,9,6,7,2,2,0.2222222222222222,2,4,1.1666666666666667,3,5,1,1,14,1.0,5,0,0,1.0,0,0,0,0,0,0,0,258,12,5,0.0,0.2857142857142857,0.0,0.034482758620689655,12.285714285714286,0.05747126436781609,0.16666666666666666,0.0,0.0,0.0,0,7.98953488372093,2.7,0,0.0,0.0,0.0,0.0,0.0,7396.0,516.0,258.0,430.0,36.0,18.0,30.0,9.0,15.0,25.0,False,at,consensys_audited_compound
1028,0,0,12,10,0,0,0,3,0,172,1,1,1.4,0,116,0.6744186046511628,0,0,0,0,2,10,0,0,0,2,1,0.0,0.0,12.0,54.0,0,43,33,0,6,0.7674418604651163,12,14,10,10,0,0,0.0,0,10,1.0,1,0,0,0,25,0.0,10,0,0,1.0,0,0,0,0,0,0,0,516,0,0,0.0,0.0,0.0,0.017341040462427744,15.636363636363637,0.011560693641618497,0.0,0.0,0.0,0.0,0,11.594186046511627,11.6,0,0.0,0.0,0.0,0.0,0.0,29584.0,1720.0,516.0,344.0,100.0,30.0,20.0,9.0,6.0,4.0,False,SafeMath,consensys_audited_compound
1029,0,11,81,15,9,0,0,5,0,206,17,1,1.5333333333333334,0,101,0.4902912621359223,0,0,2,0,46,46,0,11,0,14,5,0.0,0.0,136.0,759.6571428571427,1,85,74,0,15,0.8705882352941177,10,23,15,21,1,9,0.3,11,4,1.4,15,0,5,3,24,1.6666666666666667,13,9,1,0.1,16,1,9,0,0,81,0,1030,135,0,0.0,0.5625,0.0,0.024154589371980676,12.875,0.06763285024154589,0.0,0.5625,0.9,6.3,0,9.652912621359222,14.1,1,81.0,1854.0,135.0,45.0,126.0,42436.0,3090.0,1030.0,2884.0,225.0,75.0,210.0,25.0,70.0,196.0,False,CErc20,consensys_audited_compound
1030,0,11,83,7,4,1,0,3,0,36,19,1,1.2857142857142858,0,2,0.0555555555555555,0,0,1,0,48,46,0,11,0,14,5,0.0,0.0,138.0,790.5428571428571,0,21,15,0,5,0.7142857142857143,4,9,7,5,3,4,0.4444444444444444,4,3,0.7142857142857143,5,1,4,0,9,0.0,6,0,0,1.0,0,0,0,0,0,0,0,108,28,0,0.0,0.5,0.0,0.08108108108108109,4.5,0.3783783783783784,0.0,0.0,0.0,0.0,0,5.405555555555555,2.2,0,0.0,0.0,0.0,0.0,0.0,1296.0,252.0,108.0,504.0,49.0,21.0,98.0,9.0,42.0,196.0,False,SimplePriceOracle,consensys_audited_compound
1032,1,11,79,3,4,1,0,3,0,43,17,1,1.6666666666666667,0,22,0.5116279069767442,2,0,0,0,46,46,0,12,1,14,5,0.0,0.0,144.0,804.3428571428572,0,12,10,0,5,0.8333333333333334,0,5,3,1,1,4,0.8,3,0,0.3333333333333333,2,1,2,1,4,2.0,3,0,0,1.0,0,0,0,0,0,0,0,129,12,14,0.0,1.0,0.0,0.06818181818181818,10.75,0.3181818181818182,0.06666666666666667,0.0,0.0,0.0,0,9.966279069767442,2.2,0,0.0,0.0,0.0,0.0,0.0,1849.0,129.0,129.0,602.0,9.0,9.0,42.0,9.0,42.0,196.0,False,Maximillion,consensys_audited_compound
1033,0,1,5,20,3,12,0,14,0,249,1,1,2.5,2,81,0.3253012048192771,0,0,0,0,4,2,0,1,0,5,3,0.0,0.0,10.0,10.8,2,141,131,2,19,0.9290780141843972,19,50,20,30,4,3,0.0909090909090909,10,10,1.5,10,12,7,0,43,0.0,18,0,0,1.0,0,0,0,0,0,0,0,3486,60,0,0.0,0.14285714285714285,0.0,0.056,11.857142857142858,0.02,0.0,0.0,0.0,0.0,0,7.553012048192771,8.1,0,0.0,0.0,0.0,0.0,0.0,62001.0,4980.0,3486.0,1245.0,400.0,280.0,100.0,196.0,70.0,25.0,False,Comp,consensys_audited_compound
1034,0,8,93,50,18,0,1,15,0,970,15,1,2.66,1,521,0.5371134020618556,0,0,1,0,40,61,0,8,0,14,4,0.0,0.0,133.0,785.65,3,400,392,0,23,0.98,36,130,50,134,3,18,0.1184210526315789,24,26,2.68,49,0,16,1,70,16.0,38,9,0,0.0,16,0,9,0,0,162,0,14550,900,0,0.0,0.35294117647058826,0.0,0.015447991761071062,19.019607843137255,0.014418125643666324,0.0,0.17647058823529413,0.47368421052631576,6.3,0,11.621134020618555,54.1,1,81.0,8730.0,450.0,135.0,126.0,940900.0,48500.0,14550.0,13580.0,2500.0,750.0,700.0,225.0,210.0,196.0,False,CToken,consensys_audited_compound
1035,0,1,3,5,0,6,0,3,0,90,2,1,1.6,0,50,0.5555555555555556,0,0,1,0,7,1,0,1,4,3,1,0.0,0.0,8.0,20.533333333333328,0,26,21,0,5,0.8076923076923077,5,8,5,3,1,0,0.0,4,1,0.6,3,6,1,0,14,0.0,4,0,0,1.0,0,0,0,0,0,0,0,270,0,0,0.0,0.0,0.0,0.03296703296703297,15.0,0.03296703296703297,0.0,0.0,0.0,0.0,0,10.405555555555555,7.0,0,0.0,0.0,0.0,0.0,0.0,8100.0,450.0,270.0,270.0,25.0,15.0,15.0,9.0,9.0,9.0,False,JumpRateModel,consensys_audited_compound
1036,0,0,2,9,0,0,0,1,0,55,1,1,1.0,0,41,0.7454545454545455,0,0,0,0,2,0,0,0,0,1,1,0.0,0.0,2.0,4.0,0,0,0,0,0,0.0,0,0,9,0,0,0,0.0,9,0,0.0,9,0,0,0,10,0.0,5,0,0,1.0,0,0,0,0,0,0,0,55,0,0,0.0,0.0,0.0,0.017857142857142856,5.5,0.017857142857142856,0.0,0.0,0.0,0.0,0,12.404545454545456,4.1,0,0.0,0.0,0.0,0.0,0.0,3025.0,495.0,55.0,55.0,81.0,9.0,9.0,1.0,1.0,1.0,False,EIP20Interface,consensys_audited_compound
1037,0,13,85,4,0,0,0,3,0,37,18,1,2.0,0,19,0.5135135135135135,0,0,2,0,50,48,0,13,0,16,5,0.0,0.0,150.0,783.75,0,21,19,0,8,0.9047619047619048,0,8,4,2,1,0,0.0,3,1,0.5,3,0,1,0,1,0.0,1,9,1,0.1,16,1,9,0,0,0,0,111,0,0,0.0,0.0,0.0,0.07894736842105263,7.4,0.42105263157894735,0.0,1.8,9.0,6.3,0,9.985135135135135,5.9,1,81.0,333.0,36.0,27.0,144.0,1369.0,148.0,111.0,592.0,16.0,12.0,64.0,9.0,48.0,256.0,False,CErc20Delegate,consensys_audited_compound
1038,0,1,4,7,0,7,0,3,0,118,2,1,1.4285714285714286,0,69,0.5847457627118644,0,0,1,0,5,1,0,1,1,4,1,0.0,0.0,9.0,12.825,0,32,25,0,5,0.78125,5,10,7,6,1,0,0.0,3,4,0.8571428571428571,4,7,2,0,23,0.0,6,0,0,1.0,0,0,0,0,0,0,0,354,0,0,0.0,0.0,0.0,0.025210084033613446,14.75,0.03361344537815126,0.0,0.0,0.0,0.0,0,10.697457627118643,8.9,0,0.0,0.0,0.0,0.0,0.0,13924.0,826.0,354.0,472.0,49.0,21.0,28.0,9.0,12.0,16.0,False,BaseJumpRateModelV2,consensys_audited_compound
1039,1,4,32,26,16,11,0,8,0,373,8,1,2.076923076923077,0,136,0.3646112600536193,1,0,1,0,15,23,0,5,0,15,6,0.0,0.0,62.0,128.54666666666668,3,217,200,3,31,0.9216589861751152,16,54,26,45,2,16,0.2622950819672131,20,6,1.7307692307692308,9,11,16,3,48,5.333333333333333,23,5,1,0.1666666666666666,0,2,5,0,0,80,0,2984,416,15,0.0,0.5925925925925926,0.0,0.0213903743315508,13.814814814814815,0.040106951871657755,0.0625,0.18518518518518517,0.29411764705882354,3.5,0,8.246112600536193,15.6,1,25.0,1865.0,130.0,40.0,75.0,139129.0,9698.0,2984.0,5595.0,676.0,208.0,390.0,64.0,120.0,225.0,False,GovernorBravoDelegate,consensys_audited_compound
1040,0,1,4,3,0,0,0,1,0,23,3,1,1.0,0,13,0.5652173913043478,0,0,2,0,5,1,0,1,1,3,1,0.0,0.0,9.0,17.099999999999998,0,6,3,0,1,0.5,1,3,3,2,1,0,0.0,2,1,0.6666666666666666,2,0,0,0,8,0.0,2,0,0,1.0,0,0,0,0,0,0,0,23,0,0,0.0,0.0,0.0,0.041666666666666664,5.75,0.125,0.0,0.0,0.0,0.0,0,10.602173913043478,5.3,0,0.0,0.0,0.0,0.0,0.0,529.0,69.0,23.0,69.0,9.0,3.0,9.0,1.0,3.0,9.0,False,JumpRateModelV2,consensys_audited_compound
1041,1,8,105,50,18,0,1,15,0,116,25,1,2.66,1,52,0.4482758620689655,0,0,1,0,51,63,0,9,0,17,7,0.0,0.0,155.0,867.0882352941177,2,400,392,0,23,0.98,36,130,50,134,3,18,0.1184210526315789,24,26,2.68,49,0,16,1,70,16.0,38,0,0,1.0,0,0,0,0,0,0,0,1740,900,17,0.0,0.35294117647058826,0.0,0.1282051282051282,2.2745098039215685,0.1452991452991453,0.05555555555555555,0.0,0.0,0.0,0,10.732758620689655,7.2,0,0.0,0.0,0.0,0.0,0.0,13456.0,5800.0,1740.0,1972.0,2500.0,750.0,850.0,225.0,255.0,289.0,False,as,consensys_audited_compound
1042,0,1,3,5,0,4,0,3,0,73,2,1,1.4,0,43,0.589041095890411,0,0,1,0,5,1,0,1,2,3,1,0.0,0.0,8.0,15.199999999999998,0,20,15,0,4,0.75,4,7,5,3,1,0,0.0,4,1,0.6,3,4,1,0,12,0.0,4,0,0,1.0,0,0,0,0,0,0,0,219,0,0,0.0,0.0,0.0,0.04054054054054054,12.166666666666666,0.04054054054054054,0.0,0.0,0.0,0.0,0,10.74041095890411,6.3,0,0.0,0.0,0.0,0.0,0.0,5329.0,365.0,219.0,219.0,25.0,15.0,15.0,9.0,9.0,9.0,False,WhitePaperInterestRateModel,consensys_audited_compound
1043,0,0,19,10,7,7,0,3,1,81,2,1,1.2,0,3,0.037037037037037,2,2,0,0,4,15,0,0,0,6,4,0.0,0.0,19.0,45.91666666666666,0,56,47,0,16,0.8392857142857143,3,12,10,16,1,7,0.3043478260869565,8,2,1.6,7,7,6,1,19,6.0,6,2,0,0.0,0,0,2,0,0,14,0,243,70,0,0.0,0.6363636363636364,0.125,0.036585365853658534,7.363636363636363,0.07317073170731707,0.0,0.18181818181818182,0.25,1.4,0,5.22037037037037,6.3,1,4.0,162.0,20.0,6.0,12.0,6561.0,810.0,243.0,486.0,100.0,30.0,60.0,9.0,18.0,36.0,False,Timelock,consensys_audited_compound
