id,has_reentrancy,has_access_control_issues,has_timestamp_dependency,has_unchecked_call,has_reentrancy_unlimited,has_reentrancy_benign,has_reentrancy_events,has_unchecked_transfer,has_controlled_delegatecall,has_delegatecall_loop,has_uninitialized_state,has_uninitialized_storage,has_uninitialized_local,has_tx_origin,has_inline_assembly,has_locked_ether,has_msg_value_loop,has_shadowing_state,has_shadowing_builtin,has_shadowing_abstract,has_unused_state_vars,has_unused_return_values,has_incorrect_solc_version,has_floating_pragma,has_outdated_compiler,high_severity_count,medium_severity_count,low_severity_count,num_functions,num_external_calls,num_state_vars,num_modifiers,max_cyclomatic_complexity,num_low_level_calls,lines_of_code,num_contracts_in_file,num_dependencies,avg_function_complexity,num_functions_high_complexity,num_comments,comment_to_code_ratio,num_payable_functions,num_library_calls,inheritance_depth,num_unused_functions,high_confidence_detectors,medium_confidence_detectors,low_confidence_detectors,security_detectors_triggered,optimization_detectors_triggered,total_detector_hits,unique_vulnerability_types,detectors_per_function,detectors_per_loc,risk_score_simple,risk_score_weighted,is_high_risk,contract_complexity_category,complexity_level,cfg_num_nodes,cfg_num_edges,cfg_num_cycles,cfg_max_depth,cfg_avg_branching,cfg_has_complex_loops,cfg_num_exit_points,cfg_cyclomatic_total,cg_num_nodes,cg_num_edges,cg_max_call_depth,cg_num_external_calls,cg_external_call_ratio,cg_has_cyclic_calls,cg_num_public_entry_points,cg_num_internal_functions,cg_avg_calls_per_function,cg_num_leaf_functions,dfg_num_state_vars,dfg_num_tainted_flows,dfg_has_cross_function_flow,dfg_num_sensitive_sinks,dfg_num_external_sources,dfg_taint_to_sink_ratio,dfg_num_unvalidated_inputs,cei_violations,cei_safe_functions,cei_pattern_score,has_reentrancy_guard,functions_with_reentrancy_guard,state_before_call_count,state_after_call_count,unchecked_calls_in_critical_context,created_at,ground_truth_vulnerable,num_known_vulns,ground_truth_vulnerable
321,False,False,True,False,True,False,False,False,False,False,False,True,False,False,False,False,False,False,False,False,False,False,True,False,False,2,0,6,8,1,5,0,9,0,85,1,1,2.25,0,25,0.29411764705882354,2,0,0,0,7,2,0,2,1,8,4,0.0,0.0,26.0,27.3,True,simple,0,40,36,0,9,0.9,False,1,18,8,13,3,1,0.07142857142857142,False,6,2,1.625,6,5,1,True,1,2,1.0,2,0,0,1.0,False,0,0,0,0,2025-12-22 13:02:26.846425,True,1,True
322,False,False,False,False,False,False,False,False,False,False,False,True,False,False,False,False,False,False,False,False,False,False,True,False,False,1,0,4,2,0,3,0,1,0,25,1,1,1.0,0,7,0.28,0,0,0,0,6,0,0,1,0,4,2,0.0,0.0,14.0,21.0,False,simple,0,8,6,0,6,0.75,False,0,2,2,1,1,0,0.0,False,1,1,0.5,2,3,1,True,0,2,0.0,1,0,0,1.0,False,0,0,0,0,2025-12-22 13:02:27.167319,True,1,True
323,False,False,True,False,True,False,False,False,False,False,False,True,False,False,False,False,False,False,False,False,False,False,True,False,False,3,1,7,6,2,5,0,3,0,50,1,1,1.6666666666666667,0,13,0.26,2,0,0,0,7,5,0,4,1,9,4,0.0,0.0,42.0,48.999999999999986,True,simple,0,22,18,0,9,0.8181818181818182,False,0,10,6,7,2,2,0.2222222222222222,False,4,2,1.1666666666666667,7,5,1,True,1,1,1.0,1,0,0,1.0,False,0,0,0,0,2025-12-22 13:02:27.528573,True,1,True
324,False,True,False,False,False,False,False,False,False,False,False,False,False,True,False,False,False,False,False,False,False,False,True,False,False,1,1,5,3,1,1,0,1,0,18,1,1,1.0,0,6,0.3333333333333333,1,0,0,0,3,4,0,2,0,5,3,0.0,0.0,20.0,23.200000000000003,True,simple,0,6,3,0,2,0.5,False,0,3,3,2,1,1,0.3333333333333333,False,3,0,0.6666666666666666,4,1,2,True,1,2,2.0,2,0,0,1.0,False,0,0,0,0,2025-12-22 13:02:27.190981,True,1,True
325,True,True,True,True,False,False,True,False,False,False,True,False,True,False,True,False,False,False,False,False,True,False,True,False,False,3,3,66,6,3,7,0,5,3,395,4,1,1.6666666666666667,0,108,0.27341772151898736,1,0,1,0,74,7,0,6,0,17,8,0.0,0.0,111.0,515.1705882352942,True,moderate,1,20,16,0,5,0.8,False,3,10,6,1,1,3,0.75,False,5,1,0.16666666666666666,6,7,2,True,3,7,0.6666666666666666,4,0,0,1.0,False,0,0,0,0,2025-12-22 13:02:27.842496,True,1,True
326,False,False,False,False,False,False,False,False,False,False,False,False,False,False,False,False,False,False,False,False,False,False,True,False,False,1,1,6,6,2,2,0,1,0,32,1,1,1.0,0,6,0.1875,1,0,0,0,7,1,0,2,0,4,1,0.0,0.0,21.0,40.425,True,simple,0,15,9,0,2,0.6,False,0,6,6,4,1,2,0.3333333333333333,False,6,0,0.6666666666666666,5,2,2,True,0,3,0.0,2,0,0,1.0,False,0,0,0,0,2025-12-22 13:02:28.180755,True,1,True
327,False,False,False,False,True,False,False,False,False,False,False,False,False,False,False,False,False,False,False,False,False,False,True,False,False,0,0,4,4,2,2,0,1,0,31,1,1,1.0,0,10,0.3225806451612903,1,0,0,0,2,2,0,0,1,3,2,0.0,0.0,4.0,4.533333333333333,False,simple,0,12,8,0,3,0.6666666666666666,False,0,4,4,4,1,2,0.3333333333333333,False,4,0,1.0,4,2,2,True,2,2,1.0,2,0,0,1.0,False,0,0,0,0,2025-12-22 13:02:28.518600,True,1,True
328,False,False,False,True,True,False,False,False,False,False,False,False,False,False,False,False,False,False,False,False,False,False,True,False,False,1,5,25,19,5,7,1,8,0,125,1,1,2.3157894736842106,0,21,0.168,0,0,0,0,15,16,0,6,4,11,4,0.0,0.0,60.0,142.9090909090909,True,moderate,1,99,86,1,12,0.8686868686868687,False,6,44,19,9,2,5,0.35714285714285715,False,16,3,0.47368421052631576,12,7,6,True,5,7,1.2,7,0,0,1.0,False,0,0,0,0,2025-12-22 13:02:28.952841,True,1,True
329,False,True,False,False,False,False,False,False,False,False,False,False,False,True,False,False,False,False,False,False,False,False,True,False,False,1,1,3,2,1,1,0,1,0,18,1,1,1.0,0,7,0.3888888888888889,0,0,0,0,2,3,0,2,0,4,3,0.0,0.0,18.0,18.45,True,simple,0,5,3,0,2,0.6,False,0,2,2,1,1,1,0.5,False,2,0,0.5,2,1,1,True,1,2,1.0,1,0,0,1.0,False,0,0,0,0,2025-12-22 13:02:29.268259,True,1,True
330,False,False,False,False,True,False,False,False,False,False,False,False,False,False,False,False,False,False,False,False,False,False,True,False,False,0,0,4,5,3,2,0,1,0,35,1,1,1.0,0,11,0.3142857142857143,1,0,0,0,2,2,0,0,1,3,2,0.0,0.0,4.0,4.533333333333333,False,simple,0,14,9,0,3,0.6428571428571429,False,0,5,5,4,1,3,0.42857142857142855,False,5,0,0.8,5,2,2,True,3,2,0.6666666666666666,2,0,0,1.0,False,0,0,0,0,2025-12-22 13:02:29.600473,True,1,True
331,False,False,False,False,False,False,False,False,False,False,False,False,False,False,False,False,False,False,False,False,False,False,True,False,False,0,0,3,3,1,1,1,1,0,28,1,1,1.0,0,8,0.2857142857142857,1,0,0,0,3,0,0,0,0,2,1,0.0,0.0,3.0,4.5,False,simple,0,6,3,0,2,0.5,False,0,3,3,2,1,1,0.3333333333333333,False,3,0,0.6666666666666666,4,1,0,True,1,0,0.0,0,0,0,1.0,False,0,0,0,0,2025-12-22 13:02:29.925961,True,1,True
332,False,False,False,False,True,False,False,False,False,False,False,False,False,False,False,False,False,False,False,False,False,False,True,False,False,0,0,4,4,2,2,0,1,0,32,1,1,1.0,0,11,0.34375,1,0,0,0,2,2,0,0,1,3,2,0.0,0.0,4.0,4.533333333333333,False,simple,0,12,8,0,3,0.6666666666666666,False,0,4,4,4,1,2,0.3333333333333333,False,4,0,1.0,4,2,2,True,2,2,1.0,2,0,0,1.0,False,0,0,0,0,2025-12-22 13:02:30.261271,True,1,True
333,False,False,False,False,False,False,False,False,False,False,False,False,False,False,False,False,False,False,False,False,False,False,True,False,False,0,0,4,3,0,2,1,1,0,53,2,1,1.0,0,23,0.4339622641509434,0,0,0,0,4,0,0,0,0,2,1,0.0,0.0,4.0,8.0,False,simple,0,12,9,0,4,0.75,False,2,3,3,3,1,0,0.0,False,3,0,1.0,3,2,2,True,0,2,0.0,2,0,0,1.0,False,0,0,0,0,2025-12-22 13:02:30.612940,True,1,True
334,False,False,False,False,False,False,False,False,False,False,True,False,False,False,False,False,False,False,False,False,False,False,True,False,False,2,0,2,3,1,2,0,3,0,25,1,1,1.6666666666666667,0,7,0.28,0,0,0,0,4,1,0,2,0,4,2,0.0,0.0,22.0,25.85,True,simple,0,10,8,0,3,0.8,False,1,5,3,2,1,1,0.3333333333333333,False,3,0,0.6666666666666666,4,2,1,True,1,3,1.0,2,0,0,1.0,False,0,0,0,0,2025-12-22 13:02:30.947303,True,1,True
335,False,True,False,False,False,False,False,False,False,False,False,False,False,False,False,False,False,False,False,False,False,False,True,False,False,1,0,2,1,0,0,0,1,0,13,1,1,1.0,0,7,0.5384615384615384,0,0,0,0,3,0,0,1,0,2,2,0.0,0.0,12.0,18.0,False,simple,0,2,1,0,1,0.5,False,0,1,1,1,1,0,0.0,False,1,0,1.0,1,0,0,False,0,0,0.0,0,0,0,1.0,False,0,0,0,0,2025-12-22 13:02:31.259498,True,1,True
336,False,False,False,False,False,False,False,False,False,False,False,False,False,False,False,False,False,False,False,False,False,False,True,False,False,0,0,3,3,1,1,1,1,0,26,1,1,1.0,0,6,0.23076923076923078,1,0,0,0,3,0,0,0,0,2,1,0.0,0.0,3.0,4.5,False,simple,0,6,3,0,2,0.5,False,0,3,3,2,1,1,0.3333333333333333,False,3,0,0.6666666666666666,4,1,0,True,1,0,0.0,0,0,0,1.0,False,0,0,0,0,2025-12-22 13:02:31.582916,True,1,True
337,False,False,False,False,False,False,False,False,False,False,False,False,False,False,False,False,False,False,False,False,False,False,True,False,False,0,0,2,3,1,1,1,1,0,26,1,1,1.0,0,6,0.23076923076923078,1,0,0,0,2,0,0,0,0,1,1,0.0,0.0,2.0,4.0,False,simple,0,6,3,0,2,0.5,False,0,3,3,2,1,1,0.3333333333333333,False,3,0,0.6666666666666666,4,1,0,True,1,0,0.0,0,0,0,1.0,False,0,0,0,0,2025-12-22 13:02:31.909631,True,1,True
338,False,False,False,False,False,False,False,False,False,False,False,False,False,False,False,False,False,False,False,False,False,False,True,False,False,0,0,4,2,0,1,1,1,0,33,1,1,1.0,0,15,0.45454545454545453,0,0,0,0,3,1,0,0,0,3,1,0.0,0.0,4.0,4.933333333333334,False,simple,0,4,2,0,1,0.5,False,0,2,2,0,0,0,0.0,False,2,0,0.0,2,1,1,False,0,1,0.0,1,0,0,1.0,False,0,0,0,0,2025-12-22 13:02:32.230899,True,1,True
339,False,False,False,True,False,False,False,False,True,False,False,False,False,False,False,False,False,False,False,False,False,False,True,False,False,1,0,4,2,1,1,0,1,1,16,1,1,1.0,0,6,0.375,0,0,0,0,5,1,0,1,0,5,3,0.0,0.0,14.0,15.96,True,simple,0,4,2,0,1,0.5,False,0,2,2,1,1,1,0.5,False,2,0,0.5,2,1,1,False,1,2,1.0,1,0,0,1.0,False,0,0,0,0,2025-12-22 13:02:32.544068,True,1,True
340,False,True,False,True,False,False,False,False,True,False,True,False,False,False,False,False,False,False,False,False,False,False,True,False,False,4,0,9,5,3,5,0,1,2,52,2,1,1.0,0,18,0.34615384615384615,1,0,0,0,11,4,0,4,0,9,5,0.0,0.0,49.0,75.13333333333333,True,simple,0,10,5,0,3,0.5,False,0,5,5,3,1,3,0.5,False,3,2,0.6,4,5,1,True,3,1,0.3333333333333333,1,0,1,1.0,False,0,1,0,0,2025-12-22 13:02:32.890159,True,1,True
341,True,True,True,True,False,False,True,False,False,False,False,False,True,False,False,False,False,False,False,False,True,False,True,False,False,2,2,59,0,0,0,0,0,0,345,3,1,0.0,0,95,0.2753623188405797,0,0,0,0,58,6,0,4,0,13,7,0.0,0.0,89.0,425.83076923076925,True,simple,0,0,0,0,0,0.0,False,0,0,0,0,0,0,0.0,False,0,0,0.0,0,0,0,False,0,0,0.0,0,0,0,1.0,False,0,0,0,0,2025-12-22 13:02:33.387873,True,1,True
342,False,True,True,True,True,False,False,False,False,False,False,False,False,False,False,False,False,False,False,False,False,False,True,False,False,1,3,9,4,2,5,0,3,0,44,2,1,2.5,0,7,0.1590909090909091,0,0,0,0,9,5,0,4,1,9,5,0.0,0.0,34.0,47.22222222222222,True,simple,0,23,19,0,7,0.8260869565217391,False,3,10,4,1,1,2,0.6666666666666666,False,3,1,0.25,4,5,0,True,2,0,0.0,0,0,0,1.0,False,0,0,0,0,2025-12-22 13:02:33.732752,True,1,True
343,False,True,True,False,False,False,False,False,False,False,False,False,False,False,False,False,False,False,False,False,False,False,True,False,False,2,1,3,2,1,1,0,3,0,21,1,1,2.0,0,8,0.38095238095238093,2,0,0,0,3,3,0,3,0,5,3,0.0,0.0,28.0,28.560000000000002,True,simple,0,8,7,0,5,0.875,False,0,4,2,2,1,1,0.3333333333333333,False,2,0,1.0,3,1,0,True,1,0,0.0,0,0,0,1.0,False,0,0,0,0,2025-12-22 13:02:34.070543,True,1,True
344,False,True,True,False,True,False,False,False,False,False,False,False,False,False,False,False,False,False,False,False,False,False,True,False,False,2,1,5,3,2,4,0,3,0,42,1,1,1.6666666666666667,0,22,0.5238095238095238,1,0,0,0,4,4,0,3,1,7,4,0.0,0.0,30.0,29.14285714285714,True,simple,0,13,11,0,7,0.8461538461538461,False,0,5,3,2,1,2,0.5,False,2,1,0.6666666666666666,4,4,0,True,2,0,0.0,0,0,0,1.0,False,0,0,0,0,2025-12-22 13:02:34.439205,True,1,True
345,False,False,True,False,False,False,False,False,False,False,False,False,False,False,False,False,False,False,False,False,False,False,True,False,False,0,0,3,1,0,0,0,1,0,13,1,1,1.0,0,7,0.5384615384615384,0,0,0,0,2,1,0,0,0,2,2,0.0,0.0,3.0,4.05,False,simple,0,2,1,0,1,0.5,False,1,1,1,0,0,0,0.0,False,1,0,0.0,1,0,0,False,0,0,0.0,0,0,0,1.0,False,0,0,0,0,2025-12-22 13:02:34.759844,True,1,True
346,False,True,True,True,False,False,False,False,False,False,False,False,False,False,False,False,False,False,False,False,False,False,True,False,False,1,2,4,3,2,2,0,7,0,31,1,1,3.0,0,7,0.22580645161290322,0,0,0,0,3,4,0,3,0,5,4,0.0,0.0,24.0,27.84,True,simple,0,16,16,0,4,1.0,False,1,9,3,3,2,2,0.4,False,2,1,1.0,2,2,1,True,2,2,0.5,2,1,0,0.0,False,0,0,1,0,2025-12-22 13:02:35.108914,True,1,True
347,False,False,False,False,False,False,False,False,False,False,False,False,False,False,False,False,False,False,False,False,False,False,True,False,False,0,0,3,6,1,2,0,6,0,37,1,1,1.8333333333333333,0,9,0.24324324324324326,0,0,0,0,2,1,0,0,1,2,1,0.0,0.0,3.0,4.05,False,simple,0,22,18,2,7,0.8181818181818182,True,2,11,6,2,1,1,0.3333333333333333,False,5,1,0.3333333333333333,5,2,1,True,0,2,0.0,1,0,0,1.0,False,0,0,0,0,2025-12-22 13:02:35.427795,True,1,True
348,False,False,False,False,False,False,False,False,False,False,True,False,False,False,False,False,False,False,False,False,False,False,True,False,False,1,0,3,2,3,2,0,4,0,22,1,1,2.5,0,8,0.36363636363636365,0,0,0,0,4,1,0,1,1,4,2,0.0,0.0,13.0,15.275,False,simple,0,10,9,1,5,0.9,False,0,5,2,1,1,3,0.75,False,2,0,0.5,2,2,0,True,1,0,0.0,0,0,0,1.0,False,0,0,0,0,2025-12-22 13:02:35.767977,True,1,True
349,False,False,True,True,True,False,False,False,False,False,False,False,False,False,False,False,False,False,False,False,False,False,True,False,False,2,7,8,10,11,9,0,9,0,112,1,1,2.6,0,28,0.25,0,0,0,0,3,15,0,9,5,7,4,0.0,0.0,63.0,121.5,True,moderate,1,64,60,2,16,0.9375,False,5,26,10,2,2,11,0.8461538461538461,False,9,1,0.2,9,9,2,True,8,2,0.25,2,0,0,1.0,False,0,0,0,0,2025-12-22 13:02:36.227409,True,1,True
350,False,False,False,False,False,False,False,False,False,False,False,False,False,False,False,False,False,False,False,False,False,False,True,False,False,0,0,2,1,2,1,0,5,0,21,1,1,5.0,0,6,0.2857142857142857,0,0,0,0,2,0,0,0,0,1,1,0.0,0.0,2.0,4.0,False,simple,0,11,11,1,6,1.0,False,2,5,1,0,0,2,1.0,False,1,0,0.0,1,1,0,True,1,0,0.0,0,0,0,1.0,False,0,0,0,0,2025-12-22 13:02:36.554854,True,1,True
351,False,False,False,False,True,False,False,False,False,False,False,False,False,False,False,False,False,False,False,False,False,False,True,False,False,0,0,3,1,1,2,0,3,0,24,1,1,3.0,0,11,0.4583333333333333,1,0,0,0,2,1,0,0,1,2,2,0.0,0.0,3.0,4.05,False,simple,0,7,7,0,5,1.0,False,0,3,1,1,1,1,0.5,False,1,0,1.0,1,2,0,True,1,0,0.0,0,0,0,1.0,False,0,0,0,0,2025-12-22 13:02:36.873268,True,1,True
352,False,False,False,False,False,False,False,False,False,False,False,False,False,False,False,False,False,False,False,False,False,False,True,False,False,1,0,2,5,2,2,0,4,0,29,1,1,2.0,0,6,0.20689655172413793,0,0,0,0,2,1,0,1,0,2,1,0.0,0.0,12.0,16.2,False,simple,0,18,15,1,5,0.8333333333333334,False,3,10,5,0,0,2,1.0,False,4,1,0.0,5,2,0,True,1,0,0.0,0,0,0,1.0,False,0,0,0,0,2025-12-22 13:02:37.214370,True,1,True
353,False,False,False,False,False,False,False,False,False,False,False,False,False,False,False,False,False,False,False,False,False,False,True,False,False,1,1,7,5,2,2,0,6,0,55,1,1,3.2,0,19,0.34545454545454546,0,0,0,0,9,1,0,2,1,5,1,0.0,0.0,22.0,42.67999999999999,True,simple,0,27,24,1,7,0.8888888888888888,False,4,16,5,1,1,2,0.6666666666666666,False,5,0,0.2,5,2,0,True,1,0,0.0,0,0,0,1.0,False,0,0,0,0,2025-12-22 13:02:37.549812,True,1,True
354,False,False,True,False,False,False,False,False,False,False,False,False,False,False,False,False,False,False,False,False,False,False,True,False,False,1,0,3,2,0,1,0,1,0,23,1,1,1.0,0,12,0.5217391304347826,0,0,0,0,2,2,0,1,0,3,2,0.0,0.0,13.0,14.733333333333333,False,simple,0,7,5,0,5,0.7142857142857143,False,1,2,2,1,0,0,0.0,False,0,2,0.5,2,1,0,True,0,1,0.0,1,0,0,1.0,False,0,0,0,0,2025-12-22 13:02:37.865180,True,1,True
355,False,False,False,False,True,False,False,False,False,False,False,False,False,False,False,False,False,False,False,False,False,False,True,False,False,0,0,6,10,7,11,0,12,0,147,1,1,3.9,1,25,0.17006802721088435,2,0,0,0,3,3,0,0,2,5,2,0.0,0.0,6.0,6.119999999999999,False,moderate,1,91,93,6,12,1.021978021978022,True,1,39,10,4,3,7,0.6363636363636364,False,7,3,0.4,8,11,0,True,6,0,0.0,0,0,0,1.0,False,0,0,0,0,2025-12-22 13:02:38.271428,True,1,True
356,False,False,True,True,True,False,False,False,False,False,False,False,False,False,False,False,False,False,False,False,False,False,True,False,False,2,4,12,15,6,8,1,13,0,146,1,1,2.466666666666667,1,28,0.1917808219178082,0,0,0,0,6,12,0,6,2,10,5,0.0,0.0,52.0,74.88000000000001,True,complex,2,91,84,0,22,0.9230769230769231,False,4,37,15,8,4,6,0.42857142857142855,False,10,5,0.5333333333333333,11,8,3,True,5,6,0.6,6,0,0,1.0,False,0,0,0,0,2025-12-22 13:02:38.708337,True,1,True
357,False,True,True,False,False,False,False,False,False,False,False,False,False,False,False,False,False,False,False,False,False,False,True,False,False,1,2,4,3,1,1,0,3,0,23,1,1,1.6666666666666667,0,6,0.2608695652173913,2,0,0,0,5,2,0,3,0,5,3,0.0,0.0,24.0,30.720000000000002,True,simple,0,10,8,0,3,0.8,False,1,5,3,5,1,1,0.16666666666666666,False,3,0,1.6666666666666667,4,1,1,True,1,1,1.0,1,0,0,1.0,False,0,0,0,0,2025-12-22 13:02:39.043740,True,1,True
358,False,False,False,False,True,False,False,False,False,False,False,False,False,False,False,False,False,True,False,False,False,False,True,False,False,3,16,58,39,8,20,2,17,0,708,6,1,3.6153846153846154,3,181,0.2556497175141243,7,1,3,0,59,20,0,19,6,15,4,0.0,0.0,168.0,817.5999999999999,True,critical,3,357,347,3,21,0.9719887955182073,False,39,141,39,51,4,8,0.13559322033898305,False,32,7,1.3076923076923077,22,20,10,True,4,25,2.5,22,0,0,1.0,False,0,0,0,0,2025-12-22 13:02:40.147323,True,1,True
359,False,False,False,False,False,False,False,False,False,False,False,False,False,False,False,False,False,False,False,False,False,False,True,False,False,0,0,3,3,1,1,0,3,0,33,1,1,1.6666666666666667,0,8,0.24242424242424243,2,0,0,0,3,0,0,0,0,2,1,0.0,0.0,3.0,4.5,False,simple,0,14,12,0,5,0.8571428571428571,False,0,5,3,4,1,1,0.2,False,3,0,1.3333333333333333,2,1,1,True,1,1,1.0,1,0,0,1.0,False,0,0,0,0,2025-12-22 13:02:40.484205,True,1,True
360,False,False,True,False,True,False,False,False,False,False,False,False,False,False,False,False,False,False,False,False,False,False,True,False,False,3,2,21,13,22,4,1,36,0,255,2,1,5.538461538461538,1,32,0.12549019607843137,2,7,0,0,21,8,0,5,5,8,3,0.0,0.0,61.0,202.825,True,complex,2,166,161,3,28,0.9698795180722891,True,27,72,13,11,2,22,0.6666666666666666,False,10,3,0.8461538461538461,6,4,2,True,13,5,0.15384615384615385,4,0,0,1.0,False,0,0,0,0,2025-12-22 13:02:41.039051,True,1,True
361,False,False,False,False,False,False,False,False,False,False,False,False,False,False,False,False,False,False,False,False,False,False,True,False,False,0,0,2,2,0,1,0,1,0,15,1,1,1.0,0,8,0.5333333333333333,0,0,0,0,3,0,0,0,0,2,1,0.0,0.0,2.0,3.0,False,simple,0,3,1,0,1,0.3333333333333333,False,0,2,2,0,0,0,0.0,False,1,1,0.0,2,1,0,True,0,1,0.0,1,0,0,1.0,False,0,0,0,0,2025-12-22 13:02:41.369978,True,1,True
362,False,False,True,False,False,False,False,False,False,False,False,False,False,False,False,False,False,False,False,False,False,False,True,False,False,0,0,4,3,1,2,0,1,0,26,1,1,1.0,0,7,0.2692307692307692,1,0,0,0,3,1,0,0,0,3,2,0.0,0.0,4.0,4.933333333333334,False,simple,0,11,8,0,5,0.7272727272727273,False,0,3,3,1,1,1,0.5,False,3,0,0.3333333333333333,3,2,1,True,1,1,1.0,1,0,0,1.0,False,0,0,0,0,2025-12-22 13:02:41.705422,True,1,True
363,False,False,False,False,False,False,False,False,False,False,False,False,False,False,False,False,False,False,False,False,False,False,True,False,False,0,0,2,3,0,2,0,3,0,22,1,1,1.6666666666666667,0,8,0.36363636363636365,0,0,0,0,2,0,0,0,0,1,1,0.0,0.0,2.0,4.0,False,simple,0,9,6,0,3,0.6666666666666666,False,1,5,3,0,0,0,0.0,False,2,1,0.0,3,2,1,True,0,1,0.0,1,0,0,1.0,False,0,0,0,0,2025-12-22 13:02:42.025758,True,1,True
364,False,False,False,False,False,False,False,False,False,False,False,False,False,False,False,False,False,False,False,False,False,False,True,False,False,0,0,24,3,0,4,0,1,0,259,9,1,1.0,0,117,0.4517374517374517,0,0,3,0,26,3,0,0,0,6,1,0.0,0.0,24.0,112.4,True,simple,0,10,7,0,4,0.7,False,0,3,3,1,1,0,0.0,False,2,1,0.3333333333333333,3,4,0,True,0,0,0.0,0,0,0,1.0,False,0,0,0,0,2025-12-22 13:02:42.588795,True,1,True
365,False,False,False,False,False,False,False,False,False,False,False,False,False,False,False,False,False,False,False,False,False,False,True,False,False,0,0,3,2,0,1,0,1,0,13,1,1,1.0,0,6,0.46153846153846156,0,0,0,0,3,0,0,0,0,2,1,0.0,0.0,3.0,4.5,False,simple,0,3,1,0,1,0.3333333333333333,False,0,2,2,0,0,0,0.0,False,1,1,0.0,2,1,1,True,0,1,0.0,1,0,0,1.0,False,0,0,0,0,2025-12-22 13:02:42.925766,True,1,True
366,False,False,False,False,False,False,False,False,False,False,False,False,False,False,False,False,False,False,False,False,False,False,True,False,False,0,0,2,7,0,1,0,1,0,41,1,1,1.0,0,19,0.4634146341463415,0,0,0,0,2,0,0,0,0,1,1,0.0,0.0,2.0,4.0,False,simple,0,13,6,0,1,0.46153846153846156,False,0,7,7,0,0,0,0.0,False,6,1,0.0,7,1,3,True,0,6,0.0,6,0,0,1.0,False,0,0,0,0,2025-12-22 13:02:43.252214,True,1,True
367,False,False,False,False,False,False,False,False,False,False,False,False,False,False,False,False,False,False,False,False,False,False,True,False,False,0,0,2,2,0,1,0,1,0,19,1,1,1.0,0,12,0.631578947368421,0,0,0,0,2,0,0,0,0,1,1,0.0,0.0,2.0,4.0,False,simple,0,3,1,0,1,0.3333333333333333,False,0,2,2,0,0,0,0.0,False,1,1,0.0,2,1,1,True,0,1,0.0,1,0,0,1.0,False,0,0,0,0,2025-12-22 13:02:43.573445,True,1,True
368,False,False,False,False,False,False,False,False,False,False,False,False,False,False,False,False,False,False,False,False,False,False,True,False,False,0,1,5,3,0,2,0,1,0,24,1,1,1.0,0,7,0.2916666666666667,0,0,0,0,6,0,0,1,0,3,1,0.0,0.0,10.0,20.0,False,simple,0,9,6,0,4,0.6666666666666666,False,2,3,3,1,1,0,0.0,False,3,0,0.3333333333333333,3,2,2,True,0,4,0.0,3,0,0,1.0,False,0,0,0,0,2025-12-22 13:02:43.900965,True,1,True
369,False,False,False,False,False,False,False,False,False,False,False,False,False,False,False,False,False,False,False,False,False,False,True,False,False,0,0,2,2,0,1,0,1,0,15,1,1,1.0,0,8,0.5333333333333333,0,0,0,0,2,0,0,0,0,1,1,0.0,0.0,2.0,4.0,False,simple,0,3,1,0,1,0.3333333333333333,False,0,2,2,0,0,0,0.0,False,1,1,0.0,2,1,1,True,0,1,0.0,1,0,0,1.0,False,0,0,0,0,2025-12-22 13:02:44.227106,True,1,True
370,False,False,False,False,False,False,False,False,False,False,False,False,False,False,False,False,False,False,False,False,False,False,True,False,False,0,0,2,1,0,1,0,1,0,14,1,1,1.0,0,7,0.5,0,0,0,0,2,0,0,0,0,1,1,0.0,0.0,2.0,4.0,False,simple,0,2,1,0,1,0.5,False,0,1,1,0,0,0,0.0,False,1,0,0.0,1,1,1,True,0,2,0.0,1,0,0,1.0,False,0,0,0,0,2025-12-22 13:02:44.543972,True,1,True
371,False,False,False,False,False,False,False,False,False,False,False,False,False,False,False,False,False,False,False,False,False,False,True,False,False,0,1,4,1,0,1,0,1,0,17,1,1,1.0,0,8,0.47058823529411764,0,0,0,0,5,0,0,1,0,3,1,0.0,0.0,9.0,14.999999999999998,False,simple,0,4,3,0,3,0.75,False,0,1,1,1,1,0,0.0,False,1,0,1.0,1,1,1,True,0,2,0.0,1,0,0,1.0,False,0,0,0,0,2025-12-22 13:02:44.861707,True,1,True
372,False,False,False,False,False,False,False,False,False,False,False,False,False,False,False,False,False,False,False,False,False,False,True,False,False,0,0,2,2,0,2,0,3,0,20,1,1,2.0,0,8,0.4,0,0,0,0,2,0,0,0,0,1,1,0.0,0.0,2.0,4.0,False,simple,0,8,6,0,3,0.75,False,1,4,2,0,0,0,0.0,False,1,1,0.0,2,2,1,True,0,1,0.0,1,0,0,1.0,False,0,0,0,0,2025-12-22 13:02:45.187119,True,1,True
373,False,False,False,False,False,False,False,False,False,False,False,False,False,False,False,False,False,False,False,False,False,False,True,False,False,0,0,2,2,0,1,0,1,0,15,1,1,1.0,0,8,0.5333333333333333,0,0,0,0,2,0,0,0,0,1,1,0.0,0.0,2.0,4.0,False,simple,0,3,1,0,1,0.3333333333333333,False,0,2,2,0,0,0,0.0,False,1,1,0.0,2,1,1,True,0,1,0.0,1,0,0,1.0,False,0,0,0,0,2025-12-22 13:02:45.510864,True,1,True
374,False,False,False,False,False,False,False,False,False,False,False,False,False,False,False,False,False,False,False,False,False,False,True,False,False,0,0,2,5,1,2,0,1,0,28,1,1,1.0,0,8,0.2857142857142857,2,0,0,0,2,0,0,0,0,1,1,0.0,0.0,2.0,4.0,False,simple,0,12,7,0,3,0.5833333333333334,False,1,5,5,4,1,1,0.2,False,4,1,0.8,3,2,2,True,1,3,2.0,3,0,0,1.0,False,0,0,0,0,2025-12-22 13:02:45.830727,True,1,True
375,False,False,False,False,False,False,False,False,False,False,False,False,False,False,False,False,False,False,False,False,False,False,True,False,False,0,0,2,2,0,1,0,1,0,15,1,1,1.0,0,8,0.5333333333333333,0,0,0,0,2,0,0,0,0,1,1,0.0,0.0,2.0,4.0,False,simple,0,3,1,0,1,0.3333333333333333,False,0,2,2,0,0,0,0.0,False,1,1,0.0,2,1,1,True,0,1,0.0,1,0,0,1.0,False,0,0,0,0,2025-12-22 13:02:46.152854,True,1,True
376,True,False,False,True,False,True,False,False,False,False,False,False,False,False,False,False,False,False,False,False,False,False,True,False,False,2,0,16,5,4,4,0,5,1,65,2,1,2.2,0,6,0.09230769230769231,3,0,0,0,17,3,0,2,0,8,3,0.0,0.0,36.0,85.95,True,simple,0,17,15,0,4,0.8823529411764706,False,0,11,5,0,0,4,1.0,False,4,1,0.0,5,4,2,True,4,2,0.5,2,0,0,1.0,False,0,0,0,0,2025-12-22 13:02:46.503082,True,1,True
377,True,False,False,True,False,False,False,False,False,False,False,False,False,False,False,False,False,False,False,False,False,False,True,False,False,2,0,14,5,4,3,0,5,1,60,2,1,2.2,0,6,0.1,2,0,0,0,16,2,0,2,0,7,3,0.0,0.0,34.0,84.5142857142857,True,simple,0,16,14,0,4,0.875,False,0,11,5,0,0,4,1.0,False,4,1,0.0,5,3,2,True,4,2,0.5,2,0,0,1.0,False,0,0,0,0,2025-12-22 13:02:46.858279,True,1,True
378,True,False,True,True,False,False,False,False,False,False,False,False,False,False,False,False,False,False,False,False,False,False,True,False,False,1,0,5,3,2,3,0,1,1,26,1,1,1.0,0,9,0.34615384615384615,1,0,0,0,5,2,0,1,0,6,4,0.0,0.0,15.0,15.999999999999998,True,simple,0,10,7,0,6,0.7,False,0,3,3,1,1,2,0.6666666666666666,False,2,1,0.3333333333333333,3,3,1,True,2,1,0.5,1,0,0,1.0,False,0,0,0,0,2025-12-22 13:02:47.191770,True,1,True
379,True,False,True,True,False,False,False,False,False,False,False,False,False,False,False,False,False,False,False,False,False,False,True,False,False,2,0,26,6,4,4,0,5,1,86,2,1,2.6666666666666665,0,6,0.06976744186046512,3,0,0,0,25,4,0,2,0,8,4,0.0,0.0,46.0,159.85,True,simple,0,29,26,0,5,0.896551724137931,False,2,16,6,1,1,4,0.8,False,6,0,0.16666666666666666,5,4,4,True,4,4,1.0,4,0,0,1.0,False,0,0,0,0,2025-12-22 13:02:47.538021,True,1,True
380,True,False,False,True,False,False,False,False,False,False,False,False,False,False,False,False,False,False,False,False,False,False,True,False,False,2,0,15,5,4,3,0,5,1,62,2,1,2.2,0,6,0.0967741935483871,3,0,0,0,17,2,0,2,0,7,3,0.0,0.0,35.0,92.0,True,simple,0,16,14,0,4,0.875,False,0,11,5,0,0,4,1.0,False,4,1,0.0,5,3,2,True,4,2,0.5,2,0,0,1.0,False,0,0,0,0,2025-12-22 13:02:47.870851,True,1,True
381,True,False,False,True,False,False,False,False,False,False,False,False,False,False,False,False,False,False,False,False,False,False,True,False,False,1,0,4,3,2,1,0,3,1,21,1,1,1.6666666666666667,0,6,0.2857142857142857,0,0,0,0,4,1,0,1,0,4,3,0.0,0.0,14.0,16.45,True,simple,0,10,7,0,4,0.7,False,2,5,3,0,0,2,1.0,False,3,0,0.0,3,1,0,True,2,1,0.0,1,0,0,1.0,False,0,0,0,0,2025-12-22 13:02:48.204084,True,1,True
382,True,False,False,False,False,False,False,False,False,False,False,False,False,False,False,False,False,False,False,False,True,False,True,False,False,0,1,4,2,0,2,2,1,0,43,3,1,1.0,0,9,0.20930232558139536,0,0,0,0,4,1,0,1,0,4,3,0.0,0.0,9.0,10.575,True,simple,0,5,3,0,3,0.6,False,0,2,2,2,1,0,0.0,False,1,1,1.0,3,2,0,True,0,0,0.0,0,0,0,1.0,False,0,0,0,0,2025-12-22 13:02:48.551073,True,1,True
383,True,False,False,True,False,False,False,False,False,False,False,False,False,False,False,False,False,False,False,False,False,False,True,False,False,1,0,7,4,2,1,0,5,1,25,1,1,2.0,0,6,0.24,2,0,0,0,7,1,0,1,0,5,3,0.0,0.0,17.0,26.180000000000003,True,simple,0,12,10,0,4,0.8333333333333334,False,1,8,4,0,0,2,1.0,False,4,0,0.0,4,1,2,True,2,3,1.0,3,0,0,1.0,False,0,0,0,0,2025-12-22 13:02:48.880624,True,1,True
384,True,False,False,True,False,False,False,False,False,False,False,False,False,False,False,False,False,False,False,False,False,False,True,False,False,2,0,20,6,4,4,0,5,1,78,2,1,1.6666666666666667,0,6,0.07692307692307693,3,0,0,0,21,2,0,2,0,6,3,0.0,0.0,40.0,149.33333333333334,True,simple,0,20,16,0,4,0.8,False,0,10,6,3,1,4,0.5714285714285714,False,6,0,0.5,4,4,3,True,4,3,0.75,3,0,0,1.0,False,0,0,0,0,2025-12-22 13:02:49.232465,True,1,True
385,True,False,False,True,False,False,False,False,False,False,False,False,False,False,False,False,False,False,False,False,False,False,True,False,False,2,0,14,5,4,3,0,5,1,60,2,1,2.2,0,6,0.1,2,0,0,0,16,2,0,2,0,7,3,0.0,0.0,34.0,84.5142857142857,True,simple,0,16,14,0,4,0.875,False,0,11,5,0,0,4,1.0,False,4,1,0.0,5,3,2,True,4,2,0.5,2,0,0,1.0,False,0,0,0,0,2025-12-22 13:02:49.586401,True,1,True
386,True,False,False,True,False,False,False,False,False,False,False,False,False,False,False,False,False,False,False,False,False,False,True,False,False,2,0,15,5,4,3,0,5,1,63,2,1,2.2,0,6,0.09523809523809523,3,0,0,0,17,2,0,2,0,7,3,0.0,0.0,35.0,92.0,True,simple,0,16,14,0,4,0.875,False,0,11,5,0,0,4,1.0,False,4,1,0.0,5,3,2,True,4,2,0.5,2,0,0,1.0,False,0,0,0,0,2025-12-22 13:02:49.960239,True,1,True
387,True,False,False,True,False,False,False,False,False,False,False,False,False,False,False,False,False,False,False,False,False,False,True,False,False,2,0,22,6,4,4,0,5,1,78,2,1,2.3333333333333335,0,6,0.07692307692307693,3,0,0,0,23,2,0,2,0,7,3,0.0,0.0,42.0,146.4,True,simple,0,24,20,0,4,0.8333333333333334,False,2,14,6,1,1,4,0.8,False,6,0,0.16666666666666666,5,4,3,True,4,3,0.75,3,0,0,1.0,False,0,0,0,0,2025-12-22 13:02:50.317948,True,1,True
388,True,False,False,True,False,False,False,False,False,False,False,False,False,False,False,False,False,False,False,False,False,False,True,False,False,2,0,20,7,4,4,0,5,1,78,2,1,2.142857142857143,0,6,0.07692307692307693,3,0,0,0,21,2,0,2,0,6,3,0.0,0.0,40.0,149.33333333333334,True,simple,0,26,23,0,4,0.8846153846153846,False,0,15,7,3,1,4,0.5714285714285714,False,6,1,0.42857142857142855,5,4,3,True,4,3,0.75,3,0,0,1.0,False,0,0,0,0,2025-12-22 13:02:50.672837,True,1,True
389,True,False,False,True,False,False,False,False,False,False,False,False,False,False,False,False,False,False,False,False,False,False,True,False,False,1,0,4,1,2,1,0,1,1,17,1,1,1.0,0,7,0.4117647058823529,0,0,0,0,4,1,0,1,0,4,3,0.0,0.0,14.0,16.45,True,simple,0,6,5,0,5,0.8333333333333334,False,0,1,1,1,1,2,0.6666666666666666,False,1,0,1.0,1,1,0,True,2,0,0.0,0,0,0,1.0,False,0,0,0,0,2025-12-22 13:02:51.022601,True,1,True
390,True,False,False,True,False,False,False,False,False,False,False,False,False,False,False,False,False,False,False,False,False,False,True,False,False,1,0,3,3,2,1,0,3,1,22,1,1,1.6666666666666667,0,6,0.2727272727272727,1,0,0,0,3,1,0,1,0,3,3,0.0,0.0,13.0,16.03333333333333,True,simple,0,9,7,0,3,0.7777777777777778,False,1,5,3,0,0,2,1.0,False,3,0,0.0,3,1,2,True,2,3,1.0,3,0,0,1.0,False,0,0,0,0,2025-12-22 13:02:51.344959,True,1,True
391,True,False,False,True,False,False,False,False,False,False,False,False,False,False,False,False,False,False,False,False,False,False,True,False,False,2,0,20,7,4,4,0,5,1,78,2,1,2.142857142857143,0,6,0.07692307692307693,3,0,0,0,21,2,0,2,0,6,3,0.0,0.0,40.0,149.33333333333334,True,simple,0,26,23,0,4,0.8846153846153846,False,0,15,7,3,1,4,0.5714285714285714,False,6,1,0.42857142857142855,5,4,3,True,4,3,0.75,3,0,0,1.0,False,0,0,0,0,2025-12-22 13:02:51.700294,True,1,True
392,True,False,True,True,False,False,False,False,False,False,False,False,False,False,False,False,False,False,False,False,False,False,True,False,False,2,0,19,5,4,3,0,5,1,71,2,1,2.2,0,6,0.08450704225352113,3,0,0,0,19,4,0,2,0,8,4,0.0,0.0,39.0,106.275,True,simple,0,21,19,0,6,0.9047619047619048,False,0,11,5,1,1,4,0.8,False,4,1,0.2,4,3,3,True,4,3,0.75,3,0,0,1.0,False,0,0,0,0,2025-12-22 13:02:52.038488,True,1,True
393,True,False,False,True,False,False,False,False,False,False,False,False,False,False,False,False,False,False,False,False,False,False,True,False,False,2,0,22,6,4,4,0,5,1,78,2,1,2.3333333333333335,0,6,0.07692307692307693,3,0,0,0,23,2,0,2,0,7,3,0.0,0.0,42.0,146.4,True,simple,0,24,20,0,4,0.8333333333333334,False,2,14,6,1,1,4,0.8,False,6,0,0.16666666666666666,5,4,3,True,4,3,0.75,3,0,0,1.0,False,0,0,0,0,2025-12-22 13:02:52.383496,True,1,True
394,True,False,False,True,False,False,False,False,False,False,False,False,False,False,False,False,False,False,False,False,False,False,True,False,False,1,1,4,2,2,1,0,3,1,23,1,1,2.0,0,7,0.30434782608695654,0,0,0,0,5,1,0,2,0,5,3,0.0,0.0,19.0,21.659999999999997,True,simple,0,11,10,0,5,0.9090909090909091,False,0,4,2,1,1,2,0.6666666666666666,False,2,0,0.5,2,1,1,True,2,2,0.5,1,0,0,1.0,False,0,0,0,0,2025-12-22 13:02:52.728634,True,1,True
395,True,True,True,True,True,True,True,False,False,False,False,False,False,False,True,False,False,False,False,False,False,False,True,False,False,3,17,98,5,0,1,0,1,0,778,5,1,1.0,0,120,0.15424164524421594,0,0,0,0,93,35,0,20,3,18,6,0.0,0.0,213.0,1390.4166666666667,True,simple,0,0,0,0,0,0.0,False,0,0,5,0,0,0,0.0,False,5,0,0.0,5,1,0,False,0,10,0.0,5,0,0,1.0,False,0,0,0,0,2025-12-22 13:02:55.299392,True,1,True
396,True,False,True,True,False,False,False,False,False,False,False,False,False,False,False,False,False,False,False,False,False,False,True,False,False,2,0,19,5,4,3,0,5,1,71,2,1,2.2,0,6,0.08450704225352113,3,0,0,0,19,4,0,2,0,8,4,0.0,0.0,39.0,106.275,True,simple,0,21,19,0,6,0.9047619047619048,False,0,11,5,1,1,4,0.8,False,4,1,0.2,4,3,3,True,4,3,0.75,3,0,0,1.0,False,0,0,0,0,2025-12-22 13:02:55.664642,True,1,True
397,True,False,False,True,False,False,False,False,False,False,False,False,False,False,False,False,False,False,False,False,False,False,True,False,False,2,0,15,6,5,4,1,5,1,70,2,1,2.0,0,6,0.08571428571428572,2,0,0,0,17,2,0,2,0,7,3,0.0,0.0,35.0,92.0,True,simple,0,20,17,0,4,0.85,False,0,12,6,1,1,5,0.8333333333333334,False,5,1,0.16666666666666666,6,4,2,True,4,2,0.5,2,0,0,1.0,False,0,0,0,0,2025-12-22 13:02:56.102322,True,1,True
398,True,False,True,True,False,False,False,False,False,False,False,False,False,False,False,False,False,False,False,False,False,False,True,False,False,2,0,19,5,4,3,0,5,1,71,2,1,2.2,0,6,0.08450704225352113,3,0,0,0,19,4,0,2,0,8,4,0.0,0.0,39.0,106.275,True,simple,0,21,19,0,6,0.9047619047619048,False,0,11,5,1,1,4,0.8,False,4,1,0.2,4,3,3,True,4,3,0.75,3,0,0,1.0,False,0,0,0,0,2025-12-22 13:02:56.464429,True,1,True
399,True,False,False,True,False,False,False,False,False,False,False,False,False,False,False,False,False,False,False,False,False,False,True,False,False,2,0,15,5,4,3,0,5,1,63,2,1,2.2,0,6,0.09523809523809523,3,0,0,0,17,2,0,2,0,7,3,0.0,0.0,35.0,92.0,True,simple,0,16,14,0,4,0.875,False,0,11,5,0,0,4,1.0,False,4,1,0.0,5,3,2,True,4,2,0.5,2,0,0,1.0,False,0,0,0,0,2025-12-22 13:02:56.829400,True,1,True
400,True,False,False,True,False,False,False,False,False,False,False,False,False,False,False,False,False,True,False,False,False,False,True,False,False,2,1,20,3,0,2,1,3,0,88,3,1,1.6666666666666667,0,7,0.07954545454545454,0,0,0,0,18,5,0,3,0,9,4,0.0,0.0,45.0,107.5,True,simple,0,8,6,0,2,0.75,False,0,5,3,1,1,0,0.0,False,2,1,0.3333333333333333,3,2,1,True,0,1,0.0,1,0,0,1.0,False,0,0,0,0,2025-12-22 13:02:57.211813,True,1,True
401,True,True,False,True,False,False,False,False,False,False,False,False,False,False,False,False,False,False,False,False,True,False,True,False,False,2,0,6,2,2,3,0,1,1,25,1,1,1.0,0,7,0.28,0,0,0,0,5,3,0,2,0,7,5,0.0,0.0,26.0,26.37142857142857,True,simple,0,11,9,0,5,0.8181818181818182,False,0,2,2,3,1,2,0.4,False,2,0,1.5,1,3,2,True,2,2,1.0,2,0,0,1.0,False,0,0,0,0,2025-12-22 13:02:57.574259,True,1,True
402,True,False,True,True,False,False,False,False,False,False,False,False,False,False,False,False,False,False,False,False,False,False,True,False,False,2,0,18,5,4,3,0,5,1,71,2,1,2.2,0,6,0.08450704225352113,3,0,0,0,18,4,0,2,0,8,4,0.0,0.0,38.0,98.8,True,simple,0,21,19,0,6,0.9047619047619048,False,0,11,5,1,1,4,0.8,False,4,1,0.2,4,3,3,True,4,3,0.75,3,0,0,1.0,False,0,0,0,0,2025-12-22 13:02:57.928120,True,1,True
403,True,False,False,True,False,False,False,False,False,False,False,False,False,False,False,False,False,False,False,False,False,False,True,False,False,1,0,4,3,2,1,0,3,1,24,1,1,1.6666666666666667,0,8,0.3333333333333333,1,0,0,0,4,1,0,1,0,4,3,0.0,0.0,14.0,16.45,True,simple,0,9,6,0,3,0.6666666666666666,False,2,5,3,0,0,2,1.0,False,3,0,0.0,3,1,0,True,2,1,0.0,1,0,0,1.0,False,0,0,0,0,2025-12-22 13:02:58.259950,True,1,True
404,True,False,True,True,False,False,False,False,False,False,False,False,False,False,False,False,False,False,False,False,False,False,True,False,False,2,0,26,6,4,4,0,5,1,86,2,1,2.6666666666666665,0,6,0.06976744186046512,3,0,0,0,25,4,0,2,0,8,4,0.0,0.0,46.0,159.85,True,simple,0,29,26,0,5,0.896551724137931,False,2,16,6,1,1,4,0.8,False,6,0,0.16666666666666666,5,4,4,True,4,4,1.0,4,0,0,1.0,False,0,0,0,0,2025-12-22 13:02:58.615068,True,1,True
405,True,False,True,True,False,False,False,False,False,False,False,False,False,False,False,False,False,False,False,False,False,False,True,False,False,2,0,19,5,4,3,0,5,1,71,2,1,2.2,0,6,0.08450704225352113,3,0,0,0,19,4,0,2,0,8,4,0.0,0.0,39.0,106.275,True,simple,0,21,19,0,6,0.9047619047619048,False,0,11,5,1,1,4,0.8,False,4,1,0.2,4,3,3,True,4,3,0.75,3,0,0,1.0,False,0,0,0,0,2025-12-22 13:02:58.976375,True,1,True
406,True,False,False,True,False,False,False,False,False,False,False,False,False,False,False,False,False,False,False,False,False,False,True,False,False,1,0,3,2,2,2,0,3,1,24,1,1,2.0,0,6,0.25,1,0,0,0,3,1,0,1,0,3,3,0.0,0.0,13.0,16.03333333333333,True,simple,0,11,10,0,6,0.9090909090909091,False,0,4,2,1,1,2,0.6666666666666666,False,2,0,0.5,2,2,0,True,2,0,0.0,0,0,0,1.0,False,0,0,0,0,2025-12-22 13:02:59.315636,True,1,True
407,False,False,False,True,False,False,False,False,False,False,False,False,False,False,False,False,False,False,False,False,False,False,True,False,False,0,1,8,5,3,2,1,1,1,27,1,1,1.0,0,6,0.2222222222222222,1,0,0,0,8,2,0,1,0,6,2,0.0,0.0,13.0,20.366666666666667,False,simple,0,12,7,0,2,0.5833333333333334,False,0,5,5,5,1,3,0.375,False,4,1,1.0,4,2,2,True,3,4,0.6666666666666666,2,0,0,1.0,False,0,0,0,0,2025-12-22 13:02:59.050658,True,1,True
408,False,False,False,True,False,False,False,False,False,False,False,False,False,False,False,False,False,True,False,False,True,False,True,False,False,0,5,18,7,16,6,0,1,4,108,3,1,1.0,0,22,0.2037037037037037,3,1,0,0,11,14,0,5,0,10,3,0.0,0.0,43.0,89.44,True,moderate,1,31,24,0,9,0.7741935483870968,False,2,7,7,6,2,16,0.7272727272727273,False,7,0,0.8571428571428571,4,6,1,True,13,2,0.07692307692307693,1,0,0,1.0,False,0,0,0,0,2025-12-22 13:02:59.575484,True,1,True
409,False,False,False,True,False,False,False,False,False,False,False,False,False,False,False,False,False,True,False,False,False,False,True,False,False,1,1,12,3,2,1,1,1,1,35,2,1,1.0,0,6,0.17142857142857143,1,0,0,0,11,4,0,2,0,9,4,0.0,0.0,27.0,41.4,True,simple,0,6,3,0,2,0.5,False,0,3,3,1,1,2,0.6666666666666666,False,2,1,0.3333333333333333,3,1,2,False,2,3,1.0,2,0,0,1.0,False,0,0,0,0,2025-12-22 13:02:59.919579,True,1,True
410,False,True,False,True,False,False,False,False,False,False,False,False,False,False,False,False,False,False,False,False,False,False,True,False,False,1,1,7,5,5,1,0,3,1,39,1,1,1.8,0,6,0.15384615384615385,4,0,0,0,7,3,0,2,0,7,3,0.0,0.0,22.0,28.6,True,simple,0,16,13,0,4,0.8125,False,0,9,5,4,1,5,0.5555555555555556,False,4,1,0.8,4,1,1,True,5,2,0.2,1,0,0,1.0,False,0,0,0,0,2025-12-22 13:03:00.264993,True,1,True
411,False,True,True,True,True,False,False,False,False,False,False,False,False,False,False,False,False,False,False,False,False,False,True,False,False,1,1,16,4,2,2,1,3,1,124,2,1,1.5,0,31,0.25,0,0,0,0,15,7,0,2,1,10,5,0.0,0.0,31.0,61.69,True,simple,0,12,9,0,2,0.75,False,0,6,4,2,1,2,0.5,False,4,0,0.5,3,2,2,True,2,4,1.0,2,0,0,1.0,False,0,0,0,0,2025-12-22 13:03:00.700774,True,1,True
412,False,False,True,True,True,False,False,False,False,False,False,False,False,False,False,False,False,False,False,False,False,False,True,False,False,1,2,7,15,2,4,0,8,0,115,1,1,2.4,0,23,0.2,0,0,0,0,3,7,0,3,2,6,4,0.0,0.0,27.0,35.55,True,moderate,1,81,70,1,14,0.8641975308641975,False,17,36,15,9,3,2,0.18181818181818182,False,14,1,0.6,11,4,1,True,2,16,0.5,10,0,0,1.0,False,0,0,0,0,2025-12-22 13:03:01.113897,True,1,True
413,False,False,False,True,False,False,False,False,False,False,False,False,False,False,False,False,False,False,False,False,False,False,True,False,False,0,1,4,1,1,0,0,1,1,12,1,1,1.0,0,6,0.5,0,0,0,0,3,2,0,1,0,4,2,0.0,0.0,9.0,9.9,False,simple,0,2,1,0,1,0.5,False,0,1,1,0,0,1,1.0,False,1,0,0.0,1,0,1,False,1,1,1.0,1,0,0,1.0,False,0,0,0,0,2025-12-22 13:03:01.447427,True,1,True
414,False,True,False,True,True,False,False,False,False,False,True,False,False,False,False,False,False,False,False,False,False,False,True,False,False,3,2,3,3,2,3,0,1,0,23,1,1,1.0,0,8,0.34782608695652173,0,0,0,0,6,4,0,5,1,6,5,0.0,0.0,43.0,63.06666666666666,True,simple,0,8,5,0,3,0.625,False,0,3,3,3,1,2,0.4,False,2,1,1.0,3,3,0,True,2,0,0.0,0,0,0,1.0,False,0,0,0,0,2025-12-22 13:03:01.789928,True,1,True
415,False,False,False,True,False,False,False,False,False,False,False,False,False,False,False,False,False,False,False,False,False,False,True,False,False,0,1,7,5,4,1,0,3,1,35,1,1,1.4,0,6,0.17142857142857143,4,0,0,0,6,3,0,1,0,6,2,0.0,0.0,12.0,16.2,False,simple,0,12,8,0,2,0.6666666666666666,False,0,7,5,4,1,4,0.5,False,4,1,0.8,4,1,2,True,4,3,0.5,2,0,0,1.0,False,0,0,0,0,2025-12-22 13:03:02.143770,True,1,True
416,False,True,False,True,False,False,False,False,False,False,False,False,False,False,False,False,False,False,False,False,False,False,True,False,False,1,1,7,5,5,1,0,3,1,35,1,1,1.8,0,6,0.17142857142857143,4,0,0,0,7,3,0,2,0,7,3,0.0,0.0,22.0,28.6,True,simple,0,16,13,0,4,0.8125,False,0,9,5,4,1,5,0.5555555555555556,False,4,1,0.8,4,1,1,True,5,2,0.2,1,0,0,1.0,False,0,0,0,0,2025-12-22 13:03:02.479767,True,1,True
417,False,False,False,True,False,False,False,False,False,False,False,False,False,False,False,False,False,False,False,False,False,False,True,False,False,0,1,7,1,1,0,0,4,1,17,1,1,4.0,0,6,0.35294117647058826,0,0,0,0,5,4,0,1,0,7,2,0.0,0.0,12.0,13.37142857142857,False,simple,0,10,10,1,7,1.0,False,1,4,1,2,1,1,0.3333333333333333,False,1,0,2.0,2,0,1,False,1,4,1.0,1,0,0,1.0,False,0,0,0,0,2025-12-22 13:03:02.828255,True,1,True
418,False,True,False,True,False,False,False,False,False,False,False,False,False,False,False,False,False,False,False,False,False,False,True,False,False,1,1,6,6,5,2,0,3,1,40,1,1,1.6666666666666667,0,6,0.15,4,0,0,0,6,3,0,2,0,7,3,0.0,0.0,21.0,24.3,True,simple,0,17,13,0,4,0.7647058823529411,False,0,10,6,4,1,5,0.5555555555555556,False,4,2,0.6666666666666666,5,2,1,True,5,2,0.2,1,0,0,1.0,False,0,0,0,0,2025-12-22 13:03:03.190536,True,1,True
419,False,True,False,True,False,False,False,True,False,False,False,False,False,False,False,False,False,False,False,False,False,False,True,False,False,3,1,5,2,0,0,0,1,0,29,2,1,1.0,0,6,0.20689655172413793,0,0,0,0,3,6,0,4,0,7,3,0.0,0.0,40.0,41.142857142857146,True,simple,0,0,0,0,0,0.0,False,0,0,2,0,0,0,0.0,False,2,0,0.0,2,0,0,False,0,3,0.0,2,0,0,1.0,False,0,0,0,0,2025-12-22 13:03:03.531563,True,1,True
420,False,True,False,True,False,False,False,False,False,False,False,False,False,False,False,False,False,False,False,False,False,False,True,False,False,1,1,7,5,5,1,0,3,1,39,1,1,1.8,0,6,0.15384615384615385,4,0,0,0,7,3,0,2,0,7,3,0.0,0.0,22.0,28.6,True,simple,0,16,13,0,4,0.8125,False,0,9,5,4,1,5,0.5555555555555556,False,4,1,0.8,4,1,1,True,5,2,0.2,1,0,0,1.0,False,0,0,0,0,2025-12-22 13:03:03.924387,True,1,True
421,False,False,False,True,False,False,False,False,False,False,False,False,False,False,False,False,False,False,False,False,False,False,True,False,False,0,1,3,1,2,0,0,3,1,21,1,1,3.0,0,6,0.2857142857142857,0,0,0,0,3,1,0,1,0,3,2,0.0,0.0,8.0,9.866666666666665,False,simple,0,13,12,0,11,0.9230769230769231,False,2,3,1,1,1,2,0.6666666666666666,False,1,0,1.0,1,0,0,False,2,0,0.0,0,0,0,1.0,False,0,0,0,0,2025-12-22 13:03:04.287421,True,1,True
423,False,False,False,True,False,False,False,False,False,False,False,False,False,False,False,True,False,True,False,False,False,False,True,False,False,1,2,20,3,0,2,1,3,0,91,3,1,1.6666666666666667,0,8,0.08791208791208792,0,0,0,0,19,4,0,3,0,9,4,0.0,0.0,40.0,96.88888888888889,True,simple,0,8,6,0,2,0.75,False,0,5,3,1,1,0,0.0,False,2,1,0.3333333333333333,3,2,1,True,0,1,0.0,1,0,0,1.0,False,0,0,0,0,2025-12-22 13:03:05.126197,True,1,True
424,False,True,False,True,False,False,False,False,False,False,False,False,False,False,False,False,False,False,False,False,False,False,True,False,False,1,1,7,5,5,1,0,3,1,39,1,1,1.8,0,6,0.15384615384615385,4,0,0,0,7,3,0,2,0,7,3,0.0,0.0,22.0,28.6,True,simple,0,16,13,0,4,0.8125,False,0,9,5,4,1,5,0.5555555555555556,False,4,1,0.8,4,1,1,True,5,2,0.2,1,0,0,1.0,False,0,0,0,0,2025-12-22 13:03:05.470773,True,1,True
425,False,False,False,True,False,False,False,False,False,False,False,False,False,False,False,False,False,True,False,False,False,False,True,False,False,0,2,15,6,3,5,1,3,1,71,1,1,1.6666666666666667,0,27,0.38028169014084506,2,0,0,0,16,4,0,2,0,8,3,0.0,0.0,25.0,58.75,True,simple,0,35,30,0,9,0.8571428571428571,False,5,10,6,7,2,3,0.3,False,5,1,1.1666666666666667,5,5,3,True,3,3,1.0,3,0,0,1.0,False,0,0,0,0,2025-12-22 13:03:05.830566,True,1,True
426,True,False,False,True,False,False,False,False,False,False,False,False,False,False,False,False,False,False,False,False,False,False,True,False,False,1,1,4,2,2,1,0,1,1,22,1,1,1.0,0,12,0.5454545454545454,1,0,0,0,4,2,0,2,0,5,3,0.0,0.0,19.0,20.52,True,simple,0,5,3,0,2,0.6,False,0,2,2,0,0,2,1.0,False,2,0,0.0,2,1,0,True,2,0,0.0,0,0,0,1.0,False,0,0,0,0,2025-12-22 13:03:06.175729,True,1,True
427,True,True,False,True,False,False,True,True,False,False,False,False,False,False,False,False,False,False,True,False,True,False,True,False,False,2,3,87,1,0,0,0,1,0,402,6,1,1.0,0,82,0.20398009950248755,0,0,0,0,84,15,0,5,0,17,5,0.0,0.0,122.0,678.1764705882354,True,simple,0,0,0,0,0,0.0,False,0,0,1,0,0,0,0.0,False,1,0,0.0,1,0,0,False,0,2,0.0,1,0,0,1.0,False,0,0,0,0,2025-12-22 13:03:06.855519,True,1,True
428,False,True,True,True,True,True,True,False,False,False,False,False,False,False,False,False,False,False,False,False,True,False,True,False,False,3,2,14,17,7,9,4,5,2,255,2,1,1.2941176470588236,0,66,0.25882352941176473,3,0,0,0,9,11,0,5,1,12,6,0.0,0.0,54.0,75.14999999999999,True,moderate,1,72,57,0,11,0.7916666666666666,False,7,22,17,24,2,7,0.22580645161290322,False,14,3,1.411764705882353,14,9,7,True,7,11,1.0,8,0,0,1.0,False,0,0,0,0,2025-12-22 13:03:07.332423,True,1,True
429,False,False,False,True,False,False,False,False,False,False,False,False,False,False,False,False,False,False,False,False,False,False,True,False,False,0,1,5,2,1,0,1,4,1,29,1,1,2.5,0,6,0.20689655172413793,0,0,0,0,5,2,0,1,0,6,2,0.0,0.0,10.0,10.666666666666666,False,simple,0,14,13,1,10,0.9285714285714286,False,1,5,2,3,1,1,0.25,False,2,0,1.5,4,0,1,False,1,3,1.0,1,0,0,1.0,False,0,0,0,0,2025-12-22 13:03:07.658757,True,1,True
430,False,False,False,True,False,False,False,False,False,False,False,False,False,False,False,False,False,False,False,False,False,False,True,False,False,0,1,2,1,1,1,0,1,0,15,1,1,1.0,0,6,0.4,0,0,0,0,2,1,0,1,0,2,2,0.0,0.0,7.0,9.45,False,simple,0,4,3,0,3,0.75,False,0,1,1,0,0,1,1.0,False,1,0,0.0,1,1,0,True,1,0,0.0,0,0,0,1.0,False,0,0,0,0,2025-12-22 13:03:08.000498,True,1,True
431,False,True,False,True,False,False,False,False,False,False,False,False,False,False,False,False,False,False,False,False,False,False,True,False,False,1,1,7,5,5,1,0,3,1,39,1,1,1.8,0,6,0.15384615384615385,4,0,0,0,7,3,0,2,0,7,3,0.0,0.0,22.0,28.6,True,simple,0,16,13,0,4,0.8125,False,0,9,5,4,1,5,0.5555555555555556,False,4,1,0.8,4,1,1,True,5,2,0.2,1,0,0,1.0,False,0,0,0,0,2025-12-22 13:03:08.355825,True,1,True
432,False,False,False,True,False,False,False,False,False,False,False,False,False,False,False,True,False,True,False,False,False,False,True,False,False,1,2,20,3,0,2,1,3,0,91,3,1,1.6666666666666667,0,8,0.08791208791208792,0,0,0,0,19,4,0,3,0,9,4,0.0,0.0,40.0,96.88888888888889,True,simple,0,8,6,0,2,0.75,False,0,5,3,1,1,0,0.0,False,2,1,0.3333333333333333,3,2,1,True,0,1,0.0,1,0,0,1.0,False,0,0,0,0,2025-12-22 13:03:08.744927,True,1,True
433,False,False,False,True,False,False,False,False,False,False,False,False,False,False,False,False,False,False,False,False,False,False,True,False,False,0,1,3,3,3,1,0,1,1,17,1,1,1.0,0,6,0.35294117647058826,2,0,0,0,3,1,0,1,0,3,2,0.0,0.0,8.0,9.866666666666665,False,simple,0,6,3,0,3,0.5,False,0,3,3,1,1,3,0.75,False,2,1,0.3333333333333333,3,1,0,True,3,0,0.0,0,0,0,1.0,False,0,0,0,0,2025-12-22 13:03:09.085233,True,1,True
434,False,False,False,True,False,False,False,False,False,False,False,False,False,False,False,False,False,False,False,False,False,False,True,False,False,0,1,8,1,1,0,0,4,1,17,1,1,4.0,0,6,0.35294117647058826,0,0,0,0,6,4,0,1,0,7,2,0.0,0.0,13.0,16.34285714285714,False,simple,0,10,10,1,7,1.0,False,1,4,1,2,1,1,0.3333333333333333,False,1,0,2.0,2,0,1,False,1,4,1.0,1,0,0,1.0,False,0,0,0,0,2025-12-22 13:03:09.418375,True,1,True
435,False,True,True,True,True,True,True,False,False,False,False,False,False,False,False,False,False,False,False,False,True,False,True,False,False,3,2,14,17,7,9,4,5,2,253,2,1,1.2941176470588236,0,65,0.25691699604743085,3,0,0,0,9,11,0,5,1,12,6,0.0,0.0,54.0,75.14999999999999,True,moderate,1,71,56,0,11,0.7887323943661971,False,7,22,17,24,2,7,0.22580645161290322,False,14,3,1.411764705882353,14,9,7,True,7,11,1.0,8,0,0,1.0,False,0,0,0,0,2025-12-22 13:03:09.830445,True,1,True
436,False,True,False,True,False,False,False,False,False,False,False,False,False,False,False,False,False,False,False,False,False,False,True,False,False,1,1,7,5,5,1,0,3,1,25,1,1,1.8,0,6,0.24,4,0,0,0,7,3,0,2,0,7,3,0.0,0.0,22.0,28.6,True,simple,0,16,13,0,4,0.8125,False,0,9,5,4,1,5,0.5555555555555556,False,4,1,0.8,4,1,1,True,5,2,0.2,1,0,0,1.0,False,0,0,0,0,2025-12-22 13:03:10.161268,True,1,True
437,False,False,True,True,True,False,False,False,False,False,False,False,False,False,False,False,False,False,False,False,False,False,True,False,False,1,10,13,7,5,9,1,21,0,150,1,1,3.857142857142857,1,60,0.4,0,0,0,0,8,16,0,11,1,11,5,0.0,0.0,73.0,127.41818181818181,True,moderate,1,61,63,0,21,1.0327868852459017,False,2,27,7,3,1,5,0.625,False,6,1,0.42857142857142855,5,9,3,True,4,3,0.75,3,0,0,1.0,False,0,0,0,0,2025-12-22 13:03:10.606034,True,1,True
438,False,False,False,True,False,False,False,False,False,False,False,False,False,False,False,False,False,False,False,False,False,False,True,False,False,0,1,7,5,3,2,1,1,1,27,1,1,1.0,0,6,0.2222222222222222,1,0,0,0,6,2,0,1,0,5,2,0.0,0.0,12.0,17.759999999999998,False,simple,0,12,7,0,2,0.5833333333333334,False,0,5,5,5,1,3,0.375,False,4,1,1.0,4,2,2,True,3,3,0.6666666666666666,2,0,0,1.0,False,0,0,0,0,2025-12-22 13:03:10.927079,True,1,True
439,False,True,False,True,False,False,False,False,False,False,False,False,False,False,False,False,False,False,False,False,False,False,True,False,False,1,1,7,5,5,1,0,3,1,35,1,1,1.8,0,6,0.17142857142857143,4,0,0,0,7,3,0,2,0,7,3,0.0,0.0,22.0,28.6,True,simple,0,16,13,0,4,0.8125,False,0,9,5,4,1,5,0.5555555555555556,False,4,1,0.8,4,1,1,True,5,2,0.2,1,0,0,1.0,False,0,0,0,0,2025-12-22 13:03:11.259701,True,1,True
440,False,False,False,True,False,False,False,False,False,False,False,False,False,False,False,True,False,True,False,False,False,False,True,False,False,1,2,19,3,0,2,1,3,0,90,3,1,1.6666666666666667,0,8,0.08888888888888889,0,0,0,0,18,4,0,3,0,9,4,0.0,0.0,39.0,90.13333333333334,True,simple,0,8,6,0,2,0.75,False,0,5,3,1,1,0,0.0,False,2,1,0.3333333333333333,3,2,1,True,0,1,0.0,1,0,0,1.0,False,0,0,0,0,2025-12-22 13:03:11.636497,True,1,True
441,False,False,False,True,False,False,False,False,False,False,False,False,False,False,False,False,False,False,False,False,False,False,True,False,False,0,1,9,1,1,0,0,4,1,18,1,1,4.0,0,6,0.3333333333333333,0,0,0,0,7,4,0,1,0,7,2,0.0,0.0,14.0,19.6,False,simple,0,11,11,1,8,1.0,False,1,4,1,2,1,1,0.3333333333333333,False,1,0,2.0,2,0,1,False,1,5,1.0,1,0,0,1.0,False,0,0,0,0,2025-12-22 13:03:11.980813,True,1,True
442,True,False,False,True,False,False,False,False,False,False,False,False,False,False,True,False,False,False,False,False,False,False,True,False,False,1,3,17,3,2,1,1,1,1,104,3,1,1.0,0,31,0.2980769230769231,0,0,0,0,14,9,0,4,0,15,5,0.0,0.0,42.0,56.84,True,simple,0,8,5,0,2,0.625,False,0,3,3,2,1,2,0.5,False,3,0,0.6666666666666666,2,1,2,False,2,4,1.0,2,0,0,1.0,False,0,0,0,0,2025-12-22 13:03:12.367836,True,1,True
443,False,True,False,True,False,False,False,False,False,False,False,False,False,False,False,False,False,False,False,False,False,False,True,False,False,1,1,6,6,5,2,0,3,1,40,1,1,1.6666666666666667,0,6,0.15,4,0,0,0,6,3,0,2,0,7,3,0.0,0.0,21.0,24.3,True,simple,0,17,13,0,4,0.7647058823529411,False,0,10,6,4,1,5,0.5555555555555556,False,4,2,0.6666666666666666,5,2,1,True,5,2,0.2,1,0,0,1.0,False,0,0,0,0,2025-12-22 13:03:12.700342,True,1,True
444,True,False,False,True,False,False,False,False,False,False,False,False,False,False,False,False,False,True,False,False,False,False,True,False,False,2,1,20,3,0,2,1,3,0,88,3,1,1.6666666666666667,0,7,0.07954545454545454,0,0,0,0,18,5,0,3,0,9,4,0.0,0.0,45.0,107.5,True,simple,0,8,6,0,2,0.75,False,0,5,3,1,1,0,0.0,False,2,1,0.3333333333333333,3,2,1,True,0,1,0.0,1,0,0,1.0,False,0,0,0,0,2025-12-22 13:03:13.114910,True,1,True
445,False,False,False,True,False,False,False,False,False,False,False,False,False,False,False,False,False,True,False,False,False,False,True,False,False,1,1,12,3,2,1,1,1,1,35,2,1,1.0,0,6,0.17142857142857143,1,0,0,0,11,4,0,2,0,9,4,0.0,0.0,27.0,41.4,True,simple,0,6,3,0,2,0.5,False,0,3,3,1,1,2,0.6666666666666666,False,2,1,0.3333333333333333,3,1,2,False,2,3,1.0,2,0,0,1.0,False,0,0,0,0,2025-12-22 13:03:13.487915,True,1,True
446,False,False,False,True,False,False,False,False,False,False,False,False,False,False,False,False,False,False,False,False,False,False,True,False,False,0,1,6,2,1,2,0,4,1,20,1,1,2.5,0,6,0.3,0,0,0,0,7,3,0,1,0,8,2,0.0,0.0,11.0,12.5125,False,simple,0,13,12,1,8,0.9230769230769231,False,1,5,2,2,1,1,0.3333333333333333,False,1,1,1.0,3,2,1,True,1,2,1.0,1,0,0,1.0,False,0,0,0,0,2025-12-22 13:03:13.851023,True,1,True
447,True,True,True,True,True,True,True,False,False,False,False,False,False,False,False,False,False,False,False,False,False,False,True,False,False,4,1,21,23,9,18,3,11,1,317,2,1,2.0869565217391304,1,54,0.17034700315457413,3,0,0,0,4,22,0,5,7,13,5,0.0,0.0,66.0,98.4923076923077,True,critical,3,165,152,1,24,0.9212121212121213,False,7,48,23,38,2,9,0.19148936170212766,False,17,6,1.6521739130434783,21,18,13,True,6,36,2.1666666666666665,17,0,0,1.0,False,0,0,0,0,2025-12-22 13:03:14.417326,True,1,True
448,False,False,False,True,False,False,False,False,False,False,False,False,False,False,False,False,False,False,False,False,False,False,True,False,False,0,1,7,5,4,1,0,3,1,35,1,1,1.4,0,6,0.17142857142857143,4,0,0,0,6,3,0,1,0,6,2,0.0,0.0,12.0,16.2,False,simple,0,12,8,0,2,0.6666666666666666,False,0,7,5,4,1,4,0.5,False,4,1,0.8,4,1,2,True,4,3,0.5,2,0,0,1.0,False,0,0,0,0,2025-12-22 13:03:14.738044,True,1,True
449,False,False,True,True,False,False,False,False,False,False,False,False,False,False,False,False,False,True,False,False,False,False,True,False,False,3,4,13,18,9,9,3,3,3,112,1,1,1.3888888888888888,0,16,0.14285714285714285,13,0,0,0,15,7,0,7,0,10,4,0.0,0.0,63.0,125.37,True,moderate,1,66,49,0,5,0.7424242424242424,False,7,25,18,20,2,9,0.3103448275862069,False,16,2,1.1111111111111112,12,9,4,True,9,5,0.4444444444444444,4,0,0,1.0,False,0,0,0,0,2025-12-22 13:03:15.147313,True,1,True
450,True,True,True,True,True,True,True,True,False,False,False,False,False,False,True,False,False,False,False,False,False,True,True,False,False,7,12,172,6,0,0,0,1,0,2073,18,1,1.0,0,819,0.3950795947901592,0,0,0,0,129,71,0,19,3,24,7,0.0,0.0,302.0,2248.641666666667,True,moderate,1,0,0,0,0,0.0,False,0,0,6,0,0,0,0.0,False,6,0,0.0,6,0,0,False,0,10,0.0,5,0,0,1.0,False,0,0,0,0,2025-12-22 13:03:18.133279,True,1,True
451,False,False,False,True,False,False,False,False,False,False,False,False,False,False,False,False,False,False,False,False,False,False,True,False,False,0,1,8,1,1,0,0,4,1,17,1,1,4.0,0,6,0.35294117647058826,0,0,0,0,6,4,0,1,0,7,2,0.0,0.0,13.0,16.34285714285714,False,simple,0,10,10,1,7,1.0,False,1,4,1,2,1,1,0.3333333333333333,False,1,0,2.0,2,0,1,False,1,4,1.0,1,0,0,1.0,False,0,0,0,0,2025-12-22 13:03:18.472736,True,1,True
452,False,False,False,True,False,False,False,False,False,False,False,False,False,False,False,False,False,True,False,False,False,False,True,False,False,1,1,14,4,2,2,1,3,1,76,2,1,1.5,0,30,0.39473684210526316,0,0,0,0,19,4,0,2,0,9,3,0.0,0.0,29.0,70.24444444444444,True,simple,0,12,9,0,2,0.75,False,0,6,4,2,1,2,0.5,False,4,0,0.5,3,2,2,True,2,4,1.0,2,0,0,1.0,False,0,0,0,0,2025-12-22 13:03:18.846139,True,1,True
453,False,False,False,True,False,False,False,False,False,False,False,False,False,False,False,False,False,False,False,False,False,False,True,False,False,0,1,5,2,1,1,0,4,1,18,1,1,2.5,0,8,0.4444444444444444,0,0,0,0,5,2,0,1,0,6,2,0.0,0.0,10.0,10.666666666666666,False,simple,0,9,8,1,6,0.8888888888888888,False,0,5,2,1,1,1,0.5,False,1,1,0.5,2,1,1,True,1,1,1.0,1,0,0,1.0,False,0,0,0,0,2025-12-22 13:03:19.191356,True,1,True
454,False,False,False,True,False,False,False,False,False,False,False,False,False,False,False,False,False,False,False,False,False,False,True,False,False,0,1,8,1,1,0,0,4,1,17,1,1,4.0,0,6,0.35294117647058826,0,0,0,0,6,4,0,1,0,7,2,0.0,0.0,13.0,16.34285714285714,False,simple,0,10,10,1,7,1.0,False,1,4,1,2,1,1,0.3333333333333333,False,1,0,2.0,2,0,1,False,1,4,1.0,1,0,0,1.0,False,0,0,0,0,2025-12-22 13:03:19.520833,True,1,True
455,False,True,False,True,False,False,False,False,False,False,False,False,False,False,False,False,False,False,False,False,False,False,True,False,False,1,1,7,5,5,1,0,3,1,39,1,1,1.8,0,6,0.15384615384615385,4,0,0,0,7,3,0,2,0,7,3,0.0,0.0,22.0,28.6,True,simple,0,16,13,0,4,0.8125,False,0,9,5,4,1,5,0.5555555555555556,False,4,1,0.8,4,1,1,True,5,2,0.2,1,0,0,1.0,False,0,0,0,0,2025-12-22 13:03:19.843513,True,1,True
456,False,False,False,True,False,False,False,False,False,False,False,False,False,False,False,False,False,True,False,False,False,False,True,False,False,1,1,12,3,2,1,1,1,1,35,2,1,1.0,0,6,0.17142857142857143,1,0,0,0,11,4,0,2,0,9,4,0.0,0.0,27.0,41.4,True,simple,0,6,3,0,2,0.5,False,0,3,3,1,1,2,0.6666666666666666,False,2,1,0.3333333333333333,3,1,2,False,2,3,1.0,2,0,0,1.0,False,0,0,0,0,2025-12-22 13:03:20.197038,True,1,True
457,False,False,False,True,False,False,False,False,False,False,False,False,False,False,False,False,False,False,False,False,False,False,True,False,False,0,1,5,2,2,0,0,1,2,15,1,1,1.0,0,6,0.4,0,0,0,0,4,2,0,1,0,4,2,0.0,0.0,10.0,13.5,False,simple,0,4,2,0,1,0.5,False,0,2,2,1,1,2,0.6666666666666666,False,2,0,0.5,2,0,2,False,2,2,1.0,2,0,0,1.0,False,0,0,0,0,2025-12-22 13:03:20.561736,True,1,True
458,False,False,False,True,False,False,False,False,False,False,False,False,False,False,False,False,False,False,False,False,False,False,True,False,False,0,1,8,1,1,0,0,4,1,17,1,1,4.0,0,6,0.35294117647058826,0,0,0,0,6,4,0,1,0,7,2,0.0,0.0,13.0,16.34285714285714,False,simple,0,10,10,1,7,1.0,False,1,4,1,2,1,1,0.3333333333333333,False,1,0,2.0,2,0,1,False,1,4,1.0,1,0,0,1.0,False,0,0,0,0,2025-12-22 13:03:20.928096,True,1,True
459,False,False,False,False,False,False,False,False,False,False,False,False,False,False,False,False,False,False,False,False,False,False,True,False,False,0,0,2,3,0,1,0,3,0,24,1,1,1.6666666666666667,0,6,0.25,0,0,0,0,2,0,0,0,0,1,1,0.0,0.0,2.0,4.0,False,simple,0,12,9,0,6,0.75,False,3,5,3,0,0,0,0.0,False,3,0,0.0,3,1,1,True,0,3,0.0,2,0,0,1.0,False,0,0,0,0,2025-12-22 13:03:21.280500,True,1,True
460,False,True,False,False,True,False,False,False,False,False,False,False,False,False,False,False,False,False,False,False,False,False,True,False,False,1,0,5,4,3,3,0,5,0,42,1,1,3.0,0,7,0.16666666666666666,1,0,0,0,4,2,0,1,1,4,3,0.0,0.0,15.0,20.25,True,simple,0,25,23,0,7,0.92,False,2,12,4,2,1,3,0.6,False,3,1,0.5,3,3,1,True,3,1,0.3333333333333333,1,0,0,1.0,False,0,0,0,0,2025-12-22 13:03:21.664941,True,1,True
461,False,False,False,False,False,False,False,False,False,False,False,False,False,False,False,False,False,False,False,False,True,False,True,False,False,0,0,6,6,5,3,0,1,0,103,2,1,1.0,0,31,0.30097087378640774,0,4,0,0,4,3,0,0,0,4,2,0.0,0.0,6.0,9.15,False,simple,0,27,21,0,8,0.7777777777777778,False,5,6,6,3,1,5,0.625,False,6,0,0.5,4,3,4,True,2,11,2.0,6,2,0,0.0,False,0,2,2,0,2025-12-22 13:03:22.009287,True,1,True
462,False,True,False,False,False,False,False,False,False,False,False,False,False,False,False,False,False,False,False,False,False,False,True,False,False,1,0,3,3,1,1,0,1,0,16,1,1,1.0,0,7,0.4375,1,0,0,0,4,1,0,1,0,4,2,0.0,0.0,13.0,15.275,False,simple,0,5,2,0,2,0.4,False,0,3,3,2,1,1,0.3333333333333333,False,2,1,0.6666666666666666,4,1,1,True,1,1,1.0,1,0,0,1.0,False,0,0,0,0,2025-12-22 13:03:22.334606,True,1,True
463,False,False,False,False,True,False,False,False,False,False,False,False,False,False,False,False,False,False,False,False,False,False,True,False,False,0,0,5,3,2,3,0,1,0,28,1,1,1.0,0,7,0.25,1,0,0,0,2,3,0,0,2,3,2,0.0,0.0,5.0,6.833333333333334,False,simple,0,12,9,0,4,0.75,False,0,3,3,2,1,2,0.5,False,3,0,0.6666666666666666,2,3,1,True,2,1,0.5,1,0,0,1.0,False,0,0,0,0,2025-12-22 13:03:22.671867,True,1,True
538,True,False,False,True,True,False,False,False,False,False,False,False,False,False,False,False,False,False,False,False,False,False,True,False,False,1,0,9,5,5,1,0,3,2,35,1,1,1.8,0,8,0.22857142857142856,1,0,0,0,8,2,0,1,1,6,3,0.0,0.0,19.0,29.766666666666666,True,simple,0,18,13,0,4,0.7222222222222222,False,3,9,5,0,0,5,1.0,False,5,0,0.0,5,1,0,True,5,1,0.0,1,0,0,1.0,False,0,0,0,0,2025-12-22 13:03:57.935643,True,1,True
539,False,False,False,False,False,False,False,False,False,False,False,False,False,False,False,False,False,False,False,False,False,False,True,False,False,0,0,4,4,2,1,0,3,0,21,1,1,1.5,0,0,0.0,3,0,0,0,3,1,0,0,0,3,1,0.0,0.0,4.0,4.933333333333334,False,simple,0,9,6,0,2,0.6666666666666666,False,0,6,4,3,1,2,0.4,False,3,1,0.75,4,1,1,True,2,1,0.5,1,0,0,1.0,False,0,0,0,0,2025-12-22 13:03:58.252149,True,1,True
540,False,True,False,False,True,False,False,False,False,False,False,False,False,False,False,False,False,False,False,False,False,False,True,False,False,1,0,13,8,2,4,0,3,0,57,1,1,2.25,0,0,0.0,4,0,0,0,14,2,0,1,1,6,3,0.0,0.0,23.0,59.033333333333324,True,simple,0,27,23,0,3,0.8518518518518519,False,2,18,8,4,1,2,0.3333333333333333,False,7,1,0.5,7,4,4,True,2,5,2.0,5,0,0,1.0,False,0,0,0,0,2025-12-22 13:03:58.600128,True,1,True
541,False,False,False,False,False,False,False,False,False,False,False,False,False,False,False,False,False,False,False,False,False,False,True,False,False,0,0,8,3,0,1,1,1,0,25,1,1,1.0,0,1,0.04,0,0,0,0,5,3,0,0,0,4,2,0.0,0.0,8.0,14.2,False,simple,0,7,4,0,2,0.5714285714285714,False,0,3,3,1,1,0,0.0,False,3,0,0.3333333333333333,3,1,2,False,0,2,0.0,2,0,0,1.0,False,0,0,0,0,2025-12-22 13:03:58.929093,True,1,True
543,False,False,False,False,False,False,False,False,False,False,False,False,True,False,True,True,False,True,False,False,False,False,True,True,False,1,2,47,5,0,0,0,1,0,449,11,1,1.0,0,43,0.0957683741648107,1,0,2,0,41,10,0,3,1,11,4,0.0,0.0,67.0,292.3636363636364,True,simple,0,15,10,0,4,0.6666666666666666,False,2,5,5,5,2,0,0.0,False,5,0,1.0,4,0,1,True,0,2,0.0,2,0,0,1.0,False,0,0,0,0,2025-12-22 13:03:59.783626,True,1,True
544,True,True,True,True,True,True,True,False,False,False,False,False,False,False,True,False,False,False,False,False,False,False,True,False,False,3,17,98,5,0,1,0,1,0,771,5,1,1.0,0,113,0.14656290531776914,0,0,0,0,93,35,0,20,3,18,6,0.0,0.0,213.0,1390.4166666666667,True,simple,0,0,0,0,0,0.0,False,0,0,5,0,0,0,0.0,False,5,0,0.0,5,1,0,False,0,10,0.0,5,0,0,1.0,False,0,0,0,0,2025-12-22 13:04:02.280484,True,1,True
545,False,True,False,False,False,False,False,False,False,False,False,False,False,False,False,False,False,False,False,False,False,False,True,False,False,1,0,3,4,2,1,0,10,0,32,1,1,3.25,0,0,0.0,3,0,0,0,3,1,0,1,0,3,2,0.0,0.0,13.0,16.03333333333333,False,simple,0,23,23,1,12,1.0,False,0,13,4,2,1,2,0.5,False,3,1,0.5,5,1,0,True,2,0,0.0,0,0,0,1.0,False,0,0,0,0,2025-12-22 13:04:02.611591,True,1,True
547,False,False,False,False,False,False,False,False,False,False,False,False,False,False,False,False,False,False,False,False,False,False,True,False,False,0,0,3,3,0,1,0,1,0,13,1,1,1.0,0,2,0.15384615384615385,0,0,0,0,3,0,0,0,0,2,1,0.0,0.0,3.0,4.5,False,simple,0,6,3,0,2,0.5,False,0,3,3,1,1,0,0.0,False,2,1,0.3333333333333333,3,1,2,True,0,2,0.0,2,0,0,1.0,False,0,0,0,0,2025-12-22 13:04:02.651336,True,1,True
551,False,False,False,False,False,False,False,False,False,False,True,False,False,False,False,False,False,False,False,False,False,False,True,False,False,1,1,19,2,0,1,1,1,0,158,4,1,1.0,0,63,0.3987341772151899,0,0,0,0,20,3,0,2,0,10,3,0.0,0.0,34.0,75.14,True,simple,0,5,3,0,2,0.6,False,0,2,2,1,1,0,0.0,False,2,0,0.5,2,1,1,False,0,1,0.0,1,0,0,1.0,False,0,0,0,0,2025-12-22 13:04:04.051472,True,1,True
553,False,False,False,False,False,False,False,False,False,False,False,False,False,False,False,False,False,False,False,False,False,False,True,False,False,0,0,3,2,1,1,1,1,0,21,1,1,1.0,0,2,0.09523809523809523,0,0,0,0,3,0,0,0,0,2,1,0.0,0.0,3.0,4.5,False,simple,0,5,3,0,2,0.6,False,0,2,2,2,1,1,0.3333333333333333,False,2,0,1.0,3,1,0,True,1,0,0.0,0,0,0,1.0,False,0,0,0,0,2025-12-22 13:04:04.698152,True,1,True
554,False,False,True,True,True,False,False,False,False,False,False,False,False,False,False,False,False,False,False,False,False,False,True,False,False,1,10,13,7,5,9,1,21,0,140,1,1,3.857142857142857,1,50,0.35714285714285715,0,0,0,0,8,16,0,11,1,11,5,0.0,0.0,73.0,127.41818181818181,True,moderate,1,61,63,0,21,1.0327868852459017,False,2,27,7,3,1,5,0.625,False,6,1,0.42857142857142855,5,9,3,True,4,3,0.75,3,0,0,1.0,False,0,0,0,0,2025-12-22 13:04:05.085600,True,1,True
556,False,False,False,True,True,False,False,False,False,False,False,False,False,False,False,False,False,False,False,False,False,False,True,False,False,1,5,25,19,5,7,1,8,0,119,1,1,2.3157894736842106,0,15,0.12605042016806722,0,0,0,0,15,16,0,6,4,11,4,0.0,0.0,60.0,142.9090909090909,True,moderate,1,99,86,1,12,0.8686868686868687,False,6,44,19,9,2,5,0.35714285714285715,False,16,3,0.47368421052631576,12,7,6,True,5,7,1.2,7,0,0,1.0,False,0,0,0,0,2025-12-22 13:04:05.861818,True,1,True
557,True,False,False,True,False,False,False,False,False,False,False,False,False,False,False,False,False,False,False,False,False,False,True,False,False,2,0,15,5,4,3,0,5,1,54,2,1,2.2,0,0,0.0,2,0,0,0,17,2,0,2,0,7,3,0.0,0.0,35.0,92.0,True,simple,0,16,14,0,4,0.875,False,0,11,5,0,0,4,1.0,False,4,1,0.0,5,3,2,True,4,2,0.5,2,0,0,1.0,False,0,0,0,0,2025-12-22 13:04:06.212385,True,1,True
558,True,False,False,False,False,False,False,True,False,False,False,False,False,False,False,True,False,True,False,False,False,False,True,False,False,1,2,6,3,1,3,0,1,0,42,2,1,1.0,0,7,0.16666666666666666,1,0,0,0,6,3,0,3,0,7,5,0.0,0.0,26.0,30.085714285714285,True,simple,0,12,9,0,4,0.75,False,0,3,3,2,1,1,0.3333333333333333,False,3,0,0.6666666666666666,2,3,3,True,1,4,3.0,3,0,0,1.0,False,0,0,0,0,2025-12-22 13:04:06.547633,True,1,True
559,False,False,False,False,False,False,False,False,False,False,False,False,False,False,False,False,False,False,False,False,False,False,True,False,False,0,0,4,2,2,0,0,1,0,13,2,1,1.0,0,0,0.0,0,0,0,0,4,0,0,0,0,2,1,0.0,0.0,4.0,8.0,False,simple,0,4,2,0,1,0.5,False,0,2,2,0,0,2,1.0,False,2,0,0.0,2,0,2,False,0,2,0.0,2,0,0,1.0,False,0,0,0,0,2025-12-22 13:04:06.884147,True,1,True
560,True,True,True,False,True,True,True,False,False,False,False,False,False,False,True,False,False,True,False,False,False,False,True,False,False,2,9,80,26,34,9,3,15,0,527,3,1,3.6153846153846154,2,206,0.3908918406072106,2,0,0,0,62,32,0,11,1,17,6,0.0,0.0,145.0,719.8823529411765,True,critical,3,236,227,7,19,0.961864406779661,True,27,94,26,30,5,34,0.53125,True,19,7,1.1538461538461537,14,9,13,True,4,43,3.25,25,0,0,1.0,False,0,0,0,0,2025-12-22 13:04:07.634389,True,1,True
561,False,False,False,False,False,False,False,False,False,False,False,False,False,False,False,False,False,True,False,False,False,False,True,False,False,1,0,3,1,0,1,1,1,0,30,2,1,1.0,0,10,0.3333333333333333,0,0,0,0,4,0,0,1,0,3,2,0.0,0.0,13.0,17.333333333333332,False,simple,0,2,1,0,1,0.5,False,0,1,1,0,0,0,0.0,False,1,0,0.0,1,1,0,False,0,0,0.0,0,0,0,1.0,False,0,0,0,0,2025-12-22 13:04:07.984955,True,1,True
562,True,False,False,False,False,True,True,False,False,False,False,False,True,False,True,True,False,False,False,False,True,True,True,False,False,1,33,68,40,13,15,0,47,0,2230,9,1,8.375,7,829,0.3717488789237668,1,0,2,0,48,55,0,34,1,17,5,0.0,0.0,243.0,1236.4411764705883,True,critical,3,879,849,5,106,0.9658703071672355,True,173,335,40,153,5,13,0.0783132530120482,False,23,17,3.825,32,15,15,True,0,61,0.0,34,0,0,1.0,False,0,0,0,0,2025-12-22 13:04:26.875748,True,1,True
563,False,False,False,False,False,False,False,False,False,False,False,False,False,False,False,False,False,False,False,False,False,False,True,False,False,0,0,5,3,0,1,0,1,0,13,1,1,1.0,0,0,0.0,0,0,0,0,5,0,0,0,0,2,1,0.0,0.0,5.0,12.5,False,simple,0,6,3,0,1,0.5,False,0,3,3,0,0,0,0.0,False,3,0,0.0,3,1,2,False,0,2,0.0,2,0,0,1.0,False,0,0,0,0,2025-12-22 13:04:27.214848,True,1,True
564,False,False,False,True,False,False,False,False,False,False,False,False,False,False,False,False,False,False,False,False,False,False,True,False,False,0,0,17,5,0,1,0,1,0,129,3,1,1.0,0,68,0.5271317829457365,0,0,0,0,19,0,0,0,0,6,2,0.0,0.0,17.0,53.833333333333336,False,simple,0,0,0,0,0,0.0,False,0,0,5,0,0,0,0.0,False,5,0,0.0,5,1,0,False,0,10,0.0,5,0,0,1.0,False,0,0,0,0,2025-12-22 13:04:27.594530,True,1,True
565,False,True,False,False,False,False,False,False,False,False,False,False,False,False,True,False,False,False,False,False,False,False,True,False,False,1,3,9,5,1,0,0,3,0,231,5,1,2.6,0,41,0.1774891774891775,1,0,2,0,10,3,0,4,0,7,3,0.0,0.0,34.0,58.77142857142857,True,simple,0,30,26,0,5,0.8666666666666667,False,7,13,5,9,1,1,0.1,False,5,0,1.8,4,0,1,False,1,12,1.0,4,0,0,1.0,False,0,0,0,0,2025-12-22 13:04:28.030748,True,1,True
566,False,False,False,True,True,False,False,False,False,False,False,False,False,False,False,False,False,False,False,False,False,False,True,False,False,0,1,3,1,1,2,0,3,0,42,2,1,3.0,0,11,0.2619047619047619,1,0,0,0,2,2,0,1,1,3,3,0.0,0.0,8.0,9.066666666666666,True,simple,0,7,7,0,5,1.0,False,0,3,1,1,1,1,0.5,False,1,0,1.0,1,2,0,True,1,0,0.0,0,0,0,1.0,False,0,0,0,0,2025-12-22 13:04:28.389251,True,1,True
567,False,True,False,True,False,False,False,False,False,False,False,False,False,False,False,False,False,False,False,False,False,False,True,False,False,1,0,14,6,4,3,0,3,3,31,1,1,1.3333333333333333,0,5,0.16129032258064516,2,0,0,0,14,1,0,1,0,6,3,0.0,0.0,24.0,58.800000000000004,True,simple,0,16,11,0,3,0.6875,False,0,8,6,7,1,4,0.36363636363636365,False,5,1,1.1666666666666667,5,3,1,True,4,1,0.25,1,0,0,1.0,False,0,0,0,0,2025-12-22 13:04:28.738154,True,1,True
569,True,False,False,True,False,False,True,False,True,False,False,False,False,False,True,False,False,False,False,False,True,False,True,False,False,2,1,76,40,10,0,0,3,4,423,10,1,1.05,0,226,0.5342789598108747,1,0,2,0,90,6,0,3,0,12,6,0.0,0.0,101.0,792.85,True,complex,2,137,98,0,7,0.7153284671532847,False,3,42,40,43,2,10,0.18867924528301888,False,36,4,1.075,6,0,4,True,4,50,1.0,28,0,0,1.0,True,0,0,0,0,2025-12-22 13:04:29.553819,True,1,True
570,False,False,False,False,False,False,False,False,False,False,False,False,False,False,False,False,False,False,False,False,False,False,True,False,False,0,0,2,3,0,1,0,1,0,26,1,1,1.0,0,20,0.7692307692307693,0,0,0,0,2,0,0,0,0,1,1,0.0,0.0,2.0,4.0,False,simple,0,1,0,0,0,0.0,False,0,1,3,0,0,0,0.0,False,2,1,0.0,3,1,0,False,0,7,0.0,2,0,0,1.0,False,0,0,0,0,2025-12-22 13:04:29.867508,True,1,True
571,False,False,False,False,False,False,False,False,False,False,False,False,False,False,False,False,False,False,False,False,False,False,True,False,False,0,0,16,24,0,1,0,1,0,240,9,1,1.0,0,145,0.6041666666666666,0,0,1,0,18,0,0,0,0,3,1,0.0,0.0,16.0,96.0,False,moderate,1,3,2,0,2,0.6666666666666666,False,0,1,24,0,0,0,0.0,False,23,1,0.0,24,1,0,False,0,22,0.0,15,0,0,1.0,False,0,0,0,0,2025-12-22 13:04:30.372840,True,1,True
572,False,False,False,False,False,False,False,False,False,False,False,False,False,False,False,False,False,False,False,False,False,False,True,False,False,0,0,2,18,0,1,0,1,0,58,1,1,1.0,0,4,0.06896551724137931,0,0,0,0,2,0,0,0,0,1,1,0.0,0.0,2.0,4.0,False,simple,0,1,0,0,0,0.0,False,0,1,18,0,0,0,0.0,False,17,1,0.0,18,1,0,False,0,63,0.0,17,0,0,1.0,False,0,0,0,0,2025-12-22 13:04:30.699930,True,1,True
573,False,False,False,False,False,False,False,False,False,False,False,False,False,False,False,False,False,False,False,False,False,False,True,False,False,0,0,2,6,0,0,0,1,0,68,1,1,1.0,0,57,0.8382352941176471,0,0,0,0,2,0,0,0,0,1,1,0.0,0.0,2.0,4.0,False,simple,0,0,0,0,0,0.0,False,0,0,6,0,0,0,0.0,False,6,0,0.0,6,0,0,False,0,10,0.0,5,0,0,1.0,False,0,0,0,0,2025-12-22 13:04:31.036730,True,1,True
574,False,False,False,False,False,False,False,False,False,False,False,False,False,False,False,False,False,False,False,False,False,False,True,False,False,0,0,5,2,0,0,0,1,0,21,1,1,1.0,0,11,0.5238095238095238,0,0,0,0,3,2,0,0,0,3,1,0.0,0.0,5.0,7.333333333333334,False,simple,0,5,3,0,2,0.6,False,2,2,2,0,0,0,0.0,False,0,2,0.0,2,0,0,False,0,0,0.0,0,0,0,1.0,False,0,0,0,0,2025-12-22 13:04:31.362162,True,1,True
577,False,False,False,False,False,False,False,False,False,False,False,False,False,False,False,False,False,False,False,False,False,False,True,False,False,0,0,2,2,0,3,1,1,0,53,1,1,1.0,0,38,0.7169811320754716,0,0,0,0,2,0,0,0,0,1,1,0.0,0.0,2.0,4.0,False,simple,0,4,2,0,1,0.5,False,0,2,2,0,0,0,0.0,False,0,2,0.0,2,3,0,True,0,0,0.0,0,0,0,1.0,True,0,0,0,0,2025-12-22 13:04:32.312164,True,1,True
578,False,False,False,False,False,False,False,False,False,False,False,False,False,False,True,False,False,False,False,False,False,False,True,False,False,0,4,60,14,0,0,0,14,0,430,1,1,3.9285714285714284,2,123,0.28604651162790695,0,0,0,0,45,19,0,4,0,6,2,0.0,0.0,80.0,777.3333333333333,True,moderate,1,267,270,9,37,1.0112359550561798,True,13,55,14,33,0,0,0.0,False,0,14,2.357142857142857,6,0,0,False,0,29,0.0,14,0,0,1.0,False,0,0,0,0,2025-12-22 13:04:32.764567,True,1,True
579,False,False,False,False,False,False,False,False,False,False,False,False,False,False,False,False,False,False,False,False,False,False,True,False,False,0,0,10,8,0,0,0,3,0,145,1,1,1.25,0,106,0.7310344827586207,0,0,0,0,2,8,0,0,0,2,1,0.0,0.0,10.0,38.0,False,simple,0,28,20,0,5,0.7142857142857143,False,9,10,8,8,0,0,0.0,True,0,8,1.0,1,0,0,False,0,19,0.0,8,0,0,1.0,False,0,0,0,0,2025-12-22 13:04:33.129321,True,1,True
581,False,False,False,True,False,False,False,False,False,False,False,False,False,False,True,False,False,False,False,False,False,False,True,False,False,0,0,13,7,2,0,0,5,2,129,1,1,1.5714285714285714,0,87,0.6744186046511628,0,0,0,0,6,7,0,0,0,4,3,0.0,0.0,13.0,35.425,True,simple,0,36,30,0,11,0.8333333333333334,False,6,11,7,13,0,2,0.13333333333333333,True,0,7,1.8571428571428572,6,0,2,False,2,19,1.0,7,0,0,1.0,False,0,0,0,0,2025-12-22 13:04:33.784851,True,1,True
608,False,True,True,False,False,False,False,False,False,False,False,False,True,False,False,False,False,False,False,False,True,False,True,False,False,12,22,102,34,11,21,0,3,0,232,3,1,1.9411764705882353,0,8,0.034482758620689655,7,5,1,0,60,76,0,34,0,12,5,0.0,0.0,332.0,3131.8666666666663,True,complex,2,150,132,0,6,0.88,False,13,66,34,21,2,11,0.34375,False,31,3,0.6176470588235294,24,21,15,True,10,30,1.5,19,0,0,1.0,False,0,0,0,0,2025-12-22 17:42:05.052944,True,1,True
609,False,True,True,False,False,False,False,False,False,False,False,False,True,False,False,False,False,False,False,False,True,False,True,False,False,8,17,92,25,4,22,0,5,0,202,1,1,2.36,0,8,0.039603960396039604,5,0,0,0,61,57,0,25,0,11,5,0.0,0.0,257.0,2357.3909090909087,True,complex,2,139,131,0,10,0.9424460431654677,False,6,59,25,15,1,4,0.21052631578947367,False,24,1,0.6,18,22,16,True,4,24,4.0,17,0,0,1.0,False,0,0,0,0,2025-12-22 17:42:05.608738,True,1,True
610,False,True,True,False,False,False,False,False,False,False,False,False,True,False,False,False,False,False,False,False,True,False,True,False,False,6,13,80,21,4,18,0,3,0,223,2,1,2.0476190476190474,0,76,0.34080717488789236,3,0,0,0,57,44,0,19,0,11,5,0.0,0.0,205.0,1636.2727272727273,True,complex,2,113,102,0,8,0.9026548672566371,False,8,43,21,14,2,4,0.2222222222222222,False,19,2,0.6666666666666666,15,18,14,True,4,26,3.5,15,0,0,1.0,False,0,0,0,0,2025-12-22 17:42:06.145894,True,1,True
611,False,True,True,False,False,False,False,False,False,False,False,False,True,False,False,False,False,False,False,False,True,False,True,False,False,20,38,219,14,1,3,0,3,0,417,4,1,1.4285714285714286,0,58,0.13908872901678657,1,0,0,0,123,158,0,58,0,12,5,0.0,0.0,609.0,11855.2,True,moderate,1,26,21,0,6,0.8076923076923077,False,4,14,14,2,1,1,0.3333333333333333,False,13,1,0.14285714285714285,15,3,2,False,1,12,2.0,7,0,0,1.0,False,0,0,0,0,2025-12-22 17:42:06.968459,True,1,True
612,False,True,True,False,False,False,False,False,False,False,False,False,True,False,False,False,False,False,False,False,True,False,True,False,False,12,25,119,34,4,15,3,3,0,268,2,1,1.8235294117647058,0,3,0.011194029850746268,4,0,0,0,71,85,0,37,0,9,5,0.0,0.0,364.0,5278.0,True,complex,2,131,111,0,6,0.8473282442748091,False,10,62,34,18,2,4,0.18181818181818182,False,28,6,0.5294117647058824,27,15,12,True,4,14,3.0,14,0,0,1.0,False,0,0,0,0,2025-12-22 17:42:07.649539,True,1,True
613,False,False,True,False,False,False,False,False,False,False,False,False,True,False,False,False,False,False,False,False,True,False,True,False,False,2,2,39,9,4,7,0,6,0,117,1,1,3.0,0,21,0.1794871794871795,0,0,0,0,32,14,0,4,0,11,4,0.0,0.0,69.0,262.2,True,moderate,1,64,59,3,12,0.921875,False,8,27,9,7,2,4,0.36363636363636365,False,6,3,0.7777777777777778,7,7,4,True,0,21,0.0,7,0,0,1.0,False,0,0,0,0,2025-12-22 17:42:08.118286,True,1,True
614,False,True,True,False,False,False,False,False,False,False,False,False,True,False,False,False,False,True,False,False,True,False,True,False,False,13,21,96,27,13,13,0,3,0,247,5,1,1.962962962962963,0,15,0.06072874493927125,6,5,1,0,57,73,0,34,0,13,5,0.0,0.0,331.0,2752.392307692308,True,complex,2,123,109,0,6,0.8861788617886179,False,8,53,27,21,2,13,0.38235294117647056,False,22,5,0.7777777777777778,15,13,12,True,7,28,1.7142857142857142,17,0,0,1.0,False,0,0,0,0,2025-12-22 17:42:08.786525,True,1,True
615,False,True,True,False,False,False,False,False,False,False,False,False,True,False,False,False,False,False,False,False,True,False,True,False,False,12,24,130,6,0,3,1,3,0,313,3,1,1.3333333333333333,0,42,0.134185303514377,0,0,0,0,78,88,0,36,0,12,5,0.0,0.0,370.0,4304.333333333333,True,simple,0,16,11,0,3,0.6875,False,2,8,6,2,1,0,0.0,False,5,1,0.3333333333333333,7,3,2,False,0,2,0.0,2,0,0,1.0,False,0,0,0,0,2025-12-22 17:42:09.419601,True,1,True
616,True,True,True,False,True,True,True,True,False,False,False,False,True,False,True,False,False,False,False,False,True,False,True,False,False,15,28,115,8,0,4,0,3,0,417,3,1,2.0,0,17,0.0407673860911271,0,0,0,0,78,84,0,43,2,22,8,0.0,0.0,405.0,2518.3636363636365,True,simple,0,18,18,0,3,1.0,False,0,12,8,0,0,0,0.0,False,8,0,0.0,8,4,4,False,0,12,0.0,8,0,0,1.0,False,0,0,0,0,2025-12-22 17:42:10.849246,True,1,True
617,False,True,True,False,False,False,False,False,False,False,False,False,True,False,False,False,False,True,False,False,True,False,True,False,False,20,41,227,5,0,3,1,3,0,474,5,1,1.4,0,30,0.06329113924050633,0,0,0,0,119,171,0,61,1,15,5,0.0,0.0,632.0,10057.226666666666,True,simple,0,15,11,0,4,0.7333333333333333,False,1,7,5,2,1,0,0.0,False,4,1,0.4,6,3,2,True,0,2,0.0,2,0,0,1.0,False,0,0,0,0,2025-12-22 17:42:11.809697,True,1,True
619,False,True,True,False,False,False,False,False,False,False,False,False,True,False,False,False,False,False,False,False,True,False,True,False,False,12,24,114,35,7,28,4,5,0,247,1,1,2.2,0,6,0.024291497975708502,11,0,0,0,68,82,0,36,0,10,5,0.0,0.0,354.0,4439.159999999999,True,complex,2,187,173,0,11,0.9251336898395722,False,6,77,35,35,2,7,0.16666666666666666,False,32,3,1.0,27,28,16,True,7,16,2.2857142857142856,16,0,1,1.0,False,0,1,0,0,2025-12-22 17:42:12.801597,True,1,True
622,False,True,True,False,False,False,False,False,False,False,False,False,True,False,False,False,False,False,False,False,True,False,True,False,False,12,25,130,6,1,3,1,3,0,360,3,1,1.6666666666666667,0,97,0.26944444444444443,1,0,0,0,81,87,0,37,0,11,5,0.0,0.0,375.0,4837.5,True,simple,0,22,18,0,6,0.8181818181818182,False,1,10,6,4,1,1,0.2,False,5,1,0.6666666666666666,7,3,2,True,1,2,2.0,2,0,0,1.0,False,0,0,0,0,2025-12-22 17:42:14.123800,True,1,True
623,False,True,True,False,False,False,False,False,False,False,False,False,True,False,False,False,False,False,False,False,True,False,True,False,False,14,30,150,8,0,1,0,3,0,354,5,1,1.25,0,81,0.2288135593220339,0,0,0,0,87,109,0,44,0,13,5,0.0,0.0,440.0,5527.076923076922,True,simple,0,23,16,0,3,0.6956521739130435,False,3,10,8,4,1,0,0.0,False,8,0,0.5,5,1,1,False,0,9,0.0,5,0,0,1.0,False,0,0,0,0,2025-12-22 17:42:14.875349,True,1,True
624,False,True,True,False,True,False,False,False,False,False,False,False,True,False,False,False,False,False,False,False,True,False,True,False,False,18,36,194,12,2,3,0,3,0,351,3,1,1.8333333333333333,0,25,0.07122507122507123,2,0,0,0,104,151,0,54,1,14,6,0.0,0.0,554.0,8298.128571428571,True,moderate,1,31,30,0,6,0.967741935483871,False,1,16,12,4,1,2,0.3333333333333333,False,12,0,0.3333333333333333,12,3,3,False,2,13,1.5,8,0,0,1.0,False,0,0,0,0,2025-12-22 17:42:15.738244,True,1,True
625,False,True,True,False,False,False,False,False,False,False,False,False,True,False,False,False,False,False,False,False,True,False,True,False,False,12,23,120,4,0,3,1,3,0,338,4,1,1.5,0,98,0.28994082840236685,0,0,0,0,76,80,0,35,0,11,5,0.0,0.0,355.0,4259.999999999999,True,simple,0,10,7,0,3,0.7,False,1,6,4,0,0,0,0.0,False,3,1,0.0,4,3,1,False,0,1,0.0,1,0,0,1.0,False,0,0,0,0,2025-12-22 17:42:16.467235,True,1,True
626,False,True,True,False,False,False,False,False,False,False,False,False,True,False,True,False,False,False,False,False,True,False,True,False,False,16,35,191,13,0,5,0,3,0,417,7,1,1.4615384615384615,0,66,0.15827338129496402,0,0,0,0,118,127,0,51,0,16,6,0.0,0.0,526.0,6801.8375,True,moderate,1,22,18,0,3,0.8181818181818182,False,3,13,13,0,0,0,0.0,False,12,1,0.0,13,5,3,False,0,13,0.0,8,0,0,1.0,False,0,0,0,0,2025-12-22 17:42:17.290453,True,1,True
627,False,True,True,False,False,False,False,False,False,False,False,False,True,False,False,False,False,True,False,False,True,False,True,True,False,12,23,117,29,14,12,0,3,0,430,6,1,1.896551724137931,0,167,0.3883720930232558,4,8,1,0,70,82,0,35,0,13,5,0.0,0.0,352.0,3449.6,True,complex,2,125,109,0,6,0.872,False,11,55,29,20,2,14,0.4117647058823529,False,24,5,0.6896551724137931,17,12,17,True,8,35,2.125,21,0,0,1.0,False,0,0,0,0,2025-12-22 17:42:18.078509,True,1,True
629,False,True,True,False,False,False,False,False,False,False,False,False,True,False,False,False,False,False,False,False,True,False,True,False,False,14,27,114,39,9,22,1,3,0,243,1,1,1.8717948717948718,0,3,0.012345679012345678,8,0,0,0,68,87,0,41,0,15,5,0.0,0.0,389.0,3342.8066666666664,True,complex,2,179,157,0,10,0.8770949720670391,False,12,73,39,30,1,9,0.23076923076923078,False,38,1,0.7692307692307693,27,22,17,True,7,21,2.4285714285714284,19,0,0,1.0,False,0,0,0,0,2025-12-22 17:42:19.075700,True,1,True
630,False,True,True,False,False,False,False,False,False,False,False,False,True,False,False,False,False,False,False,False,True,False,True,False,False,12,25,130,6,1,3,1,3,0,360,3,1,1.6666666666666667,0,97,0.26944444444444443,1,0,0,0,81,87,0,37,0,11,5,0.0,0.0,375.0,4837.5,True,simple,0,22,18,0,6,0.8181818181818182,False,1,10,6,4,1,1,0.2,False,5,1,0.6666666666666666,7,3,2,True,1,2,2.0,2,0,0,1.0,False,0,0,0,0,2025-12-22 17:42:19.824038,True,1,True
631,False,False,True,False,False,False,False,False,False,False,True,False,False,False,False,False,False,False,False,False,True,False,True,False,False,1,2,36,9,2,9,1,6,0,56,1,1,2.2222222222222223,0,3,0.05357142857142857,0,0,0,0,26,14,0,3,0,8,4,0.0,0.0,56.0,250.6,True,moderate,1,43,38,1,8,0.8837209302325582,False,4,20,9,5,2,2,0.2857142857142857,False,8,1,0.5555555555555556,8,9,5,True,1,6,5.0,6,0,0,1.0,False,0,0,0,0,2025-12-22 17:42:20.186922,True,1,True
632,False,True,True,False,False,False,False,False,False,False,False,False,True,False,False,False,False,False,False,False,True,False,True,False,False,14,28,140,13,2,5,0,3,0,350,5,1,1.7692307692307692,0,75,0.21428571428571427,2,0,0,0,83,101,0,42,0,14,5,0.0,0.0,420.0,4611.0,True,moderate,1,33,31,0,6,0.9393939393939394,False,1,17,13,4,1,2,0.3333333333333333,False,12,1,0.3076923076923077,13,5,3,False,2,13,1.5,8,0,0,1.0,False,0,0,0,0,2025-12-22 17:42:20.877579,True,1,True
634,False,True,True,False,False,False,False,False,False,False,False,False,True,False,False,False,False,False,False,False,True,False,True,False,False,12,25,119,34,4,15,3,3,0,275,2,1,1.8235294117647058,0,3,0.01090909090909091,4,0,0,0,70,86,0,37,0,9,5,0.0,0.0,364.0,5265.866666666666,True,complex,2,131,111,0,6,0.8473282442748091,False,10,62,34,18,2,4,0.18181818181818182,False,28,6,0.5294117647058824,27,15,12,True,4,14,3.0,14,0,0,1.0,False,0,0,0,0,2025-12-22 17:42:21.887507,True,1,True
635,False,True,True,False,False,False,False,False,False,False,False,False,True,False,False,False,False,False,False,False,True,False,True,False,False,6,13,80,21,4,18,0,3,0,220,2,1,2.0476190476190474,0,73,0.33181818181818185,3,0,0,0,57,44,0,19,0,11,5,0.0,0.0,205.0,1636.2727272727273,True,complex,2,113,102,0,8,0.9026548672566371,False,8,43,21,14,2,4,0.2222222222222222,False,19,2,0.6666666666666666,15,18,14,True,4,26,3.5,15,0,0,1.0,False,0,0,0,0,2025-12-22 17:42:22.380426,True,1,True
636,False,True,True,False,False,False,False,False,False,False,False,False,True,False,False,False,False,True,False,False,True,False,True,False,False,12,23,109,29,14,13,0,3,0,537,5,1,1.9655172413793103,0,292,0.5437616387337058,4,8,1,0,62,82,0,35,0,12,5,0.0,0.0,344.0,3422.8,True,complex,2,129,114,0,6,0.8837209302325582,False,10,57,29,20,2,14,0.4117647058823529,False,24,5,0.6896551724137931,18,13,18,True,9,36,2.0,22,0,0,1.0,False,0,0,0,0,2025-12-22 17:42:23.090104,True,1,True
638,False,True,True,False,False,False,False,False,False,False,False,False,True,False,False,False,False,False,False,False,True,False,True,False,False,6,13,80,21,4,18,0,3,0,220,2,1,2.0476190476190474,0,73,0.33181818181818185,3,0,0,0,57,44,0,19,0,11,5,0.0,0.0,205.0,1636.2727272727273,True,complex,2,113,102,0,8,0.9026548672566371,False,8,43,21,14,2,4,0.2222222222222222,False,19,2,0.6666666666666666,15,18,14,True,4,26,3.5,15,0,0,1.0,False,0,0,0,0,2025-12-22 17:42:23.910675,True,1,True
639,False,True,True,False,False,False,False,False,False,False,False,False,True,False,True,False,False,False,False,False,True,False,True,False,False,12,25,120,3,0,1,0,1,0,344,7,1,1.0,0,49,0.14244186046511628,0,0,0,0,73,86,0,37,0,12,6,0.0,0.0,365.0,4051.5000000000005,True,simple,0,5,2,0,1,0.4,False,1,3,3,0,0,0,0.0,False,1,2,0.0,3,1,0,False,0,1,0.0,1,0,0,1.0,False,0,0,0,0,2025-12-22 17:42:24.629094,True,1,True
640,False,True,True,False,False,False,False,False,False,False,False,False,True,False,False,False,False,True,False,False,True,False,True,False,False,12,24,120,11,1,7,0,3,0,290,4,1,1.9090909090909092,0,3,0.010344827586206896,1,0,1,0,74,84,0,36,1,14,5,0.0,0.0,360.0,3414.8571428571427,True,moderate,1,41,35,0,6,0.8536585365853658,False,5,21,11,2,1,1,0.3333333333333333,False,11,0,0.18181818181818182,12,7,5,True,1,7,5.0,5,0,0,1.0,False,0,0,0,0,2025-12-22 17:42:25.304886,True,1,True
642,False,True,True,False,False,False,False,False,False,False,False,False,True,False,False,False,False,True,False,False,True,False,True,False,False,6,14,80,11,2,5,0,3,0,169,2,1,1.7272727272727273,0,38,0.22485207100591717,2,0,0,0,55,45,0,20,0,10,5,0.0,0.0,210.0,1816.5,True,moderate,1,30,28,0,6,0.9333333333333333,False,1,14,11,4,1,2,0.3333333333333333,False,10,1,0.36363636363636365,11,5,2,False,2,12,1.0,7,0,0,1.0,False,0,0,0,0,2025-12-22 17:42:26.064158,True,1,True
643,True,True,True,False,False,True,True,False,False,False,False,False,True,False,False,False,False,False,False,False,True,False,True,False,False,12,24,110,7,0,6,1,3,0,230,4,1,1.5714285714285714,0,3,0.013043478260869565,0,0,0,0,70,77,0,36,0,16,6,0.0,0.0,350.0,2710.3125,True,moderate,1,20,15,0,3,0.75,False,2,11,7,1,1,0,0.0,False,6,1,0.14285714285714285,7,6,3,False,0,3,0.0,3,0,0,1.0,False,0,0,0,0,2025-12-22 17:42:26.719320,True,1,True
644,False,True,True,False,False,False,False,False,False,False,False,False,True,False,False,False,False,True,False,False,True,False,True,False,False,12,24,120,11,1,7,0,3,0,290,4,1,1.9090909090909092,0,3,0.010344827586206896,1,0,1,0,74,84,0,36,1,14,5,0.0,0.0,360.0,3414.8571428571427,True,moderate,1,41,35,0,6,0.8536585365853658,False,5,21,11,2,1,1,0.3333333333333333,False,11,0,0.18181818181818182,12,7,5,True,1,7,5.0,5,0,0,1.0,False,0,0,0,0,2025-12-22 17:42:27.372157,True,1,True
645,False,True,True,False,True,False,False,False,False,False,False,False,True,False,False,False,False,False,False,False,True,False,True,False,False,11,19,122,28,9,17,1,17,0,272,1,1,2.75,1,39,0.14338235294117646,10,0,0,0,83,69,0,30,2,15,6,0.0,0.0,327.0,2862.34,True,critical,3,186,182,2,13,0.978494623655914,True,3,77,28,22,1,9,0.2903225806451613,False,27,1,0.7857142857142857,19,17,16,True,9,40,1.7777777777777777,17,1,0,0.0,False,0,0,1,0,2025-12-22 17:42:28.064100,True,1,True
646,False,True,True,False,False,False,False,False,False,False,False,False,True,False,False,False,False,False,False,False,True,False,True,False,False,2,5,40,11,1,14,0,3,0,80,1,1,1.7272727272727273,0,3,0.0375,1,0,0,0,29,21,0,7,0,12,5,0.0,0.0,85.0,309.5416666666667,True,moderate,1,57,50,0,8,0.8771929824561403,False,5,19,11,4,1,1,0.2,False,10,1,0.36363636363636365,10,14,6,True,1,10,6.0,6,0,0,1.0,False,0,0,0,0,2025-12-22 17:42:28.446395,True,1,True
647,False,True,True,False,False,False,False,False,False,False,True,False,True,False,False,False,False,False,False,False,True,False,True,False,False,23,54,226,69,87,46,2,29,0,894,2,1,3.8260869565217392,5,143,0.1599552572706935,11,27,0,0,114,189,0,77,0,15,5,0.0,0.0,726.0,11920.92,True,critical,3,578,600,34,31,1.0380622837370241,True,16,264,69,48,2,87,0.6444444444444445,False,58,11,0.6956521739130435,48,46,30,True,14,52,2.142857142857143,39,0,0,1.0,False,0,0,0,0,2025-12-22 17:42:30.627772,True,1,True
648,False,True,True,False,False,False,False,False,False,False,False,False,True,False,False,False,False,False,False,False,True,False,True,False,False,12,26,129,13,3,5,0,3,0,303,5,1,1.9230769230769231,0,49,0.1617161716171617,3,0,0,0,77,92,0,38,0,14,5,0.0,0.0,379.0,3827.9,True,moderate,1,39,38,0,6,0.9743589743589743,False,0,19,13,6,1,3,0.3333333333333333,False,12,1,0.46153846153846156,12,5,3,False,3,13,1.0,8,0,0,1.0,False,0,0,0,0,2025-12-22 17:42:31.290457,True,1,True
649,False,True,True,False,False,False,False,False,False,False,False,False,True,False,False,False,False,False,False,False,True,False,True,False,False,12,25,148,6,0,4,1,3,0,301,5,1,1.6666666666666667,0,7,0.023255813953488372,0,0,0,0,93,97,0,37,2,17,5,0.0,0.0,393.0,3719.6294117647053,True,simple,0,18,14,0,3,0.7777777777777778,False,1,10,6,1,1,0,0.0,False,5,1,0.16666666666666666,6,4,3,False,0,3,0.0,3,0,0,1.0,False,0,0,0,0,2025-12-22 17:42:32.090413,True,1,True
650,False,True,True,False,False,False,False,False,False,False,False,False,True,False,False,False,False,False,False,False,True,False,True,False,False,8,16,80,21,4,25,1,9,0,177,2,1,2.5238095238095237,0,15,0.0847457627118644,4,0,1,0,49,58,0,24,0,11,5,0.0,0.0,240.0,1954.9090909090908,True,complex,2,131,126,0,15,0.9618320610687023,False,6,53,21,14,1,4,0.2222222222222222,False,19,2,0.6666666666666666,16,25,10,True,4,13,2.5,12,0,0,1.0,False,0,0,0,0,2025-12-22 17:42:32.630206,True,1,True
651,False,True,True,False,False,False,False,False,False,False,False,False,True,False,False,False,False,False,False,True,True,False,True,False,False,12,26,134,6,0,4,1,3,0,399,6,1,1.6666666666666667,0,72,0.18045112781954886,0,0,0,0,93,80,0,38,0,13,5,0.0,0.0,384.0,4401.2307692307695,True,moderate,1,18,14,0,3,0.7777777777777778,False,1,10,6,1,1,0,0.0,False,4,2,0.16666666666666666,6,4,3,False,0,3,0.0,3,0,0,1.0,False,0,0,0,0,2025-12-22 17:42:33.361868,True,1,True
652,False,True,True,False,False,True,True,False,False,False,False,False,True,False,True,False,False,True,False,False,True,False,True,False,False,20,40,229,49,18,21,0,5,0,682,13,1,1.7959183673469388,0,3,0.004398826979472141,4,6,1,0,111,180,0,60,1,16,7,0.0,0.0,629.0,9317.0625,True,critical,3,206,176,1,9,0.8543689320388349,False,20,88,49,39,2,18,0.3157894736842105,False,40,9,0.7959183673469388,34,21,19,True,6,79,3.1666666666666665,29,0,0,1.0,False,0,0,0,0,2025-12-22 17:42:34.633316,True,1,True
653,False,True,True,False,False,False,False,False,False,False,False,False,True,False,True,False,False,False,False,False,True,False,True,False,False,12,25,121,3,0,2,0,3,0,355,7,1,1.6666666666666667,0,55,0.15492957746478872,0,0,0,0,73,87,0,37,0,12,6,0.0,0.0,366.0,4083.9500000000003,True,simple,0,8,6,0,3,0.75,False,0,5,3,0,0,0,0.0,False,1,2,0.0,3,2,1,False,0,2,0.0,2,0,0,1.0,False,0,0,0,0,2025-12-22 17:42:35.342153,True,1,True
654,False,True,True,False,False,False,False,False,False,False,False,False,True,False,False,False,False,False,False,False,True,False,True,False,False,2,5,40,11,1,14,0,3,0,80,1,1,1.7272727272727273,0,3,0.0375,1,0,0,0,29,21,0,7,0,12,5,0.0,0.0,85.0,309.5416666666667,True,moderate,1,57,50,0,8,0.8771929824561403,False,5,19,11,4,1,1,0.2,False,10,1,0.36363636363636365,10,14,6,True,1,10,6.0,6,0,0,1.0,False,0,0,0,0,2025-12-22 17:42:35.795391,True,1,True
656,False,True,True,False,False,False,False,False,False,False,False,False,True,False,False,False,False,False,False,False,True,False,True,False,False,10,19,96,27,5,22,0,5,0,214,1,1,2.3333333333333335,0,8,0.037383177570093455,6,0,0,0,63,63,0,29,0,11,5,0.0,0.0,291.0,2833.281818181818,True,complex,2,149,140,0,10,0.9395973154362416,False,7,63,27,17,1,5,0.22727272727272727,False,26,1,0.6296296296296297,19,22,16,True,5,25,3.2,18,0,0,1.0,False,0,0,0,0,2025-12-22 17:42:36.654867,True,1,True
657,False,True,True,False,False,False,False,False,False,False,False,False,True,False,False,False,False,False,False,False,True,False,True,False,False,10,19,95,10,3,2,0,3,0,228,4,1,2.0,0,63,0.27631578947368424,3,0,0,0,65,63,0,29,0,11,5,0.0,0.0,290.0,2876.272727272727,True,moderate,1,34,34,0,6,1.0,False,0,15,10,6,1,3,0.3333333333333333,False,10,0,0.6,9,2,2,False,3,12,0.6666666666666666,7,0,0,1.0,False,0,0,0,0,2025-12-22 17:42:37.250098,True,1,True
658,False,True,False,False,False,False,False,False,False,False,False,False,False,True,False,False,False,False,False,False,False,False,True,False,False,9,23,161,38,22,6,0,1,0,207,3,1,1.0,0,8,0.03864734299516908,1,5,1,0,56,137,0,32,0,9,3,0.0,0.0,366.0,6177.266666666667,True,complex,2,110,72,0,5,0.6545454545454545,False,11,38,38,36,2,22,0.3793103448275862,False,36,2,0.9473684210526315,11,6,22,True,21,73,1.0476190476190477,32,0,0,1.0,False,0,0,0,0,2025-12-22 17:42:37.705019,True,1,True
659,False,True,False,False,False,False,False,False,False,False,False,False,False,True,False,False,False,False,False,False,False,False,True,False,False,7,20,139,30,14,8,0,5,0,187,1,1,1.2666666666666666,0,8,0.0427807486631016,1,0,0,0,58,109,0,27,0,8,3,0.0,0.0,309.0,5187.3375,True,moderate,1,110,84,0,10,0.7636363636363637,False,4,38,30,31,1,14,0.3111111111111111,False,29,1,1.0333333333333334,7,8,21,True,14,59,1.5,28,0,0,1.0,False,0,0,0,0,2025-12-22 17:42:38.153343,True,1,True
660,False,True,False,False,False,False,False,False,False,False,False,False,False,True,False,False,False,False,False,False,False,False,True,False,False,5,17,117,26,12,6,0,3,0,214,2,1,1.0769230769230769,0,76,0.35514018691588783,0,0,0,0,55,86,0,22,0,8,3,0.0,0.0,252.0,3628.8,True,complex,2,92,66,0,8,0.717391304347826,False,6,28,26,28,2,12,0.3,False,24,2,1.0769230769230769,6,6,18,True,12,55,1.5,25,0,0,1.0,False,0,0,0,0,2025-12-22 17:42:38.565030,True,1,True
661,False,True,False,False,False,False,False,False,False,False,False,False,False,True,False,False,False,False,False,False,False,False,True,False,False,20,40,397,14,5,0,0,1,0,363,4,1,1.0,0,58,0.15977961432506887,0,0,0,0,120,341,0,60,0,8,3,0.0,0.0,797.0,35735.4875,True,moderate,1,21,13,0,2,0.6190476190476191,False,0,8,14,11,1,5,0.3125,False,14,0,0.7857142857142857,8,0,5,False,5,25,1.0,13,0,0,1.0,False,0,0,0,0,2025-12-22 17:42:39.174362,True,1,True
662,False,True,False,False,False,False,False,False,False,False,False,False,False,True,False,False,False,False,False,False,False,False,True,False,False,14,30,228,35,15,3,3,1,0,244,2,1,1.0,0,3,0.012295081967213115,0,0,0,0,71,201,0,44,0,6,3,0.0,0.0,518.0,18276.766666666666,True,moderate,1,99,64,0,5,0.6464646464646465,False,5,35,35,36,2,15,0.29411764705882354,False,30,5,1.0285714285714285,11,3,17,True,15,50,1.1333333333333333,25,0,0,1.0,False,0,0,0,0,2025-12-22 17:42:39.669244,True,1,True
663,False,True,False,False,False,False,False,False,False,False,False,False,True,True,False,False,False,False,False,False,False,False,True,False,False,4,8,40,13,9,1,0,6,0,130,1,1,2.230769230769231,0,21,0.16153846153846155,0,0,0,0,32,23,0,12,0,11,4,0.0,0.0,120.0,524.7272727272726,True,moderate,1,71,61,3,12,0.8591549295774648,False,7,29,13,14,2,9,0.391304347826087,False,11,2,1.0769230769230769,5,1,8,True,5,37,1.6,13,0,0,1.0,False,0,0,0,0,2025-12-22 17:42:40.133472,True,1,True
664,False,True,False,False,False,False,False,False,False,False,False,False,False,True,False,False,False,True,False,False,False,False,True,False,False,9,22,146,27,18,6,0,1,0,222,5,1,1.0,0,15,0.06756756756756757,0,5,1,0,54,123,0,31,0,10,4,0.0,0.0,346.0,4847.46,True,complex,2,80,53,0,4,0.6625,False,6,27,27,27,2,18,0.4,False,22,5,1.0,6,6,16,True,12,55,1.3333333333333333,25,0,0,1.0,False,0,0,0,0,2025-12-22 17:42:40.652181,True,1,True
665,False,True,False,False,False,False,False,False,False,False,False,False,False,True,False,False,False,False,False,False,False,False,True,False,False,12,28,219,5,2,1,1,1,0,285,3,1,1.0,0,42,0.14736842105263157,0,0,0,0,75,184,0,40,0,8,3,0.0,0.0,479.0,12202.525,True,simple,0,14,9,0,3,0.6428571428571429,False,0,5,5,5,1,2,0.2857142857142857,False,5,0,1.0,3,1,3,False,2,8,1.5,4,0,0,1.0,False,0,0,0,0,2025-12-22 17:42:41.114127,True,1,True
666,True,True,False,False,True,True,True,True,False,False,False,False,True,True,True,False,False,False,False,False,False,False,True,False,False,15,31,172,8,1,0,0,1,0,389,3,1,1.0,0,17,0.043701799485861184,0,0,0,0,74,148,0,46,2,19,6,0.0,0.0,477.0,4458.694736842104,True,simple,0,9,5,0,2,0.5555555555555556,False,0,4,8,5,1,1,0.16666666666666666,False,8,0,0.625,6,0,1,False,1,13,1.0,8,0,0,1.0,False,0,0,0,0,2025-12-22 17:42:42.385568,True,1,True
667,False,True,False,False,False,False,False,False,False,False,False,False,False,True,False,False,False,True,False,False,False,False,True,False,False,20,41,387,5,2,1,1,1,0,409,5,1,1.0,0,30,0.07334963325183375,0,0,0,0,109,341,0,61,1,12,4,0.0,0.0,792.0,22948.2,True,simple,0,15,10,0,4,0.6666666666666666,False,0,5,5,6,1,2,0.25,False,5,0,1.2,4,1,3,True,2,7,1.5,4,0,0,1.0,False,0,0,0,0,2025-12-22 17:42:43.057279,True,1,True
669,False,True,False,False,False,False,False,False,False,False,False,False,False,True,False,False,False,False,False,False,False,False,True,False,False,12,28,205,39,22,11,4,5,0,222,1,1,1.1538461538461537,0,6,0.02702702702702703,5,0,0,0,66,179,0,40,0,6,3,0.0,0.0,465.0,14825.75,True,complex,2,145,109,0,11,0.7517241379310344,False,1,45,39,56,2,22,0.28205128205128205,False,37,2,1.435897435897436,9,11,25,True,22,69,1.1363636363636365,32,0,1,1.0,False,0,1,0,0,2025-12-22 17:42:43.824112,True,1,True
672,False,True,False,False,False,False,False,False,False,False,False,False,False,True,False,False,False,False,False,False,False,False,True,False,False,15,31,255,6,3,1,1,1,0,337,3,1,1.0,0,97,0.2878338278931751,0,0,0,0,82,220,0,46,0,8,3,0.0,0.0,560.0,16520.0,True,simple,0,18,12,0,4,0.6666666666666666,False,0,6,6,6,1,3,0.3333333333333333,False,6,0,1.0,3,1,4,True,3,11,1.3333333333333333,5,0,0,1.0,False,0,0,0,0,2025-12-22 17:42:45.048113,True,1,True
673,False,True,False,False,False,False,False,False,False,False,False,False,False,True,False,False,False,False,False,False,False,False,True,False,False,17,35,289,8,4,0,0,1,0,321,5,1,1.0,0,81,0.2523364485981308,0,0,0,0,85,258,0,52,0,9,3,0.0,0.0,634.0,18710.044444444444,True,simple,0,24,16,0,2,0.6666666666666666,False,0,8,8,9,1,4,0.3076923076923077,False,8,0,1.125,2,0,4,False,4,19,1.0,8,0,0,1.0,False,0,0,0,0,2025-12-22 17:42:45.593167,True,1,True
674,False,True,True,False,True,False,False,False,False,False,False,False,False,True,False,False,False,False,False,False,False,False,True,False,False,20,40,381,12,6,0,0,1,0,306,3,1,1.0,0,25,0.08169934640522876,0,0,0,0,103,345,0,60,1,11,5,0.0,0.0,781.0,24459.5,True,moderate,1,18,12,0,2,0.6666666666666666,False,0,6,12,6,1,6,0.5,False,12,0,0.5,7,0,6,False,6,28,1.0,11,0,0,1.0,False,0,0,0,0,2025-12-22 17:42:46.157726,True,1,True
675,False,True,False,False,False,False,False,False,False,False,False,False,False,True,False,False,False,False,False,False,False,False,True,False,False,10,24,178,3,1,1,1,1,0,306,4,1,1.0,0,98,0.3202614379084967,0,0,0,0,69,144,0,34,0,8,3,0.0,0.0,398.0,8447.55,True,simple,0,7,4,0,2,0.5714285714285714,False,0,3,3,2,1,1,0.3333333333333333,False,3,0,0.6666666666666666,2,1,1,False,1,4,1.0,2,0,0,1.0,False,0,0,0,0,2025-12-22 17:42:46.716144,True,1,True
676,False,True,False,False,False,False,False,False,False,False,False,False,False,True,True,False,False,False,False,False,False,False,True,False,False,17,38,271,14,7,0,0,1,0,372,7,1,1.0,0,66,0.1774193548387097,0,0,0,0,112,217,0,55,0,13,3,0.0,0.0,631.0,12809.3,True,moderate,1,23,15,0,2,0.6521739130434783,False,0,8,14,11,1,7,0.3888888888888889,False,14,0,0.7857142857142857,8,0,7,False,7,29,1.0,13,0,0,1.0,False,0,0,0,0,2025-12-22 17:42:47.306556,True,1,True
677,False,True,False,False,False,False,False,False,False,False,False,False,False,True,False,False,False,True,False,False,False,False,True,True,False,12,26,193,29,22,3,0,1,0,406,6,1,1.0,0,167,0.41133004926108374,0,8,1,0,68,163,0,38,0,10,4,0.0,0.0,443.0,8067.03,True,complex,2,89,60,0,4,0.6741573033707865,False,8,29,29,33,2,22,0.4,False,24,5,1.1379310344827587,5,3,20,True,16,61,1.25,28,0,0,1.0,False,0,0,0,0,2025-12-22 17:42:47.895192,True,1,True
679,False,True,False,False,False,False,False,False,False,False,False,False,True,True,False,False,False,False,False,False,False,False,True,False,False,13,29,181,42,22,6,1,1,0,215,1,1,1.0,0,3,0.013953488372093023,2,0,0,0,64,159,0,42,0,13,4,0.0,0.0,456.0,6148.984615384615,True,complex,2,136,94,0,10,0.6911764705882353,False,8,42,42,48,1,22,0.3142857142857143,False,42,0,1.1428571428571428,11,6,25,True,20,68,1.25,33,0,0,1.0,False,0,0,0,0,2025-12-22 17:42:48.705406,True,1,True
680,False,True,False,False,False,False,False,False,False,False,False,False,False,True,False,False,False,False,False,False,False,False,True,False,False,15,31,255,6,3,1,1,1,0,337,3,1,1.0,0,97,0.2878338278931751,0,0,0,0,82,220,0,46,0,8,3,0.0,0.0,560.0,16520.0,True,simple,0,18,12,0,4,0.6666666666666666,False,0,6,6,6,1,3,0.3333333333333333,False,6,0,1.0,3,1,4,True,3,11,1.3333333333333333,5,0,0,1.0,False,0,0,0,0,2025-12-22 17:42:49.292495,True,1,True
681,False,True,False,False,False,False,False,False,False,False,True,False,False,True,False,False,False,False,False,False,False,False,True,False,False,3,8,39,12,8,2,1,6,0,65,1,1,1.5833333333333333,0,3,0.046153846153846156,0,0,0,0,24,27,0,11,0,8,4,0.0,0.0,109.0,584.5125,True,moderate,1,46,36,1,8,0.782608695652174,False,2,19,12,13,2,8,0.38095238095238093,False,12,0,1.0833333333333333,4,2,9,True,7,24,1.2857142857142858,12,0,0,1.0,False,0,0,0,0,2025-12-22 17:42:49.639665,True,1,True
682,False,True,False,False,False,False,False,False,False,False,False,False,False,True,False,False,False,False,False,False,False,False,True,False,False,16,32,262,14,8,0,0,1,0,317,5,1,1.0,0,75,0.23659305993690852,0,0,0,0,82,230,0,48,0,10,3,0.0,0.0,582.0,14142.599999999999,True,moderate,1,24,16,0,2,0.6666666666666666,False,0,8,14,8,1,8,0.5,False,14,0,0.5714285714285714,7,0,8,False,8,34,1.0,13,0,0,1.0,False,0,0,0,0,2025-12-22 17:42:50.179330,True,1,True
684,False,True,False,False,False,False,False,False,False,False,False,False,False,True,False,False,False,False,False,False,False,False,True,False,False,15,31,244,35,16,3,3,1,0,252,2,1,1.0,0,3,0.011904761904761904,0,0,0,0,71,219,0,46,0,6,3,0.0,0.0,549.0,20523.45,True,complex,2,100,65,0,5,0.65,False,5,35,35,36,2,16,0.3076923076923077,False,30,5,1.0285714285714285,11,3,18,True,16,52,1.125,25,0,0,1.0,False,0,0,0,0,2025-12-22 17:42:50.971725,True,1,True
685,False,True,False,False,False,False,False,False,False,False,False,False,False,True,False,False,False,False,False,False,False,False,True,False,False,5,17,117,26,12,6,0,3,0,211,2,1,1.0769230769230769,0,73,0.3459715639810427,0,0,0,0,55,86,0,22,0,8,3,0.0,0.0,252.0,3628.8,True,complex,2,92,66,0,8,0.717391304347826,False,6,28,26,28,2,12,0.3,False,24,2,1.0769230769230769,6,6,18,True,12,55,1.5,25,0,0,1.0,False,0,0,0,0,2025-12-22 17:42:51.383707,True,1,True
686,False,True,False,False,False,False,False,False,False,False,False,False,False,True,False,False,False,True,False,False,False,False,True,False,False,10,24,171,29,21,3,0,1,0,511,5,1,1.0,0,292,0.5714285714285714,0,8,1,0,57,148,0,34,0,9,4,0.0,0.0,391.0,6977.177777777777,True,complex,2,89,60,0,5,0.6741573033707865,False,8,29,29,32,2,21,0.39622641509433965,False,24,5,1.103448275862069,6,3,19,True,16,60,1.1875,28,0,0,1.0,False,0,0,0,0,2025-12-22 17:42:51.937225,True,1,True
688,False,True,False,False,False,False,False,False,False,False,False,False,False,True,False,False,False,False,False,False,False,False,True,False,False,5,17,117,26,12,6,0,3,0,211,2,1,1.0769230769230769,0,73,0.3459715639810427,0,0,0,0,55,86,0,22,0,8,3,0.0,0.0,252.0,3628.8,True,complex,2,92,66,0,8,0.717391304347826,False,6,28,26,28,2,12,0.3,False,24,2,1.0769230769230769,6,6,18,True,12,55,1.5,25,0,0,1.0,False,0,0,0,0,2025-12-22 17:42:52.702439,True,1,True
689,False,True,False,False,False,False,False,False,False,False,False,False,False,True,True,False,False,False,False,False,False,False,True,False,False,13,29,215,3,2,0,0,1,0,316,7,1,1.0,0,49,0.1550632911392405,0,0,0,0,70,189,0,42,0,9,3,0.0,0.0,490.0,11014.111111111111,True,simple,0,8,5,0,2,0.625,False,0,3,3,3,1,2,0.4,False,2,1,1.0,3,0,2,False,2,6,1.0,3,0,0,1.0,False,0,0,0,0,2025-12-22 17:42:53.234867,True,1,True
690,False,True,False,False,False,False,False,False,False,False,False,False,False,True,False,False,False,True,False,False,False,False,True,False,False,13,29,220,11,4,3,0,1,0,266,4,1,1.0,0,3,0.011278195488721804,0,0,1,0,74,190,0,42,1,11,4,0.0,0.0,495.0,9315.0,True,moderate,1,28,17,0,3,0.6071428571428571,False,3,11,11,9,1,4,0.3076923076923077,False,11,0,0.8181818181818182,6,3,5,True,4,16,1.25,8,0,0,1.0,False,0,0,0,0,2025-12-22 17:42:53.783263,True,1,True
692,False,True,False,False,False,False,False,False,False,False,False,False,False,True,False,False,False,True,False,False,False,False,True,False,False,6,18,123,12,6,1,0,1,0,159,2,1,1.0,0,38,0.2389937106918239,0,0,0,0,53,94,0,24,0,7,4,0.0,0.0,273.0,4633.2,True,moderate,1,20,13,0,2,0.65,False,0,7,12,9,1,6,0.4,False,12,0,0.75,7,1,6,False,6,27,1.0,12,0,0,1.0,False,0,0,0,0,2025-12-22 17:42:54.502253,True,1,True
693,True,True,True,False,False,True,True,False,False,False,False,False,False,True,False,False,False,False,False,False,False,False,True,False,False,11,26,165,7,4,2,1,1,0,202,4,1,1.0,0,3,0.01485148514851485,0,0,0,0,66,137,0,37,0,13,5,0.0,0.0,405.0,5043.8076923076915,True,simple,0,19,12,0,2,0.631578947368421,False,0,7,7,8,1,4,0.3333333333333333,False,7,0,1.1428571428571428,4,2,5,False,4,12,1.25,6,0,0,1.0,False,0,0,0,0,2025-12-22 17:42:55.000504,True,1,True
694,False,True,False,False,False,False,False,False,False,False,False,False,False,True,False,False,False,True,False,False,False,False,True,False,False,13,29,220,11,4,3,0,1,0,266,4,1,1.0,0,3,0.011278195488721804,0,0,1,0,74,190,0,42,1,11,4,0.0,0.0,495.0,9315.0,True,moderate,1,28,17,0,3,0.6071428571428571,False,3,11,11,9,1,4,0.3076923076923077,False,11,0,0.8181818181818182,6,3,5,True,4,16,1.25,8,0,0,1.0,False,0,0,0,0,2025-12-22 17:42:55.503440,True,1,True
695,False,True,True,False,True,False,False,False,False,False,False,False,False,True,False,False,False,False,False,False,False,False,True,False,False,9,21,171,32,19,3,1,17,0,252,1,1,1.65625,1,39,0.15476190476190477,5,0,0,0,80,121,0,30,2,12,5,0.0,0.0,366.0,5023.35,True,critical,3,152,130,2,13,0.8552631578947368,True,1,53,32,37,1,19,0.3392857142857143,False,32,0,1.15625,7,3,22,True,19,78,1.1578947368421053,29,1,0,0.0,False,0,0,1,0,2025-12-22 17:42:56.076197,True,1,True
696,False,True,False,False,False,False,False,False,False,False,False,False,False,True,False,False,False,False,False,False,False,False,True,False,False,4,11,57,16,8,6,0,1,0,86,1,1,1.0,0,3,0.03488372093023256,0,0,0,0,30,45,0,15,0,9,3,0.0,0.0,152.0,1038.6666666666667,True,moderate,1,55,39,0,7,0.7090909090909091,False,3,16,16,15,1,8,0.34782608695652173,False,15,1,0.9375,5,6,11,True,8,32,1.375,14,0,0,1.0,False,0,0,0,0,2025-12-22 17:42:56.442842,True,1,True
697,False,True,True,False,False,False,False,False,False,False,True,False,False,True,False,False,False,False,False,False,False,False,True,False,False,23,54,386,69,107,21,2,29,0,829,2,1,2.9565217391304346,5,143,0.17249698431845598,1,27,0,0,104,359,0,77,0,14,5,0.0,0.0,886.0,22485.414285714287,True,critical,3,493,485,34,31,0.9837728194726166,True,6,204,69,78,2,107,0.5783783783783784,False,58,11,1.1304347826086956,18,21,40,True,34,122,1.1764705882352942,59,0,0,1.0,False,0,0,0,0,2025-12-22 17:42:58.220079,True,1,True
698,False,True,False,False,False,False,False,False,False,False,False,False,False,True,False,False,False,False,False,False,False,False,True,False,False,15,31,239,14,8,0,0,1,0,275,5,1,1.0,0,49,0.1781818181818182,0,0,0,0,75,212,0,46,0,10,3,0.0,0.0,544.0,12152.96,True,moderate,1,24,16,0,2,0.6666666666666666,False,0,8,14,9,1,8,0.47058823529411764,False,14,0,0.6428571428571429,8,0,8,False,8,33,1.0,13,0,0,1.0,False,0,0,0,0,2025-12-22 17:42:58.751956,True,1,True
699,False,True,True,False,False,False,False,False,False,False,False,False,False,True,False,False,False,False,False,False,False,False,True,False,False,14,30,255,5,1,1,1,1,0,274,5,1,1.0,0,7,0.025547445255474453,0,0,0,0,92,212,0,44,2,14,4,0.0,0.0,545.0,9358.428571428572,True,simple,0,12,7,0,2,0.5833333333333334,False,0,5,5,5,1,1,0.16666666666666666,False,5,0,1.0,4,1,2,False,1,5,2.0,4,0,0,1.0,False,0,0,0,0,2025-12-22 17:42:59.350396,True,1,True
700,False,True,True,False,False,False,False,False,False,False,False,False,False,True,False,False,False,False,False,False,False,False,True,False,False,6,18,120,25,12,12,1,9,0,158,2,1,1.32,0,15,0.0949367088607595,0,0,1,0,45,102,0,24,0,9,4,0.0,0.0,270.0,3492.0,True,complex,2,100,79,0,15,0.79,False,4,33,25,28,1,12,0.3,False,23,2,1.12,6,12,14,True,12,43,1.1666666666666667,22,0,0,1.0,False,0,0,0,0,2025-12-22 17:42:59.779418,True,1,True
701,False,True,False,False,False,False,False,False,False,False,False,False,False,True,False,False,False,False,False,True,False,False,True,False,False,15,32,252,6,3,1,1,1,0,376,6,1,1.0,0,72,0.19148936170212766,0,0,0,0,94,206,0,47,0,9,4,0.0,0.0,562.0,14874.266666666666,True,moderate,1,17,11,0,3,0.6470588235294118,False,0,6,6,5,1,3,0.375,False,5,1,0.8333333333333334,3,1,4,False,3,11,1.3333333333333333,5,0,0,1.0,False,0,0,0,0,2025-12-22 17:43:00.364757,True,1,True
702,False,True,False,False,False,True,True,False,False,False,False,False,False,True,True,False,False,True,False,False,False,False,True,False,False,20,40,389,44,26,12,0,5,0,617,13,1,1.2954545454545454,0,3,0.004862236628849271,0,6,1,0,101,350,0,60,1,13,5,0.0,0.0,789.0,20999.53846153846,True,complex,2,163,125,1,9,0.7668711656441718,False,12,57,44,53,2,26,0.3291139240506329,False,35,9,1.2045454545454546,17,12,22,True,14,104,1.5714285714285714,36,0,0,1.0,False,0,0,0,0,2025-12-22 17:43:01.272480,True,1,True
703,False,True,False,False,False,False,False,False,False,False,False,False,False,True,True,False,False,False,False,False,False,False,True,False,False,14,30,230,3,1,0,0,1,0,331,7,1,1.0,0,55,0.1661631419939577,0,0,0,0,73,203,0,44,0,9,3,0.0,0.0,520.0,12428.0,True,simple,0,7,4,0,2,0.5714285714285714,False,0,3,3,2,1,1,0.3333333333333333,False,2,1,0.6666666666666666,2,0,1,False,1,5,1.0,3,0,0,1.0,False,0,0,0,0,2025-12-22 17:43:01.829523,True,1,True
704,False,True,False,False,False,False,False,False,False,False,False,False,False,True,False,False,False,False,False,False,False,False,True,False,False,4,11,57,16,8,6,0,1,0,86,1,1,1.0,0,3,0.03488372093023256,0,0,0,0,30,45,0,15,0,9,3,0.0,0.0,152.0,1038.6666666666667,True,moderate,1,55,39,0,7,0.7090909090909091,False,3,16,16,15,1,8,0.34782608695652173,False,15,1,0.9375,5,6,11,True,8,32,1.375,14,0,0,1.0,False,0,0,0,0,2025-12-22 17:43:02.194665,True,1,True
706,False,True,False,False,False,False,False,False,False,False,False,False,False,True,False,False,False,False,False,False,False,False,True,False,False,8,21,145,32,15,8,0,5,0,194,1,1,1.25,0,8,0.041237113402061855,1,0,0,0,60,115,0,29,0,8,3,0.0,0.0,330.0,5795.625,True,moderate,1,115,87,0,10,0.7565217391304347,False,5,40,32,32,1,15,0.3191489361702128,False,31,1,1.0,8,8,22,True,15,63,1.4666666666666666,30,0,0,1.0,False,0,0,0,0,2025-12-22 17:43:02.932177,True,1,True
707,False,True,False,False,False,False,False,False,False,False,False,False,False,True,False,False,False,False,False,False,False,False,True,False,False,8,21,144,10,4,0,0,1,0,208,4,1,1.0,0,63,0.30288461538461536,0,0,0,0,62,115,0,29,0,8,3,0.0,0.0,329.0,5860.3125,True,simple,0,14,9,0,2,0.6428571428571429,False,0,5,10,7,1,4,0.36363636363636365,False,10,0,0.7,7,0,4,False,4,21,1.0,10,0,0,1.0,False,0,0,0,0,2025-12-22 17:43:03.415592,True,1,True
708,False,True,False,False,False,False,False,False,False,False,False,False,False,False,False,False,False,False,False,False,False,False,True,False,False,23,0,33,38,28,6,0,1,0,167,3,1,1.0,0,8,0.04790419161676647,24,5,1,0,29,27,0,23,0,6,2,0.0,0.0,263.0,2099.616666666667,True,complex,2,93,55,0,5,0.5913978494623656,False,11,38,38,9,2,28,0.7567567567567568,False,36,2,0.23684210526315788,32,6,5,True,27,20,0.18518518518518517,9,0,0,1.0,False,0,0,0,0,2025-12-22 17:43:03.811605,True,1,True
709,False,True,False,False,False,False,False,False,False,False,False,False,False,False,False,False,False,False,False,False,False,False,True,False,False,20,0,34,30,20,8,0,5,0,153,1,1,1.2666666666666666,0,8,0.05228758169934641,21,0,0,0,34,21,0,20,0,5,2,0.0,0.0,234.0,2279.16,True,complex,2,96,70,0,10,0.7291666666666666,False,4,38,30,7,1,20,0.7407407407407407,False,29,1,0.23333333333333334,25,8,7,True,20,15,0.35,8,0,0,1.0,False,0,0,0,0,2025-12-22 17:43:04.204775,True,1,True
710,False,True,False,False,False,False,False,False,False,False,False,False,False,False,False,False,False,False,False,False,False,False,True,False,False,17,0,33,26,18,6,0,3,0,186,2,1,1.0769230769230769,0,76,0.40860215053763443,17,0,0,0,35,17,0,17,0,5,2,0.0,0.0,203.0,1904.1399999999999,True,complex,2,81,55,0,8,0.6790123456790124,False,6,28,26,8,2,18,0.6923076923076923,False,24,2,0.3076923076923077,22,6,7,True,18,19,0.3888888888888889,8,0,0,1.0,False,0,0,0,0,2025-12-22 17:43:04.627026,True,1,True
711,False,True,False,False,False,False,False,False,False,False,False,False,False,False,False,False,False,False,False,False,False,False,True,False,False,32,0,61,13,7,0,0,1,0,277,4,1,1.0,0,58,0.20938628158844766,7,0,0,0,62,35,0,32,0,6,2,0.0,0.0,381.0,5492.749999999998,True,moderate,1,14,7,0,1,0.5,False,0,7,13,0,0,7,1.0,False,13,0,0.0,13,0,0,False,7,10,0.0,5,0,0,1.0,False,0,0,0,0,2025-12-22 17:43:05.092984,True,1,True
712,False,True,False,False,False,False,False,False,False,False,False,False,False,False,False,False,False,False,False,False,False,False,True,False,False,30,0,34,35,21,3,3,1,0,191,2,1,1.0,0,3,0.015706806282722512,21,0,0,0,34,30,0,30,0,3,2,0.0,0.0,334.0,6123.333333333333,True,complex,2,84,49,0,5,0.5833333333333334,False,5,35,35,10,2,21,0.6774193548387096,False,30,5,0.2857142857142857,31,3,2,True,21,4,0.09523809523809523,4,0,0,1.0,False,0,0,0,0,2025-12-22 17:43:05.490144,True,1,True
713,False,True,False,False,False,False,False,False,False,False,False,False,True,False,False,False,False,False,False,False,False,False,True,False,False,9,1,21,13,11,1,0,6,0,118,1,1,2.230769230769231,0,21,0.17796610169491525,7,0,0,0,25,9,0,10,0,8,3,0.0,0.0,116.0,453.85,True,moderate,1,66,56,3,12,0.8484848484848485,False,7,29,13,7,2,11,0.6111111111111112,False,11,2,0.5384615384615384,11,1,3,True,7,20,0.42857142857142855,6,0,0,1.0,False,0,0,0,0,2025-12-22 17:43:05.973859,True,1,True
714,False,True,False,False,False,False,False,False,False,False,False,False,False,False,False,False,False,True,False,False,False,False,True,False,False,23,0,31,27,22,6,0,1,0,184,5,1,1.0,0,15,0.08152173913043478,15,5,1,0,28,26,0,23,0,7,3,0.0,0.0,261.0,1722.6,True,complex,2,69,42,0,4,0.6086956521739131,False,6,27,27,9,2,22,0.7096774193548387,False,22,5,0.3333333333333333,20,6,5,True,16,21,0.3125,10,0,0,1.0,False,0,0,0,0,2025-12-22 17:43:06.399254,True,1,True
715,False,True,False,False,False,False,False,False,False,False,False,False,False,False,False,False,False,False,False,False,False,False,True,False,False,28,0,48,5,3,1,1,1,0,236,3,1,1.0,0,42,0.17796610169491525,3,0,0,0,42,34,0,28,0,6,2,0.0,0.0,328.0,3597.066666666667,True,simple,0,12,7,0,3,0.5833333333333334,False,0,5,5,2,1,3,0.6,False,5,0,0.4,6,1,1,False,3,1,0.3333333333333333,1,0,0,1.0,False,0,0,0,0,2025-12-22 17:43:06.854301,True,1,True
716,True,True,False,False,True,True,True,True,False,False,False,False,True,False,True,False,False,False,False,False,False,False,True,False,False,30,4,47,8,4,0,0,1,0,341,3,1,1.0,0,17,0.04985337243401759,4,0,0,0,42,43,0,34,2,17,6,0.0,0.0,367.0,1556.5117647058823,True,moderate,1,8,4,0,1,0.5,False,0,4,8,0,0,4,1.0,False,8,0,0.0,8,0,0,False,4,8,0.0,4,0,0,1.0,False,0,0,0,0,2025-12-22 17:43:08.037307,True,1,True
717,False,True,False,False,False,False,False,False,False,False,False,False,False,False,False,False,False,True,False,False,False,False,True,False,False,32,1,51,5,3,1,1,1,0,323,5,1,1.0,0,30,0.09287925696594428,3,0,0,0,51,35,0,33,1,9,3,0.0,0.0,376.0,3154.222222222222,True,simple,0,13,8,0,4,0.6153846153846154,False,0,5,5,2,1,3,0.6,False,5,0,0.4,6,1,1,True,3,1,0.3333333333333333,1,0,0,1.0,False,0,0,0,0,2025-12-22 17:43:08.627421,True,1,True
719,False,True,False,False,False,False,False,False,False,False,False,False,False,False,False,False,False,False,False,False,False,False,True,False,False,28,0,34,39,29,11,4,5,0,173,1,1,1.1538461538461537,0,6,0.03468208092485549,33,0,0,0,33,29,0,28,0,4,2,0.0,0.0,314.0,4184.05,True,complex,2,124,88,0,11,0.7096774193548387,False,1,45,39,23,2,29,0.5576923076923077,False,37,2,0.5897435897435898,37,11,4,True,29,4,0.13793103448275862,4,0,1,1.0,False,0,1,0,0,2025-12-22 17:43:09.330858,True,1,True
722,False,True,False,False,False,False,False,False,False,False,False,False,False,False,False,False,False,False,False,False,False,False,True,False,False,31,0,44,6,4,1,1,1,0,282,3,1,1.0,0,97,0.34397163120567376,4,0,0,0,44,32,0,31,0,5,2,0.0,0.0,354.0,4701.12,True,moderate,1,15,9,0,4,0.6,False,0,6,6,2,1,4,0.6666666666666666,False,6,0,0.3333333333333333,7,1,1,True,4,1,0.25,1,0,0,1.0,False,0,0,0,0,2025-12-22 17:43:10.434837,True,1,True
723,False,True,False,False,False,False,False,False,False,False,False,False,False,False,False,False,False,False,False,False,False,False,True,False,False,32,0,39,8,4,0,0,1,0,253,5,1,1.0,0,81,0.3201581027667984,4,0,0,0,39,34,0,32,0,7,2,0.0,0.0,359.0,3220.7428571428563,True,moderate,1,20,12,0,2,0.6,False,0,8,8,4,1,4,0.5,False,8,0,0.5,5,0,0,False,4,8,0.0,4,0,0,1.0,False,0,0,0,0,2025-12-22 17:43:10.861848,True,1,True
724,False,True,True,False,True,False,False,False,False,False,False,False,False,False,False,False,False,False,False,False,False,False,True,False,False,32,0,45,12,6,0,0,1,0,220,3,1,1.0,0,25,0.11363636363636363,6,0,0,0,45,39,0,32,1,9,4,0.0,0.0,365.0,2932.1666666666665,True,moderate,1,12,6,0,1,0.5,False,0,6,12,0,0,6,1.0,False,12,0,0.0,12,0,0,False,6,10,0.0,5,0,0,1.0,False,0,0,0,0,2025-12-22 17:43:11.347966,True,1,True
725,False,True,False,False,False,False,False,False,False,False,False,False,False,False,False,False,False,False,False,False,False,False,True,False,False,24,0,42,3,2,1,1,1,0,264,4,1,1.0,0,98,0.3712121212121212,2,0,0,0,41,26,0,24,0,5,2,0.0,0.0,282.0,3338.8799999999997,True,simple,0,6,3,0,1,0.5,False,0,3,3,0,0,2,1.0,False,3,0,0.0,3,1,0,False,2,0,0.0,0,0,0,1.0,False,0,0,0,0,2025-12-22 17:43:11.801211,True,1,True
726,False,True,False,False,False,False,False,False,False,False,False,False,False,False,True,False,False,False,False,False,False,False,True,False,False,32,1,65,14,8,0,0,1,0,298,7,1,1.0,0,66,0.2214765100671141,8,0,0,0,62,39,0,33,0,10,3,0.0,0.0,390.0,3482.7,True,moderate,1,16,8,0,1,0.5,False,0,8,14,0,0,8,1.0,False,14,0,0.0,14,0,0,False,8,10,0.0,5,0,0,1.0,False,0,0,0,0,2025-12-22 17:43:12.302576,True,1,True
727,False,True,False,False,False,False,False,False,False,False,False,False,False,False,False,False,False,True,False,False,False,False,True,True,False,26,0,41,29,26,3,0,1,0,360,6,1,1.0,0,167,0.4638888888888889,16,8,1,0,37,30,0,26,0,7,3,0.0,0.0,301.0,2494.0,True,complex,2,77,48,0,4,0.6233766233766234,False,8,29,29,12,2,26,0.6842105263157895,False,24,5,0.41379310344827586,20,3,8,True,20,26,0.4,12,0,0,1.0,False,0,0,0,0,2025-12-22 17:43:12.790823,True,1,True
729,False,True,False,False,False,False,False,False,False,False,False,False,True,False,False,False,False,False,False,False,False,False,True,False,False,27,4,37,42,28,6,1,1,0,171,1,1,1.0,0,3,0.017543859649122806,27,0,0,0,34,34,0,31,0,10,3,0.0,0.0,327.0,1890.06,True,complex,2,117,75,0,10,0.6410256410256411,False,8,42,42,18,1,28,0.6086956521739131,False,42,0,0.42857142857142855,36,6,6,True,26,10,0.23076923076923078,8,0,0,1.0,False,0,0,0,0,2025-12-22 17:43:13.599811,True,1,True
730,False,True,False,False,False,False,False,False,False,False,False,False,False,False,False,False,False,False,False,False,False,False,True,False,False,31,0,44,6,4,1,1,1,0,282,3,1,1.0,0,97,0.34397163120567376,4,0,0,0,44,32,0,31,0,5,2,0.0,0.0,354.0,4701.12,True,moderate,1,15,9,0,4,0.6,False,0,6,6,2,1,4,0.6666666666666666,False,6,0,0.3333333333333333,7,1,1,True,4,1,0.25,1,0,0,1.0,False,0,0,0,0,2025-12-22 17:43:14.063487,True,1,True
731,False,True,False,False,False,False,False,False,False,False,True,False,False,False,False,False,False,False,False,False,False,False,True,False,False,9,0,14,12,10,2,1,6,0,51,1,1,1.5833333333333333,0,3,0.058823529411764705,8,0,0,0,16,8,0,9,0,5,3,0.0,0.0,104.0,449.28000000000003,True,moderate,1,40,30,1,8,0.75,False,2,19,12,5,2,10,0.6666666666666666,False,12,0,0.4166666666666667,11,2,3,True,9,4,0.3333333333333333,4,0,0,1.0,False,0,0,0,0,2025-12-22 17:43:14.410766,True,1,True
732,False,True,False,False,False,False,False,False,False,False,False,False,False,False,False,False,False,False,False,False,False,False,True,False,False,32,0,44,14,8,0,0,1,0,260,5,1,1.0,0,75,0.28846153846153844,8,0,0,0,42,36,0,32,0,8,2,0.0,0.0,364.0,3057.6,True,moderate,1,16,8,0,1,0.5,False,0,8,14,0,0,8,1.0,False,14,0,0.0,14,0,0,False,8,10,0.0,5,0,0,1.0,False,0,0,0,0,2025-12-22 17:43:14.875707,True,1,True
734,False,True,False,False,False,False,False,False,False,False,False,False,False,False,False,False,False,False,False,False,False,False,True,False,False,31,0,33,35,21,3,3,1,0,197,2,1,1.0,0,3,0.015228426395939087,21,0,0,0,33,31,0,31,0,3,2,0.0,0.0,343.0,6254.033333333334,True,complex,2,84,49,0,5,0.5833333333333334,False,5,35,35,10,2,21,0.6774193548387096,False,30,5,0.2857142857142857,31,3,2,True,21,4,0.09523809523809523,4,0,0,1.0,False,0,0,0,0,2025-12-22 17:43:15.609729,True,1,True
735,False,True,False,False,False,False,False,False,False,False,False,False,False,False,False,False,False,False,False,False,False,False,True,False,False,17,0,33,26,18,6,0,3,0,183,2,1,1.0769230769230769,0,73,0.3989071038251366,17,0,0,0,35,17,0,17,0,5,2,0.0,0.0,203.0,1904.1399999999999,True,complex,2,81,55,0,8,0.6790123456790124,False,6,28,26,8,2,18,0.6923076923076923,False,24,2,0.3076923076923077,22,6,7,True,18,19,0.3888888888888889,8,0,0,1.0,False,0,0,0,0,2025-12-22 17:43:15.981851,True,1,True
736,False,True,False,False,False,False,False,False,False,False,False,False,False,False,False,False,False,True,False,False,False,False,True,False,False,24,0,35,29,26,3,0,1,0,469,5,1,1.0,0,292,0.6226012793176973,16,8,1,0,29,30,0,24,0,6,3,0.0,0.0,275.0,2291.6666666666665,True,complex,2,78,49,0,5,0.6282051282051282,False,8,29,29,12,2,26,0.6842105263157895,False,24,5,0.41379310344827586,20,3,8,True,21,26,0.38095238095238093,12,0,0,1.0,False,0,0,0,0,2025-12-22 17:43:16.466025,True,1,True
738,False,True,False,False,False,False,False,False,False,False,False,False,False,False,False,False,False,False,False,False,False,False,True,False,False,17,0,33,26,18,6,0,3,0,183,2,1,1.0769230769230769,0,73,0.3989071038251366,17,0,0,0,35,17,0,17,0,5,2,0.0,0.0,203.0,1904.1399999999999,True,complex,2,81,55,0,8,0.6790123456790124,False,6,28,26,8,2,18,0.6923076923076923,False,24,2,0.3076923076923077,22,6,7,True,18,19,0.3888888888888889,8,0,0,1.0,False,0,0,0,0,2025-12-22 17:43:17.163756,True,1,True
739,False,True,False,False,False,False,False,False,False,False,False,False,False,False,True,False,False,False,False,False,False,False,True,False,False,29,0,34,3,2,0,0,1,0,265,7,1,1.0,0,49,0.18490566037735848,2,0,0,0,35,30,0,29,0,6,3,0.0,0.0,324.0,3024.0,True,simple,0,6,3,0,1,0.5,False,0,3,3,0,0,2,1.0,False,2,1,0.0,3,0,0,False,2,1,0.0,1,0,0,1.0,False,0,0,0,0,2025-12-22 17:43:17.677868,True,1,True
740,False,True,False,False,False,False,False,False,False,False,False,False,False,False,False,False,False,True,False,False,False,False,True,False,False,29,0,39,11,7,3,0,1,0,215,4,1,1.0,0,3,0.013953488372093023,7,0,1,0,39,31,0,29,1,8,3,0.0,0.0,329.0,2496.2875,True,moderate,1,24,13,0,3,0.5416666666666666,False,3,11,11,0,0,7,1.0,False,11,0,0.0,11,3,1,True,7,3,0.14285714285714285,1,0,0,1.0,False,0,0,0,0,2025-12-22 17:43:18.132640,True,1,True
742,False,True,False,False,False,False,False,False,False,False,False,False,False,False,False,False,False,True,False,False,False,False,True,False,False,18,0,31,12,7,1,0,1,0,129,2,1,1.0,0,38,0.29457364341085274,7,0,0,0,31,18,0,18,0,4,3,0.0,0.0,211.0,2299.9,True,moderate,1,14,7,0,1,0.5,False,0,7,12,0,0,7,1.0,False,12,0,0.0,12,1,0,False,7,10,0.0,5,0,0,1.0,False,0,0,0,0,2025-12-22 17:43:18.816616,True,1,True
743,True,True,True,False,False,True,True,False,False,False,False,False,False,False,False,False,False,False,False,False,False,False,True,False,False,25,1,43,7,5,2,1,1,0,158,4,1,1.0,0,3,0.0189873417721519,5,0,0,0,36,34,0,26,0,11,4,0.0,0.0,298.0,1620.0363636363634,True,simple,0,15,8,0,2,0.5333333333333333,False,0,7,7,1,1,5,0.8333333333333334,False,7,0,0.14285714285714285,7,2,1,False,5,1,0.2,1,0,0,1.0,False,0,0,0,0,2025-12-22 17:43:19.301823,True,1,True
744,False,True,False,False,False,False,False,False,False,False,False,False,False,False,False,False,False,True,False,False,False,False,True,False,False,29,0,39,11,7,3,0,1,0,215,4,1,1.0,0,3,0.013953488372093023,7,0,1,0,39,31,0,29,1,8,3,0.0,0.0,329.0,2496.2875,True,moderate,1,24,13,0,3,0.5416666666666666,False,3,11,11,0,0,7,1.0,False,11,0,0.0,11,3,1,True,7,3,0.14285714285714285,1,0,0,1.0,False,0,0,0,0,2025-12-22 17:43:19.752128,True,1,True
745,False,True,True,False,True,False,False,False,False,False,False,False,False,False,False,False,False,False,False,False,False,False,True,False,False,22,0,61,32,25,3,1,17,0,216,1,1,1.65625,1,39,0.18055555555555555,26,0,0,0,55,28,0,22,2,10,4,0.0,0.0,281.0,2096.26,True,critical,3,137,115,2,13,0.8394160583941606,True,1,53,32,12,1,25,0.6756756756756757,False,32,0,0.375,28,3,7,True,25,31,0.28,8,1,0,0.0,False,0,0,1,0,2025-12-22 17:43:20.242408,True,1,True
746,False,True,False,False,False,False,False,False,False,False,False,False,False,False,False,False,False,False,False,False,False,False,True,False,False,11,0,15,16,11,6,0,1,0,67,1,1,1.0,0,3,0.04477611940298507,11,0,0,0,17,12,0,11,0,6,2,0.0,0.0,125.0,529.1666666666666,True,moderate,1,47,31,0,7,0.6595744680851063,False,3,16,16,2,1,11,0.8461538461538461,False,15,1,0.125,15,6,3,True,11,7,0.2727272727272727,3,0,0,1.0,False,0,0,0,0,2025-12-22 17:43:20.634643,True,1,True
747,False,True,True,False,False,False,False,False,False,False,True,False,False,False,False,False,False,False,False,False,False,False,True,False,False,35,14,50,61,109,21,2,29,0,743,2,1,3.2131147540983607,5,143,0.19246298788694483,33,27,0,0,46,53,0,49,0,12,4,0.0,0.0,470.0,3254.7499999999995,True,critical,3,447,447,34,31,1.0,True,6,196,61,28,2,109,0.7956204379562044,False,50,11,0.45901639344262296,49,21,10,True,36,32,0.2777777777777778,19,0,0,1.0,False,0,0,0,0,2025-12-22 17:43:22.376098,True,1,True
748,False,True,False,False,False,False,False,False,False,False,False,False,False,False,False,False,False,False,False,False,False,False,True,False,False,31,0,39,14,8,0,0,1,0,220,5,1,1.0,0,49,0.22272727272727272,8,0,0,0,37,35,0,31,0,8,2,0.0,0.0,349.0,2682.9375,True,moderate,1,16,8,0,1,0.5,False,0,8,14,0,0,8,1.0,False,14,0,0.0,14,0,0,False,8,10,0.0,5,0,0,1.0,False,0,0,0,0,2025-12-22 17:43:22.802017,True,1,True
749,False,True,True,False,False,False,False,False,False,False,False,False,False,False,False,False,False,False,False,False,False,False,True,False,False,30,0,61,5,3,1,1,1,0,221,5,1,1.0,0,7,0.03167420814479638,3,0,0,0,55,41,0,30,2,12,3,0.0,0.0,361.0,2517.9750000000004,True,simple,0,11,6,0,2,0.5454545454545454,False,0,5,5,1,1,3,0.75,False,5,0,0.2,5,1,1,False,3,1,0.3333333333333333,1,0,0,1.0,False,0,0,0,0,2025-12-22 17:43:23.355372,True,1,True
750,False,True,True,False,False,False,False,False,False,False,False,False,False,False,False,False,False,False,False,False,False,False,True,False,False,18,0,28,25,18,12,1,9,0,128,2,1,1.32,0,15,0.1171875,18,0,1,0,23,26,0,18,0,6,3,0.0,0.0,208.0,1428.2666666666667,True,complex,2,88,67,0,15,0.7613636363636364,False,4,33,25,6,1,18,0.75,False,23,2,0.24,23,12,2,True,18,5,0.1111111111111111,4,0,0,1.0,False,0,0,0,0,2025-12-22 17:43:23.772448,True,1,True
751,False,True,False,False,False,False,False,False,False,False,False,False,False,False,False,False,False,False,False,True,False,False,True,False,False,31,1,56,6,4,1,1,1,0,321,6,1,1.0,0,72,0.22429906542056074,4,0,0,0,56,33,0,32,0,7,3,0.0,0.0,371.0,4192.3,True,moderate,1,14,8,0,3,0.5714285714285714,False,0,6,6,1,1,4,0.8,False,5,1,0.16666666666666666,6,1,1,False,4,1,0.25,1,0,0,1.0,False,0,0,0,0,2025-12-22 17:43:24.269362,True,1,True
752,False,True,False,False,False,True,True,False,False,False,False,False,False,False,True,False,False,True,False,False,False,False,True,False,False,32,0,53,36,22,12,0,5,0,531,13,1,1.3611111111111112,0,3,0.005649717514124294,8,6,1,0,43,44,0,32,1,10,5,0.0,0.0,373.0,2752.74,True,critical,3,135,105,1,9,0.7777777777777778,False,12,49,36,31,2,22,0.41509433962264153,False,27,9,0.8611111111111112,23,12,10,True,10,70,1.0,20,0,0,1.0,False,0,0,0,0,2025-12-22 17:43:25.079925,True,1,True
753,False,True,False,False,False,False,False,False,False,False,False,False,False,False,True,False,False,False,False,False,False,False,True,False,False,30,0,36,3,2,0,0,1,0,278,7,1,1.0,0,55,0.19784172661870503,2,0,0,0,36,32,0,30,0,6,3,0.0,0.0,336.0,3270.4,True,simple,0,6,3,0,1,0.5,False,0,3,3,0,0,2,1.0,False,2,1,0.0,3,0,0,False,2,1,0.0,1,0,0,1.0,False,0,0,0,0,2025-12-22 17:43:25.529067,True,1,True
754,False,True,False,False,False,False,False,False,False,False,False,False,False,False,False,False,False,False,False,False,False,False,True,False,False,11,0,15,16,11,6,0,1,0,67,1,1,1.0,0,3,0.04477611940298507,11,0,0,0,17,12,0,11,0,6,2,0.0,0.0,125.0,529.1666666666666,True,moderate,1,47,31,0,7,0.6595744680851063,False,3,16,16,2,1,11,0.8461538461538461,False,15,1,0.125,15,6,3,True,11,7,0.2727272727272727,3,0,0,1.0,False,0,0,0,0,2025-12-22 17:43:25.873212,True,1,True
756,False,True,False,False,False,False,False,False,False,False,False,False,False,False,False,False,False,False,False,False,False,False,True,False,False,21,0,35,32,21,8,0,5,0,158,1,1,1.25,0,8,0.05063291139240506,22,0,0,0,35,22,0,21,0,5,2,0.0,0.0,245.0,2469.6000000000004,True,complex,2,100,72,0,10,0.72,False,5,40,32,7,1,21,0.75,False,31,1,0.21875,27,8,7,True,21,16,0.3333333333333333,9,0,0,1.0,False,0,0,0,0,2025-12-22 17:43:26.645396,True,1,True
757,False,True,False,False,False,False,False,False,False,False,False,False,False,False,False,False,False,False,False,False,False,False,True,False,False,21,0,34,10,5,0,0,1,0,172,4,1,1.0,0,63,0.36627906976744184,5,0,0,0,37,22,0,21,0,5,2,0.0,0.0,244.0,2557.12,True,simple,0,10,5,0,1,0.5,False,0,5,10,0,0,5,1.0,False,10,0,0.0,10,0,0,False,5,10,0.0,5,0,0,1.0,False,0,0,0,0,2025-12-22 17:43:27.055654,True,1,True
758,False,True,False,True,True,False,False,False,False,False,True,False,True,False,False,False,False,False,False,False,False,False,True,False,False,16,25,72,39,29,20,0,3,1,237,3,1,1.3076923076923077,0,8,0.03375527426160337,4,5,1,0,66,57,0,41,4,16,5,0.0,0.0,357.0,2362.89375,True,complex,2,129,96,0,5,0.7441860465116279,False,11,51,39,21,2,29,0.58,False,36,3,0.5384615384615384,25,20,16,True,28,33,0.5714285714285714,20,0,0,1.0,False,0,0,0,0,2025-12-22 17:43:27.520078,True,1,True
759,False,True,False,True,True,False,False,False,False,False,True,False,True,False,False,False,False,False,False,False,False,False,True,False,False,15,22,71,30,21,22,0,5,1,218,1,1,1.6,0,8,0.03669724770642202,4,0,0,0,70,49,0,37,4,15,5,0.0,0.0,331.0,2301.5533333333333,True,complex,2,129,108,0,10,0.8372093023255814,False,4,48,30,18,1,21,0.5384615384615384,False,29,1,0.6,18,22,16,True,21,26,0.7619047619047619,17,4,0,0.0,False,0,0,4,0,2025-12-22 17:43:28.006969,True,1,True
760,False,True,False,True,True,False,False,False,False,False,True,False,True,False,False,False,False,False,False,False,False,False,True,False,False,10,19,57,26,19,14,0,3,1,238,2,1,1.4615384615384615,0,76,0.31932773109243695,3,0,0,0,57,37,0,29,2,14,5,0.0,0.0,252.0,1492.2,True,complex,2,108,87,0,8,0.8055555555555556,False,6,38,26,17,2,19,0.5277777777777778,False,24,2,0.6538461538461539,17,14,15,True,19,29,0.7894736842105263,16,2,0,0.0,False,0,0,2,0,2025-12-22 17:43:28.422284,True,1,True
761,False,True,False,True,True,False,False,False,False,False,True,False,True,False,False,False,False,False,False,False,False,False,True,False,False,26,44,144,15,9,1,0,3,1,407,4,1,1.4,0,58,0.14250614250614252,1,0,0,0,119,111,0,70,4,14,5,0.0,0.0,624.0,8767.2,True,moderate,1,29,23,0,5,0.7931034482758621,False,0,15,15,4,1,9,0.6923076923076923,False,14,1,0.26666666666666666,15,1,3,True,9,13,0.3333333333333333,8,0,0,1.0,False,0,0,0,0,2025-12-22 17:43:29.047337,True,1,True
762,False,True,False,True,True,False,False,False,False,False,True,False,True,False,False,False,False,False,False,False,False,False,True,False,False,20,32,82,36,22,14,3,3,1,271,2,1,1.2777777777777777,0,3,0.01107011070110701,2,0,0,0,75,70,0,52,4,13,5,0.0,0.0,442.0,4215.999999999999,True,complex,2,112,81,0,5,0.7232142857142857,False,5,46,36,20,2,22,0.5238095238095238,False,30,6,0.5555555555555556,26,14,13,True,22,17,0.5909090909090909,15,3,0,0.0,False,0,0,3,0,2025-12-22 17:43:29.549490,True,1,True
763,False,True,False,True,True,False,False,False,False,False,True,False,True,False,False,False,False,False,False,False,False,False,True,False,False,7,8,29,14,11,6,0,6,0,141,1,1,2.4285714285714284,0,21,0.14893617021276595,0,0,0,0,37,14,0,15,1,15,5,0.0,0.0,139.0,433.68,True,moderate,1,78,69,3,12,0.8846153846153846,False,7,34,14,13,2,11,0.4583333333333333,False,11,3,0.9285714285714286,11,6,5,True,7,22,0.7142857142857143,8,1,0,0.0,False,0,0,1,0,2025-12-22 17:43:29.989824,True,1,True
764,False,True,False,True,True,False,False,False,False,False,True,False,True,False,False,False,False,True,False,False,False,False,True,False,False,17,25,70,28,23,18,0,3,1,253,5,1,1.3571428571428572,0,15,0.05928853754940711,3,5,1,0,65,57,0,42,4,17,6,0.0,0.0,365.0,2252.264705882353,True,complex,2,96,73,0,5,0.7604166666666666,False,6,38,28,16,2,23,0.5897435897435898,False,22,6,0.5714285714285714,15,18,11,True,17,27,0.6470588235294118,16,0,0,1.0,False,0,0,0,0,2025-12-22 17:43:30.549897,True,1,True
765,False,True,False,True,True,False,False,False,False,False,True,False,True,False,False,False,False,False,False,False,False,False,True,False,False,19,29,92,5,4,1,1,1,1,312,3,1,1.0,0,42,0.1346153846153846,1,0,0,0,82,69,0,48,4,15,5,0.0,0.0,427.0,3709.206666666666,True,simple,0,13,8,0,3,0.6153846153846154,False,0,5,5,2,1,4,0.6666666666666666,False,5,0,0.4,6,1,3,False,4,3,0.75,3,0,0,1.0,False,0,0,0,0,2025-12-22 17:43:31.047000,True,1,True
766,True,True,False,True,True,True,True,True,False,False,True,False,True,False,True,False,False,False,False,False,False,False,True,False,False,22,32,88,8,4,0,0,3,0,416,3,1,1.5,0,17,0.040865384615384616,1,0,0,0,81,76,0,54,6,23,6,0.0,0.0,468.0,2730.6782608695653,True,simple,0,15,13,0,3,0.8666666666666667,False,0,8,8,1,1,4,0.8,False,8,0,0.125,8,0,2,False,4,12,0.5,6,0,0,1.0,False,0,0,0,0,2025-12-22 17:43:32.296077,True,1,True
767,False,True,False,True,True,False,False,False,False,False,True,False,True,False,False,False,False,True,False,False,False,False,True,False,False,28,51,145,7,4,2,1,3,0,479,5,1,1.2857142857142858,0,30,0.06263048016701461,0,0,0,0,114,124,0,79,5,18,6,0.0,0.0,680.0,7585.777777777777,True,simple,0,24,18,0,5,0.75,False,0,9,7,5,1,4,0.4444444444444444,False,6,1,0.7142857142857143,8,2,1,True,4,1,0.25,1,0,0,1.0,False,0,0,0,0,2025-12-22 17:43:33.034586,True,1,True
769,False,True,False,True,True,False,False,False,False,False,True,False,True,False,False,False,False,False,False,False,False,False,True,False,False,19,29,78,40,31,26,4,5,2,249,1,1,1.45,0,6,0.024096385542168676,9,0,0,0,73,64,0,48,4,13,5,0.0,0.0,413.0,3742.415384615384,True,complex,2,163,132,0,11,0.8098159509202454,False,1,58,40,37,2,31,0.45588235294117646,False,37,3,0.925,27,26,18,True,31,20,0.5806451612903226,18,4,1,0.2,False,0,1,4,0,2025-12-22 17:43:33.856833,True,1,True
772,False,True,False,True,True,False,False,False,False,False,True,False,True,False,False,False,False,False,False,False,False,False,True,False,False,20,34,94,7,4,5,1,3,0,368,3,1,1.2857142857142858,0,97,0.26358695652173914,0,0,0,0,85,75,0,54,4,14,5,0.0,0.0,464.0,4557.142857142857,True,simple,0,25,19,0,5,0.76,False,0,9,7,6,1,4,0.4,False,6,1,0.8571428571428571,7,5,2,True,4,2,0.5,2,1,0,0.0,False,0,0,1,0,2025-12-22 17:43:35.074741,True,1,True
773,False,True,False,True,True,False,False,False,False,False,True,False,True,False,False,False,False,False,False,False,False,False,True,False,False,21,37,95,9,4,1,0,1,0,349,5,1,1.0,0,81,0.23209169054441262,0,0,0,0,84,82,0,58,4,16,5,0.0,0.0,490.0,4330.375,True,simple,0,23,14,0,2,0.6086956521739131,False,0,9,9,6,1,4,0.4,False,8,1,0.6666666666666666,6,1,2,True,4,10,0.5,6,0,0,1.0,False,0,0,0,0,2025-12-22 17:43:35.662856,True,1,True
774,False,True,True,True,True,False,False,False,False,False,True,False,True,False,False,False,False,False,False,False,False,False,True,False,False,25,42,124,13,6,7,0,3,0,339,3,1,1.1538461538461537,0,25,0.07374631268436578,0,0,0,0,100,110,0,67,5,16,6,0.0,0.0,584.0,6460.5,True,moderate,1,23,17,0,3,0.7391304347826086,False,0,9,13,5,1,6,0.5454545454545454,False,12,1,0.38461538461538464,12,7,2,True,6,12,0.3333333333333333,7,0,0,1.0,False,0,0,0,0,2025-12-22 17:43:36.307348,True,1,True
775,False,True,False,True,True,False,False,False,False,False,True,False,True,False,False,False,False,False,False,False,False,False,True,False,False,17,26,83,4,2,2,1,3,0,337,4,1,1.5,0,98,0.29080118694362017,0,0,0,0,80,58,0,43,4,15,5,0.0,0.0,383.0,3079.3199999999997,True,simple,0,10,7,0,3,0.7,False,0,6,4,2,1,2,0.5,False,3,1,0.5,5,2,0,True,2,0,0.0,0,0,0,1.0,False,0,0,0,0,2025-12-22 17:43:36.881523,True,1,True
776,False,True,False,True,True,False,False,False,False,False,True,False,True,False,True,False,False,False,False,False,False,False,True,False,False,22,40,121,15,9,1,0,3,1,402,7,1,1.2666666666666666,0,66,0.16417910447761194,1,0,0,0,110,87,0,62,4,19,6,0.0,0.0,541.0,4866.152631578947,True,moderate,1,25,18,0,3,0.72,False,0,13,15,4,1,9,0.6923076923076923,False,14,1,0.26666666666666666,15,1,4,True,9,14,0.4444444444444444,9,0,0,1.0,False,0,0,0,0,2025-12-22 17:43:37.524652,True,1,True
777,False,True,False,True,True,False,False,False,False,False,True,False,True,False,False,False,False,True,False,False,False,False,True,True,False,18,27,83,30,27,13,0,3,1,434,6,1,1.2,0,167,0.3847926267281106,3,8,1,0,76,63,0,45,4,17,6,0.0,0.0,398.0,2811.7529411764704,True,complex,2,100,73,0,5,0.73,False,8,36,30,19,2,27,0.5869565217391305,False,24,6,0.6333333333333333,17,13,17,True,21,37,0.8095238095238095,21,0,0,1.0,False,0,0,0,0,2025-12-22 17:43:38.171076,True,1,True
779,False,True,False,True,True,False,False,False,False,False,True,False,True,False,False,False,False,False,False,False,False,False,True,False,False,20,31,79,43,29,21,1,3,1,244,1,1,1.2790697674418605,0,3,0.012295081967213115,5,0,0,0,73,68,0,51,4,19,5,0.0,0.0,434.0,2754.757894736842,True,complex,2,155,118,0,10,0.7612903225806451,False,8,55,43,32,1,29,0.47540983606557374,False,42,1,0.7441860465116279,27,21,18,True,27,24,0.6666666666666666,20,4,0,0.0,False,0,0,4,0,2025-12-22 17:43:39.016162,True,1,True
780,False,True,False,True,True,False,False,False,False,False,True,False,True,False,False,False,False,False,False,False,False,False,True,False,False,20,34,94,7,4,5,1,3,0,368,3,1,1.2857142857142858,0,97,0.26358695652173914,0,0,0,0,85,75,0,54,4,14,5,0.0,0.0,464.0,4557.142857142857,True,simple,0,25,19,0,5,0.76,False,0,9,7,6,1,4,0.4,False,6,1,0.8571428571428571,7,5,2,True,4,2,0.5,2,1,0,0.0,False,0,0,1,0,2025-12-22 17:43:39.656114,True,1,True
781,False,True,False,True,True,False,False,False,False,False,True,False,True,False,False,False,False,False,False,False,False,False,True,False,False,6,8,23,13,10,7,1,6,0,75,1,1,1.8461538461538463,0,3,0.04,1,0,0,0,28,14,0,14,1,12,5,0.0,0.0,123.0,387.45000000000005,True,moderate,1,52,43,1,8,0.8269230769230769,False,2,24,13,11,2,10,0.47619047619047616,False,12,1,0.8461538461538461,11,7,6,True,9,7,0.6666666666666666,7,1,0,0.0,False,0,0,1,0,2025-12-22 17:43:40.017506,True,1,True
782,False,True,False,True,True,False,False,False,False,False,True,False,True,False,False,False,False,False,False,False,False,False,True,False,False,21,35,95,15,8,8,0,3,0,347,5,1,1.2666666666666666,0,75,0.21613832853025935,0,0,0,0,83,81,0,56,4,17,5,0.0,0.0,480.0,3944.470588235294,True,moderate,1,32,25,0,3,0.78125,False,0,13,15,8,1,8,0.5,False,14,1,0.5333333333333333,12,8,2,True,8,12,0.25,7,0,0,1.0,False,0,0,0,0,2025-12-22 17:43:40.560605,True,1,True
784,False,True,False,True,True,False,False,False,False,False,True,False,True,False,False,False,False,False,False,False,False,False,True,False,False,20,34,83,36,21,14,3,3,0,283,2,1,1.3333333333333333,0,3,0.01060070671378092,1,0,0,0,74,74,0,54,4,13,5,0.0,0.0,453.0,4383.646153846154,True,complex,2,117,87,0,5,0.7435897435897436,False,5,48,36,21,2,21,0.5,False,30,6,0.5833333333333334,25,14,12,True,21,16,0.5714285714285714,14,3,0,0.0,False,0,0,3,0,2025-12-22 17:43:41.455241,True,1,True
785,False,True,False,True,True,False,False,False,False,False,True,False,True,False,False,False,False,False,False,False,False,False,True,False,False,10,19,57,26,19,14,0,3,1,235,2,1,1.4615384615384615,0,73,0.31063829787234043,3,0,0,0,57,37,0,29,2,14,5,0.0,0.0,252.0,1492.2,True,complex,2,108,87,0,8,0.8055555555555556,False,6,38,26,17,2,19,0.5277777777777778,False,24,2,0.6538461538461539,17,14,15,True,19,29,0.7894736842105263,16,2,0,0.0,False,0,0,2,0,2025-12-22 17:43:41.884755,True,1,True
786,False,True,False,True,True,False,False,False,False,False,True,False,True,False,False,False,False,True,False,False,False,False,True,False,False,17,26,76,30,27,10,0,3,1,542,5,1,1.3333333333333333,0,292,0.5387453874538746,3,8,1,0,68,62,0,43,4,16,6,0.0,0.0,376.0,2617.9,True,complex,2,103,78,0,5,0.7572815533980582,False,8,40,30,19,2,27,0.5869565217391305,False,24,6,0.6333333333333333,18,10,16,True,22,36,0.7272727272727273,20,0,0,1.0,False,0,0,0,0,2025-12-22 17:43:42.471060,True,1,True
788,False,True,False,True,True,False,False,False,False,False,True,False,True,False,False,False,False,False,False,False,False,False,True,False,False,10,19,57,26,19,14,0,3,1,235,2,1,1.4615384615384615,0,73,0.31063829787234043,3,0,0,0,57,37,0,29,2,14,5,0.0,0.0,252.0,1492.2,True,complex,2,108,87,0,8,0.8055555555555556,False,6,38,26,17,2,19,0.5277777777777778,False,24,2,0.6538461538461539,17,14,15,True,19,29,0.7894736842105263,16,2,0,0.0,False,0,0,2,0,2025-12-22 17:43:43.223275,True,1,True
789,False,True,False,True,True,False,False,False,False,False,True,False,True,False,True,False,False,False,False,False,False,False,True,False,False,19,31,81,3,2,0,0,1,0,344,7,1,1.0,0,49,0.14244186046511628,0,0,0,0,76,68,0,50,4,16,6,0.0,0.0,426.0,3290.85,True,simple,0,6,3,0,1,0.5,False,0,3,3,0,0,2,1.0,False,2,1,0.0,3,0,2,False,2,3,1.0,3,0,0,1.0,False,0,0,0,0,2025-12-22 17:43:43.872952,True,1,True
790,False,True,False,True,True,False,False,False,False,False,True,False,True,False,False,False,False,True,False,False,False,False,True,False,False,19,31,86,12,8,6,0,3,1,294,4,1,1.3333333333333333,0,3,0.01020408163265306,1,0,1,0,80,69,0,50,5,17,6,0.0,0.0,431.0,3252.7823529411767,True,moderate,1,35,25,0,3,0.7142857142857143,False,3,16,12,2,1,8,0.8,False,11,1,0.16666666666666666,12,6,4,True,8,8,0.5,4,0,0,1.0,False,0,0,0,0,2025-12-22 17:43:44.444294,True,1,True
792,False,True,False,True,True,False,False,False,False,False,True,False,True,False,False,False,False,True,False,False,False,False,True,False,False,11,20,56,13,8,5,0,3,1,182,2,1,1.1538461538461537,0,38,0.2087912087912088,1,0,0,0,53,40,0,31,2,14,6,0.0,0.0,266.0,1539.0,True,moderate,1,24,17,0,5,0.7083333333333334,False,0,10,13,4,1,8,0.6666666666666666,False,12,1,0.3076923076923077,13,5,4,True,8,14,0.5,9,1,0,0.0,False,0,0,1,0,2025-12-22 17:43:45.172630,True,1,True
793,True,True,True,True,True,True,True,False,False,False,True,False,True,False,False,False,False,False,False,False,False,False,True,False,False,18,28,83,8,5,3,1,3,0,231,4,1,1.75,0,3,0.012987012987012988,0,0,0,0,75,66,0,46,4,19,6,0.0,0.0,403.0,2570.7157894736843,True,simple,0,25,20,0,3,0.8,False,0,14,8,5,1,5,0.5,False,7,1,0.625,8,3,2,True,5,2,0.4,2,0,0,1.0,False,0,0,0,0,2025-12-22 17:43:45.689453,True,1,True
794,False,True,False,True,True,False,False,False,False,False,True,False,True,False,False,False,False,True,False,False,False,False,True,False,False,19,31,86,12,8,6,0,3,1,294,4,1,1.3333333333333333,0,3,0.01020408163265306,1,0,1,0,80,69,0,50,5,17,6,0.0,0.0,431.0,3252.7823529411767,True,moderate,1,35,25,0,3,0.7142857142857143,False,3,16,12,2,1,8,0.8,False,11,1,0.16666666666666666,12,6,4,True,8,8,0.5,4,0,0,1.0,False,0,0,0,0,2025-12-22 17:43:46.276872,True,1,True
795,False,True,True,True,True,False,False,False,False,False,True,False,True,False,False,False,False,False,False,False,False,False,True,False,False,17,23,99,33,26,17,1,17,1,282,1,1,1.9393939393939394,1,39,0.13829787234042554,8,0,0,0,91,58,0,40,6,18,6,0.0,0.0,384.0,2807.4666666666667,True,critical,3,170,152,2,13,0.8941176470588236,True,1,64,33,23,1,26,0.5306122448979592,False,32,1,0.696969696969697,20,17,17,True,26,43,0.6538461538461539,18,5,0,0.0,False,0,0,5,0,2025-12-22 17:43:46.840360,True,1,True
796,False,True,False,True,True,False,False,False,False,False,True,False,True,False,False,False,False,False,False,False,False,False,True,False,False,8,11,31,16,12,14,0,3,1,98,1,1,1.25,0,3,0.030612244897959183,2,0,0,0,37,22,0,19,2,15,5,0.0,0.0,166.0,579.8933333333333,True,moderate,1,62,48,0,7,0.7741935483870968,False,3,20,16,9,1,12,0.5714285714285714,False,15,1,0.5625,12,14,8,True,12,12,0.6666666666666666,8,2,0,0.0,False,0,0,2,0,2025-12-22 17:43:47.264272,True,1,True
797,False,True,True,True,True,False,False,False,False,False,True,False,True,False,False,False,False,False,False,False,False,False,True,False,False,31,66,149,77,129,37,2,29,4,907,2,1,3.064935064935065,5,143,0.15766262403528114,9,27,0,0,110,148,0,97,4,20,6,0.0,0.0,789.0,8426.52,True,critical,3,551,547,34,31,0.9927404718693285,True,6,236,77,48,2,129,0.7288135593220338,False,66,11,0.6233766233766234,51,37,34,True,56,64,0.6071428571428571,43,0,0,1.0,False,0,0,0,0,2025-12-22 17:43:49.200215,True,1,True
798,False,True,False,True,True,False,False,False,False,False,True,False,True,False,False,False,False,False,False,False,False,False,True,False,False,20,34,88,15,8,7,0,3,0,306,5,1,1.2666666666666666,0,49,0.16013071895424835,0,0,0,0,78,77,0,54,4,17,5,0.0,0.0,458.0,3553.5411764705887,True,moderate,1,30,23,0,3,0.7666666666666667,False,0,13,15,6,1,8,0.5714285714285714,False,14,1,0.4,13,7,3,True,8,13,0.375,8,2,0,0.0,False,0,0,2,0,2025-12-22 17:43:49.814667,True,1,True
799,False,True,True,True,True,False,False,False,False,False,True,False,True,False,False,False,False,False,False,False,False,False,True,False,False,20,32,109,5,3,1,1,3,0,301,5,1,1.4,0,7,0.023255813953488372,0,0,0,0,96,81,0,52,6,20,6,0.0,0.0,469.0,3580.815,True,simple,0,15,11,0,3,0.7333333333333333,False,0,7,5,1,1,3,0.75,False,5,0,0.2,5,1,3,False,3,5,1.0,3,0,0,1.0,False,0,0,0,0,2025-12-22 17:43:50.441099,True,1,True
800,False,True,True,True,True,False,False,False,False,False,True,False,True,False,False,False,False,False,False,False,False,False,True,False,False,11,20,53,25,19,20,1,9,1,181,2,1,1.72,0,15,0.08287292817679558,3,0,1,0,45,48,0,31,2,15,6,0.0,0.0,263.0,1378.1200000000001,True,complex,2,115,99,0,15,0.8608695652173913,False,4,43,25,15,1,19,0.5588235294117647,False,23,2,0.6,18,20,11,True,19,16,0.5789473684210527,13,2,0,0.0,False,0,0,2,0,2025-12-22 17:43:50.936349,True,1,True
801,False,True,False,True,True,False,False,False,False,False,True,False,True,False,False,False,False,False,False,True,False,False,True,False,False,20,35,103,7,4,3,1,3,0,407,6,1,1.2857142857142858,0,72,0.1769041769041769,0,0,0,0,97,73,0,55,4,15,6,0.0,0.0,478.0,4719.453333333332,True,moderate,1,23,17,0,5,0.7391304347826086,False,0,9,7,6,1,4,0.4,False,5,2,0.8571428571428571,7,3,2,True,4,2,0.5,2,0,0,1.0,False,0,0,0,0,2025-12-22 17:43:51.528283,True,1,True
802,False,True,False,True,True,True,True,False,False,False,True,False,True,False,True,False,False,True,False,False,False,False,True,False,False,28,52,152,52,41,13,0,5,3,695,13,1,1.4807692307692308,0,3,0.004316546762589928,5,6,1,0,107,139,0,80,5,20,7,0.0,0.0,692.0,7068.78,True,critical,3,201,161,1,9,0.8009950248756219,False,12,77,52,37,2,41,0.5256410256410257,False,43,9,0.7115384615384616,37,13,23,True,29,89,0.7931034482758621,33,0,0,1.0,False,0,0,0,0,2025-12-22 17:43:52.593977,True,1,True
803,False,True,False,True,True,False,False,False,False,False,True,False,True,False,True,False,False,False,False,False,False,False,True,False,False,20,32,84,4,2,1,0,1,0,358,7,1,1.0,0,55,0.15363128491620112,0,0,0,0,77,72,0,52,4,16,6,0.0,0.0,444.0,3535.35,True,simple,0,9,5,0,2,0.5555555555555556,False,0,4,4,2,1,2,0.5,False,2,2,0.5,5,1,0,True,2,1,0.0,1,0,0,1.0,False,0,0,0,0,2025-12-22 17:43:53.239313,True,1,True
804,False,True,False,True,True,False,False,False,False,False,True,False,True,False,False,False,False,False,False,False,False,False,True,False,False,8,11,31,16,12,14,0,3,1,98,1,1,1.25,0,3,0.030612244897959183,2,0,0,0,37,22,0,19,2,15,5,0.0,0.0,166.0,579.8933333333333,True,moderate,1,62,48,0,7,0.7741935483870968,False,3,20,16,9,1,12,0.5714285714285714,False,15,1,0.5625,12,14,8,True,12,12,0.6666666666666666,8,2,0,0.0,False,0,0,2,0,2025-12-22 17:43:53.643407,True,1,True
806,False,True,False,True,True,False,False,False,False,False,True,False,True,False,False,False,False,False,False,False,False,False,True,False,False,16,23,73,32,22,22,0,5,1,224,1,1,1.5625,0,8,0.03571428571428571,4,0,0,0,71,52,0,39,4,15,5,0.0,0.0,348.0,2491.68,True,complex,2,133,110,0,10,0.8270676691729323,False,5,50,32,18,1,22,0.55,False,31,1,0.5625,20,22,17,True,22,28,0.7727272727272727,19,4,0,0.0,False,0,0,4,0,2025-12-22 17:43:54.432971,True,1,True
807,False,True,False,True,True,False,False,False,False,False,True,False,True,False,False,False,False,False,False,False,False,False,True,False,False,16,23,72,11,5,3,0,3,0,238,4,1,1.1818181818181819,0,63,0.2647058823529412,1,0,0,0,73,52,0,39,4,14,5,0.0,0.0,347.0,2711.557142857143,True,moderate,1,18,13,0,5,0.7222222222222222,False,0,8,11,2,1,5,0.7142857142857143,False,10,1,0.18181818181818182,11,3,3,True,5,13,0.6,8,0,0,1.0,False,0,0,0,0,2025-12-22 17:43:54.916992,True,1,True
808,False,False,True,False,False,False,False,False,False,False,False,False,False,False,False,False,False,False,False,False,False,False,True,False,False,0,4,81,43,10,15,0,1,0,250,3,1,1.0,0,8,0.032,1,5,1,0,66,19,0,4,0,8,2,0.0,0.0,101.0,1001.1625,True,complex,2,139,96,0,5,0.6906474820143885,False,15,43,43,18,2,10,0.35714285714285715,False,41,2,0.4186046511627907,29,15,14,True,9,39,1.5555555555555556,24,0,0,1.0,False,0,0,0,0,2025-12-22 17:43:55.415664,True,1,True
809,False,False,True,False,False,False,False,False,False,False,False,False,False,False,False,False,False,False,False,False,False,False,True,False,False,0,4,69,33,3,15,0,5,0,220,1,1,1.2424242424242424,0,8,0.03636363636363636,1,0,0,0,65,9,0,4,0,7,2,0.0,0.0,89.0,906.5285714285715,True,complex,2,133,104,0,10,0.7819548872180451,False,8,41,33,14,1,3,0.17647058823529413,False,32,1,0.42424242424242425,22,15,14,True,3,32,4.666666666666667,21,0,0,1.0,True,0,0,0,0,2025-12-22 17:43:55.852833,True,1,True
810,False,False,True,False,False,False,False,False,False,False,False,False,False,False,False,False,False,False,False,False,False,False,True,False,False,0,3,59,28,3,11,0,3,0,239,2,1,1.0714285714285714,0,76,0.3179916317991632,0,0,0,0,59,5,0,3,0,7,2,0.0,0.0,74.0,660.7142857142857,True,complex,2,110,82,0,8,0.7454545454545455,False,9,30,28,13,2,3,0.1875,False,26,2,0.4642857142857143,19,11,12,True,3,33,4.0,19,0,0,1.0,True,0,0,0,0,2025-12-22 17:43:56.303276,True,1,True
811,False,False,True,False,False,False,False,False,False,False,False,False,False,False,False,False,False,False,False,False,False,False,True,False,False,0,10,197,15,1,4,0,1,0,453,4,1,1.0,0,58,0.1280353200883002,0,0,0,0,150,61,0,10,0,8,2,0.0,0.0,247.0,5949.6125,True,moderate,1,33,24,0,4,0.7272727272727273,False,3,9,15,4,1,1,0.2,False,15,0,0.26666666666666666,12,4,4,True,1,20,4.0,12,0,0,1.0,False,0,0,0,0,2025-12-22 17:43:56.919993,True,1,True
812,False,False,True,False,False,False,False,False,False,False,False,False,False,False,False,False,False,False,False,False,False,False,True,False,False,0,7,111,41,6,14,3,1,0,307,2,1,1.0,0,3,0.009771986970684038,0,0,0,0,90,28,0,7,0,5,2,0.0,0.0,146.0,3200.3199999999997,True,complex,2,133,92,0,5,0.6917293233082706,False,10,41,41,21,2,6,0.2222222222222222,False,36,5,0.5121951219512195,26,14,13,True,6,26,2.1666666666666665,21,0,0,1.0,True,0,0,0,0,2025-12-22 17:43:57.458836,True,1,True
813,False,False,True,False,False,False,False,False,False,False,False,False,True,False,False,False,False,False,False,False,False,False,True,False,False,2,1,33,15,6,3,0,6,0,142,1,1,2.066666666666667,0,21,0.14788732394366197,0,0,0,0,33,6,0,3,0,9,3,0.0,0.0,58.0,239.73333333333332,True,moderate,1,79,67,3,12,0.8481012658227848,False,7,31,15,9,2,6,0.4,False,13,2,0.6,12,3,5,True,2,24,2.5,10,0,0,1.0,True,0,0,0,0,2025-12-22 17:43:57.914954,True,1,True
814,False,False,True,False,False,False,False,False,False,False,False,False,False,False,False,False,False,True,False,False,False,False,True,False,False,1,4,70,29,9,11,0,1,0,260,5,1,1.0,0,15,0.057692307692307696,0,5,1,0,62,13,0,5,0,9,3,0.0,0.0,100.0,790.0,True,complex,2,96,67,0,4,0.6979166666666666,False,9,29,29,14,2,9,0.391304347826087,False,24,5,0.4827586206896552,17,11,10,True,3,33,3.3333333333333335,19,0,0,1.0,False,0,0,0,0,2025-12-22 17:43:58.440737,True,1,True
815,False,False,True,False,False,False,False,False,False,False,False,False,False,False,False,False,False,False,False,False,False,False,True,False,False,0,5,116,6,1,2,1,1,0,342,3,1,1.0,0,42,0.12280701754385964,0,0,0,0,90,31,0,5,0,8,3,0.0,0.0,141.0,1968.7125,True,simple,0,18,12,0,3,0.6666666666666666,False,0,6,6,3,1,1,0.25,False,6,0,0.5,6,2,2,True,1,3,2.0,3,0,0,1.0,False,0,0,0,0,2025-12-22 17:43:58.942443,True,1,True
816,True,False,True,False,True,True,True,True,False,False,False,False,True,False,True,False,False,False,False,False,False,False,True,False,False,3,9,113,8,0,1,0,1,0,445,3,1,1.0,0,17,0.038202247191011236,0,0,0,0,89,40,0,12,2,19,6,0.0,0.0,188.0,1157.6842105263158,True,simple,0,14,10,0,4,0.7142857142857143,False,1,4,8,1,1,0,0.0,False,8,0,0.125,8,1,1,True,0,13,0.0,8,0,0,1.0,False,0,0,0,0,2025-12-22 17:44:00.249486,True,1,True
817,False,False,True,False,False,False,False,False,False,False,False,False,False,False,False,False,False,True,False,False,False,False,True,False,False,0,11,187,6,1,3,1,1,0,499,5,1,1.0,0,30,0.06012024048096192,0,0,0,0,139,61,0,11,1,11,3,0.0,0.0,242.0,3997.4,True,simple,0,21,15,0,4,0.7142857142857143,False,1,6,6,4,1,1,0.2,False,6,0,0.6666666666666666,5,3,3,True,1,5,3.0,4,0,0,1.0,False,0,0,0,0,2025-12-22 17:44:00.946831,True,1,True
819,False,False,True,False,False,False,False,False,False,False,False,False,False,False,False,False,False,False,False,False,False,False,True,False,False,0,5,102,46,8,23,4,5,0,279,1,1,1.1304347826086956,0,6,0.021505376344086023,5,0,0,0,81,26,0,5,0,6,2,0.0,0.0,127.0,2099.733333333333,True,complex,2,183,140,0,11,0.7650273224043715,False,6,52,46,35,2,8,0.18604651162790697,False,44,2,0.7608695652173914,32,23,16,True,8,28,2.0,23,0,1,1.0,True,0,1,0,0,2025-12-22 17:44:01.748747,True,1,True
822,False,False,True,False,False,False,False,False,False,False,False,False,False,False,False,False,False,False,False,False,False,False,True,False,False,0,7,133,9,3,4,1,1,0,405,3,1,1.0,0,97,0.23950617283950618,0,0,0,0,103,38,0,7,0,7,2,0.0,0.0,168.0,3110.4,True,simple,0,28,19,0,4,0.6785714285714286,False,0,9,9,5,1,3,0.375,False,9,0,0.5555555555555556,7,4,4,True,3,5,1.3333333333333333,5,0,0,1.0,True,0,0,0,0,2025-12-22 17:44:02.968755,True,1,True
823,False,False,True,False,False,False,False,False,False,False,False,False,False,False,False,False,False,False,False,False,False,False,True,False,False,0,8,137,10,2,3,0,1,0,389,5,1,1.0,0,81,0.20822622107969152,0,0,0,0,105,42,0,8,0,9,2,0.0,0.0,177.0,2643.2,True,simple,0,32,22,0,4,0.6875,False,1,10,10,7,1,2,0.2222222222222222,False,10,0,0.7,4,3,3,True,2,12,1.5,7,0,0,1.0,True,0,0,0,0,2025-12-22 17:44:03.503613,True,1,True
824,False,False,True,False,True,False,False,False,False,False,False,False,False,False,False,False,False,False,False,False,False,False,True,False,False,0,10,181,16,4,4,0,1,0,396,3,1,1.0,0,25,0.06313131313131314,0,0,0,0,133,65,0,10,1,10,3,0.0,0.0,231.0,4123.35,True,moderate,1,30,20,0,3,0.6666666666666666,False,0,10,16,4,1,4,0.5,False,16,0,0.25,13,4,4,True,4,14,1.0,9,0,0,1.0,False,0,0,0,0,2025-12-22 17:44:04.169124,True,1,True
825,False,False,True,False,False,False,False,False,False,False,False,False,False,False,False,False,False,False,False,False,False,False,True,False,False,0,4,100,4,1,2,1,1,0,354,4,1,1.0,0,98,0.2768361581920904,0,0,0,0,81,24,0,4,0,7,2,0.0,0.0,120.0,1676.5714285714284,True,simple,0,11,7,0,3,0.6363636363636364,False,0,4,4,1,1,1,0.5,False,4,0,0.25,4,2,1,True,1,2,1.0,2,0,0,1.0,False,0,0,0,0,2025-12-22 17:44:04.744709,True,1,True
826,False,False,True,False,False,False,False,False,False,False,False,False,False,False,True,False,False,False,False,False,False,False,True,False,False,0,9,161,15,1,4,0,1,0,451,7,1,1.0,0,66,0.14634146341463414,0,0,0,0,136,37,0,9,0,12,4,0.0,0.0,206.0,2779.2833333333333,True,moderate,1,33,24,0,4,0.7272727272727273,False,3,9,15,4,1,1,0.2,False,15,0,0.26666666666666666,12,4,4,True,1,18,4.0,10,0,0,1.0,False,0,0,0,0,2025-12-22 17:44:05.355486,True,1,True
827,False,False,True,False,False,False,False,False,False,False,False,False,False,False,False,False,False,True,False,False,False,False,True,True,False,0,5,108,32,13,11,0,1,0,462,6,1,1.0,0,167,0.36147186147186144,0,8,1,0,84,29,0,5,0,9,3,0.0,0.0,133.0,1541.322222222222,True,complex,2,112,80,0,4,0.7142857142857143,False,13,32,32,20,2,13,0.3939393939393939,False,27,5,0.625,15,11,16,True,7,43,2.2857142857142856,24,0,0,1.0,False,0,0,0,0,2025-12-22 17:44:05.984777,True,1,True
829,False,False,True,False,False,False,False,False,False,False,False,False,True,False,False,False,False,False,False,False,False,False,True,False,False,2,9,98,48,9,17,1,1,0,266,1,1,1.0,0,3,0.011278195488721804,2,0,0,0,78,31,0,11,0,11,4,0.0,0.0,163.0,1477.3727272727272,True,complex,2,170,122,0,10,0.7176470588235294,False,13,48,48,29,1,9,0.23684210526315788,False,48,0,0.6041666666666666,31,17,17,True,7,32,2.4285714285714284,25,0,0,1.0,True,0,0,0,0,2025-12-22 17:44:06.801442,True,1,True
830,False,False,True,False,False,False,False,False,False,False,False,False,False,False,False,False,False,False,False,False,False,False,True,False,False,0,7,133,9,3,4,1,1,0,405,3,1,1.0,0,97,0.23950617283950618,0,0,0,0,103,38,0,7,0,7,2,0.0,0.0,168.0,3110.4,True,simple,0,28,19,0,4,0.6785714285714286,False,0,9,9,5,1,3,0.375,False,9,0,0.5555555555555556,7,4,4,True,3,5,1.3333333333333333,5,0,0,1.0,True,0,0,0,0,2025-12-22 17:44:07.414699,True,1,True
831,False,False,True,False,False,False,False,False,False,False,True,False,False,False,False,False,False,False,False,False,False,False,True,False,False,1,0,26,14,4,4,1,6,0,77,1,1,1.5,0,3,0.03896103896103896,0,0,0,0,24,4,0,1,0,6,3,0.0,0.0,36.0,160.79999999999998,True,moderate,1,54,42,1,8,0.7777777777777778,False,2,21,14,7,2,4,0.36363636363636365,False,14,0,0.5,12,4,5,True,3,8,1.6666666666666667,8,0,0,1.0,True,0,0,0,0,2025-12-22 17:44:07.769841,True,1,True
832,False,False,True,False,False,False,False,False,False,False,False,False,False,False,False,False,False,False,False,False,False,False,True,False,False,0,7,131,18,4,4,0,1,0,381,5,1,1.0,0,75,0.1968503937007874,0,0,0,0,100,40,0,7,0,10,2,0.0,0.0,166.0,2124.8,True,moderate,1,36,24,0,3,0.6666666666666666,False,0,12,18,4,1,4,0.5,False,18,0,0.2222222222222222,15,4,4,True,4,14,1.0,9,0,0,1.0,False,0,0,0,0,2025-12-22 17:44:08.333034,True,1,True
834,False,False,True,False,False,False,False,False,False,False,False,False,False,False,False,False,False,False,False,False,False,False,True,False,False,0,7,122,42,7,15,3,1,0,320,2,1,1.0,0,3,0.009375,0,0,0,0,92,37,0,7,0,5,2,0.0,0.0,157.0,3702.0599999999995,True,complex,2,136,94,0,5,0.6911764705882353,False,10,42,42,22,2,7,0.2413793103448276,False,37,5,0.5238095238095238,26,15,14,True,7,26,2.0,21,0,0,1.0,True,0,0,0,0,2025-12-22 17:44:09.151689,True,1,True
835,False,False,True,False,False,False,False,False,False,False,False,False,False,False,False,False,False,False,False,False,False,False,True,False,False,0,3,59,28,3,11,0,3,0,236,2,1,1.0714285714285714,0,73,0.3093220338983051,0,0,0,0,59,5,0,3,0,7,2,0.0,0.0,74.0,660.7142857142857,True,complex,2,110,82,0,8,0.7454545454545455,False,9,30,28,13,2,3,0.1875,False,26,2,0.4642857142857143,19,11,12,True,3,33,4.0,19,0,0,1.0,True,0,0,0,0,2025-12-22 17:44:09.603104,True,1,True
836,False,False,True,False,False,False,False,False,False,False,False,False,False,False,False,False,False,True,False,False,False,False,True,False,False,0,4,93,31,12,9,0,1,0,559,5,1,1.0,0,292,0.5223613595706619,0,8,1,0,69,28,0,4,0,8,3,0.0,0.0,113.0,1251.475,True,complex,2,108,77,0,5,0.7129629629629629,False,12,31,31,18,2,12,0.4,False,26,5,0.5806451612903226,17,9,14,True,7,41,2.0,23,0,0,1.0,False,0,0,0,0,2025-12-22 17:44:10.162242,True,1,True
838,False,False,True,False,False,False,False,False,False,False,False,False,False,False,False,False,False,False,False,False,False,False,True,False,False,0,3,59,28,3,11,0,3,0,236,2,1,1.0714285714285714,0,73,0.3093220338983051,0,0,0,0,59,5,0,3,0,7,2,0.0,0.0,74.0,660.7142857142857,True,complex,2,110,82,0,8,0.7454545454545455,False,9,30,28,13,2,3,0.1875,False,26,2,0.4642857142857143,19,11,12,True,3,33,4.0,19,0,0,1.0,True,0,0,0,0,2025-12-22 17:44:10.882059,True,1,True
839,False,False,True,False,False,False,False,False,False,False,False,False,False,False,True,False,False,False,False,False,False,False,True,False,False,0,6,106,4,1,2,0,1,0,376,7,1,1.0,0,49,0.13031914893617022,0,0,0,0,87,27,0,6,0,8,3,0.0,0.0,136.0,1800.3,True,simple,0,13,9,0,4,0.6923076923076923,False,1,4,4,2,1,1,0.3333333333333333,False,3,1,0.5,3,2,2,True,1,4,2.0,3,0,0,1.0,True,0,0,0,0,2025-12-22 17:44:11.505960,True,1,True
840,False,False,True,False,False,False,False,False,False,False,False,False,False,False,False,False,False,True,False,False,False,False,True,False,False,0,6,111,11,0,5,0,1,0,326,4,1,1.0,0,3,0.009202453987730062,0,0,1,0,91,28,0,6,1,10,3,0.0,0.0,141.0,1559.46,True,moderate,1,35,24,0,4,0.6857142857142857,False,5,11,11,2,1,0,0.0,False,11,0,0.18181818181818182,10,5,3,True,0,10,0.0,6,0,0,1.0,False,0,0,0,0,2025-12-22 17:44:12.024126,True,1,True
842,False,False,True,False,False,False,False,False,False,False,False,False,False,False,False,False,False,True,False,False,False,False,True,False,False,0,4,60,13,1,4,0,1,0,187,2,1,1.0,0,38,0.20320855614973263,0,0,0,0,59,5,0,4,0,6,3,0.0,0.0,80.0,833.3333333333333,True,moderate,1,28,20,0,4,0.7142857142857143,False,2,8,13,3,1,1,0.25,False,13,0,0.23076923076923078,11,4,3,True,1,16,3.0,9,0,0,1.0,True,0,0,0,0,2025-12-22 17:44:12.782109,True,1,True
843,True,False,True,False,False,True,True,False,False,False,False,False,False,False,False,False,False,False,False,False,False,False,True,False,False,0,6,104,8,1,5,1,1,0,253,4,1,1.0,0,3,0.011857707509881422,0,0,0,0,80,31,0,6,0,12,3,0.0,0.0,134.0,1135.6499999999999,True,simple,0,27,19,0,4,0.7037037037037037,False,2,8,8,4,1,1,0.2,False,8,0,0.5,6,5,4,True,1,7,4.0,5,0,0,1.0,True,0,0,0,0,2025-12-22 17:44:13.268232,True,1,True
844,False,False,True,False,False,False,False,False,False,False,False,False,False,False,False,False,False,True,False,False,False,False,True,False,False,0,6,111,11,0,5,0,1,0,326,4,1,1.0,0,3,0.009202453987730062,0,0,1,0,91,28,0,6,1,10,3,0.0,0.0,141.0,1559.46,True,moderate,1,35,24,0,4,0.6857142857142857,False,5,11,11,2,1,0,0.0,False,11,0,0.18181818181818182,10,5,3,True,0,10,0.0,6,0,0,1.0,False,0,0,0,0,2025-12-22 17:44:13.829133,True,1,True
845,False,False,True,False,True,False,False,False,False,False,False,False,False,False,False,False,False,False,False,False,False,False,True,False,False,1,4,100,36,8,11,1,17,0,290,1,1,1.5833333333333333,1,39,0.13448275862068965,5,0,0,0,89,16,0,5,2,11,4,0.0,0.0,130.0,1184.1818181818182,True,critical,3,178,152,2,13,0.8539325842696629,True,5,57,36,20,1,8,0.2857142857142857,False,36,0,0.5555555555555556,24,11,15,True,8,49,1.875,22,1,0,0.0,True,0,0,1,0,2025-12-22 17:44:14.375103,True,1,True
846,False,False,True,False,False,False,False,False,False,False,False,False,False,False,False,False,False,False,False,False,False,False,True,False,False,0,2,34,18,2,10,0,1,0,105,1,1,1.0,0,3,0.02857142857142857,0,0,0,0,34,5,0,2,0,8,2,0.0,0.0,44.0,206.25,True,moderate,1,68,50,0,7,0.7352941176470589,False,5,18,18,6,1,2,0.25,False,17,1,0.3333333333333333,13,10,7,True,2,16,3.5,10,0,0,1.0,True,0,0,0,0,2025-12-22 17:44:14.750769,True,1,True
847,False,False,True,False,False,False,False,False,False,False,True,False,False,False,False,False,False,False,False,False,False,False,True,False,False,3,24,186,79,87,41,2,29,0,919,2,1,2.7088607594936707,5,143,0.15560391730141457,1,27,0,0,134,79,0,27,0,12,4,0.0,0.0,336.0,5300.4,True,critical,3,553,535,34,31,0.9674502712477396,True,16,214,79,48,2,87,0.6444444444444445,False,68,11,0.6075949367088608,48,41,30,True,14,72,2.142857142857143,49,0,0,1.0,False,0,0,0,0,2025-12-22 17:44:16.746014,True,1,True
848,False,False,True,False,False,False,False,False,False,False,False,False,False,False,False,False,False,False,False,False,False,False,True,False,False,0,7,115,17,3,4,0,1,0,334,5,1,1.0,0,49,0.1467065868263473,0,0,0,0,92,32,0,7,0,10,2,0.0,0.0,150.0,1715.9999999999998,True,moderate,1,35,24,0,4,0.6857142857142857,False,1,11,17,4,1,3,0.42857142857142855,False,17,0,0.23529411764705882,14,4,4,True,3,15,1.3333333333333333,9,0,0,1.0,True,0,0,0,0,2025-12-22 17:44:17.311516,True,1,True
849,False,False,True,False,False,False,False,False,False,False,False,False,False,False,False,False,False,False,False,False,False,False,True,False,False,0,7,138,5,0,2,1,1,0,337,5,1,1.0,0,7,0.020771513353115726,0,0,0,0,111,39,0,7,2,13,3,0.0,0.0,173.0,1840.453846153846,True,simple,0,16,11,0,4,0.6875,False,1,5,5,2,1,0,0.0,False,5,0,0.4,5,2,2,True,0,5,0.0,4,0,0,1.0,False,0,0,0,0,2025-12-22 17:44:17.919928,True,1,True
850,False,False,True,False,False,False,False,False,False,False,False,False,False,False,False,False,False,False,False,False,False,False,True,False,False,0,4,57,27,2,18,1,9,0,186,2,1,1.2962962962962963,0,15,0.08064516129032258,0,0,1,0,51,13,0,4,0,7,2,0.0,0.0,77.0,661.1,True,complex,2,120,97,0,15,0.8083333333333333,False,8,35,27,12,1,2,0.14285714285714285,False,25,2,0.4444444444444444,19,18,8,True,2,21,4.0,16,0,0,1.0,True,0,0,0,0,2025-12-22 17:44:18.414740,True,1,True
851,False,False,True,False,False,False,False,False,False,False,False,False,False,False,False,False,False,False,False,True,False,False,True,False,False,0,8,137,9,3,4,1,1,0,444,6,1,1.0,0,72,0.16216216216216217,0,0,0,0,115,31,0,8,0,9,3,0.0,0.0,177.0,2688.433333333333,True,moderate,1,27,18,0,3,0.6666666666666666,False,0,9,9,4,1,3,0.42857142857142855,False,8,1,0.4444444444444444,7,4,4,True,3,5,1.3333333333333333,5,0,0,1.0,False,0,0,0,0,2025-12-22 17:44:19.031907,True,1,True
852,False,False,True,False,False,True,True,False,False,False,False,False,False,False,True,False,False,True,False,False,False,False,True,False,False,0,10,189,48,18,22,0,5,0,707,13,1,1.2708333333333333,0,3,0.004243281471004243,0,6,1,0,131,70,0,10,1,12,5,0.0,0.0,239.0,3585.0,True,critical,3,191,149,1,9,0.7801047120418848,False,18,61,48,41,2,18,0.3050847457627119,False,39,9,0.8541666666666666,26,22,20,True,6,90,3.3333333333333335,34,0,0,1.0,False,0,0,0,0,2025-12-22 17:44:20.030472,True,1,True
853,False,False,True,False,False,False,False,False,False,False,False,False,False,False,True,False,False,False,False,False,False,False,True,False,False,0,7,113,3,0,0,0,1,0,394,7,1,1.0,0,55,0.13959390862944163,0,0,0,0,92,30,0,7,0,8,3,0.0,0.0,148.0,2090.5,True,simple,0,8,5,0,2,0.625,False,0,3,3,0,0,0,0.0,False,2,1,0.0,3,0,0,False,0,2,0.0,2,0,0,1.0,False,0,0,0,0,2025-12-22 17:44:20.649530,True,1,True
854,False,False,True,False,False,False,False,False,False,False,False,False,False,False,False,False,False,False,False,False,False,False,True,False,False,0,2,34,18,2,10,0,1,0,105,1,1,1.0,0,3,0.02857142857142857,0,0,0,0,34,5,0,2,0,8,2,0.0,0.0,44.0,206.25,True,moderate,1,68,50,0,7,0.7352941176470589,False,5,18,18,6,1,2,0.25,False,17,1,0.3333333333333333,13,10,7,True,2,16,3.5,10,0,0,1.0,True,0,0,0,0,2025-12-22 17:44:21.035596,True,1,True
856,False,False,True,False,False,False,False,False,False,False,False,False,False,False,False,False,False,False,False,False,False,False,True,False,False,0,4,74,36,4,16,0,5,0,232,1,1,1.2222222222222223,0,8,0.034482758620689655,1,0,0,0,69,10,0,4,0,7,2,0.0,0.0,94.0,1020.5714285714286,True,complex,2,141,109,0,10,0.7730496453900709,False,9,44,36,15,1,4,0.21052631578947367,False,35,1,0.4166666666666667,24,16,15,True,4,34,3.75,23,0,0,1.0,True,0,0,0,0,2025-12-22 17:44:21.851818,True,1,True
857,False,False,True,False,False,False,False,False,False,False,False,False,False,False,False,False,False,False,False,False,False,False,True,False,False,0,4,73,10,0,2,0,1,0,246,4,1,1.0,0,63,0.25609756097560976,0,0,0,0,71,10,0,4,0,7,2,0.0,0.0,93.0,1036.2857142857142,True,simple,0,19,14,0,4,0.7368421052631579,False,2,5,10,2,1,0,0.0,False,10,0,0.2,9,2,2,True,0,15,0.0,8,0,0,1.0,False,0,0,0,0,2025-12-22 17:44:22.330905,True,1,True
858,False,False,False,False,True,False,False,False,False,False,True,False,False,False,False,False,False,False,False,False,False,False,True,False,False,10,0,205,62,64,49,0,3,0,388,3,1,1.4193548387096775,0,8,0.020618556701030927,24,5,1,0,115,110,0,10,20,10,3,0.0,0.0,305.0,5856.0,True,complex,2,235,186,0,9,0.7914893617021277,False,11,88,62,55,2,64,0.5378151260504201,False,59,3,0.8870967741935484,26,49,28,True,37,43,0.7567567567567568,32,0,0,1.0,False,0,0,0,0,2025-12-22 17:44:22.928435,True,1,True
859,False,False,False,False,True,False,False,False,False,False,True,False,False,False,False,False,False,False,False,False,False,False,True,False,False,10,0,190,50,50,48,0,5,0,353,1,1,1.56,0,8,0.0226628895184136,21,0,0,0,114,97,0,10,20,9,3,0.0,0.0,290.0,5861.222222222222,True,complex,2,226,190,0,10,0.8407079646017699,False,4,78,50,47,1,50,0.5154639175257731,False,49,1,0.94,18,48,27,True,30,35,0.9,28,20,0,0.0,False,0,0,20,0,2025-12-22 17:44:23.469775,True,1,True
860,False,False,False,False,True,False,False,False,False,False,True,False,False,False,False,False,False,False,False,False,False,False,True,False,False,9,0,163,43,43,41,0,3,0,359,2,1,1.4186046511627908,0,76,0.2116991643454039,17,0,0,0,105,78,0,9,18,8,3,0.0,0.0,253.0,5047.35,True,complex,2,194,159,0,9,0.8195876288659794,False,6,61,43,42,2,43,0.5058823529411764,False,41,2,0.9767441860465116,15,41,24,True,27,36,0.8888888888888888,25,18,0,0.0,False,0,0,18,0,2025-12-22 17:44:24.010054,True,1,True
861,False,False,False,False,True,False,False,False,False,False,True,False,False,False,False,False,False,False,False,False,False,False,True,False,False,20,0,502,23,18,20,0,3,0,693,4,1,1.173913043478261,0,58,0.0836940836940837,8,0,0,0,230,316,0,20,40,9,3,0.0,0.0,702.0,35193.6,True,complex,2,78,63,0,5,0.8076923076923077,False,0,21,23,16,1,18,0.5294117647058824,False,22,1,0.6956521739130435,12,20,8,True,14,18,0.5714285714285714,13,0,0,1.0,False,0,0,0,0,2025-12-22 17:44:24.879270,True,1,True
862,False,False,False,False,True,False,False,False,False,False,True,False,False,False,False,False,False,False,False,False,False,False,True,False,False,14,0,284,57,52,46,3,3,0,485,2,1,1.3508771929824561,0,3,0.006185567010309278,21,0,0,0,150,162,0,14,28,7,3,0.0,0.0,424.0,15954.514285714286,True,complex,2,223,176,0,10,0.7892376681614349,False,5,77,57,52,2,52,0.5,False,51,6,0.9122807017543859,23,46,23,True,32,25,0.71875,25,22,0,0.0,False,0,0,22,0,2025-12-22 17:44:25.593079,True,1,True
863,False,False,False,False,True,False,False,False,False,False,True,False,True,False,False,False,False,False,False,False,False,False,True,False,False,4,1,51,21,23,12,0,6,0,179,1,1,2.238095238095238,0,21,0.11731843575418995,7,0,0,0,47,14,0,5,4,12,3,0.0,0.0,96.0,454.4,True,complex,2,104,91,3,12,0.875,False,7,47,21,21,2,23,0.5227272727272727,False,18,3,1.0,11,12,10,True,9,27,1.1111111111111112,13,4,0,0.0,False,0,0,4,0,2025-12-22 17:44:26.076942,True,1,True
864,False,False,False,False,True,False,False,False,False,False,True,False,False,False,False,False,False,True,False,False,False,False,True,False,False,11,0,185,43,45,35,0,3,0,398,5,1,1.372093023255814,0,15,0.03768844221105527,15,5,1,0,112,94,0,11,20,11,4,0.0,0.0,295.0,4768.272727272727,True,complex,2,164,129,0,6,0.7865853658536586,False,6,59,43,39,2,45,0.5357142857142857,False,37,6,0.9069767441860465,16,35,20,True,23,36,0.8695652173913043,25,0,0,1.0,False,0,0,0,0,2025-12-22 17:44:26.777330,True,1,True
865,False,False,False,False,True,False,False,False,False,False,True,False,False,False,False,False,False,False,False,False,False,False,True,False,False,12,0,267,9,8,6,1,3,0,504,3,1,1.4444444444444444,0,42,0.08333333333333333,3,0,0,0,146,145,0,12,24,10,4,0.0,0.0,387.0,9578.25,True,moderate,1,29,22,0,4,0.7586206896551724,False,0,13,9,8,1,8,0.5,False,8,1,0.8888888888888888,8,6,4,True,4,4,1.0,4,0,0,1.0,False,0,0,0,0,2025-12-22 17:44:27.439921,True,1,True
866,True,False,False,False,True,True,True,True,False,False,True,False,True,False,True,False,False,False,False,False,False,False,True,False,False,14,4,220,13,8,12,0,1,0,596,3,1,1.0,0,17,0.028523489932885907,4,0,0,0,140,113,0,18,24,19,5,0.0,0.0,380.0,4382.0,True,complex,2,44,35,0,4,0.7954545454545454,False,0,9,13,8,1,8,0.5,False,12,1,0.6153846153846154,6,12,4,True,8,12,0.5,8,8,0,0.0,False,0,0,8,0,2025-12-22 17:44:28.898237,True,1,True
867,False,False,False,False,True,False,False,False,False,False,True,False,False,False,False,False,False,True,False,False,False,False,True,False,False,20,1,493,9,7,8,1,3,0,739,5,1,1.2222222222222223,0,30,0.04059539918809202,3,0,0,0,219,317,0,21,41,12,4,0.0,0.0,698.0,25645.683333333334,True,moderate,1,35,27,0,4,0.7714285714285715,False,0,11,9,8,1,7,0.4666666666666667,False,8,1,0.8888888888888888,7,8,4,True,5,4,0.8,4,0,0,1.0,False,0,0,0,0,2025-12-22 17:44:29.891398,True,1,True
869,False,False,False,False,True,False,False,False,False,False,True,False,False,False,False,False,False,False,False,False,False,False,True,False,False,12,0,254,68,73,63,4,5,0,441,1,1,1.5588235294117647,0,6,0.013605442176870748,33,0,0,0,137,141,0,12,24,8,3,0.0,0.0,374.0,11018.975,True,complex,2,296,247,0,11,0.8344594594594594,False,1,106,68,79,2,73,0.48026315789473684,False,65,3,1.161764705882353,28,63,32,True,41,32,0.7804878048780488,32,24,1,0.04,False,0,1,24,0,2025-12-22 17:44:30.832921,True,1,True
872,False,False,False,False,True,False,False,False,False,False,True,False,False,False,False,False,False,False,False,False,False,False,True,False,False,14,0,305,11,11,7,1,3,0,583,3,1,1.5454545454545454,0,97,0.16638078902229847,4,0,0,0,162,172,0,14,28,8,3,0.0,0.0,445.0,15708.5,True,complex,2,36,28,0,4,0.7777777777777778,False,0,17,11,10,1,11,0.5238095238095238,False,10,1,0.9090909090909091,9,7,5,True,5,5,1.0,5,2,0,0.0,False,0,0,2,0,2025-12-22 17:44:32.316694,True,1,True
873,False,False,False,False,True,False,False,False,False,False,True,False,False,False,False,False,False,False,False,False,False,False,True,False,False,16,0,350,13,11,6,0,3,0,600,5,1,1.4615384615384615,0,81,0.135,4,0,0,0,176,208,0,16,32,11,3,0.0,0.0,510.0,14910.545454545454,True,complex,2,41,31,0,4,0.7560975609756098,False,0,19,13,12,1,11,0.4782608695652174,False,12,1,0.9230769230769231,7,6,4,True,5,12,0.8,8,2,0,0.0,False,0,0,2,0,2025-12-22 17:44:33.089106,True,1,True
874,False,False,True,False,True,False,False,False,False,False,True,False,False,False,False,False,False,False,False,False,False,False,True,False,False,20,0,483,18,18,6,0,3,0,636,3,1,1.6666666666666667,0,25,0.03930817610062893,6,0,0,0,213,317,0,20,41,11,4,0.0,0.0,683.0,27003.336363636365,True,complex,2,36,30,0,2,0.8333333333333334,False,0,24,18,12,1,18,0.6,False,18,0,0.6666666666666666,14,6,6,True,6,16,1.0,11,0,0,1.0,False,0,0,0,0,2025-12-22 17:44:34.025537,True,1,True
875,False,False,False,False,True,False,False,False,False,False,True,False,False,False,False,False,False,False,False,False,False,False,True,False,False,10,0,211,6,5,5,1,3,0,492,4,1,1.3333333333333333,0,98,0.1991869918699187,2,0,0,0,129,103,0,10,20,8,3,0.0,0.0,311.0,7817.7625,True,simple,0,19,14,0,4,0.7368421052631579,False,0,8,6,4,1,5,0.5555555555555556,False,5,1,0.6666666666666666,6,5,2,True,3,2,0.6666666666666666,2,0,0,1.0,False,0,0,0,0,2025-12-22 17:44:34.794676,True,1,True
876,False,False,False,False,True,False,False,False,False,False,True,False,False,False,True,False,False,False,False,False,False,False,True,False,False,18,1,375,23,20,16,0,3,0,675,7,1,1.3478260869565217,0,66,0.09777777777777778,8,0,0,0,213,202,0,19,36,13,5,0.0,0.0,560.0,15266.461538461539,True,critical,3,68,55,0,4,0.8088235294117647,False,0,25,23,16,1,20,0.5555555555555556,False,22,1,0.6956521739130435,14,16,8,True,12,18,0.6666666666666666,13,0,0,1.0,False,0,0,0,0,2025-12-22 17:44:35.591580,True,1,True
877,False,False,False,False,True,False,False,False,False,False,True,False,False,False,False,False,False,True,False,False,False,False,True,True,False,11,0,225,46,49,37,0,3,0,608,6,1,1.3043478260869565,0,167,0.2746710526315789,16,8,1,0,133,114,0,11,22,10,4,0.0,0.0,335.0,7128.8,True,critical,3,186,147,0,8,0.7903225806451613,False,8,60,46,44,2,49,0.5268817204301075,False,40,6,0.9565217391304348,14,37,24,True,29,42,0.8275862068965517,28,0,0,1.0,False,0,0,0,0,2025-12-22 17:44:36.446907,True,1,True
879,False,False,False,False,True,False,False,False,False,False,True,False,True,False,False,False,False,False,False,False,False,False,True,False,False,13,4,227,68,67,53,1,3,0,412,1,1,1.411764705882353,0,3,0.007281553398058253,27,0,0,0,128,127,0,17,22,13,4,0.0,0.0,377.0,6290.099999999999,True,complex,2,272,218,0,10,0.8014705882352942,False,8,96,68,68,1,67,0.4962962962962963,False,67,1,1.0,28,53,31,True,37,35,0.8378378378378378,33,22,0,0.0,False,0,0,22,0,2025-12-22 17:44:37.434992,True,1,True
880,False,False,False,False,True,False,False,False,False,False,True,False,False,False,False,False,False,False,False,False,False,False,True,False,False,14,0,305,11,11,7,1,3,0,583,3,1,1.5454545454545454,0,97,0.16638078902229847,4,0,0,0,162,172,0,14,28,8,3,0.0,0.0,445.0,15708.5,True,complex,2,36,28,0,4,0.7777777777777778,False,0,17,11,10,1,11,0.5238095238095238,False,10,1,0.9090909090909091,9,7,5,True,5,5,1.0,5,2,0,0.0,False,0,0,2,0,2025-12-22 17:44:38.217898,True,1,True
881,False,False,False,False,True,False,False,False,False,False,True,False,False,False,False,False,False,False,False,False,False,False,True,False,False,3,0,50,21,24,14,1,6,0,119,1,1,1.9047619047619047,0,3,0.025210084033613446,8,0,0,0,40,16,0,3,4,8,3,0.0,0.0,80.0,512.0,True,complex,2,82,69,1,8,0.8414634146341463,False,2,40,21,21,2,24,0.5333333333333333,False,20,1,1.0,12,14,11,True,11,12,1.0,12,4,0,0.0,False,0,0,4,0,2025-12-22 17:44:38.614722,True,1,True
882,False,False,False,False,True,False,False,False,False,False,True,False,False,False,False,False,False,False,False,False,False,False,True,False,False,15,0,321,22,24,8,0,3,0,574,5,1,1.7272727272727273,0,75,0.13066202090592335,8,0,0,0,166,187,0,15,30,12,3,0.0,0.0,471.0,11653.325,True,complex,2,48,40,0,2,0.8333333333333334,False,0,32,22,16,1,24,0.6,False,22,0,0.7272727272727273,16,8,8,True,8,18,1.0,13,0,0,1.0,False,0,0,0,0,2025-12-22 17:44:39.349919,True,1,True
884,False,False,False,False,True,False,False,False,False,False,True,False,False,False,False,False,False,False,False,False,False,False,True,False,False,14,0,294,57,53,44,3,3,0,498,2,1,1.3859649122807018,0,3,0.006024096385542169,21,0,0,0,151,171,0,14,28,7,3,0.0,0.0,434.0,16783.4,True,complex,2,218,172,0,9,0.7889908256880734,False,5,79,57,52,2,53,0.5047619047619047,False,51,6,0.9122807017543859,24,44,23,True,31,25,0.7419354838709677,25,20,0,0.0,False,0,0,20,0,2025-12-22 17:44:40.392879,True,1,True
885,False,False,False,False,True,False,False,False,False,False,True,False,False,False,False,False,False,False,False,False,False,False,True,False,False,9,0,163,43,43,41,0,3,0,356,2,1,1.4186046511627908,0,73,0.2050561797752809,17,0,0,0,105,78,0,9,18,8,3,0.0,0.0,253.0,5047.35,True,complex,2,194,159,0,9,0.8195876288659794,False,6,61,43,42,2,43,0.5058823529411764,False,41,2,0.9767441860465116,15,41,24,True,27,36,0.8888888888888888,25,18,0,0.0,False,0,0,18,0,2025-12-22 17:44:40.924591,True,1,True
886,False,False,False,False,True,False,False,False,False,False,True,False,False,False,False,False,False,True,False,False,False,False,True,False,False,10,0,204,46,49,37,0,3,0,697,5,1,1.3043478260869565,0,292,0.41893830703012913,16,8,1,0,117,107,0,10,20,9,4,0.0,0.0,304.0,6481.955555555556,True,critical,3,187,148,0,8,0.7914438502673797,False,8,60,46,44,2,49,0.5268817204301075,False,40,6,0.9565217391304348,15,37,24,True,30,42,0.8,28,0,0,1.0,False,0,0,0,0,2025-12-22 17:44:41.631857,True,1,True
888,False,False,False,False,True,False,False,False,False,False,True,False,False,False,False,False,False,False,False,False,False,False,True,False,False,9,0,163,43,43,41,0,3,0,356,2,1,1.4186046511627908,0,73,0.2050561797752809,17,0,0,0,105,78,0,9,18,8,3,0.0,0.0,253.0,5047.35,True,complex,2,194,159,0,9,0.8195876288659794,False,6,61,43,42,2,43,0.5058823529411764,False,41,2,0.9767441860465116,15,41,24,True,27,36,0.8888888888888888,25,18,0,0.0,False,0,0,18,0,2025-12-22 17:44:42.457062,True,1,True
889,False,False,False,False,True,False,False,False,False,False,True,False,False,False,True,False,False,False,False,False,False,False,True,False,False,13,0,262,6,5,4,0,3,0,546,7,1,1.3333333333333333,0,49,0.08974358974358974,2,0,0,0,145,145,0,13,26,10,4,0.0,0.0,392.0,9662.8,True,moderate,1,19,14,0,4,0.7368421052631579,False,0,8,6,4,1,5,0.5555555555555556,False,4,2,0.6666666666666666,6,4,2,True,3,3,0.6666666666666666,3,2,0,0.0,False,0,0,2,0,2025-12-22 17:44:43.258380,True,1,True
890,False,False,False,False,True,False,False,False,False,False,True,False,False,False,False,False,False,True,False,False,False,False,True,False,False,13,0,273,19,16,20,0,3,0,496,4,1,1.2105263157894737,0,3,0.006048387096774193,7,0,1,0,149,152,0,13,27,11,4,0.0,0.0,403.0,9356.927272727273,True,complex,2,77,60,0,4,0.7792207792207793,False,3,23,19,14,1,16,0.5333333333333333,False,18,1,0.7368421052631579,10,20,8,True,12,10,0.6666666666666666,8,0,0,1.0,False,0,0,0,0,2025-12-22 17:44:43.978889,True,1,True
892,False,False,False,False,True,False,False,False,False,False,True,False,False,False,False,False,False,True,False,False,False,False,True,False,False,10,0,174,20,18,14,0,3,0,315,2,1,1.4,0,38,0.12063492063492064,7,0,0,0,107,87,0,10,20,8,4,0.0,0.0,274.0,5750.575,True,complex,2,57,46,0,4,0.8070175438596491,False,0,23,20,14,1,18,0.5625,False,19,1,0.7,13,14,7,True,10,17,0.7,12,6,0,0.0,False,0,0,6,0,2025-12-22 17:44:44.864155,True,1,True
893,True,False,True,False,True,True,True,False,False,False,True,False,False,False,False,False,False,False,False,False,False,False,True,False,False,11,1,216,13,12,13,1,3,0,399,4,1,1.3076923076923077,0,3,0.007518796992481203,5,0,0,0,130,110,0,12,22,13,4,0.0,0.0,331.0,5270.538461538461,True,complex,2,50,39,0,4,0.78,False,0,17,13,11,1,12,0.5217391304347826,False,12,1,0.8461538461538461,8,13,6,True,8,6,0.75,6,6,0,0.0,False,0,0,6,0,2025-12-22 17:44:45.547513,True,1,True
894,False,False,False,False,True,False,False,False,False,False,True,False,False,False,False,False,False,True,False,False,False,False,True,False,False,13,0,273,19,16,20,0,3,0,496,4,1,1.2105263157894737,0,3,0.006048387096774193,7,0,1,0,149,152,0,13,27,11,4,0.0,0.0,403.0,9356.927272727273,True,complex,2,77,60,0,4,0.7792207792207793,False,3,23,19,14,1,16,0.5333333333333333,False,18,1,0.7368421052631579,10,20,8,True,12,10,0.6666666666666666,8,0,0,1.0,False,0,0,0,0,2025-12-22 17:44:46.274508,True,1,True
895,False,False,True,False,True,False,False,False,False,False,True,False,False,False,False,False,False,False,False,False,False,False,True,False,False,11,0,220,54,57,44,1,17,0,423,1,1,1.7962962962962963,1,39,0.09219858156028368,26,0,0,0,137,104,0,11,22,13,5,0.0,0.0,330.0,5325.692307692308,True,critical,3,271,238,2,13,0.8782287822878229,True,1,97,54,54,1,57,0.5135135135135135,False,53,1,1.0,21,44,28,True,35,52,0.8,29,21,0,0.0,False,0,0,21,0,2025-12-22 17:44:46.951826,True,1,True
896,False,False,False,False,True,False,False,False,False,False,True,False,False,False,False,False,False,False,False,False,False,False,True,False,False,5,0,81,27,28,27,0,3,0,174,1,1,1.4444444444444444,0,3,0.017241379310344827,11,0,0,0,59,35,0,5,10,9,3,0.0,0.0,131.0,1215.388888888889,True,complex,2,116,95,0,8,0.8189655172413793,False,3,39,27,24,1,28,0.5384615384615384,False,26,1,0.8888888888888888,12,27,14,True,16,18,0.875,14,10,0,0.0,False,0,0,10,0,2025-12-22 17:44:47.424265,True,1,True
897,False,False,True,False,True,False,False,False,False,False,True,False,False,False,False,False,False,False,False,False,False,False,True,False,False,23,14,497,109,177,101,2,29,0,1159,2,1,2.6055045871559632,5,143,0.12338222605694564,41,27,0,0,214,340,0,37,40,13,5,0.0,0.0,797.0,27711.076923076922,True,critical,3,723,695,34,31,0.9612724757952974,True,6,284,109,108,2,177,0.6210526315789474,False,98,11,0.9908256880733946,40,101,50,True,64,72,0.78125,59,0,0,1.0,False,0,0,0,0,2025-12-22 17:44:49.865285,True,1,True
898,False,False,False,False,True,False,False,False,False,False,True,False,False,False,False,False,False,False,False,False,False,False,True,False,False,14,0,284,23,23,10,0,3,0,521,5,1,1.608695652173913,0,49,0.09404990403071017,8,0,0,0,155,159,0,14,28,12,3,0.0,0.0,424.0,9409.266666666666,True,complex,2,53,43,0,4,0.8113207547169812,False,0,31,23,16,1,23,0.5897435897435898,False,22,1,0.6956521739130435,17,10,8,True,9,18,0.8888888888888888,13,2,0,0.0,False,0,0,2,0,2025-12-22 17:44:50.613784,True,1,True
899,False,False,True,False,True,False,False,False,False,False,True,False,False,False,False,False,False,False,False,False,False,False,True,False,False,14,0,312,9,6,10,1,1,0,515,5,1,1.0,0,7,0.013592233009708738,3,0,0,0,171,174,0,14,30,15,5,0.0,0.0,452.0,8823.04,True,moderate,1,38,29,0,4,0.7631578947368421,False,0,9,9,7,1,6,0.46153846153846156,False,8,1,0.7777777777777778,4,10,4,True,6,4,0.6666666666666666,4,0,0,1.0,False,0,0,0,0,2025-12-22 17:44:51.483650,True,1,True
900,False,False,True,False,True,False,False,False,False,False,True,False,False,False,False,False,False,False,False,False,False,False,True,False,False,10,0,174,43,44,50,1,9,0,314,2,1,1.558139534883721,0,15,0.04777070063694268,18,0,1,0,99,98,0,10,20,9,4,0.0,0.0,274.0,5102.488888888888,True,critical,3,210,179,0,15,0.8523809523809524,False,4,67,43,42,1,44,0.5116279069767442,False,41,2,0.9767441860465116,15,50,20,True,28,23,0.7142857142857143,22,20,0,0.0,False,0,0,20,0,2025-12-22 17:44:52.025619,True,1,True
901,False,False,False,False,True,False,False,False,False,False,True,False,False,False,False,False,False,False,False,True,False,False,True,False,False,14,1,310,11,11,7,1,3,0,622,6,1,1.5454545454545454,0,72,0.1157556270096463,4,0,0,0,174,166,0,15,28,10,4,0.0,0.0,455.0,13204.100000000002,True,complex,2,35,27,0,4,0.7714285714285715,False,0,17,11,9,1,11,0.55,False,9,2,0.8181818181818182,9,7,5,True,5,5,1.0,5,0,0,1.0,False,0,0,0,0,2025-12-22 17:44:52.909915,True,1,True
902,False,False,False,False,True,True,True,False,False,False,True,False,False,False,True,False,False,True,False,False,False,False,True,False,False,20,0,481,60,52,48,0,5,0,947,13,1,1.4166666666666667,0,3,0.0031678986272439284,16,6,1,0,211,312,0,20,41,14,5,0.0,0.0,681.0,20887.242857142854,True,critical,3,265,217,1,10,0.8188679245283019,False,12,85,60,63,2,52,0.45217391304347826,False,51,9,1.05,23,48,26,True,28,86,0.9285714285714286,36,0,0,1.0,False,0,0,0,0,2025-12-22 17:44:54.291882,True,1,True
903,False,False,False,False,True,False,False,False,False,False,True,False,False,False,True,False,False,False,False,False,False,False,True,False,False,14,0,286,6,5,4,0,3,0,572,7,1,1.3333333333333333,0,55,0.09615384615384616,2,0,0,0,152,164,0,14,28,10,4,0.0,0.0,426.0,11365.68,True,moderate,1,19,14,0,4,0.7368421052631579,False,0,8,6,4,1,5,0.5555555555555556,False,4,2,0.6666666666666666,6,4,2,True,3,3,0.6666666666666666,3,2,0,0.0,False,0,0,2,0,2025-12-22 17:44:55.127040,True,1,True
904,False,False,False,False,True,False,False,False,False,False,True,False,False,False,False,False,False,False,False,False,False,False,True,False,False,5,0,81,27,28,27,0,3,0,174,1,1,1.4444444444444444,0,3,0.017241379310344827,11,0,0,0,59,35,0,5,10,9,3,0.0,0.0,131.0,1215.388888888889,True,complex,2,116,95,0,8,0.8189655172413793,False,3,39,27,24,1,28,0.5384615384615384,False,26,1,0.8888888888888888,12,27,14,True,16,18,0.875,14,10,0,0.0,False,0,0,10,0,2025-12-22 17:44:55.552158,True,1,True
906,False,False,False,False,True,False,False,False,False,False,True,False,False,False,False,False,False,False,False,False,False,False,True,False,False,10,0,194,53,53,49,0,5,0,365,1,1,1.5660377358490567,0,8,0.021917808219178082,22,0,0,0,117,98,0,10,20,9,3,0.0,0.0,294.0,6062.933333333334,True,complex,2,234,196,0,10,0.8376068376068376,False,5,83,53,49,1,53,0.5196078431372549,False,52,1,0.9245283018867925,20,49,28,True,31,37,0.9032258064516129,30,20,0,0.0,False,0,0,20,0,2025-12-22 17:44:56.444962,True,1,True
907,False,False,False,False,True,False,False,False,False,False,True,False,False,False,False,False,False,False,False,False,False,False,True,False,False,10,0,187,16,12,11,0,3,0,379,4,1,1.25,0,63,0.1662269129287599,5,0,0,0,119,92,0,10,20,8,3,0.0,0.0,287.0,6579.475,True,complex,2,45,36,0,4,0.8,False,0,15,16,10,1,12,0.5454545454545454,False,15,1,0.625,11,11,5,True,8,15,0.625,10,0,0,1.0,False,0,0,0,0,2025-12-22 17:44:57.086672,True,1,True
908,True,True,False,True,True,False,False,False,False,False,False,False,False,False,False,False,False,False,False,False,False,False,True,False,False,17,0,103,39,35,33,0,3,7,307,3,1,1.8205128205128205,0,23,0.0749185667752443,1,5,1,0,66,54,0,17,16,10,4,0.0,0.0,273.0,2833.7400000000002,True,complex,2,187,164,0,6,0.8770053475935828,False,11,71,39,40,2,35,0.4666666666666667,False,36,3,1.0256410256410255,14,33,8,True,34,23,0.23529411764705882,12,0,0,1.0,False,0,0,0,0,2025-12-22 17:44:57.639958,True,1,True
909,True,True,False,True,True,False,False,False,False,False,False,False,False,False,False,False,False,False,False,False,False,False,True,False,False,13,0,90,30,25,30,0,5,5,274,1,1,2.2,0,22,0.08029197080291971,1,0,0,0,63,41,0,13,15,9,4,0.0,0.0,220.0,2241.5555555555557,True,complex,2,176,164,0,10,0.9318181818181818,False,4,66,30,33,1,25,0.43103448275862066,False,29,1,1.1,9,30,9,True,25,17,0.36,10,20,0,0.0,False,0,0,20,0,2025-12-22 17:44:58.218543,True,1,True
910,True,True,False,True,True,False,False,False,False,False,False,False,False,False,False,False,False,False,False,False,False,False,True,False,False,12,0,79,26,22,25,0,3,4,286,2,1,2.0,0,85,0.2972027972027972,0,0,0,0,60,33,0,12,13,9,4,0.0,0.0,199.0,1837.4333333333334,True,complex,2,150,136,0,8,0.9066666666666666,False,6,52,26,31,2,22,0.41509433962264153,False,24,2,1.1923076923076923,9,25,9,True,22,21,0.4090909090909091,10,17,0,0.0,False,0,0,17,0,2025-12-22 17:44:58.702588,True,1,True
911,True,True,False,True,True,False,False,False,False,False,False,False,False,False,False,False,False,False,False,False,False,False,True,False,False,28,0,225,15,11,8,0,3,3,541,4,1,1.8,0,82,0.15157116451016636,0,0,0,0,136,121,0,28,32,10,4,0.0,0.0,505.0,11145.349999999999,True,moderate,1,47,44,0,5,0.9361702127659575,False,0,21,15,8,1,11,0.5789473684210527,False,14,1,0.5333333333333333,11,8,1,True,11,11,0.09090909090909091,6,0,0,1.0,False,0,0,0,0,2025-12-22 17:44:59.528801,True,1,True
912,True,True,False,True,True,False,False,False,False,False,False,False,False,False,False,False,False,False,False,False,False,False,True,False,False,22,0,135,36,28,27,3,3,7,372,2,1,1.7777777777777777,0,22,0.05913978494623656,0,0,0,0,82,75,0,22,21,7,4,0.0,0.0,355.0,6821.071428571428,True,complex,2,167,145,0,6,0.8682634730538922,False,5,64,36,36,2,28,0.4375,False,30,6,1.0,15,27,5,True,28,7,0.17857142857142858,7,21,0,0.0,False,0,0,21,0,2025-12-22 17:45:00.213317,True,1,True
913,True,True,False,True,True,False,False,False,False,False,False,False,True,False,False,False,False,False,False,False,False,False,True,False,False,8,1,37,14,14,8,0,6,3,161,1,1,3.0,0,26,0.16149068322981366,0,0,0,0,36,13,0,9,4,12,5,0.0,0.0,122.0,458.51666666666665,True,moderate,1,97,92,3,12,0.9484536082474226,False,7,42,14,16,2,14,0.4666666666666667,False,11,3,1.1428571428571428,8,8,4,True,10,21,0.4,7,7,0,0.0,False,0,0,7,0,2025-12-22 17:45:00.724829,True,1,True
914,True,True,False,True,True,False,False,False,False,False,False,False,False,False,False,False,False,True,False,False,False,False,True,False,False,17,0,94,28,25,24,0,3,3,318,5,1,1.6428571428571428,0,30,0.09433962264150944,0,5,1,0,63,48,0,17,15,11,5,0.0,0.0,264.0,2318.4,True,complex,2,125,106,0,6,0.848,False,6,46,28,28,2,25,0.4716981132075472,False,22,6,1.0,10,24,7,True,19,23,0.3684210526315789,12,0,0,1.0,False,0,0,0,0,2025-12-22 17:45:01.397546,True,1,True
915,True,True,False,True,True,False,False,False,False,False,False,False,False,False,False,False,False,False,False,False,False,False,True,False,False,22,0,137,6,4,4,1,3,1,404,3,1,2.0,0,58,0.14356435643564355,0,0,0,0,88,71,0,22,19,10,4,0.0,0.0,357.0,4915.889999999999,True,moderate,1,26,23,0,4,0.8846153846153846,False,0,12,6,6,1,4,0.4,False,5,1,1.0,6,4,1,True,4,1,0.25,1,0,0,1.0,False,0,0,0,0,2025-12-22 17:45:02.053363,True,1,True
916,True,True,False,True,True,True,True,True,False,False,False,False,True,False,True,False,False,False,False,False,False,False,True,False,False,24,4,125,9,4,4,0,3,0,505,3,1,1.2222222222222223,0,33,0.06534653465346535,0,0,0,0,86,71,0,28,21,20,6,0.0,0.0,385.0,2612.2250000000004,True,moderate,1,21,17,0,4,0.8095238095238095,False,0,7,9,5,1,4,0.4444444444444444,False,8,1,0.5555555555555556,7,4,1,True,4,9,0.25,5,4,0,0.0,False,0,0,4,0,2025-12-22 17:45:03.481961,True,1,True
917,True,True,False,True,True,False,False,False,False,False,False,False,False,False,False,False,False,True,False,False,False,False,True,False,False,28,1,215,5,5,4,1,3,2,587,5,1,1.8,0,54,0.0919931856899489,0,0,0,0,125,121,0,29,33,13,5,0.0,0.0,500.0,8065.384615384615,True,moderate,1,24,21,0,5,0.875,False,0,9,5,4,1,5,0.5555555555555556,False,5,0,0.8,5,4,2,True,5,2,0.4,2,0,0,1.0,False,0,0,0,0,2025-12-22 17:45:04.359870,True,1,True
919,True,True,False,True,True,False,False,False,False,False,False,False,False,False,False,False,False,False,False,False,False,False,True,False,False,22,0,123,40,38,44,4,5,9,341,1,1,2.15,0,22,0.06451612903225806,5,0,0,0,79,66,0,22,19,8,4,0.0,0.0,343.0,5367.95,True,complex,2,240,223,0,11,0.9291666666666667,False,1,86,40,61,2,38,0.3838383838383838,False,37,3,1.525,13,44,8,True,38,8,0.21052631578947367,8,28,1,0.034482758620689655,False,0,1,28,0,2025-12-22 17:45:05.305670,True,1,True
922,True,True,False,True,True,False,False,False,False,False,False,False,False,False,False,False,False,False,False,False,False,False,True,False,False,23,0,149,6,7,6,1,3,3,467,3,1,2.0,0,116,0.24839400428265523,0,0,0,0,94,79,0,23,21,9,4,0.0,0.0,379.0,6287.188888888889,True,moderate,1,33,30,0,6,0.9090909090909091,False,0,12,6,6,1,7,0.5384615384615384,False,6,0,1.0,6,6,1,True,7,1,0.14285714285714285,1,4,0,0.0,False,0,0,4,0,2025-12-22 17:45:06.616562,True,1,True
923,True,True,False,True,True,False,False,False,False,False,False,False,False,False,False,False,False,False,False,False,False,False,True,False,False,25,0,159,9,5,5,0,3,1,459,5,1,1.6666666666666667,0,101,0.22004357298474944,0,0,0,0,95,91,0,25,24,11,4,0.0,0.0,409.0,5900.754545454545,True,moderate,1,38,32,0,5,0.8421052631578947,False,0,15,9,11,1,5,0.3125,False,8,1,1.2222222222222223,4,5,1,True,5,9,0.2,5,4,0,0.0,False,0,0,4,0,2025-12-22 17:45:07.322400,True,1,True
924,True,True,True,True,True,False,False,False,False,False,False,False,False,False,False,False,False,False,False,False,False,False,True,False,False,28,0,193,12,9,8,0,3,3,471,3,1,1.5,0,48,0.10191082802547771,0,0,0,0,115,113,0,28,31,12,5,0.0,0.0,473.0,7650.775000000001,True,moderate,1,36,33,0,6,0.9166666666666666,False,0,12,12,8,1,9,0.5294117647058824,False,12,0,0.6666666666666666,9,8,2,True,9,12,0.2222222222222222,7,0,0,1.0,False,0,0,0,0,2025-12-22 17:45:08.127616,True,1,True
925,True,True,False,True,True,False,False,False,False,False,False,False,False,False,False,False,False,False,False,False,False,False,True,False,False,18,0,116,3,3,3,1,1,1,410,4,1,1.0,0,114,0.2780487804878049,0,0,0,0,81,54,0,18,16,9,4,0.0,0.0,296.0,3907.2,True,simple,0,13,10,0,5,0.7692307692307693,False,0,3,3,2,1,3,0.6,False,3,0,0.6666666666666666,2,3,1,True,3,1,0.3333333333333333,1,0,0,1.0,False,0,0,0,0,2025-12-22 17:45:08.847499,True,1,True
926,True,True,False,True,True,False,False,False,False,False,False,False,False,False,True,False,False,False,False,False,False,False,True,False,False,26,1,174,15,9,9,0,3,1,526,7,1,1.8,0,88,0.16730038022813687,0,0,0,0,124,80,0,27,27,14,5,0.0,0.0,439.0,5644.285714285715,True,complex,2,47,44,0,4,0.9361702127659575,False,0,21,15,11,1,9,0.45,False,14,1,0.7333333333333333,11,9,1,True,9,11,0.1111111111111111,6,0,0,1.0,False,0,0,0,0,2025-12-22 17:45:09.624389,True,1,True
927,True,True,False,True,True,False,False,False,False,False,False,False,False,False,False,False,False,True,False,False,False,False,True,True,False,20,0,123,30,29,22,0,3,3,518,6,1,1.6666666666666667,0,183,0.3532818532818533,0,8,1,0,80,63,0,20,18,11,5,0.0,0.0,323.0,3644.0272727272722,True,critical,3,139,119,0,5,0.8561151079136691,False,8,50,30,34,2,29,0.4603174603174603,False,24,6,1.1333333333333333,8,22,10,True,23,28,0.43478260869565216,14,0,0,1.0,False,0,0,0,0,2025-12-22 17:45:10.389907,True,1,True
929,True,True,False,True,True,False,False,False,False,False,False,False,True,False,False,False,False,False,False,False,False,False,True,False,False,21,4,116,43,36,36,1,3,8,323,1,1,1.7906976744186047,0,19,0.058823529411764705,2,0,0,0,76,65,0,25,17,14,5,0.0,0.0,346.0,3002.785714285714,True,complex,2,219,193,0,10,0.8812785388127854,False,8,77,43,52,1,36,0.4090909090909091,False,42,1,1.2093023255813953,15,36,10,True,34,14,0.29411764705882354,12,25,0,0.0,False,0,0,25,0,2025-12-22 17:45:11.365159,True,1,True
930,True,True,False,True,True,False,False,False,False,False,False,False,False,False,False,False,False,False,False,False,False,False,True,False,False,23,0,149,6,7,6,1,3,3,467,3,1,2.0,0,116,0.24839400428265523,0,0,0,0,94,79,0,23,21,9,4,0.0,0.0,379.0,6287.188888888889,True,moderate,1,33,30,0,6,0.9090909090909091,False,0,12,6,6,1,7,0.5384615384615384,False,6,0,1.0,6,6,1,True,7,1,0.14285714285714285,1,4,0,0.0,False,0,0,4,0,2025-12-22 17:45:12.099316,True,1,True
931,True,True,False,True,True,False,False,False,False,False,True,False,False,False,False,False,False,False,False,False,False,False,True,False,False,7,0,32,13,13,10,1,6,3,100,1,1,2.4615384615384617,0,9,0.09,0,0,0,0,28,12,0,7,5,9,5,0.0,0.0,102.0,412.5333333333333,True,moderate,1,74,69,1,8,0.9324324324324325,False,2,32,13,15,2,13,0.4642857142857143,False,12,1,1.1538461538461537,7,10,4,True,12,5,0.3333333333333333,5,8,0,0.0,False,0,0,8,0,2025-12-22 17:45:12.502121,True,1,True
932,True,True,False,True,True,False,False,False,False,False,False,False,False,False,False,False,False,False,False,False,False,False,True,False,False,23,0,147,15,11,10,0,3,3,443,5,1,1.5333333333333334,0,94,0.21218961625282168,0,0,0,0,91,81,0,23,21,12,4,0.0,0.0,377.0,4640.241666666667,True,moderate,1,47,42,0,6,0.8936170212765957,False,0,17,15,11,1,11,0.5,False,14,1,0.7333333333333333,10,10,3,True,11,13,0.2727272727272727,8,0,0,1.0,False,0,0,0,0,2025-12-22 17:45:13.206965,True,1,True
934,True,True,False,True,True,False,False,False,False,False,False,False,False,False,False,False,False,False,False,False,False,False,True,False,False,23,0,138,36,28,27,3,3,7,382,2,1,1.7777777777777777,0,22,0.05759162303664921,0,0,0,0,83,78,0,23,21,7,4,0.0,0.0,368.0,7233.828571428571,True,complex,2,167,145,0,6,0.8682634730538922,False,5,64,36,36,2,28,0.4375,False,30,6,1.0,15,27,5,True,28,7,0.17857142857142858,7,21,0,0.0,False,0,0,21,0,2025-12-22 17:45:14.224037,True,1,True
935,True,True,False,True,True,False,False,False,False,False,False,False,False,False,False,False,False,False,False,False,False,False,True,False,False,12,0,79,26,22,25,0,3,4,283,2,1,2.0,0,82,0.28975265017667845,0,0,0,0,60,33,0,12,13,9,4,0.0,0.0,199.0,1837.4333333333334,True,complex,2,150,136,0,8,0.9066666666666666,False,6,52,26,31,2,22,0.41509433962264153,False,24,2,1.1923076923076923,9,25,9,True,22,21,0.4090909090909091,10,17,0,0.0,False,0,0,17,0,2025-12-22 17:45:14.714572,True,1,True
936,True,True,False,True,True,False,False,False,False,False,False,False,False,False,False,False,False,True,False,False,False,False,True,False,False,18,0,109,30,30,22,0,3,4,615,5,1,1.6666666666666667,0,308,0.5008130081300813,0,8,1,0,69,58,0,18,16,10,5,0.0,0.0,289.0,3167.44,True,complex,2,140,120,0,5,0.8571428571428571,False,8,50,30,33,2,30,0.47619047619047616,False,24,6,1.1,10,22,11,True,25,29,0.44,15,0,0,1.0,False,0,0,0,0,2025-12-22 17:45:15.408422,True,1,True
938,True,True,False,True,True,False,False,False,False,False,False,False,False,False,False,False,False,False,False,False,False,False,True,False,False,12,0,79,26,22,25,0,3,4,283,2,1,2.0,0,82,0.28975265017667845,0,0,0,0,60,33,0,12,13,9,4,0.0,0.0,199.0,1837.4333333333334,True,complex,2,150,136,0,8,0.9066666666666666,False,6,52,26,31,2,22,0.41509433962264153,False,24,2,1.1923076923076923,9,25,9,True,22,21,0.4090909090909091,10,17,0,0.0,False,0,0,17,0,2025-12-22 17:45:16.201450,True,1,True
939,True,True,False,True,True,False,False,False,False,False,False,False,False,False,True,False,False,False,False,False,False,False,True,False,False,22,0,131,3,3,3,0,3,1,439,7,1,2.3333333333333335,0,66,0.15034168564920272,0,0,0,0,82,73,0,22,20,10,5,0.0,0.0,351.0,4671.8099999999995,True,moderate,1,15,14,0,5,0.9333333333333333,False,0,7,3,3,1,3,0.5,False,2,1,1.0,3,3,0,True,3,1,0.0,1,2,0,0.0,False,0,0,2,0,2025-12-22 17:45:16.950968,True,1,True
940,True,True,False,True,True,False,False,False,False,False,False,False,False,False,False,False,False,True,False,False,False,False,True,False,False,22,0,136,12,9,10,0,3,2,389,4,1,1.8333333333333333,0,20,0.05141388174807198,0,0,1,0,86,74,0,22,21,12,5,0.0,0.0,356.0,4088.0666666666666,True,moderate,1,52,45,0,5,0.8653846153846154,False,3,22,12,8,1,9,0.5294117647058824,False,11,1,0.6666666666666666,8,10,1,True,9,3,0.1111111111111111,1,0,0,1.0,False,0,0,0,0,2025-12-22 17:45:17.640718,True,1,True
942,True,True,False,True,True,False,False,False,False,False,False,False,False,False,False,False,False,True,False,False,False,False,True,False,False,13,0,79,13,9,10,0,3,2,237,2,1,1.9230769230769231,0,49,0.20675105485232068,0,0,0,0,58,34,0,13,13,8,5,0.0,0.0,209.0,2137.025,True,moderate,1,45,43,0,6,0.9555555555555556,False,0,20,13,11,1,9,0.45,False,12,1,0.8461538461538461,10,10,1,True,9,11,0.1111111111111111,6,7,0,0.0,False,0,0,7,0,2025-12-22 17:45:18.470766,True,1,True
943,True,True,True,True,True,True,True,False,False,False,False,False,False,False,False,False,False,False,False,False,False,False,True,False,False,19,1,118,8,6,8,1,3,1,310,4,1,1.5,0,19,0.06129032258064516,0,0,0,0,78,61,0,20,17,15,5,0.0,0.0,313.0,2518.6066666666666,True,moderate,1,33,27,0,5,0.8181818181818182,False,0,12,8,8,1,6,0.42857142857142855,False,7,1,1.0,6,8,3,True,6,3,0.5,3,5,0,0.0,False,0,0,5,0,2025-12-22 17:45:19.083370,True,1,True
944,True,True,False,True,True,False,False,False,False,False,False,False,False,False,False,False,False,True,False,False,False,False,True,False,False,22,0,136,12,9,10,0,3,2,389,4,1,1.8333333333333333,0,20,0.05141388174807198,0,0,1,0,86,74,0,22,21,12,5,0.0,0.0,356.0,4088.0666666666666,True,moderate,1,52,45,0,5,0.8653846153846154,False,3,22,12,8,1,9,0.5294117647058824,False,11,1,0.6666666666666666,8,10,1,True,9,3,0.1111111111111111,1,0,0,1.0,False,0,0,0,0,2025-12-22 17:45:19.781999,True,1,True
945,True,True,True,True,True,False,False,False,False,False,False,False,False,False,False,False,False,False,False,False,False,False,True,False,False,16,0,120,33,31,27,1,17,6,344,1,1,2.5454545454545454,1,53,0.15406976744186046,5,0,0,0,87,49,0,16,17,13,5,0.0,0.0,280.0,2612.6153846153848,True,critical,3,223,215,2,13,0.9641255605381166,True,1,84,33,40,1,31,0.43661971830985913,False,32,1,1.2121212121212122,10,27,9,True,31,33,0.2903225806451613,10,22,0,0.0,False,0,0,22,0,2025-12-22 17:45:20.462067,True,1,True
946,True,True,False,True,True,False,False,False,False,False,False,False,False,False,False,False,False,False,False,False,False,False,True,False,False,9,0,40,16,15,18,0,3,4,132,1,1,2.125,0,9,0.06818181818181818,0,0,0,0,34,18,0,9,7,10,4,0.0,0.0,130.0,605.8,True,moderate,1,94,87,0,7,0.925531914893617,False,3,34,16,16,1,15,0.4838709677419355,False,15,1,1.0,8,18,4,True,15,8,0.26666666666666666,4,11,0,0.0,False,0,0,11,0,2025-12-22 17:45:20.905914,True,1,True
947,True,True,True,True,True,False,False,False,False,False,True,False,False,False,False,False,False,False,False,False,False,False,True,False,False,31,14,214,71,129,69,2,29,10,1007,2,1,3.7464788732394365,5,167,0.16583912611717974,1,27,0,0,120,139,0,45,32,15,6,0.0,0.0,594.0,8605.08,True,critical,3,631,651,34,31,1.0316957210776545,True,6,266,71,82,2,129,0.6113744075829384,False,60,11,1.1549295774647887,25,69,16,True,56,38,0.2857142857142857,25,0,0,1.0,False,0,0,0,0,2025-12-22 17:45:23.129515,True,1,True
948,True,True,False,True,True,False,False,False,False,False,False,False,False,False,False,False,False,False,False,False,False,False,True,False,False,22,0,138,15,11,10,0,3,3,399,5,1,1.6666666666666667,0,68,0.17042606516290726,0,0,0,0,84,78,0,22,21,12,4,0.0,0.0,358.0,4134.9,True,moderate,1,48,44,0,6,0.9166666666666666,False,0,19,15,11,1,11,0.5,False,14,1,0.7333333333333333,10,10,2,True,11,12,0.18181818181818182,7,8,0,0.0,False,0,0,8,0,2025-12-22 17:45:23.782657,True,1,True
949,True,True,True,True,True,False,False,False,False,False,False,False,False,False,False,False,False,False,False,False,False,False,True,False,False,22,0,162,6,3,4,1,3,0,402,5,1,1.6666666666666667,0,26,0.06467661691542288,0,0,0,0,103,86,0,22,23,16,5,0.0,0.0,382.0,3896.4,True,simple,0,22,18,0,4,0.8181818181818182,False,0,10,6,5,1,3,0.375,False,5,1,0.8333333333333334,5,4,1,True,3,1,0.3333333333333333,1,0,0,1.0,False,0,0,0,0,2025-12-22 17:45:24.583621,True,1,True
950,True,True,True,True,True,False,False,False,False,False,False,False,False,False,False,False,False,False,False,False,False,False,True,False,False,13,0,76,25,23,32,1,9,5,236,2,1,2.36,0,26,0.11016949152542373,0,0,1,0,50,42,0,13,13,10,5,0.0,0.0,206.0,1635.64,True,critical,3,162,154,0,15,0.9506172839506173,False,4,59,25,30,1,23,0.4339622641509434,False,23,2,1.2,9,32,4,True,23,7,0.17391304347826086,6,18,0,0.0,False,0,0,18,0,2025-12-22 17:45:25.161777,True,1,True
951,True,True,False,True,True,False,False,False,False,False,False,False,False,False,False,False,False,False,False,True,False,False,True,False,False,23,1,153,6,7,6,1,3,3,506,6,1,2.0,0,91,0.17984189723320157,0,0,0,0,106,72,0,24,21,11,5,0.0,0.0,388.0,5516.654545454545,True,moderate,1,31,28,0,5,0.9032258064516129,False,0,12,6,5,1,7,0.5833333333333334,False,5,1,0.8333333333333334,6,6,2,True,7,2,0.2857142857142857,2,0,0,1.0,False,0,0,0,0,2025-12-22 17:45:25.931871,True,1,True
952,True,True,False,True,True,True,True,False,False,False,False,False,False,False,True,False,False,True,False,False,False,False,True,False,False,28,0,217,46,34,32,0,5,2,795,13,1,1.891304347826087,0,27,0.033962264150943396,0,6,1,0,117,130,0,28,33,14,6,0.0,0.0,497.0,7384.0,True,critical,3,221,195,1,9,0.8823529411764706,False,12,87,46,53,2,34,0.39080459770114945,False,37,9,1.1521739130434783,22,32,12,True,22,72,0.5454545454545454,22,0,0,1.0,False,0,0,0,0,2025-12-22 17:45:27.178532,True,1,True
953,True,True,False,True,True,False,False,False,False,False,False,False,False,False,True,False,False,False,False,False,False,False,True,False,False,22,0,137,4,3,2,0,3,1,459,7,1,2.0,0,74,0.16122004357298475,0,0,0,0,84,77,0,22,21,10,5,0.0,0.0,357.0,4923.030000000001,True,moderate,1,16,14,0,5,0.875,False,0,8,4,3,1,3,0.5,False,2,2,0.75,4,2,0,True,3,1,0.0,1,2,0,0.0,False,0,0,2,0,2025-12-22 17:45:27.964840,True,1,True
954,True,True,False,True,True,False,False,False,False,False,False,False,False,False,False,False,False,False,False,False,False,False,True,False,False,9,0,40,16,15,18,0,3,4,132,1,1,2.125,0,9,0.06818181818181818,0,0,0,0,34,18,0,9,7,10,4,0.0,0.0,130.0,605.8,True,moderate,1,94,87,0,7,0.925531914893617,False,3,34,16,16,1,15,0.4838709677419355,False,15,1,1.0,8,18,4,True,15,8,0.26666666666666666,4,11,0,0.0,False,0,0,11,0,2025-12-22 17:45:28.402243,True,1,True
956,True,True,False,True,True,False,False,False,False,False,False,False,False,False,False,False,False,False,False,False,False,False,True,False,False,15,0,94,32,27,32,0,5,6,286,1,1,2.1875,0,22,0.07692307692307693,1,0,0,0,67,43,0,15,15,9,4,0.0,0.0,244.0,2632.488888888889,True,complex,2,186,173,0,10,0.9301075268817204,False,5,70,32,35,1,27,0.43548387096774194,False,31,1,1.09375,10,32,9,True,27,18,0.3333333333333333,11,21,0,0.0,False,0,0,21,0,2025-12-22 17:45:29.241992,True,1,True
957,True,True,False,True,True,False,False,False,False,False,False,False,False,False,False,False,False,False,False,False,False,False,True,False,False,15,0,93,11,5,7,0,3,0,300,4,1,1.7272727272727273,0,77,0.25666666666666665,0,0,0,0,69,43,0,15,15,9,4,0.0,0.0,243.0,2675.7000000000003,True,moderate,1,31,29,0,4,0.9354838709677419,False,0,14,11,9,1,5,0.35714285714285715,False,10,1,0.8181818181818182,9,7,0,True,5,10,0.0,5,0,0,1.0,False,0,0,0,0,2025-12-22 17:45:29.873994,True,1,True
