contract_id,contract_name,file_path,dataset,data_source,extraction_mode,extraction_status,has_reentrancy,has_tx_origin,has_unchecked_call,has_delegatecall,has_timestamp_dependence,has_access_control_issue,has_arithmetic_issue,has_unchecked_low_level_call,has_dangerous_strict_equality,has_locked_ether,has_state_variable_shadowing,has_uninitialized_storage,has_naming_convention_violation,has_unused_state_variable,has_costly_loop,has_external_function,has_deprecated_construct,has_incorrect_equality,has_boolean_constant_misuse,has_divide_before_multiply,has_weak_randomness,has_assembly_usage,has_low_level_calls,high_severity_count,medium_severity_count,low_severity_count,num_functions,num_state_vars,num_modifiers,num_events,num_external_calls,num_low_level_calls,num_payable_functions,inheritance_depth,max_cyclomatic_complexity,avg_function_complexity,total_cyclomatic_complexity,lines_of_code,comment_lines,comment_to_code_ratio,total_detectors_fired,high_confidence_count,medium_confidence_count,low_confidence_count,unique_detector_types,detectors_per_function,detectors_per_loc,security_risk_score,code_quality_score,overall_risk_score,is_high_risk,cei_violations,cei_safe_functions,cei_pattern_score,has_reentrancy_guard,functions_with_reentrancy_guard,state_before_call_count,state_after_call_count,unchecked_calls_in_critical_context,cfg_num_cycles,cfg_max_depth,cfg_avg_branching_factor,cfg_num_complex_loops,cfg_num_exit_points,cfg_unreachable_nodes,cfg_dominators_count,cfg_post_dominators_count,call_graph_depth,call_graph_num_external_calls,call_graph_num_internal_calls,call_graph_cyclic_calls,call_graph_num_leaf_functions,call_graph_max_fan_out,call_graph_max_fan_in,call_graph_strongly_connected_components,call_graph_longest_path,call_graph_critical_functions,dataflow_num_tainted_flows,dataflow_num_sinks,dataflow_cross_function_flows,dataflow_unvalidated_inputs,dataflow_tainted_storage_writes,dataflow_tainted_external_calls,dataflow_sanitization_points,ir_highlevelcall_count,ir_lowlevelcall_count,ir_internalcall_count,ir_librarycall_count,ir_assignment_count,ir_binary_count,ir_unary_count,ir_transfer_count,ir_send_count,ir_taint_sources,ir_taint_sinks,ir_tainted_delegatecall,ir_unchecked_return_values,ir_taint_propagation_ratio,ir_arithmetic_ops,num_functions_declared,num_public_functions,num_external_functions,num_internal_functions,num_private_functions,num_view_functions,num_pure_functions,num_constructors,num_enums,num_structs,total_state_reads,total_state_writes,avg_state_reads_per_function,avg_state_writes_per_function,num_contracts_in_file,high_confidence_ratio,medium_confidence_ratio,low_confidence_ratio,high_severity_ratio,medium_severity_ratio,low_severity_ratio,critical_to_total_ratio,external_to_total_functions,public_to_total_functions,view_to_total_functions,payable_to_total_functions,state_reads_to_writes_ratio,external_calls_to_functions_ratio,security_detector_count,optimization_detector_count,best_practice_detector_count,gas_detector_count,reentrancy_detector_count,access_control_detector_count,arithmetic_detector_count,complexity_variance,high_complexity_function_count,low_complexity_function_count,avg_loc_per_function,max_loc_per_function,functions_with_comments_ratio,recursive_call_count,self_destruct_count,create_contract_count,if_node_count,require_node_count,assert_node_count,assembly_node_count,return_node_count,high_risk_pattern_count,medium_risk_pattern_count,low_risk_pattern_count,vulnerability_density,ground_truth_vulnerable
1,NameRegistrar,/home/motafeq/projects/chainguardian-ai/data/smartbugs_curated/dataset/other/name_registrar.sol,,manual,comprehensive,success,False,False,False,False,False,False,False,False,False,False,False,False,False,False,False,False,False,False,False,False,False,False,False,0,0,0,2,3,0,0,0,0,0,0,1,1.0,2,0,0,0.0,0,0,0,0,0,0.0,0.0,0.0,3.0,1.5,False,0,0,1.0,True,0,0,0,0,0,6,0.75,0,0,0,8,0,1,0,1,0,2,1,1,3,1,0,1,0,1,1,1,0,0,0,0,0,0,5,0,0,0,0,2,0,0,0,0.5,0,2,1,0,1,0,0,0,0,0,1,1,3,0.5,1.5,1,0.0,0.0,0.0,0.0,0.0,0.0,0.0,0.0,0.5,0.0,0.0,0.333,0.0,0,0,0,0,0,0,0,0.0,0,1,50.0,0,0.0,0,0,0,1,0,0,0,2,0,0,0,1.0,False
2,Open_address_lottery,/home/motafeq/projects/chainguardian-ai/data/smartbugs_curated/dataset/other/open_address_lottery.sol,smartbugs_curated,smartbugs_curated,comprehensive,success,False,False,False,False,False,False,False,False,False,False,False,False,False,False,False,False,False,False,False,False,False,False,False,0,0,0,8,5,0,0,1,0,2,0,9,2.0,18,0,0,0.0,0,0,0,0,0,0.0,0.0,0.0,20.0,10.0,False,0,1,1.0,False,0,1,0,0,0,9,0.9,0,1,0,40,0,3,1,13,0,6,4,3,13,3,2,1,1,5,2,1,0,0,0,0,4,0,10,15,0,1,0,1,1,0,0,0.017,15,8,6,0,2,0,1,0,1,0,1,7,5,0.88,0.62,1,0.0,0.0,0.0,0.0,0.0,0.0,0.0,0.0,0.75,0.125,0.25,1.4,0.125,0,0,0,0,0,0,0,7.0,0,1,12.5,0,0.0,0,0,0,9,0,0,0,8,0,0,0,1.0,True
3,Name_registrar,/home/motafeq/projects/chainguardian-ai/data/smartbugs_curated/dataset/other/name_registrar.sol,smartbugs_curated,smartbugs_curated,comprehensive,success,False,False,False,False,False,False,False,False,False,False,False,False,False,False,False,False,False,False,False,False,False,False,False,0,0,0,2,3,0,0,0,0,0,0,1,1.0,2,0,0,0.0,0,0,0,0,0,0.0,0.0,0.0,3.0,1.5,False,0,0,1.0,True,0,0,0,0,0,6,0.75,0,0,0,8,0,1,0,1,0,2,1,1,3,1,0,1,0,1,1,1,0,0,0,0,0,0,5,0,0,0,0,2,0,0,0,0.5,0,2,1,0,1,0,0,0,0,0,1,1,3,0.5,1.5,1,0.0,0.0,0.0,0.0,0.0,0.0,0.0,0.0,0.5,0.0,0.0,0.333,0.0,0,0,0,0,0,0,0,0.0,0,1,50.0,0,0.0,0,0,0,1,0,0,0,2,0,0,0,1.0,True
4,Crypto_roulette,/home/motafeq/projects/chainguardian-ai/data/smartbugs_curated/dataset/other/crypto_roulette.sol,smartbugs_curated,smartbugs_curated,comprehensive,success,False,False,False,False,False,False,False,False,False,False,False,False,False,False,False,False,False,False,False,False,False,False,False,0,0,0,6,5,0,0,2,0,2,0,3,1.0,10,0,0,0.0,0,0,0,0,0,0.0,0.0,0.0,7.0,3.5,False,1,0,0.0,False,0,1,1,0,0,9,0.82,0,0,0,22,0,2,2,7,0,7,3,2,11,2,0,1,1,5,1,1,1,0,0,0,1,0,8,12,0,1,0,1,1,0,0,0.059,12,6,4,0,2,0,0,0,1,0,1,5,5,0.83,0.83,1,0.0,0.0,0.0,0.0,0.0,0.0,0.0,0.0,0.667,0.0,0.333,1.0,0.333,0,0,0,0,0,0,0,2.0,0,1,16.67,0,0.0,0,0,0,3,0,0,0,6,0,0,0,1.0,True
5,Phishable,/home/motafeq/projects/chainguardian-ai/data/smartbugs_curated/dataset/access_control/phishable.sol,smartbugs_curated,smartbugs_curated,comprehensive,success,False,False,False,False,False,False,False,False,False,False,False,False,False,False,False,False,False,False,False,False,False,False,False,0,0,0,3,1,0,0,1,0,1,0,1,1.0,3,0,0,0.0,0,0,0,0,0,0.0,0.0,0.0,3.0,1.5,False,0,0,1.0,False,0,0,0,0,0,2,0.5,0,0,0,6,0,1,1,2,0,4,2,1,5,1,0,2,1,1,2,1,1,0,0,0,0,0,0,1,0,1,0,1,1,0,0,0.25,1,3,3,0,0,0,0,0,1,0,0,1,1,0.33,0.33,1,0.0,0.0,0.0,0.0,0.0,0.0,0.0,0.0,1.0,0.0,0.333,1.0,0.333,0,0,0,0,0,0,0,0.0,0,1,33.33,0,0.0,0,0,0,1,0,0,0,3,0,0,0,1.0,True
6,Arbitrary_location_write_simple,/home/motafeq/projects/chainguardian-ai/data/smartbugs_curated/dataset/access_control/arbitrary_location_write_simple.sol,smartbugs_curated,smartbugs_curated,comprehensive,success,False,False,False,False,False,False,False,False,False,False,False,False,False,False,False,False,False,False,False,False,False,False,False,0,0,0,6,2,0,0,2,0,1,0,1,1.0,6,0,0,0.0,0,0,0,0,0,0.0,0.0,0.0,3.0,1.5,False,0,0,1.0,False,0,0,0,0,0,2,0.6,0,0,0,15,0,1,2,4,0,5,2,3,8,1,1,2,0,2,2,2,1,0,0,0,0,0,5,5,0,0,0,3,0,0,0,0.25,5,6,6,0,0,0,0,0,1,0,0,4,5,0.67,0.83,1,0.0,0.0,0.0,0.0,0.0,0.0,0.0,0.0,1.0,0.0,0.167,0.8,0.333,0,0,0,0,0,0,0,0.0,0,1,16.67,0,0.0,0,0,0,1,0,0,0,6,0,0,0,1.0,True
7,Wallet_03_wrong_constructor,/home/motafeq/projects/chainguardian-ai/data/smartbugs_curated/dataset/access_control/wallet_03_wrong_constructor.sol,smartbugs_curated,smartbugs_curated,comprehensive,success,False,False,False,False,False,False,False,False,False,False,False,False,False,False,False,False,False,False,False,False,False,False,False,0,0,0,4,2,0,0,2,0,1,0,1,1.0,4,0,0,0.0,0,0,0,0,0,0.0,0.0,0.0,3.0,1.5,False,1,0,0.0,False,0,0,1,0,0,3,0.67,0,0,0,12,0,1,2,4,0,4,2,2,7,1,0,2,2,2,2,1,2,0,0,0,0,0,1,6,0,2,0,2,2,0,0,0.111,6,4,4,0,0,0,0,0,0,0,0,3,3,0.75,0.75,1,0.0,0.0,0.0,0.0,0.0,0.0,0.0,0.0,1.0,0.0,0.25,1.0,0.5,0,0,0,0,0,0,0,0.0,0,1,25.0,0,0.0,0,0,0,1,0,0,0,4,0,0,0,1.0,True
8,Rubixi,/home/motafeq/projects/chainguardian-ai/data/smartbugs_curated/dataset/access_control/rubixi.sol,smartbugs_curated,smartbugs_curated,comprehensive,success,False,False,False,False,False,False,False,False,False,False,False,False,False,False,False,False,False,False,False,False,False,False,False,0,0,0,19,7,1,0,5,0,0,0,8,2.0,44,0,0,0.0,0,0,0,0,0,0.0,0.0,0.0,18.0,9.0,False,4,0,0.0,False,0,1,4,0,1,12,0.87,0,6,0,99,0,2,5,9,0,12,2,6,20,2,1,6,5,7,7,6,3,0,0,0,9,0,18,34,0,0,4,6,4,0,0,0.101,34,19,16,0,1,2,8,0,0,0,1,23,18,1.21,0.95,1,0.0,0.0,0.0,0.0,0.0,0.0,0.0,0.0,0.842,0.421,0.0,1.278,0.263,0,0,0,0,0,0,0,6.0,0,1,5.26,0,0.0,0,0,0,8,0,0,0,19,0,0,0,1.0,True
9,Mycontract,/home/motafeq/projects/chainguardian-ai/data/smartbugs_curated/dataset/access_control/mycontract.sol,smartbugs_curated,smartbugs_curated,comprehensive,success,False,False,False,False,False,False,False,False,False,False,False,False,False,False,False,False,False,False,False,False,False,False,False,0,0,0,2,1,0,0,1,0,0,0,1,1.0,2,0,0,0.0,0,0,0,0,0,0.0,0.0,0.0,3.0,1.5,False,0,0,1.0,False,0,0,0,0,0,2,0.6,0,0,0,5,0,1,1,1,0,2,1,1,3,1,0,1,1,1,1,0,1,0,0,0,0,0,0,1,0,1,0,2,1,0,0,0.667,1,2,2,0,0,0,0,0,1,0,0,1,1,0.5,0.5,1,0.0,0.0,0.0,0.0,0.0,0.0,0.0,0.0,1.0,0.0,0.0,1.0,0.5,0,0,0,0,0,0,0,0.0,0,1,50.0,0,0.0,0,0,0,1,0,0,0,2,0,0,0,1.0,True
10,Wallet_02_refund_nosub,/home/motafeq/projects/chainguardian-ai/data/smartbugs_curated/dataset/access_control/wallet_02_refund_nosub.sol,smartbugs_curated,smartbugs_curated,comprehensive,success,False,False,False,False,False,False,False,False,False,False,False,False,False,False,False,False,False,False,False,False,False,False,False,0,0,0,5,2,0,0,3,0,1,0,1,1.0,5,0,0,0.0,0,0,0,0,0,0.0,0.0,0.0,3.0,1.5,False,1,0,0.0,False,0,0,1,0,0,3,0.64,0,0,0,14,0,1,3,4,0,5,2,2,8,1,0,2,3,2,2,1,2,0,0,0,0,0,0,6,0,3,0,2,3,0,0,0.105,6,5,5,0,0,0,0,0,1,0,0,4,3,0.8,0.6,1,0.0,0.0,0.0,0.0,0.0,0.0,0.0,0.0,1.0,0.0,0.2,1.333,0.6,0,0,0,0,0,0,0,0.0,0,1,20.0,0,0.0,0,0,0,1,0,0,0,5,0,0,0,1.0,True
11,Incorrect_constructor_name1,/home/motafeq/projects/chainguardian-ai/data/smartbugs_curated/dataset/access_control/incorrect_constructor_name1.sol,smartbugs_curated,smartbugs_curated,comprehensive,success,False,False,False,False,False,False,False,False,False,False,False,False,False,False,False,False,False,False,False,False,False,False,False,0,0,0,3,1,1,0,1,0,1,0,1,1.0,3,0,0,0.0,0,0,0,0,0,0.0,0.0,0.0,3.0,1.5,False,0,0,1.0,False,0,0,0,0,0,2,0.5,0,0,0,6,0,1,1,2,0,4,2,1,5,1,0,0,1,1,0,0,0,0,0,0,1,0,1,0,0,1,0,0,1,0,0,0.0,0,3,3,0,0,0,0,0,0,0,0,1,1,0.33,0.33,1,0.0,0.0,0.0,0.0,0.0,0.0,0.0,0.0,1.0,0.0,0.333,1.0,0.333,0,0,0,0,0,0,0,0.0,0,1,33.33,0,0.0,0,0,0,1,0,0,0,3,0,0,0,1.0,True
12,Wallet_04_confused_sign,/home/motafeq/projects/chainguardian-ai/data/smartbugs_curated/dataset/access_control/wallet_04_confused_sign.sol,smartbugs_curated,smartbugs_curated,comprehensive,success,False,False,False,False,False,False,False,False,False,False,False,False,False,False,False,False,False,False,False,False,False,False,False,0,0,0,4,2,0,0,2,0,1,0,1,1.0,4,0,0,0.0,0,0,0,0,0,0.0,0.0,0.0,3.0,1.5,False,1,0,0.0,False,0,0,1,0,0,3,0.67,0,0,0,12,0,1,2,4,0,4,2,2,7,1,0,2,2,2,2,1,2,0,0,0,0,0,0,6,0,2,0,2,2,0,0,0.118,6,4,4,0,0,0,0,0,1,0,0,3,3,0.75,0.75,1,0.0,0.0,0.0,0.0,0.0,0.0,0.0,0.0,1.0,0.0,0.25,1.0,0.5,0,0,0,0,0,0,0,0.0,0,1,25.0,0,0.0,0,0,0,1,0,0,0,4,0,0,0,1.0,True
13,Multiowned_vulnerable,/home/motafeq/projects/chainguardian-ai/data/smartbugs_curated/dataset/access_control/multiowned_vulnerable.sol,smartbugs_curated,smartbugs_curated,comprehensive,success,False,False,False,False,False,False,False,False,False,False,False,False,False,False,False,False,False,False,False,False,False,False,False,0,0,0,3,2,1,0,0,0,0,0,1,1.0,3,0,0,0.0,0,0,0,0,0,0.0,0.0,0.0,3.0,1.5,False,0,0,1.0,False,0,0,0,0,0,4,0.75,0,2,0,12,0,1,0,3,0,3,2,2,5,1,0,2,0,2,2,2,0,0,0,0,1,0,2,6,0,0,0,2,0,0,0,0.118,6,3,1,2,0,0,0,0,1,0,0,3,4,1.0,1.33,2,0.0,0.0,0.0,0.0,0.0,0.0,0.0,0.667,0.333,0.0,0.0,0.75,0.0,0,0,0,0,0,0,0,0.0,0,1,33.33,0,0.0,0,0,0,1,0,0,0,3,0,0,0,1.0,True
14,Mapping_write,/home/motafeq/projects/chainguardian-ai/data/smartbugs_curated/dataset/access_control/mapping_write.sol,smartbugs_curated,smartbugs_curated,comprehensive,success,False,False,False,False,False,False,False,False,False,False,False,False,False,False,False,False,False,False,False,False,False,False,False,0,0,0,3,2,0,0,1,0,0,0,3,1.0,5,0,0,0.0,0,0,0,0,0,0.0,0.0,0.0,7.0,3.5,False,0,0,1.0,False,0,0,0,0,0,3,0.8,0,1,0,10,0,1,1,2,0,4,2,1,5,1,0,1,1,1,2,1,0,0,0,0,0,0,2,3,0,1,0,2,1,0,0,0.231,3,3,3,0,0,0,1,0,0,0,0,3,1,1.0,0.33,1,0.0,0.0,0.0,0.0,0.0,0.0,0.0,0.0,1.0,0.333,0.0,3.0,0.333,0,0,0,0,0,0,0,2.0,0,1,33.33,0,0.0,0,0,0,3,0,0,0,3,0,0,0,1.0,True
15,Simple_suicide,/home/motafeq/projects/chainguardian-ai/data/smartbugs_curated/dataset/access_control/simple_suicide.sol,smartbugs_curated,smartbugs_curated,comprehensive,success,False,False,False,False,False,False,False,False,False,False,False,False,False,False,False,False,False,False,False,False,False,False,False,0,0,0,1,0,0,0,0,0,0,0,1,1.0,1,0,0,0.0,0,0,0,0,0,0.0,0.0,0.0,3.0,1.5,False,0,0,1.0,False,0,0,0,0,0,1,0.5,0,0,0,2,0,1,0,1,0,1,1,1,2,1,0,0,0,0,0,0,0,0,0,0,0,0,0,0,0,0,0,0,0,0,0,0.0,0,1,1,0,0,0,0,0,0,0,0,0,0,0.0,0.0,1,0.0,0.0,0.0,0.0,0.0,0.0,0.0,0.0,1.0,0.0,0.0,0.0,0.0,0,0,0,0,0,0,0,0.0,0,1,100.0,0,0.0,0,0,0,1,0,0,0,1,0,0,0,1.0,True
16,Incorrect_constructor_name3,/home/motafeq/projects/chainguardian-ai/data/smartbugs_curated/dataset/access_control/incorrect_constructor_name3.sol,smartbugs_curated,smartbugs_curated,comprehensive,success,False,False,False,False,False,False,False,False,False,False,False,False,False,False,False,False,False,False,False,False,False,False,False,0,0,0,3,1,1,0,1,0,1,0,1,1.0,3,0,0,0.0,0,0,0,0,0,0.0,0.0,0.0,3.0,1.5,False,0,0,1.0,False,0,0,0,0,0,2,0.5,0,0,0,6,0,1,1,2,0,4,2,1,5,1,0,0,1,1,0,0,0,0,0,0,1,0,1,0,0,1,0,0,1,0,0,0.0,0,3,3,0,0,0,0,0,0,0,0,1,1,0.33,0.33,1,0.0,0.0,0.0,0.0,0.0,0.0,0.0,0.0,1.0,0.0,0.333,1.0,0.333,0,0,0,0,0,0,0,0.0,0,1,33.33,0,0.0,0,0,0,1,0,0,0,3,0,0,0,1.0,True
17,Incorrect_constructor_name2,/home/motafeq/projects/chainguardian-ai/data/smartbugs_curated/dataset/access_control/incorrect_constructor_name2.sol,smartbugs_curated,smartbugs_curated,comprehensive,success,False,False,False,False,False,False,False,False,False,False,False,False,False,False,False,False,False,False,False,False,False,False,False,0,0,0,3,1,1,0,1,0,1,0,1,1.0,3,0,0,0.0,0,0,0,0,0,0.0,0.0,0.0,3.0,1.5,False,0,0,1.0,False,0,0,0,0,0,2,0.5,0,0,0,6,0,1,1,2,0,4,2,1,5,1,0,0,1,1,0,0,0,0,0,0,1,0,1,0,0,1,0,0,1,0,0,0.0,0,3,3,0,0,0,0,0,0,0,0,1,1,0.33,0.33,1,0.0,0.0,0.0,0.0,0.0,0.0,0.0,0.0,1.0,0.0,0.333,1.0,0.333,0,0,0,0,0,0,0,0.0,0,1,33.33,0,0.0,0,0,0,1,0,0,0,3,0,0,0,1.0,True
18,Unprotected0,/home/motafeq/projects/chainguardian-ai/data/smartbugs_curated/dataset/access_control/unprotected0.sol,smartbugs_curated,smartbugs_curated,comprehensive,success,False,False,False,False,False,False,False,False,False,False,False,False,False,False,False,False,False,False,False,False,False,False,False,0,0,0,2,1,1,0,0,0,0,0,1,1.0,2,0,0,0.0,0,0,0,0,0,0.0,0.0,0.0,3.0,1.5,False,0,0,1.0,False,0,0,0,0,0,1,0.5,0,0,0,4,0,0,0,0,0,2,0,0,2,0,0,1,0,0,1,1,0,0,0,0,0,0,1,0,0,0,0,1,0,0,0,2.0,0,2,2,0,0,0,0,0,1,0,0,0,2,0.0,1.0,1,0.0,0.0,0.0,0.0,0.0,0.0,0.0,0.0,1.0,0.0,0.0,0.0,0.0,0,0,0,0,0,0,0,0.0,0,1,50.0,0,0.0,0,0,0,1,0,0,0,2,0,0,0,1.0,True
19,Proxy,/home/motafeq/projects/chainguardian-ai/data/smartbugs_curated/dataset/access_control/proxy.sol,smartbugs_curated,smartbugs_curated,comprehensive,success,False,False,False,False,False,False,False,False,False,False,False,False,False,False,False,False,False,False,False,False,False,False,False,0,0,0,2,1,0,0,1,1,0,0,1,1.0,2,0,0,0.0,0,0,0,0,0,0.0,0.0,0.0,3.0,1.5,False,0,0,1.0,False,0,0,0,0,0,1,0.5,0,0,0,4,0,1,1,1,0,2,1,1,3,1,0,1,1,0,1,0,1,0,0,1,0,0,0,0,0,0,0,2,1,1,0,1.0,0,2,2,0,0,0,0,0,1,0,0,0,1,0.0,0.5,1,0.0,0.0,0.0,0.0,0.0,0.0,0.0,0.0,1.0,0.0,0.0,0.0,0.5,0,0,0,0,0,0,0,0.0,0,1,50.0,0,0.0,0,0,0,1,0,0,0,2,0,0,0,1.0,True
20,FibonacciBalance,/home/motafeq/projects/chainguardian-ai/data/smartbugs_curated/dataset/access_control/FibonacciBalance.sol,smartbugs_curated,smartbugs_curated,comprehensive,success,False,False,False,False,False,False,False,False,False,False,False,False,False,False,False,False,False,False,False,False,False,False,False,0,0,0,5,5,0,0,3,2,1,0,1,1.0,5,0,0,0.0,0,0,0,0,0,0.0,0.0,0.0,3.0,1.5,False,0,1,1.0,False,0,1,0,0,0,3,0.5,0,0,0,10,0,1,3,3,0,4,1,2,7,1,0,1,3,3,1,1,0,0,0,2,0,0,2,2,0,1,0,0,3,0,0,0.0,2,5,3,0,2,0,0,0,1,0,0,5,4,1.0,0.8,2,0.0,0.0,0.0,0.0,0.0,0.0,0.0,0.0,0.6,0.0,0.2,1.25,0.6,0,0,0,0,0,0,0,0.0,0,1,20.0,0,0.0,0,0,0,1,0,0,0,5,0,0,0,1.0,True
21,Parity_wallet_bug_2,/home/motafeq/projects/chainguardian-ai/data/smartbugs_curated/dataset/access_control/parity_wallet_bug_2.sol,smartbugs_curated,smartbugs_curated,comprehensive,success,False,False,False,False,False,False,False,False,False,False,False,False,False,False,False,False,False,False,False,False,False,False,False,0,0,0,0,0,0,10,0,0,0,0,0,0.0,0,0,0,0.0,0,0,0,0,0,0.0,0.0,0.0,0.0,0.0,False,0,0,1.0,False,0,0,0,0,0,0,0.0,0,0,0,0,0,0,0,0,0,0,0,0,0,0,0,0,0,0,0,0,0,0,0,0,0,0,0,0,0,0,0,0,0,0,0,0.0,0,0,0,0,0,0,0,0,0,0,0,0,0,0.0,0.0,3,0.0,0.0,0.0,0.0,0.0,0.0,0.0,0.0,0.0,0.0,0.0,0.0,0.0,0,0,0,0,0,0,0,0.0,0,1,100.0,0,0.0,0,0,0,0,0,0,0,1,0,0,0,1.0,True
22,Governmental_survey,/home/motafeq/projects/chainguardian-ai/data/smartbugs_curated/dataset/time_manipulation/governmental_survey.sol,smartbugs_curated,smartbugs_curated,comprehensive,success,False,False,False,False,False,False,False,False,False,False,False,False,False,False,False,False,False,False,False,False,False,False,False,0,0,0,4,5,0,0,2,0,0,0,3,2.0,10,0,0,0.0,0,0,0,0,0,0.0,0.0,0.0,8.0,4.0,False,1,0,0.0,False,0,0,1,0,0,7,0.83,0,3,0,23,0,1,2,1,0,4,1,1,5,1,0,0,2,5,0,0,0,0,0,0,0,0,7,7,0,0,2,0,2,0,0,0.0,7,4,3,0,1,0,0,0,1,0,0,6,9,1.5,2.25,2,0.0,0.0,0.0,0.0,0.0,0.0,0.0,0.0,0.75,0.0,0.0,0.667,0.5,0,0,0,0,0,0,0,1.0,0,1,25.0,0,0.0,0,0,0,3,0,0,0,4,0,0,0,1.0,True
23,Roulette,/home/motafeq/projects/chainguardian-ai/data/smartbugs_curated/dataset/time_manipulation/roulette.sol,smartbugs_curated,smartbugs_curated,comprehensive,success,False,False,False,False,False,False,False,False,False,False,False,False,False,False,False,False,False,False,False,False,False,False,False,0,0,0,2,1,0,0,1,0,2,0,3,2.0,4,0,0,0.0,0,0,0,0,0,0.0,0.0,0.0,8.0,4.0,False,0,1,1.0,True,0,1,0,0,0,5,0.88,0,0,0,8,0,1,1,2,0,3,2,1,4,1,0,0,1,1,0,0,0,0,0,0,0,0,1,4,0,1,0,0,1,0,0,0.0,4,2,2,0,0,0,0,0,1,0,0,1,1,0.5,0.5,1,0.0,0.0,0.0,0.0,0.0,0.0,0.0,0.0,1.0,0.0,1.0,1.0,0.5,0,0,0,0,0,0,0,1.0,0,1,50.0,0,0.0,0,0,0,3,0,0,0,2,0,0,0,1.0,True
24,Ether_lotto,/home/motafeq/projects/chainguardian-ai/data/smartbugs_curated/dataset/time_manipulation/ether_lotto.sol,smartbugs_curated,smartbugs_curated,comprehensive,success,False,False,False,False,False,False,False,False,False,False,False,False,False,False,False,False,False,False,False,False,False,False,False,0,0,0,3,4,0,0,2,0,1,0,3,1.0,5,0,0,0.0,0,0,0,0,0,0.0,0.0,0.0,7.0,3.5,False,1,0,0.0,False,0,1,1,0,0,7,0.85,0,0,0,13,0,1,2,2,0,4,2,1,5,1,0,0,2,4,0,0,0,0,0,0,0,0,4,5,0,2,0,0,2,0,0,0.0,5,3,2,0,1,0,0,0,1,0,0,4,4,1.33,1.33,1,0.0,0.0,0.0,0.0,0.0,0.0,0.0,0.0,0.667,0.0,0.333,1.0,0.667,0,0,0,0,0,0,0,2.0,0,1,33.33,0,0.0,0,0,0,3,0,0,0,3,0,0,0,1.0,True
25,Timed_crowdsale,/home/motafeq/projects/chainguardian-ai/data/smartbugs_curated/dataset/time_manipulation/timed_crowdsale.sol,smartbugs_curated,smartbugs_curated,comprehensive,success,False,False,False,False,False,False,False,False,False,False,False,False,False,False,False,False,False,False,False,False,False,False,False,0,0,0,1,0,0,0,0,0,0,0,1,1.0,1,0,0,0.0,0,0,0,0,0,0.0,0.0,0.0,3.0,1.5,False,0,0,1.0,False,0,0,0,0,0,1,0.5,0,1,0,2,0,0,0,0,0,1,0,0,1,0,0,0,0,0,0,0,0,0,0,0,0,0,0,0,0,0,0,0,0,0,0,0.0,0,1,1,0,0,0,1,0,0,0,0,0,0,0.0,0.0,1,0.0,0.0,0.0,0.0,0.0,0.0,0.0,0.0,1.0,1.0,0.0,0.0,0.0,0,0,0,0,0,0,0,0.0,0,1,100.0,0,0.0,0,0,0,1,0,0,0,1,0,0,0,1.0,True
26,Lottopollo,/home/motafeq/projects/chainguardian-ai/data/smartbugs_curated/dataset/time_manipulation/lottopollo.sol,smartbugs_curated,smartbugs_curated,comprehensive,success,False,False,False,False,False,False,False,False,False,False,False,False,False,False,False,False,False,False,False,False,False,False,False,0,0,0,3,2,0,0,2,0,0,0,7,3.0,9,0,0,0.0,0,0,0,0,0,0.0,0.0,0.0,17.0,8.5,False,1,0,0.0,False,0,0,1,0,0,4,1.0,0,1,0,16,0,2,2,3,0,2,2,1,4,2,0,1,2,1,2,1,1,0,0,0,2,0,3,6,0,0,2,2,2,0,0,0.167,6,3,2,0,1,0,1,0,0,0,0,1,2,0.33,0.67,1,0.0,0.0,0.0,0.0,0.0,0.0,0.0,0.0,0.667,0.333,0.0,0.5,0.667,0,0,0,0,0,0,0,4.0,0,0,33.33,0,0.0,0,0,0,7,0,0,0,3,0,0,0,1.0,True
27,Dos_number,/home/motafeq/projects/chainguardian-ai/data/smartbugs_curated/dataset/denial_of_service/dos_number.sol,smartbugs_curated,smartbugs_curated,comprehensive,success,False,False,False,False,False,False,False,False,False,False,False,False,False,False,False,False,False,False,False,False,False,False,False,0,0,0,6,2,0,0,1,0,0,0,6,1.0,11,0,0,0.0,0,0,0,0,0,0.0,0.0,0.0,13.0,6.5,False,0,0,1.0,False,0,0,0,0,2,7,0.82,1,2,0,22,0,1,1,2,0,5,1,2,7,1,0,1,0,2,1,1,0,0,0,0,0,0,7,7,0,0,0,2,0,0,0,0.13,7,6,5,0,1,0,2,0,0,0,0,6,6,1.0,1.0,1,0.0,0.0,0.0,0.0,0.0,0.0,0.0,0.0,0.833,0.333,0.0,1.0,0.167,0,0,0,0,0,0,0,5.0,0,1,16.67,0,0.0,0,0,0,6,0,0,0,6,0,0,0,1.0,True
28,List_dos,/home/motafeq/projects/chainguardian-ai/data/smartbugs_curated/dataset/denial_of_service/list_dos.sol,smartbugs_curated,smartbugs_curated,comprehensive,success,False,False,False,False,False,False,False,False,False,False,False,False,False,False,False,False,False,False,False,False,False,False,False,0,0,0,10,9,0,0,11,0,0,0,9,2.0,26,0,0,0.0,0,0,0,0,0,0.0,0.0,0.0,20.0,10.0,False,1,0,0.0,False,0,0,1,0,2,16,0.94,0,5,0,64,0,2,11,2,0,9,1,1,11,2,0,2,8,9,2,2,1,0,0,0,1,0,17,36,0,0,7,2,7,0,0,0.031,36,10,9,0,1,0,0,0,1,0,0,17,13,1.7,1.3,1,0.0,0.0,0.0,0.0,0.0,0.0,0.0,0.0,0.9,0.0,0.0,1.308,1.1,0,0,0,0,0,0,0,7.0,0,1,10.0,0,0.0,0,0,0,9,0,0,0,10,0,0,0,1.0,True
29,Dos_simple,/home/motafeq/projects/chainguardian-ai/data/smartbugs_curated/dataset/denial_of_service/dos_simple.sol,smartbugs_curated,smartbugs_curated,comprehensive,success,False,False,False,False,False,False,False,False,False,False,False,False,False,False,False,False,False,False,False,False,False,False,False,0,0,0,1,1,0,0,2,0,0,0,5,5.0,5,0,0,0.0,0,0,0,0,0,0.0,0.0,0.0,15.0,7.5,False,0,0,1.0,False,0,0,0,0,1,6,1.0,0,2,0,11,0,0,2,0,0,1,0,0,1,0,0,0,1,1,0,0,0,0,0,0,0,0,5,4,0,0,0,0,0,0,0,0.0,4,1,1,0,0,0,0,0,0,0,0,1,1,1.0,1.0,1,0.0,0.0,0.0,0.0,0.0,0.0,0.0,0.0,1.0,0.0,0.0,1.0,2.0,0,0,0,0,0,0,0,0.0,0,0,100.0,0,0.0,0,0,0,5,0,0,0,1,0,0,0,1.0,True
30,Auction,/home/motafeq/projects/chainguardian-ai/data/smartbugs_curated/dataset/denial_of_service/auction.sol,smartbugs_curated,smartbugs_curated,comprehensive,success,False,False,False,False,False,False,False,False,False,False,False,False,False,False,False,False,False,False,False,False,False,False,False,0,0,0,1,2,0,0,1,0,1,0,3,3.0,3,0,0,0.0,0,0,0,0,0,0.0,0.0,0.0,9.0,4.5,False,1,0,0.0,False,0,0,1,0,0,5,1.0,0,0,0,7,0,1,1,1,0,1,1,1,2,1,0,0,1,2,0,0,0,0,0,0,0,0,2,2,0,0,1,0,1,0,0,0.0,2,1,1,0,0,0,0,0,0,0,0,2,2,2.0,2.0,1,0.0,0.0,0.0,0.0,0.0,0.0,0.0,0.0,1.0,0.0,1.0,1.0,1.0,0,0,0,0,0,0,0,0.0,0,0,100.0,0,0.0,0,0,0,3,0,0,0,1,0,0,0,1.0,True
31,Dos_address,/home/motafeq/projects/chainguardian-ai/data/smartbugs_curated/dataset/denial_of_service/dos_address.sol,smartbugs_curated,smartbugs_curated,comprehensive,success,False,False,False,False,False,False,False,False,False,False,False,False,False,False,False,False,False,False,False,False,False,False,False,0,0,0,5,2,0,0,2,0,0,0,4,2.0,10,0,0,0.0,0,0,0,0,0,0.0,0.0,0.0,10.0,5.0,False,0,0,1.0,False,0,0,0,0,1,5,0.83,0,3,0,18,0,0,2,0,0,5,0,0,5,0,0,0,1,2,0,0,0,0,0,0,0,0,7,4,0,0,0,0,0,0,0,0.0,4,5,4,0,1,0,2,0,0,0,0,4,4,0.8,0.8,1,0.0,0.0,0.0,0.0,0.0,0.0,0.0,0.0,0.8,0.4,0.0,1.0,0.4,0,0,0,0,0,0,0,2.0,0,1,20.0,0,0.0,0,0,0,4,0,0,0,5,0,0,0,1.0,True
32,Lottery,/home/motafeq/projects/chainguardian-ai/data/smartbugs_curated/dataset/bad_randomness/lottery.sol,smartbugs_curated,smartbugs_curated,comprehensive,success,False,False,False,False,False,False,False,False,False,False,False,False,False,False,False,False,False,False,False,False,False,False,False,0,0,0,5,2,0,1,2,0,0,0,6,3.0,16,0,0,0.0,0,0,0,0,0,0.0,0.0,0.0,15.0,7.5,False,0,1,1.0,False,0,1,0,0,1,7,0.89,0,4,0,27,0,1,2,1,0,5,1,1,6,1,0,0,1,2,0,0,0,0,0,0,0,0,6,7,1,0,1,0,1,0,0,0.0,7,5,5,0,0,0,0,0,1,0,1,4,2,0.8,0.4,1,0.0,0.0,0.0,0.0,0.0,0.0,0.0,0.0,1.0,0.0,0.0,2.0,0.4,0,0,0,0,0,0,0,3.0,0,0,20.0,0,0.0,0,0,0,6,0,0,0,5,0,0,0,1.0,True
33,Random_number_generator,/home/motafeq/projects/chainguardian-ai/data/smartbugs_curated/dataset/bad_randomness/random_number_generator.sol,smartbugs_curated,smartbugs_curated,comprehensive,success,False,False,False,False,False,False,False,False,False,False,False,False,False,False,False,False,False,False,False,False,False,False,False,0,0,0,2,1,0,0,0,0,0,0,1,1.0,2,0,0,0.0,0,0,0,0,0,0.0,0.0,0.0,3.0,1.5,False,0,0,1.0,False,0,0,0,0,0,5,0.71,0,1,0,7,0,0,0,1,0,2,1,1,3,1,0,0,0,1,1,0,0,0,0,0,0,0,1,0,0,0,0,0,0,0,0,0.0,0,2,0,0,1,1,1,0,0,0,0,1,1,0.5,0.5,1,0.0,0.0,0.0,0.0,0.0,0.0,0.0,0.0,0.0,0.5,0.0,1.0,0.0,0,0,0,0,0,0,0,0.0,0,1,50.0,0,0.0,0,0,0,1,0,0,0,2,0,0,0,1.0,True
34,Etheraffle,/home/motafeq/projects/chainguardian-ai/data/smartbugs_curated/dataset/bad_randomness/etheraffle.sol,smartbugs_curated,smartbugs_curated,comprehensive,success,False,False,False,False,False,False,False,False,False,False,False,False,False,False,False,False,False,False,False,False,False,False,False,0,0,0,10,11,0,3,7,0,2,0,12,3.0,39,0,0,0.0,0,0,0,0,0,0.0,0.0,0.0,27.0,13.5,False,2,2,0.5,True,0,3,2,0,6,12,1.02,3,1,0,91,0,3,7,4,0,8,1,1,12,3,0,0,6,10,0,0,0,0,0,0,2,0,39,31,1,6,0,0,6,0,0,0.0,31,10,7,0,2,1,0,0,1,0,1,29,23,2.9,2.3,1,0.0,0.0,0.0,0.0,0.0,0.0,0.0,0.0,0.7,0.0,0.2,1.261,0.7,0,0,0,0,0,0,0,9.0,1,0,10.0,0,0.0,0,0,0,12,0,0,0,10,0,0,0,1.0,True
35,Lucky_doubler,/home/motafeq/projects/chainguardian-ai/data/smartbugs_curated/dataset/bad_randomness/lucky_doubler.sol,smartbugs_curated,smartbugs_curated,comprehensive,success,False,False,False,False,False,False,False,False,False,False,False,False,False,False,False,False,False,False,False,False,False,False,False,0,0,0,15,8,1,0,6,0,0,0,13,2.0,37,0,0,0.0,0,0,0,0,0,0.0,0.0,0.0,28.0,14.0,False,1,0,0.0,False,0,0,1,0,0,22,0.92,0,4,0,91,0,4,6,8,0,11,2,3,18,4,1,3,5,8,6,3,0,0,0,0,6,0,28,28,0,0,4,3,4,0,0,0.055,28,15,10,0,2,3,6,0,1,0,2,14,12,0.93,0.8,1,0.0,0.0,0.0,0.0,0.0,0.0,0.0,0.0,0.667,0.4,0.0,1.167,0.4,0,0,0,0,0,0,0,11.0,1,1,6.67,0,0.0,0,0,0,13,0,0,0,15,0,0,0,1.0,True
36,Guess_the_random_number,/home/motafeq/projects/chainguardian-ai/data/smartbugs_curated/dataset/bad_randomness/guess_the_random_number.sol,smartbugs_curated,smartbugs_curated,comprehensive,success,False,False,False,False,False,False,False,False,False,False,False,False,False,False,False,False,False,False,False,False,False,False,False,0,0,0,3,1,0,0,1,0,2,0,3,1.0,5,0,0,0.0,0,0,0,0,0,0.0,0.0,0.0,7.0,3.5,False,0,0,1.0,False,0,0,0,0,0,3,0.8,0,1,0,10,0,1,1,5,0,4,3,2,7,1,0,1,1,1,1,0,1,0,0,0,0,0,0,2,0,1,0,1,1,0,0,0.2,2,3,3,0,0,0,1,0,1,0,0,1,1,0.33,0.33,1,0.0,0.0,0.0,0.0,0.0,0.0,0.0,0.0,1.0,0.333,0.667,1.0,0.333,0,0,0,0,0,0,0,2.0,0,1,33.33,0,0.0,0,0,0,3,0,0,0,3,0,0,0,1.0,True
37,Smart_billions,/home/motafeq/projects/chainguardian-ai/data/smartbugs_curated/dataset/bad_randomness/smart_billions.sol,smartbugs_curated,smartbugs_curated,comprehensive,success,False,False,False,False,False,False,False,False,False,False,False,False,False,False,False,False,False,False,False,False,False,False,False,0,0,0,50,25,3,9,14,0,7,4,17,3.0,141,0,0,0.0,0,0,0,0,0,0.0,0.0,0.0,37.0,18.5,False,5,0,0.0,False,0,3,5,0,3,21,0.97,0,39,0,357,0,4,8,51,0,22,6,8,46,6,6,10,4,21,22,10,3,0,1,0,35,0,86,185,1,4,0,13,4,0,0,0.034,185,39,10,22,3,4,12,0,1,0,2,81,58,2.08,1.49,6,0.0,0.0,0.0,0.0,0.0,0.0,0.0,0.564,0.256,0.308,0.179,1.397,0.359,0,0,0,0,0,0,0,14.0,1,0,2.56,0,0.0,0,0,0,17,0,0,0,39,0,0,0,1.0,True
38,Old_blockhash,/home/motafeq/projects/chainguardian-ai/data/smartbugs_curated/dataset/bad_randomness/old_blockhash.sol,smartbugs_curated,smartbugs_curated,comprehensive,success,False,False,False,False,False,False,False,False,False,False,False,False,False,False,False,False,False,False,False,False,False,False,False,0,0,0,3,1,0,0,1,0,2,0,3,1.0,5,0,0,0.0,0,0,0,0,0,0.0,0.0,0.0,7.0,3.5,False,0,1,1.0,False,0,1,0,0,0,5,0.86,0,0,0,14,0,1,1,4,0,2,2,3,5,1,1,1,1,1,1,1,0,0,0,0,0,0,4,5,0,1,0,1,1,0,0,0.069,5,3,3,0,0,0,0,0,1,0,1,2,2,0.67,0.67,1,0.0,0.0,0.0,0.0,0.0,0.0,0.0,0.0,1.0,0.0,0.667,1.0,0.333,0,0,0,0,0,0,0,2.0,0,1,33.33,0,0.0,0,0,0,3,0,0,0,3,0,0,0,1.0,True
39,Blackjack,/home/motafeq/projects/chainguardian-ai/data/smartbugs_curated/dataset/bad_randomness/blackjack.sol,smartbugs_curated,smartbugs_curated,comprehensive,success,False,False,False,False,False,False,False,False,False,False,False,False,False,False,False,False,False,False,False,False,False,False,False,0,0,0,13,4,1,3,22,0,2,0,36,5.0,72,0,0,0.0,0,0,0,0,0,0.0,0.0,0.0,77.0,38.5,False,4,0,0.0,False,0,1,4,0,3,28,0.97,1,27,0,166,0,2,22,11,0,6,3,6,14,2,2,2,13,4,4,1,2,0,8,0,8,0,33,41,7,0,6,2,6,0,0,0.009,41,13,10,0,1,2,6,0,1,1,1,12,7,0.92,0.54,2,0.0,0.0,0.0,0.0,0.0,0.0,0.0,0.0,0.769,0.462,0.154,1.714,1.692,0,0,0,0,0,0,0,31.0,1,0,7.69,0,0.0,0,0,0,36,0,0,0,13,0,0,0,1.0,True
40,Integer_overflow_benign_1,/home/motafeq/projects/chainguardian-ai/data/smartbugs_curated/dataset/arithmetic/integer_overflow_benign_1.sol,smartbugs_curated,smartbugs_curated,comprehensive,success,False,False,False,False,False,False,False,False,False,False,False,False,False,False,False,False,False,False,False,False,False,False,False,0,0,0,2,1,0,0,0,0,0,0,1,1.0,2,0,0,0.0,0,0,0,0,0,0.0,0.0,0.0,3.0,1.5,False,0,0,1.0,False,0,0,0,0,0,1,0.33,0,0,0,3,0,0,0,0,0,2,0,0,2,0,0,0,0,1,1,0,0,0,0,0,0,0,2,1,0,0,0,1,0,0,0,0.333,1,2,1,0,1,0,0,0,0,0,0,1,1,0.5,0.5,1,0.0,0.0,0.0,0.0,0.0,0.0,0.0,0.0,0.5,0.0,0.0,1.0,0.0,0,0,0,0,0,0,0,0.0,0,1,50.0,0,0.0,0,0,0,1,0,0,0,2,0,0,0,1.0,True
41,Timelock,/home/motafeq/projects/chainguardian-ai/data/smartbugs_curated/dataset/arithmetic/timelock.sol,smartbugs_curated,smartbugs_curated,comprehensive,success,False,False,False,False,False,False,False,False,False,False,False,False,False,False,False,False,False,False,False,False,False,False,False,0,0,0,3,2,0,0,1,0,1,0,1,1.0,3,0,0,0.0,0,0,0,0,0,0.0,0.0,0.0,3.0,1.5,False,0,1,1.0,True,0,1,0,0,0,5,0.73,0,0,0,11,0,1,1,1,0,3,1,1,4,1,0,1,1,2,1,1,0,0,0,0,0,0,3,5,0,1,0,1,1,0,0,0.056,5,3,3,0,0,0,0,0,0,0,0,4,4,1.33,1.33,1,0.0,0.0,0.0,0.0,0.0,0.0,0.0,0.0,1.0,0.0,0.333,1.0,0.333,0,0,0,0,0,0,0,0.0,0,1,33.33,0,0.0,0,0,0,1,0,0,0,3,0,0,0,1.0,True
42,Integer_overflow_multitx_multifunc_feasible,/home/motafeq/projects/chainguardian-ai/data/smartbugs_curated/dataset/arithmetic/integer_overflow_multitx_multifunc_feasible.sol,smartbugs_curated,smartbugs_curated,comprehensive,success,False,False,False,False,False,False,False,False,False,False,False,False,False,False,False,False,False,False,False,False,False,False,False,0,0,0,3,2,0,0,0,0,0,0,3,1.0,5,0,0,0.0,0,0,0,0,0,0.0,0.0,0.0,7.0,3.5,False,0,0,1.0,False,0,0,0,0,0,3,0.67,0,1,0,9,0,0,0,0,0,3,0,0,3,0,0,1,0,2,1,1,0,0,0,0,0,0,3,2,0,0,0,1,0,0,0,0.167,2,3,2,0,1,0,0,0,0,0,0,2,4,0.67,1.33,1,0.0,0.0,0.0,0.0,0.0,0.0,0.0,0.0,0.667,0.0,0.0,0.5,0.0,0,0,0,0,0,0,0,2.0,0,1,33.33,0,0.0,0,0,0,3,0,0,0,3,0,0,0,1.0,True
43,BECToken,/home/motafeq/projects/chainguardian-ai/data/smartbugs_curated/dataset/arithmetic/BECToken.sol,smartbugs_curated,smartbugs_curated,comprehensive,success,False,False,False,False,False,False,False,False,False,False,False,False,False,False,False,False,False,False,False,False,False,False,False,0,0,0,21,9,3,5,7,0,0,7,1,1.0,3,0,0,0.0,0,0,0,0,0,0.0,0.0,0.0,3.0,1.5,False,3,0,0.0,False,0,3,3,0,0,4,0.7,0,0,0,10,0,1,0,1,0,3,1,1,4,1,0,0,0,2,0,0,0,0,0,0,0,0,5,0,0,0,0,0,0,0,0,0.0,0,3,2,0,1,0,0,0,1,0,0,2,7,0.67,2.33,9,0.0,0.0,0.0,0.0,0.0,0.0,0.0,0.0,0.667,0.0,0.0,0.286,2.333,0,0,0,0,0,0,0,0.0,0,1,33.33,0,0.0,0,0,0,1,0,0,0,3,0,0,0,1.0,True
44,Overflow_single_tx,/home/motafeq/projects/chainguardian-ai/data/smartbugs_curated/dataset/arithmetic/overflow_single_tx.sol,smartbugs_curated,smartbugs_curated,comprehensive,success,False,False,False,False,False,False,False,False,False,False,False,False,False,False,False,False,False,False,False,False,False,False,False,0,0,0,7,1,0,0,0,0,0,0,1,1.0,7,0,0,0.0,0,0,0,0,0,0.0,0.0,0.0,3.0,1.5,False,0,0,1.0,False,0,0,0,0,0,1,0.46,0,0,0,13,0,0,0,0,0,7,0,0,7,0,0,3,0,1,6,3,0,0,0,0,0,0,4,6,0,0,0,6,0,0,0,0.6,6,7,6,0,1,0,0,0,0,0,0,6,4,0.86,0.57,1,0.0,0.0,0.0,0.0,0.0,0.0,0.0,0.0,0.857,0.0,0.0,1.5,0.0,0,0,0,0,0,0,0,0.0,0,1,14.29,0,0.0,0,0,0,1,0,0,0,7,0,0,0,1.0,True
45,Integer_overflow_1,/home/motafeq/projects/chainguardian-ai/data/smartbugs_curated/dataset/arithmetic/integer_overflow_1.sol,smartbugs_curated,smartbugs_curated,comprehensive,success,False,False,False,False,False,False,False,False,False,False,False,False,False,False,False,False,False,False,False,False,False,False,False,0,0,0,2,1,0,0,0,0,0,0,1,1.0,2,0,0,0.0,0,0,0,0,0,0.0,0.0,0.0,3.0,1.5,False,0,0,1.0,False,0,0,0,0,0,1,0.33,0,0,0,3,0,0,0,0,0,2,0,0,2,0,0,1,0,1,1,1,0,0,0,0,0,0,1,1,0,0,0,1,0,0,0,0.5,1,2,1,0,1,0,0,0,0,0,0,1,2,0.5,1.0,1,0.0,0.0,0.0,0.0,0.0,0.0,0.0,0.0,0.5,0.0,0.0,0.5,0.0,0,0,0,0,0,0,0,0.0,0,1,50.0,0,0.0,0,0,0,1,0,0,0,2,0,0,0,1.0,True
46,Token,/home/motafeq/projects/chainguardian-ai/data/smartbugs_curated/dataset/arithmetic/token.sol,smartbugs_curated,smartbugs_curated,comprehensive,success,False,False,False,False,False,False,False,False,False,False,False,False,False,False,False,False,False,False,False,False,False,False,False,0,0,0,3,2,0,0,0,0,0,0,1,1.0,3,0,0,0.0,0,0,0,0,0,0.0,0.0,0.0,3.0,1.5,False,0,0,1.0,False,0,0,0,0,0,4,0.67,0,2,0,9,0,1,0,1,0,3,1,1,4,1,0,2,0,2,3,2,0,0,0,0,0,0,0,4,0,0,0,2,0,0,0,0.222,4,3,3,0,0,0,1,0,1,0,0,3,3,1.0,1.0,1,0.0,0.0,0.0,0.0,0.0,0.0,0.0,0.0,1.0,0.333,0.0,1.0,0.0,0,0,0,0,0,0,0,0.0,0,1,33.33,0,0.0,0,0,0,1,0,0,0,3,0,0,0,1.0,True
47,Integer_overflow_minimal,/home/motafeq/projects/chainguardian-ai/data/smartbugs_curated/dataset/arithmetic/integer_overflow_minimal.sol,smartbugs_curated,smartbugs_curated,comprehensive,success,False,False,False,False,False,False,False,False,False,False,False,False,False,False,False,False,False,False,False,False,False,False,False,0,0,0,2,1,0,0,0,0,0,0,1,1.0,2,0,0,0.0,0,0,0,0,0,0.0,0.0,0.0,3.0,1.5,False,0,0,1.0,False,0,0,0,0,0,1,0.33,0,0,0,3,0,0,0,0,0,2,0,0,2,0,0,1,0,1,1,1,0,0,0,0,0,0,1,1,0,0,0,1,0,0,0,0.5,1,2,1,0,1,0,0,0,0,0,0,1,2,0.5,1.0,1,0.0,0.0,0.0,0.0,0.0,0.0,0.0,0.0,0.5,0.0,0.0,0.5,0.0,0,0,0,0,0,0,0,0.0,0,1,50.0,0,0.0,0,0,0,1,0,0,0,2,0,0,0,1.0,True
48,Integer_overflow_mapping_sym_1,/home/motafeq/projects/chainguardian-ai/data/smartbugs_curated/dataset/arithmetic/integer_overflow_mapping_sym_1.sol,smartbugs_curated,smartbugs_curated,comprehensive,success,False,False,False,False,False,False,False,False,False,False,False,False,False,False,False,False,False,False,False,False,False,False,False,0,0,0,1,1,0,0,0,0,0,0,1,1.0,1,0,0,0.0,0,0,0,0,0,0.0,0.0,0.0,3.0,1.5,False,0,0,1.0,False,0,0,0,0,0,1,0.5,0,0,0,2,0,0,0,0,0,1,0,0,1,0,0,1,0,1,1,1,0,0,0,0,0,0,0,1,0,0,0,2,0,0,0,1.0,1,1,1,0,0,0,0,0,0,0,0,1,1,1.0,1.0,1,0.0,0.0,0.0,0.0,0.0,0.0,0.0,0.0,1.0,0.0,0.0,1.0,0.0,0,0,0,0,0,0,0,0.0,0,1,100.0,0,0.0,0,0,0,1,0,0,0,1,0,0,0,1.0,True
49,Insecure_transfer,/home/motafeq/projects/chainguardian-ai/data/smartbugs_curated/dataset/arithmetic/insecure_transfer.sol,smartbugs_curated,smartbugs_curated,comprehensive,success,False,False,False,False,False,False,False,False,False,False,False,False,False,False,False,False,False,False,False,False,False,False,False,0,0,0,1,1,0,0,0,0,0,0,1,1.0,1,0,0,0.0,0,0,0,0,0,0.0,0.0,0.0,3.0,1.5,False,0,0,1.0,False,0,0,0,0,0,3,0.75,0,0,0,4,0,1,0,1,0,1,1,1,2,1,0,1,0,1,1,1,0,0,0,0,0,0,0,3,0,0,0,2,0,0,0,0.286,3,1,1,0,0,0,0,0,0,0,0,1,1,1.0,1.0,1,0.0,0.0,0.0,0.0,0.0,0.0,0.0,0.0,1.0,0.0,0.0,1.0,0.0,0,0,0,0,0,0,0,0.0,0,1,100.0,0,0.0,0,0,0,1,0,0,0,1,0,0,0,1.0,True
50,Integer_overflow_multitx_onefunc_feasible,/home/motafeq/projects/chainguardian-ai/data/smartbugs_curated/dataset/arithmetic/integer_overflow_multitx_onefunc_feasible.sol,smartbugs_curated,smartbugs_curated,comprehensive,success,False,False,False,False,False,False,False,False,False,False,False,False,False,False,False,False,False,False,False,False,False,False,False,0,0,0,2,2,0,0,0,0,0,0,3,2.0,4,0,0,0.0,0,0,0,0,0,0.0,0.0,0.0,8.0,4.0,False,0,0,1.0,False,0,0,0,0,0,3,0.75,0,1,0,8,0,0,0,0,0,2,0,0,2,0,0,1,0,2,1,1,0,0,0,0,0,0,3,2,0,0,0,1,0,0,0,0.167,2,2,1,0,1,0,0,0,0,0,0,2,4,1.0,2.0,1,0.0,0.0,0.0,0.0,0.0,0.0,0.0,0.0,0.5,0.0,0.0,0.5,0.0,0,0,0,0,0,0,0,1.0,0,1,50.0,0,0.0,0,0,0,3,0,0,0,2,0,0,0,1.0,True
51,Integer_overflow_add,/home/motafeq/projects/chainguardian-ai/data/smartbugs_curated/dataset/arithmetic/integer_overflow_add.sol,smartbugs_curated,smartbugs_curated,comprehensive,success,False,False,False,False,False,False,False,False,False,False,False,False,False,False,False,False,False,False,False,False,False,False,False,0,0,0,2,1,0,0,0,0,0,0,1,1.0,2,0,0,0.0,0,0,0,0,0,0.0,0.0,0.0,3.0,1.5,False,0,0,1.0,False,0,0,0,0,0,1,0.33,0,0,0,3,0,0,0,0,0,2,0,0,2,0,0,1,0,1,1,1,0,0,0,0,0,0,1,1,0,0,0,1,0,0,0,0.5,1,2,1,0,1,0,0,0,0,0,0,1,2,0.5,1.0,1,0.0,0.0,0.0,0.0,0.0,0.0,0.0,0.0,0.5,0.0,0.0,0.5,0.0,0,0,0,0,0,0,0,0.0,0,1,50.0,0,0.0,0,0,0,1,0,0,0,2,0,0,0,1.0,True
52,Tokensalechallenge,/home/motafeq/projects/chainguardian-ai/data/smartbugs_curated/dataset/arithmetic/tokensalechallenge.sol,smartbugs_curated,smartbugs_curated,comprehensive,success,False,False,False,False,False,False,False,False,False,False,False,False,False,False,False,False,False,False,False,False,False,False,False,0,0,0,5,2,0,0,1,0,2,0,1,1.0,5,0,0,0.0,0,0,0,0,0,0.0,0.0,0.0,3.0,1.5,False,0,1,1.0,False,0,1,0,0,0,3,0.58,0,1,0,12,0,1,1,4,0,3,1,3,7,1,1,2,1,2,3,2,1,0,0,0,0,0,1,6,0,1,0,2,1,0,0,0.154,6,5,4,0,1,0,1,0,1,0,0,4,3,0.8,0.6,1,0.0,0.0,0.0,0.0,0.0,0.0,0.0,0.0,0.8,0.2,0.4,1.333,0.2,0,0,0,0,0,0,0,0.0,0,1,20.0,0,0.0,0,0,0,1,0,0,0,5,0,0,0,1.0,True
53,Integer_overflow_mul,/home/motafeq/projects/chainguardian-ai/data/smartbugs_curated/dataset/arithmetic/integer_overflow_mul.sol,smartbugs_curated,smartbugs_curated,comprehensive,success,False,False,False,False,False,False,False,False,False,False,False,False,False,False,False,False,False,False,False,False,False,False,False,0,0,0,2,1,0,0,0,0,0,0,1,1.0,2,0,0,0.0,0,0,0,0,0,0.0,0.0,0.0,3.0,1.5,False,0,0,1.0,False,0,0,0,0,0,1,0.33,0,0,0,3,0,0,0,0,0,2,0,0,2,0,0,1,0,1,1,1,0,0,0,0,0,0,1,1,0,0,0,1,0,0,0,0.5,1,2,1,0,1,0,0,0,0,0,0,1,2,0.5,1.0,1,0.0,0.0,0.0,0.0,0.0,0.0,0.0,0.0,0.5,0.0,0.0,0.5,0.0,0,0,0,0,0,0,0,0.0,0,1,50.0,0,0.0,0,0,0,1,0,0,0,2,0,0,0,1.0,True
54,0x941d225236464a25eb18076df7da6a91d0f95e9e,/home/motafeq/projects/chainguardian-ai/data/smartbugs_curated/dataset/reentrancy/0x941d225236464a25eb18076df7da6a91d0f95e9e.sol,smartbugs_curated,smartbugs_curated,comprehensive,success,False,False,False,False,False,False,False,False,False,False,False,False,False,False,False,False,False,False,False,False,False,False,False,0,0,0,5,4,0,0,4,1,3,0,5,2.0,11,0,0,0.0,0,0,0,0,0,0.0,0.0,0.0,12.0,6.0,False,2,0,0.0,True,0,1,2,0,0,4,0.88,0,0,0,17,0,0,4,0,0,5,0,0,5,0,0,2,4,4,2,2,1,0,2,1,0,0,2,6,0,0,0,1,1,0,2,0.059,6,5,4,0,1,0,0,0,1,0,0,6,5,1.2,1.0,2,0.0,0.0,0.0,0.0,0.0,0.0,0.0,0.0,0.8,0.0,0.6,1.2,0.8,0,0,0,0,0,0,0,3.0,0,1,20.0,0,0.0,0,0,0,5,0,0,0,5,0,0,0,1.0,True
55,0x23a91059fdc9579a9fbd0edc5f2ea0bfdb70deb4,/home/motafeq/projects/chainguardian-ai/data/smartbugs_curated/dataset/reentrancy/0x23a91059fdc9579a9fbd0edc5f2ea0bfdb70deb4.sol,smartbugs_curated,smartbugs_curated,comprehensive,success,False,False,False,False,False,False,False,False,False,False,False,False,False,False,False,False,False,False,False,False,False,False,False,0,0,0,5,3,0,0,4,1,2,0,5,2.0,11,0,0,0.0,0,0,0,0,0,0.0,0.0,0.0,12.0,6.0,False,1,1,0.5,False,0,1,1,0,0,4,0.88,0,0,0,16,0,0,4,0,0,5,0,0,5,0,0,2,4,3,2,2,1,0,2,1,0,0,1,4,0,0,0,1,1,0,2,0.071,4,5,4,0,1,0,0,0,1,0,0,5,4,1.0,0.8,2,0.0,0.0,0.0,0.0,0.0,0.0,0.0,0.0,0.8,0.0,0.4,1.25,0.8,0,0,0,0,0,0,0,3.0,0,1,20.0,0,0.0,0,0,0,5,0,0,0,5,0,0,0,1.0,True
56,Etherstore,/home/motafeq/projects/chainguardian-ai/data/smartbugs_curated/dataset/reentrancy/etherstore.sol,smartbugs_curated,smartbugs_curated,comprehensive,success,False,False,False,False,False,False,False,False,False,False,False,False,False,False,False,False,False,False,False,False,False,False,False,0,0,0,3,3,0,0,2,1,1,0,1,1.0,3,0,0,0.0,0,0,0,0,0,0.0,0.0,0.0,3.0,1.5,False,1,0,0.0,False,0,0,1,0,0,6,0.7,0,0,0,10,0,1,2,1,0,3,1,1,4,1,0,1,2,3,1,1,1,0,0,1,0,0,2,6,0,0,0,1,1,0,0,0.056,6,3,2,0,1,0,0,0,0,0,0,4,4,1.33,1.33,1,0.0,0.0,0.0,0.0,0.0,0.0,0.0,0.0,0.667,0.0,0.333,1.0,0.667,0,0,0,0,0,0,0,0.0,0,1,33.33,0,0.0,0,0,0,1,0,0,0,3,0,0,0,1.0,True
57,0xbe4041d55db380c5ae9d4a9b9703f1ed4e7e3888,/home/motafeq/projects/chainguardian-ai/data/smartbugs_curated/dataset/reentrancy/0xbe4041d55db380c5ae9d4a9b9703f1ed4e7e3888.sol,smartbugs_curated,smartbugs_curated,comprehensive,success,False,False,False,False,False,False,False,False,False,False,False,False,False,False,False,False,False,False,False,False,False,False,False,0,0,0,6,4,0,0,4,1,3,0,5,2.0,16,0,0,0.0,0,0,0,0,0,0.0,0.0,0.0,12.0,6.0,False,1,1,0.5,False,0,1,1,0,0,5,0.9,0,2,0,29,0,1,4,1,0,5,1,1,6,1,0,4,4,4,4,4,2,0,2,1,1,0,6,10,0,0,0,4,1,0,2,0.143,10,6,6,0,0,0,0,0,0,0,1,7,5,1.17,0.83,2,0.0,0.0,0.0,0.0,0.0,0.0,0.0,0.0,1.0,0.0,0.5,1.4,0.667,0,0,0,0,0,0,0,3.0,0,1,16.67,0,0.0,0,0,0,5,0,0,0,6,0,0,0,1.0,True
58,0xb5e1b1ee15c6fa0e48fce100125569d430f1bd12,/home/motafeq/projects/chainguardian-ai/data/smartbugs_curated/dataset/reentrancy/0xb5e1b1ee15c6fa0e48fce100125569d430f1bd12.sol,smartbugs_curated,smartbugs_curated,comprehensive,success,False,False,False,False,False,False,False,False,False,False,False,False,False,False,False,False,False,False,False,False,False,False,False,0,0,0,5,3,0,0,4,1,3,0,5,2.0,11,0,0,0.0,0,0,0,0,0,0.0,0.0,0.0,12.0,6.0,False,1,1,0.5,False,0,1,1,0,0,4,0.88,0,0,0,16,0,0,4,0,0,5,0,0,5,0,0,2,4,3,2,2,1,0,2,1,0,0,1,4,0,0,0,1,1,0,2,0.071,4,5,4,0,1,0,0,0,1,0,0,5,4,1.0,0.8,2,0.0,0.0,0.0,0.0,0.0,0.0,0.0,0.0,0.8,0.0,0.6,1.25,0.8,0,0,0,0,0,0,0,3.0,0,1,20.0,0,0.0,0,0,0,5,0,0,0,5,0,0,0,1.0,True
59,Etherbank,/home/motafeq/projects/chainguardian-ai/data/smartbugs_curated/dataset/reentrancy/etherbank.sol,smartbugs_curated,smartbugs_curated,comprehensive,success,False,False,False,False,False,False,False,False,False,False,False,False,False,False,False,False,False,False,False,False,False,False,False,0,0,0,3,1,0,0,2,1,0,0,3,1.0,5,0,0,0.0,0,0,0,0,0,0.0,0.0,0.0,7.0,3.5,False,1,0,0.0,False,0,0,1,0,0,4,0.7,0,2,0,10,0,0,2,0,0,3,0,0,3,0,0,0,2,1,1,0,0,0,0,1,0,0,2,1,1,0,0,0,1,0,0,0.0,1,3,3,0,0,0,1,0,0,0,0,3,2,1.0,0.67,1,0.0,0.0,0.0,0.0,0.0,0.0,0.0,0.0,1.0,0.333,0.0,1.5,0.667,0,0,0,0,0,0,0,2.0,0,1,33.33,0,0.0,0,0,0,3,0,0,0,3,0,0,0,1.0,True
60,Modifier_reentrancy,/home/motafeq/projects/chainguardian-ai/data/smartbugs_curated/dataset/reentrancy/modifier_reentrancy.sol,smartbugs_curated,smartbugs_curated,comprehensive,success,False,False,False,False,False,False,False,False,False,False,False,False,False,False,False,False,False,False,False,False,False,False,False,0,0,0,2,2,2,0,0,0,0,0,1,1.0,2,0,0,0.0,0,0,0,0,0,0.0,0.0,0.0,3.0,1.5,False,0,0,1.0,False,0,0,0,0,0,3,0.6,0,0,0,5,0,1,0,2,0,3,2,1,4,1,0,0,0,1,0,0,0,0,0,0,2,0,1,1,0,0,0,0,0,0,0,0.0,1,2,1,0,1,0,0,0,0,0,0,1,2,0.5,1.0,3,0.0,0.0,0.0,0.0,0.0,0.0,0.0,0.0,0.5,0.0,0.0,0.5,0.0,0,0,0,0,0,0,0,0.0,0,1,50.0,0,0.0,0,0,0,1,0,0,0,2,0,0,0,1.0,True
61,Reentrance,/home/motafeq/projects/chainguardian-ai/data/smartbugs_curated/dataset/reentrancy/reentrance.sol,smartbugs_curated,smartbugs_curated,comprehensive,success,False,False,False,False,False,False,False,False,False,False,False,False,False,False,False,False,False,False,False,False,False,False,False,0,0,0,4,1,0,0,2,1,2,0,5,2.0,8,0,0,0.0,0,0,0,0,0,0.0,0.0,0.0,12.0,6.0,False,1,0,0.0,False,0,0,1,0,0,4,0.83,0,1,0,12,0,0,2,0,0,4,0,0,4,0,0,2,2,1,3,2,1,0,0,1,0,0,0,3,0,0,0,2,1,0,0,0.222,3,4,4,0,0,0,1,0,0,0,0,3,2,0.75,0.5,1,0.0,0.0,0.0,0.0,0.0,0.0,0.0,0.0,1.0,0.25,0.5,1.5,0.5,0,0,0,0,0,0,0,3.0,0,1,25.0,0,0.0,0,0,0,5,0,0,0,4,0,0,0,1.0,True
62,0x4e73b32ed6c35f570686b89848e5f39f20ecc106,/home/motafeq/projects/chainguardian-ai/data/smartbugs_curated/dataset/reentrancy/0x4e73b32ed6c35f570686b89848e5f39f20ecc106.sol,smartbugs_curated,smartbugs_curated,comprehensive,success,False,False,False,False,False,False,False,False,False,False,False,False,False,False,False,False,False,False,False,False,False,False,False,0,0,0,6,4,0,0,4,1,3,0,5,1.0,10,0,0,0.0,0,0,0,0,0,0.0,0.0,0.0,11.0,5.5,False,1,1,0.5,False,0,1,1,0,0,4,0.8,0,0,0,20,0,1,4,3,0,4,1,2,7,1,0,3,4,4,3,3,1,0,2,1,1,0,3,5,2,0,0,3,1,0,2,0.174,5,6,6,0,0,0,0,0,0,0,0,7,5,1.17,0.83,2,0.0,0.0,0.0,0.0,0.0,0.0,0.0,0.0,1.0,0.0,0.5,1.4,0.667,0,0,0,0,0,0,0,4.0,0,1,16.67,0,0.0,0,0,0,5,0,0,0,6,0,0,0,1.0,True
63,0xb93430ce38ac4a6bb47fb1fc085ea669353fd89e,/home/motafeq/projects/chainguardian-ai/data/smartbugs_curated/dataset/reentrancy/0xb93430ce38ac4a6bb47fb1fc085ea669353fd89e.sol,smartbugs_curated,smartbugs_curated,comprehensive,success,False,False,False,False,False,False,False,False,False,False,False,False,False,False,False,False,False,False,False,False,False,False,False,0,0,0,5,3,0,0,4,1,2,0,5,2.0,11,0,0,0.0,0,0,0,0,0,0.0,0.0,0.0,12.0,6.0,False,1,1,0.5,False,0,1,1,0,0,4,0.88,0,0,0,16,0,0,4,0,0,5,0,0,5,0,0,2,4,3,2,2,1,0,2,1,0,0,1,4,0,0,0,1,1,0,2,0.071,4,5,4,0,1,0,0,0,1,0,0,5,4,1.0,0.8,2,0.0,0.0,0.0,0.0,0.0,0.0,0.0,0.0,0.8,0.0,0.4,1.25,0.8,0,0,0,0,0,0,0,3.0,0,1,20.0,0,0.0,0,0,0,5,0,0,0,5,0,0,0,1.0,True
64,0xbaf51e761510c1a11bf48dd87c0307ac8a8c8a4f,/home/motafeq/projects/chainguardian-ai/data/smartbugs_curated/dataset/reentrancy/0xbaf51e761510c1a11bf48dd87c0307ac8a8c8a4f.sol,smartbugs_curated,smartbugs_curated,comprehensive,success,False,False,False,False,False,False,False,False,False,False,False,False,False,False,False,False,False,False,False,False,False,False,False,0,0,0,5,3,0,0,4,1,3,0,5,2.0,11,0,0,0.0,0,0,0,0,0,0.0,0.0,0.0,12.0,6.0,False,1,1,0.5,False,0,1,1,0,0,4,0.88,0,0,0,16,0,0,4,0,0,5,0,0,5,0,0,2,4,3,2,2,1,0,2,1,0,0,1,4,0,0,0,1,1,0,2,0.071,4,5,4,0,1,0,0,0,1,0,0,5,4,1.0,0.8,2,0.0,0.0,0.0,0.0,0.0,0.0,0.0,0.0,0.8,0.0,0.6,1.25,0.8,0,0,0,0,0,0,0,3.0,0,1,20.0,0,0.0,0,0,0,5,0,0,0,5,0,0,0,1.0,True
65,0xaae1f51cf3339f18b6d3f3bdc75a5facd744b0b8,/home/motafeq/projects/chainguardian-ai/data/smartbugs_curated/dataset/reentrancy/0xaae1f51cf3339f18b6d3f3bdc75a5facd744b0b8.sol,smartbugs_curated,smartbugs_curated,comprehensive,success,False,False,False,False,False,False,False,False,False,False,False,False,False,False,False,False,False,False,False,False,False,False,False,0,0,0,6,4,0,0,4,1,3,0,5,2.0,14,0,0,0.0,0,0,0,0,0,0.0,0.0,0.0,12.0,6.0,False,1,1,0.5,False,0,1,1,0,0,4,0.83,0,2,0,24,0,1,4,1,0,5,1,1,6,1,0,3,4,4,3,3,1,0,2,1,1,0,3,5,0,0,0,3,1,0,2,0.19,5,6,6,0,0,0,0,0,0,0,0,7,5,1.17,0.83,2,0.0,0.0,0.0,0.0,0.0,0.0,0.0,0.0,1.0,0.0,0.5,1.4,0.667,0,0,0,0,0,0,0,3.0,0,1,16.67,0,0.0,0,0,0,5,0,0,0,6,0,0,0,1.0,True
66,0x01f8c4e3fa3edeb29e514cba738d87ce8c091d3f,/home/motafeq/projects/chainguardian-ai/data/smartbugs_curated/dataset/reentrancy/0x01f8c4e3fa3edeb29e514cba738d87ce8c091d3f.sol,smartbugs_curated,smartbugs_curated,comprehensive,success,False,False,False,False,False,False,False,False,False,False,False,False,False,False,False,False,False,False,False,False,False,False,False,0,0,0,7,4,0,0,4,1,3,0,5,2.0,15,0,0,0.0,0,0,0,0,0,0.0,0.0,0.0,12.0,6.0,False,1,1,0.5,False,0,1,1,0,0,4,0.88,0,0,0,26,0,1,4,3,0,5,1,2,8,1,0,3,4,4,3,3,1,0,2,1,1,0,5,5,0,0,0,3,1,0,2,0.154,5,7,6,0,1,0,0,0,0,0,0,7,7,1.0,1.0,2,0.0,0.0,0.0,0.0,0.0,0.0,0.0,0.0,0.857,0.0,0.429,1.0,0.571,0,0,0,0,0,0,0,3.0,0,1,14.29,0,0.0,0,0,0,5,0,0,0,7,0,0,0,1.0,True
67,Reentrancy_insecure,/home/motafeq/projects/chainguardian-ai/data/smartbugs_curated/dataset/reentrancy/reentrancy_insecure.sol,smartbugs_curated,smartbugs_curated,comprehensive,success,False,False,False,False,False,False,False,False,False,False,False,False,False,False,False,False,False,False,False,False,False,False,False,0,0,0,1,1,0,0,2,1,0,0,1,1.0,1,0,0,0.0,0,0,0,0,0,0.0,0.0,0.0,3.0,1.5,False,1,0,0.0,False,0,0,1,0,0,5,0.83,0,0,0,6,0,1,2,1,0,1,1,1,2,1,0,0,2,1,0,0,0,0,0,1,0,0,2,0,0,0,0,0,1,0,0,0.0,0,1,1,0,0,0,0,0,0,0,0,1,1,1.0,1.0,1,0.0,0.0,0.0,0.0,0.0,0.0,0.0,0.0,1.0,0.0,0.0,1.0,2.0,0,0,0,0,0,0,0,0.0,0,1,100.0,0,0.0,0,0,0,1,0,0,0,1,0,0,0,1.0,True
68,Simple_dao,/home/motafeq/projects/chainguardian-ai/data/smartbugs_curated/dataset/reentrancy/simple_dao.sol,smartbugs_curated,smartbugs_curated,comprehensive,success,False,False,False,False,False,False,False,False,False,False,False,False,False,False,False,False,False,False,False,False,False,False,False,0,0,0,3,1,0,0,2,1,1,0,3,1.0,5,0,0,0.0,0,0,0,0,0,0.0,0.0,0.0,7.0,3.5,False,1,0,0.0,False,0,0,1,0,0,3,0.78,0,1,0,9,0,0,2,0,0,3,0,0,3,0,0,2,2,1,3,2,1,0,0,1,0,0,1,3,0,0,0,3,1,0,0,0.273,3,3,3,0,0,0,0,0,0,0,0,3,2,1.0,0.67,1,0.0,0.0,0.0,0.0,0.0,0.0,0.0,0.0,1.0,0.0,0.333,1.5,0.667,0,0,0,0,0,0,0,2.0,0,1,33.33,0,0.0,0,0,0,3,0,0,0,3,0,0,0,1.0,True
69,0x4320e6f8c05b27ab4707cd1f6d5ce6f3e4b3a5a1,/home/motafeq/projects/chainguardian-ai/data/smartbugs_curated/dataset/reentrancy/0x4320e6f8c05b27ab4707cd1f6d5ce6f3e4b3a5a1.sol,smartbugs_curated,smartbugs_curated,comprehensive,success,False,False,False,False,False,False,False,False,False,False,False,False,False,False,False,False,False,False,False,False,False,False,False,0,0,0,7,4,0,0,4,1,3,0,5,2.0,15,0,0,0.0,0,0,0,0,0,0.0,0.0,0.0,12.0,6.0,False,1,1,0.5,False,0,1,1,0,0,4,0.88,0,0,0,26,0,1,4,3,0,5,1,2,8,1,0,3,4,4,3,3,1,0,2,1,1,0,5,5,0,0,0,3,1,0,2,0.154,5,7,6,0,1,0,0,0,0,0,0,7,7,1.0,1.0,2,0.0,0.0,0.0,0.0,0.0,0.0,0.0,0.0,0.857,0.0,0.429,1.0,0.571,0,0,0,0,0,0,0,3.0,0,1,14.29,0,0.0,0,0,0,5,0,0,0,7,0,0,0,1.0,True
70,0x7541b76cb60f4c60af330c208b0623b7f54bf615,/home/motafeq/projects/chainguardian-ai/data/smartbugs_curated/dataset/reentrancy/0x7541b76cb60f4c60af330c208b0623b7f54bf615.sol,smartbugs_curated,smartbugs_curated,comprehensive,success,False,False,False,False,False,False,False,False,False,False,False,False,False,False,False,False,False,False,False,False,False,False,False,0,0,0,5,3,0,0,4,1,3,0,5,2.0,11,0,0,0.0,0,0,0,0,0,0.0,0.0,0.0,12.0,6.0,False,2,0,0.0,False,0,1,2,0,0,6,0.9,0,0,0,21,0,1,4,1,0,4,1,1,5,1,0,3,4,3,3,3,2,0,2,1,1,0,5,8,0,0,0,2,1,0,2,0.103,8,5,4,0,1,0,0,0,1,0,1,5,4,1.0,0.8,2,0.0,0.0,0.0,0.0,0.0,0.0,0.0,0.0,0.8,0.0,0.6,1.25,0.8,0,0,0,0,0,0,0,3.0,0,1,20.0,0,0.0,0,0,0,5,0,0,0,5,0,0,0,1.0,True
71,0x561eac93c92360949ab1f1403323e6db345cbf31,/home/motafeq/projects/chainguardian-ai/data/smartbugs_curated/dataset/reentrancy/0x561eac93c92360949ab1f1403323e6db345cbf31.sol,smartbugs_curated,smartbugs_curated,comprehensive,success,False,False,False,False,False,False,False,False,False,False,False,False,False,False,False,False,False,False,False,False,False,False,False,0,0,0,6,4,0,0,4,1,3,0,5,2.0,14,0,0,0.0,0,0,0,0,0,0.0,0.0,0.0,12.0,6.0,False,1,1,0.5,False,0,1,1,0,0,4,0.83,0,2,0,24,0,1,4,1,0,5,1,1,6,1,0,3,4,4,3,3,1,0,2,1,1,0,3,5,0,0,0,3,1,0,2,0.19,5,6,6,0,0,0,0,0,0,0,0,7,5,1.17,0.83,2,0.0,0.0,0.0,0.0,0.0,0.0,0.0,0.0,1.0,0.0,0.5,1.4,0.667,0,0,0,0,0,0,0,3.0,0,1,16.67,0,0.0,0,0,0,5,0,0,0,6,0,0,0,1.0,True
72,Reentrancy_cross_function,/home/motafeq/projects/chainguardian-ai/data/smartbugs_curated/dataset/reentrancy/reentrancy_cross_function.sol,smartbugs_curated,smartbugs_curated,comprehensive,success,False,False,False,False,False,False,False,False,False,False,False,False,False,False,False,False,False,False,False,False,False,False,False,0,0,0,2,1,0,0,2,1,0,0,3,2.0,4,0,0,0.0,0,0,0,0,0,0.0,0.0,0.0,8.0,4.0,False,1,0,0.0,False,0,0,1,0,0,5,0.91,0,0,0,11,0,1,2,1,0,2,1,1,3,1,0,1,2,1,1,1,0,0,0,1,0,0,3,3,0,0,0,2,1,0,0,0.143,3,2,2,0,0,0,0,0,0,0,0,2,2,1.0,1.0,1,0.0,0.0,0.0,0.0,0.0,0.0,0.0,0.0,1.0,0.0,0.0,1.0,1.0,0,0,0,0,0,0,0,1.0,0,1,50.0,0,0.0,0,0,0,3,0,0,0,2,0,0,0,1.0,True
73,Spank_chain_payment,/home/motafeq/projects/chainguardian-ai/data/smartbugs_curated/dataset/reentrancy/spank_chain_payment.sol,smartbugs_curated,smartbugs_curated,comprehensive,success,False,False,False,False,False,False,False,False,False,False,False,False,False,False,False,False,False,False,False,False,False,False,False,0,0,0,5,1,0,2,0,0,0,0,1,1.0,5,0,0,0.0,0,0,0,0,0,0.0,0.0,0.0,3.0,1.5,False,0,0,1.0,False,0,0,0,0,0,0,0.0,0,0,0,0,0,0,0,0,0,5,0,0,5,0,0,0,0,0,5,0,0,0,0,0,0,0,0,0,0,0,0,7,0,0,0,0.0,0,5,5,0,0,0,2,0,0,0,0,0,0,0.0,0.0,5,0.0,0.0,0.0,0.0,0.0,0.0,0.0,0.0,1.0,0.4,0.0,0.0,0.0,0,0,0,0,0,0,0,0.0,0,1,20.0,0,0.0,0,0,0,1,0,0,0,5,0,0,0,1.0,True
74,0x7b368c4e805c3870b6c49a3f1f49f69af8662cf3,/home/motafeq/projects/chainguardian-ai/data/smartbugs_curated/dataset/reentrancy/0x7b368c4e805c3870b6c49a3f1f49f69af8662cf3.sol,smartbugs_curated,smartbugs_curated,comprehensive,success,False,False,False,False,False,False,False,False,False,False,False,False,False,False,False,False,False,False,False,False,False,False,False,0,0,0,5,3,0,0,4,1,3,0,5,2.0,11,0,0,0.0,0,0,0,0,0,0.0,0.0,0.0,12.0,6.0,False,2,0,0.0,False,0,1,2,0,0,6,0.9,0,0,0,21,0,1,4,1,0,4,1,1,5,1,0,3,4,3,3,3,2,0,2,1,1,0,5,8,0,0,0,2,1,0,2,0.103,8,5,4,0,1,0,0,0,1,0,1,5,4,1.0,0.8,2,0.0,0.0,0.0,0.0,0.0,0.0,0.0,0.0,0.8,0.0,0.6,1.25,0.8,0,0,0,0,0,0,0,3.0,0,1,20.0,0,0.0,0,0,0,5,0,0,0,5,0,0,0,1.0,True
75,0x7a8721a9d64c74da899424c1b52acbf58ddc9782,/home/motafeq/projects/chainguardian-ai/data/smartbugs_curated/dataset/reentrancy/0x7a8721a9d64c74da899424c1b52acbf58ddc9782.sol,smartbugs_curated,smartbugs_curated,comprehensive,success,False,False,False,False,False,False,False,False,False,False,False,False,False,False,False,False,False,False,False,False,False,False,False,0,0,0,6,4,1,0,5,1,2,0,5,2.0,12,0,0,0.0,0,0,0,0,0,0.0,0.0,0.0,12.0,6.0,False,1,1,0.5,False,0,1,1,0,0,4,0.85,0,0,0,20,0,1,5,1,0,6,1,1,7,1,0,2,4,3,2,2,1,0,2,1,1,0,2,4,0,0,0,2,1,0,2,0.118,4,6,5,0,1,0,0,0,1,0,0,5,6,0.83,1.0,2,0.0,0.0,0.0,0.0,0.0,0.0,0.0,0.0,0.833,0.0,0.333,0.833,0.833,0,0,0,0,0,0,0,3.0,0,1,16.67,0,0.0,0,0,0,5,0,0,0,6,0,0,0,1.0,True
76,0xf015c35649c82f5467c9c74b7f28ee67665aad68,/home/motafeq/projects/chainguardian-ai/data/smartbugs_curated/dataset/reentrancy/0xf015c35649c82f5467c9c74b7f28ee67665aad68.sol,smartbugs_curated,smartbugs_curated,comprehensive,success,False,False,False,False,False,False,False,False,False,False,False,False,False,False,False,False,False,False,False,False,False,False,False,0,0,0,5,3,0,0,4,1,3,0,5,2.0,11,0,0,0.0,0,0,0,0,0,0.0,0.0,0.0,12.0,6.0,False,2,0,0.0,False,0,1,2,0,0,6,0.9,0,0,0,21,0,1,4,1,0,4,1,1,5,1,0,3,4,3,3,3,2,0,2,1,1,0,5,8,0,0,0,2,1,0,2,0.103,8,5,4,0,1,0,0,0,1,0,1,5,4,1.0,0.8,2,0.0,0.0,0.0,0.0,0.0,0.0,0.0,0.0,0.8,0.0,0.6,1.25,0.8,0,0,0,0,0,0,0,3.0,0,1,20.0,0,0.0,0,0,0,5,0,0,0,5,0,0,0,1.0,True
77,0x8c7777c45481dba411450c228cb692ac3d550344,/home/motafeq/projects/chainguardian-ai/data/smartbugs_curated/dataset/reentrancy/0x8c7777c45481dba411450c228cb692ac3d550344.sol,smartbugs_curated,smartbugs_curated,comprehensive,success,False,False,False,False,False,False,False,False,False,False,False,False,False,False,False,False,False,False,False,False,False,False,False,0,0,0,5,3,0,0,4,1,3,0,5,2.0,11,0,0,0.0,0,0,0,0,0,0.0,0.0,0.0,12.0,6.0,False,1,1,0.5,False,0,1,1,0,0,4,0.88,0,0,0,16,0,0,4,0,0,5,0,0,5,0,0,2,4,3,2,2,1,0,2,1,0,0,1,4,0,0,0,1,1,0,2,0.071,4,5,4,0,1,0,0,0,1,0,0,5,4,1.0,0.8,2,0.0,0.0,0.0,0.0,0.0,0.0,0.0,0.0,0.8,0.0,0.6,1.25,0.8,0,0,0,0,0,0,0,3.0,0,1,20.0,0,0.0,0,0,0,5,0,0,0,5,0,0,0,1.0,True
78,0x627fa62ccbb1c1b04ffaecd72a53e37fc0e17839,/home/motafeq/projects/chainguardian-ai/data/smartbugs_curated/dataset/reentrancy/0x627fa62ccbb1c1b04ffaecd72a53e37fc0e17839.sol,smartbugs_curated,smartbugs_curated,comprehensive,success,False,False,False,False,False,False,False,False,False,False,False,False,False,False,False,False,False,False,False,False,False,False,False,0,0,0,3,2,1,0,0,0,0,0,3,1.0,5,0,0,0.0,0,0,0,0,0,0.0,0.0,0.0,7.0,3.5,False,0,0,1.0,False,0,0,0,0,0,2,0.75,0,0,0,8,0,1,0,1,0,3,1,1,4,1,0,1,0,1,1,1,0,0,0,0,1,0,3,1,0,0,0,1,0,0,0,0.5,1,3,2,0,1,0,0,0,0,0,0,1,3,0.33,1.0,3,0.0,0.0,0.0,0.0,0.0,0.0,0.0,0.0,0.667,0.0,0.0,0.333,0.0,0,0,0,0,0,0,0,2.0,0,1,33.33,0,0.0,0,0,0,3,0,0,0,3,0,0,0,1.0,True
79,Reentrancy_bonus,/home/motafeq/projects/chainguardian-ai/data/smartbugs_curated/dataset/reentrancy/reentrancy_bonus.sol,smartbugs_curated,smartbugs_curated,comprehensive,success,False,False,False,False,False,False,False,False,False,False,False,False,False,False,False,False,False,False,False,False,False,False,False,0,0,0,2,3,0,0,2,1,0,0,1,1.0,2,0,0,0.0,0,0,0,0,0,0.0,0.0,0.0,3.0,1.5,False,0,1,1.0,False,0,1,0,0,0,5,0.82,0,0,0,11,0,1,2,3,0,1,2,2,3,2,0,2,2,2,2,2,1,0,0,1,1,0,4,1,1,0,0,2,1,0,0,0.133,1,2,2,0,0,0,0,0,0,0,0,3,3,1.5,1.5,1,0.0,0.0,0.0,0.0,0.0,0.0,0.0,0.0,1.0,0.0,0.0,1.0,1.0,0,0,0,0,0,0,0,0.0,0,1,50.0,0,0.0,0,0,0,1,0,0,0,2,0,0,0,1.0,True
80,0xcead721ef5b11f1a7b530171aab69b16c5e66b6e,/home/motafeq/projects/chainguardian-ai/data/smartbugs_curated/dataset/reentrancy/0xcead721ef5b11f1a7b530171aab69b16c5e66b6e.sol,smartbugs_curated,smartbugs_curated,comprehensive,success,False,False,False,False,False,False,False,False,False,False,False,False,False,False,False,False,False,False,False,False,False,False,False,0,0,0,5,3,0,0,4,1,3,0,5,2.0,11,0,0,0.0,0,0,0,0,0,0.0,0.0,0.0,12.0,6.0,False,2,0,0.0,False,0,1,2,0,0,6,0.9,0,0,0,21,0,1,4,1,0,4,1,1,5,1,0,3,4,3,3,3,2,0,2,1,1,0,5,8,0,0,0,2,1,0,2,0.103,8,5,4,0,1,0,0,0,1,0,1,5,4,1.0,0.8,2,0.0,0.0,0.0,0.0,0.0,0.0,0.0,0.0,0.8,0.0,0.6,1.25,0.8,0,0,0,0,0,0,0,3.0,0,1,20.0,0,0.0,0,0,0,5,0,0,0,5,0,0,0,1.0,True
81,Reentrancy_simple,/home/motafeq/projects/chainguardian-ai/data/smartbugs_curated/dataset/reentrancy/reentrancy_simple.sol,smartbugs_curated,smartbugs_curated,comprehensive,success,False,False,False,False,False,False,False,False,False,False,False,False,False,False,False,False,False,False,False,False,False,False,False,0,0,0,3,1,0,0,2,1,1,0,3,1.0,5,0,0,0.0,0,0,0,0,0,0.0,0.0,0.0,7.0,3.5,False,1,0,0.0,False,0,0,1,0,0,3,0.67,0,2,0,9,0,0,2,0,0,3,0,0,3,0,0,0,2,1,1,0,0,0,0,1,0,0,1,1,1,0,0,0,1,0,0,0.0,1,3,3,0,0,0,1,0,0,0,0,3,2,1.0,0.67,1,0.0,0.0,0.0,0.0,0.0,0.0,0.0,0.0,1.0,0.333,0.333,1.5,0.667,0,0,0,0,0,0,0,2.0,0,1,33.33,0,0.0,0,0,0,3,0,0,0,3,0,0,0,1.0,True
82,0x96edbe868531bd23a6c05e9d0c424ea64fb1b78b,/home/motafeq/projects/chainguardian-ai/data/smartbugs_curated/dataset/reentrancy/0x96edbe868531bd23a6c05e9d0c424ea64fb1b78b.sol,smartbugs_curated,smartbugs_curated,comprehensive,success,False,False,False,False,False,False,False,False,False,False,False,False,False,False,False,False,False,False,False,False,False,False,False,0,0,0,6,4,0,0,4,1,3,0,5,2.0,16,0,0,0.0,0,0,0,0,0,0.0,0.0,0.0,12.0,6.0,False,1,1,0.5,False,0,1,1,0,0,5,0.9,0,2,0,29,0,1,4,1,0,5,1,1,6,1,0,4,4,4,4,4,2,0,2,1,1,0,6,10,0,0,0,4,1,0,2,0.143,10,6,6,0,0,0,0,0,0,0,1,7,5,1.17,0.83,2,0.0,0.0,0.0,0.0,0.0,0.0,0.0,0.0,1.0,0.0,0.5,1.4,0.667,0,0,0,0,0,0,0,3.0,0,1,16.67,0,0.0,0,0,0,5,0,0,0,6,0,0,0,1.0,True
83,0x93c32845fae42c83a70e5f06214c8433665c2ab5,/home/motafeq/projects/chainguardian-ai/data/smartbugs_curated/dataset/reentrancy/0x93c32845fae42c83a70e5f06214c8433665c2ab5.sol,smartbugs_curated,smartbugs_curated,comprehensive,success,False,False,False,False,False,False,False,False,False,False,False,False,False,False,False,False,False,False,False,False,False,False,False,0,0,0,5,3,0,0,4,1,3,0,5,2.0,11,0,0,0.0,0,0,0,0,0,0.0,0.0,0.0,12.0,6.0,False,2,0,0.0,False,0,1,2,0,0,6,0.9,0,0,0,21,0,1,4,1,0,4,1,1,5,1,0,3,4,3,3,3,2,0,2,1,1,0,5,8,0,0,0,2,1,0,2,0.103,8,5,4,0,1,0,0,0,1,0,1,5,4,1.0,0.8,2,0.0,0.0,0.0,0.0,0.0,0.0,0.0,0.0,0.8,0.0,0.6,1.25,0.8,0,0,0,0,0,0,0,3.0,0,1,20.0,0,0.0,0,0,0,5,0,0,0,5,0,0,0,1.0,True
84,Reentrancy_dao,/home/motafeq/projects/chainguardian-ai/data/smartbugs_curated/dataset/reentrancy/reentrancy_dao.sol,smartbugs_curated,smartbugs_curated,comprehensive,success,False,False,False,False,False,False,False,False,False,False,False,False,False,False,False,False,False,False,False,False,False,False,False,0,0,0,2,2,0,0,2,1,1,0,3,2.0,4,0,0,0.0,0,0,0,0,0,0.0,0.0,0.0,8.0,4.0,False,1,0,0.0,False,0,1,1,0,0,6,0.91,0,0,0,11,0,1,2,1,0,2,1,1,3,1,0,0,2,2,0,0,0,0,0,1,0,0,3,4,0,0,0,0,1,0,0,0.0,4,2,2,0,0,0,0,0,0,0,0,4,4,2.0,2.0,1,0.0,0.0,0.0,0.0,0.0,0.0,0.0,0.0,1.0,0.0,0.5,1.0,1.0,0,0,0,0,0,0,0,1.0,0,1,50.0,0,0.0,0,0,0,3,0,0,0,2,0,0,0,1.0,True
85,0x610495793564aed0f9c7fc48dc4c7c9151d34fd6,/home/motafeq/projects/chainguardian-ai/data/smartbugs_curated/dataset/unchecked_low_level_calls/0x610495793564aed0f9c7fc48dc4c7c9151d34fd6.sol,smartbugs_curated,smartbugs_curated,comprehensive,success,False,False,False,False,False,False,False,False,False,False,False,False,False,False,False,False,False,False,False,False,False,False,False,0,0,0,5,2,1,0,3,1,1,0,1,1.0,5,0,0,0.0,0,0,0,0,0,0.0,0.0,0.0,3.0,1.5,False,0,0,1.0,False,0,0,0,0,0,2,0.58,0,0,0,12,0,1,3,5,0,4,3,3,7,2,1,2,3,1,2,0,2,0,0,1,4,0,2,1,0,1,0,4,2,0,0,0.364,1,5,4,0,1,0,0,0,0,0,0,1,2,0.2,0.4,1,0.0,0.0,0.0,0.0,0.0,0.0,0.0,0.0,0.8,0.0,0.2,0.5,0.6,0,0,0,0,0,0,0,0.0,0,1,20.0,0,0.0,0,0,0,1,0,0,0,5,0,0,0,1.0,True
86,0xb0510d68f210b7db66e8c7c814f22680f2b8d1d6,/home/motafeq/projects/chainguardian-ai/data/smartbugs_curated/dataset/unchecked_low_level_calls/0xb0510d68f210b7db66e8c7c814f22680f2b8d1d6.sol,smartbugs_curated,smartbugs_curated,comprehensive,success,False,False,False,False,False,False,False,False,False,False,False,False,False,False,False,False,False,False,False,False,False,False,False,0,0,0,7,6,0,0,16,4,3,0,1,1.0,7,0,0,0.0,0,0,0,0,0,0.0,0.0,0.0,3.0,1.5,False,1,1,0.5,False,0,1,1,0,0,9,0.77,0,2,0,31,0,2,16,6,0,4,2,4,9,2,1,1,13,4,1,1,0,0,1,4,0,0,6,5,0,1,0,2,5,0,0,0.091,5,7,7,0,0,0,1,0,1,0,0,8,5,1.14,0.71,3,0.0,0.0,0.0,0.0,0.0,0.0,0.0,0.0,1.0,0.143,0.429,1.6,2.286,0,0,0,0,0,0,0,0.0,0,1,14.29,0,0.0,0,0,0,1,0,0,0,7,0,0,0,1.0,True
87,0xbebbfe5b549f5db6e6c78ca97cac19d1fb03082c,/home/motafeq/projects/chainguardian-ai/data/smartbugs_curated/dataset/unchecked_low_level_calls/0xbebbfe5b549f5db6e6c78ca97cac19d1fb03082c.sol,smartbugs_curated,smartbugs_curated,comprehensive,success,False,False,False,False,False,False,False,False,False,False,False,False,False,False,False,False,False,False,False,False,False,False,False,0,0,0,3,1,1,0,2,1,1,0,1,1.0,3,0,0,0.0,0,0,0,0,0,0.0,0.0,0.0,3.0,1.5,False,0,0,1.0,False,0,0,0,0,0,2,0.5,0,0,0,6,0,1,2,1,0,3,1,1,4,1,0,2,2,0,2,1,1,0,0,1,1,0,2,0,0,0,0,3,1,0,0,1.0,0,3,2,0,1,0,0,0,0,0,0,0,2,0.0,0.67,2,0.0,0.0,0.0,0.0,0.0,0.0,0.0,0.0,0.667,0.0,0.333,0.0,0.667,0,0,0,0,0,0,0,0.0,0,1,33.33,0,0.0,0,0,0,1,0,0,0,3,0,0,0,1.0,True
88,0x7a4349a749e59a5736efb7826ee3496a2dfd5489,/home/motafeq/projects/chainguardian-ai/data/smartbugs_curated/dataset/unchecked_low_level_calls/0x7a4349a749e59a5736efb7826ee3496a2dfd5489.sol,smartbugs_curated,smartbugs_curated,comprehensive,success,False,False,False,False,False,False,False,False,False,False,False,False,False,False,False,False,False,False,False,False,False,False,False,0,0,0,5,1,0,0,5,1,4,0,3,1.0,9,0,0,0.0,0,0,0,0,0,0.0,0.0,0.0,7.0,3.5,False,0,1,1.0,False,0,1,0,0,0,4,0.81,0,0,0,16,0,1,5,4,0,4,2,2,7,1,0,1,5,1,1,0,1,0,0,1,0,0,2,4,0,3,0,2,4,0,0,0.118,4,5,4,0,1,0,0,0,0,0,0,3,2,0.6,0.4,1,0.0,0.0,0.0,0.0,0.0,0.0,0.0,0.0,0.8,0.0,0.8,1.5,1.0,0,0,0,0,0,0,0,2.0,0,1,20.0,0,0.0,0,0,0,3,0,0,0,5,0,0,0,1.0,True
89,0x958a8f594101d2c0485a52319f29b2647f2ebc06,/home/motafeq/projects/chainguardian-ai/data/smartbugs_curated/dataset/unchecked_low_level_calls/0x958a8f594101d2c0485a52319f29b2647f2ebc06.sol,smartbugs_curated,smartbugs_curated,comprehensive,success,False,False,False,False,False,False,False,False,False,False,False,False,False,False,False,False,False,False,False,False,False,False,False,0,0,0,4,2,1,0,2,1,0,0,3,1.0,6,0,0,0.0,0,0,0,0,0,0.0,0.0,0.0,7.0,3.5,False,0,0,1.0,False,0,0,0,0,0,2,0.75,0,0,0,12,0,1,2,2,0,3,1,2,5,1,0,2,2,1,2,1,1,0,0,1,2,0,2,1,0,0,0,4,1,0,0,0.857,1,4,4,0,0,0,0,0,1,0,0,1,3,0.25,0.75,2,0.0,0.0,0.0,0.0,0.0,0.0,0.0,0.0,1.0,0.0,0.0,0.333,0.5,0,0,0,0,0,0,0,2.0,0,1,25.0,0,0.0,0,0,0,3,0,0,0,4,0,0,0,1.0,True
90,Etherpot_lotto,/home/motafeq/projects/chainguardian-ai/data/smartbugs_curated/dataset/unchecked_low_level_calls/etherpot_lotto.sol,smartbugs_curated,smartbugs_curated,comprehensive,success,False,False,False,False,False,False,False,False,False,False,False,False,False,False,False,False,False,False,False,False,False,False,False,0,0,0,15,4,0,0,2,0,0,0,8,2.0,36,0,0,0.0,0,0,0,0,0,0.0,0.0,0.0,18.0,9.0,False,2,0,0.0,True,0,0,2,0,1,14,0.86,0,17,0,81,0,3,2,9,0,11,4,2,16,3,0,1,2,4,10,1,1,0,0,0,5,0,14,14,0,0,2,2,2,0,0,0.031,14,15,14,0,1,0,12,0,0,0,1,15,5,1.0,0.33,1,0.0,0.0,0.0,0.0,0.0,0.0,0.0,0.0,0.933,0.8,0.0,3.0,0.133,0,0,0,0,0,0,0,6.0,0,1,6.67,0,0.0,0,0,0,8,0,0,0,15,0,0,0,1.0,True
91,0x0cbe050f75bc8f8c2d6c0d249fea125fd6e1acc9,/home/motafeq/projects/chainguardian-ai/data/smartbugs_curated/dataset/unchecked_low_level_calls/0x0cbe050f75bc8f8c2d6c0d249fea125fd6e1acc9.sol,smartbugs_curated,smartbugs_curated,comprehensive,success,False,False,False,False,False,False,False,False,False,False,False,False,False,False,False,False,False,False,False,False,False,False,False,0,0,0,1,0,0,0,1,1,0,0,1,1.0,1,0,0,0.0,0,0,0,0,0,0.0,0.0,0.0,3.0,1.5,False,0,0,1.0,False,0,0,0,0,0,1,0.5,0,0,0,2,0,0,1,0,0,1,0,0,1,0,0,1,1,0,1,0,1,0,0,1,0,0,0,0,0,0,0,1,1,0,0,1.0,0,1,1,0,0,0,0,0,0,0,0,0,0,0.0,0.0,1,0.0,0.0,0.0,0.0,0.0,0.0,0.0,0.0,1.0,0.0,0.0,0.0,1.0,0,0,0,0,0,0,0,0.0,0,1,100.0,0,0.0,0,0,0,1,0,0,0,1,0,0,0,1.0,True
92,Lotto,/home/motafeq/projects/chainguardian-ai/data/smartbugs_curated/dataset/unchecked_low_level_calls/lotto.sol,smartbugs_curated,smartbugs_curated,comprehensive,success,False,False,False,False,False,False,False,False,False,False,False,False,False,False,False,False,False,False,False,False,False,False,False,0,0,0,3,3,0,0,2,0,0,0,1,1.0,3,0,0,0.0,0,0,0,0,0,0.0,0.0,0.0,3.0,1.5,False,1,0,0.0,False,0,0,1,0,0,3,0.62,0,0,0,8,0,1,2,3,0,3,2,2,5,1,0,0,2,1,0,0,0,0,0,0,0,0,2,0,1,0,2,0,2,0,0,0.0,0,3,2,0,1,0,0,0,0,0,0,4,2,1.33,0.67,1,0.0,0.0,0.0,0.0,0.0,0.0,0.0,0.0,0.667,0.0,0.0,2.0,0.667,0,0,0,0,0,0,0,0.0,0,1,33.33,0,0.0,0,0,0,1,0,0,0,3,0,0,0,1.0,True
93,0x5aa88d2901c68fda244f1d0584400368d2c8e739,/home/motafeq/projects/chainguardian-ai/data/smartbugs_curated/dataset/unchecked_low_level_calls/0x5aa88d2901c68fda244f1d0584400368d2c8e739.sol,smartbugs_curated,smartbugs_curated,comprehensive,success,False,False,False,False,False,False,False,False,False,False,False,False,False,False,False,False,False,False,False,False,False,False,False,0,0,0,5,1,0,0,4,1,4,0,3,1.0,7,0,0,0.0,0,0,0,0,0,0.0,0.0,0.0,7.0,3.5,False,0,0,1.0,False,0,0,0,0,0,2,0.67,0,0,0,12,0,1,4,4,0,4,2,2,7,1,0,2,4,1,2,0,2,0,0,1,0,0,1,4,0,2,0,3,3,0,0,0.214,4,5,4,0,1,0,0,0,0,0,0,2,1,0.4,0.2,1,0.0,0.0,0.0,0.0,0.0,0.0,0.0,0.0,0.8,0.0,0.8,2.0,0.8,0,0,0,0,0,0,0,2.0,0,1,20.0,0,0.0,0,0,0,3,0,0,0,5,0,0,0,1.0,True
94,0xe82f0742a71a02b9e9ffc142fdcb6eb1ed06fb87,/home/motafeq/projects/chainguardian-ai/data/smartbugs_curated/dataset/unchecked_low_level_calls/0xe82f0742a71a02b9e9ffc142fdcb6eb1ed06fb87.sol,smartbugs_curated,smartbugs_curated,comprehensive,success,False,False,False,False,False,False,False,False,False,False,False,False,False,False,False,False,False,False,False,False,False,False,False,0,0,0,5,1,0,0,5,1,4,0,3,1.0,9,0,0,0.0,0,0,0,0,0,0.0,0.0,0.0,7.0,3.5,False,0,1,1.0,False,0,1,0,0,0,4,0.81,0,0,0,16,0,1,5,4,0,4,2,2,7,1,0,1,5,1,1,0,1,0,0,1,0,0,2,4,0,3,0,2,4,0,0,0.118,4,5,4,0,1,0,0,0,0,0,0,3,2,0.6,0.4,1,0.0,0.0,0.0,0.0,0.0,0.0,0.0,0.0,0.8,0.0,0.8,1.5,1.0,0,0,0,0,0,0,0,2.0,0,1,20.0,0,0.0,0,0,0,3,0,0,0,5,0,0,0,1.0,True
95,0xa46edd6a9a93feec36576ee5048146870ea2c3ae,/home/motafeq/projects/chainguardian-ai/data/smartbugs_curated/dataset/unchecked_low_level_calls/0xa46edd6a9a93feec36576ee5048146870ea2c3ae.sol,smartbugs_curated,smartbugs_curated,comprehensive,success,False,False,False,False,False,False,False,False,False,False,False,False,False,False,False,False,False,False,False,False,False,False,False,0,0,0,1,0,0,0,1,1,0,0,4,4.0,4,0,0,0.0,0,0,0,0,0,0.0,0.0,0.0,12.0,6.0,False,0,0,1.0,False,0,0,0,0,1,7,1.0,0,1,0,10,0,1,1,2,0,2,2,1,3,1,0,1,1,0,1,0,1,0,0,1,0,0,3,3,0,0,0,4,1,0,0,0.25,3,1,1,0,0,0,0,0,0,0,0,0,0,0.0,0.0,1,0.0,0.0,0.0,0.0,0.0,0.0,0.0,0.0,1.0,0.0,0.0,0.0,1.0,0,0,0,0,0,0,0,0.0,0,0,100.0,0,0.0,0,0,0,4,0,0,0,1,0,0,0,1.0,True
96,0x78c2a1e91b52bca4130b6ed9edd9fbcfd4671c37,/home/motafeq/projects/chainguardian-ai/data/smartbugs_curated/dataset/unchecked_low_level_calls/0x78c2a1e91b52bca4130b6ed9edd9fbcfd4671c37.sol,smartbugs_curated,smartbugs_curated,comprehensive,success,False,False,False,False,False,False,False,False,False,False,False,False,False,False,False,False,False,False,False,False,False,False,False,0,0,0,6,2,0,0,5,1,4,0,3,1.0,10,0,0,0.0,0,0,0,0,0,0.0,0.0,0.0,7.0,3.5,False,0,1,1.0,False,0,1,0,0,0,4,0.76,0,0,0,17,0,1,5,4,0,5,2,2,8,1,0,1,5,2,1,0,1,0,0,1,0,0,3,4,0,3,0,2,4,0,0,0.111,4,6,4,0,2,0,0,0,0,0,0,4,3,0.67,0.5,1,0.0,0.0,0.0,0.0,0.0,0.0,0.0,0.0,0.667,0.0,0.667,1.333,0.833,0,0,0,0,0,0,0,2.0,0,1,16.67,0,0.0,0,0,0,3,0,0,0,6,0,0,0,1.0,True
97,0x52d2e0f9b01101a59b38a3d05c80b7618aeed984,/home/motafeq/projects/chainguardian-ai/data/smartbugs_curated/dataset/unchecked_low_level_calls/0x52d2e0f9b01101a59b38a3d05c80b7618aeed984.sol,smartbugs_curated,smartbugs_curated,comprehensive,success,False,False,False,False,False,False,False,False,False,False,False,False,False,False,False,False,False,False,False,False,False,False,False,0,0,0,2,0,0,0,0,0,0,0,1,1.0,2,0,0,0.0,0,0,0,0,0,0.0,0.0,0.0,3.0,1.5,False,0,0,1.0,False,0,0,0,0,0,0,0.0,0,0,0,0,0,0,0,0,0,2,0,0,2,0,0,0,0,0,2,0,0,0,0,0,0,0,0,0,0,0,0,2,0,0,0,0.0,0,2,2,0,0,0,1,0,0,0,0,0,0,0.0,0.0,2,0.0,0.0,0.0,0.0,0.0,0.0,0.0,0.0,1.0,0.5,0.0,0.0,0.0,0,0,0,0,0,0,0,0.0,0,1,50.0,0,0.0,0,0,0,1,0,0,0,2,0,0,0,1.0,True
98,0x806a6bd219f162442d992bdc4ee6eba1f2c5a707,/home/motafeq/projects/chainguardian-ai/data/smartbugs_curated/dataset/unchecked_low_level_calls/0x806a6bd219f162442d992bdc4ee6eba1f2c5a707.sol,smartbugs_curated,smartbugs_curated,comprehensive,success,False,False,False,False,False,False,False,False,False,False,False,False,False,False,False,False,False,False,False,False,False,False,False,0,0,0,5,1,0,0,5,1,4,0,3,1.0,9,0,0,0.0,0,0,0,0,0,0.0,0.0,0.0,7.0,3.5,False,0,1,1.0,False,0,1,0,0,0,4,0.81,0,0,0,16,0,1,5,4,0,4,2,2,7,1,0,1,5,1,1,0,1,0,0,1,0,0,2,4,0,3,0,2,4,0,0,0.118,4,5,4,0,1,0,0,0,0,0,0,3,2,0.6,0.4,1,0.0,0.0,0.0,0.0,0.0,0.0,0.0,0.0,0.8,0.0,0.8,1.5,1.0,0,0,0,0,0,0,0,2.0,0,1,20.0,0,0.0,0,0,0,3,0,0,0,5,0,0,0,1.0,True
99,0x524960d55174d912768678d8c606b4d50b79d7b1,/home/motafeq/projects/chainguardian-ai/data/smartbugs_curated/dataset/unchecked_low_level_calls/0x524960d55174d912768678d8c606b4d50b79d7b1.sol,smartbugs_curated,smartbugs_curated,comprehensive,success,False,False,False,False,False,False,False,False,False,False,False,False,False,False,False,False,False,False,False,False,False,False,False,0,0,0,1,0,0,0,2,1,0,0,3,3.0,3,0,0,0.0,0,0,0,0,0,0.0,0.0,0.0,9.0,4.5,False,0,0,1.0,False,0,0,0,0,0,11,0.92,0,2,0,13,0,1,2,1,0,1,1,1,2,1,0,0,2,0,0,0,0,0,0,2,0,0,3,0,1,0,0,0,2,0,0,0.0,0,1,1,0,0,0,0,0,0,0,0,0,0,0.0,0.0,1,0.0,0.0,0.0,0.0,0.0,0.0,0.0,0.0,1.0,0.0,0.0,0.0,2.0,0,0,0,0,0,0,0,0.0,0,0,100.0,0,0.0,0,0,0,3,0,0,0,1,0,0,0,1.0,True
100,0x8fd1e427396ddb511533cf9abdbebd0a7e08da35,/home/motafeq/projects/chainguardian-ai/data/smartbugs_curated/dataset/unchecked_low_level_calls/0x8fd1e427396ddb511533cf9abdbebd0a7e08da35.sol,smartbugs_curated,smartbugs_curated,comprehensive,success,False,False,False,False,False,False,False,False,False,False,False,False,False,False,False,False,False,False,False,False,False,False,False,0,0,0,3,2,1,0,0,0,0,0,3,1.0,5,0,0,0.0,0,0,0,0,0,0.0,0.0,0.0,7.0,3.5,False,0,0,1.0,False,0,0,0,0,0,2,0.75,0,0,0,8,0,1,0,1,0,3,1,1,4,1,0,1,0,1,1,1,0,0,0,0,1,0,3,1,0,0,0,1,0,0,0,0.5,1,3,2,0,1,0,0,0,0,0,0,1,3,0.33,1.0,3,0.0,0.0,0.0,0.0,0.0,0.0,0.0,0.0,0.667,0.0,0.0,0.333,0.0,0,0,0,0,0,0,0,2.0,0,1,33.33,0,0.0,0,0,0,3,0,0,0,3,0,0,0,1.0,True
101,0xf70d589d76eebdd7c12cc5eec99f8f6fa4233b9e,/home/motafeq/projects/chainguardian-ai/data/smartbugs_curated/dataset/unchecked_low_level_calls/0xf70d589d76eebdd7c12cc5eec99f8f6fa4233b9e.sol,smartbugs_curated,smartbugs_curated,comprehensive,success,False,False,False,False,False,False,False,False,False,False,False,False,False,False,False,False,False,False,False,False,False,False,False,0,0,0,5,1,0,0,5,1,4,0,3,1.0,9,0,0,0.0,0,0,0,0,0,0.0,0.0,0.0,7.0,3.5,False,0,1,1.0,False,0,1,0,0,0,4,0.81,0,0,0,16,0,1,5,4,0,4,2,2,7,1,0,1,5,1,1,0,1,0,0,1,0,0,2,4,0,3,0,2,4,0,0,0.118,4,5,4,0,1,0,0,0,0,0,0,3,2,0.6,0.4,1,0.0,0.0,0.0,0.0,0.0,0.0,0.0,0.0,0.8,0.0,0.8,1.5,1.0,0,0,0,0,0,0,0,2.0,0,1,20.0,0,0.0,0,0,0,3,0,0,0,5,0,0,0,1.0,True
102,0x9d06cbafa865037a01d322d3f4222fa3e04e5488,/home/motafeq/projects/chainguardian-ai/data/smartbugs_curated/dataset/unchecked_low_level_calls/0x9d06cbafa865037a01d322d3f4222fa3e04e5488.sol,smartbugs_curated,smartbugs_curated,comprehensive,success,False,False,False,False,False,False,False,False,False,False,False,False,False,False,False,False,False,False,False,False,False,False,False,0,0,0,6,5,1,0,3,1,2,0,3,1.0,10,0,0,0.0,0,0,0,0,0,0.0,0.0,0.0,7.0,3.5,False,0,0,1.0,False,0,0,0,0,0,9,0.86,0,5,0,35,0,2,3,7,0,5,2,3,10,2,1,3,3,5,3,2,1,0,0,1,4,0,11,12,1,0,2,3,3,0,0,0.136,12,6,5,0,1,0,0,0,0,0,0,6,7,1.0,1.17,1,0.0,0.0,0.0,0.0,0.0,0.0,0.0,0.0,0.833,0.0,0.333,0.857,0.5,0,0,0,0,0,0,0,2.0,0,1,16.67,0,0.0,0,0,0,3,0,0,0,6,0,0,0,1.0,True
103,0xb7c5c5aa4d42967efe906e1b66cb8df9cebf04f7,/home/motafeq/projects/chainguardian-ai/data/smartbugs_curated/dataset/unchecked_low_level_calls/0xb7c5c5aa4d42967efe906e1b66cb8df9cebf04f7.sol,smartbugs_curated,smartbugs_curated,comprehensive,success,False,False,False,False,False,False,False,False,False,False,False,False,False,False,False,False,False,False,False,False,False,False,False,0,0,0,2,1,0,0,2,1,1,0,1,1.0,2,0,0,0.0,0,0,0,0,0,0.0,0.0,0.0,3.0,1.5,False,1,0,0.0,False,0,0,1,0,0,2,0.6,0,0,0,5,0,0,2,0,0,2,0,0,2,0,0,0,2,1,0,0,0,0,0,1,0,0,1,1,0,0,0,0,1,0,0,0.0,1,2,2,0,0,0,0,0,0,0,0,2,2,1.0,1.0,1,0.0,0.0,0.0,0.0,0.0,0.0,0.0,0.0,1.0,0.0,0.5,1.0,1.0,0,0,0,0,0,0,0,0.0,0,1,50.0,0,0.0,0,0,0,1,0,0,0,2,0,0,0,1.0,True
104,0x19cf8481ea15427a98ba3cdd6d9e14690011ab10,/home/motafeq/projects/chainguardian-ai/data/smartbugs_curated/dataset/unchecked_low_level_calls/0x19cf8481ea15427a98ba3cdd6d9e14690011ab10.sol,smartbugs_curated,smartbugs_curated,comprehensive,success,False,False,False,False,False,False,False,False,False,False,False,False,False,False,False,False,False,False,False,False,False,False,False,0,0,0,1,0,0,0,0,0,0,0,1,1.0,1,0,0,0.0,0,0,0,0,0,0.0,0.0,0.0,3.0,1.5,False,0,0,1.0,False,0,0,0,0,0,0,0.0,0,0,0,0,0,0,0,0,0,1,0,0,1,0,0,0,0,0,1,0,0,0,0,0,0,0,0,0,0,0,0,2,0,0,0,0.0,0,1,1,0,0,0,0,0,0,0,0,0,0,0.0,0.0,6,0.0,0.0,0.0,0.0,0.0,0.0,0.0,0.0,1.0,0.0,0.0,0.0,0.0,0,0,0,0,0,0,0,0.0,0,1,100.0,0,0.0,0,0,0,1,0,0,0,1,0,0,0,1.0,True
105,0x07f7ecb66d788ab01dc93b9b71a88401de7d0f2e,/home/motafeq/projects/chainguardian-ai/data/smartbugs_curated/dataset/unchecked_low_level_calls/0x07f7ecb66d788ab01dc93b9b71a88401de7d0f2e.sol,smartbugs_curated,smartbugs_curated,comprehensive,success,False,False,False,False,False,False,False,False,False,False,False,False,False,False,False,False,False,False,False,False,False,False,False,0,0,0,17,9,4,6,7,2,3,0,5,1.0,22,0,0,0.0,0,0,0,0,0,0.0,0.0,0.0,11.0,5.5,False,2,0,0.0,False,0,0,2,0,0,11,0.79,0,7,0,72,0,2,7,24,0,14,9,4,27,2,5,7,7,6,8,5,4,0,1,2,13,0,10,11,0,1,0,8,3,0,0,0.149,11,17,14,0,3,0,5,0,1,0,0,14,14,0.82,0.82,2,0.0,0.0,0.0,0.0,0.0,0.0,0.0,0.0,0.824,0.294,0.176,1.0,0.412,0,0,0,0,0,0,0,4.0,0,1,5.88,0,0.0,0,0,0,5,0,0,0,17,0,0,0,1.0,True
106,0xa1fceeff3acc57d257b917e30c4df661401d6431,/home/motafeq/projects/chainguardian-ai/data/smartbugs_curated/dataset/unchecked_low_level_calls/0xa1fceeff3acc57d257b917e30c4df661401d6431.sol,smartbugs_curated,smartbugs_curated,comprehensive,success,False,False,False,False,False,False,False,False,False,False,False,False,False,False,False,False,False,False,False,False,False,False,False,0,0,0,2,0,1,0,1,1,0,0,4,2.0,5,0,0,0.0,0,0,0,0,0,0.0,0.0,0.0,10.0,5.0,False,0,0,1.0,False,0,0,0,0,1,10,0.93,0,1,0,14,0,1,1,3,0,4,3,1,5,1,0,1,1,0,1,0,1,0,0,1,1,0,3,5,0,0,0,3,1,0,0,0.125,5,2,2,0,0,0,0,0,1,0,0,0,0,0.0,0.0,1,0.0,0.0,0.0,0.0,0.0,0.0,0.0,0.0,1.0,0.0,0.0,0.0,0.5,0,0,0,0,0,0,0,2.0,0,1,50.0,0,0.0,0,0,0,4,0,0,0,2,0,0,0,1.0,True
107,Mishandled,/home/motafeq/projects/chainguardian-ai/data/smartbugs_curated/dataset/unchecked_low_level_calls/mishandled.sol,smartbugs_curated,smartbugs_curated,comprehensive,success,False,False,False,False,False,False,False,False,False,False,False,False,False,False,False,False,False,False,False,False,False,False,False,0,0,0,1,1,0,0,1,0,0,0,1,1.0,1,0,0,0.0,0,0,0,0,0,0.0,0.0,0.0,3.0,1.5,False,0,1,1.0,False,0,1,0,0,0,3,0.75,0,0,0,4,0,0,1,0,0,1,0,0,1,0,0,0,1,1,0,0,0,0,0,0,0,0,2,0,0,0,1,0,1,0,0,0.0,0,1,1,0,0,0,0,0,0,0,0,1,1,1.0,1.0,1,0.0,0.0,0.0,0.0,0.0,0.0,0.0,0.0,1.0,0.0,0.0,1.0,1.0,0,0,0,0,0,0,0,0.0,0,1,100.0,0,0.0,0,0,0,1,0,0,0,1,0,0,0,1.0,True
108,0xd2018bfaa266a9ec0a1a84b061640faa009def76,/home/motafeq/projects/chainguardian-ai/data/smartbugs_curated/dataset/unchecked_low_level_calls/0xd2018bfaa266a9ec0a1a84b061640faa009def76.sol,smartbugs_curated,smartbugs_curated,comprehensive,success,False,False,False,False,False,False,False,False,False,False,False,False,False,False,False,False,False,False,False,False,False,False,False,0,0,0,5,1,0,0,5,1,4,0,3,1.0,9,0,0,0.0,0,0,0,0,0,0.0,0.0,0.0,7.0,3.5,False,0,1,1.0,False,0,1,0,0,0,4,0.81,0,0,0,16,0,1,5,4,0,4,2,2,7,1,0,1,5,1,1,0,1,0,0,1,0,0,2,4,0,3,0,2,4,0,0,0.118,4,5,4,0,1,0,0,0,0,0,0,3,2,0.6,0.4,1,0.0,0.0,0.0,0.0,0.0,0.0,0.0,0.0,0.8,0.0,0.8,1.5,1.0,0,0,0,0,0,0,0,2.0,0,1,20.0,0,0.0,0,0,0,3,0,0,0,5,0,0,0,1.0,True
109,0x3a0e9acd953ffc0dd18d63603488846a6b8b2b01,/home/motafeq/projects/chainguardian-ai/data/smartbugs_curated/dataset/unchecked_low_level_calls/0x3a0e9acd953ffc0dd18d63603488846a6b8b2b01.sol,smartbugs_curated,smartbugs_curated,comprehensive,success,False,False,False,False,False,False,False,False,False,False,False,False,False,False,False,False,False,False,False,False,False,False,False,0,0,0,3,2,1,0,0,0,0,0,3,1.0,5,0,0,0.0,0,0,0,0,0,0.0,0.0,0.0,7.0,3.5,False,0,0,1.0,False,0,0,0,0,0,2,0.75,0,0,0,8,0,1,0,1,0,3,1,1,4,1,0,1,0,1,1,1,0,0,0,0,1,0,3,1,0,0,0,1,0,0,0,0.5,1,3,2,0,1,0,0,0,0,0,0,1,3,0.33,1.0,3,0.0,0.0,0.0,0.0,0.0,0.0,0.0,0.0,0.667,0.0,0.0,0.333,0.0,0,0,0,0,0,0,0,2.0,0,1,33.33,0,0.0,0,0,0,3,0,0,0,3,0,0,0,1.0,True
110,0xf29ebe930a539a60279ace72c707cba851a57707,/home/motafeq/projects/chainguardian-ai/data/smartbugs_curated/dataset/unchecked_low_level_calls/0xf29ebe930a539a60279ace72c707cba851a57707.sol,smartbugs_curated,smartbugs_curated,comprehensive,success,False,False,False,False,False,False,False,False,False,False,False,False,False,False,False,False,False,False,False,False,False,False,False,0,0,0,3,1,0,0,3,1,2,0,1,1.0,3,0,0,0.0,0,0,0,0,0,0.0,0.0,0.0,3.0,1.5,False,0,0,1.0,False,0,0,0,0,0,3,0.5,0,0,0,6,0,1,3,1,0,3,1,1,4,1,0,0,3,1,0,0,0,0,0,1,0,0,2,0,0,1,0,0,2,0,0,0.0,0,3,2,0,1,0,0,0,0,0,0,1,1,0.33,0.33,1,0.0,0.0,0.0,0.0,0.0,0.0,0.0,0.0,0.667,0.0,0.667,1.0,1.0,0,0,0,0,0,0,0,0.0,0,1,33.33,0,0.0,0,0,0,1,0,0,0,3,0,0,0,1.0,True
111,0x2972d548497286d18e92b5fa1f8f9139e5653fd2,/home/motafeq/projects/chainguardian-ai/data/smartbugs_curated/dataset/unchecked_low_level_calls/0x2972d548497286d18e92b5fa1f8f9139e5653fd2.sol,smartbugs_curated,smartbugs_curated,comprehensive,success,False,False,False,False,False,False,False,False,False,False,False,False,False,False,False,False,False,False,False,False,False,False,False,0,0,0,1,0,0,0,1,1,0,0,4,4.0,4,0,0,0.0,0,0,0,0,0,0.0,0.0,0.0,12.0,6.0,False,0,0,1.0,False,0,0,0,0,1,7,1.0,0,1,0,10,0,1,1,2,0,2,2,1,3,1,0,1,1,0,1,0,1,0,0,1,0,0,3,3,0,0,0,4,1,0,0,0.25,3,1,1,0,0,0,0,0,0,0,0,0,0,0.0,0.0,1,0.0,0.0,0.0,0.0,0.0,0.0,0.0,0.0,1.0,0.0,0.0,0.0,1.0,0,0,0,0,0,0,0,0.0,0,0,100.0,0,0.0,0,0,0,4,0,0,0,1,0,0,0,1.0,True
112,0x7d09edb07d23acb532a82be3da5c17d9d85806b4,/home/motafeq/projects/chainguardian-ai/data/smartbugs_curated/dataset/unchecked_low_level_calls/0x7d09edb07d23acb532a82be3da5c17d9d85806b4.sol,smartbugs_curated,smartbugs_curated,comprehensive,success,False,False,False,False,False,False,False,False,False,False,False,False,False,False,False,False,False,False,False,False,False,False,False,0,0,0,17,9,4,6,7,2,3,0,5,1.0,22,0,0,0.0,0,0,0,0,0,0.0,0.0,0.0,11.0,5.5,False,2,0,0.0,False,0,0,2,0,0,11,0.79,0,7,0,71,0,2,7,24,0,14,9,4,27,2,5,7,7,6,8,5,4,0,1,2,13,0,10,10,0,1,0,8,3,0,0,0.156,10,17,14,0,3,0,5,0,1,0,0,13,14,0.76,0.82,2,0.0,0.0,0.0,0.0,0.0,0.0,0.0,0.0,0.824,0.294,0.176,0.929,0.412,0,0,0,0,0,0,0,4.0,0,1,5.88,0,0.0,0,0,0,5,0,0,0,17,0,0,0,1.0,True
113,0x70f9eddb3931491aab1aeafbc1e7f1ca2a012db4,/home/motafeq/projects/chainguardian-ai/data/smartbugs_curated/dataset/unchecked_low_level_calls/0x70f9eddb3931491aab1aeafbc1e7f1ca2a012db4.sol,smartbugs_curated,smartbugs_curated,comprehensive,success,False,False,False,False,False,False,False,False,False,False,False,False,False,False,False,False,False,False,False,False,False,False,False,0,0,0,5,1,0,0,5,1,4,0,3,1.0,9,0,0,0.0,0,0,0,0,0,0.0,0.0,0.0,7.0,3.5,False,0,1,1.0,False,0,1,0,0,0,4,0.81,0,0,0,16,0,1,5,4,0,4,2,2,7,1,0,1,5,1,1,0,1,0,0,1,0,0,2,4,0,3,0,2,4,0,0,0.118,4,5,4,0,1,0,0,0,0,0,0,3,2,0.6,0.4,1,0.0,0.0,0.0,0.0,0.0,0.0,0.0,0.0,0.8,0.0,0.8,1.5,1.0,0,0,0,0,0,0,0,2.0,0,1,20.0,0,0.0,0,0,0,3,0,0,0,5,0,0,0,1.0,True
114,King_of_the_ether_throne,/home/motafeq/projects/chainguardian-ai/data/smartbugs_curated/dataset/unchecked_low_level_calls/king_of_the_ether_throne.sol,smartbugs_curated,smartbugs_curated,comprehensive,success,False,False,False,False,False,False,False,False,False,False,False,False,False,False,False,False,False,False,False,False,False,False,False,0,0,0,7,9,1,1,5,0,0,0,21,3.0,27,0,0,0.0,0,0,0,0,0,0.0,0.0,0.0,45.0,22.5,False,1,0,0.0,False,0,0,1,0,0,21,1.03,0,2,0,61,0,1,5,3,0,5,1,2,8,1,0,3,4,9,3,2,2,0,0,0,3,0,24,30,0,0,4,3,4,0,0,0.05,30,7,6,0,1,0,1,0,1,0,1,12,12,1.71,1.71,1,0.0,0.0,0.0,0.0,0.0,0.0,0.0,0.0,0.857,0.143,0.0,1.0,0.714,0,0,0,0,0,0,0,18.0,1,0,14.29,0,0.0,0,0,0,21,0,0,0,7,0,0,0,1.0,True
115,0xb37f18af15bafb869a065b61fc83cfc44ed9cc27,/home/motafeq/projects/chainguardian-ai/data/smartbugs_curated/dataset/unchecked_low_level_calls/0xb37f18af15bafb869a065b61fc83cfc44ed9cc27.sol,smartbugs_curated,smartbugs_curated,comprehensive,success,False,False,False,False,False,False,False,False,False,False,False,False,False,False,False,False,False,False,False,False,False,False,False,0,0,0,5,2,1,0,3,1,1,0,1,1.0,5,0,0,0.0,0,0,0,0,0,0.0,0.0,0.0,3.0,1.5,False,0,0,1.0,False,0,0,0,0,0,2,0.58,0,0,0,12,0,1,3,5,0,4,3,3,7,2,1,2,3,1,2,0,2,0,0,1,4,0,2,1,0,1,0,3,2,0,0,0.273,1,5,4,0,1,0,0,0,0,0,0,1,2,0.2,0.4,1,0.0,0.0,0.0,0.0,0.0,0.0,0.0,0.0,0.8,0.0,0.2,0.5,0.6,0,0,0,0,0,0,0,0.0,0,1,20.0,0,0.0,0,0,0,1,0,0,0,5,0,0,0,1.0,True
116,0xdb1c55f6926e7d847ddf8678905ad871a68199d2,/home/motafeq/projects/chainguardian-ai/data/smartbugs_curated/dataset/unchecked_low_level_calls/0xdb1c55f6926e7d847ddf8678905ad871a68199d2.sol,smartbugs_curated,smartbugs_curated,comprehensive,success,False,False,False,False,False,False,False,False,False,False,False,False,False,False,False,False,False,False,False,False,False,False,False,0,0,0,5,1,0,0,5,1,4,0,3,1.0,9,0,0,0.0,0,0,0,0,0,0.0,0.0,0.0,7.0,3.5,False,0,1,1.0,False,0,1,0,0,0,4,0.81,0,0,0,16,0,1,5,4,0,4,2,2,7,1,0,1,5,1,1,0,1,0,0,1,0,0,2,4,0,3,0,2,4,0,0,0.118,4,5,4,0,1,0,0,0,0,0,0,3,2,0.6,0.4,1,0.0,0.0,0.0,0.0,0.0,0.0,0.0,0.0,0.8,0.0,0.8,1.5,1.0,0,0,0,0,0,0,0,2.0,0,1,20.0,0,0.0,0,0,0,3,0,0,0,5,0,0,0,1.0,True
117,0x39cfd754c85023648bf003bea2dd498c5612abfa,/home/motafeq/projects/chainguardian-ai/data/smartbugs_curated/dataset/unchecked_low_level_calls/0x39cfd754c85023648bf003bea2dd498c5612abfa.sol,smartbugs_curated,smartbugs_curated,comprehensive,success,False,False,False,False,False,False,False,False,False,False,False,False,False,False,False,False,False,False,False,False,False,False,False,0,0,0,3,2,1,0,0,0,0,0,3,1.0,5,0,0,0.0,0,0,0,0,0,0.0,0.0,0.0,7.0,3.5,False,0,0,1.0,False,0,0,0,0,0,2,0.75,0,0,0,8,0,1,0,1,0,3,1,1,4,1,0,1,0,1,1,1,0,0,0,0,1,0,3,1,0,0,0,1,0,0,0,0.5,1,3,2,0,1,0,0,0,0,0,0,1,3,0.33,1.0,3,0.0,0.0,0.0,0.0,0.0,0.0,0.0,0.0,0.667,0.0,0.0,0.333,0.0,0,0,0,0,0,0,0,2.0,0,1,33.33,0,0.0,0,0,0,3,0,0,0,3,0,0,0,1.0,True
118,0xe894d54dca59cb53fe9cbc5155093605c7068220,/home/motafeq/projects/chainguardian-ai/data/smartbugs_curated/dataset/unchecked_low_level_calls/0xe894d54dca59cb53fe9cbc5155093605c7068220.sol,smartbugs_curated,smartbugs_curated,comprehensive,success,False,False,False,False,False,False,False,False,False,False,False,False,False,False,False,False,False,False,False,False,False,False,False,0,0,0,1,0,0,0,1,1,0,0,4,4.0,4,0,0,0.0,0,0,0,0,0,0.0,0.0,0.0,12.0,6.0,False,0,0,1.0,False,0,0,0,0,1,8,1.0,0,1,0,11,0,1,1,2,0,2,2,1,3,1,0,1,1,0,1,0,1,0,0,1,0,0,4,5,0,0,0,5,1,0,0,0.278,5,1,1,0,0,0,0,0,0,0,0,0,0,0.0,0.0,1,0.0,0.0,0.0,0.0,0.0,0.0,0.0,0.0,1.0,0.0,0.0,0.0,1.0,0,0,0,0,0,0,0,0.0,0,0,100.0,0,0.0,0,0,0,4,0,0,0,1,0,0,0,1.0,True
119,0xec329ffc97d75fe03428ae155fc7793431487f63,/home/motafeq/projects/chainguardian-ai/data/smartbugs_curated/dataset/unchecked_low_level_calls/0xec329ffc97d75fe03428ae155fc7793431487f63.sol,smartbugs_curated,smartbugs_curated,comprehensive,success,False,False,False,False,False,False,False,False,False,False,False,False,False,False,False,False,False,False,False,False,False,False,False,0,0,0,3,1,1,0,2,1,0,0,1,1.0,3,0,0,0.0,0,0,0,0,0,0.0,0.0,0.0,3.0,1.5,False,0,0,1.0,False,0,0,0,0,0,2,0.62,0,0,0,8,0,1,2,2,0,2,1,2,4,1,0,2,2,0,2,1,1,0,0,1,2,0,1,0,0,0,0,4,1,0,0,1.25,0,3,3,0,0,0,0,0,1,0,0,0,2,0.0,0.67,3,0.0,0.0,0.0,0.0,0.0,0.0,0.0,0.0,1.0,0.0,0.0,0.0,0.667,0,0,0,0,0,0,0,0.0,0,1,33.33,0,0.0,0,0,0,1,0,0,0,3,0,0,0,1.0,True
120,0x3f2ef511aa6e75231e4deafc7a3d2ecab3741de2,/home/motafeq/projects/chainguardian-ai/data/smartbugs_curated/dataset/unchecked_low_level_calls/0x3f2ef511aa6e75231e4deafc7a3d2ecab3741de2.sol,smartbugs_curated,smartbugs_curated,comprehensive,success,False,False,False,False,False,False,False,False,False,False,False,False,False,False,False,False,False,False,False,False,False,False,False,0,0,0,6,2,0,0,5,1,4,0,3,1.0,10,0,0,0.0,0,0,0,0,0,0.0,0.0,0.0,7.0,3.5,False,0,1,1.0,False,0,1,0,0,0,4,0.76,0,0,0,17,0,1,5,4,0,5,2,2,8,1,0,1,5,2,1,0,1,0,0,1,0,0,3,4,0,3,0,2,4,0,0,0.111,4,6,4,0,2,0,0,0,0,0,0,4,3,0.67,0.5,1,0.0,0.0,0.0,0.0,0.0,0.0,0.0,0.0,0.667,0.0,0.667,1.333,0.833,0,0,0,0,0,0,0,2.0,0,1,16.67,0,0.0,0,0,0,3,0,0,0,6,0,0,0,1.0,True
121,0x627fa62ccbb1c1b04ffaecd72a53e37fc0e17839,/home/motafeq/projects/chainguardian-ai/data/smartbugs_curated/dataset/unchecked_low_level_calls/0x627fa62ccbb1c1b04ffaecd72a53e37fc0e17839.sol,smartbugs_curated,smartbugs_curated,comprehensive,success,False,False,False,False,False,False,False,False,False,False,False,False,False,False,False,False,False,False,False,False,False,False,False,0,0,0,3,2,1,0,0,0,0,0,3,1.0,5,0,0,0.0,0,0,0,0,0,0.0,0.0,0.0,7.0,3.5,False,0,0,1.0,False,0,0,0,0,0,2,0.75,0,0,0,8,0,1,0,1,0,3,1,1,4,1,0,1,0,1,1,1,0,0,0,0,1,0,3,1,0,0,0,1,0,0,0,0.5,1,3,2,0,1,0,0,0,0,0,0,1,3,0.33,1.0,3,0.0,0.0,0.0,0.0,0.0,0.0,0.0,0.0,0.667,0.0,0.0,0.333,0.0,0,0,0,0,0,0,0,2.0,0,1,33.33,0,0.0,0,0,0,3,0,0,0,3,0,0,0,1.0,True
122,0xb11b2fed6c9354f7aa2f658d3b4d7b31d8a13b77,/home/motafeq/projects/chainguardian-ai/data/smartbugs_curated/dataset/unchecked_low_level_calls/0xb11b2fed6c9354f7aa2f658d3b4d7b31d8a13b77.sol,smartbugs_curated,smartbugs_curated,comprehensive,success,False,False,False,False,False,False,False,False,False,False,False,False,False,False,False,False,False,False,False,False,False,False,False,0,0,0,3,1,1,0,2,1,1,0,1,1.0,3,0,0,0.0,0,0,0,0,0,0.0,0.0,0.0,3.0,1.5,False,0,0,1.0,False,0,0,0,0,0,2,0.5,0,0,0,6,0,1,2,1,0,3,1,1,4,1,0,2,2,0,2,1,1,0,0,1,1,0,2,0,0,0,0,3,1,0,0,1.0,0,3,2,0,1,0,0,0,0,0,0,0,2,0.0,0.67,2,0.0,0.0,0.0,0.0,0.0,0.0,0.0,0.0,0.667,0.0,0.333,0.0,0.667,0,0,0,0,0,0,0,0.0,0,1,33.33,0,0.0,0,0,0,1,0,0,0,3,0,0,0,1.0,True
123,0x4a66ad0bca2d700f11e1f2fc2c106f7d3264504c,/home/motafeq/projects/chainguardian-ai/data/smartbugs_curated/dataset/unchecked_low_level_calls/0x4a66ad0bca2d700f11e1f2fc2c106f7d3264504c.sol,smartbugs_curated,smartbugs_curated,comprehensive,success,False,False,False,False,False,False,False,False,False,False,False,False,False,False,False,False,False,False,False,False,False,False,False,0,0,0,2,2,0,0,1,1,0,0,4,2.0,5,0,0,0.0,0,0,0,0,0,0.0,0.0,0.0,10.0,5.0,False,0,0,1.0,False,0,0,0,0,1,8,0.92,0,1,0,13,0,1,1,2,0,3,2,1,4,1,0,1,1,2,1,0,1,0,0,1,0,0,5,5,0,0,0,2,1,0,0,0.095,5,2,1,0,1,0,0,0,0,0,0,2,2,1.0,1.0,1,0.0,0.0,0.0,0.0,0.0,0.0,0.0,0.0,0.5,0.0,0.0,1.0,0.5,0,0,0,0,0,0,0,2.0,0,1,50.0,0,0.0,0,0,0,4,0,0,0,2,0,0,0,1.0,True
124,0xe09b1ab8111c2729a76f16de96bc86a7af837928,/home/motafeq/projects/chainguardian-ai/data/smartbugs_curated/dataset/unchecked_low_level_calls/0xe09b1ab8111c2729a76f16de96bc86a7af837928.sol,smartbugs_curated,smartbugs_curated,comprehensive,success,False,False,False,False,False,False,False,False,False,False,False,False,False,False,False,False,False,False,False,False,False,False,False,0,0,0,23,18,3,8,9,1,3,0,11,2.0,48,0,0,0.0,0,0,0,0,0,0.0,0.0,0.0,24.0,12.0,False,2,0,0.0,True,0,1,2,0,1,24,0.92,0,7,0,165,0,2,9,38,0,21,8,7,34,2,5,13,6,18,17,10,6,0,1,1,19,0,46,61,0,2,1,32,4,0,0,0.148,61,23,4,13,4,2,3,0,1,0,1,37,33,1.61,1.43,2,0.0,0.0,0.0,0.0,0.0,0.0,0.0,0.565,0.174,0.13,0.13,1.121,0.391,0,0,0,0,0,0,0,9.0,1,1,4.35,0,0.0,0,0,0,11,0,0,0,23,0,0,0,1.0,True
125,0x3e013fc32a54c4c5b6991ba539dcd0ec4355c859,/home/motafeq/projects/chainguardian-ai/data/smartbugs_curated/dataset/unchecked_low_level_calls/0x3e013fc32a54c4c5b6991ba539dcd0ec4355c859.sol,smartbugs_curated,smartbugs_curated,comprehensive,success,False,False,False,False,False,False,False,False,False,False,False,False,False,False,False,False,False,False,False,False,False,False,False,0,0,0,5,1,0,0,4,1,4,0,3,1.0,7,0,0,0.0,0,0,0,0,0,0.0,0.0,0.0,7.0,3.5,False,0,0,1.0,False,0,0,0,0,0,2,0.67,0,0,0,12,0,1,4,4,0,4,2,2,7,1,0,2,4,1,2,0,2,0,0,1,0,0,1,4,0,2,0,3,3,0,0,0.214,4,5,4,0,1,0,0,0,0,0,0,2,1,0.4,0.2,1,0.0,0.0,0.0,0.0,0.0,0.0,0.0,0.0,0.8,0.0,0.8,2.0,0.8,0,0,0,0,0,0,0,2.0,0,1,20.0,0,0.0,0,0,0,3,0,0,0,5,0,0,0,1.0,True
126,0xb620cee6b52f96f3c6b253e6eea556aa2d214a99,/home/motafeq/projects/chainguardian-ai/data/smartbugs_curated/dataset/unchecked_low_level_calls/0xb620cee6b52f96f3c6b253e6eea556aa2d214a99.sol,smartbugs_curated,smartbugs_curated,comprehensive,success,False,False,False,False,False,False,False,False,False,False,False,False,False,False,False,False,False,False,False,False,False,False,False,0,0,0,18,9,3,0,9,3,13,0,3,1.0,25,0,0,0.0,0,0,0,0,0,0.0,0.0,0.0,7.0,3.5,False,0,0,1.0,False,0,0,0,0,0,5,0.74,0,7,0,63,0,2,9,20,0,12,3,7,25,2,2,4,9,7,4,4,0,0,0,3,11,0,16,17,0,2,0,5,5,0,0,0.104,17,18,16,0,1,1,3,0,0,0,0,13,12,0.72,0.67,1,0.0,0.0,0.0,0.0,0.0,0.0,0.0,0.0,0.889,0.167,0.722,1.083,0.5,0,0,0,0,0,0,0,2.0,0,1,5.56,0,0.0,0,0,0,3,0,0,0,18,0,0,0,1.0,True
127,0x663e4229142a27f00bafb5d087e1e730648314c3,/home/motafeq/projects/chainguardian-ai/data/smartbugs_curated/dataset/unchecked_low_level_calls/0x663e4229142a27f00bafb5d087e1e730648314c3.sol,smartbugs_curated,smartbugs_curated,comprehensive,success,False,False,False,False,False,False,False,False,False,False,False,False,False,False,False,False,False,False,False,False,False,False,False,0,0,0,6,0,0,2,0,0,0,0,1,1.0,6,0,0,0.0,0,0,0,0,0,0.0,0.0,0.0,3.0,1.5,False,0,0,1.0,False,0,0,0,0,0,0,0.0,0,0,0,0,0,0,0,0,0,6,0,0,6,0,0,0,0,0,5,0,0,0,0,0,0,0,0,0,0,0,0,7,0,0,0,0.0,0,6,6,0,0,0,3,0,0,0,0,0,0,0.0,0.0,18,0.0,0.0,0.0,0.0,0.0,0.0,0.0,0.0,1.0,0.5,0.0,0.0,0.0,0,0,0,0,0,0,0,0.0,0,1,16.67,0,0.0,0,0,0,1,0,0,0,6,0,0,0,1.0,True
128,0xd5967fed03e85d1cce44cab284695b41bc675b5c,/home/motafeq/projects/chainguardian-ai/data/smartbugs_curated/dataset/unchecked_low_level_calls/0xd5967fed03e85d1cce44cab284695b41bc675b5c.sol,smartbugs_curated,smartbugs_curated,comprehensive,success,False,False,False,False,False,False,False,False,False,False,False,False,False,False,False,False,False,False,False,False,False,False,False,0,0,0,1,0,0,0,1,1,0,0,4,4.0,4,0,0,0.0,0,0,0,0,0,0.0,0.0,0.0,12.0,6.0,False,0,0,1.0,False,0,0,0,0,1,7,1.0,0,1,0,10,0,1,1,2,0,2,2,1,3,1,0,1,1,0,1,0,1,0,0,1,0,0,3,3,0,0,0,4,1,0,0,0.267,3,1,1,0,0,0,0,0,0,0,0,0,0,0.0,0.0,1,0.0,0.0,0.0,0.0,0.0,0.0,0.0,0.0,1.0,0.0,0.0,0.0,1.0,0,0,0,0,0,0,0,0.0,0,0,100.0,0,0.0,0,0,0,4,0,0,0,1,0,0,0,1.0,True
129,0x84d9ec85c9c568eb332b7226a8f826d897e0a4a8,/home/motafeq/projects/chainguardian-ai/data/smartbugs_curated/dataset/unchecked_low_level_calls/0x84d9ec85c9c568eb332b7226a8f826d897e0a4a8.sol,smartbugs_curated,smartbugs_curated,comprehensive,success,False,False,False,False,False,False,False,False,False,False,False,False,False,False,False,False,False,False,False,False,False,False,False,0,0,0,4,2,1,0,2,1,0,0,3,1.0,6,0,0,0.0,0,0,0,0,0,0.0,0.0,0.0,7.0,3.5,False,0,0,1.0,False,0,0,0,0,0,2,0.75,0,0,0,12,0,1,2,2,0,3,1,2,5,1,0,2,2,1,2,1,1,0,0,1,2,0,2,1,0,0,0,4,1,0,0,0.857,1,4,4,0,0,0,0,0,1,0,0,1,3,0.25,0.75,2,0.0,0.0,0.0,0.0,0.0,0.0,0.0,0.0,1.0,0.0,0.0,0.333,0.5,0,0,0,0,0,0,0,2.0,0,1,25.0,0,0.0,0,0,0,3,0,0,0,4,0,0,0,1.0,True
130,0xf2570186500a46986f3139f65afedc2afe4f445d,/home/motafeq/projects/chainguardian-ai/data/smartbugs_curated/dataset/unchecked_low_level_calls/0xf2570186500a46986f3139f65afedc2afe4f445d.sol,smartbugs_curated,smartbugs_curated,comprehensive,success,False,False,False,False,False,False,False,False,False,False,False,False,False,False,False,False,False,False,False,False,False,False,False,0,0,0,2,1,0,0,1,1,0,0,4,2.0,5,0,0,0.0,0,0,0,0,0,0.0,0.0,0.0,10.0,5.0,False,0,0,1.0,False,0,0,0,0,1,6,0.89,0,0,0,9,0,1,1,1,0,2,1,1,3,1,0,1,1,1,1,0,1,0,0,1,0,0,3,2,0,0,0,1,1,0,0,0.111,2,2,1,0,1,0,0,0,0,0,0,1,1,0.5,0.5,1,0.0,0.0,0.0,0.0,0.0,0.0,0.0,0.0,0.5,0.0,0.0,1.0,0.5,0,0,0,0,0,0,0,2.0,0,1,50.0,0,0.0,0,0,0,4,0,0,0,2,0,0,0,1.0,True
131,0x4051334adc52057aca763453820cb0e045076ef3,/home/motafeq/projects/chainguardian-ai/data/smartbugs_curated/dataset/unchecked_low_level_calls/0x4051334adc52057aca763453820cb0e045076ef3.sol,smartbugs_curated,smartbugs_curated,comprehensive,success,False,False,False,False,False,False,False,False,False,False,False,False,False,False,False,False,False,False,False,False,False,False,False,0,0,0,1,0,0,0,1,1,0,0,4,4.0,4,0,0,0.0,0,0,0,0,0,0.0,0.0,0.0,12.0,6.0,False,0,0,1.0,False,0,0,0,0,1,7,1.0,0,1,0,10,0,1,1,2,0,2,2,1,3,1,0,1,1,0,1,0,1,0,0,1,0,0,3,3,0,0,0,4,1,0,0,0.267,3,1,1,0,0,0,0,0,0,0,0,0,0,0.0,0.0,1,0.0,0.0,0.0,0.0,0.0,0.0,0.0,0.0,1.0,0.0,0.0,0.0,1.0,0,0,0,0,0,0,0,0.0,0,0,100.0,0,0.0,0,0,0,4,0,0,0,1,0,0,0,1.0,True
132,0xe4eabdca81e31d9acbc4af76b30f532b6ed7f3bf,/home/motafeq/projects/chainguardian-ai/data/smartbugs_curated/dataset/unchecked_low_level_calls/0xe4eabdca81e31d9acbc4af76b30f532b6ed7f3bf.sol,smartbugs_curated,smartbugs_curated,comprehensive,success,False,False,False,False,False,False,False,False,False,False,False,False,False,False,False,False,False,False,False,False,False,False,False,0,0,0,5,1,0,0,5,1,4,0,3,1.0,9,0,0,0.0,0,0,0,0,0,0.0,0.0,0.0,7.0,3.5,False,0,1,1.0,False,0,1,0,0,0,4,0.81,0,0,0,16,0,1,5,4,0,4,2,2,7,1,0,1,5,1,1,0,1,0,0,1,0,0,2,4,0,3,0,2,4,0,0,0.118,4,5,4,0,1,0,0,0,0,0,0,3,2,0.6,0.4,1,0.0,0.0,0.0,0.0,0.0,0.0,0.0,0.0,0.8,0.0,0.8,1.5,1.0,0,0,0,0,0,0,0,2.0,0,1,20.0,0,0.0,0,0,0,3,0,0,0,5,0,0,0,1.0,True
133,0xbaa3de6504690efb064420d89e871c27065cdd52,/home/motafeq/projects/chainguardian-ai/data/smartbugs_curated/dataset/unchecked_low_level_calls/0xbaa3de6504690efb064420d89e871c27065cdd52.sol,smartbugs_curated,smartbugs_curated,comprehensive,success,False,False,False,False,False,False,False,False,False,False,False,False,False,False,False,False,False,False,False,False,False,False,False,0,0,0,3,1,1,0,2,1,1,0,1,1.0,3,0,0,0.0,0,0,0,0,0,0.0,0.0,0.0,3.0,1.5,False,0,0,1.0,False,0,0,0,0,0,2,0.5,0,0,0,6,0,1,2,1,0,3,1,1,4,1,0,2,2,0,2,1,1,0,0,1,1,0,2,0,0,0,0,3,1,0,0,1.0,0,3,2,0,1,0,0,0,0,0,0,0,2,0.0,0.67,2,0.0,0.0,0.0,0.0,0.0,0.0,0.0,0.0,0.667,0.0,0.333,0.0,0.667,0,0,0,0,0,0,0,0.0,0,1,33.33,0,0.0,0,0,0,1,0,0,0,3,0,0,0,1.0,True
134,0x4b71ad9c1a84b9b643aa54fdd66e2dec96e8b152,/home/motafeq/projects/chainguardian-ai/data/smartbugs_curated/dataset/unchecked_low_level_calls/0x4b71ad9c1a84b9b643aa54fdd66e2dec96e8b152.sol,smartbugs_curated,smartbugs_curated,comprehensive,success,False,False,False,False,False,False,False,False,False,False,False,False,False,False,False,False,False,False,False,False,False,False,False,0,0,0,1,0,0,0,1,1,0,0,4,4.0,4,0,0,0.0,0,0,0,0,0,0.0,0.0,0.0,12.0,6.0,False,0,0,1.0,False,0,0,0,0,1,7,1.0,0,1,0,10,0,1,1,2,0,2,2,1,3,1,0,1,1,0,1,0,1,0,0,1,0,0,3,3,0,0,0,4,1,0,0,0.267,3,1,1,0,0,0,0,0,0,0,0,0,0,0.0,0.0,1,0.0,0.0,0.0,0.0,0.0,0.0,0.0,0.0,1.0,0.0,0.0,0.0,1.0,0,0,0,0,0,0,0,0.0,0,0,100.0,0,0.0,0,0,0,4,0,0,0,1,0,0,0,1.0,True
135,Short_address_example,/home/motafeq/projects/chainguardian-ai/data/smartbugs_curated/dataset/short_addresses/short_address_example.sol,smartbugs_curated,smartbugs_curated,comprehensive,success,False,False,False,False,False,False,False,False,False,False,False,False,False,False,False,False,False,False,False,False,False,False,False,0,0,0,3,1,0,1,0,0,0,0,3,1.0,5,0,0,0.0,0,0,0,0,0,0.0,0.0,0.0,7.0,3.5,False,0,0,1.0,False,0,0,0,0,0,6,0.75,0,3,0,12,0,0,0,0,0,3,0,0,3,0,0,1,0,1,2,1,0,0,0,0,0,0,0,3,0,0,0,2,0,0,0,0.2,3,3,3,0,0,0,1,0,1,0,0,2,2,0.67,0.67,1,0.0,0.0,0.0,0.0,0.0,0.0,0.0,0.0,1.0,0.333,0.0,1.0,0.0,0,0,0,0,0,0,0,2.0,0,1,33.33,0,0.0,0,0,0,3,0,0,0,3,0,0,0,1.0,True
136,Odds_and_evens,/home/motafeq/projects/chainguardian-ai/data/smartbugs_curated/dataset/front_running/odds_and_evens.sol,smartbugs_curated,smartbugs_curated,comprehensive,success,False,False,False,False,False,False,False,False,False,False,False,False,False,False,False,False,False,False,False,False,False,False,False,0,0,0,4,3,0,0,3,0,1,0,5,3.0,12,0,0,0.0,0,0,0,0,0,0.0,0.0,0.0,13.0,6.5,False,1,0,0.0,False,0,0,1,0,0,7,0.92,0,2,0,25,0,1,3,2,0,3,1,1,5,1,0,1,3,3,1,1,0,0,0,0,1,0,7,7,0,0,3,1,3,0,0,0.029,7,4,3,0,0,1,0,0,1,0,1,3,5,0.75,1.25,1,0.0,0.0,0.0,0.0,0.0,0.0,0.0,0.0,0.75,0.0,0.25,0.6,0.75,0,0,0,0,0,0,0,2.0,0,0,25.0,0,0.0,0,0,0,5,0,0,0,4,0,0,0,1.0,True
137,ERC20,/home/motafeq/projects/chainguardian-ai/data/smartbugs_curated/dataset/front_running/ERC20.sol,smartbugs_curated,smartbugs_curated,comprehensive,success,False,False,False,False,False,False,False,False,False,False,False,False,False,False,False,False,False,False,False,False,False,False,False,0,0,0,6,3,0,2,5,0,0,0,1,1.0,6,0,0,0.0,0,0,0,0,0,0.0,0.0,0.0,3.0,1.5,False,2,0,0.0,False,0,2,2,0,0,8,0.78,0,5,0,27,0,1,5,3,0,4,1,3,7,1,1,4,2,2,6,4,2,0,5,0,0,0,6,6,0,0,0,7,0,0,0,0.16,6,6,6,0,0,0,2,0,1,0,0,5,5,0.83,0.83,2,0.0,0.0,0.0,0.0,0.0,0.0,0.0,0.0,1.0,0.333,0.0,1.0,0.833,0,0,0,0,0,0,0,0.0,0,1,16.67,0,0.0,0,0,0,1,0,0,0,6,0,0,0,1.0,True
138,FindThisHash,/home/motafeq/projects/chainguardian-ai/data/smartbugs_curated/dataset/front_running/FindThisHash.sol,smartbugs_curated,smartbugs_curated,comprehensive,success,False,False,False,False,False,False,False,False,False,False,False,False,False,False,False,False,False,False,False,False,False,False,False,0,0,0,3,1,0,0,1,0,1,0,1,1.0,3,0,0,0.0,0,0,0,0,0,0.0,0.0,0.0,3.0,1.5,False,0,0,1.0,False,0,0,0,0,0,2,0.4,0,0,0,5,0,1,1,2,0,4,2,1,5,1,0,1,1,1,1,0,1,0,0,0,0,0,1,1,0,1,0,1,1,0,0,0.2,1,3,2,0,1,0,0,0,1,0,0,1,1,0.33,0.33,1,0.0,0.0,0.0,0.0,0.0,0.0,0.0,0.0,0.667,0.0,0.333,1.0,0.333,0,0,0,0,0,0,0,0.0,0,1,33.33,0,0.0,0,0,0,1,0,0,0,3,0,0,0,1.0,True
139,Eth_tx_order_dependence_minimal,/home/motafeq/projects/chainguardian-ai/data/smartbugs_curated/dataset/front_running/eth_tx_order_dependence_minimal.sol,smartbugs_curated,smartbugs_curated,comprehensive,success,False,False,False,False,False,False,False,False,False,False,False,False,False,False,False,False,False,False,False,False,False,False,False,0,0,0,3,3,0,0,2,0,1,0,1,1.0,3,0,0,0.0,0,0,0,0,0,0.0,0.0,0.0,3.0,1.5,False,2,0,0.0,False,0,0,2,0,0,4,0.75,0,0,0,12,0,1,2,2,0,2,1,2,4,1,0,1,2,3,1,1,1,0,0,0,0,0,2,2,2,2,0,1,2,0,0,0.083,2,3,3,0,0,0,0,0,1,0,0,5,3,1.67,1.0,1,0.0,0.0,0.0,0.0,0.0,0.0,0.0,0.0,1.0,0.0,0.333,1.667,0.667,0,0,0,0,0,0,0,0.0,0,1,33.33,0,0.0,0,0,0,1,0,0,0,3,0,0,0,1.0,True
140,Unitroller_0x3d981921,/home/motafeq/projects/chainguardian-ai/data/production/safe/raw/Unitroller_0x3d981921.sol,production,production,comprehensive,success,False,False,False,False,False,False,False,False,False,False,False,False,False,False,False,False,False,False,False,False,False,False,False,0,0,0,8,4,0,5,1,1,1,2,3,2.0,14,0,0,0.0,0,0,0,0,0,0.0,0.0,0.0,8.0,4.0,False,0,0,1.0,False,0,0,0,0,0,9,0.86,0,8,0,44,0,1,1,4,0,3,1,4,7,1,1,2,1,4,2,2,0,0,0,1,4,0,12,8,0,0,0,2,1,0,0,0.125,8,6,5,1,0,0,0,0,1,2,0,9,7,1.5,1.17,14,0.0,0.0,0.0,0.0,0.0,0.0,0.0,0.167,0.833,0.0,0.167,1.286,0.167,0,0,0,0,0,0,0,1.0,0,1,16.67,0,0.0,0,0,0,3,0,0,0,6,0,0,0,1.0,False
141,CErc20Delegator_0x5d3a536E,/home/motafeq/projects/chainguardian-ai/data/production/safe/raw/CErc20Delegator_0x5d3a536E.sol,production,production,comprehensive,success,False,False,False,False,False,False,False,False,False,False,False,False,False,False,False,False,False,False,False,False,False,False,False,0,0,0,70,23,0,17,70,3,1,6,3,1.0,40,0,0,0.0,0,0,0,0,0,0.0,0.0,0.0,7.0,3.5,False,0,0,1.0,True,0,0,0,0,0,7,0.71,0,34,0,129,0,2,70,103,0,5,3,34,41,3,4,27,5,2,28,2,27,0,0,2,26,0,28,2,0,0,0,34,2,1,0,0.254,2,38,10,26,2,0,9,0,1,0,1,4,5,0.11,0.13,10,0.0,0.0,0.0,0.0,0.0,0.0,0.0,0.684,0.263,0.237,0.026,0.8,1.842,0,0,0,0,0,0,0,2.0,0,1,2.63,0,0.0,0,0,0,3,0,0,0,38,0,0,0,1.0,False
142,Ownable,/home/motafeq/projects/chainguardian-ai/data/production/safe/raw/LendingPoolAddressesProvider_0xB53C1a33/Ownable.sol,production,production,comprehensive,success,False,False,False,False,False,False,False,False,False,False,False,False,False,False,False,False,False,False,False,False,False,False,False,0,0,0,6,1,1,1,0,0,0,1,1,1.0,4,0,0,0.0,0,0,0,0,0,0.0,0.0,0.0,3.0,1.5,False,0,0,1.0,False,0,0,0,0,0,4,0.73,0,1,0,15,0,1,0,4,0,4,2,2,7,1,0,1,0,1,1,1,0,0,0,0,2,0,2,1,0,0,0,1,0,0,0,0.182,1,4,3,0,1,0,1,0,1,0,0,3,3,0.75,0.75,2,0.0,0.0,0.0,0.0,0.0,0.0,0.0,0.0,0.75,0.25,0.0,1.0,0.0,0,0,0,0,0,0,0,0.0,0,1,25.0,0,0.0,0,0,0,1,0,0,0,4,0,0,0,1.0,False
143,Proxy,/home/motafeq/projects/chainguardian-ai/data/production/safe/raw/LendingPoolAddressesProvider_0xB53C1a33/Proxy.sol,production,production,comprehensive,success,False,False,False,False,False,False,False,False,False,False,False,False,False,False,False,False,False,False,False,False,False,False,False,0,0,0,5,0,0,0,0,0,1,0,3,1.0,7,0,0,0.0,0,0,0,0,0,0.0,0.0,0.0,7.0,3.5,False,0,0,1.0,False,0,0,0,0,0,11,0.84,0,0,0,19,0,3,0,12,0,10,8,1,13,3,0,0,0,0,1,0,0,0,0,0,4,0,2,1,0,0,0,1,0,0,0,0.053,1,5,0,1,4,0,1,0,0,0,0,0,0,0.0,0.0,1,0.0,0.0,0.0,0.0,0.0,0.0,0.0,0.2,0.0,0.2,0.2,0.0,0.0,0,0,0,0,0,0,0,2.0,0,1,20.0,0,0.0,0,0,0,3,0,0,0,5,0,0,0,1.0,False
144,FixedPoint96,/home/motafeq/projects/chainguardian-ai/data/production/safe/raw/UniswapV3Factory_0x1F98431c/FixedPoint96.sol,production,production,comprehensive,success,False,False,False,False,False,False,False,False,False,False,False,False,False,False,False,False,False,False,False,False,False,False,False,0,0,0,1,2,0,0,0,0,0,0,1,1.0,1,0,0,0.0,0,0,0,0,0,0.0,0.0,0.0,3.0,1.5,False,0,0,1.0,False,0,0,0,0,0,1,0.5,0,0,0,2,0,0,0,0,0,1,0,0,1,0,0,0,0,0,0,0,0,0,0,0,0,0,2,0,0,0,0,0,0,0,0,0.0,0,1,0,0,1,0,0,0,0,0,0,0,2,0.0,2.0,1,0.0,0.0,0.0,0.0,0.0,0.0,0.0,0.0,0.0,0.0,0.0,0.0,0.0,0,0,0,0,0,0,0,0.0,0,1,100.0,0,0.0,0,0,0,1,0,0,0,1,0,0,0,1.0,False
145,IUniswapV3SwapCallback,/home/motafeq/projects/chainguardian-ai/data/production/safe/raw/UniswapV3Factory_0x1F98431c/IUniswapV3SwapCallback.sol,production,production,comprehensive,success,False,False,False,False,False,False,False,False,False,False,False,False,False,False,False,False,False,False,False,False,False,False,False,0,0,0,1,0,0,0,0,0,0,0,1,1.0,1,0,0,0.0,0,0,0,0,0,0.0,0.0,0.0,3.0,1.5,False,0,0,1.0,False,0,0,0,0,0,0,0.0,0,0,0,0,0,0,0,0,0,1,0,0,1,0,0,0,0,0,1,0,0,0,0,0,0,0,0,0,0,0,0,3,0,0,0,0.0,0,1,0,1,0,0,0,0,0,0,0,0,0,0.0,0.0,1,0.0,0.0,0.0,0.0,0.0,0.0,0.0,1.0,0.0,0.0,0.0,0.0,0.0,0,0,0,0,0,0,0,0.0,0,1,100.0,0,0.0,0,0,0,1,0,0,0,1,0,0,0,1.0,False
146,IUniswapV3PoolImmutables,/home/motafeq/projects/chainguardian-ai/data/production/safe/raw/UniswapV3Factory_0x1F98431c/IUniswapV3PoolImmutables.sol,production,production,comprehensive,success,False,False,False,False,False,False,False,False,False,False,False,False,False,False,False,False,False,False,False,False,False,False,False,0,0,0,6,0,0,0,0,0,0,0,1,1.0,6,0,0,0.0,0,0,0,0,0,0.0,0.0,0.0,3.0,1.5,False,0,0,1.0,False,0,0,0,0,0,0,0.0,0,0,0,0,0,0,0,0,0,6,0,0,6,0,0,0,0,0,0,0,0,0,0,0,0,0,0,0,0,0,0,0,0,0,0,0.0,0,6,0,6,0,0,6,0,0,0,0,0,0,0.0,0.0,1,0.0,0.0,0.0,0.0,0.0,0.0,0.0,1.0,0.0,1.0,0.0,0.0,0.0,0,0,0,0,0,0,0,0.0,0,1,16.67,0,0.0,0,0,0,1,0,0,0,6,0,0,0,1.0,False
147,IUniswapV3FlashCallback,/home/motafeq/projects/chainguardian-ai/data/production/safe/raw/UniswapV3Factory_0x1F98431c/IUniswapV3FlashCallback.sol,production,production,comprehensive,success,False,False,False,False,False,False,False,False,False,False,False,False,False,False,False,False,False,False,False,False,False,False,False,0,0,0,1,0,0,0,0,0,0,0,1,1.0,1,0,0,0.0,0,0,0,0,0,0.0,0.0,0.0,3.0,1.5,False,0,0,1.0,False,0,0,0,0,0,0,0.0,0,0,0,0,0,0,0,0,0,1,0,0,1,0,0,0,0,0,1,0,0,0,0,0,0,0,0,0,0,0,0,3,0,0,0,0.0,0,1,0,1,0,0,0,0,0,0,0,0,0,0.0,0.0,1,0.0,0.0,0.0,0.0,0.0,0.0,0.0,1.0,0.0,0.0,0.0,0.0,0.0,0,0,0,0,0,0,0,0.0,0,1,100.0,0,0.0,0,0,0,1,0,0,0,1,0,0,0,1.0,False
148,FixedPoint128,/home/motafeq/projects/chainguardian-ai/data/production/safe/raw/UniswapV3Factory_0x1F98431c/FixedPoint128.sol,production,production,comprehensive,success,False,False,False,False,False,False,False,False,False,False,False,False,False,False,False,False,False,False,False,False,False,False,False,0,0,0,1,1,0,0,0,0,0,0,1,1.0,1,0,0,0.0,0,0,0,0,0,0.0,0.0,0.0,3.0,1.5,False,0,0,1.0,False,0,0,0,0,0,0,0.0,0,0,0,1,0,0,0,0,0,1,0,0,1,0,0,0,0,0,0,0,0,0,0,0,0,0,1,0,0,0,0,0,0,0,0,0.0,0,1,0,0,1,0,0,0,0,0,0,0,1,0.0,1.0,1,0.0,0.0,0.0,0.0,0.0,0.0,0.0,0.0,0.0,0.0,0.0,0.0,0.0,0,0,0,0,0,0,0,0.0,0,1,100.0,0,0.0,0,0,0,1,0,0,0,1,0,0,0,1.0,False
149,SafeCast,/home/motafeq/projects/chainguardian-ai/data/production/safe/raw/UniswapV3Factory_0x1F98431c/SafeCast.sol,production,production,comprehensive,success,False,False,False,False,False,False,False,False,False,False,False,False,False,False,False,False,False,False,False,False,False,False,False,0,0,0,3,0,0,0,0,0,0,0,1,1.0,3,0,0,0.0,0,0,0,0,0,0.0,0.0,0.0,3.0,1.5,False,0,0,1.0,False,0,0,0,0,0,2,0.57,0,0,0,7,0,0,0,3,0,1,1,3,4,1,1,0,0,0,3,0,0,0,0,0,0,0,0,0,0,0,0,0,0,0,0,0.0,0,3,0,0,3,0,3,3,0,0,0,0,0,0.0,0.0,1,0.0,0.0,0.0,0.0,0.0,0.0,0.0,0.0,0.0,1.0,0.0,0.0,0.0,0,0,0,0,0,0,0,0.0,0,1,33.33,0,0.0,0,0,0,1,0,0,0,3,0,0,0,1.0,False
150,IUniswapV3PoolDeployer,/home/motafeq/projects/chainguardian-ai/data/production/safe/raw/UniswapV3Factory_0x1F98431c/IUniswapV3PoolDeployer.sol,production,production,comprehensive,success,False,False,False,False,False,False,False,False,False,False,False,False,False,False,False,False,False,False,False,False,False,False,False,0,0,0,1,0,0,0,0,0,0,0,1,1.0,1,0,0,0.0,0,0,0,0,0,0.0,0.0,0.0,3.0,1.5,False,0,0,1.0,False,0,0,0,0,0,0,0.0,0,0,0,0,0,0,0,0,0,1,0,0,1,0,0,0,0,0,0,0,0,0,0,0,0,0,0,0,0,0,0,0,0,0,0,0.0,0,1,0,1,0,0,1,0,0,0,0,0,0,0.0,0.0,1,0.0,0.0,0.0,0.0,0.0,0.0,0.0,1.0,0.0,1.0,0.0,0.0,0.0,0,0,0,0,0,0,0,0.0,0,1,100.0,0,0.0,0,0,0,1,0,0,0,1,0,0,0,1.0,False
151,LowGasSafeMath,/home/motafeq/projects/chainguardian-ai/data/production/safe/raw/UniswapV3Factory_0x1F98431c/LowGasSafeMath.sol,production,production,comprehensive,success,False,False,False,False,False,False,False,False,False,False,False,False,False,False,False,False,False,False,False,False,False,False,False,0,0,0,5,0,0,0,0,0,0,0,1,1.0,5,0,0,0.0,0,0,0,0,0,0.0,0.0,0.0,3.0,1.5,False,0,0,1.0,False,0,0,0,0,0,1,0.5,0,0,0,10,0,0,0,5,0,1,1,3,4,1,1,0,0,0,5,0,0,0,0,0,0,0,0,0,0,0,0,0,0,0,0,0.0,0,5,0,0,5,0,5,5,0,0,0,0,0,0.0,0.0,1,0.0,0.0,0.0,0.0,0.0,0.0,0.0,0.0,0.0,1.0,0.0,0.0,0.0,0,0,0,0,0,0,0,0.0,0,1,20.0,0,0.0,0,0,0,1,0,0,0,5,0,0,0,1.0,False
152,IUniswapV3PoolDerivedState,/home/motafeq/projects/chainguardian-ai/data/production/safe/raw/UniswapV3Factory_0x1F98431c/IUniswapV3PoolDerivedState.sol,production,production,comprehensive,success,False,False,False,False,False,False,False,False,False,False,False,False,False,False,False,False,False,False,False,False,False,False,False,0,0,0,2,0,0,0,0,0,0,0,1,1.0,2,0,0,0.0,0,0,0,0,0,0.0,0.0,0.0,3.0,1.5,False,0,0,1.0,False,0,0,0,0,0,0,0.0,0,0,0,0,0,0,0,0,0,2,0,0,2,0,0,0,0,0,2,0,0,0,0,0,0,0,0,0,0,0,0,0,0,0,0,0.0,0,2,0,2,0,0,2,0,0,0,0,0,0,0.0,0.0,1,0.0,0.0,0.0,0.0,0.0,0.0,0.0,1.0,0.0,1.0,0.0,0.0,0.0,0,0,0,0,0,0,0,0.0,0,1,50.0,0,0.0,0,0,0,1,0,0,0,2,0,0,0,1.0,False
153,IUniswapV3MintCallback,/home/motafeq/projects/chainguardian-ai/data/production/safe/raw/UniswapV3Factory_0x1F98431c/IUniswapV3MintCallback.sol,production,production,comprehensive,success,False,False,False,False,False,False,False,False,False,False,False,False,False,False,False,False,False,False,False,False,False,False,False,0,0,0,1,0,0,0,0,0,0,0,1,1.0,1,0,0,0.0,0,0,0,0,0,0.0,0.0,0.0,3.0,1.5,False,0,0,1.0,False,0,0,0,0,0,0,0.0,0,0,0,0,0,0,0,0,0,1,0,0,1,0,0,0,0,0,1,0,0,0,0,0,0,0,0,0,0,0,0,3,0,0,0,0.0,0,1,0,1,0,0,0,0,0,0,0,0,0,0.0,0.0,1,0.0,0.0,0.0,0.0,0.0,0.0,0.0,1.0,0.0,0.0,0.0,0.0,0.0,0,0,0,0,0,0,0,0.0,0,1,100.0,0,0.0,0,0,0,1,0,0,0,1,0,0,0,1.0,False
154,IUniswapV3Factory,/home/motafeq/projects/chainguardian-ai/data/production/safe/raw/UniswapV3Factory_0x1F98431c/IUniswapV3Factory.sol,production,production,comprehensive,success,False,False,False,False,False,False,False,False,False,False,False,False,False,False,False,False,False,False,False,False,False,False,False,0,0,0,6,0,0,3,0,0,0,0,1,1.0,6,0,0,0.0,0,0,0,0,0,0.0,0.0,0.0,3.0,1.5,False,0,0,1.0,False,0,0,0,0,0,0,0.0,0,0,0,0,0,0,0,0,0,6,0,0,6,0,0,0,0,0,5,0,0,0,0,0,0,0,0,0,0,0,0,6,0,0,0,0.0,0,6,0,6,0,0,3,0,0,0,0,0,0,0.0,0.0,1,0.0,0.0,0.0,0.0,0.0,0.0,0.0,1.0,0.0,0.5,0.0,0.0,0.0,0,0,0,0,0,0,0,0.0,0,1,16.67,0,0.0,0,0,0,1,0,0,0,6,0,0,0,1.0,False
155,IERC20Minimal,/home/motafeq/projects/chainguardian-ai/data/production/safe/raw/UniswapV3Factory_0x1F98431c/IERC20Minimal.sol,production,production,comprehensive,success,False,False,False,False,False,False,False,False,False,False,False,False,False,False,False,False,False,False,False,False,False,False,False,0,0,0,5,0,0,2,0,0,0,0,1,1.0,5,0,0,0.0,0,0,0,0,0,0.0,0.0,0.0,3.0,1.5,False,0,0,1.0,False,0,0,0,0,0,0,0.0,0,0,0,0,0,0,0,0,0,5,0,0,5,0,0,0,0,0,5,0,0,0,0,0,0,0,0,0,0,0,0,7,0,0,0,0.0,0,5,0,5,0,0,2,0,0,0,0,0,0,0.0,0.0,1,0.0,0.0,0.0,0.0,0.0,0.0,0.0,1.0,0.0,0.4,0.0,0.0,0.0,0,0,0,0,0,0,0,0.0,0,1,20.0,0,0.0,0,0,0,1,0,0,0,5,0,0,0,1.0,False
156,IUniswapV3PoolActions,/home/motafeq/projects/chainguardian-ai/data/production/safe/raw/UniswapV3Factory_0x1F98431c/IUniswapV3PoolActions.sol,production,production,comprehensive,success,False,False,False,False,False,False,False,False,False,False,False,False,False,False,False,False,False,False,False,False,False,False,False,0,0,0,7,0,0,0,0,0,0,0,1,1.0,7,0,0,0.0,0,0,0,0,0,0.0,0.0,0.0,3.0,1.5,False,0,0,1.0,False,0,0,0,0,0,0,0.0,0,0,0,0,0,0,0,0,0,7,0,0,7,0,0,0,0,0,7,0,0,0,0,0,0,0,0,0,0,0,0,24,0,0,0,0.0,0,7,0,7,0,0,0,0,0,0,0,0,0,0.0,0.0,1,0.0,0.0,0.0,0.0,0.0,0.0,0.0,1.0,0.0,0.0,0.0,0.0,0.0,0,0,0,0,0,0,0,0.0,0,1,14.29,0,0.0,0,0,0,1,0,0,0,7,0,0,0,1.0,False
157,IUniswapV3PoolEvents,/home/motafeq/projects/chainguardian-ai/data/production/safe/raw/UniswapV3Factory_0x1F98431c/IUniswapV3PoolEvents.sol,production,production,comprehensive,success,False,False,False,False,False,False,False,False,False,False,False,False,False,False,False,False,False,False,False,False,False,False,False,0,0,0,0,0,0,9,0,0,0,0,0,0.0,0,0,0,0.0,0,0,0,0,0,0.0,0.0,0.0,0.0,0.0,False,0,0,1.0,False,0,0,0,0,0,0,0.0,0,0,0,0,0,0,0,0,0,0,0,0,0,0,0,0,0,0,0,0,0,0,0,0,0,0,0,0,0,0,0,0,0,0,0,0.0,0,0,0,0,0,0,0,0,0,0,0,0,0,0.0,0.0,1,0.0,0.0,0.0,0.0,0.0,0.0,0.0,0.0,0.0,0.0,0.0,0.0,0.0,0,0,0,0,0,0,0,0.0,0,1,100.0,0,0.0,0,0,0,0,0,0,0,1,0,0,0,1.0,False
158,BitMath,/home/motafeq/projects/chainguardian-ai/data/production/safe/raw/UniswapV3Factory_0x1F98431c/BitMath.sol,production,production,comprehensive,success,False,False,False,False,False,False,False,False,False,False,False,False,False,False,False,False,False,False,False,False,False,False,False,0,0,0,2,0,0,0,0,0,0,0,17,17.0,34,0,0,0.0,0,0,0,0,0,0.0,0.0,0.0,51.0,25.5,False,0,0,1.0,False,0,0,0,0,0,25,1.21,0,0,0,67,0,0,0,2,0,1,1,2,3,1,0,0,0,0,2,0,0,0,0,0,0,0,0,0,0,0,0,0,0,0,0,0.0,0,2,0,0,2,0,2,2,0,0,0,0,0,0.0,0.0,1,0.0,0.0,0.0,0.0,0.0,0.0,0.0,0.0,0.0,1.0,0.0,0.0,0.0,0,0,0,0,0,0,0,0.0,1,0,50.0,0,0.0,0,0,0,17,0,0,0,2,0,0,0,1.0,False
159,UnsafeMath,/home/motafeq/projects/chainguardian-ai/data/production/safe/raw/UniswapV3Factory_0x1F98431c/UnsafeMath.sol,production,production,comprehensive,success,False,False,False,False,False,False,False,False,False,False,False,False,False,False,False,False,False,False,False,False,False,False,False,0,0,0,1,0,0,0,0,0,0,0,1,1.0,1,0,0,0.0,0,0,0,0,0,0.0,0.0,0.0,3.0,1.5,False,0,0,1.0,False,0,0,0,0,0,3,0.75,0,0,0,4,0,0,0,0,0,1,0,0,1,0,0,0,0,0,1,0,0,0,0,0,0,0,0,0,0,0,0,0,0,0,0,0.0,0,1,0,0,1,0,1,1,0,0,0,0,0,0.0,0.0,1,0.0,0.0,0.0,0.0,0.0,0.0,0.0,0.0,0.0,1.0,0.0,0.0,0.0,0,0,0,0,0,0,0,0.0,0,1,100.0,0,0.0,0,0,0,1,0,0,0,1,0,0,0,1.0,False
160,IUniswapV3PoolOwnerActions,/home/motafeq/projects/chainguardian-ai/data/production/safe/raw/UniswapV3Factory_0x1F98431c/IUniswapV3PoolOwnerActions.sol,production,production,comprehensive,success,False,False,False,False,False,False,False,False,False,False,False,False,False,False,False,False,False,False,False,False,False,False,False,0,0,0,2,0,0,0,0,0,0,0,1,1.0,2,0,0,0.0,0,0,0,0,0,0.0,0.0,0.0,3.0,1.5,False,0,0,1.0,False,0,0,0,0,0,0,0.0,0,0,0,0,0,0,0,0,0,2,0,0,2,0,0,0,0,0,2,0,0,0,0,0,0,0,0,0,0,0,0,5,0,0,0,0.0,0,2,0,2,0,0,0,0,0,0,0,0,0,0.0,0.0,1,0.0,0.0,0.0,0.0,0.0,0.0,0.0,1.0,0.0,0.0,0.0,0.0,0.0,0,0,0,0,0,0,0,0.0,0,1,50.0,0,0.0,0,0,0,1,0,0,0,2,0,0,0,1.0,False
161,LiquidityMath,/home/motafeq/projects/chainguardian-ai/data/production/safe/raw/UniswapV3Factory_0x1F98431c/LiquidityMath.sol,production,production,comprehensive,success,False,False,False,False,False,False,False,False,False,False,False,False,False,False,False,False,False,False,False,False,False,False,False,0,0,0,1,0,0,0,0,0,0,0,3,3.0,3,0,0,0.0,0,0,0,0,0,0.0,0.0,0.0,9.0,4.5,False,0,0,1.0,False,0,0,0,0,0,3,1.0,0,0,0,5,0,0,0,1,0,1,1,1,2,1,0,0,0,0,1,0,0,0,0,0,0,0,0,0,0,0,0,0,0,0,0,0.0,0,1,0,0,1,0,1,1,0,0,0,0,0,0.0,0.0,1,0.0,0.0,0.0,0.0,0.0,0.0,0.0,0.0,0.0,1.0,0.0,0.0,0.0,0,0,0,0,0,0,0,0.0,0,0,100.0,0,0.0,0,0,0,3,0,0,0,1,0,0,0,1.0,False
162,IUniswapV3PoolState,/home/motafeq/projects/chainguardian-ai/data/production/safe/raw/UniswapV3Factory_0x1F98431c/IUniswapV3PoolState.sol,production,production,comprehensive,success,False,False,False,False,False,False,False,False,False,False,False,False,False,False,False,False,False,False,False,False,False,False,False,0,0,0,9,0,0,0,0,0,0,0,1,1.0,9,0,0,0.0,0,0,0,0,0,0.0,0.0,0.0,3.0,1.5,False,0,0,1.0,False,0,0,0,0,0,0,0.0,0,0,0,0,0,0,0,0,0,9,0,0,9,0,0,0,0,0,4,0,0,0,0,0,0,0,0,0,0,0,0,0,0,0,0,0.0,0,9,0,9,0,0,9,0,0,0,0,0,0,0.0,0.0,1,0.0,0.0,0.0,0.0,0.0,0.0,0.0,1.0,0.0,1.0,0.0,0.0,0.0,0,0,0,0,0,0,0,0.0,0,1,11.11,0,0.0,0,0,0,1,0,0,0,9,0,0,0,1.0,False
163,tob_reentrancy_Reentrancy,/home/motafeq/projects/chainguardian-ai/data/production/vulnerable/raw/tob_reentrancy_Reentrancy.sol,production,production,comprehensive,success,False,False,False,False,False,False,False,False,False,False,False,False,False,False,False,False,False,False,False,False,False,False,False,0,0,0,5,1,0,0,5,2,1,0,3,1.0,9,0,0,0.0,0,0,0,0,0,0.0,0.0,0.0,7.0,3.5,False,2,1,0.3333333333333333,False,0,1,2,0,0,4,0.72,0,3,0,18,0,0,5,0,0,5,0,0,5,0,0,0,5,1,1,0,0,0,0,2,0,0,4,1,2,1,0,0,3,0,0,0.0,1,5,5,0,0,0,1,0,0,0,0,5,4,1.0,0.8,1,0.0,0.0,0.0,0.0,0.0,0.0,0.0,0.0,1.0,0.2,0.2,1.25,1.0,0,0,0,0,0,0,0,2.0,0,1,20.0,0,0.0,0,0,0,3,0,0,0,5,0,0,0,1.0,False
164,tob_Multiplicator_Multiplicator,/home/motafeq/projects/chainguardian-ai/data/production/vulnerable/raw/tob_Multiplicator_Multiplicator.sol,production,production,comprehensive,success,False,False,False,False,False,False,False,False,False,False,False,False,False,False,False,False,False,False,False,False,False,False,False,0,0,0,4,1,0,0,2,0,3,0,3,1.0,6,0,0,0.0,0,0,0,0,0,0.0,0.0,0.0,7.0,3.5,False,0,0,1.0,False,0,0,0,0,0,2,0.67,0,0,0,9,0,1,2,3,0,4,2,2,6,1,0,1,2,1,1,0,1,0,0,0,0,0,1,3,0,2,0,1,2,0,0,0.091,3,4,3,0,1,0,0,0,0,0,0,1,1,0.25,0.25,1,0.0,0.0,0.0,0.0,0.0,0.0,0.0,0.0,0.75,0.0,0.75,1.0,0.5,0,0,0,0,0,0,0,2.0,0,1,25.0,0,0.0,0,0,0,3,0,0,0,4,0,0,0,1.0,False
165,tob_GiftBox_GiftBox,/home/motafeq/projects/chainguardian-ai/data/production/vulnerable/raw/tob_GiftBox_GiftBox.sol,production,production,comprehensive,success,False,False,False,False,False,False,False,False,False,False,False,False,False,False,False,False,False,False,False,False,False,False,False,0,0,0,8,4,0,0,2,0,4,0,3,2.0,18,0,0,0.0,0,0,0,0,0,0.0,0.0,0.0,8.0,4.0,False,1,0,0.0,False,0,0,1,0,0,3,0.85,0,2,0,27,0,1,2,4,0,7,2,2,10,1,0,4,2,4,5,3,1,0,0,0,0,0,6,10,1,2,0,4,2,0,0,0.214,10,8,6,1,1,0,1,0,0,0,0,8,6,1.0,0.75,1,0.0,0.0,0.0,0.0,0.0,0.0,0.0,0.125,0.75,0.125,0.5,1.333,0.25,0,0,0,0,0,0,0,1.0,0,1,12.5,0,0.0,0,0,0,3,0,0,0,8,0,0,0,1.0,False
166,tob_unprotected_function_Unprotected,/home/motafeq/projects/chainguardian-ai/data/production/vulnerable/raw/tob_unprotected_function_Unprotected.sol,production,production,comprehensive,success,False,False,False,False,False,False,False,False,False,False,False,False,False,False,False,False,False,False,False,False,False,False,False,0,0,0,3,1,1,0,0,0,0,0,1,1.0,3,0,0,0.0,0,0,0,0,0,0.0,0.0,0.0,3.0,1.5,False,0,0,1.0,False,0,0,0,0,0,2,0.57,0,0,0,7,0,1,0,1,0,3,1,1,4,1,0,2,0,0,2,2,0,0,0,0,1,0,2,0,0,0,0,2,0,0,0,1.0,0,3,3,0,0,0,0,0,1,0,0,0,3,0.0,1.0,1,0.0,0.0,0.0,0.0,0.0,0.0,0.0,0.0,1.0,0.0,0.0,0.0,0.0,0,0,0,0,0,0,0,0.0,0,1,33.33,0,0.0,0,0,0,1,0,0,0,3,0,0,0,1.0,False
167,MainchainGatewayProxy_0x1a2a1c93,/home/motafeq/projects/chainguardian-ai/data/production/vulnerable/raw/MainchainGatewayProxy_0x1a2a1c93.sol,production,production,comprehensive,success,False,False,False,False,False,False,False,False,False,False,False,False,False,False,False,False,False,False,False,False,False,False,False,0,0,0,8,2,1,3,0,0,1,2,1,1.0,5,0,0,0.0,0,0,0,0,0,0.0,0.0,0.0,3.0,1.5,False,0,0,1.0,False,0,0,0,0,0,4,0.67,0,2,0,15,0,2,0,5,0,4,2,2,7,2,0,1,0,1,2,1,0,0,0,0,2,0,2,2,0,0,0,1,0,0,0,0.182,2,5,3,2,0,0,2,1,1,0,0,2,1,0.4,0.2,11,0.0,0.0,0.0,0.0,0.0,0.0,0.0,0.4,0.6,0.4,0.2,2.0,0.0,0,0,0,0,0,0,0,0.0,0,1,20.0,0,0.0,0,0,0,1,0,0,0,5,0,0,0,1.0,False
168,tob_SpankChain_source_code_SpankChain_Payment,/home/motafeq/projects/chainguardian-ai/data/production/vulnerable/raw/tob_SpankChain_source_code_SpankChain_Payment.sol,production,production,comprehensive,success,False,False,False,False,False,False,False,False,False,False,False,False,False,False,False,False,False,False,False,False,False,False,False,0,0,0,5,1,0,2,0,0,0,0,1,1.0,5,0,0,0.0,0,0,0,0,0,0.0,0.0,0.0,3.0,1.5,False,0,0,1.0,False,0,0,0,0,0,0,0.0,0,0,0,0,0,0,0,0,0,5,0,0,5,0,0,0,0,0,5,0,0,0,0,0,0,0,0,0,0,0,0,7,0,0,0,0.0,0,5,5,0,0,0,2,0,0,0,0,0,0,0.0,0.0,5,0.0,0.0,0.0,0.0,0.0,0.0,0.0,0.0,1.0,0.4,0.0,0.0,0.0,0,0,0,0,0,0,0,0.0,0,1,20.0,0,0.0,0,0,0,1,0,0,0,5,0,0,0,1.0,False
169,tob_VarLoop_VarLoop,/home/motafeq/projects/chainguardian-ai/data/production/vulnerable/raw/tob_VarLoop_VarLoop.sol,production,production,comprehensive,success,False,False,False,False,False,False,False,False,False,False,False,False,False,False,False,False,False,False,False,False,False,False,False,0,0,0,4,1,0,0,2,0,3,0,10,3.0,13,0,0,0.0,0,0,0,0,0,0.0,0.0,0.0,23.0,11.5,False,0,0,1.0,False,0,0,0,0,1,12,1.0,0,0,0,23,0,1,2,2,0,5,2,1,6,1,0,0,2,1,0,0,0,0,0,0,0,0,6,6,0,2,0,0,2,0,0,0.0,6,4,3,0,1,0,0,0,0,0,0,1,1,0.25,0.25,1,0.0,0.0,0.0,0.0,0.0,0.0,0.0,0.0,0.75,0.0,0.75,1.0,0.5,0,0,0,0,0,0,0,7.0,0,0,25.0,0,0.0,0,0,0,10,0,0,0,4,0,0,0,1.0,False
170,Tob_integer_overflow_integer_overflow_1,/home/motafeq/projects/chainguardian-ai/data/production/vulnerable/raw/tob_integer_overflow_integer_overflow_1.sol,production,production,comprehensive,success,False,False,False,False,False,False,False,False,False,False,False,False,False,False,False,False,False,False,False,False,False,False,False,0,0,0,3,1,0,0,0,0,0,0,1,1.0,3,0,0,0.0,0,0,0,0,0,0.0,0.0,0.0,3.0,1.5,False,0,0,1.0,False,0,0,0,0,0,2,0.5,0,0,0,6,0,1,0,1,0,3,1,1,4,1,0,2,0,1,2,2,0,0,0,0,0,0,1,4,0,0,0,2,0,0,0,0.333,4,3,2,0,1,0,0,0,0,0,0,2,3,0.67,1.0,1,0.0,0.0,0.0,0.0,0.0,0.0,0.0,0.0,0.667,0.0,0.0,0.667,0.0,0,0,0,0,0,0,0,0.0,0,1,33.33,0,0.0,0,0,0,1,0,0,0,3,0,0,0,1.0,False
171,tob_theRun_source_code_theRun,/home/motafeq/projects/chainguardian-ai/data/production/vulnerable/raw/tob_theRun_source_code_theRun.sol,production,production,comprehensive,success,False,False,False,False,False,False,False,False,False,False,False,False,False,False,False,False,False,False,False,False,False,False,False,0,0,0,19,11,1,0,7,0,0,0,12,2.0,40,0,0,0.0,0,0,0,0,0,0.0,0.0,0.0,26.0,13.0,False,3,0,0.0,False,0,2,3,0,1,18,0.89,0,3,0,97,0,4,7,7,0,14,1,3,21,4,1,3,7,11,5,3,2,0,0,0,6,0,21,43,0,0,6,3,6,0,0,0.039,43,19,14,0,2,3,10,0,1,0,1,27,21,1.42,1.11,1,0.0,0.0,0.0,0.0,0.0,0.0,0.0,0.0,0.737,0.526,0.0,1.286,0.368,0,0,0,0,0,0,0,10.0,1,1,5.26,0,0.0,0,0,0,12,0,0,0,19,0,0,0,1.0,False
172,Tob_forced_ether_reception_coin,/home/motafeq/projects/chainguardian-ai/data/production/vulnerable/raw/tob_forced_ether_reception_coin.sol,production,production,comprehensive,success,False,False,False,False,False,False,False,False,False,False,False,False,False,False,False,False,False,False,False,False,False,False,False,0,0,0,2,1,1,0,0,0,0,0,1,1.0,2,0,0,0.0,0,0,0,0,0,0.0,0.0,0.0,3.0,1.5,False,0,0,1.0,False,0,0,0,0,0,2,0.6,0,0,0,5,0,1,0,1,0,2,1,1,3,1,0,1,0,0,1,1,0,0,0,0,1,0,1,0,0,0,0,1,0,0,0,1.0,0,2,2,0,0,0,0,0,1,0,0,0,2,0.0,1.0,4,0.0,0.0,0.0,0.0,0.0,0.0,0.0,0.0,1.0,0.0,0.0,0.0,0.0,0,0,0,0,0,0,0,0.0,0,1,50.0,0,0.0,0,0,0,1,0,0,0,2,0,0,0,1.0,False
173,Tob_wrong_constructor_name_incorrect_constructor,/home/motafeq/projects/chainguardian-ai/data/production/vulnerable/raw/tob_wrong_constructor_name_incorrect_constructor.sol,production,production,comprehensive,success,False,False,False,False,False,False,False,False,False,False,False,False,False,False,False,False,False,False,False,False,False,False,False,0,0,0,2,1,1,0,1,0,0,0,1,1.0,2,0,0,0.0,0,0,0,0,0,0.0,0.0,0.0,3.0,1.5,False,0,0,1.0,False,0,0,0,0,0,2,0.6,0,0,0,5,0,1,1,2,0,3,2,1,4,1,0,0,1,1,0,0,0,0,0,0,1,0,1,0,0,1,0,0,1,0,0,0.0,0,2,2,0,0,0,0,0,0,0,0,1,1,0.5,0.5,1,0.0,0.0,0.0,0.0,0.0,0.0,0.0,0.0,1.0,0.0,0.0,1.0,0.5,0,0,0,0,0,0,0,0.0,0,1,50.0,0,0.0,0,0,0,1,0,0,0,2,0,0,0,1.0,False
174,tob_KotET_source_code_KingOfTheEtherThrone,/home/motafeq/projects/chainguardian-ai/data/production/vulnerable/raw/tob_KotET_source_code_KingOfTheEtherThrone.sol,production,production,comprehensive,success,False,False,False,False,False,False,False,False,False,False,False,False,False,False,False,False,False,False,False,False,False,False,False,0,0,0,7,9,1,1,5,0,0,0,21,3.0,27,0,0,0.0,0,0,0,0,0,0.0,0.0,0.0,45.0,22.5,False,1,0,0.0,False,0,0,1,0,0,21,1.03,0,2,0,61,0,1,5,3,0,5,1,2,8,1,0,3,4,9,3,2,2,0,0,0,3,0,24,30,0,0,4,3,4,0,0,0.05,30,7,6,0,1,0,1,0,1,0,1,12,12,1.71,1.71,1,0.0,0.0,0.0,0.0,0.0,0.0,0.0,0.0,0.857,0.143,0.0,1.0,0.714,0,0,0,0,0,0,0,18.0,1,0,14.29,0,0.0,0,0,0,21,0,0,0,7,0,0,0,1.0,False
175,Tob_variable shadowing_inherited_state,/home/motafeq/projects/chainguardian-ai/data/production/vulnerable/raw/tob_variable shadowing_inherited_state.sol,production,production,comprehensive,success,False,False,False,False,False,False,False,False,False,False,False,False,False,False,False,False,False,False,False,False,False,False,False,0,0,0,1,1,0,0,0,0,0,0,1,1.0,1,0,0,0.0,0,0,0,0,0,0.0,0.0,0.0,3.0,1.5,False,0,0,1.0,False,0,0,0,0,0,2,0.67,0,0,0,3,0,1,0,2,0,2,2,1,3,1,0,0,0,0,0,0,0,0,0,0,0,0,0,1,0,0,0,0,0,0,0,0.0,1,1,1,0,0,0,0,0,0,0,0,1,0,1.0,0.0,2,0.0,0.0,0.0,0.0,0.0,0.0,0.0,0.0,1.0,0.0,0.0,0.0,0.0,0,0,0,0,0,0,0,0.0,0,1,100.0,0,0.0,0,0,0,1,0,0,0,1,0,0,0,1.0,False
176,tob_Rubixi_source_code_Rubixi,/home/motafeq/projects/chainguardian-ai/data/production/vulnerable/raw/tob_Rubixi_source_code_Rubixi.sol,production,production,comprehensive,success,False,False,False,False,False,False,False,False,False,False,False,False,False,False,False,False,False,False,False,False,False,False,False,0,0,0,19,7,1,0,5,0,0,0,8,2.0,44,0,0,0.0,0,0,0,0,0,0.0,0.0,0.0,18.0,9.0,False,4,0,0.0,False,0,1,4,0,1,12,0.87,0,6,0,99,0,2,5,9,0,12,2,6,20,2,1,6,5,7,7,6,3,0,0,0,9,0,18,34,0,0,4,6,4,0,0,0.101,34,19,16,0,1,2,8,0,0,0,1,23,18,1.21,0.95,1,0.0,0.0,0.0,0.0,0.0,0.0,0.0,0.0,0.842,0.421,0.0,1.278,0.263,0,0,0,0,0,0,0,6.0,0,1,5.26,0,0.0,0,0,0,8,0,0,0,19,0,0,0,1.0,False
177,tob_PrivateBank_PrivateBank,/home/motafeq/projects/chainguardian-ai/data/production/vulnerable/raw/tob_PrivateBank_PrivateBank.sol,production,production,comprehensive,success,False,False,False,False,False,False,False,False,False,False,False,False,False,False,False,False,False,False,False,False,False,False,False,0,0,0,5,3,0,0,4,1,2,0,5,2.0,11,0,0,0.0,0,0,0,0,0,0.0,0.0,0.0,12.0,6.0,False,1,1,0.5,False,0,1,1,0,0,4,0.88,0,0,0,16,0,0,4,0,0,5,0,0,5,0,0,2,4,3,2,2,1,0,2,1,0,0,1,4,0,0,0,1,1,0,2,0.071,4,5,4,0,1,0,0,0,1,0,0,5,4,1.0,0.8,2,0.0,0.0,0.0,0.0,0.0,0.0,0.0,0.0,0.8,0.0,0.4,1.25,0.8,0,0,0,0,0,0,0,3.0,0,1,20.0,0,0.0,0,0,0,5,0,0,0,5,0,0,0,1.0,False
178,tob_race_condition_RaceCondition,/home/motafeq/projects/chainguardian-ai/data/production/vulnerable/raw/tob_race_condition_RaceCondition.sol,production,production,comprehensive,success,False,False,False,False,False,False,False,False,False,False,False,False,False,False,False,False,False,False,False,False,False,False,False,0,0,0,3,3,0,0,1,0,1,0,1,1.0,3,0,0,0.0,0,0,0,0,0,0.0,0.0,0.0,3.0,1.5,False,1,0,0.0,False,0,0,1,0,0,4,0.75,0,0,0,12,0,1,1,2,0,2,1,2,4,1,0,3,1,3,3,3,1,0,1,0,0,0,3,2,0,0,0,2,0,0,0,0.375,2,3,3,0,0,0,0,0,1,0,0,4,6,1.33,2.0,2,0.0,0.0,0.0,0.0,0.0,0.0,0.0,0.0,1.0,0.0,0.333,0.667,0.333,0,0,0,0,0,0,0,0.0,0,1,33.33,0,0.0,0,0,0,1,0,0,0,3,0,0,0,1.0,False
179,tob_incorrect_interface_Bob,/home/motafeq/projects/chainguardian-ai/data/production/vulnerable/raw/tob_incorrect_interface_Bob.sol,production,production,comprehensive,success,False,False,False,False,False,False,False,False,False,False,False,False,False,False,False,False,False,False,False,False,False,False,False,0,0,0,2,0,0,0,2,0,0,0,1,1.0,2,0,0,0.0,0,0,0,0,0,0.0,0.0,0.0,3.0,1.5,False,0,0,1.0,False,0,0,0,0,0,1,0.5,0,0,0,4,0,0,2,0,0,2,0,0,2,0,0,2,0,0,2,0,2,0,2,0,0,0,0,0,0,0,0,2,0,0,2,1.0,0,2,2,0,0,0,0,0,0,0,0,0,0,0.0,0.0,2,0.0,0.0,0.0,0.0,0.0,0.0,0.0,0.0,1.0,0.0,0.0,0.0,1.0,0,0,0,0,0,0,0,0.0,0,1,50.0,0,0.0,0,0,0,1,0,0,0,2,0,0,0,1.0,False
180,Registrar_0x6090a6e4,/home/motafeq/projects/chainguardian-ai/data/production/vulnerable/raw/Registrar_0x6090a6e4.sol,production,production,comprehensive,success,False,False,False,False,False,False,False,False,False,False,False,False,False,False,False,False,False,False,False,False,False,False,False,0,0,0,26,9,3,6,34,0,2,0,15,3.0,94,0,0,0.0,0,0,0,0,0,0.0,0.0,0.0,33.0,16.5,False,5,1,0.16666666666666666,False,0,3,5,0,7,19,0.96,1,27,0,236,0,5,34,30,1,14,5,4,30,0,3,13,4,9,25,9,11,0,32,0,23,0,48,39,0,0,0,26,0,0,23,0.093,39,26,19,0,7,0,8,0,1,1,1,32,16,1.23,0.62,3,0.0,0.0,0.0,0.0,0.0,0.0,0.0,0.0,0.731,0.308,0.077,2.0,1.308,0,0,0,0,0,0,0,12.0,1,0,3.85,0,0.0,1,0,0,15,0,0,0,26,0,0,0,1.0,False
181,tob_KOTH_KOTH,/home/motafeq/projects/chainguardian-ai/data/production/vulnerable/raw/tob_KOTH_KOTH.sol,production,production,comprehensive,success,False,False,False,False,False,False,False,False,False,False,False,False,False,False,False,False,False,False,False,False,False,False,False,0,0,0,1,1,1,0,0,0,0,0,1,1.0,1,0,0,0.0,0,0,0,0,0,0.0,0.0,0.0,3.0,1.5,False,0,0,1.0,False,0,0,0,0,0,1,0.5,0,0,0,2,0,0,0,0,0,1,0,0,1,0,0,0,0,0,0,0,0,0,0,0,0,0,0,0,0,0,0,0,0,0,0,0.0,0,1,1,0,0,0,0,0,1,0,0,0,1,0.0,1.0,2,0.0,0.0,0.0,0.0,0.0,0.0,0.0,0.0,1.0,0.0,0.0,0.0,0.0,0,0,0,0,0,0,0,0.0,0,1,100.0,0,0.0,0,0,0,1,0,0,0,1,0,0,0,1.0,False
182,MoneyMarket_0x0eEe3E38,/home/motafeq/projects/chainguardian-ai/data/production/vulnerable/raw/MoneyMarket_0x0eEe3E38.sol,production,production,comprehensive,success,False,False,False,False,False,False,False,False,False,False,False,False,False,False,False,False,False,False,False,False,False,False,False,0,0,0,64,19,0,16,19,0,1,4,47,8.0,335,0,0,0.0,0,0,0,0,0,0.0,0.0,0.0,102.0,51.0,False,6,0,0.0,False,0,0,6,0,5,106,0.97,1,173,0,879,0,5,13,153,0,32,18,15,64,5,24,15,0,17,34,14,8,0,11,0,194,0,134,103,5,0,0,27,0,0,0,0.027,103,40,23,0,17,0,20,3,1,2,9,66,35,1.65,0.88,9,0.0,0.0,0.0,0.0,0.0,0.0,0.0,0.0,0.575,0.5,0.025,1.886,0.475,0,0,0,0,0,0,0,39.0,1,0,2.5,0,0.0,0,0,0,47,0,0,0,40,0,0,0,1.0,False
183,tob_incorrect_interface_Alice,/home/motafeq/projects/chainguardian-ai/data/production/vulnerable/raw/tob_incorrect_interface_Alice.sol,production,production,comprehensive,success,False,False,False,False,False,False,False,False,False,False,False,False,False,False,False,False,False,False,False,False,False,False,False,0,0,0,3,1,0,0,0,0,0,0,1,1.0,3,0,0,0.0,0,0,0,0,0,0.0,0.0,0.0,3.0,1.5,False,0,0,1.0,False,0,0,0,0,0,1,0.5,0,0,0,6,0,0,0,0,0,3,0,0,3,0,0,2,0,0,2,2,0,0,0,0,0,0,3,0,0,0,0,2,0,0,0,1.0,0,3,3,0,0,0,0,0,0,0,0,0,3,0.0,1.0,1,0.0,0.0,0.0,0.0,0.0,0.0,0.0,0.0,1.0,0.0,0.0,0.0,0.0,0,0,0,0,0,0,0,0.0,0,1,33.33,0,0.0,0,0,0,1,0,0,0,3,0,0,0,1.0,False
184,Tob_denial_of_service_auction,/home/motafeq/projects/chainguardian-ai/data/production/vulnerable/raw/tob_denial_of_service_auction.sol,production,production,comprehensive,success,False,False,False,False,False,False,False,False,False,False,False,False,False,False,False,False,False,False,False,False,False,False,False,0,0,0,1,2,0,0,1,0,1,0,3,3.0,3,0,0,0.0,0,0,0,0,0,0.0,0.0,0.0,9.0,4.5,False,1,0,0.0,False,0,0,1,0,0,5,1.0,0,0,0,7,0,1,1,1,0,1,1,1,2,1,0,0,1,2,0,0,0,0,0,0,0,0,2,2,0,0,1,0,1,0,0,0.0,2,1,1,0,0,0,0,0,0,0,0,2,2,2.0,2.0,2,0.0,0.0,0.0,0.0,0.0,0.0,0.0,0.0,1.0,0.0,1.0,1.0,1.0,0,0,0,0,0,0,0,0.0,0,0,100.0,0,0.0,0,0,0,3,0,0,0,1,0,0,0,1.0,False
185,tob_reentrancy_ReentrancyExploit,/home/motafeq/projects/chainguardian-ai/data/production/vulnerable/raw/tob_reentrancy_ReentrancyExploit.sol,production,production,comprehensive,success,False,False,False,False,False,False,False,False,False,False,False,False,False,False,False,False,False,False,False,False,False,False,False,0,0,0,6,3,0,0,4,3,2,0,3,1.0,8,0,0,0.0,0,0,0,0,0,0.0,0.0,0.0,7.0,3.5,False,0,3,1.0,False,0,3,0,0,0,3,0.69,0,0,0,16,0,1,4,7,0,5,2,3,9,1,2,1,4,3,1,1,1,0,0,3,0,0,4,0,0,0,0,1,3,0,0,0.111,0,6,5,0,1,0,0,0,1,0,0,5,5,0.83,0.83,1,0.0,0.0,0.0,0.0,0.0,0.0,0.0,0.0,0.833,0.0,0.333,1.0,0.667,0,0,0,0,0,0,0,2.0,0,1,16.67,0,0.0,0,0,0,3,0,0,0,6,0,0,0,1.0,False
186,tob_Lottery_Lottery,/home/motafeq/projects/chainguardian-ai/data/production/vulnerable/raw/tob_Lottery_Lottery.sol,production,production,comprehensive,success,False,False,False,False,False,False,False,False,False,False,False,False,False,False,False,False,False,False,False,False,False,False,False,0,0,0,8,5,0,0,1,0,2,0,9,2.0,18,0,0,0.0,0,0,0,0,0,0.0,0.0,0.0,20.0,10.0,False,0,1,1.0,False,0,1,0,0,0,9,0.9,0,1,0,40,0,3,1,13,0,6,4,3,13,3,2,1,1,5,2,1,0,0,0,0,4,0,10,15,0,1,0,1,1,0,0,0.017,15,8,6,0,2,0,1,0,1,0,1,7,5,0.88,0.62,1,0.0,0.0,0.0,0.0,0.0,0.0,0.0,0.0,0.75,0.125,0.25,1.4,0.125,0,0,0,0,0,0,0,7.0,0,1,12.5,0,0.0,0,0,0,9,0,0,0,8,0,0,0,1.0,False
187,CErc20Delegator,/home/motafeq/projects/chainguardian-ai/data/production/vulnerable/raw/CErc20Delegator_0x2db6c82c/CErc20Delegator.sol,production,production,comprehensive,success,False,False,False,False,False,False,False,False,False,False,False,False,False,False,False,False,False,False,False,False,False,False,False,0,0,0,72,23,0,17,10,4,1,6,3,1.0,42,0,0,0.0,0,0,0,0,0,0.0,0.0,0.0,7.0,3.5,False,0,0,1.0,True,0,0,0,0,0,7,0.72,0,3,0,137,0,2,10,43,0,6,3,24,43,3,3,4,4,2,28,2,4,0,0,2,27,0,5,2,0,0,0,34,2,1,0,0.745,2,40,10,26,2,2,10,0,1,0,1,4,5,0.1,0.12,10,0.0,0.0,0.0,0.0,0.0,0.0,0.0,0.65,0.25,0.25,0.025,0.8,0.25,0,0,0,0,0,0,0,2.0,0,1,2.5,0,0.0,0,0,0,3,0,0,0,40,0,0,0,1.0,False
188,InterestRateModel,/home/motafeq/projects/chainguardian-ai/data/production/vulnerable/raw/CErc20Delegator_0x2db6c82c/InterestRateModel.sol,production,production,comprehensive,success,False,False,False,False,False,False,False,False,False,False,False,False,False,False,False,False,False,False,False,False,False,False,False,0,0,0,3,1,0,0,0,0,0,0,1,1.0,3,0,0,0.0,0,0,0,0,0,0.0,0.0,0.0,3.0,1.5,False,0,0,1.0,False,0,0,0,0,0,0,0.0,0,0,0,1,0,0,0,0,0,3,0,0,3,0,0,0,0,0,2,0,0,0,0,0,0,0,1,0,0,0,0,0,0,0,0,0.0,0,3,0,2,1,0,2,0,0,0,0,0,1,0.0,0.33,1,0.0,0.0,0.0,0.0,0.0,0.0,0.0,0.667,0.0,0.667,0.0,0.0,0.0,0,0,0,0,0,0,0,0.0,0,1,33.33,0,0.0,0,0,0,1,0,0,0,3,0,0,0,1.0,False
189,CTokenInterfaces,/home/motafeq/projects/chainguardian-ai/data/production/vulnerable/raw/CErc20Delegator_0x2db6c82c/CTokenInterfaces.sol,production,production,comprehensive,success,False,False,False,False,False,False,False,False,False,False,False,False,False,False,False,False,False,False,False,False,False,False,False,0,0,0,24,21,0,16,0,0,0,1,1,1.0,24,0,0,0.0,0,0,0,0,0,0.0,0.0,0.0,3.0,1.5,False,0,0,1.0,True,0,0,0,0,0,2,0.67,0,0,0,3,0,0,0,0,0,24,0,0,24,0,0,0,0,0,15,0,0,0,0,0,0,0,3,0,0,0,0,17,0,0,0,5.667,0,24,6,17,1,0,8,0,0,0,1,0,3,0.0,0.12,9,0.0,0.0,0.0,0.0,0.0,0.0,0.0,0.708,0.25,0.333,0.0,0.0,0.0,0,0,0,0,0,0,0,0.0,0,1,4.17,0,0.0,0,0,0,1,0,0,0,24,0,0,0,1.0,False
190,ComptrollerInterface,/home/motafeq/projects/chainguardian-ai/data/production/vulnerable/raw/CErc20Delegator_0x2db6c82c/ComptrollerInterface.sol,production,production,comprehensive,success,False,False,False,False,False,False,False,False,False,False,False,False,False,False,False,False,False,False,False,False,False,False,False,0,0,0,18,1,0,0,0,0,0,0,1,1.0,18,0,0,0.0,0,0,0,0,0,0.0,0.0,0.0,3.0,1.5,False,0,0,1.0,False,0,0,0,0,0,0,0.0,0,0,0,1,0,0,0,0,0,18,0,0,18,0,0,0,0,0,17,0,0,0,0,0,0,0,1,0,0,0,0,60,0,0,0,60.0,0,18,0,17,1,0,1,0,0,0,0,0,1,0.0,0.06,1,0.0,0.0,0.0,0.0,0.0,0.0,0.0,0.944,0.0,0.056,0.0,0.0,0.0,0,0,0,0,0,0,0,0.0,0,1,5.56,0,0.0,0,0,0,1,0,0,0,18,0,0,0,1.0,False
191,IERC20,/home/motafeq/projects/chainguardian-ai/data/production/vulnerable/raw/Wormhole_0xf92cD566/IERC20.sol,production,production,comprehensive,success,False,False,False,False,False,False,False,False,False,False,False,False,False,False,False,False,False,False,False,False,False,False,False,0,0,0,6,0,0,2,0,0,0,0,1,1.0,6,0,0,0.0,0,0,0,0,0,0.0,0.0,0.0,3.0,1.5,False,0,0,1.0,False,0,0,0,0,0,0,0.0,0,0,0,0,0,0,0,0,0,6,0,0,6,0,0,0,0,0,5,0,0,0,0,0,0,0,0,0,0,0,0,7,0,0,0,0.0,0,6,0,6,0,0,3,0,0,0,0,0,0,0.0,0.0,1,0.0,0.0,0.0,0.0,0.0,0.0,0.0,1.0,0.0,0.5,0.0,0.0,0.0,0,0,0,0,0,0,0,0.0,0,1,16.67,0,0.0,0,0,0,1,0,0,0,6,0,0,0,1.0,False
192,Context,/home/motafeq/projects/chainguardian-ai/data/production/vulnerable/raw/Wormhole_0xf92cD566/Context.sol,production,production,comprehensive,success,False,False,False,False,False,False,False,False,False,False,False,False,False,False,False,False,False,False,False,False,False,False,False,0,0,0,2,0,0,0,0,0,0,0,1,1.0,2,0,0,0.0,0,0,0,0,0,0.0,0.0,0.0,3.0,1.5,False,0,0,1.0,False,0,0,0,0,0,2,0.6,0,2,0,5,0,0,0,0,0,2,0,0,2,0,0,0,0,0,0,0,0,0,0,0,0,0,0,0,0,0,0,0,0,0,0,0.0,0,2,0,0,2,0,2,0,0,0,0,0,0,0.0,0.0,1,0.0,0.0,0.0,0.0,0.0,0.0,0.0,0.0,0.0,1.0,0.0,0.0,0.0,0,0,0,0,0,0,0,0.0,0,1,50.0,0,0.0,0,0,0,1,0,0,0,2,0,0,0,1.0,False
193,ReentrancyGuard,/home/motafeq/projects/chainguardian-ai/data/production/vulnerable/raw/Wormhole_0xf92cD566/ReentrancyGuard.sol,production,production,comprehensive,success,False,False,False,False,False,False,False,False,False,False,False,False,False,False,False,False,False,False,False,False,False,False,False,0,0,0,2,3,1,0,0,0,0,0,1,1.0,2,0,0,0.0,0,0,0,0,0,0.0,0.0,0.0,3.0,1.5,False,0,0,1.0,True,0,0,0,0,0,1,0.5,0,0,0,4,0,0,0,0,0,2,0,0,2,0,0,0,0,1,0,0,0,0,0,0,0,0,2,0,0,0,0,0,0,0,0,0.0,0,2,0,0,2,0,0,0,1,0,0,1,3,0.5,1.5,1,0.0,0.0,0.0,0.0,0.0,0.0,0.0,0.0,0.0,0.0,0.0,0.333,0.0,0,0,0,0,0,0,0,0.0,0,1,50.0,0,0.0,0,0,0,1,0,0,0,2,0,0,0,1.0,False
194,BytesLib,/home/motafeq/projects/chainguardian-ai/data/production/vulnerable/raw/Wormhole_0xf92cD566/BytesLib.sol,production,production,comprehensive,success,False,False,False,False,False,False,False,False,False,False,False,False,False,False,False,False,False,False,False,False,False,False,False,0,0,0,14,0,0,0,0,0,0,0,14,3.0,55,0,0,0.0,0,0,0,0,0,0.0,0.0,0.0,31.0,15.5,False,0,0,1.0,False,0,0,0,0,9,37,1.01,4,13,0,267,0,0,0,33,0,6,5,14,20,1,3,0,0,0,14,0,0,0,0,0,0,0,27,64,1,0,0,2,0,0,0,0.017,64,14,0,0,14,0,13,12,0,0,0,0,0,0.0,0.0,1,0.0,0.0,0.0,0.0,0.0,0.0,0.0,0.0,0.0,0.929,0.0,0.0,0.0,0,0,0,0,0,0,0,11.0,1,0,7.14,0,0.0,0,0,0,14,0,0,0,14,0,0,0,1.0,False
195,SafeMath,/home/motafeq/projects/chainguardian-ai/data/production/vulnerable/raw/Wormhole_0xf92cD566/SafeMath.sol,production,production,comprehensive,success,False,False,False,False,False,False,False,False,False,False,False,False,False,False,False,False,False,False,False,False,False,False,False,0,0,0,8,0,0,0,0,0,0,0,3,1.0,10,0,0,0.0,0,0,0,0,0,0.0,0.0,0.0,7.0,3.5,False,0,0,1.0,False,0,0,0,0,0,5,0.71,0,9,0,28,0,0,0,8,3,1,2,5,6,0,1,0,0,0,8,0,0,0,0,0,0,0,0,0,0,0,0,0,0,0,0,0.0,0,8,0,0,8,0,8,8,0,0,0,0,0,0.0,0.0,1,0.0,0.0,0.0,0.0,0.0,0.0,0.0,0.0,0.0,1.0,0.0,0.0,0.0,0,0,0,0,0,0,0,2.0,0,1,12.5,0,0.0,3,0,0,3,0,0,0,8,0,0,0,1.0,False
196,Address,/home/motafeq/projects/chainguardian-ai/data/production/vulnerable/raw/Wormhole_0xf92cD566/Address.sol,production,production,comprehensive,success,False,False,False,False,False,False,False,False,False,False,False,False,False,False,False,False,False,False,False,False,False,False,False,0,0,0,7,0,0,0,2,2,0,0,5,1.0,11,0,0,0.0,0,0,0,0,0,0.0,0.0,0.0,11.0,5.5,False,0,0,1.0,False,0,0,0,0,0,11,0.83,0,6,0,36,0,0,2,13,2,6,5,3,10,0,1,2,2,0,7,0,2,0,0,2,5,0,1,4,0,0,0,18,2,0,0,0.529,4,7,0,0,6,1,1,0,0,0,0,0,0,0.0,0.0,1,0.0,0.0,0.0,0.0,0.0,0.0,0.0,0.0,0.0,0.143,0.0,0.0,0.286,0,0,0,0,0,0,0,4.0,0,1,14.29,0,0.0,2,0,0,5,0,0,0,7,0,0,0,1.0,False
197,RaceCondition,/home/motafeq/projects/chainguardian-ai/data/vulnerable_complex/trail_of_bits/race_condition/RaceCondition.sol,vulnerable_complex,vulnerable_complex,comprehensive,success,False,False,False,False,False,False,False,False,False,False,False,False,False,False,False,False,False,False,False,False,False,False,False,0,0,0,3,3,0,0,1,0,1,0,1,1.0,3,0,0,0.0,0,0,0,0,0,0.0,0.0,0.0,3.0,1.5,False,1,0,0.0,False,0,0,1,0,0,4,0.75,0,0,0,12,0,1,1,2,0,2,1,2,4,1,0,3,1,3,3,3,1,0,1,0,0,0,3,2,0,0,0,2,0,0,0,0.375,2,3,3,0,0,0,0,0,1,0,0,4,6,1.33,2.0,2,0.0,0.0,0.0,0.0,0.0,0.0,0.0,0.0,1.0,0.0,0.333,0.667,0.333,0,0,0,0,0,0,0,0.0,0,1,33.33,0,0.0,0,0,0,1,0,0,0,3,0,0,0,1.0,True
198,Inherited_state,/home/motafeq/projects/chainguardian-ai/data/vulnerable_complex/trail_of_bits/variable shadowing/inherited_state.sol,vulnerable_complex,vulnerable_complex,comprehensive,success,False,False,False,False,False,False,False,False,False,False,False,False,False,False,False,False,False,False,False,False,False,False,False,0,0,0,1,1,0,0,0,0,0,0,1,1.0,1,0,0,0.0,0,0,0,0,0,0.0,0.0,0.0,3.0,1.5,False,0,0,1.0,False,0,0,0,0,0,2,0.67,0,0,0,3,0,1,0,2,0,2,2,1,3,1,0,0,0,0,0,0,0,0,0,0,0,0,0,1,0,0,0,0,0,0,0,0.0,1,1,1,0,0,0,0,0,0,0,0,1,0,1.0,0.0,2,0.0,0.0,0.0,0.0,0.0,0.0,0.0,0.0,1.0,0.0,0.0,0.0,0.0,0,0,0,0,0,0,0,0.0,0,1,100.0,0,0.0,0,0,0,1,0,0,0,1,0,0,0,1.0,True
199,Unprotected,/home/motafeq/projects/chainguardian-ai/data/vulnerable_complex/trail_of_bits/unprotected_function/Unprotected.sol,vulnerable_complex,vulnerable_complex,comprehensive,success,False,False,False,False,False,False,False,False,False,False,False,False,False,False,False,False,False,False,False,False,False,False,False,0,0,0,3,1,1,0,0,0,0,0,1,1.0,3,0,0,0.0,0,0,0,0,0,0.0,0.0,0.0,3.0,1.5,False,0,0,1.0,False,0,0,0,0,0,2,0.57,0,0,0,7,0,1,0,1,0,3,1,1,4,1,0,2,0,0,2,2,0,0,0,0,1,0,2,0,0,0,0,2,0,0,0,1.0,0,3,3,0,0,0,0,0,1,0,0,0,3,0.0,1.0,1,0.0,0.0,0.0,0.0,0.0,0.0,0.0,0.0,1.0,0.0,0.0,0.0,0.0,0,0,0,0,0,0,0,0.0,0,1,33.33,0,0.0,0,0,0,1,0,0,0,3,0,0,0,1.0,True
200,Integer_overflow_1,/home/motafeq/projects/chainguardian-ai/data/vulnerable_complex/trail_of_bits/integer_overflow/integer_overflow_1.sol,vulnerable_complex,vulnerable_complex,comprehensive,success,False,False,False,False,False,False,False,False,False,False,False,False,False,False,False,False,False,False,False,False,False,False,False,0,0,0,3,1,0,0,0,0,0,0,1,1.0,3,0,0,0.0,0,0,0,0,0,0.0,0.0,0.0,3.0,1.5,False,0,0,1.0,False,0,0,0,0,0,2,0.5,0,0,0,6,0,1,0,1,0,3,1,1,4,1,0,2,0,1,2,2,0,0,0,0,0,0,1,4,0,0,0,2,0,0,0,0.333,4,3,2,0,1,0,0,0,0,0,0,2,3,0.67,1.0,1,0.0,0.0,0.0,0.0,0.0,0.0,0.0,0.0,0.667,0.0,0.0,0.667,0.0,0,0,0,0,0,0,0,0.0,0,1,33.33,0,0.0,0,0,0,1,0,0,0,3,0,0,0,1.0,True
201,Auction,/home/motafeq/projects/chainguardian-ai/data/vulnerable_complex/trail_of_bits/denial_of_service/auction.sol,vulnerable_complex,vulnerable_complex,comprehensive,success,False,False,False,False,False,False,False,False,False,False,False,False,False,False,False,False,False,False,False,False,False,False,False,0,0,0,1,2,0,0,1,0,1,0,3,3.0,3,0,0,0.0,0,0,0,0,0,0.0,0.0,0.0,9.0,4.5,False,1,0,0.0,False,0,0,1,0,0,5,1.0,0,0,0,7,0,1,1,1,0,1,1,1,2,1,0,0,1,2,0,0,0,0,0,0,0,0,2,2,0,0,1,0,1,0,0,0.0,2,1,1,0,0,0,0,0,0,0,0,2,2,2.0,2.0,2,0.0,0.0,0.0,0.0,0.0,0.0,0.0,0.0,1.0,0.0,1.0,1.0,1.0,0,0,0,0,0,0,0,0.0,0,0,100.0,0,0.0,0,0,0,3,0,0,0,1,0,0,0,1.0,True
202,Incorrect_constructor,/home/motafeq/projects/chainguardian-ai/data/vulnerable_complex/trail_of_bits/wrong_constructor_name/incorrect_constructor.sol,vulnerable_complex,vulnerable_complex,comprehensive,success,False,False,False,False,False,False,False,False,False,False,False,False,False,False,False,False,False,False,False,False,False,False,False,0,0,0,2,1,1,0,1,0,0,0,1,1.0,2,0,0,0.0,0,0,0,0,0,0.0,0.0,0.0,3.0,1.5,False,0,0,1.0,False,0,0,0,0,0,2,0.6,0,0,0,5,0,1,1,2,0,3,2,1,4,1,0,0,1,1,0,0,0,0,0,0,1,0,1,0,0,1,0,0,1,0,0,0.0,0,2,2,0,0,0,0,0,0,0,0,1,1,0.5,0.5,1,0.0,0.0,0.0,0.0,0.0,0.0,0.0,0.0,1.0,0.0,0.0,1.0,0.5,0,0,0,0,0,0,0,0.0,0,1,50.0,0,0.0,0,0,0,1,0,0,0,2,0,0,0,1.0,True
203,ReentrancyExploit,/home/motafeq/projects/chainguardian-ai/data/vulnerable_complex/trail_of_bits/reentrancy/ReentrancyExploit.sol,vulnerable_complex,vulnerable_complex,comprehensive,success,False,False,False,False,False,False,False,False,False,False,False,False,False,False,False,False,False,False,False,False,False,False,False,0,0,0,6,3,0,0,4,3,2,0,3,1.0,8,0,0,0.0,0,0,0,0,0,0.0,0.0,0.0,7.0,3.5,False,0,3,1.0,False,0,3,0,0,0,3,0.69,0,0,0,16,0,1,4,7,0,5,2,3,9,1,2,1,4,3,1,1,1,0,0,3,0,0,4,0,0,0,0,1,3,0,0,0.111,0,6,5,0,1,0,0,0,1,0,0,5,5,0.83,0.83,1,0.0,0.0,0.0,0.0,0.0,0.0,0.0,0.0,0.833,0.0,0.333,1.0,0.667,0,0,0,0,0,0,0,2.0,0,1,16.67,0,0.0,0,0,0,3,0,0,0,6,0,0,0,1.0,True
204,Reentrancy,/home/motafeq/projects/chainguardian-ai/data/vulnerable_complex/trail_of_bits/reentrancy/Reentrancy.sol,vulnerable_complex,vulnerable_complex,comprehensive,success,False,False,False,False,False,False,False,False,False,False,False,False,False,False,False,False,False,False,False,False,False,False,False,0,0,0,5,1,0,0,5,2,1,0,3,1.0,9,0,0,0.0,0,0,0,0,0,0.0,0.0,0.0,7.0,3.5,False,2,1,0.3333333333333333,False,0,1,2,0,0,4,0.72,0,3,0,18,0,0,5,0,0,5,0,0,5,0,0,0,5,1,1,0,0,0,0,2,0,0,4,1,2,1,0,0,3,0,0,0.0,1,5,5,0,0,0,1,0,0,0,0,5,4,1.0,0.8,1,0.0,0.0,0.0,0.0,0.0,0.0,0.0,0.0,1.0,0.2,0.2,1.25,1.0,0,0,0,0,0,0,0,2.0,0,1,20.0,0,0.0,0,0,0,3,0,0,0,5,0,0,0,1.0,True
205,Bob,/home/motafeq/projects/chainguardian-ai/data/vulnerable_complex/trail_of_bits/incorrect_interface/Bob.sol,vulnerable_complex,vulnerable_complex,comprehensive,success,False,False,False,False,False,False,False,False,False,False,False,False,False,False,False,False,False,False,False,False,False,False,False,0,0,0,2,0,0,0,2,0,0,0,1,1.0,2,0,0,0.0,0,0,0,0,0,0.0,0.0,0.0,3.0,1.5,False,0,0,1.0,False,0,0,0,0,0,1,0.5,0,0,0,4,0,0,2,0,0,2,0,0,2,0,0,2,0,0,2,0,2,0,2,0,0,0,0,0,0,0,0,2,0,0,2,1.0,0,2,2,0,0,0,0,0,0,0,0,0,0,0.0,0.0,2,0.0,0.0,0.0,0.0,0.0,0.0,0.0,0.0,1.0,0.0,0.0,0.0,1.0,0,0,0,0,0,0,0,0.0,0,1,50.0,0,0.0,0,0,0,1,0,0,0,2,0,0,0,1.0,True
206,Alice,/home/motafeq/projects/chainguardian-ai/data/vulnerable_complex/trail_of_bits/incorrect_interface/Alice.sol,vulnerable_complex,vulnerable_complex,comprehensive,success,False,False,False,False,False,False,False,False,False,False,False,False,False,False,False,False,False,False,False,False,False,False,False,0,0,0,3,1,0,0,0,0,0,0,1,1.0,3,0,0,0.0,0,0,0,0,0,0.0,0.0,0.0,3.0,1.5,False,0,0,1.0,False,0,0,0,0,0,1,0.5,0,0,0,6,0,0,0,0,0,3,0,0,3,0,0,2,0,0,2,2,0,0,0,0,0,0,3,0,0,0,0,2,0,0,0,1.0,0,3,3,0,0,0,0,0,0,0,0,0,3,0.0,1.0,1,0.0,0.0,0.0,0.0,0.0,0.0,0.0,0.0,1.0,0.0,0.0,0.0,0.0,0,0,0,0,0,0,0,0.0,0,1,33.33,0,0.0,0,0,0,1,0,0,0,3,0,0,0,1.0,True
207,Coin,/home/motafeq/projects/chainguardian-ai/data/vulnerable_complex/trail_of_bits/forced_ether_reception/coin.sol,vulnerable_complex,vulnerable_complex,comprehensive,success,False,False,False,False,False,False,False,False,False,False,False,False,False,False,False,False,False,False,False,False,False,False,False,0,0,0,2,1,1,0,0,0,0,0,1,1.0,2,0,0,0.0,0,0,0,0,0,0.0,0.0,0.0,3.0,1.5,False,0,0,1.0,False,0,0,0,0,0,2,0.6,0,0,0,5,0,1,0,1,0,2,1,1,3,1,0,1,0,0,1,1,0,0,0,0,1,0,1,0,0,0,0,1,0,0,0,1.0,0,2,2,0,0,0,0,0,1,0,0,0,2,0.0,1.0,4,0.0,0.0,0.0,0.0,0.0,0.0,0.0,0.0,1.0,0.0,0.0,0.0,0.0,0,0,0,0,0,0,0,0.0,0,1,50.0,0,0.0,0,0,0,1,0,0,0,2,0,0,0,1.0,True
208,Rubixi,/home/motafeq/projects/chainguardian-ai/data/vulnerable_complex/trail_of_bits/wrong_constructor_name/Rubixi_source_code/Rubixi.sol,vulnerable_complex,vulnerable_complex,comprehensive,success,False,False,False,False,False,False,False,False,False,False,False,False,False,False,False,False,False,False,False,False,False,False,False,0,0,0,19,7,1,0,5,0,0,0,8,2.0,44,0,0,0.0,0,0,0,0,0,0.0,0.0,0.0,18.0,9.0,False,4,0,0.0,False,0,1,4,0,1,12,0.87,0,6,0,99,0,2,5,9,0,12,2,6,20,2,1,6,5,7,7,6,3,0,0,0,9,0,18,34,0,0,4,6,4,0,0,0.101,34,19,16,0,1,2,8,0,0,0,1,23,18,1.21,0.95,1,0.0,0.0,0.0,0.0,0.0,0.0,0.0,0.0,0.842,0.421,0.0,1.278,0.263,0,0,0,0,0,0,0,6.0,0,1,5.26,0,0.0,0,0,0,8,0,0,0,19,0,0,0,1.0,True
209,theRun,/home/motafeq/projects/chainguardian-ai/data/vulnerable_complex/trail_of_bits/bad_randomness/theRun_source_code/theRun.sol,vulnerable_complex,vulnerable_complex,comprehensive,success,False,False,False,False,False,False,False,False,False,False,False,False,False,False,False,False,False,False,False,False,False,False,False,0,0,0,19,11,1,0,7,0,0,0,12,2.0,40,0,0,0.0,0,0,0,0,0,0.0,0.0,0.0,26.0,13.0,False,3,0,0.0,False,0,2,3,0,1,18,0.89,0,3,0,97,0,4,7,7,0,14,1,3,21,4,1,3,7,11,5,3,2,0,0,0,6,0,21,43,0,0,6,3,6,0,0,0.039,43,19,14,0,2,3,10,0,1,0,1,27,21,1.42,1.11,1,0.0,0.0,0.0,0.0,0.0,0.0,0.0,0.0,0.737,0.526,0.0,1.286,0.368,0,0,0,0,0,0,0,10.0,1,1,5.26,0,0.0,0,0,0,12,0,0,0,19,0,0,0,1.0,True
210,GiftBox,/home/motafeq/projects/chainguardian-ai/data/vulnerable_complex/trail_of_bits/honeypots/GiftBox/GiftBox.sol,vulnerable_complex,vulnerable_complex,comprehensive,success,False,False,False,False,False,False,False,False,False,False,False,False,False,False,False,False,False,False,False,False,False,False,False,0,0,0,8,4,0,0,2,0,4,0,3,2.0,18,0,0,0.0,0,0,0,0,0,0.0,0.0,0.0,8.0,4.0,False,1,0,0.0,False,0,0,1,0,0,3,0.85,0,2,0,27,0,1,2,4,0,7,2,2,10,1,0,4,2,4,5,3,1,0,0,0,0,0,6,10,1,2,0,4,2,0,0,0.214,10,8,6,1,1,0,1,0,0,0,0,8,6,1.0,0.75,1,0.0,0.0,0.0,0.0,0.0,0.0,0.0,0.125,0.75,0.125,0.5,1.333,0.25,0,0,0,0,0,0,0,1.0,0,1,12.5,0,0.0,0,0,0,3,0,0,0,8,0,0,0,1.0,True
211,VarLoop,/home/motafeq/projects/chainguardian-ai/data/vulnerable_complex/trail_of_bits/honeypots/VarLoop/VarLoop.sol,vulnerable_complex,vulnerable_complex,comprehensive,success,False,False,False,False,False,False,False,False,False,False,False,False,False,False,False,False,False,False,False,False,False,False,False,0,0,0,4,1,0,0,2,0,3,0,10,3.0,13,0,0,0.0,0,0,0,0,0,0.0,0.0,0.0,23.0,11.5,False,0,0,1.0,False,0,0,0,0,1,12,1.0,0,0,0,23,0,1,2,2,0,5,2,1,6,1,0,0,2,1,0,0,0,0,0,0,0,0,6,6,0,2,0,0,2,0,0,0.0,6,4,3,0,1,0,0,0,0,0,0,1,1,0.25,0.25,1,0.0,0.0,0.0,0.0,0.0,0.0,0.0,0.0,0.75,0.0,0.75,1.0,0.5,0,0,0,0,0,0,0,7.0,0,0,25.0,0,0.0,0,0,0,10,0,0,0,4,0,0,0,1.0,True
212,PrivateBank,/home/motafeq/projects/chainguardian-ai/data/vulnerable_complex/trail_of_bits/honeypots/PrivateBank/PrivateBank.sol,vulnerable_complex,vulnerable_complex,comprehensive,success,False,False,False,False,False,False,False,False,False,False,False,False,False,False,False,False,False,False,False,False,False,False,False,0,0,0,5,3,0,0,4,1,2,0,5,2.0,11,0,0,0.0,0,0,0,0,0,0.0,0.0,0.0,12.0,6.0,False,1,1,0.5,False,0,1,1,0,0,4,0.88,0,0,0,16,0,0,4,0,0,5,0,0,5,0,0,2,4,3,2,2,1,0,2,1,0,0,1,4,0,0,0,1,1,0,2,0.071,4,5,4,0,1,0,0,0,1,0,0,5,4,1.0,0.8,2,0.0,0.0,0.0,0.0,0.0,0.0,0.0,0.0,0.8,0.0,0.4,1.25,0.8,0,0,0,0,0,0,0,3.0,0,1,20.0,0,0.0,0,0,0,5,0,0,0,5,0,0,0,1.0,True
213,KOTH,/home/motafeq/projects/chainguardian-ai/data/vulnerable_complex/trail_of_bits/honeypots/KOTH/KOTH.sol,vulnerable_complex,vulnerable_complex,comprehensive,success,False,False,False,False,False,False,False,False,False,False,False,False,False,False,False,False,False,False,False,False,False,False,False,0,0,0,1,1,1,0,0,0,0,0,1,1.0,1,0,0,0.0,0,0,0,0,0,0.0,0.0,0.0,3.0,1.5,False,0,0,1.0,False,0,0,0,0,0,1,0.5,0,0,0,2,0,0,0,0,0,1,0,0,1,0,0,0,0,0,0,0,0,0,0,0,0,0,0,0,0,0,0,0,0,0,0,0.0,0,1,1,0,0,0,0,0,1,0,0,0,1,0.0,1.0,2,0.0,0.0,0.0,0.0,0.0,0.0,0.0,0.0,1.0,0.0,0.0,0.0,0.0,0,0,0,0,0,0,0,0.0,0,1,100.0,0,0.0,0,0,0,1,0,0,0,1,0,0,0,1.0,True
214,Multiplicator,/home/motafeq/projects/chainguardian-ai/data/vulnerable_complex/trail_of_bits/honeypots/Multiplicator/Multiplicator.sol,vulnerable_complex,vulnerable_complex,comprehensive,success,False,False,False,False,False,False,False,False,False,False,False,False,False,False,False,False,False,False,False,False,False,False,False,0,0,0,4,1,0,0,2,0,3,0,3,1.0,6,0,0,0.0,0,0,0,0,0,0.0,0.0,0.0,7.0,3.5,False,0,0,1.0,False,0,0,0,0,0,2,0.67,0,0,0,9,0,1,2,3,0,4,2,2,6,1,0,1,2,1,1,0,1,0,0,0,0,0,1,3,0,2,0,1,2,0,0,0.091,3,4,3,0,1,0,0,0,0,0,0,1,1,0.25,0.25,1,0.0,0.0,0.0,0.0,0.0,0.0,0.0,0.0,0.75,0.0,0.75,1.0,0.5,0,0,0,0,0,0,0,2.0,0,1,25.0,0,0.0,0,0,0,3,0,0,0,4,0,0,0,1.0,True
215,Lottery,/home/motafeq/projects/chainguardian-ai/data/vulnerable_complex/trail_of_bits/honeypots/Lottery/Lottery.sol,vulnerable_complex,vulnerable_complex,comprehensive,success,False,False,False,False,False,False,False,False,False,False,False,False,False,False,False,False,False,False,False,False,False,False,False,0,0,0,8,5,0,0,1,0,2,0,9,2.0,18,0,0,0.0,0,0,0,0,0,0.0,0.0,0.0,20.0,10.0,False,0,1,1.0,False,0,1,0,0,0,9,0.9,0,1,0,40,0,3,1,13,0,6,4,3,13,3,2,1,1,5,2,1,0,0,0,0,4,0,10,15,0,1,0,1,1,0,0,0.017,15,8,6,0,2,0,1,0,1,0,1,7,5,0.88,0.62,1,0.0,0.0,0.0,0.0,0.0,0.0,0.0,0.0,0.75,0.125,0.25,1.4,0.125,0,0,0,0,0,0,0,7.0,0,1,12.5,0,0.0,0,0,0,9,0,0,0,8,0,0,0,1.0,True
216,SpankChain_Payment,/home/motafeq/projects/chainguardian-ai/data/vulnerable_complex/trail_of_bits/reentrancy/SpankChain_source_code/SpankChain_Payment.sol,vulnerable_complex,vulnerable_complex,comprehensive,success,False,False,False,False,False,False,False,False,False,False,False,False,False,False,False,False,False,False,False,False,False,False,False,0,0,0,5,1,0,2,0,0,0,0,1,1.0,5,0,0,0.0,0,0,0,0,0,0.0,0.0,0.0,3.0,1.5,False,0,0,1.0,False,0,0,0,0,0,0,0.0,0,0,0,0,0,0,0,0,0,5,0,0,5,0,0,0,0,0,5,0,0,0,0,0,0,0,0,0,0,0,0,7,0,0,0,0.0,0,5,5,0,0,0,2,0,0,0,0,0,0,0.0,0.0,5,0.0,0.0,0.0,0.0,0.0,0.0,0.0,0.0,1.0,0.4,0.0,0.0,0.0,0,0,0,0,0,0,0,0.0,0,1,20.0,0,0.0,0,0,0,1,0,0,0,5,0,0,0,1.0,True
217,KingOfTheEtherThrone,/home/motafeq/projects/chainguardian-ai/data/vulnerable_complex/trail_of_bits/unchecked_external_call/KotET_source_code/KingOfTheEtherThrone.sol,vulnerable_complex,vulnerable_complex,comprehensive,success,False,False,False,False,False,False,False,False,False,False,False,False,False,False,False,False,False,False,False,False,False,False,False,0,0,0,7,9,1,1,5,0,0,0,21,3.0,27,0,0,0.0,0,0,0,0,0,0.0,0.0,0.0,45.0,22.5,False,1,0,0.0,False,0,0,1,0,0,21,1.03,0,2,0,61,0,1,5,3,0,5,1,2,8,1,0,3,4,9,3,2,2,0,0,0,3,0,24,30,0,0,4,3,4,0,0,0.05,30,7,6,0,1,0,1,0,1,0,1,12,12,1.71,1.71,1,0.0,0.0,0.0,0.0,0.0,0.0,0.0,0.0,0.857,0.143,0.0,1.0,0.714,0,0,0,0,0,0,0,18.0,1,0,14.29,0,0.0,0,0,0,21,0,0,0,7,0,0,0,1.0,True
218,interfaces_IERC3156FlashBorrower,/home/motafeq/projects/chainguardian-ai/data/safe_contracts/openzeppelin_all/interfaces_IERC3156FlashBorrower.sol,safe_contracts,safe_contracts,comprehensive,success,False,False,False,False,False,False,False,False,False,False,False,False,False,False,False,False,False,False,False,False,False,False,False,0,0,0,1,0,0,0,0,0,0,0,1,1.0,1,0,0,0.0,0,0,0,0,0,0.0,0.0,0.0,3.0,1.5,False,0,0,1.0,False,0,0,0,0,0,0,0.0,0,0,0,0,0,0,0,0,0,1,0,0,1,0,0,0,0,0,1,0,0,0,0,0,0,0,0,0,0,0,0,5,0,0,0,0.0,0,1,0,1,0,0,0,0,0,0,0,0,0,0.0,0.0,1,0.0,0.0,0.0,0.0,0.0,0.0,0.0,1.0,0.0,0.0,0.0,0.0,0.0,0,0,0,0,0,0,0,0.0,0,1,100.0,0,0.0,0,0,0,1,0,0,0,1,0,0,0,1.0,False
219,mocks_EtherReceiverMock,/home/motafeq/projects/chainguardian-ai/data/safe_contracts/openzeppelin_all/mocks_EtherReceiverMock.sol,safe_contracts,safe_contracts,comprehensive,success,False,False,False,False,False,False,False,False,False,False,False,False,False,False,False,False,False,False,False,False,False,False,False,0,0,0,2,1,0,0,0,0,1,0,3,2.0,4,0,0,0.0,0,0,0,0,0,0.0,0.0,0.0,8.0,4.0,False,0,0,1.0,False,0,0,0,0,0,2,0.83,0,0,0,6,0,1,0,1,0,2,1,1,3,1,0,1,0,1,1,1,0,0,0,0,0,0,1,0,1,0,0,1,0,0,0,0.5,0,2,1,1,0,0,0,0,0,0,0,1,1,0.5,0.5,1,0.0,0.0,0.0,0.0,0.0,0.0,0.0,0.5,0.5,0.0,0.5,1.0,0.0,0,0,0,0,0,0,0,1.0,0,1,50.0,0,0.0,0,0,0,3,0,0,0,2,0,0,0,1.0,False
220,proxy_utils_Initializable,/home/motafeq/projects/chainguardian-ai/data/safe_contracts/openzeppelin_all/proxy_utils_Initializable.sol,safe_contracts,safe_contracts,comprehensive,success,False,False,False,False,False,False,False,False,False,False,False,False,False,False,False,False,False,False,False,False,False,False,False,0,0,0,7,1,3,1,0,0,0,0,5,1.0,13,0,0,0.0,0,0,0,0,0,0.0,0.0,0.0,11.0,5.5,False,0,0,1.0,False,0,0,0,0,0,6,0.84,0,3,0,25,0,0,0,7,0,4,2,3,9,3,1,0,0,1,0,0,0,0,0,0,1,0,6,1,0,0,0,0,0,0,0,0.0,1,7,0,0,6,1,5,2,0,0,1,1,1,0.14,0.14,1,0.0,0.0,0.0,0.0,0.0,0.0,0.0,0.0,0.0,0.714,0.0,1.0,0.0,0,0,0,0,0,0,0,4.0,0,1,14.29,0,0.0,0,0,0,5,0,0,0,7,0,0,0,1.0,False
221,interfaces_IERC2309,/home/motafeq/projects/chainguardian-ai/data/safe_contracts/openzeppelin_all/interfaces_IERC2309.sol,safe_contracts,safe_contracts,comprehensive,success,False,False,False,False,False,False,False,False,False,False,False,False,False,False,False,False,False,False,False,False,False,False,False,0,0,0,0,0,0,1,0,0,0,0,0,0.0,0,0,0,0.0,0,0,0,0,0,0.0,0.0,0.0,0.0,0.0,False,0,0,1.0,False,0,0,0,0,0,0,0.0,0,0,0,0,0,0,0,0,0,0,0,0,0,0,0,0,0,0,0,0,0,0,0,0,0,0,0,0,0,0,0,0,0,0,0,0.0,0,0,0,0,0,0,0,0,0,0,0,0,0,0.0,0.0,1,0.0,0.0,0.0,0.0,0.0,0.0,0.0,0.0,0.0,0.0,0.0,0.0,0.0,0,0,0,0,0,0,0,0.0,0,1,100.0,0,0.0,0,0,0,0,0,0,0,1,0,0,0,1.0,False
222,utils_Blockhash,/home/motafeq/projects/chainguardian-ai/data/safe_contracts/openzeppelin_all/utils_Blockhash.sol,safe_contracts,safe_contracts,comprehensive,success,False,False,False,False,False,False,False,False,False,False,False,False,False,False,False,False,False,False,False,False,False,False,False,0,0,0,3,1,0,0,0,0,0,0,2,1.0,4,0,0,0.0,0,0,0,0,0,0.0,0.0,0.0,5.0,2.5,False,0,0,1.0,False,0,0,0,0,0,6,0.8,0,2,0,15,0,0,0,7,0,7,5,1,9,2,0,0,0,1,2,0,0,0,0,0,0,0,1,0,0,0,0,0,0,0,0,0.0,0,3,0,0,2,1,2,0,0,0,0,1,1,0.33,0.33,1,0.0,0.0,0.0,0.0,0.0,0.0,0.0,0.0,0.0,0.667,0.0,1.0,0.0,0,0,0,0,0,0,0,1.0,0,1,33.33,0,0.0,0,0,0,2,0,0,0,3,0,0,0,1.0,False
223,utils_introspection_IERC165,/home/motafeq/projects/chainguardian-ai/data/safe_contracts/openzeppelin_all/utils_introspection_IERC165.sol,safe_contracts,safe_contracts,comprehensive,success,False,False,False,False,False,False,False,False,False,False,False,False,False,False,False,False,False,False,False,False,False,False,False,0,0,0,1,0,0,0,0,0,0,0,1,1.0,1,0,0,0.0,0,0,0,0,0,0.0,0.0,0.0,3.0,1.5,False,0,0,1.0,False,0,0,0,0,0,0,0.0,0,0,0,0,0,0,0,0,0,1,0,0,1,0,0,0,0,0,1,0,0,0,0,0,0,0,0,0,0,0,0,0,0,0,0,0.0,0,1,0,1,0,0,1,0,0,0,0,0,0,0.0,0.0,1,0.0,0.0,0.0,0.0,0.0,0.0,0.0,1.0,0.0,1.0,0.0,0.0,0.0,0,0,0,0,0,0,0,0.0,0,1,100.0,0,0.0,0,0,0,1,0,0,0,1,0,0,0,1.0,False
224,utils_Panic,/home/motafeq/projects/chainguardian-ai/data/safe_contracts/openzeppelin_all/utils_Panic.sol,safe_contracts,safe_contracts,comprehensive,success,False,False,False,False,False,False,False,False,False,False,False,False,False,False,False,False,False,False,False,False,False,False,False,0,0,0,2,10,0,0,0,0,0,0,1,1.0,2,0,0,0.0,0,0,0,0,0,0.0,0.0,0.0,3.0,1.5,False,0,0,1.0,False,0,0,0,0,0,9,0.88,0,0,0,16,0,0,0,2,0,3,2,1,4,1,0,0,0,0,1,0,0,0,0,0,0,0,10,0,0,0,0,0,0,0,0,0.0,0,2,0,0,2,0,1,1,0,0,0,0,10,0.0,5.0,1,0.0,0.0,0.0,0.0,0.0,0.0,0.0,0.0,0.0,0.5,0.0,0.0,0.0,0,0,0,0,0,0,0,0.0,0,1,50.0,0,0.0,0,0,0,1,0,0,0,2,0,0,0,1.0,False
225,access_IAccessControl,/home/motafeq/projects/chainguardian-ai/data/safe_contracts/openzeppelin_all/access_IAccessControl.sol,safe_contracts,safe_contracts,comprehensive,success,False,False,False,False,False,False,False,False,False,False,False,False,False,False,False,False,False,False,False,False,False,False,False,0,0,0,5,0,0,3,0,0,0,0,1,1.0,5,0,0,0.0,0,0,0,0,0,0.0,0.0,0.0,3.0,1.5,False,0,0,1.0,False,0,0,0,0,0,0,0.0,0,0,0,0,0,0,0,0,0,5,0,0,5,0,0,0,0,0,5,0,0,0,0,0,0,0,0,0,0,0,0,6,0,0,0,0.0,0,5,0,5,0,0,2,0,0,0,0,0,0,0.0,0.0,1,0.0,0.0,0.0,0.0,0.0,0.0,0.0,1.0,0.0,0.4,0.0,0.0,0.0,0,0,0,0,0,0,0,0.0,0,1,20.0,0,0.0,0,0,0,1,0,0,0,5,0,0,0,1.0,False
226,access_manager_IAccessManager,/home/motafeq/projects/chainguardian-ai/data/safe_contracts/openzeppelin_all/access_manager_IAccessManager.sol,safe_contracts,safe_contracts,comprehensive,success,False,False,False,False,False,False,False,False,False,False,False,False,False,False,False,False,False,False,False,False,False,False,False,0,0,0,29,0,0,12,0,0,1,0,1,1.0,29,0,0,0.0,0,0,0,0,0,0.0,0.0,0.0,3.0,1.5,False,0,0,1.0,False,0,0,0,0,0,0,0.0,0,0,0,0,0,0,0,0,0,29,0,0,29,0,0,0,0,0,27,0,0,0,0,0,0,0,0,0,0,0,0,34,0,0,0,0.0,0,29,0,29,0,0,14,0,0,0,0,0,0,0.0,0.0,1,0.0,0.0,0.0,0.0,0.0,0.0,0.0,1.0,0.0,0.483,0.034,0.0,0.0,0,0,0,0,0,0,0,0.0,0,1,3.45,0,0.0,0,0,0,1,0,0,0,29,0,0,0,1.0,False
227,utils_LowLevelCall,/home/motafeq/projects/chainguardian-ai/data/safe_contracts/openzeppelin_all/utils_LowLevelCall.sol,safe_contracts,safe_contracts,comprehensive,success,False,False,False,False,False,False,False,False,False,False,False,False,False,False,False,False,False,False,False,False,False,False,False,0,0,0,12,0,0,0,0,0,0,0,1,1.0,12,0,0,0.0,0,0,0,0,0,0.0,0.0,0.0,3.0,1.5,False,0,0,1.0,False,0,0,0,0,0,6,0.79,0,2,0,56,0,0,0,31,2,9,4,8,18,0,3,0,0,0,9,0,0,0,0,0,2,0,8,4,0,0,0,14,0,0,0,0.438,4,12,0,0,12,0,6,4,0,0,0,0,0,0.0,0.0,1,0.0,0.0,0.0,0.0,0.0,0.0,0.0,0.0,0.0,0.5,0.0,0.0,0.0,0,0,0,0,0,0,0,0.0,0,1,8.33,0,0.0,2,0,0,1,0,0,0,12,0,0,0,1.0,False
228,interfaces_IERC777Recipient,/home/motafeq/projects/chainguardian-ai/data/safe_contracts/openzeppelin_all/interfaces_IERC777Recipient.sol,safe_contracts,safe_contracts,comprehensive,success,False,False,False,False,False,False,False,False,False,False,False,False,False,False,False,False,False,False,False,False,False,False,False,0,0,0,1,0,0,0,0,0,0,0,1,1.0,1,0,0,0.0,0,0,0,0,0,0.0,0.0,0.0,3.0,1.5,False,0,0,1.0,False,0,0,0,0,0,0,0.0,0,0,0,0,0,0,0,0,0,1,0,0,1,0,0,0,0,0,1,0,0,0,0,0,0,0,0,0,0,0,0,6,0,0,0,0.0,0,1,0,1,0,0,0,0,0,0,0,0,0,0.0,0.0,1,0.0,0.0,0.0,0.0,0.0,0.0,0.0,1.0,0.0,0.0,0.0,0.0,0.0,0,0,0,0,0,0,0,0.0,0,1,100.0,0,0.0,0,0,0,1,0,0,0,1,0,0,0,1.0,False
229,utils_StorageSlot,/home/motafeq/projects/chainguardian-ai/data/safe_contracts/openzeppelin_all/utils_StorageSlot.sol,safe_contracts,safe_contracts,comprehensive,success,False,False,False,False,False,False,False,False,False,False,False,False,False,False,False,False,False,False,False,False,False,False,False,0,0,0,9,0,0,0,0,0,0,0,1,1.0,9,0,0,0.0,0,0,0,0,0,0.0,0.0,0.0,3.0,1.5,False,0,0,1.0,False,0,0,0,0,0,3,0.75,0,0,0,36,0,0,0,0,0,7,0,0,7,0,0,0,0,0,9,0,0,0,0,0,0,0,0,0,0,0,0,0,0,0,0,0.0,0,9,0,0,9,0,9,9,0,0,7,0,0,0.0,0.0,1,0.0,0.0,0.0,0.0,0.0,0.0,0.0,0.0,0.0,1.0,0.0,0.0,0.0,0,0,0,0,0,0,0,0.0,0,1,11.11,0,0.0,0,0,0,1,0,0,0,9,0,0,0,1.0,False
230,governance_utils_IVotes,/home/motafeq/projects/chainguardian-ai/data/safe_contracts/openzeppelin_all/governance_utils_IVotes.sol,safe_contracts,safe_contracts,comprehensive,success,False,False,False,False,False,False,False,False,False,False,False,False,False,False,False,False,False,False,False,False,False,False,False,0,0,0,6,0,0,2,0,0,0,0,1,1.0,6,0,0,0.0,0,0,0,0,0,0.0,0.0,0.0,3.0,1.5,False,0,0,1.0,False,0,0,0,0,0,0,0.0,0,0,0,0,0,0,0,0,0,6,0,0,6,0,0,0,0,0,6,0,0,0,0,0,0,0,0,0,0,0,0,7,0,0,0,0.0,0,6,0,6,0,0,4,0,0,0,0,0,0,0.0,0.0,1,0.0,0.0,0.0,0.0,0.0,0.0,0.0,1.0,0.0,0.667,0.0,0.0,0.0,0,0,0,0,0,0,0,0.0,0,1,16.67,0,0.0,0,0,0,1,0,0,0,6,0,0,0,1.0,False
231,account_utils_EIP7702Utils,/home/motafeq/projects/chainguardian-ai/data/safe_contracts/openzeppelin_all/account_utils_EIP7702Utils.sol,safe_contracts,safe_contracts,comprehensive,success,False,False,False,False,False,False,False,False,False,False,False,False,False,False,False,False,False,False,False,False,False,False,False,0,0,0,2,1,0,0,0,0,0,0,2,1.0,3,0,0,0.0,0,0,0,0,0,0.0,0.0,0.0,5.0,2.5,False,0,0,1.0,False,0,0,0,0,0,3,0.67,0,2,0,6,0,0,0,1,0,2,1,1,3,1,0,0,0,1,1,0,0,0,0,0,0,0,1,0,0,0,0,0,0,0,0,0.0,0,2,0,0,2,0,1,0,0,0,0,1,1,0.5,0.5,1,0.0,0.0,0.0,0.0,0.0,0.0,0.0,0.0,0.0,0.5,0.0,1.0,0.0,0,0,0,0,0,0,0,1.0,0,1,50.0,0,0.0,0,0,0,2,0,0,0,2,0,0,0,1.0,False
232,proxy_Proxy,/home/motafeq/projects/chainguardian-ai/data/safe_contracts/openzeppelin_all/proxy_Proxy.sol,safe_contracts,safe_contracts,comprehensive,success,False,False,False,False,False,False,False,False,False,False,False,False,False,False,False,False,False,False,False,False,False,False,False,0,0,0,4,0,0,0,0,0,1,0,3,1.0,6,0,0,0.0,0,0,0,0,0,0.0,0.0,0.0,7.0,3.5,False,0,0,1.0,False,0,0,0,0,0,11,0.88,0,0,0,17,0,3,0,11,0,9,8,1,12,3,0,0,0,0,1,0,0,0,0,0,3,0,2,1,0,0,0,1,0,0,0,0.056,1,4,0,1,3,0,1,0,0,0,0,0,0,0.0,0.0,1,0.0,0.0,0.0,0.0,0.0,0.0,0.0,0.25,0.0,0.25,0.25,0.0,0.0,0,0,0,0,0,0,0,2.0,0,1,25.0,0,0.0,0,0,0,3,0,0,0,4,0,0,0,1.0,False
233,interfaces_draft-IERC7821,/home/motafeq/projects/chainguardian-ai/data/safe_contracts/openzeppelin_all/interfaces_draft-IERC7821.sol,safe_contracts,safe_contracts,comprehensive,success,False,False,False,False,False,False,False,False,False,False,False,False,False,False,False,False,False,False,False,False,False,False,False,0,0,0,2,0,0,0,0,0,1,0,1,1.0,2,0,0,0.0,0,0,0,0,0,0.0,0.0,0.0,3.0,1.5,False,0,0,1.0,False,0,0,0,0,0,0,0.0,0,0,0,0,0,0,0,0,0,2,0,0,2,0,0,0,0,0,2,0,0,0,0,0,0,0,0,0,0,0,0,2,0,0,0,0.0,0,2,0,2,0,0,1,0,0,0,0,0,0,0.0,0.0,1,0.0,0.0,0.0,0.0,0.0,0.0,0.0,1.0,0.0,0.5,0.5,0.0,0.0,0,0,0,0,0,0,0,0.0,0,1,50.0,0,0.0,0,0,0,1,0,0,0,2,0,0,0,1.0,False
234,utils_Errors,/home/motafeq/projects/chainguardian-ai/data/safe_contracts/openzeppelin_all/utils_Errors.sol,safe_contracts,safe_contracts,comprehensive,success,False,False,False,False,False,False,False,False,False,False,False,False,False,False,False,False,False,False,False,False,False,False,False,0,0,0,0,0,0,0,0,0,0,0,0,0.0,0,0,0,0.0,0,0,0,0,0,0.0,0.0,0.0,0.0,0.0,False,0,0,1.0,False,0,0,0,0,0,0,0.0,0,0,0,0,0,0,0,0,0,0,0,0,0,0,0,0,0,0,0,0,0,0,0,0,0,0,0,0,0,0,0,0,0,0,0,0.0,0,0,0,0,0,0,0,0,0,0,0,0,0,0.0,0.0,1,0.0,0.0,0.0,0.0,0.0,0.0,0.0,0.0,0.0,0.0,0.0,0.0,0.0,0,0,0,0,0,0,0,0.0,0,1,100.0,0,0.0,0,0,0,0,0,0,0,1,0,0,0,1.0,False
235,interfaces_IERC5267,/home/motafeq/projects/chainguardian-ai/data/safe_contracts/openzeppelin_all/interfaces_IERC5267.sol,safe_contracts,safe_contracts,comprehensive,success,False,False,False,False,False,False,False,False,False,False,False,False,False,False,False,False,False,False,False,False,False,False,False,0,0,0,1,0,0,1,0,0,0,0,1,1.0,1,0,0,0.0,0,0,0,0,0,0.0,0.0,0.0,3.0,1.5,False,0,0,1.0,False,0,0,0,0,0,0,0.0,0,0,0,0,0,0,0,0,0,1,0,0,1,0,0,0,0,0,0,0,0,0,0,0,0,0,0,0,0,0,0,0,0,0,0,0.0,0,1,0,1,0,0,1,0,0,0,0,0,0,0.0,0.0,1,0.0,0.0,0.0,0.0,0.0,0.0,0.0,1.0,0.0,1.0,0.0,0.0,0.0,0,0,0,0,0,0,0,0.0,0,1,100.0,0,0.0,0,0,0,1,0,0,0,1,0,0,0,1.0,False
236,proxy_beacon_IBeacon,/home/motafeq/projects/chainguardian-ai/data/safe_contracts/openzeppelin_all/proxy_beacon_IBeacon.sol,safe_contracts,safe_contracts,comprehensive,success,False,False,False,False,False,False,False,False,False,False,False,False,False,False,False,False,False,False,False,False,False,False,False,0,0,0,1,0,0,0,0,0,0,0,1,1.0,1,0,0,0.0,0,0,0,0,0,0.0,0.0,0.0,3.0,1.5,False,0,0,1.0,False,0,0,0,0,0,0,0.0,0,0,0,0,0,0,0,0,0,1,0,0,1,0,0,0,0,0,0,0,0,0,0,0,0,0,0,0,0,0,0,0,0,0,0,0.0,0,1,0,1,0,0,1,0,0,0,0,0,0,0.0,0.0,1,0.0,0.0,0.0,0.0,0.0,0.0,0.0,1.0,0.0,1.0,0.0,0.0,0.0,0,0,0,0,0,0,0,0.0,0,1,100.0,0,0.0,0,0,0,1,0,0,0,1,0,0,0,1.0,False
237,token_ERC721_IERC721Receiver,/home/motafeq/projects/chainguardian-ai/data/safe_contracts/openzeppelin_all/token_ERC721_IERC721Receiver.sol,safe_contracts,safe_contracts,comprehensive,success,False,False,False,False,False,False,False,False,False,False,False,False,False,False,False,False,False,False,False,False,False,False,False,0,0,0,1,0,0,0,0,0,0,0,1,1.0,1,0,0,0.0,0,0,0,0,0,0.0,0.0,0.0,3.0,1.5,False,0,0,1.0,False,0,0,0,0,0,0,0.0,0,0,0,0,0,0,0,0,0,1,0,0,1,0,0,0,0,0,1,0,0,0,0,0,0,0,0,0,0,0,0,4,0,0,0,0.0,0,1,0,1,0,0,0,0,0,0,0,0,0,0.0,0.0,1,0.0,0.0,0.0,0.0,0.0,0.0,0.0,1.0,0.0,0.0,0.0,0.0,0.0,0,0,0,0,0,0,0,0.0,0,1,100.0,0,0.0,0,0,0,1,0,0,0,1,0,0,0,1.0,False
238,utils_Comparators,/home/motafeq/projects/chainguardian-ai/data/safe_contracts/openzeppelin_all/utils_Comparators.sol,safe_contracts,safe_contracts,comprehensive,success,False,False,False,False,False,False,False,False,False,False,False,False,False,False,False,False,False,False,False,False,False,False,False,0,0,0,2,0,0,0,0,0,0,0,1,1.0,2,0,0,0.0,0,0,0,0,0,0.0,0.0,0.0,3.0,1.5,False,0,0,1.0,False,0,0,0,0,0,1,0.5,0,2,0,4,0,0,0,0,0,2,0,0,2,0,0,0,0,0,2,0,0,0,0,0,0,0,0,0,0,0,0,0,0,0,0,0.0,0,2,0,0,2,0,2,2,0,0,0,0,0,0.0,0.0,1,0.0,0.0,0.0,0.0,0.0,0.0,0.0,0.0,0.0,1.0,0.0,0.0,0.0,0,0,0,0,0,0,0,0.0,0,1,50.0,0,0.0,0,0,0,1,0,0,0,2,0,0,0,1.0,False
239,mocks_proxy_BadBeacon,/home/motafeq/projects/chainguardian-ai/data/safe_contracts/openzeppelin_all/mocks_proxy_BadBeacon.sol,safe_contracts,safe_contracts,comprehensive,success,False,False,False,False,False,False,False,False,False,False,False,False,False,False,False,False,False,False,False,False,False,False,False,0,0,0,0,0,0,0,0,0,0,0,0,0.0,0,0,0,0.0,0,0,0,0,0,0.0,0.0,0.0,0.0,0.0,False,0,0,1.0,False,0,0,0,0,0,0,0.0,0,0,0,0,0,0,0,0,0,0,0,0,0,0,0,0,0,0,0,0,0,0,0,0,0,0,0,0,0,0,0,0,0,0,0,0.0,0,0,0,0,0,0,0,0,0,0,0,0,0,0.0,0.0,2,0.0,0.0,0.0,0.0,0.0,0.0,0.0,0.0,0.0,0.0,0.0,0.0,0.0,0,0,0,0,0,0,0,0.0,0,1,100.0,0,0.0,0,0,0,0,0,0,0,1,0,0,0,1.0,False
240,mocks_token_ERC20ExcessDecimalsMock,/home/motafeq/projects/chainguardian-ai/data/safe_contracts/openzeppelin_all/mocks_token_ERC20ExcessDecimalsMock.sol,safe_contracts,safe_contracts,comprehensive,success,False,False,False,False,False,False,False,False,False,False,False,False,False,False,False,False,False,False,False,False,False,False,False,0,0,0,1,0,0,0,0,0,0,0,1,1.0,1,0,0,0.0,0,0,0,0,0,0.0,0.0,0.0,3.0,1.5,False,0,0,1.0,False,0,0,0,0,0,1,0.5,0,1,0,2,0,0,0,0,0,1,0,0,1,0,0,0,0,0,0,0,0,0,0,0,0,0,0,0,0,0,0,0,0,0,0,0.0,0,1,1,0,0,0,1,1,0,0,0,0,0,0.0,0.0,1,0.0,0.0,0.0,0.0,0.0,0.0,0.0,0.0,1.0,1.0,0.0,0.0,0.0,0,0,0,0,0,0,0,0.0,0,1,100.0,0,0.0,0,0,0,1,0,0,0,1,0,0,0,1.0,False
241,interfaces_IERC777,/home/motafeq/projects/chainguardian-ai/data/safe_contracts/openzeppelin_all/interfaces_IERC777.sol,safe_contracts,safe_contracts,comprehensive,success,False,False,False,False,False,False,False,False,False,False,False,False,False,False,False,False,False,False,False,False,False,False,False,0,0,0,13,0,0,5,0,0,0,0,1,1.0,13,0,0,0.0,0,0,0,0,0,0.0,0.0,0.0,3.0,1.5,False,0,0,1.0,False,0,0,0,0,0,0,0.0,0,0,0,0,0,0,0,0,0,13,0,0,13,0,0,0,0,0,8,0,0,0,0,0,0,0,0,0,0,0,0,16,0,0,0,0.0,0,13,0,13,0,0,7,0,0,0,0,0,0,0.0,0.0,1,0.0,0.0,0.0,0.0,0.0,0.0,0.0,1.0,0.0,0.538,0.0,0.0,0.0,0,0,0,0,0,0,0,0.0,0,1,7.69,0,0.0,0,0,0,1,0,0,0,13,0,0,0,1.0,False
242,interfaces_IERC1363Receiver,/home/motafeq/projects/chainguardian-ai/data/safe_contracts/openzeppelin_all/interfaces_IERC1363Receiver.sol,safe_contracts,safe_contracts,comprehensive,success,False,False,False,False,False,False,False,False,False,False,False,False,False,False,False,False,False,False,False,False,False,False,False,0,0,0,1,0,0,0,0,0,0,0,1,1.0,1,0,0,0.0,0,0,0,0,0,0.0,0.0,0.0,3.0,1.5,False,0,0,1.0,False,0,0,0,0,0,0,0.0,0,0,0,0,0,0,0,0,0,1,0,0,1,0,0,0,0,0,1,0,0,0,0,0,0,0,0,0,0,0,0,4,0,0,0,0.0,0,1,0,1,0,0,0,0,0,0,0,0,0,0.0,0.0,1,0.0,0.0,0.0,0.0,0.0,0.0,0.0,1.0,0.0,0.0,0.0,0.0,0.0,0,0,0,0,0,0,0,0.0,0,1,100.0,0,0.0,0,0,0,1,0,0,0,1,0,0,0,1.0,False
243,utils_cryptography_signers_AbstractSigner,/home/motafeq/projects/chainguardian-ai/data/safe_contracts/openzeppelin_all/utils_cryptography_signers_AbstractSigner.sol,safe_contracts,safe_contracts,comprehensive,success,False,False,False,False,False,False,False,False,False,False,False,False,False,False,False,False,False,False,False,False,False,False,False,0,0,0,1,0,0,0,0,0,0,0,1,1.0,1,0,0,0.0,0,0,0,0,0,0.0,0.0,0.0,3.0,1.5,False,0,0,1.0,False,0,0,0,0,0,0,0.0,0,0,0,0,0,0,0,0,0,1,0,0,1,0,0,0,0,0,1,0,0,0,0,0,0,0,0,0,0,0,0,0,0,0,0,0.0,0,1,0,0,1,0,1,0,0,0,0,0,0,0.0,0.0,1,0.0,0.0,0.0,0.0,0.0,0.0,0.0,0.0,0.0,1.0,0.0,0.0,0.0,0,0,0,0,0,0,0,0.0,0,1,100.0,0,0.0,0,0,0,1,0,0,0,1,0,0,0,1.0,False
244,utils_Base58,/home/motafeq/projects/chainguardian-ai/data/safe_contracts/openzeppelin_all/utils_Base58.sol,safe_contracts,safe_contracts,comprehensive,success,False,False,False,False,False,False,False,False,False,False,False,False,False,False,False,False,False,False,False,False,False,False,False,0,0,0,4,0,0,0,0,0,0,0,25,12.0,49,0,0,0.0,0,0,0,0,0,0.0,0.0,0.0,62.0,31.0,False,0,0,1.0,False,0,0,0,0,15,45,1.08,2,4,0,145,0,0,0,12,0,7,6,2,11,2,0,0,0,0,4,0,0,0,0,0,0,0,0,0,0,0,0,0,0,0,0,0.0,0,4,0,0,2,2,4,4,0,0,0,0,0,0.0,0.0,1,0.0,0.0,0.0,0.0,0.0,0.0,0.0,0.0,0.0,1.0,0.0,0.0,0.0,0,0,0,0,0,0,0,13.0,1,0,25.0,0,0.0,0,0,0,25,0,0,0,4,0,0,0,1.0,False
245,utils_SlotDerivation,/home/motafeq/projects/chainguardian-ai/data/safe_contracts/openzeppelin_all/utils_SlotDerivation.sol,safe_contracts,safe_contracts,comprehensive,success,False,False,False,False,False,False,False,False,False,False,False,False,False,False,False,False,False,False,False,False,False,False,False,0,0,0,10,0,0,0,0,0,0,0,1,1.0,10,0,0,0.0,0,0,0,0,0,0.0,0.0,0.0,3.0,1.5,False,0,0,1.0,False,0,0,0,0,0,13,0.86,0,1,0,70,0,0,0,21,0,4,3,3,7,1,2,0,0,0,10,0,0,0,0,0,0,0,0,0,0,0,0,0,0,0,0,0.0,0,10,0,0,10,0,10,10,0,0,0,0,0,0.0,0.0,1,0.0,0.0,0.0,0.0,0.0,0.0,0.0,0.0,0.0,1.0,0.0,0.0,0.0,0,0,0,0,0,0,0,0.0,0,1,10.0,0,0.0,0,0,0,1,0,0,0,10,0,0,0,1.0,False
246,utils_cryptography_Hashes,/home/motafeq/projects/chainguardian-ai/data/safe_contracts/openzeppelin_all/utils_cryptography_Hashes.sol,safe_contracts,safe_contracts,comprehensive,success,False,False,False,False,False,False,False,False,False,False,False,False,False,False,False,False,False,False,False,False,False,False,False,0,0,0,2,0,0,0,0,0,0,0,2,1.0,3,0,0,0.0,0,0,0,0,0,0.0,0.0,0.0,5.0,2.5,False,0,0,1.0,False,0,0,0,0,0,5,0.8,0,2,0,10,0,0,0,3,0,2,2,1,4,2,0,0,0,0,2,0,0,0,0,0,0,0,0,0,0,0,0,0,0,0,0,0.0,0,2,0,0,2,0,2,2,0,0,0,0,0,0.0,0.0,1,0.0,0.0,0.0,0.0,0.0,0.0,0.0,0.0,0.0,1.0,0.0,0.0,0.0,0,0,0,0,0,0,0,1.0,0,1,50.0,0,0.0,0,0,0,2,0,0,0,2,0,0,0,1.0,False
247,utils_cryptography_ECDSA,/home/motafeq/projects/chainguardian-ai/data/safe_contracts/openzeppelin_all/utils_cryptography_ECDSA.sol,safe_contracts,safe_contracts,comprehensive,success,False,False,False,False,False,False,False,False,False,False,False,False,False,False,False,False,False,False,False,False,False,False,False,0,0,0,11,0,0,0,0,0,0,0,9,3.0,33,0,0,0.0,0,0,0,0,0,0.0,0.0,0.0,21.0,10.5,False,0,0,1.0,False,0,0,0,0,0,10,0.97,0,13,0,118,0,0,0,23,1,7,4,4,14,0,2,0,0,0,11,0,0,0,0,0,0,0,0,0,0,0,0,0,0,0,0,0.0,0,11,0,0,10,1,11,11,0,1,0,0,0,0.0,0.0,1,0.0,0.0,0.0,0.0,0.0,0.0,0.0,0.0,0.0,1.0,0.0,0.0,0.0,0,0,0,0,0,0,0,6.0,0,0,9.09,0,0.0,1,0,0,9,0,0,0,11,0,0,0,1.0,False
248,utils_Context,/home/motafeq/projects/chainguardian-ai/data/safe_contracts/openzeppelin_all/utils_Context.sol,safe_contracts,safe_contracts,comprehensive,success,False,False,False,False,False,False,False,False,False,False,False,False,False,False,False,False,False,False,False,False,False,False,False,0,0,0,3,0,0,0,0,0,0,0,1,1.0,3,0,0,0.0,0,0,0,0,0,0.0,0.0,0.0,3.0,1.5,False,0,0,1.0,False,0,0,0,0,0,1,0.5,0,3,0,6,0,0,0,0,0,3,0,0,3,0,0,0,0,0,0,0,0,0,0,0,0,0,0,0,0,0,0,0,0,0,0,0.0,0,3,0,0,3,0,3,0,0,0,0,0,0,0.0,0.0,1,0.0,0.0,0.0,0.0,0.0,0.0,0.0,0.0,0.0,1.0,0.0,0.0,0.0,0,0,0,0,0,0,0,0.0,0,1,33.33,0,0.0,0,0,0,1,0,0,0,3,0,0,0,1.0,False
249,vendor_compound_ICompoundTimelock,/home/motafeq/projects/chainguardian-ai/data/safe_contracts/openzeppelin_all/vendor_compound_ICompoundTimelock.sol,safe_contracts,safe_contracts,comprehensive,success,False,False,False,False,False,False,False,False,False,False,False,False,False,False,False,False,False,False,False,False,False,False,False,0,0,0,14,0,0,6,0,0,2,0,1,1.0,14,0,0,0.0,0,0,0,0,0,0.0,0.0,0.0,3.0,1.5,False,0,0,1.0,False,0,0,0,0,0,0,0.0,0,0,0,0,0,0,0,0,0,14,0,0,14,0,0,0,0,0,6,0,0,0,0,0,0,0,0,0,0,0,0,17,0,0,0,0.0,0,14,0,14,0,0,7,0,0,0,0,0,0,0.0,0.0,1,0.0,0.0,0.0,0.0,0.0,0.0,0.0,1.0,0.0,0.5,0.143,0.0,0.0,0,0,0,0,0,0,0,0.0,0,1,7.14,0,0.0,0,0,0,1,0,0,0,14,0,0,0,1.0,False
250,interfaces_IERC1363Spender,/home/motafeq/projects/chainguardian-ai/data/safe_contracts/openzeppelin_all/interfaces_IERC1363Spender.sol,safe_contracts,safe_contracts,comprehensive,success,False,False,False,False,False,False,False,False,False,False,False,False,False,False,False,False,False,False,False,False,False,False,False,0,0,0,1,0,0,0,0,0,0,0,1,1.0,1,0,0,0.0,0,0,0,0,0,0.0,0.0,0.0,3.0,1.5,False,0,0,1.0,False,0,0,0,0,0,0,0.0,0,0,0,0,0,0,0,0,0,1,0,0,1,0,0,0,0,0,1,0,0,0,0,0,0,0,0,0,0,0,0,3,0,0,0,0.0,0,1,0,1,0,0,0,0,0,0,0,0,0,0.0,0.0,1,0.0,0.0,0.0,0.0,0.0,0.0,0.0,1.0,0.0,0.0,0.0,0.0,0.0,0,0,0,0,0,0,0,0.0,0,1,100.0,0,0.0,0,0,0,1,0,0,0,1,0,0,0,1.0,False
251,interfaces_IERC1271,/home/motafeq/projects/chainguardian-ai/data/safe_contracts/openzeppelin_all/interfaces_IERC1271.sol,safe_contracts,safe_contracts,comprehensive,success,False,False,False,False,False,False,False,False,False,False,False,False,False,False,False,False,False,False,False,False,False,False,False,0,0,0,1,0,0,0,0,0,0,0,1,1.0,1,0,0,0.0,0,0,0,0,0,0.0,0.0,0.0,3.0,1.5,False,0,0,1.0,False,0,0,0,0,0,0,0.0,0,0,0,0,0,0,0,0,0,1,0,0,1,0,0,0,0,0,1,0,0,0,0,0,0,0,0,0,0,0,0,0,0,0,0,0.0,0,1,0,1,0,0,1,0,0,0,0,0,0,0.0,0.0,1,0.0,0.0,0.0,0.0,0.0,0.0,0.0,1.0,0.0,1.0,0.0,0.0,0.0,0,0,0,0,0,0,0,0.0,0,1,100.0,0,0.0,0,0,0,1,0,0,0,1,0,0,0,1.0,False
252,access_manager_IAuthority,/home/motafeq/projects/chainguardian-ai/data/safe_contracts/openzeppelin_all/access_manager_IAuthority.sol,safe_contracts,safe_contracts,comprehensive,success,False,False,False,False,False,False,False,False,False,False,False,False,False,False,False,False,False,False,False,False,False,False,False,0,0,0,1,0,0,0,0,0,0,0,1,1.0,1,0,0,0.0,0,0,0,0,0,0.0,0.0,0.0,3.0,1.5,False,0,0,1.0,False,0,0,0,0,0,0,0.0,0,0,0,0,0,0,0,0,0,1,0,0,1,0,0,0,0,0,1,0,0,0,0,0,0,0,0,0,0,0,0,0,0,0,0,0.0,0,1,0,1,0,0,1,0,0,0,0,0,0,0.0,0.0,1,0.0,0.0,0.0,0.0,0.0,0.0,0.0,1.0,0.0,1.0,0.0,0.0,0.0,0,0,0,0,0,0,0,0.0,0,1,100.0,0,0.0,0,0,0,1,0,0,0,1,0,0,0,1.0,False
253,interfaces_IERC1820Registry,/home/motafeq/projects/chainguardian-ai/data/safe_contracts/openzeppelin_all/interfaces_IERC1820Registry.sol,safe_contracts,safe_contracts,comprehensive,success,False,False,False,False,False,False,False,False,False,False,False,False,False,False,False,False,False,False,False,False,False,False,False,0,0,0,8,0,0,2,0,0,0,0,1,1.0,8,0,0,0.0,0,0,0,0,0,0.0,0.0,0.0,3.0,1.5,False,0,0,1.0,False,0,0,0,0,0,0,0.0,0,0,0,0,0,0,0,0,0,8,0,0,8,0,0,0,0,0,8,0,0,0,0,0,0,0,0,0,0,0,0,7,0,0,0,0.0,0,8,0,8,0,0,5,1,0,0,0,0,0,0.0,0.0,1,0.0,0.0,0.0,0.0,0.0,0.0,0.0,1.0,0.0,0.625,0.0,0.0,0.0,0,0,0,0,0,0,0,0.0,0,1,12.5,0,0.0,0,0,0,1,0,0,0,8,0,0,0,1.0,False
254,interfaces_IERC7751,/home/motafeq/projects/chainguardian-ai/data/safe_contracts/openzeppelin_all/interfaces_IERC7751.sol,safe_contracts,safe_contracts,comprehensive,success,False,False,False,False,False,False,False,False,False,False,False,False,False,False,False,False,False,False,False,False,False,False,False,0,0,0,0,0,0,0,0,0,0,0,0,0.0,0,0,0,0.0,0,0,0,0,0,0.0,0.0,0.0,0.0,0.0,False,0,0,1.0,False,0,0,0,0,0,0,0.0,0,0,0,0,0,0,0,0,0,0,0,0,0,0,0,0,0,0,0,0,0,0,0,0,0,0,0,0,0,0,0,0,0,0,0,0.0,0,0,0,0,0,0,0,0,0,0,0,0,0,0.0,0.0,1,0.0,0.0,0.0,0.0,0.0,0.0,0.0,0.0,0.0,0.0,0.0,0.0,0.0,0,0,0,0,0,0,0,0.0,0,1,100.0,0,0.0,0,0,0,0,0,0,0,1,0,0,0,1.0,False
255,access_manager_IAccessManaged,/home/motafeq/projects/chainguardian-ai/data/safe_contracts/openzeppelin_all/access_manager_IAccessManaged.sol,safe_contracts,safe_contracts,comprehensive,success,False,False,False,False,False,False,False,False,False,False,False,False,False,False,False,False,False,False,False,False,False,False,False,0,0,0,3,0,0,1,0,0,0,0,1,1.0,3,0,0,0.0,0,0,0,0,0,0.0,0.0,0.0,3.0,1.5,False,0,0,1.0,False,0,0,0,0,0,0,0.0,0,0,0,0,0,0,0,0,0,3,0,0,3,0,0,0,0,0,1,0,0,0,0,0,0,0,0,0,0,0,0,1,0,0,0,0.0,0,3,0,3,0,0,2,0,0,0,0,0,0,0.0,0.0,1,0.0,0.0,0.0,0.0,0.0,0.0,0.0,1.0,0.0,0.667,0.0,0.0,0.0,0,0,0,0,0,0,0,0.0,0,1,33.33,0,0.0,0,0,0,1,0,0,0,3,0,0,0,1.0,False
256,mocks_ConstructorMock,/home/motafeq/projects/chainguardian-ai/data/safe_contracts/openzeppelin_all/mocks_ConstructorMock.sol,safe_contracts,safe_contracts,comprehensive,success,False,False,False,False,False,False,False,False,False,False,False,False,False,False,False,False,False,False,False,False,False,False,False,0,0,0,1,1,0,0,0,0,0,0,9,9.0,9,0,0,0.0,0,0,0,0,0,0.0,0.0,0.0,27.0,13.5,False,0,0,1.0,False,0,0,0,0,0,7,1.2,0,0,0,15,0,1,0,3,0,3,3,1,4,1,0,1,0,0,1,1,0,0,0,0,0,0,0,0,0,0,0,0,0,0,0,0.0,0,1,1,0,0,0,0,0,1,1,0,0,1,0.0,1.0,1,0.0,0.0,0.0,0.0,0.0,0.0,0.0,0.0,1.0,0.0,0.0,0.0,0.0,0,0,0,0,0,0,0,0.0,0,0,100.0,0,0.0,0,0,0,9,0,0,0,1,0,0,0,1.0,False
257,mocks_proxy_ClashingImplementation,/home/motafeq/projects/chainguardian-ai/data/safe_contracts/openzeppelin_all/mocks_proxy_ClashingImplementation.sol,safe_contracts,safe_contracts,comprehensive,success,False,False,False,False,False,False,False,False,False,False,False,False,False,False,False,False,False,False,False,False,False,False,False,0,0,0,2,0,0,1,0,0,1,0,1,1.0,2,0,0,0.0,0,0,0,0,0,0.0,0.0,0.0,3.0,1.5,False,0,0,1.0,False,0,0,0,0,0,1,0.5,0,1,0,4,0,0,0,0,0,2,0,0,2,0,0,0,0,0,1,0,0,0,0,0,0,0,0,0,0,0,0,2,0,0,0,2.0,0,2,0,2,0,0,1,1,0,0,0,0,0,0.0,0.0,1,0.0,0.0,0.0,0.0,0.0,0.0,0.0,1.0,0.0,0.5,0.5,0.0,0.0,0,0,0,0,0,0,0,0.0,0,1,50.0,0,0.0,0,0,0,1,0,0,0,2,0,0,0,1.0,False
258,interfaces_IERC777Sender,/home/motafeq/projects/chainguardian-ai/data/safe_contracts/openzeppelin_all/interfaces_IERC777Sender.sol,safe_contracts,safe_contracts,comprehensive,success,False,False,False,False,False,False,False,False,False,False,False,False,False,False,False,False,False,False,False,False,False,False,False,0,0,0,1,0,0,0,0,0,0,0,1,1.0,1,0,0,0.0,0,0,0,0,0,0.0,0.0,0.0,3.0,1.5,False,0,0,1.0,False,0,0,0,0,0,0,0.0,0,0,0,0,0,0,0,0,0,1,0,0,1,0,0,0,0,0,1,0,0,0,0,0,0,0,0,0,0,0,0,6,0,0,0,0.0,0,1,0,1,0,0,0,0,0,0,0,0,0,0.0,0.0,1,0.0,0.0,0.0,0.0,0.0,0.0,0.0,1.0,0.0,0.0,0.0,0.0,0.0,0,0,0,0,0,0,0,0.0,0,1,100.0,0,0.0,0,0,0,1,0,0,0,1,0,0,0,1.0,False
259,interfaces_IERC6372,/home/motafeq/projects/chainguardian-ai/data/safe_contracts/openzeppelin_all/interfaces_IERC6372.sol,safe_contracts,safe_contracts,comprehensive,success,False,False,False,False,False,False,False,False,False,False,False,False,False,False,False,False,False,False,False,False,False,False,False,0,0,0,2,0,0,0,0,0,0,0,1,1.0,2,0,0,0.0,0,0,0,0,0,0.0,0.0,0.0,3.0,1.5,False,0,0,1.0,False,0,0,0,0,0,0,0.0,0,0,0,0,0,0,0,0,0,2,0,0,2,0,0,0,0,0,0,0,0,0,0,0,0,0,0,0,0,0,0,0,0,0,0,0.0,0,2,0,2,0,0,2,0,0,0,0,0,0,0.0,0.0,1,0.0,0.0,0.0,0.0,0.0,0.0,0.0,1.0,0.0,1.0,0.0,0.0,0.0,0,0,0,0,0,0,0,0.0,0,1,50.0,0,0.0,0,0,0,1,0,0,0,2,0,0,0,1.0,False
260,utils_structs_BitMaps,/home/motafeq/projects/chainguardian-ai/data/safe_contracts/openzeppelin_all/utils_structs_BitMaps.sol,safe_contracts,safe_contracts,comprehensive,success,False,False,False,False,False,False,False,False,False,False,False,False,False,False,False,False,False,False,False,False,False,False,False,0,0,0,4,0,0,0,0,0,0,0,3,1.0,6,0,0,0.0,0,0,0,0,0,0.0,0.0,0.0,7.0,3.5,False,0,0,1.0,False,0,0,0,0,0,3,0.82,0,1,0,17,0,0,0,2,0,3,2,1,4,1,0,0,0,0,4,0,0,0,0,0,2,0,4,8,1,0,0,7,0,0,0,0.35,8,4,0,0,4,0,1,0,0,0,1,0,0,0.0,0.0,1,0.0,0.0,0.0,0.0,0.0,0.0,0.0,0.0,0.0,0.25,0.0,0.0,0.0,0,0,0,0,0,0,0,2.0,0,1,25.0,0,0.0,0,0,0,3,0,0,0,4,0,0,0,1.0,False
261,utils_math_SafeCast,/home/motafeq/projects/chainguardian-ai/data/safe_contracts/openzeppelin_all/utils_math_SafeCast.sol,safe_contracts,safe_contracts,comprehensive,success,False,False,False,False,False,False,False,False,False,False,False,False,False,False,False,False,False,False,False,False,False,False,False,0,0,0,65,0,0,0,0,0,0,0,3,2.0,193,0,0,0.0,0,0,0,0,0,0.0,0.0,0.0,8.0,4.0,False,0,0,1.0,False,0,0,0,0,0,3,1.0,0,33,0,324,0,0,0,64,0,5,1,31,69,1,2,0,0,0,65,0,0,0,0,0,0,0,0,0,0,0,0,0,0,0,0,0.0,0,65,0,0,65,0,65,65,0,0,0,0,0,0.0,0.0,1,0.0,0.0,0.0,0.0,0.0,0.0,0.0,0.0,0.0,1.0,0.0,0.0,0.0,0,0,0,0,0,0,0,1.0,0,1,1.54,0,0.0,0,0,0,3,0,0,0,65,0,0,0,1.0,False
262,token_ERC20_extensions_IERC20Permit,/home/motafeq/projects/chainguardian-ai/data/safe_contracts/openzeppelin_all/token_ERC20_extensions_IERC20Permit.sol,safe_contracts,safe_contracts,comprehensive,success,False,False,False,False,False,False,False,False,False,False,False,False,False,False,False,False,False,False,False,False,False,False,False,0,0,0,3,0,0,0,0,0,0,0,1,1.0,3,0,0,0.0,0,0,0,0,0,0.0,0.0,0.0,3.0,1.5,False,0,0,1.0,False,0,0,0,0,0,0,0.0,0,0,0,0,0,0,0,0,0,3,0,0,3,0,0,0,0,0,2,0,0,0,0,0,0,0,0,0,0,0,0,7,0,0,0,0.0,0,3,0,3,0,0,2,0,0,0,0,0,0,0.0,0.0,1,0.0,0.0,0.0,0.0,0.0,0.0,0.0,1.0,0.0,0.667,0.0,0.0,0.0,0,0,0,0,0,0,0,0.0,0,1,33.33,0,0.0,0,0,0,1,0,0,0,3,0,0,0,1.0,False
263,utils_Nonces,/home/motafeq/projects/chainguardian-ai/data/safe_contracts/openzeppelin_all/utils_Nonces.sol,safe_contracts,safe_contracts,comprehensive,success,False,False,False,False,False,False,False,False,False,False,False,False,False,False,False,False,False,False,False,False,False,False,False,0,0,0,3,1,0,0,0,0,0,0,3,1.0,5,0,0,0.0,0,0,0,0,0,0.0,0.0,0.0,7.0,3.5,False,0,0,1.0,False,0,0,0,0,0,3,0.78,0,2,0,9,0,0,0,2,0,3,2,1,4,1,0,1,0,1,3,1,0,0,0,0,1,0,2,2,0,0,0,3,0,0,0,0.333,2,3,1,0,2,0,1,0,0,0,0,2,1,0.67,0.33,1,0.0,0.0,0.0,0.0,0.0,0.0,0.0,0.0,0.333,0.333,0.0,2.0,0.0,0,0,0,0,0,0,0,2.0,0,1,33.33,0,0.0,0,0,0,3,0,0,0,3,0,0,0,1.0,False
264,utils_Packing,/home/motafeq/projects/chainguardian-ai/data/safe_contracts/openzeppelin_all/utils_Packing.sol,safe_contracts,safe_contracts,comprehensive,success,False,False,False,False,False,False,False,False,False,False,False,False,False,False,False,False,False,False,False,False,False,False,False,0,0,0,212,0,0,0,0,0,0,0,3,1.0,368,0,0,0.0,0,0,0,0,0,0.0,0.0,0.0,7.0,3.5,False,0,0,1.0,False,0,0,0,0,0,5,0.9,0,0,0,1350,0,0,0,156,0,57,1,78,213,2,1,0,0,0,212,0,0,0,0,0,0,0,0,0,0,0,0,0,0,0,0,0.0,0,212,0,0,212,0,212,212,0,0,0,0,0,0.0,0.0,1,0.0,0.0,0.0,0.0,0.0,0.0,0.0,0.0,0.0,1.0,0.0,0.0,0.0,0,0,0,0,0,0,0,2.0,0,1,0.47,0,0.0,0,0,0,3,0,0,0,212,0,0,0,1.0,False
265,mocks_compound_CompTimelock,/home/motafeq/projects/chainguardian-ai/data/safe_contracts/openzeppelin_all/mocks_compound_CompTimelock.sol,safe_contracts,safe_contracts,comprehensive,success,False,False,False,False,False,False,False,False,False,False,False,False,False,False,False,False,False,False,False,False,False,False,False,0,0,0,10,7,0,6,5,1,2,0,3,1.0,12,0,0,0.0,0,0,0,0,0,0.0,0.0,0.0,7.0,3.5,False,0,1,1.0,False,0,1,0,0,0,16,0.84,0,3,0,56,0,1,5,16,0,7,5,7,14,1,3,6,1,7,6,6,3,0,0,1,3,0,15,14,0,0,0,17,1,0,0,0.263,14,10,7,1,2,0,1,0,1,0,0,14,12,1.4,1.2,1,0.0,0.0,0.0,0.0,0.0,0.0,0.0,0.1,0.7,0.1,0.2,1.167,0.5,0,0,0,0,0,0,0,2.0,0,1,10.0,0,0.0,0,0,0,3,0,0,0,10,0,0,0,1.0,False
266,interfaces_IERC5313,/home/motafeq/projects/chainguardian-ai/data/safe_contracts/openzeppelin_all/interfaces_IERC5313.sol,safe_contracts,safe_contracts,comprehensive,success,False,False,False,False,False,False,False,False,False,False,False,False,False,False,False,False,False,False,False,False,False,False,False,0,0,0,1,0,0,0,0,0,0,0,1,1.0,1,0,0,0.0,0,0,0,0,0,0.0,0.0,0.0,3.0,1.5,False,0,0,1.0,False,0,0,0,0,0,0,0.0,0,0,0,0,0,0,0,0,0,1,0,0,1,0,0,0,0,0,0,0,0,0,0,0,0,0,0,0,0,0,0,0,0,0,0,0.0,0,1,0,1,0,0,1,0,0,0,0,0,0,0.0,0.0,1,0.0,0.0,0.0,0.0,0.0,0.0,0.0,1.0,0.0,1.0,0.0,0.0,0.0,0,0,0,0,0,0,0,0.0,0,1,100.0,0,0.0,0,0,0,1,0,0,0,1,0,0,0,1.0,False
267,utils_Calldata,/home/motafeq/projects/chainguardian-ai/data/safe_contracts/openzeppelin_all/utils_Calldata.sol,safe_contracts,safe_contracts,comprehensive,success,False,False,False,False,False,False,False,False,False,False,False,False,False,False,False,False,False,False,False,False,False,False,False,0,0,0,2,0,0,0,0,0,0,0,1,1.0,2,0,0,0.0,0,0,0,0,0,0.0,0.0,0.0,3.0,1.5,False,0,0,1.0,False,0,0,0,0,0,4,0.8,0,0,0,10,0,0,0,0,0,2,0,0,2,0,0,0,0,0,0,0,0,0,0,0,0,0,0,0,0,0,0,0,0,0,0,0.0,0,2,0,0,2,0,2,2,0,0,0,0,0,0.0,0.0,1,0.0,0.0,0.0,0.0,0.0,0.0,0.0,0.0,0.0,1.0,0.0,0.0,0.0,0,0,0,0,0,0,0,0.0,0,1,50.0,0,0.0,0,0,0,1,0,0,0,2,0,0,0,1.0,False
268,mocks_CallReceiverMock,/home/motafeq/projects/chainguardian-ai/data/safe_contracts/openzeppelin_all/mocks_CallReceiverMock.sol,safe_contracts,safe_contracts,comprehensive,success,False,False,False,False,False,False,False,False,False,False,False,False,False,False,False,False,False,False,False,False,False,False,False,0,0,0,15,1,0,3,1,0,11,0,3,1.0,17,0,0,0.0,0,0,0,0,0,0.0,0.0,0.0,7.0,3.5,False,0,0,1.0,False,0,0,0,0,1,5,0.69,0,8,0,47,0,1,1,6,0,13,1,3,19,1,1,0,0,1,6,0,0,0,0,0,0,0,4,2,0,0,0,12,0,0,0,0.429,2,15,15,0,0,0,2,2,0,0,0,1,1,0.07,0.07,2,0.0,0.0,0.0,0.0,0.0,0.0,0.0,0.0,1.0,0.133,0.733,1.0,0.067,0,0,0,0,0,0,0,2.0,0,1,6.67,0,0.0,0,0,0,3,0,0,0,15,0,0,0,1.0,False
269,interfaces_IERC1967,/home/motafeq/projects/chainguardian-ai/data/safe_contracts/openzeppelin_all/interfaces_IERC1967.sol,safe_contracts,safe_contracts,comprehensive,success,False,False,False,False,False,False,False,False,False,False,False,False,False,False,False,False,False,False,False,False,False,False,False,0,0,0,0,0,0,3,0,0,0,0,0,0.0,0,0,0,0.0,0,0,0,0,0,0.0,0.0,0.0,0.0,0.0,False,0,0,1.0,False,0,0,0,0,0,0,0.0,0,0,0,0,0,0,0,0,0,0,0,0,0,0,0,0,0,0,0,0,0,0,0,0,0,0,0,0,0,0,0,0,0,0,0,0.0,0,0,0,0,0,0,0,0,0,0,0,0,0,0.0,0.0,1,0.0,0.0,0.0,0.0,0.0,0.0,0.0,0.0,0.0,0.0,0.0,0.0,0.0,0,0,0,0,0,0,0,0.0,0,1,100.0,0,0.0,0,0,0,0,0,0,0,1,0,0,0,1.0,False
270,token_ERC20_IERC20,/home/motafeq/projects/chainguardian-ai/data/safe_contracts/openzeppelin_all/token_ERC20_IERC20.sol,safe_contracts,safe_contracts,comprehensive,success,False,False,False,False,False,False,False,False,False,False,False,False,False,False,False,False,False,False,False,False,False,False,False,0,0,0,6,0,0,2,0,0,0,0,1,1.0,6,0,0,0.0,0,0,0,0,0,0.0,0.0,0.0,3.0,1.5,False,0,0,1.0,False,0,0,0,0,0,0,0.0,0,0,0,0,0,0,0,0,0,6,0,0,6,0,0,0,0,0,5,0,0,0,0,0,0,0,0,0,0,0,0,7,0,0,0,0.0,0,6,0,6,0,0,3,0,0,0,0,0,0,0.0,0.0,1,0.0,0.0,0.0,0.0,0.0,0.0,0.0,1.0,0.0,0.5,0.0,0.0,0.0,0,0,0,0,0,0,0,0.0,0,1,16.67,0,0.0,0,0,0,1,0,0,0,6,0,0,0,1.0,False
271,utils_RelayedCall,/home/motafeq/projects/chainguardian-ai/data/safe_contracts/openzeppelin_all/utils_RelayedCall.sol,safe_contracts,safe_contracts,comprehensive,success,False,False,False,False,False,False,False,False,False,False,False,False,False,False,False,False,False,False,False,False,False,False,False,0,0,0,6,0,0,0,2,1,0,0,5,1.0,10,0,0,0.0,0,0,0,0,0,0.0,0.0,0.0,11.0,5.5,False,0,0,1.0,False,0,0,0,0,0,18,0.88,0,5,0,33,0,0,2,14,2,9,9,2,11,0,0,1,1,0,5,0,1,0,0,1,5,0,3,8,3,0,0,13,1,0,0,0.26,8,6,0,0,6,0,0,0,0,0,0,0,0,0.0,0.0,1,0.0,0.0,0.0,0.0,0.0,0.0,0.0,0.0,0.0,0.0,0.0,0.0,0.333,0,0,0,0,0,0,0,4.0,0,1,16.67,0,0.0,2,0,0,5,0,0,0,6,0,0,0,1.0,False
272,interfaces_IERC1820Implementer,/home/motafeq/projects/chainguardian-ai/data/safe_contracts/openzeppelin_all/interfaces_IERC1820Implementer.sol,safe_contracts,safe_contracts,comprehensive,success,False,False,False,False,False,False,False,False,False,False,False,False,False,False,False,False,False,False,False,False,False,False,False,0,0,0,1,0,0,0,0,0,0,0,1,1.0,1,0,0,0.0,0,0,0,0,0,0.0,0.0,0.0,3.0,1.5,False,0,0,1.0,False,0,0,0,0,0,0,0.0,0,0,0,0,0,0,0,0,0,1,0,0,1,0,0,0,0,0,1,0,0,0,0,0,0,0,0,0,0,0,0,0,0,0,0,0.0,0,1,0,1,0,0,1,0,0,0,0,0,0,0.0,0.0,1,0.0,0.0,0.0,0.0,0.0,0.0,0.0,1.0,0.0,1.0,0.0,0.0,0.0,0,0,0,0,0,0,0,0.0,0,1,100.0,0,0.0,0,0,0,1,0,0,0,1,0,0,0,1.0,False
273,Ownable2Step,/home/motafeq/projects/chainguardian-ai/data/safe_contracts/openzeppelin-contracts/contracts/access/Ownable2Step.sol,safe_contracts,safe_contracts,comprehensive,success,False,False,False,False,False,False,False,False,False,False,False,False,False,False,False,False,False,False,False,False,False,False,False,0,0,0,13,1,1,2,0,0,0,2,3,1.0,6,0,0,0.0,0,0,0,0,0,0.0,0.0,0.0,7.0,3.5,False,0,0,1.0,False,0,0,0,0,0,4,0.8,0,1,0,15,0,1,0,7,1,5,4,2,8,0,0,2,0,1,2,2,0,0,0,0,6,0,2,1,0,0,0,2,0,0,0,0.231,1,4,3,0,1,0,1,0,0,0,0,2,2,0.5,0.5,3,0.0,0.0,0.0,0.0,0.0,0.0,0.0,0.0,0.75,0.25,0.0,1.0,0.0,0,0,0,0,0,0,0,2.0,0,1,25.0,0,0.0,1,0,0,3,0,0,0,4,0,0,0,1.0,False
274,Ownable,/home/motafeq/projects/chainguardian-ai/data/safe_contracts/openzeppelin-contracts/contracts/access/Ownable.sol,safe_contracts,safe_contracts,comprehensive,success,False,False,False,False,False,False,False,False,False,False,False,False,False,False,False,False,False,False,False,False,False,False,False,0,0,0,9,1,1,1,0,0,0,1,3,2.0,12,0,0,0.0,0,0,0,0,0,0.0,0.0,0.0,8.0,4.0,False,0,0,1.0,False,0,0,0,0,0,4,0.88,0,1,0,24,0,1,0,10,0,6,3,3,10,1,1,1,0,1,3,1,0,0,0,0,4,0,2,1,0,0,0,2,0,0,0,0.231,1,6,3,0,3,0,2,0,1,0,0,2,1,0.33,0.17,2,0.0,0.0,0.0,0.0,0.0,0.0,0.0,0.0,0.5,0.333,0.0,2.0,0.0,0,0,0,0,0,0,0,1.0,0,1,16.67,0,0.0,0,0,0,3,0,0,0,6,0,0,0,1.0,False
275,AccessControl,/home/motafeq/projects/chainguardian-ai/data/safe_contracts/openzeppelin-contracts/contracts/access/AccessControl.sol,safe_contracts,safe_contracts,comprehensive,success,False,False,False,False,False,False,False,False,False,False,False,False,False,False,False,False,False,False,False,False,False,False,False,0,0,0,22,2,1,3,0,0,0,4,3,1.0,18,0,0,0.0,0,0,0,0,0,0.0,0.0,0.0,7.0,3.5,False,0,0,1.0,False,0,0,0,0,0,4,0.76,0,7,0,42,0,2,0,20,2,8,4,4,16,0,3,3,0,1,11,3,0,0,0,0,17,0,5,1,1,0,0,12,0,0,0,0.302,1,12,6,0,6,0,5,0,0,0,1,5,4,0.42,0.33,5,0.0,0.0,0.0,0.0,0.0,0.0,0.0,0.0,0.5,0.417,0.0,1.25,0.0,0,0,0,0,0,0,0,2.0,0,1,8.33,0,0.0,2,0,0,3,0,0,0,12,0,0,0,1.0,False
276,IAccessControl,/home/motafeq/projects/chainguardian-ai/data/safe_contracts/openzeppelin-contracts/contracts/access/IAccessControl.sol,safe_contracts,safe_contracts,comprehensive,success,False,False,False,False,False,False,False,False,False,False,False,False,False,False,False,False,False,False,False,False,False,False,False,0,0,0,5,0,0,3,0,0,0,0,1,1.0,5,0,0,0.0,0,0,0,0,0,0.0,0.0,0.0,3.0,1.5,False,0,0,1.0,False,0,0,0,0,0,0,0.0,0,0,0,0,0,0,0,0,0,5,0,0,5,0,0,0,0,0,5,0,0,0,0,0,0,0,0,0,0,0,0,6,0,0,0,0.0,0,5,0,5,0,0,2,0,0,0,0,0,0,0.0,0.0,1,0.0,0.0,0.0,0.0,0.0,0.0,0.0,1.0,0.0,0.4,0.0,0.0,0.0,0,0,0,0,0,0,0,0.0,0,1,20.0,0,0.0,0,0,0,1,0,0,0,5,0,0,0,1.0,False
277,MultipleInheritanceInitializableMocks,/home/motafeq/projects/chainguardian-ai/data/safe_contracts/openzeppelin-contracts/contracts/mocks/MultipleInheritanceInitializableMocks.sol,safe_contracts,safe_contracts,comprehensive,success,False,False,False,False,False,False,False,False,False,False,False,False,False,False,False,False,False,False,False,False,False,False,False,0,0,0,7,1,3,1,0,0,0,0,5,1.0,13,0,0,0.0,0,0,0,0,0,0.0,0.0,0.0,11.0,5.5,False,0,0,1.0,False,0,0,0,0,0,6,0.84,0,3,0,25,0,0,0,7,0,4,2,3,9,3,1,0,0,1,0,0,0,0,0,0,1,0,6,1,0,0,0,0,0,0,0,0.0,1,7,0,0,6,1,5,2,0,0,1,1,1,0.14,0.14,6,0.0,0.0,0.0,0.0,0.0,0.0,0.0,0.0,0.0,0.714,0.0,1.0,0.0,0,0,0,0,0,0,0,4.0,0,1,14.29,0,0.0,0,0,0,5,0,0,0,7,0,0,0,1.0,False
278,ERC3156FlashBorrowerMock,/home/motafeq/projects/chainguardian-ai/data/safe_contracts/openzeppelin-contracts/contracts/mocks/ERC3156FlashBorrowerMock.sol,safe_contracts,safe_contracts,comprehensive,success,False,False,False,False,False,False,False,False,False,False,False,False,False,False,False,False,False,False,False,False,False,False,False,0,0,0,4,3,0,2,4,0,0,1,6,2.0,8,0,0,0.0,0,0,0,0,0,0.0,0.0,0.0,14.0,7.0,False,0,0,1.0,False,0,0,0,0,0,9,0.94,0,2,0,17,0,1,4,2,0,3,1,1,5,1,0,2,1,3,2,1,1,0,4,0,0,0,1,3,0,0,0,5,0,0,0,0.208,3,3,2,0,1,0,0,0,1,0,0,3,3,1.0,1.0,7,0.0,0.0,0.0,0.0,0.0,0.0,0.0,0.0,0.667,0.0,0.0,1.0,1.333,0,0,0,0,0,0,0,4.0,0,1,33.33,0,0.0,0,0,0,6,0,0,0,3,0,0,0,1.0,False
279,MulticallHelper,/home/motafeq/projects/chainguardian-ai/data/safe_contracts/openzeppelin-contracts/contracts/mocks/MulticallHelper.sol,safe_contracts,safe_contracts,comprehensive,success,False,False,False,False,False,False,False,False,False,False,False,False,False,False,False,False,False,False,False,False,False,False,False,0,0,0,1,0,0,0,4,0,0,0,7,7.0,7,0,0,0.0,0,0,0,0,0,0.0,0.0,0.0,21.0,10.5,False,0,0,1.0,False,0,0,0,0,2,11,1.07,1,0,0,15,0,1,4,3,0,3,3,1,4,1,0,1,2,0,1,0,1,0,1,0,0,0,5,4,0,0,0,3,0,0,0,0.115,4,1,0,1,0,0,0,0,0,0,0,0,0,0.0,0.0,13,0.0,0.0,0.0,0.0,0.0,0.0,0.0,1.0,0.0,0.0,0.0,0.0,4.0,0,0,0,0,0,0,0,0.0,0,0,100.0,0,0.0,0,0,0,7,0,0,0,1,0,0,0,1.0,False
280,ContextMock,/home/motafeq/projects/chainguardian-ai/data/safe_contracts/openzeppelin-contracts/contracts/mocks/ContextMock.sol,safe_contracts,safe_contracts,comprehensive,success,False,False,False,False,False,False,False,False,False,False,False,False,False,False,False,False,False,False,False,False,False,False,False,0,0,0,6,0,0,3,0,0,0,1,1,1.0,3,0,0,0.0,0,0,0,0,0,0.0,0.0,0.0,3.0,1.5,False,0,0,1.0,False,0,0,0,0,0,1,0.5,0,0,0,6,0,1,0,3,0,2,1,2,5,1,0,0,0,0,1,0,0,0,0,0,3,0,0,0,0,0,0,2,0,0,0,0.333,0,3,3,0,0,0,0,0,0,0,0,0,0,0.0,0.0,3,0.0,0.0,0.0,0.0,0.0,0.0,0.0,0.0,1.0,0.0,0.0,0.0,0.0,0,0,0,0,0,0,0,0.0,0,1,33.33,0,0.0,0,0,0,1,0,0,0,3,0,0,0,1.0,False
281,MerkleProofCustomHashMock,/home/motafeq/projects/chainguardian-ai/data/safe_contracts/openzeppelin-contracts/contracts/mocks/MerkleProofCustomHashMock.sol,safe_contracts,safe_contracts,comprehensive,success,False,False,False,False,False,False,False,False,False,False,False,False,False,False,False,False,False,False,False,False,False,False,False,0,0,0,9,0,0,0,10,0,0,0,2,1.0,10,0,0,0.0,0,0,0,0,0,0.0,0.0,0.0,5.0,2.5,False,0,0,1.0,False,0,0,0,0,0,2,0.55,0,10,0,20,0,0,10,2,0,10,2,1,11,1,0,9,4,0,9,0,9,0,0,0,0,0,0,0,0,0,0,0,0,0,0,0.0,0,9,0,0,9,0,9,1,0,0,0,0,0,0.0,0.0,3,0.0,0.0,0.0,0.0,0.0,0.0,0.0,0.0,0.0,1.0,0.0,0.0,1.111,0,0,0,0,0,0,0,1.0,0,1,11.11,0,0.0,0,0,0,2,0,0,0,9,0,0,0,1.0,False
282,AccessManagedTarget,/home/motafeq/projects/chainguardian-ai/data/safe_contracts/openzeppelin-contracts/contracts/mocks/AccessManagedTarget.sol,safe_contracts,safe_contracts,comprehensive,success,False,False,False,False,False,False,False,False,False,False,False,False,False,False,False,False,False,False,False,False,False,False,False,0,0,0,16,0,1,4,4,0,0,3,3,1.0,6,0,0,0.0,0,0,0,0,0,0.0,0.0,0.0,7.0,3.5,False,1,0,0.0,False,0,0,1,0,0,4,0.77,0,0,0,13,0,1,2,1,0,4,1,1,5,1,0,1,0,0,1,0,1,0,2,0,1,0,1,3,1,0,0,2,0,0,0,0.125,3,4,2,2,0,0,0,0,0,0,0,0,0,0.0,0.0,8,0.0,0.0,0.0,0.0,0.0,0.0,0.0,0.5,0.5,0.0,0.0,0.0,1.0,0,0,0,0,0,0,0,2.0,0,1,25.0,0,0.0,0,0,0,3,0,0,0,4,0,0,0,1.0,False
283,SingleInheritanceInitializableMocks,/home/motafeq/projects/chainguardian-ai/data/safe_contracts/openzeppelin-contracts/contracts/mocks/SingleInheritanceInitializableMocks.sol,safe_contracts,safe_contracts,comprehensive,success,False,False,False,False,False,False,False,False,False,False,False,False,False,False,False,False,False,False,False,False,False,False,False,0,0,0,7,1,3,1,0,0,0,0,5,1.0,13,0,0,0.0,0,0,0,0,0,0.0,0.0,0.0,11.0,5.5,False,0,0,1.0,False,0,0,0,0,0,6,0.84,0,3,0,25,0,0,0,7,0,4,2,3,9,3,1,0,0,1,0,0,0,0,0,0,1,0,6,1,0,0,0,0,0,0,0,0.0,1,7,0,0,6,1,5,2,0,0,1,1,1,0.14,0.14,4,0.0,0.0,0.0,0.0,0.0,0.0,0.0,0.0,0.0,0.714,0.0,1.0,0.0,0,0,0,0,0,0,0,4.0,0,1,14.29,0,0.0,0,0,0,5,0,0,0,7,0,0,0,1.0,False
284,DummyImplementation,/home/motafeq/projects/chainguardian-ai/data/safe_contracts/openzeppelin-contracts/contracts/mocks/DummyImplementation.sol,safe_contracts,safe_contracts,comprehensive,success,False,False,False,False,False,False,False,False,False,False,False,False,False,False,False,False,False,False,False,False,False,False,False,0,0,0,9,3,0,0,1,0,2,0,1,1.0,9,0,0,0.0,0,0,0,0,0,0.0,0.0,0.0,3.0,1.5,False,0,0,1.0,False,0,0,0,0,0,3,0.55,0,2,0,20,0,1,1,1,0,9,1,1,10,1,0,4,0,0,4,3,1,0,1,0,0,0,7,0,0,0,0,6,0,0,0,0.818,0,9,9,0,0,0,3,3,0,0,0,0,7,0.0,0.78,9,0.0,0.0,0.0,0.0,0.0,0.0,0.0,0.0,1.0,0.333,0.222,0.0,0.111,0,0,0,0,0,0,0,0.0,0,1,11.11,0,0.0,0,0,0,1,0,0,0,9,0,0,0,1.0,False
285,ReentrancyMock,/home/motafeq/projects/chainguardian-ai/data/safe_contracts/openzeppelin-contracts/contracts/mocks/ReentrancyMock.sol,safe_contracts,safe_contracts,comprehensive,success,False,False,False,False,False,False,False,False,False,False,False,False,False,False,False,False,False,False,False,False,False,False,False,0,0,0,16,1,2,0,10,1,0,1,3,1.0,14,0,0,0.0,0,0,0,0,0,0.0,0.0,0.0,7.0,3.5,False,0,0,1.0,True,6,0,0,0,0,6,0.78,0,1,0,37,0,1,6,21,1,8,4,6,16,0,3,3,6,1,4,0,3,0,2,1,13,0,0,5,0,0,0,4,1,0,2,0.121,5,10,7,2,0,1,2,0,1,0,0,2,2,0.2,0.2,5,0.0,0.0,0.0,0.0,0.0,0.0,0.0,0.2,0.7,0.2,0.0,1.0,1.0,0,0,0,0,0,0,0,2.0,0,1,10.0,0,0.0,1,0,0,3,0,0,0,10,0,0,0,1.0,False
286,Base64Dirty,/home/motafeq/projects/chainguardian-ai/data/safe_contracts/openzeppelin-contracts/contracts/mocks/Base64Dirty.sol,safe_contracts,safe_contracts,comprehensive,success,False,False,False,False,False,False,False,False,False,False,False,False,False,False,False,False,False,False,False,False,False,False,False,0,0,0,1,0,0,0,1,0,0,0,1,1.0,1,0,0,0.0,0,0,0,0,0,0.0,0.0,0.0,3.0,1.5,False,0,0,1.0,False,0,0,0,0,0,3,0.75,0,1,0,4,0,0,1,0,0,1,0,0,1,0,0,1,0,0,1,0,1,0,0,0,0,0,0,0,0,0,0,0,0,0,0,0.0,0,1,1,0,0,0,1,1,0,0,1,0,0,0.0,0.0,3,0.0,0.0,0.0,0.0,0.0,0.0,0.0,0.0,1.0,1.0,0.0,0.0,1.0,0,0,0,0,0,0,0,0.0,0,1,100.0,0,0.0,0,0,0,1,0,0,0,1,0,0,0,1.0,False
287,AuthorityMock,/home/motafeq/projects/chainguardian-ai/data/safe_contracts/openzeppelin-contracts/contracts/mocks/AuthorityMock.sol,safe_contracts,safe_contracts,comprehensive,success,False,False,False,False,False,False,False,False,False,False,False,False,False,False,False,False,False,False,False,False,False,False,False,0,0,0,2,0,0,0,0,0,0,1,1,1.0,1,0,0,0.0,0,0,0,0,0,0.0,0.0,0.0,3.0,1.5,False,0,0,1.0,False,0,0,0,0,0,1,0.5,0,0,0,2,0,1,0,1,0,1,1,1,2,1,0,0,0,0,1,0,0,0,0,0,0,0,0,0,0,0,0,0,0,0,0,0.0,0,1,0,1,0,0,1,1,0,0,0,0,0,0.0,0.0,7,0.0,0.0,0.0,0.0,0.0,0.0,0.0,1.0,0.0,1.0,0.0,0.0,0.0,0,0,0,0,0,0,0,0.0,0,1,100.0,0,0.0,0,0,0,1,0,0,0,1,0,0,0,1.0,False
288,RegressionImplementation,/home/motafeq/projects/chainguardian-ai/data/safe_contracts/openzeppelin-contracts/contracts/mocks/RegressionImplementation.sol,safe_contracts,safe_contracts,comprehensive,success,False,False,False,False,False,False,False,False,False,False,False,False,False,False,False,False,False,False,False,False,False,False,False,0,0,0,8,1,3,1,0,0,0,1,1,1.0,2,0,0,0.0,0,0,0,0,0,0.0,0.0,0.0,3.0,1.5,False,0,0,1.0,False,0,0,0,0,0,1,0.5,0,0,0,4,0,1,0,1,0,2,1,1,3,1,0,1,0,0,1,1,0,0,0,0,1,0,1,0,0,0,0,1,0,0,0,1.0,0,2,2,0,0,0,0,0,0,0,1,0,1,0.0,0.5,5,0.0,0.0,0.0,0.0,0.0,0.0,0.0,0.0,1.0,0.0,0.0,0.0,0.0,0,0,0,0,0,0,0,0.0,0,1,50.0,0,0.0,0,0,0,1,0,0,0,2,0,0,0,1.0,False
289,StorageSlotMock,/home/motafeq/projects/chainguardian-ai/data/safe_contracts/openzeppelin-contracts/contracts/mocks/StorageSlotMock.sol,safe_contracts,safe_contracts,comprehensive,success,False,False,False,False,False,False,False,False,False,False,False,False,False,False,False,False,False,False,False,False,False,False,False,0,0,0,22,2,0,0,22,0,0,2,1,1.0,18,0,0,0.0,0,0,0,0,0,0.0,0.0,0.0,3.0,1.5,False,0,0,1.0,False,0,0,0,0,0,1,0.5,0,9,0,36,0,0,18,0,0,18,0,0,18,0,0,18,0,0,18,0,18,0,9,0,0,0,9,0,0,0,0,18,0,0,0,0.931,0,18,18,0,0,0,9,0,0,0,0,4,0,0.22,0.0,7,0.0,0.0,0.0,0.0,0.0,0.0,0.0,0.0,1.0,0.5,0.0,0.0,1.222,0,0,0,0,0,0,0,0.0,0,1,5.56,0,0.0,0,0,0,1,0,0,0,18,0,0,0,1.0,False
290,ERC165Mock,/home/motafeq/projects/chainguardian-ai/data/safe_contracts/openzeppelin-contracts/contracts/mocks/ERC165Mock.sol,safe_contracts,safe_contracts,comprehensive,success,False,False,False,False,False,False,False,False,False,False,False,False,False,False,False,False,False,False,False,False,False,False,False,0,0,0,5,2,0,0,0,0,0,1,1,1.0,4,0,0,0.0,0,0,0,0,0,0.0,0.0,0.0,3.0,1.5,False,0,0,1.0,False,0,0,0,0,0,2,0.5,0,1,0,8,0,2,0,2,0,3,1,1,5,2,0,1,0,2,2,1,0,0,0,0,0,0,2,1,0,0,0,1,0,0,0,0.2,1,4,2,0,2,0,1,0,1,0,0,2,2,0.5,0.5,8,0.0,0.0,0.0,0.0,0.0,0.0,0.0,0.0,0.5,0.25,0.0,1.0,0.0,0,0,0,0,0,0,0,0.0,0,1,25.0,0,0.0,0,0,0,1,0,0,0,4,0,0,0,1.0,False
291,ReentrancyAttack,/home/motafeq/projects/chainguardian-ai/data/safe_contracts/openzeppelin-contracts/contracts/mocks/ReentrancyAttack.sol,safe_contracts,safe_contracts,comprehensive,success,False,False,False,False,False,False,False,False,False,False,False,False,False,False,False,False,False,False,False,False,False,False,False,0,0,0,5,0,0,0,2,2,0,1,1,1.0,2,0,0,0.0,0,0,0,0,0,0.0,0.0,0.0,3.0,1.5,False,0,0,1.0,False,0,0,0,0,0,3,0.75,0,0,0,8,0,1,2,4,0,2,2,2,4,1,0,2,2,0,2,0,2,0,0,1,1,0,0,0,0,0,0,1,1,0,0,0.25,0,2,2,0,0,0,1,0,0,0,0,0,0,0.0,0.0,2,0.0,0.0,0.0,0.0,0.0,0.0,0.0,0.0,1.0,0.5,0.0,0.0,1.0,0,0,0,0,0,0,0,0.0,0,1,50.0,0,0.0,0,0,0,1,0,0,0,2,0,0,0,1.0,False
292,TimelockReentrant,/home/motafeq/projects/chainguardian-ai/data/safe_contracts/openzeppelin-contracts/contracts/mocks/TimelockReentrant.sol,safe_contracts,safe_contracts,comprehensive,success,False,False,False,False,False,False,False,False,False,False,False,False,False,False,False,False,False,False,False,False,False,False,False,0,0,0,3,3,0,0,1,0,0,0,3,1.0,5,0,0,0.0,0,0,0,0,0,0.0,0.0,0.0,7.0,3.5,False,0,1,1.0,True,0,1,0,0,0,3,0.8,0,0,0,10,0,0,1,0,0,3,0,0,3,0,0,1,1,3,1,1,0,0,1,0,0,0,4,0,1,0,0,2,0,0,0,0.571,0,3,0,3,0,0,0,0,0,0,0,3,4,1.0,1.33,4,0.0,0.0,0.0,0.0,0.0,0.0,0.0,1.0,0.0,0.0,0.0,0.75,0.333,0,0,0,0,0,0,0,2.0,0,1,33.33,0,0.0,0,0,0,3,0,0,0,3,0,0,0,1.0,False
293,ConstructorMock,/home/motafeq/projects/chainguardian-ai/data/safe_contracts/openzeppelin-contracts/contracts/mocks/ConstructorMock.sol,safe_contracts,safe_contracts,comprehensive,success,False,False,False,False,False,False,False,False,False,False,False,False,False,False,False,False,False,False,False,False,False,False,False,0,0,0,1,1,0,0,0,0,0,0,9,9.0,9,0,0,0.0,0,0,0,0,0,0.0,0.0,0.0,27.0,13.5,False,0,0,1.0,False,0,0,0,0,0,7,1.2,0,0,0,15,0,1,0,3,0,3,3,1,4,1,0,1,0,0,1,1,0,0,0,0,0,0,0,0,0,0,0,0,0,0,0,0.0,0,1,1,0,0,0,0,0,1,1,0,0,1,0.0,1.0,1,0.0,0.0,0.0,0.0,0.0,0.0,0.0,0.0,1.0,0.0,0.0,0.0,0.0,0,0,0,0,0,0,0,0.0,0,0,100.0,0,0.0,0,0,0,9,0,0,0,1,0,0,0,1.0,False
294,ERC2771ContextMock,/home/motafeq/projects/chainguardian-ai/data/safe_contracts/openzeppelin-contracts/contracts/mocks/ERC2771ContextMock.sol,safe_contracts,safe_contracts,comprehensive,success,False,False,False,False,False,False,False,False,False,False,False,False,False,False,False,False,False,False,False,False,False,False,False,0,0,0,17,0,0,3,7,0,0,4,1,1.0,4,0,0,0.0,0,0,0,0,0,0.0,0.0,0.0,3.0,1.5,False,0,0,1.0,False,0,0,0,0,0,2,0.56,0,3,0,9,0,1,3,5,4,0,2,2,4,0,0,0,1,0,1,0,0,0,0,0,0,0,0,0,0,0,0,0,0,0,0,0.0,0,4,1,0,3,0,3,0,1,0,0,0,0,0.0,0.0,9,0.0,0.0,0.0,0.0,0.0,0.0,0.0,0.0,0.25,0.75,0.0,0.0,1.75,0,0,0,0,0,0,0,0.0,0,1,25.0,0,0.0,4,0,0,1,0,0,0,4,0,0,0,1.0,False
295,EtherReceiverMock,/home/motafeq/projects/chainguardian-ai/data/safe_contracts/openzeppelin-contracts/contracts/mocks/EtherReceiverMock.sol,safe_contracts,safe_contracts,comprehensive,success,False,False,False,False,False,False,False,False,False,False,False,False,False,False,False,False,False,False,False,False,False,False,False,0,0,0,2,1,0,0,0,0,1,0,3,2.0,4,0,0,0.0,0,0,0,0,0,0.0,0.0,0.0,8.0,4.0,False,0,0,1.0,False,0,0,0,0,0,2,0.83,0,0,0,6,0,1,0,1,0,2,1,1,3,1,0,1,0,1,1,1,0,0,0,0,0,0,1,0,1,0,0,1,0,0,0,0.5,0,2,1,1,0,0,0,0,0,0,0,1,1,0.5,0.5,1,0.0,0.0,0.0,0.0,0.0,0.0,0.0,0.5,0.5,0.0,0.5,1.0,0.0,0,0,0,0,0,0,0,1.0,0,1,50.0,0,0.0,0,0,0,3,0,0,0,2,0,0,0,1.0,False
296,CallReceiverMock,/home/motafeq/projects/chainguardian-ai/data/safe_contracts/openzeppelin-contracts/contracts/mocks/CallReceiverMock.sol,safe_contracts,safe_contracts,comprehensive,success,False,False,False,False,False,False,False,False,False,False,False,False,False,False,False,False,False,False,False,False,False,False,False,0,0,0,15,1,0,3,1,0,11,0,3,1.0,17,0,0,0.0,0,0,0,0,0,0.0,0.0,0.0,7.0,3.5,False,0,0,1.0,False,0,0,0,0,1,5,0.69,0,8,0,47,0,1,1,6,0,13,1,3,19,1,1,0,0,1,6,0,0,0,0,0,0,0,4,2,0,0,0,12,0,0,0,0.429,2,15,15,0,0,0,2,2,0,0,0,1,1,0.07,0.07,2,0.0,0.0,0.0,0.0,0.0,0.0,0.0,0.0,1.0,0.133,0.733,1.0,0.067,0,0,0,0,0,0,0,2.0,0,1,6.67,0,0.0,0,0,0,3,0,0,0,15,0,0,0,1.0,False
297,PausableMock,/home/motafeq/projects/chainguardian-ai/data/safe_contracts/openzeppelin-contracts/contracts/mocks/PausableMock.sol,safe_contracts,safe_contracts,comprehensive,success,False,False,False,False,False,False,False,False,False,False,False,False,False,False,False,False,False,False,False,False,False,False,False,0,0,0,13,2,2,2,0,0,0,2,1,1.0,5,0,0,0.0,0,0,0,0,0,0.0,0.0,0.0,3.0,1.5,False,0,0,1.0,False,0,0,0,0,0,2,0.62,0,0,0,13,0,1,0,4,0,5,1,1,9,1,0,0,0,1,0,0,0,0,0,0,4,0,2,1,0,0,0,0,0,0,0,0.0,1,5,1,4,0,0,0,0,1,0,0,1,4,0.2,0.8,3,0.0,0.0,0.0,0.0,0.0,0.0,0.0,0.8,0.2,0.0,0.0,0.25,0.0,0,0,0,0,0,0,0,0.0,0,1,20.0,0,0.0,0,0,0,1,0,0,0,5,0,0,0,1.0,False
298,BatchCaller,/home/motafeq/projects/chainguardian-ai/data/safe_contracts/openzeppelin-contracts/contracts/mocks/BatchCaller.sol,safe_contracts,safe_contracts,comprehensive,success,False,False,False,False,False,False,False,False,False,False,False,False,False,False,False,False,False,False,False,False,False,False,False,0,0,0,1,0,0,0,2,0,0,0,4,4.0,4,0,0,0.0,0,0,0,0,0,0.0,0.0,0.0,12.0,6.0,False,0,0,1.0,False,0,0,0,0,1,6,1.0,0,1,0,9,0,0,2,0,0,1,0,0,1,0,0,1,2,0,1,0,1,0,1,0,0,0,2,2,0,0,0,1,0,0,0,0.056,2,1,0,1,0,0,0,0,0,0,1,0,0,0.0,0.0,4,0.0,0.0,0.0,0.0,0.0,0.0,0.0,1.0,0.0,0.0,0.0,0.0,2.0,0,0,0,0,0,0,0,0.0,0,0,100.0,0,0.0,0,0,0,4,0,0,0,1,0,0,0,1.0,False
299,AccessManagerMock,/home/motafeq/projects/chainguardian-ai/data/safe_contracts/openzeppelin-contracts/contracts/mocks/AccessManagerMock.sol,safe_contracts,safe_contracts,comprehensive,success,False,False,False,False,False,False,False,False,False,False,False,False,False,False,False,False,False,False,False,False,False,False,False,0,0,0,85,2,1,14,25,0,2,4,1,1.0,4,0,0,0.0,0,0,0,0,0,0.0,0.0,0.0,3.0,1.5,False,6,2,0.25,False,0,3,6,0,0,2,0.56,0,0,0,9,0,1,0,2,1,3,1,1,5,0,0,0,0,0,1,0,0,0,0,0,1,0,4,0,0,0,0,0,0,0,0,0.0,0,4,3,0,1,0,0,0,1,0,4,0,2,0.0,0.5,14,0.0,0.0,0.0,0.0,0.0,0.0,0.0,0.0,0.75,0.0,0.5,0.0,6.25,0,0,0,0,0,0,0,0.0,0,1,25.0,0,0.0,1,0,0,1,0,0,0,4,0,0,0,1.0,False
300,InitializableMock,/home/motafeq/projects/chainguardian-ai/data/safe_contracts/openzeppelin-contracts/contracts/mocks/InitializableMock.sol,safe_contracts,safe_contracts,comprehensive,success,False,False,False,False,False,False,False,False,False,False,False,False,False,False,False,False,False,False,False,False,False,False,False,0,0,0,14,3,3,1,0,0,2,1,1,1.0,8,0,0,0.0,0,0,0,0,0,0.0,0.0,0.0,3.0,1.5,False,0,0,1.0,False,0,0,0,0,0,2,0.62,0,1,0,21,0,2,0,9,0,5,2,4,12,2,1,2,0,0,2,2,0,0,0,0,7,0,4,0,0,0,0,2,0,0,0,0.273,0,8,8,0,0,0,2,1,0,0,1,0,4,0.0,0.5,10,0.0,0.0,0.0,0.0,0.0,0.0,0.0,0.0,1.0,0.25,0.25,0.0,0.0,0,0,0,0,0,0,0,0.0,0,1,12.5,0,0.0,0,0,0,1,0,0,0,8,0,0,0,1.0,False
301,UpgradeableBeaconMock,/home/motafeq/projects/chainguardian-ai/data/safe_contracts/openzeppelin-contracts/contracts/mocks/UpgradeableBeaconMock.sol,safe_contracts,safe_contracts,comprehensive,success,False,False,False,False,False,False,False,False,False,False,False,False,False,False,False,False,False,False,False,False,False,False,False,0,0,0,2,1,0,0,0,0,0,1,1,1.0,1,0,0,0.0,0,0,0,0,0,0.0,0.0,0.0,3.0,1.5,False,0,0,1.0,False,0,0,0,0,0,1,0.5,0,0,0,2,0,0,0,0,0,1,0,0,1,0,0,1,0,0,1,1,0,0,0,0,0,0,0,0,0,0,0,0,0,0,0,0.0,0,1,1,0,0,0,0,0,1,0,0,0,1,0.0,1.0,4,0.0,0.0,0.0,0.0,0.0,0.0,0.0,0.0,1.0,0.0,0.0,0.0,0.0,0,0,0,0,0,0,0,0.0,0,1,100.0,0,0.0,0,0,0,1,0,0,0,1,0,0,0,1.0,False
302,ERC1271WalletMock,/home/motafeq/projects/chainguardian-ai/data/safe_contracts/openzeppelin-contracts/contracts/mocks/ERC1271WalletMock.sol,safe_contracts,safe_contracts,comprehensive,success,False,False,False,False,False,False,False,False,False,False,False,False,False,False,False,False,False,False,False,False,False,False,False,0,0,0,12,0,1,1,1,0,0,3,2,1.0,3,0,0,0.0,0,0,0,0,0,0.0,0.0,0.0,5.0,2.5,False,0,0,1.0,False,0,0,0,0,0,2,0.67,0,2,0,6,0,1,1,2,1,1,1,1,3,0,0,1,0,0,2,0,1,0,0,0,0,0,0,0,0,0,0,0,0,0,0,0.0,0,2,2,0,0,0,1,0,1,0,0,0,0,0.0,0.0,6,0.0,0.0,0.0,0.0,0.0,0.0,0.0,0.0,1.0,0.5,0.0,0.0,0.5,0,0,0,0,0,0,0,1.0,0,1,50.0,0,0.0,1,0,0,2,0,0,0,2,0,0,0,1.0,False
303,IGovernor,/home/motafeq/projects/chainguardian-ai/data/safe_contracts/openzeppelin-contracts/contracts/governance/IGovernor.sol,safe_contracts,safe_contracts,comprehensive,success,False,False,False,False,False,False,False,False,False,False,False,False,False,False,False,False,False,False,False,False,False,False,False,0,0,0,30,0,0,6,0,0,1,2,1,1.0,27,0,0,0.0,0,0,0,0,0,0.0,0.0,0.0,3.0,1.5,False,0,0,1.0,False,0,0,0,0,0,0,0.0,0,0,0,0,0,0,0,0,0,27,0,0,27,0,0,0,0,0,21,0,0,0,0,0,0,0,0,0,0,0,0,35,0,0,0,0.0,0,27,0,27,0,0,18,1,0,1,0,0,0,0.0,0.0,3,0.0,0.0,0.0,0.0,0.0,0.0,0.0,1.0,0.0,0.667,0.037,0.0,0.0,0,0,0,0,0,0,0,0.0,0,1,3.7,0,0.0,0,0,0,1,0,0,0,27,0,0,0,1.0,False
304,TimelockController,/home/motafeq/projects/chainguardian-ai/data/safe_contracts/openzeppelin-contracts/contracts/governance/TimelockController.sol,safe_contracts,safe_contracts,comprehensive,success,False,False,False,False,False,False,False,False,False,False,False,False,False,False,False,False,False,False,False,False,False,False,False,0,0,0,52,7,2,8,4,1,3,9,9,2.0,63,0,0,0.0,0,0,0,0,0,0.0,0.0,0.0,20.0,10.0,False,0,0,1.0,False,0,0,0,0,4,14,0.94,1,14,0,145,0,4,4,49,1,16,6,4,35,0,5,8,2,7,21,5,3,0,1,1,26,0,19,16,2,0,0,30,1,0,0,0.238,16,24,17,1,3,3,12,3,1,1,1,15,10,0.62,0.42,13,0.0,0.0,0.0,0.0,0.0,0.0,0.0,0.042,0.708,0.5,0.125,1.5,0.167,0,0,0,0,0,0,0,7.0,0,1,4.17,0,0.0,1,0,0,9,0,0,0,24,0,0,0,1.0,False
305,Account,/home/motafeq/projects/chainguardian-ai/data/safe_contracts/openzeppelin-contracts/contracts/account/Account.sol,safe_contracts,safe_contracts,comprehensive,success,False,False,False,False,False,False,False,False,False,False,False,False,False,False,False,False,False,False,False,False,False,False,False,0,0,0,12,0,2,0,2,0,1,2,3,1.0,17,0,0,0.0,0,0,0,0,0,0.0,0.0,0.0,7.0,3.5,False,0,0,1.0,False,0,0,0,0,0,4,0.78,0,7,0,32,0,2,2,11,1,7,3,3,12,0,1,2,1,0,5,0,2,0,1,0,5,0,1,1,0,0,0,7,0,0,0,0.438,1,10,4,1,5,0,6,0,0,0,0,0,0,0.0,0.0,17,0.0,0.0,0.0,0.0,0.0,0.0,0.0,0.1,0.4,0.6,0.1,0.0,0.2,0,0,0,0,0,0,0,2.0,0,1,10.0,0,0.0,1,0,0,3,0,0,0,10,0,0,0,1.0,False
306,ERC2771Context,/home/motafeq/projects/chainguardian-ai/data/safe_contracts/openzeppelin-contracts/contracts/metatx/ERC2771Context.sol,safe_contracts,safe_contracts,comprehensive,success,False,False,False,False,False,False,False,False,False,False,False,False,False,False,False,False,False,False,False,False,False,False,False,0,0,0,9,1,0,0,0,0,0,1,2,1.0,8,0,0,0.0,0,0,0,0,0,0.0,0.0,0.0,5.0,2.5,False,0,0,1.0,False,0,0,0,0,0,4,0.7,0,7,0,20,0,1,0,7,2,3,3,2,6,0,0,1,0,1,2,1,0,0,0,0,0,0,0,0,0,0,0,0,0,0,0,0.0,0,6,2,0,4,0,5,0,1,0,0,1,1,0.17,0.17,2,0.0,0.0,0.0,0.0,0.0,0.0,0.0,0.0,0.333,0.833,0.0,1.0,0.0,0,0,0,0,0,0,0,1.0,0,1,16.67,0,0.0,2,0,0,2,0,0,0,6,0,0,0,1.0,False
307,ERC7786Recipient,/home/motafeq/projects/chainguardian-ai/data/safe_contracts/openzeppelin-contracts/contracts/crosschain/ERC7786Recipient.sol,safe_contracts,safe_contracts,comprehensive,success,False,False,False,False,False,False,False,False,False,False,False,False,False,False,False,False,False,False,False,False,False,False,False,0,0,0,4,1,0,0,2,0,2,1,5,2.0,7,0,0,0.0,0,0,0,0,0,0.0,0.0,0.0,12.0,6.0,False,0,0,1.0,False,0,0,0,0,0,7,1.1,0,1,0,10,0,1,2,4,0,4,4,1,5,1,0,1,2,0,3,0,1,0,2,0,2,0,1,0,1,0,0,7,0,0,1,0.467,0,3,0,1,2,0,1,0,0,0,0,1,0,0.33,0.0,4,0.0,0.0,0.0,0.0,0.0,0.0,0.0,0.333,0.0,0.333,0.667,0.0,0.667,0,0,0,0,0,0,0,3.0,0,1,33.33,0,0.0,0,0,0,5,0,0,0,3,0,0,0,1.0,False
308,IERC1155,/home/motafeq/projects/chainguardian-ai/data/safe_contracts/openzeppelin-contracts/contracts/interfaces/IERC1155.sol,safe_contracts,safe_contracts,comprehensive,success,False,False,False,False,False,False,False,False,False,False,False,False,False,False,False,False,False,False,False,False,False,False,False,0,0,0,7,0,0,4,0,0,0,1,1,1.0,6,0,0,0.0,0,0,0,0,0,0.0,0.0,0.0,3.0,1.5,False,0,0,1.0,False,0,0,0,0,0,0,0.0,0,0,0,0,0,0,0,0,0,6,0,0,6,0,0,0,0,0,6,0,0,0,0,0,0,0,0,0,0,0,0,12,0,0,0,0.0,0,6,0,6,0,0,3,0,0,0,0,0,0,0.0,0.0,2,0.0,0.0,0.0,0.0,0.0,0.0,0.0,1.0,0.0,0.5,0.0,0.0,0.0,0,0,0,0,0,0,0,0.0,0,1,16.67,0,0.0,0,0,0,1,0,0,0,6,0,0,0,1.0,False
309,IERC1967,/home/motafeq/projects/chainguardian-ai/data/safe_contracts/openzeppelin-contracts/contracts/interfaces/IERC1967.sol,safe_contracts,safe_contracts,comprehensive,success,False,False,False,False,False,False,False,False,False,False,False,False,False,False,False,False,False,False,False,False,False,False,False,0,0,0,0,0,0,3,0,0,0,0,0,0.0,0,0,0,0.0,0,0,0,0,0,0.0,0.0,0.0,0.0,0.0,False,0,0,1.0,False,0,0,0,0,0,0,0.0,0,0,0,0,0,0,0,0,0,0,0,0,0,0,0,0,0,0,0,0,0,0,0,0,0,0,0,0,0,0,0,0,0,0,0,0.0,0,0,0,0,0,0,0,0,0,0,0,0,0,0.0,0.0,1,0.0,0.0,0.0,0.0,0.0,0.0,0.0,0.0,0.0,0.0,0.0,0.0,0.0,0,0,0,0,0,0,0,0.0,0,1,100.0,0,0.0,0,0,0,0,0,0,0,1,0,0,0,1.0,False
310,IERC165,/home/motafeq/projects/chainguardian-ai/data/safe_contracts/openzeppelin-contracts/contracts/interfaces/IERC165.sol,safe_contracts,safe_contracts,comprehensive,success,False,False,False,False,False,False,False,False,False,False,False,False,False,False,False,False,False,False,False,False,False,False,False,0,0,0,1,0,0,0,0,0,0,0,1,1.0,1,0,0,0.0,0,0,0,0,0,0.0,0.0,0.0,3.0,1.5,False,0,0,1.0,False,0,0,0,0,0,0,0.0,0,0,0,0,0,0,0,0,0,1,0,0,1,0,0,0,0,0,1,0,0,0,0,0,0,0,0,0,0,0,0,0,0,0,0,0.0,0,1,0,1,0,0,1,0,0,0,0,0,0,0.0,0.0,1,0.0,0.0,0.0,0.0,0.0,0.0,0.0,1.0,0.0,1.0,0.0,0.0,0.0,0,0,0,0,0,0,0,0.0,0,1,100.0,0,0.0,0,0,0,1,0,0,0,1,0,0,0,1.0,False
311,IERC3156,/home/motafeq/projects/chainguardian-ai/data/safe_contracts/openzeppelin-contracts/contracts/interfaces/IERC3156.sol,safe_contracts,safe_contracts,comprehensive,success,False,False,False,False,False,False,False,False,False,False,False,False,False,False,False,False,False,False,False,False,False,False,False,0,0,0,1,0,0,0,0,0,0,0,1,1.0,1,0,0,0.0,0,0,0,0,0,0.0,0.0,0.0,3.0,1.5,False,0,0,1.0,False,0,0,0,0,0,0,0.0,0,0,0,0,0,0,0,0,0,1,0,0,1,0,0,0,0,0,1,0,0,0,0,0,0,0,0,0,0,0,0,5,0,0,0,0.0,0,1,0,1,0,0,0,0,0,0,0,0,0,0.0,0.0,2,0.0,0.0,0.0,0.0,0.0,0.0,0.0,1.0,0.0,0.0,0.0,0.0,0.0,0,0,0,0,0,0,0,0.0,0,1,100.0,0,0.0,0,0,0,1,0,0,0,1,0,0,0,1.0,False
312,IERC1363Spender,/home/motafeq/projects/chainguardian-ai/data/safe_contracts/openzeppelin-contracts/contracts/interfaces/IERC1363Spender.sol,safe_contracts,safe_contracts,comprehensive,success,False,False,False,False,False,False,False,False,False,False,False,False,False,False,False,False,False,False,False,False,False,False,False,0,0,0,1,0,0,0,0,0,0,0,1,1.0,1,0,0,0.0,0,0,0,0,0,0.0,0.0,0.0,3.0,1.5,False,0,0,1.0,False,0,0,0,0,0,0,0.0,0,0,0,0,0,0,0,0,0,1,0,0,1,0,0,0,0,0,1,0,0,0,0,0,0,0,0,0,0,0,0,3,0,0,0,0.0,0,1,0,1,0,0,0,0,0,0,0,0,0,0.0,0.0,1,0.0,0.0,0.0,0.0,0.0,0.0,0.0,1.0,0.0,0.0,0.0,0.0,0.0,0,0,0,0,0,0,0,0.0,0,1,100.0,0,0.0,0,0,0,1,0,0,0,1,0,0,0,1.0,False
313,draft-IERC7674,/home/motafeq/projects/chainguardian-ai/data/safe_contracts/openzeppelin-contracts/contracts/interfaces/draft-IERC7674.sol,safe_contracts,safe_contracts,comprehensive,success,False,False,False,False,False,False,False,False,False,False,False,False,False,False,False,False,False,False,False,False,False,False,False,0,0,0,7,0,0,2,0,0,0,1,1,1.0,1,0,0,0.0,0,0,0,0,0,0.0,0.0,0.0,3.0,1.5,False,0,0,1.0,False,0,0,0,0,0,0,0.0,0,0,0,0,0,0,0,0,0,1,0,0,1,0,0,0,0,0,1,0,0,0,0,0,0,0,0,0,0,0,0,2,0,0,0,0.0,0,1,0,1,0,0,0,0,0,0,0,0,0,0.0,0.0,2,0.0,0.0,0.0,0.0,0.0,0.0,0.0,1.0,0.0,0.0,0.0,0.0,0.0,0,0,0,0,0,0,0,0.0,0,1,100.0,0,0.0,0,0,0,1,0,0,0,1,0,0,0,1.0,False
314,IERC6909,/home/motafeq/projects/chainguardian-ai/data/safe_contracts/openzeppelin-contracts/contracts/interfaces/IERC6909.sol,safe_contracts,safe_contracts,comprehensive,success,False,False,False,False,False,False,False,False,False,False,False,False,False,False,False,False,False,False,False,False,False,False,False,0,0,0,8,0,0,3,0,0,0,1,1,1.0,7,0,0,0.0,0,0,0,0,0,0.0,0.0,0.0,3.0,1.5,False,0,0,1.0,False,0,0,0,0,0,0,0.0,0,0,0,0,0,0,0,0,0,7,0,0,7,0,0,0,0,0,7,0,0,0,0,0,0,0,0,0,0,0,0,12,0,0,0,0.0,0,7,0,7,0,0,3,0,0,0,0,0,0,0.0,0.0,5,0.0,0.0,0.0,0.0,0.0,0.0,0.0,1.0,0.0,0.429,0.0,0.0,0.0,0,0,0,0,0,0,0,0.0,0,1,14.29,0,0.0,0,0,0,1,0,0,0,7,0,0,0,1.0,False
315,IERC2981,/home/motafeq/projects/chainguardian-ai/data/safe_contracts/openzeppelin-contracts/contracts/interfaces/IERC2981.sol,safe_contracts,safe_contracts,comprehensive,success,False,False,False,False,False,False,False,False,False,False,False,False,False,False,False,False,False,False,False,False,False,False,False,0,0,0,2,0,0,0,0,0,0,1,1,1.0,1,0,0,0.0,0,0,0,0,0,0.0,0.0,0.0,3.0,1.5,False,0,0,1.0,False,0,0,0,0,0,0,0.0,0,0,0,0,0,0,0,0,0,1,0,0,1,0,0,0,0,0,1,0,0,0,0,0,0,0,0,0,0,0,0,0,0,0,0,0.0,0,1,0,1,0,0,1,0,0,0,0,0,0,0.0,0.0,2,0.0,0.0,0.0,0.0,0.0,0.0,0.0,1.0,0.0,1.0,0.0,0.0,0.0,0,0,0,0,0,0,0,0.0,0,1,100.0,0,0.0,0,0,0,1,0,0,0,1,0,0,0,1.0,False
316,IERC5267,/home/motafeq/projects/chainguardian-ai/data/safe_contracts/openzeppelin-contracts/contracts/interfaces/IERC5267.sol,safe_contracts,safe_contracts,comprehensive,success,False,False,False,False,False,False,False,False,False,False,False,False,False,False,False,False,False,False,False,False,False,False,False,0,0,0,1,0,0,1,0,0,0,0,1,1.0,1,0,0,0.0,0,0,0,0,0,0.0,0.0,0.0,3.0,1.5,False,0,0,1.0,False,0,0,0,0,0,0,0.0,0,0,0,0,0,0,0,0,0,1,0,0,1,0,0,0,0,0,0,0,0,0,0,0,0,0,0,0,0,0,0,0,0,0,0,0.0,0,1,0,1,0,0,1,0,0,0,0,0,0,0.0,0.0,1,0.0,0.0,0.0,0.0,0.0,0.0,0.0,1.0,0.0,1.0,0.0,0.0,0.0,0,0,0,0,0,0,0,0.0,0,1,100.0,0,0.0,0,0,0,1,0,0,0,1,0,0,0,1.0,False
317,IERC1271,/home/motafeq/projects/chainguardian-ai/data/safe_contracts/openzeppelin-contracts/contracts/interfaces/IERC1271.sol,safe_contracts,safe_contracts,comprehensive,success,False,False,False,False,False,False,False,False,False,False,False,False,False,False,False,False,False,False,False,False,False,False,False,0,0,0,1,0,0,0,0,0,0,0,1,1.0,1,0,0,0.0,0,0,0,0,0,0.0,0.0,0.0,3.0,1.5,False,0,0,1.0,False,0,0,0,0,0,0,0.0,0,0,0,0,0,0,0,0,0,1,0,0,1,0,0,0,0,0,1,0,0,0,0,0,0,0,0,0,0,0,0,0,0,0,0,0.0,0,1,0,1,0,0,1,0,0,0,0,0,0,0.0,0.0,1,0.0,0.0,0.0,0.0,0.0,0.0,0.0,1.0,0.0,1.0,0.0,0.0,0.0,0,0,0,0,0,0,0,0.0,0,1,100.0,0,0.0,0,0,0,1,0,0,0,1,0,0,0,1.0,False
318,IERC20,/home/motafeq/projects/chainguardian-ai/data/safe_contracts/openzeppelin-contracts/contracts/interfaces/IERC20.sol,safe_contracts,safe_contracts,comprehensive,success,False,False,False,False,False,False,False,False,False,False,False,False,False,False,False,False,False,False,False,False,False,False,False,0,0,0,6,0,0,2,0,0,0,0,1,1.0,6,0,0,0.0,0,0,0,0,0,0.0,0.0,0.0,3.0,1.5,False,0,0,1.0,False,0,0,0,0,0,0,0.0,0,0,0,0,0,0,0,0,0,6,0,0,6,0,0,0,0,0,5,0,0,0,0,0,0,0,0,0,0,0,0,7,0,0,0,0.0,0,6,0,6,0,0,3,0,0,0,0,0,0,0.0,0.0,1,0.0,0.0,0.0,0.0,0.0,0.0,0.0,1.0,0.0,0.5,0.0,0.0,0.0,0,0,0,0,0,0,0,0.0,0,1,16.67,0,0.0,0,0,0,1,0,0,0,6,0,0,0,1.0,False
319,IERC1363,/home/motafeq/projects/chainguardian-ai/data/safe_contracts/openzeppelin-contracts/contracts/interfaces/IERC1363.sol,safe_contracts,safe_contracts,comprehensive,success,False,False,False,False,False,False,False,False,False,False,False,False,False,False,False,False,False,False,False,False,False,False,False,0,0,0,13,0,0,2,0,0,0,2,1,1.0,6,0,0,0.0,0,0,0,0,0,0.0,0.0,0.0,3.0,1.5,False,0,0,1.0,False,0,0,0,0,0,0,0.0,0,0,0,0,0,0,0,0,0,3,0,0,3,0,0,0,0,0,6,0,0,0,0,0,0,0,0,0,0,0,0,17,0,0,0,0.0,0,6,0,6,0,0,0,0,0,0,0,0,0,0.0,0.0,3,0.0,0.0,0.0,0.0,0.0,0.0,0.0,1.0,0.0,0.0,0.0,0.0,0.0,0,0,0,0,0,0,0,0.0,0,1,16.67,0,0.0,0,0,0,1,0,0,0,6,0,0,0,1.0,False
320,IERC5313,/home/motafeq/projects/chainguardian-ai/data/safe_contracts/openzeppelin-contracts/contracts/interfaces/IERC5313.sol,safe_contracts,safe_contracts,comprehensive,success,False,False,False,False,False,False,False,False,False,False,False,False,False,False,False,False,False,False,False,False,False,False,False,0,0,0,1,0,0,0,0,0,0,0,1,1.0,1,0,0,0.0,0,0,0,0,0,0.0,0.0,0.0,3.0,1.5,False,0,0,1.0,False,0,0,0,0,0,0,0.0,0,0,0,0,0,0,0,0,0,1,0,0,1,0,0,0,0,0,0,0,0,0,0,0,0,0,0,0,0,0,0,0,0,0,0,0.0,0,1,0,1,0,0,1,0,0,0,0,0,0,0.0,0.0,1,0.0,0.0,0.0,0.0,0.0,0.0,0.0,1.0,0.0,1.0,0.0,0.0,0.0,0,0,0,0,0,0,0,0.0,0,1,100.0,0,0.0,0,0,0,1,0,0,0,1,0,0,0,1.0,False
321,IERC4626,/home/motafeq/projects/chainguardian-ai/data/safe_contracts/openzeppelin-contracts/contracts/interfaces/IERC4626.sol,safe_contracts,safe_contracts,comprehensive,success,False,False,False,False,False,False,False,False,False,False,False,False,False,False,False,False,False,False,False,False,False,False,False,0,0,0,25,0,0,4,0,0,0,2,1,1.0,16,0,0,0.0,0,0,0,0,0,0.0,0.0,0.0,3.0,1.5,False,0,0,1.0,False,0,0,0,0,0,0,0.0,0,0,0,0,0,0,0,0,0,16,0,0,16,0,0,0,0,0,14,0,0,0,0,0,0,0,0,0,0,0,0,10,0,0,0,0.0,0,16,0,16,0,0,12,0,0,0,0,0,0,0.0,0.0,3,0.0,0.0,0.0,0.0,0.0,0.0,0.0,1.0,0.0,0.75,0.0,0.0,0.0,0,0,0,0,0,0,0,0.0,0,1,6.25,0,0.0,0,0,0,1,0,0,0,16,0,0,0,1.0,False
322,IERC7751,/home/motafeq/projects/chainguardian-ai/data/safe_contracts/openzeppelin-contracts/contracts/interfaces/IERC7751.sol,safe_contracts,safe_contracts,comprehensive,success,False,False,False,False,False,False,False,False,False,False,False,False,False,False,False,False,False,False,False,False,False,False,False,0,0,0,0,0,0,0,0,0,0,0,0,0.0,0,0,0,0.0,0,0,0,0,0,0.0,0.0,0.0,0.0,0.0,False,0,0,1.0,False,0,0,0,0,0,0,0.0,0,0,0,0,0,0,0,0,0,0,0,0,0,0,0,0,0,0,0,0,0,0,0,0,0,0,0,0,0,0,0,0,0,0,0,0.0,0,0,0,0,0,0,0,0,0,0,0,0,0,0.0,0.0,1,0.0,0.0,0.0,0.0,0.0,0.0,0.0,0.0,0.0,0.0,0.0,0.0,0.0,0,0,0,0,0,0,0,0.0,0,1,100.0,0,0.0,0,0,0,0,0,0,0,1,0,0,0,1.0,False
323,IERC1363Receiver,/home/motafeq/projects/chainguardian-ai/data/safe_contracts/openzeppelin-contracts/contracts/interfaces/IERC1363Receiver.sol,safe_contracts,safe_contracts,comprehensive,success,False,False,False,False,False,False,False,False,False,False,False,False,False,False,False,False,False,False,False,False,False,False,False,0,0,0,1,0,0,0,0,0,0,0,1,1.0,1,0,0,0.0,0,0,0,0,0,0.0,0.0,0.0,3.0,1.5,False,0,0,1.0,False,0,0,0,0,0,0,0.0,0,0,0,0,0,0,0,0,0,1,0,0,1,0,0,0,0,0,1,0,0,0,0,0,0,0,0,0,0,0,0,4,0,0,0,0.0,0,1,0,1,0,0,0,0,0,0,0,0,0,0.0,0.0,1,0.0,0.0,0.0,0.0,0.0,0.0,0.0,1.0,0.0,0.0,0.0,0.0,0.0,0,0,0,0,0,0,0,0.0,0,1,100.0,0,0.0,0,0,0,1,0,0,0,1,0,0,0,1.0,False
324,IERC721Enumerable,/home/motafeq/projects/chainguardian-ai/data/safe_contracts/openzeppelin-contracts/contracts/interfaces/IERC721Enumerable.sol,safe_contracts,safe_contracts,comprehensive,success,False,False,False,False,False,False,False,False,False,False,False,False,False,False,False,False,False,False,False,False,False,False,False,0,0,0,13,0,0,3,0,0,0,2,1,1.0,3,0,0,0.0,0,0,0,0,0,0.0,0.0,0.0,3.0,1.5,False,0,0,1.0,False,0,0,0,0,0,0,0.0,0,0,0,0,0,0,0,0,0,3,0,0,3,0,0,0,0,0,2,0,0,0,0,0,0,0,0,0,0,0,0,0,0,0,0,0.0,0,3,0,3,0,0,3,0,0,0,0,0,0,0.0,0.0,3,0.0,0.0,0.0,0.0,0.0,0.0,0.0,1.0,0.0,1.0,0.0,0.0,0.0,0,0,0,0,0,0,0,0.0,0,1,33.33,0,0.0,0,0,0,1,0,0,0,3,0,0,0,1.0,False
325,IERC721,/home/motafeq/projects/chainguardian-ai/data/safe_contracts/openzeppelin-contracts/contracts/interfaces/IERC721.sol,safe_contracts,safe_contracts,comprehensive,success,False,False,False,False,False,False,False,False,False,False,False,False,False,False,False,False,False,False,False,False,False,False,False,0,0,0,10,0,0,3,0,0,0,1,1,1.0,9,0,0,0.0,0,0,0,0,0,0.0,0.0,0.0,3.0,1.5,False,0,0,1.0,False,0,0,0,0,0,0,0.0,0,0,0,0,0,0,0,0,0,8,0,0,8,0,0,0,0,0,9,0,0,0,0,0,0,0,0,0,0,0,0,14,0,0,0,0.0,0,9,0,9,0,0,4,0,0,0,0,0,0,0.0,0.0,2,0.0,0.0,0.0,0.0,0.0,0.0,0.0,1.0,0.0,0.444,0.0,0.0,0.0,0,0,0,0,0,0,0,0.0,0,1,11.11,0,0.0,0,0,0,1,0,0,0,9,0,0,0,1.0,False
326,IERC2309,/home/motafeq/projects/chainguardian-ai/data/safe_contracts/openzeppelin-contracts/contracts/interfaces/IERC2309.sol,safe_contracts,safe_contracts,comprehensive,success,False,False,False,False,False,False,False,False,False,False,False,False,False,False,False,False,False,False,False,False,False,False,False,0,0,0,0,0,0,1,0,0,0,0,0,0.0,0,0,0,0.0,0,0,0,0,0,0.0,0.0,0.0,0.0,0.0,False,0,0,1.0,False,0,0,0,0,0,0,0.0,0,0,0,0,0,0,0,0,0,0,0,0,0,0,0,0,0,0,0,0,0,0,0,0,0,0,0,0,0,0,0,0,0,0,0,0.0,0,0,0,0,0,0,0,0,0,0,0,0,0,0.0,0.0,1,0.0,0.0,0.0,0.0,0.0,0.0,0.0,0.0,0.0,0.0,0.0,0.0,0.0,0,0,0,0,0,0,0,0.0,0,1,100.0,0,0.0,0,0,0,0,0,0,0,1,0,0,0,1.0,False
327,draft-IERC7802,/home/motafeq/projects/chainguardian-ai/data/safe_contracts/openzeppelin-contracts/contracts/interfaces/draft-IERC7802.sol,safe_contracts,safe_contracts,comprehensive,success,False,False,False,False,False,False,False,False,False,False,False,False,False,False,False,False,False,False,False,False,False,False,False,0,0,0,3,0,0,2,0,0,0,1,1,1.0,2,0,0,0.0,0,0,0,0,0,0.0,0.0,0.0,3.0,1.5,False,0,0,1.0,False,0,0,0,0,0,0,0.0,0,0,0,0,0,0,0,0,0,2,0,0,2,0,0,0,0,0,2,0,0,0,0,0,0,0,0,0,0,0,0,4,0,0,0,0.0,0,2,0,2,0,0,0,0,0,0,0,0,0,0.0,0.0,2,0.0,0.0,0.0,0.0,0.0,0.0,0.0,1.0,0.0,0.0,0.0,0.0,0.0,0,0,0,0,0,0,0,0.0,0,1,50.0,0,0.0,0,0,0,1,0,0,0,2,0,0,0,1.0,False
328,IERC20Metadata,/home/motafeq/projects/chainguardian-ai/data/safe_contracts/openzeppelin-contracts/contracts/interfaces/IERC20Metadata.sol,safe_contracts,safe_contracts,comprehensive,success,False,False,False,False,False,False,False,False,False,False,False,False,False,False,False,False,False,False,False,False,False,False,False,0,0,0,9,0,0,2,0,0,0,1,1,1.0,3,0,0,0.0,0,0,0,0,0,0.0,0.0,0.0,3.0,1.5,False,0,0,1.0,False,0,0,0,0,0,0,0.0,0,0,0,0,0,0,0,0,0,3,0,0,3,0,0,0,0,0,0,0,0,0,0,0,0,0,0,0,0,0,0,0,0,0,0,0.0,0,3,0,3,0,0,3,0,0,0,0,0,0,0.0,0.0,2,0.0,0.0,0.0,0.0,0.0,0.0,0.0,1.0,0.0,1.0,0.0,0.0,0.0,0,0,0,0,0,0,0,0.0,0,1,33.33,0,0.0,0,0,0,1,0,0,0,3,0,0,0,1.0,False
329,IERC2612,/home/motafeq/projects/chainguardian-ai/data/safe_contracts/openzeppelin-contracts/contracts/interfaces/IERC2612.sol,safe_contracts,safe_contracts,comprehensive,success,False,False,False,False,False,False,False,False,False,False,False,False,False,False,False,False,False,False,False,False,False,False,False,0,0,0,3,0,0,0,0,0,0,1,0,0.0,0,0,0,0.0,0,0,0,0,0,0.0,0.0,0.0,0.0,0.0,False,0,0,1.0,False,0,0,0,0,0,0,0.0,0,0,0,0,0,0,0,0,0,0,0,0,0,0,0,0,0,0,0,0,0,0,0,0,0,0,0,0,0,0,0,0,0,0,0,0.0,0,0,0,0,0,0,0,0,0,0,0,0,0,0.0,0.0,2,0.0,0.0,0.0,0.0,0.0,0.0,0.0,0.0,0.0,0.0,0.0,0.0,0.0,0,0,0,0,0,0,0,0.0,0,1,100.0,0,0.0,0,0,0,0,0,0,0,1,0,0,0,1.0,False
330,IERC5805,/home/motafeq/projects/chainguardian-ai/data/safe_contracts/openzeppelin-contracts/contracts/interfaces/IERC5805.sol,safe_contracts,safe_contracts,comprehensive,success,False,False,False,False,False,False,False,False,False,False,False,False,False,False,False,False,False,False,False,False,False,False,False,0,0,0,8,0,0,2,0,0,0,2,0,0.0,0,0,0,0.0,0,0,0,0,0,0.0,0.0,0.0,0.0,0.0,False,0,0,1.0,False,0,0,0,0,0,0,0.0,0,0,0,0,0,0,0,0,0,0,0,0,0,0,0,0,0,0,0,0,0,0,0,0,0,0,0,0,0,0,0,0,0,0,0,0.0,0,0,0,0,0,0,0,0,0,0,0,0,0,0.0,0.0,3,0.0,0.0,0.0,0.0,0.0,0.0,0.0,0.0,0.0,0.0,0.0,0.0,0.0,0,0,0,0,0,0,0,0.0,0,1,100.0,0,0.0,0,0,0,0,0,0,0,1,0,0,0,1.0,False
331,IERC777,/home/motafeq/projects/chainguardian-ai/data/safe_contracts/openzeppelin-contracts/contracts/interfaces/IERC777.sol,safe_contracts,safe_contracts,comprehensive,success,False,False,False,False,False,False,False,False,False,False,False,False,False,False,False,False,False,False,False,False,False,False,False,0,0,0,13,0,0,5,0,0,0,0,1,1.0,13,0,0,0.0,0,0,0,0,0,0.0,0.0,0.0,3.0,1.5,False,0,0,1.0,False,0,0,0,0,0,0,0.0,0,0,0,0,0,0,0,0,0,13,0,0,13,0,0,0,0,0,8,0,0,0,0,0,0,0,0,0,0,0,0,16,0,0,0,0.0,0,13,0,13,0,0,7,0,0,0,0,0,0,0.0,0.0,1,0.0,0.0,0.0,0.0,0.0,0.0,0.0,1.0,0.0,0.538,0.0,0.0,0.0,0,0,0,0,0,0,0,0.0,0,1,7.69,0,0.0,0,0,0,1,0,0,0,13,0,0,0,1.0,False
332,IERC7913,/home/motafeq/projects/chainguardian-ai/data/safe_contracts/openzeppelin-contracts/contracts/interfaces/IERC7913.sol,safe_contracts,safe_contracts,comprehensive,success,False,False,False,False,False,False,False,False,False,False,False,False,False,False,False,False,False,False,False,False,False,False,False,0,0,0,1,0,0,0,0,0,0,0,1,1.0,1,0,0,0.0,0,0,0,0,0,0.0,0.0,0.0,3.0,1.5,False,0,0,1.0,False,0,0,0,0,0,0,0.0,0,0,0,0,0,0,0,0,0,1,0,0,1,0,0,0,0,0,1,0,0,0,0,0,0,0,0,0,0,0,0,0,0,0,0,0.0,0,1,0,1,0,0,1,0,0,0,0,0,0,0.0,0.0,1,0.0,0.0,0.0,0.0,0.0,0.0,0.0,1.0,0.0,1.0,0.0,0.0,0.0,0,0,0,0,0,0,0,0.0,0,1,100.0,0,0.0,0,0,0,1,0,0,0,1,0,0,0,1.0,False
333,IERC721Receiver,/home/motafeq/projects/chainguardian-ai/data/safe_contracts/openzeppelin-contracts/contracts/interfaces/IERC721Receiver.sol,safe_contracts,safe_contracts,comprehensive,success,False,False,False,False,False,False,False,False,False,False,False,False,False,False,False,False,False,False,False,False,False,False,False,0,0,0,1,0,0,0,0,0,0,0,1,1.0,1,0,0,0.0,0,0,0,0,0,0.0,0.0,0.0,3.0,1.5,False,0,0,1.0,False,0,0,0,0,0,0,0.0,0,0,0,0,0,0,0,0,0,1,0,0,1,0,0,0,0,0,1,0,0,0,0,0,0,0,0,0,0,0,0,4,0,0,0,0.0,0,1,0,1,0,0,0,0,0,0,0,0,0,0.0,0.0,1,0.0,0.0,0.0,0.0,0.0,0.0,0.0,1.0,0.0,0.0,0.0,0.0,0.0,0,0,0,0,0,0,0,0.0,0,1,100.0,0,0.0,0,0,0,1,0,0,0,1,0,0,0,1.0,False
334,IERC3156FlashLender,/home/motafeq/projects/chainguardian-ai/data/safe_contracts/openzeppelin-contracts/contracts/interfaces/IERC3156FlashLender.sol,safe_contracts,safe_contracts,comprehensive,success,False,False,False,False,False,False,False,False,False,False,False,False,False,False,False,False,False,False,False,False,False,False,False,0,0,0,3,0,0,0,0,0,0,0,1,1.0,3,0,0,0.0,0,0,0,0,0,0.0,0.0,0.0,3.0,1.5,False,0,0,1.0,False,0,0,0,0,0,0,0.0,0,0,0,0,0,0,0,0,0,3,0,0,3,0,0,0,0,0,3,0,0,0,0,0,0,0,0,0,0,0,0,4,0,0,0,0.0,0,3,0,3,0,0,2,0,0,0,0,0,0,0.0,0.0,2,0.0,0.0,0.0,0.0,0.0,0.0,0.0,1.0,0.0,0.667,0.0,0.0,0.0,0,0,0,0,0,0,0,0.0,0,1,33.33,0,0.0,0,0,0,1,0,0,0,3,0,0,0,1.0,False
335,IERC4906,/home/motafeq/projects/chainguardian-ai/data/safe_contracts/openzeppelin-contracts/contracts/interfaces/IERC4906.sol,safe_contracts,safe_contracts,comprehensive,success,False,False,False,False,False,False,False,False,False,False,False,False,False,False,False,False,False,False,False,False,False,False,False,0,0,0,10,0,0,5,0,0,0,2,0,0.0,0,0,0,0.0,0,0,0,0,0,0.0,0.0,0.0,0.0,0.0,False,0,0,1.0,False,0,0,0,0,0,0,0.0,0,0,0,0,0,0,0,0,0,0,0,0,0,0,0,0,0,0,0,0,0,0,0,0,0,0,0,0,0,0,0,0,0,0,0,0.0,0,0,0,0,0,0,0,0,0,0,0,0,0,0.0,0.0,3,0.0,0.0,0.0,0.0,0.0,0.0,0.0,0.0,0.0,0.0,0.0,0.0,0.0,0,0,0,0,0,0,0,0.0,0,1,100.0,0,0.0,0,0,0,0,0,0,0,1,0,0,0,1.0,False
336,IERC3156FlashBorrower,/home/motafeq/projects/chainguardian-ai/data/safe_contracts/openzeppelin-contracts/contracts/interfaces/IERC3156FlashBorrower.sol,safe_contracts,safe_contracts,comprehensive,success,False,False,False,False,False,False,False,False,False,False,False,False,False,False,False,False,False,False,False,False,False,False,False,0,0,0,1,0,0,0,0,0,0,0,1,1.0,1,0,0,0.0,0,0,0,0,0,0.0,0.0,0.0,3.0,1.5,False,0,0,1.0,False,0,0,0,0,0,0,0.0,0,0,0,0,0,0,0,0,0,1,0,0,1,0,0,0,0,0,1,0,0,0,0,0,0,0,0,0,0,0,0,5,0,0,0,0.0,0,1,0,1,0,0,0,0,0,0,0,0,0,0.0,0.0,1,0.0,0.0,0.0,0.0,0.0,0.0,0.0,1.0,0.0,0.0,0.0,0.0,0.0,0,0,0,0,0,0,0,0.0,0,1,100.0,0,0.0,0,0,0,1,0,0,0,1,0,0,0,1.0,False
337,IERC1820Registry,/home/motafeq/projects/chainguardian-ai/data/safe_contracts/openzeppelin-contracts/contracts/interfaces/IERC1820Registry.sol,safe_contracts,safe_contracts,comprehensive,success,False,False,False,False,False,False,False,False,False,False,False,False,False,False,False,False,False,False,False,False,False,False,False,0,0,0,8,0,0,2,0,0,0,0,1,1.0,8,0,0,0.0,0,0,0,0,0,0.0,0.0,0.0,3.0,1.5,False,0,0,1.0,False,0,0,0,0,0,0,0.0,0,0,0,0,0,0,0,0,0,8,0,0,8,0,0,0,0,0,8,0,0,0,0,0,0,0,0,0,0,0,0,7,0,0,0,0.0,0,8,0,8,0,0,5,1,0,0,0,0,0,0.0,0.0,1,0.0,0.0,0.0,0.0,0.0,0.0,0.0,1.0,0.0,0.625,0.0,0.0,0.0,0,0,0,0,0,0,0,0.0,0,1,12.5,0,0.0,0,0,0,1,0,0,0,8,0,0,0,1.0,False
338,IERC777Recipient,/home/motafeq/projects/chainguardian-ai/data/safe_contracts/openzeppelin-contracts/contracts/interfaces/IERC777Recipient.sol,safe_contracts,safe_contracts,comprehensive,success,False,False,False,False,False,False,False,False,False,False,False,False,False,False,False,False,False,False,False,False,False,False,False,0,0,0,1,0,0,0,0,0,0,0,1,1.0,1,0,0,0.0,0,0,0,0,0,0.0,0.0,0.0,3.0,1.5,False,0,0,1.0,False,0,0,0,0,0,0,0.0,0,0,0,0,0,0,0,0,0,1,0,0,1,0,0,0,0,0,1,0,0,0,0,0,0,0,0,0,0,0,0,6,0,0,0,0.0,0,1,0,1,0,0,0,0,0,0,0,0,0,0.0,0.0,1,0.0,0.0,0.0,0.0,0.0,0.0,0.0,1.0,0.0,0.0,0.0,0.0,0.0,0,0,0,0,0,0,0,0.0,0,1,100.0,0,0.0,0,0,0,1,0,0,0,1,0,0,0,1.0,False
339,IERC721Metadata,/home/motafeq/projects/chainguardian-ai/data/safe_contracts/openzeppelin-contracts/contracts/interfaces/IERC721Metadata.sol,safe_contracts,safe_contracts,comprehensive,success,False,False,False,False,False,False,False,False,False,False,False,False,False,False,False,False,False,False,False,False,False,False,False,0,0,0,13,0,0,3,0,0,0,2,1,1.0,3,0,0,0.0,0,0,0,0,0,0.0,0.0,0.0,3.0,1.5,False,0,0,1.0,False,0,0,0,0,0,0,0.0,0,0,0,0,0,0,0,0,0,3,0,0,3,0,0,0,0,0,1,0,0,0,0,0,0,0,0,0,0,0,0,0,0,0,0,0.0,0,3,0,3,0,0,3,0,0,0,0,0,0,0.0,0.0,3,0.0,0.0,0.0,0.0,0.0,0.0,0.0,1.0,0.0,1.0,0.0,0.0,0.0,0,0,0,0,0,0,0,0.0,0,1,33.33,0,0.0,0,0,0,1,0,0,0,3,0,0,0,1.0,False
340,IERC777Sender,/home/motafeq/projects/chainguardian-ai/data/safe_contracts/openzeppelin-contracts/contracts/interfaces/IERC777Sender.sol,safe_contracts,safe_contracts,comprehensive,success,False,False,False,False,False,False,False,False,False,False,False,False,False,False,False,False,False,False,False,False,False,False,False,0,0,0,1,0,0,0,0,0,0,0,1,1.0,1,0,0,0.0,0,0,0,0,0,0.0,0.0,0.0,3.0,1.5,False,0,0,1.0,False,0,0,0,0,0,0,0.0,0,0,0,0,0,0,0,0,0,1,0,0,1,0,0,0,0,0,1,0,0,0,0,0,0,0,0,0,0,0,0,6,0,0,0,0.0,0,1,0,1,0,0,0,0,0,0,0,0,0,0.0,0.0,1,0.0,0.0,0.0,0.0,0.0,0.0,0.0,1.0,0.0,0.0,0.0,0.0,0.0,0,0,0,0,0,0,0,0.0,0,1,100.0,0,0.0,0,0,0,1,0,0,0,1,0,0,0,1.0,False
341,IERC1820Implementer,/home/motafeq/projects/chainguardian-ai/data/safe_contracts/openzeppelin-contracts/contracts/interfaces/IERC1820Implementer.sol,safe_contracts,safe_contracts,comprehensive,success,False,False,False,False,False,False,False,False,False,False,False,False,False,False,False,False,False,False,False,False,False,False,False,0,0,0,1,0,0,0,0,0,0,0,1,1.0,1,0,0,0.0,0,0,0,0,0,0.0,0.0,0.0,3.0,1.5,False,0,0,1.0,False,0,0,0,0,0,0,0.0,0,0,0,0,0,0,0,0,0,1,0,0,1,0,0,0,0,0,1,0,0,0,0,0,0,0,0,0,0,0,0,0,0,0,0,0.0,0,1,0,1,0,0,1,0,0,0,0,0,0,0.0,0.0,1,0.0,0.0,0.0,0.0,0.0,0.0,0.0,1.0,0.0,1.0,0.0,0.0,0.0,0,0,0,0,0,0,0,0.0,0,1,100.0,0,0.0,0,0,0,1,0,0,0,1,0,0,0,1.0,False
342,draft-IERC7821,/home/motafeq/projects/chainguardian-ai/data/safe_contracts/openzeppelin-contracts/contracts/interfaces/draft-IERC7821.sol,safe_contracts,safe_contracts,comprehensive,success,False,False,False,False,False,False,False,False,False,False,False,False,False,False,False,False,False,False,False,False,False,False,False,0,0,0,2,0,0,0,0,0,1,0,1,1.0,2,0,0,0.0,0,0,0,0,0,0.0,0.0,0.0,3.0,1.5,False,0,0,1.0,False,0,0,0,0,0,0,0.0,0,0,0,0,0,0,0,0,0,2,0,0,2,0,0,0,0,0,2,0,0,0,0,0,0,0,0,0,0,0,0,2,0,0,0,0.0,0,2,0,2,0,0,1,0,0,0,0,0,0,0.0,0.0,1,0.0,0.0,0.0,0.0,0.0,0.0,0.0,1.0,0.0,0.5,0.5,0.0,0.0,0,0,0,0,0,0,0,0.0,0,1,50.0,0,0.0,0,0,0,1,0,0,0,2,0,0,0,1.0,False
343,IERC1155Receiver,/home/motafeq/projects/chainguardian-ai/data/safe_contracts/openzeppelin-contracts/contracts/interfaces/IERC1155Receiver.sol,safe_contracts,safe_contracts,comprehensive,success,False,False,False,False,False,False,False,False,False,False,False,False,False,False,False,False,False,False,False,False,False,False,False,0,0,0,3,0,0,0,0,0,0,1,1,1.0,2,0,0,0.0,0,0,0,0,0,0.0,0.0,0.0,3.0,1.5,False,0,0,1.0,False,0,0,0,0,0,0,0.0,0,0,0,0,0,0,0,0,0,2,0,0,2,0,0,0,0,0,2,0,0,0,0,0,0,0,0,0,0,0,0,10,0,0,0,0.0,0,2,0,2,0,0,0,0,0,0,0,0,0,0.0,0.0,2,0.0,0.0,0.0,0.0,0.0,0.0,0.0,1.0,0.0,0.0,0.0,0.0,0.0,0,0,0,0,0,0,0,0.0,0,1,50.0,0,0.0,0,0,0,1,0,0,0,2,0,0,0,1.0,False
344,IERC6372,/home/motafeq/projects/chainguardian-ai/data/safe_contracts/openzeppelin-contracts/contracts/interfaces/IERC6372.sol,safe_contracts,safe_contracts,comprehensive,success,False,False,False,False,False,False,False,False,False,False,False,False,False,False,False,False,False,False,False,False,False,False,False,0,0,0,2,0,0,0,0,0,0,0,1,1.0,2,0,0,0.0,0,0,0,0,0,0.0,0.0,0.0,3.0,1.5,False,0,0,1.0,False,0,0,0,0,0,0,0.0,0,0,0,0,0,0,0,0,0,2,0,0,2,0,0,0,0,0,0,0,0,0,0,0,0,0,0,0,0,0,0,0,0,0,0,0.0,0,2,0,2,0,0,2,0,0,0,0,0,0,0.0,0.0,1,0.0,0.0,0.0,0.0,0.0,0.0,0.0,1.0,0.0,1.0,0.0,0.0,0.0,0,0,0,0,0,0,0,0.0,0,1,50.0,0,0.0,0,0,0,1,0,0,0,2,0,0,0,1.0,False
345,IERC1155MetadataURI,/home/motafeq/projects/chainguardian-ai/data/safe_contracts/openzeppelin-contracts/contracts/interfaces/IERC1155MetadataURI.sol,safe_contracts,safe_contracts,comprehensive,success,False,False,False,False,False,False,False,False,False,False,False,False,False,False,False,False,False,False,False,False,False,False,False,0,0,0,8,0,0,4,0,0,0,2,1,1.0,1,0,0,0.0,0,0,0,0,0,0.0,0.0,0.0,3.0,1.5,False,0,0,1.0,False,0,0,0,0,0,0,0.0,0,0,0,0,0,0,0,0,0,1,0,0,1,0,0,0,0,0,1,0,0,0,0,0,0,0,0,0,0,0,0,0,0,0,0,0.0,0,1,0,1,0,0,1,0,0,0,0,0,0,0.0,0.0,3,0.0,0.0,0.0,0.0,0.0,0.0,0.0,1.0,0.0,1.0,0.0,0.0,0.0,0,0,0,0,0,0,0,0.0,0,1,100.0,0,0.0,0,0,0,1,0,0,0,1,0,0,0,1.0,False
346,Base64,/home/motafeq/projects/chainguardian-ai/data/safe_contracts/openzeppelin-contracts/contracts/utils/Base64.sol,safe_contracts,safe_contracts,comprehensive,success,False,False,False,False,False,False,False,False,False,False,False,False,False,False,False,False,False,False,False,False,False,False,False,0,0,0,5,0,0,0,2,0,0,0,16,6.0,33,0,0,0.0,0,0,0,0,0,0.0,0.0,0.0,38.0,19.0,False,0,0,1.0,False,0,0,0,0,17,47,1.05,1,5,0,127,0,0,2,10,0,5,4,2,10,2,0,1,0,0,5,0,1,0,0,0,0,0,0,0,0,0,0,0,0,0,0,0.0,0,5,0,0,3,2,5,5,0,0,0,0,0,0.0,0.0,2,0.0,0.0,0.0,0.0,0.0,0.0,0.0,0.0,0.0,1.0,0.0,0.0,0.4,0,0,0,0,0,0,0,10.0,1,0,20.0,0,0.0,0,0,0,16,0,0,0,5,0,0,0,1.0,False
347,Create2,/home/motafeq/projects/chainguardian-ai/data/safe_contracts/openzeppelin-contracts/contracts/utils/Create2.sol,safe_contracts,safe_contracts,comprehensive,success,False,False,False,False,False,False,False,False,False,False,False,False,False,False,False,False,False,False,False,False,False,False,False,0,0,0,3,0,0,0,4,0,0,0,9,3.0,11,0,0,0.0,0,0,0,0,0,0.0,0.0,0.0,21.0,10.5,False,0,0,1.0,False,0,0,0,0,0,11,1.03,0,1,0,30,0,0,4,11,1,9,6,2,11,0,0,1,2,0,3,0,1,0,2,0,0,0,1,5,0,0,0,3,0,0,1,0.13,5,3,0,0,3,0,2,1,0,0,0,0,0,0.0,0.0,3,0.0,0.0,0.0,0.0,0.0,0.0,0.0,0.0,0.0,0.667,0.0,0.0,1.333,0,0,0,0,0,0,0,6.0,0,0,33.33,0,0.0,1,0,0,9,0,0,0,3,0,0,0,1.0,False
348,Comparators,/home/motafeq/projects/chainguardian-ai/data/safe_contracts/openzeppelin-contracts/contracts/utils/Comparators.sol,safe_contracts,safe_contracts,comprehensive,success,False,False,False,False,False,False,False,False,False,False,False,False,False,False,False,False,False,False,False,False,False,False,False,0,0,0,2,0,0,0,0,0,0,0,1,1.0,2,0,0,0.0,0,0,0,0,0,0.0,0.0,0.0,3.0,1.5,False,0,0,1.0,False,0,0,0,0,0,1,0.5,0,2,0,4,0,0,0,0,0,2,0,0,2,0,0,0,0,0,2,0,0,0,0,0,0,0,0,0,0,0,0,0,0,0,0,0.0,0,2,0,0,2,0,2,2,0,0,0,0,0,0.0,0.0,1,0.0,0.0,0.0,0.0,0.0,0.0,0.0,0.0,0.0,1.0,0.0,0.0,0.0,0,0,0,0,0,0,0,0.0,0,1,50.0,0,0.0,0,0,0,1,0,0,0,2,0,0,0,1.0,False
349,Context,/home/motafeq/projects/chainguardian-ai/data/safe_contracts/openzeppelin-contracts/contracts/utils/Context.sol,safe_contracts,safe_contracts,comprehensive,success,False,False,False,False,False,False,False,False,False,False,False,False,False,False,False,False,False,False,False,False,False,False,False,0,0,0,3,0,0,0,0,0,0,0,1,1.0,3,0,0,0.0,0,0,0,0,0,0.0,0.0,0.0,3.0,1.5,False,0,0,1.0,False,0,0,0,0,0,1,0.5,0,3,0,6,0,0,0,0,0,3,0,0,3,0,0,0,0,0,0,0,0,0,0,0,0,0,0,0,0,0,0,0,0,0,0,0.0,0,3,0,0,3,0,3,0,0,0,0,0,0,0.0,0.0,1,0.0,0.0,0.0,0.0,0.0,0.0,0.0,0.0,0.0,1.0,0.0,0.0,0.0,0,0,0,0,0,0,0,0.0,0,1,33.33,0,0.0,0,0,0,1,0,0,0,3,0,0,0,1.0,False
350,RelayedCall,/home/motafeq/projects/chainguardian-ai/data/safe_contracts/openzeppelin-contracts/contracts/utils/RelayedCall.sol,safe_contracts,safe_contracts,comprehensive,success,False,False,False,False,False,False,False,False,False,False,False,False,False,False,False,False,False,False,False,False,False,False,False,0,0,0,6,0,0,0,2,1,0,0,5,1.0,10,0,0,0.0,0,0,0,0,0,0.0,0.0,0.0,11.0,5.5,False,0,0,1.0,False,0,0,0,0,0,18,0.88,0,5,0,33,0,0,2,14,2,9,9,2,11,0,0,1,1,0,5,0,1,0,0,1,5,0,3,8,3,0,0,13,1,0,0,0.26,8,6,0,0,6,0,0,0,0,0,0,0,0,0.0,0.0,1,0.0,0.0,0.0,0.0,0.0,0.0,0.0,0.0,0.0,0.0,0.0,0.0,0.333,0,0,0,0,0,0,0,4.0,0,1,16.67,0,0.0,2,0,0,5,0,0,0,6,0,0,0,1.0,False
351,NoncesKeyed,/home/motafeq/projects/chainguardian-ai/data/safe_contracts/openzeppelin-contracts/contracts/utils/NoncesKeyed.sol,safe_contracts,safe_contracts,comprehensive,success,False,False,False,False,False,False,False,False,False,False,False,False,False,False,False,False,False,False,False,False,False,False,False,0,0,0,9,1,0,0,0,0,0,1,5,2.0,12,0,0,0.0,0,0,0,0,0,0.0,0.0,0.0,12.0,6.0,False,0,0,1.0,False,0,0,0,0,0,6,0.83,0,6,0,24,0,1,0,10,3,3,5,3,6,0,1,1,0,1,6,1,0,0,0,0,7,0,2,4,0,0,0,7,0,0,0,0.318,4,6,1,0,3,2,3,2,0,0,0,2,1,0.33,0.17,2,0.0,0.0,0.0,0.0,0.0,0.0,0.0,0.0,0.167,0.5,0.0,2.0,0.0,0,0,0,0,0,0,0,3.0,0,1,16.67,0,0.0,3,0,0,5,0,0,0,6,0,0,0,1.0,False
352,Nonces,/home/motafeq/projects/chainguardian-ai/data/safe_contracts/openzeppelin-contracts/contracts/utils/Nonces.sol,safe_contracts,safe_contracts,comprehensive,success,False,False,False,False,False,False,False,False,False,False,False,False,False,False,False,False,False,False,False,False,False,False,False,0,0,0,3,1,0,0,0,0,0,0,3,1.0,5,0,0,0.0,0,0,0,0,0,0.0,0.0,0.0,7.0,3.5,False,0,0,1.0,False,0,0,0,0,0,3,0.78,0,2,0,9,0,0,0,2,0,3,2,1,4,1,0,1,0,1,3,1,0,0,0,0,1,0,2,2,0,0,0,3,0,0,0,0.333,2,3,1,0,2,0,1,0,0,0,0,2,1,0.67,0.33,1,0.0,0.0,0.0,0.0,0.0,0.0,0.0,0.0,0.333,0.333,0.0,2.0,0.0,0,0,0,0,0,0,0,2.0,0,1,33.33,0,0.0,0,0,0,3,0,0,0,3,0,0,0,1.0,False
353,StorageSlot,/home/motafeq/projects/chainguardian-ai/data/safe_contracts/openzeppelin-contracts/contracts/utils/StorageSlot.sol,safe_contracts,safe_contracts,comprehensive,success,False,False,False,False,False,False,False,False,False,False,False,False,False,False,False,False,False,False,False,False,False,False,False,0,0,0,9,0,0,0,0,0,0,0,1,1.0,9,0,0,0.0,0,0,0,0,0,0.0,0.0,0.0,3.0,1.5,False,0,0,1.0,False,0,0,0,0,0,3,0.75,0,0,0,36,0,0,0,0,0,7,0,0,7,0,0,0,0,0,9,0,0,0,0,0,0,0,0,0,0,0,0,0,0,0,0,0.0,0,9,0,0,9,0,9,9,0,0,7,0,0,0.0,0.0,1,0.0,0.0,0.0,0.0,0.0,0.0,0.0,0.0,0.0,1.0,0.0,0.0,0.0,0,0,0,0,0,0,0,0.0,0,1,11.11,0,0.0,0,0,0,1,0,0,0,9,0,0,0,1.0,False
354,Pausable,/home/motafeq/projects/chainguardian-ai/data/safe_contracts/openzeppelin-contracts/contracts/utils/Pausable.sol,safe_contracts,safe_contracts,comprehensive,success,False,False,False,False,False,False,False,False,False,False,False,False,False,False,False,False,False,False,False,False,False,False,False,0,0,0,8,1,2,2,0,0,0,1,3,1.0,9,0,0,0.0,0,0,0,0,0,0.0,0.0,0.0,7.0,3.5,False,0,0,1.0,False,0,0,0,0,0,3,0.83,0,1,0,18,0,0,0,8,0,6,2,2,10,1,0,0,0,1,0,0,0,0,0,0,4,0,2,0,0,0,0,0,0,0,0,0.0,0,5,1,0,4,0,3,0,0,0,0,1,2,0.2,0.4,2,0.0,0.0,0.0,0.0,0.0,0.0,0.0,0.0,0.2,0.6,0.0,0.5,0.0,0,0,0,0,0,0,0,2.0,0,1,20.0,0,0.0,0,0,0,3,0,0,0,5,0,0,0,1.0,False
355,SlotDerivation,/home/motafeq/projects/chainguardian-ai/data/safe_contracts/openzeppelin-contracts/contracts/utils/SlotDerivation.sol,safe_contracts,safe_contracts,comprehensive,success,False,False,False,False,False,False,False,False,False,False,False,False,False,False,False,False,False,False,False,False,False,False,False,0,0,0,10,0,0,0,0,0,0,0,1,1.0,10,0,0,0.0,0,0,0,0,0,0.0,0.0,0.0,3.0,1.5,False,0,0,1.0,False,0,0,0,0,0,13,0.86,0,1,0,70,0,0,0,21,0,4,3,3,7,1,2,0,0,0,10,0,0,0,0,0,0,0,0,0,0,0,0,0,0,0,0,0.0,0,10,0,0,10,0,10,10,0,0,0,0,0,0.0,0.0,1,0.0,0.0,0.0,0.0,0.0,0.0,0.0,0.0,0.0,1.0,0.0,0.0,0.0,0,0,0,0,0,0,0,0.0,0,1,10.0,0,0.0,0,0,0,1,0,0,0,10,0,0,0,1.0,False
356,Panic,/home/motafeq/projects/chainguardian-ai/data/safe_contracts/openzeppelin-contracts/contracts/utils/Panic.sol,safe_contracts,safe_contracts,comprehensive,success,False,False,False,False,False,False,False,False,False,False,False,False,False,False,False,False,False,False,False,False,False,False,False,0,0,0,2,10,0,0,0,0,0,0,1,1.0,2,0,0,0.0,0,0,0,0,0,0.0,0.0,0.0,3.0,1.5,False,0,0,1.0,False,0,0,0,0,0,9,0.88,0,0,0,16,0,0,0,2,0,3,2,1,4,1,0,0,0,0,1,0,0,0,0,0,0,0,10,0,0,0,0,0,0,0,0,0.0,0,2,0,0,2,0,1,1,0,0,0,0,10,0.0,5.0,1,0.0,0.0,0.0,0.0,0.0,0.0,0.0,0.0,0.0,0.5,0.0,0.0,0.0,0,0,0,0,0,0,0,0.0,0,1,50.0,0,0.0,0,0,0,1,0,0,0,2,0,0,0,1.0,False
357,ShortStrings,/home/motafeq/projects/chainguardian-ai/data/safe_contracts/openzeppelin-contracts/contracts/utils/ShortStrings.sol,safe_contracts,safe_contracts,comprehensive,success,False,False,False,False,False,False,False,False,False,False,False,False,False,False,False,False,False,False,False,False,False,False,False,0,0,0,7,1,0,0,7,0,0,0,3,2.0,14,0,0,0.0,0,0,0,0,0,0.0,0.0,0.0,8.0,4.0,False,0,0,1.0,False,0,0,0,0,0,7,0.85,0,9,0,34,0,0,7,7,0,4,2,2,10,3,0,6,0,1,6,0,6,0,1,0,1,0,2,1,0,0,0,2,0,0,0,0.25,1,7,0,0,7,0,5,4,0,0,0,3,1,0.43,0.14,2,0.0,0.0,0.0,0.0,0.0,0.0,0.0,0.0,0.0,0.714,0.0,3.0,1.0,0,0,0,0,0,0,0,1.0,0,1,14.29,0,0.0,0,0,0,3,0,0,0,7,0,0,0,1.0,False
358,ReentrancyGuard,/home/motafeq/projects/chainguardian-ai/data/safe_contracts/openzeppelin-contracts/contracts/utils/ReentrancyGuard.sol,safe_contracts,safe_contracts,comprehensive,success,False,False,False,False,False,False,False,False,False,False,False,False,False,False,False,False,False,False,False,False,False,False,False,0,0,0,7,3,2,0,4,0,0,0,3,1.0,9,0,0,0.0,0,0,0,0,0,0.0,0.0,0.0,7.0,3.5,False,0,0,1.0,True,0,0,0,0,0,2,0.67,0,2,0,18,0,0,4,7,0,3,2,4,8,3,1,0,0,3,0,0,0,0,2,0,3,0,5,0,0,0,0,0,0,0,0,0.0,0,7,0,0,4,3,3,1,1,0,0,5,3,0.71,0.43,2,0.0,0.0,0.0,0.0,0.0,0.0,0.0,0.0,0.0,0.429,0.0,1.667,0.571,0,0,0,0,0,0,0,2.0,0,1,14.29,0,0.0,0,0,0,3,0,0,0,7,0,0,0,1.0,False
359,Base58,/home/motafeq/projects/chainguardian-ai/data/safe_contracts/openzeppelin-contracts/contracts/utils/Base58.sol,safe_contracts,safe_contracts,comprehensive,success,False,False,False,False,False,False,False,False,False,False,False,False,False,False,False,False,False,False,False,False,False,False,False,0,0,0,4,0,0,0,0,0,0,0,25,12.0,49,0,0,0.0,0,0,0,0,0,0.0,0.0,0.0,62.0,31.0,False,0,0,1.0,False,0,0,0,0,15,45,1.08,2,4,0,145,0,0,0,12,0,7,6,2,11,2,0,0,0,0,4,0,0,0,0,0,0,0,0,0,0,0,0,0,0,0,0,0.0,0,4,0,0,2,2,4,4,0,0,0,0,0,0.0,0.0,1,0.0,0.0,0.0,0.0,0.0,0.0,0.0,0.0,0.0,1.0,0.0,0.0,0.0,0,0,0,0,0,0,0,13.0,1,0,25.0,0,0.0,0,0,0,25,0,0,0,4,0,0,0,1.0,False
360,Errors,/home/motafeq/projects/chainguardian-ai/data/safe_contracts/openzeppelin-contracts/contracts/utils/Errors.sol,safe_contracts,safe_contracts,comprehensive,success,False,False,False,False,False,False,False,False,False,False,False,False,False,False,False,False,False,False,False,False,False,False,False,0,0,0,0,0,0,0,0,0,0,0,0,0.0,0,0,0,0.0,0,0,0,0,0,0.0,0.0,0.0,0.0,0.0,False,0,0,1.0,False,0,0,0,0,0,0,0.0,0,0,0,0,0,0,0,0,0,0,0,0,0,0,0,0,0,0,0,0,0,0,0,0,0,0,0,0,0,0,0,0,0,0,0,0.0,0,0,0,0,0,0,0,0,0,0,0,0,0,0.0,0.0,1,0.0,0.0,0.0,0.0,0.0,0.0,0.0,0.0,0.0,0.0,0.0,0.0,0.0,0,0,0,0,0,0,0,0.0,0,1,100.0,0,0.0,0,0,0,0,0,0,0,1,0,0,0,1.0,False
361,Blockhash,/home/motafeq/projects/chainguardian-ai/data/safe_contracts/openzeppelin-contracts/contracts/utils/Blockhash.sol,safe_contracts,safe_contracts,comprehensive,success,False,False,False,False,False,False,False,False,False,False,False,False,False,False,False,False,False,False,False,False,False,False,False,0,0,0,3,1,0,0,0,0,0,0,2,1.0,4,0,0,0.0,0,0,0,0,0,0.0,0.0,0.0,5.0,2.5,False,0,0,1.0,False,0,0,0,0,0,6,0.8,0,2,0,15,0,0,0,7,0,7,5,1,9,2,0,0,0,1,2,0,0,0,0,0,0,0,1,0,0,0,0,0,0,0,0,0.0,0,3,0,0,2,1,2,0,0,0,0,1,1,0.33,0.33,1,0.0,0.0,0.0,0.0,0.0,0.0,0.0,0.0,0.0,0.667,0.0,1.0,0.0,0,0,0,0,0,0,0,1.0,0,1,33.33,0,0.0,0,0,0,2,0,0,0,3,0,0,0,1.0,False
362,Packing,/home/motafeq/projects/chainguardian-ai/data/safe_contracts/openzeppelin-contracts/contracts/utils/Packing.sol,safe_contracts,safe_contracts,comprehensive,success,False,False,False,False,False,False,False,False,False,False,False,False,False,False,False,False,False,False,False,False,False,False,False,0,0,0,212,0,0,0,0,0,0,0,3,1.0,368,0,0,0.0,0,0,0,0,0,0.0,0.0,0.0,7.0,3.5,False,0,0,1.0,False,0,0,0,0,0,5,0.9,0,0,0,1350,0,0,0,156,0,57,1,78,213,2,1,0,0,0,212,0,0,0,0,0,0,0,0,0,0,0,0,0,0,0,0,0.0,0,212,0,0,212,0,212,212,0,0,0,0,0,0.0,0.0,1,0.0,0.0,0.0,0.0,0.0,0.0,0.0,0.0,0.0,1.0,0.0,0.0,0.0,0,0,0,0,0,0,0,2.0,0,1,0.47,0,0.0,0,0,0,3,0,0,0,212,0,0,0,1.0,False
363,Multicall,/home/motafeq/projects/chainguardian-ai/data/safe_contracts/openzeppelin-contracts/contracts/utils/Multicall.sol,safe_contracts,safe_contracts,comprehensive,success,False,False,False,False,False,False,False,False,False,False,False,False,False,False,False,False,False,False,False,False,False,False,False,0,0,0,4,0,0,0,4,0,0,1,6,6.0,6,0,0,0.0,0,0,0,0,0,0.0,0.0,0.0,18.0,9.0,False,0,0,1.0,False,0,0,0,0,1,9,1.08,0,1,0,13,0,1,4,2,0,2,2,1,3,1,0,1,1,0,1,0,1,0,1,0,1,0,5,3,0,0,0,1,0,0,0,0.045,3,1,1,0,0,0,0,0,0,0,0,0,0,0.0,0.0,5,0.0,0.0,0.0,0.0,0.0,0.0,0.0,0.0,1.0,0.0,0.0,0.0,4.0,0,0,0,0,0,0,0,0.0,0,0,100.0,0,0.0,0,0,0,6,0,0,0,1,0,0,0,1.0,False
364,LowLevelCall,/home/motafeq/projects/chainguardian-ai/data/safe_contracts/openzeppelin-contracts/contracts/utils/LowLevelCall.sol,safe_contracts,safe_contracts,comprehensive,success,False,False,False,False,False,False,False,False,False,False,False,False,False,False,False,False,False,False,False,False,False,False,False,0,0,0,12,0,0,0,0,0,0,0,1,1.0,12,0,0,0.0,0,0,0,0,0,0.0,0.0,0.0,3.0,1.5,False,0,0,1.0,False,0,0,0,0,0,6,0.79,0,2,0,56,0,0,0,31,2,9,4,8,18,0,3,0,0,0,9,0,0,0,0,0,2,0,8,4,0,0,0,14,0,0,0,0.438,4,12,0,0,12,0,6,4,0,0,0,0,0,0.0,0.0,1,0.0,0.0,0.0,0.0,0.0,0.0,0.0,0.0,0.0,0.5,0.0,0.0,0.0,0,0,0,0,0,0,0,0.0,0,1,8.33,0,0.0,2,0,0,1,0,0,0,12,0,0,0,1.0,False
365,Address,/home/motafeq/projects/chainguardian-ai/data/safe_contracts/openzeppelin-contracts/contracts/utils/Address.sol,safe_contracts,safe_contracts,comprehensive,success,False,False,False,False,False,False,False,False,False,False,False,False,False,False,False,False,False,False,False,False,False,False,False,0,0,0,7,0,0,0,28,0,0,0,9,6.0,43,0,0,0.0,0,0,0,0,0,0.0,0.0,0.0,24.0,12.0,False,0,0,1.0,False,0,0,0,0,0,8,1.07,0,7,0,71,0,0,28,19,0,5,5,6,12,2,3,6,26,0,7,0,6,0,13,0,1,0,2,13,0,0,0,9,0,0,3,0.148,13,7,0,0,7,0,3,1,0,0,0,0,0,0.0,0.0,3,0.0,0.0,0.0,0.0,0.0,0.0,0.0,0.0,0.0,0.429,0.0,0.0,4.0,0,0,0,0,0,0,0,3.0,0,0,14.29,0,0.0,0,0,0,9,0,0,0,7,0,0,0,1.0,False
366,Calldata,/home/motafeq/projects/chainguardian-ai/data/safe_contracts/openzeppelin-contracts/contracts/utils/Calldata.sol,safe_contracts,safe_contracts,comprehensive,success,False,False,False,False,False,False,False,False,False,False,False,False,False,False,False,False,False,False,False,False,False,False,False,0,0,0,2,0,0,0,0,0,0,0,1,1.0,2,0,0,0.0,0,0,0,0,0,0.0,0.0,0.0,3.0,1.5,False,0,0,1.0,False,0,0,0,0,0,4,0.8,0,0,0,10,0,0,0,0,0,2,0,0,2,0,0,0,0,0,0,0,0,0,0,0,0,0,0,0,0,0,0,0,0,0,0,0.0,0,2,0,0,2,0,2,2,0,0,0,0,0,0.0,0.0,1,0.0,0.0,0.0,0.0,0.0,0.0,0.0,0.0,0.0,1.0,0.0,0.0,0.0,0,0,0,0,0,0,0,0.0,0,1,50.0,0,0.0,0,0,0,1,0,0,0,2,0,0,0,1.0,False
367,Clones,/home/motafeq/projects/chainguardian-ai/data/safe_contracts/openzeppelin-contracts/contracts/proxy/Clones.sol,safe_contracts,safe_contracts,comprehensive,success,False,False,False,False,False,False,False,False,False,False,False,False,False,False,False,False,False,False,False,False,False,False,False,0,0,0,14,0,0,0,10,0,0,0,5,2.0,28,0,0,0.0,0,0,0,0,0,0.0,0.0,0.0,12.0,6.0,False,0,0,1.0,False,0,0,0,0,0,11,0.91,0,10,0,76,0,0,10,33,6,13,7,3,21,0,6,7,0,0,14,0,7,0,1,0,6,0,5,17,0,0,0,20,0,0,0,0.29,17,14,0,0,13,1,6,3,0,0,0,0,0,0.0,0.0,4,0.0,0.0,0.0,0.0,0.0,0.0,0.0,0.0,0.0,0.429,0.0,0.0,0.714,0,0,0,0,0,0,0,3.0,0,1,7.14,0,0.0,6,0,0,5,0,0,0,14,0,0,0,1.0,False
368,Proxy,/home/motafeq/projects/chainguardian-ai/data/safe_contracts/openzeppelin-contracts/contracts/proxy/Proxy.sol,safe_contracts,safe_contracts,comprehensive,success,False,False,False,False,False,False,False,False,False,False,False,False,False,False,False,False,False,False,False,False,False,False,False,0,0,0,4,0,0,0,0,0,1,0,3,1.0,6,0,0,0.0,0,0,0,0,0,0.0,0.0,0.0,7.0,3.5,False,0,0,1.0,False,0,0,0,0,0,11,0.88,0,0,0,17,0,3,0,11,0,9,8,1,12,3,0,0,0,0,1,0,0,0,0,0,3,0,2,1,0,0,0,1,0,0,0,0.056,1,4,0,1,3,0,1,0,0,0,0,0,0,0.0,0.0,1,0.0,0.0,0.0,0.0,0.0,0.0,0.0,0.25,0.0,0.25,0.25,0.0,0.0,0,0,0,0,0,0,0,2.0,0,1,25.0,0,0.0,0,0,0,3,0,0,0,4,0,0,0,1.0,False
369,VestingWallet,/home/motafeq/projects/chainguardian-ai/data/safe_contracts/openzeppelin-contracts/contracts/finance/VestingWallet.sol,safe_contracts,safe_contracts,comprehensive,success,False,False,False,False,False,False,False,False,False,False,False,False,False,False,False,False,False,False,False,False,False,False,False,0,0,0,23,4,1,3,3,0,2,2,3,1.0,16,0,0,0.0,0,0,0,0,0,0.0,0.0,0.0,7.0,3.5,False,0,2,1.0,False,0,2,0,0,0,4,0.64,0,12,0,39,0,4,3,19,1,6,3,2,12,0,0,3,2,4,7,2,2,0,2,0,4,0,2,2,0,0,0,1,0,0,2,0.067,2,14,12,1,1,0,10,0,1,0,0,6,4,0.43,0.29,10,0.0,0.0,0.0,0.0,0.0,0.0,0.0,0.071,0.857,0.714,0.143,1.5,0.214,0,0,0,0,0,0,0,2.0,0,1,7.14,0,0.0,1,0,0,3,0,0,0,14,0,0,0,1.0,False
370,VestingWalletCliff,/home/motafeq/projects/chainguardian-ai/data/safe_contracts/openzeppelin-contracts/contracts/finance/VestingWalletCliff.sol,safe_contracts,safe_contracts,comprehensive,success,False,False,False,False,False,False,False,False,False,False,False,False,False,False,False,False,False,False,False,False,False,False,False,0,0,0,26,1,1,3,5,0,2,3,3,2.0,6,0,0,0.0,0,0,0,0,0,0.0,0.0,0.0,8.0,4.0,False,0,2,1.0,False,0,2,0,0,0,3,0.82,0,3,0,11,0,0,2,5,1,4,3,1,6,0,0,1,0,1,2,1,1,0,0,0,0,0,0,0,0,0,0,0,0,0,0,0.0,0,3,1,0,2,0,2,0,1,0,0,1,1,0.33,0.33,12,0.0,0.0,0.0,0.0,0.0,0.0,0.0,0.0,0.333,0.667,0.667,1.0,1.667,0,0,0,0,0,0,0,1.0,0,1,33.33,0,0.0,1,0,0,3,0,0,0,3,0,0,0,1.0,False
371,IAccessControlEnumerable,/home/motafeq/projects/chainguardian-ai/data/safe_contracts/openzeppelin-contracts/contracts/access/extensions/IAccessControlEnumerable.sol,safe_contracts,safe_contracts,comprehensive,success,False,False,False,False,False,False,False,False,False,False,False,False,False,False,False,False,False,False,False,False,False,False,False,0,0,0,7,0,0,3,0,0,0,1,1,1.0,2,0,0,0.0,0,0,0,0,0,0.0,0.0,0.0,3.0,1.5,False,0,0,1.0,False,0,0,0,0,0,0,0.0,0,0,0,0,0,0,0,0,0,2,0,0,2,0,0,0,0,0,2,0,0,0,0,0,0,0,0,0,0,0,0,0,0,0,0,0.0,0,2,0,2,0,0,2,0,0,0,0,0,0,0.0,0.0,2,0.0,0.0,0.0,0.0,0.0,0.0,0.0,1.0,0.0,1.0,0.0,0.0,0.0,0,0,0,0,0,0,0,0.0,0,1,50.0,0,0.0,0,0,0,1,0,0,0,2,0,0,0,1.0,False
372,IAccessControlDefaultAdminRules,/home/motafeq/projects/chainguardian-ai/data/safe_contracts/openzeppelin-contracts/contracts/access/extensions/IAccessControlDefaultAdminRules.sol,safe_contracts,safe_contracts,comprehensive,success,False,False,False,False,False,False,False,False,False,False,False,False,False,False,False,False,False,False,False,False,False,False,False,0,0,0,15,0,0,7,0,0,0,1,1,1.0,10,0,0,0.0,0,0,0,0,0,0.0,0.0,0.0,3.0,1.5,False,0,0,1.0,False,0,0,0,0,0,0,0.0,0,0,0,0,0,0,0,0,0,10,0,0,10,0,0,0,0,0,2,0,0,0,0,0,0,0,0,0,0,0,0,2,0,0,0,0.0,0,10,0,10,0,0,5,0,0,0,0,0,0,0.0,0.0,2,0.0,0.0,0.0,0.0,0.0,0.0,0.0,1.0,0.0,0.5,0.0,0.0,0.0,0,0,0,0,0,0,0,0.0,0,1,10.0,0,0.0,0,0,0,1,0,0,0,10,0,0,0,1.0,False
373,AccessControlDefaultAdminRules,/home/motafeq/projects/chainguardian-ai/data/safe_contracts/openzeppelin-contracts/contracts/access/extensions/AccessControlDefaultAdminRules.sol,safe_contracts,safe_contracts,comprehensive,success,False,False,False,False,False,False,False,False,False,False,False,False,False,False,False,False,False,False,False,False,False,False,False,0,0,0,62,7,1,7,3,0,0,7,5,2.0,61,0,0,0.0,0,0,0,0,0,0.0,0.0,0.0,12.0,6.0,False,0,0,1.0,False,0,0,0,0,0,9,0.88,0,15,0,135,0,3,3,57,7,12,7,6,36,0,7,9,0,7,17,6,3,0,2,0,40,0,10,18,4,0,0,20,0,0,0,0.221,18,30,15,0,11,4,10,1,1,0,1,26,12,0.87,0.4,11,0.0,0.0,0.0,0.0,0.0,0.0,0.0,0.0,0.5,0.333,0.0,2.167,0.1,0,0,0,0,0,0,0,3.0,0,1,3.33,0,0.0,7,0,0,5,0,0,0,30,0,0,0,1.0,False
374,AccessManaged,/home/motafeq/projects/chainguardian-ai/data/safe_contracts/openzeppelin-contracts/contracts/access/manager/AccessManaged.sol,safe_contracts,safe_contracts,comprehensive,success,False,False,False,False,False,False,False,False,False,False,False,False,False,False,False,False,False,False,False,False,False,False,False,0,0,0,12,2,1,1,2,0,0,2,5,2.0,15,0,0,0.0,0,0,0,0,0,0.0,0.0,0.0,12.0,6.0,False,1,0,0.0,False,0,0,1,0,0,8,0.94,0,3,0,32,0,1,2,9,0,7,6,2,10,1,0,2,2,2,4,2,1,0,2,0,5,0,4,3,1,0,0,4,0,0,1,0.167,3,6,3,0,3,0,2,0,1,0,0,2,2,0.33,0.33,6,0.0,0.0,0.0,0.0,0.0,0.0,0.0,0.0,0.5,0.333,0.0,1.0,0.333,0,0,0,0,0,0,0,3.0,0,1,16.67,0,0.0,0,0,0,5,0,0,0,6,0,0,0,1.0,False
375,AccessManager,/home/motafeq/projects/chainguardian-ai/data/safe_contracts/openzeppelin-contracts/contracts/access/manager/AccessManager.sol,safe_contracts,safe_contracts,comprehensive,success,False,False,False,False,False,False,False,False,False,False,False,False,False,False,False,False,False,False,False,False,False,False,False,0,0,0,82,6,1,12,25,0,2,3,9,2.0,121,0,0,0.0,0,0,0,0,0,0.0,0.0,0.0,20.0,10.0,False,6,2,0.25,False,0,3,6,0,1,17,0.91,0,42,0,297,0,4,21,94,0,32,8,10,66,4,9,23,2,6,45,12,17,0,11,0,55,0,34,37,4,0,0,54,0,0,1,0.212,37,49,30,0,10,9,22,2,1,0,4,36,14,0.73,0.29,13,0.0,0.0,0.0,0.0,0.0,0.0,0.0,0.0,0.612,0.449,0.041,2.571,0.51,0,0,0,0,0,0,0,7.0,0,1,2.04,0,0.0,0,0,0,9,0,0,0,49,0,0,0,1.0,False
376,IAccessManager,/home/motafeq/projects/chainguardian-ai/data/safe_contracts/openzeppelin-contracts/contracts/access/manager/IAccessManager.sol,safe_contracts,safe_contracts,comprehensive,success,False,False,False,False,False,False,False,False,False,False,False,False,False,False,False,False,False,False,False,False,False,False,False,0,0,0,29,0,0,12,0,0,1,0,1,1.0,29,0,0,0.0,0,0,0,0,0,0.0,0.0,0.0,3.0,1.5,False,0,0,1.0,False,0,0,0,0,0,0,0.0,0,0,0,0,0,0,0,0,0,29,0,0,29,0,0,0,0,0,27,0,0,0,0,0,0,0,0,0,0,0,0,34,0,0,0,0.0,0,29,0,29,0,0,14,0,0,0,0,0,0,0.0,0.0,1,0.0,0.0,0.0,0.0,0.0,0.0,0.0,1.0,0.0,0.483,0.034,0.0,0.0,0,0,0,0,0,0,0,0.0,0,1,3.45,0,0.0,0,0,0,1,0,0,0,29,0,0,0,1.0,False
377,AuthorityUtils,/home/motafeq/projects/chainguardian-ai/data/safe_contracts/openzeppelin-contracts/contracts/access/manager/AuthorityUtils.sol,safe_contracts,safe_contracts,comprehensive,success,False,False,False,False,False,False,False,False,False,False,False,False,False,False,False,False,False,False,False,False,False,False,False,0,0,0,1,0,0,0,1,0,0,0,3,3.0,3,0,0,0.0,0,0,0,0,0,0.0,0.0,0.0,9.0,4.5,False,0,0,1.0,False,0,0,0,0,0,8,1.0,0,0,0,11,0,0,1,5,0,5,5,1,6,1,0,1,1,0,1,0,1,0,0,0,0,0,0,0,0,0,0,0,0,0,0,0.0,0,1,0,0,1,0,1,0,0,0,0,0,0,0.0,0.0,2,0.0,0.0,0.0,0.0,0.0,0.0,0.0,0.0,0.0,1.0,0.0,0.0,1.0,0,0,0,0,0,0,0,0.0,0,0,100.0,0,0.0,0,0,0,3,0,0,0,1,0,0,0,1.0,False
378,IAccessManaged,/home/motafeq/projects/chainguardian-ai/data/safe_contracts/openzeppelin-contracts/contracts/access/manager/IAccessManaged.sol,safe_contracts,safe_contracts,comprehensive,success,False,False,False,False,False,False,False,False,False,False,False,False,False,False,False,False,False,False,False,False,False,False,False,0,0,0,3,0,0,1,0,0,0,0,1,1.0,3,0,0,0.0,0,0,0,0,0,0.0,0.0,0.0,3.0,1.5,False,0,0,1.0,False,0,0,0,0,0,0,0.0,0,0,0,0,0,0,0,0,0,3,0,0,3,0,0,0,0,0,1,0,0,0,0,0,0,0,0,0,0,0,0,1,0,0,0,0.0,0,3,0,3,0,0,2,0,0,0,0,0,0,0.0,0.0,1,0.0,0.0,0.0,0.0,0.0,0.0,0.0,1.0,0.0,0.667,0.0,0.0,0.0,0,0,0,0,0,0,0,0.0,0,1,33.33,0,0.0,0,0,0,1,0,0,0,3,0,0,0,1.0,False
379,IAuthority,/home/motafeq/projects/chainguardian-ai/data/safe_contracts/openzeppelin-contracts/contracts/access/manager/IAuthority.sol,safe_contracts,safe_contracts,comprehensive,success,False,False,False,False,False,False,False,False,False,False,False,False,False,False,False,False,False,False,False,False,False,False,False,0,0,0,1,0,0,0,0,0,0,0,1,1.0,1,0,0,0.0,0,0,0,0,0,0.0,0.0,0.0,3.0,1.5,False,0,0,1.0,False,0,0,0,0,0,0,0.0,0,0,0,0,0,0,0,0,0,1,0,0,1,0,0,0,0,0,1,0,0,0,0,0,0,0,0,0,0,0,0,0,0,0,0,0.0,0,1,0,1,0,0,1,0,0,0,0,0,0,0.0,0.0,1,0.0,0.0,0.0,0.0,0.0,0.0,0.0,1.0,0.0,1.0,0.0,0.0,0.0,0,0,0,0,0,0,0,0.0,0,1,100.0,0,0.0,0,0,0,1,0,0,0,1,0,0,0,1.0,False
380,ERC7786RecipientMock,/home/motafeq/projects/chainguardian-ai/data/safe_contracts/openzeppelin-contracts/contracts/mocks/crosschain/ERC7786RecipientMock.sol,safe_contracts,safe_contracts,comprehensive,success,False,False,False,False,False,False,False,False,False,False,False,False,False,False,False,False,False,False,False,False,False,False,False,0,0,0,7,1,0,1,2,0,2,2,1,1.0,3,0,0,0.0,0,0,0,0,0,0.0,0.0,0.0,3.0,1.5,False,0,0,1.0,False,0,0,0,0,0,1,0.5,0,1,0,6,0,0,0,0,0,3,0,0,3,0,0,1,0,1,3,1,0,0,0,0,0,0,0,0,0,0,0,4,0,0,0,4.0,0,3,1,0,2,0,1,0,1,0,0,1,1,0.33,0.33,5,0.0,0.0,0.0,0.0,0.0,0.0,0.0,0.0,0.333,0.333,0.667,1.0,0.667,0,0,0,0,0,0,0,0.0,0,1,33.33,0,0.0,0,0,0,1,0,0,0,3,0,0,0,1.0,False
381,ERC1363NoReturnMock,/home/motafeq/projects/chainguardian-ai/data/safe_contracts/openzeppelin-contracts/contracts/mocks/token/ERC1363NoReturnMock.sol,safe_contracts,safe_contracts,comprehensive,success,False,False,False,False,False,False,False,False,False,False,False,False,False,False,False,False,False,False,False,False,False,False,False,0,0,0,47,0,0,2,3,0,0,9,1,1.0,3,0,0,0.0,0,0,0,0,0,0.0,0.0,0.0,3.0,1.5,False,0,0,1.0,False,0,0,0,0,0,4,0.8,0,0,0,15,0,1,0,6,3,1,2,3,4,0,1,0,0,0,3,0,0,0,0,0,3,0,0,0,0,0,0,10,0,0,0,1.667,0,3,3,0,0,0,0,0,0,0,0,0,0,0.0,0.0,15,0.0,0.0,0.0,0.0,0.0,0.0,0.0,0.0,1.0,0.0,0.0,0.0,1.0,0,0,0,0,0,0,0,0.0,0,1,33.33,0,0.0,3,0,0,1,0,0,0,3,0,0,0,1.0,False
382,ERC20ApprovalMock,/home/motafeq/projects/chainguardian-ai/data/safe_contracts/openzeppelin-contracts/contracts/mocks/token/ERC20ApprovalMock.sol,safe_contracts,safe_contracts,comprehensive,success,False,False,False,False,False,False,False,False,False,False,False,False,False,False,False,False,False,False,False,False,False,False,False,0,0,0,30,0,0,2,0,0,0,5,1,1.0,1,0,0,0.0,0,0,0,0,0,0.0,0.0,0.0,3.0,1.5,False,0,0,1.0,False,0,0,0,0,0,1,0.5,0,0,0,2,0,0,0,1,1,0,1,1,1,0,0,0,0,0,1,0,0,0,0,0,1,0,0,0,0,0,0,4,0,0,0,4.0,0,1,0,0,1,0,0,0,0,0,0,0,0,0.0,0.0,8,0.0,0.0,0.0,0.0,0.0,0.0,0.0,0.0,0.0,0.0,0.0,0.0,0.0,0,0,0,0,0,0,0,0.0,0,1,100.0,0,0.0,1,0,0,1,0,0,0,1,0,0,0,1.0,False
383,ERC20ExcessDecimalsMock,/home/motafeq/projects/chainguardian-ai/data/safe_contracts/openzeppelin-contracts/contracts/mocks/token/ERC20ExcessDecimalsMock.sol,safe_contracts,safe_contracts,comprehensive,success,False,False,False,False,False,False,False,False,False,False,False,False,False,False,False,False,False,False,False,False,False,False,False,0,0,0,1,0,0,0,0,0,0,0,1,1.0,1,0,0,0.0,0,0,0,0,0,0.0,0.0,0.0,3.0,1.5,False,0,0,1.0,False,0,0,0,0,0,1,0.5,0,1,0,2,0,0,0,0,0,1,0,0,1,0,0,0,0,0,0,0,0,0,0,0,0,0,0,0,0,0,0,0,0,0,0,0.0,0,1,1,0,0,0,1,1,0,0,0,0,0,0.0,0.0,1,0.0,0.0,0.0,0.0,0.0,0.0,0.0,0.0,1.0,1.0,0.0,0.0,0.0,0,0,0,0,0,0,0,0.0,0,1,100.0,0,0.0,0,0,0,1,0,0,0,1,0,0,0,1.0,False
384,ERC1155ReceiverMock,/home/motafeq/projects/chainguardian-ai/data/safe_contracts/openzeppelin-contracts/contracts/mocks/token/ERC1155ReceiverMock.sol,safe_contracts,safe_contracts,comprehensive,success,False,False,False,False,False,False,False,False,False,False,False,False,False,False,False,False,False,False,False,False,False,False,False,0,0,0,7,3,0,2,0,0,0,3,9,6.0,19,0,0,0.0,0,0,0,0,0,0.0,0.0,0.0,24.0,12.0,False,0,0,1.0,False,0,0,0,0,0,6,1.14,0,2,0,36,0,1,0,8,0,5,4,2,7,1,0,1,0,3,3,1,0,0,0,0,0,0,2,10,0,0,0,10,0,0,0,0.227,10,3,1,2,0,0,0,0,1,1,0,5,3,1.67,1.0,4,0.0,0.0,0.0,0.0,0.0,0.0,0.0,0.667,0.333,0.0,0.0,1.667,0.0,0,0,0,0,0,0,0,3.0,0,0,33.33,0,0.0,0,0,0,9,0,0,0,3,0,0,0,1.0,False
385,ERC20MulticallMock,/home/motafeq/projects/chainguardian-ai/data/safe_contracts/openzeppelin-contracts/contracts/mocks/token/ERC20MulticallMock.sol,safe_contracts,safe_contracts,comprehensive,success,False,False,False,False,False,False,False,False,False,False,False,False,False,False,False,False,False,False,False,False,False,False,False,0,0,0,30,0,0,2,4,0,0,6,0,0.0,0,0,0,0.0,0,0,0,0,0,0.0,0.0,0.0,0.0,0.0,False,0,0,1.0,False,0,0,0,0,0,0,0.0,0,0,0,0,0,0,0,0,0,0,0,0,0,0,0,0,0,0,0,0,0,0,0,0,0,0,0,0,0,0,0,0,0,0,0,0.0,0,0,0,0,0,0,0,0,0,0,0,0,0,0.0,0.0,12,0.0,0.0,0.0,0.0,0.0,0.0,0.0,0.0,0.0,0.0,0.0,0.0,4.0,0,0,0,0,0,0,0,0.0,0,1,100.0,0,0.0,0,0,0,0,0,0,0,1,0,0,0,1.0,False
386,ERC20ForceApproveMock,/home/motafeq/projects/chainguardian-ai/data/safe_contracts/openzeppelin-contracts/contracts/mocks/token/ERC20ForceApproveMock.sol,safe_contracts,safe_contracts,comprehensive,success,False,False,False,False,False,False,False,False,False,False,False,False,False,False,False,False,False,False,False,False,False,False,False,0,0,0,30,0,0,2,0,0,0,5,1,1.0,1,0,0,0.0,0,0,0,0,0,0.0,0.0,0.0,3.0,1.5,False,0,0,1.0,False,0,0,0,0,0,2,0.67,0,1,0,3,0,1,0,3,1,2,3,1,3,0,0,0,0,0,1,0,0,0,0,0,2,0,0,3,0,0,0,2,0,0,0,0.286,3,1,1,0,0,0,0,0,0,0,0,0,0,0.0,0.0,8,0.0,0.0,0.0,0.0,0.0,0.0,0.0,0.0,1.0,0.0,0.0,0.0,0.0,0,0,0,0,0,0,0,0.0,0,1,100.0,0,0.0,1,0,0,1,0,0,0,1,0,0,0,1.0,False
387,ERC20NoReturnMock,/home/motafeq/projects/chainguardian-ai/data/safe_contracts/openzeppelin-contracts/contracts/mocks/token/ERC20NoReturnMock.sol,safe_contracts,safe_contracts,comprehensive,success,False,False,False,False,False,False,False,False,False,False,False,False,False,False,False,False,False,False,False,False,False,False,False,0,0,0,32,0,0,2,0,0,0,5,1,1.0,3,0,0,0.0,0,0,0,0,0,0.0,0.0,0.0,3.0,1.5,False,0,0,1.0,False,0,0,0,0,0,4,0.8,0,0,0,15,0,1,0,6,3,1,2,3,4,0,1,0,0,0,3,0,0,0,0,0,3,0,0,0,0,0,0,7,0,0,0,1.167,0,3,3,0,0,0,0,0,0,0,0,0,0,0.0,0.0,8,0.0,0.0,0.0,0.0,0.0,0.0,0.0,0.0,1.0,0.0,0.0,0.0,0.0,0,0,0,0,0,0,0,0.0,0,1,33.33,0,0.0,3,0,0,1,0,0,0,3,0,0,0,1.0,False
388,ERC1363ReturnFalseMock,/home/motafeq/projects/chainguardian-ai/data/safe_contracts/openzeppelin-contracts/contracts/mocks/token/ERC1363ReturnFalseMock.sol,safe_contracts,safe_contracts,comprehensive,success,False,False,False,False,False,False,False,False,False,False,False,False,False,False,False,False,False,False,False,False,False,False,False,0,0,0,47,0,0,2,3,0,0,9,1,1.0,3,0,0,0.0,0,0,0,0,0,0.0,0.0,0.0,3.0,1.5,False,0,0,1.0,False,0,0,0,0,0,1,0.5,0,3,0,6,0,0,0,0,0,3,0,0,3,0,0,0,0,0,3,0,0,0,0,0,0,0,0,0,0,0,0,0,0,0,0,0.0,0,3,3,0,0,0,3,3,0,0,0,0,0,0.0,0.0,16,0.0,0.0,0.0,0.0,0.0,0.0,0.0,0.0,1.0,1.0,0.0,0.0,1.0,0,0,0,0,0,0,0,0.0,0,1,33.33,0,0.0,0,0,0,1,0,0,0,3,0,0,0,1.0,False
389,ERC20BridgeableMock,/home/motafeq/projects/chainguardian-ai/data/safe_contracts/openzeppelin-contracts/contracts/mocks/token/ERC20BridgeableMock.sol,safe_contracts,safe_contracts,comprehensive,success,False,False,False,False,False,False,False,False,False,False,False,False,False,False,False,False,False,False,False,False,False,False,False,0,0,0,41,1,1,5,0,0,0,9,3,1.0,6,0,0,0.0,0,0,0,0,0,0.0,0.0,0.0,7.0,3.5,False,0,0,1.0,False,0,0,0,0,0,2,0.73,0,0,0,11,0,1,0,3,0,3,1,1,6,1,0,1,0,1,3,1,0,0,0,0,1,0,1,0,0,0,0,1,0,0,0,0.667,0,4,0,1,3,0,1,0,1,0,0,1,1,0.25,0.25,12,0.0,0.0,0.0,0.0,0.0,0.0,0.0,0.25,0.0,0.25,0.0,1.0,0.0,0,0,0,0,0,0,0,2.0,0,1,25.0,0,0.0,0,0,0,3,0,0,0,4,0,0,0,1.0,False
390,ERC20DecimalsMock,/home/motafeq/projects/chainguardian-ai/data/safe_contracts/openzeppelin-contracts/contracts/mocks/token/ERC20DecimalsMock.sol,safe_contracts,safe_contracts,comprehensive,success,False,False,False,False,False,False,False,False,False,False,False,False,False,False,False,False,False,False,False,False,False,False,False,0,0,0,31,1,0,2,0,0,0,5,1,1.0,2,0,0,0.0,0,0,0,0,0,0.0,0.0,0.0,3.0,1.5,False,0,0,1.0,False,0,0,0,0,0,1,0.5,0,1,0,4,0,0,0,0,0,2,0,0,2,0,0,1,0,1,1,1,0,0,0,0,0,0,0,0,0,0,0,0,0,0,0,0.0,0,2,1,0,1,0,1,0,1,0,0,1,1,0.5,0.5,8,0.0,0.0,0.0,0.0,0.0,0.0,0.0,0.0,0.5,0.5,0.0,1.0,0.0,0,0,0,0,0,0,0,0.0,0,1,50.0,0,0.0,0,0,0,1,0,0,0,2,0,0,0,1.0,False
391,ERC1363SpenderMock,/home/motafeq/projects/chainguardian-ai/data/safe_contracts/openzeppelin-contracts/contracts/mocks/token/ERC1363SpenderMock.sol,safe_contracts,safe_contracts,comprehensive,success,False,False,False,False,False,False,False,False,False,False,False,False,False,False,False,False,False,False,False,False,False,False,False,0,0,0,4,2,0,1,0,0,0,1,9,3.0,11,0,0,0.0,0,0,0,0,0,0.0,0.0,0.0,21.0,10.5,False,0,0,1.0,False,0,0,0,0,0,6,1.05,0,1,0,22,0,1,0,3,0,5,3,1,6,1,0,1,0,2,2,1,0,0,0,0,0,0,3,5,0,0,0,5,0,0,0,0.304,5,3,2,1,0,0,0,0,1,1,0,2,4,0.67,1.33,2,0.0,0.0,0.0,0.0,0.0,0.0,0.0,0.333,0.667,0.0,0.0,0.5,0.0,0,0,0,0,0,0,0,6.0,0,0,33.33,0,0.0,0,0,0,9,0,0,0,3,0,0,0,1.0,False
392,ERC20Mock,/home/motafeq/projects/chainguardian-ai/data/safe_contracts/openzeppelin-contracts/contracts/mocks/token/ERC20Mock.sol,safe_contracts,safe_contracts,comprehensive,success,False,False,False,False,False,False,False,False,False,False,False,False,False,False,False,False,False,False,False,False,False,False,False,0,0,0,32,0,0,2,0,0,0,5,1,1.0,3,0,0,0.0,0,0,0,0,0,0.0,0.0,0.0,3.0,1.5,False,0,0,1.0,False,0,0,0,0,0,1,0.5,0,0,0,6,0,1,0,3,1,2,1,1,5,0,0,0,0,0,2,0,0,0,0,0,2,0,0,0,0,0,0,4,0,0,0,2.0,0,3,1,2,0,0,0,0,1,0,0,0,0,0.0,0.0,8,0.0,0.0,0.0,0.0,0.0,0.0,0.0,0.667,0.333,0.0,0.0,0.0,0.0,0,0,0,0,0,0,0,0.0,0,1,33.33,0,0.0,1,0,0,1,0,0,0,3,0,0,0,1.0,False
393,ERC721ReceiverMock,/home/motafeq/projects/chainguardian-ai/data/safe_contracts/openzeppelin-contracts/contracts/mocks/token/ERC721ReceiverMock.sol,safe_contracts,safe_contracts,comprehensive,success,False,False,False,False,False,False,False,False,False,False,False,False,False,False,False,False,False,False,False,False,False,False,False,0,0,0,3,2,0,1,0,0,0,1,9,5.0,10,0,0,0.0,0,0,0,0,0,0.0,0.0,0.0,23.0,11.5,False,0,0,1.0,False,0,0,0,0,0,6,1.11,0,1,0,19,0,1,0,4,0,5,4,1,6,1,0,1,0,2,2,1,0,0,0,0,0,0,1,5,0,0,0,4,0,0,0,0.182,5,2,2,0,0,0,0,0,1,1,0,2,2,1.0,1.0,2,0.0,0.0,0.0,0.0,0.0,0.0,0.0,0.0,1.0,0.0,0.0,1.0,0.0,0,0,0,0,0,0,0,4.0,0,0,50.0,0,0.0,0,0,0,9,0,0,0,2,0,0,0,1.0,False
394,ERC1363ForceApproveMock,/home/motafeq/projects/chainguardian-ai/data/safe_contracts/openzeppelin-contracts/contracts/mocks/token/ERC1363ForceApproveMock.sol,safe_contracts,safe_contracts,comprehensive,success,False,False,False,False,False,False,False,False,False,False,False,False,False,False,False,False,False,False,False,False,False,False,False,0,0,0,45,0,0,2,3,0,0,9,1,1.0,1,0,0,0.0,0,0,0,0,0,0.0,0.0,0.0,3.0,1.5,False,0,0,1.0,False,0,0,0,0,0,2,0.67,0,1,0,3,0,1,0,3,1,2,3,1,3,0,0,0,0,0,1,0,0,0,0,0,2,0,0,3,0,0,0,3,0,0,0,0.429,3,1,1,0,0,0,0,0,0,0,0,0,0,0.0,0.0,15,0.0,0.0,0.0,0.0,0.0,0.0,0.0,0.0,1.0,0.0,0.0,0.0,3.0,0,0,0,0,0,0,0,0.0,0,1,100.0,0,0.0,1,0,0,1,0,0,0,1,0,0,0,1.0,False
395,ERC20Reentrant,/home/motafeq/projects/chainguardian-ai/data/safe_contracts/openzeppelin-contracts/contracts/mocks/token/ERC20Reentrant.sol,safe_contracts,safe_contracts,comprehensive,success,False,False,False,False,False,False,False,False,False,False,False,False,False,False,False,False,False,False,False,False,False,False,False,0,0,0,32,3,0,2,1,0,0,5,5,2.0,7,0,0,0.0,0,0,0,0,0,0.0,0.0,0.0,12.0,6.0,False,0,0,1.0,False,0,0,0,0,0,6,0.94,0,1,0,16,0,0,1,2,1,2,2,1,3,0,0,3,1,3,3,2,1,0,1,0,3,0,5,2,0,0,0,8,0,0,0,0.611,2,3,1,1,1,0,0,0,0,1,0,3,4,1.0,1.33,11,0.0,0.0,0.0,0.0,0.0,0.0,0.0,0.333,0.333,0.0,0.0,0.75,0.333,0,0,0,0,0,0,0,3.0,0,1,33.33,0,0.0,1,0,0,5,0,0,0,3,0,0,0,1.0,False
396,ERC1363ReceiverMock,/home/motafeq/projects/chainguardian-ai/data/safe_contracts/openzeppelin-contracts/contracts/mocks/token/ERC1363ReceiverMock.sol,safe_contracts,safe_contracts,comprehensive,success,False,False,False,False,False,False,False,False,False,False,False,False,False,False,False,False,False,False,False,False,False,False,False,0,0,0,4,2,0,1,0,0,0,1,9,3.0,11,0,0,0.0,0,0,0,0,0,0.0,0.0,0.0,21.0,10.5,False,0,0,1.0,False,0,0,0,0,0,6,1.05,0,1,0,22,0,1,0,3,0,5,3,1,6,1,0,1,0,2,2,1,0,0,0,0,0,0,3,5,0,0,0,6,0,0,0,0.348,5,3,2,1,0,0,0,0,1,1,0,2,4,0.67,1.33,2,0.0,0.0,0.0,0.0,0.0,0.0,0.0,0.333,0.667,0.0,0.0,0.5,0.0,0,0,0,0,0,0,0,6.0,0,0,33.33,0,0.0,0,0,0,9,0,0,0,3,0,0,0,1.0,False
397,ERC20FlashMintMock,/home/motafeq/projects/chainguardian-ai/data/safe_contracts/openzeppelin-contracts/contracts/mocks/token/ERC20FlashMintMock.sol,safe_contracts,safe_contracts,comprehensive,success,False,False,False,False,False,False,False,False,False,False,False,False,False,False,False,False,False,False,False,False,False,False,False,0,0,0,41,2,0,2,1,0,0,7,1,1.0,4,0,0,0.0,0,0,0,0,0,0.0,0.0,0.0,3.0,1.5,False,0,0,1.0,False,0,0,0,0,0,1,0.5,0,2,0,8,0,0,0,0,0,4,0,0,4,0,0,2,0,2,3,2,0,0,0,0,0,0,2,0,0,0,0,2,0,0,0,2.0,0,4,2,0,2,0,2,0,0,0,0,2,2,0.5,0.5,11,0.0,0.0,0.0,0.0,0.0,0.0,0.0,0.0,0.5,0.5,0.0,1.0,0.25,0,0,0,0,0,0,0,0.0,0,1,25.0,0,0.0,0,0,0,1,0,0,0,4,0,0,0,1.0,False
398,ERC20ReturnFalseMock,/home/motafeq/projects/chainguardian-ai/data/safe_contracts/openzeppelin-contracts/contracts/mocks/token/ERC20ReturnFalseMock.sol,safe_contracts,safe_contracts,comprehensive,success,False,False,False,False,False,False,False,False,False,False,False,False,False,False,False,False,False,False,False,False,False,False,False,0,0,0,32,0,0,2,0,0,0,5,1,1.0,3,0,0,0.0,0,0,0,0,0,0.0,0.0,0.0,3.0,1.5,False,0,0,1.0,False,0,0,0,0,0,1,0.5,0,3,0,6,0,0,0,0,0,3,0,0,3,0,0,0,0,0,3,0,0,0,0,0,0,0,0,0,0,0,0,0,0,0,0,0.0,0,3,3,0,0,0,3,3,0,0,0,0,0,0.0,0.0,8,0.0,0.0,0.0,0.0,0.0,0.0,0.0,0.0,1.0,1.0,0.0,0.0,0.0,0,0,0,0,0,0,0,0.0,0,1,33.33,0,0.0,0,0,0,1,0,0,0,3,0,0,0,1.0,False
399,ERC20GetterHelper,/home/motafeq/projects/chainguardian-ai/data/safe_contracts/openzeppelin-contracts/contracts/mocks/token/ERC20GetterHelper.sol,safe_contracts,safe_contracts,comprehensive,success,False,False,False,False,False,False,False,False,False,False,False,False,False,False,False,False,False,False,False,False,False,False,False,0,0,0,6,0,0,6,6,0,0,0,1,1.0,6,0,0,0.0,0,0,0,0,0,0.0,0.0,0.0,3.0,1.5,False,0,0,1.0,False,0,0,0,0,0,1,0.5,0,0,0,12,0,0,6,0,0,6,0,0,6,0,0,6,0,0,6,0,6,0,6,0,0,0,0,0,0,0,0,9,0,0,0,0.75,0,6,0,6,0,0,0,0,0,0,0,0,0,0.0,0.0,3,0.0,0.0,0.0,0.0,0.0,0.0,0.0,1.0,0.0,0.0,0.0,0.0,1.0,0,0,0,0,0,0,0,0.0,0,1,16.67,0,0.0,0,0,0,1,0,0,0,6,0,0,0,1.0,False
400,UUPSUpgradeableMock,/home/motafeq/projects/chainguardian-ai/data/safe_contracts/openzeppelin-contracts/contracts/mocks/proxy/UUPSUpgradeableMock.sol,safe_contracts,safe_contracts,comprehensive,success,False,False,False,False,False,False,False,False,False,False,False,False,False,False,False,False,False,False,False,False,False,False,False,0,0,0,11,2,2,0,4,0,1,3,1,1.0,2,0,0,0.0,0,0,0,0,0,0.0,0.0,0.0,3.0,1.5,False,0,0,1.0,False,0,0,0,0,0,0,0.0,0,0,0,2,0,0,0,0,0,2,0,0,2,0,0,0,0,0,1,0,0,0,0,0,0,0,1,0,0,0,0,1,0,0,0,1.0,0,2,0,0,2,0,0,0,0,0,0,0,1,0.0,0.5,13,0.0,0.0,0.0,0.0,0.0,0.0,0.0,0.0,0.0,0.0,0.5,0.0,2.0,0,0,0,0,0,0,0,0.0,0,1,50.0,0,0.0,0,0,0,1,0,0,0,2,0,0,0,1.0,False
401,BadBeacon,/home/motafeq/projects/chainguardian-ai/data/safe_contracts/openzeppelin-contracts/contracts/mocks/proxy/BadBeacon.sol,safe_contracts,safe_contracts,comprehensive,success,False,False,False,False,False,False,False,False,False,False,False,False,False,False,False,False,False,False,False,False,False,False,False,0,0,0,0,0,0,0,0,0,0,0,0,0.0,0,0,0,0.0,0,0,0,0,0,0.0,0.0,0.0,0.0,0.0,False,0,0,1.0,False,0,0,0,0,0,0,0.0,0,0,0,0,0,0,0,0,0,0,0,0,0,0,0,0,0,0,0,0,0,0,0,0,0,0,0,0,0,0,0,0,0,0,0,0.0,0,0,0,0,0,0,0,0,0,0,0,0,0,0.0,0.0,2,0.0,0.0,0.0,0.0,0.0,0.0,0.0,0.0,0.0,0.0,0.0,0.0,0.0,0,0,0,0,0,0,0,0.0,0,1,100.0,0,0.0,0,0,0,0,0,0,0,1,0,0,0,1.0,False
402,ClashingImplementation,/home/motafeq/projects/chainguardian-ai/data/safe_contracts/openzeppelin-contracts/contracts/mocks/proxy/ClashingImplementation.sol,safe_contracts,safe_contracts,comprehensive,success,False,False,False,False,False,False,False,False,False,False,False,False,False,False,False,False,False,False,False,False,False,False,False,0,0,0,2,0,0,1,0,0,1,0,1,1.0,2,0,0,0.0,0,0,0,0,0,0.0,0.0,0.0,3.0,1.5,False,0,0,1.0,False,0,0,0,0,0,1,0.5,0,1,0,4,0,0,0,0,0,2,0,0,2,0,0,0,0,0,1,0,0,0,0,0,0,0,0,0,0,0,0,2,0,0,0,2.0,0,2,0,2,0,0,1,1,0,0,0,0,0,0.0,0.0,1,0.0,0.0,0.0,0.0,0.0,0.0,0.0,1.0,0.0,0.5,0.5,0.0,0.0,0,0,0,0,0,0,0,0.0,0,1,50.0,0,0.0,0,0,0,1,0,0,0,2,0,0,0,1.0,False
403,ERC1967ProxyUnsafe,/home/motafeq/projects/chainguardian-ai/data/safe_contracts/openzeppelin-contracts/contracts/mocks/proxy/ERC1967ProxyUnsafe.sol,safe_contracts,safe_contracts,comprehensive,success,False,False,False,False,False,False,False,False,False,False,False,False,False,False,False,False,False,False,False,False,False,False,False,0,0,0,9,0,0,0,2,0,3,2,1,1.0,2,0,0,0.0,0,0,0,0,0,0.0,0.0,0.0,3.0,1.5,False,0,0,1.0,False,0,0,0,0,0,1,0.5,0,1,0,4,0,0,0,1,1,1,1,1,2,0,0,0,0,0,1,0,0,0,0,0,0,0,0,0,0,0,0,0,0,0,0,0.0,0,2,1,0,1,0,1,1,1,0,0,0,0,0.0,0.0,10,0.0,0.0,0.0,0.0,0.0,0.0,0.0,0.0,0.5,0.5,1.5,0.0,1.0,0,0,0,0,0,0,0,0.0,0,1,50.0,0,0.0,1,0,0,1,0,0,0,2,0,0,0,1.0,False
404,CompTimelock,/home/motafeq/projects/chainguardian-ai/data/safe_contracts/openzeppelin-contracts/contracts/mocks/compound/CompTimelock.sol,safe_contracts,safe_contracts,comprehensive,success,False,False,False,False,False,False,False,False,False,False,False,False,False,False,False,False,False,False,False,False,False,False,False,0,0,0,10,7,0,6,5,1,2,0,3,1.0,12,0,0,0.0,0,0,0,0,0,0.0,0.0,0.0,7.0,3.5,False,0,1,1.0,False,0,1,0,0,0,16,0.84,0,3,0,56,0,1,5,16,0,7,5,7,14,1,3,6,1,7,6,6,3,0,0,1,3,0,15,14,0,0,0,17,1,0,0,0.263,14,10,7,1,2,0,1,0,1,0,0,14,12,1.4,1.2,1,0.0,0.0,0.0,0.0,0.0,0.0,0.0,0.1,0.7,0.1,0.2,1.167,0.5,0,0,0,0,0,0,0,2.0,0,1,10.0,0,0.0,0,0,0,3,0,0,0,10,0,0,0,1.0,False
405,ERC20WithAutoMinerReward,/home/motafeq/projects/chainguardian-ai/data/safe_contracts/openzeppelin-contracts/contracts/mocks/docs/ERC20WithAutoMinerReward.sol,safe_contracts,safe_contracts,comprehensive,success,False,False,False,False,False,False,False,False,False,False,False,False,False,False,False,False,False,False,False,False,False,False,False,0,0,0,32,0,0,2,0,0,0,5,3,1.0,5,0,0,0.0,0,0,0,0,0,0.0,0.0,0.0,7.0,3.5,False,0,0,1.0,False,0,0,0,0,0,3,0.8,0,0,0,10,0,2,0,5,2,1,2,2,4,0,0,0,0,0,1,0,0,0,0,0,3,0,0,3,1,0,0,3,0,0,0,0.333,3,3,1,0,2,0,0,0,1,0,0,0,0,0.0,0.0,8,0.0,0.0,0.0,0.0,0.0,0.0,0.0,0.0,0.333,0.0,0.0,0.0,0.0,0,0,0,0,0,0,0,2.0,0,1,33.33,0,0.0,2,0,0,3,0,0,0,3,0,0,0,1.0,False
406,ERC7579UtilsMock,/home/motafeq/projects/chainguardian-ai/data/safe_contracts/openzeppelin-contracts/contracts/mocks/account/utils/ERC7579UtilsMock.sol,safe_contracts,safe_contracts,comprehensive,success,False,False,False,False,False,False,False,False,False,False,False,False,False,False,False,False,False,False,False,False,False,False,False,0,0,0,15,5,0,1,32,4,0,0,7,2.0,34,0,0,0.0,0,0,0,0,0,0.0,0.0,0.0,16.0,8.0,False,0,0,1.0,False,0,0,0,0,1,13,0.93,0,8,0,88,0,0,32,14,0,10,2,2,20,3,0,11,14,0,14,0,11,0,1,4,10,0,9,4,1,0,0,19,4,2,0,0.232,4,15,0,0,12,3,8,8,0,0,0,0,5,0.0,0.33,19,0.0,0.0,0.0,0.0,0.0,0.0,0.0,0.0,0.0,0.533,0.0,0.0,2.133,0,0,0,0,0,0,0,5.0,0,1,6.67,0,0.0,0,0,0,7,0,0,0,15,0,0,0,1.0,False
407,MyFactoryAccount,/home/motafeq/projects/chainguardian-ai/data/safe_contracts/openzeppelin-contracts/contracts/mocks/docs/account/MyFactoryAccount.sol,safe_contracts,safe_contracts,comprehensive,success,False,False,False,False,False,False,False,False,False,False,False,False,False,False,False,False,False,False,False,False,False,False,False,0,0,0,3,1,0,0,3,0,0,0,3,1.0,5,0,0,0.0,0,0,0,0,0,0.0,0.0,0.0,7.0,3.5,False,0,0,1.0,False,0,0,0,0,0,4,0.83,0,2,0,12,0,1,3,6,0,3,3,2,6,2,0,3,3,1,3,1,2,0,2,0,1,0,1,1,0,0,0,1,0,0,0,0.1,1,3,3,0,0,0,1,0,1,0,0,2,1,0.67,0.33,6,0.0,0.0,0.0,0.0,0.0,0.0,0.0,0.0,1.0,0.333,0.0,2.0,1.0,0,0,0,0,0,0,0,2.0,0,1,33.33,0,0.0,0,0,0,3,0,0,0,3,0,0,0,1.0,False
408,MyAccountEIP7702,/home/motafeq/projects/chainguardian-ai/data/safe_contracts/openzeppelin-contracts/contracts/mocks/docs/account/MyAccountEIP7702.sol,safe_contracts,safe_contracts,comprehensive,success,False,False,False,False,False,False,False,False,False,False,False,False,False,False,False,False,False,False,False,False,False,False,False,0,0,0,28,0,2,0,8,0,3,12,1,1.0,1,0,0,0.0,0,0,0,0,0,0.0,0.0,0.0,3.0,1.5,False,0,0,1.0,False,0,0,0,0,0,1,0.5,0,1,0,2,0,0,0,2,1,1,2,1,2,0,0,0,0,0,1,0,0,0,0,0,0,0,0,0,0,0,0,0,0,0,0,0.0,0,1,0,0,1,0,1,0,0,0,0,0,0,0.0,0.0,37,0.0,0.0,0.0,0.0,0.0,0.0,0.0,0.0,0.0,1.0,3.0,0.0,8.0,0,0,0,0,0,0,0,0.0,0,1,100.0,0,0.0,1,0,0,1,0,0,0,1,0,0,0,1.0,False
409,AccessManagedERC20MintBase,/home/motafeq/projects/chainguardian-ai/data/safe_contracts/openzeppelin-contracts/contracts/mocks/docs/access-control/AccessManagedERC20MintBase.sol,safe_contracts,safe_contracts,comprehensive,success,False,False,False,False,False,False,False,False,False,False,False,False,False,False,False,False,False,False,False,False,False,False,False,0,0,0,12,2,1,1,2,0,0,2,5,2.0,15,0,0,0.0,0,0,0,0,0,0.0,0.0,0.0,12.0,6.0,False,1,0,0.0,False,0,0,1,0,0,8,0.94,0,3,0,32,0,1,2,9,0,7,6,2,10,1,0,2,2,2,4,2,1,0,2,0,5,0,4,3,1,0,0,4,0,0,1,0.167,3,6,3,0,3,0,2,0,1,0,0,2,2,0.33,0.33,13,0.0,0.0,0.0,0.0,0.0,0.0,0.0,0.0,0.5,0.333,0.0,1.0,0.333,0,0,0,0,0,0,0,3.0,0,1,16.67,0,0.0,0,0,0,5,0,0,0,6,0,0,0,1.0,False
410,AccessControlERC20MintMissing,/home/motafeq/projects/chainguardian-ai/data/safe_contracts/openzeppelin-contracts/contracts/mocks/docs/access-control/AccessControlERC20MintMissing.sol,safe_contracts,safe_contracts,comprehensive,success,False,False,False,False,False,False,False,False,False,False,False,False,False,False,False,False,False,False,False,False,False,False,False,0,0,0,51,3,1,5,0,0,0,9,1,1.0,4,0,0,0.0,0,0,0,0,0,0.0,0.0,0.0,3.0,1.5,False,0,0,1.0,False,0,0,0,0,0,2,0.67,0,0,0,12,0,1,0,7,1,5,2,2,9,0,0,0,0,3,2,0,0,0,0,0,4,0,3,0,0,0,0,4,0,0,0,0.444,0,4,3,0,1,0,0,0,1,0,1,3,3,0.75,0.75,12,0.0,0.0,0.0,0.0,0.0,0.0,0.0,0.0,0.75,0.0,0.0,1.0,0.0,0,0,0,0,0,0,0,0.0,0,1,25.0,0,0.0,1,0,0,1,0,0,0,4,0,0,0,1.0,False
411,AccessControlERC20MintBase,/home/motafeq/projects/chainguardian-ai/data/safe_contracts/openzeppelin-contracts/contracts/mocks/docs/access-control/AccessControlERC20MintBase.sol,safe_contracts,safe_contracts,comprehensive,success,False,False,False,False,False,False,False,False,False,False,False,False,False,False,False,False,False,False,False,False,False,False,False,0,0,0,50,2,1,5,0,0,0,9,3,1.0,5,0,0,0.0,0,0,0,0,0,0.0,0.0,0.0,7.0,3.5,False,0,0,1.0,False,0,0,0,0,0,3,0.8,0,0,0,10,0,1,0,6,1,5,3,1,8,0,0,0,0,1,2,0,0,0,0,0,2,0,2,0,1,0,0,2,0,0,0,0.25,0,3,2,0,1,0,0,0,1,0,1,2,2,0.67,0.67,12,0.0,0.0,0.0,0.0,0.0,0.0,0.0,0.0,0.667,0.0,0.0,1.0,0.0,0,0,0,0,0,0,0,2.0,0,1,33.33,0,0.0,1,0,0,3,0,0,0,3,0,0,0,1.0,False
412,AccessControlERC20MintOnlyRole,/home/motafeq/projects/chainguardian-ai/data/safe_contracts/openzeppelin-contracts/contracts/mocks/docs/access-control/AccessControlERC20MintOnlyRole.sol,safe_contracts,safe_contracts,comprehensive,success,False,False,False,False,False,False,False,False,False,False,False,False,False,False,False,False,False,False,False,False,False,False,False,0,0,0,22,2,1,3,0,0,0,4,3,1.0,18,0,0,0.0,0,0,0,0,0,0.0,0.0,0.0,7.0,3.5,False,0,0,1.0,False,0,0,0,0,0,4,0.76,0,7,0,42,0,2,0,20,2,8,4,4,16,0,3,3,0,1,11,3,0,0,0,0,17,0,5,1,1,0,0,12,0,0,0,0.302,1,12,6,0,6,0,5,0,0,0,1,5,4,0.42,0.33,12,0.0,0.0,0.0,0.0,0.0,0.0,0.0,0.0,0.5,0.417,0.0,1.25,0.0,0,0,0,0,0,0,0,2.0,0,1,8.33,0,0.0,2,0,0,3,0,0,0,12,0,0,0,1.0,False
413,AccessControlModified,/home/motafeq/projects/chainguardian-ai/data/safe_contracts/openzeppelin-contracts/contracts/mocks/docs/access-control/AccessControlModified.sol,safe_contracts,safe_contracts,comprehensive,success,False,False,False,False,False,False,False,False,False,False,False,False,False,False,False,False,False,False,False,False,False,False,False,0,0,0,23,1,1,3,0,0,0,5,1,1.0,2,0,0,0.0,0,0,0,0,0,0.0,0.0,0.0,3.0,1.5,False,0,0,1.0,False,0,0,0,0,0,1,0.33,0,0,0,3,0,1,0,1,0,2,1,1,3,1,0,0,0,0,1,0,0,0,0,0,0,0,1,0,0,0,0,0,0,0,0,0.0,0,2,1,0,1,0,1,1,0,0,1,0,1,0.0,0.5,6,0.0,0.0,0.0,0.0,0.0,0.0,0.0,0.0,0.5,0.5,0.0,0.0,0.0,0,0,0,0,0,0,0,0.0,0,1,50.0,0,0.0,0,0,0,1,0,0,0,2,0,0,0,1.0,False
414,MyContractOwnable,/home/motafeq/projects/chainguardian-ai/data/safe_contracts/openzeppelin-contracts/contracts/mocks/docs/access-control/MyContractOwnable.sol,safe_contracts,safe_contracts,comprehensive,success,False,False,False,False,False,False,False,False,False,False,False,False,False,False,False,False,False,False,False,False,False,False,False,0,0,0,9,1,1,1,0,0,0,1,3,2.0,12,0,0,0.0,0,0,0,0,0,0.0,0.0,0.0,8.0,4.0,False,0,0,1.0,False,0,0,0,0,0,4,0.88,0,1,0,24,0,1,0,10,0,6,3,3,10,1,1,1,0,1,3,1,0,0,0,0,4,0,2,1,0,0,0,2,0,0,0,0.231,1,6,3,0,3,0,2,0,1,0,0,2,1,0.33,0.17,3,0.0,0.0,0.0,0.0,0.0,0.0,0.0,0.0,0.5,0.333,0.0,2.0,0.0,0,0,0,0,0,0,0,1.0,0,1,16.67,0,0.0,0,0,0,3,0,0,0,6,0,0,0,1.0,False
415,Multicall,/home/motafeq/projects/chainguardian-ai/data/safe_contracts/openzeppelin-contracts/contracts/mocks/docs/utilities/Multicall.sol,safe_contracts,safe_contracts,comprehensive,success,False,False,False,False,False,False,False,False,False,False,False,False,False,False,False,False,False,False,False,False,False,False,False,0,0,0,4,0,0,0,4,0,0,1,6,6.0,6,0,0,0.0,0,0,0,0,0,0.0,0.0,0.0,18.0,9.0,False,0,0,1.0,False,0,0,0,0,1,9,1.08,0,1,0,13,0,1,4,2,0,2,2,1,3,1,0,1,1,0,1,0,1,0,1,0,1,0,5,3,0,0,0,1,0,0,0,0.045,3,1,1,0,0,0,0,0,0,0,0,0,0,0.0,0.0,6,0.0,0.0,0.0,0.0,0.0,0.0,0.0,0.0,1.0,0.0,0.0,0.0,4.0,0,0,0,0,0,0,0,0.0,0,0,100.0,0,0.0,0,0,0,6,0,0,0,1,0,0,0,1.0,False
416,ERC6909GameItems,/home/motafeq/projects/chainguardian-ai/data/safe_contracts/openzeppelin-contracts/contracts/mocks/docs/token/ERC6909/ERC6909GameItems.sol,safe_contracts,safe_contracts,comprehensive,success,False,False,False,False,False,False,False,False,False,False,False,False,False,False,False,False,False,False,False,False,False,False,False,0,0,0,38,5,0,6,0,0,0,7,1,1.0,2,0,0,0.0,0,0,0,0,0,0.0,0.0,0.0,3.0,1.5,False,0,0,1.0,False,0,0,0,0,0,9,0.87,0,0,0,15,0,1,0,2,0,3,2,1,4,1,0,0,0,5,0,0,0,0,0,0,0,0,5,0,0,0,0,0,0,0,0,0.0,0,2,1,0,1,0,0,0,1,0,1,5,5,2.5,2.5,10,0.0,0.0,0.0,0.0,0.0,0.0,0.0,0.0,0.5,0.0,0.0,1.0,0.0,0,0,0,0,0,0,0,0.0,0,1,50.0,0,0.0,0,0,0,1,0,0,0,2,0,0,0,1.0,False
417,GLDToken,/home/motafeq/projects/chainguardian-ai/data/safe_contracts/openzeppelin-contracts/contracts/mocks/docs/token/ERC20/GLDToken.sol,safe_contracts,safe_contracts,comprehensive,success,False,False,False,False,False,False,False,False,False,False,False,False,False,False,False,False,False,False,False,False,False,False,False,0,0,0,30,0,0,2,0,0,0,5,1,1.0,1,0,0,0.0,0,0,0,0,0,0.0,0.0,0.0,3.0,1.5,False,0,0,1.0,False,0,0,0,0,0,2,0.67,0,0,0,3,0,1,0,2,1,1,2,1,2,0,0,0,0,0,1,0,0,0,0,0,0,0,0,0,0,0,0,0,0,0,0,0.0,0,1,1,0,0,0,0,0,1,0,0,0,0,0.0,0.0,8,0.0,0.0,0.0,0.0,0.0,0.0,0.0,0.0,1.0,0.0,0.0,0.0,0.0,0,0,0,0,0,0,0,0.0,0,1,100.0,0,0.0,1,0,0,1,0,0,0,1,0,0,0,1.0,False
418,MyERC115HolderContract,/home/motafeq/projects/chainguardian-ai/data/safe_contracts/openzeppelin-contracts/contracts/mocks/docs/token/ERC1155/MyERC115HolderContract.sol,safe_contracts,safe_contracts,comprehensive,success,False,False,False,False,False,False,False,False,False,False,False,False,False,False,False,False,False,False,False,False,False,False,False,0,0,0,7,0,0,0,0,0,0,4,0,0.0,0,0,0,0.0,0,0,0,0,0,0.0,0.0,0.0,0.0,0.0,False,0,0,1.0,False,0,0,0,0,0,0,0.0,0,0,0,0,0,0,0,0,0,0,0,0,0,0,0,0,0,0,0,0,0,0,0,0,0,0,0,0,0,0,0,0,0,0,0,0.0,0,0,0,0,0,0,0,0,0,0,0,0,0,0.0,0.0,5,0.0,0.0,0.0,0.0,0.0,0.0,0.0,0.0,0.0,0.0,0.0,0.0,0.0,0,0,0,0,0,0,0,0.0,0,1,100.0,0,0.0,0,0,0,0,0,0,0,1,0,0,0,1.0,False
419,IVotes,/home/motafeq/projects/chainguardian-ai/data/safe_contracts/openzeppelin-contracts/contracts/governance/utils/IVotes.sol,safe_contracts,safe_contracts,comprehensive,success,False,False,False,False,False,False,False,False,False,False,False,False,False,False,False,False,False,False,False,False,False,False,False,0,0,0,6,0,0,2,0,0,0,0,1,1.0,6,0,0,0.0,0,0,0,0,0,0.0,0.0,0.0,3.0,1.5,False,0,0,1.0,False,0,0,0,0,0,0,0.0,0,0,0,0,0,0,0,0,0,6,0,0,6,0,0,0,0,0,6,0,0,0,0,0,0,0,0,0,0,0,0,7,0,0,0,0.0,0,6,0,6,0,0,4,0,0,0,0,0,0,0.0,0.0,1,0.0,0.0,0.0,0.0,0.0,0.0,0.0,1.0,0.0,0.667,0.0,0.0,0.0,0,0,0,0,0,0,0,0.0,0,1,16.67,0,0.0,0,0,0,1,0,0,0,6,0,0,0,1.0,False
420,EIP7702Utils,/home/motafeq/projects/chainguardian-ai/data/safe_contracts/openzeppelin-contracts/contracts/account/utils/EIP7702Utils.sol,safe_contracts,safe_contracts,comprehensive,success,False,False,False,False,False,False,False,False,False,False,False,False,False,False,False,False,False,False,False,False,False,False,False,0,0,0,2,1,0,0,0,0,0,0,2,1.0,3,0,0,0.0,0,0,0,0,0,0.0,0.0,0.0,5.0,2.5,False,0,0,1.0,False,0,0,0,0,0,3,0.67,0,2,0,6,0,0,0,1,0,2,1,1,3,1,0,0,0,1,1,0,0,0,0,0,0,0,1,0,0,0,0,0,0,0,0,0.0,0,2,0,0,2,0,1,0,0,0,0,1,1,0.5,0.5,1,0.0,0.0,0.0,0.0,0.0,0.0,0.0,0.0,0.0,0.5,0.0,1.0,0.0,0,0,0,0,0,0,0,1.0,0,1,50.0,0,0.0,0,0,0,2,0,0,0,2,0,0,0,1.0,False
421,draft-ERC4337Utils,/home/motafeq/projects/chainguardian-ai/data/safe_contracts/openzeppelin-contracts/contracts/account/utils/draft-ERC4337Utils.sol,safe_contracts,safe_contracts,comprehensive,success,False,False,False,False,False,False,False,False,False,False,False,False,False,False,False,False,False,False,False,False,False,False,False,0,0,0,18,5,0,0,16,0,0,0,3,1.0,26,0,0,0.0,0,0,0,0,0,0.0,0.0,0.0,7.0,3.5,False,0,0,1.0,False,0,0,0,0,0,12,0.77,0,22,0,73,0,0,16,6,1,13,2,2,17,0,0,12,2,2,17,0,12,0,0,0,0,0,5,0,0,0,0,0,0,0,0,0.0,0,18,0,0,18,0,17,14,0,0,0,3,5,0.17,0.28,14,0.0,0.0,0.0,0.0,0.0,0.0,0.0,0.0,0.0,0.944,0.0,0.6,0.889,0,0,0,0,0,0,0,2.0,0,1,5.56,0,0.0,1,0,0,3,0,0,0,18,0,0,0,1.0,False
422,draft-ERC7579Utils,/home/motafeq/projects/chainguardian-ai/data/safe_contracts/openzeppelin-contracts/contracts/account/utils/draft-ERC7579Utils.sol,safe_contracts,safe_contracts,comprehensive,success,False,False,False,False,False,False,False,False,False,False,False,False,False,False,False,False,False,False,False,False,False,False,False,0,0,0,15,5,0,1,32,4,0,0,7,2.0,34,0,0,0.0,0,0,0,0,0,0.0,0.0,0.0,16.0,8.0,False,0,0,1.0,False,0,0,0,0,1,13,0.93,0,8,0,88,0,0,32,14,0,10,2,2,20,3,0,11,14,0,14,0,11,0,1,4,10,0,9,4,1,0,0,19,4,2,0,0.232,4,15,0,0,12,3,8,8,0,0,0,0,5,0.0,0.33,18,0.0,0.0,0.0,0.0,0.0,0.0,0.0,0.0,0.0,0.533,0.0,0.0,2.133,0,0,0,0,0,0,0,5.0,0,1,6.67,0,0.0,0,0,0,7,0,0,0,15,0,0,0,1.0,False
423,draft-ERC7821,/home/motafeq/projects/chainguardian-ai/data/safe_contracts/openzeppelin-contracts/contracts/account/extensions/draft-ERC7821.sol,safe_contracts,safe_contracts,comprehensive,success,False,False,False,False,False,False,False,False,False,False,False,False,False,False,False,False,False,False,False,False,False,False,False,0,0,0,5,0,0,0,5,0,2,1,5,2.0,7,0,0,0.0,0,0,0,0,0,0.0,0.0,0.0,12.0,6.0,False,0,0,1.0,False,0,0,0,0,0,5,0.94,0,2,0,16,0,2,5,7,0,6,4,1,8,2,0,2,1,0,3,0,2,0,1,0,2,0,0,0,2,0,0,2,0,0,0,0.2,0,3,2,0,1,0,2,0,0,0,0,0,0,0.0,0.0,28,0.0,0.0,0.0,0.0,0.0,0.0,0.0,0.0,0.667,0.667,0.667,0.0,1.667,0,0,0,0,0,0,0,3.0,0,1,33.33,0,0.0,0,0,0,5,0,0,0,3,0,0,0,1.0,False
424,ERC6909,/home/motafeq/projects/chainguardian-ai/data/safe_contracts/openzeppelin-contracts/contracts/token/ERC6909/ERC6909.sol,safe_contracts,safe_contracts,comprehensive,success,False,False,False,False,False,False,False,False,False,False,False,False,False,False,False,False,False,False,False,False,False,False,False,0,0,0,27,3,0,3,0,0,0,4,7,2.0,43,0,0,0.0,0,0,0,0,0,0.0,0.0,0.0,16.0,8.0,False,0,0,1.0,False,0,0,0,0,0,6,0.99,0,8,0,81,0,3,0,27,1,11,4,5,23,0,2,4,0,3,15,4,0,0,0,0,15,0,9,18,1,0,0,37,0,0,0,0.361,18,15,8,0,7,0,4,0,0,0,0,4,4,0.27,0.27,8,0.0,0.0,0.0,0.0,0.0,0.0,0.0,0.0,0.533,0.267,0.0,1.0,0.0,0,0,0,0,0,0,0,5.0,0,1,6.67,0,0.0,1,0,0,7,0,0,0,15,0,0,0,1.0,False
425,IERC721,/home/motafeq/projects/chainguardian-ai/data/safe_contracts/openzeppelin-contracts/contracts/token/ERC721/IERC721.sol,safe_contracts,safe_contracts,comprehensive,success,False,False,False,False,False,False,False,False,False,False,False,False,False,False,False,False,False,False,False,False,False,False,False,0,0,0,10,0,0,3,0,0,0,1,1,1.0,9,0,0,0.0,0,0,0,0,0,0.0,0.0,0.0,3.0,1.5,False,0,0,1.0,False,0,0,0,0,0,0,0.0,0,0,0,0,0,0,0,0,0,8,0,0,8,0,0,0,0,0,9,0,0,0,0,0,0,0,0,0,0,0,0,14,0,0,0,0.0,0,9,0,9,0,0,4,0,0,0,0,0,0,0.0,0.0,2,0.0,0.0,0.0,0.0,0.0,0.0,0.0,1.0,0.0,0.444,0.0,0.0,0.0,0,0,0,0,0,0,0,0.0,0,1,11.11,0,0.0,0,0,0,1,0,0,0,9,0,0,0,1.0,False
426,IERC721Receiver,/home/motafeq/projects/chainguardian-ai/data/safe_contracts/openzeppelin-contracts/contracts/token/ERC721/IERC721Receiver.sol,safe_contracts,safe_contracts,comprehensive,success,False,False,False,False,False,False,False,False,False,False,False,False,False,False,False,False,False,False,False,False,False,False,False,0,0,0,1,0,0,0,0,0,0,0,1,1.0,1,0,0,0.0,0,0,0,0,0,0.0,0.0,0.0,3.0,1.5,False,0,0,1.0,False,0,0,0,0,0,0,0.0,0,0,0,0,0,0,0,0,0,1,0,0,1,0,0,0,0,0,1,0,0,0,0,0,0,0,0,0,0,0,0,4,0,0,0,0.0,0,1,0,1,0,0,0,0,0,0,0,0,0,0.0,0.0,1,0.0,0.0,0.0,0.0,0.0,0.0,0.0,1.0,0.0,0.0,0.0,0.0,0.0,0,0,0,0,0,0,0,0.0,0,1,100.0,0,0.0,0,0,0,1,0,0,0,1,0,0,0,1.0,False
427,IERC20,/home/motafeq/projects/chainguardian-ai/data/safe_contracts/openzeppelin-contracts/contracts/token/ERC20/IERC20.sol,safe_contracts,safe_contracts,comprehensive,success,False,False,False,False,False,False,False,False,False,False,False,False,False,False,False,False,False,False,False,False,False,False,False,0,0,0,6,0,0,2,0,0,0,0,1,1.0,6,0,0,0.0,0,0,0,0,0,0.0,0.0,0.0,3.0,1.5,False,0,0,1.0,False,0,0,0,0,0,0,0.0,0,0,0,0,0,0,0,0,0,6,0,0,6,0,0,0,0,0,5,0,0,0,0,0,0,0,0,0,0,0,0,7,0,0,0,0.0,0,6,0,6,0,0,3,0,0,0,0,0,0,0.0,0.0,1,0.0,0.0,0.0,0.0,0.0,0.0,0.0,1.0,0.0,0.5,0.0,0.0,0.0,0,0,0,0,0,0,0,0.0,0,1,16.67,0,0.0,0,0,0,1,0,0,0,6,0,0,0,1.0,False
428,ERC20,/home/motafeq/projects/chainguardian-ai/data/safe_contracts/openzeppelin-contracts/contracts/token/ERC20/ERC20.sol,safe_contracts,safe_contracts,comprehensive,success,False,False,False,False,False,False,False,False,False,False,False,False,False,False,False,False,False,False,False,False,False,False,False,0,0,0,29,5,0,2,0,0,0,4,7,2.0,41,0,0,0.0,0,0,0,0,0,0.0,0.0,0.0,16.0,8.0,False,0,0,1.0,False,0,0,0,0,0,7,0.94,0,9,0,81,0,3,0,21,1,14,3,3,23,0,3,3,0,5,13,3,0,0,0,0,13,0,8,16,0,0,0,27,0,0,0,0.337,16,17,9,0,8,0,6,0,1,0,0,7,5,0.41,0.29,7,0.0,0.0,0.0,0.0,0.0,0.0,0.0,0.0,0.529,0.353,0.0,1.4,0.0,0,0,0,0,0,0,0,5.0,0,1,5.88,0,0.0,1,0,0,7,0,0,0,17,0,0,0,1.0,False
429,IERC1155,/home/motafeq/projects/chainguardian-ai/data/safe_contracts/openzeppelin-contracts/contracts/token/ERC1155/IERC1155.sol,safe_contracts,safe_contracts,comprehensive,success,False,False,False,False,False,False,False,False,False,False,False,False,False,False,False,False,False,False,False,False,False,False,False,0,0,0,7,0,0,4,0,0,0,1,1,1.0,6,0,0,0.0,0,0,0,0,0,0.0,0.0,0.0,3.0,1.5,False,0,0,1.0,False,0,0,0,0,0,0,0.0,0,0,0,0,0,0,0,0,0,6,0,0,6,0,0,0,0,0,6,0,0,0,0,0,0,0,0,0,0,0,0,12,0,0,0,0.0,0,6,0,6,0,0,3,0,0,0,0,0,0,0.0,0.0,2,0.0,0.0,0.0,0.0,0.0,0.0,0.0,1.0,0.0,0.5,0.0,0.0,0.0,0,0,0,0,0,0,0,0.0,0,1,16.67,0,0.0,0,0,0,1,0,0,0,6,0,0,0,1.0,False
430,IERC1155Receiver,/home/motafeq/projects/chainguardian-ai/data/safe_contracts/openzeppelin-contracts/contracts/token/ERC1155/IERC1155Receiver.sol,safe_contracts,safe_contracts,comprehensive,success,False,False,False,False,False,False,False,False,False,False,False,False,False,False,False,False,False,False,False,False,False,False,False,0,0,0,3,0,0,0,0,0,0,1,1,1.0,2,0,0,0.0,0,0,0,0,0,0.0,0.0,0.0,3.0,1.5,False,0,0,1.0,False,0,0,0,0,0,0,0.0,0,0,0,0,0,0,0,0,0,2,0,0,2,0,0,0,0,0,2,0,0,0,0,0,0,0,0,0,0,0,0,10,0,0,0,0.0,0,2,0,2,0,0,0,0,0,0,0,0,0,0.0,0.0,2,0.0,0.0,0.0,0.0,0.0,0.0,0.0,1.0,0.0,0.0,0.0,0.0,0.0,0,0,0,0,0,0,0,0.0,0,1,50.0,0,0.0,0,0,0,1,0,0,0,2,0,0,0,1.0,False
431,ERC2981,/home/motafeq/projects/chainguardian-ai/data/safe_contracts/openzeppelin-contracts/contracts/token/common/ERC2981.sol,safe_contracts,safe_contracts,comprehensive,success,False,False,False,False,False,False,False,False,False,False,False,False,False,False,False,False,False,False,False,False,False,False,False,0,0,0,10,2,0,0,0,0,0,3,5,2.0,17,0,0,0.0,0,0,0,0,0,0.0,0.0,0.0,12.0,6.0,False,0,0,1.0,False,0,0,0,0,0,7,0.94,0,3,0,36,0,1,0,9,1,8,3,3,12,0,1,3,0,2,5,3,0,0,0,0,2,0,4,4,0,0,0,6,0,0,0,0.214,4,7,2,0,5,0,3,1,0,0,1,4,4,0.57,0.57,4,0.0,0.0,0.0,0.0,0.0,0.0,0.0,0.0,0.286,0.429,0.0,1.0,0.0,0,0,0,0,0,0,0,3.0,0,1,14.29,0,0.0,1,0,0,5,0,0,0,7,0,0,0,1.0,False
432,ERC6909TokenSupply,/home/motafeq/projects/chainguardian-ai/data/safe_contracts/openzeppelin-contracts/contracts/token/ERC6909/extensions/ERC6909TokenSupply.sol,safe_contracts,safe_contracts,comprehensive,success,False,False,False,False,False,False,False,False,False,False,False,False,False,False,False,False,False,False,False,False,False,False,False,0,0,0,30,1,0,3,0,0,0,6,5,3.0,6,0,0,0.0,0,0,0,0,0,0.0,0.0,0.0,13.0,6.5,False,0,0,1.0,False,0,0,0,0,0,5,1.0,0,1,0,10,0,0,0,1,1,1,1,1,2,0,0,1,0,1,2,1,0,0,0,0,1,0,0,4,0,0,0,4,0,0,0,0.364,4,2,1,0,1,0,1,0,0,0,0,2,1,1.0,0.5,9,0.0,0.0,0.0,0.0,0.0,0.0,0.0,0.0,0.5,0.5,0.0,2.0,0.0,0,0,0,0,0,0,0,2.0,0,0,50.0,0,0.0,1,0,0,5,0,0,0,2,0,0,0,1.0,False
433,ERC6909Metadata,/home/motafeq/projects/chainguardian-ai/data/safe_contracts/openzeppelin-contracts/contracts/token/ERC6909/extensions/ERC6909Metadata.sol,safe_contracts,safe_contracts,comprehensive,success,False,False,False,False,False,False,False,False,False,False,False,False,False,False,False,False,False,False,False,False,False,False,False,0,0,0,36,1,0,6,0,0,0,6,1,1.0,6,0,0,0.0,0,0,0,0,0,0.0,0.0,0.0,3.0,1.5,False,0,0,1.0,False,0,0,0,0,0,2,0.6,0,3,0,15,0,0,0,0,0,6,0,0,6,0,0,3,0,1,6,3,0,0,0,0,0,0,3,0,0,0,0,6,0,0,0,0.75,0,6,3,0,3,0,3,0,0,0,1,6,3,1.0,0.5,9,0.0,0.0,0.0,0.0,0.0,0.0,0.0,0.0,0.5,0.5,0.0,2.0,0.0,0,0,0,0,0,0,0,0.0,0,1,16.67,0,0.0,0,0,0,1,0,0,0,6,0,0,0,1.0,False
434,ERC6909ContentURI,/home/motafeq/projects/chainguardian-ai/data/safe_contracts/openzeppelin-contracts/contracts/token/ERC6909/extensions/ERC6909ContentURI.sol,safe_contracts,safe_contracts,comprehensive,success,False,False,False,False,False,False,False,False,False,False,False,False,False,False,False,False,False,False,False,False,False,False,False,0,0,0,33,2,0,5,0,0,0,6,1,1.0,4,0,0,0.0,0,0,0,0,0,0.0,0.0,0.0,3.0,1.5,False,0,0,1.0,False,0,0,0,0,0,2,0.6,0,2,0,10,0,0,0,0,0,4,0,0,4,0,0,2,0,2,3,2,0,0,0,0,0,0,2,0,0,0,0,3,0,0,0,1.0,0,4,2,0,2,0,2,0,0,0,0,2,2,0.5,0.5,9,0.0,0.0,0.0,0.0,0.0,0.0,0.0,0.0,0.5,0.5,0.0,1.0,0.0,0,0,0,0,0,0,0,0.0,0,1,25.0,0,0.0,0,0,0,1,0,0,0,4,0,0,0,1.0,False
435,ERC721Utils,/home/motafeq/projects/chainguardian-ai/data/safe_contracts/openzeppelin-contracts/contracts/token/ERC721/utils/ERC721Utils.sol,safe_contracts,safe_contracts,comprehensive,success,False,False,False,False,False,False,False,False,False,False,False,False,False,False,False,False,False,False,False,False,False,False,False,0,0,0,1,0,0,0,3,0,0,0,7,7.0,7,0,0,0.0,0,0,0,0,0,0.0,0.0,0.0,21.0,10.5,False,0,0,1.0,False,0,0,0,0,0,7,1.27,0,0,0,15,0,0,3,4,0,4,4,1,5,1,0,1,0,0,1,0,1,0,1,0,0,0,2,4,0,0,0,5,0,0,0,0.278,4,1,0,0,1,0,0,0,0,0,0,0,0,0.0,0.0,5,0.0,0.0,0.0,0.0,0.0,0.0,0.0,0.0,0.0,0.0,0.0,0.0,3.0,0,0,0,0,0,0,0,0.0,0,0,100.0,0,0.0,0,0,0,7,0,0,0,1,0,0,0,1.0,False
436,ERC721Holder,/home/motafeq/projects/chainguardian-ai/data/safe_contracts/openzeppelin-contracts/contracts/token/ERC721/utils/ERC721Holder.sol,safe_contracts,safe_contracts,comprehensive,success,False,False,False,False,False,False,False,False,False,False,False,False,False,False,False,False,False,False,False,False,False,False,False,0,0,0,2,0,0,0,0,0,0,1,1,1.0,1,0,0,0.0,0,0,0,0,0,0.0,0.0,0.0,3.0,1.5,False,0,0,1.0,False,0,0,0,0,0,1,0.5,0,1,0,2,0,0,0,0,0,1,0,0,1,0,0,0,0,0,1,0,0,0,0,0,0,0,0,0,0,0,0,4,0,0,0,1.333,0,1,1,0,0,0,0,0,0,0,0,0,0,0.0,0.0,2,0.0,0.0,0.0,0.0,0.0,0.0,0.0,0.0,1.0,0.0,0.0,0.0,0.0,0,0,0,0,0,0,0,0.0,0,1,100.0,0,0.0,0,0,0,1,0,0,0,1,0,0,0,1.0,False
437,IERC721Enumerable,/home/motafeq/projects/chainguardian-ai/data/safe_contracts/openzeppelin-contracts/contracts/token/ERC721/extensions/IERC721Enumerable.sol,safe_contracts,safe_contracts,comprehensive,success,False,False,False,False,False,False,False,False,False,False,False,False,False,False,False,False,False,False,False,False,False,False,False,0,0,0,13,0,0,3,0,0,0,2,1,1.0,3,0,0,0.0,0,0,0,0,0,0.0,0.0,0.0,3.0,1.5,False,0,0,1.0,False,0,0,0,0,0,0,0.0,0,0,0,0,0,0,0,0,0,3,0,0,3,0,0,0,0,0,2,0,0,0,0,0,0,0,0,0,0,0,0,0,0,0,0,0.0,0,3,0,3,0,0,3,0,0,0,0,0,0,0.0,0.0,3,0.0,0.0,0.0,0.0,0.0,0.0,0.0,1.0,0.0,1.0,0.0,0.0,0.0,0,0,0,0,0,0,0,0.0,0,1,33.33,0,0.0,0,0,0,1,0,0,0,3,0,0,0,1.0,False
438,IERC721Metadata,/home/motafeq/projects/chainguardian-ai/data/safe_contracts/openzeppelin-contracts/contracts/token/ERC721/extensions/IERC721Metadata.sol,safe_contracts,safe_contracts,comprehensive,success,False,False,False,False,False,False,False,False,False,False,False,False,False,False,False,False,False,False,False,False,False,False,False,0,0,0,13,0,0,3,0,0,0,2,1,1.0,3,0,0,0.0,0,0,0,0,0,0.0,0.0,0.0,3.0,1.5,False,0,0,1.0,False,0,0,0,0,0,0,0.0,0,0,0,0,0,0,0,0,0,3,0,0,3,0,0,0,0,0,1,0,0,0,0,0,0,0,0,0,0,0,0,0,0,0,0,0.0,0,3,0,3,0,0,3,0,0,0,0,0,0,0.0,0.0,3,0.0,0.0,0.0,0.0,0.0,0.0,0.0,1.0,0.0,1.0,0.0,0.0,0.0,0,0,0,0,0,0,0,0.0,0,1,33.33,0,0.0,0,0,0,1,0,0,0,3,0,0,0,1.0,False
439,SafeERC20,/home/motafeq/projects/chainguardian-ai/data/safe_contracts/openzeppelin-contracts/contracts/token/ERC20/utils/SafeERC20.sol,safe_contracts,safe_contracts,comprehensive,success,False,False,False,False,False,False,False,False,False,False,False,False,False,False,False,False,False,False,False,False,False,False,False,0,0,0,13,0,0,0,5,0,0,0,7,3.0,49,0,0,0.0,0,0,0,0,0,0.0,0.0,0.0,17.0,8.5,False,0,0,1.0,False,0,0,0,0,0,14,1.05,0,2,0,107,0,0,5,41,0,10,7,6,23,3,10,5,3,0,13,0,5,0,5,0,12,0,17,32,21,0,0,49,0,0,0,0.282,32,13,0,0,10,3,0,0,0,0,0,0,0,0.0,0.0,4,0.0,0.0,0.0,0.0,0.0,0.0,0.0,0.0,0.0,0.0,0.0,0.0,0.385,0,0,0,0,0,0,0,4.0,0,0,7.69,0,0.0,0,0,0,7,0,0,0,13,0,0,0,1.0,False
440,ERC1363Utils,/home/motafeq/projects/chainguardian-ai/data/safe_contracts/openzeppelin-contracts/contracts/token/ERC20/utils/ERC1363Utils.sol,safe_contracts,safe_contracts,comprehensive,success,False,False,False,False,False,False,False,False,False,False,False,False,False,False,False,False,False,False,False,False,False,False,False,0,0,0,2,0,0,0,2,0,0,0,7,7.0,14,0,0,0.0,0,0,0,0,0,0.0,0.0,0.0,21.0,10.5,False,0,0,1.0,False,0,0,0,0,0,8,1.12,0,0,0,32,0,0,2,8,0,5,4,2,7,1,0,2,1,0,2,0,2,0,2,0,0,0,4,8,0,0,0,9,0,0,0,0.237,8,2,0,0,2,0,0,0,0,0,0,0,0,0.0,0.0,3,0.0,0.0,0.0,0.0,0.0,0.0,0.0,0.0,0.0,0.0,0.0,0.0,1.0,0,0,0,0,0,0,0,0.0,0,0,50.0,0,0.0,0,0,0,7,0,0,0,2,0,0,0,1.0,False
441,ERC20Capped,/home/motafeq/projects/chainguardian-ai/data/safe_contracts/openzeppelin-contracts/contracts/token/ERC20/extensions/ERC20Capped.sol,safe_contracts,safe_contracts,comprehensive,success,False,False,False,False,False,False,False,False,False,False,False,False,False,False,False,False,False,False,False,False,False,False,False,0,0,0,32,1,0,2,0,0,0,5,5,3.0,9,0,0,0.0,0,0,0,0,0,0.0,0.0,0.0,13.0,6.5,False,0,0,1.0,False,0,0,0,0,0,6,1.0,0,1,0,16,0,0,0,5,1,4,4,1,6,0,0,1,0,1,2,1,0,0,0,0,3,0,2,2,0,0,0,3,0,0,0,0.273,2,3,1,0,2,0,1,0,1,0,0,1,1,0.33,0.33,8,0.0,0.0,0.0,0.0,0.0,0.0,0.0,0.0,0.333,0.333,0.0,1.0,0.0,0,0,0,0,0,0,0,2.0,0,0,33.33,0,0.0,1,0,0,5,0,0,0,3,0,0,0,1.0,False
442,draft-ERC20Bridgeable,/home/motafeq/projects/chainguardian-ai/data/safe_contracts/openzeppelin-contracts/contracts/token/ERC20/extensions/draft-ERC20Bridgeable.sol,safe_contracts,safe_contracts,comprehensive,success,False,False,False,False,False,False,False,False,False,False,False,False,False,False,False,False,False,False,False,False,False,False,False,0,0,0,29,5,0,2,0,0,0,4,7,2.0,41,0,0,0.0,0,0,0,0,0,0.0,0.0,0.0,16.0,8.0,False,0,0,1.0,False,0,0,0,0,0,7,0.94,0,9,0,81,0,3,0,21,1,14,3,3,23,0,3,3,0,5,13,3,0,0,0,0,13,0,8,16,0,0,0,27,0,0,0,0.337,16,17,9,0,8,0,6,0,1,0,0,7,5,0.41,0.29,11,0.0,0.0,0.0,0.0,0.0,0.0,0.0,0.0,0.529,0.353,0.0,1.4,0.0,0,0,0,0,0,0,0,5.0,0,1,5.88,0,0.0,1,0,0,7,0,0,0,17,0,0,0,1.0,False
443,ERC20Wrapper,/home/motafeq/projects/chainguardian-ai/data/safe_contracts/openzeppelin-contracts/contracts/token/ERC20/extensions/ERC20Wrapper.sol,safe_contracts,safe_contracts,comprehensive,success,False,False,False,False,False,False,False,False,False,False,False,False,False,False,False,False,False,False,False,False,False,False,False,0,0,0,35,1,0,2,4,0,0,5,5,2.0,14,0,0,0.0,0,0,0,0,0,0.0,0.0,0.0,12.0,6.0,False,0,0,1.0,False,0,0,0,0,0,8,0.94,0,6,0,35,0,1,4,11,1,8,4,2,13,0,0,4,2,1,4,1,3,0,3,0,6,0,2,4,0,0,0,5,0,0,2,0.167,4,6,4,0,2,0,2,0,1,0,0,5,1,0.83,0.17,11,0.0,0.0,0.0,0.0,0.0,0.0,0.0,0.0,0.667,0.333,0.0,5.0,0.667,0,0,0,0,0,0,0,3.0,0,1,16.67,0,0.0,1,0,0,5,0,0,0,6,0,0,0,1.0,False
444,ERC20Burnable,/home/motafeq/projects/chainguardian-ai/data/safe_contracts/openzeppelin-contracts/contracts/token/ERC20/extensions/ERC20Burnable.sol,safe_contracts,safe_contracts,comprehensive,success,False,False,False,False,False,False,False,False,False,False,False,False,False,False,False,False,False,False,False,False,False,False,False,0,0,0,31,0,0,2,0,0,0,5,1,1.0,2,0,0,0.0,0,0,0,0,0,0.0,0.0,0.0,3.0,1.5,False,0,0,1.0,False,0,0,0,0,0,2,0.6,0,0,0,5,0,1,0,5,0,3,3,2,5,1,0,0,0,0,2,0,0,0,0,0,5,0,0,0,0,0,0,3,0,0,0,0.6,0,2,2,0,0,0,0,0,0,0,0,0,0,0.0,0.0,8,0.0,0.0,0.0,0.0,0.0,0.0,0.0,0.0,1.0,0.0,0.0,0.0,0.0,0,0,0,0,0,0,0,0.0,0,1,50.0,0,0.0,0,0,0,1,0,0,0,2,0,0,0,1.0,False
445,IERC20Metadata,/home/motafeq/projects/chainguardian-ai/data/safe_contracts/openzeppelin-contracts/contracts/token/ERC20/extensions/IERC20Metadata.sol,safe_contracts,safe_contracts,comprehensive,success,False,False,False,False,False,False,False,False,False,False,False,False,False,False,False,False,False,False,False,False,False,False,False,0,0,0,9,0,0,2,0,0,0,1,1,1.0,3,0,0,0.0,0,0,0,0,0,0.0,0.0,0.0,3.0,1.5,False,0,0,1.0,False,0,0,0,0,0,0,0.0,0,0,0,0,0,0,0,0,0,3,0,0,3,0,0,0,0,0,0,0,0,0,0,0,0,0,0,0,0,0,0,0,0,0,0,0.0,0,3,0,3,0,0,3,0,0,0,0,0,0,0.0,0.0,2,0.0,0.0,0.0,0.0,0.0,0.0,0.0,1.0,0.0,1.0,0.0,0.0,0.0,0,0,0,0,0,0,0,0.0,0,1,33.33,0,0.0,0,0,0,1,0,0,0,3,0,0,0,1.0,False
446,ERC20FlashMint,/home/motafeq/projects/chainguardian-ai/data/safe_contracts/openzeppelin-contracts/contracts/token/ERC20/extensions/ERC20FlashMint.sol,safe_contracts,safe_contracts,comprehensive,success,False,False,False,False,False,False,False,False,False,False,False,False,False,False,False,False,False,False,False,False,False,False,False,0,0,0,38,1,0,2,1,0,0,6,7,2.0,15,0,0,0.0,0,0,0,0,0,0.0,0.0,0.0,16.0,8.0,False,0,0,1.0,False,0,0,0,0,0,13,0.94,0,6,0,32,0,2,1,14,0,12,10,1,16,2,0,1,1,1,4,0,1,0,1,0,9,0,4,7,0,0,0,4,0,0,0,0.111,7,6,3,0,3,0,4,0,0,0,0,1,1,0.17,0.17,10,0.0,0.0,0.0,0.0,0.0,0.0,0.0,0.0,0.5,0.667,0.0,1.0,0.167,0,0,0,0,0,0,0,5.0,0,1,16.67,0,0.0,0,0,0,7,0,0,0,6,0,0,0,1.0,False
447,ERC1363,/home/motafeq/projects/chainguardian-ai/data/safe_contracts/openzeppelin-contracts/contracts/token/ERC20/extensions/ERC1363.sol,safe_contracts,safe_contracts,comprehensive,success,False,False,False,False,False,False,False,False,False,False,False,False,False,False,False,False,False,False,False,False,False,False,False,0,0,0,44,0,0,2,3,0,0,8,3,1.0,13,0,0,0.0,0,0,0,0,0,0.0,0.0,0.0,7.0,3.5,False,0,0,1.0,False,0,0,0,0,0,4,0.85,0,7,0,26,0,1,3,14,4,8,4,3,12,0,1,3,3,0,7,0,3,0,3,0,10,0,0,0,3,0,0,17,0,0,3,0.607,0,7,7,0,0,0,1,0,0,0,0,0,0,0.0,0.0,14,0.0,0.0,0.0,0.0,0.0,0.0,0.0,0.0,1.0,0.143,0.0,0.0,0.429,0,0,0,0,0,0,0,2.0,0,1,14.29,0,0.0,4,0,0,3,0,0,0,7,0,0,0,1.0,False
448,IERC20Permit,/home/motafeq/projects/chainguardian-ai/data/safe_contracts/openzeppelin-contracts/contracts/token/ERC20/extensions/IERC20Permit.sol,safe_contracts,safe_contracts,comprehensive,success,False,False,False,False,False,False,False,False,False,False,False,False,False,False,False,False,False,False,False,False,False,False,False,0,0,0,3,0,0,0,0,0,0,0,1,1.0,3,0,0,0.0,0,0,0,0,0,0.0,0.0,0.0,3.0,1.5,False,0,0,1.0,False,0,0,0,0,0,0,0.0,0,0,0,0,0,0,0,0,0,3,0,0,3,0,0,0,0,0,2,0,0,0,0,0,0,0,0,0,0,0,0,7,0,0,0,0.0,0,3,0,3,0,0,2,0,0,0,0,0,0,0.0,0.0,1,0.0,0.0,0.0,0.0,0.0,0.0,0.0,1.0,0.0,0.667,0.0,0.0,0.0,0,0,0,0,0,0,0,0.0,0,1,33.33,0,0.0,0,0,0,1,0,0,0,3,0,0,0,1.0,False
449,ERC20Pausable,/home/motafeq/projects/chainguardian-ai/data/safe_contracts/openzeppelin-contracts/contracts/token/ERC20/extensions/ERC20Pausable.sol,safe_contracts,safe_contracts,comprehensive,success,False,False,False,False,False,False,False,False,False,False,False,False,False,False,False,False,False,False,False,False,False,False,False,0,0,0,35,0,2,4,0,0,0,6,1,1.0,1,0,0,0.0,0,0,0,0,0,0.0,0.0,0.0,3.0,1.5,False,0,0,1.0,False,0,0,0,0,0,2,0.67,0,0,0,3,0,0,0,2,1,1,2,1,2,0,0,0,0,0,1,0,0,0,0,0,2,0,0,0,0,0,0,3,0,0,0,1.5,0,1,0,0,1,0,0,0,0,0,0,0,0,0.0,0.0,9,0.0,0.0,0.0,0.0,0.0,0.0,0.0,0.0,0.0,0.0,0.0,0.0,0.0,0,0,0,0,0,0,0,0.0,0,1,100.0,0,0.0,1,0,0,1,0,0,0,1,0,0,0,1.0,False
450,ERC1155Utils,/home/motafeq/projects/chainguardian-ai/data/safe_contracts/openzeppelin-contracts/contracts/token/ERC1155/utils/ERC1155Utils.sol,safe_contracts,safe_contracts,comprehensive,success,False,False,False,False,False,False,False,False,False,False,False,False,False,False,False,False,False,False,False,False,False,False,False,0,0,0,2,0,0,0,6,0,0,0,7,7.0,14,0,0,0.0,0,0,0,0,0,0.0,0.0,0.0,21.0,10.5,False,0,0,1.0,False,0,0,0,0,0,7,1.27,0,0,0,30,0,0,6,8,0,4,4,2,6,1,0,2,0,0,2,0,2,0,2,0,0,0,4,8,0,0,0,12,0,0,0,0.333,8,2,0,0,2,0,0,0,0,0,0,0,0,0.0,0.0,6,0.0,0.0,0.0,0.0,0.0,0.0,0.0,0.0,0.0,0.0,0.0,0.0,3.0,0,0,0,0,0,0,0,0.0,0,0,50.0,0,0.0,0,0,0,7,0,0,0,2,0,0,0,1.0,False
451,ERC1155Holder,/home/motafeq/projects/chainguardian-ai/data/safe_contracts/openzeppelin-contracts/contracts/token/ERC1155/utils/ERC1155Holder.sol,safe_contracts,safe_contracts,comprehensive,success,False,False,False,False,False,False,False,False,False,False,False,False,False,False,False,False,False,False,False,False,False,False,False,0,0,0,7,0,0,0,0,0,0,3,1,1.0,3,0,0,0.0,0,0,0,0,0,0.0,0.0,0.0,3.0,1.5,False,0,0,1.0,False,0,0,0,0,0,1,0.5,0,3,0,6,0,1,0,2,1,3,2,1,4,0,0,0,0,0,3,0,0,0,0,0,0,0,0,0,0,0,0,10,0,0,0,1.667,0,3,3,0,0,0,1,0,0,0,0,0,0,0.0,0.0,4,0.0,0.0,0.0,0.0,0.0,0.0,0.0,0.0,1.0,0.333,0.0,0.0,0.0,0,0,0,0,0,0,0,0.0,0,1,33.33,0,0.0,1,0,0,1,0,0,0,3,0,0,0,1.0,False
452,IERC1155MetadataURI,/home/motafeq/projects/chainguardian-ai/data/safe_contracts/openzeppelin-contracts/contracts/token/ERC1155/extensions/IERC1155MetadataURI.sol,safe_contracts,safe_contracts,comprehensive,success,False,False,False,False,False,False,False,False,False,False,False,False,False,False,False,False,False,False,False,False,False,False,False,0,0,0,8,0,0,4,0,0,0,2,1,1.0,1,0,0,0.0,0,0,0,0,0,0.0,0.0,0.0,3.0,1.5,False,0,0,1.0,False,0,0,0,0,0,0,0.0,0,0,0,0,0,0,0,0,0,1,0,0,1,0,0,0,0,0,1,0,0,0,0,0,0,0,0,0,0,0,0,0,0,0,0,0.0,0,1,0,1,0,0,1,0,0,0,0,0,0,0.0,0.0,3,0.0,0.0,0.0,0.0,0.0,0.0,0.0,1.0,0.0,1.0,0.0,0.0,0.0,0,0,0,0,0,0,0,0.0,0,1,100.0,0,0.0,0,0,0,1,0,0,0,1,0,0,0,1.0,False
453,BitMaps,/home/motafeq/projects/chainguardian-ai/data/safe_contracts/openzeppelin-contracts/contracts/utils/structs/BitMaps.sol,safe_contracts,safe_contracts,comprehensive,success,False,False,False,False,False,False,False,False,False,False,False,False,False,False,False,False,False,False,False,False,False,False,False,0,0,0,4,0,0,0,0,0,0,0,3,1.0,6,0,0,0.0,0,0,0,0,0,0.0,0.0,0.0,7.0,3.5,False,0,0,1.0,False,0,0,0,0,0,3,0.82,0,1,0,17,0,0,0,2,0,3,2,1,4,1,0,0,0,0,4,0,0,0,0,0,2,0,4,8,1,0,0,7,0,0,0,0.35,8,4,0,0,4,0,1,0,0,0,1,0,0,0.0,0.0,1,0.0,0.0,0.0,0.0,0.0,0.0,0.0,0.0,0.0,0.25,0.0,0.0,0.0,0,0,0,0,0,0,0,2.0,0,1,25.0,0,0.0,0,0,0,3,0,0,0,4,0,0,0,1.0,False
454,DoubleEndedQueue,/home/motafeq/projects/chainguardian-ai/data/safe_contracts/openzeppelin-contracts/contracts/utils/structs/DoubleEndedQueue.sol,safe_contracts,safe_contracts,comprehensive,success,False,False,False,False,False,False,False,False,False,False,False,False,False,False,False,False,False,False,False,False,False,False,False,0,0,0,17,0,0,0,7,0,0,0,3,2.0,45,0,0,0.0,0,0,0,0,0,0.0,0.0,0.0,8.0,4.0,False,0,0,1.0,False,0,0,0,0,0,8,0.91,0,19,0,107,0,0,7,10,0,7,1,2,17,2,0,7,0,0,17,0,7,0,4,0,4,0,18,9,4,0,0,13,0,0,4,0.161,9,17,0,0,17,0,8,0,0,0,1,0,0,0.0,0.0,2,0.0,0.0,0.0,0.0,0.0,0.0,0.0,0.0,0.0,0.471,0.0,0.0,0.412,0,0,0,0,0,0,0,1.0,0,1,5.88,0,0.0,0,0,0,3,0,0,0,17,0,0,0,1.0,False
455,Checkpoints,/home/motafeq/projects/chainguardian-ai/data/safe_contracts/openzeppelin-contracts/contracts/utils/structs/Checkpoints.sol,safe_contracts,safe_contracts,comprehensive,success,False,False,False,False,False,False,False,False,False,False,False,False,False,False,False,False,False,False,False,False,False,False,False,0,0,0,48,0,0,0,20,0,0,0,6,3.0,144,0,0,0.0,0,0,0,0,0,0.0,0.0,0.0,15.0,7.5,False,0,0,1.0,False,0,0,0,0,16,11,0.95,8,68,0,340,0,0,20,60,0,5,2,8,15,3,1,16,0,0,48,0,16,0,0,0,8,0,44,24,0,0,0,24,0,0,0,0.189,24,48,0,0,32,16,40,4,0,0,8,0,0,0.0,0.0,4,0.0,0.0,0.0,0.0,0.0,0.0,0.0,0.0,0.0,0.833,0.0,0.0,0.417,0,0,0,0,0,0,0,3.0,0,0,2.08,0,0.0,0,0,0,6,0,0,0,48,0,0,0,1.0,False
456,IERC165,/home/motafeq/projects/chainguardian-ai/data/safe_contracts/openzeppelin-contracts/contracts/utils/introspection/IERC165.sol,safe_contracts,safe_contracts,comprehensive,success,False,False,False,False,False,False,False,False,False,False,False,False,False,False,False,False,False,False,False,False,False,False,False,0,0,0,1,0,0,0,0,0,0,0,1,1.0,1,0,0,0.0,0,0,0,0,0,0.0,0.0,0.0,3.0,1.5,False,0,0,1.0,False,0,0,0,0,0,0,0.0,0,0,0,0,0,0,0,0,0,1,0,0,1,0,0,0,0,0,1,0,0,0,0,0,0,0,0,0,0,0,0,0,0,0,0,0.0,0,1,0,1,0,0,1,0,0,0,0,0,0,0.0,0.0,1,0.0,0.0,0.0,0.0,0.0,0.0,0.0,1.0,0.0,1.0,0.0,0.0,0.0,0,0,0,0,0,0,0,0.0,0,1,100.0,0,0.0,0,0,0,1,0,0,0,1,0,0,0,1.0,False
457,ERC165,/home/motafeq/projects/chainguardian-ai/data/safe_contracts/openzeppelin-contracts/contracts/utils/introspection/ERC165.sol,safe_contracts,safe_contracts,comprehensive,success,False,False,False,False,False,False,False,False,False,False,False,False,False,False,False,False,False,False,False,False,False,False,False,0,0,0,2,0,0,0,0,0,0,1,1,1.0,1,0,0,0.0,0,0,0,0,0,0.0,0.0,0.0,3.0,1.5,False,0,0,1.0,False,0,0,0,0,0,1,0.5,0,1,0,2,0,1,0,1,0,1,1,1,2,1,0,0,0,0,1,0,0,0,0,0,0,0,0,0,0,0,0,0,0,0,0,0.0,0,1,1,0,0,0,1,0,0,0,0,0,0,0.0,0.0,2,0.0,0.0,0.0,0.0,0.0,0.0,0.0,0.0,1.0,1.0,0.0,0.0,0.0,0,0,0,0,0,0,0,0.0,0,1,100.0,0,0.0,0,0,0,1,0,0,0,1,0,0,0,1.0,False
458,ERC165Checker,/home/motafeq/projects/chainguardian-ai/data/safe_contracts/openzeppelin-contracts/contracts/utils/introspection/ERC165Checker.sol,safe_contracts,safe_contracts,comprehensive,success,False,False,False,False,False,False,False,False,False,False,False,False,False,False,False,False,False,False,False,False,False,False,False,0,0,0,7,1,0,0,1,0,0,0,8,2.0,20,0,0,0.0,0,0,0,0,0,0.0,0.0,0.0,18.0,9.0,False,0,0,1.0,False,0,0,0,0,2,8,0.91,0,8,0,47,0,0,1,14,0,6,4,4,12,4,2,1,0,1,6,0,1,0,0,0,0,0,1,0,0,0,0,0,0,0,0,0.0,0,7,0,0,6,1,6,0,0,0,0,1,1,0.14,0.14,2,0.0,0.0,0.0,0.0,0.0,0.0,0.0,0.0,0.0,0.857,0.0,1.0,0.143,0,0,0,0,0,0,0,6.0,0,1,14.29,0,0.0,0,0,0,8,0,0,0,7,0,0,0,1.0,False
459,Time,/home/motafeq/projects/chainguardian-ai/data/safe_contracts/openzeppelin-contracts/contracts/utils/types/Time.sol,safe_contracts,safe_contracts,comprehensive,success,False,False,False,False,False,False,False,False,False,False,False,False,False,False,False,False,False,False,False,False,False,False,False,0,0,0,9,0,0,0,10,0,0,0,3,1.0,12,0,0,0.0,0,0,0,0,0,0.0,0.0,0.0,7.0,3.5,False,0,0,1.0,False,0,0,0,0,0,6,0.76,0,10,0,33,0,0,10,4,0,7,2,2,9,1,0,6,0,0,7,0,6,0,0,0,0,0,0,0,0,0,0,0,0,0,0,0.0,0,9,0,0,8,1,9,4,0,0,0,0,0,0.0,0.0,4,0.0,0.0,0.0,0.0,0.0,0.0,0.0,0.0,0.0,1.0,0.0,0.0,1.111,0,0,0,0,0,0,0,2.0,0,1,11.11,0,0.0,0,0,0,3,0,0,0,9,0,0,0,1.0,False
460,MerkleProof,/home/motafeq/projects/chainguardian-ai/data/safe_contracts/openzeppelin-contracts/contracts/utils/cryptography/MerkleProof.sol,safe_contracts,safe_contracts,comprehensive,success,False,False,False,False,False,False,False,False,False,False,False,False,False,False,False,False,False,False,False,False,False,False,False,0,0,0,16,0,0,0,8,0,0,0,16,5.0,88,0,0,0.0,0,0,0,0,0,0.0,0.0,0.0,37.0,18.5,False,0,0,1.0,False,0,0,0,0,28,20,1.06,4,24,0,192,0,0,8,12,0,3,1,2,9,2,0,6,0,0,16,0,6,0,0,0,0,0,0,0,0,0,0,0,0,0,0,0.0,0,16,0,0,16,0,16,8,0,0,0,0,0,0.0,0.0,2,0.0,0.0,0.0,0.0,0.0,0.0,0.0,0.0,0.0,1.0,0.0,0.0,0.5,0,0,0,0,0,0,0,11.0,1,0,6.25,0,0.0,0,0,0,16,0,0,0,16,0,0,0,1.0,False
461,Hashes,/home/motafeq/projects/chainguardian-ai/data/safe_contracts/openzeppelin-contracts/contracts/utils/cryptography/Hashes.sol,safe_contracts,safe_contracts,comprehensive,success,False,False,False,False,False,False,False,False,False,False,False,False,False,False,False,False,False,False,False,False,False,False,False,0,0,0,2,0,0,0,0,0,0,0,2,1.0,3,0,0,0.0,0,0,0,0,0,0.0,0.0,0.0,5.0,2.5,False,0,0,1.0,False,0,0,0,0,0,5,0.8,0,2,0,10,0,0,0,3,0,2,2,1,4,2,0,0,0,0,2,0,0,0,0,0,0,0,0,0,0,0,0,0,0,0,0,0.0,0,2,0,0,2,0,2,2,0,0,0,0,0,0.0,0.0,1,0.0,0.0,0.0,0.0,0.0,0.0,0.0,0.0,0.0,1.0,0.0,0.0,0.0,0,0,0,0,0,0,0,1.0,0,1,50.0,0,0.0,0,0,0,2,0,0,0,2,0,0,0,1.0,False
462,P256,/home/motafeq/projects/chainguardian-ai/data/safe_contracts/openzeppelin-contracts/contracts/utils/cryptography/P256.sol,safe_contracts,safe_contracts,comprehensive,success,False,False,False,False,False,False,False,False,False,False,False,False,False,False,False,False,False,False,False,False,False,False,False,0,0,0,16,8,0,0,5,0,0,0,10,2.0,47,0,0,0.0,0,0,0,0,0,0.0,0.0,0.0,22.0,11.0,False,0,0,1.0,False,0,0,0,0,6,40,0.96,1,17,0,220,0,0,5,37,0,10,5,6,24,5,3,4,0,8,15,0,4,0,0,0,0,0,8,0,0,0,0,0,0,0,0,0.0,0,16,0,0,6,10,15,7,0,0,1,18,8,1.12,0.5,5,0.0,0.0,0.0,0.0,0.0,0.0,0.0,0.0,0.0,0.938,0.0,2.25,0.312,0,0,0,0,0,0,0,8.0,0,1,6.25,0,0.0,0,0,0,10,0,0,0,16,0,0,0,1.0,False
463,ECDSA,/home/motafeq/projects/chainguardian-ai/data/safe_contracts/openzeppelin-contracts/contracts/utils/cryptography/ECDSA.sol,safe_contracts,safe_contracts,comprehensive,success,False,False,False,False,False,False,False,False,False,False,False,False,False,False,False,False,False,False,False,False,False,False,False,0,0,0,11,0,0,0,0,0,0,0,9,3.0,33,0,0,0.0,0,0,0,0,0,0.0,0.0,0.0,21.0,10.5,False,0,0,1.0,False,0,0,0,0,0,10,0.97,0,13,0,118,0,0,0,23,1,7,4,4,14,0,2,0,0,0,11,0,0,0,0,0,0,0,0,0,0,0,0,0,0,0,0,0.0,0,11,0,0,10,1,11,11,0,1,0,0,0,0.0,0.0,1,0.0,0.0,0.0,0.0,0.0,0.0,0.0,0.0,0.0,1.0,0.0,0.0,0.0,0,0,0,0,0,0,0,6.0,0,0,9.09,0,0.0,1,0,0,9,0,0,0,11,0,0,0,1.0,False
464,RSA,/home/motafeq/projects/chainguardian-ai/data/safe_contracts/openzeppelin-contracts/contracts/utils/cryptography/RSA.sol,safe_contracts,safe_contracts,comprehensive,success,False,False,False,False,False,False,False,False,False,False,False,False,False,False,False,False,False,False,False,False,False,False,False,0,0,0,3,0,0,0,2,0,0,0,19,7.0,21,0,0,0.0,0,0,0,0,0,0.0,0.0,0.0,45.0,22.5,False,0,0,1.0,False,0,0,0,0,2,23,1.02,1,6,0,50,0,0,2,4,1,2,3,1,4,0,0,1,0,0,3,0,1,0,0,0,0,0,0,0,0,0,0,0,0,0,0,0.0,0,3,0,0,2,1,3,1,0,0,0,0,0,0.0,0.0,4,0.0,0.0,0.0,0.0,0.0,0.0,0.0,0.0,0.0,1.0,0.0,0.0,0.667,0,0,0,0,0,0,0,12.0,1,0,33.33,0,0.0,1,0,0,19,0,0,0,3,0,0,0,1.0,False
465,draft-ERC7739Utils,/home/motafeq/projects/chainguardian-ai/data/safe_contracts/openzeppelin-contracts/contracts/utils/cryptography/draft-ERC7739Utils.sol,safe_contracts,safe_contracts,comprehensive,success,False,False,False,False,False,False,False,False,False,False,False,False,False,False,False,False,False,False,False,False,False,False,False,0,0,0,9,1,0,0,10,0,0,0,21,3.0,34,0,0,0.0,0,0,0,0,0,0.0,0.0,0.0,45.0,22.5,False,0,0,1.0,False,0,0,0,0,2,14,0.97,1,12,0,69,0,0,10,10,1,5,5,3,10,0,2,6,6,1,8,0,6,0,0,0,0,0,1,0,0,0,0,0,0,0,0,0.0,0,9,0,0,8,1,8,8,0,0,0,1,1,0.11,0.11,3,0.0,0.0,0.0,0.0,0.0,0.0,0.0,0.0,0.0,0.889,0.0,1.0,1.111,0,0,0,0,0,0,0,18.0,1,0,11.11,0,0.0,1,0,0,21,0,0,0,9,0,0,0,1.0,False
466,SafeCast,/home/motafeq/projects/chainguardian-ai/data/safe_contracts/openzeppelin-contracts/contracts/utils/math/SafeCast.sol,safe_contracts,safe_contracts,comprehensive,success,False,False,False,False,False,False,False,False,False,False,False,False,False,False,False,False,False,False,False,False,False,False,False,0,0,0,65,0,0,0,0,0,0,0,3,2.0,193,0,0,0.0,0,0,0,0,0,0.0,0.0,0.0,8.0,4.0,False,0,0,1.0,False,0,0,0,0,0,3,1.0,0,33,0,324,0,0,0,64,0,5,1,31,69,1,2,0,0,0,65,0,0,0,0,0,0,0,0,0,0,0,0,0,0,0,0,0.0,0,65,0,0,65,0,65,65,0,0,0,0,0,0.0,0.0,1,0.0,0.0,0.0,0.0,0.0,0.0,0.0,0.0,0.0,1.0,0.0,0.0,0.0,0,0,0,0,0,0,0,1.0,0,1,1.54,0,0.0,0,0,0,3,0,0,0,65,0,0,0,1.0,False
467,SignedMath,/home/motafeq/projects/chainguardian-ai/data/safe_contracts/openzeppelin-contracts/contracts/utils/math/SignedMath.sol,safe_contracts,safe_contracts,comprehensive,success,False,False,False,False,False,False,False,False,False,False,False,False,False,False,False,False,False,False,False,False,False,False,False,0,0,0,5,0,0,0,1,0,0,0,1,1.0,5,0,0,0.0,0,0,0,0,0,0.0,0.0,0.0,3.0,1.5,False,0,0,1.0,False,0,0,0,0,0,2,0.58,0,5,0,12,0,0,1,2,0,3,1,2,5,1,0,1,0,0,5,0,1,0,0,0,0,0,0,0,0,0,0,0,0,0,0,0.0,0,5,0,0,5,0,5,5,0,0,0,0,0,0.0,0.0,2,0.0,0.0,0.0,0.0,0.0,0.0,0.0,0.0,0.0,1.0,0.0,0.0,0.2,0,0,0,0,0,0,0,0.0,0,1,20.0,0,0.0,0,0,0,1,0,0,0,5,0,0,0,1.0,False
468,Math,/home/motafeq/projects/chainguardian-ai/data/safe_contracts/openzeppelin-contracts/contracts/utils/math/Math.sol,safe_contracts,safe_contracts,comprehensive,success,False,False,False,False,False,False,False,False,False,False,False,False,False,False,False,False,False,False,False,False,False,False,False,0,0,0,36,0,0,0,31,0,0,0,17,2.0,94,0,0,0.0,0,0,0,0,0,0.0,0.0,0.0,36.0,18.0,False,0,0,1.0,False,0,0,0,0,2,29,0.95,0,33,0,289,0,0,31,45,6,17,6,7,35,0,3,20,0,0,36,0,20,0,0,0,0,0,0,0,0,0,0,0,0,0,0,0.0,0,36,0,0,35,1,36,31,0,1,0,0,0,0.0,0.0,3,0.0,0.0,0.0,0.0,0.0,0.0,0.0,0.0,0.0,1.0,0.0,0.0,0.861,0,0,0,0,0,0,0,15.0,1,1,2.78,0,0.0,6,0,0,17,0,0,0,36,0,0,0,1.0,False
469,ERC7913RSAVerifier,/home/motafeq/projects/chainguardian-ai/data/safe_contracts/openzeppelin-contracts/contracts/utils/cryptography/verifiers/ERC7913RSAVerifier.sol,safe_contracts,safe_contracts,comprehensive,success,False,False,False,False,False,False,False,False,False,False,False,False,False,False,False,False,False,False,False,False,False,False,False,0,0,0,2,0,0,0,3,0,0,1,2,2.0,2,0,0,0.0,0,0,0,0,0,0.0,0.0,0.0,6.0,3.0,False,0,0,1.0,False,0,0,0,0,0,5,0.86,0,2,0,7,0,1,3,2,0,2,2,1,3,1,0,1,0,0,1,0,1,0,0,0,0,0,0,0,0,0,0,0,0,0,0,0.0,0,1,1,0,0,0,1,0,0,0,0,0,0,0.0,0.0,6,0.0,0.0,0.0,0.0,0.0,0.0,0.0,0.0,1.0,1.0,0.0,0.0,3.0,0,0,0,0,0,0,0,0.0,0,1,100.0,0,0.0,0,0,0,2,0,0,0,1,0,0,0,1.0,False
470,SignerECDSA,/home/motafeq/projects/chainguardian-ai/data/safe_contracts/openzeppelin-contracts/contracts/utils/cryptography/signers/SignerECDSA.sol,safe_contracts,safe_contracts,comprehensive,success,False,False,False,False,False,False,False,False,False,False,False,False,False,False,False,False,False,False,False,False,False,False,False,0,0,0,5,1,0,0,1,0,0,1,1,1.0,4,0,0,0.0,0,0,0,0,0,0.0,0.0,0.0,3.0,1.5,False,0,0,1.0,False,0,0,0,0,0,4,0.64,0,2,0,11,0,0,1,2,0,2,1,1,4,1,0,2,1,1,3,1,1,0,0,0,0,0,1,0,0,0,0,1,0,0,0,2.0,0,4,1,0,3,0,2,0,1,0,0,1,1,0.25,0.25,3,0.0,0.0,0.0,0.0,0.0,0.0,0.0,0.0,0.25,0.5,0.0,1.0,0.25,0,0,0,0,0,0,0,0.0,0,1,25.0,0,0.0,0,0,0,1,0,0,0,4,0,0,0,1.0,False
471,SignerP256,/home/motafeq/projects/chainguardian-ai/data/safe_contracts/openzeppelin-contracts/contracts/utils/cryptography/signers/SignerP256.sol,safe_contracts,safe_contracts,comprehensive,success,False,False,False,False,False,False,False,False,False,False,False,False,False,False,False,False,False,False,False,False,False,False,False,0,0,0,5,2,0,0,2,0,0,1,3,2.0,8,0,0,0.0,0,0,0,0,0,0.0,0.0,0.0,8.0,4.0,False,1,0,0.0,False,0,0,1,0,0,8,0.85,0,3,0,20,0,0,2,3,0,2,1,1,5,2,0,2,0,2,3,1,2,0,1,0,0,0,2,0,1,0,0,2,0,0,0,0.667,0,4,1,0,3,0,2,0,1,0,0,2,2,0.5,0.5,7,0.0,0.0,0.0,0.0,0.0,0.0,0.0,0.0,0.25,0.5,0.0,1.0,0.5,0,0,0,0,0,0,0,1.0,0,1,25.0,0,0.0,0,0,0,3,0,0,0,4,0,0,0,1.0,False
472,AbstractSigner,/home/motafeq/projects/chainguardian-ai/data/safe_contracts/openzeppelin-contracts/contracts/utils/cryptography/signers/AbstractSigner.sol,safe_contracts,safe_contracts,comprehensive,success,False,False,False,False,False,False,False,False,False,False,False,False,False,False,False,False,False,False,False,False,False,False,False,0,0,0,1,0,0,0,0,0,0,0,1,1.0,1,0,0,0.0,0,0,0,0,0,0.0,0.0,0.0,3.0,1.5,False,0,0,1.0,False,0,0,0,0,0,0,0.0,0,0,0,0,0,0,0,0,0,1,0,0,1,0,0,0,0,0,1,0,0,0,0,0,0,0,0,0,0,0,0,0,0,0,0,0.0,0,1,0,0,1,0,1,0,0,0,0,0,0,0.0,0.0,1,0.0,0.0,0.0,0.0,0.0,0.0,0.0,0.0,0.0,1.0,0.0,0.0,0.0,0,0,0,0,0,0,0,0.0,0,1,100.0,0,0.0,0,0,0,1,0,0,0,1,0,0,0,1.0,False
473,SignerEIP7702,/home/motafeq/projects/chainguardian-ai/data/safe_contracts/openzeppelin-contracts/contracts/utils/cryptography/signers/SignerEIP7702.sol,safe_contracts,safe_contracts,comprehensive,success,False,False,False,False,False,False,False,False,False,False,False,False,False,False,False,False,False,False,False,False,False,False,False,0,0,0,2,0,0,0,1,0,0,1,1,1.0,1,0,0,0.0,0,0,0,0,0,0.0,0.0,0.0,3.0,1.5,False,0,0,1.0,False,0,0,0,0,0,4,0.8,0,1,0,5,0,0,1,0,0,1,0,0,1,0,0,1,1,0,1,0,1,0,0,0,0,0,0,0,0,0,0,0,0,0,0,0.0,0,1,0,0,1,0,1,0,0,0,0,0,0,0.0,0.0,3,0.0,0.0,0.0,0.0,0.0,0.0,0.0,0.0,0.0,1.0,0.0,0.0,1.0,0,0,0,0,0,0,0,0.0,0,1,100.0,0,0.0,0,0,0,1,0,0,0,1,0,0,0,1.0,False
474,SignerRSA,/home/motafeq/projects/chainguardian-ai/data/safe_contracts/openzeppelin-contracts/contracts/utils/cryptography/signers/SignerRSA.sol,safe_contracts,safe_contracts,comprehensive,success,False,False,False,False,False,False,False,False,False,False,False,False,False,False,False,False,False,False,False,False,False,False,False,0,0,0,5,2,0,0,2,0,0,1,1,1.0,4,0,0,0.0,0,0,0,0,0,0.0,0.0,0.0,3.0,1.5,False,0,0,1.0,False,0,0,0,0,0,4,0.67,0,2,0,12,0,0,2,3,0,3,2,1,5,1,0,2,0,2,3,1,1,0,0,0,0,0,2,0,0,0,0,2,0,0,0,2.0,0,4,1,0,3,0,2,0,1,0,0,2,2,0.5,0.5,6,0.0,0.0,0.0,0.0,0.0,0.0,0.0,0.0,0.25,0.5,0.0,1.0,0.5,0,0,0,0,0,0,0,0.0,0,1,25.0,0,0.0,0,0,0,1,0,0,0,4,0,0,0,1.0,False
475,ProxyAdmin,/home/motafeq/projects/chainguardian-ai/data/safe_contracts/openzeppelin-contracts/contracts/proxy/transparent/ProxyAdmin.sol,safe_contracts,safe_contracts,comprehensive,success,False,False,False,False,False,False,False,False,False,False,False,False,False,False,False,False,False,False,False,False,False,False,False,0,0,0,12,1,1,1,1,0,1,2,1,1.0,3,0,0,0.0,0,0,0,0,0,0.0,0.0,0.0,3.0,1.5,False,0,0,1.0,False,0,0,0,0,0,2,0.5,0,0,0,6,0,1,1,2,1,2,1,1,4,0,0,1,1,0,2,0,1,0,1,0,1,0,1,0,0,0,0,3,0,0,1,1.0,0,3,2,0,1,0,0,0,1,0,0,0,1,0.0,0.33,14,0.0,0.0,0.0,0.0,0.0,0.0,0.0,0.0,0.667,0.0,0.333,0.0,0.333,0,0,0,0,0,0,0,0.0,0,1,33.33,0,0.0,1,0,0,1,0,0,0,3,0,0,0,1.0,False
476,TransparentUpgradeableProxy,/home/motafeq/projects/chainguardian-ai/data/safe_contracts/openzeppelin-contracts/contracts/proxy/transparent/TransparentUpgradeableProxy.sol,safe_contracts,safe_contracts,comprehensive,success,False,False,False,False,False,False,False,False,False,False,False,False,False,False,False,False,False,False,False,False,False,False,False,0,0,0,11,1,0,0,6,0,3,2,5,2.0,8,0,0,0.0,0,0,0,0,0,0.0,0.0,0.0,12.0,6.0,False,0,0,1.0,False,0,0,0,0,0,4,0.89,0,1,0,19,0,1,4,7,2,3,4,2,6,0,0,1,1,1,1,1,1,0,1,0,3,0,1,2,0,0,0,0,0,0,1,0.0,2,4,1,0,2,1,1,0,1,0,0,1,1,0.25,0.25,14,0.0,0.0,0.0,0.0,0.0,0.0,0.0,0.0,0.25,0.25,0.75,1.0,1.5,0,0,0,0,0,0,0,3.0,0,1,25.0,0,0.0,2,0,0,5,0,0,0,4,0,0,0,1.0,False
477,UUPSUpgradeable,/home/motafeq/projects/chainguardian-ai/data/safe_contracts/openzeppelin-contracts/contracts/proxy/utils/UUPSUpgradeable.sol,safe_contracts,safe_contracts,comprehensive,success,False,False,False,False,False,False,False,False,False,False,False,False,False,False,False,False,False,False,False,False,False,False,False,0,0,0,9,2,2,0,4,0,1,1,3,1.0,14,0,0,0.0,0,0,0,0,0,0.0,0.0,0.0,7.0,3.5,False,0,0,1.0,False,0,0,0,0,0,5,0.85,0,1,0,26,0,2,4,8,0,8,3,2,13,2,0,1,1,1,3,0,1,0,2,0,3,0,3,1,0,0,0,5,0,0,1,0.333,1,8,1,1,5,1,3,0,0,0,0,2,2,0.25,0.25,9,0.0,0.0,0.0,0.0,0.0,0.0,0.0,0.125,0.125,0.375,0.125,1.0,0.5,0,0,0,0,0,0,0,2.0,0,1,12.5,0,0.0,0,0,0,3,0,0,0,8,0,0,0,1.0,False
478,Initializable,/home/motafeq/projects/chainguardian-ai/data/safe_contracts/openzeppelin-contracts/contracts/proxy/utils/Initializable.sol,safe_contracts,safe_contracts,comprehensive,success,False,False,False,False,False,False,False,False,False,False,False,False,False,False,False,False,False,False,False,False,False,False,False,0,0,0,7,1,3,1,0,0,0,0,5,1.0,13,0,0,0.0,0,0,0,0,0,0.0,0.0,0.0,11.0,5.5,False,0,0,1.0,False,0,0,0,0,0,6,0.84,0,3,0,25,0,0,0,7,0,4,2,3,9,3,1,0,0,1,0,0,0,0,0,0,1,0,6,1,0,0,0,0,0,0,0,0.0,1,7,0,0,6,1,5,2,0,0,1,1,1,0.14,0.14,1,0.0,0.0,0.0,0.0,0.0,0.0,0.0,0.0,0.0,0.714,0.0,1.0,0.0,0,0,0,0,0,0,0,4.0,0,1,14.29,0,0.0,0,0,0,5,0,0,0,7,0,0,0,1.0,False
479,ERC1967Proxy,/home/motafeq/projects/chainguardian-ai/data/safe_contracts/openzeppelin-contracts/contracts/proxy/ERC1967/ERC1967Proxy.sol,safe_contracts,safe_contracts,comprehensive,success,False,False,False,False,False,False,False,False,False,False,False,False,False,False,False,False,False,False,False,False,False,False,False,0,0,0,7,0,0,0,2,0,2,1,3,1.0,5,0,0,0.0,0,0,0,0,0,0.0,0.0,0.0,7.0,3.5,False,0,0,1.0,False,0,0,0,0,0,3,0.78,0,2,0,9,0,1,2,2,0,3,2,1,4,1,0,1,1,0,1,0,1,0,0,0,0,0,0,0,0,0,0,0,0,0,0,0.0,0,3,1,0,2,0,2,1,1,0,0,0,0,0.0,0.0,9,0.0,0.0,0.0,0.0,0.0,0.0,0.0,0.0,0.333,0.667,0.667,0.0,0.667,0,0,0,0,0,0,0,2.0,0,1,33.33,0,0.0,0,0,0,3,0,0,0,3,0,0,0,1.0,False
480,ERC1967Utils,/home/motafeq/projects/chainguardian-ai/data/safe_contracts/openzeppelin-contracts/contracts/proxy/ERC1967/ERC1967Utils.sol,safe_contracts,safe_contracts,comprehensive,success,False,False,False,False,False,False,False,False,False,False,False,False,False,False,False,False,False,False,False,False,False,False,False,0,0,0,11,3,0,0,13,0,0,0,5,2.0,25,0,0,0.0,0,0,0,0,0,0.0,0.0,0.0,12.0,6.0,False,0,0,1.0,False,0,0,0,0,0,6,0.92,0,3,0,49,0,0,13,13,0,9,3,2,16,2,0,6,2,3,6,0,6,0,7,0,6,0,7,7,0,0,0,8,0,0,0,0.193,7,11,0,0,7,4,3,0,0,0,0,6,3,0.55,0.27,7,0.0,0.0,0.0,0.0,0.0,0.0,0.0,0.0,0.0,0.273,0.0,2.0,1.182,0,0,0,0,0,0,0,3.0,0,1,9.09,0,0.0,0,0,0,5,0,0,0,11,0,0,0,1.0,False
481,UpgradeableBeacon,/home/motafeq/projects/chainguardian-ai/data/safe_contracts/openzeppelin-contracts/contracts/proxy/beacon/UpgradeableBeacon.sol,safe_contracts,safe_contracts,comprehensive,success,False,False,False,False,False,False,False,False,False,False,False,False,False,False,False,False,False,False,False,False,False,False,False,0,0,0,14,1,1,2,0,0,0,3,3,1.0,6,0,0,0.0,0,0,0,0,0,0.0,0.0,0.0,7.0,3.5,False,0,0,1.0,False,0,0,0,0,0,4,0.79,0,1,0,14,0,2,0,6,1,4,2,2,7,0,0,1,0,1,3,1,0,0,0,0,2,0,1,1,0,0,0,2,0,0,0,0.333,1,4,3,0,0,1,1,0,1,0,0,1,1,0.25,0.25,4,0.0,0.0,0.0,0.0,0.0,0.0,0.0,0.0,0.75,0.25,0.0,1.0,0.0,0,0,0,0,0,0,0,2.0,0,1,25.0,0,0.0,1,0,0,3,0,0,0,4,0,0,0,1.0,False
482,IBeacon,/home/motafeq/projects/chainguardian-ai/data/safe_contracts/openzeppelin-contracts/contracts/proxy/beacon/IBeacon.sol,safe_contracts,safe_contracts,comprehensive,success,False,False,False,False,False,False,False,False,False,False,False,False,False,False,False,False,False,False,False,False,False,False,False,0,0,0,1,0,0,0,0,0,0,0,1,1.0,1,0,0,0.0,0,0,0,0,0,0.0,0.0,0.0,3.0,1.5,False,0,0,1.0,False,0,0,0,0,0,0,0.0,0,0,0,0,0,0,0,0,0,1,0,0,1,0,0,0,0,0,0,0,0,0,0,0,0,0,0,0,0,0,0,0,0,0,0,0.0,0,1,0,1,0,0,1,0,0,0,0,0,0,0.0,0.0,1,0.0,0.0,0.0,0.0,0.0,0.0,0.0,1.0,0.0,1.0,0.0,0.0,0.0,0,0,0,0,0,0,0,0.0,0,1,100.0,0,0.0,0,0,0,1,0,0,0,1,0,0,0,1.0,False
483,BeaconProxy,/home/motafeq/projects/chainguardian-ai/data/safe_contracts/openzeppelin-contracts/contracts/proxy/beacon/BeaconProxy.sol,safe_contracts,safe_contracts,comprehensive,success,False,False,False,False,False,False,False,False,False,False,False,False,False,False,False,False,False,False,False,False,False,False,False,0,0,0,7,1,0,0,2,0,2,1,1,1.0,3,0,0,0.0,0,0,0,0,0,0.0,0.0,0.0,3.0,1.5,False,0,0,1.0,False,0,0,0,0,0,2,0.57,0,2,0,7,0,0,2,1,0,2,1,1,3,1,0,1,1,1,1,1,1,0,0,0,0,0,0,0,0,0,0,0,0,0,0,0.0,0,3,1,0,2,0,2,0,1,0,0,1,1,0.33,0.33,9,0.0,0.0,0.0,0.0,0.0,0.0,0.0,0.0,0.333,0.667,0.667,1.0,0.667,0,0,0,0,0,0,0,0.0,0,1,33.33,0,0.0,0,0,0,1,0,0,0,3,0,0,0,1.0,False
484,ICompoundTimelock,/home/motafeq/projects/chainguardian-ai/data/safe_contracts/openzeppelin-contracts/contracts/vendor/compound/ICompoundTimelock.sol,safe_contracts,safe_contracts,comprehensive,success,False,False,False,False,False,False,False,False,False,False,False,False,False,False,False,False,False,False,False,False,False,False,False,0,0,0,14,0,0,6,0,0,2,0,1,1.0,14,0,0,0.0,0,0,0,0,0,0.0,0.0,0.0,3.0,1.5,False,0,0,1.0,False,0,0,0,0,0,0,0.0,0,0,0,0,0,0,0,0,0,14,0,0,14,0,0,0,0,0,6,0,0,0,0,0,0,0,0,0,0,0,0,17,0,0,0,0.0,0,14,0,14,0,0,7,0,0,0,0,0,0,0.0,0.0,1,0.0,0.0,0.0,0.0,0.0,0.0,0.0,1.0,0.0,0.5,0.143,0.0,0.0,0,0,0,0,0,0,0,0.0,0,1,7.14,0,0.0,0,0,0,1,0,0,0,14,0,0,0,1.0,False
