contract_id,contract_name,address,file_path,compiler_version,data_source,has_reentrancy,has_access_control_issues,has_timestamp_dependency,has_unchecked_call,has_reentrancy_unlimited,has_reentrancy_benign,has_reentrancy_events,has_unchecked_transfer,has_controlled_delegatecall,has_delegatecall_loop,has_uninitialized_state,has_uninitialized_storage,has_uninitialized_local,has_tx_origin,has_inline_assembly,has_locked_ether,has_msg_value_loop,has_shadowing_state,has_shadowing_builtin,has_shadowing_abstract,has_unused_state_vars,has_unused_return_values,has_incorrect_solc_version,has_floating_pragma,has_outdated_compiler,high_severity_count,medium_severity_count,low_severity_count,num_functions,num_external_calls,num_state_vars,num_modifiers,max_cyclomatic_complexity,num_low_level_calls,lines_of_code,num_contracts_in_file,num_dependencies,avg_function_complexity,num_functions_high_complexity,num_comments,comment_to_code_ratio,num_payable_functions,num_library_calls,inheritance_depth,num_unused_functions,high_confidence_detectors,medium_confidence_detectors,low_confidence_detectors,security_detectors_triggered,optimization_detectors_triggered,total_detector_hits,unique_vulnerability_types,detectors_per_function,detectors_per_loc,risk_score_simple,risk_score_weighted,is_high_risk,contract_complexity_category,complexity_level,cfg_num_nodes,cfg_num_edges,cfg_num_cycles,cfg_max_depth,cfg_avg_branching,cfg_has_complex_loops,cfg_num_exit_points,cfg_cyclomatic_total,cg_num_nodes,cg_num_edges,cg_max_call_depth,cg_num_external_calls,cg_external_call_ratio,cg_has_cyclic_calls,cg_num_public_entry_points,cg_num_internal_functions,cg_avg_calls_per_function,cg_num_leaf_functions,dfg_num_state_vars,dfg_num_tainted_flows,dfg_has_cross_function_flow,dfg_num_sensitive_sinks,dfg_num_external_sources,dfg_taint_to_sink_ratio,dfg_num_unvalidated_inputs,cei_violations,cei_safe_functions,cei_pattern_score,has_reentrancy_guard,functions_with_reentrancy_guard,state_before_call_count,state_after_call_count,unchecked_calls_in_critical_context,label
1,Ownable2Step,,data/safe_contracts/openzeppelin-contracts/contracts/access/Ownable2Step.sol,,openzeppelin,False,False,False,False,False,False,False,False,False,False,False,False,False,False,False,False,False,False,False,False,False,False,True,False,False,0,0,7,4,0,1,0,3,0,59,3,1,1.5,0,35,0.5932203389830508,0,0,2,0,4,3,0,0,0,3,1,0.0,0.0,7.0,14.233333333333334,False,simple,0,15,12,0,4,0.8,False,1,6,4,7,1,0,0.0,True,3,1,1.75,5,1,2,True,0,2,0.0,2,0,0,1.0,False,0,0,0,0,0
2,Ownable,,data/safe_contracts/openzeppelin-contracts/contracts/access/Ownable.sol,,openzeppelin,False,False,False,False,False,False,False,False,False,False,False,False,False,False,False,False,False,False,False,False,False,False,True,False,False,0,0,5,6,0,1,1,3,0,87,2,1,2.0,0,47,0.5402298850574713,0,0,1,0,3,2,0,0,0,2,1,0.0,0.0,5.0,11.0,False,simple,0,24,21,0,4,0.875,False,1,12,6,10,1,0,0.0,False,3,3,1.6666666666666667,6,1,1,True,0,3,0.0,3,0,0,1.0,False,0,0,0,0,0
3,AccessControl,,data/safe_contracts/openzeppelin-contracts/contracts/access/AccessControl.sol,,openzeppelin,False,False,False,False,False,False,False,False,False,False,False,False,False,False,False,False,False,False,False,False,False,False,True,True,False,0,0,10,12,0,2,1,3,0,189,5,1,1.5,0,121,0.6402116402116402,0,0,2,0,7,3,0,0,0,3,1,0.0,0.0,10.0,30.333333333333336,False,moderate,1,42,32,0,4,0.7619047619047619,False,7,18,12,20,2,0,0.0,True,6,6,1.6666666666666667,8,2,3,True,0,19,0.0,11,0,0,1.0,False,0,0,0,0,0
4,IAccessControl,,data/safe_contracts/openzeppelin-contracts/contracts/access/IAccessControl.sol,,openzeppelin,False,False,False,False,False,False,False,False,False,False,False,False,False,False,False,False,False,False,False,False,False,False,True,False,False,0,0,2,5,0,0,0,1,0,87,1,1,1.0,0,74,0.8505747126436781,0,0,0,0,2,0,0,0,0,1,1,0.0,0.0,2.0,4.0,False,simple,0,0,0,0,0,0.0,False,0,0,5,0,0,0,0.0,False,5,0,0.0,5,0,0,False,0,9,0.0,5,0,0,1.0,False,0,0,0,0,0
5,MultipleInheritanceInitializableMocks,,data/safe_contracts/openzeppelin-contracts/contracts/mocks/MultipleInheritanceInitializableMocks.sol,,openzeppelin,False,False,False,False,False,False,False,False,False,False,False,False,False,False,True,False,False,False,False,False,False,False,True,False,False,0,0,30,7,0,1,3,5,0,108,6,1,1.8571428571428572,0,36,0.3333333333333333,0,0,0,0,28,2,0,0,0,4,2,0.0,0.0,30.0,220.5,True,simple,0,25,21,0,6,0.84,False,3,13,7,7,0,0,0.0,False,0,7,1.0,4,1,0,True,0,0,0.0,0,0,0,1.0,False,0,0,0,0,0
6,ERC3156FlashBorrowerMock,,data/safe_contracts/openzeppelin-contracts/contracts/mocks/ERC3156FlashBorrowerMock.sol,,openzeppelin,False,False,False,False,False,False,False,False,False,False,False,False,False,False,True,False,False,False,False,False,False,True,True,True,False,0,2,33,3,4,3,0,6,0,42,7,1,2.6666666666666665,0,10,0.23809523809523808,0,1,1,0,20,15,0,2,0,5,3,0.0,0.0,43.0,262.3,True,simple,0,17,16,0,9,0.9411764705882353,False,2,8,3,2,1,4,0.6666666666666666,False,2,1,0.6666666666666666,3,3,2,True,1,7,2.0,2,0,0,1.0,False,0,0,0,0,0
7,MulticallHelper,,data/safe_contracts/openzeppelin-contracts/contracts/mocks/MulticallHelper.sol,,openzeppelin,False,False,False,False,False,False,False,False,False,False,False,False,False,False,True,False,False,False,False,False,False,False,True,True,False,0,0,41,1,4,0,0,7,0,19,13,1,7.0,0,1,0.05263157894736842,0,0,0,0,23,18,0,0,0,4,2,0.0,0.0,41.0,364.9,True,simple,0,15,16,2,11,1.0666666666666667,True,0,7,1,3,1,4,0.5714285714285714,False,1,0,3.0,3,0,1,False,2,3,0.5,1,0,0,1.0,False,0,0,0,0,0
9,ContextMock,,data/safe_contracts/openzeppelin-contracts/contracts/mocks/ContextMock.sol,,openzeppelin,False,False,False,False,False,False,False,False,False,False,False,False,False,False,False,False,False,False,False,False,False,False,True,False,False,0,0,4,3,0,0,0,1,0,25,3,1,1.0,0,1,0.04,0,0,1,0,3,1,0,0,0,2,1,0.0,0.0,4.0,7.4,False,simple,0,6,3,0,1,0.5,False,0,3,3,3,1,0,0.0,False,3,0,1.0,2,0,0,False,0,2,0.0,1,0,0,1.0,False,0,0,0,0,0
11,MerkleProofCustomHashMock,,data/safe_contracts/openzeppelin-contracts/contracts/mocks/MerkleProofCustomHashMock.sol,,openzeppelin,False,False,False,False,False,False,False,False,False,False,False,False,False,False,True,False,False,False,False,False,False,False,True,False,False,0,0,32,9,10,0,0,2,0,51,3,1,1.1111111111111112,0,2,0.0392156862745098,0,8,0,0,5,27,0,0,0,3,2,0.0,0.0,32.0,254.93333333333334,True,simple,0,20,11,0,2,0.55,False,10,10,9,2,0,10,0.8333333333333334,False,0,9,0.2222222222222222,10,0,9,False,4,26,2.25,9,0,0,1.0,False,0,0,0,0,0
12,AccessManagedTarget,,data/safe_contracts/openzeppelin-contracts/contracts/mocks/AccessManagedTarget.sol,,openzeppelin,False,False,False,False,False,True,True,False,False,False,False,False,False,False,True,False,False,False,False,False,False,False,True,True,False,0,0,31,4,2,0,0,3,0,27,8,1,1.5,0,2,0.07407407407407407,0,1,2,0,20,11,0,0,0,6,3,0.0,0.0,31.0,143.11666666666667,True,simple,0,13,10,0,4,0.7692307692307693,False,0,6,4,1,1,2,0.6666666666666666,False,4,0,0.25,4,0,1,False,0,2,0.0,1,1,0,0.0,False,0,0,1,0,0
13,SingleInheritanceInitializableMocks,,data/safe_contracts/openzeppelin-contracts/contracts/mocks/SingleInheritanceInitializableMocks.sol,,openzeppelin,False,False,False,False,False,False,False,False,False,False,False,False,False,False,True,True,False,False,False,False,False,False,True,False,False,0,1,9,7,0,1,3,5,0,41,4,1,1.8571428571428572,0,13,0.3170731707317073,0,0,0,0,5,5,0,1,0,5,2,0.0,0.0,14.0,23.8,False,simple,0,25,21,0,6,0.84,False,3,13,7,7,0,0,0.0,False,0,7,1.0,4,1,0,True,0,0,0.0,0,0,0,1.0,False,0,0,0,0,0
14,DummyImplementation,,data/safe_contracts/openzeppelin-contracts/contracts/mocks/DummyImplementation.sol,,openzeppelin,False,False,False,False,False,False,False,False,False,False,False,False,False,False,True,True,False,False,False,False,False,True,True,True,False,0,3,71,9,1,3,0,1,0,47,9,1,1.0,0,2,0.0425531914893617,2,1,0,0,35,39,0,3,0,7,3,0.0,0.0,86.0,765.4,True,simple,0,20,11,0,3,0.55,False,2,9,9,1,1,1,0.5,False,9,0,0.1111111111111111,9,3,4,False,0,6,0.0,4,0,0,1.0,False,0,0,0,0,0
15,ReentrancyMock,,data/safe_contracts/openzeppelin-contracts/contracts/mocks/ReentrancyMock.sol,,openzeppelin,False,False,False,True,False,False,False,False,False,False,False,False,False,False,True,False,False,False,False,False,False,False,True,False,False,0,0,28,10,6,1,0,3,1,46,5,1,1.4,0,1,0.021739130434782608,0,0,1,0,18,10,0,0,0,4,3,0.0,0.0,28.0,175.0,True,simple,0,37,29,0,6,0.7837837837837838,False,1,14,10,21,1,6,0.2222222222222222,True,9,1,2.1,8,1,3,True,6,4,0.5,4,0,0,1.0,True,6,0,0,0,0
17,Base64Dirty,,data/safe_contracts/openzeppelin-contracts/contracts/mocks/Base64Dirty.sol,,openzeppelin,False,False,False,False,False,False,False,False,False,False,False,False,False,False,True,False,False,False,False,False,False,False,True,False,False,1,2,76,1,1,0,0,1,0,14,3,1,1.0,0,2,0.14285714285714285,0,1,0,0,8,71,0,3,0,6,2,0.0,0.0,96.0,923.1999999999998,True,simple,0,4,3,0,3,0.75,False,1,1,1,0,0,1,1.0,False,1,0,0.0,1,0,1,False,0,1,0.0,1,0,0,1.0,False,0,0,0,0,0
18,AuthorityMock,,data/safe_contracts/openzeppelin-contracts/contracts/mocks/AuthorityMock.sol,,openzeppelin,False,False,False,False,False,False,False,False,False,False,False,False,False,False,False,False,False,False,False,False,False,False,True,True,False,0,0,11,1,0,0,0,1,0,55,7,1,1.0,0,12,0.21818181818181817,0,0,1,0,11,0,0,0,0,4,1,0.0,0.0,11.0,30.25,False,simple,0,2,1,0,1,0.5,False,0,1,1,1,1,0,0.0,False,1,0,1.0,1,0,0,False,0,3,0.0,1,0,0,1.0,False,0,0,0,0,0
19,RegressionImplementation,,data/safe_contracts/openzeppelin-contracts/contracts/mocks/RegressionImplementation.sol,,openzeppelin,False,False,False,False,False,False,False,False,False,False,False,False,False,False,True,False,False,False,False,False,False,False,True,False,False,0,0,13,2,0,1,0,1,0,43,5,1,1.0,0,1,0.023255813953488372,0,0,1,0,9,4,0,0,0,4,2,0.0,0.0,13.0,38.35,False,simple,0,4,2,0,1,0.5,False,0,2,2,1,1,0,0.0,False,2,0,0.5,2,1,1,False,0,1,0.0,1,0,0,1.0,False,0,0,0,0,0
20,StorageSlotMock,,data/safe_contracts/openzeppelin-contracts/contracts/mocks/StorageSlotMock.sol,,openzeppelin,False,False,False,False,False,False,False,False,False,False,False,False,False,False,True,False,False,False,False,False,False,False,True,False,False,0,0,43,18,18,2,0,1,0,64,7,1,1.0,0,2,0.03125,0,18,2,0,27,16,0,0,0,3,2,0.0,0.0,43.0,547.5333333333333,True,moderate,1,36,18,0,1,0.5,False,9,18,18,0,0,18,1.0,False,18,0,0.0,18,2,18,False,0,27,0.0,18,0,0,1.0,False,0,0,0,0,0
21,ERC165Mock,,data/safe_contracts/openzeppelin-contracts/contracts/mocks/ERC165Mock.sol,,openzeppelin,False,False,False,False,False,False,False,False,False,False,False,False,False,False,True,False,False,False,False,False,False,False,True,True,False,0,0,8,4,0,2,0,1,0,86,8,1,1.0,0,28,0.32558139534883723,0,0,1,0,8,0,0,0,0,4,2,0.0,0.0,8.0,16.0,False,simple,0,8,4,0,2,0.5,False,1,4,4,2,2,0,0.0,False,2,2,0.5,3,2,1,True,0,2,0.0,2,0,0,1.0,False,0,0,0,0,0
24,ReentrancyAttack,,data/safe_contracts/openzeppelin-contracts/contracts/mocks/ReentrancyAttack.sol,,openzeppelin,False,False,False,True,False,False,False,False,False,False,False,False,False,False,False,False,False,False,False,False,False,False,True,False,False,0,0,7,2,2,0,0,1,2,13,2,1,1.0,0,1,0.07692307692307693,0,0,1,0,5,2,0,0,0,3,2,0.0,0.0,7.0,14.933333333333334,False,simple,0,8,6,0,3,0.75,False,0,2,2,4,1,2,0.3333333333333333,False,2,0,2.0,2,0,2,False,2,2,1.0,2,0,0,1.0,False,0,0,0,0,0
25,TimelockReentrant,,data/safe_contracts/openzeppelin-contracts/contracts/mocks/TimelockReentrant.sol,,openzeppelin,False,False,False,False,False,False,False,False,False,False,False,False,False,False,True,False,False,False,False,False,False,True,True,False,False,0,1,29,3,1,3,0,3,0,21,4,1,1.6666666666666667,0,1,0.047619047619047616,0,1,0,0,15,15,0,1,0,5,3,0.0,0.0,34.0,173.4,True,simple,0,10,8,0,3,0.8,False,0,5,3,0,0,1,1.0,False,3,0,0.0,3,3,1,True,1,2,1.0,1,0,1,1.0,True,0,1,0,0,0
26,ConstructorMock,,data/safe_contracts/openzeppelin-contracts/contracts/mocks/ConstructorMock.sol,,openzeppelin,False,False,False,False,False,False,False,False,False,False,False,False,False,False,False,False,False,False,False,False,False,False,True,False,False,0,0,3,1,0,1,0,9,0,28,1,1,9.0,0,3,0.10714285714285714,0,0,0,0,4,0,0,0,1,3,1,0.0,0.0,3.0,4.0,False,simple,0,15,18,0,7,1.2,False,0,9,1,3,1,0,0.0,False,1,0,3.0,3,1,1,False,0,1,0.0,1,0,0,1.0,False,0,0,0,0,0
27,ERC2771ContextMock,,data/safe_contracts/openzeppelin-contracts/contracts/mocks/ERC2771ContextMock.sol,,openzeppelin,False,False,False,False,False,False,False,False,False,False,False,False,False,False,True,False,False,True,False,False,False,False,True,False,False,0,0,36,4,3,0,0,1,0,22,9,1,1.0,0,3,0.13636363636363635,0,0,2,0,20,16,0,0,0,5,3,0.0,0.0,36.0,224.64,True,simple,0,9,5,0,2,0.5555555555555556,False,3,4,4,5,1,3,0.375,True,1,3,1.25,0,0,0,False,1,1,0.0,1,0,0,1.0,False,0,0,0,0,0
29,EtherReceiverMock,,data/safe_contracts/openzeppelin-contracts/contracts/mocks/EtherReceiverMock.sol,,openzeppelin,False,False,False,False,False,False,False,False,False,False,False,False,False,False,False,True,False,False,False,False,False,False,True,False,False,0,1,2,2,0,1,0,3,0,13,1,1,2.0,0,1,0.07692307692307693,1,0,0,0,3,0,0,1,0,2,2,0.0,0.0,7.0,10.5,False,simple,0,6,5,0,2,0.8333333333333334,False,0,4,2,1,1,0,0.0,False,2,0,0.5,2,1,1,True,0,1,0.0,1,0,0,1.0,False,0,0,0,0,0
30,CallReceiverMock,,data/safe_contracts/openzeppelin-contracts/contracts/mocks/CallReceiverMock.sol,,openzeppelin,False,False,False,False,False,False,False,False,False,False,False,False,False,False,True,True,False,False,False,False,False,False,True,False,False,0,1,7,15,1,1,0,3,0,83,2,1,1.1333333333333333,0,1,0.012048192771084338,11,0,0,0,7,2,0,1,1,6,2,0.0,0.0,12.0,16.8,False,moderate,1,48,33,1,5,0.6875,False,8,17,15,6,1,1,0.14285714285714285,False,15,0,0.4,13,1,0,True,0,14,0.0,6,0,0,1.0,False,0,0,0,0,0
31,PausableMock,,data/safe_contracts/openzeppelin-contracts/contracts/mocks/PausableMock.sol,,openzeppelin,False,False,False,False,False,False,False,False,False,False,False,False,False,False,False,False,False,False,False,False,False,False,True,False,False,0,0,6,5,0,2,0,1,0,23,3,1,1.0,0,1,0.043478260869565216,0,0,2,0,4,2,0,0,0,2,1,0.0,0.0,6.0,16.2,False,simple,0,13,8,0,2,0.6153846153846154,False,0,5,5,4,1,0,0.0,False,5,0,0.8,5,2,0,True,0,0,0.0,0,0,0,1.0,False,0,0,0,0,0
33,BatchCaller,,data/safe_contracts/openzeppelin-contracts/contracts/mocks/BatchCaller.sol,,openzeppelin,False,False,False,False,False,False,False,False,False,False,False,False,False,False,True,False,False,False,False,False,False,False,True,False,False,0,0,29,1,2,0,0,4,0,17,4,1,4.0,0,1,0.058823529411764705,0,1,0,0,15,14,0,0,0,3,2,0.0,0.0,29.0,239.73333333333332,True,simple,0,9,9,1,6,1.0,False,1,4,1,0,0,2,1.0,False,1,0,0.0,1,0,1,False,2,1,0.5,1,0,0,1.0,False,0,0,0,0,0
34,AccessManagerMock,,data/safe_contracts/openzeppelin-contracts/contracts/mocks/AccessManagerMock.sol,,openzeppelin,False,False,True,False,False,False,False,False,False,False,False,False,True,False,True,False,False,False,False,False,False,True,True,True,False,1,12,154,4,0,0,0,1,0,14,14,1,1.0,0,1,0.07142857142857142,0,0,2,0,39,128,0,13,0,10,5,0.0,0.0,224.0,2880.64,True,simple,0,9,5,0,2,0.5555555555555556,False,0,4,4,2,1,0,0.0,True,3,1,0.5,3,0,0,False,0,1,0.0,1,6,2,0.25,False,0,3,6,0,0
35,InitializableMock,,data/safe_contracts/openzeppelin-contracts/contracts/mocks/InitializableMock.sol,,openzeppelin,False,False,False,False,False,False,False,False,False,False,False,False,False,False,True,True,False,False,False,False,False,False,True,False,False,0,1,6,8,0,3,0,1,0,99,10,1,1.0,0,5,0.050505050505050504,2,0,1,0,7,0,0,1,0,4,2,0.0,0.0,11.0,19.25,False,simple,0,21,13,0,2,0.6190476190476191,False,1,8,8,9,2,0,0.0,False,8,0,1.125,5,3,2,False,0,2,0.0,2,0,0,1.0,False,0,0,0,0,0
36,UpgradeableBeaconMock,,data/safe_contracts/openzeppelin-contracts/contracts/mocks/UpgradeableBeaconMock.sol,,openzeppelin,False,False,False,False,False,False,False,False,False,False,False,False,False,False,False,False,False,False,False,False,False,False,True,True,False,0,0,6,1,0,1,0,1,0,21,4,1,1.0,0,4,0.19047619047619047,0,0,1,0,6,1,0,0,1,5,1,0.0,0.0,6.0,8.04,False,simple,0,2,1,0,1,0.5,False,0,1,1,0,0,0,0.0,False,1,0,0.0,1,1,1,False,0,1,0.0,1,0,0,1.0,False,0,0,0,0,0
38,ERC1271WalletMock,,data/safe_contracts/openzeppelin-contracts/contracts/mocks/ERC1271WalletMock.sol,,openzeppelin,False,False,False,False,False,False,False,False,False,False,False,False,False,False,True,False,False,False,False,False,False,False,True,True,False,0,0,21,2,1,0,0,2,0,19,6,1,1.5,0,1,0.05263157894736842,0,1,1,0,12,9,0,0,0,4,2,0.0,0.0,21.0,96.07499999999999,True,simple,0,6,4,0,2,0.6666666666666666,False,2,3,2,2,1,1,0.3333333333333333,True,2,0,1.0,1,0,1,False,0,3,0.0,2,0,0,1.0,False,0,0,0,0,0
39,IGovernor,,data/safe_contracts/openzeppelin-contracts/contracts/governance/IGovernor.sol,,openzeppelin,False,False,False,False,False,False,False,False,False,False,False,False,False,False,False,False,False,False,False,False,False,False,True,True,False,0,0,8,27,0,0,0,1,0,402,3,1,1.0,0,266,0.6616915422885572,1,0,1,0,8,0,0,0,0,3,1,0.0,0.0,8.0,21.333333333333332,False,moderate,1,0,0,0,0,0.0,False,0,0,27,0,0,0,0.0,False,27,0,0.0,27,0,0,False,0,57,0.0,21,0,0,1.0,False,0,0,0,0,0
40,TimelockController,,data/safe_contracts/openzeppelin-contracts/contracts/governance/TimelockController.sol,,openzeppelin,False,True,True,True,False,False,True,False,False,False,False,False,False,False,True,False,False,False,False,False,False,True,True,True,False,1,3,50,24,4,6,1,9,1,422,13,1,2.625,0,191,0.45260663507109006,3,1,3,0,28,26,0,4,0,11,7,0.0,0.0,75.0,315.0,True,complex,2,145,137,4,14,0.9448275862068966,True,14,63,24,49,4,4,0.07547169811320754,True,18,6,2.0416666666666665,16,6,8,True,2,54,4.0,21,0,0,1.0,False,0,0,0,0,0
42,Account,,data/safe_contracts/openzeppelin-contracts/contracts/account/Account.sol,,openzeppelin,False,False,True,False,False,False,False,False,False,False,False,False,False,False,True,False,False,False,False,False,True,True,True,True,False,1,10,820,10,2,0,2,3,0,136,17,1,1.7,0,69,0.5073529411764706,1,1,1,0,464,367,0,11,0,13,4,0.0,0.0,880.0,48799.38461538462,True,simple,0,32,25,0,4,0.78125,False,7,17,10,11,2,2,0.15384615384615385,True,5,5,1.1,7,0,2,False,1,10,2.0,5,0,0,1.0,False,0,0,0,0,0
44,ERC2771Context,,data/safe_contracts/openzeppelin-contracts/contracts/metatx/ERC2771Context.sol,,openzeppelin,False,False,False,False,False,False,False,False,False,False,False,False,False,False,False,False,False,False,False,False,False,False,True,False,False,0,0,10,6,0,1,0,2,0,81,2,1,1.3333333333333333,0,42,0.5185185185185185,0,0,1,0,3,7,0,0,0,3,1,0.0,0.0,10.0,26.333333333333336,False,simple,0,20,14,0,4,0.7,False,7,8,6,7,1,0,0.0,True,2,4,1.1666666666666667,3,1,1,True,0,2,0.0,2,0,0,1.0,False,0,0,0,0,0
46,ERC7786Recipient,,data/safe_contracts/openzeppelin-contracts/contracts/crosschain/ERC7786Recipient.sol,,openzeppelin,False,False,False,False,False,False,False,False,False,False,False,False,False,False,False,True,False,False,False,False,False,False,True,True,False,0,1,8,3,2,1,0,5,0,59,4,1,2.3333333333333335,0,28,0.4745762711864407,1,2,1,0,7,2,0,1,0,5,2,0.0,0.0,13.0,21.84,False,simple,0,10,11,0,7,1.1,False,1,5,3,4,1,2,0.3333333333333333,False,1,2,1.3333333333333333,4,1,1,False,2,9,0.5,3,0,0,1.0,False,0,0,0,0,0
47,IERC1155,,data/safe_contracts/openzeppelin-contracts/contracts/interfaces/IERC1155.sol,,openzeppelin,False,False,False,False,False,False,False,False,False,False,False,False,False,False,False,False,False,False,False,False,False,False,True,True,False,0,0,5,6,0,0,0,1,0,4,2,1,1.0,0,2,0.5,0,0,1,0,5,0,0,0,0,2,1,0.0,0.0,5.0,12.5,False,simple,0,0,0,0,0,0.0,False,0,0,6,0,0,0,0.0,False,6,0,0.0,6,0,0,False,0,18,0.0,6,0,0,1.0,False,0,0,0,0,0
48,IERC1967,,data/safe_contracts/openzeppelin-contracts/contracts/interfaces/IERC1967.sol,,openzeppelin,False,False,False,False,False,False,False,False,False,False,False,False,False,False,False,False,False,False,False,False,False,False,True,False,False,0,0,2,0,0,0,0,0,0,20,1,1,0.0,0,14,0.7,0,0,0,0,2,0,0,0,0,1,1,0.0,0.0,2.0,4.0,False,simple,0,0,0,0,0,0.0,False,0,0,0,0,0,0,0.0,False,0,0,0.0,0,0,0,False,0,0,0.0,0,0,0,1.0,False,0,0,0,0,0
49,IERC165,,data/safe_contracts/openzeppelin-contracts/contracts/interfaces/IERC165.sol,,openzeppelin,False,False,False,False,False,False,False,False,False,False,False,False,False,False,False,False,False,False,False,False,False,False,True,False,False,0,0,3,1,0,0,0,1,0,4,1,1,1.0,0,2,0.5,0,0,0,0,3,0,0,0,0,1,1,0.0,0.0,3.0,9.0,False,simple,0,0,0,0,0,0.0,False,0,0,1,0,0,0,0.0,False,1,0,0.0,1,0,0,False,0,1,0.0,1,0,0,1.0,False,0,0,0,0,0
50,IERC3156,,data/safe_contracts/openzeppelin-contracts/contracts/interfaces/IERC3156.sol,,openzeppelin,False,False,False,False,False,False,False,False,False,False,False,False,False,False,False,False,False,False,False,False,False,False,True,False,False,0,0,4,1,0,0,0,1,0,5,2,1,1.0,0,2,0.4,0,0,0,0,4,0,0,0,0,1,1,0.0,0.0,4.0,16.0,False,simple,0,0,0,0,0,0.0,False,0,0,1,0,0,0,0.0,False,1,0,0.0,1,0,0,False,0,5,0.0,1,0,0,1.0,False,0,0,0,0,0
51,IERC1363Spender,,data/safe_contracts/openzeppelin-contracts/contracts/interfaces/IERC1363Spender.sol,,openzeppelin,False,False,False,False,False,False,False,False,False,False,False,False,False,False,False,False,False,False,False,False,False,False,True,False,False,0,0,2,1,0,0,0,1,0,24,1,1,1.0,0,20,0.8333333333333334,0,0,0,0,2,0,0,0,0,1,1,0.0,0.0,2.0,4.0,False,simple,0,0,0,0,0,0.0,False,0,0,1,0,0,0,0.0,False,1,0,0.0,1,0,0,False,0,3,0.0,1,0,0,1.0,False,0,0,0,0,0
52,IERC6909,,data/safe_contracts/openzeppelin-contracts/contracts/interfaces/IERC6909.sol,,openzeppelin,False,False,False,False,False,False,False,False,False,False,False,False,False,False,False,False,False,False,False,False,False,False,True,True,False,0,0,4,7,0,0,0,1,0,107,5,1,1.0,0,75,0.7009345794392523,0,0,1,0,4,0,0,0,0,2,1,0.0,0.0,4.0,8.0,False,simple,0,0,0,0,0,0.0,False,0,0,7,0,0,0,0.0,False,7,0,0.0,7,0,0,False,0,19,0.0,7,0,0,1.0,False,0,0,0,0,0
53,IERC2981,,data/safe_contracts/openzeppelin-contracts/contracts/interfaces/IERC2981.sol,,openzeppelin,False,False,False,False,False,False,False,False,False,False,False,False,False,False,False,False,False,False,False,False,False,False,True,True,False,0,0,4,1,0,0,0,1,0,23,2,1,1.0,0,15,0.6521739130434783,0,0,1,0,4,0,0,0,0,2,1,0.0,0.0,4.0,8.0,False,simple,0,0,0,0,0,0.0,False,0,0,1,0,0,0,0.0,False,1,0,0.0,1,0,0,False,0,2,0.0,1,0,0,1.0,False,0,0,0,0,0
54,IERC5267,,data/safe_contracts/openzeppelin-contracts/contracts/interfaces/IERC5267.sol,,openzeppelin,False,False,False,False,False,False,False,False,False,False,False,False,False,False,False,False,False,False,False,False,False,False,True,False,False,0,0,2,1,0,0,0,1,0,25,1,1,1.0,0,9,0.36,0,0,0,0,2,0,0,0,0,1,1,0.0,0.0,2.0,4.0,False,simple,0,0,0,0,0,0.0,False,0,0,1,0,0,0,0.0,False,1,0,0.0,1,0,0,False,0,0,0.0,0,0,0,1.0,False,0,0,0,0,0
55,IERC1271,,data/safe_contracts/openzeppelin-contracts/contracts/interfaces/IERC1271.sol,,openzeppelin,False,False,False,False,False,False,False,False,False,False,False,False,False,False,False,False,False,False,False,False,False,False,True,False,False,0,0,2,1,0,0,0,1,0,15,1,1,1.0,0,11,0.7333333333333333,0,0,0,0,2,0,0,0,0,1,1,0.0,0.0,2.0,4.0,False,simple,0,0,0,0,0,0.0,False,0,0,1,0,0,0,0.0,False,1,0,0.0,1,0,0,False,0,2,0.0,1,0,0,1.0,False,0,0,0,0,0
56,IERC20,,data/safe_contracts/openzeppelin-contracts/contracts/interfaces/IERC20.sol,,openzeppelin,False,False,False,False,False,False,False,False,False,False,False,False,False,False,False,False,False,False,False,False,False,False,True,False,False,0,0,3,6,0,0,0,1,0,4,1,1,1.0,0,2,0.5,0,0,0,0,3,0,0,0,0,1,1,0.0,0.0,3.0,9.0,False,simple,0,0,0,0,0,0.0,False,0,0,6,0,0,0,0.0,False,6,0,0.0,6,0,0,False,0,10,0.0,5,0,0,1.0,False,0,0,0,0,0
57,IERC1363,,data/safe_contracts/openzeppelin-contracts/contracts/interfaces/IERC1363.sol,,openzeppelin,False,False,False,False,False,False,False,False,False,False,False,False,False,False,False,False,False,False,False,False,False,False,True,True,False,0,0,7,6,0,0,0,1,0,77,3,1,1.0,0,66,0.8571428571428571,0,0,1,0,7,0,0,0,0,2,1,0.0,0.0,7.0,24.5,False,simple,0,0,0,0,0,0.0,False,0,0,6,0,0,0,0.0,False,6,0,0.0,3,0,0,False,0,17,0.0,6,0,0,1.0,False,0,0,0,0,0
58,IERC5313,,data/safe_contracts/openzeppelin-contracts/contracts/interfaces/IERC5313.sol,,openzeppelin,False,False,False,False,False,False,False,False,False,False,False,False,False,False,False,False,False,False,False,False,False,False,True,False,False,0,0,2,1,0,0,0,1,0,14,1,1,1.0,0,10,0.7142857142857143,0,0,0,0,2,0,0,0,0,1,1,0.0,0.0,2.0,4.0,False,simple,0,0,0,0,0,0.0,False,0,0,1,0,0,0,0.0,False,1,0,0.0,1,0,0,False,0,0,0.0,0,0,0,1.0,False,0,0,0,0,0
59,IERC4626,,data/safe_contracts/openzeppelin-contracts/contracts/interfaces/IERC4626.sol,,openzeppelin,False,False,False,False,False,False,False,False,False,False,False,False,False,False,False,False,False,False,False,False,False,False,True,True,False,0,0,5,16,0,0,0,1,0,210,3,1,1.0,0,181,0.861904761904762,0,0,2,0,5,0,0,0,0,2,1,0.0,0.0,5.0,12.5,False,moderate,1,0,0,0,0,0.0,False,0,0,16,0,0,0,0.0,False,16,0,0.0,16,0,0,False,0,20,0.0,14,0,0,1.0,False,0,0,0,0,0
60,IERC7751,,data/safe_contracts/openzeppelin-contracts/contracts/interfaces/IERC7751.sol,,openzeppelin,False,False,False,False,False,False,False,False,False,False,False,False,False,False,False,False,False,False,False,False,False,False,True,False,False,0,0,2,0,0,0,0,0,0,10,1,1,0.0,0,6,0.6,0,0,0,0,2,0,0,0,0,1,1,0.0,0.0,2.0,4.0,False,simple,0,0,0,0,0,0.0,False,0,0,0,0,0,0,0.0,False,0,0,0.0,0,0,0,False,0,0,0.0,0,0,0,1.0,False,0,0,0,0,0
61,IERC1363Receiver,,data/safe_contracts/openzeppelin-contracts/contracts/interfaces/IERC1363Receiver.sol,,openzeppelin,False,False,False,False,False,False,False,False,False,False,False,False,False,False,False,False,False,False,False,False,False,False,True,False,False,0,0,2,1,0,0,0,1,0,30,1,1,1.0,0,21,0.7,0,0,0,0,2,0,0,0,0,1,1,0.0,0.0,2.0,4.0,False,simple,0,0,0,0,0,0.0,False,0,0,1,0,0,0,0.0,False,1,0,0.0,1,0,0,False,0,4,0.0,1,0,0,1.0,False,0,0,0,0,0
62,IERC721Enumerable,,data/safe_contracts/openzeppelin-contracts/contracts/interfaces/IERC721Enumerable.sol,,openzeppelin,False,False,False,False,False,False,False,False,False,False,False,False,False,False,False,False,False,False,False,False,False,False,True,True,False,0,0,6,3,0,0,0,1,0,4,3,1,1.0,0,2,0.5,0,0,2,0,6,0,0,0,0,2,1,0.0,0.0,6.0,18.0,False,simple,0,0,0,0,0,0.0,False,0,0,3,0,0,0,0.0,False,3,0,0.0,3,0,0,False,0,3,0.0,2,0,0,1.0,False,0,0,0,0,0
63,IERC721,,data/safe_contracts/openzeppelin-contracts/contracts/interfaces/IERC721.sol,,openzeppelin,False,False,False,False,False,False,False,False,False,False,False,False,False,False,False,False,False,False,False,False,False,False,True,True,False,0,0,5,9,0,0,0,1,0,4,2,1,1.0,0,2,0.5,0,0,1,0,5,0,0,0,0,2,1,0.0,0.0,5.0,12.5,False,simple,0,0,0,0,0,0.0,False,0,0,9,0,0,0,0.0,False,9,0,0.0,8,0,0,False,0,19,0.0,9,0,0,1.0,False,0,0,0,0,0
64,IERC2309,,data/safe_contracts/openzeppelin-contracts/contracts/interfaces/IERC2309.sol,,openzeppelin,False,False,False,False,False,False,False,False,False,False,False,False,False,False,False,False,False,False,False,False,False,False,True,False,False,0,0,2,0,0,0,0,0,0,17,1,1,0.0,0,8,0.47058823529411764,0,0,0,0,2,0,0,0,0,1,1,0.0,0.0,2.0,4.0,False,simple,0,0,0,0,0,0.0,False,0,0,0,0,0,0,0.0,False,0,0,0.0,0,0,0,False,0,0,0.0,0,0,0,1.0,False,0,0,0,0,0
65,IERC20Metadata,,data/safe_contracts/openzeppelin-contracts/contracts/interfaces/IERC20Metadata.sol,,openzeppelin,False,False,False,False,False,False,False,False,False,False,False,False,False,False,False,False,False,False,False,False,False,False,True,True,False,0,0,5,3,0,0,0,1,0,4,2,1,1.0,0,2,0.5,0,0,1,0,5,0,0,0,0,2,1,0.0,0.0,5.0,12.5,False,simple,0,0,0,0,0,0.0,False,0,0,3,0,0,0,0.0,False,3,0,0.0,3,0,0,False,0,0,0.0,0,0,0,1.0,False,0,0,0,0,0
66,IERC2612,,data/safe_contracts/openzeppelin-contracts/contracts/interfaces/IERC2612.sol,,openzeppelin,False,False,False,False,False,False,False,False,False,False,False,False,False,False,False,False,False,False,False,False,False,False,True,True,False,0,0,5,0,0,0,0,0,0,5,2,1,0.0,0,2,0.4,0,0,1,0,5,0,0,0,0,3,1,0.0,0.0,5.0,8.333333333333334,False,simple,0,0,0,0,0,0.0,False,0,0,0,0,0,0,0.0,False,0,0,0.0,0,0,0,False,0,0,0.0,0,0,0,1.0,False,0,0,0,0,0
67,IERC5805,,data/safe_contracts/openzeppelin-contracts/contracts/interfaces/IERC5805.sol,,openzeppelin,False,False,False,False,False,False,False,False,False,False,False,False,False,False,False,False,False,False,False,False,False,False,True,True,False,0,0,6,0,0,0,0,0,0,6,3,1,0.0,0,2,0.3333333333333333,0,0,1,0,6,0,0,0,0,3,1,0.0,0.0,6.0,12.0,False,simple,0,0,0,0,0,0.0,False,0,0,0,0,0,0,0.0,False,0,0,0.0,0,0,0,False,0,0,0.0,0,0,0,1.0,False,0,0,0,0,0
68,IERC777,,data/safe_contracts/openzeppelin-contracts/contracts/interfaces/IERC777.sol,,openzeppelin,False,False,False,False,False,False,False,False,False,False,False,False,False,False,False,False,False,False,False,False,False,False,True,False,False,0,0,2,13,0,0,0,1,0,181,1,1,1.0,0,147,0.8121546961325967,0,0,0,0,2,0,0,0,0,1,1,0.0,0.0,2.0,4.0,False,moderate,1,0,0,0,0,0.0,False,0,0,13,0,0,0,0.0,False,13,0,0.0,13,0,0,False,0,19,0.0,8,0,0,1.0,False,0,0,0,0,0
69,IERC7913,,data/safe_contracts/openzeppelin-contracts/contracts/interfaces/IERC7913.sol,,openzeppelin,False,False,False,False,False,False,False,False,False,False,False,False,False,False,False,False,False,False,False,False,False,False,True,False,False,0,0,2,1,0,0,0,1,0,16,1,1,1.0,0,12,0.75,0,0,0,0,2,0,0,0,0,1,1,0.0,0.0,2.0,4.0,False,simple,0,0,0,0,0,0.0,False,0,0,1,0,0,0,0.0,False,1,0,0.0,1,0,0,False,0,3,0.0,1,0,0,1.0,False,0,0,0,0,0
70,IERC721Receiver,,data/safe_contracts/openzeppelin-contracts/contracts/interfaces/IERC721Receiver.sol,,openzeppelin,False,False,False,False,False,False,False,False,False,False,False,False,False,False,False,False,False,False,False,False,False,False,True,False,False,0,0,3,1,0,0,0,1,0,4,1,1,1.0,0,2,0.5,0,0,0,0,3,0,0,0,0,1,1,0.0,0.0,3.0,9.0,False,simple,0,0,0,0,0,0.0,False,0,0,1,0,0,0,0.0,False,1,0,0.0,1,0,0,False,0,4,0.0,1,0,0,1.0,False,0,0,0,0,0
71,IERC3156FlashLender,,data/safe_contracts/openzeppelin-contracts/contracts/interfaces/IERC3156FlashLender.sol,,openzeppelin,False,False,False,False,False,False,False,False,False,False,False,False,False,False,False,False,False,False,False,False,False,False,True,False,False,0,0,3,3,0,0,0,1,0,36,2,1,1.0,0,24,0.6666666666666666,0,0,0,0,3,0,0,0,0,1,1,0.0,0.0,3.0,9.0,False,simple,0,0,0,0,0,0.0,False,0,0,3,0,0,0,0.0,False,3,0,0.0,3,0,0,False,0,7,0.0,3,0,0,1.0,False,0,0,0,0,0
72,IERC4906,,data/safe_contracts/openzeppelin-contracts/contracts/interfaces/IERC4906.sol,,openzeppelin,False,False,False,False,False,False,False,False,False,False,False,False,False,False,False,False,False,False,False,False,False,False,True,True,False,0,0,7,0,0,0,0,0,0,16,3,1,0.0,0,9,0.5625,0,0,2,0,7,0,0,0,0,2,1,0.0,0.0,7.0,24.5,False,simple,0,0,0,0,0,0.0,False,0,0,0,0,0,0,0.0,False,0,0,0.0,0,0,0,False,0,0,0.0,0,0,0,1.0,False,0,0,0,0,0
73,IERC3156FlashBorrower,,data/safe_contracts/openzeppelin-contracts/contracts/interfaces/IERC3156FlashBorrower.sol,,openzeppelin,False,False,False,False,False,False,False,False,False,False,False,False,False,False,False,False,False,False,False,False,False,False,True,False,False,0,0,2,1,0,0,0,1,0,25,1,1,1.0,0,15,0.6,0,0,0,0,2,0,0,0,0,1,1,0.0,0.0,2.0,4.0,False,simple,0,0,0,0,0,0.0,False,0,0,1,0,0,0,0.0,False,1,0,0.0,1,0,0,False,0,5,0.0,1,0,0,1.0,False,0,0,0,0,0
74,IERC1820Registry,,data/safe_contracts/openzeppelin-contracts/contracts/interfaces/IERC1820Registry.sol,,openzeppelin,False,False,False,False,False,False,False,False,False,False,False,False,False,False,False,False,False,False,False,False,False,False,True,False,False,0,0,2,8,0,0,0,1,0,101,1,1,1.0,0,88,0.8712871287128713,0,0,0,0,2,0,0,0,0,1,1,0.0,0.0,2.0,4.0,False,simple,0,0,0,0,0,0.0,False,0,0,8,0,0,0,0.0,False,8,0,0.0,8,0,0,False,0,15,0.0,8,0,0,1.0,False,0,0,0,0,0
75,IERC777Recipient,,data/safe_contracts/openzeppelin-contracts/contracts/interfaces/IERC777Recipient.sol,,openzeppelin,False,False,False,False,False,False,False,False,False,False,False,False,False,False,False,False,False,False,False,False,False,False,True,False,False,0,0,2,1,0,0,0,1,0,33,1,1,1.0,0,22,0.6666666666666666,0,0,0,0,2,0,0,0,0,1,1,0.0,0.0,2.0,4.0,False,simple,0,0,0,0,0,0.0,False,0,0,1,0,0,0,0.0,False,1,0,0.0,1,0,0,False,0,6,0.0,1,0,0,1.0,False,0,0,0,0,0
76,IERC721Metadata,,data/safe_contracts/openzeppelin-contracts/contracts/interfaces/IERC721Metadata.sol,,openzeppelin,False,False,False,False,False,False,False,False,False,False,False,False,False,False,False,False,False,False,False,False,False,False,True,True,False,0,0,6,3,0,0,0,1,0,4,3,1,1.0,0,2,0.5,0,0,2,0,6,0,0,0,0,2,1,0.0,0.0,6.0,18.0,False,simple,0,0,0,0,0,0.0,False,0,0,3,0,0,0,0.0,False,3,0,0.0,3,0,0,False,0,1,0.0,1,0,0,1.0,False,0,0,0,0,0
77,IERC777Sender,,data/safe_contracts/openzeppelin-contracts/contracts/interfaces/IERC777Sender.sol,,openzeppelin,False,False,False,False,False,False,False,False,False,False,False,False,False,False,False,False,False,False,False,False,False,False,True,False,False,0,0,2,1,0,0,0,1,0,33,1,1,1.0,0,22,0.6666666666666666,0,0,0,0,2,0,0,0,0,1,1,0.0,0.0,2.0,4.0,False,simple,0,0,0,0,0,0.0,False,0,0,1,0,0,0,0.0,False,1,0,0.0,1,0,0,False,0,6,0.0,1,0,0,1.0,False,0,0,0,0,0
78,IERC1820Implementer,,data/safe_contracts/openzeppelin-contracts/contracts/interfaces/IERC1820Implementer.sol,,openzeppelin,False,False,False,False,False,False,False,False,False,False,False,False,False,False,False,False,False,False,False,False,False,False,True,False,False,0,0,2,1,0,0,0,1,0,18,1,1,1.0,0,14,0.7777777777777778,0,0,0,0,2,0,0,0,0,1,1,0.0,0.0,2.0,4.0,False,simple,0,0,0,0,0,0.0,False,0,0,1,0,0,0,0.0,False,1,0,0.0,1,0,0,False,0,2,0.0,1,0,0,1.0,False,0,0,0,0,0
79,IERC1155Receiver,,data/safe_contracts/openzeppelin-contracts/contracts/interfaces/IERC1155Receiver.sol,,openzeppelin,False,False,False,False,False,False,False,False,False,False,False,False,False,False,False,False,False,False,False,False,False,False,True,True,False,0,0,5,2,0,0,0,1,0,4,2,1,1.0,0,2,0.5,0,0,1,0,5,0,0,0,0,2,1,0.0,0.0,5.0,12.5,False,simple,0,0,0,0,0,0.0,False,0,0,2,0,0,0,0.0,False,2,0,0.0,2,0,0,False,0,10,0.0,2,0,0,1.0,False,0,0,0,0,0
80,IERC6372,,data/safe_contracts/openzeppelin-contracts/contracts/interfaces/IERC6372.sol,,openzeppelin,False,False,False,False,False,False,False,False,False,False,False,False,False,False,False,False,False,False,False,False,False,False,True,False,False,0,0,3,2,0,0,0,1,0,14,1,1,1.0,0,9,0.6428571428571429,0,0,0,0,3,0,0,0,0,2,1,0.0,0.0,3.0,4.5,False,simple,0,0,0,0,0,0.0,False,0,0,2,0,0,0,0.0,False,2,0,0.0,2,0,0,False,0,0,0.0,0,0,0,1.0,False,0,0,0,0,0
81,IERC1155MetadataURI,,data/safe_contracts/openzeppelin-contracts/contracts/interfaces/IERC1155MetadataURI.sol,,openzeppelin,False,False,False,False,False,False,False,False,False,False,False,False,False,False,False,False,False,False,False,False,False,False,True,True,False,0,0,6,1,0,0,0,1,0,4,3,1,1.0,0,2,0.5,0,0,2,0,6,0,0,0,0,2,1,0.0,0.0,6.0,18.0,False,simple,0,0,0,0,0,0.0,False,0,0,1,0,0,0,0.0,False,1,0,0.0,1,0,0,False,0,1,0.0,1,0,0,1.0,False,0,0,0,0,0
82,Base64,,data/safe_contracts/openzeppelin-contracts/contracts/utils/Base64.sol,,openzeppelin,False,False,False,False,False,False,False,False,False,False,False,False,False,False,True,False,False,False,False,False,False,False,True,False,False,1,2,76,5,2,0,0,16,0,202,2,1,6.6,2,84,0.4158415841584158,0,1,0,0,6,73,0,3,0,5,2,0.0,0.0,96.0,1096.32,True,moderate,1,127,133,17,47,1.047244094488189,True,5,33,5,10,0,2,0.16666666666666666,False,0,5,2.0,5,0,1,False,0,6,0.0,5,0,0,1.0,False,0,0,0,0,0
83,Create2,,data/safe_contracts/openzeppelin-contracts/contracts/utils/Create2.sol,,openzeppelin,False,False,False,False,False,False,False,False,False,False,False,False,False,False,True,False,False,False,False,False,False,False,True,False,False,0,0,31,3,4,0,0,9,0,83,3,1,3.6666666666666665,0,45,0.5421686746987951,0,2,0,0,16,15,0,0,0,3,2,0.0,0.0,31.0,273.83333333333337,True,simple,0,30,31,0,11,1.0333333333333334,False,1,11,3,11,0,4,0.26666666666666666,True,0,3,3.6666666666666665,9,0,1,False,2,8,0.5,3,0,0,1.0,False,0,0,0,0,0
84,Comparators,,data/safe_contracts/openzeppelin-contracts/contracts/utils/Comparators.sol,,openzeppelin,False,False,False,False,False,False,False,False,False,False,False,False,False,False,False,False,False,False,False,False,False,False,True,False,False,0,0,4,2,0,0,0,1,0,16,1,1,1.0,0,7,0.4375,0,0,0,0,2,2,0,0,0,2,1,0.0,0.0,4.0,6.8,False,simple,0,4,2,0,1,0.5,False,2,2,2,0,0,0,0.0,False,0,2,0.0,2,0,0,False,0,4,0.0,2,0,0,1.0,False,0,0,0,0,0
85,Context,,data/safe_contracts/openzeppelin-contracts/contracts/utils/Context.sol,,openzeppelin,False,False,False,False,False,False,False,False,False,False,False,False,False,False,False,False,False,False,False,False,False,False,True,False,False,0,0,5,3,0,0,0,1,0,24,1,1,1.0,0,12,0.5,0,0,0,0,2,3,0,0,0,2,1,0.0,0.0,5.0,10.25,False,simple,0,6,3,0,1,0.5,False,3,3,3,0,0,0,0.0,False,0,3,0.0,3,0,0,False,0,0,0.0,0,0,0,1.0,False,0,0,0,0,0
86,RelayedCall,,data/safe_contracts/openzeppelin-contracts/contracts/utils/RelayedCall.sol,,openzeppelin,False,False,False,True,False,False,False,False,False,False,False,False,False,False,True,False,False,False,False,False,False,False,True,False,False,0,0,10,6,2,0,0,5,1,121,1,1,1.6666666666666667,0,76,0.628099173553719,0,0,0,0,4,6,0,0,0,4,3,0.0,0.0,10.0,20.5,True,simple,0,33,29,0,18,0.8787878787878788,False,5,10,6,14,0,2,0.125,True,0,6,2.3333333333333335,9,0,1,False,1,13,1.0,5,0,0,1.0,False,0,0,0,0,0
87,NoncesKeyed,,data/safe_contracts/openzeppelin-contracts/contracts/utils/NoncesKeyed.sol,,openzeppelin,False,False,False,False,False,False,False,False,False,False,False,False,False,False,False,False,False,True,False,False,False,False,True,False,False,1,0,9,6,0,1,0,5,0,66,2,1,2.0,0,35,0.5303030303030303,0,0,1,0,4,6,0,1,0,3,2,0.0,0.0,19.0,51.93333333333333,False,simple,0,24,20,0,6,0.8333333333333334,False,6,12,6,10,1,0,0.0,True,1,5,1.6666666666666667,3,1,1,True,0,12,0.0,6,0,0,1.0,False,0,0,0,0,0
88,Nonces,,data/safe_contracts/openzeppelin-contracts/contracts/utils/Nonces.sol,,openzeppelin,False,False,False,False,False,False,False,False,False,False,False,False,False,False,False,False,False,False,False,False,False,False,True,False,False,0,0,4,3,0,1,0,3,0,41,1,1,1.6666666666666667,0,22,0.5365853658536586,0,0,0,0,2,2,0,0,0,2,1,0.0,0.0,4.0,6.8,False,simple,0,9,7,0,3,0.7777777777777778,False,2,5,3,2,0,0,0.0,False,1,2,0.6666666666666666,3,1,1,True,0,4,0.0,3,0,0,1.0,False,0,0,0,0,0
89,StorageSlot,,data/safe_contracts/openzeppelin-contracts/contracts/utils/StorageSlot.sol,,openzeppelin,False,False,False,False,False,False,False,False,False,False,False,False,False,False,True,False,False,False,False,False,False,False,True,False,False,0,0,20,9,0,0,0,1,0,126,1,1,1.0,0,57,0.4523809523809524,0,0,0,0,11,9,0,0,0,3,2,0.0,0.0,20.0,115.33333333333334,False,simple,0,36,27,0,3,0.75,False,0,9,9,0,0,0,0.0,False,0,9,0.0,7,0,0,False,0,9,0.0,9,0,0,1.0,False,0,0,0,0,0
90,Pausable,,data/safe_contracts/openzeppelin-contracts/contracts/utils/Pausable.sol,,openzeppelin,False,False,False,False,False,False,False,False,False,False,False,False,False,False,False,False,False,False,False,False,False,False,True,False,False,0,0,10,5,0,1,2,3,0,98,2,1,1.8,0,60,0.6122448979591837,0,0,1,0,3,7,0,0,0,2,1,0.0,0.0,10.0,39.5,False,simple,0,18,15,0,3,0.8333333333333334,False,1,9,5,8,0,0,0.0,False,1,4,1.6,6,1,0,True,0,0,0.0,0,0,0,1.0,False,0,0,0,0,0
95,SlotDerivation,,data/safe_contracts/openzeppelin-contracts/contracts/utils/SlotDerivation.sol,,openzeppelin,False,False,False,False,False,False,False,False,False,False,False,False,False,False,True,False,False,False,False,False,False,False,True,False,False,0,0,21,10,0,0,0,1,0,144,1,1,1.0,0,67,0.4652777777777778,0,0,0,0,11,10,0,0,0,3,2,0.0,0.0,21.0,126.0,True,simple,0,70,60,0,13,0.8571428571428571,False,1,10,10,21,0,0,0.0,False,0,10,2.1,4,0,0,False,0,18,0.0,10,0,0,1.0,False,0,0,0,0,0
96,Panic,,data/safe_contracts/openzeppelin-contracts/contracts/utils/Panic.sol,,openzeppelin,False,False,False,False,False,False,False,False,False,False,False,False,False,False,True,False,False,False,False,False,False,False,True,False,False,0,0,4,2,0,10,0,1,0,54,1,1,1.0,0,34,0.6296296296296297,0,0,0,0,3,1,0,0,0,3,2,0.0,0.0,4.0,4.933333333333334,False,simple,0,16,14,0,9,0.875,False,0,2,2,2,0,0,0.0,False,0,2,1.0,3,10,0,False,0,1,0.0,1,0,0,1.0,False,0,0,0,0,0
97,ShortStrings,,data/safe_contracts/openzeppelin-contracts/contracts/utils/ShortStrings.sol,,openzeppelin,False,False,False,False,False,False,False,False,False,False,False,False,False,False,True,False,False,False,False,False,False,False,True,False,False,0,0,29,7,7,1,0,3,0,111,2,1,2.0,0,58,0.5225225225225225,0,1,0,0,13,16,0,0,0,4,2,0.0,0.0,29.0,175.45,True,simple,0,34,29,0,7,0.8529411764705882,False,9,14,7,7,0,7,0.5,False,0,7,1.0,4,1,6,True,0,9,0.0,6,0,0,1.0,False,0,0,0,0,0
98,ReentrancyGuard,,data/safe_contracts/openzeppelin-contracts/contracts/utils/ReentrancyGuard.sol,,openzeppelin,False,False,False,False,False,False,False,False,False,False,False,False,False,False,True,False,False,False,False,False,False,False,True,False,False,0,0,26,7,4,3,2,3,0,103,2,1,1.2857142857142858,0,63,0.6116504854368932,0,4,0,0,12,14,0,0,0,3,2,0.0,0.0,26.0,188.93333333333334,True,simple,0,18,12,0,2,0.6666666666666666,False,2,9,7,7,0,4,0.36363636363636365,False,0,7,1.0,3,3,0,True,0,0,0.0,0,0,0,1.0,True,0,0,0,0,0
100,Base58,,data/safe_contracts/openzeppelin-contracts/contracts/utils/Base58.sol,,openzeppelin,False,False,False,False,False,False,False,False,False,False,False,False,False,False,True,False,False,False,False,False,False,False,True,False,False,0,0,8,4,0,0,0,25,0,211,1,1,12.25,2,79,0.3744075829383886,0,0,0,0,4,4,0,0,0,3,2,0.0,0.0,8.0,18.133333333333333,False,moderate,1,145,156,15,45,1.0758620689655172,True,4,49,4,12,0,0,0.0,False,0,4,3.0,7,0,0,False,0,4,0.0,4,0,0,1.0,False,0,0,0,0,0
101,Errors,,data/safe_contracts/openzeppelin-contracts/contracts/utils/Errors.sol,,openzeppelin,False,False,False,False,False,False,False,False,False,False,False,False,False,False,False,False,False,False,False,False,False,False,True,False,False,0,0,2,0,0,0,0,0,0,29,1,1,0.0,0,22,0.7586206896551724,0,0,0,0,2,0,0,0,0,1,1,0.0,0.0,2.0,4.0,False,simple,0,0,0,0,0,0.0,False,0,0,0,0,0,0,0.0,False,0,0,0.0,0,0,0,False,0,0,0.0,0,0,0,1.0,False,0,0,0,0,0
102,Blockhash,,data/safe_contracts/openzeppelin-contracts/contracts/utils/Blockhash.sol,,openzeppelin,False,False,False,False,False,False,False,False,False,False,False,False,False,False,True,False,False,False,False,False,False,False,True,False,False,0,0,5,3,0,1,0,2,0,46,1,1,1.3333333333333333,0,26,0.5652173913043478,0,0,0,0,3,2,0,0,0,3,2,0.0,0.0,5.0,7.333333333333334,False,simple,0,15,12,0,6,0.8,False,2,4,3,7,0,0,0.0,False,0,3,2.3333333333333335,7,1,0,True,0,2,0.0,2,0,0,1.0,False,0,0,0,0,0
103,Packing,,data/safe_contracts/openzeppelin-contracts/contracts/utils/Packing.sol,,openzeppelin,False,False,False,False,False,False,False,False,False,False,False,False,False,False,True,False,False,False,False,False,False,False,True,False,False,0,0,638,212,0,0,0,3,0,1442,1,1,1.7358490566037736,0,32,0.022191400832177532,0,0,0,0,426,212,0,0,0,4,2,0.0,0.0,638.0,91616.8,True,complex,2,1350,1216,0,5,0.9007407407407407,False,0,368,212,156,0,0,0.0,False,0,212,0.7358490566037735,57,0,0,False,0,502,0.0,212,0,0,1.0,False,0,0,0,0,0
106,Multicall,,data/safe_contracts/openzeppelin-contracts/contracts/utils/Multicall.sol,,openzeppelin,False,False,False,False,False,False,False,False,False,False,False,False,False,False,True,False,False,False,False,False,False,False,True,False,False,0,0,32,1,4,0,0,6,0,33,5,1,6.0,0,18,0.5454545454545454,0,1,1,0,16,16,0,0,0,3,2,0.0,0.0,32.0,290.1333333333333,True,simple,0,13,14,1,9,1.0769230769230769,False,1,6,1,2,1,4,0.6666666666666666,False,1,0,2.0,2,0,1,False,1,1,1.0,1,0,0,1.0,False,0,0,0,0,0
107,LowLevelCall,,data/safe_contracts/openzeppelin-contracts/contracts/utils/LowLevelCall.sol,,openzeppelin,False,False,False,False,False,False,False,False,False,False,False,False,False,False,True,False,False,False,False,False,False,False,True,False,False,0,0,24,12,0,0,0,1,0,114,1,1,1.0,0,31,0.2719298245614035,0,0,0,0,12,12,0,0,0,3,2,0.0,0.0,24.0,163.2,True,moderate,1,56,44,0,6,0.7857142857142857,False,2,12,12,31,0,0,0.0,True,0,12,2.5833333333333335,9,0,0,False,0,19,0.0,9,0,0,1.0,False,0,0,0,0,0
109,Address,,data/safe_contracts/openzeppelin-contracts/contracts/utils/Address.sol,,openzeppelin,False,False,False,False,False,False,False,False,False,False,False,False,False,False,True,False,False,False,False,False,False,False,True,False,False,0,0,33,7,28,0,0,9,0,157,3,1,6.142857142857143,0,73,0.46496815286624205,0,17,0,0,14,19,0,0,0,3,2,0.0,0.0,33.0,300.29999999999995,True,moderate,1,71,76,0,8,1.0704225352112675,False,7,43,7,19,0,28,0.5957446808510638,False,0,7,2.7142857142857144,5,0,6,False,26,16,0.23076923076923078,7,0,0,1.0,False,0,0,0,0,0
110,Calldata,,data/safe_contracts/openzeppelin-contracts/contracts/utils/Calldata.sol,,openzeppelin,False,False,False,False,False,False,False,False,False,False,False,False,False,False,True,False,False,False,False,False,False,False,True,False,False,0,0,6,2,0,0,0,1,0,22,1,1,1.0,0,7,0.3181818181818182,0,0,0,0,4,2,0,0,0,3,2,0.0,0.0,6.0,10.8,False,simple,0,10,8,0,4,0.8,False,0,2,2,0,0,0,0.0,False,0,2,0.0,2,0,0,False,0,0,0.0,0,0,0,1.0,False,0,0,0,0,0
112,Clones,,data/safe_contracts/openzeppelin-contracts/contracts/proxy/Clones.sol,,openzeppelin,False,False,False,False,False,False,False,False,False,False,False,False,False,False,True,False,False,False,False,False,False,False,True,False,False,0,0,53,14,10,0,0,5,0,277,4,1,2.0,0,140,0.5054151624548736,0,2,0,0,22,31,0,0,0,4,2,0.0,0.0,53.0,579.025,True,moderate,1,76,69,0,11,0.9078947368421053,False,10,28,14,33,0,10,0.23255813953488372,True,0,14,2.357142857142857,13,0,7,False,0,35,0.0,14,0,0,1.0,False,0,0,0,0,0
113,Proxy,,data/safe_contracts/openzeppelin-contracts/contracts/proxy/Proxy.sol,,openzeppelin,False,False,False,False,False,False,False,False,False,False,False,False,False,False,True,True,False,False,False,False,False,False,True,False,False,0,1,4,4,0,0,0,3,0,61,1,1,1.5,0,37,0.6065573770491803,1,0,0,0,5,0,0,1,0,4,2,0.0,0.0,9.0,11.25,False,simple,0,17,15,0,11,0.8823529411764706,False,0,5,4,11,3,0,0.0,False,1,3,2.75,9,0,0,False,0,1,0.0,1,0,0,1.0,False,0,0,0,0,0
114,VestingWallet,,data/safe_contracts/openzeppelin-contracts/contracts/finance/VestingWallet.sol,,openzeppelin,False,False,True,False,False,False,False,False,False,False,False,False,False,False,True,False,False,False,False,False,False,False,True,True,False,0,0,56,14,3,4,0,3,0,142,10,1,1.1428571428571428,0,75,0.528169014084507,2,2,2,0,27,29,0,0,0,5,3,0.0,0.0,56.0,529.76,True,moderate,1,39,25,0,4,0.6410256410256411,False,12,16,14,19,4,3,0.13636363636363635,True,13,1,1.3571428571428572,6,4,3,True,2,11,1.5,7,0,2,1.0,False,0,2,0,0,0
115,VestingWalletCliff,,data/safe_contracts/openzeppelin-contracts/contracts/finance/VestingWalletCliff.sol,,openzeppelin,False,False,True,False,False,False,False,False,False,False,False,False,False,False,True,False,False,False,False,False,False,False,True,True,False,0,0,125,3,2,1,0,3,0,46,12,1,2.0,0,23,0.5,0,1,3,0,30,95,0,0,0,5,3,0.0,0.0,125.0,2412.5,True,simple,0,11,9,0,3,0.8181818181818182,False,3,6,3,5,0,2,0.2857142857142857,True,1,2,1.6666666666666667,4,1,1,True,0,3,0.0,2,0,2,1.0,False,0,2,0,0,0
116,IAccessControlEnumerable,,data/safe_contracts/openzeppelin-contracts/contracts/access/extensions/IAccessControlEnumerable.sol,,openzeppelin,False,False,False,False,False,False,False,False,False,False,False,False,False,False,False,False,False,False,False,False,False,False,True,False,False,0,0,3,2,0,0,0,1,0,27,2,1,1.0,0,21,0.7777777777777778,0,0,1,0,3,0,0,0,0,1,1,0.0,0.0,3.0,9.0,False,simple,0,0,0,0,0,0.0,False,0,0,2,0,0,0,0.0,False,2,0,0.0,2,0,0,False,0,3,0.0,2,0,0,1.0,False,0,0,0,0,0
117,IAccessControlDefaultAdminRules,,data/safe_contracts/openzeppelin-contracts/contracts/access/extensions/IAccessControlDefaultAdminRules.sol,,openzeppelin,False,False,False,False,False,False,False,False,False,False,False,False,False,False,False,False,False,False,False,False,False,False,True,False,False,0,0,3,10,0,0,0,1,0,173,2,1,1.0,0,152,0.8786127167630058,0,0,1,0,3,0,0,0,0,1,1,0.0,0.0,3.0,9.0,False,simple,0,0,0,0,0,0.0,False,0,0,10,0,0,0,0.0,False,10,0,0.0,10,0,0,False,0,2,0.0,2,0,0,1.0,False,0,0,0,0,0
119,AccessControlDefaultAdminRules,,data/safe_contracts/openzeppelin-contracts/contracts/access/extensions/AccessControlDefaultAdminRules.sol,,openzeppelin,False,False,True,False,False,False,False,False,False,False,False,False,False,False,True,False,False,False,False,False,False,False,True,True,False,1,9,137,30,3,6,0,5,0,327,11,1,2.033333333333333,0,161,0.4923547400611621,0,3,3,0,25,122,0,10,0,8,3,0.0,0.0,192.0,2649.6,True,complex,2,135,119,0,9,0.8814814814814815,False,15,61,30,57,3,3,0.05,True,15,15,1.9,12,6,9,True,0,26,0.0,17,0,0,1.0,False,0,0,0,0,0
120,AccessManaged,,data/safe_contracts/openzeppelin-contracts/contracts/access/manager/AccessManaged.sol,,openzeppelin,False,False,False,False,False,True,False,False,False,False,False,False,False,False,True,False,False,False,False,False,False,False,True,True,False,0,0,14,6,2,2,1,5,0,101,6,1,2.5,0,48,0.4752475247524752,0,1,1,0,9,5,0,0,0,5,3,0.0,0.0,14.0,35.0,True,simple,0,32,30,0,8,0.9375,False,3,15,6,9,1,2,0.18181818181818182,False,3,3,1.5,7,2,2,True,2,5,1.0,4,1,0,0.0,False,0,0,1,0,0
121,AccessManager,,data/safe_contracts/openzeppelin-contracts/contracts/access/manager/AccessManager.sol,,openzeppelin,False,False,True,False,False,False,False,False,False,False,False,False,True,False,True,False,False,False,False,False,False,True,True,True,False,1,12,153,49,21,6,1,9,0,633,13,1,2.4693877551020407,0,236,0.37282780410742494,1,16,1,0,38,128,0,13,0,10,5,0.0,0.0,223.0,2845.4799999999996,True,critical,3,297,271,1,17,0.9124579124579124,False,42,121,49,94,4,21,0.1826086956521739,False,30,19,1.9183673469387754,32,6,23,True,2,87,11.5,45,6,2,0.25,False,0,3,6,0,0
122,IAccessManager,,data/safe_contracts/openzeppelin-contracts/contracts/access/manager/IAccessManager.sol,,openzeppelin,False,False,False,False,False,False,False,False,False,False,False,False,False,False,False,False,False,False,False,False,False,False,True,False,False,0,0,2,29,0,0,0,1,0,360,1,1,1.0,0,287,0.7972222222222223,1,0,0,0,2,0,0,0,0,1,1,0.0,0.0,2.0,4.0,False,moderate,1,0,0,0,0,0.0,False,0,0,29,0,0,0,0.0,False,29,0,0.0,29,0,0,False,0,53,0.0,27,0,0,1.0,False,0,0,0,0,0
123,AuthorityUtils,,data/safe_contracts/openzeppelin-contracts/contracts/access/manager/AuthorityUtils.sol,,openzeppelin,False,False,False,False,False,False,False,False,False,False,False,False,False,False,True,False,False,False,False,False,False,False,True,True,False,0,0,6,1,1,0,0,3,0,30,2,1,3.0,0,9,0.3,0,0,0,0,5,1,0,0,0,4,2,0.0,0.0,6.0,8.55,False,simple,0,11,11,0,8,1.0,False,0,3,1,5,0,1,0.16666666666666666,False,0,1,5.0,5,0,1,False,1,4,1.0,1,0,0,1.0,False,0,0,0,0,0
124,IAccessManaged,,data/safe_contracts/openzeppelin-contracts/contracts/access/manager/IAccessManaged.sol,,openzeppelin,False,False,False,False,False,False,False,False,False,False,False,False,False,False,False,False,False,False,False,False,False,False,True,False,False,0,0,2,3,0,0,0,1,0,26,1,1,1.0,0,16,0.6153846153846154,0,0,0,0,2,0,0,0,0,1,1,0.0,0.0,2.0,4.0,False,simple,0,0,0,0,0,0.0,False,0,0,3,0,0,0,0.0,False,3,0,0.0,3,0,0,False,0,1,0.0,1,0,0,1.0,False,0,0,0,0,0
125,IAuthority,,data/safe_contracts/openzeppelin-contracts/contracts/access/manager/IAuthority.sol,,openzeppelin,False,False,False,False,False,False,False,False,False,False,False,False,False,False,False,False,False,False,False,False,False,False,True,False,False,0,0,2,1,0,0,0,1,0,12,1,1,1.0,0,8,0.6666666666666666,0,0,0,0,2,0,0,0,0,1,1,0.0,0.0,2.0,4.0,False,simple,0,0,0,0,0,0.0,False,0,0,1,0,0,0,0.0,False,1,0,0.0,1,0,0,False,0,3,0.0,1,0,0,1.0,False,0,0,0,0,0
143,ERC7786RecipientMock,,data/safe_contracts/openzeppelin-contracts/contracts/mocks/crosschain/ERC7786RecipientMock.sol,,openzeppelin,False,False,False,False,False,False,False,False,False,False,False,False,False,False,False,True,False,False,False,False,False,False,True,True,False,0,1,9,3,0,1,0,1,0,24,5,1,1.0,0,2,0.08333333333333333,0,0,2,0,7,3,0,1,0,5,2,0.0,0.0,14.0,25.480000000000004,False,simple,0,6,3,0,1,0.5,False,1,3,3,0,0,0,0.0,False,1,2,0.0,3,1,1,True,0,7,0.0,3,0,0,1.0,False,0,0,0,0,0
144,ERC1363NoReturnMock,,data/safe_contracts/openzeppelin-contracts/contracts/mocks/token/ERC1363NoReturnMock.sol,,openzeppelin,False,False,False,False,False,False,False,False,False,False,False,False,False,False,True,False,False,False,False,False,False,False,True,True,False,0,0,26,3,0,0,0,1,0,28,15,1,1.0,0,1,0.03571428571428571,0,0,3,0,22,4,0,0,0,4,2,0.0,0.0,26.0,161.2,True,simple,0,15,12,0,4,0.8,False,0,3,3,6,1,0,0.0,True,3,0,2.0,1,0,0,False,0,10,0.0,3,0,0,1.0,False,0,0,0,0,0
145,ERC20ApprovalMock,,data/safe_contracts/openzeppelin-contracts/contracts/mocks/token/ERC20ApprovalMock.sol,,openzeppelin,False,False,False,False,False,False,False,False,False,False,False,False,False,False,False,False,False,False,False,False,False,False,True,True,False,0,0,12,1,0,0,0,1,0,8,8,1,1.0,0,1,0.125,0,0,2,0,8,4,0,0,0,3,1,0.0,0.0,12.0,43.2,False,simple,0,2,1,0,1,0.5,False,0,1,1,1,0,0,0.0,True,0,1,1.0,0,0,0,False,0,4,0.0,1,0,0,1.0,False,0,0,0,0,0
146,ERC20ExcessDecimalsMock,,data/safe_contracts/openzeppelin-contracts/contracts/mocks/token/ERC20ExcessDecimalsMock.sol,,openzeppelin,False,False,False,False,False,False,False,False,False,False,False,False,False,False,False,False,False,False,False,False,False,False,True,False,False,0,0,2,1,0,0,0,1,0,7,1,1,1.0,0,1,0.14285714285714285,0,0,0,0,2,0,0,0,0,1,1,0.0,0.0,2.0,4.0,False,simple,0,2,1,0,1,0.5,False,1,1,1,0,0,0,0.0,False,1,0,0.0,1,0,0,False,0,0,0.0,0,0,0,1.0,False,0,0,0,0,0
147,ERC1155ReceiverMock,,data/safe_contracts/openzeppelin-contracts/contracts/mocks/token/ERC1155ReceiverMock.sol,,openzeppelin,False,False,False,False,False,False,False,False,False,False,False,False,False,False,False,False,False,False,False,False,False,False,True,True,False,0,0,8,3,0,3,0,9,0,64,4,1,6.333333333333333,0,1,0.015625,0,0,2,0,8,0,0,0,0,3,1,0.0,0.0,8.0,21.333333333333332,False,simple,0,36,41,0,6,1.1388888888888888,False,2,19,3,8,1,0,0.0,False,3,0,2.6666666666666665,5,3,1,True,0,13,0.0,3,0,0,1.0,False,0,0,0,0,0
149,ERC20MulticallMock,,data/safe_contracts/openzeppelin-contracts/contracts/mocks/token/ERC20MulticallMock.sol,,openzeppelin,False,False,False,False,False,False,False,False,False,False,False,False,False,False,True,False,False,False,False,False,False,False,True,True,False,0,0,40,0,0,0,0,0,0,5,12,1,0.0,0,1,0.2,0,0,2,0,22,18,0,0,0,4,2,0.0,0.0,40.0,346.0,True,simple,0,0,0,0,0,0.0,False,0,0,0,0,0,0,0.0,False,0,0,0.0,0,0,0,False,0,0,0.0,0,0,0,1.0,False,0,0,0,0,0
151,ERC20ForceApproveMock,,data/safe_contracts/openzeppelin-contracts/contracts/mocks/token/ERC20ForceApproveMock.sol,,openzeppelin,False,False,False,False,False,False,False,False,False,False,False,False,False,False,False,False,False,False,False,False,False,False,True,True,False,0,0,12,1,0,0,0,1,0,10,8,1,1.0,0,2,0.2,0,0,2,0,8,4,0,0,0,3,1,0.0,0.0,12.0,43.2,False,simple,0,3,2,0,2,0.6666666666666666,False,1,1,1,3,1,0,0.0,True,1,0,3.0,2,0,0,False,0,2,0.0,1,0,0,1.0,False,0,0,0,0,0
153,ERC20NoReturnMock,,data/safe_contracts/openzeppelin-contracts/contracts/mocks/token/ERC20NoReturnMock.sol,,openzeppelin,False,False,False,False,False,False,False,False,False,False,False,False,False,False,True,False,False,False,False,False,False,False,True,True,False,0,0,15,3,0,0,0,1,0,25,8,1,1.0,0,3,0.12,0,0,2,0,11,4,0,0,0,4,2,0.0,0.0,15.0,51.75,False,simple,0,15,12,0,4,0.8,False,0,3,3,6,1,0,0.0,True,3,0,2.0,1,0,0,False,0,7,0.0,3,0,0,1.0,False,0,0,0,0,0
155,ERC1363ReturnFalseMock,,data/safe_contracts/openzeppelin-contracts/contracts/mocks/token/ERC1363ReturnFalseMock.sol,,openzeppelin,False,False,False,False,False,False,False,False,False,False,False,False,False,False,True,False,False,False,False,False,False,False,True,True,False,0,0,23,3,0,0,0,1,0,26,16,1,1.0,0,1,0.038461538461538464,0,0,3,0,19,4,0,0,0,4,2,0.0,0.0,23.0,125.35,True,simple,0,6,3,0,1,0.5,False,3,3,3,0,0,0,0.0,False,3,0,0.0,3,0,0,False,0,10,0.0,3,0,0,1.0,False,0,0,0,0,0
156,ERC20BridgeableMock,,data/safe_contracts/openzeppelin-contracts/contracts/mocks/token/ERC20BridgeableMock.sol,,openzeppelin,False,False,False,False,False,False,False,False,False,False,False,False,False,False,False,False,False,False,False,False,False,False,True,True,False,0,0,16,4,0,1,0,3,0,22,12,1,1.5,0,1,0.045454545454545456,0,0,3,0,13,3,0,0,0,3,1,0.0,0.0,16.0,80.53333333333333,False,simple,0,11,8,0,2,0.7272727272727273,False,0,6,4,3,1,0,0.0,False,1,3,0.75,3,1,1,True,0,3,0.0,3,0,0,1.0,False,0,0,0,0,0
157,ERC20DecimalsMock,,data/safe_contracts/openzeppelin-contracts/contracts/mocks/token/ERC20DecimalsMock.sol,,openzeppelin,False,False,False,False,False,False,False,False,False,False,False,False,False,False,False,False,False,False,False,False,False,False,True,True,False,0,0,12,2,0,1,0,1,0,12,8,1,1.0,0,1,0.08333333333333333,0,0,2,0,8,4,0,0,0,3,1,0.0,0.0,12.0,43.2,False,simple,0,4,2,0,1,0.5,False,1,2,2,0,0,0,0.0,False,1,1,0.0,2,1,1,True,0,1,0.0,1,0,0,1.0,False,0,0,0,0,0
158,ERC1363SpenderMock,,data/safe_contracts/openzeppelin-contracts/contracts/mocks/token/ERC1363SpenderMock.sol,,openzeppelin,False,False,False,False,False,False,False,False,False,False,False,False,False,False,False,False,False,False,False,False,False,False,True,True,False,0,0,5,3,0,2,0,9,0,38,2,1,3.6666666666666665,0,1,0.02631578947368421,0,0,1,0,5,0,0,0,0,3,1,0.0,0.0,5.0,8.333333333333334,False,simple,0,22,23,0,6,1.0454545454545454,False,1,11,3,3,1,0,0.0,False,3,0,1.0,5,2,1,True,0,5,0.0,2,0,0,1.0,False,0,0,0,0,0
160,ERC20Mock,,data/safe_contracts/openzeppelin-contracts/contracts/mocks/token/ERC20Mock.sol,,openzeppelin,False,False,False,False,False,False,False,False,False,False,False,False,False,False,False,False,False,False,False,False,False,False,True,True,False,0,0,10,3,0,0,0,1,0,12,8,1,1.0,0,1,0.08333333333333333,0,0,2,0,8,2,0,0,0,3,1,0.0,0.0,10.0,31.333333333333336,False,simple,0,6,3,0,1,0.5,False,0,3,3,3,1,0,0.0,True,3,0,1.0,2,0,0,False,0,4,0.0,2,0,0,1.0,False,0,0,0,0,0
161,ERC721ReceiverMock,,data/safe_contracts/openzeppelin-contracts/contracts/mocks/token/ERC721ReceiverMock.sol,,openzeppelin,False,False,False,False,False,False,False,False,False,False,False,False,False,False,False,False,False,False,False,False,False,False,True,True,False,0,0,5,2,0,2,0,9,0,39,2,1,5.0,0,1,0.02564102564102564,0,0,1,0,5,0,0,0,0,3,1,0.0,0.0,5.0,8.333333333333334,False,simple,0,19,21,0,6,1.105263157894737,False,1,10,2,4,1,0,0.0,False,2,0,2.0,5,2,1,True,0,6,0.0,2,0,0,1.0,False,0,0,0,0,0
164,ERC1363ForceApproveMock,,data/safe_contracts/openzeppelin-contracts/contracts/mocks/token/ERC1363ForceApproveMock.sol,,openzeppelin,False,False,False,False,False,False,False,False,False,False,False,False,False,False,True,False,False,False,False,False,False,False,True,True,False,0,0,23,1,0,0,0,1,0,10,15,1,1.0,0,2,0.2,0,0,3,0,19,4,0,0,0,4,2,0.0,0.0,23.0,125.35,True,simple,0,3,2,0,2,0.6666666666666666,False,1,1,1,3,1,0,0.0,True,1,0,3.0,2,0,0,False,0,3,0.0,1,0,0,1.0,False,0,0,0,0,0
166,ERC20Reentrant,,data/safe_contracts/openzeppelin-contracts/contracts/mocks/token/ERC20Reentrant.sol,,openzeppelin,False,False,False,False,False,False,False,False,False,False,False,False,False,False,True,False,False,False,False,False,False,False,True,True,False,0,0,39,3,1,3,0,5,0,33,11,1,2.3333333333333335,0,1,0.030303030303030304,0,1,2,0,21,18,0,0,0,5,2,0.0,0.0,39.0,262.08,True,simple,0,16,15,0,6,0.9375,False,1,7,3,2,0,1,0.3333333333333333,True,2,1,0.6666666666666666,2,3,3,True,1,8,3.0,3,0,0,1.0,False,0,0,0,0,0
167,ERC1363ReceiverMock,,data/safe_contracts/openzeppelin-contracts/contracts/mocks/token/ERC1363ReceiverMock.sol,,openzeppelin,False,False,False,False,False,False,False,False,False,False,False,False,False,False,False,False,False,False,False,False,False,False,True,True,False,0,0,5,3,0,2,0,9,0,43,2,1,3.6666666666666665,0,1,0.023255813953488372,0,0,1,0,5,0,0,0,0,3,1,0.0,0.0,5.0,8.333333333333334,False,simple,0,22,23,0,6,1.0454545454545454,False,1,11,3,3,1,0,0.0,False,3,0,1.0,5,2,1,True,0,6,0.0,2,0,0,1.0,False,0,0,0,0,0
169,ERC20FlashMintMock,,data/safe_contracts/openzeppelin-contracts/contracts/mocks/token/ERC20FlashMintMock.sol,,openzeppelin,False,False,False,False,False,True,True,False,False,False,False,False,False,False,False,False,False,False,False,False,False,False,True,True,False,0,0,18,4,0,2,0,1,0,19,11,1,1.0,0,1,0.05263157894736842,0,0,2,0,11,7,0,0,0,6,2,0.0,0.0,18.0,47.7,False,simple,0,8,4,0,1,0.5,False,2,4,4,0,0,0,0.0,False,2,2,0.0,4,2,2,True,0,4,0.0,3,0,0,1.0,False,0,0,0,0,0
171,ERC20ReturnFalseMock,,data/safe_contracts/openzeppelin-contracts/contracts/mocks/token/ERC20ReturnFalseMock.sol,,openzeppelin,False,False,False,False,False,False,False,False,False,False,False,False,False,False,False,False,False,False,False,False,False,False,True,True,False,0,0,18,3,0,0,0,1,0,14,8,1,1.0,0,1,0.07142857142857142,0,0,2,0,8,10,0,0,0,3,1,0.0,0.0,18.0,90.0,False,simple,0,6,3,0,1,0.5,False,3,3,3,0,0,0,0.0,False,3,0,0.0,3,0,0,False,0,7,0.0,3,0,0,1.0,False,0,0,0,0,0
172,ERC20GetterHelper,,data/safe_contracts/openzeppelin-contracts/contracts/mocks/token/ERC20GetterHelper.sol,,openzeppelin,False,False,False,False,False,False,False,False,False,False,False,False,False,False,False,False,False,False,False,False,False,False,True,True,False,0,0,5,6,6,0,0,1,0,30,3,1,1.0,0,1,0.03333333333333333,0,0,0,0,5,0,0,0,0,2,1,0.0,0.0,5.0,12.5,False,simple,0,12,6,0,1,0.5,False,0,6,6,0,0,6,1.0,False,6,0,0.0,6,0,6,False,0,9,0.0,6,0,0,1.0,False,0,0,0,0,0
173,UUPSUpgradeableMock,,data/safe_contracts/openzeppelin-contracts/contracts/mocks/proxy/UUPSUpgradeableMock.sol,,openzeppelin,False,False,False,False,False,False,False,False,False,False,False,False,False,False,True,False,False,False,False,False,False,True,True,True,False,0,2,65,2,0,0,0,1,0,27,13,1,1.0,0,2,0.07407407407407407,0,0,2,0,33,34,0,2,0,7,3,0.0,0.0,75.0,608.5714285714286,True,simple,0,2,0,0,0,0.0,False,0,2,2,0,0,0,0.0,False,0,2,0.0,2,0,0,False,0,1,0.0,1,0,0,1.0,False,0,0,0,0,0
174,BadBeacon,,data/safe_contracts/openzeppelin-contracts/contracts/mocks/proxy/BadBeacon.sol,,openzeppelin,False,False,False,False,False,False,False,False,False,False,False,False,False,False,False,False,False,False,False,False,False,False,True,False,False,0,0,2,0,0,0,0,0,0,8,2,1,0.0,0,1,0.125,0,0,0,0,2,0,0,0,0,1,1,0.0,0.0,2.0,4.0,False,simple,0,0,0,0,0,0.0,False,0,0,0,0,0,0,0.0,False,0,0,0.0,0,0,0,False,0,0,0.0,0,0,0,1.0,False,0,0,0,0,0
175,ClashingImplementation,,data/safe_contracts/openzeppelin-contracts/contracts/mocks/proxy/ClashingImplementation.sol,,openzeppelin,False,False,False,False,False,False,False,False,False,False,False,False,False,False,False,True,False,False,False,False,False,False,True,False,False,0,1,2,2,0,0,0,1,0,15,1,1,1.0,0,5,0.3333333333333333,1,0,0,0,3,0,0,1,0,2,2,0.0,0.0,7.0,10.5,False,simple,0,4,2,0,1,0.5,False,1,2,2,0,0,0,0.0,False,2,0,0.0,2,0,0,False,0,2,0.0,1,0,0,1.0,False,0,0,0,0,0
176,ERC1967ProxyUnsafe,,data/safe_contracts/openzeppelin-contracts/contracts/mocks/proxy/ERC1967ProxyUnsafe.sol,,openzeppelin,False,False,False,False,False,False,False,False,False,False,False,False,False,False,True,False,False,False,False,False,False,True,True,True,False,0,2,61,2,0,0,0,1,0,9,10,1,1.0,0,1,0.1111111111111111,1,0,2,0,32,31,0,2,0,5,3,0.0,0.0,71.0,762.54,True,simple,0,4,2,0,1,0.5,False,1,2,2,1,0,0,0.0,True,1,1,0.5,1,0,0,False,0,2,0.0,1,0,0,1.0,False,0,0,0,0,0
177,CompTimelock,,data/safe_contracts/openzeppelin-contracts/contracts/mocks/compound/CompTimelock.sol,,openzeppelin,False,False,True,True,False,False,True,False,False,False,False,False,False,False,False,False,False,False,False,False,False,False,True,False,False,0,0,9,10,5,7,0,3,1,145,1,1,1.2,0,27,0.18620689655172415,2,0,0,0,3,6,0,0,0,5,4,0.0,0.0,9.0,12.96,True,moderate,1,56,47,0,16,0.8392857142857143,False,3,12,10,16,1,5,0.23809523809523808,False,8,2,1.6,7,7,6,True,1,19,6.0,6,0,1,1.0,False,0,1,0,0,0
178,ERC20WithAutoMinerReward,,data/safe_contracts/openzeppelin-contracts/contracts/mocks/docs/ERC20WithAutoMinerReward.sol,,openzeppelin,False,False,False,False,False,False,False,False,False,False,False,False,False,False,False,False,False,False,False,False,False,False,True,True,False,0,0,11,3,0,0,0,3,0,17,8,1,1.6666666666666667,0,1,0.058823529411764705,0,0,2,0,8,3,0,0,0,3,1,0.0,0.0,11.0,37.03333333333333,False,simple,0,10,8,0,3,0.8,False,0,5,3,5,2,0,0.0,True,1,2,1.6666666666666667,1,0,0,False,0,3,0.0,1,0,0,1.0,False,0,0,0,0,0
183,ERC7579UtilsMock,,data/safe_contracts/openzeppelin-contracts/contracts/mocks/account/utils/ERC7579UtilsMock.sol,,openzeppelin,False,False,False,True,False,False,True,False,False,False,False,False,False,False,True,False,False,False,False,False,False,True,True,True,False,0,1,704,15,32,5,0,7,4,17,19,1,2.2666666666666666,0,1,0.058823529411764705,0,8,0,0,447,258,0,1,0,9,5,0.0,0.0,709.0,49440.933333333334,True,moderate,1,88,82,1,13,0.9318181818181818,False,8,34,15,14,0,32,0.6956521739130435,False,0,15,0.9333333333333333,10,5,11,False,14,33,0.7857142857142857,14,0,0,1.0,False,0,0,0,0,0
189,MyFactoryAccount,,data/safe_contracts/openzeppelin-contracts/contracts/mocks/docs/account/MyFactoryAccount.sol,,openzeppelin,False,False,False,False,False,False,False,False,False,False,False,False,False,False,True,False,False,False,False,False,False,True,True,False,False,0,2,53,3,3,1,0,3,0,30,6,1,1.6666666666666667,0,7,0.23333333333333334,0,3,0,0,24,31,0,2,0,5,3,0.0,0.0,63.0,575.8199999999999,True,simple,0,12,10,0,4,0.8333333333333334,False,2,5,3,6,1,3,0.3333333333333333,False,3,0,2.0,3,1,3,True,3,3,1.0,3,0,0,1.0,False,0,0,0,0,0
190,MyAccountEIP7702,,data/safe_contracts/openzeppelin-contracts/contracts/mocks/docs/account/MyAccountEIP7702.sol,,openzeppelin,False,False,True,True,False,False,True,False,False,False,False,False,False,False,True,False,False,False,False,False,True,True,True,True,False,1,14,865,1,0,0,0,1,0,18,37,1,1.0,0,3,0.16666666666666666,0,0,3,0,485,395,0,15,0,14,6,0.0,0.0,945.0,51401.25,True,simple,0,2,1,0,1,0.5,False,1,1,1,2,0,0,0.0,True,0,1,2.0,1,0,0,False,0,3,0.0,1,0,0,1.0,False,0,0,0,0,0
191,AccessManagedERC20MintBase,,data/safe_contracts/openzeppelin-contracts/contracts/mocks/docs/access-control/AccessManagedERC20MintBase.sol,,openzeppelin,False,False,False,False,False,True,True,False,False,False,False,False,False,False,True,False,False,False,False,False,False,False,True,True,False,0,0,19,6,2,2,1,5,0,13,13,1,2.5,0,4,0.3076923076923077,0,1,1,0,14,5,0,0,0,6,3,0.0,0.0,19.0,55.41666666666666,True,simple,0,32,30,0,8,0.9375,False,3,15,6,9,1,2,0.18181818181818182,False,3,3,1.5,7,2,2,True,2,5,1.0,4,0,0,1.0,False,0,0,0,0,0
192,AccessControlERC20MintMissing,,data/safe_contracts/openzeppelin-contracts/contracts/mocks/docs/access-control/AccessControlERC20MintMissing.sol,,openzeppelin,False,False,False,False,False,False,False,False,False,False,False,False,False,False,False,False,False,False,False,False,False,False,True,True,False,0,0,15,4,0,2,0,1,0,19,12,1,1.0,0,3,0.15789473684210525,0,0,3,0,12,3,0,0,0,3,1,0.0,0.0,15.0,70.5,False,simple,0,12,8,0,2,0.6666666666666666,False,0,4,4,7,1,0,0.0,True,3,1,1.75,5,2,0,True,0,4,0.0,2,0,0,1.0,False,0,0,0,0,0
193,AccessControlERC20MintBase,,data/safe_contracts/openzeppelin-contracts/contracts/mocks/docs/access-control/AccessControlERC20MintBase.sol,,openzeppelin,False,False,False,False,False,False,False,False,False,False,False,False,False,False,False,False,False,False,False,False,False,False,True,True,False,0,0,16,3,0,1,0,3,0,20,12,1,1.6666666666666667,0,4,0.2,0,0,3,0,12,4,0,0,0,3,1,0.0,0.0,16.0,78.93333333333334,False,simple,0,10,8,0,3,0.8,False,0,5,3,6,1,0,0.0,True,2,1,2.0,5,1,0,True,0,3,0.0,2,0,0,1.0,False,0,0,0,0,0
194,AccessControlERC20MintOnlyRole,,data/safe_contracts/openzeppelin-contracts/contracts/mocks/docs/access-control/AccessControlERC20MintOnlyRole.sol,,openzeppelin,False,False,False,False,False,False,False,False,False,False,False,False,False,False,False,False,False,False,False,False,False,False,True,True,False,0,0,15,12,0,2,1,3,0,18,12,1,1.5,0,1,0.05555555555555555,0,0,2,0,12,3,0,0,0,3,1,0.0,0.0,15.0,70.5,False,moderate,1,42,32,0,4,0.7619047619047619,False,7,18,12,20,2,0,0.0,True,6,6,1.6666666666666667,8,2,3,True,0,19,0.0,11,0,0,1.0,False,0,0,0,0,0
195,AccessControlModified,,data/safe_contracts/openzeppelin-contracts/contracts/mocks/docs/access-control/AccessControlModified.sol,,openzeppelin,False,False,False,False,False,False,False,False,False,False,False,False,False,False,False,False,False,False,False,False,False,False,True,True,False,0,0,11,2,0,0,0,1,0,11,6,1,1.0,0,3,0.2727272727272727,0,0,3,0,8,3,0,0,0,3,1,0.0,0.0,11.0,37.03333333333333,False,simple,0,3,1,0,1,0.3333333333333333,False,0,2,2,1,1,0,0.0,False,1,1,0.5,2,0,0,False,0,2,0.0,1,0,0,1.0,False,0,0,0,0,0
196,MyContractOwnable,,data/safe_contracts/openzeppelin-contracts/contracts/mocks/docs/access-control/MyContractOwnable.sol,,openzeppelin,False,False,False,False,False,False,False,False,False,False,False,False,False,False,False,False,False,False,False,False,False,False,True,False,False,0,0,6,6,0,1,1,3,0,12,3,1,2.0,0,3,0.25,0,0,1,0,4,2,0,0,0,2,1,0.0,0.0,6.0,16.2,False,simple,0,24,21,0,4,0.875,False,1,12,6,10,1,0,0.0,False,3,3,1.6666666666666667,6,1,1,True,0,3,0.0,3,0,0,1.0,False,0,0,0,0,0
198,Multicall,,data/safe_contracts/openzeppelin-contracts/contracts/mocks/docs/utilities/Multicall.sol,,openzeppelin,False,False,False,False,False,False,False,False,False,False,False,False,False,False,True,False,False,False,False,False,False,False,True,False,False,0,0,33,1,4,0,0,6,0,12,6,1,6.0,0,4,0.3333333333333333,0,1,1,0,17,16,0,0,0,3,2,0.0,0.0,33.0,310.2,True,simple,0,13,14,1,9,1.0769230769230769,False,1,6,1,2,1,4,0.6666666666666666,False,1,0,2.0,2,0,1,False,1,1,1.0,1,0,0,1.0,False,0,0,0,0,0
199,ERC6909GameItems,,data/safe_contracts/openzeppelin-contracts/contracts/mocks/docs/token/ERC6909/ERC6909GameItems.sol,,openzeppelin,False,False,False,False,False,False,False,False,False,False,False,False,False,False,False,False,False,False,False,False,False,False,True,True,False,0,0,14,2,0,5,0,1,0,22,10,1,1.0,0,2,0.09090909090909091,0,0,4,0,9,5,0,0,0,3,1,0.0,0.0,14.0,58.333333333333336,False,simple,0,15,13,0,9,0.8666666666666667,False,0,2,2,2,1,0,0.0,False,1,1,1.0,3,5,0,True,0,0,0.0,0,0,0,1.0,False,0,0,0,0,0
201,GLDToken,,data/safe_contracts/openzeppelin-contracts/contracts/mocks/docs/token/ERC20/GLDToken.sol,,openzeppelin,False,False,False,False,False,False,False,False,False,False,False,False,False,False,False,False,False,False,False,False,False,False,True,True,False,0,0,11,1,0,0,0,1,0,9,8,1,1.0,0,2,0.2222222222222222,0,0,2,0,8,3,0,0,0,3,1,0.0,0.0,11.0,37.03333333333333,False,simple,0,3,2,0,2,0.6666666666666666,False,0,1,1,2,1,0,0.0,True,1,0,2.0,1,0,0,False,0,1,0.0,1,0,0,1.0,False,0,0,0,0,0
203,MyERC115HolderContract,,data/safe_contracts/openzeppelin-contracts/contracts/mocks/docs/token/ERC1155/MyERC115HolderContract.sol,,openzeppelin,False,False,False,False,False,False,False,False,False,False,False,False,False,False,False,False,False,False,False,False,False,False,True,True,False,0,0,7,0,0,0,0,0,0,5,5,1,0.0,0,2,0.4,0,0,3,0,7,0,0,0,0,2,1,0.0,0.0,7.0,24.5,False,simple,0,0,0,0,0,0.0,False,0,0,0,0,0,0,0.0,False,0,0,0.0,0,0,0,False,0,0,0.0,0,0,0,1.0,False,0,0,0,0,0
206,IVotes,,data/safe_contracts/openzeppelin-contracts/contracts/governance/utils/IVotes.sol,,openzeppelin,False,False,False,False,False,False,False,False,False,False,False,False,False,False,False,False,False,False,False,False,False,False,True,False,False,0,0,2,6,0,0,0,1,0,50,1,1,1.0,0,38,0.76,0,0,0,0,2,0,0,0,0,1,1,0.0,0.0,2.0,4.0,False,simple,0,0,0,0,0,0.0,False,0,0,6,0,0,0,0.0,False,6,0,0.0,6,0,0,False,0,12,0.0,6,0,0,1.0,False,0,0,0,0,0
223,EIP7702Utils,,data/safe_contracts/openzeppelin-contracts/contracts/account/utils/EIP7702Utils.sol,,openzeppelin,False,False,False,False,False,False,False,False,False,False,False,False,False,False,False,False,False,False,False,False,False,False,True,False,False,0,0,3,2,0,1,0,2,0,18,1,1,1.5,0,10,0.5555555555555556,0,0,0,0,2,1,0,0,0,2,1,0.0,0.0,3.0,4.05,False,simple,0,6,4,0,3,0.6666666666666666,False,2,3,2,1,0,0,0.0,False,0,2,0.5,2,1,0,True,0,1,0.0,1,0,0,1.0,False,0,0,0,0,0
227,ERC6909,,data/safe_contracts/openzeppelin-contracts/contracts/token/ERC6909/ERC6909.sol,,openzeppelin,False,False,False,False,False,False,False,False,False,False,False,False,False,False,False,False,False,False,False,False,False,False,True,True,False,0,0,11,15,0,3,0,7,0,201,8,1,2.8666666666666667,0,81,0.40298507462686567,0,0,2,0,7,4,0,0,0,3,1,0.0,0.0,11.0,35.93333333333333,False,moderate,1,81,80,0,6,0.9876543209876543,False,8,43,15,27,3,0,0.0,True,8,7,1.8,11,3,4,True,0,45,0.0,15,0,0,1.0,False,0,0,0,0,0
229,IERC721,,data/safe_contracts/openzeppelin-contracts/contracts/token/ERC721/IERC721.sol,,openzeppelin,False,False,False,False,False,False,False,False,False,False,False,False,False,False,False,False,False,False,False,False,False,False,True,True,False,0,0,4,9,0,0,0,1,0,121,2,1,1.0,0,105,0.8677685950413223,0,0,1,0,4,0,0,0,0,2,1,0.0,0.0,4.0,8.0,False,simple,0,0,0,0,0,0.0,False,0,0,9,0,0,0,0.0,False,9,0,0.0,8,0,0,False,0,19,0.0,9,0,0,1.0,False,0,0,0,0,0
230,IERC721Receiver,,data/safe_contracts/openzeppelin-contracts/contracts/token/ERC721/IERC721Receiver.sol,,openzeppelin,False,False,False,False,False,False,False,False,False,False,False,False,False,False,False,False,False,False,False,False,False,False,True,False,False,0,0,2,1,0,0,0,1,0,26,1,1,1.0,0,17,0.6538461538461539,0,0,0,0,2,0,0,0,0,1,1,0.0,0.0,2.0,4.0,False,simple,0,0,0,0,0,0.0,False,0,0,1,0,0,0,0.0,False,1,0,0.0,1,0,0,False,0,4,0.0,1,0,0,1.0,False,0,0,0,0,0
231,IERC20,,data/safe_contracts/openzeppelin-contracts/contracts/token/ERC20/IERC20.sol,,openzeppelin,False,False,False,False,False,False,False,False,False,False,False,False,False,False,False,False,False,False,False,False,False,False,True,False,False,0,0,2,6,0,0,0,1,0,70,1,1,1.0,0,59,0.8428571428571429,0,0,0,0,2,0,0,0,0,1,1,0.0,0.0,2.0,4.0,False,simple,0,0,0,0,0,0.0,False,0,0,6,0,0,0,0.0,False,6,0,0.0,6,0,0,False,0,10,0.0,5,0,0,1.0,False,0,0,0,0,0
232,ERC20,,data/safe_contracts/openzeppelin-contracts/contracts/token/ERC20/ERC20.sol,,openzeppelin,False,False,False,False,False,False,False,False,False,False,False,False,False,False,False,False,False,False,False,False,False,False,True,True,False,0,0,11,17,0,5,0,7,0,280,7,1,2.411764705882353,0,160,0.5714285714285714,0,0,1,0,7,4,0,0,0,3,1,0.0,0.0,11.0,35.93333333333333,False,moderate,1,81,76,0,7,0.9382716049382716,False,9,41,17,21,3,0,0.0,True,9,8,1.2352941176470589,14,5,3,True,0,32,0.0,13,0,0,1.0,False,0,0,0,0,0
233,IERC1155,,data/safe_contracts/openzeppelin-contracts/contracts/token/ERC1155/IERC1155.sol,,openzeppelin,False,False,False,False,False,False,False,False,False,False,False,False,False,False,False,False,False,False,False,False,False,False,True,True,False,0,0,4,6,0,0,0,1,0,111,2,1,1.0,0,82,0.7387387387387387,0,0,1,0,4,0,0,0,0,2,1,0.0,0.0,4.0,8.0,False,simple,0,0,0,0,0,0.0,False,0,0,6,0,0,0,0.0,False,6,0,0.0,6,0,0,False,0,18,0.0,6,0,0,1.0,False,0,0,0,0,0
235,IERC1155Receiver,,data/safe_contracts/openzeppelin-contracts/contracts/token/ERC1155/IERC1155Receiver.sol,,openzeppelin,False,False,False,False,False,False,False,False,False,False,False,False,False,False,False,False,False,False,False,False,False,False,True,True,False,0,0,4,2,0,0,0,1,0,55,2,1,1.0,0,37,0.6727272727272727,0,0,1,0,4,0,0,0,0,2,1,0.0,0.0,4.0,8.0,False,simple,0,0,0,0,0,0.0,False,0,0,2,0,0,0,0.0,False,2,0,0.0,2,0,0,False,0,10,0.0,2,0,0,1.0,False,0,0,0,0,0
236,ERC2981,,data/safe_contracts/openzeppelin-contracts/contracts/token/common/ERC2981.sol,,openzeppelin,False,False,False,False,False,False,False,False,False,False,False,False,False,False,False,False,False,False,False,False,False,False,True,True,False,0,0,10,7,0,2,0,5,0,119,4,1,2.4285714285714284,0,58,0.48739495798319327,0,0,2,0,6,4,0,0,0,3,1,0.0,0.0,10.0,29.333333333333336,False,simple,0,36,34,0,7,0.9444444444444444,False,3,17,7,9,1,0,0.0,True,2,5,1.2857142857142858,8,2,3,True,0,9,0.0,5,0,0,1.0,False,0,0,0,0,0
237,ERC6909TokenSupply,,data/safe_contracts/openzeppelin-contracts/contracts/token/ERC6909/extensions/ERC6909TokenSupply.sol,,openzeppelin,False,False,False,False,False,False,False,False,False,False,False,False,False,False,False,False,False,False,False,False,False,False,True,True,False,0,0,12,2,0,1,0,5,0,29,9,1,3.0,0,9,0.3103448275862069,0,0,3,0,8,4,0,0,0,3,1,0.0,0.0,12.0,43.2,False,simple,0,10,10,0,5,1.0,False,1,6,2,1,0,0,0.0,True,1,1,0.5,1,1,1,True,0,5,0.0,2,0,0,1.0,False,0,0,0,0,0
238,ERC6909Metadata,,data/safe_contracts/openzeppelin-contracts/contracts/token/ERC6909/extensions/ERC6909Metadata.sol,,openzeppelin,False,False,False,False,False,False,False,False,False,False,False,False,False,False,False,False,False,False,False,False,False,False,True,True,False,0,0,15,6,0,1,0,1,0,61,9,1,1.0,0,26,0.4262295081967213,0,0,3,0,8,7,0,0,0,3,1,0.0,0.0,15.0,64.5,False,simple,0,15,9,0,2,0.6,False,3,6,6,0,0,0,0.0,False,3,3,0.0,6,1,3,True,0,9,0.0,6,0,0,1.0,False,0,0,0,0,0
239,ERC6909ContentURI,,data/safe_contracts/openzeppelin-contracts/contracts/token/ERC6909/extensions/ERC6909ContentURI.sol,,openzeppelin,False,False,False,False,False,False,False,False,False,False,False,False,False,False,False,False,False,False,False,False,False,False,True,True,False,0,0,14,4,0,2,0,1,0,42,9,1,1.0,0,19,0.4523809523809524,0,0,3,0,8,6,0,0,0,3,1,0.0,0.0,14.0,56.93333333333334,False,simple,0,10,6,0,2,0.6,False,2,4,4,0,0,0,0.0,False,2,2,0.0,4,2,2,True,0,4,0.0,3,0,0,1.0,False,0,0,0,0,0
240,ERC721Utils,,data/safe_contracts/openzeppelin-contracts/contracts/token/ERC721/utils/ERC721Utils.sol,,openzeppelin,False,False,False,False,False,False,False,False,False,False,False,False,False,False,True,False,False,False,False,False,False,False,True,True,False,0,0,7,1,3,0,0,7,0,47,5,1,7.0,0,19,0.40425531914893614,0,0,0,0,6,1,0,0,0,4,2,0.0,0.0,7.0,11.725,False,simple,0,15,19,0,7,1.2666666666666666,False,0,7,1,4,0,3,0.42857142857142855,False,0,1,4.0,4,0,1,False,0,5,0.0,1,0,0,1.0,False,0,0,0,0,0
241,ERC721Holder,,data/safe_contracts/openzeppelin-contracts/contracts/token/ERC721/utils/ERC721Holder.sol,,openzeppelin,False,False,False,False,False,False,False,False,False,False,False,False,False,False,False,False,False,False,False,False,False,False,True,True,False,0,0,4,1,0,0,0,1,0,23,2,1,1.0,0,16,0.6956521739130435,0,0,1,0,4,0,0,0,0,2,1,0.0,0.0,4.0,8.0,False,simple,0,2,1,0,1,0.5,False,1,1,1,0,0,0,0.0,False,1,0,0.0,1,0,0,False,0,4,0.0,1,0,0,1.0,False,0,0,0,0,0
242,IERC721Enumerable,,data/safe_contracts/openzeppelin-contracts/contracts/token/ERC721/extensions/IERC721Enumerable.sol,,openzeppelin,False,False,False,False,False,False,False,False,False,False,False,False,False,False,False,False,False,False,False,False,False,False,True,True,False,0,0,5,3,0,0,0,1,0,24,3,1,1.0,0,17,0.7083333333333334,0,0,2,0,5,0,0,0,0,2,1,0.0,0.0,5.0,12.5,False,simple,0,0,0,0,0,0.0,False,0,0,3,0,0,0,0.0,False,3,0,0.0,3,0,0,False,0,3,0.0,2,0,0,1.0,False,0,0,0,0,0
247,IERC721Metadata,,data/safe_contracts/openzeppelin-contracts/contracts/token/ERC721/extensions/IERC721Metadata.sol,,openzeppelin,False,False,False,False,False,False,False,False,False,False,False,False,False,False,False,False,False,False,False,False,False,False,True,True,False,0,0,5,3,0,0,0,1,0,22,3,1,1.0,0,15,0.6818181818181818,0,0,2,0,5,0,0,0,0,2,1,0.0,0.0,5.0,12.5,False,simple,0,0,0,0,0,0.0,False,0,0,3,0,0,0,0.0,False,3,0,0.0,3,0,0,False,0,1,0.0,1,0,0,1.0,False,0,0,0,0,0
252,SafeERC20,,data/safe_contracts/openzeppelin-contracts/contracts/token/ERC20/utils/SafeERC20.sol,,openzeppelin,False,False,False,False,False,False,False,False,False,False,False,False,False,False,True,False,False,False,False,False,False,False,True,True,False,0,0,24,13,5,0,0,7,0,260,4,1,3.769230769230769,0,129,0.49615384615384617,0,0,0,0,11,13,0,0,0,4,2,0.0,0.0,24.0,120.6,True,moderate,1,107,112,0,14,1.0467289719626167,False,2,49,13,41,0,5,0.10869565217391304,False,0,13,3.1538461538461537,10,0,5,False,3,49,1.6666666666666667,13,0,0,1.0,False,0,0,0,0,0
253,ERC1363Utils,,data/safe_contracts/openzeppelin-contracts/contracts/token/ERC20/utils/ERC1363Utils.sol,,openzeppelin,False,False,False,False,False,False,False,False,False,False,False,False,False,False,True,False,False,False,False,False,False,False,True,True,False,0,0,9,2,2,0,0,7,0,87,3,1,7.0,0,33,0.3793103448275862,0,0,0,0,7,2,0,0,0,4,2,0.0,0.0,9.0,18.9,False,simple,0,32,36,0,8,1.125,False,0,14,2,8,0,2,0.2,False,0,2,4.0,5,0,2,False,1,9,2.0,2,0,0,1.0,False,0,0,0,0,0
255,ERC20Capped,,data/safe_contracts/openzeppelin-contracts/contracts/token/ERC20/extensions/ERC20Capped.sol,,openzeppelin,False,False,False,False,False,False,False,False,False,False,False,False,False,False,False,False,False,False,False,False,False,False,True,True,False,0,0,12,3,0,1,0,5,0,45,8,1,3.0,0,19,0.4222222222222222,0,0,2,0,8,4,0,0,0,3,1,0.0,0.0,12.0,43.2,False,simple,0,16,16,0,6,1.0,False,1,9,3,5,0,0,0.0,True,1,2,1.6666666666666667,4,1,1,True,0,4,0.0,2,0,0,1.0,False,0,0,0,0,0
256,ERC20Wrapper,,data/safe_contracts/openzeppelin-contracts/contracts/token/ERC20/extensions/ERC20Wrapper.sol,,openzeppelin,False,False,False,False,False,False,False,False,False,False,False,False,False,False,True,False,False,False,False,False,False,False,True,True,False,0,0,28,6,4,1,0,5,0,79,11,1,2.3333333333333335,0,31,0.3924050632911392,0,2,2,0,16,12,0,0,0,4,2,0.0,0.0,28.0,170.8,True,simple,0,35,33,0,8,0.9428571428571428,False,6,14,6,11,1,4,0.26666666666666666,True,4,2,1.8333333333333333,8,1,4,True,2,6,2.0,4,0,0,1.0,False,0,0,0,0,0
257,ERC20Burnable,,data/safe_contracts/openzeppelin-contracts/contracts/token/ERC20/extensions/ERC20Burnable.sol,,openzeppelin,False,False,False,False,False,False,False,False,False,False,False,False,False,False,False,False,False,False,False,False,False,False,True,True,False,0,0,11,2,0,0,0,1,0,35,8,1,1.0,0,23,0.6571428571428571,0,0,2,0,8,3,0,0,0,3,1,0.0,0.0,11.0,37.03333333333333,False,simple,0,5,3,0,2,0.6,False,0,2,2,5,1,0,0.0,False,2,0,2.5,3,0,0,False,0,3,0.0,2,0,0,1.0,False,0,0,0,0,0
260,IERC20Metadata,,data/safe_contracts/openzeppelin-contracts/contracts/token/ERC20/extensions/IERC20Metadata.sol,,openzeppelin,False,False,False,False,False,False,False,False,False,False,False,False,False,False,False,False,False,False,False,False,False,False,True,True,False,0,0,4,3,0,0,0,1,0,21,2,1,1.0,0,14,0.6666666666666666,0,0,1,0,4,0,0,0,0,2,1,0.0,0.0,4.0,8.0,False,simple,0,0,0,0,0,0.0,False,0,0,3,0,0,0,0.0,False,3,0,0.0,3,0,0,False,0,0,0.0,0,0,0,1.0,False,0,0,0,0,0
262,ERC20FlashMint,,data/safe_contracts/openzeppelin-contracts/contracts/token/ERC20/extensions/ERC20FlashMint.sol,,openzeppelin,False,False,False,False,False,True,True,False,False,False,False,False,False,False,False,False,False,False,False,False,False,False,True,True,False,0,0,14,6,1,1,0,7,0,119,10,1,2.5,0,70,0.5882352941176471,0,0,1,0,10,4,0,0,0,5,2,0.0,0.0,14.0,35.839999999999996,False,moderate,1,32,30,0,13,0.9375,False,6,15,6,14,2,1,0.06666666666666667,False,3,3,2.3333333333333335,12,1,1,True,1,9,1.0,4,0,0,1.0,False,0,0,0,0,0
263,ERC1363,,data/safe_contracts/openzeppelin-contracts/contracts/token/ERC20/extensions/ERC1363.sol,,openzeppelin,False,False,False,False,False,False,False,False,False,False,False,False,False,False,True,False,False,False,False,False,False,False,True,True,False,0,0,22,7,3,0,0,3,0,123,14,1,1.8571428571428572,0,75,0.6097560975609756,0,3,2,0,18,4,0,0,0,4,2,0.0,0.0,22.0,114.4,True,simple,0,26,22,0,4,0.8461538461538461,False,7,13,7,14,1,3,0.17647058823529413,True,7,0,2.0,8,0,3,False,3,18,1.0,7,0,0,1.0,False,0,0,0,0,0
264,IERC20Permit,,data/safe_contracts/openzeppelin-contracts/contracts/token/ERC20/extensions/IERC20Permit.sol,,openzeppelin,False,False,False,False,False,False,False,False,False,False,False,False,False,False,False,False,False,False,False,False,False,False,True,False,False,0,0,3,3,0,0,0,1,0,86,1,1,1.0,0,72,0.8372093023255814,0,0,0,0,3,0,0,0,0,2,1,0.0,0.0,3.0,4.5,False,simple,0,0,0,0,0,0.0,False,0,0,3,0,0,0,0.0,False,3,0,0.0,3,0,0,False,0,8,0.0,2,0,0,1.0,False,0,0,0,0,0
265,ERC20Pausable,,data/safe_contracts/openzeppelin-contracts/contracts/token/ERC20/extensions/ERC20Pausable.sol,,openzeppelin,False,False,False,False,False,False,False,False,False,False,False,False,False,False,False,False,False,False,False,False,False,False,True,True,False,0,0,16,1,0,0,0,1,0,30,9,1,1.0,0,22,0.7333333333333333,0,0,2,0,9,7,0,0,0,3,1,0.0,0.0,16.0,74.13333333333333,False,simple,0,3,2,0,2,0.6666666666666666,False,0,1,1,2,0,0,0.0,True,0,1,2.0,1,0,0,False,0,3,0.0,1,0,0,1.0,False,0,0,0,0,0
266,ERC1155Utils,,data/safe_contracts/openzeppelin-contracts/contracts/token/ERC1155/utils/ERC1155Utils.sol,,openzeppelin,False,False,False,False,False,False,False,False,False,False,False,False,False,False,True,False,False,False,False,False,False,False,True,True,False,0,0,10,2,6,0,0,7,0,84,6,1,7.0,0,29,0.34523809523809523,0,0,0,0,8,2,0,0,0,4,2,0.0,0.0,10.0,23.5,False,simple,0,30,38,0,7,1.2666666666666666,False,0,14,2,8,0,6,0.42857142857142855,False,0,2,4.0,4,0,2,False,0,12,0.0,2,0,0,1.0,False,0,0,0,0,0
267,ERC1155Holder,,data/safe_contracts/openzeppelin-contracts/contracts/token/ERC1155/utils/ERC1155Holder.sol,,openzeppelin,False,False,False,False,False,False,False,False,False,False,False,False,False,False,False,False,False,False,False,False,False,False,True,True,False,0,0,6,3,0,0,0,1,0,37,4,1,1.0,0,11,0.2972972972972973,0,0,2,0,6,0,0,0,0,2,1,0.0,0.0,6.0,18.0,False,simple,0,6,3,0,1,0.5,False,3,3,3,2,1,0,0.0,True,3,0,0.6666666666666666,3,0,0,False,0,11,0.0,3,0,0,1.0,False,0,0,0,0,0
272,IERC1155MetadataURI,,data/safe_contracts/openzeppelin-contracts/contracts/token/ERC1155/extensions/IERC1155MetadataURI.sol,,openzeppelin,False,False,False,False,False,False,False,False,False,False,False,False,False,False,False,False,False,False,False,False,False,False,True,True,False,0,0,5,1,0,0,0,1,0,17,3,1,1.0,0,12,0.7058823529411765,0,0,2,0,5,0,0,0,0,2,1,0.0,0.0,5.0,12.5,False,simple,0,0,0,0,0,0.0,False,0,0,1,0,0,0,0.0,False,1,0,0.0,1,0,0,False,0,1,0.0,1,0,0,1.0,False,0,0,0,0,0
274,BitMaps,,data/safe_contracts/openzeppelin-contracts/contracts/utils/structs/BitMaps.sol,,openzeppelin,False,False,False,False,False,False,False,False,False,False,False,False,False,False,False,False,False,False,False,False,False,False,True,False,False,0,0,6,4,0,0,0,3,0,55,1,1,1.5,0,27,0.4909090909090909,0,0,0,0,2,4,0,0,0,2,1,0.0,0.0,6.0,14.399999999999999,False,simple,0,17,14,0,3,0.8235294117647058,False,1,6,4,2,0,0,0.0,False,0,4,0.5,3,0,0,False,0,9,0.0,4,0,0,1.0,False,0,0,0,0,0
277,DoubleEndedQueue,,data/safe_contracts/openzeppelin-contracts/contracts/utils/structs/DoubleEndedQueue.sol,,openzeppelin,False,False,False,False,False,False,False,False,False,False,False,False,False,False,True,False,False,False,False,False,False,False,True,False,False,0,0,22,17,7,0,0,3,0,218,2,1,2.6470588235294117,0,109,0.5,0,7,0,0,4,18,0,0,0,3,2,0.0,0.0,22.0,121.73333333333332,True,moderate,1,107,97,0,8,0.9065420560747663,False,19,45,17,10,0,7,0.4117647058823529,False,0,17,0.5882352941176471,7,0,7,False,0,23,0.0,17,0,0,1.0,False,0,0,0,0,0
281,Checkpoints,,data/safe_contracts/openzeppelin-contracts/contracts/utils/structs/Checkpoints.sol,,openzeppelin,False,False,False,False,False,False,False,False,False,False,False,False,False,False,True,False,False,False,False,False,False,False,True,False,False,1,9,172,48,20,0,0,6,0,746,4,1,3.0,0,249,0.33378016085790885,0,12,0,0,21,161,0,10,0,6,2,0.0,0.0,227.0,5058.316666666667,True,complex,2,340,324,16,11,0.9529411764705882,True,68,144,48,60,0,20,0.25,False,0,48,1.25,5,0,16,False,0,108,0.0,48,0,0,1.0,False,0,0,0,0,0
282,IERC165,,data/safe_contracts/openzeppelin-contracts/contracts/utils/introspection/IERC165.sol,,openzeppelin,False,False,False,False,False,False,False,False,False,False,False,False,False,False,False,False,False,False,False,False,False,False,True,False,False,0,0,2,1,0,0,0,1,0,23,1,1,1.0,0,19,0.8260869565217391,0,0,0,0,2,0,0,0,0,1,1,0.0,0.0,2.0,4.0,False,simple,0,0,0,0,0,0.0,False,0,0,1,0,0,0,0.0,False,1,0,0.0,1,0,0,False,0,1,0.0,1,0,0,1.0,False,0,0,0,0,0
283,ERC165,,data/safe_contracts/openzeppelin-contracts/contracts/utils/introspection/ERC165.sol,,openzeppelin,False,False,False,False,False,False,False,False,False,False,False,False,False,False,False,False,False,False,False,False,False,False,True,True,False,0,0,4,1,0,0,0,1,0,22,2,1,1.0,0,15,0.6818181818181818,0,0,1,0,4,0,0,0,0,2,1,0.0,0.0,4.0,8.0,False,simple,0,2,1,0,1,0.5,False,1,1,1,1,1,0,0.0,False,1,0,1.0,1,0,0,False,0,1,0.0,1,0,0,1.0,False,0,0,0,0,0
284,ERC165Checker,,data/safe_contracts/openzeppelin-contracts/contracts/utils/introspection/ERC165Checker.sol,,openzeppelin,False,False,False,False,False,False,False,False,False,False,False,False,False,False,True,False,False,False,False,False,False,False,True,True,False,0,0,11,7,1,1,0,8,0,128,2,1,2.857142857142857,0,70,0.546875,0,0,0,0,5,6,0,0,0,4,2,0.0,0.0,11.0,25.299999999999997,False,moderate,1,47,43,2,8,0.9148936170212766,False,8,20,7,14,0,1,0.06666666666666667,False,0,7,2.0,6,1,1,True,0,11,0.0,6,0,0,1.0,False,0,0,0,0,0
285,Time,,data/safe_contracts/openzeppelin-contracts/contracts/utils/types/Time.sol,,openzeppelin,False,False,True,False,False,False,False,False,False,False,False,False,False,False,True,False,False,False,False,False,False,True,True,False,False,1,10,130,9,10,0,0,3,0,118,4,1,1.3333333333333333,0,68,0.576271186440678,0,6,0,0,17,124,0,11,0,8,4,0.0,0.0,190.0,2465.25,True,simple,0,33,25,0,6,0.7575757575757576,False,10,12,9,4,0,10,0.7142857142857143,False,0,9,0.4444444444444444,7,0,6,False,0,12,0.0,7,0,0,1.0,False,0,0,0,0,0
286,MerkleProof,,data/safe_contracts/openzeppelin-contracts/contracts/utils/cryptography/MerkleProof.sol,,openzeppelin,False,False,False,False,False,False,False,False,False,False,False,False,False,False,True,False,False,False,False,False,False,False,True,False,False,0,0,22,16,8,0,0,16,0,483,2,1,5.5,4,248,0.5134575569358178,0,4,0,0,4,18,0,0,0,3,2,0.0,0.0,22.0,121.73333333333332,True,complex,2,192,204,28,20,1.0625,True,24,88,16,12,0,8,0.4,False,0,16,0.75,3,0,6,False,0,56,0.0,16,0,0,1.0,False,0,0,0,0,0
288,Hashes,,data/safe_contracts/openzeppelin-contracts/contracts/utils/cryptography/Hashes.sol,,openzeppelin,False,False,False,False,False,False,False,False,False,False,False,False,False,False,True,False,False,False,False,False,False,False,True,False,False,0,0,5,2,0,0,0,2,0,28,1,1,1.5,0,15,0.5357142857142857,0,0,0,0,3,2,0,0,0,3,2,0.0,0.0,5.0,7.333333333333334,False,simple,0,10,8,0,5,0.8,False,2,3,2,3,0,0,0.0,False,0,2,1.5,2,0,0,False,0,4,0.0,2,0,0,1.0,False,0,0,0,0,0
292,P256,,data/safe_contracts/openzeppelin-contracts/contracts/utils/cryptography/P256.sol,,openzeppelin,False,False,False,False,False,False,False,False,False,False,False,False,False,False,True,False,False,False,False,False,False,False,True,False,False,1,9,147,16,5,8,0,10,0,379,5,1,2.9375,0,149,0.39313984168865435,0,4,0,0,23,134,0,10,0,6,2,0.0,0.0,202.0,3932.2666666666664,True,moderate,1,220,212,6,40,0.9636363636363636,True,17,47,16,37,0,5,0.11904761904761904,False,0,16,2.3125,10,8,4,True,0,51,0.0,15,0,0,1.0,False,0,0,0,0,0
294,ECDSA,,data/safe_contracts/openzeppelin-contracts/contracts/utils/cryptography/ECDSA.sol,,openzeppelin,False,False,False,False,False,False,False,False,False,False,False,False,False,False,True,False,False,False,False,False,False,False,True,False,False,0,0,17,11,0,0,0,9,0,266,1,1,3.0,0,119,0.4473684210526316,0,0,0,0,6,11,0,0,0,3,2,0.0,0.0,17.0,77.63333333333333,False,moderate,1,118,114,0,10,0.9661016949152542,False,13,33,11,23,0,0,0.0,True,0,11,2.090909090909091,7,0,0,False,0,26,0.0,11,0,0,1.0,False,0,0,0,0,0
295,RSA,,data/safe_contracts/openzeppelin-contracts/contracts/utils/cryptography/RSA.sol,,openzeppelin,False,False,False,False,False,False,False,False,False,False,False,False,False,False,True,False,False,False,False,False,False,False,True,False,False,1,9,128,3,2,0,0,19,0,142,4,1,7.0,1,79,0.5563380281690141,0,2,0,0,18,120,0,10,0,6,2,0.0,0.0,183.0,3111.0,True,moderate,1,50,51,2,23,1.02,True,6,21,3,4,0,2,0.3333333333333333,True,0,3,1.3333333333333333,2,0,1,False,0,10,0.0,3,0,0,1.0,False,0,0,0,0,0
296,SafeCast,,data/safe_contracts/openzeppelin-contracts/contracts/utils/math/SafeCast.sol,,openzeppelin,False,False,False,False,False,False,False,False,False,False,False,False,False,False,True,False,False,False,False,False,False,False,True,False,False,0,0,68,65,0,0,0,3,0,1092,1,1,2.9692307692307693,0,696,0.6373626373626373,0,0,0,0,3,65,0,0,0,3,2,0.0,0.0,68.0,1099.3333333333335,True,complex,2,324,323,0,3,0.9969135802469136,False,33,193,65,64,0,0,0.0,False,0,65,0.9846153846153847,5,0,0,False,0,65,0.0,65,0,0,1.0,False,0,0,0,0,0
297,SignedMath,,data/safe_contracts/openzeppelin-contracts/contracts/utils/math/SignedMath.sol,,openzeppelin,False,False,False,False,False,False,False,False,False,False,False,False,False,False,True,False,False,False,False,False,False,False,True,False,False,0,0,74,5,1,0,0,1,0,60,2,1,1.0,0,35,0.5833333333333334,0,1,0,0,4,70,0,0,0,3,2,0.0,0.0,74.0,1307.3333333333335,True,simple,0,12,7,0,2,0.5833333333333334,False,5,5,5,2,0,1,0.3333333333333333,False,0,5,0.4,3,0,1,False,0,10,0.0,5,0,0,1.0,False,0,0,0,0,0
298,Math,,data/safe_contracts/openzeppelin-contracts/contracts/utils/math/Math.sol,,openzeppelin,False,False,False,False,False,False,False,False,False,False,False,False,False,False,True,False,False,False,False,False,False,False,True,False,False,1,9,119,36,31,0,0,17,0,693,3,1,2.611111111111111,2,339,0.48917748917748916,0,19,0,0,16,113,0,10,0,6,2,0.0,0.0,174.0,2757.8999999999996,True,critical,3,289,274,2,29,0.9480968858131488,False,33,94,36,45,0,31,0.40789473684210525,True,0,36,1.25,17,0,20,False,0,76,0.0,36,0,0,1.0,False,0,0,0,0,0
299,ERC7913P256Verifier,,data/safe_contracts/openzeppelin-contracts/contracts/utils/cryptography/verifiers/ERC7913P256Verifier.sol,,openzeppelin,False,False,False,False,False,False,False,False,False,False,False,False,False,False,True,False,False,False,False,False,False,False,True,True,False,1,9,133,1,1,0,0,5,0,26,7,1,5.0,0,9,0.34615384615384615,0,1,1,0,26,117,0,10,0,7,2,0.0,0.0,188.0,2897.885714285714,True,simple,0,11,11,0,7,1.0,False,2,5,1,0,0,1,1.0,False,1,0,0.0,1,0,1,False,0,3,0.0,1,0,0,1.0,False,0,0,0,0,0
300,ERC7913RSAVerifier,,data/safe_contracts/openzeppelin-contracts/contracts/utils/cryptography/verifiers/ERC7913RSAVerifier.sol,,openzeppelin,False,False,False,False,False,False,False,False,False,False,False,False,False,False,True,False,False,False,False,False,False,False,True,True,False,1,9,119,1,3,0,0,2,0,20,6,1,2.0,0,8,0.4,0,1,1,0,21,108,0,10,0,7,2,0.0,0.0,174.0,2401.2,True,simple,0,7,6,0,5,0.8571428571428571,False,2,2,1,2,1,3,0.6,False,1,0,2.0,2,0,1,False,0,3,0.0,1,0,0,1.0,False,0,0,0,0,0
302,SignerECDSA,,data/safe_contracts/openzeppelin-contracts/contracts/utils/cryptography/signers/SignerECDSA.sol,,openzeppelin,False,False,False,False,False,False,False,False,False,False,False,False,False,False,True,False,False,False,False,False,False,True,True,False,False,0,1,21,4,1,1,0,1,0,49,3,1,1.0,0,27,0.5510204081632653,0,1,1,0,8,14,0,1,0,4,3,0.0,0.0,26.0,115.69999999999999,True,simple,0,11,7,0,4,0.6363636363636364,False,2,4,4,2,0,1,0.3333333333333333,False,1,3,0.5,2,1,2,True,1,4,2.0,3,0,0,1.0,False,0,0,0,0,0
305,SignerP256,,data/safe_contracts/openzeppelin-contracts/contracts/utils/cryptography/signers/SignerP256.sol,,openzeppelin,False,False,False,False,False,False,False,False,False,False,False,False,False,False,True,False,False,False,False,False,False,False,True,False,False,1,9,151,4,2,2,0,3,0,56,7,1,2.0,0,27,0.48214285714285715,0,2,1,0,25,136,0,10,0,6,2,0.0,0.0,206.0,4126.866666666667,True,simple,0,20,17,0,8,0.85,False,3,8,4,3,0,2,0.4,False,1,3,0.75,2,2,2,True,0,6,0.0,3,1,0,0.0,False,0,0,1,0,0
306,AbstractSigner,,data/safe_contracts/openzeppelin-contracts/contracts/utils/cryptography/signers/AbstractSigner.sol,,openzeppelin,False,False,False,False,False,False,False,False,False,False,False,False,False,False,False,False,False,False,False,False,False,False,True,False,False,0,0,2,1,0,0,0,1,0,21,1,1,1.0,0,17,0.8095238095238095,0,0,0,0,2,0,0,0,0,1,1,0.0,0.0,2.0,4.0,False,simple,0,0,0,0,0,0.0,False,0,0,1,0,0,0,0.0,False,0,1,0.0,1,0,0,False,0,2,0.0,1,0,0,1.0,False,0,0,0,0,0
307,SignerEIP7702,,data/safe_contracts/openzeppelin-contracts/contracts/utils/cryptography/signers/SignerEIP7702.sol,,openzeppelin,False,False,False,False,False,False,False,False,False,False,False,False,False,False,True,False,False,False,False,False,False,True,True,False,False,0,1,20,1,1,0,0,1,0,22,3,1,1.0,0,10,0.45454545454545453,0,1,1,0,8,13,0,1,0,4,3,0.0,0.0,25.0,106.875,True,simple,0,5,4,0,4,0.8,False,1,1,1,0,0,1,1.0,False,0,1,0.0,1,0,1,False,1,2,1.0,1,0,0,1.0,False,0,0,0,0,0
310,SignerRSA,,data/safe_contracts/openzeppelin-contracts/contracts/utils/cryptography/signers/SignerRSA.sol,,openzeppelin,False,False,False,False,False,False,False,False,False,False,False,False,False,False,True,False,False,False,False,False,False,False,True,False,False,1,9,132,4,2,2,0,1,0,58,6,1,1.0,0,34,0.5862068965517241,0,1,1,0,20,122,0,10,0,6,2,0.0,0.0,187.0,3284.9666666666662,True,simple,0,12,8,0,4,0.6666666666666666,False,2,4,4,3,0,2,0.4,False,1,3,0.75,3,2,2,True,0,6,0.0,3,0,0,1.0,False,0,0,0,0,0
311,ProxyAdmin,,data/safe_contracts/openzeppelin-contracts/contracts/proxy/transparent/ProxyAdmin.sol,,openzeppelin,False,False,False,False,False,False,False,False,False,False,False,False,False,False,True,False,False,False,False,False,False,True,True,True,False,1,2,63,3,1,1,0,1,0,40,14,1,1.0,0,26,0.65,1,0,2,0,35,31,0,3,0,7,3,0.0,0.0,83.0,672.3,True,simple,0,6,3,0,2,0.5,False,0,3,3,2,1,1,0.3333333333333333,True,2,1,0.6666666666666666,2,1,1,False,1,4,1.0,2,0,0,1.0,False,0,0,0,0,0
312,TransparentUpgradeableProxy,,data/safe_contracts/openzeppelin-contracts/contracts/proxy/transparent/TransparentUpgradeableProxy.sol,,openzeppelin,False,False,False,False,False,False,False,False,False,False,False,False,False,False,True,False,False,False,False,False,False,True,True,True,False,1,2,63,4,4,1,0,5,0,109,14,1,2.0,0,75,0.6880733944954128,1,2,2,0,35,31,0,3,0,7,3,0.0,0.0,83.0,672.3,True,simple,0,19,17,0,4,0.8947368421052632,False,1,8,4,7,1,4,0.36363636363636365,True,1,3,1.75,3,1,1,True,1,3,1.0,1,0,0,1.0,False,0,0,0,0,0
313,UUPSUpgradeable,,data/safe_contracts/openzeppelin-contracts/contracts/proxy/utils/UUPSUpgradeable.sol,,openzeppelin,False,False,False,False,False,False,False,False,False,False,False,False,False,False,True,False,False,False,False,False,False,True,True,True,False,0,2,60,8,4,2,2,3,0,134,9,1,1.75,0,86,0.6417910447761194,1,2,1,0,32,30,0,2,0,7,3,0.0,0.0,70.0,530.0,True,simple,0,26,22,0,5,0.8461538461538461,False,1,13,8,8,2,4,0.3333333333333333,False,2,6,1.0,8,2,1,True,1,5,1.0,3,0,0,1.0,False,0,0,0,0,0
314,Initializable,,data/safe_contracts/openzeppelin-contracts/contracts/proxy/utils/Initializable.sol,,openzeppelin,False,False,False,False,False,False,False,False,False,False,False,False,False,False,True,False,False,False,False,False,False,False,True,False,False,0,0,9,7,0,1,3,5,0,218,1,1,1.8571428571428572,0,143,0.6559633027522935,0,0,0,0,3,6,0,0,0,3,2,0.0,0.0,9.0,21.6,False,simple,0,25,21,0,6,0.84,False,3,13,7,7,0,0,0.0,False,0,7,1.0,4,1,0,True,0,0,0.0,0,0,0,1.0,False,0,0,0,0,0
315,ERC1967Proxy,,data/safe_contracts/openzeppelin-contracts/contracts/proxy/ERC1967/ERC1967Proxy.sol,,openzeppelin,False,False,False,False,False,False,False,False,False,False,False,False,False,False,True,False,False,False,False,False,False,True,True,True,False,0,2,59,3,2,0,0,3,0,56,9,1,1.6666666666666667,0,38,0.6785714285714286,1,2,1,0,31,30,0,2,0,5,3,0.0,0.0,69.0,717.6,True,simple,0,9,7,0,3,0.7777777777777778,False,2,5,3,2,1,2,0.5,False,1,2,0.6666666666666666,3,0,1,False,1,2,1.0,1,0,0,1.0,False,0,0,0,0,0
316,ERC1967Utils,,data/safe_contracts/openzeppelin-contracts/contracts/proxy/ERC1967/ERC1967Utils.sol,,openzeppelin,False,False,False,False,False,False,False,False,False,False,False,False,False,False,True,False,False,False,False,False,False,True,True,True,False,0,2,66,11,13,3,0,5,0,154,7,1,2.272727272727273,0,82,0.5324675324675324,0,8,0,0,28,40,0,2,0,5,3,0.0,0.0,76.0,851.1999999999999,True,moderate,1,49,45,0,6,0.9183673469387755,False,3,25,11,13,0,13,0.5,False,0,11,1.1818181818181819,9,3,6,True,2,8,3.0,6,0,0,1.0,False,0,0,0,0,0
317,UpgradeableBeacon,,data/safe_contracts/openzeppelin-contracts/contracts/proxy/beacon/UpgradeableBeacon.sol,,openzeppelin,False,False,False,False,False,False,False,False,False,False,False,False,False,False,False,False,False,False,False,False,False,False,True,True,False,0,0,9,4,0,1,0,3,0,61,4,1,1.5,0,37,0.6065573770491803,0,0,2,0,6,3,0,0,0,4,1,0.0,0.0,9.0,18.225,False,simple,0,14,11,0,4,0.7857142857142857,False,1,6,4,6,2,0,0.0,True,3,1,1.5,4,1,1,True,0,4,0.0,3,0,0,1.0,False,0,0,0,0,0
318,IBeacon,,data/safe_contracts/openzeppelin-contracts/contracts/proxy/beacon/IBeacon.sol,,openzeppelin,False,False,False,False,False,False,False,False,False,False,False,False,False,False,False,False,False,False,False,False,False,False,True,False,False,0,0,2,1,0,0,0,1,0,14,1,1,1.0,0,10,0.7142857142857143,0,0,0,0,2,0,0,0,0,1,1,0.0,0.0,2.0,4.0,False,simple,0,0,0,0,0,0.0,False,0,0,1,0,0,0,0.0,False,1,0,0.0,1,0,0,False,0,0,0.0,0,0,0,1.0,False,0,0,0,0,0
319,BeaconProxy,,data/safe_contracts/openzeppelin-contracts/contracts/proxy/beacon/BeaconProxy.sol,,openzeppelin,False,False,False,False,False,False,False,False,False,False,False,False,False,False,True,False,False,False,False,False,False,True,True,True,False,0,2,61,3,2,1,0,1,0,51,9,1,1.0,0,34,0.6666666666666666,1,1,1,0,31,32,0,2,0,6,3,0.0,0.0,71.0,631.8999999999999,True,simple,0,7,4,0,2,0.5714285714285714,False,2,3,3,1,0,2,0.6666666666666666,False,1,2,0.3333333333333333,2,1,1,True,1,2,1.0,1,0,0,1.0,False,0,0,0,0,0
320,ICompoundTimelock,,data/safe_contracts/openzeppelin-contracts/contracts/vendor/compound/ICompoundTimelock.sol,,openzeppelin,False,False,False,False,False,False,False,False,False,False,False,False,False,False,False,False,False,False,False,False,False,False,True,False,False,0,0,5,14,0,0,0,1,0,70,1,1,1.0,0,8,0.11428571428571428,2,0,0,0,5,0,0,0,0,2,1,0.0,0.0,5.0,12.5,False,simple,0,0,0,0,0,0.0,False,0,0,14,0,0,0,0.0,False,14,0,0.0,14,0,0,False,0,18,0.0,6,0,0,1.0,False,0,0,0,0,0
321,open_address_lottery,,data/smartbugs_curated/dataset/other/open_address_lottery.sol,,smartbugs_curated,False,False,True,False,True,False,False,False,False,False,False,True,False,False,False,False,False,False,False,False,False,False,True,False,False,2,0,6,8,1,5,0,9,0,85,1,1,2.25,0,25,0.29411764705882354,2,0,0,0,7,2,0,2,1,8,4,0.0,0.0,26.0,27.3,True,simple,0,40,36,0,9,0.9,False,1,18,8,13,3,1,0.07142857142857142,False,6,2,1.625,6,5,1,True,1,2,1.0,2,0,0,1.0,False,0,0,0,0,1
322,name_registrar,,data/smartbugs_curated/dataset/other/name_registrar.sol,,smartbugs_curated,False,False,False,False,False,False,False,False,False,False,False,True,False,False,False,False,False,False,False,False,False,False,True,False,False,1,0,4,2,0,3,0,1,0,25,1,1,1.0,0,7,0.28,0,0,0,0,6,0,0,1,0,4,2,0.0,0.0,14.0,21.0,False,simple,0,8,6,0,6,0.75,False,0,2,2,1,1,0,0.0,False,1,1,0.5,2,3,1,True,0,2,0.0,1,0,0,1.0,False,0,0,0,0,1
323,crypto_roulette,,data/smartbugs_curated/dataset/other/crypto_roulette.sol,,smartbugs_curated,False,False,True,False,True,False,False,False,False,False,False,True,False,False,False,False,False,False,False,False,False,False,True,False,False,3,1,7,6,2,5,0,3,0,50,1,1,1.6666666666666667,0,13,0.26,2,0,0,0,7,5,0,4,1,9,4,0.0,0.0,42.0,48.999999999999986,True,simple,0,22,18,0,9,0.8181818181818182,False,0,10,6,7,2,2,0.2222222222222222,False,4,2,1.1666666666666667,7,5,1,True,1,1,1.0,1,0,0,1.0,False,0,0,0,0,1
324,phishable,,data/smartbugs_curated/dataset/access_control/phishable.sol,,smartbugs_curated,False,True,False,False,False,False,False,False,False,False,False,False,False,True,False,False,False,False,False,False,False,False,True,False,False,1,1,5,3,1,1,0,1,0,18,1,1,1.0,0,6,0.3333333333333333,1,0,0,0,3,4,0,2,0,5,3,0.0,0.0,20.0,23.200000000000003,True,simple,0,6,3,0,2,0.5,False,0,3,3,2,1,1,0.3333333333333333,False,3,0,0.6666666666666666,4,1,2,True,1,2,2.0,2,0,0,1.0,False,0,0,0,0,1
325,parity_wallet_bug_1,,data/smartbugs_curated/dataset/access_control/parity_wallet_bug_1.sol,,smartbugs_curated,True,True,True,True,False,False,True,False,False,False,True,False,True,False,True,False,False,False,False,False,True,False,True,False,False,3,3,66,6,3,7,0,5,3,395,4,1,1.6666666666666667,0,108,0.27341772151898736,1,0,1,0,74,7,0,6,0,17,8,0.0,0.0,111.0,515.1705882352942,True,moderate,1,20,16,0,5,0.8,False,3,10,6,1,1,3,0.75,False,5,1,0.16666666666666666,6,7,2,True,3,7,0.6666666666666666,4,0,0,1.0,False,0,0,0,0,1
326,arbitrary_location_write_simple,,data/smartbugs_curated/dataset/access_control/arbitrary_location_write_simple.sol,,smartbugs_curated,False,False,False,False,False,False,False,False,False,False,False,False,False,False,False,False,False,False,False,False,False,False,True,False,False,1,1,6,6,2,2,0,1,0,32,1,1,1.0,0,6,0.1875,1,0,0,0,7,1,0,2,0,4,1,0.0,0.0,21.0,40.425,True,simple,0,15,9,0,2,0.6,False,0,6,6,4,1,2,0.3333333333333333,False,6,0,0.6666666666666666,5,2,2,True,0,3,0.0,2,0,0,1.0,False,0,0,0,0,1
327,wallet_03_wrong_constructor,,data/smartbugs_curated/dataset/access_control/wallet_03_wrong_constructor.sol,,smartbugs_curated,False,False,False,False,True,False,False,False,False,False,False,False,False,False,False,False,False,False,False,False,False,False,True,False,False,0,0,4,4,2,2,0,1,0,31,1,1,1.0,0,10,0.3225806451612903,1,0,0,0,2,2,0,0,1,3,2,0.0,0.0,4.0,4.533333333333333,False,simple,0,12,8,0,3,0.6666666666666666,False,0,4,4,4,1,2,0.3333333333333333,False,4,0,1.0,4,2,2,True,2,2,1.0,2,0,0,1.0,False,0,0,0,0,1
328,rubixi,,data/smartbugs_curated/dataset/access_control/rubixi.sol,,smartbugs_curated,False,False,False,True,True,False,False,False,False,False,False,False,False,False,False,False,False,False,False,False,False,False,True,False,False,1,5,25,19,5,7,1,8,0,125,1,1,2.3157894736842106,0,21,0.168,0,0,0,0,15,16,0,6,4,11,4,0.0,0.0,60.0,142.9090909090909,True,moderate,1,99,86,1,12,0.8686868686868687,False,6,44,19,9,2,5,0.35714285714285715,False,16,3,0.47368421052631576,12,7,6,True,5,7,1.2,7,0,0,1.0,False,0,0,0,0,1
329,mycontract,,data/smartbugs_curated/dataset/access_control/mycontract.sol,,smartbugs_curated,False,True,False,False,False,False,False,False,False,False,False,False,False,True,False,False,False,False,False,False,False,False,True,False,False,1,1,3,2,1,1,0,1,0,18,1,1,1.0,0,7,0.3888888888888889,0,0,0,0,2,3,0,2,0,4,3,0.0,0.0,18.0,18.45,True,simple,0,5,3,0,2,0.6,False,0,2,2,1,1,1,0.5,False,2,0,0.5,2,1,1,True,1,2,1.0,1,0,0,1.0,False,0,0,0,0,1
330,wallet_02_refund_nosub,,data/smartbugs_curated/dataset/access_control/wallet_02_refund_nosub.sol,,smartbugs_curated,False,False,False,False,True,False,False,False,False,False,False,False,False,False,False,False,False,False,False,False,False,False,True,False,False,0,0,4,5,3,2,0,1,0,35,1,1,1.0,0,11,0.3142857142857143,1,0,0,0,2,2,0,0,1,3,2,0.0,0.0,4.0,4.533333333333333,False,simple,0,14,9,0,3,0.6428571428571429,False,0,5,5,4,1,3,0.42857142857142855,False,5,0,0.8,5,2,2,True,3,2,0.6666666666666666,2,0,0,1.0,False,0,0,0,0,1
331,incorrect_constructor_name1,,data/smartbugs_curated/dataset/access_control/incorrect_constructor_name1.sol,,smartbugs_curated,False,False,False,False,False,False,False,False,False,False,False,False,False,False,False,False,False,False,False,False,False,False,True,False,False,0,0,3,3,1,1,1,1,0,28,1,1,1.0,0,8,0.2857142857142857,1,0,0,0,3,0,0,0,0,2,1,0.0,0.0,3.0,4.5,False,simple,0,6,3,0,2,0.5,False,0,3,3,2,1,1,0.3333333333333333,False,3,0,0.6666666666666666,4,1,0,True,1,0,0.0,0,0,0,1.0,False,0,0,0,0,1
332,wallet_04_confused_sign,,data/smartbugs_curated/dataset/access_control/wallet_04_confused_sign.sol,,smartbugs_curated,False,False,False,False,True,False,False,False,False,False,False,False,False,False,False,False,False,False,False,False,False,False,True,False,False,0,0,4,4,2,2,0,1,0,32,1,1,1.0,0,11,0.34375,1,0,0,0,2,2,0,0,1,3,2,0.0,0.0,4.0,4.533333333333333,False,simple,0,12,8,0,3,0.6666666666666666,False,0,4,4,4,1,2,0.3333333333333333,False,4,0,1.0,4,2,2,True,2,2,1.0,2,0,0,1.0,False,0,0,0,0,1
333,multiowned_vulnerable,,data/smartbugs_curated/dataset/access_control/multiowned_vulnerable.sol,,smartbugs_curated,False,False,False,False,False,False,False,False,False,False,False,False,False,False,False,False,False,False,False,False,False,False,True,False,False,0,0,4,3,0,2,1,1,0,53,2,1,1.0,0,23,0.4339622641509434,0,0,0,0,4,0,0,0,0,2,1,0.0,0.0,4.0,8.0,False,simple,0,12,9,0,4,0.75,False,2,3,3,3,1,0,0.0,False,3,0,1.0,3,2,2,True,0,2,0.0,2,0,0,1.0,False,0,0,0,0,1
334,mapping_write,,data/smartbugs_curated/dataset/access_control/mapping_write.sol,,smartbugs_curated,False,False,False,False,False,False,False,False,False,False,True,False,False,False,False,False,False,False,False,False,False,False,True,False,False,2,0,2,3,1,2,0,3,0,25,1,1,1.6666666666666667,0,7,0.28,0,0,0,0,4,1,0,2,0,4,2,0.0,0.0,22.0,25.85,True,simple,0,10,8,0,3,0.8,False,1,5,3,2,1,1,0.3333333333333333,False,3,0,0.6666666666666666,4,2,1,True,1,3,1.0,2,0,0,1.0,False,0,0,0,0,1
335,simple_suicide,,data/smartbugs_curated/dataset/access_control/simple_suicide.sol,,smartbugs_curated,False,True,False,False,False,False,False,False,False,False,False,False,False,False,False,False,False,False,False,False,False,False,True,False,False,1,0,2,1,0,0,0,1,0,13,1,1,1.0,0,7,0.5384615384615384,0,0,0,0,3,0,0,1,0,2,2,0.0,0.0,12.0,18.0,False,simple,0,2,1,0,1,0.5,False,0,1,1,1,1,0,0.0,False,1,0,1.0,1,0,0,False,0,0,0.0,0,0,0,1.0,False,0,0,0,0,1
336,incorrect_constructor_name3,,data/smartbugs_curated/dataset/access_control/incorrect_constructor_name3.sol,,smartbugs_curated,False,False,False,False,False,False,False,False,False,False,False,False,False,False,False,False,False,False,False,False,False,False,True,False,False,0,0,3,3,1,1,1,1,0,26,1,1,1.0,0,6,0.23076923076923078,1,0,0,0,3,0,0,0,0,2,1,0.0,0.0,3.0,4.5,False,simple,0,6,3,0,2,0.5,False,0,3,3,2,1,1,0.3333333333333333,False,3,0,0.6666666666666666,4,1,0,True,1,0,0.0,0,0,0,1.0,False,0,0,0,0,1
337,incorrect_constructor_name2,,data/smartbugs_curated/dataset/access_control/incorrect_constructor_name2.sol,,smartbugs_curated,False,False,False,False,False,False,False,False,False,False,False,False,False,False,False,False,False,False,False,False,False,False,True,False,False,0,0,2,3,1,1,1,1,0,26,1,1,1.0,0,6,0.23076923076923078,1,0,0,0,2,0,0,0,0,1,1,0.0,0.0,2.0,4.0,False,simple,0,6,3,0,2,0.5,False,0,3,3,2,1,1,0.3333333333333333,False,3,0,0.6666666666666666,4,1,0,True,1,0,0.0,0,0,0,1.0,False,0,0,0,0,1
338,unprotected0,,data/smartbugs_curated/dataset/access_control/unprotected0.sol,,smartbugs_curated,False,False,False,False,False,False,False,False,False,False,False,False,False,False,False,False,False,False,False,False,False,False,True,False,False,0,0,4,2,0,1,1,1,0,33,1,1,1.0,0,15,0.45454545454545453,0,0,0,0,3,1,0,0,0,3,1,0.0,0.0,4.0,4.933333333333334,False,simple,0,4,2,0,1,0.5,False,0,2,2,0,0,0,0.0,False,2,0,0.0,2,1,1,False,0,1,0.0,1,0,0,1.0,False,0,0,0,0,1
339,proxy,,data/smartbugs_curated/dataset/access_control/proxy.sol,,smartbugs_curated,False,False,False,True,False,False,False,False,True,False,False,False,False,False,False,False,False,False,False,False,False,False,True,False,False,1,0,4,2,1,1,0,1,1,16,1,1,1.0,0,6,0.375,0,0,0,0,5,1,0,1,0,5,3,0.0,0.0,14.0,15.96,True,simple,0,4,2,0,1,0.5,False,0,2,2,1,1,1,0.5,False,2,0,0.5,2,1,1,False,1,2,1.0,1,0,0,1.0,False,0,0,0,0,1
340,FibonacciBalance,,data/smartbugs_curated/dataset/access_control/FibonacciBalance.sol,,smartbugs_curated,False,True,False,True,False,False,False,False,True,False,True,False,False,False,False,False,False,False,False,False,False,False,True,False,False,4,0,9,5,3,5,0,1,2,52,2,1,1.0,0,18,0.34615384615384615,1,0,0,0,11,4,0,4,0,9,5,0.0,0.0,49.0,75.13333333333333,True,simple,0,10,5,0,3,0.5,False,0,5,5,3,1,3,0.5,False,3,2,0.6,4,5,1,True,3,1,0.3333333333333333,1,0,1,1.0,False,0,1,0,0,1
341,parity_wallet_bug_2,,data/smartbugs_curated/dataset/access_control/parity_wallet_bug_2.sol,,smartbugs_curated,True,True,True,True,False,False,True,False,False,False,False,False,True,False,False,False,False,False,False,False,True,False,True,False,False,2,2,59,0,0,0,0,0,0,345,3,1,0.0,0,95,0.2753623188405797,0,0,0,0,58,6,0,4,0,13,7,0.0,0.0,89.0,425.83076923076925,True,simple,0,0,0,0,0,0.0,False,0,0,0,0,0,0,0.0,False,0,0,0.0,0,0,0,False,0,0,0.0,0,0,0,1.0,False,0,0,0,0,1
342,governmental_survey,,data/smartbugs_curated/dataset/time_manipulation/governmental_survey.sol,,smartbugs_curated,False,True,True,True,True,False,False,False,False,False,False,False,False,False,False,False,False,False,False,False,False,False,True,False,False,1,3,9,4,2,5,0,3,0,44,2,1,2.5,0,7,0.1590909090909091,0,0,0,0,9,5,0,4,1,9,5,0.0,0.0,34.0,47.22222222222222,True,simple,0,23,19,0,7,0.8260869565217391,False,3,10,4,1,1,2,0.6666666666666666,False,3,1,0.25,4,5,0,True,2,0,0.0,0,0,0,1.0,False,0,0,0,0,1
343,roulette,,data/smartbugs_curated/dataset/time_manipulation/roulette.sol,,smartbugs_curated,False,True,True,False,False,False,False,False,False,False,False,False,False,False,False,False,False,False,False,False,False,False,True,False,False,2,1,3,2,1,1,0,3,0,21,1,1,2.0,0,8,0.38095238095238093,2,0,0,0,3,3,0,3,0,5,3,0.0,0.0,28.0,28.560000000000002,True,simple,0,8,7,0,5,0.875,False,0,4,2,2,1,1,0.3333333333333333,False,2,0,1.0,3,1,0,True,1,0,0.0,0,0,0,1.0,False,0,0,0,0,1
344,ether_lotto,,data/smartbugs_curated/dataset/time_manipulation/ether_lotto.sol,,smartbugs_curated,False,True,True,False,True,False,False,False,False,False,False,False,False,False,False,False,False,False,False,False,False,False,True,False,False,2,1,5,3,2,4,0,3,0,42,1,1,1.6666666666666667,0,22,0.5238095238095238,1,0,0,0,4,4,0,3,1,7,4,0.0,0.0,30.0,29.14285714285714,True,simple,0,13,11,0,7,0.8461538461538461,False,0,5,3,2,1,2,0.5,False,2,1,0.6666666666666666,4,4,0,True,2,0,0.0,0,0,0,1.0,False,0,0,0,0,1
345,timed_crowdsale,,data/smartbugs_curated/dataset/time_manipulation/timed_crowdsale.sol,,smartbugs_curated,False,False,True,False,False,False,False,False,False,False,False,False,False,False,False,False,False,False,False,False,False,False,True,False,False,0,0,3,1,0,0,0,1,0,13,1,1,1.0,0,7,0.5384615384615384,0,0,0,0,2,1,0,0,0,2,2,0.0,0.0,3.0,4.05,False,simple,0,2,1,0,1,0.5,False,1,1,1,0,0,0,0.0,False,1,0,0.0,1,0,0,False,0,0,0.0,0,0,0,1.0,False,0,0,0,0,1
346,lottopollo,,data/smartbugs_curated/dataset/time_manipulation/lottopollo.sol,,smartbugs_curated,False,True,True,True,False,False,False,False,False,False,False,False,False,False,False,False,False,False,False,False,False,False,True,False,False,1,2,4,3,2,2,0,7,0,31,1,1,3.0,0,7,0.22580645161290322,0,0,0,0,3,4,0,3,0,5,4,0.0,0.0,24.0,27.84,True,simple,0,16,16,0,4,1.0,False,1,9,3,3,2,2,0.4,False,2,1,1.0,2,2,1,True,2,2,0.5,2,1,0,0.0,False,0,0,1,0,1
347,dos_number,,data/smartbugs_curated/dataset/denial_of_service/dos_number.sol,,smartbugs_curated,False,False,False,False,False,False,False,False,False,False,False,False,False,False,False,False,False,False,False,False,False,False,True,False,False,0,0,3,6,1,2,0,6,0,37,1,1,1.8333333333333333,0,9,0.24324324324324326,0,0,0,0,2,1,0,0,1,2,1,0.0,0.0,3.0,4.05,False,simple,0,22,18,2,7,0.8181818181818182,True,2,11,6,2,1,1,0.3333333333333333,False,5,1,0.3333333333333333,5,2,1,True,0,2,0.0,1,0,0,1.0,False,0,0,0,0,1
348,send_loop,,data/smartbugs_curated/dataset/denial_of_service/send_loop.sol,,smartbugs_curated,False,False,False,False,False,False,False,False,False,False,True,False,False,False,False,False,False,False,False,False,False,False,True,False,False,1,0,3,2,3,2,0,4,0,22,1,1,2.5,0,8,0.36363636363636365,0,0,0,0,4,1,0,1,1,4,2,0.0,0.0,13.0,15.275,False,simple,0,10,9,1,5,0.9,False,0,5,2,1,1,3,0.75,False,2,0,0.5,2,2,0,True,1,0,0.0,0,0,0,1.0,False,0,0,0,0,1
349,list_dos,,data/smartbugs_curated/dataset/denial_of_service/list_dos.sol,,smartbugs_curated,False,False,True,True,True,False,False,False,False,False,False,False,False,False,False,False,False,False,False,False,False,False,True,False,False,2,7,8,10,11,9,0,9,0,112,1,1,2.6,0,28,0.25,0,0,0,0,3,15,0,9,5,7,4,0.0,0.0,63.0,121.5,True,moderate,1,64,60,2,16,0.9375,False,5,26,10,2,2,11,0.8461538461538461,False,9,1,0.2,9,9,2,True,8,2,0.25,2,0,0,1.0,False,0,0,0,0,1
350,dos_simple,,data/smartbugs_curated/dataset/denial_of_service/dos_simple.sol,,smartbugs_curated,False,False,False,False,False,False,False,False,False,False,False,False,False,False,False,False,False,False,False,False,False,False,True,False,False,0,0,2,1,2,1,0,5,0,21,1,1,5.0,0,6,0.2857142857142857,0,0,0,0,2,0,0,0,0,1,1,0.0,0.0,2.0,4.0,False,simple,0,11,11,1,6,1.0,False,2,5,1,0,0,2,1.0,False,1,0,0.0,1,1,0,True,1,0,0.0,0,0,0,1.0,False,0,0,0,0,1
351,auction,,data/smartbugs_curated/dataset/denial_of_service/auction.sol,,smartbugs_curated,False,False,False,False,True,False,False,False,False,False,False,False,False,False,False,False,False,False,False,False,False,False,True,False,False,0,0,3,1,1,2,0,3,0,24,1,1,3.0,0,11,0.4583333333333333,1,0,0,0,2,1,0,0,1,2,2,0.0,0.0,3.0,4.05,False,simple,0,7,7,0,5,1.0,False,0,3,1,1,1,1,0.5,False,1,0,1.0,1,2,0,True,1,0,0.0,0,0,0,1.0,False,0,0,0,0,1
352,dos_address,,data/smartbugs_curated/dataset/denial_of_service/dos_address.sol,,smartbugs_curated,False,False,False,False,False,False,False,False,False,False,False,False,False,False,False,False,False,False,False,False,False,False,True,False,False,1,0,2,5,2,2,0,4,0,29,1,1,2.0,0,6,0.20689655172413793,0,0,0,0,2,1,0,1,0,2,1,0.0,0.0,12.0,16.2,False,simple,0,18,15,1,5,0.8333333333333334,False,3,10,5,0,0,2,1.0,False,4,1,0.0,5,2,0,True,1,0,0.0,0,0,0,1.0,False,0,0,0,0,1
353,lottery,,data/smartbugs_curated/dataset/bad_randomness/lottery.sol,,smartbugs_curated,False,False,False,False,False,False,False,False,False,False,False,False,False,False,False,False,False,False,False,False,False,False,True,False,False,1,1,7,5,2,2,0,6,0,55,1,1,3.2,0,19,0.34545454545454546,0,0,0,0,9,1,0,2,1,5,1,0.0,0.0,22.0,42.67999999999999,True,simple,0,27,24,1,7,0.8888888888888888,False,4,16,5,1,1,2,0.6666666666666666,False,5,0,0.2,5,2,0,True,1,0,0.0,0,0,0,1.0,False,0,0,0,0,1
354,random_number_generator,,data/smartbugs_curated/dataset/bad_randomness/random_number_generator.sol,,smartbugs_curated,False,False,True,False,False,False,False,False,False,False,False,False,False,False,False,False,False,False,False,False,False,False,True,False,False,1,0,3,2,0,1,0,1,0,23,1,1,1.0,0,12,0.5217391304347826,0,0,0,0,2,2,0,1,0,3,2,0.0,0.0,13.0,14.733333333333333,False,simple,0,7,5,0,5,0.7142857142857143,False,1,2,2,1,0,0,0.0,False,0,2,0.5,2,1,0,True,0,1,0.0,1,0,0,1.0,False,0,0,0,0,1
355,etheraffle,,data/smartbugs_curated/dataset/bad_randomness/etheraffle.sol,,smartbugs_curated,False,False,False,False,True,False,False,False,False,False,False,False,False,False,False,False,False,False,False,False,False,False,True,False,False,0,0,6,10,7,11,0,12,0,147,1,1,3.9,1,25,0.17006802721088435,2,0,0,0,3,3,0,0,2,5,2,0.0,0.0,6.0,6.119999999999999,False,moderate,1,91,93,6,12,1.021978021978022,True,1,39,10,4,3,7,0.6363636363636364,False,7,3,0.4,8,11,0,True,6,0,0.0,0,0,0,1.0,False,0,0,0,0,1
356,lucky_doubler,,data/smartbugs_curated/dataset/bad_randomness/lucky_doubler.sol,,smartbugs_curated,False,False,True,True,True,False,False,False,False,False,False,False,False,False,False,False,False,False,False,False,False,False,True,False,False,2,4,12,15,6,8,1,13,0,146,1,1,2.466666666666667,1,28,0.1917808219178082,0,0,0,0,6,12,0,6,2,10,5,0.0,0.0,52.0,74.88000000000001,True,complex,2,91,84,0,22,0.9230769230769231,False,4,37,15,8,4,6,0.42857142857142855,False,10,5,0.5333333333333333,11,8,3,True,5,6,0.6,6,0,0,1.0,False,0,0,0,0,1
357,guess_the_random_number,,data/smartbugs_curated/dataset/bad_randomness/guess_the_random_number.sol,,smartbugs_curated,False,True,True,False,False,False,False,False,False,False,False,False,False,False,False,False,False,False,False,False,False,False,True,False,False,1,2,4,3,1,1,0,3,0,23,1,1,1.6666666666666667,0,6,0.2608695652173913,2,0,0,0,5,2,0,3,0,5,3,0.0,0.0,24.0,30.720000000000002,True,simple,0,10,8,0,3,0.8,False,1,5,3,5,1,1,0.16666666666666666,False,3,0,1.6666666666666667,4,1,1,True,1,1,1.0,1,0,0,1.0,False,0,0,0,0,1
358,smart_billions,,data/smartbugs_curated/dataset/bad_randomness/smart_billions.sol,,smartbugs_curated,False,False,False,False,True,False,False,False,False,False,False,False,False,False,False,False,False,True,False,False,False,False,True,False,False,3,16,58,39,8,20,2,17,0,708,6,1,3.6153846153846154,3,181,0.2556497175141243,7,1,3,0,59,20,0,19,6,15,4,0.0,0.0,168.0,817.5999999999999,True,critical,3,357,347,3,21,0.9719887955182073,False,39,141,39,51,4,8,0.13559322033898305,False,32,7,1.3076923076923077,22,20,10,True,4,25,2.5,22,0,0,1.0,False,0,0,0,0,1
359,old_blockhash,,data/smartbugs_curated/dataset/bad_randomness/old_blockhash.sol,,smartbugs_curated,False,False,False,False,False,False,False,False,False,False,False,False,False,False,False,False,False,False,False,False,False,False,True,False,False,0,0,3,3,1,1,0,3,0,33,1,1,1.6666666666666667,0,8,0.24242424242424243,2,0,0,0,3,0,0,0,0,2,1,0.0,0.0,3.0,4.5,False,simple,0,14,12,0,5,0.8571428571428571,False,0,5,3,4,1,1,0.2,False,3,0,1.3333333333333333,2,1,1,True,1,1,1.0,1,0,0,1.0,False,0,0,0,0,1
360,blackjack,,data/smartbugs_curated/dataset/bad_randomness/blackjack.sol,,smartbugs_curated,False,False,True,False,True,False,False,False,False,False,False,False,False,False,False,False,False,False,False,False,False,False,True,False,False,3,2,21,13,22,4,1,36,0,255,2,1,5.538461538461538,1,32,0.12549019607843137,2,7,0,0,21,8,0,5,5,8,3,0.0,0.0,61.0,202.825,True,complex,2,166,161,3,28,0.9698795180722891,True,27,72,13,11,2,22,0.6666666666666666,False,10,3,0.8461538461538461,6,4,2,True,13,5,0.15384615384615385,4,0,0,1.0,False,0,0,0,0,1
361,integer_overflow_benign_1,,data/smartbugs_curated/dataset/arithmetic/integer_overflow_benign_1.sol,,smartbugs_curated,False,False,False,False,False,False,False,False,False,False,False,False,False,False,False,False,False,False,False,False,False,False,True,False,False,0,0,2,2,0,1,0,1,0,15,1,1,1.0,0,8,0.5333333333333333,0,0,0,0,3,0,0,0,0,2,1,0.0,0.0,2.0,3.0,False,simple,0,3,1,0,1,0.3333333333333333,False,0,2,2,0,0,0,0.0,False,1,1,0.0,2,1,0,True,0,1,0.0,1,0,0,1.0,False,0,0,0,0,1
362,timelock,,data/smartbugs_curated/dataset/arithmetic/timelock.sol,,smartbugs_curated,False,False,True,False,False,False,False,False,False,False,False,False,False,False,False,False,False,False,False,False,False,False,True,False,False,0,0,4,3,1,2,0,1,0,26,1,1,1.0,0,7,0.2692307692307692,1,0,0,0,3,1,0,0,0,3,2,0.0,0.0,4.0,4.933333333333334,False,simple,0,11,8,0,5,0.7272727272727273,False,0,3,3,1,1,1,0.5,False,3,0,0.3333333333333333,3,2,1,True,1,1,1.0,1,0,0,1.0,False,0,0,0,0,1
363,integer_overflow_multitx_multifunc_feasible,,data/smartbugs_curated/dataset/arithmetic/integer_overflow_multitx_multifunc_feasible.sol,,smartbugs_curated,False,False,False,False,False,False,False,False,False,False,False,False,False,False,False,False,False,False,False,False,False,False,True,False,False,0,0,2,3,0,2,0,3,0,22,1,1,1.6666666666666667,0,8,0.36363636363636365,0,0,0,0,2,0,0,0,0,1,1,0.0,0.0,2.0,4.0,False,simple,0,9,6,0,3,0.6666666666666666,False,1,5,3,0,0,0,0.0,False,2,1,0.0,3,2,1,True,0,1,0.0,1,0,0,1.0,False,0,0,0,0,1
364,BECToken,,data/smartbugs_curated/dataset/arithmetic/BECToken.sol,,smartbugs_curated,False,False,False,False,False,False,False,False,False,False,False,False,False,False,False,False,False,False,False,False,False,False,True,False,False,0,0,24,3,0,4,0,1,0,259,9,1,1.0,0,117,0.4517374517374517,0,0,3,0,26,3,0,0,0,6,1,0.0,0.0,24.0,112.4,True,simple,0,10,7,0,4,0.7,False,0,3,3,1,1,0,0.0,False,2,1,0.3333333333333333,3,4,0,True,0,0,0.0,0,0,0,1.0,False,0,0,0,0,1
365,overflow_simple_add,,data/smartbugs_curated/dataset/arithmetic/overflow_simple_add.sol,,smartbugs_curated,False,False,False,False,False,False,False,False,False,False,False,False,False,False,False,False,False,False,False,False,False,False,True,False,False,0,0,3,2,0,1,0,1,0,13,1,1,1.0,0,6,0.46153846153846156,0,0,0,0,3,0,0,0,0,2,1,0.0,0.0,3.0,4.5,False,simple,0,3,1,0,1,0.3333333333333333,False,0,2,2,0,0,0,0.0,False,1,1,0.0,2,1,1,True,0,1,0.0,1,0,0,1.0,False,0,0,0,0,1
366,overflow_single_tx,,data/smartbugs_curated/dataset/arithmetic/overflow_single_tx.sol,,smartbugs_curated,False,False,False,False,False,False,False,False,False,False,False,False,False,False,False,False,False,False,False,False,False,False,True,False,False,0,0,2,7,0,1,0,1,0,41,1,1,1.0,0,19,0.4634146341463415,0,0,0,0,2,0,0,0,0,1,1,0.0,0.0,2.0,4.0,False,simple,0,13,6,0,1,0.46153846153846156,False,0,7,7,0,0,0,0.0,False,6,1,0.0,7,1,3,True,0,6,0.0,6,0,0,1.0,False,0,0,0,0,1
367,integer_overflow_1,,data/smartbugs_curated/dataset/arithmetic/integer_overflow_1.sol,,smartbugs_curated,False,False,False,False,False,False,False,False,False,False,False,False,False,False,False,False,False,False,False,False,False,False,True,False,False,0,0,2,2,0,1,0,1,0,19,1,1,1.0,0,12,0.631578947368421,0,0,0,0,2,0,0,0,0,1,1,0.0,0.0,2.0,4.0,False,simple,0,3,1,0,1,0.3333333333333333,False,0,2,2,0,0,0,0.0,False,1,1,0.0,2,1,1,True,0,1,0.0,1,0,0,1.0,False,0,0,0,0,1
368,token,,data/smartbugs_curated/dataset/arithmetic/token.sol,,smartbugs_curated,False,False,False,False,False,False,False,False,False,False,False,False,False,False,False,False,False,False,False,False,False,False,True,False,False,0,1,5,3,0,2,0,1,0,24,1,1,1.0,0,7,0.2916666666666667,0,0,0,0,6,0,0,1,0,3,1,0.0,0.0,10.0,20.0,False,simple,0,9,6,0,4,0.6666666666666666,False,2,3,3,1,1,0,0.0,False,3,0,0.3333333333333333,3,2,2,True,0,4,0.0,3,0,0,1.0,False,0,0,0,0,1
369,integer_overflow_minimal,,data/smartbugs_curated/dataset/arithmetic/integer_overflow_minimal.sol,,smartbugs_curated,False,False,False,False,False,False,False,False,False,False,False,False,False,False,False,False,False,False,False,False,False,False,True,False,False,0,0,2,2,0,1,0,1,0,15,1,1,1.0,0,8,0.5333333333333333,0,0,0,0,2,0,0,0,0,1,1,0.0,0.0,2.0,4.0,False,simple,0,3,1,0,1,0.3333333333333333,False,0,2,2,0,0,0,0.0,False,1,1,0.0,2,1,1,True,0,1,0.0,1,0,0,1.0,False,0,0,0,0,1
370,integer_overflow_mapping_sym_1,,data/smartbugs_curated/dataset/arithmetic/integer_overflow_mapping_sym_1.sol,,smartbugs_curated,False,False,False,False,False,False,False,False,False,False,False,False,False,False,False,False,False,False,False,False,False,False,True,False,False,0,0,2,1,0,1,0,1,0,14,1,1,1.0,0,7,0.5,0,0,0,0,2,0,0,0,0,1,1,0.0,0.0,2.0,4.0,False,simple,0,2,1,0,1,0.5,False,0,1,1,0,0,0,0.0,False,1,0,0.0,1,1,1,True,0,2,0.0,1,0,0,1.0,False,0,0,0,0,1
371,insecure_transfer,,data/smartbugs_curated/dataset/arithmetic/insecure_transfer.sol,,smartbugs_curated,False,False,False,False,False,False,False,False,False,False,False,False,False,False,False,False,False,False,False,False,False,False,True,False,False,0,1,4,1,0,1,0,1,0,17,1,1,1.0,0,8,0.47058823529411764,0,0,0,0,5,0,0,1,0,3,1,0.0,0.0,9.0,14.999999999999998,False,simple,0,4,3,0,3,0.75,False,0,1,1,1,1,0,0.0,False,1,0,1.0,1,1,1,True,0,2,0.0,1,0,0,1.0,False,0,0,0,0,1
372,integer_overflow_multitx_onefunc_feasible,,data/smartbugs_curated/dataset/arithmetic/integer_overflow_multitx_onefunc_feasible.sol,,smartbugs_curated,False,False,False,False,False,False,False,False,False,False,False,False,False,False,False,False,False,False,False,False,False,False,True,False,False,0,0,2,2,0,2,0,3,0,20,1,1,2.0,0,8,0.4,0,0,0,0,2,0,0,0,0,1,1,0.0,0.0,2.0,4.0,False,simple,0,8,6,0,3,0.75,False,1,4,2,0,0,0,0.0,False,1,1,0.0,2,2,1,True,0,1,0.0,1,0,0,1.0,False,0,0,0,0,1
373,integer_overflow_add,,data/smartbugs_curated/dataset/arithmetic/integer_overflow_add.sol,,smartbugs_curated,False,False,False,False,False,False,False,False,False,False,False,False,False,False,False,False,False,False,False,False,False,False,True,False,False,0,0,2,2,0,1,0,1,0,15,1,1,1.0,0,8,0.5333333333333333,0,0,0,0,2,0,0,0,0,1,1,0.0,0.0,2.0,4.0,False,simple,0,3,1,0,1,0.3333333333333333,False,0,2,2,0,0,0,0.0,False,1,1,0.0,2,1,1,True,0,1,0.0,1,0,0,1.0,False,0,0,0,0,1
374,tokensalechallenge,,data/smartbugs_curated/dataset/arithmetic/tokensalechallenge.sol,,smartbugs_curated,False,False,False,False,False,False,False,False,False,False,False,False,False,False,False,False,False,False,False,False,False,False,True,False,False,0,0,2,5,1,2,0,1,0,28,1,1,1.0,0,8,0.2857142857142857,2,0,0,0,2,0,0,0,0,1,1,0.0,0.0,2.0,4.0,False,simple,0,12,7,0,3,0.5833333333333334,False,1,5,5,4,1,1,0.2,False,4,1,0.8,3,2,2,True,1,3,2.0,3,0,0,1.0,False,0,0,0,0,1
375,integer_overflow_mul,,data/smartbugs_curated/dataset/arithmetic/integer_overflow_mul.sol,,smartbugs_curated,False,False,False,False,False,False,False,False,False,False,False,False,False,False,False,False,False,False,False,False,False,False,True,False,False,0,0,2,2,0,1,0,1,0,15,1,1,1.0,0,8,0.5333333333333333,0,0,0,0,2,0,0,0,0,1,1,0.0,0.0,2.0,4.0,False,simple,0,3,1,0,1,0.3333333333333333,False,0,2,2,0,0,0,0.0,False,1,1,0.0,2,1,1,True,0,1,0.0,1,0,0,1.0,False,0,0,0,0,1
376,0x941d225236464a25eb18076df7da6a91d0f95e9e,,data/smartbugs_curated/dataset/reentrancy/0x941d225236464a25eb18076df7da6a91d0f95e9e.sol,,smartbugs_curated,True,False,False,True,False,True,False,False,False,False,False,False,False,False,False,False,False,False,False,False,False,False,True,False,False,2,0,16,5,4,4,0,5,1,65,2,1,2.2,0,6,0.09230769230769231,3,0,0,0,17,3,0,2,0,8,3,0.0,0.0,36.0,85.95,True,simple,0,17,15,0,4,0.8823529411764706,False,0,11,5,0,0,4,1.0,False,4,1,0.0,5,4,2,True,4,2,0.5,2,0,0,1.0,False,0,0,0,0,1
377,0x23a91059fdc9579a9fbd0edc5f2ea0bfdb70deb4,,data/smartbugs_curated/dataset/reentrancy/0x23a91059fdc9579a9fbd0edc5f2ea0bfdb70deb4.sol,,smartbugs_curated,True,False,False,True,False,False,False,False,False,False,False,False,False,False,False,False,False,False,False,False,False,False,True,False,False,2,0,14,5,4,3,0,5,1,60,2,1,2.2,0,6,0.1,2,0,0,0,16,2,0,2,0,7,3,0.0,0.0,34.0,84.5142857142857,True,simple,0,16,14,0,4,0.875,False,0,11,5,0,0,4,1.0,False,4,1,0.0,5,3,2,True,4,2,0.5,2,0,0,1.0,False,0,0,0,0,1
378,etherstore,,data/smartbugs_curated/dataset/reentrancy/etherstore.sol,,smartbugs_curated,True,False,True,True,False,False,False,False,False,False,False,False,False,False,False,False,False,False,False,False,False,False,True,False,False,1,0,5,3,2,3,0,1,1,26,1,1,1.0,0,9,0.34615384615384615,1,0,0,0,5,2,0,1,0,6,4,0.0,0.0,15.0,15.999999999999998,True,simple,0,10,7,0,6,0.7,False,0,3,3,1,1,2,0.6666666666666666,False,2,1,0.3333333333333333,3,3,1,True,2,1,0.5,1,0,0,1.0,False,0,0,0,0,1
379,0xbe4041d55db380c5ae9d4a9b9703f1ed4e7e3888,,data/smartbugs_curated/dataset/reentrancy/0xbe4041d55db380c5ae9d4a9b9703f1ed4e7e3888.sol,,smartbugs_curated,True,False,True,True,False,False,False,False,False,False,False,False,False,False,False,False,False,False,False,False,False,False,True,False,False,2,0,26,6,4,4,0,5,1,86,2,1,2.6666666666666665,0,6,0.06976744186046512,3,0,0,0,25,4,0,2,0,8,4,0.0,0.0,46.0,159.85,True,simple,0,29,26,0,5,0.896551724137931,False,2,16,6,1,1,4,0.8,False,6,0,0.16666666666666666,5,4,4,True,4,4,1.0,4,0,0,1.0,False,0,0,0,0,1
380,0xb5e1b1ee15c6fa0e48fce100125569d430f1bd12,,data/smartbugs_curated/dataset/reentrancy/0xb5e1b1ee15c6fa0e48fce100125569d430f1bd12.sol,,smartbugs_curated,True,False,False,True,False,False,False,False,False,False,False,False,False,False,False,False,False,False,False,False,False,False,True,False,False,2,0,15,5,4,3,0,5,1,62,2,1,2.2,0,6,0.0967741935483871,3,0,0,0,17,2,0,2,0,7,3,0.0,0.0,35.0,92.0,True,simple,0,16,14,0,4,0.875,False,0,11,5,0,0,4,1.0,False,4,1,0.0,5,3,2,True,4,2,0.5,2,0,0,1.0,False,0,0,0,0,1
381,etherbank,,data/smartbugs_curated/dataset/reentrancy/etherbank.sol,,smartbugs_curated,True,False,False,True,False,False,False,False,False,False,False,False,False,False,False,False,False,False,False,False,False,False,True,False,False,1,0,4,3,2,1,0,3,1,21,1,1,1.6666666666666667,0,6,0.2857142857142857,0,0,0,0,4,1,0,1,0,4,3,0.0,0.0,14.0,16.45,True,simple,0,10,7,0,4,0.7,False,2,5,3,0,0,2,1.0,False,3,0,0.0,3,1,0,True,2,1,0.0,1,0,0,1.0,False,0,0,0,0,1
382,modifier_reentrancy,,data/smartbugs_curated/dataset/reentrancy/modifier_reentrancy.sol,,smartbugs_curated,True,False,False,False,False,False,False,False,False,False,False,False,False,False,False,False,False,False,False,False,True,False,True,False,False,0,1,4,2,0,2,2,1,0,43,3,1,1.0,0,9,0.20930232558139536,0,0,0,0,4,1,0,1,0,4,3,0.0,0.0,9.0,10.575,True,simple,0,5,3,0,3,0.6,False,0,2,2,2,1,0,0.0,False,1,1,1.0,3,2,0,True,0,0,0.0,0,0,0,1.0,False,0,0,0,0,1
383,reentrance,,data/smartbugs_curated/dataset/reentrancy/reentrance.sol,,smartbugs_curated,True,False,False,True,False,False,False,False,False,False,False,False,False,False,False,False,False,False,False,False,False,False,True,False,False,1,0,7,4,2,1,0,5,1,25,1,1,2.0,0,6,0.24,2,0,0,0,7,1,0,1,0,5,3,0.0,0.0,17.0,26.180000000000003,True,simple,0,12,10,0,4,0.8333333333333334,False,1,8,4,0,0,2,1.0,False,4,0,0.0,4,1,2,True,2,3,1.0,3,0,0,1.0,False,0,0,0,0,1
384,0x4e73b32ed6c35f570686b89848e5f39f20ecc106,,data/smartbugs_curated/dataset/reentrancy/0x4e73b32ed6c35f570686b89848e5f39f20ecc106.sol,,smartbugs_curated,True,False,False,True,False,False,False,False,False,False,False,False,False,False,False,False,False,False,False,False,False,False,True,False,False,2,0,20,6,4,4,0,5,1,78,2,1,1.6666666666666667,0,6,0.07692307692307693,3,0,0,0,21,2,0,2,0,6,3,0.0,0.0,40.0,149.33333333333334,True,simple,0,20,16,0,4,0.8,False,0,10,6,3,1,4,0.5714285714285714,False,6,0,0.5,4,4,3,True,4,3,0.75,3,0,0,1.0,False,0,0,0,0,1
385,0xb93430ce38ac4a6bb47fb1fc085ea669353fd89e,,data/smartbugs_curated/dataset/reentrancy/0xb93430ce38ac4a6bb47fb1fc085ea669353fd89e.sol,,smartbugs_curated,True,False,False,True,False,False,False,False,False,False,False,False,False,False,False,False,False,False,False,False,False,False,True,False,False,2,0,14,5,4,3,0,5,1,60,2,1,2.2,0,6,0.1,2,0,0,0,16,2,0,2,0,7,3,0.0,0.0,34.0,84.5142857142857,True,simple,0,16,14,0,4,0.875,False,0,11,5,0,0,4,1.0,False,4,1,0.0,5,3,2,True,4,2,0.5,2,0,0,1.0,False,0,0,0,0,1
386,0xbaf51e761510c1a11bf48dd87c0307ac8a8c8a4f,,data/smartbugs_curated/dataset/reentrancy/0xbaf51e761510c1a11bf48dd87c0307ac8a8c8a4f.sol,,smartbugs_curated,True,False,False,True,False,False,False,False,False,False,False,False,False,False,False,False,False,False,False,False,False,False,True,False,False,2,0,15,5,4,3,0,5,1,63,2,1,2.2,0,6,0.09523809523809523,3,0,0,0,17,2,0,2,0,7,3,0.0,0.0,35.0,92.0,True,simple,0,16,14,0,4,0.875,False,0,11,5,0,0,4,1.0,False,4,1,0.0,5,3,2,True,4,2,0.5,2,0,0,1.0,False,0,0,0,0,1
387,0xaae1f51cf3339f18b6d3f3bdc75a5facd744b0b8,,data/smartbugs_curated/dataset/reentrancy/0xaae1f51cf3339f18b6d3f3bdc75a5facd744b0b8.sol,,smartbugs_curated,True,False,False,True,False,False,False,False,False,False,False,False,False,False,False,False,False,False,False,False,False,False,True,False,False,2,0,22,6,4,4,0,5,1,78,2,1,2.3333333333333335,0,6,0.07692307692307693,3,0,0,0,23,2,0,2,0,7,3,0.0,0.0,42.0,146.4,True,simple,0,24,20,0,4,0.8333333333333334,False,2,14,6,1,1,4,0.8,False,6,0,0.16666666666666666,5,4,3,True,4,3,0.75,3,0,0,1.0,False,0,0,0,0,1
388,0x01f8c4e3fa3edeb29e514cba738d87ce8c091d3f,,data/smartbugs_curated/dataset/reentrancy/0x01f8c4e3fa3edeb29e514cba738d87ce8c091d3f.sol,,smartbugs_curated,True,False,False,True,False,False,False,False,False,False,False,False,False,False,False,False,False,False,False,False,False,False,True,False,False,2,0,20,7,4,4,0,5,1,78,2,1,2.142857142857143,0,6,0.07692307692307693,3,0,0,0,21,2,0,2,0,6,3,0.0,0.0,40.0,149.33333333333334,True,simple,0,26,23,0,4,0.8846153846153846,False,0,15,7,3,1,4,0.5714285714285714,False,6,1,0.42857142857142855,5,4,3,True,4,3,0.75,3,0,0,1.0,False,0,0,0,0,1
389,reentrancy_insecure,,data/smartbugs_curated/dataset/reentrancy/reentrancy_insecure.sol,,smartbugs_curated,True,False,False,True,False,False,False,False,False,False,False,False,False,False,False,False,False,False,False,False,False,False,True,False,False,1,0,4,1,2,1,0,1,1,17,1,1,1.0,0,7,0.4117647058823529,0,0,0,0,4,1,0,1,0,4,3,0.0,0.0,14.0,16.45,True,simple,0,6,5,0,5,0.8333333333333334,False,0,1,1,1,1,2,0.6666666666666666,False,1,0,1.0,1,1,0,True,2,0,0.0,0,0,0,1.0,False,0,0,0,0,1
390,simple_dao,,data/smartbugs_curated/dataset/reentrancy/simple_dao.sol,,smartbugs_curated,True,False,False,True,False,False,False,False,False,False,False,False,False,False,False,False,False,False,False,False,False,False,True,False,False,1,0,3,3,2,1,0,3,1,22,1,1,1.6666666666666667,0,6,0.2727272727272727,1,0,0,0,3,1,0,1,0,3,3,0.0,0.0,13.0,16.03333333333333,True,simple,0,9,7,0,3,0.7777777777777778,False,1,5,3,0,0,2,1.0,False,3,0,0.0,3,1,2,True,2,3,1.0,3,0,0,1.0,False,0,0,0,0,1
391,0x4320e6f8c05b27ab4707cd1f6d5ce6f3e4b3a5a1,,data/smartbugs_curated/dataset/reentrancy/0x4320e6f8c05b27ab4707cd1f6d5ce6f3e4b3a5a1.sol,,smartbugs_curated,True,False,False,True,False,False,False,False,False,False,False,False,False,False,False,False,False,False,False,False,False,False,True,False,False,2,0,20,7,4,4,0,5,1,78,2,1,2.142857142857143,0,6,0.07692307692307693,3,0,0,0,21,2,0,2,0,6,3,0.0,0.0,40.0,149.33333333333334,True,simple,0,26,23,0,4,0.8846153846153846,False,0,15,7,3,1,4,0.5714285714285714,False,6,1,0.42857142857142855,5,4,3,True,4,3,0.75,3,0,0,1.0,False,0,0,0,0,1
392,0x7541b76cb60f4c60af330c208b0623b7f54bf615,,data/smartbugs_curated/dataset/reentrancy/0x7541b76cb60f4c60af330c208b0623b7f54bf615.sol,,smartbugs_curated,True,False,True,True,False,False,False,False,False,False,False,False,False,False,False,False,False,False,False,False,False,False,True,False,False,2,0,19,5,4,3,0,5,1,71,2,1,2.2,0,6,0.08450704225352113,3,0,0,0,19,4,0,2,0,8,4,0.0,0.0,39.0,106.275,True,simple,0,21,19,0,6,0.9047619047619048,False,0,11,5,1,1,4,0.8,False,4,1,0.2,4,3,3,True,4,3,0.75,3,0,0,1.0,False,0,0,0,0,1
393,0x561eac93c92360949ab1f1403323e6db345cbf31,,data/smartbugs_curated/dataset/reentrancy/0x561eac93c92360949ab1f1403323e6db345cbf31.sol,,smartbugs_curated,True,False,False,True,False,False,False,False,False,False,False,False,False,False,False,False,False,False,False,False,False,False,True,False,False,2,0,22,6,4,4,0,5,1,78,2,1,2.3333333333333335,0,6,0.07692307692307693,3,0,0,0,23,2,0,2,0,7,3,0.0,0.0,42.0,146.4,True,simple,0,24,20,0,4,0.8333333333333334,False,2,14,6,1,1,4,0.8,False,6,0,0.16666666666666666,5,4,3,True,4,3,0.75,3,0,0,1.0,False,0,0,0,0,1
394,reentrancy_cross_function,,data/smartbugs_curated/dataset/reentrancy/reentrancy_cross_function.sol,,smartbugs_curated,True,False,False,True,False,False,False,False,False,False,False,False,False,False,False,False,False,False,False,False,False,False,True,False,False,1,1,4,2,2,1,0,3,1,23,1,1,2.0,0,7,0.30434782608695654,0,0,0,0,5,1,0,2,0,5,3,0.0,0.0,19.0,21.659999999999997,True,simple,0,11,10,0,5,0.9090909090909091,False,0,4,2,1,1,2,0.6666666666666666,False,2,0,0.5,2,1,1,True,2,2,0.5,1,0,0,1.0,False,0,0,0,0,1
395,spank_chain_payment,,data/smartbugs_curated/dataset/reentrancy/spank_chain_payment.sol,,smartbugs_curated,True,True,True,True,True,True,True,False,False,False,False,False,False,False,True,False,False,False,False,False,False,False,True,False,False,3,17,98,5,0,1,0,1,0,778,5,1,1.0,0,120,0.15424164524421594,0,0,0,0,93,35,0,20,3,18,6,0.0,0.0,213.0,1390.4166666666667,True,simple,0,0,0,0,0,0.0,False,0,0,5,0,0,0,0.0,False,5,0,0.0,5,1,0,False,0,10,0.0,5,0,0,1.0,False,0,0,0,0,1
396,0x7b368c4e805c3870b6c49a3f1f49f69af8662cf3,,data/smartbugs_curated/dataset/reentrancy/0x7b368c4e805c3870b6c49a3f1f49f69af8662cf3.sol,,smartbugs_curated,True,False,True,True,False,False,False,False,False,False,False,False,False,False,False,False,False,False,False,False,False,False,True,False,False,2,0,19,5,4,3,0,5,1,71,2,1,2.2,0,6,0.08450704225352113,3,0,0,0,19,4,0,2,0,8,4,0.0,0.0,39.0,106.275,True,simple,0,21,19,0,6,0.9047619047619048,False,0,11,5,1,1,4,0.8,False,4,1,0.2,4,3,3,True,4,3,0.75,3,0,0,1.0,False,0,0,0,0,1
397,0x7a8721a9d64c74da899424c1b52acbf58ddc9782,,data/smartbugs_curated/dataset/reentrancy/0x7a8721a9d64c74da899424c1b52acbf58ddc9782.sol,,smartbugs_curated,True,False,False,True,False,False,False,False,False,False,False,False,False,False,False,False,False,False,False,False,False,False,True,False,False,2,0,15,6,5,4,1,5,1,70,2,1,2.0,0,6,0.08571428571428572,2,0,0,0,17,2,0,2,0,7,3,0.0,0.0,35.0,92.0,True,simple,0,20,17,0,4,0.85,False,0,12,6,1,1,5,0.8333333333333334,False,5,1,0.16666666666666666,6,4,2,True,4,2,0.5,2,0,0,1.0,False,0,0,0,0,1
398,0xf015c35649c82f5467c9c74b7f28ee67665aad68,,data/smartbugs_curated/dataset/reentrancy/0xf015c35649c82f5467c9c74b7f28ee67665aad68.sol,,smartbugs_curated,True,False,True,True,False,False,False,False,False,False,False,False,False,False,False,False,False,False,False,False,False,False,True,False,False,2,0,19,5,4,3,0,5,1,71,2,1,2.2,0,6,0.08450704225352113,3,0,0,0,19,4,0,2,0,8,4,0.0,0.0,39.0,106.275,True,simple,0,21,19,0,6,0.9047619047619048,False,0,11,5,1,1,4,0.8,False,4,1,0.2,4,3,3,True,4,3,0.75,3,0,0,1.0,False,0,0,0,0,1
399,0x8c7777c45481dba411450c228cb692ac3d550344,,data/smartbugs_curated/dataset/reentrancy/0x8c7777c45481dba411450c228cb692ac3d550344.sol,,smartbugs_curated,True,False,False,True,False,False,False,False,False,False,False,False,False,False,False,False,False,False,False,False,False,False,True,False,False,2,0,15,5,4,3,0,5,1,63,2,1,2.2,0,6,0.09523809523809523,3,0,0,0,17,2,0,2,0,7,3,0.0,0.0,35.0,92.0,True,simple,0,16,14,0,4,0.875,False,0,11,5,0,0,4,1.0,False,4,1,0.0,5,3,2,True,4,2,0.5,2,0,0,1.0,False,0,0,0,0,1
400,0x627fa62ccbb1c1b04ffaecd72a53e37fc0e17839,,data/smartbugs_curated/dataset/reentrancy/0x627fa62ccbb1c1b04ffaecd72a53e37fc0e17839.sol,,smartbugs_curated,True,False,False,True,False,False,False,False,False,False,False,False,False,False,False,False,False,True,False,False,False,False,True,False,False,2,1,20,3,0,2,1,3,0,88,3,1,1.6666666666666667,0,7,0.07954545454545454,0,0,0,0,18,5,0,3,0,9,4,0.0,0.0,45.0,107.5,True,simple,0,8,6,0,2,0.75,False,0,5,3,1,1,0,0.0,False,2,1,0.3333333333333333,3,2,1,True,0,1,0.0,1,0,0,1.0,False,0,0,0,0,1
401,reentrancy_bonus,,data/smartbugs_curated/dataset/reentrancy/reentrancy_bonus.sol,,smartbugs_curated,True,True,False,True,False,False,False,False,False,False,False,False,False,False,False,False,False,False,False,False,True,False,True,False,False,2,0,6,2,2,3,0,1,1,25,1,1,1.0,0,7,0.28,0,0,0,0,5,3,0,2,0,7,5,0.0,0.0,26.0,26.37142857142857,True,simple,0,11,9,0,5,0.8181818181818182,False,0,2,2,3,1,2,0.4,False,2,0,1.5,1,3,2,True,2,2,1.0,2,0,0,1.0,False,0,0,0,0,1
402,0xcead721ef5b11f1a7b530171aab69b16c5e66b6e,,data/smartbugs_curated/dataset/reentrancy/0xcead721ef5b11f1a7b530171aab69b16c5e66b6e.sol,,smartbugs_curated,True,False,True,True,False,False,False,False,False,False,False,False,False,False,False,False,False,False,False,False,False,False,True,False,False,2,0,18,5,4,3,0,5,1,71,2,1,2.2,0,6,0.08450704225352113,3,0,0,0,18,4,0,2,0,8,4,0.0,0.0,38.0,98.8,True,simple,0,21,19,0,6,0.9047619047619048,False,0,11,5,1,1,4,0.8,False,4,1,0.2,4,3,3,True,4,3,0.75,3,0,0,1.0,False,0,0,0,0,1
403,reentrancy_simple,,data/smartbugs_curated/dataset/reentrancy/reentrancy_simple.sol,,smartbugs_curated,True,False,False,True,False,False,False,False,False,False,False,False,False,False,False,False,False,False,False,False,False,False,True,False,False,1,0,4,3,2,1,0,3,1,24,1,1,1.6666666666666667,0,8,0.3333333333333333,1,0,0,0,4,1,0,1,0,4,3,0.0,0.0,14.0,16.45,True,simple,0,9,6,0,3,0.6666666666666666,False,2,5,3,0,0,2,1.0,False,3,0,0.0,3,1,0,True,2,1,0.0,1,0,0,1.0,False,0,0,0,0,1
404,0x96edbe868531bd23a6c05e9d0c424ea64fb1b78b,,data/smartbugs_curated/dataset/reentrancy/0x96edbe868531bd23a6c05e9d0c424ea64fb1b78b.sol,,smartbugs_curated,True,False,True,True,False,False,False,False,False,False,False,False,False,False,False,False,False,False,False,False,False,False,True,False,False,2,0,26,6,4,4,0,5,1,86,2,1,2.6666666666666665,0,6,0.06976744186046512,3,0,0,0,25,4,0,2,0,8,4,0.0,0.0,46.0,159.85,True,simple,0,29,26,0,5,0.896551724137931,False,2,16,6,1,1,4,0.8,False,6,0,0.16666666666666666,5,4,4,True,4,4,1.0,4,0,0,1.0,False,0,0,0,0,1
405,0x93c32845fae42c83a70e5f06214c8433665c2ab5,,data/smartbugs_curated/dataset/reentrancy/0x93c32845fae42c83a70e5f06214c8433665c2ab5.sol,,smartbugs_curated,True,False,True,True,False,False,False,False,False,False,False,False,False,False,False,False,False,False,False,False,False,False,True,False,False,2,0,19,5,4,3,0,5,1,71,2,1,2.2,0,6,0.08450704225352113,3,0,0,0,19,4,0,2,0,8,4,0.0,0.0,39.0,106.275,True,simple,0,21,19,0,6,0.9047619047619048,False,0,11,5,1,1,4,0.8,False,4,1,0.2,4,3,3,True,4,3,0.75,3,0,0,1.0,False,0,0,0,0,1
406,reentrancy_dao,,data/smartbugs_curated/dataset/reentrancy/reentrancy_dao.sol,,smartbugs_curated,True,False,False,True,False,False,False,False,False,False,False,False,False,False,False,False,False,False,False,False,False,False,True,False,False,1,0,3,2,2,2,0,3,1,24,1,1,2.0,0,6,0.25,1,0,0,0,3,1,0,1,0,3,3,0.0,0.0,13.0,16.03333333333333,True,simple,0,11,10,0,6,0.9090909090909091,False,0,4,2,1,1,2,0.6666666666666666,False,2,0,0.5,2,2,0,True,2,0,0.0,0,0,0,1.0,False,0,0,0,0,1
407,0x610495793564aed0f9c7fc48dc4c7c9151d34fd6,,data/smartbugs_curated/dataset/unchecked_low_level_calls/0x610495793564aed0f9c7fc48dc4c7c9151d34fd6.sol,,smartbugs_curated,False,False,False,True,False,False,False,False,False,False,False,False,False,False,False,False,False,False,False,False,False,False,True,False,False,0,1,8,5,3,2,1,1,1,27,1,1,1.0,0,6,0.2222222222222222,1,0,0,0,8,2,0,1,0,6,2,0.0,0.0,13.0,20.366666666666667,False,simple,0,12,7,0,2,0.5833333333333334,False,0,5,5,5,1,3,0.375,False,4,1,1.0,4,2,2,True,3,4,0.6666666666666666,2,0,0,1.0,False,0,0,0,0,1
408,0xb0510d68f210b7db66e8c7c814f22680f2b8d1d6,,data/smartbugs_curated/dataset/unchecked_low_level_calls/0xb0510d68f210b7db66e8c7c814f22680f2b8d1d6.sol,,smartbugs_curated,False,False,False,True,False,False,False,False,False,False,False,False,False,False,False,False,False,True,False,False,True,False,True,False,False,0,5,18,7,16,6,0,1,4,108,3,1,1.0,0,22,0.2037037037037037,3,1,0,0,11,14,0,5,0,10,3,0.0,0.0,43.0,89.44,True,moderate,1,31,24,0,9,0.7741935483870968,False,2,7,7,6,2,16,0.7272727272727273,False,7,0,0.8571428571428571,4,6,1,True,13,2,0.07692307692307693,1,0,0,1.0,False,0,0,0,0,1
409,0xbebbfe5b549f5db6e6c78ca97cac19d1fb03082c,,data/smartbugs_curated/dataset/unchecked_low_level_calls/0xbebbfe5b549f5db6e6c78ca97cac19d1fb03082c.sol,,smartbugs_curated,False,False,False,True,False,False,False,False,False,False,False,False,False,False,False,False,False,True,False,False,False,False,True,False,False,1,1,12,3,2,1,1,1,1,35,2,1,1.0,0,6,0.17142857142857143,1,0,0,0,11,4,0,2,0,9,4,0.0,0.0,27.0,41.4,True,simple,0,6,3,0,2,0.5,False,0,3,3,1,1,2,0.6666666666666666,False,2,1,0.3333333333333333,3,1,2,False,2,3,1.0,2,0,0,1.0,False,0,0,0,0,1
410,0x7a4349a749e59a5736efb7826ee3496a2dfd5489,,data/smartbugs_curated/dataset/unchecked_low_level_calls/0x7a4349a749e59a5736efb7826ee3496a2dfd5489.sol,,smartbugs_curated,False,True,False,True,False,False,False,False,False,False,False,False,False,False,False,False,False,False,False,False,False,False,True,False,False,1,1,7,5,5,1,0,3,1,39,1,1,1.8,0,6,0.15384615384615385,4,0,0,0,7,3,0,2,0,7,3,0.0,0.0,22.0,28.6,True,simple,0,16,13,0,4,0.8125,False,0,9,5,4,1,5,0.5555555555555556,False,4,1,0.8,4,1,1,True,5,2,0.2,1,0,0,1.0,False,0,0,0,0,1
411,0x958a8f594101d2c0485a52319f29b2647f2ebc06,,data/smartbugs_curated/dataset/unchecked_low_level_calls/0x958a8f594101d2c0485a52319f29b2647f2ebc06.sol,,smartbugs_curated,False,True,True,True,True,False,False,False,False,False,False,False,False,False,False,False,False,False,False,False,False,False,True,False,False,1,1,16,4,2,2,1,3,1,124,2,1,1.5,0,31,0.25,0,0,0,0,15,7,0,2,1,10,5,0.0,0.0,31.0,61.69,True,simple,0,12,9,0,2,0.75,False,0,6,4,2,1,2,0.5,False,4,0,0.5,3,2,2,True,2,4,1.0,2,0,0,1.0,False,0,0,0,0,1
412,etherpot_lotto,,data/smartbugs_curated/dataset/unchecked_low_level_calls/etherpot_lotto.sol,,smartbugs_curated,False,False,True,True,True,False,False,False,False,False,False,False,False,False,False,False,False,False,False,False,False,False,True,False,False,1,2,7,15,2,4,0,8,0,115,1,1,2.4,0,23,0.2,0,0,0,0,3,7,0,3,2,6,4,0.0,0.0,27.0,35.55,True,moderate,1,81,70,1,14,0.8641975308641975,False,17,36,15,9,3,2,0.18181818181818182,False,14,1,0.6,11,4,1,True,2,16,0.5,10,0,0,1.0,False,0,0,0,0,1
413,0x0cbe050f75bc8f8c2d6c0d249fea125fd6e1acc9,,data/smartbugs_curated/dataset/unchecked_low_level_calls/0x0cbe050f75bc8f8c2d6c0d249fea125fd6e1acc9.sol,,smartbugs_curated,False,False,False,True,False,False,False,False,False,False,False,False,False,False,False,False,False,False,False,False,False,False,True,False,False,0,1,4,1,1,0,0,1,1,12,1,1,1.0,0,6,0.5,0,0,0,0,3,2,0,1,0,4,2,0.0,0.0,9.0,9.9,False,simple,0,2,1,0,1,0.5,False,0,1,1,0,0,1,1.0,False,1,0,0.0,1,0,1,False,1,1,1.0,1,0,0,1.0,False,0,0,0,0,1
414,lotto,,data/smartbugs_curated/dataset/unchecked_low_level_calls/lotto.sol,,smartbugs_curated,False,True,False,True,True,False,False,False,False,False,True,False,False,False,False,False,False,False,False,False,False,False,True,False,False,3,2,3,3,2,3,0,1,0,23,1,1,1.0,0,8,0.34782608695652173,0,0,0,0,6,4,0,5,1,6,5,0.0,0.0,43.0,63.06666666666666,True,simple,0,8,5,0,3,0.625,False,0,3,3,3,1,2,0.4,False,2,1,1.0,3,3,0,True,2,0,0.0,0,0,0,1.0,False,0,0,0,0,1
415,0x5aa88d2901c68fda244f1d0584400368d2c8e739,,data/smartbugs_curated/dataset/unchecked_low_level_calls/0x5aa88d2901c68fda244f1d0584400368d2c8e739.sol,,smartbugs_curated,False,False,False,True,False,False,False,False,False,False,False,False,False,False,False,False,False,False,False,False,False,False,True,False,False,0,1,7,5,4,1,0,3,1,35,1,1,1.4,0,6,0.17142857142857143,4,0,0,0,6,3,0,1,0,6,2,0.0,0.0,12.0,16.2,False,simple,0,12,8,0,2,0.6666666666666666,False,0,7,5,4,1,4,0.5,False,4,1,0.8,4,1,2,True,4,3,0.5,2,0,0,1.0,False,0,0,0,0,1
416,0xe82f0742a71a02b9e9ffc142fdcb6eb1ed06fb87,,data/smartbugs_curated/dataset/unchecked_low_level_calls/0xe82f0742a71a02b9e9ffc142fdcb6eb1ed06fb87.sol,,smartbugs_curated,False,True,False,True,False,False,False,False,False,False,False,False,False,False,False,False,False,False,False,False,False,False,True,False,False,1,1,7,5,5,1,0,3,1,35,1,1,1.8,0,6,0.17142857142857143,4,0,0,0,7,3,0,2,0,7,3,0.0,0.0,22.0,28.6,True,simple,0,16,13,0,4,0.8125,False,0,9,5,4,1,5,0.5555555555555556,False,4,1,0.8,4,1,1,True,5,2,0.2,1,0,0,1.0,False,0,0,0,0,1
417,0xa46edd6a9a93feec36576ee5048146870ea2c3ae,,data/smartbugs_curated/dataset/unchecked_low_level_calls/0xa46edd6a9a93feec36576ee5048146870ea2c3ae.sol,,smartbugs_curated,False,False,False,True,False,False,False,False,False,False,False,False,False,False,False,False,False,False,False,False,False,False,True,False,False,0,1,7,1,1,0,0,4,1,17,1,1,4.0,0,6,0.35294117647058826,0,0,0,0,5,4,0,1,0,7,2,0.0,0.0,12.0,13.37142857142857,False,simple,0,10,10,1,7,1.0,False,1,4,1,2,1,1,0.3333333333333333,False,1,0,2.0,2,0,1,False,1,4,1.0,1,0,0,1.0,False,0,0,0,0,1
418,0x78c2a1e91b52bca4130b6ed9edd9fbcfd4671c37,,data/smartbugs_curated/dataset/unchecked_low_level_calls/0x78c2a1e91b52bca4130b6ed9edd9fbcfd4671c37.sol,,smartbugs_curated,False,True,False,True,False,False,False,False,False,False,False,False,False,False,False,False,False,False,False,False,False,False,True,False,False,1,1,6,6,5,2,0,3,1,40,1,1,1.6666666666666667,0,6,0.15,4,0,0,0,6,3,0,2,0,7,3,0.0,0.0,21.0,24.3,True,simple,0,17,13,0,4,0.7647058823529411,False,0,10,6,4,1,5,0.5555555555555556,False,4,2,0.6666666666666666,5,2,1,True,5,2,0.2,1,0,0,1.0,False,0,0,0,0,1
419,0x52d2e0f9b01101a59b38a3d05c80b7618aeed984,,data/smartbugs_curated/dataset/unchecked_low_level_calls/0x52d2e0f9b01101a59b38a3d05c80b7618aeed984.sol,,smartbugs_curated,False,True,False,True,False,False,False,True,False,False,False,False,False,False,False,False,False,False,False,False,False,False,True,False,False,3,1,5,2,0,0,0,1,0,29,2,1,1.0,0,6,0.20689655172413793,0,0,0,0,3,6,0,4,0,7,3,0.0,0.0,40.0,41.142857142857146,True,simple,0,0,0,0,0,0.0,False,0,0,2,0,0,0,0.0,False,2,0,0.0,2,0,0,False,0,3,0.0,2,0,0,1.0,False,0,0,0,0,1
420,0x806a6bd219f162442d992bdc4ee6eba1f2c5a707,,data/smartbugs_curated/dataset/unchecked_low_level_calls/0x806a6bd219f162442d992bdc4ee6eba1f2c5a707.sol,,smartbugs_curated,False,True,False,True,False,False,False,False,False,False,False,False,False,False,False,False,False,False,False,False,False,False,True,False,False,1,1,7,5,5,1,0,3,1,39,1,1,1.8,0,6,0.15384615384615385,4,0,0,0,7,3,0,2,0,7,3,0.0,0.0,22.0,28.6,True,simple,0,16,13,0,4,0.8125,False,0,9,5,4,1,5,0.5555555555555556,False,4,1,0.8,4,1,1,True,5,2,0.2,1,0,0,1.0,False,0,0,0,0,1
421,0x524960d55174d912768678d8c606b4d50b79d7b1,,data/smartbugs_curated/dataset/unchecked_low_level_calls/0x524960d55174d912768678d8c606b4d50b79d7b1.sol,,smartbugs_curated,False,False,False,True,False,False,False,False,False,False,False,False,False,False,False,False,False,False,False,False,False,False,True,False,False,0,1,3,1,2,0,0,3,1,21,1,1,3.0,0,6,0.2857142857142857,0,0,0,0,3,1,0,1,0,3,2,0.0,0.0,8.0,9.866666666666665,False,simple,0,13,12,0,11,0.9230769230769231,False,2,3,1,1,1,2,0.6666666666666666,False,1,0,1.0,1,0,0,False,2,0,0.0,0,0,0,1.0,False,0,0,0,0,1
423,0x8fd1e427396ddb511533cf9abdbebd0a7e08da35,,data/smartbugs_curated/dataset/unchecked_low_level_calls/0x8fd1e427396ddb511533cf9abdbebd0a7e08da35.sol,,smartbugs_curated,False,False,False,True,False,False,False,False,False,False,False,False,False,False,False,True,False,True,False,False,False,False,True,False,False,1,2,20,3,0,2,1,3,0,91,3,1,1.6666666666666667,0,8,0.08791208791208792,0,0,0,0,19,4,0,3,0,9,4,0.0,0.0,40.0,96.88888888888889,True,simple,0,8,6,0,2,0.75,False,0,5,3,1,1,0,0.0,False,2,1,0.3333333333333333,3,2,1,True,0,1,0.0,1,0,0,1.0,False,0,0,0,0,1
424,0xf70d589d76eebdd7c12cc5eec99f8f6fa4233b9e,,data/smartbugs_curated/dataset/unchecked_low_level_calls/0xf70d589d76eebdd7c12cc5eec99f8f6fa4233b9e.sol,,smartbugs_curated,False,True,False,True,False,False,False,False,False,False,False,False,False,False,False,False,False,False,False,False,False,False,True,False,False,1,1,7,5,5,1,0,3,1,39,1,1,1.8,0,6,0.15384615384615385,4,0,0,0,7,3,0,2,0,7,3,0.0,0.0,22.0,28.6,True,simple,0,16,13,0,4,0.8125,False,0,9,5,4,1,5,0.5555555555555556,False,4,1,0.8,4,1,1,True,5,2,0.2,1,0,0,1.0,False,0,0,0,0,1
425,0x9d06cbafa865037a01d322d3f4222fa3e04e5488,,data/smartbugs_curated/dataset/unchecked_low_level_calls/0x9d06cbafa865037a01d322d3f4222fa3e04e5488.sol,,smartbugs_curated,False,False,False,True,False,False,False,False,False,False,False,False,False,False,False,False,False,True,False,False,False,False,True,False,False,0,2,15,6,3,5,1,3,1,71,1,1,1.6666666666666667,0,27,0.38028169014084506,2,0,0,0,16,4,0,2,0,8,3,0.0,0.0,25.0,58.75,True,simple,0,35,30,0,9,0.8571428571428571,False,5,10,6,7,2,3,0.3,False,5,1,1.1666666666666667,5,5,3,True,3,3,1.0,3,0,0,1.0,False,0,0,0,0,1
426,0xb7c5c5aa4d42967efe906e1b66cb8df9cebf04f7,,data/smartbugs_curated/dataset/unchecked_low_level_calls/0xb7c5c5aa4d42967efe906e1b66cb8df9cebf04f7.sol,,smartbugs_curated,True,False,False,True,False,False,False,False,False,False,False,False,False,False,False,False,False,False,False,False,False,False,True,False,False,1,1,4,2,2,1,0,1,1,22,1,1,1.0,0,12,0.5454545454545454,1,0,0,0,4,2,0,2,0,5,3,0.0,0.0,19.0,20.52,True,simple,0,5,3,0,2,0.6,False,0,2,2,0,0,2,1.0,False,2,0,0.0,2,1,0,True,2,0,0.0,0,0,0,1.0,False,0,0,0,0,1
427,0x19cf8481ea15427a98ba3cdd6d9e14690011ab10,,data/smartbugs_curated/dataset/unchecked_low_level_calls/0x19cf8481ea15427a98ba3cdd6d9e14690011ab10.sol,,smartbugs_curated,True,True,False,True,False,False,True,True,False,False,False,False,False,False,False,False,False,False,True,False,True,False,True,False,False,2,3,87,1,0,0,0,1,0,402,6,1,1.0,0,82,0.20398009950248755,0,0,0,0,84,15,0,5,0,17,5,0.0,0.0,122.0,678.1764705882354,True,simple,0,0,0,0,0,0.0,False,0,0,1,0,0,0,0.0,False,1,0,0.0,1,0,0,False,0,2,0.0,1,0,0,1.0,False,0,0,0,0,1
428,0x07f7ecb66d788ab01dc93b9b71a88401de7d0f2e,,data/smartbugs_curated/dataset/unchecked_low_level_calls/0x07f7ecb66d788ab01dc93b9b71a88401de7d0f2e.sol,,smartbugs_curated,False,True,True,True,True,True,True,False,False,False,False,False,False,False,False,False,False,False,False,False,True,False,True,False,False,3,2,14,17,7,9,4,5,2,255,2,1,1.2941176470588236,0,66,0.25882352941176473,3,0,0,0,9,11,0,5,1,12,6,0.0,0.0,54.0,75.14999999999999,True,moderate,1,72,57,0,11,0.7916666666666666,False,7,22,17,24,2,7,0.22580645161290322,False,14,3,1.411764705882353,14,9,7,True,7,11,1.0,8,0,0,1.0,False,0,0,0,0,1
429,0xa1fceeff3acc57d257b917e30c4df661401d6431,,data/smartbugs_curated/dataset/unchecked_low_level_calls/0xa1fceeff3acc57d257b917e30c4df661401d6431.sol,,smartbugs_curated,False,False,False,True,False,False,False,False,False,False,False,False,False,False,False,False,False,False,False,False,False,False,True,False,False,0,1,5,2,1,0,1,4,1,29,1,1,2.5,0,6,0.20689655172413793,0,0,0,0,5,2,0,1,0,6,2,0.0,0.0,10.0,10.666666666666666,False,simple,0,14,13,1,10,0.9285714285714286,False,1,5,2,3,1,1,0.25,False,2,0,1.5,4,0,1,False,1,3,1.0,1,0,0,1.0,False,0,0,0,0,1
430,mishandled,,data/smartbugs_curated/dataset/unchecked_low_level_calls/mishandled.sol,,smartbugs_curated,False,False,False,True,False,False,False,False,False,False,False,False,False,False,False,False,False,False,False,False,False,False,True,False,False,0,1,2,1,1,1,0,1,0,15,1,1,1.0,0,6,0.4,0,0,0,0,2,1,0,1,0,2,2,0.0,0.0,7.0,9.45,False,simple,0,4,3,0,3,0.75,False,0,1,1,0,0,1,1.0,False,1,0,0.0,1,1,0,True,1,0,0.0,0,0,0,1.0,False,0,0,0,0,1
431,0xd2018bfaa266a9ec0a1a84b061640faa009def76,,data/smartbugs_curated/dataset/unchecked_low_level_calls/0xd2018bfaa266a9ec0a1a84b061640faa009def76.sol,,smartbugs_curated,False,True,False,True,False,False,False,False,False,False,False,False,False,False,False,False,False,False,False,False,False,False,True,False,False,1,1,7,5,5,1,0,3,1,39,1,1,1.8,0,6,0.15384615384615385,4,0,0,0,7,3,0,2,0,7,3,0.0,0.0,22.0,28.6,True,simple,0,16,13,0,4,0.8125,False,0,9,5,4,1,5,0.5555555555555556,False,4,1,0.8,4,1,1,True,5,2,0.2,1,0,0,1.0,False,0,0,0,0,1
432,0x3a0e9acd953ffc0dd18d63603488846a6b8b2b01,,data/smartbugs_curated/dataset/unchecked_low_level_calls/0x3a0e9acd953ffc0dd18d63603488846a6b8b2b01.sol,,smartbugs_curated,False,False,False,True,False,False,False,False,False,False,False,False,False,False,False,True,False,True,False,False,False,False,True,False,False,1,2,20,3,0,2,1,3,0,91,3,1,1.6666666666666667,0,8,0.08791208791208792,0,0,0,0,19,4,0,3,0,9,4,0.0,0.0,40.0,96.88888888888889,True,simple,0,8,6,0,2,0.75,False,0,5,3,1,1,0,0.0,False,2,1,0.3333333333333333,3,2,1,True,0,1,0.0,1,0,0,1.0,False,0,0,0,0,1
433,0xf29ebe930a539a60279ace72c707cba851a57707,,data/smartbugs_curated/dataset/unchecked_low_level_calls/0xf29ebe930a539a60279ace72c707cba851a57707.sol,,smartbugs_curated,False,False,False,True,False,False,False,False,False,False,False,False,False,False,False,False,False,False,False,False,False,False,True,False,False,0,1,3,3,3,1,0,1,1,17,1,1,1.0,0,6,0.35294117647058826,2,0,0,0,3,1,0,1,0,3,2,0.0,0.0,8.0,9.866666666666665,False,simple,0,6,3,0,3,0.5,False,0,3,3,1,1,3,0.75,False,2,1,0.3333333333333333,3,1,0,True,3,0,0.0,0,0,0,1.0,False,0,0,0,0,1
434,0x2972d548497286d18e92b5fa1f8f9139e5653fd2,,data/smartbugs_curated/dataset/unchecked_low_level_calls/0x2972d548497286d18e92b5fa1f8f9139e5653fd2.sol,,smartbugs_curated,False,False,False,True,False,False,False,False,False,False,False,False,False,False,False,False,False,False,False,False,False,False,True,False,False,0,1,8,1,1,0,0,4,1,17,1,1,4.0,0,6,0.35294117647058826,0,0,0,0,6,4,0,1,0,7,2,0.0,0.0,13.0,16.34285714285714,False,simple,0,10,10,1,7,1.0,False,1,4,1,2,1,1,0.3333333333333333,False,1,0,2.0,2,0,1,False,1,4,1.0,1,0,0,1.0,False,0,0,0,0,1
435,0x7d09edb07d23acb532a82be3da5c17d9d85806b4,,data/smartbugs_curated/dataset/unchecked_low_level_calls/0x7d09edb07d23acb532a82be3da5c17d9d85806b4.sol,,smartbugs_curated,False,True,True,True,True,True,True,False,False,False,False,False,False,False,False,False,False,False,False,False,True,False,True,False,False,3,2,14,17,7,9,4,5,2,253,2,1,1.2941176470588236,0,65,0.25691699604743085,3,0,0,0,9,11,0,5,1,12,6,0.0,0.0,54.0,75.14999999999999,True,moderate,1,71,56,0,11,0.7887323943661971,False,7,22,17,24,2,7,0.22580645161290322,False,14,3,1.411764705882353,14,9,7,True,7,11,1.0,8,0,0,1.0,False,0,0,0,0,1
436,0x70f9eddb3931491aab1aeafbc1e7f1ca2a012db4,,data/smartbugs_curated/dataset/unchecked_low_level_calls/0x70f9eddb3931491aab1aeafbc1e7f1ca2a012db4.sol,,smartbugs_curated,False,True,False,True,False,False,False,False,False,False,False,False,False,False,False,False,False,False,False,False,False,False,True,False,False,1,1,7,5,5,1,0,3,1,25,1,1,1.8,0,6,0.24,4,0,0,0,7,3,0,2,0,7,3,0.0,0.0,22.0,28.6,True,simple,0,16,13,0,4,0.8125,False,0,9,5,4,1,5,0.5555555555555556,False,4,1,0.8,4,1,1,True,5,2,0.2,1,0,0,1.0,False,0,0,0,0,1
437,king_of_the_ether_throne,,data/smartbugs_curated/dataset/unchecked_low_level_calls/king_of_the_ether_throne.sol,,smartbugs_curated,False,False,True,True,True,False,False,False,False,False,False,False,False,False,False,False,False,False,False,False,False,False,True,False,False,1,10,13,7,5,9,1,21,0,150,1,1,3.857142857142857,1,60,0.4,0,0,0,0,8,16,0,11,1,11,5,0.0,0.0,73.0,127.41818181818181,True,moderate,1,61,63,0,21,1.0327868852459017,False,2,27,7,3,1,5,0.625,False,6,1,0.42857142857142855,5,9,3,True,4,3,0.75,3,0,0,1.0,False,0,0,0,0,1
438,0xb37f18af15bafb869a065b61fc83cfc44ed9cc27,,data/smartbugs_curated/dataset/unchecked_low_level_calls/0xb37f18af15bafb869a065b61fc83cfc44ed9cc27.sol,,smartbugs_curated,False,False,False,True,False,False,False,False,False,False,False,False,False,False,False,False,False,False,False,False,False,False,True,False,False,0,1,7,5,3,2,1,1,1,27,1,1,1.0,0,6,0.2222222222222222,1,0,0,0,6,2,0,1,0,5,2,0.0,0.0,12.0,17.759999999999998,False,simple,0,12,7,0,2,0.5833333333333334,False,0,5,5,5,1,3,0.375,False,4,1,1.0,4,2,2,True,3,3,0.6666666666666666,2,0,0,1.0,False,0,0,0,0,1
439,0xdb1c55f6926e7d847ddf8678905ad871a68199d2,,data/smartbugs_curated/dataset/unchecked_low_level_calls/0xdb1c55f6926e7d847ddf8678905ad871a68199d2.sol,,smartbugs_curated,False,True,False,True,False,False,False,False,False,False,False,False,False,False,False,False,False,False,False,False,False,False,True,False,False,1,1,7,5,5,1,0,3,1,35,1,1,1.8,0,6,0.17142857142857143,4,0,0,0,7,3,0,2,0,7,3,0.0,0.0,22.0,28.6,True,simple,0,16,13,0,4,0.8125,False,0,9,5,4,1,5,0.5555555555555556,False,4,1,0.8,4,1,1,True,5,2,0.2,1,0,0,1.0,False,0,0,0,0,1
440,0x39cfd754c85023648bf003bea2dd498c5612abfa,,data/smartbugs_curated/dataset/unchecked_low_level_calls/0x39cfd754c85023648bf003bea2dd498c5612abfa.sol,,smartbugs_curated,False,False,False,True,False,False,False,False,False,False,False,False,False,False,False,True,False,True,False,False,False,False,True,False,False,1,2,19,3,0,2,1,3,0,90,3,1,1.6666666666666667,0,8,0.08888888888888889,0,0,0,0,18,4,0,3,0,9,4,0.0,0.0,39.0,90.13333333333334,True,simple,0,8,6,0,2,0.75,False,0,5,3,1,1,0,0.0,False,2,1,0.3333333333333333,3,2,1,True,0,1,0.0,1,0,0,1.0,False,0,0,0,0,1
441,0xe894d54dca59cb53fe9cbc5155093605c7068220,,data/smartbugs_curated/dataset/unchecked_low_level_calls/0xe894d54dca59cb53fe9cbc5155093605c7068220.sol,,smartbugs_curated,False,False,False,True,False,False,False,False,False,False,False,False,False,False,False,False,False,False,False,False,False,False,True,False,False,0,1,9,1,1,0,0,4,1,18,1,1,4.0,0,6,0.3333333333333333,0,0,0,0,7,4,0,1,0,7,2,0.0,0.0,14.0,19.6,False,simple,0,11,11,1,8,1.0,False,1,4,1,2,1,1,0.3333333333333333,False,1,0,2.0,2,0,1,False,1,5,1.0,1,0,0,1.0,False,0,0,0,0,1
442,0xec329ffc97d75fe03428ae155fc7793431487f63,,data/smartbugs_curated/dataset/unchecked_low_level_calls/0xec329ffc97d75fe03428ae155fc7793431487f63.sol,,smartbugs_curated,True,False,False,True,False,False,False,False,False,False,False,False,False,False,True,False,False,False,False,False,False,False,True,False,False,1,3,17,3,2,1,1,1,1,104,3,1,1.0,0,31,0.2980769230769231,0,0,0,0,14,9,0,4,0,15,5,0.0,0.0,42.0,56.84,True,simple,0,8,5,0,2,0.625,False,0,3,3,2,1,2,0.5,False,3,0,0.6666666666666666,2,1,2,False,2,4,1.0,2,0,0,1.0,False,0,0,0,0,1
443,0x3f2ef511aa6e75231e4deafc7a3d2ecab3741de2,,data/smartbugs_curated/dataset/unchecked_low_level_calls/0x3f2ef511aa6e75231e4deafc7a3d2ecab3741de2.sol,,smartbugs_curated,False,True,False,True,False,False,False,False,False,False,False,False,False,False,False,False,False,False,False,False,False,False,True,False,False,1,1,6,6,5,2,0,3,1,40,1,1,1.6666666666666667,0,6,0.15,4,0,0,0,6,3,0,2,0,7,3,0.0,0.0,21.0,24.3,True,simple,0,17,13,0,4,0.7647058823529411,False,0,10,6,4,1,5,0.5555555555555556,False,4,2,0.6666666666666666,5,2,1,True,5,2,0.2,1,0,0,1.0,False,0,0,0,0,1
444,0x627fa62ccbb1c1b04ffaecd72a53e37fc0e17839,,data/smartbugs_curated/dataset/unchecked_low_level_calls/0x627fa62ccbb1c1b04ffaecd72a53e37fc0e17839.sol,,smartbugs_curated,True,False,False,True,False,False,False,False,False,False,False,False,False,False,False,False,False,True,False,False,False,False,True,False,False,2,1,20,3,0,2,1,3,0,88,3,1,1.6666666666666667,0,7,0.07954545454545454,0,0,0,0,18,5,0,3,0,9,4,0.0,0.0,45.0,107.5,True,simple,0,8,6,0,2,0.75,False,0,5,3,1,1,0,0.0,False,2,1,0.3333333333333333,3,2,1,True,0,1,0.0,1,0,0,1.0,False,0,0,0,0,1
445,0xb11b2fed6c9354f7aa2f658d3b4d7b31d8a13b77,,data/smartbugs_curated/dataset/unchecked_low_level_calls/0xb11b2fed6c9354f7aa2f658d3b4d7b31d8a13b77.sol,,smartbugs_curated,False,False,False,True,False,False,False,False,False,False,False,False,False,False,False,False,False,True,False,False,False,False,True,False,False,1,1,12,3,2,1,1,1,1,35,2,1,1.0,0,6,0.17142857142857143,1,0,0,0,11,4,0,2,0,9,4,0.0,0.0,27.0,41.4,True,simple,0,6,3,0,2,0.5,False,0,3,3,1,1,2,0.6666666666666666,False,2,1,0.3333333333333333,3,1,2,False,2,3,1.0,2,0,0,1.0,False,0,0,0,0,1
446,0x4a66ad0bca2d700f11e1f2fc2c106f7d3264504c,,data/smartbugs_curated/dataset/unchecked_low_level_calls/0x4a66ad0bca2d700f11e1f2fc2c106f7d3264504c.sol,,smartbugs_curated,False,False,False,True,False,False,False,False,False,False,False,False,False,False,False,False,False,False,False,False,False,False,True,False,False,0,1,6,2,1,2,0,4,1,20,1,1,2.5,0,6,0.3,0,0,0,0,7,3,0,1,0,8,2,0.0,0.0,11.0,12.5125,False,simple,0,13,12,1,8,0.9230769230769231,False,1,5,2,2,1,1,0.3333333333333333,False,1,1,1.0,3,2,1,True,1,2,1.0,1,0,0,1.0,False,0,0,0,0,1
447,0xe09b1ab8111c2729a76f16de96bc86a7af837928,,data/smartbugs_curated/dataset/unchecked_low_level_calls/0xe09b1ab8111c2729a76f16de96bc86a7af837928.sol,,smartbugs_curated,True,True,True,True,True,True,True,False,False,False,False,False,False,False,False,False,False,False,False,False,False,False,True,False,False,4,1,21,23,9,18,3,11,1,317,2,1,2.0869565217391304,1,54,0.17034700315457413,3,0,0,0,4,22,0,5,7,13,5,0.0,0.0,66.0,98.4923076923077,True,critical,3,165,152,1,24,0.9212121212121213,False,7,48,23,38,2,9,0.19148936170212766,False,17,6,1.6521739130434783,21,18,13,True,6,36,2.1666666666666665,17,0,0,1.0,False,0,0,0,0,1
448,0x3e013fc32a54c4c5b6991ba539dcd0ec4355c859,,data/smartbugs_curated/dataset/unchecked_low_level_calls/0x3e013fc32a54c4c5b6991ba539dcd0ec4355c859.sol,,smartbugs_curated,False,False,False,True,False,False,False,False,False,False,False,False,False,False,False,False,False,False,False,False,False,False,True,False,False,0,1,7,5,4,1,0,3,1,35,1,1,1.4,0,6,0.17142857142857143,4,0,0,0,6,3,0,1,0,6,2,0.0,0.0,12.0,16.2,False,simple,0,12,8,0,2,0.6666666666666666,False,0,7,5,4,1,4,0.5,False,4,1,0.8,4,1,2,True,4,3,0.5,2,0,0,1.0,False,0,0,0,0,1
449,0xb620cee6b52f96f3c6b253e6eea556aa2d214a99,,data/smartbugs_curated/dataset/unchecked_low_level_calls/0xb620cee6b52f96f3c6b253e6eea556aa2d214a99.sol,,smartbugs_curated,False,False,True,True,False,False,False,False,False,False,False,False,False,False,False,False,False,True,False,False,False,False,True,False,False,3,4,13,18,9,9,3,3,3,112,1,1,1.3888888888888888,0,16,0.14285714285714285,13,0,0,0,15,7,0,7,0,10,4,0.0,0.0,63.0,125.37,True,moderate,1,66,49,0,5,0.7424242424242424,False,7,25,18,20,2,9,0.3103448275862069,False,16,2,1.1111111111111112,12,9,4,True,9,5,0.4444444444444444,4,0,0,1.0,False,0,0,0,0,1
450,0x663e4229142a27f00bafb5d087e1e730648314c3,,data/smartbugs_curated/dataset/unchecked_low_level_calls/0x663e4229142a27f00bafb5d087e1e730648314c3.sol,,smartbugs_curated,True,True,True,True,True,True,True,True,False,False,False,False,False,False,True,False,False,False,False,False,False,True,True,False,False,7,12,172,6,0,0,0,1,0,2073,18,1,1.0,0,819,0.3950795947901592,0,0,0,0,129,71,0,19,3,24,7,0.0,0.0,302.0,2248.641666666667,True,moderate,1,0,0,0,0,0.0,False,0,0,6,0,0,0,0.0,False,6,0,0.0,6,0,0,False,0,10,0.0,5,0,0,1.0,False,0,0,0,0,1
451,0xd5967fed03e85d1cce44cab284695b41bc675b5c,,data/smartbugs_curated/dataset/unchecked_low_level_calls/0xd5967fed03e85d1cce44cab284695b41bc675b5c.sol,,smartbugs_curated,False,False,False,True,False,False,False,False,False,False,False,False,False,False,False,False,False,False,False,False,False,False,True,False,False,0,1,8,1,1,0,0,4,1,17,1,1,4.0,0,6,0.35294117647058826,0,0,0,0,6,4,0,1,0,7,2,0.0,0.0,13.0,16.34285714285714,False,simple,0,10,10,1,7,1.0,False,1,4,1,2,1,1,0.3333333333333333,False,1,0,2.0,2,0,1,False,1,4,1.0,1,0,0,1.0,False,0,0,0,0,1
452,0x84d9ec85c9c568eb332b7226a8f826d897e0a4a8,,data/smartbugs_curated/dataset/unchecked_low_level_calls/0x84d9ec85c9c568eb332b7226a8f826d897e0a4a8.sol,,smartbugs_curated,False,False,False,True,False,False,False,False,False,False,False,False,False,False,False,False,False,True,False,False,False,False,True,False,False,1,1,14,4,2,2,1,3,1,76,2,1,1.5,0,30,0.39473684210526316,0,0,0,0,19,4,0,2,0,9,3,0.0,0.0,29.0,70.24444444444444,True,simple,0,12,9,0,2,0.75,False,0,6,4,2,1,2,0.5,False,4,0,0.5,3,2,2,True,2,4,1.0,2,0,0,1.0,False,0,0,0,0,1
453,0xf2570186500a46986f3139f65afedc2afe4f445d,,data/smartbugs_curated/dataset/unchecked_low_level_calls/0xf2570186500a46986f3139f65afedc2afe4f445d.sol,,smartbugs_curated,False,False,False,True,False,False,False,False,False,False,False,False,False,False,False,False,False,False,False,False,False,False,True,False,False,0,1,5,2,1,1,0,4,1,18,1,1,2.5,0,8,0.4444444444444444,0,0,0,0,5,2,0,1,0,6,2,0.0,0.0,10.0,10.666666666666666,False,simple,0,9,8,1,6,0.8888888888888888,False,0,5,2,1,1,1,0.5,False,1,1,0.5,2,1,1,True,1,1,1.0,1,0,0,1.0,False,0,0,0,0,1
454,0x4051334adc52057aca763453820cb0e045076ef3,,data/smartbugs_curated/dataset/unchecked_low_level_calls/0x4051334adc52057aca763453820cb0e045076ef3.sol,,smartbugs_curated,False,False,False,True,False,False,False,False,False,False,False,False,False,False,False,False,False,False,False,False,False,False,True,False,False,0,1,8,1,1,0,0,4,1,17,1,1,4.0,0,6,0.35294117647058826,0,0,0,0,6,4,0,1,0,7,2,0.0,0.0,13.0,16.34285714285714,False,simple,0,10,10,1,7,1.0,False,1,4,1,2,1,1,0.3333333333333333,False,1,0,2.0,2,0,1,False,1,4,1.0,1,0,0,1.0,False,0,0,0,0,1
455,0xe4eabdca81e31d9acbc4af76b30f532b6ed7f3bf,,data/smartbugs_curated/dataset/unchecked_low_level_calls/0xe4eabdca81e31d9acbc4af76b30f532b6ed7f3bf.sol,,smartbugs_curated,False,True,False,True,False,False,False,False,False,False,False,False,False,False,False,False,False,False,False,False,False,False,True,False,False,1,1,7,5,5,1,0,3,1,39,1,1,1.8,0,6,0.15384615384615385,4,0,0,0,7,3,0,2,0,7,3,0.0,0.0,22.0,28.6,True,simple,0,16,13,0,4,0.8125,False,0,9,5,4,1,5,0.5555555555555556,False,4,1,0.8,4,1,1,True,5,2,0.2,1,0,0,1.0,False,0,0,0,0,1
456,0xbaa3de6504690efb064420d89e871c27065cdd52,,data/smartbugs_curated/dataset/unchecked_low_level_calls/0xbaa3de6504690efb064420d89e871c27065cdd52.sol,,smartbugs_curated,False,False,False,True,False,False,False,False,False,False,False,False,False,False,False,False,False,True,False,False,False,False,True,False,False,1,1,12,3,2,1,1,1,1,35,2,1,1.0,0,6,0.17142857142857143,1,0,0,0,11,4,0,2,0,9,4,0.0,0.0,27.0,41.4,True,simple,0,6,3,0,2,0.5,False,0,3,3,1,1,2,0.6666666666666666,False,2,1,0.3333333333333333,3,1,2,False,2,3,1.0,2,0,0,1.0,False,0,0,0,0,1
457,unchecked_return_value,,data/smartbugs_curated/dataset/unchecked_low_level_calls/unchecked_return_value.sol,,smartbugs_curated,False,False,False,True,False,False,False,False,False,False,False,False,False,False,False,False,False,False,False,False,False,False,True,False,False,0,1,5,2,2,0,0,1,2,15,1,1,1.0,0,6,0.4,0,0,0,0,4,2,0,1,0,4,2,0.0,0.0,10.0,13.5,False,simple,0,4,2,0,1,0.5,False,0,2,2,1,1,2,0.6666666666666666,False,2,0,0.5,2,0,2,False,2,2,1.0,2,0,0,1.0,False,0,0,0,0,1
458,0x4b71ad9c1a84b9b643aa54fdd66e2dec96e8b152,,data/smartbugs_curated/dataset/unchecked_low_level_calls/0x4b71ad9c1a84b9b643aa54fdd66e2dec96e8b152.sol,,smartbugs_curated,False,False,False,True,False,False,False,False,False,False,False,False,False,False,False,False,False,False,False,False,False,False,True,False,False,0,1,8,1,1,0,0,4,1,17,1,1,4.0,0,6,0.35294117647058826,0,0,0,0,6,4,0,1,0,7,2,0.0,0.0,13.0,16.34285714285714,False,simple,0,10,10,1,7,1.0,False,1,4,1,2,1,1,0.3333333333333333,False,1,0,2.0,2,0,1,False,1,4,1.0,1,0,0,1.0,False,0,0,0,0,1
459,short_address_example,,data/smartbugs_curated/dataset/short_addresses/short_address_example.sol,,smartbugs_curated,False,False,False,False,False,False,False,False,False,False,False,False,False,False,False,False,False,False,False,False,False,False,True,False,False,0,0,2,3,0,1,0,3,0,24,1,1,1.6666666666666667,0,6,0.25,0,0,0,0,2,0,0,0,0,1,1,0.0,0.0,2.0,4.0,False,simple,0,12,9,0,6,0.75,False,3,5,3,0,0,0,0.0,False,3,0,0.0,3,1,1,True,0,3,0.0,2,0,0,1.0,False,0,0,0,0,1
460,odds_and_evens,,data/smartbugs_curated/dataset/front_running/odds_and_evens.sol,,smartbugs_curated,False,True,False,False,True,False,False,False,False,False,False,False,False,False,False,False,False,False,False,False,False,False,True,False,False,1,0,5,4,3,3,0,5,0,42,1,1,3.0,0,7,0.16666666666666666,1,0,0,0,4,2,0,1,1,4,3,0.0,0.0,15.0,20.25,True,simple,0,25,23,0,7,0.92,False,2,12,4,2,1,3,0.6,False,3,1,0.5,3,3,1,True,3,1,0.3333333333333333,1,0,0,1.0,False,0,0,0,0,1
461,ERC20,,data/smartbugs_curated/dataset/front_running/ERC20.sol,,smartbugs_curated,False,False,False,False,False,False,False,False,False,False,False,False,False,False,False,False,False,False,False,False,True,False,True,False,False,0,0,6,6,5,3,0,1,0,103,2,1,1.0,0,31,0.30097087378640774,0,4,0,0,4,3,0,0,0,4,2,0.0,0.0,6.0,9.15,False,simple,0,27,21,0,8,0.7777777777777778,False,5,6,6,3,1,5,0.625,False,6,0,0.5,4,3,4,True,2,11,2.0,6,2,0,0.0,False,0,2,2,0,1
462,FindThisHash,,data/smartbugs_curated/dataset/front_running/FindThisHash.sol,,smartbugs_curated,False,True,False,False,False,False,False,False,False,False,False,False,False,False,False,False,False,False,False,False,False,False,True,False,False,1,0,3,3,1,1,0,1,0,16,1,1,1.0,0,7,0.4375,1,0,0,0,4,1,0,1,0,4,2,0.0,0.0,13.0,15.275,False,simple,0,5,2,0,2,0.4,False,0,3,3,2,1,1,0.3333333333333333,False,2,1,0.6666666666666666,4,1,1,True,1,1,1.0,1,0,0,1.0,False,0,0,0,0,1
463,eth_tx_order_dependence_minimal,,data/smartbugs_curated/dataset/front_running/eth_tx_order_dependence_minimal.sol,,smartbugs_curated,False,False,False,False,True,False,False,False,False,False,False,False,False,False,False,False,False,False,False,False,False,False,True,False,False,0,0,5,3,2,3,0,1,0,28,1,1,1.0,0,7,0.25,1,0,0,0,2,3,0,0,2,3,2,0.0,0.0,5.0,6.833333333333334,False,simple,0,12,9,0,4,0.75,False,0,3,3,2,1,2,0.5,False,3,0,0.6666666666666666,2,3,1,True,2,1,0.5,1,0,0,1.0,False,0,0,0,0,1
464,RaceCondition,,data/vulnerable_complex/trail_of_bits/race_condition/RaceCondition.sol,,trail_of_bits,True,False,False,False,False,False,False,True,False,False,False,False,False,False,False,True,False,True,False,False,False,False,True,False,False,1,2,6,3,1,3,0,1,0,42,2,1,1.0,0,7,0.16666666666666666,1,0,0,0,6,3,0,3,0,7,5,0.0,0.0,26.0,30.085714285714285,True,simple,0,12,9,0,4,0.75,False,0,3,3,2,1,1,0.3333333333333333,False,3,0,0.6666666666666666,2,3,3,True,1,4,3.0,3,1,0,0.0,False,0,0,1,0,1
466,Unprotected,,data/vulnerable_complex/trail_of_bits/unprotected_function/Unprotected.sol,,trail_of_bits,False,False,False,False,False,False,False,False,False,False,False,False,False,False,False,False,False,False,False,False,False,False,True,False,False,0,0,8,3,0,1,1,1,0,25,1,1,1.0,0,1,0.04,0,0,0,0,5,3,0,0,0,4,2,0.0,0.0,8.0,14.2,False,simple,0,7,4,0,2,0.5714285714285714,False,0,3,3,1,1,0,0.0,False,3,0,0.3333333333333333,3,1,2,False,0,2,0.0,2,0,0,1.0,False,0,0,0,0,1
467,integer_overflow_1,,data/vulnerable_complex/trail_of_bits/integer_overflow/integer_overflow_1.sol,,trail_of_bits,False,False,False,False,False,False,False,False,False,False,False,False,False,False,False,False,False,False,False,False,False,False,True,False,False,0,0,3,3,0,1,0,1,0,13,1,1,1.0,0,2,0.15384615384615385,0,0,0,0,3,0,0,0,0,2,1,0.0,0.0,3.0,4.5,False,simple,0,6,3,0,2,0.5,False,0,3,3,1,1,0,0.0,False,2,1,0.3333333333333333,3,1,2,True,0,2,0.0,2,0,0,1.0,False,0,0,0,0,1
469,auction,,data/vulnerable_complex/trail_of_bits/denial_of_service/auction.sol,,trail_of_bits,False,False,False,True,True,False,False,False,False,False,False,False,False,False,False,False,False,False,False,False,False,False,True,False,False,0,1,3,1,1,2,0,3,0,42,2,1,3.0,0,11,0.2619047619047619,1,0,0,0,2,2,0,1,1,3,3,0.0,0.0,8.0,9.066666666666666,True,simple,0,7,7,0,5,1.0,False,0,3,1,1,1,1,0.5,False,1,0,1.0,1,2,0,True,1,0,0.0,0,0,0,1.0,False,0,0,0,0,1
470,incorrect_constructor,,data/vulnerable_complex/trail_of_bits/wrong_constructor_name/incorrect_constructor.sol,,trail_of_bits,False,False,False,False,False,False,False,False,False,False,False,False,False,False,False,False,False,False,False,False,False,False,True,False,False,0,0,3,2,1,1,1,1,0,21,1,1,1.0,0,2,0.09523809523809523,0,0,0,0,3,0,0,0,0,2,1,0.0,0.0,3.0,4.5,False,simple,0,5,3,0,2,0.6,False,0,2,2,2,1,1,0.3333333333333333,False,2,0,1.0,3,1,0,True,1,0,0.0,0,0,0,1.0,False,0,0,0,0,1
471,ReentrancyExploit,,data/vulnerable_complex/trail_of_bits/reentrancy/ReentrancyExploit.sol,,trail_of_bits,False,True,False,True,False,False,False,False,False,False,False,False,False,False,False,False,False,False,False,False,False,False,True,False,False,1,0,14,6,4,3,0,3,3,31,1,1,1.3333333333333333,0,5,0.16129032258064516,2,0,0,0,14,1,0,1,0,6,3,0.0,0.0,24.0,58.800000000000004,True,simple,0,16,11,0,3,0.6875,False,0,8,6,7,1,4,0.36363636363636365,False,5,1,1.1666666666666667,5,3,1,True,4,1,0.25,1,0,0,1.0,False,0,0,0,0,1
472,Reentrancy,,data/vulnerable_complex/trail_of_bits/reentrancy/Reentrancy.sol,,trail_of_bits,True,False,False,True,True,False,False,False,False,False,False,False,False,False,False,False,False,False,False,False,False,False,True,False,False,1,0,9,5,5,1,0,3,2,35,1,1,1.8,0,8,0.22857142857142856,1,0,0,0,8,2,0,1,1,6,3,0.0,0.0,19.0,29.766666666666666,True,simple,0,18,13,0,4,0.7222222222222222,False,3,9,5,0,0,5,1.0,False,5,0,0.0,5,1,0,True,5,1,0.0,1,0,0,1.0,False,0,0,0,0,1
473,Bob,,data/vulnerable_complex/trail_of_bits/incorrect_interface/Bob.sol,,trail_of_bits,False,False,False,False,False,False,False,False,False,False,False,False,False,False,False,False,False,False,False,False,False,False,True,False,False,0,0,4,2,2,0,0,1,0,13,2,1,1.0,0,0,0.0,0,0,0,0,4,0,0,0,0,2,1,0.0,0.0,4.0,8.0,False,simple,0,4,2,0,1,0.5,False,0,2,2,0,0,2,1.0,False,2,0,0.0,2,0,2,False,0,2,0.0,2,0,0,1.0,False,0,0,0,0,1
474,Alice,,data/vulnerable_complex/trail_of_bits/incorrect_interface/Alice.sol,,trail_of_bits,False,False,False,False,False,False,False,False,False,False,False,False,False,False,False,False,False,False,False,False,False,False,True,False,False,0,0,5,3,0,1,0,1,0,13,1,1,1.0,0,0,0.0,0,0,0,0,5,0,0,0,0,2,1,0.0,0.0,5.0,12.5,False,simple,0,6,3,0,1,0.5,False,0,3,3,0,0,0,0.0,False,3,0,0.0,3,1,2,False,0,2,0.0,2,0,0,1.0,False,0,0,0,0,1
475,coin,,data/vulnerable_complex/trail_of_bits/forced_ether_reception/coin.sol,,trail_of_bits,False,False,False,False,False,False,False,False,False,False,True,False,False,False,False,False,False,False,False,False,False,False,True,False,False,1,1,19,2,0,1,1,1,0,158,4,1,1.0,0,63,0.3987341772151899,0,0,0,0,20,3,0,2,0,10,3,0.0,0.0,34.0,75.14,True,simple,0,5,3,0,2,0.6,False,0,2,2,1,1,0,0.0,False,2,0,0.5,2,1,1,False,0,1,0.0,1,0,0,1.0,False,0,0,0,0,1
477,Rubixi,,data/vulnerable_complex/trail_of_bits/wrong_constructor_name/Rubixi_source_code/Rubixi.sol,,trail_of_bits,False,False,False,True,True,False,False,False,False,False,False,False,False,False,False,False,False,False,False,False,False,False,True,False,False,1,5,25,19,5,7,1,8,0,119,1,1,2.3157894736842106,0,15,0.12605042016806722,0,0,0,0,15,16,0,6,4,11,4,0.0,0.0,60.0,142.9090909090909,True,moderate,1,99,86,1,12,0.8686868686868687,False,6,44,19,9,2,5,0.35714285714285715,False,16,3,0.47368421052631576,12,7,6,True,5,7,1.2,7,4,0,0.0,False,0,1,4,0,1
479,GiftBox,,data/vulnerable_complex/trail_of_bits/honeypots/GiftBox/GiftBox.sol,,trail_of_bits,False,True,False,False,True,False,False,False,False,False,False,False,False,False,False,False,False,False,False,False,False,False,True,False,False,1,0,13,8,2,4,0,3,0,57,1,1,2.25,0,0,0.0,4,0,0,0,14,2,0,1,1,6,3,0.0,0.0,23.0,59.033333333333324,True,simple,0,27,23,0,3,0.8518518518518519,False,2,18,8,4,1,2,0.3333333333333333,False,7,1,0.5,7,4,4,True,2,5,2.0,5,0,0,1.0,False,0,0,0,0,1
480,VarLoop,,data/vulnerable_complex/trail_of_bits/honeypots/VarLoop/VarLoop.sol,,trail_of_bits,False,True,False,False,False,False,False,False,False,False,False,False,False,False,False,False,False,False,False,False,False,False,True,False,False,1,0,3,4,2,1,0,10,0,32,1,1,3.25,0,0,0.0,3,0,0,0,3,1,0,1,0,3,2,0.0,0.0,13.0,16.03333333333333,False,simple,0,23,23,1,12,1.0,False,0,13,4,2,1,2,0.5,False,3,1,0.5,5,1,0,True,2,0,0.0,0,0,0,1.0,False,0,0,0,0,1
481,PrivateBank,,data/vulnerable_complex/trail_of_bits/honeypots/PrivateBank/PrivateBank.sol,,trail_of_bits,True,False,False,True,False,False,False,False,False,False,False,False,False,False,False,False,False,False,False,False,False,False,True,False,False,2,0,15,5,4,3,0,5,1,54,2,1,2.2,0,0,0.0,2,0,0,0,17,2,0,2,0,7,3,0.0,0.0,35.0,92.0,True,simple,0,16,14,0,4,0.875,False,0,11,5,0,0,4,1.0,False,4,1,0.0,5,3,2,True,4,2,0.5,2,0,0,1.0,False,0,0,0,0,1
482,KOTH,,data/vulnerable_complex/trail_of_bits/honeypots/KOTH/KOTH.sol,,trail_of_bits,False,False,False,False,False,False,False,False,False,False,False,False,False,False,False,False,False,True,False,False,False,False,True,False,False,1,0,3,1,0,1,1,1,0,30,2,1,1.0,0,10,0.3333333333333333,0,0,0,0,4,0,0,1,0,3,2,0.0,0.0,13.0,17.333333333333332,False,simple,0,2,1,0,1,0.5,False,0,1,1,0,0,0,0.0,False,1,0,0.0,1,1,0,False,0,0,0.0,0,0,0,1.0,False,0,0,0,0,1
483,Multiplicator,,data/vulnerable_complex/trail_of_bits/honeypots/Multiplicator/Multiplicator.sol,,trail_of_bits,False,False,False,False,False,False,False,False,False,False,False,False,False,False,False,False,False,False,False,False,False,False,True,False,False,0,0,4,4,2,1,0,3,0,21,1,1,1.5,0,0,0.0,3,0,0,0,3,1,0,0,0,3,1,0.0,0.0,4.0,4.933333333333334,False,simple,0,9,6,0,2,0.6666666666666666,False,0,6,4,3,1,2,0.4,False,3,1,0.75,4,1,1,True,2,1,0.5,1,0,0,1.0,False,0,0,0,0,1
486,SpankChain,,data/vulnerable_complex/trail_of_bits/reentrancy/SpankChain_source_code/SpankChain.sol,,trail_of_bits,False,False,False,True,False,False,False,False,False,False,False,False,False,False,False,False,False,False,False,False,False,False,True,False,False,0,0,17,5,0,1,0,1,0,129,3,1,1.0,0,68,0.5271317829457365,0,0,0,0,19,0,0,0,0,6,2,0.0,0.0,17.0,53.833333333333336,False,simple,0,0,0,0,0,0.0,False,0,0,5,0,0,0,0.0,False,5,0,0.0,5,1,0,False,0,10,0.0,5,0,0,1.0,False,0,0,0,0,1
487,SpankChain_Payment,,data/vulnerable_complex/trail_of_bits/reentrancy/SpankChain_source_code/SpankChain_Payment.sol,,trail_of_bits,True,True,True,True,True,True,True,False,False,False,False,False,False,False,True,False,False,False,False,False,False,False,True,False,False,3,17,98,5,0,1,0,1,0,771,5,1,1.0,0,113,0.14656290531776914,0,0,0,0,93,35,0,20,3,18,6,0.0,0.0,213.0,1390.4166666666667,True,simple,0,0,0,0,0,0.0,False,0,0,5,0,0,0,0.0,False,5,0,0.0,5,1,0,False,0,10,0.0,5,0,0,1.0,False,0,0,0,0,1
488,KingOfTheEtherThrone,,data/vulnerable_complex/trail_of_bits/unchecked_external_call/KotET_source_code/KingOfTheEtherThrone.sol,,trail_of_bits,False,False,True,True,True,False,False,False,False,False,False,False,False,False,False,False,False,False,False,False,False,False,True,False,False,1,10,13,7,5,9,1,21,0,140,1,1,3.857142857142857,1,50,0.35714285714285715,0,0,0,0,8,16,0,11,1,11,5,0.0,0.0,73.0,127.41818181818181,True,moderate,1,61,63,0,21,1.0327868852459017,False,2,27,7,3,1,5,0.625,False,6,1,0.42857142857142855,5,9,3,True,4,3,0.75,3,1,0,0.0,False,0,0,1,0,1
489,UniswapV2Router02_0x7a250d56,0x7a250d5600000000000000000000000000000000,data/production/safe/raw/UniswapV2Router02_0x7a250d56.sol,,production_safe,False,False,False,True,False,False,False,True,False,False,False,False,False,False,False,False,False,False,False,False,False,True,True,False,False,1,6,24,27,92,2,1,10,0,725,10,1,2.259259259259259,0,24,0.03310344827586207,5,54,2,0,13,20,0,7,0,9,3,0.0,0.0,64.0,192.0,True,critical,3,233,222,12,30,0.9527896995708155,True,5,61,27,47,3,92,0.6618705035971223,False,24,3,1.7407407407407407,11,2,26,True,26,132,1.0,26,0,0,1.0,False,0,0,0,0,0
491,UniswapV2Factory_0x5C69bEe7,0x5C69bEe700000000000000000000000000000000,data/production/safe/raw/UniswapV2Factory_0x5C69bEe7.sol,,production_safe,True,False,True,True,False,True,True,False,False,False,False,False,False,False,True,False,False,False,False,False,False,False,True,False,False,1,5,31,5,3,4,0,3,0,414,11,1,1.4,0,18,0.043478260869565216,0,0,1,0,17,20,0,6,0,13,5,0.0,0.0,66.0,157.3846153846154,True,simple,0,28,24,0,16,0.8571428571428571,False,1,7,5,6,1,3,0.3333333333333333,False,5,0,1.2,6,4,4,True,0,5,0.0,4,0,0,1.0,False,0,0,0,0,0
492,Dai_0x6B175474,0x6B17547400000000000000000000000000000000,data/production/safe/raw/Dai_0x6B175474.sol,,production_safe,False,False,True,False,False,False,False,False,False,False,False,False,False,False,False,False,False,False,False,False,False,False,True,False,False,0,0,4,15,3,11,1,3,0,169,2,1,1.4,0,39,0.23076923076923078,0,0,1,0,3,1,0,0,0,3,2,0.0,0.0,4.0,4.933333333333334,False,moderate,1,68,56,0,10,0.8235294117647058,False,3,21,15,24,3,3,0.1111111111111111,False,12,3,1.6,10,11,8,True,0,33,0.0,14,0,0,1.0,False,0,0,0,0,0
493,Unitroller_0x3d981921,0x3d98192100000000000000000000000000000000,data/production/safe/raw/Unitroller_0x3d981921.sol,,production_safe,True,False,False,True,False,True,True,False,True,False,False,False,True,False,True,False,False,False,False,False,False,False,True,False,False,1,28,68,6,1,0,0,3,1,2166,14,1,2.3333333333333335,0,987,0.4556786703601108,1,0,1,0,52,45,0,29,0,14,6,0.0,0.0,218.0,1300.2142857142858,True,moderate,1,44,38,0,9,0.8636363636363636,False,8,14,6,4,1,1,0.2,False,6,0,0.6666666666666666,3,0,2,True,1,2,2.0,2,0,0,1.0,False,0,0,0,0,0
494,CErc20Delegator_0x5d3a536E,0x5d3a536E00000000000000000000000000000000,data/production/safe/raw/CErc20Delegator_0x5d3a536E.sol,,production_safe,True,False,False,True,False,False,True,False,True,False,False,False,False,False,True,False,False,False,False,False,True,False,True,False,False,2,1,41,38,70,0,0,3,3,749,10,1,1.0526315789473684,0,405,0.540720961281709,1,0,2,0,54,6,0,3,0,11,6,0.0,0.0,66.0,349.19999999999993,True,complex,2,129,92,0,7,0.7131782945736435,False,34,40,38,103,2,70,0.4046242774566474,False,36,2,2.710526315789474,5,0,27,True,5,50,5.4,28,0,0,1.0,False,0,0,0,0,0
496,Ownable,0xB53C1a3300000000000000000000000000000000,data/production/safe/raw/LendingPoolAddressesProvider_0xB53C1a33/Ownable.sol,,production_safe,False,False,False,False,False,False,False,False,False,False,False,False,False,False,False,False,False,False,False,False,False,False,True,True,False,0,0,6,4,0,1,1,1,0,60,2,1,1.0,0,33,0.55,0,0,1,0,5,1,0,0,0,4,1,0.0,0.0,6.0,8.55,False,simple,0,15,11,0,4,0.7333333333333333,False,1,4,4,4,1,0,0.0,False,3,1,1.0,4,1,1,True,0,1,0.0,1,0,0,1.0,False,0,0,0,0,0
497,Context,0xB53C1a3300000000000000000000000000000000,data/production/safe/raw/LendingPoolAddressesProvider_0xB53C1a33/Context.sol,,production_safe,False,False,False,False,False,False,False,False,False,False,False,False,False,False,False,False,False,False,False,False,False,False,True,False,False,0,0,5,2,0,0,0,1,0,21,1,1,1.0,0,11,0.5238095238095238,0,0,0,0,3,2,0,0,0,3,1,0.0,0.0,5.0,7.333333333333334,False,simple,0,5,3,0,2,0.6,False,2,2,2,0,0,0,0.0,False,0,2,0.0,2,0,0,False,0,0,0.0,0,0,0,1.0,False,0,0,0,0,0
500,Proxy,0xB53C1a3300000000000000000000000000000000,data/production/safe/raw/LendingPoolAddressesProvider_0xB53C1a33/Proxy.sol,,production_safe,False,False,False,False,False,False,False,False,False,False,False,False,False,False,True,True,False,False,False,False,False,False,True,False,False,0,1,4,5,0,0,0,3,0,64,1,1,1.4,0,38,0.59375,1,0,0,0,5,0,0,1,0,4,2,0.0,0.0,9.0,11.25,False,simple,0,19,16,0,11,0.8421052631578947,False,0,6,5,12,3,0,0.0,False,1,4,2.4,10,0,0,False,0,1,0.0,1,0,0,1.0,False,0,0,0,0,0
501,ILendingPoolAddressesProvider,0xB53C1a3300000000000000000000000000000000,data/production/safe/raw/LendingPoolAddressesProvider_0xB53C1a33/ILendingPoolAddressesProvider.sol,,production_safe,False,False,False,False,False,False,False,False,False,False,False,False,False,False,False,False,False,False,False,False,False,False,True,False,False,0,0,2,19,0,0,0,1,0,40,1,1,1.0,0,8,0.2,0,0,0,0,2,0,0,0,0,1,1,0.0,0.0,2.0,4.0,False,simple,0,0,0,0,0,0.0,False,0,0,19,0,0,0,0.0,False,19,0,0.0,19,0,0,False,0,13,0.0,11,0,0,1.0,False,0,0,0,0,0
504,Address,0xB53C1a3300000000000000000000000000000000,data/production/safe/raw/LendingPoolAddressesProvider_0xB53C1a33/Address.sol,,production_safe,False,False,False,True,False,False,False,False,False,False,False,False,False,False,True,False,False,False,False,False,False,False,True,False,False,0,0,6,2,1,0,0,1,1,58,1,1,1.0,0,42,0.7241379310344828,0,0,0,0,4,2,0,0,0,4,3,0.0,0.0,6.0,8.1,True,simple,0,12,10,0,6,0.8333333333333334,False,1,2,2,3,0,1,0.25,False,0,2,1.5,3,0,1,False,1,3,1.0,2,0,0,1.0,False,0,0,0,0,0
505,FixedPoint96,0x1F98431c00000000000000000000000000000000,data/production/safe/raw/UniswapV3Factory_0x1F98431c/FixedPoint96.sol,,production_safe,False,False,False,False,False,False,False,False,False,False,False,False,False,False,False,False,False,False,False,False,False,False,True,False,False,0,0,3,1,0,2,0,1,0,9,1,1,1.0,0,4,0.4444444444444444,0,0,0,0,2,1,0,0,0,2,1,0.0,0.0,3.0,4.05,False,simple,0,2,1,0,1,0.5,False,0,1,1,0,0,0,0.0,False,0,1,0.0,1,2,0,False,0,0,0.0,0,0,0,1.0,False,0,0,0,0,0
507,IUniswapV3SwapCallback,0x1F98431c00000000000000000000000000000000,data/production/safe/raw/UniswapV3Factory_0x1F98431c/IUniswapV3SwapCallback.sol,,production_safe,False,False,False,False,False,False,False,False,False,False,False,False,False,False,False,False,False,False,False,False,False,False,True,False,False,0,0,3,1,0,0,0,1,0,20,1,1,1.0,0,12,0.6,0,0,0,0,2,1,0,0,0,2,1,0.0,0.0,3.0,4.05,False,simple,0,0,0,0,0,0.0,False,0,0,1,0,0,0,0.0,False,1,0,0.0,1,0,0,False,0,3,0.0,1,0,0,1.0,False,0,0,0,0,0
508,IUniswapV3PoolImmutables,0x1F98431c00000000000000000000000000000000,data/production/safe/raw/UniswapV3Factory_0x1F98431c/IUniswapV3PoolImmutables.sol,,production_safe,False,False,False,False,False,False,False,False,False,False,False,False,False,False,False,False,False,False,False,False,False,False,True,False,False,0,0,2,6,0,0,0,1,0,29,1,1,1.0,0,20,0.6896551724137931,0,0,0,0,2,0,0,0,0,1,1,0.0,0.0,2.0,4.0,False,simple,0,0,0,0,0,0.0,False,0,0,6,0,0,0,0.0,False,6,0,0.0,6,0,0,False,0,0,0.0,0,0,0,1.0,False,0,0,0,0,0
511,IUniswapV3FlashCallback,0x1F98431c00000000000000000000000000000000,data/production/safe/raw/UniswapV3Factory_0x1F98431c/IUniswapV3FlashCallback.sol,,production_safe,False,False,False,False,False,False,False,False,False,False,False,False,False,False,False,False,False,False,False,False,False,False,True,False,False,0,0,2,1,0,0,0,1,0,17,1,1,1.0,0,9,0.5294117647058824,0,0,0,0,2,0,0,0,0,1,1,0.0,0.0,2.0,4.0,False,simple,0,0,0,0,0,0.0,False,0,0,1,0,0,0,0.0,False,1,0,0.0,1,0,0,False,0,3,0.0,1,0,0,1.0,False,0,0,0,0,0
512,FixedPoint128,0x1F98431c00000000000000000000000000000000,data/production/safe/raw/UniswapV3Factory_0x1F98431c/FixedPoint128.sol,,production_safe,False,False,False,False,False,False,False,False,False,False,False,False,False,False,False,False,False,False,False,False,False,False,True,False,False,0,0,3,1,0,1,0,1,0,7,1,1,1.0,0,3,0.42857142857142855,0,0,0,0,2,1,0,0,0,2,1,0.0,0.0,3.0,4.05,False,simple,0,1,0,0,0,0.0,False,0,1,1,0,0,0,0.0,False,0,1,0.0,1,1,0,False,0,0,0.0,0,0,0,1.0,False,0,0,0,0,0
513,SafeCast,0x1F98431c00000000000000000000000000000000,data/production/safe/raw/UniswapV3Factory_0x1F98431c/SafeCast.sol,,production_safe,False,False,False,False,False,False,False,False,False,False,False,False,False,False,False,False,False,False,False,False,False,False,True,False,False,0,0,5,3,0,0,0,1,0,25,1,1,1.0,0,12,0.48,0,0,0,0,2,3,0,0,0,2,1,0.0,0.0,5.0,10.25,False,simple,0,7,4,0,2,0.5714285714285714,False,0,3,3,3,0,0,0.0,False,0,3,1.0,1,0,0,False,0,3,0.0,3,0,0,1.0,False,0,0,0,0,0
514,IUniswapV3PoolDeployer,0x1F98431c00000000000000000000000000000000,data/production/safe/raw/UniswapV3Factory_0x1F98431c/IUniswapV3PoolDeployer.sol,,production_safe,False,False,False,False,False,False,False,False,False,False,False,False,False,False,False,False,False,False,False,False,False,False,True,False,False,0,0,2,1,0,0,0,1,0,25,1,1,1.0,0,12,0.48,0,0,0,0,2,0,0,0,0,1,1,0.0,0.0,2.0,4.0,False,simple,0,0,0,0,0,0.0,False,0,0,1,0,0,0,0.0,False,1,0,0.0,1,0,0,False,0,0,0.0,0,0,0,1.0,False,0,0,0,0,0
517,NoDelegateCall,0x1F98431c00000000000000000000000000000000,data/production/safe/raw/UniswapV3Factory_0x1F98431c/NoDelegateCall.sol,,production_safe,False,False,False,False,False,False,False,False,False,False,False,False,False,False,False,False,False,False,False,False,False,False,True,False,False,0,0,3,2,0,1,1,1,0,23,1,1,1.0,0,9,0.391304347826087,0,0,0,0,2,1,0,0,0,2,1,0.0,0.0,3.0,4.05,False,simple,0,4,2,0,1,0.5,False,0,2,2,1,0,0,0.0,False,0,2,0.5,2,1,0,True,0,0,0.0,0,0,0,1.0,False,0,0,0,0,0
519,LowGasSafeMath,0x1F98431c00000000000000000000000000000000,data/production/safe/raw/UniswapV3Factory_0x1F98431c/LowGasSafeMath.sol,,production_safe,False,False,False,False,False,False,False,False,False,False,False,False,False,False,False,False,False,False,False,False,False,False,True,False,False,0,0,7,5,0,0,0,1,0,41,1,1,1.0,0,23,0.5609756097560976,0,0,0,0,2,5,0,0,0,2,1,0.0,0.0,7.0,19.25,False,simple,0,10,5,0,1,0.5,False,0,5,5,5,0,0,0.0,False,0,5,1.0,1,0,0,False,0,10,0.0,5,0,0,1.0,False,0,0,0,0,0
520,IUniswapV3PoolDerivedState,0x1F98431c00000000000000000000000000000000,data/production/safe/raw/UniswapV3Factory_0x1F98431c/IUniswapV3PoolDerivedState.sol,,production_safe,False,False,False,False,False,False,False,False,False,False,False,False,False,False,False,False,False,False,False,False,False,False,True,False,False,0,0,2,2,0,0,0,1,0,38,1,1,1.0,0,23,0.6052631578947368,0,0,0,0,2,0,0,0,0,1,1,0.0,0.0,2.0,4.0,False,simple,0,0,0,0,0,0.0,False,0,0,2,0,0,0,0.0,False,2,0,0.0,2,0,0,False,0,3,0.0,2,0,0,1.0,False,0,0,0,0,0
522,IUniswapV3MintCallback,0x1F98431c00000000000000000000000000000000,data/production/safe/raw/UniswapV3Factory_0x1F98431c/IUniswapV3MintCallback.sol,,production_safe,False,False,False,False,False,False,False,False,False,False,False,False,False,False,False,False,False,False,False,False,False,False,True,False,False,0,0,3,1,0,0,0,1,0,17,1,1,1.0,0,9,0.5294117647058824,0,0,0,0,2,1,0,0,0,2,1,0.0,0.0,3.0,4.05,False,simple,0,0,0,0,0,0.0,False,0,0,1,0,0,0,0.0,False,1,0,0.0,1,0,0,False,0,3,0.0,1,0,0,1.0,False,0,0,0,0,0
523,IUniswapV3Factory,0x1F98431c00000000000000000000000000000000,data/production/safe/raw/UniswapV3Factory_0x1F98431c/IUniswapV3Factory.sol,,production_safe,False,False,False,False,False,False,False,False,False,False,False,False,False,False,False,False,False,False,False,False,False,False,True,False,False,0,0,2,6,0,0,0,1,0,69,1,1,1.0,0,43,0.6231884057971014,0,0,0,0,2,0,0,0,0,1,1,0.0,0.0,2.0,4.0,False,simple,0,0,0,0,0,0.0,False,0,0,6,0,0,0,0.0,False,6,0,0.0,6,0,0,False,0,10,0.0,5,0,0,1.0,False,0,0,0,0,0
524,IERC20Minimal,0x1F98431c00000000000000000000000000000000,data/production/safe/raw/UniswapV3Factory_0x1F98431c/IERC20Minimal.sol,,production_safe,False,False,False,False,False,False,False,False,False,False,False,False,False,False,False,False,False,False,False,False,False,False,True,False,False,0,0,2,5,0,0,0,1,0,45,1,1,1.0,0,31,0.6888888888888889,0,0,0,0,2,0,0,0,0,1,1,0.0,0.0,2.0,4.0,False,simple,0,0,0,0,0,0.0,False,0,0,5,0,0,0,0.0,False,5,0,0.0,5,0,0,False,0,10,0.0,5,0,0,1.0,False,0,0,0,0,0
526,IUniswapV3PoolActions,0x1F98431c00000000000000000000000000000000,data/production/safe/raw/UniswapV3Factory_0x1F98431c/IUniswapV3PoolActions.sol,,production_safe,False,False,False,False,False,False,False,False,False,False,False,False,False,False,False,False,False,False,False,False,False,False,True,False,False,0,0,3,7,0,0,0,1,0,96,1,1,1.0,0,59,0.6145833333333334,0,0,0,0,2,1,0,0,0,2,1,0.0,0.0,3.0,4.05,False,simple,0,0,0,0,0,0.0,False,0,0,7,0,0,0,0.0,False,7,0,0.0,7,0,0,False,0,24,0.0,7,0,0,1.0,False,0,0,0,0,0
527,IUniswapV3PoolEvents,0x1F98431c00000000000000000000000000000000,data/production/safe/raw/UniswapV3Factory_0x1F98431c/IUniswapV3PoolEvents.sol,,production_safe,False,False,False,False,False,False,False,False,False,False,False,False,False,False,False,False,False,False,False,False,False,False,True,False,False,0,0,2,0,0,0,0,0,0,112,1,1,0.0,0,60,0.5357142857142857,0,0,0,0,2,0,0,0,0,1,1,0.0,0.0,2.0,4.0,False,simple,0,0,0,0,0,0.0,False,0,0,0,0,0,0,0.0,False,0,0,0.0,0,0,0,False,0,0,0.0,0,0,0,1.0,False,0,0,0,0,0
528,BitMath,0x1F98431c00000000000000000000000000000000,data/production/safe/raw/UniswapV3Factory_0x1F98431c/BitMath.sol,,production_safe,False,False,False,False,False,False,False,False,False,False,False,False,False,False,False,False,False,False,False,False,False,False,True,False,False,0,0,7,2,0,0,0,17,0,90,1,1,17.0,2,15,0.16666666666666666,0,0,0,0,2,5,0,0,0,3,1,0.0,0.0,7.0,12.833333333333336,False,simple,0,67,81,0,25,1.208955223880597,False,0,34,2,2,0,0,0.0,False,0,2,1.0,1,0,0,False,0,2,0.0,2,0,0,1.0,False,0,0,0,0,0
532,UnsafeMath,0x1F98431c00000000000000000000000000000000,data/production/safe/raw/UniswapV3Factory_0x1F98431c/UnsafeMath.sol,,production_safe,False,False,False,False,False,False,False,False,False,False,False,False,False,False,True,False,False,False,False,False,False,False,True,False,False,0,0,4,1,0,0,0,1,0,16,1,1,1.0,0,8,0.5,0,0,0,0,3,1,0,0,0,3,2,0.0,0.0,4.0,4.933333333333334,False,simple,0,4,3,0,3,0.75,False,0,1,1,0,0,0,0.0,False,0,1,0.0,1,0,0,False,0,2,0.0,1,0,0,1.0,False,0,0,0,0,0
533,IUniswapV3PoolOwnerActions,0x1F98431c00000000000000000000000000000000,data/production/safe/raw/UniswapV3Factory_0x1F98431c/IUniswapV3PoolOwnerActions.sol,,production_safe,False,False,False,False,False,False,False,False,False,False,False,False,False,False,False,False,False,False,False,False,False,False,True,False,False,0,0,4,2,0,0,0,1,0,21,1,1,1.0,0,12,0.5714285714285714,0,0,0,0,2,2,0,0,0,2,1,0.0,0.0,4.0,6.8,False,simple,0,0,0,0,0,0.0,False,0,0,2,0,0,0,0.0,False,2,0,0.0,2,0,0,False,0,5,0.0,2,0,0,1.0,False,0,0,0,0,0
535,LiquidityMath,0x1F98431c00000000000000000000000000000000,data/production/safe/raw/UniswapV3Factory_0x1F98431c/LiquidityMath.sol,,production_safe,False,False,False,False,False,False,False,False,False,False,False,False,False,False,False,False,False,False,False,False,False,False,True,False,False,0,0,3,1,0,0,0,3,0,16,1,1,3.0,0,6,0.375,0,0,0,0,2,1,0,0,0,2,1,0.0,0.0,3.0,4.05,False,simple,0,5,5,0,3,1.0,False,0,3,1,1,0,0,0.0,False,0,1,1.0,1,0,0,False,0,2,0.0,1,0,0,1.0,False,0,0,0,0,0
537,IUniswapV3PoolState,0x1F98431c00000000000000000000000000000000,data/production/safe/raw/UniswapV3Factory_0x1F98431c/IUniswapV3PoolState.sol,,production_safe,False,False,False,False,False,False,False,False,False,False,False,False,False,False,False,False,False,False,False,False,False,False,True,False,False,0,0,5,9,0,0,0,1,0,107,1,1,1.0,0,55,0.514018691588785,0,0,0,0,2,3,0,0,0,2,1,0.0,0.0,5.0,10.25,False,simple,0,0,0,0,0,0.0,False,0,0,9,0,0,0,0.0,False,9,0,0.0,9,0,0,False,0,4,0.0,4,0,0,1.0,False,0,0,0,0,0
538,tob_reentrancy_Reentrancy,,data/production/vulnerable/raw/tob_reentrancy_Reentrancy.sol,,production_vulnerable,True,False,False,True,True,False,False,False,False,False,False,False,False,False,False,False,False,False,False,False,False,False,True,False,False,1,0,9,5,5,1,0,3,2,35,1,1,1.8,0,8,0.22857142857142856,1,0,0,0,8,2,0,1,1,6,3,0.0,0.0,19.0,29.766666666666666,True,simple,0,18,13,0,4,0.7222222222222222,False,3,9,5,0,0,5,1.0,False,5,0,0.0,5,1,0,True,5,1,0.0,1,0,0,1.0,False,0,0,0,0,1
539,tob_Multiplicator_Multiplicator,,data/production/vulnerable/raw/tob_Multiplicator_Multiplicator.sol,,production_vulnerable,False,False,False,False,False,False,False,False,False,False,False,False,False,False,False,False,False,False,False,False,False,False,True,False,False,0,0,4,4,2,1,0,3,0,21,1,1,1.5,0,0,0.0,3,0,0,0,3,1,0,0,0,3,1,0.0,0.0,4.0,4.933333333333334,False,simple,0,9,6,0,2,0.6666666666666666,False,0,6,4,3,1,2,0.4,False,3,1,0.75,4,1,1,True,2,1,0.5,1,0,0,1.0,False,0,0,0,0,1
540,tob_GiftBox_GiftBox,,data/production/vulnerable/raw/tob_GiftBox_GiftBox.sol,,production_vulnerable,False,True,False,False,True,False,False,False,False,False,False,False,False,False,False,False,False,False,False,False,False,False,True,False,False,1,0,13,8,2,4,0,3,0,57,1,1,2.25,0,0,0.0,4,0,0,0,14,2,0,1,1,6,3,0.0,0.0,23.0,59.033333333333324,True,simple,0,27,23,0,3,0.8518518518518519,False,2,18,8,4,1,2,0.3333333333333333,False,7,1,0.5,7,4,4,True,2,5,2.0,5,0,0,1.0,False,0,0,0,0,1
541,tob_unprotected_function_Unprotected,,data/production/vulnerable/raw/tob_unprotected_function_Unprotected.sol,,production_vulnerable,False,False,False,False,False,False,False,False,False,False,False,False,False,False,False,False,False,False,False,False,False,False,True,False,False,0,0,8,3,0,1,1,1,0,25,1,1,1.0,0,1,0.04,0,0,0,0,5,3,0,0,0,4,2,0.0,0.0,8.0,14.2,False,simple,0,7,4,0,2,0.5714285714285714,False,0,3,3,1,1,0,0.0,False,3,0,0.3333333333333333,3,1,2,False,0,2,0.0,2,0,0,1.0,False,0,0,0,0,1
543,MainchainGatewayProxy_0x1a2a1c93,0x1a2a1c9300000000000000000000000000000000,data/production/vulnerable/raw/MainchainGatewayProxy_0x1a2a1c93.sol,,production_vulnerable,False,False,False,False,False,False,False,False,False,False,False,False,True,False,True,True,False,True,False,False,False,False,True,True,False,1,2,47,5,0,0,0,1,0,449,11,1,1.0,0,43,0.0957683741648107,1,0,2,0,41,10,0,3,1,11,4,0.0,0.0,67.0,292.3636363636364,True,simple,0,15,10,0,4,0.6666666666666666,False,2,5,5,5,2,0,0.0,False,5,0,1.0,4,0,1,True,0,2,0.0,2,0,0,1.0,False,0,0,0,0,1
544,tob_SpankChain_source_code_SpankChain_Payment,,data/production/vulnerable/raw/tob_SpankChain_source_code_SpankChain_Payment.sol,,production_vulnerable,True,True,True,True,True,True,True,False,False,False,False,False,False,False,True,False,False,False,False,False,False,False,True,False,False,3,17,98,5,0,1,0,1,0,771,5,1,1.0,0,113,0.14656290531776914,0,0,0,0,93,35,0,20,3,18,6,0.0,0.0,213.0,1390.4166666666667,True,simple,0,0,0,0,0,0.0,False,0,0,5,0,0,0,0.0,False,5,0,0.0,5,1,0,False,0,10,0.0,5,0,0,1.0,False,0,0,0,0,1
545,tob_VarLoop_VarLoop,,data/production/vulnerable/raw/tob_VarLoop_VarLoop.sol,,production_vulnerable,False,True,False,False,False,False,False,False,False,False,False,False,False,False,False,False,False,False,False,False,False,False,True,False,False,1,0,3,4,2,1,0,10,0,32,1,1,3.25,0,0,0.0,3,0,0,0,3,1,0,1,0,3,2,0.0,0.0,13.0,16.03333333333333,False,simple,0,23,23,1,12,1.0,False,0,13,4,2,1,2,0.5,False,3,1,0.5,5,1,0,True,2,0,0.0,0,0,0,1.0,False,0,0,0,0,1
547,tob_integer_overflow_integer_overflow_1,,data/production/vulnerable/raw/tob_integer_overflow_integer_overflow_1.sol,,production_vulnerable,False,False,False,False,False,False,False,False,False,False,False,False,False,False,False,False,False,False,False,False,False,False,True,False,False,0,0,3,3,0,1,0,1,0,13,1,1,1.0,0,2,0.15384615384615385,0,0,0,0,3,0,0,0,0,2,1,0.0,0.0,3.0,4.5,False,simple,0,6,3,0,2,0.5,False,0,3,3,1,1,0,0.0,False,2,1,0.3333333333333333,3,1,2,True,0,2,0.0,2,0,0,1.0,False,0,0,0,0,1
551,tob_forced_ether_reception_coin,,data/production/vulnerable/raw/tob_forced_ether_reception_coin.sol,,production_vulnerable,False,False,False,False,False,False,False,False,False,False,True,False,False,False,False,False,False,False,False,False,False,False,True,False,False,1,1,19,2,0,1,1,1,0,158,4,1,1.0,0,63,0.3987341772151899,0,0,0,0,20,3,0,2,0,10,3,0.0,0.0,34.0,75.14,True,simple,0,5,3,0,2,0.6,False,0,2,2,1,1,0,0.0,False,2,0,0.5,2,1,1,False,0,1,0.0,1,0,0,1.0,False,0,0,0,0,1
553,tob_wrong_constructor_name_incorrect_constructor,,data/production/vulnerable/raw/tob_wrong_constructor_name_incorrect_constructor.sol,,production_vulnerable,False,False,False,False,False,False,False,False,False,False,False,False,False,False,False,False,False,False,False,False,False,False,True,False,False,0,0,3,2,1,1,1,1,0,21,1,1,1.0,0,2,0.09523809523809523,0,0,0,0,3,0,0,0,0,2,1,0.0,0.0,3.0,4.5,False,simple,0,5,3,0,2,0.6,False,0,2,2,2,1,1,0.3333333333333333,False,2,0,1.0,3,1,0,True,1,0,0.0,0,0,0,1.0,False,0,0,0,0,1
554,tob_KotET_source_code_KingOfTheEtherThrone,,data/production/vulnerable/raw/tob_KotET_source_code_KingOfTheEtherThrone.sol,,production_vulnerable,False,False,True,True,True,False,False,False,False,False,False,False,False,False,False,False,False,False,False,False,False,False,True,False,False,1,10,13,7,5,9,1,21,0,140,1,1,3.857142857142857,1,50,0.35714285714285715,0,0,0,0,8,16,0,11,1,11,5,0.0,0.0,73.0,127.41818181818181,True,moderate,1,61,63,0,21,1.0327868852459017,False,2,27,7,3,1,5,0.625,False,6,1,0.42857142857142855,5,9,3,True,4,3,0.75,3,0,0,1.0,False,0,0,0,0,1
556,tob_Rubixi_source_code_Rubixi,,data/production/vulnerable/raw/tob_Rubixi_source_code_Rubixi.sol,,production_vulnerable,False,False,False,True,True,False,False,False,False,False,False,False,False,False,False,False,False,False,False,False,False,False,True,False,False,1,5,25,19,5,7,1,8,0,119,1,1,2.3157894736842106,0,15,0.12605042016806722,0,0,0,0,15,16,0,6,4,11,4,0.0,0.0,60.0,142.9090909090909,True,moderate,1,99,86,1,12,0.8686868686868687,False,6,44,19,9,2,5,0.35714285714285715,False,16,3,0.47368421052631576,12,7,6,True,5,7,1.2,7,0,0,1.0,False,0,0,0,0,1
557,tob_PrivateBank_PrivateBank,,data/production/vulnerable/raw/tob_PrivateBank_PrivateBank.sol,,production_vulnerable,True,False,False,True,False,False,False,False,False,False,False,False,False,False,False,False,False,False,False,False,False,False,True,False,False,2,0,15,5,4,3,0,5,1,54,2,1,2.2,0,0,0.0,2,0,0,0,17,2,0,2,0,7,3,0.0,0.0,35.0,92.0,True,simple,0,16,14,0,4,0.875,False,0,11,5,0,0,4,1.0,False,4,1,0.0,5,3,2,True,4,2,0.5,2,0,0,1.0,False,0,0,0,0,1
558,tob_race_condition_RaceCondition,,data/production/vulnerable/raw/tob_race_condition_RaceCondition.sol,,production_vulnerable,True,False,False,False,False,False,False,True,False,False,False,False,False,False,False,True,False,True,False,False,False,False,True,False,False,1,2,6,3,1,3,0,1,0,42,2,1,1.0,0,7,0.16666666666666666,1,0,0,0,6,3,0,3,0,7,5,0.0,0.0,26.0,30.085714285714285,True,simple,0,12,9,0,4,0.75,False,0,3,3,2,1,1,0.3333333333333333,False,3,0,0.6666666666666666,2,3,3,True,1,4,3.0,3,0,0,1.0,False,0,0,0,0,1
559,tob_incorrect_interface_Bob,,data/production/vulnerable/raw/tob_incorrect_interface_Bob.sol,,production_vulnerable,False,False,False,False,False,False,False,False,False,False,False,False,False,False,False,False,False,False,False,False,False,False,True,False,False,0,0,4,2,2,0,0,1,0,13,2,1,1.0,0,0,0.0,0,0,0,0,4,0,0,0,0,2,1,0.0,0.0,4.0,8.0,False,simple,0,4,2,0,1,0.5,False,0,2,2,0,0,2,1.0,False,2,0,0.0,2,0,2,False,0,2,0.0,2,0,0,1.0,False,0,0,0,0,1
560,Registrar_0x6090a6e4,0x6090a6e400000000000000000000000000000000,data/production/vulnerable/raw/Registrar_0x6090a6e4.sol,,production_vulnerable,True,True,True,False,True,True,True,False,False,False,False,False,False,False,True,False,False,True,False,False,False,False,True,False,False,2,9,80,26,34,9,3,15,0,527,3,1,3.6153846153846154,2,206,0.3908918406072106,2,0,0,0,62,32,0,11,1,17,6,0.0,0.0,145.0,719.8823529411765,True,critical,3,236,227,7,19,0.961864406779661,True,27,94,26,30,5,34,0.53125,True,19,7,1.1538461538461537,14,9,13,True,4,43,3.25,25,0,0,1.0,False,0,0,0,0,1
561,tob_KOTH_KOTH,,data/production/vulnerable/raw/tob_KOTH_KOTH.sol,,production_vulnerable,False,False,False,False,False,False,False,False,False,False,False,False,False,False,False,False,False,True,False,False,False,False,True,False,False,1,0,3,1,0,1,1,1,0,30,2,1,1.0,0,10,0.3333333333333333,0,0,0,0,4,0,0,1,0,3,2,0.0,0.0,13.0,17.333333333333332,False,simple,0,2,1,0,1,0.5,False,0,1,1,0,0,0,0.0,False,1,0,0.0,1,1,0,False,0,0,0.0,0,0,0,1.0,False,0,0,0,0,1
562,MoneyMarket_0x0eEe3E38,0x0eEe3E3800000000000000000000000000000000,data/production/vulnerable/raw/MoneyMarket_0x0eEe3E38.sol,,production_vulnerable,True,False,False,False,False,True,True,False,False,False,False,False,True,False,True,True,False,False,False,False,True,True,True,False,False,1,33,68,40,13,15,0,47,0,2230,9,1,8.375,7,829,0.3717488789237668,1,0,2,0,48,55,0,34,1,17,5,0.0,0.0,243.0,1236.4411764705883,True,critical,3,879,849,5,106,0.9658703071672355,True,173,335,40,153,5,13,0.0783132530120482,False,23,17,3.825,32,15,15,True,0,61,0.0,34,0,0,1.0,False,0,0,0,0,1
563,tob_incorrect_interface_Alice,,data/production/vulnerable/raw/tob_incorrect_interface_Alice.sol,,production_vulnerable,False,False,False,False,False,False,False,False,False,False,False,False,False,False,False,False,False,False,False,False,False,False,True,False,False,0,0,5,3,0,1,0,1,0,13,1,1,1.0,0,0,0.0,0,0,0,0,5,0,0,0,0,2,1,0.0,0.0,5.0,12.5,False,simple,0,6,3,0,1,0.5,False,0,3,3,0,0,0,0.0,False,3,0,0.0,3,1,2,False,0,2,0.0,2,0,0,1.0,False,0,0,0,0,1
564,tob_SpankChain_source_code_SpankChain,,data/production/vulnerable/raw/tob_SpankChain_source_code_SpankChain.sol,,production_vulnerable,False,False,False,True,False,False,False,False,False,False,False,False,False,False,False,False,False,False,False,False,False,False,True,False,False,0,0,17,5,0,1,0,1,0,129,3,1,1.0,0,68,0.5271317829457365,0,0,0,0,19,0,0,0,0,6,2,0.0,0.0,17.0,53.833333333333336,False,simple,0,0,0,0,0,0.0,False,0,0,5,0,0,0,0.0,False,5,0,0.0,5,1,0,False,0,10,0.0,5,0,0,1.0,False,0,0,0,0,1
565,BZxVault_0x8b3d70d6,0x8b3d70d600000000000000000000000000000000,data/production/vulnerable/raw/BZxVault_0x8b3d70d6.sol,,production_vulnerable,False,True,False,False,False,False,False,False,False,False,False,False,False,False,True,False,False,False,False,False,False,False,True,False,False,1,3,9,5,1,0,0,3,0,231,5,1,2.6,0,41,0.1774891774891775,1,0,2,0,10,3,0,4,0,7,3,0.0,0.0,34.0,58.77142857142857,True,simple,0,30,26,0,5,0.8666666666666667,False,7,13,5,9,1,1,0.1,False,5,0,1.8,4,0,1,False,1,12,1.0,4,0,0,1.0,False,0,0,0,0,1
566,tob_denial_of_service_auction,,data/production/vulnerable/raw/tob_denial_of_service_auction.sol,,production_vulnerable,False,False,False,True,True,False,False,False,False,False,False,False,False,False,False,False,False,False,False,False,False,False,True,False,False,0,1,3,1,1,2,0,3,0,42,2,1,3.0,0,11,0.2619047619047619,1,0,0,0,2,2,0,1,1,3,3,0.0,0.0,8.0,9.066666666666666,True,simple,0,7,7,0,5,1.0,False,0,3,1,1,1,1,0.5,False,1,0,1.0,1,2,0,True,1,0,0.0,0,0,0,1.0,False,0,0,0,0,1
567,tob_reentrancy_ReentrancyExploit,,data/production/vulnerable/raw/tob_reentrancy_ReentrancyExploit.sol,,production_vulnerable,False,True,False,True,False,False,False,False,False,False,False,False,False,False,False,False,False,False,False,False,False,False,True,False,False,1,0,14,6,4,3,0,3,3,31,1,1,1.3333333333333333,0,5,0.16129032258064516,2,0,0,0,14,1,0,1,0,6,3,0.0,0.0,24.0,58.800000000000004,True,simple,0,16,11,0,3,0.6875,False,0,8,6,7,1,4,0.36363636363636365,False,5,1,1.1666666666666667,5,3,1,True,4,1,0.25,1,0,0,1.0,False,0,0,0,0,1
569,CErc20Delegator,0x2db6c82c00000000000000000000000000000000,data/production/vulnerable/raw/CErc20Delegator_0x2db6c82c/CErc20Delegator.sol,,production_vulnerable,True,False,False,True,False,False,True,False,True,False,False,False,False,False,True,False,False,False,False,False,True,False,True,False,False,2,1,76,40,10,0,0,3,4,423,10,1,1.05,0,226,0.5342789598108747,1,0,2,0,90,6,0,3,0,12,6,0.0,0.0,101.0,792.85,True,complex,2,137,98,0,7,0.7153284671532847,False,3,42,40,43,2,10,0.18867924528301888,False,36,4,1.075,6,0,4,True,4,50,1.0,28,0,0,1.0,True,0,0,0,0,1
570,InterestRateModel,0x2db6c82c00000000000000000000000000000000,data/production/vulnerable/raw/CErc20Delegator_0x2db6c82c/InterestRateModel.sol,,production_vulnerable,False,False,False,False,False,False,False,False,False,False,False,False,False,False,False,False,False,False,False,False,False,False,True,False,False,0,0,2,3,0,1,0,1,0,26,1,1,1.0,0,20,0.7692307692307693,0,0,0,0,2,0,0,0,0,1,1,0.0,0.0,2.0,4.0,False,simple,0,1,0,0,0,0.0,False,0,1,3,0,0,0,0.0,False,2,1,0.0,3,1,0,False,0,7,0.0,2,0,0,1.0,False,0,0,0,0,1
571,CTokenInterfaces,0x2db6c82c00000000000000000000000000000000,data/production/vulnerable/raw/CErc20Delegator_0x2db6c82c/CTokenInterfaces.sol,,production_vulnerable,False,False,False,False,False,False,False,False,False,False,False,False,False,False,False,False,False,False,False,False,False,False,True,False,False,0,0,16,24,0,1,0,1,0,240,9,1,1.0,0,145,0.6041666666666666,0,0,1,0,18,0,0,0,0,3,1,0.0,0.0,16.0,96.0,False,moderate,1,3,2,0,2,0.6666666666666666,False,0,1,24,0,0,0,0.0,False,23,1,0.0,24,1,0,False,0,22,0.0,15,0,0,1.0,False,0,0,0,0,1
572,ComptrollerInterface,0x2db6c82c00000000000000000000000000000000,data/production/vulnerable/raw/CErc20Delegator_0x2db6c82c/ComptrollerInterface.sol,,production_vulnerable,False,False,False,False,False,False,False,False,False,False,False,False,False,False,False,False,False,False,False,False,False,False,True,False,False,0,0,2,18,0,1,0,1,0,58,1,1,1.0,0,4,0.06896551724137931,0,0,0,0,2,0,0,0,0,1,1,0.0,0.0,2.0,4.0,False,simple,0,1,0,0,0,0.0,False,0,1,18,0,0,0,0.0,False,17,1,0.0,18,1,0,False,0,63,0.0,17,0,0,1.0,False,0,0,0,0,1
573,IERC20,0xf92cD56600000000000000000000000000000000,data/production/vulnerable/raw/Wormhole_0xf92cD566/IERC20.sol,,production_vulnerable,False,False,False,False,False,False,False,False,False,False,False,False,False,False,False,False,False,False,False,False,False,False,True,False,False,0,0,2,6,0,0,0,1,0,68,1,1,1.0,0,57,0.8382352941176471,0,0,0,0,2,0,0,0,0,1,1,0.0,0.0,2.0,4.0,False,simple,0,0,0,0,0,0.0,False,0,0,6,0,0,0,0.0,False,6,0,0.0,6,0,0,False,0,10,0.0,5,0,0,1.0,False,0,0,0,0,1
574,Context,0xf92cD56600000000000000000000000000000000,data/production/vulnerable/raw/Wormhole_0xf92cD566/Context.sol,,production_vulnerable,False,False,False,False,False,False,False,False,False,False,False,False,False,False,False,False,False,False,False,False,False,False,True,False,False,0,0,5,2,0,0,0,1,0,21,1,1,1.0,0,11,0.5238095238095238,0,0,0,0,3,2,0,0,0,3,1,0.0,0.0,5.0,7.333333333333334,False,simple,0,5,3,0,2,0.6,False,2,2,2,0,0,0,0.0,False,0,2,0.0,2,0,0,False,0,0,0.0,0,0,0,1.0,False,0,0,0,0,1
577,ReentrancyGuard,0xf92cD56600000000000000000000000000000000,data/production/vulnerable/raw/Wormhole_0xf92cD566/ReentrancyGuard.sol,,production_vulnerable,False,False,False,False,False,False,False,False,False,False,False,False,False,False,False,False,False,False,False,False,False,False,True,False,False,0,0,2,2,0,3,1,1,0,53,1,1,1.0,0,38,0.7169811320754716,0,0,0,0,2,0,0,0,0,1,1,0.0,0.0,2.0,4.0,False,simple,0,4,2,0,1,0.5,False,0,2,2,0,0,0,0.0,False,0,2,0.0,2,3,0,True,0,0,0.0,0,0,0,1.0,True,0,0,0,0,1
578,BytesLib,0xf92cD56600000000000000000000000000000000,data/production/vulnerable/raw/Wormhole_0xf92cD566/BytesLib.sol,,production_vulnerable,False,False,False,False,False,False,False,False,False,False,False,False,False,False,True,False,False,False,False,False,False,False,True,False,False,0,4,60,14,0,0,0,14,0,430,1,1,3.9285714285714284,2,123,0.28604651162790695,0,0,0,0,45,19,0,4,0,6,2,0.0,0.0,80.0,777.3333333333333,True,moderate,1,267,270,9,37,1.0112359550561798,True,13,55,14,33,0,0,0.0,False,0,14,2.357142857142857,6,0,0,False,0,29,0.0,14,0,0,1.0,False,0,0,0,0,1
579,SafeMath,0xf92cD56600000000000000000000000000000000,data/production/vulnerable/raw/Wormhole_0xf92cD566/SafeMath.sol,,production_vulnerable,False,False,False,False,False,False,False,False,False,False,False,False,False,False,False,False,False,False,False,False,False,False,True,False,False,0,0,10,8,0,0,0,3,0,145,1,1,1.25,0,106,0.7310344827586207,0,0,0,0,2,8,0,0,0,2,1,0.0,0.0,10.0,38.0,False,simple,0,28,20,0,5,0.7142857142857143,False,9,10,8,8,0,0,0.0,True,0,8,1.0,1,0,0,False,0,19,0.0,8,0,0,1.0,False,0,0,0,0,1
581,Address,0xf92cD56600000000000000000000000000000000,data/production/vulnerable/raw/Wormhole_0xf92cD566/Address.sol,,production_vulnerable,False,False,False,True,False,False,False,False,False,False,False,False,False,False,True,False,False,False,False,False,False,False,True,False,False,0,0,13,7,2,0,0,5,2,129,1,1,1.5714285714285714,0,87,0.6744186046511628,0,0,0,0,6,7,0,0,0,4,3,0.0,0.0,13.0,35.425,True,simple,0,36,30,0,11,0.8333333333333334,False,6,11,7,13,0,2,0.13333333333333333,True,0,7,1.8571428571428572,6,0,2,False,2,19,1.0,7,0,0,1.0,False,0,0,0,0,1
