has_reentrancy,has_access_control_issues,has_timestamp_dependency,has_unchecked_call,has_reentrancy_unlimited,has_reentrancy_benign,has_reentrancy_events,has_unchecked_transfer,has_controlled_delegatecall,has_delegatecall_loop,has_uninitialized_state,has_uninitialized_storage,has_uninitialized_local,has_tx_origin,has_inline_assembly,has_locked_ether,has_msg_value_loop,has_shadowing_state,has_shadowing_builtin,has_shadowing_abstract,has_unused_state_vars,has_unused_return_values,has_incorrect_solc_version,has_floating_pragma,has_outdated_compiler,high_severity_count,medium_severity_count,low_severity_count,num_functions,num_external_calls,num_state_vars,num_modifiers,max_cyclomatic_complexity,num_low_level_calls,lines_of_code,num_contracts_in_file,num_dependencies,avg_function_complexity,num_functions_high_complexity,num_comments,comment_to_code_ratio,num_payable_functions,num_library_calls,inheritance_depth,num_unused_functions,high_confidence_detectors,medium_confidence_detectors,low_confidence_detectors,security_detectors_triggered,optimization_detectors_triggered,total_detector_hits,unique_vulnerability_types,detectors_per_function,detectors_per_loc,risk_score_simple,risk_score_weighted,is_high_risk,cfg_num_nodes,cfg_num_edges,cfg_num_cycles,cfg_max_depth,cfg_avg_branching,cfg_has_complex_loops,cfg_num_exit_points,cfg_cyclomatic_total,cg_num_nodes,cg_num_edges,cg_max_call_depth,cg_num_external_calls,cg_external_call_ratio,cg_has_cyclic_calls,cg_num_public_entry_points,cg_num_internal_functions,cg_avg_calls_per_function,cg_num_leaf_functions,dfg_num_state_vars,dfg_num_tainted_flows,dfg_has_cross_function_flow,dfg_num_sensitive_sinks,dfg_num_external_sources,dfg_taint_to_sink_ratio,dfg_num_unvalidated_inputs,has_vulnerability,contract_complexity_category_encoded
False,True,False,False,False,False,False,False,False,False,False,False,False,True,False,False,False,False,False,False,False,False,True,False,False,1,1,5,0,0,0,0,0,0,0,1,0,0.0,0,0,0.0,0,0,0,0,3,4,0,2,0,5,3,0.0,0.0,20.0,23.200000000000003,True,0,0,0,0,0.0,False,0,0,0,0,0,0,0.0,False,0,0,0.0,0,0,0,False,0,0,0.0,0,True,2.0
True,True,True,True,False,False,True,False,False,False,True,False,True,False,True,False,False,False,False,False,True,False,True,False,False,3,3,66,0,0,0,0,0,0,0,1,0,0.0,0,0,0.0,0,0,0,0,74,7,0,6,0,17,8,0.0,0.0,111.0,515.1705882352942,True,0,0,0,0,0.0,False,0,0,0,0,0,0,0.0,False,0,0,0.0,0,0,0,False,0,0,0.0,0,True,
False,False,False,False,False,False,False,False,False,False,False,False,False,False,False,False,False,False,False,False,False,False,True,False,False,1,1,6,0,0,0,0,0,0,0,1,0,0.0,0,0,0.0,0,0,0,0,7,1,0,2,0,4,1,0.0,0.0,21.0,40.425,True,0,0,0,0,0.0,False,0,0,0,0,0,0,0.0,False,0,0,0.0,0,0,0,False,0,0,0.0,0,True,1.0
False,False,False,False,True,False,False,False,False,False,False,False,False,False,False,False,False,False,False,False,False,False,True,False,False,0,0,4,0,0,0,0,0,0,0,1,0,0.0,0,0,0.0,0,0,0,0,2,2,0,0,1,3,2,0.0,0.0,4.0,4.533333333333333,False,0,0,0,0,0.0,False,0,0,0,0,0,0,0.0,False,0,0,0.0,0,0,0,False,0,0,0.0,0,True,1.0
False,False,False,True,True,False,False,False,False,False,False,False,False,False,False,False,False,False,False,False,False,False,True,False,False,1,5,25,0,0,0,0,0,0,0,1,0,0.0,0,0,0.0,0,0,0,0,15,16,0,6,4,11,4,0.0,0.0,60.0,142.9090909090909,True,0,0,0,0,0.0,False,0,0,0,0,0,0,0.0,False,0,0,0.0,0,0,0,False,0,0,0.0,0,True,
False,True,False,False,False,False,False,False,False,False,False,False,False,True,False,False,False,False,False,False,False,False,True,False,False,1,1,3,0,0,0,0,0,0,0,1,0,0.0,0,0,0.0,0,0,0,0,2,3,0,2,0,4,3,0.0,0.0,18.0,18.45,True,0,0,0,0,0.0,False,0,0,0,0,0,0,0.0,False,0,0,0.0,0,0,0,False,0,0,0.0,0,True,1.0
False,False,False,False,True,False,False,False,False,False,False,False,False,False,False,False,False,False,False,False,False,False,True,False,False,0,0,4,0,0,0,0,0,0,0,1,0,0.0,0,0,0.0,0,0,0,0,2,2,0,0,1,3,2,0.0,0.0,4.0,4.533333333333333,False,0,0,0,0,0.0,False,0,0,0,0,0,0,0.0,False,0,0,0.0,0,0,0,False,0,0,0.0,0,True,1.0
False,False,False,False,False,False,False,False,False,False,False,False,False,False,False,False,False,False,False,False,False,False,True,False,False,0,0,3,0,0,0,0,0,0,0,1,0,0.0,0,0,0.0,0,0,0,0,3,0,0,0,0,2,1,0.0,0.0,3.0,4.5,False,0,0,0,0,0.0,False,0,0,0,0,0,0,0.0,False,0,0,0.0,0,0,0,False,0,0,0.0,0,True,0.0
False,False,False,False,True,False,False,False,False,False,False,False,False,False,False,False,False,False,False,False,False,False,True,False,False,0,0,4,0,0,0,0,0,0,0,1,0,0.0,0,0,0.0,0,0,0,0,2,2,0,0,1,3,2,0.0,0.0,4.0,4.533333333333333,False,0,0,0,0,0.0,False,0,0,0,0,0,0,0.0,False,0,0,0.0,0,0,0,False,0,0,0.0,0,True,1.0
False,False,False,False,False,False,False,False,False,False,False,False,False,False,False,False,False,False,False,False,False,False,True,False,False,0,0,4,0,0,0,0,0,0,0,1,0,0.0,0,0,0.0,0,0,0,0,4,0,0,0,0,2,1,0.0,0.0,4.0,8.0,False,0,0,0,0,0.0,False,0,0,0,0,0,0,0.0,False,0,0,0.0,0,0,0,False,0,0,0.0,0,True,1.0
False,False,False,False,False,False,False,False,False,False,True,False,False,False,False,False,False,False,False,False,False,False,True,False,False,2,0,2,0,0,0,0,0,0,0,1,0,0.0,0,0,0.0,0,0,0,0,4,1,0,2,0,4,2,0.0,0.0,22.0,25.85,True,0,0,0,0,0.0,False,0,0,0,0,0,0,0.0,False,0,0,0.0,0,0,0,False,0,0,0.0,0,True,1.0
False,True,False,False,False,False,False,False,False,False,False,False,False,False,False,False,False,False,False,False,False,False,True,False,False,1,0,2,0,0,0,0,0,0,0,1,0,0.0,0,0,0.0,0,0,0,0,3,0,0,1,0,2,2,0.0,0.0,12.0,18.0,False,0,0,0,0,0.0,False,0,0,0,0,0,0,0.0,False,0,0,0.0,0,0,0,False,0,0,0.0,0,True,1.0
False,False,False,False,False,False,False,False,False,False,False,False,False,False,False,False,False,False,False,False,False,False,True,False,False,0,0,3,0,0,0,0,0,0,0,1,0,0.0,0,0,0.0,0,0,0,0,3,0,0,0,0,2,1,0.0,0.0,3.0,4.5,False,0,0,0,0,0.0,False,0,0,0,0,0,0,0.0,False,0,0,0.0,0,0,0,False,0,0,0.0,0,True,0.0
False,False,False,False,False,False,False,False,False,False,False,False,False,False,False,False,False,False,False,False,False,False,True,False,False,0,0,2,0,0,0,0,0,0,0,1,0,0.0,0,0,0.0,0,0,0,0,2,0,0,0,0,1,1,0.0,0.0,2.0,4.0,False,0,0,0,0,0.0,False,0,0,0,0,0,0,0.0,False,0,0,0.0,0,0,0,False,0,0,0.0,0,True,0.0
False,False,False,False,False,False,False,False,False,False,False,False,False,False,False,False,False,False,False,False,False,False,True,False,False,0,0,4,0,0,0,0,0,0,0,1,0,0.0,0,0,0.0,0,0,0,0,3,1,0,0,0,3,1,0.0,0.0,4.0,4.933333333333334,False,0,0,0,0,0.0,False,0,0,0,0,0,0,0.0,False,0,0,0.0,0,0,0,False,0,0,0.0,0,True,1.0
False,False,False,True,False,False,False,False,True,False,False,False,False,False,False,False,False,False,False,False,False,False,True,False,False,1,0,4,0,0,0,0,0,0,0,1,0,0.0,0,0,0.0,0,0,0,0,5,1,0,1,0,5,3,0.0,0.0,14.0,15.96,True,0,0,0,0,0.0,False,0,0,0,0,0,0,0.0,False,0,0,0.0,0,0,0,False,0,0,0.0,0,True,1.0
False,True,False,True,False,False,False,False,True,False,True,False,False,False,False,False,False,False,False,False,False,False,True,False,False,4,0,9,5,3,5,0,1,2,52,2,1,1.0,0,18,0.3461538461538461,1,0,0,0,11,4,0,4,0,9,5,0.0,0.0,49.0,75.13333333333333,True,10,5,0,3,0.5,False,0,5,5,3,1,3,0.5,False,3,2,0.6,4,5,1,True,3,1,0.3333333333333333,1,True,
True,True,True,True,False,False,True,False,False,False,False,False,True,False,False,False,False,False,False,False,True,False,True,False,False,2,2,59,0,0,0,0,0,0,0,1,0,0.0,0,0,0.0,0,0,0,0,58,6,0,4,0,13,7,0.0,0.0,89.0,425.8307692307693,True,0,0,0,0,0.0,False,0,0,0,0,0,0,0.0,False,0,0,0.0,0,0,0,False,0,0,0.0,0,True,
False,True,True,True,True,False,False,False,False,False,False,False,False,False,False,False,False,False,False,False,False,False,True,False,False,1,3,9,0,0,0,0,0,0,0,1,0,0.0,0,0,0.0,0,0,0,0,9,5,0,4,1,9,5,0.0,0.0,34.0,47.22222222222222,True,0,0,0,0,0.0,False,0,0,0,0,0,0,0.0,False,0,0,0.0,0,0,0,False,0,0,0.0,0,True,2.0
False,True,True,False,False,False,False,False,False,False,False,False,False,False,False,False,False,False,False,False,False,False,True,False,False,2,1,3,0,0,0,0,0,0,0,1,0,0.0,0,0,0.0,0,0,0,0,3,3,0,3,0,5,3,0.0,0.0,28.0,28.56,True,0,0,0,0,0.0,False,0,0,0,0,0,0,0.0,False,0,0,0.0,0,0,0,False,0,0,0.0,0,True,2.0
False,True,True,False,True,False,False,False,False,False,False,False,False,False,False,False,False,False,False,False,False,False,True,False,False,2,1,5,0,0,0,0,0,0,0,1,0,0.0,0,0,0.0,0,0,0,0,4,4,0,3,1,7,4,0.0,0.0,30.0,29.14285714285714,True,0,0,0,0,0.0,False,0,0,0,0,0,0,0.0,False,0,0,0.0,0,0,0,False,0,0,0.0,0,True,2.0
False,False,True,False,False,False,False,False,False,False,False,False,False,False,False,False,False,False,False,False,False,False,True,False,False,0,0,3,0,0,0,0,0,0,0,1,0,0.0,0,0,0.0,0,0,0,0,2,1,0,0,0,2,2,0.0,0.0,3.0,4.05,False,0,0,0,0,0.0,False,0,0,0,0,0,0,0.0,False,0,0,0.0,0,0,0,False,0,0,0.0,0,True,1.0
False,True,True,True,False,False,False,False,False,False,False,False,False,False,False,False,False,False,False,False,False,False,True,False,False,1,2,4,3,2,2,0,7,0,31,1,1,3.0,0,7,0.2258064516129032,0,0,0,0,3,4,0,3,0,5,4,0.0,0.0,24.0,27.84,True,16,16,0,4,1.0,False,1,9,3,3,2,2,0.4,False,2,1,1.0,2,2,1,True,2,2,0.5,2,True,2.0
False,False,False,False,False,False,False,False,False,False,False,False,False,False,False,False,False,False,False,False,False,False,True,False,False,0,0,3,0,0,0,0,0,0,0,1,0,0.0,0,0,0.0,0,0,0,0,2,1,0,0,1,2,1,0.0,0.0,3.0,4.05,False,0,0,0,0,0.0,False,0,0,0,0,0,0,0.0,False,0,0,0.0,0,0,0,False,0,0,0.0,0,True,0.0
False,False,False,False,False,False,False,False,False,False,True,False,False,False,False,False,False,False,False,False,False,False,True,False,False,1,0,3,0,0,0,0,0,0,0,1,0,0.0,0,0,0.0,0,0,0,0,4,1,0,1,1,4,2,0.0,0.0,13.0,15.275,False,0,0,0,0,0.0,False,0,0,0,0,0,0,0.0,False,0,0,0.0,0,0,0,False,0,0,0.0,0,True,1.0
False,False,True,True,True,False,False,False,False,False,False,False,False,False,False,False,False,False,False,False,False,False,True,False,False,2,7,8,0,0,0,0,0,0,0,1,0,0.0,0,0,0.0,0,0,0,0,3,15,0,9,5,7,4,0.0,0.0,63.0,121.5,True,0,0,0,0,0.0,False,0,0,0,0,0,0,0.0,False,0,0,0.0,0,0,0,False,0,0,0.0,0,True,
False,False,False,False,False,False,False,False,False,False,False,False,False,False,False,False,False,False,False,False,False,False,True,False,False,0,0,2,0,0,0,0,0,0,0,1,0,0.0,0,0,0.0,0,0,0,0,2,0,0,0,0,1,1,0.0,0.0,2.0,4.0,False,0,0,0,0,0.0,False,0,0,0,0,0,0,0.0,False,0,0,0.0,0,0,0,False,0,0,0.0,0,True,0.0
False,False,False,False,True,False,False,False,False,False,False,False,False,False,False,False,False,False,False,False,False,False,True,False,False,0,0,3,0,0,0,0,0,0,0,1,0,0.0,0,0,0.0,0,0,0,0,2,1,0,0,1,2,2,0.0,0.0,3.0,4.05,False,0,0,0,0,0.0,False,0,0,0,0,0,0,0.0,False,0,0,0.0,0,0,0,False,0,0,0.0,0,True,1.0
False,False,False,False,False,False,False,False,False,False,False,False,False,False,False,False,False,False,False,False,False,False,True,False,False,1,0,2,0,0,0,0,0,0,0,1,0,0.0,0,0,0.0,0,0,0,0,2,1,0,1,0,2,1,0.0,0.0,12.0,16.2,False,0,0,0,0,0.0,False,0,0,0,0,0,0,0.0,False,0,0,0.0,0,0,0,False,0,0,0.0,0,True,1.0
False,False,False,False,False,False,False,False,False,False,False,False,False,False,False,False,False,False,False,False,False,False,True,False,False,1,1,7,0,0,0,0,0,0,0,1,0,0.0,0,0,0.0,0,0,0,0,9,1,0,2,1,5,1,0.0,0.0,22.0,42.67999999999999,True,0,0,0,0,0.0,False,0,0,0,0,0,0,0.0,False,0,0,0.0,0,0,0,False,0,0,0.0,0,True,1.0
False,False,True,False,False,False,False,False,False,False,False,False,False,False,False,False,False,False,False,False,False,False,True,False,False,1,0,3,0,0,0,0,0,0,0,1,0,0.0,0,0,0.0,0,0,0,0,2,2,0,1,0,3,2,0.0,0.0,13.0,14.733333333333333,False,0,0,0,0,0.0,False,0,0,0,0,0,0,0.0,False,0,0,0.0,0,0,0,False,0,0,0.0,0,True,1.0
False,False,False,False,True,False,False,False,False,False,False,False,False,False,False,False,False,False,False,False,False,False,True,False,False,0,0,6,0,0,0,0,0,0,0,1,0,0.0,0,0,0.0,0,0,0,0,3,3,0,0,2,5,2,0.0,0.0,6.0,6.119999999999999,False,0,0,0,0,0.0,False,0,0,0,0,0,0,0.0,False,0,0,0.0,0,0,0,False,0,0,0.0,0,True,1.0
False,False,True,True,True,False,False,False,False,False,False,False,False,False,False,False,False,False,False,False,False,False,True,False,False,3,4,12,0,0,0,0,0,0,0,1,0,0.0,0,0,0.0,0,0,0,0,6,13,0,7,2,10,5,0.0,0.0,62.0,93.62,True,0,0,0,0,0.0,False,0,0,0,0,0,0,0.0,False,0,0,0.0,0,0,0,False,0,0,0.0,0,True,
False,True,True,False,False,False,False,False,False,False,False,False,False,False,False,False,False,False,False,False,False,False,True,False,False,1,2,4,0,0,0,0,0,0,0,1,0,0.0,0,0,0.0,0,0,0,0,5,2,0,3,0,5,3,0.0,0.0,24.0,30.72,True,0,0,0,0,0.0,False,0,0,0,0,0,0,0.0,False,0,0,0.0,0,0,0,False,0,0,0.0,0,True,2.0
False,False,False,False,True,False,False,False,False,False,False,False,False,False,False,False,False,True,False,False,False,False,True,False,False,3,16,58,0,0,0,0,0,0,0,1,0,0.0,0,0,0.0,0,0,0,0,59,20,0,19,6,15,4,0.0,0.0,168.0,817.5999999999999,True,0,0,0,0,0.0,False,0,0,0,0,0,0,0.0,False,0,0,0.0,0,0,0,False,0,0,0.0,0,True,
False,False,False,False,False,False,False,False,False,False,False,False,False,False,False,False,False,False,False,False,False,False,True,False,False,0,0,3,0,0,0,0,0,0,0,1,0,0.0,0,0,0.0,0,0,0,0,3,0,0,0,0,2,1,0.0,0.0,3.0,4.5,False,0,0,0,0,0.0,False,0,0,0,0,0,0,0.0,False,0,0,0.0,0,0,0,False,0,0,0.0,0,True,0.0
False,False,True,False,True,False,False,False,False,False,False,False,False,False,False,False,False,False,False,False,False,False,True,False,False,3,2,21,0,0,0,0,0,0,0,1,0,0.0,0,0,0.0,0,0,0,0,21,8,0,5,5,8,3,0.0,0.0,61.0,202.825,True,0,0,0,0,0.0,False,0,0,0,0,0,0,0.0,False,0,0,0.0,0,0,0,False,0,0,0.0,0,True,
False,False,False,False,False,False,False,False,False,False,False,False,False,False,False,False,False,False,False,False,False,False,True,False,False,0,0,2,0,0,0,0,0,0,0,1,0,0.0,0,0,0.0,0,0,0,0,3,0,0,0,0,2,1,0.0,0.0,2.0,3.0,False,0,0,0,0,0.0,False,0,0,0,0,0,0,0.0,False,0,0,0.0,0,0,0,False,0,0,0.0,0,True,0.0
False,False,True,False,False,False,False,False,False,False,False,False,False,False,False,False,False,False,False,False,False,False,True,False,False,0,0,4,0,0,0,0,0,0,0,1,0,0.0,0,0,0.0,0,0,0,0,3,1,0,0,0,3,2,0.0,0.0,4.0,4.933333333333334,False,0,0,0,0,0.0,False,0,0,0,0,0,0,0.0,False,0,0,0.0,0,0,0,False,0,0,0.0,0,True,1.0
False,False,False,False,False,False,False,False,False,False,False,False,False,False,False,False,False,False,False,False,False,False,True,False,False,0,0,2,0,0,0,0,0,0,0,1,0,0.0,0,0,0.0,0,0,0,0,2,0,0,0,0,1,1,0.0,0.0,2.0,4.0,False,0,0,0,0,0.0,False,0,0,0,0,0,0,0.0,False,0,0,0.0,0,0,0,False,0,0,0.0,0,True,0.0
False,False,False,False,False,False,False,False,False,False,False,False,False,False,False,False,False,False,False,False,False,False,True,False,False,0,0,24,0,0,0,0,0,0,0,1,0,0.0,0,0,0.0,0,0,0,0,26,3,0,0,0,6,1,0.0,0.0,24.0,112.4,True,0,0,0,0,0.0,False,0,0,0,0,0,0,0.0,False,0,0,0.0,0,0,0,False,0,0,0.0,0,True,2.0
False,False,False,False,False,False,False,False,False,False,False,False,False,False,False,False,False,False,False,False,False,False,True,False,False,0,0,3,0,0,0,0,0,0,0,1,0,0.0,0,0,0.0,0,0,0,0,3,0,0,0,0,2,1,0.0,0.0,3.0,4.5,False,0,0,0,0,0.0,False,0,0,0,0,0,0,0.0,False,0,0,0.0,0,0,0,False,0,0,0.0,0,True,0.0
False,False,False,False,False,False,False,False,False,False,False,False,False,False,False,False,False,False,False,False,False,False,True,False,False,0,0,2,0,0,0,0,0,0,0,1,0,0.0,0,0,0.0,0,0,0,0,2,0,0,0,0,1,1,0.0,0.0,2.0,4.0,False,0,0,0,0,0.0,False,0,0,0,0,0,0,0.0,False,0,0,0.0,0,0,0,False,0,0,0.0,0,True,0.0
False,False,False,False,False,False,False,False,False,False,False,False,False,False,False,False,False,False,False,False,False,False,True,False,False,0,0,2,0,0,0,0,0,0,0,1,0,0.0,0,0,0.0,0,0,0,0,2,0,0,0,0,1,1,0.0,0.0,2.0,4.0,False,0,0,0,0,0.0,False,0,0,0,0,0,0,0.0,False,0,0,0.0,0,0,0,False,0,0,0.0,0,True,0.0
False,False,False,False,False,False,False,False,False,False,False,False,False,False,False,False,False,False,False,False,False,False,True,False,False,0,1,5,0,0,0,0,0,0,0,1,0,0.0,0,0,0.0,0,0,0,0,6,0,0,1,0,3,1,0.0,0.0,10.0,20.0,False,0,0,0,0,0.0,False,0,0,0,0,0,0,0.0,False,0,0,0.0,0,0,0,False,0,0,0.0,0,True,1.0
False,False,False,False,False,False,False,False,False,False,False,False,False,False,False,False,False,False,False,False,False,False,True,False,False,0,0,2,0,0,0,0,0,0,0,1,0,0.0,0,0,0.0,0,0,0,0,2,0,0,0,0,1,1,0.0,0.0,2.0,4.0,False,0,0,0,0,0.0,False,0,0,0,0,0,0,0.0,False,0,0,0.0,0,0,0,False,0,0,0.0,0,True,0.0
False,False,False,False,False,False,False,False,False,False,False,False,False,False,False,False,False,False,False,False,False,False,True,False,False,0,0,2,0,0,0,0,0,0,0,1,0,0.0,0,0,0.0,0,0,0,0,2,0,0,0,0,1,1,0.0,0.0,2.0,4.0,False,0,0,0,0,0.0,False,0,0,0,0,0,0,0.0,False,0,0,0.0,0,0,0,False,0,0,0.0,0,True,0.0
False,False,False,False,False,False,False,False,False,False,False,False,False,False,False,False,False,False,False,False,False,False,True,False,False,0,1,4,0,0,0,0,0,0,0,1,0,0.0,0,0,0.0,0,0,0,0,5,0,0,1,0,3,1,0.0,0.0,9.0,14.999999999999998,False,0,0,0,0,0.0,False,0,0,0,0,0,0,0.0,False,0,0,0.0,0,0,0,False,0,0,0.0,0,True,1.0
False,False,False,False,False,False,False,False,False,False,False,False,False,False,False,False,False,False,False,False,False,False,True,False,False,0,0,2,0,0,0,0,0,0,0,1,0,0.0,0,0,0.0,0,0,0,0,2,0,0,0,0,1,1,0.0,0.0,2.0,4.0,False,0,0,0,0,0.0,False,0,0,0,0,0,0,0.0,False,0,0,0.0,0,0,0,False,0,0,0.0,0,True,0.0
False,False,False,False,False,False,False,False,False,False,False,False,False,False,False,False,False,False,False,False,False,False,True,False,False,0,0,2,0,0,0,0,0,0,0,1,0,0.0,0,0,0.0,0,0,0,0,2,0,0,0,0,1,1,0.0,0.0,2.0,4.0,False,0,0,0,0,0.0,False,0,0,0,0,0,0,0.0,False,0,0,0.0,0,0,0,False,0,0,0.0,0,True,0.0
False,False,False,False,False,False,False,False,False,False,False,False,False,False,False,False,False,False,False,False,False,False,True,False,False,0,0,2,0,0,0,0,0,0,0,1,0,0.0,0,0,0.0,0,0,0,0,2,0,0,0,0,1,1,0.0,0.0,2.0,4.0,False,0,0,0,0,0.0,False,0,0,0,0,0,0,0.0,False,0,0,0.0,0,0,0,False,0,0,0.0,0,True,0.0
False,False,False,False,False,False,False,False,False,False,False,False,False,False,False,False,False,False,False,False,False,False,True,False,False,0,0,2,0,0,0,0,0,0,0,1,0,0.0,0,0,0.0,0,0,0,0,2,0,0,0,0,1,1,0.0,0.0,2.0,4.0,False,0,0,0,0,0.0,False,0,0,0,0,0,0,0.0,False,0,0,0.0,0,0,0,False,0,0,0.0,0,True,0.0
True,False,False,True,False,True,False,False,False,False,False,False,False,False,False,False,False,False,False,False,False,False,True,False,False,2,0,16,0,0,0,0,0,0,0,1,0,0.0,0,0,0.0,0,0,0,0,17,3,0,2,0,8,3,0.0,0.0,36.0,85.95,True,0,0,0,0,0.0,False,0,0,0,0,0,0,0.0,False,0,0,0.0,0,0,0,False,0,0,0.0,0,True,2.0
True,False,False,True,False,False,False,False,False,False,False,False,False,False,False,False,False,False,False,False,False,False,True,False,False,2,0,14,0,0,0,0,0,0,0,1,0,0.0,0,0,0.0,0,0,0,0,16,2,0,2,0,7,3,0.0,0.0,34.0,84.5142857142857,True,0,0,0,0,0.0,False,0,0,0,0,0,0,0.0,False,0,0,0.0,0,0,0,False,0,0,0.0,0,True,2.0
True,False,True,True,False,False,False,False,False,False,False,False,False,False,False,False,False,False,False,False,False,False,True,False,False,1,0,5,0,0,0,0,0,0,0,1,0,0.0,0,0,0.0,0,0,0,0,5,2,0,1,0,6,4,0.0,0.0,15.0,15.999999999999998,True,0,0,0,0,0.0,False,0,0,0,0,0,0,0.0,False,0,0,0.0,0,0,0,False,0,0,0.0,0,True,2.0
True,False,True,True,False,False,False,False,False,False,False,False,False,False,False,False,False,False,False,False,False,False,True,False,False,2,0,26,0,0,0,0,0,0,0,1,0,0.0,0,0,0.0,0,0,0,0,25,4,0,2,0,8,4,0.0,0.0,46.0,159.85,True,0,0,0,0,0.0,False,0,0,0,0,0,0,0.0,False,0,0,0.0,0,0,0,False,0,0,0.0,0,True,
True,False,False,True,False,False,False,False,False,False,False,False,False,False,False,False,False,False,False,False,False,False,True,False,False,2,0,15,0,0,0,0,0,0,0,1,0,0.0,0,0,0.0,0,0,0,0,17,2,0,2,0,7,3,0.0,0.0,35.0,92.0,True,0,0,0,0,0.0,False,0,0,0,0,0,0,0.0,False,0,0,0.0,0,0,0,False,0,0,0.0,0,True,2.0
True,False,False,True,False,False,False,False,False,False,False,False,False,False,False,False,False,False,False,False,False,False,True,False,False,1,0,4,0,0,0,0,0,0,0,1,0,0.0,0,0,0.0,0,0,0,0,4,1,0,1,0,4,3,0.0,0.0,14.0,16.45,True,0,0,0,0,0.0,False,0,0,0,0,0,0,0.0,False,0,0,0.0,0,0,0,False,0,0,0.0,0,True,1.0
True,False,False,False,False,False,False,False,False,False,False,False,False,False,False,False,False,False,False,False,True,False,True,False,False,0,1,4,0,0,0,0,0,0,0,1,0,0.0,0,0,0.0,0,0,0,0,4,1,0,1,0,4,3,0.0,0.0,9.0,10.575,True,0,0,0,0,0.0,False,0,0,0,0,0,0,0.0,False,0,0,0.0,0,0,0,False,0,0,0.0,0,True,1.0
True,False,False,True,False,False,False,False,False,False,False,False,False,False,False,False,False,False,False,False,False,False,True,False,False,1,0,7,0,0,0,0,0,0,0,1,0,0.0,0,0,0.0,0,0,0,0,7,1,0,1,0,5,3,0.0,0.0,17.0,26.180000000000003,True,0,0,0,0,0.0,False,0,0,0,0,0,0,0.0,False,0,0,0.0,0,0,0,False,0,0,0.0,0,True,2.0
True,False,False,True,False,False,False,False,False,False,False,False,False,False,False,False,False,False,False,False,False,False,True,False,False,2,0,20,0,0,0,0,0,0,0,1,0,0.0,0,0,0.0,0,0,0,0,21,2,0,2,0,6,3,0.0,0.0,40.0,149.33333333333334,True,0,0,0,0,0.0,False,0,0,0,0,0,0,0.0,False,0,0,0.0,0,0,0,False,0,0,0.0,0,True,
True,False,False,True,False,False,False,False,False,False,False,False,False,False,False,False,False,False,False,False,False,False,True,False,False,2,0,14,0,0,0,0,0,0,0,1,0,0.0,0,0,0.0,0,0,0,0,16,2,0,2,0,7,3,0.0,0.0,34.0,84.5142857142857,True,0,0,0,0,0.0,False,0,0,0,0,0,0,0.0,False,0,0,0.0,0,0,0,False,0,0,0.0,0,True,2.0
True,False,False,True,False,False,False,False,False,False,False,False,False,False,False,False,False,False,False,False,False,False,True,False,False,2,0,15,0,0,0,0,0,0,0,1,0,0.0,0,0,0.0,0,0,0,0,17,2,0,2,0,7,3,0.0,0.0,35.0,92.0,True,0,0,0,0,0.0,False,0,0,0,0,0,0,0.0,False,0,0,0.0,0,0,0,False,0,0,0.0,0,True,2.0
True,False,False,True,False,False,False,False,False,False,False,False,False,False,False,False,False,False,False,False,False,False,True,False,False,2,0,22,0,0,0,0,0,0,0,1,0,0.0,0,0,0.0,0,0,0,0,23,2,0,2,0,7,3,0.0,0.0,42.0,146.4,True,0,0,0,0,0.0,False,0,0,0,0,0,0,0.0,False,0,0,0.0,0,0,0,False,0,0,0.0,0,True,
True,False,False,True,False,False,False,False,False,False,False,False,False,False,False,False,False,False,False,False,False,False,True,False,False,2,0,20,0,0,0,0,0,0,0,1,0,0.0,0,0,0.0,0,0,0,0,21,2,0,2,0,6,3,0.0,0.0,40.0,149.33333333333334,True,0,0,0,0,0.0,False,0,0,0,0,0,0,0.0,False,0,0,0.0,0,0,0,False,0,0,0.0,0,True,
True,False,False,True,False,False,False,False,False,False,False,False,False,False,False,False,False,False,False,False,False,False,True,False,False,1,0,4,0,0,0,0,0,0,0,1,0,0.0,0,0,0.0,0,0,0,0,4,1,0,1,0,4,3,0.0,0.0,14.0,16.45,True,0,0,0,0,0.0,False,0,0,0,0,0,0,0.0,False,0,0,0.0,0,0,0,False,0,0,0.0,0,True,1.0
True,False,False,True,False,False,False,False,False,False,False,False,False,False,False,False,False,False,False,False,False,False,True,False,False,1,0,3,0,0,0,0,0,0,0,1,0,0.0,0,0,0.0,0,0,0,0,3,1,0,1,0,3,3,0.0,0.0,13.0,16.03333333333333,True,0,0,0,0,0.0,False,0,0,0,0,0,0,0.0,False,0,0,0.0,0,0,0,False,0,0,0.0,0,True,1.0
True,False,False,True,False,False,False,False,False,False,False,False,False,False,False,False,False,False,False,False,False,False,True,False,False,2,0,20,0,0,0,0,0,0,0,1,0,0.0,0,0,0.0,0,0,0,0,21,2,0,2,0,6,3,0.0,0.0,40.0,149.33333333333334,True,0,0,0,0,0.0,False,0,0,0,0,0,0,0.0,False,0,0,0.0,0,0,0,False,0,0,0.0,0,True,
True,False,True,True,False,False,False,False,False,False,False,False,False,False,False,False,False,False,False,False,False,False,True,False,False,2,0,19,0,0,0,0,0,0,0,1,0,0.0,0,0,0.0,0,0,0,0,19,4,0,2,0,8,4,0.0,0.0,39.0,106.275,True,0,0,0,0,0.0,False,0,0,0,0,0,0,0.0,False,0,0,0.0,0,0,0,False,0,0,0.0,0,True,
True,False,False,True,False,False,False,False,False,False,False,False,False,False,False,False,False,False,False,False,False,False,True,False,False,2,0,22,0,0,0,0,0,0,0,1,0,0.0,0,0,0.0,0,0,0,0,23,2,0,2,0,7,3,0.0,0.0,42.0,146.4,True,0,0,0,0,0.0,False,0,0,0,0,0,0,0.0,False,0,0,0.0,0,0,0,False,0,0,0.0,0,True,
True,False,False,True,False,False,False,False,False,False,False,False,False,False,False,False,False,False,False,False,False,False,True,False,False,1,1,4,0,0,0,0,0,0,0,1,0,0.0,0,0,0.0,0,0,0,0,5,1,0,2,0,5,3,0.0,0.0,19.0,21.66,True,0,0,0,0,0.0,False,0,0,0,0,0,0,0.0,False,0,0,0.0,0,0,0,False,0,0,0.0,0,True,1.0
True,True,True,True,True,True,True,False,False,False,False,False,False,False,True,False,False,False,False,False,False,False,True,False,False,3,17,98,0,0,0,0,0,0,0,1,0,0.0,0,0,0.0,0,0,0,0,93,35,0,20,3,18,6,0.0,0.0,213.0,1390.4166666666667,True,0,0,0,0,0.0,False,0,0,0,0,0,0,0.0,False,0,0,0.0,0,0,0,False,0,0,0.0,0,True,
True,False,True,True,False,False,False,False,False,False,False,False,False,False,False,False,False,False,False,False,False,False,True,False,False,2,0,19,0,0,0,0,0,0,0,1,0,0.0,0,0,0.0,0,0,0,0,19,4,0,2,0,8,4,0.0,0.0,39.0,106.275,True,0,0,0,0,0.0,False,0,0,0,0,0,0,0.0,False,0,0,0.0,0,0,0,False,0,0,0.0,0,True,
True,False,False,True,False,False,False,False,False,False,False,False,False,False,False,False,False,False,False,False,False,False,True,False,False,2,0,15,0,0,0,0,0,0,0,1,0,0.0,0,0,0.0,0,0,0,0,17,2,0,2,0,7,3,0.0,0.0,35.0,92.0,True,0,0,0,0,0.0,False,0,0,0,0,0,0,0.0,False,0,0,0.0,0,0,0,False,0,0,0.0,0,True,2.0
True,False,True,True,False,False,False,False,False,False,False,False,False,False,False,False,False,False,False,False,False,False,True,False,False,2,0,19,0,0,0,0,0,0,0,1,0,0.0,0,0,0.0,0,0,0,0,19,4,0,2,0,8,4,0.0,0.0,39.0,106.275,True,0,0,0,0,0.0,False,0,0,0,0,0,0,0.0,False,0,0,0.0,0,0,0,False,0,0,0.0,0,True,
True,False,False,True,False,False,False,False,False,False,False,False,False,False,False,False,False,False,False,False,False,False,True,False,False,2,0,15,0,0,0,0,0,0,0,1,0,0.0,0,0,0.0,0,0,0,0,17,2,0,2,0,7,3,0.0,0.0,35.0,92.0,True,0,0,0,0,0.0,False,0,0,0,0,0,0,0.0,False,0,0,0.0,0,0,0,False,0,0,0.0,0,True,2.0
True,False,False,True,False,False,False,False,False,False,False,False,False,False,False,False,False,True,False,False,False,False,True,False,False,2,1,20,0,0,0,0,0,0,0,1,0,0.0,0,0,0.0,0,0,0,0,18,5,0,3,0,9,4,0.0,0.0,45.0,107.5,True,0,0,0,0,0.0,False,0,0,0,0,0,0,0.0,False,0,0,0.0,0,0,0,False,0,0,0.0,0,True,
True,True,False,True,False,False,False,False,False,False,False,False,False,False,False,False,False,False,False,False,True,False,True,False,False,2,0,6,0,0,0,0,0,0,0,1,0,0.0,0,0,0.0,0,0,0,0,5,3,0,2,0,7,5,0.0,0.0,26.0,26.37142857142857,True,0,0,0,0,0.0,False,0,0,0,0,0,0,0.0,False,0,0,0.0,0,0,0,False,0,0,0.0,0,True,2.0
True,False,True,True,False,False,False,False,False,False,False,False,False,False,False,False,False,False,False,False,False,False,True,False,False,2,0,18,0,0,0,0,0,0,0,1,0,0.0,0,0,0.0,0,0,0,0,18,4,0,2,0,8,4,0.0,0.0,38.0,98.8,True,0,0,0,0,0.0,False,0,0,0,0,0,0,0.0,False,0,0,0.0,0,0,0,False,0,0,0.0,0,True,
True,False,False,True,False,False,False,False,False,False,False,False,False,False,False,False,False,False,False,False,False,False,True,False,False,1,0,4,0,0,0,0,0,0,0,1,0,0.0,0,0,0.0,0,0,0,0,4,1,0,1,0,4,3,0.0,0.0,14.0,16.45,True,0,0,0,0,0.0,False,0,0,0,0,0,0,0.0,False,0,0,0.0,0,0,0,False,0,0,0.0,0,True,1.0
True,False,True,True,False,False,False,False,False,False,False,False,False,False,False,False,False,False,False,False,False,False,True,False,False,2,0,26,0,0,0,0,0,0,0,1,0,0.0,0,0,0.0,0,0,0,0,25,4,0,2,0,8,4,0.0,0.0,46.0,159.85,True,0,0,0,0,0.0,False,0,0,0,0,0,0,0.0,False,0,0,0.0,0,0,0,False,0,0,0.0,0,True,
True,False,True,True,False,False,False,False,False,False,False,False,False,False,False,False,False,False,False,False,False,False,True,False,False,2,0,19,0,0,0,0,0,0,0,1,0,0.0,0,0,0.0,0,0,0,0,19,4,0,2,0,8,4,0.0,0.0,39.0,106.275,True,0,0,0,0,0.0,False,0,0,0,0,0,0,0.0,False,0,0,0.0,0,0,0,False,0,0,0.0,0,True,
True,False,False,True,False,False,False,False,False,False,False,False,False,False,False,False,False,False,False,False,False,False,True,False,False,1,0,3,0,0,0,0,0,0,0,1,0,0.0,0,0,0.0,0,0,0,0,3,1,0,1,0,3,3,0.0,0.0,13.0,16.03333333333333,True,0,0,0,0,0.0,False,0,0,0,0,0,0,0.0,False,0,0,0.0,0,0,0,False,0,0,0.0,0,True,1.0
False,False,False,True,False,False,False,False,False,False,False,False,False,False,False,False,False,False,False,False,False,False,True,False,False,0,1,8,0,0,0,0,0,0,0,1,0,0.0,0,0,0.0,0,0,0,0,8,2,0,1,0,6,2,0.0,0.0,13.0,20.366666666666667,False,0,0,0,0,0.0,False,0,0,0,0,0,0,0.0,False,0,0,0.0,0,0,0,False,0,0,0.0,0,True,1.0
False,False,False,True,False,False,False,False,False,False,False,False,False,False,False,False,False,True,False,False,True,False,True,False,False,0,5,18,0,0,0,0,0,0,0,1,0,0.0,0,0,0.0,0,0,0,0,11,14,0,5,0,10,3,0.0,0.0,43.0,89.44,True,0,0,0,0,0.0,False,0,0,0,0,0,0,0.0,False,0,0,0.0,0,0,0,False,0,0,0.0,0,True,
False,False,False,True,False,False,False,False,False,False,False,False,False,False,False,False,False,True,False,False,False,False,True,False,False,1,1,12,0,0,0,0,0,0,0,1,0,0.0,0,0,0.0,0,0,0,0,11,4,0,2,0,9,4,0.0,0.0,27.0,41.4,True,0,0,0,0,0.0,False,0,0,0,0,0,0,0.0,False,0,0,0.0,0,0,0,False,0,0,0.0,0,True,2.0
False,True,False,True,False,False,False,False,False,False,False,False,False,False,False,False,False,False,False,False,False,False,True,False,False,1,1,7,0,0,0,0,0,0,0,1,0,0.0,0,0,0.0,0,0,0,0,7,3,0,2,0,7,3,0.0,0.0,22.0,28.6,True,0,0,0,0,0.0,False,0,0,0,0,0,0,0.0,False,0,0,0.0,0,0,0,False,0,0,0.0,0,True,2.0
False,True,True,True,True,False,False,False,False,False,False,False,False,False,False,False,False,False,False,False,False,False,True,False,False,1,1,16,0,0,0,0,0,0,0,1,0,0.0,0,0,0.0,0,0,0,0,15,7,0,2,1,10,5,0.0,0.0,31.0,61.69,True,0,0,0,0,0.0,False,0,0,0,0,0,0,0.0,False,0,0,0.0,0,0,0,False,0,0,0.0,0,True,
False,False,True,True,True,False,False,False,False,False,False,False,False,False,False,False,False,False,False,False,False,False,True,False,False,1,2,7,0,0,0,0,0,0,0,1,0,0.0,0,0,0.0,0,0,0,0,3,7,0,3,2,6,4,0.0,0.0,27.0,35.55,True,0,0,0,0,0.0,False,0,0,0,0,0,0,0.0,False,0,0,0.0,0,0,0,False,0,0,0.0,0,True,2.0
False,False,False,True,False,False,False,False,False,False,False,False,False,False,False,False,False,False,False,False,False,False,True,False,False,0,1,4,0,0,0,0,0,0,0,1,0,0.0,0,0,0.0,0,0,0,0,3,2,0,1,0,4,2,0.0,0.0,9.0,9.9,False,0,0,0,0,0.0,False,0,0,0,0,0,0,0.0,False,0,0,0.0,0,0,0,False,0,0,0.0,0,True,1.0
False,True,False,True,True,False,False,False,False,False,True,False,False,False,False,False,False,False,False,False,False,False,True,False,False,3,2,3,0,0,0,0,0,0,0,1,0,0.0,0,0,0.0,0,0,0,0,6,4,0,5,1,6,5,0.0,0.0,43.0,63.06666666666666,True,0,0,0,0,0.0,False,0,0,0,0,0,0,0.0,False,0,0,0.0,0,0,0,False,0,0,0.0,0,True,2.0
False,False,False,True,False,False,False,False,False,False,False,False,False,False,False,False,False,False,False,False,False,False,True,False,False,0,1,7,0,0,0,0,0,0,0,1,0,0.0,0,0,0.0,0,0,0,0,6,3,0,1,0,6,2,0.0,0.0,12.0,16.2,False,0,0,0,0,0.0,False,0,0,0,0,0,0,0.0,False,0,0,0.0,0,0,0,False,0,0,0.0,0,True,1.0
False,True,False,True,False,False,False,False,False,False,False,False,False,False,False,False,False,False,False,False,False,False,True,False,False,1,1,7,0,0,0,0,0,0,0,1,0,0.0,0,0,0.0,0,0,0,0,7,3,0,2,0,7,3,0.0,0.0,22.0,28.6,True,0,0,0,0,0.0,False,0,0,0,0,0,0,0.0,False,0,0,0.0,0,0,0,False,0,0,0.0,0,True,2.0
False,False,False,True,False,False,False,False,False,False,False,False,False,False,False,False,False,False,False,False,False,False,True,False,False,0,1,7,0,0,0,0,0,0,0,1,0,0.0,0,0,0.0,0,0,0,0,5,4,0,1,0,7,2,0.0,0.0,12.0,13.37142857142857,False,0,0,0,0,0.0,False,0,0,0,0,0,0,0.0,False,0,0,0.0,0,0,0,False,0,0,0.0,0,True,1.0
False,True,False,True,False,False,False,False,False,False,False,False,False,False,False,False,False,False,False,False,False,False,True,False,False,1,1,6,0,0,0,0,0,0,0,1,0,0.0,0,0,0.0,0,0,0,0,6,3,0,2,0,7,3,0.0,0.0,21.0,24.3,True,0,0,0,0,0.0,False,0,0,0,0,0,0,0.0,False,0,0,0.0,0,0,0,False,0,0,0.0,0,True,2.0
False,True,False,True,False,False,False,True,False,False,False,False,False,False,False,False,False,False,False,False,False,False,True,False,False,3,1,5,0,0,0,0,0,0,0,1,0,0.0,0,0,0.0,0,0,0,0,3,6,0,4,0,7,3,0.0,0.0,40.0,41.142857142857146,True,0,0,0,0,0.0,False,0,0,0,0,0,0,0.0,False,0,0,0.0,0,0,0,False,0,0,0.0,0,True,2.0
False,True,False,True,False,False,False,False,False,False,False,False,False,False,False,False,False,False,False,False,False,False,True,False,False,1,1,7,0,0,0,0,0,0,0,1,0,0.0,0,0,0.0,0,0,0,0,7,3,0,2,0,7,3,0.0,0.0,22.0,28.6,True,0,0,0,0,0.0,False,0,0,0,0,0,0,0.0,False,0,0,0.0,0,0,0,False,0,0,0.0,0,True,2.0
False,False,False,True,False,False,False,False,False,False,False,False,False,False,False,False,False,False,False,False,False,False,True,False,False,0,1,3,0,0,0,0,0,0,0,1,0,0.0,0,0,0.0,0,0,0,0,3,1,0,1,0,3,2,0.0,0.0,8.0,9.866666666666664,False,0,0,0,0,0.0,False,0,0,0,0,0,0,0.0,False,0,0,0.0,0,0,0,False,0,0,0.0,0,True,1.0
False,False,False,True,False,False,False,False,False,False,False,False,False,False,False,True,False,True,False,False,False,False,True,False,False,1,2,20,0,0,0,0,0,0,0,1,0,0.0,0,0,0.0,0,0,0,0,19,4,0,3,0,9,4,0.0,0.0,40.0,96.88888888888889,True,0,0,0,0,0.0,False,0,0,0,0,0,0,0.0,False,0,0,0.0,0,0,0,False,0,0,0.0,0,True,
False,True,False,True,False,False,False,False,False,False,False,False,False,False,False,False,False,False,False,False,False,False,True,False,False,1,1,7,0,0,0,0,0,0,0,1,0,0.0,0,0,0.0,0,0,0,0,7,3,0,2,0,7,3,0.0,0.0,22.0,28.6,True,0,0,0,0,0.0,False,0,0,0,0,0,0,0.0,False,0,0,0.0,0,0,0,False,0,0,0.0,0,True,2.0
False,False,False,True,False,False,False,False,False,False,False,False,False,False,False,False,False,True,False,False,False,False,True,False,False,0,2,15,0,0,0,0,0,0,0,1,0,0.0,0,0,0.0,0,0,0,0,16,4,0,2,0,8,3,0.0,0.0,25.0,58.75,True,0,0,0,0,0.0,False,0,0,0,0,0,0,0.0,False,0,0,0.0,0,0,0,False,0,0,0.0,0,True,2.0
True,False,False,True,False,False,False,False,False,False,False,False,False,False,False,False,False,False,False,False,False,False,True,False,False,1,1,4,0,0,0,0,0,0,0,1,0,0.0,0,0,0.0,0,0,0,0,4,2,0,2,0,5,3,0.0,0.0,19.0,20.52,True,0,0,0,0,0.0,False,0,0,0,0,0,0,0.0,False,0,0,0.0,0,0,0,False,0,0,0.0,0,True,1.0
True,True,False,True,False,False,True,True,False,False,False,False,False,False,False,False,False,False,True,False,True,False,True,False,False,2,3,87,0,0,0,0,0,0,0,1,0,0.0,0,0,0.0,0,0,0,0,84,15,0,5,0,17,5,0.0,0.0,122.0,678.1764705882354,True,0,0,0,0,0.0,False,0,0,0,0,0,0,0.0,False,0,0,0.0,0,0,0,False,0,0,0.0,0,True,
False,True,True,True,True,True,True,False,False,False,False,False,False,False,False,False,False,False,False,False,True,False,True,False,False,3,2,14,0,0,0,0,0,0,0,1,0,0.0,0,0,0.0,0,0,0,0,9,11,0,5,1,12,6,0.0,0.0,54.0,75.14999999999999,True,0,0,0,0,0.0,False,0,0,0,0,0,0,0.0,False,0,0,0.0,0,0,0,False,0,0,0.0,0,True,
False,False,False,True,False,False,False,False,False,False,False,False,False,False,False,False,False,False,False,False,False,False,True,False,False,0,1,5,0,0,0,0,0,0,0,1,0,0.0,0,0,0.0,0,0,0,0,5,2,0,1,0,6,2,0.0,0.0,10.0,10.666666666666666,False,0,0,0,0,0.0,False,0,0,0,0,0,0,0.0,False,0,0,0.0,0,0,0,False,0,0,0.0,0,True,1.0
False,False,False,True,False,False,False,False,False,False,False,False,False,False,False,False,False,False,False,False,False,False,True,False,False,0,1,2,0,0,0,0,0,0,0,1,0,0.0,0,0,0.0,0,0,0,0,2,1,0,1,0,2,2,0.0,0.0,7.0,9.45,False,0,0,0,0,0.0,False,0,0,0,0,0,0,0.0,False,0,0,0.0,0,0,0,False,0,0,0.0,0,True,1.0
False,True,False,True,False,False,False,False,False,False,False,False,False,False,False,False,False,False,False,False,False,False,True,False,False,1,1,7,0,0,0,0,0,0,0,1,0,0.0,0,0,0.0,0,0,0,0,7,3,0,2,0,7,3,0.0,0.0,22.0,28.6,True,0,0,0,0,0.0,False,0,0,0,0,0,0,0.0,False,0,0,0.0,0,0,0,False,0,0,0.0,0,True,2.0
False,False,False,True,False,False,False,False,False,False,False,False,False,False,False,True,False,True,False,False,False,False,True,False,False,1,2,20,0,0,0,0,0,0,0,1,0,0.0,0,0,0.0,0,0,0,0,19,4,0,3,0,9,4,0.0,0.0,40.0,96.88888888888889,True,0,0,0,0,0.0,False,0,0,0,0,0,0,0.0,False,0,0,0.0,0,0,0,False,0,0,0.0,0,True,
False,False,False,True,False,False,False,False,False,False,False,False,False,False,False,False,False,False,False,False,False,False,True,False,False,0,1,3,0,0,0,0,0,0,0,1,0,0.0,0,0,0.0,0,0,0,0,3,1,0,1,0,3,2,0.0,0.0,8.0,9.866666666666664,False,0,0,0,0,0.0,False,0,0,0,0,0,0,0.0,False,0,0,0.0,0,0,0,False,0,0,0.0,0,True,1.0
False,False,False,True,False,False,False,False,False,False,False,False,False,False,False,False,False,False,False,False,False,False,True,False,False,0,1,8,0,0,0,0,0,0,0,1,0,0.0,0,0,0.0,0,0,0,0,6,4,0,1,0,7,2,0.0,0.0,13.0,16.34285714285714,False,0,0,0,0,0.0,False,0,0,0,0,0,0,0.0,False,0,0,0.0,0,0,0,False,0,0,0.0,0,True,1.0
False,True,True,True,True,True,True,False,False,False,False,False,False,False,False,False,False,False,False,False,True,False,True,False,False,3,2,14,0,0,0,0,0,0,0,1,0,0.0,0,0,0.0,0,0,0,0,9,11,0,5,1,12,6,0.0,0.0,54.0,75.14999999999999,True,0,0,0,0,0.0,False,0,0,0,0,0,0,0.0,False,0,0,0.0,0,0,0,False,0,0,0.0,0,True,
False,True,False,True,False,False,False,False,False,False,False,False,False,False,False,False,False,False,False,False,False,False,True,False,False,1,1,7,0,0,0,0,0,0,0,1,0,0.0,0,0,0.0,0,0,0,0,7,3,0,2,0,7,3,0.0,0.0,22.0,28.6,True,0,0,0,0,0.0,False,0,0,0,0,0,0,0.0,False,0,0,0.0,0,0,0,False,0,0,0.0,0,True,2.0
False,False,True,True,True,False,False,False,False,False,False,False,False,False,False,False,False,False,False,False,False,False,True,False,False,1,10,13,0,0,0,0,0,0,0,1,0,0.0,0,0,0.0,0,0,0,0,8,16,0,11,1,11,5,0.0,0.0,73.0,127.4181818181818,True,0,0,0,0,0.0,False,0,0,0,0,0,0,0.0,False,0,0,0.0,0,0,0,False,0,0,0.0,0,True,
False,False,False,True,False,False,False,False,False,False,False,False,False,False,False,False,False,False,False,False,False,False,True,False,False,0,1,7,0,0,0,0,0,0,0,1,0,0.0,0,0,0.0,0,0,0,0,6,2,0,1,0,5,2,0.0,0.0,12.0,17.759999999999998,False,0,0,0,0,0.0,False,0,0,0,0,0,0,0.0,False,0,0,0.0,0,0,0,False,0,0,0.0,0,True,1.0
False,True,False,True,False,False,False,False,False,False,False,False,False,False,False,False,False,False,False,False,False,False,True,False,False,1,1,7,0,0,0,0,0,0,0,1,0,0.0,0,0,0.0,0,0,0,0,7,3,0,2,0,7,3,0.0,0.0,22.0,28.6,True,0,0,0,0,0.0,False,0,0,0,0,0,0,0.0,False,0,0,0.0,0,0,0,False,0,0,0.0,0,True,2.0
False,False,False,True,False,False,False,False,False,False,False,False,False,False,False,True,False,True,False,False,False,False,True,False,False,1,2,19,0,0,0,0,0,0,0,1,0,0.0,0,0,0.0,0,0,0,0,18,4,0,3,0,9,4,0.0,0.0,39.0,90.13333333333334,True,0,0,0,0,0.0,False,0,0,0,0,0,0,0.0,False,0,0,0.0,0,0,0,False,0,0,0.0,0,True,
False,False,False,True,False,False,False,False,False,False,False,False,False,False,False,False,False,False,False,False,False,False,True,False,False,0,1,9,0,0,0,0,0,0,0,1,0,0.0,0,0,0.0,0,0,0,0,7,4,0,1,0,7,2,0.0,0.0,14.0,19.6,False,0,0,0,0,0.0,False,0,0,0,0,0,0,0.0,False,0,0,0.0,0,0,0,False,0,0,0.0,0,True,1.0
True,False,False,True,False,False,False,False,False,False,False,False,False,False,True,False,False,False,False,False,False,False,True,False,False,1,3,17,0,0,0,0,0,0,0,1,0,0.0,0,0,0.0,0,0,0,0,14,9,0,4,0,15,5,0.0,0.0,42.0,56.84,True,0,0,0,0,0.0,False,0,0,0,0,0,0,0.0,False,0,0,0.0,0,0,0,False,0,0,0.0,0,True,
False,True,False,True,False,False,False,False,False,False,False,False,False,False,False,False,False,False,False,False,False,False,True,False,False,1,1,6,0,0,0,0,0,0,0,1,0,0.0,0,0,0.0,0,0,0,0,6,3,0,2,0,7,3,0.0,0.0,21.0,24.3,True,0,0,0,0,0.0,False,0,0,0,0,0,0,0.0,False,0,0,0.0,0,0,0,False,0,0,0.0,0,True,2.0
True,False,False,True,False,False,False,False,False,False,False,False,False,False,False,False,False,True,False,False,False,False,True,False,False,2,1,20,0,0,0,0,0,0,0,1,0,0.0,0,0,0.0,0,0,0,0,18,5,0,3,0,9,4,0.0,0.0,45.0,107.5,True,0,0,0,0,0.0,False,0,0,0,0,0,0,0.0,False,0,0,0.0,0,0,0,False,0,0,0.0,0,True,
False,False,False,True,False,False,False,False,False,False,False,False,False,False,False,False,False,True,False,False,False,False,True,False,False,1,1,12,0,0,0,0,0,0,0,1,0,0.0,0,0,0.0,0,0,0,0,11,4,0,2,0,9,4,0.0,0.0,27.0,41.4,True,0,0,0,0,0.0,False,0,0,0,0,0,0,0.0,False,0,0,0.0,0,0,0,False,0,0,0.0,0,True,2.0
False,False,False,True,False,False,False,False,False,False,False,False,False,False,False,False,False,False,False,False,False,False,True,False,False,0,1,6,0,0,0,0,0,0,0,1,0,0.0,0,0,0.0,0,0,0,0,7,3,0,1,0,8,2,0.0,0.0,11.0,12.5125,False,0,0,0,0,0.0,False,0,0,0,0,0,0,0.0,False,0,0,0.0,0,0,0,False,0,0,0.0,0,True,1.0
True,True,True,True,True,True,True,False,False,False,False,False,False,False,False,False,False,False,False,False,False,False,True,False,False,4,1,21,0,0,0,0,0,0,0,1,0,0.0,0,0,0.0,0,0,0,0,4,22,0,5,7,13,5,0.0,0.0,66.0,98.4923076923077,True,0,0,0,0,0.0,False,0,0,0,0,0,0,0.0,False,0,0,0.0,0,0,0,False,0,0,0.0,0,True,
False,False,False,True,False,False,False,False,False,False,False,False,False,False,False,False,False,False,False,False,False,False,True,False,False,0,1,7,0,0,0,0,0,0,0,1,0,0.0,0,0,0.0,0,0,0,0,6,3,0,1,0,6,2,0.0,0.0,12.0,16.2,False,0,0,0,0,0.0,False,0,0,0,0,0,0,0.0,False,0,0,0.0,0,0,0,False,0,0,0.0,0,True,1.0
False,False,True,True,False,False,False,False,False,False,False,False,False,False,False,False,False,True,False,False,False,False,True,False,False,3,4,13,0,0,0,0,0,0,0,1,0,0.0,0,0,0.0,0,0,0,0,15,7,0,7,0,10,4,0.0,0.0,63.0,125.37,True,0,0,0,0,0.0,False,0,0,0,0,0,0,0.0,False,0,0,0.0,0,0,0,False,0,0,0.0,0,True,
True,True,True,True,True,True,True,True,False,False,False,False,False,False,True,False,False,False,False,False,False,True,True,False,False,7,12,172,0,0,0,0,0,0,0,1,0,0.0,0,0,0.0,0,0,0,0,129,71,0,19,3,24,7,0.0,0.0,302.0,2248.641666666667,True,0,0,0,0,0.0,False,0,0,0,0,0,0,0.0,False,0,0,0.0,0,0,0,False,0,0,0.0,0,True,
False,False,False,True,False,False,False,False,False,False,False,False,False,False,False,False,False,False,False,False,False,False,True,False,False,0,1,8,0,0,0,0,0,0,0,1,0,0.0,0,0,0.0,0,0,0,0,6,4,0,1,0,7,2,0.0,0.0,13.0,16.34285714285714,False,0,0,0,0,0.0,False,0,0,0,0,0,0,0.0,False,0,0,0.0,0,0,0,False,0,0,0.0,0,True,1.0
False,False,False,True,False,False,False,False,False,False,False,False,False,False,False,False,False,True,False,False,False,False,True,False,False,1,1,14,0,0,0,0,0,0,0,1,0,0.0,0,0,0.0,0,0,0,0,19,4,0,2,0,9,3,0.0,0.0,29.0,70.24444444444444,True,0,0,0,0,0.0,False,0,0,0,0,0,0,0.0,False,0,0,0.0,0,0,0,False,0,0,0.0,0,True,2.0
False,False,False,True,False,False,False,False,False,False,False,False,False,False,False,False,False,False,False,False,False,False,True,False,False,0,1,5,0,0,0,0,0,0,0,1,0,0.0,0,0,0.0,0,0,0,0,5,2,0,1,0,6,2,0.0,0.0,10.0,10.666666666666666,False,0,0,0,0,0.0,False,0,0,0,0,0,0,0.0,False,0,0,0.0,0,0,0,False,0,0,0.0,0,True,1.0
False,False,False,True,False,False,False,False,False,False,False,False,False,False,False,False,False,False,False,False,False,False,True,False,False,0,1,8,0,0,0,0,0,0,0,1,0,0.0,0,0,0.0,0,0,0,0,6,4,0,1,0,7,2,0.0,0.0,13.0,16.34285714285714,False,0,0,0,0,0.0,False,0,0,0,0,0,0,0.0,False,0,0,0.0,0,0,0,False,0,0,0.0,0,True,1.0
False,True,False,True,False,False,False,False,False,False,False,False,False,False,False,False,False,False,False,False,False,False,True,False,False,1,1,7,0,0,0,0,0,0,0,1,0,0.0,0,0,0.0,0,0,0,0,7,3,0,2,0,7,3,0.0,0.0,22.0,28.6,True,0,0,0,0,0.0,False,0,0,0,0,0,0,0.0,False,0,0,0.0,0,0,0,False,0,0,0.0,0,True,2.0
False,False,False,True,False,False,False,False,False,False,False,False,False,False,False,False,False,True,False,False,False,False,True,False,False,1,1,12,0,0,0,0,0,0,0,1,0,0.0,0,0,0.0,0,0,0,0,11,4,0,2,0,9,4,0.0,0.0,27.0,41.4,True,0,0,0,0,0.0,False,0,0,0,0,0,0,0.0,False,0,0,0.0,0,0,0,False,0,0,0.0,0,True,2.0
False,False,False,True,False,False,False,False,False,False,False,False,False,False,False,False,False,False,False,False,False,False,True,False,False,0,1,5,0,0,0,0,0,0,0,1,0,0.0,0,0,0.0,0,0,0,0,4,2,0,1,0,4,2,0.0,0.0,10.0,13.5,False,0,0,0,0,0.0,False,0,0,0,0,0,0,0.0,False,0,0,0.0,0,0,0,False,0,0,0.0,0,True,1.0
False,False,False,True,False,False,False,False,False,False,False,False,False,False,False,False,False,False,False,False,False,False,True,False,False,0,1,8,0,0,0,0,0,0,0,1,0,0.0,0,0,0.0,0,0,0,0,6,4,0,1,0,7,2,0.0,0.0,13.0,16.34285714285714,False,0,0,0,0,0.0,False,0,0,0,0,0,0,0.0,False,0,0,0.0,0,0,0,False,0,0,0.0,0,True,1.0
False,False,False,False,False,False,False,False,False,False,False,False,False,False,False,False,False,False,False,False,False,False,True,False,False,0,0,2,0,0,0,0,0,0,0,1,0,0.0,0,0,0.0,0,0,0,0,2,0,0,0,0,1,1,0.0,0.0,2.0,4.0,False,0,0,0,0,0.0,False,0,0,0,0,0,0,0.0,False,0,0,0.0,0,0,0,False,0,0,0.0,0,True,0.0
False,True,False,False,True,False,False,False,False,False,False,False,False,False,False,False,False,False,False,False,False,False,True,False,False,1,0,5,0,0,0,0,0,0,0,1,0,0.0,0,0,0.0,0,0,0,0,4,2,0,1,1,4,3,0.0,0.0,15.0,20.25,True,0,0,0,0,0.0,False,0,0,0,0,0,0,0.0,False,0,0,0.0,0,0,0,False,0,0,0.0,0,True,1.0
False,False,False,False,False,False,False,False,False,False,False,False,False,False,False,False,False,False,False,False,True,False,True,False,False,0,0,6,6,5,3,0,1,0,103,2,1,1.0,0,31,0.3009708737864077,0,4,0,0,4,3,0,0,0,4,2,0.0,0.0,6.0,9.15,False,27,21,0,8,0.7777777777777778,False,5,6,6,3,1,5,0.625,False,6,0,0.5,4,3,4,True,2,11,2.0,6,True,1.0
False,True,False,False,False,False,False,False,False,False,False,False,False,False,False,False,False,False,False,False,False,False,True,False,False,1,0,3,3,1,1,0,1,0,16,1,1,1.0,0,7,0.4375,1,0,0,0,4,1,0,1,0,4,2,0.0,0.0,13.0,15.275,False,5,2,0,2,0.4,False,0,3,3,2,1,1,0.3333333333333333,False,2,1,0.6666666666666666,4,1,1,True,1,1,1.0,1,True,1.0
False,False,False,False,True,False,False,False,False,False,False,False,False,False,False,False,False,False,False,False,False,False,True,False,False,0,0,5,0,0,0,0,0,0,0,1,0,0.0,0,0,0.0,0,0,0,0,2,3,0,0,2,3,2,0.0,0.0,5.0,6.833333333333334,False,0,0,0,0,0.0,False,0,0,0,0,0,0,0.0,False,0,0,0.0,0,0,0,False,0,0,0.0,0,True,1.0
False,False,False,False,False,False,False,False,False,False,False,False,False,False,False,False,False,False,False,False,False,False,True,False,False,0,0,7,4,0,1,0,3,0,59,3,1,1.5,0,35,0.5932203389830508,0,0,2,0,4,3,0,0,0,3,1,0.0,0.0,7.0,14.233333333333334,False,15,12,0,4,0.8,False,1,6,4,7,1,0,0.0,True,3,1,1.75,5,1,2,True,0,2,0.0,2,False,1.0
False,False,False,False,False,False,False,False,False,False,False,False,False,False,False,False,False,False,False,False,False,False,True,False,False,0,0,5,6,0,1,1,3,0,87,2,1,2.0,0,47,0.5402298850574713,0,0,1,0,3,2,0,0,0,2,1,0.0,0.0,5.0,11.0,False,24,21,0,4,0.875,False,1,12,6,10,1,0,0.0,False,3,3,1.6666666666666667,6,1,1,True,0,3,0.0,3,False,1.0
False,False,False,False,False,False,False,False,False,False,False,False,False,False,False,False,False,False,False,False,False,False,True,True,False,0,0,10,12,0,2,1,3,0,189,5,1,1.5,0,121,0.6402116402116402,0,0,2,0,7,3,0,0,0,3,1,0.0,0.0,10.0,30.333333333333336,False,42,32,0,4,0.7619047619047619,False,7,18,12,20,2,0,0.0,True,6,6,1.6666666666666667,8,2,3,True,0,19,0.0,11,False,1.0
False,False,False,False,False,False,False,False,False,False,False,False,False,False,False,False,False,False,False,False,False,False,True,False,False,0,0,2,5,0,0,0,1,0,87,1,1,1.0,0,74,0.8505747126436781,0,0,0,0,2,0,0,0,0,1,1,0.0,0.0,2.0,4.0,False,0,0,0,0,0.0,False,0,0,5,0,0,0,0.0,False,5,0,0.0,5,0,0,False,0,9,0.0,5,False,0.0
False,False,False,False,False,False,False,False,False,False,False,False,False,False,True,False,False,False,False,False,False,False,True,False,False,0,0,30,0,0,0,0,0,0,0,1,0,0.0,0,0,0.0,0,0,0,0,28,2,0,0,0,4,2,0.0,0.0,30.0,220.5,True,0,0,0,0,0.0,False,0,0,0,0,0,0,0.0,False,0,0,0.0,0,0,0,False,0,0,0.0,0,False,
False,False,False,False,False,False,False,False,False,False,False,False,False,False,True,False,False,False,False,False,False,True,True,True,False,0,2,33,3,4,3,0,6,0,42,7,1,2.6666666666666665,0,10,0.238095238095238,0,1,1,0,20,15,0,2,0,5,3,0.0,0.0,43.0,262.3,True,17,16,0,9,0.9411764705882352,False,2,8,3,2,1,4,0.6666666666666666,False,2,1,0.6666666666666666,3,3,2,True,1,7,2.0,2,False,
False,False,False,False,False,False,False,False,False,False,False,False,False,False,True,False,False,False,False,False,False,False,True,True,False,0,0,41,1,4,0,0,7,0,19,13,1,7.0,0,1,0.0526315789473684,0,0,0,0,23,18,0,0,0,4,2,0.0,0.0,41.0,364.9,True,15,16,2,11,1.0666666666666669,True,0,7,1,3,1,4,0.5714285714285714,False,1,0,3.0,3,0,1,False,2,3,0.5,1,False,
False,False,False,False,False,False,False,False,False,False,False,False,False,False,False,False,False,False,False,False,False,False,True,False,False,0,0,4,3,0,0,0,1,0,25,3,1,1.0,0,1,0.04,0,0,1,0,3,1,0,0,0,2,1,0.0,0.0,4.0,7.4,False,6,3,0,1,0.5,False,0,3,3,3,1,0,0.0,False,3,0,1.0,2,0,0,False,0,2,0.0,1,False,1.0
False,False,False,False,False,False,False,False,False,False,False,False,False,False,True,False,False,False,False,False,False,False,True,False,False,0,0,32,9,10,0,0,2,0,51,3,1,1.1111111111111112,0,2,0.0392156862745098,0,8,0,0,5,27,0,0,0,3,2,0.0,0.0,32.0,254.9333333333333,True,20,11,0,2,0.55,False,10,10,9,2,0,10,0.8333333333333334,False,0,9,0.2222222222222222,10,0,9,False,4,26,2.25,9,False,
False,False,False,False,False,True,True,False,False,False,False,False,False,False,True,False,False,False,False,False,False,False,True,True,False,0,0,31,4,2,0,0,3,0,27,8,1,1.5,0,2,0.074074074074074,0,1,2,0,20,11,0,0,0,6,3,0.0,0.0,31.0,143.11666666666667,True,13,10,0,4,0.7692307692307693,False,0,6,4,1,1,2,0.6666666666666666,False,4,0,0.25,4,0,1,False,0,2,0.0,1,False,
False,False,False,False,False,False,False,False,False,False,False,False,False,False,True,True,False,False,False,False,False,False,True,False,False,0,1,9,0,0,0,0,0,0,0,1,0,0.0,0,0,0.0,0,0,0,0,5,5,0,1,0,5,2,0.0,0.0,14.0,23.8,False,0,0,0,0,0.0,False,0,0,0,0,0,0,0.0,False,0,0,0.0,0,0,0,False,0,0,0.0,0,False,1.0
False,False,False,False,False,False,False,False,False,False,False,False,False,False,True,True,False,False,False,False,False,True,True,True,False,0,3,71,9,1,3,0,1,0,47,9,1,1.0,0,2,0.0425531914893617,2,1,0,0,35,39,0,3,0,7,3,0.0,0.0,86.0,765.4,True,20,11,0,3,0.55,False,2,9,9,1,1,1,0.5,False,9,0,0.1111111111111111,9,3,4,False,0,6,0.0,4,False,
False,False,False,True,False,False,False,False,False,False,False,False,False,False,True,False,False,False,False,False,False,False,True,False,False,0,0,28,10,6,1,0,3,1,46,5,1,1.4,0,1,0.0217391304347826,0,0,1,0,18,10,0,0,0,4,3,0.0,0.0,28.0,175.0,True,37,29,0,6,0.7837837837837838,False,1,14,10,21,1,6,0.2222222222222222,True,9,1,2.1,8,1,3,True,6,4,0.5,4,False,
False,False,False,False,False,False,False,False,False,False,False,False,False,False,True,False,False,False,False,False,False,False,True,False,False,1,2,76,1,1,0,0,1,0,14,3,1,1.0,0,2,0.1428571428571428,0,1,0,0,8,71,0,3,0,6,2,0.0,0.0,96.0,923.1999999999998,True,4,3,0,3,0.75,False,1,1,1,0,0,1,1.0,False,1,0,0.0,1,0,1,False,0,1,0.0,1,False,
False,False,False,False,False,False,False,False,False,False,False,False,False,False,False,False,False,False,False,False,False,False,True,True,False,0,0,11,0,0,0,0,0,0,0,1,0,0.0,0,0,0.0,0,0,0,0,11,0,0,0,0,4,1,0.0,0.0,11.0,30.25,False,0,0,0,0,0.0,False,0,0,0,0,0,0,0.0,False,0,0,0.0,0,0,0,False,0,0,0.0,0,False,1.0
False,False,False,False,False,False,False,False,False,False,False,False,False,False,True,False,False,False,False,False,False,False,True,False,False,0,0,13,0,0,0,0,0,0,0,1,0,0.0,0,0,0.0,0,0,0,0,9,4,0,0,0,4,2,0.0,0.0,13.0,38.35,False,0,0,0,0,0.0,False,0,0,0,0,0,0,0.0,False,0,0,0.0,0,0,0,False,0,0,0.0,0,False,2.0
False,False,False,False,False,False,False,False,False,False,False,False,False,False,True,False,False,False,False,False,False,False,True,False,False,0,0,43,18,18,2,0,1,0,64,7,1,1.0,0,2,0.03125,0,18,2,0,27,16,0,0,0,3,2,0.0,0.0,43.0,547.5333333333333,True,36,18,0,1,0.5,False,9,18,18,0,0,18,1.0,False,18,0,0.0,18,2,18,False,0,27,0.0,18,False,
False,False,False,False,False,False,False,False,False,False,False,False,False,False,True,False,False,False,False,False,False,False,True,True,False,0,0,8,0,0,0,0,0,0,0,1,0,0.0,0,0,0.0,0,0,0,0,8,0,0,0,0,4,2,0.0,0.0,8.0,16.0,False,0,0,0,0,0.0,False,0,0,0,0,0,0,0.0,False,0,0,0.0,0,0,0,False,0,0,0.0,0,False,1.0
False,False,False,True,False,False,False,False,False,False,False,False,False,False,False,False,False,False,False,False,False,False,True,False,False,0,0,7,2,2,0,0,1,2,13,2,1,1.0,0,1,0.0769230769230769,0,0,1,0,5,2,0,0,0,3,2,0.0,0.0,7.0,14.933333333333334,False,8,6,0,3,0.75,False,0,2,2,4,1,2,0.3333333333333333,False,2,0,2.0,2,0,2,False,2,2,1.0,2,False,1.0
False,False,False,False,False,False,False,False,False,False,False,False,False,False,True,False,False,False,False,False,False,True,True,False,False,0,1,29,3,1,3,0,3,0,21,4,1,1.6666666666666667,0,1,0.0476190476190476,0,1,0,0,15,15,0,1,0,5,3,0.0,0.0,34.0,173.4,True,10,8,0,3,0.8,False,0,5,3,0,0,1,1.0,False,3,0,0.0,3,3,1,True,1,2,1.0,1,False,
False,False,False,False,False,False,False,False,False,False,False,False,False,False,False,False,False,False,False,False,False,False,True,False,False,0,0,3,1,0,1,0,9,0,28,1,1,9.0,0,3,0.1071428571428571,0,0,0,0,4,0,0,0,1,3,1,0.0,0.0,3.0,4.0,False,15,18,0,7,1.2,False,0,9,1,3,1,0,0.0,False,1,0,3.0,3,1,1,False,0,1,0.0,1,False,0.0
False,False,False,False,False,False,False,False,False,False,False,False,False,False,True,False,False,True,False,False,False,False,True,False,False,0,0,36,4,3,0,0,1,0,22,9,1,1.0,0,3,0.1363636363636363,0,0,2,0,20,16,0,0,0,5,3,0.0,0.0,36.0,224.64,True,9,5,0,2,0.5555555555555556,False,3,4,4,5,1,3,0.375,True,1,3,1.25,0,0,0,False,1,1,0.0,1,False,
False,False,False,False,False,False,False,False,False,False,False,False,False,False,False,True,False,False,False,False,False,False,True,False,False,0,1,2,2,0,1,0,3,0,13,1,1,2.0,0,1,0.0769230769230769,1,0,0,0,3,0,0,1,0,2,2,0.0,0.0,7.0,10.5,False,6,5,0,2,0.8333333333333334,False,0,4,2,1,1,0,0.0,False,2,0,0.5,2,1,1,True,0,1,0.0,1,False,1.0
False,False,False,False,False,False,False,False,False,False,False,False,False,False,True,True,False,False,False,False,False,False,True,False,False,0,1,7,15,1,1,0,3,0,83,2,1,1.1333333333333333,0,1,0.0120481927710843,11,0,0,0,7,2,0,1,1,6,2,0.0,0.0,12.0,16.8,False,48,33,1,5,0.6875,False,8,17,15,6,1,1,0.1428571428571428,False,15,0,0.4,13,1,0,True,0,14,0.0,6,False,1.0
False,False,False,False,False,False,False,False,False,False,False,False,False,False,False,False,False,False,False,False,False,False,True,False,False,0,0,6,5,0,2,0,1,0,23,3,1,1.0,0,1,0.0434782608695652,0,0,2,0,4,2,0,0,0,2,1,0.0,0.0,6.0,16.2,False,13,8,0,2,0.6153846153846154,False,0,5,5,4,1,0,0.0,False,5,0,0.8,5,2,0,True,0,0,0.0,0,False,1.0
False,False,False,False,False,False,False,False,False,False,False,False,False,False,True,False,False,False,False,False,False,False,True,False,False,0,0,29,1,2,0,0,4,0,17,4,1,4.0,0,1,0.0588235294117647,0,1,0,0,15,14,0,0,0,3,2,0.0,0.0,29.0,239.7333333333333,True,9,9,1,6,1.0,False,1,4,1,0,0,2,1.0,False,1,0,0.0,1,0,1,False,2,1,0.5,1,False,
False,False,True,False,False,False,False,False,False,False,False,False,True,False,True,False,False,False,False,False,False,True,True,True,False,1,12,154,4,0,0,0,1,0,14,14,1,1.0,0,1,0.0714285714285714,0,0,2,0,39,128,0,13,0,10,5,0.0,0.0,224.0,2880.64,True,9,5,0,2,0.5555555555555556,False,0,4,4,2,1,0,0.0,True,3,1,0.5,3,0,0,False,0,1,0.0,1,False,
False,False,False,False,False,False,False,False,False,False,False,False,False,False,True,True,False,False,False,False,False,False,True,False,False,0,1,6,8,0,3,0,1,0,99,10,1,1.0,0,5,0.0505050505050505,2,0,1,0,7,0,0,1,0,4,2,0.0,0.0,11.0,19.25,False,21,13,0,2,0.6190476190476191,False,1,8,8,9,2,0,0.0,False,8,0,1.125,5,3,2,False,0,2,0.0,2,False,1.0
False,False,False,False,False,False,False,False,False,False,False,False,False,False,False,False,False,False,False,False,False,False,True,True,False,0,0,6,1,0,1,0,1,0,21,4,1,1.0,0,4,0.1904761904761904,0,0,1,0,6,1,0,0,1,5,1,0.0,0.0,6.0,8.04,False,2,1,0,1,0.5,False,0,1,1,0,0,0,0.0,False,1,0,0.0,1,1,1,False,0,1,0.0,1,False,1.0
False,False,False,False,False,False,False,False,False,False,False,False,False,False,True,False,False,False,False,False,False,False,True,True,False,0,0,21,2,1,0,0,2,0,19,6,1,1.5,0,1,0.0526315789473684,0,1,1,0,12,9,0,0,0,4,2,0.0,0.0,21.0,96.075,True,6,4,0,2,0.6666666666666666,False,2,3,2,2,1,1,0.3333333333333333,True,2,0,1.0,1,0,1,False,0,3,0.0,2,False,2.0
False,False,False,False,False,False,False,False,False,False,False,False,False,False,False,False,False,False,False,False,False,False,True,True,False,0,0,8,27,0,0,0,1,0,402,3,1,1.0,0,266,0.6616915422885572,1,0,1,0,8,0,0,0,0,3,1,0.0,0.0,8.0,21.33333333333333,False,0,0,0,0,0.0,False,0,0,27,0,0,0,0.0,False,27,0,0.0,27,0,0,False,0,57,0.0,21,False,1.0
False,True,True,True,False,False,True,False,False,False,False,False,False,False,True,False,False,False,False,False,False,True,True,True,False,1,3,50,24,4,6,1,9,1,422,13,1,2.625,0,191,0.45260663507109,3,1,3,0,28,26,0,4,0,11,7,0.0,0.0,75.0,315.0,True,145,137,4,14,0.9448275862068966,True,14,63,24,49,4,4,0.0754716981132075,True,18,6,2.0416666666666665,16,6,8,True,2,54,4.0,21,False,
False,False,True,False,False,False,False,False,False,False,False,False,False,False,True,False,False,False,False,False,True,True,True,True,False,1,10,820,10,2,0,2,3,0,136,17,1,1.7,0,69,0.5073529411764706,1,1,1,0,464,367,0,11,0,13,4,0.0,0.0,880.0,48799.38461538462,True,32,25,0,4,0.78125,False,7,17,10,11,2,2,0.1538461538461538,True,5,5,1.1,7,0,2,False,1,10,2.0,5,False,
False,False,False,False,False,False,False,False,False,False,False,False,False,False,False,False,False,False,False,False,False,False,True,False,False,0,0,10,6,0,1,0,2,0,81,2,1,1.3333333333333333,0,42,0.5185185185185185,0,0,1,0,3,7,0,0,0,3,1,0.0,0.0,10.0,26.333333333333336,False,20,14,0,4,0.7,False,7,8,6,7,1,0,0.0,True,2,4,1.1666666666666667,3,1,1,True,0,2,0.0,2,False,1.0
False,False,False,False,False,False,False,False,False,False,False,False,False,False,False,True,False,False,False,False,False,False,True,True,False,0,1,8,3,2,1,0,5,0,59,4,1,2.333333333333333,0,28,0.4745762711864407,1,2,1,0,7,2,0,1,0,5,2,0.0,0.0,13.0,21.84,False,10,11,0,7,1.1,False,1,5,3,4,1,2,0.3333333333333333,False,1,2,1.3333333333333333,4,1,1,False,2,9,0.5,3,False,1.0
False,False,False,False,False,False,False,False,False,False,False,False,False,False,False,False,False,False,False,False,False,False,True,True,False,0,0,5,6,0,0,0,1,0,4,2,1,1.0,0,2,0.5,0,0,1,0,5,0,0,0,0,2,1,0.0,0.0,5.0,12.5,False,0,0,0,0,0.0,False,0,0,6,0,0,0,0.0,False,6,0,0.0,6,0,0,False,0,18,0.0,6,False,1.0
False,False,False,False,False,False,False,False,False,False,False,False,False,False,False,False,False,False,False,False,False,False,True,False,False,0,0,2,0,0,0,0,0,0,20,1,1,0.0,0,14,0.7,0,0,0,0,2,0,0,0,0,1,1,0.0,0.0,2.0,4.0,False,0,0,0,0,0.0,False,0,0,0,0,0,0,0.0,False,0,0,0.0,0,0,0,False,0,0,0.0,0,False,0.0
False,False,False,False,False,False,False,False,False,False,False,False,False,False,False,False,False,False,False,False,False,False,True,False,False,0,0,3,1,0,0,0,1,0,4,1,1,1.0,0,2,0.5,0,0,0,0,3,0,0,0,0,1,1,0.0,0.0,3.0,9.0,False,0,0,0,0,0.0,False,0,0,1,0,0,0,0.0,False,1,0,0.0,1,0,0,False,0,1,0.0,1,False,0.0
False,False,False,False,False,False,False,False,False,False,False,False,False,False,False,False,False,False,False,False,False,False,True,False,False,0,0,4,0,0,0,0,0,0,0,1,0,0.0,0,0,0.0,0,0,0,0,4,0,0,0,0,1,1,0.0,0.0,4.0,16.0,False,0,0,0,0,0.0,False,0,0,0,0,0,0,0.0,False,0,0,0.0,0,0,0,False,0,0,0.0,0,False,1.0
False,False,False,False,False,False,False,False,False,False,False,False,False,False,False,False,False,False,False,False,False,False,True,False,False,0,0,2,1,0,0,0,1,0,24,1,1,1.0,0,20,0.8333333333333334,0,0,0,0,2,0,0,0,0,1,1,0.0,0.0,2.0,4.0,False,0,0,0,0,0.0,False,0,0,1,0,0,0,0.0,False,1,0,0.0,1,0,0,False,0,3,0.0,1,False,0.0
False,False,False,False,False,False,False,False,False,False,False,False,False,False,False,False,False,False,False,False,False,False,True,True,False,0,0,4,7,0,0,0,1,0,107,5,1,1.0,0,75,0.7009345794392523,0,0,1,0,4,0,0,0,0,2,1,0.0,0.0,4.0,8.0,False,0,0,0,0,0.0,False,0,0,7,0,0,0,0.0,False,7,0,0.0,7,0,0,False,0,19,0.0,7,False,1.0
False,False,False,False,False,False,False,False,False,False,False,False,False,False,False,False,False,False,False,False,False,False,True,True,False,0,0,4,1,0,0,0,1,0,23,2,1,1.0,0,15,0.6521739130434783,0,0,1,0,4,0,0,0,0,2,1,0.0,0.0,4.0,8.0,False,0,0,0,0,0.0,False,0,0,1,0,0,0,0.0,False,1,0,0.0,1,0,0,False,0,2,0.0,1,False,1.0
False,False,False,False,False,False,False,False,False,False,False,False,False,False,False,False,False,False,False,False,False,False,True,False,False,0,0,2,1,0,0,0,1,0,25,1,1,1.0,0,9,0.36,0,0,0,0,2,0,0,0,0,1,1,0.0,0.0,2.0,4.0,False,0,0,0,0,0.0,False,0,0,1,0,0,0,0.0,False,1,0,0.0,1,0,0,False,0,0,0.0,0,False,0.0
False,False,False,False,False,False,False,False,False,False,False,False,False,False,False,False,False,False,False,False,False,False,True,False,False,0,0,2,1,0,0,0,1,0,15,1,1,1.0,0,11,0.7333333333333333,0,0,0,0,2,0,0,0,0,1,1,0.0,0.0,2.0,4.0,False,0,0,0,0,0.0,False,0,0,1,0,0,0,0.0,False,1,0,0.0,1,0,0,False,0,2,0.0,1,False,0.0
False,False,False,False,False,False,False,False,False,False,False,False,False,False,False,False,False,False,False,False,False,False,True,False,False,0,0,3,6,0,0,0,1,0,4,1,1,1.0,0,2,0.5,0,0,0,0,3,0,0,0,0,1,1,0.0,0.0,3.0,9.0,False,0,0,0,0,0.0,False,0,0,6,0,0,0,0.0,False,6,0,0.0,6,0,0,False,0,10,0.0,5,False,0.0
False,False,False,False,False,False,False,False,False,False,False,False,False,False,False,False,False,False,False,False,False,False,True,True,False,0,0,7,6,0,0,0,1,0,77,3,1,1.0,0,66,0.8571428571428571,0,0,1,0,7,0,0,0,0,2,1,0.0,0.0,7.0,24.5,False,0,0,0,0,0.0,False,0,0,6,0,0,0,0.0,False,6,0,0.0,3,0,0,False,0,17,0.0,6,False,1.0
False,False,False,False,False,False,False,False,False,False,False,False,False,False,False,False,False,False,False,False,False,False,True,False,False,0,0,2,1,0,0,0,1,0,14,1,1,1.0,0,10,0.7142857142857143,0,0,0,0,2,0,0,0,0,1,1,0.0,0.0,2.0,4.0,False,0,0,0,0,0.0,False,0,0,1,0,0,0,0.0,False,1,0,0.0,1,0,0,False,0,0,0.0,0,False,0.0
False,False,False,False,False,False,False,False,False,False,False,False,False,False,False,False,False,False,False,False,False,False,True,True,False,0,0,5,16,0,0,0,1,0,210,3,1,1.0,0,181,0.861904761904762,0,0,2,0,5,0,0,0,0,2,1,0.0,0.0,5.0,12.5,False,0,0,0,0,0.0,False,0,0,16,0,0,0,0.0,False,16,0,0.0,16,0,0,False,0,20,0.0,14,False,1.0
False,False,False,False,False,False,False,False,False,False,False,False,False,False,False,False,False,False,False,False,False,False,True,False,False,0,0,2,0,0,0,0,0,0,10,1,1,0.0,0,6,0.6,0,0,0,0,2,0,0,0,0,1,1,0.0,0.0,2.0,4.0,False,0,0,0,0,0.0,False,0,0,0,0,0,0,0.0,False,0,0,0.0,0,0,0,False,0,0,0.0,0,False,0.0
False,False,False,False,False,False,False,False,False,False,False,False,False,False,False,False,False,False,False,False,False,False,True,False,False,0,0,2,1,0,0,0,1,0,30,1,1,1.0,0,21,0.7,0,0,0,0,2,0,0,0,0,1,1,0.0,0.0,2.0,4.0,False,0,0,0,0,0.0,False,0,0,1,0,0,0,0.0,False,1,0,0.0,1,0,0,False,0,4,0.0,1,False,0.0
False,False,False,False,False,False,False,False,False,False,False,False,False,False,False,False,False,False,False,False,False,False,True,True,False,0,0,6,3,0,0,0,1,0,4,3,1,1.0,0,2,0.5,0,0,2,0,6,0,0,0,0,2,1,0.0,0.0,6.0,18.0,False,0,0,0,0,0.0,False,0,0,3,0,0,0,0.0,False,3,0,0.0,3,0,0,False,0,3,0.0,2,False,1.0
False,False,False,False,False,False,False,False,False,False,False,False,False,False,False,False,False,False,False,False,False,False,True,True,False,0,0,5,9,0,0,0,1,0,4,2,1,1.0,0,2,0.5,0,0,1,0,5,0,0,0,0,2,1,0.0,0.0,5.0,12.5,False,0,0,0,0,0.0,False,0,0,9,0,0,0,0.0,False,9,0,0.0,8,0,0,False,0,19,0.0,9,False,1.0
False,False,False,False,False,False,False,False,False,False,False,False,False,False,False,False,False,False,False,False,False,False,True,False,False,0,0,2,0,0,0,0,0,0,17,1,1,0.0,0,8,0.4705882352941176,0,0,0,0,2,0,0,0,0,1,1,0.0,0.0,2.0,4.0,False,0,0,0,0,0.0,False,0,0,0,0,0,0,0.0,False,0,0,0.0,0,0,0,False,0,0,0.0,0,False,0.0
False,False,False,False,False,False,False,False,False,False,False,False,False,False,False,False,False,False,False,False,False,False,True,True,False,0,0,5,3,0,0,0,1,0,4,2,1,1.0,0,2,0.5,0,0,1,0,5,0,0,0,0,2,1,0.0,0.0,5.0,12.5,False,0,0,0,0,0.0,False,0,0,3,0,0,0,0.0,False,3,0,0.0,3,0,0,False,0,0,0.0,0,False,1.0
False,False,False,False,False,False,False,False,False,False,False,False,False,False,False,False,False,False,False,False,False,False,True,True,False,0,0,5,0,0,0,0,0,0,5,2,1,0.0,0,2,0.4,0,0,1,0,5,0,0,0,0,3,1,0.0,0.0,5.0,8.333333333333334,False,0,0,0,0,0.0,False,0,0,0,0,0,0,0.0,False,0,0,0.0,0,0,0,False,0,0,0.0,0,False,1.0
False,False,False,False,False,False,False,False,False,False,False,False,False,False,False,False,False,False,False,False,False,False,True,True,False,0,0,6,0,0,0,0,0,0,6,3,1,0.0,0,2,0.3333333333333333,0,0,1,0,6,0,0,0,0,3,1,0.0,0.0,6.0,12.0,False,0,0,0,0,0.0,False,0,0,0,0,0,0,0.0,False,0,0,0.0,0,0,0,False,0,0,0.0,0,False,1.0
False,False,False,False,False,False,False,False,False,False,False,False,False,False,False,False,False,False,False,False,False,False,True,False,False,0,0,2,13,0,0,0,1,0,181,1,1,1.0,0,147,0.8121546961325967,0,0,0,0,2,0,0,0,0,1,1,0.0,0.0,2.0,4.0,False,0,0,0,0,0.0,False,0,0,13,0,0,0,0.0,False,13,0,0.0,13,0,0,False,0,19,0.0,8,False,0.0
False,False,False,False,False,False,False,False,False,False,False,False,False,False,False,False,False,False,False,False,False,False,True,False,False,0,0,2,0,0,0,0,0,0,0,1,0,0.0,0,0,0.0,0,0,0,0,2,0,0,0,0,1,1,0.0,0.0,2.0,4.0,False,0,0,0,0,0.0,False,0,0,0,0,0,0,0.0,False,0,0,0.0,0,0,0,False,0,0,0.0,0,False,0.0
False,False,False,False,False,False,False,False,False,False,False,False,False,False,False,False,False,False,False,False,False,False,True,False,False,0,0,3,1,0,0,0,1,0,4,1,1,1.0,0,2,0.5,0,0,0,0,3,0,0,0,0,1,1,0.0,0.0,3.0,9.0,False,0,0,0,0,0.0,False,0,0,1,0,0,0,0.0,False,1,0,0.0,1,0,0,False,0,4,0.0,1,False,0.0
False,False,False,False,False,False,False,False,False,False,False,False,False,False,False,False,False,False,False,False,False,False,True,False,False,0,0,3,3,0,0,0,1,0,36,2,1,1.0,0,24,0.6666666666666666,0,0,0,0,3,0,0,0,0,1,1,0.0,0.0,3.0,9.0,False,0,0,0,0,0.0,False,0,0,3,0,0,0,0.0,False,3,0,0.0,3,0,0,False,0,7,0.0,3,False,0.0
False,False,False,False,False,False,False,False,False,False,False,False,False,False,False,False,False,False,False,False,False,False,True,True,False,0,0,7,0,0,0,0,0,0,16,3,1,0.0,0,9,0.5625,0,0,2,0,7,0,0,0,0,2,1,0.0,0.0,7.0,24.5,False,0,0,0,0,0.0,False,0,0,0,0,0,0,0.0,False,0,0,0.0,0,0,0,False,0,0,0.0,0,False,1.0
False,False,False,False,False,False,False,False,False,False,False,False,False,False,False,False,False,False,False,False,False,False,True,False,False,0,0,2,1,0,0,0,1,0,25,1,1,1.0,0,15,0.6,0,0,0,0,2,0,0,0,0,1,1,0.0,0.0,2.0,4.0,False,0,0,0,0,0.0,False,0,0,1,0,0,0,0.0,False,1,0,0.0,1,0,0,False,0,5,0.0,1,False,0.0
False,False,False,False,False,False,False,False,False,False,False,False,False,False,False,False,False,False,False,False,False,False,True,False,False,0,0,2,8,0,0,0,1,0,101,1,1,1.0,0,88,0.8712871287128713,0,0,0,0,2,0,0,0,0,1,1,0.0,0.0,2.0,4.0,False,0,0,0,0,0.0,False,0,0,8,0,0,0,0.0,False,8,0,0.0,8,0,0,False,0,15,0.0,8,False,0.0
False,False,False,False,False,False,False,False,False,False,False,False,False,False,False,False,False,False,False,False,False,False,True,False,False,0,0,2,1,0,0,0,1,0,33,1,1,1.0,0,22,0.6666666666666666,0,0,0,0,2,0,0,0,0,1,1,0.0,0.0,2.0,4.0,False,0,0,0,0,0.0,False,0,0,1,0,0,0,0.0,False,1,0,0.0,1,0,0,False,0,6,0.0,1,False,0.0
False,False,False,False,False,False,False,False,False,False,False,False,False,False,False,False,False,False,False,False,False,False,True,True,False,0,0,6,3,0,0,0,1,0,4,3,1,1.0,0,2,0.5,0,0,2,0,6,0,0,0,0,2,1,0.0,0.0,6.0,18.0,False,0,0,0,0,0.0,False,0,0,3,0,0,0,0.0,False,3,0,0.0,3,0,0,False,0,1,0.0,1,False,1.0
False,False,False,False,False,False,False,False,False,False,False,False,False,False,False,False,False,False,False,False,False,False,True,False,False,0,0,2,1,0,0,0,1,0,33,1,1,1.0,0,22,0.6666666666666666,0,0,0,0,2,0,0,0,0,1,1,0.0,0.0,2.0,4.0,False,0,0,0,0,0.0,False,0,0,1,0,0,0,0.0,False,1,0,0.0,1,0,0,False,0,6,0.0,1,False,0.0
False,False,False,False,False,False,False,False,False,False,False,False,False,False,False,False,False,False,False,False,False,False,True,False,False,0,0,2,1,0,0,0,1,0,18,1,1,1.0,0,14,0.7777777777777778,0,0,0,0,2,0,0,0,0,1,1,0.0,0.0,2.0,4.0,False,0,0,0,0,0.0,False,0,0,1,0,0,0,0.0,False,1,0,0.0,1,0,0,False,0,2,0.0,1,False,0.0
False,False,False,False,False,False,False,False,False,False,False,False,False,False,False,False,False,False,False,False,False,False,True,True,False,0,0,5,2,0,0,0,1,0,4,2,1,1.0,0,2,0.5,0,0,1,0,5,0,0,0,0,2,1,0.0,0.0,5.0,12.5,False,0,0,0,0,0.0,False,0,0,2,0,0,0,0.0,False,2,0,0.0,2,0,0,False,0,10,0.0,2,False,1.0
False,False,False,False,False,False,False,False,False,False,False,False,False,False,False,False,False,False,False,False,False,False,True,False,False,0,0,3,2,0,0,0,1,0,14,1,1,1.0,0,9,0.6428571428571429,0,0,0,0,3,0,0,0,0,2,1,0.0,0.0,3.0,4.5,False,0,0,0,0,0.0,False,0,0,2,0,0,0,0.0,False,2,0,0.0,2,0,0,False,0,0,0.0,0,False,0.0
False,False,False,False,False,False,False,False,False,False,False,False,False,False,False,False,False,False,False,False,False,False,True,True,False,0,0,6,1,0,0,0,1,0,4,3,1,1.0,0,2,0.5,0,0,2,0,6,0,0,0,0,2,1,0.0,0.0,6.0,18.0,False,0,0,0,0,0.0,False,0,0,1,0,0,0,0.0,False,1,0,0.0,1,0,0,False,0,1,0.0,1,False,1.0
False,False,False,False,False,False,False,False,False,False,False,False,False,False,True,False,False,False,False,False,False,False,True,False,False,1,2,76,5,2,0,0,16,0,202,2,1,6.6,2,84,0.4158415841584158,0,1,0,0,6,73,0,3,0,5,2,0.0,0.0,96.0,1096.32,True,127,133,17,47,1.047244094488189,True,5,33,5,10,0,2,0.1666666666666666,False,0,5,2.0,5,0,1,False,0,6,0.0,5,False,
False,False,False,False,False,False,False,False,False,False,False,False,False,False,True,False,False,False,False,False,False,False,True,False,False,0,0,31,3,4,0,0,9,0,83,3,1,3.6666666666666665,0,45,0.5421686746987951,0,2,0,0,16,15,0,0,0,3,2,0.0,0.0,31.0,273.83333333333337,True,30,31,0,11,1.0333333333333334,False,1,11,3,11,0,4,0.2666666666666666,True,0,3,3.6666666666666665,9,0,1,False,2,8,0.5,3,False,
False,False,False,False,False,False,False,False,False,False,False,False,False,False,False,False,False,False,False,False,False,False,True,False,False,0,0,4,2,0,0,0,1,0,16,1,1,1.0,0,7,0.4375,0,0,0,0,2,2,0,0,0,2,1,0.0,0.0,4.0,6.8,False,4,2,0,1,0.5,False,2,2,2,0,0,0,0.0,False,0,2,0.0,2,0,0,False,0,4,0.0,2,False,1.0
False,False,False,False,False,False,False,False,False,False,False,False,False,False,False,False,False,False,False,False,False,False,True,False,False,0,0,5,3,0,0,0,1,0,24,1,1,1.0,0,12,0.5,0,0,0,0,2,3,0,0,0,2,1,0.0,0.0,5.0,10.25,False,6,3,0,1,0.5,False,3,3,3,0,0,0,0.0,False,0,3,0.0,3,0,0,False,0,0,0.0,0,False,1.0
False,False,False,True,False,False,False,False,False,False,False,False,False,False,True,False,False,False,False,False,False,False,True,False,False,0,0,10,6,2,0,0,5,1,121,1,1,1.6666666666666667,0,76,0.628099173553719,0,0,0,0,4,6,0,0,0,4,3,0.0,0.0,10.0,20.5,True,33,29,0,18,0.8787878787878788,False,5,10,6,14,0,2,0.125,True,0,6,2.333333333333333,9,0,1,False,1,13,1.0,5,False,2.0
False,False,False,False,False,False,False,False,False,False,False,False,False,False,False,False,False,True,False,False,False,False,True,False,False,1,0,9,6,0,1,0,5,0,66,2,1,2.0,0,35,0.5303030303030303,0,0,1,0,4,6,0,1,0,3,2,0.0,0.0,19.0,51.93333333333333,False,24,20,0,6,0.8333333333333334,False,6,12,6,10,1,0,0.0,True,1,5,1.6666666666666667,3,1,1,True,0,12,0.0,6,False,2.0
False,False,False,False,False,False,False,False,False,False,False,False,False,False,False,False,False,False,False,False,False,False,True,False,False,0,0,4,3,0,1,0,3,0,41,1,1,1.6666666666666667,0,22,0.5365853658536586,0,0,0,0,2,2,0,0,0,2,1,0.0,0.0,4.0,6.8,False,9,7,0,3,0.7777777777777778,False,2,5,3,2,0,0,0.0,False,1,2,0.6666666666666666,3,1,1,True,0,4,0.0,3,False,1.0
False,False,False,False,False,False,False,False,False,False,False,False,False,False,True,False,False,False,False,False,False,False,True,False,False,0,0,20,9,0,0,0,1,0,126,1,1,1.0,0,57,0.4523809523809524,0,0,0,0,11,9,0,0,0,3,2,0.0,0.0,20.0,115.33333333333334,False,36,27,0,3,0.75,False,0,9,9,0,0,0,0.0,False,0,9,0.0,7,0,0,False,0,9,0.0,9,False,2.0
False,False,False,False,False,False,False,False,False,False,False,False,False,False,False,False,False,False,False,False,False,False,True,False,False,0,0,10,5,0,1,2,3,0,98,2,1,1.8,0,60,0.6122448979591837,0,0,1,0,3,7,0,0,0,2,1,0.0,0.0,10.0,39.5,False,18,15,0,3,0.8333333333333334,False,1,9,5,8,0,0,0.0,False,1,4,1.6,6,1,0,True,0,0,0.0,0,False,1.0
False,False,False,False,False,False,False,False,False,False,False,False,False,False,True,False,False,False,False,False,False,False,True,False,False,0,0,21,10,0,0,0,1,0,144,1,1,1.0,0,67,0.4652777777777778,0,0,0,0,11,10,0,0,0,3,2,0.0,0.0,21.0,126.0,True,70,60,0,13,0.8571428571428571,False,1,10,10,21,0,0,0.0,False,0,10,2.1,4,0,0,False,0,18,0.0,10,False,2.0
False,False,False,False,False,False,False,False,False,False,False,False,False,False,True,False,False,False,False,False,False,False,True,False,False,0,0,4,2,0,10,0,1,0,54,1,1,1.0,0,34,0.6296296296296297,0,0,0,0,3,1,0,0,0,3,2,0.0,0.0,4.0,4.933333333333334,False,16,14,0,9,0.875,False,0,2,2,2,0,0,0.0,False,0,2,1.0,3,10,0,False,0,1,0.0,1,False,1.0
False,False,False,False,False,False,False,False,False,False,False,False,False,False,True,False,False,False,False,False,False,False,True,False,False,0,0,29,7,7,1,0,3,0,111,2,1,2.0,0,58,0.5225225225225225,0,1,0,0,13,16,0,0,0,4,2,0.0,0.0,29.0,175.45,True,34,29,0,7,0.8529411764705882,False,9,14,7,7,0,7,0.5,False,0,7,1.0,4,1,6,True,0,9,0.0,6,False,
False,False,False,False,False,False,False,False,False,False,False,False,False,False,True,False,False,False,False,False,False,False,True,False,False,0,0,26,7,4,3,2,3,0,103,2,1,1.2857142857142858,0,63,0.6116504854368932,0,4,0,0,12,14,0,0,0,3,2,0.0,0.0,26.0,188.9333333333333,True,18,12,0,2,0.6666666666666666,False,2,9,7,7,0,4,0.3636363636363636,False,0,7,1.0,3,3,0,True,0,0,0.0,0,False,2.0
False,False,False,False,False,False,False,False,False,False,False,False,False,False,True,False,False,False,False,False,False,False,True,False,False,0,0,8,4,0,0,0,25,0,211,1,1,12.25,2,79,0.3744075829383886,0,0,0,0,4,4,0,0,0,3,2,0.0,0.0,8.0,18.133333333333333,False,145,156,15,45,1.0758620689655172,True,4,49,4,12,0,0,0.0,False,0,4,3.0,7,0,0,False,0,4,0.0,4,False,1.0
False,False,False,False,False,False,False,False,False,False,False,False,False,False,False,False,False,False,False,False,False,False,True,False,False,0,0,2,0,0,0,0,0,0,29,1,1,0.0,0,22,0.7586206896551724,0,0,0,0,2,0,0,0,0,1,1,0.0,0.0,2.0,4.0,False,0,0,0,0,0.0,False,0,0,0,0,0,0,0.0,False,0,0,0.0,0,0,0,False,0,0,0.0,0,False,0.0
False,False,False,False,False,False,False,False,False,False,False,False,False,False,True,False,False,False,False,False,False,False,True,False,False,0,0,5,3,0,1,0,2,0,46,1,1,1.3333333333333333,0,26,0.5652173913043478,0,0,0,0,3,2,0,0,0,3,2,0.0,0.0,5.0,7.333333333333334,False,15,12,0,6,0.8,False,2,4,3,7,0,0,0.0,False,0,3,2.333333333333333,7,1,0,True,0,2,0.0,2,False,1.0
False,False,False,False,False,False,False,False,False,False,False,False,False,False,True,False,False,False,False,False,False,False,True,False,False,0,0,638,212,0,0,0,3,0,1442,1,1,1.7358490566037736,0,32,0.0221914008321775,0,0,0,0,426,212,0,0,0,4,2,0.0,0.0,638.0,91616.8,True,1350,1216,0,5,0.9007407407407408,False,0,368,212,156,0,0,0.0,False,0,212,0.7358490566037735,57,0,0,False,0,502,0.0,212,False,
False,False,False,False,False,False,False,False,False,False,False,False,False,False,True,False,False,False,False,False,False,False,True,False,False,0,0,32,1,4,0,0,6,0,33,5,1,6.0,0,18,0.5454545454545454,0,1,1,0,16,16,0,0,0,3,2,0.0,0.0,32.0,290.1333333333333,True,13,14,1,9,1.0769230769230769,False,1,6,1,2,1,4,0.6666666666666666,False,1,0,2.0,2,0,1,False,1,1,1.0,1,False,
False,False,False,False,False,False,False,False,False,False,False,False,False,False,True,False,False,False,False,False,False,False,True,False,False,0,0,24,12,0,0,0,1,0,114,1,1,1.0,0,31,0.2719298245614035,0,0,0,0,12,12,0,0,0,3,2,0.0,0.0,24.0,163.2,True,56,44,0,6,0.7857142857142857,False,2,12,12,31,0,0,0.0,True,0,12,2.583333333333333,9,0,0,False,0,19,0.0,9,False,2.0
False,False,False,False,False,False,False,False,False,False,False,False,False,False,True,False,False,False,False,False,False,False,True,False,False,0,0,33,7,28,0,0,9,0,157,3,1,6.142857142857143,0,73,0.464968152866242,0,17,0,0,14,19,0,0,0,3,2,0.0,0.0,33.0,300.29999999999995,True,71,76,0,8,1.0704225352112675,False,7,43,7,19,0,28,0.5957446808510638,False,0,7,2.7142857142857144,5,0,6,False,26,16,0.2307692307692307,7,False,
False,False,False,False,False,False,False,False,False,False,False,False,False,False,True,False,False,False,False,False,False,False,True,False,False,0,0,6,2,0,0,0,1,0,22,1,1,1.0,0,7,0.3181818181818182,0,0,0,0,4,2,0,0,0,3,2,0.0,0.0,6.0,10.8,False,10,8,0,4,0.8,False,0,2,2,0,0,0,0.0,False,0,2,0.0,2,0,0,False,0,0,0.0,0,False,1.0
False,False,False,False,False,False,False,False,False,False,False,False,False,False,True,False,False,False,False,False,False,False,True,False,False,0,0,53,14,10,0,0,5,0,277,4,1,2.0,0,140,0.5054151624548736,0,2,0,0,22,31,0,0,0,4,2,0.0,0.0,53.0,579.025,True,76,69,0,11,0.9078947368421052,False,10,28,14,33,0,10,0.2325581395348837,True,0,14,2.357142857142857,13,0,7,False,0,35,0.0,14,False,
False,False,False,False,False,False,False,False,False,False,False,False,False,False,True,True,False,False,False,False,False,False,True,False,False,0,1,4,4,0,0,0,3,0,61,1,1,1.5,0,37,0.6065573770491803,1,0,0,0,5,0,0,1,0,4,2,0.0,0.0,9.0,11.25,False,17,15,0,11,0.8823529411764706,False,0,5,4,11,3,0,0.0,False,1,3,2.75,9,0,0,False,0,1,0.0,1,False,1.0
False,False,True,False,False,False,False,False,False,False,False,False,False,False,True,False,False,False,False,False,False,False,True,True,False,0,0,56,14,3,4,0,3,0,142,10,1,1.1428571428571428,0,75,0.528169014084507,2,2,2,0,27,29,0,0,0,5,3,0.0,0.0,56.0,529.76,True,39,25,0,4,0.6410256410256411,False,12,16,14,19,4,3,0.1363636363636363,True,13,1,1.3571428571428572,6,4,3,True,2,11,1.5,7,False,
False,False,True,False,False,False,False,False,False,False,False,False,False,False,True,False,False,False,False,False,False,False,True,True,False,0,0,125,3,2,1,0,3,0,46,12,1,2.0,0,23,0.5,0,1,3,0,30,95,0,0,0,5,3,0.0,0.0,125.0,2412.5,True,11,9,0,3,0.8181818181818182,False,3,6,3,5,0,2,0.2857142857142857,True,1,2,1.6666666666666667,4,1,1,True,0,3,0.0,2,False,
False,False,False,False,False,False,False,False,False,False,False,False,False,False,False,False,False,False,False,False,False,False,True,False,False,0,0,3,2,0,0,0,1,0,27,2,1,1.0,0,21,0.7777777777777778,0,0,1,0,3,0,0,0,0,1,1,0.0,0.0,3.0,9.0,False,0,0,0,0,0.0,False,0,0,2,0,0,0,0.0,False,2,0,0.0,2,0,0,False,0,3,0.0,2,False,0.0
False,False,False,False,False,False,False,False,False,False,False,False,False,False,False,False,False,False,False,False,False,False,True,False,False,0,0,3,10,0,0,0,1,0,173,2,1,1.0,0,152,0.8786127167630058,0,0,1,0,3,0,0,0,0,1,1,0.0,0.0,3.0,9.0,False,0,0,0,0,0.0,False,0,0,10,0,0,0,0.0,False,10,0,0.0,10,0,0,False,0,2,0.0,2,False,0.0
False,False,True,False,False,False,False,False,False,False,False,False,False,False,True,False,False,False,False,False,False,False,True,True,False,1,9,137,30,3,6,0,5,0,327,11,1,2.033333333333333,0,161,0.4923547400611621,0,3,3,0,25,122,0,10,0,8,3,0.0,0.0,192.0,2649.6,True,135,119,0,9,0.8814814814814815,False,15,61,30,57,3,3,0.05,True,15,15,1.9,12,6,9,True,0,26,0.0,17,False,
False,False,False,False,False,True,False,False,False,False,False,False,False,False,True,False,False,False,False,False,False,False,True,True,False,0,0,14,6,2,2,1,5,0,101,6,1,2.5,0,48,0.4752475247524752,0,1,1,0,9,5,0,0,0,5,3,0.0,0.0,14.0,35.0,True,32,30,0,8,0.9375,False,3,15,6,9,1,2,0.1818181818181818,False,3,3,1.5,7,2,2,True,2,5,1.0,4,False,2.0
False,False,True,False,False,False,False,False,False,False,False,False,True,False,True,False,False,False,False,False,False,True,True,True,False,1,12,153,49,21,6,1,9,0,633,13,1,2.4693877551020407,0,236,0.3728278041074249,1,16,1,0,38,128,0,13,0,10,5,0.0,0.0,223.0,2845.48,True,297,271,1,17,0.9124579124579124,False,42,121,49,94,4,21,0.1826086956521739,False,30,19,1.9183673469387756,32,6,23,True,2,87,11.5,45,False,
False,False,False,False,False,False,False,False,False,False,False,False,False,False,False,False,False,False,False,False,False,False,True,False,False,0,0,2,29,0,0,0,1,0,360,1,1,1.0,0,287,0.7972222222222223,1,0,0,0,2,0,0,0,0,1,1,0.0,0.0,2.0,4.0,False,0,0,0,0,0.0,False,0,0,29,0,0,0,0.0,False,29,0,0.0,29,0,0,False,0,53,0.0,27,False,0.0
False,False,False,False,False,False,False,False,False,False,False,False,False,False,True,False,False,False,False,False,False,False,True,True,False,0,0,6,1,1,0,0,3,0,30,2,1,3.0,0,9,0.3,0,0,0,0,5,1,0,0,0,4,2,0.0,0.0,6.0,8.55,False,11,11,0,8,1.0,False,0,3,1,5,0,1,0.1666666666666666,False,0,1,5.0,5,0,1,False,1,4,1.0,1,False,1.0
False,False,False,False,False,False,False,False,False,False,False,False,False,False,False,False,False,False,False,False,False,False,True,False,False,0,0,2,3,0,0,0,1,0,26,1,1,1.0,0,16,0.6153846153846154,0,0,0,0,2,0,0,0,0,1,1,0.0,0.0,2.0,4.0,False,0,0,0,0,0.0,False,0,0,3,0,0,0,0.0,False,3,0,0.0,3,0,0,False,0,1,0.0,1,False,0.0
False,False,False,False,False,False,False,False,False,False,False,False,False,False,False,False,False,False,False,False,False,False,True,False,False,0,0,2,1,0,0,0,1,0,12,1,1,1.0,0,8,0.6666666666666666,0,0,0,0,2,0,0,0,0,1,1,0.0,0.0,2.0,4.0,False,0,0,0,0,0.0,False,0,0,1,0,0,0,0.0,False,1,0,0.0,1,0,0,False,0,3,0.0,1,False,0.0
False,False,False,False,False,False,False,False,False,False,False,False,False,False,False,True,False,False,False,False,False,False,True,True,False,0,1,9,3,0,1,0,1,0,24,5,1,1.0,0,2,0.0833333333333333,0,0,2,0,7,3,0,1,0,5,2,0.0,0.0,14.0,25.480000000000004,False,6,3,0,1,0.5,False,1,3,3,0,0,0,0.0,False,1,2,0.0,3,1,1,True,0,7,0.0,3,False,1.0
False,False,False,False,False,False,False,False,False,False,False,False,False,False,True,False,False,False,False,False,False,False,True,True,False,0,0,26,3,0,0,0,1,0,28,15,1,1.0,0,1,0.0357142857142857,0,0,3,0,22,4,0,0,0,4,2,0.0,0.0,26.0,161.2,True,15,12,0,4,0.8,False,0,3,3,6,1,0,0.0,True,3,0,2.0,1,0,0,False,0,10,0.0,3,False,2.0
False,False,False,False,False,False,False,False,False,False,False,False,False,False,False,False,False,False,False,False,False,False,True,True,False,0,0,12,1,0,0,0,1,0,8,8,1,1.0,0,1,0.125,0,0,2,0,8,4,0,0,0,3,1,0.0,0.0,12.0,43.2,False,2,1,0,1,0.5,False,0,1,1,1,0,0,0.0,True,0,1,1.0,0,0,0,False,0,4,0.0,1,False,1.0
False,False,False,False,False,False,False,False,False,False,False,False,False,False,False,False,False,False,False,False,False,False,True,False,False,0,0,2,1,0,0,0,1,0,7,1,1,1.0,0,1,0.1428571428571428,0,0,0,0,2,0,0,0,0,1,1,0.0,0.0,2.0,4.0,False,2,1,0,1,0.5,False,1,1,1,0,0,0,0.0,False,1,0,0.0,1,0,0,False,0,0,0.0,0,False,0.0
False,False,False,False,False,False,False,False,False,False,False,False,False,False,False,False,False,False,False,False,False,False,True,True,False,0,0,8,3,0,3,0,9,0,64,4,1,6.333333333333333,0,1,0.015625,0,0,2,0,8,0,0,0,0,3,1,0.0,0.0,8.0,21.33333333333333,False,36,41,0,6,1.1388888888888888,False,2,19,3,8,1,0,0.0,False,3,0,2.6666666666666665,5,3,1,True,0,13,0.0,3,False,1.0
False,False,False,False,False,False,False,False,False,False,False,False,False,False,True,False,False,False,False,False,False,False,True,True,False,0,0,40,0,0,0,0,0,0,5,12,1,0.0,0,1,0.2,0,0,2,0,22,18,0,0,0,4,2,0.0,0.0,40.0,346.0,True,0,0,0,0,0.0,False,0,0,0,0,0,0,0.0,False,0,0,0.0,0,0,0,False,0,0,0.0,0,False,
False,False,False,False,False,False,False,False,False,False,False,False,False,False,False,False,False,False,False,False,False,False,True,True,False,0,0,12,1,0,0,0,1,0,10,8,1,1.0,0,2,0.2,0,0,2,0,8,4,0,0,0,3,1,0.0,0.0,12.0,43.2,False,3,2,0,2,0.6666666666666666,False,1,1,1,3,1,0,0.0,True,1,0,3.0,2,0,0,False,0,2,0.0,1,False,1.0
False,False,False,False,False,False,False,False,False,False,False,False,False,False,True,False,False,False,False,False,False,False,True,True,False,0,0,15,3,0,0,0,1,0,25,8,1,1.0,0,3,0.12,0,0,2,0,11,4,0,0,0,4,2,0.0,0.0,15.0,51.75,False,15,12,0,4,0.8,False,0,3,3,6,1,0,0.0,True,3,0,2.0,1,0,0,False,0,7,0.0,3,False,2.0
False,False,False,False,False,False,False,False,False,False,False,False,False,False,True,False,False,False,False,False,False,False,True,True,False,0,0,23,3,0,0,0,1,0,26,16,1,1.0,0,1,0.0384615384615384,0,0,3,0,19,4,0,0,0,4,2,0.0,0.0,23.0,125.35,True,6,3,0,1,0.5,False,3,3,3,0,0,0,0.0,False,3,0,0.0,3,0,0,False,0,10,0.0,3,False,2.0
False,False,False,False,False,False,False,False,False,False,False,False,False,False,False,False,False,False,False,False,False,False,True,True,False,0,0,16,4,0,1,0,3,0,22,12,1,1.5,0,1,0.0454545454545454,0,0,3,0,13,3,0,0,0,3,1,0.0,0.0,16.0,80.53333333333333,False,11,8,0,2,0.7272727272727273,False,0,6,4,3,1,0,0.0,False,1,3,0.75,3,1,1,True,0,3,0.0,3,False,2.0
False,False,False,False,False,False,False,False,False,False,False,False,False,False,False,False,False,False,False,False,False,False,True,True,False,0,0,12,2,0,1,0,1,0,12,8,1,1.0,0,1,0.0833333333333333,0,0,2,0,8,4,0,0,0,3,1,0.0,0.0,12.0,43.2,False,4,2,0,1,0.5,False,1,2,2,0,0,0,0.0,False,1,1,0.0,2,1,1,True,0,1,0.0,1,False,1.0
False,False,False,False,False,False,False,False,False,False,False,False,False,False,False,False,False,False,False,False,False,False,True,True,False,0,0,5,3,0,2,0,9,0,38,2,1,3.6666666666666665,0,1,0.0263157894736842,0,0,1,0,5,0,0,0,0,3,1,0.0,0.0,5.0,8.333333333333334,False,22,23,0,6,1.0454545454545454,False,1,11,3,3,1,0,0.0,False,3,0,1.0,5,2,1,True,0,5,0.0,2,False,1.0
False,False,False,False,False,False,False,False,False,False,False,False,False,False,False,False,False,False,False,False,False,False,True,True,False,0,0,10,3,0,0,0,1,0,12,8,1,1.0,0,1,0.0833333333333333,0,0,2,0,8,2,0,0,0,3,1,0.0,0.0,10.0,31.333333333333336,False,6,3,0,1,0.5,False,0,3,3,3,1,0,0.0,True,3,0,1.0,2,0,0,False,0,4,0.0,2,False,1.0
False,False,False,False,False,False,False,False,False,False,False,False,False,False,False,False,False,False,False,False,False,False,True,True,False,0,0,5,2,0,2,0,9,0,39,2,1,5.0,0,1,0.0256410256410256,0,0,1,0,5,0,0,0,0,3,1,0.0,0.0,5.0,8.333333333333334,False,19,21,0,6,1.105263157894737,False,1,10,2,4,1,0,0.0,False,2,0,2.0,5,2,1,True,0,6,0.0,2,False,1.0
False,False,False,False,False,False,False,False,False,False,False,False,False,False,True,False,False,False,False,False,False,False,True,True,False,0,0,23,1,0,0,0,1,0,10,15,1,1.0,0,2,0.2,0,0,3,0,19,4,0,0,0,4,2,0.0,0.0,23.0,125.35,True,3,2,0,2,0.6666666666666666,False,1,1,1,3,1,0,0.0,True,1,0,3.0,2,0,0,False,0,3,0.0,1,False,2.0
False,False,False,False,False,False,False,False,False,False,False,False,False,False,True,False,False,False,False,False,False,False,True,True,False,0,0,39,3,1,3,0,5,0,33,11,1,2.333333333333333,0,1,0.0303030303030303,0,1,2,0,21,18,0,0,0,5,2,0.0,0.0,39.0,262.08,True,16,15,0,6,0.9375,False,1,7,3,2,0,1,0.3333333333333333,True,2,1,0.6666666666666666,2,3,3,True,1,8,3.0,3,False,
False,False,False,False,False,False,False,False,False,False,False,False,False,False,False,False,False,False,False,False,False,False,True,True,False,0,0,5,3,0,2,0,9,0,43,2,1,3.6666666666666665,0,1,0.0232558139534883,0,0,1,0,5,0,0,0,0,3,1,0.0,0.0,5.0,8.333333333333334,False,22,23,0,6,1.0454545454545454,False,1,11,3,3,1,0,0.0,False,3,0,1.0,5,2,1,True,0,6,0.0,2,False,1.0
False,False,False,False,False,True,True,False,False,False,False,False,False,False,False,False,False,False,False,False,False,False,True,True,False,0,0,18,4,0,2,0,1,0,19,11,1,1.0,0,1,0.0526315789473684,0,0,2,0,11,7,0,0,0,6,2,0.0,0.0,18.0,47.7,False,8,4,0,1,0.5,False,2,4,4,0,0,0,0.0,False,2,2,0.0,4,2,2,True,0,4,0.0,3,False,2.0
False,False,False,False,False,False,False,False,False,False,False,False,False,False,False,False,False,False,False,False,False,False,True,True,False,0,0,18,3,0,0,0,1,0,14,8,1,1.0,0,1,0.0714285714285714,0,0,2,0,8,10,0,0,0,3,1,0.0,0.0,18.0,90.0,False,6,3,0,1,0.5,False,3,3,3,0,0,0,0.0,False,3,0,0.0,3,0,0,False,0,7,0.0,3,False,2.0
False,False,False,False,False,False,False,False,False,False,False,False,False,False,False,False,False,False,False,False,False,False,True,True,False,0,0,5,6,6,0,0,1,0,30,3,1,1.0,0,1,0.0333333333333333,0,0,0,0,5,0,0,0,0,2,1,0.0,0.0,5.0,12.5,False,12,6,0,1,0.5,False,0,6,6,0,0,6,1.0,False,6,0,0.0,6,0,6,False,0,9,0.0,6,False,1.0
False,False,False,False,False,False,False,False,False,False,False,False,False,False,True,False,False,False,False,False,False,True,True,True,False,0,2,65,2,0,0,0,1,0,27,13,1,1.0,0,2,0.074074074074074,0,0,2,0,33,34,0,2,0,7,3,0.0,0.0,75.0,608.5714285714286,True,2,0,0,0,0.0,False,0,2,2,0,0,0,0.0,False,0,2,0.0,2,0,0,False,0,1,0.0,1,False,
False,False,False,False,False,False,False,False,False,False,False,False,False,False,False,False,False,False,False,False,False,False,True,False,False,0,0,2,0,0,0,0,0,0,0,1,0,0.0,0,0,0.0,0,0,0,0,2,0,0,0,0,1,1,0.0,0.0,2.0,4.0,False,0,0,0,0,0.0,False,0,0,0,0,0,0,0.0,False,0,0,0.0,0,0,0,False,0,0,0.0,0,False,0.0
False,False,False,False,False,False,False,False,False,False,False,False,False,False,False,True,False,False,False,False,False,False,True,False,False,0,1,2,2,0,0,0,1,0,15,1,1,1.0,0,5,0.3333333333333333,1,0,0,0,3,0,0,1,0,2,2,0.0,0.0,7.0,10.5,False,4,2,0,1,0.5,False,1,2,2,0,0,0,0.0,False,2,0,0.0,2,0,0,False,0,2,0.0,1,False,1.0
False,False,False,False,False,False,False,False,False,False,False,False,False,False,True,False,False,False,False,False,False,True,True,True,False,0,2,61,2,0,0,0,1,0,9,10,1,1.0,0,1,0.1111111111111111,1,0,2,0,32,31,0,2,0,5,3,0.0,0.0,71.0,762.54,True,4,2,0,1,0.5,False,1,2,2,1,0,0,0.0,True,1,1,0.5,1,0,0,False,0,2,0.0,1,False,
False,False,True,True,False,False,True,False,False,False,False,False,False,False,False,False,False,False,False,False,False,False,True,False,False,0,0,9,10,5,7,0,3,1,145,1,1,1.2,0,27,0.1862068965517241,2,0,0,0,3,6,0,0,0,5,4,0.0,0.0,9.0,12.96,True,56,47,0,16,0.8392857142857143,False,3,12,10,16,1,5,0.238095238095238,False,8,2,1.6,7,7,6,True,1,19,6.0,6,False,2.0
False,False,False,False,False,False,False,False,False,False,False,False,False,False,False,False,False,False,False,False,False,False,True,True,False,0,0,11,3,0,0,0,3,0,17,8,1,1.6666666666666667,0,1,0.0588235294117647,0,0,2,0,8,3,0,0,0,3,1,0.0,0.0,11.0,37.03333333333333,False,10,8,0,3,0.8,False,0,5,3,5,2,0,0.0,True,1,2,1.6666666666666667,1,0,0,False,0,3,0.0,1,False,1.0
False,False,False,True,False,False,True,False,False,False,False,False,False,False,True,False,False,False,False,False,False,True,True,True,False,0,1,704,0,0,0,0,0,0,0,1,0,0.0,0,0,0.0,0,0,0,0,447,258,0,1,0,9,5,0.0,0.0,709.0,49440.93333333333,True,0,0,0,0,0.0,False,0,0,0,0,0,0,0.0,False,0,0,0.0,0,0,0,False,0,0,0.0,0,False,
False,False,False,False,False,False,False,False,False,False,False,False,False,False,True,False,False,False,False,False,False,True,True,False,False,0,2,53,3,3,1,0,3,0,30,6,1,1.6666666666666667,0,7,0.2333333333333333,0,3,0,0,24,31,0,2,0,5,3,0.0,0.0,63.0,575.8199999999999,True,12,10,0,4,0.8333333333333334,False,2,5,3,6,1,3,0.3333333333333333,False,3,0,2.0,3,1,3,True,3,3,1.0,3,False,
False,False,True,True,False,False,True,False,False,False,False,False,False,False,True,False,False,False,False,False,True,True,True,True,False,1,14,865,1,0,0,0,1,0,18,37,1,1.0,0,3,0.1666666666666666,0,0,3,0,485,395,0,15,0,14,6,0.0,0.0,945.0,51401.25,True,2,1,0,1,0.5,False,1,1,1,2,0,0,0.0,True,0,1,2.0,1,0,0,False,0,3,0.0,1,False,
False,False,False,False,False,True,True,False,False,False,False,False,False,False,True,False,False,False,False,False,False,False,True,True,False,0,0,19,0,0,0,0,0,0,0,1,0,0.0,0,0,0.0,0,0,0,0,14,5,0,0,0,6,3,0.0,0.0,19.0,55.41666666666666,True,0,0,0,0,0.0,False,0,0,0,0,0,0,0.0,False,0,0,0.0,0,0,0,False,0,0,0.0,0,False,2.0
False,False,False,False,False,False,False,False,False,False,False,False,False,False,False,False,False,False,False,False,False,False,True,True,False,0,0,15,4,0,2,0,1,0,19,12,1,1.0,0,3,0.1578947368421052,0,0,3,0,12,3,0,0,0,3,1,0.0,0.0,15.0,70.5,False,12,8,0,2,0.6666666666666666,False,0,4,4,7,1,0,0.0,True,3,1,1.75,5,2,0,True,0,4,0.0,2,False,2.0
False,False,False,False,False,False,False,False,False,False,False,False,False,False,False,False,False,False,False,False,False,False,True,True,False,0,0,16,3,0,1,0,3,0,20,12,1,1.6666666666666667,0,4,0.2,0,0,3,0,12,4,0,0,0,3,1,0.0,0.0,16.0,78.93333333333334,False,10,8,0,3,0.8,False,0,5,3,6,1,0,0.0,True,2,1,2.0,5,1,0,True,0,3,0.0,2,False,2.0
False,False,False,False,False,False,False,False,False,False,False,False,False,False,False,False,False,False,False,False,False,False,True,True,False,0,0,15,0,0,0,0,0,0,0,1,0,0.0,0,0,0.0,0,0,0,0,12,3,0,0,0,3,1,0.0,0.0,15.0,70.5,False,0,0,0,0,0.0,False,0,0,0,0,0,0,0.0,False,0,0,0.0,0,0,0,False,0,0,0.0,0,False,2.0
False,False,False,False,False,False,False,False,False,False,False,False,False,False,False,False,False,False,False,False,False,False,True,True,False,0,0,11,2,0,0,0,1,0,11,6,1,1.0,0,3,0.2727272727272727,0,0,3,0,8,3,0,0,0,3,1,0.0,0.0,11.0,37.03333333333333,False,3,1,0,1,0.3333333333333333,False,0,2,2,1,1,0,0.0,False,1,1,0.5,2,0,0,False,0,2,0.0,1,False,1.0
False,False,False,False,False,False,False,False,False,False,False,False,False,False,False,False,False,False,False,False,False,False,True,False,False,0,0,6,0,0,0,0,0,0,0,1,0,0.0,0,0,0.0,0,0,0,0,4,2,0,0,0,2,1,0.0,0.0,6.0,16.2,False,0,0,0,0,0.0,False,0,0,0,0,0,0,0.0,False,0,0,0.0,0,0,0,False,0,0,0.0,0,False,1.0
False,False,False,False,False,False,False,False,False,False,False,False,False,False,True,False,False,False,False,False,False,False,True,False,False,0,0,33,1,4,0,0,6,0,12,6,1,6.0,0,4,0.3333333333333333,0,1,1,0,17,16,0,0,0,3,2,0.0,0.0,33.0,310.2,True,13,14,1,9,1.0769230769230769,False,1,6,1,2,1,4,0.6666666666666666,False,1,0,2.0,2,0,1,False,1,1,1.0,1,False,
False,False,False,False,False,False,False,False,False,False,False,False,False,False,False,False,False,False,False,False,False,False,True,True,False,0,0,14,2,0,5,0,1,0,22,10,1,1.0,0,2,0.0909090909090909,0,0,4,0,9,5,0,0,0,3,1,0.0,0.0,14.0,58.333333333333336,False,15,13,0,9,0.8666666666666667,False,0,2,2,2,1,0,0.0,False,1,1,1.0,3,5,0,True,0,0,0.0,0,False,2.0
False,False,False,False,False,False,False,False,False,False,False,False,False,False,False,False,False,False,False,False,False,False,True,True,False,0,0,11,1,0,0,0,1,0,9,8,1,1.0,0,2,0.2222222222222222,0,0,2,0,8,3,0,0,0,3,1,0.0,0.0,11.0,37.03333333333333,False,3,2,0,2,0.6666666666666666,False,0,1,1,2,1,0,0.0,True,1,0,2.0,1,0,0,False,0,1,0.0,1,False,1.0
False,False,False,False,False,False,False,False,False,False,False,False,False,False,False,False,False,False,False,False,False,False,True,True,False,0,0,7,0,0,0,0,0,0,5,5,1,0.0,0,2,0.4,0,0,3,0,7,0,0,0,0,2,1,0.0,0.0,7.0,24.5,False,0,0,0,0,0.0,False,0,0,0,0,0,0,0.0,False,0,0,0.0,0,0,0,False,0,0,0.0,0,False,1.0
False,False,False,False,False,False,False,False,False,False,False,False,False,False,False,False,False,False,False,False,False,False,True,False,False,0,0,3,2,0,1,0,2,0,18,1,1,1.5,0,10,0.5555555555555556,0,0,0,0,2,1,0,0,0,2,1,0.0,0.0,3.0,4.05,False,6,4,0,3,0.6666666666666666,False,2,3,2,1,0,0,0.0,False,0,2,0.5,2,1,0,True,0,1,0.0,1,False,0.0
False,False,False,False,False,False,False,False,False,False,False,False,False,False,False,False,False,False,False,False,False,False,True,False,False,0,0,2,6,0,0,0,1,0,50,1,1,1.0,0,38,0.76,0,0,0,0,2,0,0,0,0,1,1,0.0,0.0,2.0,4.0,False,0,0,0,0,0.0,False,0,0,6,0,0,0,0.0,False,6,0,0.0,6,0,0,False,0,12,0.0,6,False,0.0
False,False,False,False,False,False,False,False,False,False,False,False,False,False,False,False,False,False,False,False,False,False,True,True,False,0,0,11,15,0,3,0,7,0,201,8,1,2.8666666666666667,0,81,0.4029850746268656,0,0,2,0,7,4,0,0,0,3,1,0.0,0.0,11.0,35.93333333333333,False,81,80,0,6,0.9876543209876544,False,8,43,15,27,3,0,0.0,True,8,7,1.8,11,3,4,True,0,45,0.0,15,False,1.0
False,False,False,False,False,False,False,False,False,False,False,False,False,False,False,False,False,False,False,False,False,False,True,True,False,0,0,4,9,0,0,0,1,0,121,2,1,1.0,0,105,0.8677685950413223,0,0,1,0,4,0,0,0,0,2,1,0.0,0.0,4.0,8.0,False,0,0,0,0,0.0,False,0,0,9,0,0,0,0.0,False,9,0,0.0,8,0,0,False,0,19,0.0,9,False,1.0
False,False,False,False,False,False,False,False,False,False,False,False,False,False,False,False,False,False,False,False,False,False,True,False,False,0,0,2,1,0,0,0,1,0,26,1,1,1.0,0,17,0.6538461538461539,0,0,0,0,2,0,0,0,0,1,1,0.0,0.0,2.0,4.0,False,0,0,0,0,0.0,False,0,0,1,0,0,0,0.0,False,1,0,0.0,1,0,0,False,0,4,0.0,1,False,0.0
False,False,False,False,False,False,False,False,False,False,False,False,False,False,False,False,False,False,False,False,False,False,True,False,False,0,0,2,6,0,0,0,1,0,70,1,1,1.0,0,59,0.8428571428571429,0,0,0,0,2,0,0,0,0,1,1,0.0,0.0,2.0,4.0,False,0,0,0,0,0.0,False,0,0,6,0,0,0,0.0,False,6,0,0.0,6,0,0,False,0,10,0.0,5,False,0.0
False,False,False,False,False,False,False,False,False,False,False,False,False,False,False,False,False,False,False,False,False,False,True,True,False,0,0,11,17,0,5,0,7,0,280,7,1,2.411764705882353,0,160,0.5714285714285714,0,0,1,0,7,4,0,0,0,3,1,0.0,0.0,11.0,35.93333333333333,False,81,76,0,7,0.9382716049382716,False,9,41,17,21,3,0,0.0,True,9,8,1.2352941176470589,14,5,3,True,0,32,0.0,13,False,1.0
False,False,False,False,False,False,False,False,False,False,False,False,False,False,False,False,False,False,False,False,False,False,True,True,False,0,0,4,6,0,0,0,1,0,111,2,1,1.0,0,82,0.7387387387387387,0,0,1,0,4,0,0,0,0,2,1,0.0,0.0,4.0,8.0,False,0,0,0,0,0.0,False,0,0,6,0,0,0,0.0,False,6,0,0.0,6,0,0,False,0,18,0.0,6,False,1.0
False,False,False,False,False,False,False,False,False,False,False,False,False,False,False,False,False,False,False,False,False,False,True,True,False,0,0,4,2,0,0,0,1,0,55,2,1,1.0,0,37,0.6727272727272727,0,0,1,0,4,0,0,0,0,2,1,0.0,0.0,4.0,8.0,False,0,0,0,0,0.0,False,0,0,2,0,0,0,0.0,False,2,0,0.0,2,0,0,False,0,10,0.0,2,False,1.0
False,False,False,False,False,False,False,False,False,False,False,False,False,False,False,False,False,False,False,False,False,False,True,True,False,0,0,10,7,0,2,0,5,0,119,4,1,2.4285714285714284,0,58,0.4873949579831932,0,0,2,0,6,4,0,0,0,3,1,0.0,0.0,10.0,29.333333333333336,False,36,34,0,7,0.9444444444444444,False,3,17,7,9,1,0,0.0,True,2,5,1.2857142857142858,8,2,3,True,0,9,0.0,5,False,1.0
False,False,False,False,False,False,False,False,False,False,False,False,False,False,False,False,False,False,False,False,False,False,True,True,False,0,0,12,2,0,1,0,5,0,29,9,1,3.0,0,9,0.3103448275862069,0,0,3,0,8,4,0,0,0,3,1,0.0,0.0,12.0,43.2,False,10,10,0,5,1.0,False,1,6,2,1,0,0,0.0,True,1,1,0.5,1,1,1,True,0,5,0.0,2,False,1.0
False,False,False,False,False,False,False,False,False,False,False,False,False,False,False,False,False,False,False,False,False,False,True,True,False,0,0,15,6,0,1,0,1,0,61,9,1,1.0,0,26,0.4262295081967213,0,0,3,0,8,7,0,0,0,3,1,0.0,0.0,15.0,64.5,False,15,9,0,2,0.6,False,3,6,6,0,0,0,0.0,False,3,3,0.0,6,1,3,True,0,9,0.0,6,False,2.0
False,False,False,False,False,False,False,False,False,False,False,False,False,False,False,False,False,False,False,False,False,False,True,True,False,0,0,14,4,0,2,0,1,0,42,9,1,1.0,0,19,0.4523809523809524,0,0,3,0,8,6,0,0,0,3,1,0.0,0.0,14.0,56.93333333333334,False,10,6,0,2,0.6,False,2,4,4,0,0,0,0.0,False,2,2,0.0,4,2,2,True,0,4,0.0,3,False,2.0
False,False,False,False,False,False,False,False,False,False,False,False,False,False,True,False,False,False,False,False,False,False,True,True,False,0,0,7,1,3,0,0,7,0,47,5,1,7.0,0,19,0.4042553191489361,0,0,0,0,6,1,0,0,0,4,2,0.0,0.0,7.0,11.725,False,15,19,0,7,1.2666666666666666,False,0,7,1,4,0,3,0.4285714285714285,False,0,1,4.0,4,0,1,False,0,5,0.0,1,False,1.0
False,False,False,False,False,False,False,False,False,False,False,False,False,False,False,False,False,False,False,False,False,False,True,True,False,0,0,4,1,0,0,0,1,0,23,2,1,1.0,0,16,0.6956521739130435,0,0,1,0,4,0,0,0,0,2,1,0.0,0.0,4.0,8.0,False,2,1,0,1,0.5,False,1,1,1,0,0,0,0.0,False,1,0,0.0,1,0,0,False,0,4,0.0,1,False,1.0
False,False,False,False,False,False,False,False,False,False,False,False,False,False,False,False,False,False,False,False,False,False,True,True,False,0,0,5,3,0,0,0,1,0,24,3,1,1.0,0,17,0.7083333333333334,0,0,2,0,5,0,0,0,0,2,1,0.0,0.0,5.0,12.5,False,0,0,0,0,0.0,False,0,0,3,0,0,0,0.0,False,3,0,0.0,3,0,0,False,0,3,0.0,2,False,1.0
False,False,False,False,False,False,False,False,False,False,False,False,False,False,False,False,False,False,False,False,False,False,True,True,False,0,0,5,3,0,0,0,1,0,22,3,1,1.0,0,15,0.6818181818181818,0,0,2,0,5,0,0,0,0,2,1,0.0,0.0,5.0,12.5,False,0,0,0,0,0.0,False,0,0,3,0,0,0,0.0,False,3,0,0.0,3,0,0,False,0,1,0.0,1,False,1.0
False,False,False,False,False,False,False,False,False,False,False,False,False,False,True,False,False,False,False,False,False,False,True,True,False,0,0,24,13,5,0,0,7,0,260,4,1,3.769230769230769,0,129,0.4961538461538461,0,0,0,0,11,13,0,0,0,4,2,0.0,0.0,24.0,120.6,True,107,112,0,14,1.0467289719626167,False,2,49,13,41,0,5,0.108695652173913,False,0,13,3.1538461538461537,10,0,5,False,3,49,1.6666666666666667,13,False,2.0
False,False,False,False,False,False,False,False,False,False,False,False,False,False,True,False,False,False,False,False,False,False,True,True,False,0,0,9,2,2,0,0,7,0,87,3,1,7.0,0,33,0.3793103448275862,0,0,0,0,7,2,0,0,0,4,2,0.0,0.0,9.0,18.9,False,32,36,0,8,1.125,False,0,14,2,8,0,2,0.2,False,0,2,4.0,5,0,2,False,1,9,2.0,2,False,1.0
False,False,False,False,False,False,False,False,False,False,False,False,False,False,False,False,False,False,False,False,False,False,True,True,False,0,0,12,3,0,1,0,5,0,45,8,1,3.0,0,19,0.4222222222222222,0,0,2,0,8,4,0,0,0,3,1,0.0,0.0,12.0,43.2,False,16,16,0,6,1.0,False,1,9,3,5,0,0,0.0,True,1,2,1.6666666666666667,4,1,1,True,0,4,0.0,2,False,1.0
False,False,False,False,False,False,False,False,False,False,False,False,False,False,True,False,False,False,False,False,False,False,True,True,False,0,0,28,6,4,1,0,5,0,79,11,1,2.333333333333333,0,31,0.3924050632911392,0,2,2,0,16,12,0,0,0,4,2,0.0,0.0,28.0,170.8,True,35,33,0,8,0.9428571428571428,False,6,14,6,11,1,4,0.2666666666666666,True,4,2,1.8333333333333333,8,1,4,True,2,6,2.0,4,False,
False,False,False,False,False,False,False,False,False,False,False,False,False,False,False,False,False,False,False,False,False,False,True,True,False,0,0,11,2,0,0,0,1,0,35,8,1,1.0,0,23,0.6571428571428571,0,0,2,0,8,3,0,0,0,3,1,0.0,0.0,11.0,37.03333333333333,False,5,3,0,2,0.6,False,0,2,2,5,1,0,0.0,False,2,0,2.5,3,0,0,False,0,3,0.0,2,False,1.0
False,False,False,False,False,False,False,False,False,False,False,False,False,False,False,False,False,False,False,False,False,False,True,True,False,0,0,4,3,0,0,0,1,0,21,2,1,1.0,0,14,0.6666666666666666,0,0,1,0,4,0,0,0,0,2,1,0.0,0.0,4.0,8.0,False,0,0,0,0,0.0,False,0,0,3,0,0,0,0.0,False,3,0,0.0,3,0,0,False,0,0,0.0,0,False,1.0
False,False,False,False,False,True,True,False,False,False,False,False,False,False,False,False,False,False,False,False,False,False,True,True,False,0,0,14,6,1,1,0,7,0,119,10,1,2.5,0,70,0.5882352941176471,0,0,1,0,10,4,0,0,0,5,2,0.0,0.0,14.0,35.84,False,32,30,0,13,0.9375,False,6,15,6,14,2,1,0.0666666666666666,False,3,3,2.333333333333333,12,1,1,True,1,9,1.0,4,False,2.0
False,False,False,False,False,False,False,False,False,False,False,False,False,False,True,False,False,False,False,False,False,False,True,True,False,0,0,22,7,3,0,0,3,0,123,14,1,1.8571428571428568,0,75,0.6097560975609756,0,3,2,0,18,4,0,0,0,4,2,0.0,0.0,22.0,114.4,True,26,22,0,4,0.8461538461538461,False,7,13,7,14,1,3,0.1764705882352941,True,7,0,2.0,8,0,3,False,3,18,1.0,7,False,2.0
False,False,False,False,False,False,False,False,False,False,False,False,False,False,False,False,False,False,False,False,False,False,True,False,False,0,0,3,3,0,0,0,1,0,86,1,1,1.0,0,72,0.8372093023255814,0,0,0,0,3,0,0,0,0,2,1,0.0,0.0,3.0,4.5,False,0,0,0,0,0.0,False,0,0,3,0,0,0,0.0,False,3,0,0.0,3,0,0,False,0,8,0.0,2,False,0.0
False,False,False,False,False,False,False,False,False,False,False,False,False,False,False,False,False,False,False,False,False,False,True,True,False,0,0,16,1,0,0,0,1,0,30,9,1,1.0,0,22,0.7333333333333333,0,0,2,0,9,7,0,0,0,3,1,0.0,0.0,16.0,74.13333333333333,False,3,2,0,2,0.6666666666666666,False,0,1,1,2,0,0,0.0,True,0,1,2.0,1,0,0,False,0,3,0.0,1,False,2.0
False,False,False,False,False,False,False,False,False,False,False,False,False,False,True,False,False,False,False,False,False,False,True,True,False,0,0,10,2,6,0,0,7,0,84,6,1,7.0,0,29,0.3452380952380952,0,0,0,0,8,2,0,0,0,4,2,0.0,0.0,10.0,23.5,False,30,38,0,7,1.2666666666666666,False,0,14,2,8,0,6,0.4285714285714285,False,0,2,4.0,4,0,2,False,0,12,0.0,2,False,1.0
False,False,False,False,False,False,False,False,False,False,False,False,False,False,False,False,False,False,False,False,False,False,True,True,False,0,0,6,3,0,0,0,1,0,37,4,1,1.0,0,11,0.2972972972972973,0,0,2,0,6,0,0,0,0,2,1,0.0,0.0,6.0,18.0,False,6,3,0,1,0.5,False,3,3,3,2,1,0,0.0,True,3,0,0.6666666666666666,3,0,0,False,0,11,0.0,3,False,1.0
False,False,False,False,False,False,False,False,False,False,False,False,False,False,False,False,False,False,False,False,False,False,True,True,False,0,0,5,1,0,0,0,1,0,17,3,1,1.0,0,12,0.7058823529411765,0,0,2,0,5,0,0,0,0,2,1,0.0,0.0,5.0,12.5,False,0,0,0,0,0.0,False,0,0,1,0,0,0,0.0,False,1,0,0.0,1,0,0,False,0,1,0.0,1,False,1.0
False,False,False,False,False,False,False,False,False,False,False,False,False,False,False,False,False,False,False,False,False,False,True,False,False,0,0,6,4,0,0,0,3,0,55,1,1,1.5,0,27,0.4909090909090909,0,0,0,0,2,4,0,0,0,2,1,0.0,0.0,6.0,14.4,False,17,14,0,3,0.8235294117647058,False,1,6,4,2,0,0,0.0,False,0,4,0.5,3,0,0,False,0,9,0.0,4,False,1.0
False,False,False,False,False,False,False,False,False,False,False,False,False,False,True,False,False,False,False,False,False,False,True,False,False,0,0,22,17,7,0,0,3,0,218,2,1,2.647058823529412,0,109,0.5,0,7,0,0,4,18,0,0,0,3,2,0.0,0.0,22.0,121.73333333333332,True,107,97,0,8,0.9065420560747663,False,19,45,17,10,0,7,0.4117647058823529,False,0,17,0.5882352941176471,7,0,7,False,0,23,0.0,17,False,2.0
False,False,False,False,False,False,False,False,False,False,False,False,False,False,True,False,False,False,False,False,False,False,True,False,False,1,9,172,48,20,0,0,6,0,746,4,1,3.0,0,249,0.3337801608579088,0,12,0,0,21,161,0,10,0,6,2,0.0,0.0,227.0,5058.316666666667,True,340,324,16,11,0.9529411764705882,True,68,144,48,60,0,20,0.25,False,0,48,1.25,5,0,16,False,0,108,0.0,48,False,
False,False,False,False,False,False,False,False,False,False,False,False,False,False,False,False,False,False,False,False,False,False,True,False,False,0,0,2,1,0,0,0,1,0,23,1,1,1.0,0,19,0.8260869565217391,0,0,0,0,2,0,0,0,0,1,1,0.0,0.0,2.0,4.0,False,0,0,0,0,0.0,False,0,0,1,0,0,0,0.0,False,1,0,0.0,1,0,0,False,0,1,0.0,1,False,0.0
False,False,False,False,False,False,False,False,False,False,False,False,False,False,False,False,False,False,False,False,False,False,True,True,False,0,0,4,1,0,0,0,1,0,22,2,1,1.0,0,15,0.6818181818181818,0,0,1,0,4,0,0,0,0,2,1,0.0,0.0,4.0,8.0,False,2,1,0,1,0.5,False,1,1,1,1,1,0,0.0,False,1,0,1.0,1,0,0,False,0,1,0.0,1,False,1.0
False,False,False,False,False,False,False,False,False,False,False,False,False,False,True,False,False,False,False,False,False,False,True,True,False,0,0,11,7,1,1,0,8,0,128,2,1,2.857142857142857,0,70,0.546875,0,0,0,0,5,6,0,0,0,4,2,0.0,0.0,11.0,25.3,False,47,43,2,8,0.9148936170212766,False,8,20,7,14,0,1,0.0666666666666666,False,0,7,2.0,6,1,1,True,0,11,0.0,6,False,1.0
False,False,True,False,False,False,False,False,False,False,False,False,False,False,True,False,False,False,False,False,False,True,True,False,False,1,10,130,9,10,0,0,3,0,118,4,1,1.3333333333333333,0,68,0.576271186440678,0,6,0,0,17,124,0,11,0,8,4,0.0,0.0,190.0,2465.25,True,33,25,0,6,0.7575757575757576,False,10,12,9,4,0,10,0.7142857142857143,False,0,9,0.4444444444444444,7,0,6,False,0,12,0.0,7,False,
False,False,False,False,False,False,False,False,False,False,False,False,False,False,True,False,False,False,False,False,False,False,True,False,False,0,0,22,16,8,0,0,16,0,483,2,1,5.5,4,248,0.5134575569358178,0,4,0,0,4,18,0,0,0,3,2,0.0,0.0,22.0,121.73333333333332,True,192,204,28,20,1.0625,True,24,88,16,12,0,8,0.4,False,0,16,0.75,3,0,6,False,0,56,0.0,16,False,2.0
False,False,False,False,False,False,False,False,False,False,False,False,False,False,True,False,False,False,False,False,False,False,True,False,False,0,0,5,2,0,0,0,2,0,28,1,1,1.5,0,15,0.5357142857142857,0,0,0,0,3,2,0,0,0,3,2,0.0,0.0,5.0,7.333333333333334,False,10,8,0,5,0.8,False,2,3,2,3,0,0,0.0,False,0,2,1.5,2,0,0,False,0,4,0.0,2,False,1.0
False,False,False,False,False,False,False,False,False,False,False,False,False,False,True,False,False,False,False,False,False,False,True,False,False,1,9,147,16,5,8,0,10,0,379,5,1,2.9375,0,149,0.3931398416886543,0,4,0,0,23,134,0,10,0,6,2,0.0,0.0,202.0,3932.2666666666655,True,220,212,6,40,0.9636363636363636,True,17,47,16,37,0,5,0.119047619047619,False,0,16,2.3125,10,8,4,True,0,51,0.0,15,False,
False,False,False,False,False,False,False,False,False,False,False,False,False,False,True,False,False,False,False,False,False,False,True,False,False,0,0,17,11,0,0,0,9,0,266,1,1,3.0,0,119,0.4473684210526316,0,0,0,0,6,11,0,0,0,3,2,0.0,0.0,17.0,77.63333333333333,False,118,114,0,10,0.9661016949152542,False,13,33,11,23,0,0,0.0,True,0,11,2.090909090909091,7,0,0,False,0,26,0.0,11,False,2.0
False,False,False,False,False,False,False,False,False,False,False,False,False,False,True,False,False,False,False,False,False,False,True,False,False,1,9,128,3,2,0,0,19,0,142,4,1,7.0,1,79,0.5563380281690141,0,2,0,0,18,120,0,10,0,6,2,0.0,0.0,183.0,3111.0,True,50,51,2,23,1.02,True,6,21,3,4,0,2,0.3333333333333333,True,0,3,1.3333333333333333,2,0,1,False,0,10,0.0,3,False,
False,False,False,False,False,False,False,False,False,False,False,False,False,False,True,False,False,False,False,False,False,False,True,False,False,0,0,68,65,0,0,0,3,0,1092,1,1,2.9692307692307693,0,696,0.6373626373626373,0,0,0,0,3,65,0,0,0,3,2,0.0,0.0,68.0,1099.3333333333337,True,324,323,0,3,0.9969135802469136,False,33,193,65,64,0,0,0.0,False,0,65,0.9846153846153848,5,0,0,False,0,65,0.0,65,False,
False,False,False,False,False,False,False,False,False,False,False,False,False,False,True,False,False,False,False,False,False,False,True,False,False,0,0,74,5,1,0,0,1,0,60,2,1,1.0,0,35,0.5833333333333334,0,1,0,0,4,70,0,0,0,3,2,0.0,0.0,74.0,1307.3333333333337,True,12,7,0,2,0.5833333333333334,False,5,5,5,2,0,1,0.3333333333333333,False,0,5,0.4,3,0,1,False,0,10,0.0,5,False,
False,False,False,False,False,False,False,False,False,False,False,False,False,False,True,False,False,False,False,False,False,False,True,False,False,1,9,119,36,31,0,0,17,0,693,3,1,2.611111111111111,2,339,0.4891774891774891,0,19,0,0,16,113,0,10,0,6,2,0.0,0.0,174.0,2757.9,True,289,274,2,29,0.9480968858131488,False,33,94,36,45,0,31,0.4078947368421052,True,0,36,1.25,17,0,20,False,0,76,0.0,36,False,
False,False,False,False,False,False,False,False,False,False,False,False,False,False,True,False,False,False,False,False,False,False,True,True,False,1,9,133,1,1,0,0,5,0,26,7,1,5.0,0,9,0.3461538461538461,0,1,1,0,26,117,0,10,0,7,2,0.0,0.0,188.0,2897.885714285714,True,11,11,0,7,1.0,False,2,5,1,0,0,1,1.0,False,1,0,0.0,1,0,1,False,0,3,0.0,1,False,
False,False,False,False,False,False,False,False,False,False,False,False,False,False,True,False,False,False,False,False,False,False,True,True,False,1,9,119,1,3,0,0,2,0,20,6,1,2.0,0,8,0.4,0,1,1,0,21,108,0,10,0,7,2,0.0,0.0,174.0,2401.2,True,7,6,0,5,0.8571428571428571,False,2,2,1,2,1,3,0.6,False,1,0,2.0,2,0,1,False,0,3,0.0,1,False,
False,False,False,False,False,False,False,False,False,False,False,False,False,False,True,False,False,False,False,False,False,True,True,False,False,0,1,21,4,1,1,0,1,0,49,3,1,1.0,0,27,0.5510204081632653,0,1,1,0,8,14,0,1,0,4,3,0.0,0.0,26.0,115.7,True,11,7,0,4,0.6363636363636364,False,2,4,4,2,0,1,0.3333333333333333,False,1,3,0.5,2,1,2,True,1,4,2.0,3,False,2.0
False,False,False,False,False,False,False,False,False,False,False,False,False,False,True,False,False,False,False,False,False,False,True,False,False,1,9,151,4,2,2,0,3,0,56,7,1,2.0,0,27,0.4821428571428571,0,2,1,0,25,136,0,10,0,6,2,0.0,0.0,206.0,4126.866666666667,True,20,17,0,8,0.85,False,3,8,4,3,0,2,0.4,False,1,3,0.75,2,2,2,True,0,6,0.0,3,False,
False,False,False,False,False,False,False,False,False,False,False,False,False,False,False,False,False,False,False,False,False,False,True,False,False,0,0,2,1,0,0,0,1,0,21,1,1,1.0,0,17,0.8095238095238095,0,0,0,0,2,0,0,0,0,1,1,0.0,0.0,2.0,4.0,False,0,0,0,0,0.0,False,0,0,1,0,0,0,0.0,False,0,1,0.0,1,0,0,False,0,2,0.0,1,False,0.0
False,False,False,False,False,False,False,False,False,False,False,False,False,False,True,False,False,False,False,False,False,True,True,False,False,0,1,20,1,1,0,0,1,0,22,3,1,1.0,0,10,0.4545454545454545,0,1,1,0,8,13,0,1,0,4,3,0.0,0.0,25.0,106.875,True,5,4,0,4,0.8,False,1,1,1,0,0,1,1.0,False,0,1,0.0,1,0,1,False,1,2,1.0,1,False,2.0
False,False,False,False,False,False,False,False,False,False,False,False,False,False,True,False,False,False,False,False,False,False,True,False,False,1,9,132,4,2,2,0,1,0,58,6,1,1.0,0,34,0.5862068965517241,0,1,1,0,20,122,0,10,0,6,2,0.0,0.0,187.0,3284.9666666666662,True,12,8,0,4,0.6666666666666666,False,2,4,4,3,0,2,0.4,False,1,3,0.75,3,2,2,True,0,6,0.0,3,False,
False,False,False,False,False,False,False,False,False,False,False,False,False,False,True,False,False,False,False,False,False,True,True,True,False,1,2,63,3,1,1,0,1,0,40,14,1,1.0,0,26,0.65,1,0,2,0,35,31,0,3,0,7,3,0.0,0.0,83.0,672.3,True,6,3,0,2,0.5,False,0,3,3,2,1,1,0.3333333333333333,True,2,1,0.6666666666666666,2,1,1,False,1,4,1.0,2,False,
False,False,False,False,False,False,False,False,False,False,False,False,False,False,True,False,False,False,False,False,False,True,True,True,False,1,2,63,4,4,1,0,5,0,109,14,1,2.0,0,75,0.6880733944954128,1,2,2,0,35,31,0,3,0,7,3,0.0,0.0,83.0,672.3,True,19,17,0,4,0.8947368421052632,False,1,8,4,7,1,4,0.3636363636363636,True,1,3,1.75,3,1,1,True,1,3,1.0,1,False,
False,False,False,False,False,False,False,False,False,False,False,False,False,False,True,False,False,False,False,False,False,True,True,True,False,0,2,60,8,4,2,2,3,0,134,9,1,1.75,0,86,0.6417910447761194,1,2,1,0,32,30,0,2,0,7,3,0.0,0.0,70.0,530.0,True,26,22,0,5,0.8461538461538461,False,1,13,8,8,2,4,0.3333333333333333,False,2,6,1.0,8,2,1,True,1,5,1.0,3,False,
False,False,False,False,False,False,False,False,False,False,False,False,False,False,True,False,False,False,False,False,False,False,True,False,False,0,0,9,7,0,1,3,5,0,218,1,1,1.8571428571428568,0,143,0.6559633027522935,0,0,0,0,3,6,0,0,0,3,2,0.0,0.0,9.0,21.6,False,25,21,0,6,0.84,False,3,13,7,7,0,0,0.0,False,0,7,1.0,4,1,0,True,0,0,0.0,0,False,1.0
False,False,False,False,False,False,False,False,False,False,False,False,False,False,True,False,False,False,False,False,False,True,True,True,False,0,2,59,3,2,0,0,3,0,56,9,1,1.6666666666666667,0,38,0.6785714285714286,1,2,1,0,31,30,0,2,0,5,3,0.0,0.0,69.0,717.6,True,9,7,0,3,0.7777777777777778,False,2,5,3,2,1,2,0.5,False,1,2,0.6666666666666666,3,0,1,False,1,2,1.0,1,False,
False,False,False,False,False,False,False,False,False,False,False,False,False,False,True,False,False,False,False,False,False,True,True,True,False,0,2,66,11,13,3,0,5,0,154,7,1,2.272727272727273,0,82,0.5324675324675324,0,8,0,0,28,40,0,2,0,5,3,0.0,0.0,76.0,851.1999999999999,True,49,45,0,6,0.9183673469387756,False,3,25,11,13,0,13,0.5,False,0,11,1.181818181818182,9,3,6,True,2,8,3.0,6,False,
False,False,False,False,False,False,False,False,False,False,False,False,False,False,False,False,False,False,False,False,False,False,True,True,False,0,0,9,4,0,1,0,3,0,61,4,1,1.5,0,37,0.6065573770491803,0,0,2,0,6,3,0,0,0,4,1,0.0,0.0,9.0,18.225,False,14,11,0,4,0.7857142857142857,False,1,6,4,6,2,0,0.0,True,3,1,1.5,4,1,1,True,0,4,0.0,3,False,1.0
False,False,False,False,False,False,False,False,False,False,False,False,False,False,False,False,False,False,False,False,False,False,True,False,False,0,0,2,1,0,0,0,1,0,14,1,1,1.0,0,10,0.7142857142857143,0,0,0,0,2,0,0,0,0,1,1,0.0,0.0,2.0,4.0,False,0,0,0,0,0.0,False,0,0,1,0,0,0,0.0,False,1,0,0.0,1,0,0,False,0,0,0.0,0,False,0.0
False,False,False,False,False,False,False,False,False,False,False,False,False,False,True,False,False,False,False,False,False,True,True,True,False,0,2,61,3,2,1,0,1,0,51,9,1,1.0,0,34,0.6666666666666666,1,1,1,0,31,32,0,2,0,6,3,0.0,0.0,71.0,631.8999999999999,True,7,4,0,2,0.5714285714285714,False,2,3,3,1,0,2,0.6666666666666666,False,1,2,0.3333333333333333,2,1,1,True,1,2,1.0,1,False,
False,False,False,False,False,False,False,False,False,False,False,False,False,False,False,False,False,False,False,False,False,False,True,False,False,0,0,5,14,0,0,0,1,0,70,1,1,1.0,0,8,0.1142857142857142,2,0,0,0,5,0,0,0,0,2,1,0.0,0.0,5.0,12.5,False,0,0,0,0,0.0,False,0,0,14,0,0,0,0.0,False,14,0,0.0,14,0,0,False,0,18,0.0,6,False,1.0
