id_x,contract_id,has_reentrancy,has_access_control_issues,has_timestamp_dependency,has_unchecked_call,has_reentrancy_unlimited,has_reentrancy_benign,has_reentrancy_events,has_unchecked_transfer,has_controlled_delegatecall,has_delegatecall_loop,has_uninitialized_state,has_uninitialized_storage,has_uninitialized_local,has_tx_origin,has_inline_assembly,has_locked_ether,has_msg_value_loop,has_shadowing_state,has_shadowing_builtin,has_shadowing_abstract,has_unused_state_vars,has_unused_return_values,has_incorrect_solc_version,has_floating_pragma,has_outdated_compiler,high_severity_count,medium_severity_count,low_severity_count,num_functions,num_external_calls,num_state_vars,num_modifiers,max_cyclomatic_complexity,num_low_level_calls,lines_of_code,num_contracts_in_file,num_dependencies,avg_function_complexity,num_functions_high_complexity,num_comments,comment_to_code_ratio,num_payable_functions,num_library_calls,inheritance_depth,num_unused_functions,high_confidence_detectors,medium_confidence_detectors,low_confidence_detectors,security_detectors_triggered,optimization_detectors_triggered,total_detector_hits,unique_vulnerability_types,detectors_per_function,detectors_per_loc,risk_score_simple,risk_score_weighted,is_high_risk,contract_complexity_category,cfg_num_nodes,cfg_num_edges,cfg_num_cycles,cfg_max_depth,cfg_avg_branching,cfg_has_complex_loops,cfg_num_exit_points,cfg_cyclomatic_total,cg_num_nodes,cg_num_edges,cg_max_call_depth,cg_num_external_calls,cg_external_call_ratio,cg_has_cyclic_calls,cg_num_public_entry_points,cg_num_internal_functions,cg_avg_calls_per_function,cg_num_leaf_functions,dfg_num_state_vars,dfg_num_tainted_flows,dfg_has_cross_function_flow,dfg_num_sensitive_sinks,dfg_num_external_sources,dfg_taint_to_sink_ratio,dfg_num_unvalidated_inputs,failure_reason,error_message,extracted_at,id_y,name,data_source,vulnerability_type,has_vulnerability
799,799,False,True,False,False,False,False,False,False,False,False,False,False,False,True,False,False,False,False,False,False,False,False,True,False,False,1,1,5,0,0,0,0,0,0,0,1,0,0.0,0,0,0.0,0,0,0,0,3,4,0,2,0,5,3,0.0,0.0,20.0,23.200000000000003,True,complex,0,0,0,0,0.0,False,0,0,0,0,0,0,0.0,False,0,0,0.0,0,0,0,False,0,0,0.0,0,,,2025-12-18 18:22:15.285033,799,phishable,smartbugs_curated,access_control,True
800,800,True,True,True,True,False,False,True,False,False,False,True,False,True,False,True,False,False,False,False,False,True,False,True,False,False,3,3,66,0,0,0,0,0,0,0,1,0,0.0,0,0,0.0,0,0,0,0,74,7,0,6,0,17,8,0.0,0.0,111.0,515.1705882352942,True,critical,0,0,0,0,0.0,False,0,0,0,0,0,0,0.0,False,0,0,0.0,0,0,0,False,0,0,0.0,0,,,2025-12-18 18:22:15.941071,800,parity_wallet_bug_1,smartbugs_curated,access_control,True
801,801,False,False,False,False,False,False,False,False,False,False,False,False,False,False,False,False,False,False,False,False,False,False,True,False,False,1,1,6,0,0,0,0,0,0,0,1,0,0.0,0,0,0.0,0,0,0,0,7,1,0,2,0,4,1,0.0,0.0,21.0,40.425,True,moderate,0,0,0,0,0.0,False,0,0,0,0,0,0,0.0,False,0,0,0.0,0,0,0,False,0,0,0.0,0,,,2025-12-18 18:22:16.268753,801,arbitrary_location_write_simple,smartbugs_curated,access_control,True
802,802,False,False,False,False,True,False,False,False,False,False,False,False,False,False,False,False,False,False,False,False,False,False,True,False,False,0,0,4,0,0,0,0,0,0,0,1,0,0.0,0,0,0.0,0,0,0,0,2,2,0,0,1,3,2,0.0,0.0,4.0,4.533333333333333,False,moderate,0,0,0,0,0.0,False,0,0,0,0,0,0,0.0,False,0,0,0.0,0,0,0,False,0,0,0.0,0,,,2025-12-18 18:22:16.590312,802,wallet_03_wrong_constructor,smartbugs_curated,access_control,True
803,803,False,False,False,True,True,False,False,False,False,False,False,False,False,False,False,False,False,False,False,False,False,False,True,False,False,1,5,25,0,0,0,0,0,0,0,1,0,0.0,0,0,0.0,0,0,0,0,15,16,0,6,4,11,4,0.0,0.0,60.0,142.9090909090909,True,critical,0,0,0,0,0.0,False,0,0,0,0,0,0,0.0,False,0,0,0.0,0,0,0,False,0,0,0.0,0,,,2025-12-18 18:22:16.982943,803,rubixi,smartbugs_curated,access_control,True
804,804,False,True,False,False,False,False,False,False,False,False,False,False,False,True,False,False,False,False,False,False,False,False,True,False,False,1,1,3,0,0,0,0,0,0,0,1,0,0.0,0,0,0.0,0,0,0,0,2,3,0,2,0,4,3,0.0,0.0,18.0,18.45,True,moderate,0,0,0,0,0.0,False,0,0,0,0,0,0,0.0,False,0,0,0.0,0,0,0,False,0,0,0.0,0,,,2025-12-18 18:22:17.313257,804,mycontract,smartbugs_curated,access_control,True
805,805,False,False,False,False,True,False,False,False,False,False,False,False,False,False,False,False,False,False,False,False,False,False,True,False,False,0,0,4,0,0,0,0,0,0,0,1,0,0.0,0,0,0.0,0,0,0,0,2,2,0,0,1,3,2,0.0,0.0,4.0,4.533333333333333,False,moderate,0,0,0,0,0.0,False,0,0,0,0,0,0,0.0,False,0,0,0.0,0,0,0,False,0,0,0.0,0,,,2025-12-18 18:22:17.657372,805,wallet_02_refund_nosub,smartbugs_curated,access_control,True
806,806,False,False,False,False,False,False,False,False,False,False,False,False,False,False,False,False,False,False,False,False,False,False,True,False,False,0,0,3,0,0,0,0,0,0,0,1,0,0.0,0,0,0.0,0,0,0,0,3,0,0,0,0,2,1,0.0,0.0,3.0,4.5,False,simple,0,0,0,0,0.0,False,0,0,0,0,0,0,0.0,False,0,0,0.0,0,0,0,False,0,0,0.0,0,,,2025-12-18 18:22:17.967572,806,incorrect_constructor_name1,smartbugs_curated,access_control,True
807,807,False,False,False,False,True,False,False,False,False,False,False,False,False,False,False,False,False,False,False,False,False,False,True,False,False,0,0,4,0,0,0,0,0,0,0,1,0,0.0,0,0,0.0,0,0,0,0,2,2,0,0,1,3,2,0.0,0.0,4.0,4.533333333333333,False,moderate,0,0,0,0,0.0,False,0,0,0,0,0,0,0.0,False,0,0,0.0,0,0,0,False,0,0,0.0,0,,,2025-12-18 18:22:18.283071,807,wallet_04_confused_sign,smartbugs_curated,access_control,True
808,808,False,False,False,False,False,False,False,False,False,False,False,False,False,False,False,False,False,False,False,False,False,False,True,False,False,0,0,4,0,0,0,0,0,0,0,1,0,0.0,0,0,0.0,0,0,0,0,4,0,0,0,0,2,1,0.0,0.0,4.0,8.0,False,moderate,0,0,0,0,0.0,False,0,0,0,0,0,0,0.0,False,0,0,0.0,0,0,0,False,0,0,0.0,0,,,2025-12-18 18:22:18.602576,808,multiowned_vulnerable,smartbugs_curated,access_control,True
809,809,False,False,False,False,False,False,False,False,False,False,True,False,False,False,False,False,False,False,False,False,False,False,True,False,False,2,0,2,0,0,0,0,0,0,0,1,0,0.0,0,0,0.0,0,0,0,0,4,1,0,2,0,4,2,0.0,0.0,22.0,25.85,True,moderate,0,0,0,0,0.0,False,0,0,0,0,0,0,0.0,False,0,0,0.0,0,0,0,False,0,0,0.0,0,,,2025-12-18 18:22:18.928891,809,mapping_write,smartbugs_curated,access_control,True
810,810,False,True,False,False,False,False,False,False,False,False,False,False,False,False,False,False,False,False,False,False,False,False,True,False,False,1,0,2,0,0,0,0,0,0,0,1,0,0.0,0,0,0.0,0,0,0,0,3,0,0,1,0,2,2,0.0,0.0,12.0,18.0,False,moderate,0,0,0,0,0.0,False,0,0,0,0,0,0,0.0,False,0,0,0.0,0,0,0,False,0,0,0.0,0,,,2025-12-18 18:22:19.236770,810,simple_suicide,smartbugs_curated,access_control,True
811,811,False,False,False,False,False,False,False,False,False,False,False,False,False,False,False,False,False,False,False,False,False,False,True,False,False,0,0,3,0,0,0,0,0,0,0,1,0,0.0,0,0,0.0,0,0,0,0,3,0,0,0,0,2,1,0.0,0.0,3.0,4.5,False,simple,0,0,0,0,0.0,False,0,0,0,0,0,0,0.0,False,0,0,0.0,0,0,0,False,0,0,0.0,0,,,2025-12-18 18:22:19.548109,811,incorrect_constructor_name3,smartbugs_curated,access_control,True
812,812,False,False,False,False,False,False,False,False,False,False,False,False,False,False,False,False,False,False,False,False,False,False,True,False,False,0,0,2,0,0,0,0,0,0,0,1,0,0.0,0,0,0.0,0,0,0,0,2,0,0,0,0,1,1,0.0,0.0,2.0,4.0,False,simple,0,0,0,0,0.0,False,0,0,0,0,0,0,0.0,False,0,0,0.0,0,0,0,False,0,0,0.0,0,,,2025-12-18 18:22:19.849337,812,incorrect_constructor_name2,smartbugs_curated,access_control,True
813,813,False,False,False,False,False,False,False,False,False,False,False,False,False,False,False,False,False,False,False,False,False,False,True,False,False,0,0,4,0,0,0,0,0,0,0,1,0,0.0,0,0,0.0,0,0,0,0,3,1,0,0,0,3,1,0.0,0.0,4.0,4.933333333333334,False,moderate,0,0,0,0,0.0,False,0,0,0,0,0,0,0.0,False,0,0,0.0,0,0,0,False,0,0,0.0,0,,,2025-12-18 18:22:20.147543,813,unprotected0,smartbugs_curated,access_control,True
814,814,False,False,False,True,False,False,False,False,True,False,False,False,False,False,False,False,False,False,False,False,False,False,True,False,False,1,0,4,0,0,0,0,0,0,0,1,0,0.0,0,0,0.0,0,0,0,0,5,1,0,1,0,5,3,0.0,0.0,14.0,15.96,True,moderate,0,0,0,0,0.0,False,0,0,0,0,0,0,0.0,False,0,0,0.0,0,0,0,False,0,0,0.0,0,,,2025-12-18 18:22:20.462046,814,proxy,smartbugs_curated,access_control,True
815,815,False,True,False,True,False,False,False,False,True,False,True,False,False,False,False,False,False,False,False,False,False,False,True,False,False,4,0,9,5,3,5,0,1,2,52,2,1,1.0,0,18,0.34615384615384615,1,0,0,0,11,4,0,4,0,9,5,0.0,0.0,49.0,75.13333333333333,True,critical,10,5,0,3,0.5,False,0,5,5,3,1,3,0.5,False,3,2,0.6,4,5,1,True,3,1,0.3333333333333333,1,,,2025-12-18 18:22:20.838703,815,FibonacciBalance,smartbugs_curated,access_control,True
816,816,True,True,True,True,False,False,True,False,False,False,False,False,True,False,False,False,False,False,False,False,True,False,True,False,False,2,2,59,0,0,0,0,0,0,0,1,0,0.0,0,0,0.0,0,0,0,0,58,6,0,4,0,13,7,0.0,0.0,89.0,425.83076923076925,True,critical,0,0,0,0,0.0,False,0,0,0,0,0,0,0.0,False,0,0,0.0,0,0,0,False,0,0,0.0,0,,,2025-12-18 18:22:21.316562,816,parity_wallet_bug_2,smartbugs_curated,access_control,True
817,817,False,True,True,True,True,False,False,False,False,False,False,False,False,False,False,False,False,False,False,False,False,False,True,False,False,1,3,9,0,0,0,0,0,0,0,1,0,0.0,0,0,0.0,0,0,0,0,9,5,0,4,1,9,5,0.0,0.0,34.0,47.22222222222222,True,complex,0,0,0,0,0.0,False,0,0,0,0,0,0,0.0,False,0,0,0.0,0,0,0,False,0,0,0.0,0,,,2025-12-18 18:22:21.662208,817,governmental_survey,smartbugs_curated,timestamp,True
818,818,False,True,True,False,False,False,False,False,False,False,False,False,False,False,False,False,False,False,False,False,False,False,True,False,False,2,1,3,0,0,0,0,0,0,0,1,0,0.0,0,0,0.0,0,0,0,0,3,3,0,3,0,5,3,0.0,0.0,28.0,28.560000000000002,True,complex,0,0,0,0,0.0,False,0,0,0,0,0,0,0.0,False,0,0,0.0,0,0,0,False,0,0,0.0,0,,,2025-12-18 18:22:21.985866,818,roulette,smartbugs_curated,timestamp,True
819,819,False,True,True,False,True,False,False,False,False,False,False,False,False,False,False,False,False,False,False,False,False,False,True,False,False,2,1,5,0,0,0,0,0,0,0,1,0,0.0,0,0,0.0,0,0,0,0,4,4,0,3,1,7,4,0.0,0.0,30.0,29.14285714285714,True,complex,0,0,0,0,0.0,False,0,0,0,0,0,0,0.0,False,0,0,0.0,0,0,0,False,0,0,0.0,0,,,2025-12-18 18:22:22.309616,819,ether_lotto,smartbugs_curated,timestamp,True
820,820,False,False,True,False,False,False,False,False,False,False,False,False,False,False,False,False,False,False,False,False,False,False,True,False,False,0,0,3,0,0,0,0,0,0,0,1,0,0.0,0,0,0.0,0,0,0,0,2,1,0,0,0,2,2,0.0,0.0,3.0,4.05,False,moderate,0,0,0,0,0.0,False,0,0,0,0,0,0,0.0,False,0,0,0.0,0,0,0,False,0,0,0.0,0,,,2025-12-18 18:22:22.620910,820,timed_crowdsale,smartbugs_curated,timestamp,True
821,821,False,True,True,True,False,False,False,False,False,False,False,False,False,False,False,False,False,False,False,False,False,False,True,False,False,1,2,4,3,2,2,0,7,0,31,1,1,3.0,0,7,0.22580645161290322,0,0,0,0,3,4,0,3,0,5,4,0.0,0.0,24.0,27.84,True,complex,16,16,0,4,1.0,False,1,9,3,3,2,2,0.4,False,2,1,1.0,2,2,1,True,2,2,0.5,2,,,2025-12-18 18:22:22.946111,821,lottopollo,smartbugs_curated,timestamp,True
822,822,False,False,False,False,False,False,False,False,False,False,False,False,False,False,False,False,False,False,False,False,False,False,True,False,False,0,0,3,0,0,0,0,0,0,0,1,0,0.0,0,0,0.0,0,0,0,0,2,1,0,0,1,2,1,0.0,0.0,3.0,4.05,False,simple,0,0,0,0,0.0,False,0,0,0,0,0,0,0.0,False,0,0,0.0,0,0,0,False,0,0,0.0,0,,,2025-12-18 18:22:23.258757,822,dos_number,smartbugs_curated,dos,True
823,823,False,False,False,False,False,False,False,False,False,False,True,False,False,False,False,False,False,False,False,False,False,False,True,False,False,1,0,3,0,0,0,0,0,0,0,1,0,0.0,0,0,0.0,0,0,0,0,4,1,0,1,1,4,2,0.0,0.0,13.0,15.275,False,moderate,0,0,0,0,0.0,False,0,0,0,0,0,0,0.0,False,0,0,0.0,0,0,0,False,0,0,0.0,0,,,2025-12-18 18:22:23.586897,823,send_loop,smartbugs_curated,dos,True
824,824,False,False,True,True,True,False,False,False,False,False,False,False,False,False,False,False,False,False,False,False,False,False,True,False,False,2,7,8,0,0,0,0,0,0,0,1,0,0.0,0,0,0.0,0,0,0,0,3,15,0,9,5,7,4,0.0,0.0,63.0,121.5,True,critical,0,0,0,0,0.0,False,0,0,0,0,0,0,0.0,False,0,0,0.0,0,0,0,False,0,0,0.0,0,,,2025-12-18 18:22:24.036643,824,list_dos,smartbugs_curated,dos,True
825,825,False,False,False,False,False,False,False,False,False,False,False,False,False,False,False,False,False,False,False,False,False,False,True,False,False,0,0,2,0,0,0,0,0,0,0,1,0,0.0,0,0,0.0,0,0,0,0,2,0,0,0,0,1,1,0.0,0.0,2.0,4.0,False,simple,0,0,0,0,0.0,False,0,0,0,0,0,0,0.0,False,0,0,0.0,0,0,0,False,0,0,0.0,0,,,2025-12-18 18:22:24.347426,825,dos_simple,smartbugs_curated,dos,True
826,826,False,False,False,False,True,False,False,False,False,False,False,False,False,False,False,False,False,False,False,False,False,False,True,False,False,0,0,3,0,0,0,0,0,0,0,1,0,0.0,0,0,0.0,0,0,0,0,2,1,0,0,1,2,2,0.0,0.0,3.0,4.05,False,moderate,0,0,0,0,0.0,False,0,0,0,0,0,0,0.0,False,0,0,0.0,0,0,0,False,0,0,0.0,0,,,2025-12-18 18:22:24.663951,826,auction,smartbugs_curated,dos,True
827,827,False,False,False,False,False,False,False,False,False,False,False,False,False,False,False,False,False,False,False,False,False,False,True,False,False,1,0,2,0,0,0,0,0,0,0,1,0,0.0,0,0,0.0,0,0,0,0,2,1,0,1,0,2,1,0.0,0.0,12.0,16.2,False,moderate,0,0,0,0,0.0,False,0,0,0,0,0,0,0.0,False,0,0,0.0,0,0,0,False,0,0,0.0,0,,,2025-12-18 18:22:25.009160,827,dos_address,smartbugs_curated,dos,True
828,828,False,False,False,False,False,False,False,False,False,False,False,False,False,False,False,False,False,False,False,False,False,False,True,False,False,1,1,7,0,0,0,0,0,0,0,1,0,0.0,0,0,0.0,0,0,0,0,9,1,0,2,1,5,1,0.0,0.0,22.0,42.67999999999999,True,moderate,0,0,0,0,0.0,False,0,0,0,0,0,0,0.0,False,0,0,0.0,0,0,0,False,0,0,0.0,0,,,2025-12-18 18:22:25.344206,828,lottery,smartbugs_curated,randomness,True
829,829,False,False,True,False,False,False,False,False,False,False,False,False,False,False,False,False,False,False,False,False,False,False,True,False,False,1,0,3,0,0,0,0,0,0,0,1,0,0.0,0,0,0.0,0,0,0,0,2,2,0,1,0,3,2,0.0,0.0,13.0,14.733333333333333,False,moderate,0,0,0,0,0.0,False,0,0,0,0,0,0,0.0,False,0,0,0.0,0,0,0,False,0,0,0.0,0,,,2025-12-18 18:22:25.661984,829,random_number_generator,smartbugs_curated,randomness,True
830,830,False,False,False,False,True,False,False,False,False,False,False,False,False,False,False,False,False,False,False,False,False,False,True,False,False,0,0,6,0,0,0,0,0,0,0,1,0,0.0,0,0,0.0,0,0,0,0,3,3,0,0,2,5,2,0.0,0.0,6.0,6.119999999999999,False,moderate,0,0,0,0,0.0,False,0,0,0,0,0,0,0.0,False,0,0,0.0,0,0,0,False,0,0,0.0,0,,,2025-12-18 18:22:26.048276,830,etheraffle,smartbugs_curated,randomness,True
831,831,False,False,True,True,True,False,False,False,False,False,False,False,False,False,False,False,False,False,False,False,False,False,True,False,False,3,4,12,0,0,0,0,0,0,0,1,0,0.0,0,0,0.0,0,0,0,0,6,13,0,7,2,10,5,0.0,0.0,62.0,93.62,True,critical,0,0,0,0,0.0,False,0,0,0,0,0,0,0.0,False,0,0,0.0,0,0,0,False,0,0,0.0,0,,,2025-12-18 18:22:26.468024,831,lucky_doubler,smartbugs_curated,randomness,True
832,832,False,True,True,False,False,False,False,False,False,False,False,False,False,False,False,False,False,False,False,False,False,False,True,False,False,1,2,4,0,0,0,0,0,0,0,1,0,0.0,0,0,0.0,0,0,0,0,5,2,0,3,0,5,3,0.0,0.0,24.0,30.720000000000002,True,complex,0,0,0,0,0.0,False,0,0,0,0,0,0,0.0,False,0,0,0.0,0,0,0,False,0,0,0.0,0,,,2025-12-18 18:22:26.784481,832,guess_the_random_number,smartbugs_curated,randomness,True
833,833,False,False,False,False,True,False,False,False,False,False,False,False,False,False,False,False,False,True,False,False,False,False,True,False,False,3,16,58,0,0,0,0,0,0,0,1,0,0.0,0,0,0.0,0,0,0,0,59,20,0,19,6,15,4,0.0,0.0,168.0,817.5999999999999,True,critical,0,0,0,0,0.0,False,0,0,0,0,0,0,0.0,False,0,0,0.0,0,0,0,False,0,0,0.0,0,,,2025-12-18 18:22:27.789947,833,smart_billions,smartbugs_curated,randomness,True
834,834,False,False,False,False,False,False,False,False,False,False,False,False,False,False,False,False,False,False,False,False,False,False,True,False,False,0,0,3,0,0,0,0,0,0,0,1,0,0.0,0,0,0.0,0,0,0,0,3,0,0,0,0,2,1,0.0,0.0,3.0,4.5,False,simple,0,0,0,0,0.0,False,0,0,0,0,0,0,0.0,False,0,0,0.0,0,0,0,False,0,0,0.0,0,,,2025-12-18 18:22:28.101958,834,old_blockhash,smartbugs_curated,randomness,True
835,835,False,False,True,False,True,False,False,False,False,False,False,False,False,False,False,False,False,False,False,False,False,False,True,False,False,3,2,21,0,0,0,0,0,0,0,1,0,0.0,0,0,0.0,0,0,0,0,21,8,0,5,5,8,3,0.0,0.0,61.0,202.825,True,critical,0,0,0,0,0.0,False,0,0,0,0,0,0,0.0,False,0,0,0.0,0,0,0,False,0,0,0.0,0,,,2025-12-18 18:22:28.645643,835,blackjack,smartbugs_curated,randomness,True
836,836,False,False,False,False,False,False,False,False,False,False,False,False,False,False,False,False,False,False,False,False,False,False,True,False,False,0,0,2,0,0,0,0,0,0,0,1,0,0.0,0,0,0.0,0,0,0,0,3,0,0,0,0,2,1,0.0,0.0,2.0,3.0,False,simple,0,0,0,0,0.0,False,0,0,0,0,0,0,0.0,False,0,0,0.0,0,0,0,False,0,0,0.0,0,,,2025-12-18 18:22:28.950447,836,integer_overflow_benign_1,smartbugs_curated,arithmetic,True
837,837,False,False,True,False,False,False,False,False,False,False,False,False,False,False,False,False,False,False,False,False,False,False,True,False,False,0,0,4,0,0,0,0,0,0,0,1,0,0.0,0,0,0.0,0,0,0,0,3,1,0,0,0,3,2,0.0,0.0,4.0,4.933333333333334,False,moderate,0,0,0,0,0.0,False,0,0,0,0,0,0,0.0,False,0,0,0.0,0,0,0,False,0,0,0.0,0,,,2025-12-18 18:22:29.252239,837,timelock,smartbugs_curated,arithmetic,True
838,838,False,False,False,False,False,False,False,False,False,False,False,False,False,False,False,False,False,False,False,False,False,False,True,False,False,0,0,2,0,0,0,0,0,0,0,1,0,0.0,0,0,0.0,0,0,0,0,2,0,0,0,0,1,1,0.0,0.0,2.0,4.0,False,simple,0,0,0,0,0.0,False,0,0,0,0,0,0,0.0,False,0,0,0.0,0,0,0,False,0,0,0.0,0,,,2025-12-18 18:22:29.562375,838,integer_overflow_multitx_multifunc_feasible,smartbugs_curated,arithmetic,True
839,839,False,False,False,False,False,False,False,False,False,False,False,False,False,False,False,False,False,False,False,False,False,False,True,False,False,0,0,24,0,0,0,0,0,0,0,1,0,0.0,0,0,0.0,0,0,0,0,26,3,0,0,0,6,1,0.0,0.0,24.0,112.4,True,complex,0,0,0,0,0.0,False,0,0,0,0,0,0,0.0,False,0,0,0.0,0,0,0,False,0,0,0.0,0,,,2025-12-18 18:22:30.030727,839,BECToken,smartbugs_curated,arithmetic,True
840,840,False,False,False,False,False,False,False,False,False,False,False,False,False,False,False,False,False,False,False,False,False,False,True,False,False,0,0,3,0,0,0,0,0,0,0,1,0,0.0,0,0,0.0,0,0,0,0,3,0,0,0,0,2,1,0.0,0.0,3.0,4.5,False,simple,0,0,0,0,0.0,False,0,0,0,0,0,0,0.0,False,0,0,0.0,0,0,0,False,0,0,0.0,0,,,2025-12-18 18:22:30.349023,840,overflow_simple_add,smartbugs_curated,arithmetic,True
841,841,False,False,False,False,False,False,False,False,False,False,False,False,False,False,False,False,False,False,False,False,False,False,True,False,False,0,0,2,0,0,0,0,0,0,0,1,0,0.0,0,0,0.0,0,0,0,0,2,0,0,0,0,1,1,0.0,0.0,2.0,4.0,False,simple,0,0,0,0,0.0,False,0,0,0,0,0,0,0.0,False,0,0,0.0,0,0,0,False,0,0,0.0,0,,,2025-12-18 18:22:30.689967,841,overflow_single_tx,smartbugs_curated,arithmetic,True
842,842,False,False,False,False,False,False,False,False,False,False,False,False,False,False,False,False,False,False,False,False,False,False,True,False,False,0,0,2,0,0,0,0,0,0,0,1,0,0.0,0,0,0.0,0,0,0,0,2,0,0,0,0,1,1,0.0,0.0,2.0,4.0,False,simple,0,0,0,0,0.0,False,0,0,0,0,0,0,0.0,False,0,0,0.0,0,0,0,False,0,0,0.0,0,,,2025-12-18 18:22:30.998062,842,integer_overflow_1,smartbugs_curated,arithmetic,True
843,843,False,False,False,False,False,False,False,False,False,False,False,False,False,False,False,False,False,False,False,False,False,False,True,False,False,0,1,5,0,0,0,0,0,0,0,1,0,0.0,0,0,0.0,0,0,0,0,6,0,0,1,0,3,1,0.0,0.0,10.0,20.0,False,moderate,0,0,0,0,0.0,False,0,0,0,0,0,0,0.0,False,0,0,0.0,0,0,0,False,0,0,0.0,0,,,2025-12-18 18:22:31.309628,843,token,smartbugs_curated,arithmetic,True
844,844,False,False,False,False,False,False,False,False,False,False,False,False,False,False,False,False,False,False,False,False,False,False,True,False,False,0,0,2,0,0,0,0,0,0,0,1,0,0.0,0,0,0.0,0,0,0,0,2,0,0,0,0,1,1,0.0,0.0,2.0,4.0,False,simple,0,0,0,0,0.0,False,0,0,0,0,0,0,0.0,False,0,0,0.0,0,0,0,False,0,0,0.0,0,,,2025-12-18 18:22:31.623280,844,integer_overflow_minimal,smartbugs_curated,arithmetic,True
845,845,False,False,False,False,False,False,False,False,False,False,False,False,False,False,False,False,False,False,False,False,False,False,True,False,False,0,0,2,0,0,0,0,0,0,0,1,0,0.0,0,0,0.0,0,0,0,0,2,0,0,0,0,1,1,0.0,0.0,2.0,4.0,False,simple,0,0,0,0,0.0,False,0,0,0,0,0,0,0.0,False,0,0,0.0,0,0,0,False,0,0,0.0,0,,,2025-12-18 18:22:31.920267,845,integer_overflow_mapping_sym_1,smartbugs_curated,arithmetic,True
846,846,False,False,False,False,False,False,False,False,False,False,False,False,False,False,False,False,False,False,False,False,False,False,True,False,False,0,1,4,0,0,0,0,0,0,0,1,0,0.0,0,0,0.0,0,0,0,0,5,0,0,1,0,3,1,0.0,0.0,9.0,14.999999999999998,False,moderate,0,0,0,0,0.0,False,0,0,0,0,0,0,0.0,False,0,0,0.0,0,0,0,False,0,0,0.0,0,,,2025-12-18 18:22:32.225694,846,insecure_transfer,smartbugs_curated,arithmetic,True
847,847,False,False,False,False,False,False,False,False,False,False,False,False,False,False,False,False,False,False,False,False,False,False,True,False,False,0,0,2,0,0,0,0,0,0,0,1,0,0.0,0,0,0.0,0,0,0,0,2,0,0,0,0,1,1,0.0,0.0,2.0,4.0,False,simple,0,0,0,0,0.0,False,0,0,0,0,0,0,0.0,False,0,0,0.0,0,0,0,False,0,0,0.0,0,,,2025-12-18 18:22:32.533793,847,integer_overflow_multitx_onefunc_feasible,smartbugs_curated,arithmetic,True
848,848,False,False,False,False,False,False,False,False,False,False,False,False,False,False,False,False,False,False,False,False,False,False,True,False,False,0,0,2,0,0,0,0,0,0,0,1,0,0.0,0,0,0.0,0,0,0,0,2,0,0,0,0,1,1,0.0,0.0,2.0,4.0,False,simple,0,0,0,0,0.0,False,0,0,0,0,0,0,0.0,False,0,0,0.0,0,0,0,False,0,0,0.0,0,,,2025-12-18 18:22:32.832105,848,integer_overflow_add,smartbugs_curated,arithmetic,True
849,849,False,False,False,False,False,False,False,False,False,False,False,False,False,False,False,False,False,False,False,False,False,False,True,False,False,0,0,2,0,0,0,0,0,0,0,1,0,0.0,0,0,0.0,0,0,0,0,2,0,0,0,0,1,1,0.0,0.0,2.0,4.0,False,simple,0,0,0,0,0.0,False,0,0,0,0,0,0,0.0,False,0,0,0.0,0,0,0,False,0,0,0.0,0,,,2025-12-18 18:22:33.141632,849,tokensalechallenge,smartbugs_curated,arithmetic,True
850,850,False,False,False,False,False,False,False,False,False,False,False,False,False,False,False,False,False,False,False,False,False,False,True,False,False,0,0,2,0,0,0,0,0,0,0,1,0,0.0,0,0,0.0,0,0,0,0,2,0,0,0,0,1,1,0.0,0.0,2.0,4.0,False,simple,0,0,0,0,0.0,False,0,0,0,0,0,0,0.0,False,0,0,0.0,0,0,0,False,0,0,0.0,0,,,2025-12-18 18:22:33.442536,850,integer_overflow_mul,smartbugs_curated,arithmetic,True
851,851,True,False,False,True,False,True,False,False,False,False,False,False,False,False,False,False,False,False,False,False,False,False,True,False,False,2,0,16,0,0,0,0,0,0,0,1,0,0.0,0,0,0.0,0,0,0,0,17,3,0,2,0,8,3,0.0,0.0,36.0,85.95,True,complex,0,0,0,0,0.0,False,0,0,0,0,0,0,0.0,False,0,0,0.0,0,0,0,False,0,0,0.0,0,,,2025-12-18 18:22:33.782629,851,0x941d225236464a25eb18076df7da6a91d0f95e9e,smartbugs_curated,reentrancy,True
852,852,True,False,False,True,False,False,False,False,False,False,False,False,False,False,False,False,False,False,False,False,False,False,True,False,False,2,0,14,0,0,0,0,0,0,0,1,0,0.0,0,0,0.0,0,0,0,0,16,2,0,2,0,7,3,0.0,0.0,34.0,84.5142857142857,True,complex,0,0,0,0,0.0,False,0,0,0,0,0,0,0.0,False,0,0,0.0,0,0,0,False,0,0,0.0,0,,,2025-12-18 18:22:34.109236,852,0x23a91059fdc9579a9fbd0edc5f2ea0bfdb70deb4,smartbugs_curated,reentrancy,True
853,853,True,False,True,True,False,False,False,False,False,False,False,False,False,False,False,False,False,False,False,False,False,False,True,False,False,1,0,5,0,0,0,0,0,0,0,1,0,0.0,0,0,0.0,0,0,0,0,5,2,0,1,0,6,4,0.0,0.0,15.0,15.999999999999998,True,complex,0,0,0,0,0.0,False,0,0,0,0,0,0,0.0,False,0,0,0.0,0,0,0,False,0,0,0.0,0,,,2025-12-18 18:22:34.413720,853,etherstore,smartbugs_curated,reentrancy,True
854,854,True,False,True,True,False,False,False,False,False,False,False,False,False,False,False,False,False,False,False,False,False,False,True,False,False,2,0,26,0,0,0,0,0,0,0,1,0,0.0,0,0,0.0,0,0,0,0,25,4,0,2,0,8,4,0.0,0.0,46.0,159.85,True,critical,0,0,0,0,0.0,False,0,0,0,0,0,0,0.0,False,0,0,0.0,0,0,0,False,0,0,0.0,0,,,2025-12-18 18:22:35.536745,854,0xbe4041d55db380c5ae9d4a9b9703f1ed4e7e3888,smartbugs_curated,reentrancy,True
855,855,True,False,False,True,False,False,False,False,False,False,False,False,False,False,False,False,False,False,False,False,False,False,True,False,False,2,0,15,0,0,0,0,0,0,0,1,0,0.0,0,0,0.0,0,0,0,0,17,2,0,2,0,7,3,0.0,0.0,35.0,92.0,True,complex,0,0,0,0,0.0,False,0,0,0,0,0,0,0.0,False,0,0,0.0,0,0,0,False,0,0,0.0,0,,,2025-12-18 18:22:35.869662,855,0xb5e1b1ee15c6fa0e48fce100125569d430f1bd12,smartbugs_curated,reentrancy,True
856,856,True,False,False,True,False,False,False,False,False,False,False,False,False,False,False,False,False,False,False,False,False,False,True,False,False,1,0,4,0,0,0,0,0,0,0,1,0,0.0,0,0,0.0,0,0,0,0,4,1,0,1,0,4,3,0.0,0.0,14.0,16.45,True,moderate,0,0,0,0,0.0,False,0,0,0,0,0,0,0.0,False,0,0,0.0,0,0,0,False,0,0,0.0,0,,,2025-12-18 18:22:36.183050,856,etherbank,smartbugs_curated,reentrancy,True
857,857,True,False,False,False,False,False,False,False,False,False,False,False,False,False,False,False,False,False,False,False,True,False,True,False,False,0,1,4,0,0,0,0,0,0,0,1,0,0.0,0,0,0.0,0,0,0,0,4,1,0,1,0,4,3,0.0,0.0,9.0,10.575,True,moderate,0,0,0,0,0.0,False,0,0,0,0,0,0,0.0,False,0,0,0.0,0,0,0,False,0,0,0.0,0,,,2025-12-18 18:22:36.508577,857,modifier_reentrancy,smartbugs_curated,reentrancy,True
858,858,True,False,False,True,False,False,False,False,False,False,False,False,False,False,False,False,False,False,False,False,False,False,True,False,False,1,0,7,0,0,0,0,0,0,0,1,0,0.0,0,0,0.0,0,0,0,0,7,1,0,1,0,5,3,0.0,0.0,17.0,26.180000000000003,True,complex,0,0,0,0,0.0,False,0,0,0,0,0,0,0.0,False,0,0,0.0,0,0,0,False,0,0,0.0,0,,,2025-12-18 18:22:36.827119,858,reentrance,smartbugs_curated,reentrancy,True
859,859,True,False,False,True,False,False,False,False,False,False,False,False,False,False,False,False,False,False,False,False,False,False,True,False,False,2,0,20,0,0,0,0,0,0,0,1,0,0.0,0,0,0.0,0,0,0,0,21,2,0,2,0,6,3,0.0,0.0,40.0,149.33333333333334,True,critical,0,0,0,0,0.0,False,0,0,0,0,0,0,0.0,False,0,0,0.0,0,0,0,False,0,0,0.0,0,,,2025-12-18 18:22:37.157310,859,0x4e73b32ed6c35f570686b89848e5f39f20ecc106,smartbugs_curated,reentrancy,True
860,860,True,False,False,True,False,False,False,False,False,False,False,False,False,False,False,False,False,False,False,False,False,False,True,False,False,2,0,14,0,0,0,0,0,0,0,1,0,0.0,0,0,0.0,0,0,0,0,16,2,0,2,0,7,3,0.0,0.0,34.0,84.5142857142857,True,complex,0,0,0,0,0.0,False,0,0,0,0,0,0,0.0,False,0,0,0.0,0,0,0,False,0,0,0.0,0,,,2025-12-18 18:22:37.491840,860,0xb93430ce38ac4a6bb47fb1fc085ea669353fd89e,smartbugs_curated,reentrancy,True
861,861,True,False,False,True,False,False,False,False,False,False,False,False,False,False,False,False,False,False,False,False,False,False,True,False,False,2,0,15,0,0,0,0,0,0,0,1,0,0.0,0,0,0.0,0,0,0,0,17,2,0,2,0,7,3,0.0,0.0,35.0,92.0,True,complex,0,0,0,0,0.0,False,0,0,0,0,0,0,0.0,False,0,0,0.0,0,0,0,False,0,0,0.0,0,,,2025-12-18 18:22:37.818591,861,0xbaf51e761510c1a11bf48dd87c0307ac8a8c8a4f,smartbugs_curated,reentrancy,True
862,862,True,False,False,True,False,False,False,False,False,False,False,False,False,False,False,False,False,False,False,False,False,False,True,False,False,2,0,22,0,0,0,0,0,0,0,1,0,0.0,0,0,0.0,0,0,0,0,23,2,0,2,0,7,3,0.0,0.0,42.0,146.4,True,critical,0,0,0,0,0.0,False,0,0,0,0,0,0,0.0,False,0,0,0.0,0,0,0,False,0,0,0.0,0,,,2025-12-18 18:22:38.153526,862,0xaae1f51cf3339f18b6d3f3bdc75a5facd744b0b8,smartbugs_curated,reentrancy,True
863,863,True,False,False,True,False,False,False,False,False,False,False,False,False,False,False,False,False,False,False,False,False,False,True,False,False,2,0,20,0,0,0,0,0,0,0,1,0,0.0,0,0,0.0,0,0,0,0,21,2,0,2,0,6,3,0.0,0.0,40.0,149.33333333333334,True,critical,0,0,0,0,0.0,False,0,0,0,0,0,0,0.0,False,0,0,0.0,0,0,0,False,0,0,0.0,0,,,2025-12-18 18:22:38.482271,863,0x01f8c4e3fa3edeb29e514cba738d87ce8c091d3f,smartbugs_curated,reentrancy,True
864,864,True,False,False,True,False,False,False,False,False,False,False,False,False,False,False,False,False,False,False,False,False,False,True,False,False,1,0,4,0,0,0,0,0,0,0,1,0,0.0,0,0,0.0,0,0,0,0,4,1,0,1,0,4,3,0.0,0.0,14.0,16.45,True,moderate,0,0,0,0,0.0,False,0,0,0,0,0,0,0.0,False,0,0,0.0,0,0,0,False,0,0,0.0,0,,,2025-12-18 18:22:38.827985,864,reentrancy_insecure,smartbugs_curated,reentrancy,True
865,865,True,False,False,True,False,False,False,False,False,False,False,False,False,False,False,False,False,False,False,False,False,False,True,False,False,1,0,3,0,0,0,0,0,0,0,1,0,0.0,0,0,0.0,0,0,0,0,3,1,0,1,0,3,3,0.0,0.0,13.0,16.03333333333333,True,moderate,0,0,0,0,0.0,False,0,0,0,0,0,0,0.0,False,0,0,0.0,0,0,0,False,0,0,0.0,0,,,2025-12-18 18:22:39.134729,865,simple_dao,smartbugs_curated,reentrancy,True
866,866,True,False,False,True,False,False,False,False,False,False,False,False,False,False,False,False,False,False,False,False,False,False,True,False,False,2,0,20,0,0,0,0,0,0,0,1,0,0.0,0,0,0.0,0,0,0,0,21,2,0,2,0,6,3,0.0,0.0,40.0,149.33333333333334,True,critical,0,0,0,0,0.0,False,0,0,0,0,0,0,0.0,False,0,0,0.0,0,0,0,False,0,0,0.0,0,,,2025-12-18 18:22:39.465542,866,0x4320e6f8c05b27ab4707cd1f6d5ce6f3e4b3a5a1,smartbugs_curated,reentrancy,True
867,867,True,False,True,True,False,False,False,False,False,False,False,False,False,False,False,False,False,False,False,False,False,False,True,False,False,2,0,19,0,0,0,0,0,0,0,1,0,0.0,0,0,0.0,0,0,0,0,19,4,0,2,0,8,4,0.0,0.0,39.0,106.275,True,critical,0,0,0,0,0.0,False,0,0,0,0,0,0,0.0,False,0,0,0.0,0,0,0,False,0,0,0.0,0,,,2025-12-18 18:22:39.833746,867,0x7541b76cb60f4c60af330c208b0623b7f54bf615,smartbugs_curated,reentrancy,True
868,868,True,False,False,True,False,False,False,False,False,False,False,False,False,False,False,False,False,False,False,False,False,False,True,False,False,2,0,22,0,0,0,0,0,0,0,1,0,0.0,0,0,0.0,0,0,0,0,23,2,0,2,0,7,3,0.0,0.0,42.0,146.4,True,critical,0,0,0,0,0.0,False,0,0,0,0,0,0,0.0,False,0,0,0.0,0,0,0,False,0,0,0.0,0,,,2025-12-18 18:22:40.180636,868,0x561eac93c92360949ab1f1403323e6db345cbf31,smartbugs_curated,reentrancy,True
869,869,True,False,False,True,False,False,False,False,False,False,False,False,False,False,False,False,False,False,False,False,False,False,True,False,False,1,1,4,0,0,0,0,0,0,0,1,0,0.0,0,0,0.0,0,0,0,0,5,1,0,2,0,5,3,0.0,0.0,19.0,21.659999999999997,True,moderate,0,0,0,0,0.0,False,0,0,0,0,0,0,0.0,False,0,0,0.0,0,0,0,False,0,0,0.0,0,,,2025-12-18 18:22:40.526257,869,reentrancy_cross_function,smartbugs_curated,reentrancy,True
870,870,True,True,True,True,True,True,True,False,False,False,False,False,False,False,True,False,False,False,False,False,False,False,True,False,False,3,17,98,0,0,0,0,0,0,0,1,0,0.0,0,0,0.0,0,0,0,0,93,35,0,20,3,18,6,0.0,0.0,213.0,1390.4166666666667,True,critical,0,0,0,0,0.0,False,0,0,0,0,0,0,0.0,False,0,0,0.0,0,0,0,False,0,0,0.0,0,,,2025-12-18 18:22:42.852080,870,spank_chain_payment,smartbugs_curated,reentrancy,True
871,871,True,False,True,True,False,False,False,False,False,False,False,False,False,False,False,False,False,False,False,False,False,False,True,False,False,2,0,19,0,0,0,0,0,0,0,1,0,0.0,0,0,0.0,0,0,0,0,19,4,0,2,0,8,4,0.0,0.0,39.0,106.275,True,critical,0,0,0,0,0.0,False,0,0,0,0,0,0,0.0,False,0,0,0.0,0,0,0,False,0,0,0.0,0,,,2025-12-18 18:22:43.189351,871,0x7b368c4e805c3870b6c49a3f1f49f69af8662cf3,smartbugs_curated,reentrancy,True
872,872,True,False,False,True,False,False,False,False,False,False,False,False,False,False,False,False,False,False,False,False,False,False,True,False,False,2,0,15,0,0,0,0,0,0,0,1,0,0.0,0,0,0.0,0,0,0,0,17,2,0,2,0,7,3,0.0,0.0,35.0,92.0,True,complex,0,0,0,0,0.0,False,0,0,0,0,0,0,0.0,False,0,0,0.0,0,0,0,False,0,0,0.0,0,,,2025-12-18 18:22:43.510302,872,0x7a8721a9d64c74da899424c1b52acbf58ddc9782,smartbugs_curated,reentrancy,True
873,873,True,False,True,True,False,False,False,False,False,False,False,False,False,False,False,False,False,False,False,False,False,False,True,False,False,2,0,19,0,0,0,0,0,0,0,1,0,0.0,0,0,0.0,0,0,0,0,19,4,0,2,0,8,4,0.0,0.0,39.0,106.275,True,critical,0,0,0,0,0.0,False,0,0,0,0,0,0,0.0,False,0,0,0.0,0,0,0,False,0,0,0.0,0,,,2025-12-18 18:22:43.824253,873,0xf015c35649c82f5467c9c74b7f28ee67665aad68,smartbugs_curated,reentrancy,True
874,874,True,False,False,True,False,False,False,False,False,False,False,False,False,False,False,False,False,False,False,False,False,False,True,False,False,2,0,15,0,0,0,0,0,0,0,1,0,0.0,0,0,0.0,0,0,0,0,17,2,0,2,0,7,3,0.0,0.0,35.0,92.0,True,complex,0,0,0,0,0.0,False,0,0,0,0,0,0,0.0,False,0,0,0.0,0,0,0,False,0,0,0.0,0,,,2025-12-18 18:22:44.135235,874,0x8c7777c45481dba411450c228cb692ac3d550344,smartbugs_curated,reentrancy,True
875,875,True,False,False,True,False,False,False,False,False,False,False,False,False,False,False,False,False,True,False,False,False,False,True,False,False,2,1,20,0,0,0,0,0,0,0,1,0,0.0,0,0,0.0,0,0,0,0,18,5,0,3,0,9,4,0.0,0.0,45.0,107.5,True,critical,0,0,0,0,0.0,False,0,0,0,0,0,0,0.0,False,0,0,0.0,0,0,0,False,0,0,0.0,0,,,2025-12-18 18:22:44.458664,875,0x627fa62ccbb1c1b04ffaecd72a53e37fc0e17839,smartbugs_curated,reentrancy,True
876,876,True,True,False,True,False,False,False,False,False,False,False,False,False,False,False,False,False,False,False,False,True,False,True,False,False,2,0,6,0,0,0,0,0,0,0,1,0,0.0,0,0,0.0,0,0,0,0,5,3,0,2,0,7,5,0.0,0.0,26.0,26.37142857142857,True,complex,0,0,0,0,0.0,False,0,0,0,0,0,0,0.0,False,0,0,0.0,0,0,0,False,0,0,0.0,0,,,2025-12-18 18:22:44.756651,876,reentrancy_bonus,smartbugs_curated,reentrancy,True
877,877,True,False,True,True,False,False,False,False,False,False,False,False,False,False,False,False,False,False,False,False,False,False,True,False,False,2,0,18,0,0,0,0,0,0,0,1,0,0.0,0,0,0.0,0,0,0,0,18,4,0,2,0,8,4,0.0,0.0,38.0,98.8,True,critical,0,0,0,0,0.0,False,0,0,0,0,0,0,0.0,False,0,0,0.0,0,0,0,False,0,0,0.0,0,,,2025-12-18 18:22:45.131366,877,0xcead721ef5b11f1a7b530171aab69b16c5e66b6e,smartbugs_curated,reentrancy,True
878,878,True,False,False,True,False,False,False,False,False,False,False,False,False,False,False,False,False,False,False,False,False,False,True,False,False,1,0,4,0,0,0,0,0,0,0,1,0,0.0,0,0,0.0,0,0,0,0,4,1,0,1,0,4,3,0.0,0.0,14.0,16.45,True,moderate,0,0,0,0,0.0,False,0,0,0,0,0,0,0.0,False,0,0,0.0,0,0,0,False,0,0,0.0,0,,,2025-12-18 18:22:45.416792,878,reentrancy_simple,smartbugs_curated,reentrancy,True
879,879,True,False,True,True,False,False,False,False,False,False,False,False,False,False,False,False,False,False,False,False,False,False,True,False,False,2,0,26,0,0,0,0,0,0,0,1,0,0.0,0,0,0.0,0,0,0,0,25,4,0,2,0,8,4,0.0,0.0,46.0,159.85,True,critical,0,0,0,0,0.0,False,0,0,0,0,0,0,0.0,False,0,0,0.0,0,0,0,False,0,0,0.0,0,,,2025-12-18 18:22:45.731864,879,0x96edbe868531bd23a6c05e9d0c424ea64fb1b78b,smartbugs_curated,reentrancy,True
880,880,True,False,True,True,False,False,False,False,False,False,False,False,False,False,False,False,False,False,False,False,False,False,True,False,False,2,0,19,0,0,0,0,0,0,0,1,0,0.0,0,0,0.0,0,0,0,0,19,4,0,2,0,8,4,0.0,0.0,39.0,106.275,True,critical,0,0,0,0,0.0,False,0,0,0,0,0,0,0.0,False,0,0,0.0,0,0,0,False,0,0,0.0,0,,,2025-12-18 18:22:46.051920,880,0x93c32845fae42c83a70e5f06214c8433665c2ab5,smartbugs_curated,reentrancy,True
881,881,True,False,False,True,False,False,False,False,False,False,False,False,False,False,False,False,False,False,False,False,False,False,True,False,False,1,0,3,0,0,0,0,0,0,0,1,0,0.0,0,0,0.0,0,0,0,0,3,1,0,1,0,3,3,0.0,0.0,13.0,16.03333333333333,True,moderate,0,0,0,0,0.0,False,0,0,0,0,0,0,0.0,False,0,0,0.0,0,0,0,False,0,0,0.0,0,,,2025-12-18 18:22:46.379986,881,reentrancy_dao,smartbugs_curated,reentrancy,True
882,882,False,False,False,True,False,False,False,False,False,False,False,False,False,False,False,False,False,False,False,False,False,False,True,False,False,0,1,8,0,0,0,0,0,0,0,1,0,0.0,0,0,0.0,0,0,0,0,8,2,0,1,0,6,2,0.0,0.0,13.0,20.366666666666667,False,moderate,0,0,0,0,0.0,False,0,0,0,0,0,0,0.0,False,0,0,0.0,0,0,0,False,0,0,0.0,0,,,2025-12-18 18:22:46.707023,882,0x610495793564aed0f9c7fc48dc4c7c9151d34fd6,smartbugs_curated,unchecked_call,True
883,883,False,False,False,True,False,False,False,False,False,False,False,False,False,False,False,False,False,True,False,False,True,False,True,False,False,0,5,18,0,0,0,0,0,0,0,1,0,0.0,0,0,0.0,0,0,0,0,11,14,0,5,0,10,3,0.0,0.0,43.0,89.44,True,critical,0,0,0,0,0.0,False,0,0,0,0,0,0,0.0,False,0,0,0.0,0,0,0,False,0,0,0.0,0,,,2025-12-18 18:22:47.225616,883,0xb0510d68f210b7db66e8c7c814f22680f2b8d1d6,smartbugs_curated,unchecked_call,True
884,884,False,False,False,True,False,False,False,False,False,False,False,False,False,False,False,False,False,True,False,False,False,False,True,False,False,1,1,12,0,0,0,0,0,0,0,1,0,0.0,0,0,0.0,0,0,0,0,11,4,0,2,0,9,4,0.0,0.0,27.0,41.4,True,complex,0,0,0,0,0.0,False,0,0,0,0,0,0,0.0,False,0,0,0.0,0,0,0,False,0,0,0.0,0,,,2025-12-18 18:22:47.551533,884,0xbebbfe5b549f5db6e6c78ca97cac19d1fb03082c,smartbugs_curated,unchecked_call,True
885,885,False,True,False,True,False,False,False,False,False,False,False,False,False,False,False,False,False,False,False,False,False,False,True,False,False,1,1,7,0,0,0,0,0,0,0,1,0,0.0,0,0,0.0,0,0,0,0,7,3,0,2,0,7,3,0.0,0.0,22.0,28.6,True,complex,0,0,0,0,0.0,False,0,0,0,0,0,0,0.0,False,0,0,0.0,0,0,0,False,0,0,0.0,0,,,2025-12-18 18:22:47.882933,885,0x7a4349a749e59a5736efb7826ee3496a2dfd5489,smartbugs_curated,unchecked_call,True
886,886,False,True,True,True,True,False,False,False,False,False,False,False,False,False,False,False,False,False,False,False,False,False,True,False,False,1,1,16,0,0,0,0,0,0,0,1,0,0.0,0,0,0.0,0,0,0,0,15,7,0,2,1,10,5,0.0,0.0,31.0,61.69,True,critical,0,0,0,0,0.0,False,0,0,0,0,0,0,0.0,False,0,0,0.0,0,0,0,False,0,0,0.0,0,,,2025-12-18 18:22:48.281303,886,0x958a8f594101d2c0485a52319f29b2647f2ebc06,smartbugs_curated,unchecked_call,True
887,887,False,False,True,True,True,False,False,False,False,False,False,False,False,False,False,False,False,False,False,False,False,False,True,False,False,1,2,7,0,0,0,0,0,0,0,1,0,0.0,0,0,0.0,0,0,0,0,3,7,0,3,2,6,4,0.0,0.0,27.0,35.55,True,complex,0,0,0,0,0.0,False,0,0,0,0,0,0,0.0,False,0,0,0.0,0,0,0,False,0,0,0.0,0,,,2025-12-18 18:22:48.689473,887,etherpot_lotto,smartbugs_curated,unchecked_call,True
888,888,False,False,False,True,False,False,False,False,False,False,False,False,False,False,False,False,False,False,False,False,False,False,True,False,False,0,1,4,0,0,0,0,0,0,0,1,0,0.0,0,0,0.0,0,0,0,0,3,2,0,1,0,4,2,0.0,0.0,9.0,9.9,False,moderate,0,0,0,0,0.0,False,0,0,0,0,0,0,0.0,False,0,0,0.0,0,0,0,False,0,0,0.0,0,,,2025-12-18 18:22:48.994277,888,0x0cbe050f75bc8f8c2d6c0d249fea125fd6e1acc9,smartbugs_curated,unchecked_call,True
889,889,False,True,False,True,True,False,False,False,False,False,True,False,False,False,False,False,False,False,False,False,False,False,True,False,False,3,2,3,0,0,0,0,0,0,0,1,0,0.0,0,0,0.0,0,0,0,0,6,4,0,5,1,6,5,0.0,0.0,43.0,63.06666666666666,True,complex,0,0,0,0,0.0,False,0,0,0,0,0,0,0.0,False,0,0,0.0,0,0,0,False,0,0,0.0,0,,,2025-12-18 18:22:49.318791,889,lotto,smartbugs_curated,unchecked_call,True
890,890,False,False,False,True,False,False,False,False,False,False,False,False,False,False,False,False,False,False,False,False,False,False,True,False,False,0,1,7,0,0,0,0,0,0,0,1,0,0.0,0,0,0.0,0,0,0,0,6,3,0,1,0,6,2,0.0,0.0,12.0,16.2,False,moderate,0,0,0,0,0.0,False,0,0,0,0,0,0,0.0,False,0,0,0.0,0,0,0,False,0,0,0.0,0,,,2025-12-18 18:22:49.622052,890,0x5aa88d2901c68fda244f1d0584400368d2c8e739,smartbugs_curated,unchecked_call,True
891,891,False,True,False,True,False,False,False,False,False,False,False,False,False,False,False,False,False,False,False,False,False,False,True,False,False,1,1,7,0,0,0,0,0,0,0,1,0,0.0,0,0,0.0,0,0,0,0,7,3,0,2,0,7,3,0.0,0.0,22.0,28.6,True,complex,0,0,0,0,0.0,False,0,0,0,0,0,0,0.0,False,0,0,0.0,0,0,0,False,0,0,0.0,0,,,2025-12-18 18:22:49.947765,891,0xe82f0742a71a02b9e9ffc142fdcb6eb1ed06fb87,smartbugs_curated,unchecked_call,True
892,892,False,False,False,True,False,False,False,False,False,False,False,False,False,False,False,False,False,False,False,False,False,False,True,False,False,0,1,7,0,0,0,0,0,0,0,1,0,0.0,0,0,0.0,0,0,0,0,5,4,0,1,0,7,2,0.0,0.0,12.0,13.37142857142857,False,moderate,0,0,0,0,0.0,False,0,0,0,0,0,0,0.0,False,0,0,0.0,0,0,0,False,0,0,0.0,0,,,2025-12-18 18:22:50.276608,892,0xa46edd6a9a93feec36576ee5048146870ea2c3ae,smartbugs_curated,unchecked_call,True
893,893,False,True,False,True,False,False,False,False,False,False,False,False,False,False,False,False,False,False,False,False,False,False,True,False,False,1,1,6,0,0,0,0,0,0,0,1,0,0.0,0,0,0.0,0,0,0,0,6,3,0,2,0,7,3,0.0,0.0,21.0,24.3,True,complex,0,0,0,0,0.0,False,0,0,0,0,0,0,0.0,False,0,0,0.0,0,0,0,False,0,0,0.0,0,,,2025-12-18 18:22:50.585980,893,0x78c2a1e91b52bca4130b6ed9edd9fbcfd4671c37,smartbugs_curated,unchecked_call,True
894,894,False,True,False,True,False,False,False,True,False,False,False,False,False,False,False,False,False,False,False,False,False,False,True,False,False,3,1,5,0,0,0,0,0,0,0,1,0,0.0,0,0,0.0,0,0,0,0,3,6,0,4,0,7,3,0.0,0.0,40.0,41.142857142857146,True,complex,0,0,0,0,0.0,False,0,0,0,0,0,0,0.0,False,0,0,0.0,0,0,0,False,0,0,0.0,0,,,2025-12-18 18:22:50.899789,894,0x52d2e0f9b01101a59b38a3d05c80b7618aeed984,smartbugs_curated,unchecked_call,True
895,895,False,True,False,True,False,False,False,False,False,False,False,False,False,False,False,False,False,False,False,False,False,False,True,False,False,1,1,7,0,0,0,0,0,0,0,1,0,0.0,0,0,0.0,0,0,0,0,7,3,0,2,0,7,3,0.0,0.0,22.0,28.6,True,complex,0,0,0,0,0.0,False,0,0,0,0,0,0,0.0,False,0,0,0.0,0,0,0,False,0,0,0.0,0,,,2025-12-18 18:22:51.220517,895,0x806a6bd219f162442d992bdc4ee6eba1f2c5a707,smartbugs_curated,unchecked_call,True
896,896,False,False,False,True,False,False,False,False,False,False,False,False,False,False,False,False,False,False,False,False,False,False,True,False,False,0,1,3,0,0,0,0,0,0,0,1,0,0.0,0,0,0.0,0,0,0,0,3,1,0,1,0,3,2,0.0,0.0,8.0,9.866666666666665,False,moderate,0,0,0,0,0.0,False,0,0,0,0,0,0,0.0,False,0,0,0.0,0,0,0,False,0,0,0.0,0,,,2025-12-18 18:22:51.546015,896,0x524960d55174d912768678d8c606b4d50b79d7b1,smartbugs_curated,unchecked_call,True
898,898,False,False,False,True,False,False,False,False,False,False,False,False,False,False,False,True,False,True,False,False,False,False,True,False,False,1,2,20,0,0,0,0,0,0,0,1,0,0.0,0,0,0.0,0,0,0,0,19,4,0,3,0,9,4,0.0,0.0,40.0,96.88888888888889,True,critical,0,0,0,0,0.0,False,0,0,0,0,0,0,0.0,False,0,0,0.0,0,0,0,False,0,0,0.0,0,,,2025-12-18 18:22:52.262660,898,0x8fd1e427396ddb511533cf9abdbebd0a7e08da35,smartbugs_curated,unchecked_call,True
899,899,False,True,False,True,False,False,False,False,False,False,False,False,False,False,False,False,False,False,False,False,False,False,True,False,False,1,1,7,0,0,0,0,0,0,0,1,0,0.0,0,0,0.0,0,0,0,0,7,3,0,2,0,7,3,0.0,0.0,22.0,28.6,True,complex,0,0,0,0,0.0,False,0,0,0,0,0,0,0.0,False,0,0,0.0,0,0,0,False,0,0,0.0,0,,,2025-12-18 18:22:52.571122,899,0xf70d589d76eebdd7c12cc5eec99f8f6fa4233b9e,smartbugs_curated,unchecked_call,True
900,900,False,False,False,True,False,False,False,False,False,False,False,False,False,False,False,False,False,True,False,False,False,False,True,False,False,0,2,15,0,0,0,0,0,0,0,1,0,0.0,0,0,0.0,0,0,0,0,16,4,0,2,0,8,3,0.0,0.0,25.0,58.75,True,complex,0,0,0,0,0.0,False,0,0,0,0,0,0,0.0,False,0,0,0.0,0,0,0,False,0,0,0.0,0,,,2025-12-18 18:22:52.895183,900,0x9d06cbafa865037a01d322d3f4222fa3e04e5488,smartbugs_curated,unchecked_call,True
901,901,True,False,False,True,False,False,False,False,False,False,False,False,False,False,False,False,False,False,False,False,False,False,True,False,False,1,1,4,0,0,0,0,0,0,0,1,0,0.0,0,0,0.0,0,0,0,0,4,2,0,2,0,5,3,0.0,0.0,19.0,20.52,True,moderate,0,0,0,0,0.0,False,0,0,0,0,0,0,0.0,False,0,0,0.0,0,0,0,False,0,0,0.0,0,,,2025-12-18 18:22:53.207456,901,0xb7c5c5aa4d42967efe906e1b66cb8df9cebf04f7,smartbugs_curated,unchecked_call,True
902,902,True,True,False,True,False,False,True,True,False,False,False,False,False,False,False,False,False,False,True,False,True,False,True,False,False,2,3,87,0,0,0,0,0,0,0,1,0,0.0,0,0,0.0,0,0,0,0,84,15,0,5,0,17,5,0.0,0.0,122.0,678.1764705882354,True,critical,0,0,0,0,0.0,False,0,0,0,0,0,0,0.0,False,0,0,0.0,0,0,0,False,0,0,0.0,0,,,2025-12-18 18:22:53.812540,902,0x19cf8481ea15427a98ba3cdd6d9e14690011ab10,smartbugs_curated,unchecked_call,True
903,903,False,True,True,True,True,True,True,False,False,False,False,False,False,False,False,False,False,False,False,False,True,False,True,False,False,3,2,14,0,0,0,0,0,0,0,1,0,0.0,0,0,0.0,0,0,0,0,9,11,0,5,1,12,6,0.0,0.0,54.0,75.14999999999999,True,critical,0,0,0,0,0.0,False,0,0,0,0,0,0,0.0,False,0,0,0.0,0,0,0,False,0,0,0.0,0,,,2025-12-18 18:22:54.186304,903,0x07f7ecb66d788ab01dc93b9b71a88401de7d0f2e,smartbugs_curated,unchecked_call,True
904,904,False,False,False,True,False,False,False,False,False,False,False,False,False,False,False,False,False,False,False,False,False,False,True,False,False,0,1,5,0,0,0,0,0,0,0,1,0,0.0,0,0,0.0,0,0,0,0,5,2,0,1,0,6,2,0.0,0.0,10.0,10.666666666666666,False,moderate,0,0,0,0,0.0,False,0,0,0,0,0,0,0.0,False,0,0,0.0,0,0,0,False,0,0,0.0,0,,,2025-12-18 18:22:54.499375,904,0xa1fceeff3acc57d257b917e30c4df661401d6431,smartbugs_curated,unchecked_call,True
905,905,False,False,False,True,False,False,False,False,False,False,False,False,False,False,False,False,False,False,False,False,False,False,True,False,False,0,1,2,0,0,0,0,0,0,0,1,0,0.0,0,0,0.0,0,0,0,0,2,1,0,1,0,2,2,0.0,0.0,7.0,9.45,False,moderate,0,0,0,0,0.0,False,0,0,0,0,0,0,0.0,False,0,0,0.0,0,0,0,False,0,0,0.0,0,,,2025-12-18 18:22:54.798248,905,mishandled,smartbugs_curated,unchecked_call,True
906,906,False,True,False,True,False,False,False,False,False,False,False,False,False,False,False,False,False,False,False,False,False,False,True,False,False,1,1,7,0,0,0,0,0,0,0,1,0,0.0,0,0,0.0,0,0,0,0,7,3,0,2,0,7,3,0.0,0.0,22.0,28.6,True,complex,0,0,0,0,0.0,False,0,0,0,0,0,0,0.0,False,0,0,0.0,0,0,0,False,0,0,0.0,0,,,2025-12-18 18:22:55.158438,906,0xd2018bfaa266a9ec0a1a84b061640faa009def76,smartbugs_curated,unchecked_call,True
907,907,False,False,False,True,False,False,False,False,False,False,False,False,False,False,False,True,False,True,False,False,False,False,True,False,False,1,2,20,0,0,0,0,0,0,0,1,0,0.0,0,0,0.0,0,0,0,0,19,4,0,3,0,9,4,0.0,0.0,40.0,96.88888888888889,True,critical,0,0,0,0,0.0,False,0,0,0,0,0,0,0.0,False,0,0,0.0,0,0,0,False,0,0,0.0,0,,,2025-12-18 18:22:55.505445,907,0x3a0e9acd953ffc0dd18d63603488846a6b8b2b01,smartbugs_curated,unchecked_call,True
908,908,False,False,False,True,False,False,False,False,False,False,False,False,False,False,False,False,False,False,False,False,False,False,True,False,False,0,1,3,0,0,0,0,0,0,0,1,0,0.0,0,0,0.0,0,0,0,0,3,1,0,1,0,3,2,0.0,0.0,8.0,9.866666666666665,False,moderate,0,0,0,0,0.0,False,0,0,0,0,0,0,0.0,False,0,0,0.0,0,0,0,False,0,0,0.0,0,,,2025-12-18 18:22:55.806349,908,0xf29ebe930a539a60279ace72c707cba851a57707,smartbugs_curated,unchecked_call,True
909,909,False,False,False,True,False,False,False,False,False,False,False,False,False,False,False,False,False,False,False,False,False,False,True,False,False,0,1,8,0,0,0,0,0,0,0,1,0,0.0,0,0,0.0,0,0,0,0,6,4,0,1,0,7,2,0.0,0.0,13.0,16.34285714285714,False,moderate,0,0,0,0,0.0,False,0,0,0,0,0,0,0.0,False,0,0,0.0,0,0,0,False,0,0,0.0,0,,,2025-12-18 18:22:56.111235,909,0x2972d548497286d18e92b5fa1f8f9139e5653fd2,smartbugs_curated,unchecked_call,True
910,910,False,True,True,True,True,True,True,False,False,False,False,False,False,False,False,False,False,False,False,False,True,False,True,False,False,3,2,14,0,0,0,0,0,0,0,1,0,0.0,0,0,0.0,0,0,0,0,9,11,0,5,1,12,6,0.0,0.0,54.0,75.14999999999999,True,critical,0,0,0,0,0.0,False,0,0,0,0,0,0,0.0,False,0,0,0.0,0,0,0,False,0,0,0.0,0,,,2025-12-18 18:22:56.492199,910,0x7d09edb07d23acb532a82be3da5c17d9d85806b4,smartbugs_curated,unchecked_call,True
911,911,False,True,False,True,False,False,False,False,False,False,False,False,False,False,False,False,False,False,False,False,False,False,True,False,False,1,1,7,0,0,0,0,0,0,0,1,0,0.0,0,0,0.0,0,0,0,0,7,3,0,2,0,7,3,0.0,0.0,22.0,28.6,True,complex,0,0,0,0,0.0,False,0,0,0,0,0,0,0.0,False,0,0,0.0,0,0,0,False,0,0,0.0,0,,,2025-12-18 18:22:56.811119,911,0x70f9eddb3931491aab1aeafbc1e7f1ca2a012db4,smartbugs_curated,unchecked_call,True
912,912,False,False,True,True,True,False,False,False,False,False,False,False,False,False,False,False,False,False,False,False,False,False,True,False,False,1,10,13,0,0,0,0,0,0,0,1,0,0.0,0,0,0.0,0,0,0,0,8,16,0,11,1,11,5,0.0,0.0,73.0,127.41818181818181,True,critical,0,0,0,0,0.0,False,0,0,0,0,0,0,0.0,False,0,0,0.0,0,0,0,False,0,0,0.0,0,,,2025-12-18 18:22:57.185188,912,king_of_the_ether_throne,smartbugs_curated,unchecked_call,True
913,913,False,False,False,True,False,False,False,False,False,False,False,False,False,False,False,False,False,False,False,False,False,False,True,False,False,0,1,7,0,0,0,0,0,0,0,1,0,0.0,0,0,0.0,0,0,0,0,6,2,0,1,0,5,2,0.0,0.0,12.0,17.759999999999998,False,moderate,0,0,0,0,0.0,False,0,0,0,0,0,0,0.0,False,0,0,0.0,0,0,0,False,0,0,0.0,0,,,2025-12-18 18:22:57.496998,913,0xb37f18af15bafb869a065b61fc83cfc44ed9cc27,smartbugs_curated,unchecked_call,True
914,914,False,True,False,True,False,False,False,False,False,False,False,False,False,False,False,False,False,False,False,False,False,False,True,False,False,1,1,7,0,0,0,0,0,0,0,1,0,0.0,0,0,0.0,0,0,0,0,7,3,0,2,0,7,3,0.0,0.0,22.0,28.6,True,complex,0,0,0,0,0.0,False,0,0,0,0,0,0,0.0,False,0,0,0.0,0,0,0,False,0,0,0.0,0,,,2025-12-18 18:22:57.813516,914,0xdb1c55f6926e7d847ddf8678905ad871a68199d2,smartbugs_curated,unchecked_call,True
915,915,False,False,False,True,False,False,False,False,False,False,False,False,False,False,False,True,False,True,False,False,False,False,True,False,False,1,2,19,0,0,0,0,0,0,0,1,0,0.0,0,0,0.0,0,0,0,0,18,4,0,3,0,9,4,0.0,0.0,39.0,90.13333333333334,True,critical,0,0,0,0,0.0,False,0,0,0,0,0,0,0.0,False,0,0,0.0,0,0,0,False,0,0,0.0,0,,,2025-12-18 18:22:58.149938,915,0x39cfd754c85023648bf003bea2dd498c5612abfa,smartbugs_curated,unchecked_call,True
916,916,False,False,False,True,False,False,False,False,False,False,False,False,False,False,False,False,False,False,False,False,False,False,True,False,False,0,1,9,0,0,0,0,0,0,0,1,0,0.0,0,0,0.0,0,0,0,0,7,4,0,1,0,7,2,0.0,0.0,14.0,19.6,False,moderate,0,0,0,0,0.0,False,0,0,0,0,0,0,0.0,False,0,0,0.0,0,0,0,False,0,0,0.0,0,,,2025-12-18 18:22:58.476517,916,0xe894d54dca59cb53fe9cbc5155093605c7068220,smartbugs_curated,unchecked_call,True
917,917,True,False,False,True,False,False,False,False,False,False,False,False,False,False,True,False,False,False,False,False,False,False,True,False,False,1,3,17,0,0,0,0,0,0,0,1,0,0.0,0,0,0.0,0,0,0,0,14,9,0,4,0,15,5,0.0,0.0,42.0,56.84,True,critical,0,0,0,0,0.0,False,0,0,0,0,0,0,0.0,False,0,0,0.0,0,0,0,False,0,0,0.0,0,,,2025-12-18 18:22:58.869797,917,0xec329ffc97d75fe03428ae155fc7793431487f63,smartbugs_curated,unchecked_call,True
918,918,False,True,False,True,False,False,False,False,False,False,False,False,False,False,False,False,False,False,False,False,False,False,True,False,False,1,1,6,0,0,0,0,0,0,0,1,0,0.0,0,0,0.0,0,0,0,0,6,3,0,2,0,7,3,0.0,0.0,21.0,24.3,True,complex,0,0,0,0,0.0,False,0,0,0,0,0,0,0.0,False,0,0,0.0,0,0,0,False,0,0,0.0,0,,,2025-12-18 18:22:59.191125,918,0x3f2ef511aa6e75231e4deafc7a3d2ecab3741de2,smartbugs_curated,unchecked_call,True
919,919,True,False,False,True,False,False,False,False,False,False,False,False,False,False,False,False,False,True,False,False,False,False,True,False,False,2,1,20,0,0,0,0,0,0,0,1,0,0.0,0,0,0.0,0,0,0,0,18,5,0,3,0,9,4,0.0,0.0,45.0,107.5,True,critical,0,0,0,0,0.0,False,0,0,0,0,0,0,0.0,False,0,0,0.0,0,0,0,False,0,0,0.0,0,,,2025-12-18 18:22:59.537451,919,0x627fa62ccbb1c1b04ffaecd72a53e37fc0e17839,smartbugs_curated,unchecked_call,True
920,920,False,False,False,True,False,False,False,False,False,False,False,False,False,False,False,False,False,True,False,False,False,False,True,False,False,1,1,12,0,0,0,0,0,0,0,1,0,0.0,0,0,0.0,0,0,0,0,11,4,0,2,0,9,4,0.0,0.0,27.0,41.4,True,complex,0,0,0,0,0.0,False,0,0,0,0,0,0,0.0,False,0,0,0.0,0,0,0,False,0,0,0.0,0,,,2025-12-18 18:22:59.868604,920,0xb11b2fed6c9354f7aa2f658d3b4d7b31d8a13b77,smartbugs_curated,unchecked_call,True
921,921,False,False,False,True,False,False,False,False,False,False,False,False,False,False,False,False,False,False,False,False,False,False,True,False,False,0,1,6,0,0,0,0,0,0,0,1,0,0.0,0,0,0.0,0,0,0,0,7,3,0,1,0,8,2,0.0,0.0,11.0,12.5125,False,moderate,0,0,0,0,0.0,False,0,0,0,0,0,0,0.0,False,0,0,0.0,0,0,0,False,0,0,0.0,0,,,2025-12-18 18:23:00.207521,921,0x4a66ad0bca2d700f11e1f2fc2c106f7d3264504c,smartbugs_curated,unchecked_call,True
922,922,True,True,True,True,True,True,True,False,False,False,False,False,False,False,False,False,False,False,False,False,False,False,True,False,False,4,1,21,0,0,0,0,0,0,0,1,0,0.0,0,0,0.0,0,0,0,0,4,22,0,5,7,13,5,0.0,0.0,66.0,98.4923076923077,True,critical,0,0,0,0,0.0,False,0,0,0,0,0,0,0.0,False,0,0,0.0,0,0,0,False,0,0,0.0,0,,,2025-12-18 18:23:00.711323,922,0xe09b1ab8111c2729a76f16de96bc86a7af837928,smartbugs_curated,unchecked_call,True
923,923,False,False,False,True,False,False,False,False,False,False,False,False,False,False,False,False,False,False,False,False,False,False,True,False,False,0,1,7,0,0,0,0,0,0,0,1,0,0.0,0,0,0.0,0,0,0,0,6,3,0,1,0,6,2,0.0,0.0,12.0,16.2,False,moderate,0,0,0,0,0.0,False,0,0,0,0,0,0,0.0,False,0,0,0.0,0,0,0,False,0,0,0.0,0,,,2025-12-18 18:23:01.025167,923,0x3e013fc32a54c4c5b6991ba539dcd0ec4355c859,smartbugs_curated,unchecked_call,True
924,924,False,False,True,True,False,False,False,False,False,False,False,False,False,False,False,False,False,True,False,False,False,False,True,False,False,3,4,13,0,0,0,0,0,0,0,1,0,0.0,0,0,0.0,0,0,0,0,15,7,0,7,0,10,4,0.0,0.0,63.0,125.37,True,critical,0,0,0,0,0.0,False,0,0,0,0,0,0,0.0,False,0,0,0.0,0,0,0,False,0,0,0.0,0,,,2025-12-18 18:23:01.435336,924,0xb620cee6b52f96f3c6b253e6eea556aa2d214a99,smartbugs_curated,unchecked_call,True
925,925,True,True,True,True,True,True,True,True,False,False,False,False,False,False,True,False,False,False,False,False,False,True,True,False,False,7,12,172,0,0,0,0,0,0,0,1,0,0.0,0,0,0.0,0,0,0,0,129,71,0,19,3,24,7,0.0,0.0,302.0,2248.641666666667,True,critical,0,0,0,0,0.0,False,0,0,0,0,0,0,0.0,False,0,0,0.0,0,0,0,False,0,0,0.0,0,,,2025-12-18 18:23:04.149784,925,0x663e4229142a27f00bafb5d087e1e730648314c3,smartbugs_curated,unchecked_call,True
926,926,False,False,False,True,False,False,False,False,False,False,False,False,False,False,False,False,False,False,False,False,False,False,True,False,False,0,1,8,0,0,0,0,0,0,0,1,0,0.0,0,0,0.0,0,0,0,0,6,4,0,1,0,7,2,0.0,0.0,13.0,16.34285714285714,False,moderate,0,0,0,0,0.0,False,0,0,0,0,0,0,0.0,False,0,0,0.0,0,0,0,False,0,0,0.0,0,,,2025-12-18 18:23:04.478373,926,0xd5967fed03e85d1cce44cab284695b41bc675b5c,smartbugs_curated,unchecked_call,True
927,927,False,False,False,True,False,False,False,False,False,False,False,False,False,False,False,False,False,True,False,False,False,False,True,False,False,1,1,14,0,0,0,0,0,0,0,1,0,0.0,0,0,0.0,0,0,0,0,19,4,0,2,0,9,3,0.0,0.0,29.0,70.24444444444444,True,complex,0,0,0,0,0.0,False,0,0,0,0,0,0,0.0,False,0,0,0.0,0,0,0,False,0,0,0.0,0,,,2025-12-18 18:23:04.810622,927,0x84d9ec85c9c568eb332b7226a8f826d897e0a4a8,smartbugs_curated,unchecked_call,True
928,928,False,False,False,True,False,False,False,False,False,False,False,False,False,False,False,False,False,False,False,False,False,False,True,False,False,0,1,5,0,0,0,0,0,0,0,1,0,0.0,0,0,0.0,0,0,0,0,5,2,0,1,0,6,2,0.0,0.0,10.0,10.666666666666666,False,moderate,0,0,0,0,0.0,False,0,0,0,0,0,0,0.0,False,0,0,0.0,0,0,0,False,0,0,0.0,0,,,2025-12-18 18:23:05.252131,928,0xf2570186500a46986f3139f65afedc2afe4f445d,smartbugs_curated,unchecked_call,True
929,929,False,False,False,True,False,False,False,False,False,False,False,False,False,False,False,False,False,False,False,False,False,False,True,False,False,0,1,8,0,0,0,0,0,0,0,1,0,0.0,0,0,0.0,0,0,0,0,6,4,0,1,0,7,2,0.0,0.0,13.0,16.34285714285714,False,moderate,0,0,0,0,0.0,False,0,0,0,0,0,0,0.0,False,0,0,0.0,0,0,0,False,0,0,0.0,0,,,2025-12-18 18:23:05.566659,929,0x4051334adc52057aca763453820cb0e045076ef3,smartbugs_curated,unchecked_call,True
930,930,False,True,False,True,False,False,False,False,False,False,False,False,False,False,False,False,False,False,False,False,False,False,True,False,False,1,1,7,0,0,0,0,0,0,0,1,0,0.0,0,0,0.0,0,0,0,0,7,3,0,2,0,7,3,0.0,0.0,22.0,28.6,True,complex,0,0,0,0,0.0,False,0,0,0,0,0,0,0.0,False,0,0,0.0,0,0,0,False,0,0,0.0,0,,,2025-12-18 18:23:05.876458,930,0xe4eabdca81e31d9acbc4af76b30f532b6ed7f3bf,smartbugs_curated,unchecked_call,True
931,931,False,False,False,True,False,False,False,False,False,False,False,False,False,False,False,False,False,True,False,False,False,False,True,False,False,1,1,12,0,0,0,0,0,0,0,1,0,0.0,0,0,0.0,0,0,0,0,11,4,0,2,0,9,4,0.0,0.0,27.0,41.4,True,complex,0,0,0,0,0.0,False,0,0,0,0,0,0,0.0,False,0,0,0.0,0,0,0,False,0,0,0.0,0,,,2025-12-18 18:23:06.197984,931,0xbaa3de6504690efb064420d89e871c27065cdd52,smartbugs_curated,unchecked_call,True
932,932,False,False,False,True,False,False,False,False,False,False,False,False,False,False,False,False,False,False,False,False,False,False,True,False,False,0,1,5,0,0,0,0,0,0,0,1,0,0.0,0,0,0.0,0,0,0,0,4,2,0,1,0,4,2,0.0,0.0,10.0,13.5,False,moderate,0,0,0,0,0.0,False,0,0,0,0,0,0,0.0,False,0,0,0.0,0,0,0,False,0,0,0.0,0,,,2025-12-18 18:23:06.506144,932,unchecked_return_value,smartbugs_curated,unchecked_call,True
933,933,False,False,False,True,False,False,False,False,False,False,False,False,False,False,False,False,False,False,False,False,False,False,True,False,False,0,1,8,0,0,0,0,0,0,0,1,0,0.0,0,0,0.0,0,0,0,0,6,4,0,1,0,7,2,0.0,0.0,13.0,16.34285714285714,False,moderate,0,0,0,0,0.0,False,0,0,0,0,0,0,0.0,False,0,0,0.0,0,0,0,False,0,0,0.0,0,,,2025-12-18 18:23:06.821874,933,0x4b71ad9c1a84b9b643aa54fdd66e2dec96e8b152,smartbugs_curated,unchecked_call,True
934,934,False,False,False,False,False,False,False,False,False,False,False,False,False,False,False,False,False,False,False,False,False,False,True,False,False,0,0,2,0,0,0,0,0,0,0,1,0,0.0,0,0,0.0,0,0,0,0,2,0,0,0,0,1,1,0.0,0.0,2.0,4.0,False,simple,0,0,0,0,0.0,False,0,0,0,0,0,0,0.0,False,0,0,0.0,0,0,0,False,0,0,0.0,0,,,2025-12-18 18:23:07.149366,934,short_address_example,smartbugs_curated,short_address,True
935,935,False,True,False,False,True,False,False,False,False,False,False,False,False,False,False,False,False,False,False,False,False,False,True,False,False,1,0,5,0,0,0,0,0,0,0,1,0,0.0,0,0,0.0,0,0,0,0,4,2,0,1,1,4,3,0.0,0.0,15.0,20.25,True,moderate,0,0,0,0,0.0,False,0,0,0,0,0,0,0.0,False,0,0,0.0,0,0,0,False,0,0,0.0,0,,,2025-12-18 18:23:07.508466,935,odds_and_evens,smartbugs_curated,front_running,True
936,936,False,False,False,False,False,False,False,False,False,False,False,False,False,False,False,False,False,False,False,False,True,False,True,False,False,0,0,6,6,5,3,0,1,0,103,2,1,1.0,0,31,0.30097087378640774,0,4,0,0,4,3,0,0,0,4,2,0.0,0.0,6.0,9.15,False,moderate,27,21,0,8,0.7777777777777778,False,5,6,6,3,1,5,0.625,False,6,0,0.5,4,3,4,True,2,11,2.0,6,,,2025-12-18 18:23:08.651072,936,ERC20,smartbugs_curated,front_running,True
937,937,False,True,False,False,False,False,False,False,False,False,False,False,False,False,False,False,False,False,False,False,False,False,True,False,False,1,0,3,3,1,1,0,1,0,16,1,1,1.0,0,7,0.4375,1,0,0,0,4,1,0,1,0,4,2,0.0,0.0,13.0,15.275,False,moderate,5,2,0,2,0.4,False,0,3,3,2,1,1,0.3333333333333333,False,2,1,0.6666666666666666,4,1,1,True,1,1,1.0,1,,,2025-12-18 18:23:08.991794,937,FindThisHash,smartbugs_curated,front_running,True
938,938,False,False,False,False,True,False,False,False,False,False,False,False,False,False,False,False,False,False,False,False,False,False,True,False,False,0,0,5,0,0,0,0,0,0,0,1,0,0.0,0,0,0.0,0,0,0,0,2,3,0,0,2,3,2,0.0,0.0,5.0,6.833333333333334,False,moderate,0,0,0,0,0.0,False,0,0,0,0,0,0,0.0,False,0,0,0.0,0,0,0,False,0,0,0.0,0,,,2025-12-18 18:23:09.327814,938,eth_tx_order_dependence_minimal,smartbugs_curated,front_running,True
939,939,False,False,False,False,False,False,False,False,False,False,False,False,False,False,False,False,False,False,False,False,False,False,True,False,False,0,0,7,4,0,1,0,3,0,59,3,1,1.5,0,35,0.5932203389830508,0,0,2,0,4,3,0,0,0,3,1,0.0,0.0,7.0,14.233333333333334,False,moderate,15,12,0,4,0.8,False,1,6,4,7,1,0,0.0,True,3,1,1.75,5,1,2,True,0,2,0.0,2,,,2025-12-18 18:26:36.290164,939,Ownable2Step,openzeppelin,none,False
940,940,False,False,False,False,False,False,False,False,False,False,False,False,False,False,False,False,False,False,False,False,False,False,True,False,False,0,0,5,6,0,1,1,3,0,87,2,1,2.0,0,47,0.5402298850574713,0,0,1,0,3,2,0,0,0,2,1,0.0,0.0,5.0,11.0,False,moderate,24,21,0,4,0.875,False,1,12,6,10,1,0,0.0,False,3,3,1.6666666666666667,6,1,1,True,0,3,0.0,3,,,2025-12-18 18:26:36.598236,940,Ownable,openzeppelin,none,False
941,941,False,False,False,False,False,False,False,False,False,False,False,False,False,False,False,False,False,False,False,False,False,False,True,True,False,0,0,10,12,0,2,1,3,0,189,5,1,1.5,0,121,0.6402116402116402,0,0,2,0,7,3,0,0,0,3,1,0.0,0.0,10.0,30.333333333333336,False,moderate,42,32,0,4,0.7619047619047619,False,7,18,12,20,2,0,0.0,True,6,6,1.6666666666666667,8,2,3,True,0,19,0.0,11,,,2025-12-18 18:26:36.948068,941,AccessControl,openzeppelin,none,False
942,942,False,False,False,False,False,False,False,False,False,False,False,False,False,False,False,False,False,False,False,False,False,False,True,False,False,0,0,2,5,0,0,0,1,0,87,1,1,1.0,0,74,0.8505747126436781,0,0,0,0,2,0,0,0,0,1,1,0.0,0.0,2.0,4.0,False,simple,0,0,0,0,0.0,False,0,0,5,0,0,0,0.0,False,5,0,0.0,5,0,0,False,0,9,0.0,5,,,2025-12-18 18:26:37.261661,942,IAccessControl,openzeppelin,none,False
943,943,False,False,False,False,False,False,False,False,False,False,False,False,False,False,True,False,False,False,False,False,False,False,True,False,False,0,0,30,0,0,0,0,0,0,0,1,0,0.0,0,0,0.0,0,0,0,0,28,2,0,0,0,4,2,0.0,0.0,30.0,220.5,True,critical,0,0,0,0,0.0,False,0,0,0,0,0,0,0.0,False,0,0,0.0,0,0,0,False,0,0,0.0,0,,,2025-12-18 18:26:37.852488,943,MultipleInheritanceInitializableMocks,openzeppelin,none,False
944,944,False,False,False,False,False,False,False,False,False,False,False,False,False,False,True,False,False,False,False,False,False,True,True,True,False,0,2,33,3,4,3,0,6,0,42,7,1,2.6666666666666665,0,10,0.23809523809523808,0,1,1,0,20,15,0,2,0,5,3,0.0,0.0,43.0,262.3,True,critical,17,16,0,9,0.9411764705882353,False,2,8,3,2,1,4,0.6666666666666666,False,2,1,0.6666666666666666,3,3,2,True,1,7,2.0,2,,,2025-12-18 18:26:38.255067,944,ERC3156FlashBorrowerMock,openzeppelin,none,False
945,945,False,False,False,False,False,False,False,False,False,False,False,False,False,False,True,False,False,False,False,False,False,False,True,True,False,0,0,41,1,4,0,0,7,0,19,13,1,7.0,0,1,0.05263157894736842,0,0,0,0,23,18,0,0,0,4,2,0.0,0.0,41.0,364.9,True,critical,15,16,2,11,1.0666666666666667,True,0,7,1,3,1,4,0.5714285714285714,False,1,0,3.0,3,0,1,False,2,3,0.5,1,,,2025-12-18 18:26:38.751372,945,MulticallHelper,openzeppelin,none,False
947,947,False,False,False,False,False,False,False,False,False,False,False,False,False,False,False,False,False,False,False,False,False,False,True,False,False,0,0,4,3,0,0,0,1,0,25,3,1,1.0,0,1,0.04,0,0,1,0,3,1,0,0,0,2,1,0.0,0.0,4.0,7.4,False,moderate,6,3,0,1,0.5,False,0,3,3,3,1,0,0.0,False,3,0,1.0,2,0,0,False,0,2,0.0,1,,,2025-12-18 18:26:39.609630,947,ContextMock,openzeppelin,none,False
949,949,False,False,False,False,False,False,False,False,False,False,False,False,False,False,True,False,False,False,False,False,False,False,True,False,False,0,0,32,9,10,0,0,2,0,51,3,1,1.1111111111111112,0,2,0.0392156862745098,0,8,0,0,5,27,0,0,0,3,2,0.0,0.0,32.0,254.93333333333334,True,critical,20,11,0,2,0.55,False,10,10,9,2,0,10,0.8333333333333334,False,0,9,0.2222222222222222,10,0,9,False,4,26,2.25,9,,,2025-12-18 18:26:40.606544,949,MerkleProofCustomHashMock,openzeppelin,none,False
950,950,False,False,False,False,False,True,True,False,False,False,False,False,False,False,True,False,False,False,False,False,False,False,True,True,False,0,0,31,4,2,0,0,3,0,27,8,1,1.5,0,2,0.07407407407407407,0,1,2,0,20,11,0,0,0,6,3,0.0,0.0,31.0,143.11666666666667,True,critical,13,10,0,4,0.7692307692307693,False,0,6,4,1,1,2,0.6666666666666666,False,4,0,0.25,4,0,1,False,0,2,0.0,1,,,2025-12-18 18:26:40.983332,950,AccessManagedTarget,openzeppelin,none,False
951,951,False,False,False,False,False,False,False,False,False,False,False,False,False,False,True,True,False,False,False,False,False,False,True,False,False,0,1,9,0,0,0,0,0,0,0,1,0,0.0,0,0,0.0,0,0,0,0,5,5,0,1,0,5,2,0.0,0.0,14.0,23.8,False,moderate,0,0,0,0,0.0,False,0,0,0,0,0,0,0.0,False,0,0,0.0,0,0,0,False,0,0,0.0,0,,,2025-12-18 18:26:41.382455,951,SingleInheritanceInitializableMocks,openzeppelin,none,False
952,952,False,False,False,False,False,False,False,False,False,False,False,False,False,False,True,True,False,False,False,False,False,True,True,True,False,0,3,71,9,1,3,0,1,0,47,9,1,1.0,0,2,0.0425531914893617,2,1,0,0,35,39,0,3,0,7,3,0.0,0.0,86.0,765.4,True,critical,20,11,0,3,0.55,False,2,9,9,1,1,1,0.5,False,9,0,0.1111111111111111,9,3,4,False,0,6,0.0,4,,,2025-12-18 18:26:41.862645,952,DummyImplementation,openzeppelin,none,False
953,953,False,False,False,True,False,False,False,False,False,False,False,False,False,False,True,False,False,False,False,False,False,False,True,False,False,0,0,28,10,6,1,0,3,1,46,5,1,1.4,0,1,0.021739130434782608,0,0,1,0,18,10,0,0,0,4,3,0.0,0.0,28.0,175.0,True,critical,37,29,0,6,0.7837837837837838,False,1,14,10,21,1,6,0.2222222222222222,True,9,1,2.1,8,1,3,True,6,4,0.5,4,,,2025-12-18 18:26:42.273660,953,ReentrancyMock,openzeppelin,none,False
955,955,False,False,False,False,False,False,False,False,False,False,False,False,False,False,True,False,False,False,False,False,False,False,True,False,False,1,2,76,1,1,0,0,1,0,14,3,1,1.0,0,2,0.14285714285714285,0,1,0,0,8,71,0,3,0,6,2,0.0,0.0,96.0,923.1999999999998,True,critical,4,3,0,3,0.75,False,1,1,1,0,0,1,1.0,False,1,0,0.0,1,0,1,False,0,1,0.0,1,,,2025-12-18 18:26:43.458342,955,Base64Dirty,openzeppelin,none,False
956,956,False,False,False,False,False,False,False,False,False,False,False,False,False,False,False,False,False,False,False,False,False,False,True,True,False,0,0,11,0,0,0,0,0,0,0,1,0,0.0,0,0,0.0,0,0,0,0,11,0,0,0,0,4,1,0.0,0.0,11.0,30.25,False,moderate,0,0,0,0,0.0,False,0,0,0,0,0,0,0.0,False,0,0,0.0,0,0,0,False,0,0,0.0,0,,,2025-12-18 18:26:43.823947,956,AuthorityMock,openzeppelin,none,False
957,957,False,False,False,False,False,False,False,False,False,False,False,False,False,False,True,False,False,False,False,False,False,False,True,False,False,0,0,13,0,0,0,0,0,0,0,1,0,0.0,0,0,0.0,0,0,0,0,9,4,0,0,0,4,2,0.0,0.0,13.0,38.35,False,complex,0,0,0,0,0.0,False,0,0,0,0,0,0,0.0,False,0,0,0.0,0,0,0,False,0,0,0.0,0,,,2025-12-18 18:26:44.241639,957,RegressionImplementation,openzeppelin,none,False
958,958,False,False,False,False,False,False,False,False,False,False,False,False,False,False,True,False,False,False,False,False,False,False,True,False,False,0,0,43,18,18,2,0,1,0,64,7,1,1.0,0,2,0.03125,0,18,2,0,27,16,0,0,0,3,2,0.0,0.0,43.0,547.5333333333333,True,critical,36,18,0,1,0.5,False,9,18,18,0,0,18,1.0,False,18,0,0.0,18,2,18,False,0,27,0.0,18,,,2025-12-18 18:26:44.722182,958,StorageSlotMock,openzeppelin,none,False
959,959,False,False,False,False,False,False,False,False,False,False,False,False,False,False,True,False,False,False,False,False,False,False,True,True,False,0,0,8,0,0,0,0,0,0,0,1,0,0.0,0,0,0.0,0,0,0,0,8,0,0,0,0,4,2,0.0,0.0,8.0,16.0,False,moderate,0,0,0,0,0.0,False,0,0,0,0,0,0,0.0,False,0,0,0.0,0,0,0,False,0,0,0.0,0,,,2025-12-18 18:26:45.103433,959,ERC165Mock,openzeppelin,none,False
962,962,False,False,False,True,False,False,False,False,False,False,False,False,False,False,False,False,False,False,False,False,False,False,True,False,False,0,0,7,2,2,0,0,1,2,13,2,1,1.0,0,1,0.07692307692307693,0,0,1,0,5,2,0,0,0,3,2,0.0,0.0,7.0,14.933333333333334,False,moderate,8,6,0,3,0.75,False,0,2,2,4,1,2,0.3333333333333333,False,2,0,2.0,2,0,2,False,2,2,1.0,2,,,2025-12-18 18:26:47.247500,962,ReentrancyAttack,openzeppelin,none,False
963,963,False,False,False,False,False,False,False,False,False,False,False,False,False,False,True,False,False,False,False,False,False,True,True,False,False,0,1,29,3,1,3,0,3,0,21,4,1,1.6666666666666667,0,1,0.047619047619047616,0,1,0,0,15,15,0,1,0,5,3,0.0,0.0,34.0,173.4,True,critical,10,8,0,3,0.8,False,0,5,3,0,0,1,1.0,False,3,0,0.0,3,3,1,True,1,2,1.0,1,,,2025-12-18 18:26:47.723077,963,TimelockReentrant,openzeppelin,none,False
964,964,False,False,False,False,False,False,False,False,False,False,False,False,False,False,False,False,False,False,False,False,False,False,True,False,False,0,0,3,1,0,1,0,9,0,28,1,1,9.0,0,3,0.10714285714285714,0,0,0,0,4,0,0,0,1,3,1,0.0,0.0,3.0,4.0,False,simple,15,18,0,7,1.2,False,0,9,1,3,1,0,0.0,False,1,0,3.0,3,1,1,False,0,1,0.0,1,,,2025-12-18 18:26:48.098111,964,ConstructorMock,openzeppelin,none,False
965,965,False,False,False,False,False,False,False,False,False,False,False,False,False,False,True,False,False,True,False,False,False,False,True,False,False,0,0,36,4,3,0,0,1,0,22,9,1,1.0,0,3,0.13636363636363635,0,0,2,0,20,16,0,0,0,5,3,0.0,0.0,36.0,224.64,True,critical,9,5,0,2,0.5555555555555556,False,3,4,4,5,1,3,0.375,True,1,3,1.25,0,0,0,False,1,1,0.0,1,,,2025-12-18 18:26:48.618712,965,ERC2771ContextMock,openzeppelin,none,False
967,967,False,False,False,False,False,False,False,False,False,False,False,False,False,False,False,True,False,False,False,False,False,False,True,False,False,0,1,2,2,0,1,0,3,0,13,1,1,2.0,0,1,0.07692307692307693,1,0,0,0,3,0,0,1,0,2,2,0.0,0.0,7.0,10.5,False,moderate,6,5,0,2,0.8333333333333334,False,0,4,2,1,1,0,0.0,False,2,0,0.5,2,1,1,True,0,1,0.0,1,,,2025-12-18 18:26:49.469647,967,EtherReceiverMock,openzeppelin,none,False
968,968,False,False,False,False,False,False,False,False,False,False,False,False,False,False,True,True,False,False,False,False,False,False,True,False,False,0,1,7,15,1,1,0,3,0,83,2,1,1.1333333333333333,0,1,0.012048192771084338,11,0,0,0,7,2,0,1,1,6,2,0.0,0.0,12.0,16.8,False,moderate,48,33,1,5,0.6875,False,8,17,15,6,1,1,0.14285714285714285,False,15,0,0.4,13,1,0,True,0,14,0.0,6,,,2025-12-18 18:26:49.841917,968,CallReceiverMock,openzeppelin,none,False
969,969,False,False,False,False,False,False,False,False,False,False,False,False,False,False,False,False,False,False,False,False,False,False,True,False,False,0,0,6,5,0,2,0,1,0,23,3,1,1.0,0,1,0.043478260869565216,0,0,2,0,4,2,0,0,0,2,1,0.0,0.0,6.0,16.2,False,moderate,13,8,0,2,0.6153846153846154,False,0,5,5,4,1,0,0.0,False,5,0,0.8,5,2,0,True,0,0,0.0,0,,,2025-12-18 18:26:50.219964,969,PausableMock,openzeppelin,none,False
971,971,False,False,False,False,False,False,False,False,False,False,False,False,False,False,True,False,False,False,False,False,False,False,True,False,False,0,0,29,1,2,0,0,4,0,17,4,1,4.0,0,1,0.058823529411764705,0,1,0,0,15,14,0,0,0,3,2,0.0,0.0,29.0,239.73333333333332,True,critical,9,9,1,6,1.0,False,1,4,1,0,0,2,1.0,False,1,0,0.0,1,0,1,False,2,1,0.5,1,,,2025-12-18 18:26:50.974221,971,BatchCaller,openzeppelin,none,False
972,972,False,False,True,False,False,False,False,False,False,False,False,False,True,False,True,False,False,False,False,False,False,True,True,True,False,1,12,154,4,0,0,0,1,0,14,14,1,1.0,0,1,0.07142857142857142,0,0,2,0,39,128,0,13,0,10,5,0.0,0.0,224.0,2880.64,True,critical,9,5,0,2,0.5555555555555556,False,0,4,4,2,1,0,0.0,True,3,1,0.5,3,0,0,False,0,1,0.0,1,,,2025-12-18 18:26:52.614080,972,AccessManagerMock,openzeppelin,none,False
973,973,False,False,False,False,False,False,False,False,False,False,False,False,False,False,True,True,False,False,False,False,False,False,True,False,False,0,1,6,8,0,3,0,1,0,99,10,1,1.0,0,5,0.050505050505050504,2,0,1,0,7,0,0,1,0,4,2,0.0,0.0,11.0,19.25,False,moderate,21,13,0,2,0.6190476190476191,False,1,8,8,9,2,0,0.0,False,8,0,1.125,5,3,2,False,0,2,0.0,2,,,2025-12-18 18:26:53.163079,973,InitializableMock,openzeppelin,none,False
974,974,False,False,False,False,False,False,False,False,False,False,False,False,False,False,False,False,False,False,False,False,False,False,True,True,False,0,0,6,1,0,1,0,1,0,21,4,1,1.0,0,4,0.19047619047619047,0,0,1,0,6,1,0,0,1,5,1,0.0,0.0,6.0,8.04,False,moderate,2,1,0,1,0.5,False,0,1,1,0,0,0,0.0,False,1,0,0.0,1,1,1,False,0,1,0.0,1,,,2025-12-18 18:26:53.505056,974,UpgradeableBeaconMock,openzeppelin,none,False
976,976,False,False,False,False,False,False,False,False,False,False,False,False,False,False,True,False,False,False,False,False,False,False,True,True,False,0,0,21,2,1,0,0,2,0,19,6,1,1.5,0,1,0.05263157894736842,0,1,1,0,12,9,0,0,0,4,2,0.0,0.0,21.0,96.07499999999999,True,complex,6,4,0,2,0.6666666666666666,False,2,3,2,2,1,1,0.3333333333333333,True,2,0,1.0,1,0,1,False,0,3,0.0,2,,,2025-12-18 18:26:54.600892,976,ERC1271WalletMock,openzeppelin,none,False
977,977,False,False,False,False,False,False,False,False,False,False,False,False,False,False,False,False,False,False,False,False,False,False,True,True,False,0,0,8,27,0,0,0,1,0,402,3,1,1.0,0,266,0.6616915422885572,1,0,1,0,8,0,0,0,0,3,1,0.0,0.0,8.0,21.333333333333332,False,moderate,0,0,0,0,0.0,False,0,0,27,0,0,0,0.0,False,27,0,0.0,27,0,0,False,0,57,0.0,21,,,2025-12-18 18:26:54.924841,977,IGovernor,openzeppelin,none,False
978,978,False,True,True,True,False,False,True,False,False,False,False,False,False,False,True,False,False,False,False,False,False,True,True,True,False,1,3,50,24,4,6,1,9,1,422,13,1,2.625,0,191,0.45260663507109006,3,1,3,0,28,26,0,4,0,11,7,0.0,0.0,75.0,315.0,True,critical,145,137,4,14,0.9448275862068966,True,14,63,24,49,4,4,0.07547169811320754,True,18,6,2.0416666666666665,16,6,8,True,2,54,4.0,21,,,2025-12-18 18:26:55.576575,978,TimelockController,openzeppelin,none,False
980,980,False,False,True,False,False,False,False,False,False,False,False,False,False,False,True,False,False,False,False,False,True,True,True,True,False,1,10,820,10,2,0,2,3,0,136,17,1,1.7,0,69,0.5073529411764706,1,1,1,0,464,367,0,11,0,13,4,0.0,0.0,880.0,48799.38461538462,True,critical,32,25,0,4,0.78125,False,7,17,10,11,2,2,0.15384615384615385,True,5,5,1.1,7,0,2,False,1,10,2.0,5,,,2025-12-18 18:26:58.488978,980,Account,openzeppelin,none,False
982,982,False,False,False,False,False,False,False,False,False,False,False,False,False,False,False,False,False,False,False,False,False,False,True,False,False,0,0,10,6,0,1,0,2,0,81,2,1,1.3333333333333333,0,42,0.5185185185185185,0,0,1,0,3,7,0,0,0,3,1,0.0,0.0,10.0,26.333333333333336,False,moderate,20,14,0,4,0.7,False,7,8,6,7,1,0,0.0,True,2,4,1.1666666666666667,3,1,1,True,0,2,0.0,2,,,2025-12-18 18:26:59.391818,982,ERC2771Context,openzeppelin,none,False
984,984,False,False,False,False,False,False,False,False,False,False,False,False,False,False,False,True,False,False,False,False,False,False,True,True,False,0,1,8,3,2,1,0,5,0,59,4,1,2.3333333333333335,0,28,0.4745762711864407,1,2,1,0,7,2,0,1,0,5,2,0.0,0.0,13.0,21.84,False,moderate,10,11,0,7,1.1,False,1,5,3,4,1,2,0.3333333333333333,False,1,2,1.3333333333333333,4,1,1,False,2,9,0.5,3,,,2025-12-18 18:27:00.128308,984,ERC7786Recipient,openzeppelin,none,False
985,985,False,False,False,False,False,False,False,False,False,False,False,False,False,False,False,False,False,False,False,False,False,False,True,True,False,0,0,5,6,0,0,0,1,0,4,2,1,1.0,0,2,0.5,0,0,1,0,5,0,0,0,0,2,1,0.0,0.0,5.0,12.5,False,moderate,0,0,0,0,0.0,False,0,0,6,0,0,0,0.0,False,6,0,0.0,6,0,0,False,0,18,0.0,6,,,2025-12-18 18:27:00.597261,985,IERC1155,openzeppelin,none,False
986,986,False,False,False,False,False,False,False,False,False,False,False,False,False,False,False,False,False,False,False,False,False,False,True,False,False,0,0,2,0,0,0,0,0,0,20,1,1,0.0,0,14,0.7,0,0,0,0,2,0,0,0,0,1,1,0.0,0.0,2.0,4.0,False,simple,0,0,0,0,0.0,False,0,0,0,0,0,0,0.0,False,0,0,0.0,0,0,0,False,0,0,0.0,0,,,2025-12-18 18:27:00.893711,986,IERC1967,openzeppelin,none,False
987,987,False,False,False,False,False,False,False,False,False,False,False,False,False,False,False,False,False,False,False,False,False,False,True,False,False,0,0,3,1,0,0,0,1,0,4,1,1,1.0,0,2,0.5,0,0,0,0,3,0,0,0,0,1,1,0.0,0.0,3.0,9.0,False,simple,0,0,0,0,0.0,False,0,0,1,0,0,0,0.0,False,1,0,0.0,1,0,0,False,0,1,0.0,1,,,2025-12-18 18:27:01.214182,987,IERC165,openzeppelin,none,False
988,988,False,False,False,False,False,False,False,False,False,False,False,False,False,False,False,False,False,False,False,False,False,False,True,False,False,0,0,4,0,0,0,0,0,0,0,1,0,0.0,0,0,0.0,0,0,0,0,4,0,0,0,0,1,1,0.0,0.0,4.0,16.0,False,moderate,0,0,0,0,0.0,False,0,0,0,0,0,0,0.0,False,0,0,0.0,0,0,0,False,0,0,0.0,0,,,2025-12-18 18:27:01.511891,988,IERC3156,openzeppelin,none,False
989,989,False,False,False,False,False,False,False,False,False,False,False,False,False,False,False,False,False,False,False,False,False,False,True,False,False,0,0,2,1,0,0,0,1,0,24,1,1,1.0,0,20,0.8333333333333334,0,0,0,0,2,0,0,0,0,1,1,0.0,0.0,2.0,4.0,False,simple,0,0,0,0,0.0,False,0,0,1,0,0,0,0.0,False,1,0,0.0,1,0,0,False,0,3,0.0,1,,,2025-12-18 18:27:01.818519,989,IERC1363Spender,openzeppelin,none,False
990,990,False,False,False,False,False,False,False,False,False,False,False,False,False,False,False,False,False,False,False,False,False,False,True,True,False,0,0,4,7,0,0,0,1,0,107,5,1,1.0,0,75,0.7009345794392523,0,0,1,0,4,0,0,0,0,2,1,0.0,0.0,4.0,8.0,False,moderate,0,0,0,0,0.0,False,0,0,7,0,0,0,0.0,False,7,0,0.0,7,0,0,False,0,19,0.0,7,,,2025-12-18 18:27:02.134702,990,IERC6909,openzeppelin,none,False
991,991,False,False,False,False,False,False,False,False,False,False,False,False,False,False,False,False,False,False,False,False,False,False,True,True,False,0,0,4,1,0,0,0,1,0,23,2,1,1.0,0,15,0.6521739130434783,0,0,1,0,4,0,0,0,0,2,1,0.0,0.0,4.0,8.0,False,moderate,0,0,0,0,0.0,False,0,0,1,0,0,0,0.0,False,1,0,0.0,1,0,0,False,0,2,0.0,1,,,2025-12-18 18:27:02.450083,991,IERC2981,openzeppelin,none,False
992,992,False,False,False,False,False,False,False,False,False,False,False,False,False,False,False,False,False,False,False,False,False,False,True,False,False,0,0,2,1,0,0,0,1,0,25,1,1,1.0,0,9,0.36,0,0,0,0,2,0,0,0,0,1,1,0.0,0.0,2.0,4.0,False,simple,0,0,0,0,0.0,False,0,0,1,0,0,0,0.0,False,1,0,0.0,1,0,0,False,0,0,0.0,0,,,2025-12-18 18:27:02.754187,992,IERC5267,openzeppelin,none,False
993,993,False,False,False,False,False,False,False,False,False,False,False,False,False,False,False,False,False,False,False,False,False,False,True,False,False,0,0,2,1,0,0,0,1,0,15,1,1,1.0,0,11,0.7333333333333333,0,0,0,0,2,0,0,0,0,1,1,0.0,0.0,2.0,4.0,False,simple,0,0,0,0,0.0,False,0,0,1,0,0,0,0.0,False,1,0,0.0,1,0,0,False,0,2,0.0,1,,,2025-12-18 18:27:03.049510,993,IERC1271,openzeppelin,none,False
994,994,False,False,False,False,False,False,False,False,False,False,False,False,False,False,False,False,False,False,False,False,False,False,True,False,False,0,0,3,6,0,0,0,1,0,4,1,1,1.0,0,2,0.5,0,0,0,0,3,0,0,0,0,1,1,0.0,0.0,3.0,9.0,False,simple,0,0,0,0,0.0,False,0,0,6,0,0,0,0.0,False,6,0,0.0,6,0,0,False,0,10,0.0,5,,,2025-12-18 18:27:03.370240,994,IERC20,openzeppelin,none,False
995,995,False,False,False,False,False,False,False,False,False,False,False,False,False,False,False,False,False,False,False,False,False,False,True,True,False,0,0,7,6,0,0,0,1,0,77,3,1,1.0,0,66,0.8571428571428571,0,0,1,0,7,0,0,0,0,2,1,0.0,0.0,7.0,24.5,False,moderate,0,0,0,0,0.0,False,0,0,6,0,0,0,0.0,False,6,0,0.0,3,0,0,False,0,17,0.0,6,,,2025-12-18 18:27:03.689893,995,IERC1363,openzeppelin,none,False
996,996,False,False,False,False,False,False,False,False,False,False,False,False,False,False,False,False,False,False,False,False,False,False,True,False,False,0,0,2,1,0,0,0,1,0,14,1,1,1.0,0,10,0.7142857142857143,0,0,0,0,2,0,0,0,0,1,1,0.0,0.0,2.0,4.0,False,simple,0,0,0,0,0.0,False,0,0,1,0,0,0,0.0,False,1,0,0.0,1,0,0,False,0,0,0.0,0,,,2025-12-18 18:27:04.000172,996,IERC5313,openzeppelin,none,False
997,997,False,False,False,False,False,False,False,False,False,False,False,False,False,False,False,False,False,False,False,False,False,False,True,True,False,0,0,5,16,0,0,0,1,0,210,3,1,1.0,0,181,0.861904761904762,0,0,2,0,5,0,0,0,0,2,1,0.0,0.0,5.0,12.5,False,moderate,0,0,0,0,0.0,False,0,0,16,0,0,0,0.0,False,16,0,0.0,16,0,0,False,0,20,0.0,14,,,2025-12-18 18:27:04.317759,997,IERC4626,openzeppelin,none,False
998,998,False,False,False,False,False,False,False,False,False,False,False,False,False,False,False,False,False,False,False,False,False,False,True,False,False,0,0,2,0,0,0,0,0,0,10,1,1,0.0,0,6,0.6,0,0,0,0,2,0,0,0,0,1,1,0.0,0.0,2.0,4.0,False,simple,0,0,0,0,0.0,False,0,0,0,0,0,0,0.0,False,0,0,0.0,0,0,0,False,0,0,0.0,0,,,2025-12-18 18:27:04.624904,998,IERC7751,openzeppelin,none,False
999,999,False,False,False,False,False,False,False,False,False,False,False,False,False,False,False,False,False,False,False,False,False,False,True,False,False,0,0,2,1,0,0,0,1,0,30,1,1,1.0,0,21,0.7,0,0,0,0,2,0,0,0,0,1,1,0.0,0.0,2.0,4.0,False,simple,0,0,0,0,0.0,False,0,0,1,0,0,0,0.0,False,1,0,0.0,1,0,0,False,0,4,0.0,1,,,2025-12-18 18:27:04.934109,999,IERC1363Receiver,openzeppelin,none,False
1000,1000,False,False,False,False,False,False,False,False,False,False,False,False,False,False,False,False,False,False,False,False,False,False,True,True,False,0,0,6,3,0,0,0,1,0,4,3,1,1.0,0,2,0.5,0,0,2,0,6,0,0,0,0,2,1,0.0,0.0,6.0,18.0,False,moderate,0,0,0,0,0.0,False,0,0,3,0,0,0,0.0,False,3,0,0.0,3,0,0,False,0,3,0.0,2,,,2025-12-18 18:27:05.249200,1000,IERC721Enumerable,openzeppelin,none,False
1001,1001,False,False,False,False,False,False,False,False,False,False,False,False,False,False,False,False,False,False,False,False,False,False,True,True,False,0,0,5,9,0,0,0,1,0,4,2,1,1.0,0,2,0.5,0,0,1,0,5,0,0,0,0,2,1,0.0,0.0,5.0,12.5,False,moderate,0,0,0,0,0.0,False,0,0,9,0,0,0,0.0,False,9,0,0.0,8,0,0,False,0,19,0.0,9,,,2025-12-18 18:27:05.559220,1001,IERC721,openzeppelin,none,False
1002,1002,False,False,False,False,False,False,False,False,False,False,False,False,False,False,False,False,False,False,False,False,False,False,True,False,False,0,0,2,0,0,0,0,0,0,17,1,1,0.0,0,8,0.47058823529411764,0,0,0,0,2,0,0,0,0,1,1,0.0,0.0,2.0,4.0,False,simple,0,0,0,0,0.0,False,0,0,0,0,0,0,0.0,False,0,0,0.0,0,0,0,False,0,0,0.0,0,,,2025-12-18 18:27:05.856624,1002,IERC2309,openzeppelin,none,False
1003,1003,False,False,False,False,False,False,False,False,False,False,False,False,False,False,False,False,False,False,False,False,False,False,True,True,False,0,0,5,3,0,0,0,1,0,4,2,1,1.0,0,2,0.5,0,0,1,0,5,0,0,0,0,2,1,0.0,0.0,5.0,12.5,False,moderate,0,0,0,0,0.0,False,0,0,3,0,0,0,0.0,False,3,0,0.0,3,0,0,False,0,0,0.0,0,,,2025-12-18 18:27:06.170723,1003,IERC20Metadata,openzeppelin,none,False
1004,1004,False,False,False,False,False,False,False,False,False,False,False,False,False,False,False,False,False,False,False,False,False,False,True,True,False,0,0,5,0,0,0,0,0,0,5,2,1,0.0,0,2,0.4,0,0,1,0,5,0,0,0,0,3,1,0.0,0.0,5.0,8.333333333333334,False,moderate,0,0,0,0,0.0,False,0,0,0,0,0,0,0.0,False,0,0,0.0,0,0,0,False,0,0,0.0,0,,,2025-12-18 18:27:06.467952,1004,IERC2612,openzeppelin,none,False
1005,1005,False,False,False,False,False,False,False,False,False,False,False,False,False,False,False,False,False,False,False,False,False,False,True,True,False,0,0,6,0,0,0,0,0,0,6,3,1,0.0,0,2,0.3333333333333333,0,0,1,0,6,0,0,0,0,3,1,0.0,0.0,6.0,12.0,False,moderate,0,0,0,0,0.0,False,0,0,0,0,0,0,0.0,False,0,0,0.0,0,0,0,False,0,0,0.0,0,,,2025-12-18 18:27:06.770697,1005,IERC5805,openzeppelin,none,False
1006,1006,False,False,False,False,False,False,False,False,False,False,False,False,False,False,False,False,False,False,False,False,False,False,True,False,False,0,0,2,13,0,0,0,1,0,181,1,1,1.0,0,147,0.8121546961325967,0,0,0,0,2,0,0,0,0,1,1,0.0,0.0,2.0,4.0,False,simple,0,0,0,0,0.0,False,0,0,13,0,0,0,0.0,False,13,0,0.0,13,0,0,False,0,19,0.0,8,,,2025-12-18 18:27:07.086379,1006,IERC777,openzeppelin,none,False
1007,1007,False,False,False,False,False,False,False,False,False,False,False,False,False,False,False,False,False,False,False,False,False,False,True,False,False,0,0,2,0,0,0,0,0,0,0,1,0,0.0,0,0,0.0,0,0,0,0,2,0,0,0,0,1,1,0.0,0.0,2.0,4.0,False,simple,0,0,0,0,0.0,False,0,0,0,0,0,0,0.0,False,0,0,0.0,0,0,0,False,0,0,0.0,0,,,2025-12-18 18:27:07.383735,1007,IERC7913,openzeppelin,none,False
1008,1008,False,False,False,False,False,False,False,False,False,False,False,False,False,False,False,False,False,False,False,False,False,False,True,False,False,0,0,3,1,0,0,0,1,0,4,1,1,1.0,0,2,0.5,0,0,0,0,3,0,0,0,0,1,1,0.0,0.0,3.0,9.0,False,simple,0,0,0,0,0.0,False,0,0,1,0,0,0,0.0,False,1,0,0.0,1,0,0,False,0,4,0.0,1,,,2025-12-18 18:27:07.703025,1008,IERC721Receiver,openzeppelin,none,False
1009,1009,False,False,False,False,False,False,False,False,False,False,False,False,False,False,False,False,False,False,False,False,False,False,True,False,False,0,0,3,3,0,0,0,1,0,36,2,1,1.0,0,24,0.6666666666666666,0,0,0,0,3,0,0,0,0,1,1,0.0,0.0,3.0,9.0,False,simple,0,0,0,0,0.0,False,0,0,3,0,0,0,0.0,False,3,0,0.0,3,0,0,False,0,7,0.0,3,,,2025-12-18 18:27:08.014493,1009,IERC3156FlashLender,openzeppelin,none,False
1010,1010,False,False,False,False,False,False,False,False,False,False,False,False,False,False,False,False,False,False,False,False,False,False,True,True,False,0,0,7,0,0,0,0,0,0,16,3,1,0.0,0,9,0.5625,0,0,2,0,7,0,0,0,0,2,1,0.0,0.0,7.0,24.5,False,moderate,0,0,0,0,0.0,False,0,0,0,0,0,0,0.0,False,0,0,0.0,0,0,0,False,0,0,0.0,0,,,2025-12-18 18:27:08.328646,1010,IERC4906,openzeppelin,none,False
1011,1011,False,False,False,False,False,False,False,False,False,False,False,False,False,False,False,False,False,False,False,False,False,False,True,False,False,0,0,2,1,0,0,0,1,0,25,1,1,1.0,0,15,0.6,0,0,0,0,2,0,0,0,0,1,1,0.0,0.0,2.0,4.0,False,simple,0,0,0,0,0.0,False,0,0,1,0,0,0,0.0,False,1,0,0.0,1,0,0,False,0,5,0.0,1,,,2025-12-18 18:27:08.628802,1011,IERC3156FlashBorrower,openzeppelin,none,False
1012,1012,False,False,False,False,False,False,False,False,False,False,False,False,False,False,False,False,False,False,False,False,False,False,True,False,False,0,0,2,8,0,0,0,1,0,101,1,1,1.0,0,88,0.8712871287128713,0,0,0,0,2,0,0,0,0,1,1,0.0,0.0,2.0,4.0,False,simple,0,0,0,0,0.0,False,0,0,8,0,0,0,0.0,False,8,0,0.0,8,0,0,False,0,15,0.0,8,,,2025-12-18 18:27:08.961632,1012,IERC1820Registry,openzeppelin,none,False
1013,1013,False,False,False,False,False,False,False,False,False,False,False,False,False,False,False,False,False,False,False,False,False,False,True,False,False,0,0,2,1,0,0,0,1,0,33,1,1,1.0,0,22,0.6666666666666666,0,0,0,0,2,0,0,0,0,1,1,0.0,0.0,2.0,4.0,False,simple,0,0,0,0,0.0,False,0,0,1,0,0,0,0.0,False,1,0,0.0,1,0,0,False,0,6,0.0,1,,,2025-12-18 18:27:09.260015,1013,IERC777Recipient,openzeppelin,none,False
1014,1014,False,False,False,False,False,False,False,False,False,False,False,False,False,False,False,False,False,False,False,False,False,False,True,True,False,0,0,6,3,0,0,0,1,0,4,3,1,1.0,0,2,0.5,0,0,2,0,6,0,0,0,0,2,1,0.0,0.0,6.0,18.0,False,moderate,0,0,0,0,0.0,False,0,0,3,0,0,0,0.0,False,3,0,0.0,3,0,0,False,0,1,0.0,1,,,2025-12-18 18:27:09.565642,1014,IERC721Metadata,openzeppelin,none,False
1015,1015,False,False,False,False,False,False,False,False,False,False,False,False,False,False,False,False,False,False,False,False,False,False,True,False,False,0,0,2,1,0,0,0,1,0,33,1,1,1.0,0,22,0.6666666666666666,0,0,0,0,2,0,0,0,0,1,1,0.0,0.0,2.0,4.0,False,simple,0,0,0,0,0.0,False,0,0,1,0,0,0,0.0,False,1,0,0.0,1,0,0,False,0,6,0.0,1,,,2025-12-18 18:27:09.870266,1015,IERC777Sender,openzeppelin,none,False
1016,1016,False,False,False,False,False,False,False,False,False,False,False,False,False,False,False,False,False,False,False,False,False,False,True,False,False,0,0,2,1,0,0,0,1,0,18,1,1,1.0,0,14,0.7777777777777778,0,0,0,0,2,0,0,0,0,1,1,0.0,0.0,2.0,4.0,False,simple,0,0,0,0,0.0,False,0,0,1,0,0,0,0.0,False,1,0,0.0,1,0,0,False,0,2,0.0,1,,,2025-12-18 18:27:10.177005,1016,IERC1820Implementer,openzeppelin,none,False
1017,1017,False,False,False,False,False,False,False,False,False,False,False,False,False,False,False,False,False,False,False,False,False,False,True,True,False,0,0,5,2,0,0,0,1,0,4,2,1,1.0,0,2,0.5,0,0,1,0,5,0,0,0,0,2,1,0.0,0.0,5.0,12.5,False,moderate,0,0,0,0,0.0,False,0,0,2,0,0,0,0.0,False,2,0,0.0,2,0,0,False,0,10,0.0,2,,,2025-12-18 18:27:10.479673,1017,IERC1155Receiver,openzeppelin,none,False
1018,1018,False,False,False,False,False,False,False,False,False,False,False,False,False,False,False,False,False,False,False,False,False,False,True,False,False,0,0,3,2,0,0,0,1,0,14,1,1,1.0,0,9,0.6428571428571429,0,0,0,0,3,0,0,0,0,2,1,0.0,0.0,3.0,4.5,False,simple,0,0,0,0,0.0,False,0,0,2,0,0,0,0.0,False,2,0,0.0,2,0,0,False,0,0,0.0,0,,,2025-12-18 18:27:10.787499,1018,IERC6372,openzeppelin,none,False
1019,1019,False,False,False,False,False,False,False,False,False,False,False,False,False,False,False,False,False,False,False,False,False,False,True,True,False,0,0,6,1,0,0,0,1,0,4,3,1,1.0,0,2,0.5,0,0,2,0,6,0,0,0,0,2,1,0.0,0.0,6.0,18.0,False,moderate,0,0,0,0,0.0,False,0,0,1,0,0,0,0.0,False,1,0,0.0,1,0,0,False,0,1,0.0,1,,,2025-12-18 18:27:11.096597,1019,IERC1155MetadataURI,openzeppelin,none,False
1020,1020,False,False,False,False,False,False,False,False,False,False,False,False,False,False,True,False,False,False,False,False,False,False,True,False,False,1,2,76,5,2,0,0,16,0,202,2,1,6.6,2,84,0.4158415841584158,0,1,0,0,6,73,0,3,0,5,2,0.0,0.0,96.0,1096.32,True,critical,127,133,17,47,1.047244094488189,True,5,33,5,10,0,2,0.16666666666666666,False,0,5,2.0,5,0,1,False,0,6,0.0,5,,,2025-12-18 18:27:11.618822,1020,Base64,openzeppelin,none,False
1021,1021,False,False,False,False,False,False,False,False,False,False,False,False,False,False,True,False,False,False,False,False,False,False,True,False,False,0,0,31,3,4,0,0,9,0,83,3,1,3.6666666666666665,0,45,0.5421686746987951,0,2,0,0,16,15,0,0,0,3,2,0.0,0.0,31.0,273.83333333333337,True,critical,30,31,0,11,1.0333333333333334,False,1,11,3,11,0,4,0.26666666666666666,True,0,3,3.6666666666666665,9,0,1,False,2,8,0.5,3,,,2025-12-18 18:27:11.971281,1021,Create2,openzeppelin,none,False
1022,1022,False,False,False,False,False,False,False,False,False,False,False,False,False,False,False,False,False,False,False,False,False,False,True,False,False,0,0,4,2,0,0,0,1,0,16,1,1,1.0,0,7,0.4375,0,0,0,0,2,2,0,0,0,2,1,0.0,0.0,4.0,6.8,False,moderate,4,2,0,1,0.5,False,2,2,2,0,0,0,0.0,False,0,2,0.0,2,0,0,False,0,4,0.0,2,,,2025-12-18 18:27:12.287232,1022,Comparators,openzeppelin,none,False
1023,1023,False,False,False,False,False,False,False,False,False,False,False,False,False,False,False,False,False,False,False,False,False,False,True,False,False,0,0,5,3,0,0,0,1,0,24,1,1,1.0,0,12,0.5,0,0,0,0,2,3,0,0,0,2,1,0.0,0.0,5.0,10.25,False,moderate,6,3,0,1,0.5,False,3,3,3,0,0,0,0.0,False,0,3,0.0,3,0,0,False,0,0,0.0,0,,,2025-12-18 18:27:12.585425,1023,Context,openzeppelin,none,False
1024,1024,False,False,False,True,False,False,False,False,False,False,False,False,False,False,True,False,False,False,False,False,False,False,True,False,False,0,0,10,6,2,0,0,5,1,121,1,1,1.6666666666666667,0,76,0.628099173553719,0,0,0,0,4,6,0,0,0,4,3,0.0,0.0,10.0,20.5,True,complex,33,29,0,18,0.8787878787878788,False,5,10,6,14,0,2,0.125,True,0,6,2.3333333333333335,9,0,1,False,1,13,1.0,5,,,2025-12-18 18:27:12.902030,1024,RelayedCall,openzeppelin,none,False
1025,1025,False,False,False,False,False,False,False,False,False,False,False,False,False,False,False,False,False,True,False,False,False,False,True,False,False,1,0,9,6,0,1,0,5,0,66,2,1,2.0,0,35,0.5303030303030303,0,0,1,0,4,6,0,1,0,3,2,0.0,0.0,19.0,51.93333333333333,False,complex,24,20,0,6,0.8333333333333334,False,6,12,6,10,1,0,0.0,True,1,5,1.6666666666666667,3,1,1,True,0,12,0.0,6,,,2025-12-18 18:27:13.257735,1025,NoncesKeyed,openzeppelin,none,False
1026,1026,False,False,False,False,False,False,False,False,False,False,False,False,False,False,False,False,False,False,False,False,False,False,True,False,False,0,0,4,3,0,1,0,3,0,41,1,1,1.6666666666666667,0,22,0.5365853658536586,0,0,0,0,2,2,0,0,0,2,1,0.0,0.0,4.0,6.8,False,moderate,9,7,0,3,0.7777777777777778,False,2,5,3,2,0,0,0.0,False,1,2,0.6666666666666666,3,1,1,True,0,4,0.0,3,,,2025-12-18 18:27:13.562835,1026,Nonces,openzeppelin,none,False
1027,1027,False,False,False,False,False,False,False,False,False,False,False,False,False,False,True,False,False,False,False,False,False,False,True,False,False,0,0,20,9,0,0,0,1,0,126,1,1,1.0,0,57,0.4523809523809524,0,0,0,0,11,9,0,0,0,3,2,0.0,0.0,20.0,115.33333333333334,False,complex,36,27,0,3,0.75,False,0,9,9,0,0,0,0.0,False,0,9,0.0,7,0,0,False,0,9,0.0,9,,,2025-12-18 18:27:13.876137,1027,StorageSlot,openzeppelin,none,False
1028,1028,False,False,False,False,False,False,False,False,False,False,False,False,False,False,False,False,False,False,False,False,False,False,True,False,False,0,0,10,5,0,1,2,3,0,98,2,1,1.8,0,60,0.6122448979591837,0,0,1,0,3,7,0,0,0,2,1,0.0,0.0,10.0,39.5,False,moderate,18,15,0,3,0.8333333333333334,False,1,9,5,8,0,0,0.0,False,1,4,1.6,6,1,0,True,0,0,0.0,0,,,2025-12-18 18:27:14.198346,1028,Pausable,openzeppelin,none,False
1033,1033,False,False,False,False,False,False,False,False,False,False,False,False,False,False,True,False,False,False,False,False,False,False,True,False,False,0,0,21,10,0,0,0,1,0,144,1,1,1.0,0,67,0.4652777777777778,0,0,0,0,11,10,0,0,0,3,2,0.0,0.0,21.0,126.0,True,complex,70,60,0,13,0.8571428571428571,False,1,10,10,21,0,0,0.0,False,0,10,2.1,4,0,0,False,0,18,0.0,10,,,2025-12-18 18:27:16.193303,1033,SlotDerivation,openzeppelin,none,False
1034,1034,False,False,False,False,False,False,False,False,False,False,False,False,False,False,True,False,False,False,False,False,False,False,True,False,False,0,0,4,2,0,10,0,1,0,54,1,1,1.0,0,34,0.6296296296296297,0,0,0,0,3,1,0,0,0,3,2,0.0,0.0,4.0,4.933333333333334,False,moderate,16,14,0,9,0.875,False,0,2,2,2,0,0,0.0,False,0,2,1.0,3,10,0,False,0,1,0.0,1,,,2025-12-18 18:27:16.531542,1034,Panic,openzeppelin,none,False
1035,1035,False,False,False,False,False,False,False,False,False,False,False,False,False,False,True,False,False,False,False,False,False,False,True,False,False,0,0,29,7,7,1,0,3,0,111,2,1,2.0,0,58,0.5225225225225225,0,1,0,0,13,16,0,0,0,4,2,0.0,0.0,29.0,175.45,True,critical,34,29,0,7,0.8529411764705882,False,9,14,7,7,0,7,0.5,False,0,7,1.0,4,1,6,True,0,9,0.0,6,,,2025-12-18 18:27:16.906817,1035,ShortStrings,openzeppelin,none,False
1036,1036,False,False,False,False,False,False,False,False,False,False,False,False,False,False,True,False,False,False,False,False,False,False,True,False,False,0,0,26,7,4,3,2,3,0,103,2,1,1.2857142857142858,0,63,0.6116504854368932,0,4,0,0,12,14,0,0,0,3,2,0.0,0.0,26.0,188.93333333333334,True,complex,18,12,0,2,0.6666666666666666,False,2,9,7,7,0,4,0.36363636363636365,False,0,7,1.0,3,3,0,True,0,0,0.0,0,,,2025-12-18 18:27:17.238873,1036,ReentrancyGuard,openzeppelin,none,False
1038,1038,False,False,False,False,False,False,False,False,False,False,False,False,False,False,True,False,False,False,False,False,False,False,True,False,False,0,0,8,4,0,0,0,25,0,211,1,1,12.25,2,79,0.3744075829383886,0,0,0,0,4,4,0,0,0,3,2,0.0,0.0,8.0,18.133333333333333,False,moderate,145,156,15,45,1.0758620689655172,True,4,49,4,12,0,0,0.0,False,0,4,3.0,7,0,0,False,0,4,0.0,4,,,2025-12-18 18:27:18.101125,1038,Base58,openzeppelin,none,False
1039,1039,False,False,False,False,False,False,False,False,False,False,False,False,False,False,False,False,False,False,False,False,False,False,True,False,False,0,0,2,0,0,0,0,0,0,29,1,1,0.0,0,22,0.7586206896551724,0,0,0,0,2,0,0,0,0,1,1,0.0,0.0,2.0,4.0,False,simple,0,0,0,0,0.0,False,0,0,0,0,0,0,0.0,False,0,0,0.0,0,0,0,False,0,0,0.0,0,,,2025-12-18 18:27:18.416889,1039,Errors,openzeppelin,none,False
1040,1040,False,False,False,False,False,False,False,False,False,False,False,False,False,False,True,False,False,False,False,False,False,False,True,False,False,0,0,5,3,0,1,0,2,0,46,1,1,1.3333333333333333,0,26,0.5652173913043478,0,0,0,0,3,2,0,0,0,3,2,0.0,0.0,5.0,7.333333333333334,False,moderate,15,12,0,6,0.8,False,2,4,3,7,0,0,0.0,False,0,3,2.3333333333333335,7,1,0,True,0,2,0.0,2,,,2025-12-18 18:27:18.730092,1040,Blockhash,openzeppelin,none,False
1041,1041,False,False,False,False,False,False,False,False,False,False,False,False,False,False,True,False,False,False,False,False,False,False,True,False,False,0,0,638,212,0,0,0,3,0,1442,1,1,1.7358490566037736,0,32,0.022191400832177532,0,0,0,0,426,212,0,0,0,4,2,0.0,0.0,638.0,91616.8,True,critical,1350,1216,0,5,0.9007407407407407,False,0,368,212,156,0,0,0.0,False,0,212,0.7358490566037735,57,0,0,False,0,502,0.0,212,,,2025-12-18 18:27:19.970387,1041,Packing,openzeppelin,none,False
1044,1044,False,False,False,False,False,False,False,False,False,False,False,False,False,False,True,False,False,False,False,False,False,False,True,False,False,0,0,32,1,4,0,0,6,0,33,5,1,6.0,0,18,0.5454545454545454,0,1,1,0,16,16,0,0,0,3,2,0.0,0.0,32.0,290.1333333333333,True,critical,13,14,1,9,1.0769230769230769,False,1,6,1,2,1,4,0.6666666666666666,False,1,0,2.0,2,0,1,False,1,1,1.0,1,,,2025-12-18 18:27:21.143463,1044,Multicall,openzeppelin,none,False
1045,1045,False,False,False,False,False,False,False,False,False,False,False,False,False,False,True,False,False,False,False,False,False,False,True,False,False,0,0,24,12,0,0,0,1,0,114,1,1,1.0,0,31,0.2719298245614035,0,0,0,0,12,12,0,0,0,3,2,0.0,0.0,24.0,163.2,True,complex,56,44,0,6,0.7857142857142857,False,2,12,12,31,0,0,0.0,True,0,12,2.5833333333333335,9,0,0,False,0,19,0.0,9,,,2025-12-18 18:27:21.571127,1045,LowLevelCall,openzeppelin,none,False
1047,1047,False,False,False,False,False,False,False,False,False,False,False,False,False,False,True,False,False,False,False,False,False,False,True,False,False,0,0,33,7,28,0,0,9,0,157,3,1,6.142857142857143,0,73,0.46496815286624205,0,17,0,0,14,19,0,0,0,3,2,0.0,0.0,33.0,300.29999999999995,True,critical,71,76,0,8,1.0704225352112675,False,7,43,7,19,0,28,0.5957446808510638,False,0,7,2.7142857142857144,5,0,6,False,26,16,0.23076923076923078,7,,,2025-12-18 18:27:22.252115,1047,Address,openzeppelin,none,False
1048,1048,False,False,False,False,False,False,False,False,False,False,False,False,False,False,True,False,False,False,False,False,False,False,True,False,False,0,0,6,2,0,0,0,1,0,22,1,1,1.0,0,7,0.3181818181818182,0,0,0,0,4,2,0,0,0,3,2,0.0,0.0,6.0,10.8,False,moderate,10,8,0,4,0.8,False,0,2,2,0,0,0,0.0,False,0,2,0.0,2,0,0,False,0,0,0.0,0,,,2025-12-18 18:27:22.586021,1048,Calldata,openzeppelin,none,False
1050,1050,False,False,False,False,False,False,False,False,False,False,False,False,False,False,True,False,False,False,False,False,False,False,True,False,False,0,0,53,14,10,0,0,5,0,277,4,1,2.0,0,140,0.5054151624548736,0,2,0,0,22,31,0,0,0,4,2,0.0,0.0,53.0,579.025,True,critical,76,69,0,11,0.9078947368421053,False,10,28,14,33,0,10,0.23255813953488372,True,0,14,2.357142857142857,13,0,7,False,0,35,0.0,14,,,2025-12-18 18:27:23.436482,1050,Clones,openzeppelin,none,False
1051,1051,False,False,False,False,False,False,False,False,False,False,False,False,False,False,True,True,False,False,False,False,False,False,True,False,False,0,1,4,4,0,0,0,3,0,61,1,1,1.5,0,37,0.6065573770491803,1,0,0,0,5,0,0,1,0,4,2,0.0,0.0,9.0,11.25,False,moderate,17,15,0,11,0.8823529411764706,False,0,5,4,11,3,0,0.0,False,1,3,2.75,9,0,0,False,0,1,0.0,1,,,2025-12-18 18:27:23.753633,1051,Proxy,openzeppelin,none,False
1052,1052,False,False,True,False,False,False,False,False,False,False,False,False,False,False,True,False,False,False,False,False,False,False,True,True,False,0,0,56,14,3,4,0,3,0,142,10,1,1.1428571428571428,0,75,0.528169014084507,2,2,2,0,27,29,0,0,0,5,3,0.0,0.0,56.0,529.76,True,critical,39,25,0,4,0.6410256410256411,False,12,16,14,19,4,3,0.13636363636363635,True,13,1,1.3571428571428572,6,4,3,True,2,11,1.5,7,,,2025-12-18 18:27:24.274185,1052,VestingWallet,openzeppelin,none,False
1053,1053,False,False,True,False,False,False,False,False,False,False,False,False,False,False,True,False,False,False,False,False,False,False,True,True,False,0,0,125,3,2,1,0,3,0,46,12,1,2.0,0,23,0.5,0,1,3,0,30,95,0,0,0,5,3,0.0,0.0,125.0,2412.5,True,critical,11,9,0,3,0.8181818181818182,False,3,6,3,5,0,2,0.2857142857142857,True,1,2,1.6666666666666667,4,1,1,True,0,3,0.0,2,,,2025-12-18 18:27:24.963123,1053,VestingWalletCliff,openzeppelin,none,False
1054,1054,False,False,False,False,False,False,False,False,False,False,False,False,False,False,False,False,False,False,False,False,False,False,True,False,False,0,0,3,2,0,0,0,1,0,27,2,1,1.0,0,21,0.7777777777777778,0,0,1,0,3,0,0,0,0,1,1,0.0,0.0,3.0,9.0,False,simple,0,0,0,0,0.0,False,0,0,2,0,0,0,0.0,False,2,0,0.0,2,0,0,False,0,3,0.0,2,,,2025-12-18 18:27:25.269708,1054,IAccessControlEnumerable,openzeppelin,none,False
1055,1055,False,False,False,False,False,False,False,False,False,False,False,False,False,False,False,False,False,False,False,False,False,False,True,False,False,0,0,3,10,0,0,0,1,0,173,2,1,1.0,0,152,0.8786127167630058,0,0,1,0,3,0,0,0,0,1,1,0.0,0.0,3.0,9.0,False,simple,0,0,0,0,0.0,False,0,0,10,0,0,0,0.0,False,10,0,0.0,10,0,0,False,0,2,0.0,2,,,2025-12-18 18:27:25.586778,1055,IAccessControlDefaultAdminRules,openzeppelin,none,False
1057,1057,False,False,True,False,False,False,False,False,False,False,False,False,False,False,True,False,False,False,False,False,False,False,True,True,False,1,9,137,30,3,6,0,5,0,327,11,1,2.033333333333333,0,161,0.4923547400611621,0,3,3,0,25,122,0,10,0,8,3,0.0,0.0,192.0,2649.6,True,critical,135,119,0,9,0.8814814814814815,False,15,61,30,57,3,3,0.05,True,15,15,1.9,12,6,9,True,0,26,0.0,17,,,2025-12-18 18:27:26.934670,1057,AccessControlDefaultAdminRules,openzeppelin,none,False
1058,1058,False,False,False,False,False,True,False,False,False,False,False,False,False,False,True,False,False,False,False,False,False,False,True,True,False,0,0,14,6,2,2,1,5,0,101,6,1,2.5,0,48,0.4752475247524752,0,1,1,0,9,5,0,0,0,5,3,0.0,0.0,14.0,35.0,True,complex,32,30,0,8,0.9375,False,3,15,6,9,1,2,0.18181818181818182,False,3,3,1.5,7,2,2,True,2,5,1.0,4,,,2025-12-18 18:27:27.297458,1058,AccessManaged,openzeppelin,none,False
1059,1059,False,False,True,False,False,False,False,False,False,False,False,False,True,False,True,False,False,False,False,False,False,True,True,True,False,1,12,153,49,21,6,1,9,0,633,13,1,2.4693877551020407,0,236,0.37282780410742494,1,16,1,0,38,128,0,13,0,10,5,0.0,0.0,223.0,2845.4799999999996,True,critical,297,271,1,17,0.9124579124579124,False,42,121,49,94,4,21,0.1826086956521739,False,30,19,1.9183673469387754,32,6,23,True,2,87,11.5,45,,,2025-12-18 18:27:28.523761,1059,AccessManager,openzeppelin,none,False
1060,1060,False,False,False,False,False,False,False,False,False,False,False,False,False,False,False,False,False,False,False,False,False,False,True,False,False,0,0,2,29,0,0,0,1,0,360,1,1,1.0,0,287,0.7972222222222223,1,0,0,0,2,0,0,0,0,1,1,0.0,0.0,2.0,4.0,False,simple,0,0,0,0,0.0,False,0,0,29,0,0,0,0.0,False,29,0,0.0,29,0,0,False,0,53,0.0,27,,,2025-12-18 18:27:28.838665,1060,IAccessManager,openzeppelin,none,False
1061,1061,False,False,False,False,False,False,False,False,False,False,False,False,False,False,True,False,False,False,False,False,False,False,True,True,False,0,0,6,1,1,0,0,3,0,30,2,1,3.0,0,9,0.3,0,0,0,0,5,1,0,0,0,4,2,0.0,0.0,6.0,8.55,False,moderate,11,11,0,8,1.0,False,0,3,1,5,0,1,0.16666666666666666,False,0,1,5.0,5,0,1,False,1,4,1.0,1,,,2025-12-18 18:27:29.153805,1061,AuthorityUtils,openzeppelin,none,False
1062,1062,False,False,False,False,False,False,False,False,False,False,False,False,False,False,False,False,False,False,False,False,False,False,True,False,False,0,0,2,3,0,0,0,1,0,26,1,1,1.0,0,16,0.6153846153846154,0,0,0,0,2,0,0,0,0,1,1,0.0,0.0,2.0,4.0,False,simple,0,0,0,0,0.0,False,0,0,3,0,0,0,0.0,False,3,0,0.0,3,0,0,False,0,1,0.0,1,,,2025-12-18 18:27:29.463371,1062,IAccessManaged,openzeppelin,none,False
1063,1063,False,False,False,False,False,False,False,False,False,False,False,False,False,False,False,False,False,False,False,False,False,False,True,False,False,0,0,2,1,0,0,0,1,0,12,1,1,1.0,0,8,0.6666666666666666,0,0,0,0,2,0,0,0,0,1,1,0.0,0.0,2.0,4.0,False,simple,0,0,0,0,0.0,False,0,0,1,0,0,0,0.0,False,1,0,0.0,1,0,0,False,0,3,0.0,1,,,2025-12-18 18:27:29.779198,1063,IAuthority,openzeppelin,none,False
1081,1081,False,False,False,False,False,False,False,False,False,False,False,False,False,False,False,True,False,False,False,False,False,False,True,True,False,0,1,9,3,0,1,0,1,0,24,5,1,1.0,0,2,0.08333333333333333,0,0,2,0,7,3,0,1,0,5,2,0.0,0.0,14.0,25.480000000000004,False,moderate,6,3,0,1,0.5,False,1,3,3,0,0,0,0.0,False,1,2,0.0,3,1,1,True,0,7,0.0,3,,,2025-12-18 18:27:42.689471,1081,ERC7786RecipientMock,openzeppelin,none,False
1082,1082,False,False,False,False,False,False,False,False,False,False,False,False,False,False,True,False,False,False,False,False,False,False,True,True,False,0,0,26,3,0,0,0,1,0,28,15,1,1.0,0,1,0.03571428571428571,0,0,3,0,22,4,0,0,0,4,2,0.0,0.0,26.0,161.2,True,complex,15,12,0,4,0.8,False,0,3,3,6,1,0,0.0,True,3,0,2.0,1,0,0,False,0,10,0.0,3,,,2025-12-18 18:27:43.166896,1082,ERC1363NoReturnMock,openzeppelin,none,False
1083,1083,False,False,False,False,False,False,False,False,False,False,False,False,False,False,False,False,False,False,False,False,False,False,True,True,False,0,0,12,1,0,0,0,1,0,8,8,1,1.0,0,1,0.125,0,0,2,0,8,4,0,0,0,3,1,0.0,0.0,12.0,43.2,False,moderate,2,1,0,1,0.5,False,0,1,1,1,0,0,0.0,True,0,1,1.0,0,0,0,False,0,4,0.0,1,,,2025-12-18 18:27:43.527509,1083,ERC20ApprovalMock,openzeppelin,none,False
1084,1084,False,False,False,False,False,False,False,False,False,False,False,False,False,False,False,False,False,False,False,False,False,False,True,False,False,0,0,2,1,0,0,0,1,0,7,1,1,1.0,0,1,0.14285714285714285,0,0,0,0,2,0,0,0,0,1,1,0.0,0.0,2.0,4.0,False,simple,2,1,0,1,0.5,False,1,1,1,0,0,0,0.0,False,1,0,0.0,1,0,0,False,0,0,0.0,0,,,2025-12-18 18:27:43.836323,1084,ERC20ExcessDecimalsMock,openzeppelin,none,False
1085,1085,False,False,False,False,False,False,False,False,False,False,False,False,False,False,False,False,False,False,False,False,False,False,True,True,False,0,0,8,3,0,3,0,9,0,64,4,1,6.333333333333333,0,1,0.015625,0,0,2,0,8,0,0,0,0,3,1,0.0,0.0,8.0,21.333333333333332,False,moderate,36,41,0,6,1.1388888888888888,False,2,19,3,8,1,0,0.0,False,3,0,2.6666666666666665,5,3,1,True,0,13,0.0,3,,,2025-12-18 18:27:44.185881,1085,ERC1155ReceiverMock,openzeppelin,none,False
1087,1087,False,False,False,False,False,False,False,False,False,False,False,False,False,False,True,False,False,False,False,False,False,False,True,True,False,0,0,40,0,0,0,0,0,0,5,12,1,0.0,0,1,0.2,0,0,2,0,22,18,0,0,0,4,2,0.0,0.0,40.0,346.0,True,critical,0,0,0,0,0.0,False,0,0,0,0,0,0,0.0,False,0,0,0.0,0,0,0,False,0,0,0.0,0,,,2025-12-18 18:27:45.257986,1087,ERC20MulticallMock,openzeppelin,none,False
1089,1089,False,False,False,False,False,False,False,False,False,False,False,False,False,False,False,False,False,False,False,False,False,False,True,True,False,0,0,12,1,0,0,0,1,0,10,8,1,1.0,0,2,0.2,0,0,2,0,8,4,0,0,0,3,1,0.0,0.0,12.0,43.2,False,moderate,3,2,0,2,0.6666666666666666,False,1,1,1,3,1,0,0.0,True,1,0,3.0,2,0,0,False,0,2,0.0,1,,,2025-12-18 18:27:46.182905,1089,ERC20ForceApproveMock,openzeppelin,none,False
1091,1091,False,False,False,False,False,False,False,False,False,False,False,False,False,False,True,False,False,False,False,False,False,False,True,True,False,0,0,15,3,0,0,0,1,0,25,8,1,1.0,0,3,0.12,0,0,2,0,11,4,0,0,0,4,2,0.0,0.0,15.0,51.75,False,complex,15,12,0,4,0.8,False,0,3,3,6,1,0,0.0,True,3,0,2.0,1,0,0,False,0,7,0.0,3,,,2025-12-18 18:27:47.499723,1091,ERC20NoReturnMock,openzeppelin,none,False
1093,1093,False,False,False,False,False,False,False,False,False,False,False,False,False,False,True,False,False,False,False,False,False,False,True,True,False,0,0,23,3,0,0,0,1,0,26,16,1,1.0,0,1,0.038461538461538464,0,0,3,0,19,4,0,0,0,4,2,0.0,0.0,23.0,125.35,True,complex,6,3,0,1,0.5,False,3,3,3,0,0,0,0.0,False,3,0,0.0,3,0,0,False,0,10,0.0,3,,,2025-12-18 18:27:48.492624,1093,ERC1363ReturnFalseMock,openzeppelin,none,False
1094,1094,False,False,False,False,False,False,False,False,False,False,False,False,False,False,False,False,False,False,False,False,False,False,True,True,False,0,0,16,4,0,1,0,3,0,22,12,1,1.5,0,1,0.045454545454545456,0,0,3,0,13,3,0,0,0,3,1,0.0,0.0,16.0,80.53333333333333,False,complex,11,8,0,2,0.7272727272727273,False,0,6,4,3,1,0,0.0,False,1,3,0.75,3,1,1,True,0,3,0.0,3,,,2025-12-18 18:27:48.952767,1094,ERC20BridgeableMock,openzeppelin,none,False
1095,1095,False,False,False,False,False,False,False,False,False,False,False,False,False,False,False,False,False,False,False,False,False,False,True,True,False,0,0,12,2,0,1,0,1,0,12,8,1,1.0,0,1,0.08333333333333333,0,0,2,0,8,4,0,0,0,3,1,0.0,0.0,12.0,43.2,False,moderate,4,2,0,1,0.5,False,1,2,2,0,0,0,0.0,False,1,1,0.0,2,1,1,True,0,1,0.0,1,,,2025-12-18 18:27:49.315257,1095,ERC20DecimalsMock,openzeppelin,none,False
1096,1096,False,False,False,False,False,False,False,False,False,False,False,False,False,False,False,False,False,False,False,False,False,False,True,True,False,0,0,5,3,0,2,0,9,0,38,2,1,3.6666666666666665,0,1,0.02631578947368421,0,0,1,0,5,0,0,0,0,3,1,0.0,0.0,5.0,8.333333333333334,False,moderate,22,23,0,6,1.0454545454545454,False,1,11,3,3,1,0,0.0,False,3,0,1.0,5,2,1,True,0,5,0.0,2,,,2025-12-18 18:27:49.641557,1096,ERC1363SpenderMock,openzeppelin,none,False
1098,1098,False,False,False,False,False,False,False,False,False,False,False,False,False,False,False,False,False,False,False,False,False,False,True,True,False,0,0,10,3,0,0,0,1,0,12,8,1,1.0,0,1,0.08333333333333333,0,0,2,0,8,2,0,0,0,3,1,0.0,0.0,10.0,31.333333333333336,False,moderate,6,3,0,1,0.5,False,0,3,3,3,1,0,0.0,True,3,0,1.0,2,0,0,False,0,4,0.0,2,,,2025-12-18 18:27:50.566666,1098,ERC20Mock,openzeppelin,none,False
1099,1099,False,False,False,False,False,False,False,False,False,False,False,False,False,False,False,False,False,False,False,False,False,False,True,True,False,0,0,5,2,0,2,0,9,0,39,2,1,5.0,0,1,0.02564102564102564,0,0,1,0,5,0,0,0,0,3,1,0.0,0.0,5.0,8.333333333333334,False,moderate,19,21,0,6,1.105263157894737,False,1,10,2,4,1,0,0.0,False,2,0,2.0,5,2,1,True,0,6,0.0,2,,,2025-12-18 18:27:50.902299,1099,ERC721ReceiverMock,openzeppelin,none,False
1102,1102,False,False,False,False,False,False,False,False,False,False,False,False,False,False,True,False,False,False,False,False,False,False,True,True,False,0,0,23,1,0,0,0,1,0,10,15,1,1.0,0,2,0.2,0,0,3,0,19,4,0,0,0,4,2,0.0,0.0,23.0,125.35,True,complex,3,2,0,2,0.6666666666666666,False,1,1,1,3,1,0,0.0,True,1,0,3.0,2,0,0,False,0,3,0.0,1,,,2025-12-18 18:27:52.383570,1102,ERC1363ForceApproveMock,openzeppelin,none,False
1104,1104,False,False,False,False,False,False,False,False,False,False,False,False,False,False,True,False,False,False,False,False,False,False,True,True,False,0,0,39,3,1,3,0,5,0,33,11,1,2.3333333333333335,0,1,0.030303030303030304,0,1,2,0,21,18,0,0,0,5,2,0.0,0.0,39.0,262.08,True,critical,16,15,0,6,0.9375,False,1,7,3,2,0,1,0.3333333333333333,True,2,1,0.6666666666666666,2,3,3,True,1,8,3.0,3,,,2025-12-18 18:27:53.475227,1104,ERC20Reentrant,openzeppelin,none,False
1105,1105,False,False,False,False,False,False,False,False,False,False,False,False,False,False,False,False,False,False,False,False,False,False,True,True,False,0,0,5,3,0,2,0,9,0,43,2,1,3.6666666666666665,0,1,0.023255813953488372,0,0,1,0,5,0,0,0,0,3,1,0.0,0.0,5.0,8.333333333333334,False,moderate,22,23,0,6,1.0454545454545454,False,1,11,3,3,1,0,0.0,False,3,0,1.0,5,2,1,True,0,6,0.0,2,,,2025-12-18 18:27:53.870893,1105,ERC1363ReceiverMock,openzeppelin,none,False
1107,1107,False,False,False,False,False,True,True,False,False,False,False,False,False,False,False,False,False,False,False,False,False,False,True,True,False,0,0,18,4,0,2,0,1,0,19,11,1,1.0,0,1,0.05263157894736842,0,0,2,0,11,7,0,0,0,6,2,0.0,0.0,18.0,47.7,False,complex,8,4,0,1,0.5,False,2,4,4,0,0,0,0.0,False,2,2,0.0,4,2,2,True,0,4,0.0,3,,,2025-12-18 18:27:54.906414,1107,ERC20FlashMintMock,openzeppelin,none,False
1109,1109,False,False,False,False,False,False,False,False,False,False,False,False,False,False,False,False,False,False,False,False,False,False,True,True,False,0,0,18,3,0,0,0,1,0,14,8,1,1.0,0,1,0.07142857142857142,0,0,2,0,8,10,0,0,0,3,1,0.0,0.0,18.0,90.0,False,complex,6,3,0,1,0.5,False,3,3,3,0,0,0,0.0,False,3,0,0.0,3,0,0,False,0,7,0.0,3,,,2025-12-18 18:27:55.981274,1109,ERC20ReturnFalseMock,openzeppelin,none,False
1110,1110,False,False,False,False,False,False,False,False,False,False,False,False,False,False,False,False,False,False,False,False,False,False,True,True,False,0,0,5,6,6,0,0,1,0,30,3,1,1.0,0,1,0.03333333333333333,0,0,0,0,5,0,0,0,0,2,1,0.0,0.0,5.0,12.5,False,moderate,12,6,0,1,0.5,False,0,6,6,0,0,6,1.0,False,6,0,0.0,6,0,6,False,0,9,0.0,6,,,2025-12-18 18:27:56.330895,1110,ERC20GetterHelper,openzeppelin,none,False
1111,1111,False,False,False,False,False,False,False,False,False,False,False,False,False,False,True,False,False,False,False,False,False,True,True,True,False,0,2,65,2,0,0,0,1,0,27,13,1,1.0,0,2,0.07407407407407407,0,0,2,0,33,34,0,2,0,7,3,0.0,0.0,75.0,608.5714285714286,True,critical,2,0,0,0,0.0,False,0,2,2,0,0,0,0.0,False,0,2,0.0,2,0,0,False,0,1,0.0,1,,,2025-12-18 18:27:56.815235,1111,UUPSUpgradeableMock,openzeppelin,none,False
1112,1112,False,False,False,False,False,False,False,False,False,False,False,False,False,False,False,False,False,False,False,False,False,False,True,False,False,0,0,2,0,0,0,0,0,0,0,1,0,0.0,0,0,0.0,0,0,0,0,2,0,0,0,0,1,1,0.0,0.0,2.0,4.0,False,simple,0,0,0,0,0.0,False,0,0,0,0,0,0,0.0,False,0,0,0.0,0,0,0,False,0,0,0.0,0,,,2025-12-18 18:27:57.127326,1112,BadBeacon,openzeppelin,none,False
1113,1113,False,False,False,False,False,False,False,False,False,False,False,False,False,False,False,True,False,False,False,False,False,False,True,False,False,0,1,2,2,0,0,0,1,0,15,1,1,1.0,0,5,0.3333333333333333,1,0,0,0,3,0,0,1,0,2,2,0.0,0.0,7.0,10.5,False,moderate,4,2,0,1,0.5,False,1,2,2,0,0,0,0.0,False,2,0,0.0,2,0,0,False,0,2,0.0,1,,,2025-12-18 18:27:57.446731,1113,ClashingImplementation,openzeppelin,none,False
1114,1114,False,False,False,False,False,False,False,False,False,False,False,False,False,False,True,False,False,False,False,False,False,True,True,True,False,0,2,61,2,0,0,0,1,0,9,10,1,1.0,0,1,0.1111111111111111,1,0,2,0,32,31,0,2,0,5,3,0.0,0.0,71.0,762.54,True,critical,4,2,0,1,0.5,False,1,2,2,1,0,0,0.0,True,1,1,0.5,1,0,0,False,0,2,0.0,1,,,2025-12-18 18:27:57.915331,1114,ERC1967ProxyUnsafe,openzeppelin,none,False
1115,1115,False,False,True,True,False,False,True,False,False,False,False,False,False,False,False,False,False,False,False,False,False,False,True,False,False,0,0,9,10,5,7,0,3,1,145,1,1,1.2,0,27,0.18620689655172415,2,0,0,0,3,6,0,0,0,5,4,0.0,0.0,9.0,12.96,True,complex,56,47,0,16,0.8392857142857143,False,3,12,10,16,1,5,0.23809523809523808,False,8,2,1.6,7,7,6,True,1,19,6.0,6,,,2025-12-18 18:27:58.309096,1115,CompTimelock,openzeppelin,none,False
1116,1116,False,False,False,False,False,False,False,False,False,False,False,False,False,False,False,False,False,False,False,False,False,False,True,True,False,0,0,11,3,0,0,0,3,0,17,8,1,1.6666666666666667,0,1,0.058823529411764705,0,0,2,0,8,3,0,0,0,3,1,0.0,0.0,11.0,37.03333333333333,False,moderate,10,8,0,3,0.8,False,0,5,3,5,2,0,0.0,True,1,2,1.6666666666666667,1,0,0,False,0,3,0.0,1,,,2025-12-18 18:27:58.724564,1116,ERC20WithAutoMinerReward,openzeppelin,none,False
1121,1121,False,False,False,True,False,False,True,False,False,False,False,False,False,False,True,False,False,False,False,False,False,True,True,True,False,0,1,704,0,0,0,0,0,0,0,1,0,0.0,0,0,0.0,0,0,0,0,447,258,0,1,0,9,5,0.0,0.0,709.0,49440.933333333334,True,critical,0,0,0,0,0.0,False,0,0,0,0,0,0,0.0,False,0,0,0.0,0,0,0,False,0,0,0.0,0,,,2025-12-18 18:28:02.546400,1121,ERC7579UtilsMock,openzeppelin,none,False
1127,1127,False,False,False,False,False,False,False,False,False,False,False,False,False,False,True,False,False,False,False,False,False,True,True,False,False,0,2,53,3,3,1,0,3,0,30,6,1,1.6666666666666667,0,7,0.23333333333333334,0,3,0,0,24,31,0,2,0,5,3,0.0,0.0,63.0,575.8199999999999,True,critical,12,10,0,4,0.8333333333333334,False,2,5,3,6,1,3,0.3333333333333333,False,3,0,2.0,3,1,3,True,3,3,1.0,3,,,2025-12-18 18:28:07.593905,1127,MyFactoryAccount,openzeppelin,none,False
1128,1128,False,False,True,True,False,False,True,False,False,False,False,False,False,False,True,False,False,False,False,False,True,True,True,True,False,1,14,865,1,0,0,0,1,0,18,37,1,1.0,0,3,0.16666666666666666,0,0,3,0,485,395,0,15,0,14,6,0.0,0.0,945.0,51401.25,True,critical,2,1,0,1,0.5,False,1,1,1,2,0,0,0.0,True,0,1,2.0,1,0,0,False,0,3,0.0,1,,,2025-12-18 18:28:09.648501,1128,MyAccountEIP7702,openzeppelin,none,False
1129,1129,False,False,False,False,False,True,True,False,False,False,False,False,False,False,True,False,False,False,False,False,False,False,True,True,False,0,0,19,0,0,0,0,0,0,0,1,0,0.0,0,0,0.0,0,0,0,0,14,5,0,0,0,6,3,0.0,0.0,19.0,55.41666666666666,True,complex,0,0,0,0,0.0,False,0,0,0,0,0,0,0.0,False,0,0,0.0,0,0,0,False,0,0,0.0,0,,,2025-12-18 18:28:10.281219,1129,AccessManagedERC20MintBase,openzeppelin,none,False
1130,1130,False,False,False,False,False,False,False,False,False,False,False,False,False,False,False,False,False,False,False,False,False,False,True,True,False,0,0,15,4,0,2,0,1,0,19,12,1,1.0,0,3,0.15789473684210525,0,0,3,0,12,3,0,0,0,3,1,0.0,0.0,15.0,70.5,False,complex,12,8,0,2,0.6666666666666666,False,0,4,4,7,1,0,0.0,True,3,1,1.75,5,2,0,True,0,4,0.0,2,,,2025-12-18 18:28:10.801117,1130,AccessControlERC20MintMissing,openzeppelin,none,False
1131,1131,False,False,False,False,False,False,False,False,False,False,False,False,False,False,False,False,False,False,False,False,False,False,True,True,False,0,0,16,3,0,1,0,3,0,20,12,1,1.6666666666666667,0,4,0.2,0,0,3,0,12,4,0,0,0,3,1,0.0,0.0,16.0,78.93333333333334,False,complex,10,8,0,3,0.8,False,0,5,3,6,1,0,0.0,True,2,1,2.0,5,1,0,True,0,3,0.0,2,,,2025-12-18 18:28:11.304443,1131,AccessControlERC20MintBase,openzeppelin,none,False
1132,1132,False,False,False,False,False,False,False,False,False,False,False,False,False,False,False,False,False,False,False,False,False,False,True,True,False,0,0,15,0,0,0,0,0,0,0,1,0,0.0,0,0,0.0,0,0,0,0,12,3,0,0,0,3,1,0.0,0.0,15.0,70.5,False,complex,0,0,0,0,0.0,False,0,0,0,0,0,0,0.0,False,0,0,0.0,0,0,0,False,0,0,0.0,0,,,2025-12-18 18:28:11.767009,1132,AccessControlERC20MintOnlyRole,openzeppelin,none,False
1133,1133,False,False,False,False,False,False,False,False,False,False,False,False,False,False,False,False,False,False,False,False,False,False,True,True,False,0,0,11,2,0,0,0,1,0,11,6,1,1.0,0,3,0.2727272727272727,0,0,3,0,8,3,0,0,0,3,1,0.0,0.0,11.0,37.03333333333333,False,moderate,3,1,0,1,0.3333333333333333,False,0,2,2,1,1,0,0.0,False,1,1,0.5,2,0,0,False,0,2,0.0,1,,,2025-12-18 18:28:12.183761,1133,AccessControlModified,openzeppelin,none,False
1134,1134,False,False,False,False,False,False,False,False,False,False,False,False,False,False,False,False,False,False,False,False,False,False,True,False,False,0,0,6,0,0,0,0,0,0,0,1,0,0.0,0,0,0.0,0,0,0,0,4,2,0,0,0,2,1,0.0,0.0,6.0,16.2,False,moderate,0,0,0,0,0.0,False,0,0,0,0,0,0,0.0,False,0,0,0.0,0,0,0,False,0,0,0.0,0,,,2025-12-18 18:28:12.520729,1134,MyContractOwnable,openzeppelin,none,False
1136,1136,False,False,False,False,False,False,False,False,False,False,False,False,False,False,True,False,False,False,False,False,False,False,True,False,False,0,0,33,1,4,0,0,6,0,12,6,1,6.0,0,4,0.3333333333333333,0,1,1,0,17,16,0,0,0,3,2,0.0,0.0,33.0,310.2,True,critical,13,14,1,9,1.0769230769230769,False,1,6,1,2,1,4,0.6666666666666666,False,1,0,2.0,2,0,1,False,1,1,1.0,1,,,2025-12-18 18:28:13.530184,1136,Multicall,openzeppelin,none,False
1137,1137,False,False,False,False,False,False,False,False,False,False,False,False,False,False,False,False,False,False,False,False,False,False,True,True,False,0,0,14,2,0,5,0,1,0,22,10,1,1.0,0,2,0.09090909090909091,0,0,4,0,9,5,0,0,0,3,1,0.0,0.0,14.0,58.333333333333336,False,complex,15,13,0,9,0.8666666666666667,False,0,2,2,2,1,0,0.0,False,1,1,1.0,3,5,0,True,0,0,0.0,0,,,2025-12-18 18:28:14.069864,1137,ERC6909GameItems,openzeppelin,none,False
1139,1139,False,False,False,False,False,False,False,False,False,False,False,False,False,False,False,False,False,False,False,False,False,False,True,True,False,0,0,11,1,0,0,0,1,0,9,8,1,1.0,0,2,0.2222222222222222,0,0,2,0,8,3,0,0,0,3,1,0.0,0.0,11.0,37.03333333333333,False,moderate,3,2,0,2,0.6666666666666666,False,0,1,1,2,1,0,0.0,True,1,0,2.0,1,0,0,False,0,1,0.0,1,,,2025-12-18 18:28:15.102902,1139,GLDToken,openzeppelin,none,False
1141,1141,False,False,False,False,False,False,False,False,False,False,False,False,False,False,False,False,False,False,False,False,False,False,True,True,False,0,0,7,0,0,0,0,0,0,5,5,1,0.0,0,2,0.4,0,0,3,0,7,0,0,0,0,2,1,0.0,0.0,7.0,24.5,False,moderate,0,0,0,0,0.0,False,0,0,0,0,0,0,0.0,False,0,0,0.0,0,0,0,False,0,0,0.0,0,,,2025-12-18 18:28:16.034179,1141,MyERC115HolderContract,openzeppelin,none,False
1161,1161,False,False,False,False,False,False,False,False,False,False,False,False,False,False,False,False,False,False,False,False,False,False,True,False,False,0,0,3,2,0,1,0,2,0,18,1,1,1.5,0,10,0.5555555555555556,0,0,0,0,2,1,0,0,0,2,1,0.0,0.0,3.0,4.05,False,simple,6,4,0,3,0.6666666666666666,False,2,3,2,1,0,0,0.0,False,0,2,0.5,2,1,0,True,0,1,0.0,1,,,2025-12-18 18:28:27.431409,1161,EIP7702Utils,openzeppelin,none,False
1144,1144,False,False,False,False,False,False,False,False,False,False,False,False,False,False,False,False,False,False,False,False,False,False,True,False,False,0,0,2,6,0,0,0,1,0,50,1,1,1.0,0,38,0.76,0,0,0,0,2,0,0,0,0,1,1,0.0,0.0,2.0,4.0,False,simple,0,0,0,0,0.0,False,0,0,6,0,0,0,0.0,False,6,0,0.0,6,0,0,False,0,12,0.0,6,,,2025-12-18 18:28:17.426515,1144,IVotes,openzeppelin,none,False
1165,1165,False,False,False,False,False,False,False,False,False,False,False,False,False,False,False,False,False,False,False,False,False,False,True,True,False,0,0,11,15,0,3,0,7,0,201,8,1,2.8666666666666667,0,81,0.40298507462686567,0,0,2,0,7,4,0,0,0,3,1,0.0,0.0,11.0,35.93333333333333,False,moderate,81,80,0,6,0.9876543209876543,False,8,43,15,27,3,0,0.0,True,8,7,1.8,11,3,4,True,0,45,0.0,15,,,2025-12-18 18:28:29.219073,1165,ERC6909,openzeppelin,none,False
1167,1167,False,False,False,False,False,False,False,False,False,False,False,False,False,False,False,False,False,False,False,False,False,False,True,True,False,0,0,4,9,0,0,0,1,0,121,2,1,1.0,0,105,0.8677685950413223,0,0,1,0,4,0,0,0,0,2,1,0.0,0.0,4.0,8.0,False,moderate,0,0,0,0,0.0,False,0,0,9,0,0,0,0.0,False,9,0,0.0,8,0,0,False,0,19,0.0,9,,,2025-12-18 18:28:30.009193,1167,IERC721,openzeppelin,none,False
1168,1168,False,False,False,False,False,False,False,False,False,False,False,False,False,False,False,False,False,False,False,False,False,False,True,False,False,0,0,2,1,0,0,0,1,0,26,1,1,1.0,0,17,0.6538461538461539,0,0,0,0,2,0,0,0,0,1,1,0.0,0.0,2.0,4.0,False,simple,0,0,0,0,0.0,False,0,0,1,0,0,0,0.0,False,1,0,0.0,1,0,0,False,0,4,0.0,1,,,2025-12-18 18:28:30.316329,1168,IERC721Receiver,openzeppelin,none,False
1169,1169,False,False,False,False,False,False,False,False,False,False,False,False,False,False,False,False,False,False,False,False,False,False,True,False,False,0,0,2,6,0,0,0,1,0,70,1,1,1.0,0,59,0.8428571428571429,0,0,0,0,2,0,0,0,0,1,1,0.0,0.0,2.0,4.0,False,simple,0,0,0,0,0.0,False,0,0,6,0,0,0,0.0,False,6,0,0.0,6,0,0,False,0,10,0.0,5,,,2025-12-18 18:28:30.618715,1169,IERC20,openzeppelin,none,False
1170,1170,False,False,False,False,False,False,False,False,False,False,False,False,False,False,False,False,False,False,False,False,False,False,True,True,False,0,0,11,17,0,5,0,7,0,280,7,1,2.411764705882353,0,160,0.5714285714285714,0,0,1,0,7,4,0,0,0,3,1,0.0,0.0,11.0,35.93333333333333,False,moderate,81,76,0,7,0.9382716049382716,False,9,41,17,21,3,0,0.0,True,9,8,1.2352941176470589,14,5,3,True,0,32,0.0,13,,,2025-12-18 18:28:30.966672,1170,ERC20,openzeppelin,none,False
1171,1171,False,False,False,False,False,False,False,False,False,False,False,False,False,False,False,False,False,False,False,False,False,False,True,True,False,0,0,4,6,0,0,0,1,0,111,2,1,1.0,0,82,0.7387387387387387,0,0,1,0,4,0,0,0,0,2,1,0.0,0.0,4.0,8.0,False,moderate,0,0,0,0,0.0,False,0,0,6,0,0,0,0.0,False,6,0,0.0,6,0,0,False,0,18,0.0,6,,,2025-12-18 18:28:31.281307,1171,IERC1155,openzeppelin,none,False
1173,1173,False,False,False,False,False,False,False,False,False,False,False,False,False,False,False,False,False,False,False,False,False,False,True,True,False,0,0,4,2,0,0,0,1,0,55,2,1,1.0,0,37,0.6727272727272727,0,0,1,0,4,0,0,0,0,2,1,0.0,0.0,4.0,8.0,False,moderate,0,0,0,0,0.0,False,0,0,2,0,0,0,0.0,False,2,0,0.0,2,0,0,False,0,10,0.0,2,,,2025-12-18 18:28:32.097210,1173,IERC1155Receiver,openzeppelin,none,False
1174,1174,False,False,False,False,False,False,False,False,False,False,False,False,False,False,False,False,False,False,False,False,False,False,True,True,False,0,0,10,7,0,2,0,5,0,119,4,1,2.4285714285714284,0,58,0.48739495798319327,0,0,2,0,6,4,0,0,0,3,1,0.0,0.0,10.0,29.333333333333336,False,moderate,36,34,0,7,0.9444444444444444,False,3,17,7,9,1,0,0.0,True,2,5,1.2857142857142858,8,2,3,True,0,9,0.0,5,,,2025-12-18 18:28:32.442940,1174,ERC2981,openzeppelin,none,False
1175,1175,False,False,False,False,False,False,False,False,False,False,False,False,False,False,False,False,False,False,False,False,False,False,True,True,False,0,0,12,2,0,1,0,5,0,29,9,1,3.0,0,9,0.3103448275862069,0,0,3,0,8,4,0,0,0,3,1,0.0,0.0,12.0,43.2,False,moderate,10,10,0,5,1.0,False,1,6,2,1,0,0,0.0,True,1,1,0.5,1,1,1,True,0,5,0.0,2,,,2025-12-18 18:28:32.883461,1175,ERC6909TokenSupply,openzeppelin,none,False
1176,1176,False,False,False,False,False,False,False,False,False,False,False,False,False,False,False,False,False,False,False,False,False,False,True,True,False,0,0,15,6,0,1,0,1,0,61,9,1,1.0,0,26,0.4262295081967213,0,0,3,0,8,7,0,0,0,3,1,0.0,0.0,15.0,64.5,False,complex,15,9,0,2,0.6,False,3,6,6,0,0,0,0.0,False,3,3,0.0,6,1,3,True,0,9,0.0,6,,,2025-12-18 18:28:33.373242,1176,ERC6909Metadata,openzeppelin,none,False
1177,1177,False,False,False,False,False,False,False,False,False,False,False,False,False,False,False,False,False,False,False,False,False,False,True,True,False,0,0,14,4,0,2,0,1,0,42,9,1,1.0,0,19,0.4523809523809524,0,0,3,0,8,6,0,0,0,3,1,0.0,0.0,14.0,56.93333333333334,False,complex,10,6,0,2,0.6,False,2,4,4,0,0,0,0.0,False,2,2,0.0,4,2,2,True,0,4,0.0,3,,,2025-12-18 18:28:33.833995,1177,ERC6909ContentURI,openzeppelin,none,False
1178,1178,False,False,False,False,False,False,False,False,False,False,False,False,False,False,True,False,False,False,False,False,False,False,True,True,False,0,0,7,1,3,0,0,7,0,47,5,1,7.0,0,19,0.40425531914893614,0,0,0,0,6,1,0,0,0,4,2,0.0,0.0,7.0,11.725,False,moderate,15,19,0,7,1.2666666666666666,False,0,7,1,4,0,3,0.42857142857142855,False,0,1,4.0,4,0,1,False,0,5,0.0,1,,,2025-12-18 18:28:34.144321,1178,ERC721Utils,openzeppelin,none,False
1179,1179,False,False,False,False,False,False,False,False,False,False,False,False,False,False,False,False,False,False,False,False,False,False,True,True,False,0,0,4,1,0,0,0,1,0,23,2,1,1.0,0,16,0.6956521739130435,0,0,1,0,4,0,0,0,0,2,1,0.0,0.0,4.0,8.0,False,moderate,2,1,0,1,0.5,False,1,1,1,0,0,0,0.0,False,1,0,0.0,1,0,0,False,0,4,0.0,1,,,2025-12-18 18:28:34.443387,1179,ERC721Holder,openzeppelin,none,False
1180,1180,False,False,False,False,False,False,False,False,False,False,False,False,False,False,False,False,False,False,False,False,False,False,True,True,False,0,0,5,3,0,0,0,1,0,24,3,1,1.0,0,17,0.7083333333333334,0,0,2,0,5,0,0,0,0,2,1,0.0,0.0,5.0,12.5,False,moderate,0,0,0,0,0.0,False,0,0,3,0,0,0,0.0,False,3,0,0.0,3,0,0,False,0,3,0.0,2,,,2025-12-18 18:28:34.786009,1180,IERC721Enumerable,openzeppelin,none,False
1185,1185,False,False,False,False,False,False,False,False,False,False,False,False,False,False,False,False,False,False,False,False,False,False,True,True,False,0,0,5,3,0,0,0,1,0,22,3,1,1.0,0,15,0.6818181818181818,0,0,2,0,5,0,0,0,0,2,1,0.0,0.0,5.0,12.5,False,moderate,0,0,0,0,0.0,False,0,0,3,0,0,0,0.0,False,3,0,0.0,3,0,0,False,0,1,0.0,1,,,2025-12-18 18:28:37.774504,1185,IERC721Metadata,openzeppelin,none,False
1190,1190,False,False,False,False,False,False,False,False,False,False,False,False,False,False,True,False,False,False,False,False,False,False,True,True,False,0,0,24,13,5,0,0,7,0,260,4,1,3.769230769230769,0,129,0.49615384615384617,0,0,0,0,11,13,0,0,0,4,2,0.0,0.0,24.0,120.6,True,complex,107,112,0,14,1.0467289719626167,False,2,49,13,41,0,5,0.10869565217391304,False,0,13,3.1538461538461537,10,0,5,False,3,49,1.6666666666666667,13,,,2025-12-18 18:28:40.191085,1190,SafeERC20,openzeppelin,none,False
1191,1191,False,False,False,False,False,False,False,False,False,False,False,False,False,False,True,False,False,False,False,False,False,False,True,True,False,0,0,9,2,2,0,0,7,0,87,3,1,7.0,0,33,0.3793103448275862,0,0,0,0,7,2,0,0,0,4,2,0.0,0.0,9.0,18.9,False,moderate,32,36,0,8,1.125,False,0,14,2,8,0,2,0.2,False,0,2,4.0,5,0,2,False,1,9,2.0,2,,,2025-12-18 18:28:40.513923,1191,ERC1363Utils,openzeppelin,none,False
1193,1193,False,False,False,False,False,False,False,False,False,False,False,False,False,False,False,False,False,False,False,False,False,False,True,True,False,0,0,12,3,0,1,0,5,0,45,8,1,3.0,0,19,0.4222222222222222,0,0,2,0,8,4,0,0,0,3,1,0.0,0.0,12.0,43.2,False,moderate,16,16,0,6,1.0,False,1,9,3,5,0,0,0.0,True,1,2,1.6666666666666667,4,1,1,True,0,4,0.0,2,,,2025-12-18 18:28:41.395456,1193,ERC20Capped,openzeppelin,none,False
1194,1194,False,False,False,False,False,False,False,False,False,False,False,False,False,False,True,False,False,False,False,False,False,False,True,True,False,0,0,28,6,4,1,0,5,0,79,11,1,2.3333333333333335,0,31,0.3924050632911392,0,2,2,0,16,12,0,0,0,4,2,0.0,0.0,28.0,170.8,True,critical,35,33,0,8,0.9428571428571428,False,6,14,6,11,1,4,0.26666666666666666,True,4,2,1.8333333333333333,8,1,4,True,2,6,2.0,4,,,2025-12-18 18:28:41.858838,1194,ERC20Wrapper,openzeppelin,none,False
1195,1195,False,False,False,False,False,False,False,False,False,False,False,False,False,False,False,False,False,False,False,False,False,False,True,True,False,0,0,11,2,0,0,0,1,0,35,8,1,1.0,0,23,0.6571428571428571,0,0,2,0,8,3,0,0,0,3,1,0.0,0.0,11.0,37.03333333333333,False,moderate,5,3,0,2,0.6,False,0,2,2,5,1,0,0.0,False,2,0,2.5,3,0,0,False,0,3,0.0,2,,,2025-12-18 18:28:42.287261,1195,ERC20Burnable,openzeppelin,none,False
1198,1198,False,False,False,False,False,False,False,False,False,False,False,False,False,False,False,False,False,False,False,False,False,False,True,True,False,0,0,4,3,0,0,0,1,0,21,2,1,1.0,0,14,0.6666666666666666,0,0,1,0,4,0,0,0,0,2,1,0.0,0.0,4.0,8.0,False,moderate,0,0,0,0,0.0,False,0,0,3,0,0,0,0.0,False,3,0,0.0,3,0,0,False,0,0,0.0,0,,,2025-12-18 18:28:43.579806,1198,IERC20Metadata,openzeppelin,none,False
1200,1200,False,False,False,False,False,True,True,False,False,False,False,False,False,False,False,False,False,False,False,False,False,False,True,True,False,0,0,14,6,1,1,0,7,0,119,10,1,2.5,0,70,0.5882352941176471,0,0,1,0,10,4,0,0,0,5,2,0.0,0.0,14.0,35.839999999999996,False,complex,32,30,0,13,0.9375,False,6,15,6,14,2,1,0.06666666666666667,False,3,3,2.3333333333333335,12,1,1,True,1,9,1.0,4,,,2025-12-18 18:28:44.543806,1200,ERC20FlashMint,openzeppelin,none,False
1201,1201,False,False,False,False,False,False,False,False,False,False,False,False,False,False,True,False,False,False,False,False,False,False,True,True,False,0,0,22,7,3,0,0,3,0,123,14,1,1.8571428571428572,0,75,0.6097560975609756,0,3,2,0,18,4,0,0,0,4,2,0.0,0.0,22.0,114.4,True,complex,26,22,0,4,0.8461538461538461,False,7,13,7,14,1,3,0.17647058823529413,True,7,0,2.0,8,0,3,False,3,18,1.0,7,,,2025-12-18 18:28:45.001049,1201,ERC1363,openzeppelin,none,False
1202,1202,False,False,False,False,False,False,False,False,False,False,False,False,False,False,False,False,False,False,False,False,False,False,True,False,False,0,0,3,3,0,0,0,1,0,86,1,1,1.0,0,72,0.8372093023255814,0,0,0,0,3,0,0,0,0,2,1,0.0,0.0,3.0,4.5,False,simple,0,0,0,0,0.0,False,0,0,3,0,0,0,0.0,False,3,0,0.0,3,0,0,False,0,8,0.0,2,,,2025-12-18 18:28:45.318262,1202,IERC20Permit,openzeppelin,none,False
1203,1203,False,False,False,False,False,False,False,False,False,False,False,False,False,False,False,False,False,False,False,False,False,False,True,True,False,0,0,16,1,0,0,0,1,0,30,9,1,1.0,0,22,0.7333333333333333,0,0,2,0,9,7,0,0,0,3,1,0.0,0.0,16.0,74.13333333333333,False,complex,3,2,0,2,0.6666666666666666,False,0,1,1,2,0,0,0.0,True,0,1,2.0,1,0,0,False,0,3,0.0,1,,,2025-12-18 18:28:45.723237,1203,ERC20Pausable,openzeppelin,none,False
1204,1204,False,False,False,False,False,False,False,False,False,False,False,False,False,False,True,False,False,False,False,False,False,False,True,True,False,0,0,10,2,6,0,0,7,0,84,6,1,7.0,0,29,0.34523809523809523,0,0,0,0,8,2,0,0,0,4,2,0.0,0.0,10.0,23.5,False,moderate,30,38,0,7,1.2666666666666666,False,0,14,2,8,0,6,0.42857142857142855,False,0,2,4.0,4,0,2,False,0,12,0.0,2,,,2025-12-18 18:28:46.067834,1204,ERC1155Utils,openzeppelin,none,False
1205,1205,False,False,False,False,False,False,False,False,False,False,False,False,False,False,False,False,False,False,False,False,False,False,True,True,False,0,0,6,3,0,0,0,1,0,37,4,1,1.0,0,11,0.2972972972972973,0,0,2,0,6,0,0,0,0,2,1,0.0,0.0,6.0,18.0,False,moderate,6,3,0,1,0.5,False,3,3,3,2,1,0,0.0,True,3,0,0.6666666666666666,3,0,0,False,0,11,0.0,3,,,2025-12-18 18:28:46.380536,1205,ERC1155Holder,openzeppelin,none,False
1210,1210,False,False,False,False,False,False,False,False,False,False,False,False,False,False,False,False,False,False,False,False,False,False,True,True,False,0,0,5,1,0,0,0,1,0,17,3,1,1.0,0,12,0.7058823529411765,0,0,2,0,5,0,0,0,0,2,1,0.0,0.0,5.0,12.5,False,moderate,0,0,0,0,0.0,False,0,0,1,0,0,0,0.0,False,1,0,0.0,1,0,0,False,0,1,0.0,1,,,2025-12-18 18:28:48.654570,1210,IERC1155MetadataURI,openzeppelin,none,False
1212,1212,False,False,False,False,False,False,False,False,False,False,False,False,False,False,False,False,False,False,False,False,False,False,True,False,False,0,0,6,4,0,0,0,3,0,55,1,1,1.5,0,27,0.4909090909090909,0,0,0,0,2,4,0,0,0,2,1,0.0,0.0,6.0,14.399999999999999,False,moderate,17,14,0,3,0.8235294117647058,False,1,6,4,2,0,0,0.0,False,0,4,0.5,3,0,0,False,0,9,0.0,4,,,2025-12-18 18:28:49.479390,1212,BitMaps,openzeppelin,none,False
1215,1215,False,False,False,False,False,False,False,False,False,False,False,False,False,False,True,False,False,False,False,False,False,False,True,False,False,0,0,22,17,7,0,0,3,0,218,2,1,2.6470588235294117,0,109,0.5,0,7,0,0,4,18,0,0,0,3,2,0.0,0.0,22.0,121.73333333333332,True,complex,107,97,0,8,0.9065420560747663,False,19,45,17,10,0,7,0.4117647058823529,False,0,17,0.5882352941176471,7,0,7,False,0,23,0.0,17,,,2025-12-18 18:28:50.846894,1215,DoubleEndedQueue,openzeppelin,none,False
1219,1219,False,False,False,False,False,False,False,False,False,False,False,False,False,False,True,False,False,False,False,False,False,False,True,False,False,1,9,172,48,20,0,0,6,0,746,4,1,3.0,0,249,0.33378016085790885,0,12,0,0,21,161,0,10,0,6,2,0.0,0.0,227.0,5058.316666666667,True,critical,340,324,16,11,0.9529411764705882,True,68,144,48,60,0,20,0.25,False,0,48,1.25,5,0,16,False,0,108,0.0,48,,,2025-12-18 18:28:53.196871,1219,Checkpoints,openzeppelin,none,False
1220,1220,False,False,False,False,False,False,False,False,False,False,False,False,False,False,False,False,False,False,False,False,False,False,True,False,False,0,0,2,1,0,0,0,1,0,23,1,1,1.0,0,19,0.8260869565217391,0,0,0,0,2,0,0,0,0,1,1,0.0,0.0,2.0,4.0,False,simple,0,0,0,0,0.0,False,0,0,1,0,0,0,0.0,False,1,0,0.0,1,0,0,False,0,1,0.0,1,,,2025-12-18 18:28:53.510823,1220,IERC165,openzeppelin,none,False
1221,1221,False,False,False,False,False,False,False,False,False,False,False,False,False,False,False,False,False,False,False,False,False,False,True,True,False,0,0,4,1,0,0,0,1,0,22,2,1,1.0,0,15,0.6818181818181818,0,0,1,0,4,0,0,0,0,2,1,0.0,0.0,4.0,8.0,False,moderate,2,1,0,1,0.5,False,1,1,1,1,1,0,0.0,False,1,0,1.0,1,0,0,False,0,1,0.0,1,,,2025-12-18 18:28:53.829755,1221,ERC165,openzeppelin,none,False
1222,1222,False,False,False,False,False,False,False,False,False,False,False,False,False,False,True,False,False,False,False,False,False,False,True,True,False,0,0,11,7,1,1,0,8,0,128,2,1,2.857142857142857,0,70,0.546875,0,0,0,0,5,6,0,0,0,4,2,0.0,0.0,11.0,25.299999999999997,False,moderate,47,43,2,8,0.9148936170212766,False,8,20,7,14,0,1,0.06666666666666667,False,0,7,2.0,6,1,1,True,0,11,0.0,6,,,2025-12-18 18:28:54.161677,1222,ERC165Checker,openzeppelin,none,False
1223,1223,False,False,True,False,False,False,False,False,False,False,False,False,False,False,True,False,False,False,False,False,False,True,True,False,False,1,10,130,9,10,0,0,3,0,118,4,1,1.3333333333333333,0,68,0.576271186440678,0,6,0,0,17,124,0,11,0,8,4,0.0,0.0,190.0,2465.25,True,critical,33,25,0,6,0.7575757575757576,False,10,12,9,4,0,10,0.7142857142857143,False,0,9,0.4444444444444444,7,0,6,False,0,12,0.0,7,,,2025-12-18 18:28:54.845611,1223,Time,openzeppelin,none,False
1224,1224,False,False,False,False,False,False,False,False,False,False,False,False,False,False,True,False,False,False,False,False,False,False,True,False,False,0,0,22,16,8,0,0,16,0,483,2,1,5.5,4,248,0.5134575569358178,0,4,0,0,4,18,0,0,0,3,2,0.0,0.0,22.0,121.73333333333332,True,complex,192,204,28,20,1.0625,True,24,88,16,12,0,8,0.4,False,0,16,0.75,3,0,6,False,0,56,0.0,16,,,2025-12-18 18:28:55.306738,1224,MerkleProof,openzeppelin,none,False
1226,1226,False,False,False,False,False,False,False,False,False,False,False,False,False,False,True,False,False,False,False,False,False,False,True,False,False,0,0,5,2,0,0,0,2,0,28,1,1,1.5,0,15,0.5357142857142857,0,0,0,0,3,2,0,0,0,3,2,0.0,0.0,5.0,7.333333333333334,False,moderate,10,8,0,5,0.8,False,2,3,2,3,0,0,0.0,False,0,2,1.5,2,0,0,False,0,4,0.0,2,,,2025-12-18 18:28:56.055905,1226,Hashes,openzeppelin,none,False
1230,1230,False,False,False,False,False,False,False,False,False,False,False,False,False,False,True,False,False,False,False,False,False,False,True,False,False,1,9,147,16,5,8,0,10,0,379,5,1,2.9375,0,149,0.39313984168865435,0,4,0,0,23,134,0,10,0,6,2,0.0,0.0,202.0,3932.2666666666664,True,critical,220,212,6,40,0.9636363636363636,True,17,47,16,37,0,5,0.11904761904761904,False,0,16,2.3125,10,8,4,True,0,51,0.0,15,,,2025-12-18 18:28:58.413405,1230,P256,openzeppelin,none,False
1232,1232,False,False,False,False,False,False,False,False,False,False,False,False,False,False,True,False,False,False,False,False,False,False,True,False,False,0,0,17,11,0,0,0,9,0,266,1,1,3.0,0,119,0.4473684210526316,0,0,0,0,6,11,0,0,0,3,2,0.0,0.0,17.0,77.63333333333333,False,complex,118,114,0,10,0.9661016949152542,False,13,33,11,23,0,0,0.0,True,0,11,2.090909090909091,7,0,0,False,0,26,0.0,11,,,2025-12-18 18:28:59.273369,1232,ECDSA,openzeppelin,none,False
1233,1233,False,False,False,False,False,False,False,False,False,False,False,False,False,False,True,False,False,False,False,False,False,False,True,False,False,1,9,128,3,2,0,0,19,0,142,4,1,7.0,1,79,0.5563380281690141,0,2,0,0,18,120,0,10,0,6,2,0.0,0.0,183.0,3111.0,True,critical,50,51,2,23,1.02,True,6,21,3,4,0,2,0.3333333333333333,True,0,3,1.3333333333333333,2,0,1,False,0,10,0.0,3,,,2025-12-18 18:28:59.960701,1233,RSA,openzeppelin,none,False
1234,1234,False,False,False,False,False,False,False,False,False,False,False,False,False,False,True,False,False,False,False,False,False,False,True,False,False,0,0,68,65,0,0,0,3,0,1092,1,1,2.9692307692307693,0,696,0.6373626373626373,0,0,0,0,3,65,0,0,0,3,2,0.0,0.0,68.0,1099.3333333333335,True,critical,324,323,0,3,0.9969135802469136,False,33,193,65,64,0,0,0.0,False,0,65,0.9846153846153847,5,0,0,False,0,65,0.0,65,,,2025-12-18 18:29:00.392881,1234,SafeCast,openzeppelin,none,False
1235,1235,False,False,False,False,False,False,False,False,False,False,False,False,False,False,True,False,False,False,False,False,False,False,True,False,False,0,0,74,5,1,0,0,1,0,60,2,1,1.0,0,35,0.5833333333333334,0,1,0,0,4,70,0,0,0,3,2,0.0,0.0,74.0,1307.3333333333335,True,critical,12,7,0,2,0.5833333333333334,False,5,5,5,2,0,1,0.3333333333333333,False,0,5,0.4,3,0,1,False,0,10,0.0,5,,,2025-12-18 18:29:00.886664,1235,SignedMath,openzeppelin,none,False
1236,1236,False,False,False,False,False,False,False,False,False,False,False,False,False,False,True,False,False,False,False,False,False,False,True,False,False,1,9,119,36,31,0,0,17,0,693,3,1,2.611111111111111,2,339,0.48917748917748916,0,19,0,0,16,113,0,10,0,6,2,0.0,0.0,174.0,2757.8999999999996,True,critical,289,274,2,29,0.9480968858131488,False,33,94,36,45,0,31,0.40789473684210525,True,0,36,1.25,17,0,20,False,0,76,0.0,36,,,2025-12-18 18:29:01.574716,1236,Math,openzeppelin,none,False
1237,1237,False,False,False,False,False,False,False,False,False,False,False,False,False,False,True,False,False,False,False,False,False,False,True,True,False,1,9,133,1,1,0,0,5,0,26,7,1,5.0,0,9,0.34615384615384615,0,1,1,0,26,117,0,10,0,7,2,0.0,0.0,188.0,2897.885714285714,True,critical,11,11,0,7,1.0,False,2,5,1,0,0,1,1.0,False,1,0,0.0,1,0,1,False,0,3,0.0,1,,,2025-12-18 18:29:02.602090,1237,ERC7913P256Verifier,openzeppelin,none,False
1238,1238,False,False,False,False,False,False,False,False,False,False,False,False,False,False,True,False,False,False,False,False,False,False,True,True,False,1,9,119,1,3,0,0,2,0,20,6,1,2.0,0,8,0.4,0,1,1,0,21,108,0,10,0,7,2,0.0,0.0,174.0,2401.2,True,critical,7,6,0,5,0.8571428571428571,False,2,2,1,2,1,3,0.6,False,1,0,2.0,2,0,1,False,0,3,0.0,1,,,2025-12-18 18:29:03.327817,1238,ERC7913RSAVerifier,openzeppelin,none,False
1240,1240,False,False,False,False,False,False,False,False,False,False,False,False,False,False,True,False,False,False,False,False,False,True,True,False,False,0,1,21,4,1,1,0,1,0,49,3,1,1.0,0,27,0.5510204081632653,0,1,1,0,8,14,0,1,0,4,3,0.0,0.0,26.0,115.69999999999999,True,complex,11,7,0,4,0.6363636363636364,False,2,4,4,2,0,1,0.3333333333333333,False,1,3,0.5,2,1,2,True,1,4,2.0,3,,,2025-12-18 18:29:04.312143,1240,SignerECDSA,openzeppelin,none,False
1243,1243,False,False,False,False,False,False,False,False,False,False,False,False,False,False,True,False,False,False,False,False,False,False,True,False,False,1,9,151,4,2,2,0,3,0,56,7,1,2.0,0,27,0.48214285714285715,0,2,1,0,25,136,0,10,0,6,2,0.0,0.0,206.0,4126.866666666667,True,critical,20,17,0,8,0.85,False,3,8,4,3,0,2,0.4,False,1,3,0.75,2,2,2,True,0,6,0.0,3,,,2025-12-18 18:29:06.323749,1243,SignerP256,openzeppelin,none,False
1244,1244,False,False,False,False,False,False,False,False,False,False,False,False,False,False,False,False,False,False,False,False,False,False,True,False,False,0,0,2,1,0,0,0,1,0,21,1,1,1.0,0,17,0.8095238095238095,0,0,0,0,2,0,0,0,0,1,1,0.0,0.0,2.0,4.0,False,simple,0,0,0,0,0.0,False,0,0,1,0,0,0,0.0,False,0,1,0.0,1,0,0,False,0,2,0.0,1,,,2025-12-18 18:29:06.656954,1244,AbstractSigner,openzeppelin,none,False
1245,1245,False,False,False,False,False,False,False,False,False,False,False,False,False,False,True,False,False,False,False,False,False,True,True,False,False,0,1,20,1,1,0,0,1,0,22,3,1,1.0,0,10,0.45454545454545453,0,1,1,0,8,13,0,1,0,4,3,0.0,0.0,25.0,106.875,True,complex,5,4,0,4,0.8,False,1,1,1,0,0,1,1.0,False,0,1,0.0,1,0,1,False,1,2,1.0,1,,,2025-12-18 18:29:07.003112,1245,SignerEIP7702,openzeppelin,none,False
1248,1248,False,False,False,False,False,False,False,False,False,False,False,False,False,False,True,False,False,False,False,False,False,False,True,False,False,1,9,132,4,2,2,0,1,0,58,6,1,1.0,0,34,0.5862068965517241,0,1,1,0,20,122,0,10,0,6,2,0.0,0.0,187.0,3284.9666666666662,True,critical,12,8,0,4,0.6666666666666666,False,2,4,4,3,0,2,0.4,False,1,3,0.75,3,2,2,True,0,6,0.0,3,,,2025-12-18 18:29:08.758839,1248,SignerRSA,openzeppelin,none,False
1249,1249,False,False,False,False,False,False,False,False,False,False,False,False,False,False,True,False,False,False,False,False,False,True,True,True,False,1,2,63,3,1,1,0,1,0,40,14,1,1.0,0,26,0.65,1,0,2,0,35,31,0,3,0,7,3,0.0,0.0,83.0,672.3,True,critical,6,3,0,2,0.5,False,0,3,3,2,1,1,0.3333333333333333,True,2,1,0.6666666666666666,2,1,1,False,1,4,1.0,2,,,2025-12-18 18:29:09.388530,1249,ProxyAdmin,openzeppelin,none,False
1250,1250,False,False,False,False,False,False,False,False,False,False,False,False,False,False,True,False,False,False,False,False,False,True,True,True,False,1,2,63,4,4,1,0,5,0,109,14,1,2.0,0,75,0.6880733944954128,1,2,2,0,35,31,0,3,0,7,3,0.0,0.0,83.0,672.3,True,critical,19,17,0,4,0.8947368421052632,False,1,8,4,7,1,4,0.36363636363636365,True,1,3,1.75,3,1,1,True,1,3,1.0,1,,,2025-12-18 18:29:10.647692,1250,TransparentUpgradeableProxy,openzeppelin,none,False
1251,1251,False,False,False,False,False,False,False,False,False,False,False,False,False,False,True,False,False,False,False,False,False,True,True,True,False,0,2,60,8,4,2,2,3,0,134,9,1,1.75,0,86,0.6417910447761194,1,2,1,0,32,30,0,2,0,7,3,0.0,0.0,70.0,530.0,True,critical,26,22,0,5,0.8461538461538461,False,1,13,8,8,2,4,0.3333333333333333,False,2,6,1.0,8,2,1,True,1,5,1.0,3,,,2025-12-18 18:29:11.039715,1251,UUPSUpgradeable,openzeppelin,none,False
1252,1252,False,False,False,False,False,False,False,False,False,False,False,False,False,False,True,False,False,False,False,False,False,False,True,False,False,0,0,9,7,0,1,3,5,0,218,1,1,1.8571428571428572,0,143,0.6559633027522935,0,0,0,0,3,6,0,0,0,3,2,0.0,0.0,9.0,21.6,False,moderate,25,21,0,6,0.84,False,3,13,7,7,0,0,0.0,False,0,7,1.0,4,1,0,True,0,0,0.0,0,,,2025-12-18 18:29:11.380381,1252,Initializable,openzeppelin,none,False
1253,1253,False,False,False,False,False,False,False,False,False,False,False,False,False,False,True,False,False,False,False,False,False,True,True,True,False,0,2,59,3,2,0,0,3,0,56,9,1,1.6666666666666667,0,38,0.6785714285714286,1,2,1,0,31,30,0,2,0,5,3,0.0,0.0,69.0,717.6,True,critical,9,7,0,3,0.7777777777777778,False,2,5,3,2,1,2,0.5,False,1,2,0.6666666666666666,3,0,1,False,1,2,1.0,1,,,2025-12-18 18:29:11.834228,1253,ERC1967Proxy,openzeppelin,none,False
1254,1254,False,False,False,False,False,False,False,False,False,False,False,False,False,False,True,False,False,False,False,False,False,True,True,True,False,0,2,66,11,13,3,0,5,0,154,7,1,2.272727272727273,0,82,0.5324675324675324,0,8,0,0,28,40,0,2,0,5,3,0.0,0.0,76.0,851.1999999999999,True,critical,49,45,0,6,0.9183673469387755,False,3,25,11,13,0,13,0.5,False,0,11,1.1818181818181819,9,3,6,True,2,8,3.0,6,,,2025-12-18 18:29:12.276940,1254,ERC1967Utils,openzeppelin,none,False
1255,1255,False,False,False,False,False,False,False,False,False,False,False,False,False,False,False,False,False,False,False,False,False,False,True,True,False,0,0,9,4,0,1,0,3,0,61,4,1,1.5,0,37,0.6065573770491803,0,0,2,0,6,3,0,0,0,4,1,0.0,0.0,9.0,18.225,False,moderate,14,11,0,4,0.7857142857142857,False,1,6,4,6,2,0,0.0,True,3,1,1.5,4,1,1,True,0,4,0.0,3,,,2025-12-18 18:29:12.657511,1255,UpgradeableBeacon,openzeppelin,none,False
1256,1256,False,False,False,False,False,False,False,False,False,False,False,False,False,False,False,False,False,False,False,False,False,False,True,False,False,0,0,2,1,0,0,0,1,0,14,1,1,1.0,0,10,0.7142857142857143,0,0,0,0,2,0,0,0,0,1,1,0.0,0.0,2.0,4.0,False,simple,0,0,0,0,0.0,False,0,0,1,0,0,0,0.0,False,1,0,0.0,1,0,0,False,0,0,0.0,0,,,2025-12-18 18:29:12.969698,1256,IBeacon,openzeppelin,none,False
1257,1257,False,False,False,False,False,False,False,False,False,False,False,False,False,False,True,False,False,False,False,False,False,True,True,True,False,0,2,61,3,2,1,0,1,0,51,9,1,1.0,0,34,0.6666666666666666,1,1,1,0,31,32,0,2,0,6,3,0.0,0.0,71.0,631.8999999999999,True,critical,7,4,0,2,0.5714285714285714,False,2,3,3,1,0,2,0.6666666666666666,False,1,2,0.3333333333333333,2,1,1,True,1,2,1.0,1,,,2025-12-18 18:29:13.482077,1257,BeaconProxy,openzeppelin,none,False
1258,1258,False,False,False,False,False,False,False,False,False,False,False,False,False,False,False,False,False,False,False,False,False,False,True,False,False,0,0,5,14,0,0,0,1,0,70,1,1,1.0,0,8,0.11428571428571428,2,0,0,0,5,0,0,0,0,2,1,0.0,0.0,5.0,12.5,False,moderate,0,0,0,0,0.0,False,0,0,14,0,0,0,0.0,False,14,0,0.0,14,0,0,False,0,18,0.0,6,,,2025-12-18 18:29:13.809453,1258,ICompoundTimelock,openzeppelin,none,False
