contract_id,contract_name,address,file_path,compiler_version,data_source,has_reentrancy,has_access_control_issues,has_timestamp_dependency,has_unchecked_call,has_reentrancy_unlimited,has_reentrancy_benign,has_reentrancy_events,has_unchecked_transfer,has_controlled_delegatecall,has_delegatecall_loop,has_uninitialized_state,has_uninitialized_storage,has_uninitialized_local,has_tx_origin,has_inline_assembly,has_locked_ether,has_msg_value_loop,has_shadowing_state,has_shadowing_builtin,has_shadowing_abstract,has_unused_state_vars,has_unused_return_values,has_incorrect_solc_version,has_floating_pragma,has_outdated_compiler,high_severity_count,medium_severity_count,low_severity_count,num_functions,num_external_calls,num_state_vars,num_modifiers,max_cyclomatic_complexity,num_low_level_calls,lines_of_code,num_contracts_in_file,num_dependencies,avg_function_complexity,num_functions_high_complexity,num_comments,comment_to_code_ratio,num_payable_functions,num_library_calls,inheritance_depth,num_unused_functions,high_confidence_detectors,medium_confidence_detectors,low_confidence_detectors,security_detectors_triggered,optimization_detectors_triggered,total_detector_hits,unique_vulnerability_types,detectors_per_function,detectors_per_loc,risk_score_simple,risk_score_weighted,is_high_risk,contract_complexity_category,failure_reason,error_message,cfg_num_nodes,cfg_num_edges,cfg_num_cycles,cfg_max_depth,cfg_avg_branching,cfg_has_complex_loops,cfg_num_exit_points,cfg_cyclomatic_total,cg_num_nodes,cg_num_edges,cg_max_call_depth,cg_num_external_calls,cg_external_call_ratio,cg_has_cyclic_calls,cg_num_public_entry_points,cg_num_internal_functions,cg_avg_calls_per_function,cg_num_leaf_functions,dfg_num_state_vars,dfg_num_tainted_flows,dfg_has_cross_function_flow,dfg_num_sensitive_sinks,dfg_num_external_sources,dfg_taint_to_sink_ratio,dfg_num_unvalidated_inputs,label
1,phishable,,data/smartbugs_curated/dataset/access_control/phishable.sol,,smartbugs_curated,False,True,False,False,False,False,False,False,False,False,False,False,False,True,False,False,False,False,False,False,False,False,True,False,False,1,1,5,0,0,0,0,0,0,0,1,0,0.0,0,0,0.0,0,0,0,0,3,4,0,2,0,5,3,0.0,0.0,20.0,23.200000000000003,True,complex,,,0,0,0,0,0.0,False,0,0,0,0,0,0,0.0,False,0,0,0.0,0,0,0,False,0,0,0.0,0,1.0
2,parity_wallet_bug_1,,data/smartbugs_curated/dataset/access_control/parity_wallet_bug_1.sol,,smartbugs_curated,True,True,True,True,False,False,True,False,False,False,True,False,True,False,True,False,False,False,False,False,True,False,True,False,False,3,3,66,0,0,0,0,0,0,0,1,0,0.0,0,0,0.0,0,0,0,0,74,7,0,6,0,17,8,0.0,0.0,111.0,515.1705882352942,True,critical,,,0,0,0,0,0.0,False,0,0,0,0,0,0,0.0,False,0,0,0.0,0,0,0,False,0,0,0.0,0,1.0
3,arbitrary_location_write_simple,,data/smartbugs_curated/dataset/access_control/arbitrary_location_write_simple.sol,,smartbugs_curated,False,False,False,False,False,False,False,False,False,False,False,False,False,False,False,False,False,False,False,False,False,False,True,False,False,1,1,6,0,0,0,0,0,0,0,1,0,0.0,0,0,0.0,0,0,0,0,7,1,0,2,0,4,1,0.0,0.0,21.0,40.425,True,moderate,,,0,0,0,0,0.0,False,0,0,0,0,0,0,0.0,False,0,0,0.0,0,0,0,False,0,0,0.0,0,1.0
4,wallet_03_wrong_constructor,,data/smartbugs_curated/dataset/access_control/wallet_03_wrong_constructor.sol,,smartbugs_curated,False,False,False,False,True,False,False,False,False,False,False,False,False,False,False,False,False,False,False,False,False,False,True,False,False,0,0,4,0,0,0,0,0,0,0,1,0,0.0,0,0,0.0,0,0,0,0,2,2,0,0,1,3,2,0.0,0.0,4.0,4.533333333333333,False,moderate,,,0,0,0,0,0.0,False,0,0,0,0,0,0,0.0,False,0,0,0.0,0,0,0,False,0,0,0.0,0,1.0
5,rubixi,,data/smartbugs_curated/dataset/access_control/rubixi.sol,,smartbugs_curated,False,False,False,True,True,False,False,False,False,False,False,False,False,False,False,False,False,False,False,False,False,False,True,False,False,1,5,25,0,0,0,0,0,0,0,1,0,0.0,0,0,0.0,0,0,0,0,15,16,0,6,4,11,4,0.0,0.0,60.0,142.9090909090909,True,critical,,,0,0,0,0,0.0,False,0,0,0,0,0,0,0.0,False,0,0,0.0,0,0,0,False,0,0,0.0,0,1.0
6,mycontract,,data/smartbugs_curated/dataset/access_control/mycontract.sol,,smartbugs_curated,False,True,False,False,False,False,False,False,False,False,False,False,False,True,False,False,False,False,False,False,False,False,True,False,False,1,1,3,0,0,0,0,0,0,0,1,0,0.0,0,0,0.0,0,0,0,0,2,3,0,2,0,4,3,0.0,0.0,18.0,18.45,True,moderate,,,0,0,0,0,0.0,False,0,0,0,0,0,0,0.0,False,0,0,0.0,0,0,0,False,0,0,0.0,0,1.0
7,wallet_02_refund_nosub,,data/smartbugs_curated/dataset/access_control/wallet_02_refund_nosub.sol,,smartbugs_curated,False,False,False,False,True,False,False,False,False,False,False,False,False,False,False,False,False,False,False,False,False,False,True,False,False,0,0,4,0,0,0,0,0,0,0,1,0,0.0,0,0,0.0,0,0,0,0,2,2,0,0,1,3,2,0.0,0.0,4.0,4.533333333333333,False,moderate,,,0,0,0,0,0.0,False,0,0,0,0,0,0,0.0,False,0,0,0.0,0,0,0,False,0,0,0.0,0,1.0
8,incorrect_constructor_name1,,data/smartbugs_curated/dataset/access_control/incorrect_constructor_name1.sol,,smartbugs_curated,False,False,False,False,False,False,False,False,False,False,False,False,False,False,False,False,False,False,False,False,False,False,True,False,False,0,0,3,0,0,0,0,0,0,0,1,0,0.0,0,0,0.0,0,0,0,0,3,0,0,0,0,2,1,0.0,0.0,3.0,4.5,False,simple,,,0,0,0,0,0.0,False,0,0,0,0,0,0,0.0,False,0,0,0.0,0,0,0,False,0,0,0.0,0,1.0
9,wallet_04_confused_sign,,data/smartbugs_curated/dataset/access_control/wallet_04_confused_sign.sol,,smartbugs_curated,False,False,False,False,True,False,False,False,False,False,False,False,False,False,False,False,False,False,False,False,False,False,True,False,False,0,0,4,0,0,0,0,0,0,0,1,0,0.0,0,0,0.0,0,0,0,0,2,2,0,0,1,3,2,0.0,0.0,4.0,4.533333333333333,False,moderate,,,0,0,0,0,0.0,False,0,0,0,0,0,0,0.0,False,0,0,0.0,0,0,0,False,0,0,0.0,0,1.0
10,multiowned_vulnerable,,data/smartbugs_curated/dataset/access_control/multiowned_vulnerable.sol,,smartbugs_curated,False,False,False,False,False,False,False,False,False,False,False,False,False,False,False,False,False,False,False,False,False,False,True,False,False,0,0,4,0,0,0,0,0,0,0,1,0,0.0,0,0,0.0,0,0,0,0,4,0,0,0,0,2,1,0.0,0.0,4.0,8.0,False,moderate,,,0,0,0,0,0.0,False,0,0,0,0,0,0,0.0,False,0,0,0.0,0,0,0,False,0,0,0.0,0,1.0
11,mapping_write,,data/smartbugs_curated/dataset/access_control/mapping_write.sol,,smartbugs_curated,False,False,False,False,False,False,False,False,False,False,True,False,False,False,False,False,False,False,False,False,False,False,True,False,False,2,0,2,0,0,0,0,0,0,0,1,0,0.0,0,0,0.0,0,0,0,0,4,1,0,2,0,4,2,0.0,0.0,22.0,25.85,True,moderate,,,0,0,0,0,0.0,False,0,0,0,0,0,0,0.0,False,0,0,0.0,0,0,0,False,0,0,0.0,0,1.0
12,simple_suicide,,data/smartbugs_curated/dataset/access_control/simple_suicide.sol,,smartbugs_curated,False,True,False,False,False,False,False,False,False,False,False,False,False,False,False,False,False,False,False,False,False,False,True,False,False,1,0,2,0,0,0,0,0,0,0,1,0,0.0,0,0,0.0,0,0,0,0,3,0,0,1,0,2,2,0.0,0.0,12.0,18.0,False,moderate,,,0,0,0,0,0.0,False,0,0,0,0,0,0,0.0,False,0,0,0.0,0,0,0,False,0,0,0.0,0,1.0
13,incorrect_constructor_name3,,data/smartbugs_curated/dataset/access_control/incorrect_constructor_name3.sol,,smartbugs_curated,False,False,False,False,False,False,False,False,False,False,False,False,False,False,False,False,False,False,False,False,False,False,True,False,False,0,0,3,0,0,0,0,0,0,0,1,0,0.0,0,0,0.0,0,0,0,0,3,0,0,0,0,2,1,0.0,0.0,3.0,4.5,False,simple,,,0,0,0,0,0.0,False,0,0,0,0,0,0,0.0,False,0,0,0.0,0,0,0,False,0,0,0.0,0,1.0
14,incorrect_constructor_name2,,data/smartbugs_curated/dataset/access_control/incorrect_constructor_name2.sol,,smartbugs_curated,False,False,False,False,False,False,False,False,False,False,False,False,False,False,False,False,False,False,False,False,False,False,True,False,False,0,0,2,0,0,0,0,0,0,0,1,0,0.0,0,0,0.0,0,0,0,0,2,0,0,0,0,1,1,0.0,0.0,2.0,4.0,False,simple,,,0,0,0,0,0.0,False,0,0,0,0,0,0,0.0,False,0,0,0.0,0,0,0,False,0,0,0.0,0,1.0
15,unprotected0,,data/smartbugs_curated/dataset/access_control/unprotected0.sol,,smartbugs_curated,False,False,False,False,False,False,False,False,False,False,False,False,False,False,False,False,False,False,False,False,False,False,True,False,False,0,0,4,0,0,0,0,0,0,0,1,0,0.0,0,0,0.0,0,0,0,0,3,1,0,0,0,3,1,0.0,0.0,4.0,4.933333333333334,False,moderate,,,0,0,0,0,0.0,False,0,0,0,0,0,0,0.0,False,0,0,0.0,0,0,0,False,0,0,0.0,0,1.0
16,proxy,,data/smartbugs_curated/dataset/access_control/proxy.sol,,smartbugs_curated,False,False,False,True,False,False,False,False,True,False,False,False,False,False,False,False,False,False,False,False,False,False,True,False,False,1,0,4,0,0,0,0,0,0,0,1,0,0.0,0,0,0.0,0,0,0,0,5,1,0,1,0,5,3,0.0,0.0,14.0,15.96,True,moderate,,,0,0,0,0,0.0,False,0,0,0,0,0,0,0.0,False,0,0,0.0,0,0,0,False,0,0,0.0,0,1.0
17,FibonacciBalance,,data/smartbugs_curated/dataset/access_control/FibonacciBalance.sol,,smartbugs_curated,False,True,False,True,False,False,False,False,True,False,True,False,False,False,False,False,False,False,False,False,False,False,True,False,False,4,0,9,5,3,5,0,1,2,52,2,1,1.0,0,18,0.34615384615384615,1,0,0,0,11,4,0,4,0,9,5,0.0,0.0,49.0,75.13333333333333,True,critical,,,10,5,0,3,0.5,False,0,5,5,3,1,3,0.5,False,3,2,0.6,4,5,1,True,3,1,0.3333333333333333,1,1.0
18,parity_wallet_bug_2,,data/smartbugs_curated/dataset/access_control/parity_wallet_bug_2.sol,,smartbugs_curated,True,True,True,True,False,False,True,False,False,False,False,False,True,False,False,False,False,False,False,False,True,False,True,False,False,2,2,59,0,0,0,0,0,0,0,1,0,0.0,0,0,0.0,0,0,0,0,58,6,0,4,0,13,7,0.0,0.0,89.0,425.83076923076925,True,critical,,,0,0,0,0,0.0,False,0,0,0,0,0,0,0.0,False,0,0,0.0,0,0,0,False,0,0,0.0,0,1.0
19,governmental_survey,,data/smartbugs_curated/dataset/time_manipulation/governmental_survey.sol,,smartbugs_curated,False,True,True,True,True,False,False,False,False,False,False,False,False,False,False,False,False,False,False,False,False,False,True,False,False,1,3,9,0,0,0,0,0,0,0,1,0,0.0,0,0,0.0,0,0,0,0,9,5,0,4,1,9,5,0.0,0.0,34.0,47.22222222222222,True,complex,,,0,0,0,0,0.0,False,0,0,0,0,0,0,0.0,False,0,0,0.0,0,0,0,False,0,0,0.0,0,1.0
20,roulette,,data/smartbugs_curated/dataset/time_manipulation/roulette.sol,,smartbugs_curated,False,True,True,False,False,False,False,False,False,False,False,False,False,False,False,False,False,False,False,False,False,False,True,False,False,2,1,3,0,0,0,0,0,0,0,1,0,0.0,0,0,0.0,0,0,0,0,3,3,0,3,0,5,3,0.0,0.0,28.0,28.560000000000002,True,complex,,,0,0,0,0,0.0,False,0,0,0,0,0,0,0.0,False,0,0,0.0,0,0,0,False,0,0,0.0,0,1.0
21,ether_lotto,,data/smartbugs_curated/dataset/time_manipulation/ether_lotto.sol,,smartbugs_curated,False,True,True,False,True,False,False,False,False,False,False,False,False,False,False,False,False,False,False,False,False,False,True,False,False,2,1,5,0,0,0,0,0,0,0,1,0,0.0,0,0,0.0,0,0,0,0,4,4,0,3,1,7,4,0.0,0.0,30.0,29.14285714285714,True,complex,,,0,0,0,0,0.0,False,0,0,0,0,0,0,0.0,False,0,0,0.0,0,0,0,False,0,0,0.0,0,1.0
22,timed_crowdsale,,data/smartbugs_curated/dataset/time_manipulation/timed_crowdsale.sol,,smartbugs_curated,False,False,True,False,False,False,False,False,False,False,False,False,False,False,False,False,False,False,False,False,False,False,True,False,False,0,0,3,0,0,0,0,0,0,0,1,0,0.0,0,0,0.0,0,0,0,0,2,1,0,0,0,2,2,0.0,0.0,3.0,4.05,False,moderate,,,0,0,0,0,0.0,False,0,0,0,0,0,0,0.0,False,0,0,0.0,0,0,0,False,0,0,0.0,0,1.0
23,lottopollo,,data/smartbugs_curated/dataset/time_manipulation/lottopollo.sol,,smartbugs_curated,False,True,True,True,False,False,False,False,False,False,False,False,False,False,False,False,False,False,False,False,False,False,True,False,False,1,2,4,3,2,2,0,7,0,31,1,1,3.0,0,7,0.22580645161290322,0,0,0,0,3,4,0,3,0,5,4,0.0,0.0,24.0,27.84,True,complex,,,16,16,0,4,1.0,False,1,9,3,3,2,2,0.4,False,2,1,1.0,2,2,1,True,2,2,0.5,2,1.0
24,dos_number,,data/smartbugs_curated/dataset/denial_of_service/dos_number.sol,,smartbugs_curated,False,False,False,False,False,False,False,False,False,False,False,False,False,False,False,False,False,False,False,False,False,False,True,False,False,0,0,3,0,0,0,0,0,0,0,1,0,0.0,0,0,0.0,0,0,0,0,2,1,0,0,1,2,1,0.0,0.0,3.0,4.05,False,simple,,,0,0,0,0,0.0,False,0,0,0,0,0,0,0.0,False,0,0,0.0,0,0,0,False,0,0,0.0,0,1.0
25,send_loop,,data/smartbugs_curated/dataset/denial_of_service/send_loop.sol,,smartbugs_curated,False,False,False,False,False,False,False,False,False,False,True,False,False,False,False,False,False,False,False,False,False,False,True,False,False,1,0,3,0,0,0,0,0,0,0,1,0,0.0,0,0,0.0,0,0,0,0,4,1,0,1,1,4,2,0.0,0.0,13.0,15.275,False,moderate,,,0,0,0,0,0.0,False,0,0,0,0,0,0,0.0,False,0,0,0.0,0,0,0,False,0,0,0.0,0,1.0
26,list_dos,,data/smartbugs_curated/dataset/denial_of_service/list_dos.sol,,smartbugs_curated,False,False,True,True,True,False,False,False,False,False,False,False,False,False,False,False,False,False,False,False,False,False,True,False,False,2,7,8,0,0,0,0,0,0,0,1,0,0.0,0,0,0.0,0,0,0,0,3,15,0,9,5,7,4,0.0,0.0,63.0,121.5,True,critical,,,0,0,0,0,0.0,False,0,0,0,0,0,0,0.0,False,0,0,0.0,0,0,0,False,0,0,0.0,0,1.0
27,dos_simple,,data/smartbugs_curated/dataset/denial_of_service/dos_simple.sol,,smartbugs_curated,False,False,False,False,False,False,False,False,False,False,False,False,False,False,False,False,False,False,False,False,False,False,True,False,False,0,0,2,0,0,0,0,0,0,0,1,0,0.0,0,0,0.0,0,0,0,0,2,0,0,0,0,1,1,0.0,0.0,2.0,4.0,False,simple,,,0,0,0,0,0.0,False,0,0,0,0,0,0,0.0,False,0,0,0.0,0,0,0,False,0,0,0.0,0,1.0
28,auction,,data/smartbugs_curated/dataset/denial_of_service/auction.sol,,smartbugs_curated,False,False,False,False,True,False,False,False,False,False,False,False,False,False,False,False,False,False,False,False,False,False,True,False,False,0,0,3,0,0,0,0,0,0,0,1,0,0.0,0,0,0.0,0,0,0,0,2,1,0,0,1,2,2,0.0,0.0,3.0,4.05,False,moderate,,,0,0,0,0,0.0,False,0,0,0,0,0,0,0.0,False,0,0,0.0,0,0,0,False,0,0,0.0,0,1.0
29,dos_address,,data/smartbugs_curated/dataset/denial_of_service/dos_address.sol,,smartbugs_curated,False,False,False,False,False,False,False,False,False,False,False,False,False,False,False,False,False,False,False,False,False,False,True,False,False,1,0,2,0,0,0,0,0,0,0,1,0,0.0,0,0,0.0,0,0,0,0,2,1,0,1,0,2,1,0.0,0.0,12.0,16.2,False,moderate,,,0,0,0,0,0.0,False,0,0,0,0,0,0,0.0,False,0,0,0.0,0,0,0,False,0,0,0.0,0,1.0
30,lottery,,data/smartbugs_curated/dataset/bad_randomness/lottery.sol,,smartbugs_curated,False,False,False,False,False,False,False,False,False,False,False,False,False,False,False,False,False,False,False,False,False,False,True,False,False,1,1,7,0,0,0,0,0,0,0,1,0,0.0,0,0,0.0,0,0,0,0,9,1,0,2,1,5,1,0.0,0.0,22.0,42.67999999999999,True,moderate,,,0,0,0,0,0.0,False,0,0,0,0,0,0,0.0,False,0,0,0.0,0,0,0,False,0,0,0.0,0,1.0
31,random_number_generator,,data/smartbugs_curated/dataset/bad_randomness/random_number_generator.sol,,smartbugs_curated,False,False,True,False,False,False,False,False,False,False,False,False,False,False,False,False,False,False,False,False,False,False,True,False,False,1,0,3,0,0,0,0,0,0,0,1,0,0.0,0,0,0.0,0,0,0,0,2,2,0,1,0,3,2,0.0,0.0,13.0,14.733333333333333,False,moderate,,,0,0,0,0,0.0,False,0,0,0,0,0,0,0.0,False,0,0,0.0,0,0,0,False,0,0,0.0,0,1.0
32,etheraffle,,data/smartbugs_curated/dataset/bad_randomness/etheraffle.sol,,smartbugs_curated,False,False,False,False,True,False,False,False,False,False,False,False,False,False,False,False,False,False,False,False,False,False,True,False,False,0,0,6,0,0,0,0,0,0,0,1,0,0.0,0,0,0.0,0,0,0,0,3,3,0,0,2,5,2,0.0,0.0,6.0,6.119999999999999,False,moderate,,,0,0,0,0,0.0,False,0,0,0,0,0,0,0.0,False,0,0,0.0,0,0,0,False,0,0,0.0,0,1.0
33,lucky_doubler,,data/smartbugs_curated/dataset/bad_randomness/lucky_doubler.sol,,smartbugs_curated,False,False,True,True,True,False,False,False,False,False,False,False,False,False,False,False,False,False,False,False,False,False,True,False,False,3,4,12,0,0,0,0,0,0,0,1,0,0.0,0,0,0.0,0,0,0,0,6,13,0,7,2,10,5,0.0,0.0,62.0,93.62,True,critical,,,0,0,0,0,0.0,False,0,0,0,0,0,0,0.0,False,0,0,0.0,0,0,0,False,0,0,0.0,0,1.0
34,guess_the_random_number,,data/smartbugs_curated/dataset/bad_randomness/guess_the_random_number.sol,,smartbugs_curated,False,True,True,False,False,False,False,False,False,False,False,False,False,False,False,False,False,False,False,False,False,False,True,False,False,1,2,4,0,0,0,0,0,0,0,1,0,0.0,0,0,0.0,0,0,0,0,5,2,0,3,0,5,3,0.0,0.0,24.0,30.720000000000002,True,complex,,,0,0,0,0,0.0,False,0,0,0,0,0,0,0.0,False,0,0,0.0,0,0,0,False,0,0,0.0,0,1.0
35,smart_billions,,data/smartbugs_curated/dataset/bad_randomness/smart_billions.sol,,smartbugs_curated,False,False,False,False,True,False,False,False,False,False,False,False,False,False,False,False,False,True,False,False,False,False,True,False,False,3,16,58,0,0,0,0,0,0,0,1,0,0.0,0,0,0.0,0,0,0,0,59,20,0,19,6,15,4,0.0,0.0,168.0,817.5999999999999,True,critical,,,0,0,0,0,0.0,False,0,0,0,0,0,0,0.0,False,0,0,0.0,0,0,0,False,0,0,0.0,0,1.0
36,old_blockhash,,data/smartbugs_curated/dataset/bad_randomness/old_blockhash.sol,,smartbugs_curated,False,False,False,False,False,False,False,False,False,False,False,False,False,False,False,False,False,False,False,False,False,False,True,False,False,0,0,3,0,0,0,0,0,0,0,1,0,0.0,0,0,0.0,0,0,0,0,3,0,0,0,0,2,1,0.0,0.0,3.0,4.5,False,simple,,,0,0,0,0,0.0,False,0,0,0,0,0,0,0.0,False,0,0,0.0,0,0,0,False,0,0,0.0,0,1.0
37,blackjack,,data/smartbugs_curated/dataset/bad_randomness/blackjack.sol,,smartbugs_curated,False,False,True,False,True,False,False,False,False,False,False,False,False,False,False,False,False,False,False,False,False,False,True,False,False,3,2,21,0,0,0,0,0,0,0,1,0,0.0,0,0,0.0,0,0,0,0,21,8,0,5,5,8,3,0.0,0.0,61.0,202.825,True,critical,,,0,0,0,0,0.0,False,0,0,0,0,0,0,0.0,False,0,0,0.0,0,0,0,False,0,0,0.0,0,1.0
38,integer_overflow_benign_1,,data/smartbugs_curated/dataset/arithmetic/integer_overflow_benign_1.sol,,smartbugs_curated,False,False,False,False,False,False,False,False,False,False,False,False,False,False,False,False,False,False,False,False,False,False,True,False,False,0,0,2,0,0,0,0,0,0,0,1,0,0.0,0,0,0.0,0,0,0,0,3,0,0,0,0,2,1,0.0,0.0,2.0,3.0,False,simple,,,0,0,0,0,0.0,False,0,0,0,0,0,0,0.0,False,0,0,0.0,0,0,0,False,0,0,0.0,0,1.0
39,timelock,,data/smartbugs_curated/dataset/arithmetic/timelock.sol,,smartbugs_curated,False,False,True,False,False,False,False,False,False,False,False,False,False,False,False,False,False,False,False,False,False,False,True,False,False,0,0,4,0,0,0,0,0,0,0,1,0,0.0,0,0,0.0,0,0,0,0,3,1,0,0,0,3,2,0.0,0.0,4.0,4.933333333333334,False,moderate,,,0,0,0,0,0.0,False,0,0,0,0,0,0,0.0,False,0,0,0.0,0,0,0,False,0,0,0.0,0,1.0
40,integer_overflow_multitx_multifunc_feasible,,data/smartbugs_curated/dataset/arithmetic/integer_overflow_multitx_multifunc_feasible.sol,,smartbugs_curated,False,False,False,False,False,False,False,False,False,False,False,False,False,False,False,False,False,False,False,False,False,False,True,False,False,0,0,2,0,0,0,0,0,0,0,1,0,0.0,0,0,0.0,0,0,0,0,2,0,0,0,0,1,1,0.0,0.0,2.0,4.0,False,simple,,,0,0,0,0,0.0,False,0,0,0,0,0,0,0.0,False,0,0,0.0,0,0,0,False,0,0,0.0,0,1.0
41,BECToken,,data/smartbugs_curated/dataset/arithmetic/BECToken.sol,,smartbugs_curated,False,False,False,False,False,False,False,False,False,False,False,False,False,False,False,False,False,False,False,False,False,False,True,False,False,0,0,24,0,0,0,0,0,0,0,1,0,0.0,0,0,0.0,0,0,0,0,26,3,0,0,0,6,1,0.0,0.0,24.0,112.4,True,complex,,,0,0,0,0,0.0,False,0,0,0,0,0,0,0.0,False,0,0,0.0,0,0,0,False,0,0,0.0,0,1.0
42,overflow_simple_add,,data/smartbugs_curated/dataset/arithmetic/overflow_simple_add.sol,,smartbugs_curated,False,False,False,False,False,False,False,False,False,False,False,False,False,False,False,False,False,False,False,False,False,False,True,False,False,0,0,3,0,0,0,0,0,0,0,1,0,0.0,0,0,0.0,0,0,0,0,3,0,0,0,0,2,1,0.0,0.0,3.0,4.5,False,simple,,,0,0,0,0,0.0,False,0,0,0,0,0,0,0.0,False,0,0,0.0,0,0,0,False,0,0,0.0,0,1.0
43,overflow_single_tx,,data/smartbugs_curated/dataset/arithmetic/overflow_single_tx.sol,,smartbugs_curated,False,False,False,False,False,False,False,False,False,False,False,False,False,False,False,False,False,False,False,False,False,False,True,False,False,0,0,2,0,0,0,0,0,0,0,1,0,0.0,0,0,0.0,0,0,0,0,2,0,0,0,0,1,1,0.0,0.0,2.0,4.0,False,simple,,,0,0,0,0,0.0,False,0,0,0,0,0,0,0.0,False,0,0,0.0,0,0,0,False,0,0,0.0,0,1.0
44,integer_overflow_1,,data/smartbugs_curated/dataset/arithmetic/integer_overflow_1.sol,,smartbugs_curated,False,False,False,False,False,False,False,False,False,False,False,False,False,False,False,False,False,False,False,False,False,False,True,False,False,0,0,2,0,0,0,0,0,0,0,1,0,0.0,0,0,0.0,0,0,0,0,2,0,0,0,0,1,1,0.0,0.0,2.0,4.0,False,simple,,,0,0,0,0,0.0,False,0,0,0,0,0,0,0.0,False,0,0,0.0,0,0,0,False,0,0,0.0,0,1.0
45,token,,data/smartbugs_curated/dataset/arithmetic/token.sol,,smartbugs_curated,False,False,False,False,False,False,False,False,False,False,False,False,False,False,False,False,False,False,False,False,False,False,True,False,False,0,1,5,0,0,0,0,0,0,0,1,0,0.0,0,0,0.0,0,0,0,0,6,0,0,1,0,3,1,0.0,0.0,10.0,20.0,False,moderate,,,0,0,0,0,0.0,False,0,0,0,0,0,0,0.0,False,0,0,0.0,0,0,0,False,0,0,0.0,0,1.0
46,integer_overflow_minimal,,data/smartbugs_curated/dataset/arithmetic/integer_overflow_minimal.sol,,smartbugs_curated,False,False,False,False,False,False,False,False,False,False,False,False,False,False,False,False,False,False,False,False,False,False,True,False,False,0,0,2,0,0,0,0,0,0,0,1,0,0.0,0,0,0.0,0,0,0,0,2,0,0,0,0,1,1,0.0,0.0,2.0,4.0,False,simple,,,0,0,0,0,0.0,False,0,0,0,0,0,0,0.0,False,0,0,0.0,0,0,0,False,0,0,0.0,0,1.0
47,integer_overflow_mapping_sym_1,,data/smartbugs_curated/dataset/arithmetic/integer_overflow_mapping_sym_1.sol,,smartbugs_curated,False,False,False,False,False,False,False,False,False,False,False,False,False,False,False,False,False,False,False,False,False,False,True,False,False,0,0,2,0,0,0,0,0,0,0,1,0,0.0,0,0,0.0,0,0,0,0,2,0,0,0,0,1,1,0.0,0.0,2.0,4.0,False,simple,,,0,0,0,0,0.0,False,0,0,0,0,0,0,0.0,False,0,0,0.0,0,0,0,False,0,0,0.0,0,1.0
48,insecure_transfer,,data/smartbugs_curated/dataset/arithmetic/insecure_transfer.sol,,smartbugs_curated,False,False,False,False,False,False,False,False,False,False,False,False,False,False,False,False,False,False,False,False,False,False,True,False,False,0,1,4,0,0,0,0,0,0,0,1,0,0.0,0,0,0.0,0,0,0,0,5,0,0,1,0,3,1,0.0,0.0,9.0,14.999999999999998,False,moderate,,,0,0,0,0,0.0,False,0,0,0,0,0,0,0.0,False,0,0,0.0,0,0,0,False,0,0,0.0,0,1.0
49,integer_overflow_multitx_onefunc_feasible,,data/smartbugs_curated/dataset/arithmetic/integer_overflow_multitx_onefunc_feasible.sol,,smartbugs_curated,False,False,False,False,False,False,False,False,False,False,False,False,False,False,False,False,False,False,False,False,False,False,True,False,False,0,0,2,0,0,0,0,0,0,0,1,0,0.0,0,0,0.0,0,0,0,0,2,0,0,0,0,1,1,0.0,0.0,2.0,4.0,False,simple,,,0,0,0,0,0.0,False,0,0,0,0,0,0,0.0,False,0,0,0.0,0,0,0,False,0,0,0.0,0,1.0
50,integer_overflow_add,,data/smartbugs_curated/dataset/arithmetic/integer_overflow_add.sol,,smartbugs_curated,False,False,False,False,False,False,False,False,False,False,False,False,False,False,False,False,False,False,False,False,False,False,True,False,False,0,0,2,0,0,0,0,0,0,0,1,0,0.0,0,0,0.0,0,0,0,0,2,0,0,0,0,1,1,0.0,0.0,2.0,4.0,False,simple,,,0,0,0,0,0.0,False,0,0,0,0,0,0,0.0,False,0,0,0.0,0,0,0,False,0,0,0.0,0,1.0
51,tokensalechallenge,,data/smartbugs_curated/dataset/arithmetic/tokensalechallenge.sol,,smartbugs_curated,False,False,False,False,False,False,False,False,False,False,False,False,False,False,False,False,False,False,False,False,False,False,True,False,False,0,0,2,0,0,0,0,0,0,0,1,0,0.0,0,0,0.0,0,0,0,0,2,0,0,0,0,1,1,0.0,0.0,2.0,4.0,False,simple,,,0,0,0,0,0.0,False,0,0,0,0,0,0,0.0,False,0,0,0.0,0,0,0,False,0,0,0.0,0,1.0
52,integer_overflow_mul,,data/smartbugs_curated/dataset/arithmetic/integer_overflow_mul.sol,,smartbugs_curated,False,False,False,False,False,False,False,False,False,False,False,False,False,False,False,False,False,False,False,False,False,False,True,False,False,0,0,2,0,0,0,0,0,0,0,1,0,0.0,0,0,0.0,0,0,0,0,2,0,0,0,0,1,1,0.0,0.0,2.0,4.0,False,simple,,,0,0,0,0,0.0,False,0,0,0,0,0,0,0.0,False,0,0,0.0,0,0,0,False,0,0,0.0,0,1.0
53,0x941d225236464a25eb18076df7da6a91d0f95e9e,,data/smartbugs_curated/dataset/reentrancy/0x941d225236464a25eb18076df7da6a91d0f95e9e.sol,,smartbugs_curated,True,False,False,True,False,True,False,False,False,False,False,False,False,False,False,False,False,False,False,False,False,False,True,False,False,2,0,16,0,0,0,0,0,0,0,1,0,0.0,0,0,0.0,0,0,0,0,17,3,0,2,0,8,3,0.0,0.0,36.0,85.95,True,complex,,,0,0,0,0,0.0,False,0,0,0,0,0,0,0.0,False,0,0,0.0,0,0,0,False,0,0,0.0,0,1.0
54,0x23a91059fdc9579a9fbd0edc5f2ea0bfdb70deb4,,data/smartbugs_curated/dataset/reentrancy/0x23a91059fdc9579a9fbd0edc5f2ea0bfdb70deb4.sol,,smartbugs_curated,True,False,False,True,False,False,False,False,False,False,False,False,False,False,False,False,False,False,False,False,False,False,True,False,False,2,0,14,0,0,0,0,0,0,0,1,0,0.0,0,0,0.0,0,0,0,0,16,2,0,2,0,7,3,0.0,0.0,34.0,84.5142857142857,True,complex,,,0,0,0,0,0.0,False,0,0,0,0,0,0,0.0,False,0,0,0.0,0,0,0,False,0,0,0.0,0,1.0
55,etherstore,,data/smartbugs_curated/dataset/reentrancy/etherstore.sol,,smartbugs_curated,True,False,True,True,False,False,False,False,False,False,False,False,False,False,False,False,False,False,False,False,False,False,True,False,False,1,0,5,0,0,0,0,0,0,0,1,0,0.0,0,0,0.0,0,0,0,0,5,2,0,1,0,6,4,0.0,0.0,15.0,15.999999999999998,True,complex,,,0,0,0,0,0.0,False,0,0,0,0,0,0,0.0,False,0,0,0.0,0,0,0,False,0,0,0.0,0,1.0
56,0xbe4041d55db380c5ae9d4a9b9703f1ed4e7e3888,,data/smartbugs_curated/dataset/reentrancy/0xbe4041d55db380c5ae9d4a9b9703f1ed4e7e3888.sol,,smartbugs_curated,True,False,True,True,False,False,False,False,False,False,False,False,False,False,False,False,False,False,False,False,False,False,True,False,False,2,0,26,0,0,0,0,0,0,0,1,0,0.0,0,0,0.0,0,0,0,0,25,4,0,2,0,8,4,0.0,0.0,46.0,159.85,True,critical,,,0,0,0,0,0.0,False,0,0,0,0,0,0,0.0,False,0,0,0.0,0,0,0,False,0,0,0.0,0,1.0
57,0xb5e1b1ee15c6fa0e48fce100125569d430f1bd12,,data/smartbugs_curated/dataset/reentrancy/0xb5e1b1ee15c6fa0e48fce100125569d430f1bd12.sol,,smartbugs_curated,True,False,False,True,False,False,False,False,False,False,False,False,False,False,False,False,False,False,False,False,False,False,True,False,False,2,0,15,0,0,0,0,0,0,0,1,0,0.0,0,0,0.0,0,0,0,0,17,2,0,2,0,7,3,0.0,0.0,35.0,92.0,True,complex,,,0,0,0,0,0.0,False,0,0,0,0,0,0,0.0,False,0,0,0.0,0,0,0,False,0,0,0.0,0,1.0
58,etherbank,,data/smartbugs_curated/dataset/reentrancy/etherbank.sol,,smartbugs_curated,True,False,False,True,False,False,False,False,False,False,False,False,False,False,False,False,False,False,False,False,False,False,True,False,False,1,0,4,0,0,0,0,0,0,0,1,0,0.0,0,0,0.0,0,0,0,0,4,1,0,1,0,4,3,0.0,0.0,14.0,16.45,True,moderate,,,0,0,0,0,0.0,False,0,0,0,0,0,0,0.0,False,0,0,0.0,0,0,0,False,0,0,0.0,0,1.0
59,modifier_reentrancy,,data/smartbugs_curated/dataset/reentrancy/modifier_reentrancy.sol,,smartbugs_curated,True,False,False,False,False,False,False,False,False,False,False,False,False,False,False,False,False,False,False,False,True,False,True,False,False,0,1,4,0,0,0,0,0,0,0,1,0,0.0,0,0,0.0,0,0,0,0,4,1,0,1,0,4,3,0.0,0.0,9.0,10.575,True,moderate,,,0,0,0,0,0.0,False,0,0,0,0,0,0,0.0,False,0,0,0.0,0,0,0,False,0,0,0.0,0,1.0
60,reentrance,,data/smartbugs_curated/dataset/reentrancy/reentrance.sol,,smartbugs_curated,True,False,False,True,False,False,False,False,False,False,False,False,False,False,False,False,False,False,False,False,False,False,True,False,False,1,0,7,0,0,0,0,0,0,0,1,0,0.0,0,0,0.0,0,0,0,0,7,1,0,1,0,5,3,0.0,0.0,17.0,26.180000000000003,True,complex,,,0,0,0,0,0.0,False,0,0,0,0,0,0,0.0,False,0,0,0.0,0,0,0,False,0,0,0.0,0,1.0
61,0x4e73b32ed6c35f570686b89848e5f39f20ecc106,,data/smartbugs_curated/dataset/reentrancy/0x4e73b32ed6c35f570686b89848e5f39f20ecc106.sol,,smartbugs_curated,True,False,False,True,False,False,False,False,False,False,False,False,False,False,False,False,False,False,False,False,False,False,True,False,False,2,0,20,0,0,0,0,0,0,0,1,0,0.0,0,0,0.0,0,0,0,0,21,2,0,2,0,6,3,0.0,0.0,40.0,149.33333333333334,True,critical,,,0,0,0,0,0.0,False,0,0,0,0,0,0,0.0,False,0,0,0.0,0,0,0,False,0,0,0.0,0,1.0
62,0xb93430ce38ac4a6bb47fb1fc085ea669353fd89e,,data/smartbugs_curated/dataset/reentrancy/0xb93430ce38ac4a6bb47fb1fc085ea669353fd89e.sol,,smartbugs_curated,True,False,False,True,False,False,False,False,False,False,False,False,False,False,False,False,False,False,False,False,False,False,True,False,False,2,0,14,0,0,0,0,0,0,0,1,0,0.0,0,0,0.0,0,0,0,0,16,2,0,2,0,7,3,0.0,0.0,34.0,84.5142857142857,True,complex,,,0,0,0,0,0.0,False,0,0,0,0,0,0,0.0,False,0,0,0.0,0,0,0,False,0,0,0.0,0,1.0
63,0xbaf51e761510c1a11bf48dd87c0307ac8a8c8a4f,,data/smartbugs_curated/dataset/reentrancy/0xbaf51e761510c1a11bf48dd87c0307ac8a8c8a4f.sol,,smartbugs_curated,True,False,False,True,False,False,False,False,False,False,False,False,False,False,False,False,False,False,False,False,False,False,True,False,False,2,0,15,0,0,0,0,0,0,0,1,0,0.0,0,0,0.0,0,0,0,0,17,2,0,2,0,7,3,0.0,0.0,35.0,92.0,True,complex,,,0,0,0,0,0.0,False,0,0,0,0,0,0,0.0,False,0,0,0.0,0,0,0,False,0,0,0.0,0,1.0
64,0xaae1f51cf3339f18b6d3f3bdc75a5facd744b0b8,,data/smartbugs_curated/dataset/reentrancy/0xaae1f51cf3339f18b6d3f3bdc75a5facd744b0b8.sol,,smartbugs_curated,True,False,False,True,False,False,False,False,False,False,False,False,False,False,False,False,False,False,False,False,False,False,True,False,False,2,0,22,0,0,0,0,0,0,0,1,0,0.0,0,0,0.0,0,0,0,0,23,2,0,2,0,7,3,0.0,0.0,42.0,146.4,True,critical,,,0,0,0,0,0.0,False,0,0,0,0,0,0,0.0,False,0,0,0.0,0,0,0,False,0,0,0.0,0,1.0
65,0x01f8c4e3fa3edeb29e514cba738d87ce8c091d3f,,data/smartbugs_curated/dataset/reentrancy/0x01f8c4e3fa3edeb29e514cba738d87ce8c091d3f.sol,,smartbugs_curated,True,False,False,True,False,False,False,False,False,False,False,False,False,False,False,False,False,False,False,False,False,False,True,False,False,2,0,20,0,0,0,0,0,0,0,1,0,0.0,0,0,0.0,0,0,0,0,21,2,0,2,0,6,3,0.0,0.0,40.0,149.33333333333334,True,critical,,,0,0,0,0,0.0,False,0,0,0,0,0,0,0.0,False,0,0,0.0,0,0,0,False,0,0,0.0,0,1.0
66,reentrancy_insecure,,data/smartbugs_curated/dataset/reentrancy/reentrancy_insecure.sol,,smartbugs_curated,True,False,False,True,False,False,False,False,False,False,False,False,False,False,False,False,False,False,False,False,False,False,True,False,False,1,0,4,0,0,0,0,0,0,0,1,0,0.0,0,0,0.0,0,0,0,0,4,1,0,1,0,4,3,0.0,0.0,14.0,16.45,True,moderate,,,0,0,0,0,0.0,False,0,0,0,0,0,0,0.0,False,0,0,0.0,0,0,0,False,0,0,0.0,0,1.0
67,simple_dao,,data/smartbugs_curated/dataset/reentrancy/simple_dao.sol,,smartbugs_curated,True,False,False,True,False,False,False,False,False,False,False,False,False,False,False,False,False,False,False,False,False,False,True,False,False,1,0,3,0,0,0,0,0,0,0,1,0,0.0,0,0,0.0,0,0,0,0,3,1,0,1,0,3,3,0.0,0.0,13.0,16.03333333333333,True,moderate,,,0,0,0,0,0.0,False,0,0,0,0,0,0,0.0,False,0,0,0.0,0,0,0,False,0,0,0.0,0,1.0
68,0x4320e6f8c05b27ab4707cd1f6d5ce6f3e4b3a5a1,,data/smartbugs_curated/dataset/reentrancy/0x4320e6f8c05b27ab4707cd1f6d5ce6f3e4b3a5a1.sol,,smartbugs_curated,True,False,False,True,False,False,False,False,False,False,False,False,False,False,False,False,False,False,False,False,False,False,True,False,False,2,0,20,0,0,0,0,0,0,0,1,0,0.0,0,0,0.0,0,0,0,0,21,2,0,2,0,6,3,0.0,0.0,40.0,149.33333333333334,True,critical,,,0,0,0,0,0.0,False,0,0,0,0,0,0,0.0,False,0,0,0.0,0,0,0,False,0,0,0.0,0,1.0
69,0x7541b76cb60f4c60af330c208b0623b7f54bf615,,data/smartbugs_curated/dataset/reentrancy/0x7541b76cb60f4c60af330c208b0623b7f54bf615.sol,,smartbugs_curated,True,False,True,True,False,False,False,False,False,False,False,False,False,False,False,False,False,False,False,False,False,False,True,False,False,2,0,19,0,0,0,0,0,0,0,1,0,0.0,0,0,0.0,0,0,0,0,19,4,0,2,0,8,4,0.0,0.0,39.0,106.275,True,critical,,,0,0,0,0,0.0,False,0,0,0,0,0,0,0.0,False,0,0,0.0,0,0,0,False,0,0,0.0,0,1.0
70,0x561eac93c92360949ab1f1403323e6db345cbf31,,data/smartbugs_curated/dataset/reentrancy/0x561eac93c92360949ab1f1403323e6db345cbf31.sol,,smartbugs_curated,True,False,False,True,False,False,False,False,False,False,False,False,False,False,False,False,False,False,False,False,False,False,True,False,False,2,0,22,0,0,0,0,0,0,0,1,0,0.0,0,0,0.0,0,0,0,0,23,2,0,2,0,7,3,0.0,0.0,42.0,146.4,True,critical,,,0,0,0,0,0.0,False,0,0,0,0,0,0,0.0,False,0,0,0.0,0,0,0,False,0,0,0.0,0,1.0
71,reentrancy_cross_function,,data/smartbugs_curated/dataset/reentrancy/reentrancy_cross_function.sol,,smartbugs_curated,True,False,False,True,False,False,False,False,False,False,False,False,False,False,False,False,False,False,False,False,False,False,True,False,False,1,1,4,0,0,0,0,0,0,0,1,0,0.0,0,0,0.0,0,0,0,0,5,1,0,2,0,5,3,0.0,0.0,19.0,21.659999999999997,True,moderate,,,0,0,0,0,0.0,False,0,0,0,0,0,0,0.0,False,0,0,0.0,0,0,0,False,0,0,0.0,0,1.0
72,spank_chain_payment,,data/smartbugs_curated/dataset/reentrancy/spank_chain_payment.sol,,smartbugs_curated,True,True,True,True,True,True,True,False,False,False,False,False,False,False,True,False,False,False,False,False,False,False,True,False,False,3,17,98,0,0,0,0,0,0,0,1,0,0.0,0,0,0.0,0,0,0,0,93,35,0,20,3,18,6,0.0,0.0,213.0,1390.4166666666667,True,critical,,,0,0,0,0,0.0,False,0,0,0,0,0,0,0.0,False,0,0,0.0,0,0,0,False,0,0,0.0,0,1.0
73,0x7b368c4e805c3870b6c49a3f1f49f69af8662cf3,,data/smartbugs_curated/dataset/reentrancy/0x7b368c4e805c3870b6c49a3f1f49f69af8662cf3.sol,,smartbugs_curated,True,False,True,True,False,False,False,False,False,False,False,False,False,False,False,False,False,False,False,False,False,False,True,False,False,2,0,19,0,0,0,0,0,0,0,1,0,0.0,0,0,0.0,0,0,0,0,19,4,0,2,0,8,4,0.0,0.0,39.0,106.275,True,critical,,,0,0,0,0,0.0,False,0,0,0,0,0,0,0.0,False,0,0,0.0,0,0,0,False,0,0,0.0,0,1.0
74,0x7a8721a9d64c74da899424c1b52acbf58ddc9782,,data/smartbugs_curated/dataset/reentrancy/0x7a8721a9d64c74da899424c1b52acbf58ddc9782.sol,,smartbugs_curated,True,False,False,True,False,False,False,False,False,False,False,False,False,False,False,False,False,False,False,False,False,False,True,False,False,2,0,15,0,0,0,0,0,0,0,1,0,0.0,0,0,0.0,0,0,0,0,17,2,0,2,0,7,3,0.0,0.0,35.0,92.0,True,complex,,,0,0,0,0,0.0,False,0,0,0,0,0,0,0.0,False,0,0,0.0,0,0,0,False,0,0,0.0,0,1.0
75,0xf015c35649c82f5467c9c74b7f28ee67665aad68,,data/smartbugs_curated/dataset/reentrancy/0xf015c35649c82f5467c9c74b7f28ee67665aad68.sol,,smartbugs_curated,True,False,True,True,False,False,False,False,False,False,False,False,False,False,False,False,False,False,False,False,False,False,True,False,False,2,0,19,0,0,0,0,0,0,0,1,0,0.0,0,0,0.0,0,0,0,0,19,4,0,2,0,8,4,0.0,0.0,39.0,106.275,True,critical,,,0,0,0,0,0.0,False,0,0,0,0,0,0,0.0,False,0,0,0.0,0,0,0,False,0,0,0.0,0,1.0
76,0x8c7777c45481dba411450c228cb692ac3d550344,,data/smartbugs_curated/dataset/reentrancy/0x8c7777c45481dba411450c228cb692ac3d550344.sol,,smartbugs_curated,True,False,False,True,False,False,False,False,False,False,False,False,False,False,False,False,False,False,False,False,False,False,True,False,False,2,0,15,0,0,0,0,0,0,0,1,0,0.0,0,0,0.0,0,0,0,0,17,2,0,2,0,7,3,0.0,0.0,35.0,92.0,True,complex,,,0,0,0,0,0.0,False,0,0,0,0,0,0,0.0,False,0,0,0.0,0,0,0,False,0,0,0.0,0,1.0
77,0x627fa62ccbb1c1b04ffaecd72a53e37fc0e17839,,data/smartbugs_curated/dataset/reentrancy/0x627fa62ccbb1c1b04ffaecd72a53e37fc0e17839.sol,,smartbugs_curated,True,False,False,True,False,False,False,False,False,False,False,False,False,False,False,False,False,True,False,False,False,False,True,False,False,2,1,20,0,0,0,0,0,0,0,1,0,0.0,0,0,0.0,0,0,0,0,18,5,0,3,0,9,4,0.0,0.0,45.0,107.5,True,critical,,,0,0,0,0,0.0,False,0,0,0,0,0,0,0.0,False,0,0,0.0,0,0,0,False,0,0,0.0,0,1.0
78,reentrancy_bonus,,data/smartbugs_curated/dataset/reentrancy/reentrancy_bonus.sol,,smartbugs_curated,True,True,False,True,False,False,False,False,False,False,False,False,False,False,False,False,False,False,False,False,True,False,True,False,False,2,0,6,0,0,0,0,0,0,0,1,0,0.0,0,0,0.0,0,0,0,0,5,3,0,2,0,7,5,0.0,0.0,26.0,26.37142857142857,True,complex,,,0,0,0,0,0.0,False,0,0,0,0,0,0,0.0,False,0,0,0.0,0,0,0,False,0,0,0.0,0,1.0
79,0xcead721ef5b11f1a7b530171aab69b16c5e66b6e,,data/smartbugs_curated/dataset/reentrancy/0xcead721ef5b11f1a7b530171aab69b16c5e66b6e.sol,,smartbugs_curated,True,False,True,True,False,False,False,False,False,False,False,False,False,False,False,False,False,False,False,False,False,False,True,False,False,2,0,18,0,0,0,0,0,0,0,1,0,0.0,0,0,0.0,0,0,0,0,18,4,0,2,0,8,4,0.0,0.0,38.0,98.8,True,critical,,,0,0,0,0,0.0,False,0,0,0,0,0,0,0.0,False,0,0,0.0,0,0,0,False,0,0,0.0,0,1.0
80,reentrancy_simple,,data/smartbugs_curated/dataset/reentrancy/reentrancy_simple.sol,,smartbugs_curated,True,False,False,True,False,False,False,False,False,False,False,False,False,False,False,False,False,False,False,False,False,False,True,False,False,1,0,4,0,0,0,0,0,0,0,1,0,0.0,0,0,0.0,0,0,0,0,4,1,0,1,0,4,3,0.0,0.0,14.0,16.45,True,moderate,,,0,0,0,0,0.0,False,0,0,0,0,0,0,0.0,False,0,0,0.0,0,0,0,False,0,0,0.0,0,1.0
81,0x96edbe868531bd23a6c05e9d0c424ea64fb1b78b,,data/smartbugs_curated/dataset/reentrancy/0x96edbe868531bd23a6c05e9d0c424ea64fb1b78b.sol,,smartbugs_curated,True,False,True,True,False,False,False,False,False,False,False,False,False,False,False,False,False,False,False,False,False,False,True,False,False,2,0,26,0,0,0,0,0,0,0,1,0,0.0,0,0,0.0,0,0,0,0,25,4,0,2,0,8,4,0.0,0.0,46.0,159.85,True,critical,,,0,0,0,0,0.0,False,0,0,0,0,0,0,0.0,False,0,0,0.0,0,0,0,False,0,0,0.0,0,1.0
82,0x93c32845fae42c83a70e5f06214c8433665c2ab5,,data/smartbugs_curated/dataset/reentrancy/0x93c32845fae42c83a70e5f06214c8433665c2ab5.sol,,smartbugs_curated,True,False,True,True,False,False,False,False,False,False,False,False,False,False,False,False,False,False,False,False,False,False,True,False,False,2,0,19,0,0,0,0,0,0,0,1,0,0.0,0,0,0.0,0,0,0,0,19,4,0,2,0,8,4,0.0,0.0,39.0,106.275,True,critical,,,0,0,0,0,0.0,False,0,0,0,0,0,0,0.0,False,0,0,0.0,0,0,0,False,0,0,0.0,0,1.0
83,reentrancy_dao,,data/smartbugs_curated/dataset/reentrancy/reentrancy_dao.sol,,smartbugs_curated,True,False,False,True,False,False,False,False,False,False,False,False,False,False,False,False,False,False,False,False,False,False,True,False,False,1,0,3,0,0,0,0,0,0,0,1,0,0.0,0,0,0.0,0,0,0,0,3,1,0,1,0,3,3,0.0,0.0,13.0,16.03333333333333,True,moderate,,,0,0,0,0,0.0,False,0,0,0,0,0,0,0.0,False,0,0,0.0,0,0,0,False,0,0,0.0,0,1.0
84,0x610495793564aed0f9c7fc48dc4c7c9151d34fd6,,data/smartbugs_curated/dataset/unchecked_low_level_calls/0x610495793564aed0f9c7fc48dc4c7c9151d34fd6.sol,,smartbugs_curated,False,False,False,True,False,False,False,False,False,False,False,False,False,False,False,False,False,False,False,False,False,False,True,False,False,0,1,8,0,0,0,0,0,0,0,1,0,0.0,0,0,0.0,0,0,0,0,8,2,0,1,0,6,2,0.0,0.0,13.0,20.366666666666667,False,moderate,,,0,0,0,0,0.0,False,0,0,0,0,0,0,0.0,False,0,0,0.0,0,0,0,False,0,0,0.0,0,1.0
85,0xb0510d68f210b7db66e8c7c814f22680f2b8d1d6,,data/smartbugs_curated/dataset/unchecked_low_level_calls/0xb0510d68f210b7db66e8c7c814f22680f2b8d1d6.sol,,smartbugs_curated,False,False,False,True,False,False,False,False,False,False,False,False,False,False,False,False,False,True,False,False,True,False,True,False,False,0,5,18,0,0,0,0,0,0,0,1,0,0.0,0,0,0.0,0,0,0,0,11,14,0,5,0,10,3,0.0,0.0,43.0,89.44,True,critical,,,0,0,0,0,0.0,False,0,0,0,0,0,0,0.0,False,0,0,0.0,0,0,0,False,0,0,0.0,0,1.0
86,0xbebbfe5b549f5db6e6c78ca97cac19d1fb03082c,,data/smartbugs_curated/dataset/unchecked_low_level_calls/0xbebbfe5b549f5db6e6c78ca97cac19d1fb03082c.sol,,smartbugs_curated,False,False,False,True,False,False,False,False,False,False,False,False,False,False,False,False,False,True,False,False,False,False,True,False,False,1,1,12,0,0,0,0,0,0,0,1,0,0.0,0,0,0.0,0,0,0,0,11,4,0,2,0,9,4,0.0,0.0,27.0,41.4,True,complex,,,0,0,0,0,0.0,False,0,0,0,0,0,0,0.0,False,0,0,0.0,0,0,0,False,0,0,0.0,0,1.0
87,0x7a4349a749e59a5736efb7826ee3496a2dfd5489,,data/smartbugs_curated/dataset/unchecked_low_level_calls/0x7a4349a749e59a5736efb7826ee3496a2dfd5489.sol,,smartbugs_curated,False,True,False,True,False,False,False,False,False,False,False,False,False,False,False,False,False,False,False,False,False,False,True,False,False,1,1,7,0,0,0,0,0,0,0,1,0,0.0,0,0,0.0,0,0,0,0,7,3,0,2,0,7,3,0.0,0.0,22.0,28.6,True,complex,,,0,0,0,0,0.0,False,0,0,0,0,0,0,0.0,False,0,0,0.0,0,0,0,False,0,0,0.0,0,1.0
88,0x958a8f594101d2c0485a52319f29b2647f2ebc06,,data/smartbugs_curated/dataset/unchecked_low_level_calls/0x958a8f594101d2c0485a52319f29b2647f2ebc06.sol,,smartbugs_curated,False,True,True,True,True,False,False,False,False,False,False,False,False,False,False,False,False,False,False,False,False,False,True,False,False,1,1,16,0,0,0,0,0,0,0,1,0,0.0,0,0,0.0,0,0,0,0,15,7,0,2,1,10,5,0.0,0.0,31.0,61.69,True,critical,,,0,0,0,0,0.0,False,0,0,0,0,0,0,0.0,False,0,0,0.0,0,0,0,False,0,0,0.0,0,1.0
89,etherpot_lotto,,data/smartbugs_curated/dataset/unchecked_low_level_calls/etherpot_lotto.sol,,smartbugs_curated,False,False,True,True,True,False,False,False,False,False,False,False,False,False,False,False,False,False,False,False,False,False,True,False,False,1,2,7,0,0,0,0,0,0,0,1,0,0.0,0,0,0.0,0,0,0,0,3,7,0,3,2,6,4,0.0,0.0,27.0,35.55,True,complex,,,0,0,0,0,0.0,False,0,0,0,0,0,0,0.0,False,0,0,0.0,0,0,0,False,0,0,0.0,0,1.0
90,0x0cbe050f75bc8f8c2d6c0d249fea125fd6e1acc9,,data/smartbugs_curated/dataset/unchecked_low_level_calls/0x0cbe050f75bc8f8c2d6c0d249fea125fd6e1acc9.sol,,smartbugs_curated,False,False,False,True,False,False,False,False,False,False,False,False,False,False,False,False,False,False,False,False,False,False,True,False,False,0,1,4,0,0,0,0,0,0,0,1,0,0.0,0,0,0.0,0,0,0,0,3,2,0,1,0,4,2,0.0,0.0,9.0,9.9,False,moderate,,,0,0,0,0,0.0,False,0,0,0,0,0,0,0.0,False,0,0,0.0,0,0,0,False,0,0,0.0,0,1.0
91,lotto,,data/smartbugs_curated/dataset/unchecked_low_level_calls/lotto.sol,,smartbugs_curated,False,True,False,True,True,False,False,False,False,False,True,False,False,False,False,False,False,False,False,False,False,False,True,False,False,3,2,3,0,0,0,0,0,0,0,1,0,0.0,0,0,0.0,0,0,0,0,6,4,0,5,1,6,5,0.0,0.0,43.0,63.06666666666666,True,complex,,,0,0,0,0,0.0,False,0,0,0,0,0,0,0.0,False,0,0,0.0,0,0,0,False,0,0,0.0,0,1.0
92,0x5aa88d2901c68fda244f1d0584400368d2c8e739,,data/smartbugs_curated/dataset/unchecked_low_level_calls/0x5aa88d2901c68fda244f1d0584400368d2c8e739.sol,,smartbugs_curated,False,False,False,True,False,False,False,False,False,False,False,False,False,False,False,False,False,False,False,False,False,False,True,False,False,0,1,7,0,0,0,0,0,0,0,1,0,0.0,0,0,0.0,0,0,0,0,6,3,0,1,0,6,2,0.0,0.0,12.0,16.2,False,moderate,,,0,0,0,0,0.0,False,0,0,0,0,0,0,0.0,False,0,0,0.0,0,0,0,False,0,0,0.0,0,1.0
93,0xe82f0742a71a02b9e9ffc142fdcb6eb1ed06fb87,,data/smartbugs_curated/dataset/unchecked_low_level_calls/0xe82f0742a71a02b9e9ffc142fdcb6eb1ed06fb87.sol,,smartbugs_curated,False,True,False,True,False,False,False,False,False,False,False,False,False,False,False,False,False,False,False,False,False,False,True,False,False,1,1,7,0,0,0,0,0,0,0,1,0,0.0,0,0,0.0,0,0,0,0,7,3,0,2,0,7,3,0.0,0.0,22.0,28.6,True,complex,,,0,0,0,0,0.0,False,0,0,0,0,0,0,0.0,False,0,0,0.0,0,0,0,False,0,0,0.0,0,1.0
94,0xa46edd6a9a93feec36576ee5048146870ea2c3ae,,data/smartbugs_curated/dataset/unchecked_low_level_calls/0xa46edd6a9a93feec36576ee5048146870ea2c3ae.sol,,smartbugs_curated,False,False,False,True,False,False,False,False,False,False,False,False,False,False,False,False,False,False,False,False,False,False,True,False,False,0,1,7,0,0,0,0,0,0,0,1,0,0.0,0,0,0.0,0,0,0,0,5,4,0,1,0,7,2,0.0,0.0,12.0,13.37142857142857,False,moderate,,,0,0,0,0,0.0,False,0,0,0,0,0,0,0.0,False,0,0,0.0,0,0,0,False,0,0,0.0,0,1.0
95,0x78c2a1e91b52bca4130b6ed9edd9fbcfd4671c37,,data/smartbugs_curated/dataset/unchecked_low_level_calls/0x78c2a1e91b52bca4130b6ed9edd9fbcfd4671c37.sol,,smartbugs_curated,False,True,False,True,False,False,False,False,False,False,False,False,False,False,False,False,False,False,False,False,False,False,True,False,False,1,1,6,0,0,0,0,0,0,0,1,0,0.0,0,0,0.0,0,0,0,0,6,3,0,2,0,7,3,0.0,0.0,21.0,24.3,True,complex,,,0,0,0,0,0.0,False,0,0,0,0,0,0,0.0,False,0,0,0.0,0,0,0,False,0,0,0.0,0,1.0
96,0x52d2e0f9b01101a59b38a3d05c80b7618aeed984,,data/smartbugs_curated/dataset/unchecked_low_level_calls/0x52d2e0f9b01101a59b38a3d05c80b7618aeed984.sol,,smartbugs_curated,False,True,False,True,False,False,False,True,False,False,False,False,False,False,False,False,False,False,False,False,False,False,True,False,False,3,1,5,0,0,0,0,0,0,0,1,0,0.0,0,0,0.0,0,0,0,0,3,6,0,4,0,7,3,0.0,0.0,40.0,41.142857142857146,True,complex,,,0,0,0,0,0.0,False,0,0,0,0,0,0,0.0,False,0,0,0.0,0,0,0,False,0,0,0.0,0,1.0
97,0x806a6bd219f162442d992bdc4ee6eba1f2c5a707,,data/smartbugs_curated/dataset/unchecked_low_level_calls/0x806a6bd219f162442d992bdc4ee6eba1f2c5a707.sol,,smartbugs_curated,False,True,False,True,False,False,False,False,False,False,False,False,False,False,False,False,False,False,False,False,False,False,True,False,False,1,1,7,0,0,0,0,0,0,0,1,0,0.0,0,0,0.0,0,0,0,0,7,3,0,2,0,7,3,0.0,0.0,22.0,28.6,True,complex,,,0,0,0,0,0.0,False,0,0,0,0,0,0,0.0,False,0,0,0.0,0,0,0,False,0,0,0.0,0,1.0
98,0x524960d55174d912768678d8c606b4d50b79d7b1,,data/smartbugs_curated/dataset/unchecked_low_level_calls/0x524960d55174d912768678d8c606b4d50b79d7b1.sol,,smartbugs_curated,False,False,False,True,False,False,False,False,False,False,False,False,False,False,False,False,False,False,False,False,False,False,True,False,False,0,1,3,0,0,0,0,0,0,0,1,0,0.0,0,0,0.0,0,0,0,0,3,1,0,1,0,3,2,0.0,0.0,8.0,9.866666666666665,False,moderate,,,0,0,0,0,0.0,False,0,0,0,0,0,0,0.0,False,0,0,0.0,0,0,0,False,0,0,0.0,0,1.0
100,0x8fd1e427396ddb511533cf9abdbebd0a7e08da35,,data/smartbugs_curated/dataset/unchecked_low_level_calls/0x8fd1e427396ddb511533cf9abdbebd0a7e08da35.sol,,smartbugs_curated,False,False,False,True,False,False,False,False,False,False,False,False,False,False,False,True,False,True,False,False,False,False,True,False,False,1,2,20,0,0,0,0,0,0,0,1,0,0.0,0,0,0.0,0,0,0,0,19,4,0,3,0,9,4,0.0,0.0,40.0,96.88888888888889,True,critical,,,0,0,0,0,0.0,False,0,0,0,0,0,0,0.0,False,0,0,0.0,0,0,0,False,0,0,0.0,0,1.0
101,0xf70d589d76eebdd7c12cc5eec99f8f6fa4233b9e,,data/smartbugs_curated/dataset/unchecked_low_level_calls/0xf70d589d76eebdd7c12cc5eec99f8f6fa4233b9e.sol,,smartbugs_curated,False,True,False,True,False,False,False,False,False,False,False,False,False,False,False,False,False,False,False,False,False,False,True,False,False,1,1,7,0,0,0,0,0,0,0,1,0,0.0,0,0,0.0,0,0,0,0,7,3,0,2,0,7,3,0.0,0.0,22.0,28.6,True,complex,,,0,0,0,0,0.0,False,0,0,0,0,0,0,0.0,False,0,0,0.0,0,0,0,False,0,0,0.0,0,1.0
102,0x9d06cbafa865037a01d322d3f4222fa3e04e5488,,data/smartbugs_curated/dataset/unchecked_low_level_calls/0x9d06cbafa865037a01d322d3f4222fa3e04e5488.sol,,smartbugs_curated,False,False,False,True,False,False,False,False,False,False,False,False,False,False,False,False,False,True,False,False,False,False,True,False,False,0,2,15,0,0,0,0,0,0,0,1,0,0.0,0,0,0.0,0,0,0,0,16,4,0,2,0,8,3,0.0,0.0,25.0,58.75,True,complex,,,0,0,0,0,0.0,False,0,0,0,0,0,0,0.0,False,0,0,0.0,0,0,0,False,0,0,0.0,0,1.0
103,0xb7c5c5aa4d42967efe906e1b66cb8df9cebf04f7,,data/smartbugs_curated/dataset/unchecked_low_level_calls/0xb7c5c5aa4d42967efe906e1b66cb8df9cebf04f7.sol,,smartbugs_curated,True,False,False,True,False,False,False,False,False,False,False,False,False,False,False,False,False,False,False,False,False,False,True,False,False,1,1,4,0,0,0,0,0,0,0,1,0,0.0,0,0,0.0,0,0,0,0,4,2,0,2,0,5,3,0.0,0.0,19.0,20.52,True,moderate,,,0,0,0,0,0.0,False,0,0,0,0,0,0,0.0,False,0,0,0.0,0,0,0,False,0,0,0.0,0,1.0
104,0x19cf8481ea15427a98ba3cdd6d9e14690011ab10,,data/smartbugs_curated/dataset/unchecked_low_level_calls/0x19cf8481ea15427a98ba3cdd6d9e14690011ab10.sol,,smartbugs_curated,True,True,False,True,False,False,True,True,False,False,False,False,False,False,False,False,False,False,True,False,True,False,True,False,False,2,3,87,0,0,0,0,0,0,0,1,0,0.0,0,0,0.0,0,0,0,0,84,15,0,5,0,17,5,0.0,0.0,122.0,678.1764705882354,True,critical,,,0,0,0,0,0.0,False,0,0,0,0,0,0,0.0,False,0,0,0.0,0,0,0,False,0,0,0.0,0,1.0
105,0x07f7ecb66d788ab01dc93b9b71a88401de7d0f2e,,data/smartbugs_curated/dataset/unchecked_low_level_calls/0x07f7ecb66d788ab01dc93b9b71a88401de7d0f2e.sol,,smartbugs_curated,False,True,True,True,True,True,True,False,False,False,False,False,False,False,False,False,False,False,False,False,True,False,True,False,False,3,2,14,0,0,0,0,0,0,0,1,0,0.0,0,0,0.0,0,0,0,0,9,11,0,5,1,12,6,0.0,0.0,54.0,75.14999999999999,True,critical,,,0,0,0,0,0.0,False,0,0,0,0,0,0,0.0,False,0,0,0.0,0,0,0,False,0,0,0.0,0,1.0
106,0xa1fceeff3acc57d257b917e30c4df661401d6431,,data/smartbugs_curated/dataset/unchecked_low_level_calls/0xa1fceeff3acc57d257b917e30c4df661401d6431.sol,,smartbugs_curated,False,False,False,True,False,False,False,False,False,False,False,False,False,False,False,False,False,False,False,False,False,False,True,False,False,0,1,5,0,0,0,0,0,0,0,1,0,0.0,0,0,0.0,0,0,0,0,5,2,0,1,0,6,2,0.0,0.0,10.0,10.666666666666666,False,moderate,,,0,0,0,0,0.0,False,0,0,0,0,0,0,0.0,False,0,0,0.0,0,0,0,False,0,0,0.0,0,1.0
107,mishandled,,data/smartbugs_curated/dataset/unchecked_low_level_calls/mishandled.sol,,smartbugs_curated,False,False,False,True,False,False,False,False,False,False,False,False,False,False,False,False,False,False,False,False,False,False,True,False,False,0,1,2,0,0,0,0,0,0,0,1,0,0.0,0,0,0.0,0,0,0,0,2,1,0,1,0,2,2,0.0,0.0,7.0,9.45,False,moderate,,,0,0,0,0,0.0,False,0,0,0,0,0,0,0.0,False,0,0,0.0,0,0,0,False,0,0,0.0,0,1.0
108,0xd2018bfaa266a9ec0a1a84b061640faa009def76,,data/smartbugs_curated/dataset/unchecked_low_level_calls/0xd2018bfaa266a9ec0a1a84b061640faa009def76.sol,,smartbugs_curated,False,True,False,True,False,False,False,False,False,False,False,False,False,False,False,False,False,False,False,False,False,False,True,False,False,1,1,7,0,0,0,0,0,0,0,1,0,0.0,0,0,0.0,0,0,0,0,7,3,0,2,0,7,3,0.0,0.0,22.0,28.6,True,complex,,,0,0,0,0,0.0,False,0,0,0,0,0,0,0.0,False,0,0,0.0,0,0,0,False,0,0,0.0,0,1.0
109,0x3a0e9acd953ffc0dd18d63603488846a6b8b2b01,,data/smartbugs_curated/dataset/unchecked_low_level_calls/0x3a0e9acd953ffc0dd18d63603488846a6b8b2b01.sol,,smartbugs_curated,False,False,False,True,False,False,False,False,False,False,False,False,False,False,False,True,False,True,False,False,False,False,True,False,False,1,2,20,0,0,0,0,0,0,0,1,0,0.0,0,0,0.0,0,0,0,0,19,4,0,3,0,9,4,0.0,0.0,40.0,96.88888888888889,True,critical,,,0,0,0,0,0.0,False,0,0,0,0,0,0,0.0,False,0,0,0.0,0,0,0,False,0,0,0.0,0,1.0
110,0xf29ebe930a539a60279ace72c707cba851a57707,,data/smartbugs_curated/dataset/unchecked_low_level_calls/0xf29ebe930a539a60279ace72c707cba851a57707.sol,,smartbugs_curated,False,False,False,True,False,False,False,False,False,False,False,False,False,False,False,False,False,False,False,False,False,False,True,False,False,0,1,3,0,0,0,0,0,0,0,1,0,0.0,0,0,0.0,0,0,0,0,3,1,0,1,0,3,2,0.0,0.0,8.0,9.866666666666665,False,moderate,,,0,0,0,0,0.0,False,0,0,0,0,0,0,0.0,False,0,0,0.0,0,0,0,False,0,0,0.0,0,1.0
111,0x2972d548497286d18e92b5fa1f8f9139e5653fd2,,data/smartbugs_curated/dataset/unchecked_low_level_calls/0x2972d548497286d18e92b5fa1f8f9139e5653fd2.sol,,smartbugs_curated,False,False,False,True,False,False,False,False,False,False,False,False,False,False,False,False,False,False,False,False,False,False,True,False,False,0,1,8,0,0,0,0,0,0,0,1,0,0.0,0,0,0.0,0,0,0,0,6,4,0,1,0,7,2,0.0,0.0,13.0,16.34285714285714,False,moderate,,,0,0,0,0,0.0,False,0,0,0,0,0,0,0.0,False,0,0,0.0,0,0,0,False,0,0,0.0,0,1.0
112,0x7d09edb07d23acb532a82be3da5c17d9d85806b4,,data/smartbugs_curated/dataset/unchecked_low_level_calls/0x7d09edb07d23acb532a82be3da5c17d9d85806b4.sol,,smartbugs_curated,False,True,True,True,True,True,True,False,False,False,False,False,False,False,False,False,False,False,False,False,True,False,True,False,False,3,2,14,0,0,0,0,0,0,0,1,0,0.0,0,0,0.0,0,0,0,0,9,11,0,5,1,12,6,0.0,0.0,54.0,75.14999999999999,True,critical,,,0,0,0,0,0.0,False,0,0,0,0,0,0,0.0,False,0,0,0.0,0,0,0,False,0,0,0.0,0,1.0
113,0x70f9eddb3931491aab1aeafbc1e7f1ca2a012db4,,data/smartbugs_curated/dataset/unchecked_low_level_calls/0x70f9eddb3931491aab1aeafbc1e7f1ca2a012db4.sol,,smartbugs_curated,False,True,False,True,False,False,False,False,False,False,False,False,False,False,False,False,False,False,False,False,False,False,True,False,False,1,1,7,0,0,0,0,0,0,0,1,0,0.0,0,0,0.0,0,0,0,0,7,3,0,2,0,7,3,0.0,0.0,22.0,28.6,True,complex,,,0,0,0,0,0.0,False,0,0,0,0,0,0,0.0,False,0,0,0.0,0,0,0,False,0,0,0.0,0,1.0
114,king_of_the_ether_throne,,data/smartbugs_curated/dataset/unchecked_low_level_calls/king_of_the_ether_throne.sol,,smartbugs_curated,False,False,True,True,True,False,False,False,False,False,False,False,False,False,False,False,False,False,False,False,False,False,True,False,False,1,10,13,0,0,0,0,0,0,0,1,0,0.0,0,0,0.0,0,0,0,0,8,16,0,11,1,11,5,0.0,0.0,73.0,127.41818181818181,True,critical,,,0,0,0,0,0.0,False,0,0,0,0,0,0,0.0,False,0,0,0.0,0,0,0,False,0,0,0.0,0,1.0
115,0xb37f18af15bafb869a065b61fc83cfc44ed9cc27,,data/smartbugs_curated/dataset/unchecked_low_level_calls/0xb37f18af15bafb869a065b61fc83cfc44ed9cc27.sol,,smartbugs_curated,False,False,False,True,False,False,False,False,False,False,False,False,False,False,False,False,False,False,False,False,False,False,True,False,False,0,1,7,0,0,0,0,0,0,0,1,0,0.0,0,0,0.0,0,0,0,0,6,2,0,1,0,5,2,0.0,0.0,12.0,17.759999999999998,False,moderate,,,0,0,0,0,0.0,False,0,0,0,0,0,0,0.0,False,0,0,0.0,0,0,0,False,0,0,0.0,0,1.0
116,0xdb1c55f6926e7d847ddf8678905ad871a68199d2,,data/smartbugs_curated/dataset/unchecked_low_level_calls/0xdb1c55f6926e7d847ddf8678905ad871a68199d2.sol,,smartbugs_curated,False,True,False,True,False,False,False,False,False,False,False,False,False,False,False,False,False,False,False,False,False,False,True,False,False,1,1,7,0,0,0,0,0,0,0,1,0,0.0,0,0,0.0,0,0,0,0,7,3,0,2,0,7,3,0.0,0.0,22.0,28.6,True,complex,,,0,0,0,0,0.0,False,0,0,0,0,0,0,0.0,False,0,0,0.0,0,0,0,False,0,0,0.0,0,1.0
117,0x39cfd754c85023648bf003bea2dd498c5612abfa,,data/smartbugs_curated/dataset/unchecked_low_level_calls/0x39cfd754c85023648bf003bea2dd498c5612abfa.sol,,smartbugs_curated,False,False,False,True,False,False,False,False,False,False,False,False,False,False,False,True,False,True,False,False,False,False,True,False,False,1,2,19,0,0,0,0,0,0,0,1,0,0.0,0,0,0.0,0,0,0,0,18,4,0,3,0,9,4,0.0,0.0,39.0,90.13333333333334,True,critical,,,0,0,0,0,0.0,False,0,0,0,0,0,0,0.0,False,0,0,0.0,0,0,0,False,0,0,0.0,0,1.0
118,0xe894d54dca59cb53fe9cbc5155093605c7068220,,data/smartbugs_curated/dataset/unchecked_low_level_calls/0xe894d54dca59cb53fe9cbc5155093605c7068220.sol,,smartbugs_curated,False,False,False,True,False,False,False,False,False,False,False,False,False,False,False,False,False,False,False,False,False,False,True,False,False,0,1,9,0,0,0,0,0,0,0,1,0,0.0,0,0,0.0,0,0,0,0,7,4,0,1,0,7,2,0.0,0.0,14.0,19.6,False,moderate,,,0,0,0,0,0.0,False,0,0,0,0,0,0,0.0,False,0,0,0.0,0,0,0,False,0,0,0.0,0,1.0
119,0xec329ffc97d75fe03428ae155fc7793431487f63,,data/smartbugs_curated/dataset/unchecked_low_level_calls/0xec329ffc97d75fe03428ae155fc7793431487f63.sol,,smartbugs_curated,True,False,False,True,False,False,False,False,False,False,False,False,False,False,True,False,False,False,False,False,False,False,True,False,False,1,3,17,0,0,0,0,0,0,0,1,0,0.0,0,0,0.0,0,0,0,0,14,9,0,4,0,15,5,0.0,0.0,42.0,56.84,True,critical,,,0,0,0,0,0.0,False,0,0,0,0,0,0,0.0,False,0,0,0.0,0,0,0,False,0,0,0.0,0,1.0
120,0x3f2ef511aa6e75231e4deafc7a3d2ecab3741de2,,data/smartbugs_curated/dataset/unchecked_low_level_calls/0x3f2ef511aa6e75231e4deafc7a3d2ecab3741de2.sol,,smartbugs_curated,False,True,False,True,False,False,False,False,False,False,False,False,False,False,False,False,False,False,False,False,False,False,True,False,False,1,1,6,0,0,0,0,0,0,0,1,0,0.0,0,0,0.0,0,0,0,0,6,3,0,2,0,7,3,0.0,0.0,21.0,24.3,True,complex,,,0,0,0,0,0.0,False,0,0,0,0,0,0,0.0,False,0,0,0.0,0,0,0,False,0,0,0.0,0,1.0
121,0x627fa62ccbb1c1b04ffaecd72a53e37fc0e17839,,data/smartbugs_curated/dataset/unchecked_low_level_calls/0x627fa62ccbb1c1b04ffaecd72a53e37fc0e17839.sol,,smartbugs_curated,True,False,False,True,False,False,False,False,False,False,False,False,False,False,False,False,False,True,False,False,False,False,True,False,False,2,1,20,0,0,0,0,0,0,0,1,0,0.0,0,0,0.0,0,0,0,0,18,5,0,3,0,9,4,0.0,0.0,45.0,107.5,True,critical,,,0,0,0,0,0.0,False,0,0,0,0,0,0,0.0,False,0,0,0.0,0,0,0,False,0,0,0.0,0,1.0
122,0xb11b2fed6c9354f7aa2f658d3b4d7b31d8a13b77,,data/smartbugs_curated/dataset/unchecked_low_level_calls/0xb11b2fed6c9354f7aa2f658d3b4d7b31d8a13b77.sol,,smartbugs_curated,False,False,False,True,False,False,False,False,False,False,False,False,False,False,False,False,False,True,False,False,False,False,True,False,False,1,1,12,0,0,0,0,0,0,0,1,0,0.0,0,0,0.0,0,0,0,0,11,4,0,2,0,9,4,0.0,0.0,27.0,41.4,True,complex,,,0,0,0,0,0.0,False,0,0,0,0,0,0,0.0,False,0,0,0.0,0,0,0,False,0,0,0.0,0,1.0
123,0x4a66ad0bca2d700f11e1f2fc2c106f7d3264504c,,data/smartbugs_curated/dataset/unchecked_low_level_calls/0x4a66ad0bca2d700f11e1f2fc2c106f7d3264504c.sol,,smartbugs_curated,False,False,False,True,False,False,False,False,False,False,False,False,False,False,False,False,False,False,False,False,False,False,True,False,False,0,1,6,0,0,0,0,0,0,0,1,0,0.0,0,0,0.0,0,0,0,0,7,3,0,1,0,8,2,0.0,0.0,11.0,12.5125,False,moderate,,,0,0,0,0,0.0,False,0,0,0,0,0,0,0.0,False,0,0,0.0,0,0,0,False,0,0,0.0,0,1.0
124,0xe09b1ab8111c2729a76f16de96bc86a7af837928,,data/smartbugs_curated/dataset/unchecked_low_level_calls/0xe09b1ab8111c2729a76f16de96bc86a7af837928.sol,,smartbugs_curated,True,True,True,True,True,True,True,False,False,False,False,False,False,False,False,False,False,False,False,False,False,False,True,False,False,4,1,21,0,0,0,0,0,0,0,1,0,0.0,0,0,0.0,0,0,0,0,4,22,0,5,7,13,5,0.0,0.0,66.0,98.4923076923077,True,critical,,,0,0,0,0,0.0,False,0,0,0,0,0,0,0.0,False,0,0,0.0,0,0,0,False,0,0,0.0,0,1.0
125,0x3e013fc32a54c4c5b6991ba539dcd0ec4355c859,,data/smartbugs_curated/dataset/unchecked_low_level_calls/0x3e013fc32a54c4c5b6991ba539dcd0ec4355c859.sol,,smartbugs_curated,False,False,False,True,False,False,False,False,False,False,False,False,False,False,False,False,False,False,False,False,False,False,True,False,False,0,1,7,0,0,0,0,0,0,0,1,0,0.0,0,0,0.0,0,0,0,0,6,3,0,1,0,6,2,0.0,0.0,12.0,16.2,False,moderate,,,0,0,0,0,0.0,False,0,0,0,0,0,0,0.0,False,0,0,0.0,0,0,0,False,0,0,0.0,0,1.0
126,0xb620cee6b52f96f3c6b253e6eea556aa2d214a99,,data/smartbugs_curated/dataset/unchecked_low_level_calls/0xb620cee6b52f96f3c6b253e6eea556aa2d214a99.sol,,smartbugs_curated,False,False,True,True,False,False,False,False,False,False,False,False,False,False,False,False,False,True,False,False,False,False,True,False,False,3,4,13,0,0,0,0,0,0,0,1,0,0.0,0,0,0.0,0,0,0,0,15,7,0,7,0,10,4,0.0,0.0,63.0,125.37,True,critical,,,0,0,0,0,0.0,False,0,0,0,0,0,0,0.0,False,0,0,0.0,0,0,0,False,0,0,0.0,0,1.0
127,0x663e4229142a27f00bafb5d087e1e730648314c3,,data/smartbugs_curated/dataset/unchecked_low_level_calls/0x663e4229142a27f00bafb5d087e1e730648314c3.sol,,smartbugs_curated,True,True,True,True,True,True,True,True,False,False,False,False,False,False,True,False,False,False,False,False,False,True,True,False,False,7,12,172,0,0,0,0,0,0,0,1,0,0.0,0,0,0.0,0,0,0,0,129,71,0,19,3,24,7,0.0,0.0,302.0,2248.641666666667,True,critical,,,0,0,0,0,0.0,False,0,0,0,0,0,0,0.0,False,0,0,0.0,0,0,0,False,0,0,0.0,0,1.0
128,0xd5967fed03e85d1cce44cab284695b41bc675b5c,,data/smartbugs_curated/dataset/unchecked_low_level_calls/0xd5967fed03e85d1cce44cab284695b41bc675b5c.sol,,smartbugs_curated,False,False,False,True,False,False,False,False,False,False,False,False,False,False,False,False,False,False,False,False,False,False,True,False,False,0,1,8,0,0,0,0,0,0,0,1,0,0.0,0,0,0.0,0,0,0,0,6,4,0,1,0,7,2,0.0,0.0,13.0,16.34285714285714,False,moderate,,,0,0,0,0,0.0,False,0,0,0,0,0,0,0.0,False,0,0,0.0,0,0,0,False,0,0,0.0,0,1.0
129,0x84d9ec85c9c568eb332b7226a8f826d897e0a4a8,,data/smartbugs_curated/dataset/unchecked_low_level_calls/0x84d9ec85c9c568eb332b7226a8f826d897e0a4a8.sol,,smartbugs_curated,False,False,False,True,False,False,False,False,False,False,False,False,False,False,False,False,False,True,False,False,False,False,True,False,False,1,1,14,0,0,0,0,0,0,0,1,0,0.0,0,0,0.0,0,0,0,0,19,4,0,2,0,9,3,0.0,0.0,29.0,70.24444444444444,True,complex,,,0,0,0,0,0.0,False,0,0,0,0,0,0,0.0,False,0,0,0.0,0,0,0,False,0,0,0.0,0,1.0
130,0xf2570186500a46986f3139f65afedc2afe4f445d,,data/smartbugs_curated/dataset/unchecked_low_level_calls/0xf2570186500a46986f3139f65afedc2afe4f445d.sol,,smartbugs_curated,False,False,False,True,False,False,False,False,False,False,False,False,False,False,False,False,False,False,False,False,False,False,True,False,False,0,1,5,0,0,0,0,0,0,0,1,0,0.0,0,0,0.0,0,0,0,0,5,2,0,1,0,6,2,0.0,0.0,10.0,10.666666666666666,False,moderate,,,0,0,0,0,0.0,False,0,0,0,0,0,0,0.0,False,0,0,0.0,0,0,0,False,0,0,0.0,0,1.0
131,0x4051334adc52057aca763453820cb0e045076ef3,,data/smartbugs_curated/dataset/unchecked_low_level_calls/0x4051334adc52057aca763453820cb0e045076ef3.sol,,smartbugs_curated,False,False,False,True,False,False,False,False,False,False,False,False,False,False,False,False,False,False,False,False,False,False,True,False,False,0,1,8,0,0,0,0,0,0,0,1,0,0.0,0,0,0.0,0,0,0,0,6,4,0,1,0,7,2,0.0,0.0,13.0,16.34285714285714,False,moderate,,,0,0,0,0,0.0,False,0,0,0,0,0,0,0.0,False,0,0,0.0,0,0,0,False,0,0,0.0,0,1.0
132,0xe4eabdca81e31d9acbc4af76b30f532b6ed7f3bf,,data/smartbugs_curated/dataset/unchecked_low_level_calls/0xe4eabdca81e31d9acbc4af76b30f532b6ed7f3bf.sol,,smartbugs_curated,False,True,False,True,False,False,False,False,False,False,False,False,False,False,False,False,False,False,False,False,False,False,True,False,False,1,1,7,0,0,0,0,0,0,0,1,0,0.0,0,0,0.0,0,0,0,0,7,3,0,2,0,7,3,0.0,0.0,22.0,28.6,True,complex,,,0,0,0,0,0.0,False,0,0,0,0,0,0,0.0,False,0,0,0.0,0,0,0,False,0,0,0.0,0,1.0
133,0xbaa3de6504690efb064420d89e871c27065cdd52,,data/smartbugs_curated/dataset/unchecked_low_level_calls/0xbaa3de6504690efb064420d89e871c27065cdd52.sol,,smartbugs_curated,False,False,False,True,False,False,False,False,False,False,False,False,False,False,False,False,False,True,False,False,False,False,True,False,False,1,1,12,0,0,0,0,0,0,0,1,0,0.0,0,0,0.0,0,0,0,0,11,4,0,2,0,9,4,0.0,0.0,27.0,41.4,True,complex,,,0,0,0,0,0.0,False,0,0,0,0,0,0,0.0,False,0,0,0.0,0,0,0,False,0,0,0.0,0,1.0
134,unchecked_return_value,,data/smartbugs_curated/dataset/unchecked_low_level_calls/unchecked_return_value.sol,,smartbugs_curated,False,False,False,True,False,False,False,False,False,False,False,False,False,False,False,False,False,False,False,False,False,False,True,False,False,0,1,5,0,0,0,0,0,0,0,1,0,0.0,0,0,0.0,0,0,0,0,4,2,0,1,0,4,2,0.0,0.0,10.0,13.5,False,moderate,,,0,0,0,0,0.0,False,0,0,0,0,0,0,0.0,False,0,0,0.0,0,0,0,False,0,0,0.0,0,1.0
135,0x4b71ad9c1a84b9b643aa54fdd66e2dec96e8b152,,data/smartbugs_curated/dataset/unchecked_low_level_calls/0x4b71ad9c1a84b9b643aa54fdd66e2dec96e8b152.sol,,smartbugs_curated,False,False,False,True,False,False,False,False,False,False,False,False,False,False,False,False,False,False,False,False,False,False,True,False,False,0,1,8,0,0,0,0,0,0,0,1,0,0.0,0,0,0.0,0,0,0,0,6,4,0,1,0,7,2,0.0,0.0,13.0,16.34285714285714,False,moderate,,,0,0,0,0,0.0,False,0,0,0,0,0,0,0.0,False,0,0,0.0,0,0,0,False,0,0,0.0,0,1.0
136,short_address_example,,data/smartbugs_curated/dataset/short_addresses/short_address_example.sol,,smartbugs_curated,False,False,False,False,False,False,False,False,False,False,False,False,False,False,False,False,False,False,False,False,False,False,True,False,False,0,0,2,0,0,0,0,0,0,0,1,0,0.0,0,0,0.0,0,0,0,0,2,0,0,0,0,1,1,0.0,0.0,2.0,4.0,False,simple,,,0,0,0,0,0.0,False,0,0,0,0,0,0,0.0,False,0,0,0.0,0,0,0,False,0,0,0.0,0,1.0
137,odds_and_evens,,data/smartbugs_curated/dataset/front_running/odds_and_evens.sol,,smartbugs_curated,False,True,False,False,True,False,False,False,False,False,False,False,False,False,False,False,False,False,False,False,False,False,True,False,False,1,0,5,0,0,0,0,0,0,0,1,0,0.0,0,0,0.0,0,0,0,0,4,2,0,1,1,4,3,0.0,0.0,15.0,20.25,True,moderate,,,0,0,0,0,0.0,False,0,0,0,0,0,0,0.0,False,0,0,0.0,0,0,0,False,0,0,0.0,0,1.0
138,ERC20,,data/smartbugs_curated/dataset/front_running/ERC20.sol,,smartbugs_curated,False,False,False,False,False,False,False,False,False,False,False,False,False,False,False,False,False,False,False,False,True,False,True,False,False,0,0,6,6,5,3,0,1,0,103,2,1,1.0,0,31,0.30097087378640774,0,4,0,0,4,3,0,0,0,4,2,0.0,0.0,6.0,9.15,False,moderate,,,27,21,0,8,0.7777777777777778,False,5,6,6,3,1,5,0.625,False,6,0,0.5,4,3,4,True,2,11,2.0,6,1.0
139,FindThisHash,,data/smartbugs_curated/dataset/front_running/FindThisHash.sol,,smartbugs_curated,False,True,False,False,False,False,False,False,False,False,False,False,False,False,False,False,False,False,False,False,False,False,True,False,False,1,0,3,3,1,1,0,1,0,16,1,1,1.0,0,7,0.4375,1,0,0,0,4,1,0,1,0,4,2,0.0,0.0,13.0,15.275,False,moderate,,,5,2,0,2,0.4,False,0,3,3,2,1,1,0.3333333333333333,False,2,1,0.6666666666666666,4,1,1,True,1,1,1.0,1,1.0
140,eth_tx_order_dependence_minimal,,data/smartbugs_curated/dataset/front_running/eth_tx_order_dependence_minimal.sol,,smartbugs_curated,False,False,False,False,True,False,False,False,False,False,False,False,False,False,False,False,False,False,False,False,False,False,True,False,False,0,0,5,0,0,0,0,0,0,0,1,0,0.0,0,0,0.0,0,0,0,0,2,3,0,0,2,3,2,0.0,0.0,5.0,6.833333333333334,False,moderate,,,0,0,0,0,0.0,False,0,0,0,0,0,0,0.0,False,0,0,0.0,0,0,0,False,0,0,0.0,0,1.0
141,Ownable2Step,,data/safe_contracts/openzeppelin-contracts/contracts/access/Ownable2Step.sol,,openzeppelin,False,False,False,False,False,False,False,False,False,False,False,False,False,False,False,False,False,False,False,False,False,False,True,False,False,0,0,7,4,0,1,0,3,0,59,3,1,1.5,0,35,0.5932203389830508,0,0,2,0,4,3,0,0,0,3,1,0.0,0.0,7.0,14.233333333333334,False,moderate,,,15,12,0,4,0.8,False,1,6,4,7,1,0,0.0,True,3,1,1.75,5,1,2,True,0,2,0.0,2,0.0
142,Ownable,,data/safe_contracts/openzeppelin-contracts/contracts/access/Ownable.sol,,openzeppelin,False,False,False,False,False,False,False,False,False,False,False,False,False,False,False,False,False,False,False,False,False,False,True,False,False,0,0,5,6,0,1,1,3,0,87,2,1,2.0,0,47,0.5402298850574713,0,0,1,0,3,2,0,0,0,2,1,0.0,0.0,5.0,11.0,False,moderate,,,24,21,0,4,0.875,False,1,12,6,10,1,0,0.0,False,3,3,1.6666666666666667,6,1,1,True,0,3,0.0,3,0.0
143,AccessControl,,data/safe_contracts/openzeppelin-contracts/contracts/access/AccessControl.sol,,openzeppelin,False,False,False,False,False,False,False,False,False,False,False,False,False,False,False,False,False,False,False,False,False,False,True,True,False,0,0,10,12,0,2,1,3,0,189,5,1,1.5,0,121,0.6402116402116402,0,0,2,0,7,3,0,0,0,3,1,0.0,0.0,10.0,30.333333333333336,False,moderate,,,42,32,0,4,0.7619047619047619,False,7,18,12,20,2,0,0.0,True,6,6,1.6666666666666667,8,2,3,True,0,19,0.0,11,0.0
144,IAccessControl,,data/safe_contracts/openzeppelin-contracts/contracts/access/IAccessControl.sol,,openzeppelin,False,False,False,False,False,False,False,False,False,False,False,False,False,False,False,False,False,False,False,False,False,False,True,False,False,0,0,2,5,0,0,0,1,0,87,1,1,1.0,0,74,0.8505747126436781,0,0,0,0,2,0,0,0,0,1,1,0.0,0.0,2.0,4.0,False,simple,,,0,0,0,0,0.0,False,0,0,5,0,0,0,0.0,False,5,0,0.0,5,0,0,False,0,9,0.0,5,0.0
145,MultipleInheritanceInitializableMocks,,data/safe_contracts/openzeppelin-contracts/contracts/mocks/MultipleInheritanceInitializableMocks.sol,,openzeppelin,False,False,False,False,False,False,False,False,False,False,False,False,False,False,True,False,False,False,False,False,False,False,True,False,False,0,0,30,0,0,0,0,0,0,0,1,0,0.0,0,0,0.0,0,0,0,0,28,2,0,0,0,4,2,0.0,0.0,30.0,220.5,True,critical,,,0,0,0,0,0.0,False,0,0,0,0,0,0,0.0,False,0,0,0.0,0,0,0,False,0,0,0.0,0,0.0
146,ERC3156FlashBorrowerMock,,data/safe_contracts/openzeppelin-contracts/contracts/mocks/ERC3156FlashBorrowerMock.sol,,openzeppelin,False,False,False,False,False,False,False,False,False,False,False,False,False,False,True,False,False,False,False,False,False,True,True,True,False,0,2,33,3,4,3,0,6,0,42,7,1,2.6666666666666665,0,10,0.23809523809523808,0,1,1,0,20,15,0,2,0,5,3,0.0,0.0,43.0,262.3,True,critical,,,17,16,0,9,0.9411764705882353,False,2,8,3,2,1,4,0.6666666666666666,False,2,1,0.6666666666666666,3,3,2,True,1,7,2.0,2,0.0
147,MulticallHelper,,data/safe_contracts/openzeppelin-contracts/contracts/mocks/MulticallHelper.sol,,openzeppelin,False,False,False,False,False,False,False,False,False,False,False,False,False,False,True,False,False,False,False,False,False,False,True,True,False,0,0,41,1,4,0,0,7,0,19,13,1,7.0,0,1,0.05263157894736842,0,0,0,0,23,18,0,0,0,4,2,0.0,0.0,41.0,364.9,True,critical,,,15,16,2,11,1.0666666666666667,True,0,7,1,3,1,4,0.5714285714285714,False,1,0,3.0,3,0,1,False,2,3,0.5,1,0.0
149,ContextMock,,data/safe_contracts/openzeppelin-contracts/contracts/mocks/ContextMock.sol,,openzeppelin,False,False,False,False,False,False,False,False,False,False,False,False,False,False,False,False,False,False,False,False,False,False,True,False,False,0,0,4,3,0,0,0,1,0,25,3,1,1.0,0,1,0.04,0,0,1,0,3,1,0,0,0,2,1,0.0,0.0,4.0,7.4,False,moderate,,,6,3,0,1,0.5,False,0,3,3,3,1,0,0.0,False,3,0,1.0,2,0,0,False,0,2,0.0,1,0.0
151,MerkleProofCustomHashMock,,data/safe_contracts/openzeppelin-contracts/contracts/mocks/MerkleProofCustomHashMock.sol,,openzeppelin,False,False,False,False,False,False,False,False,False,False,False,False,False,False,True,False,False,False,False,False,False,False,True,False,False,0,0,32,9,10,0,0,2,0,51,3,1,1.1111111111111112,0,2,0.0392156862745098,0,8,0,0,5,27,0,0,0,3,2,0.0,0.0,32.0,254.93333333333334,True,critical,,,20,11,0,2,0.55,False,10,10,9,2,0,10,0.8333333333333334,False,0,9,0.2222222222222222,10,0,9,False,4,26,2.25,9,0.0
152,AccessManagedTarget,,data/safe_contracts/openzeppelin-contracts/contracts/mocks/AccessManagedTarget.sol,,openzeppelin,False,False,False,False,False,True,True,False,False,False,False,False,False,False,True,False,False,False,False,False,False,False,True,True,False,0,0,31,4,2,0,0,3,0,27,8,1,1.5,0,2,0.07407407407407407,0,1,2,0,20,11,0,0,0,6,3,0.0,0.0,31.0,143.11666666666667,True,critical,,,13,10,0,4,0.7692307692307693,False,0,6,4,1,1,2,0.6666666666666666,False,4,0,0.25,4,0,1,False,0,2,0.0,1,0.0
153,SingleInheritanceInitializableMocks,,data/safe_contracts/openzeppelin-contracts/contracts/mocks/SingleInheritanceInitializableMocks.sol,,openzeppelin,False,False,False,False,False,False,False,False,False,False,False,False,False,False,True,True,False,False,False,False,False,False,True,False,False,0,1,9,0,0,0,0,0,0,0,1,0,0.0,0,0,0.0,0,0,0,0,5,5,0,1,0,5,2,0.0,0.0,14.0,23.8,False,moderate,,,0,0,0,0,0.0,False,0,0,0,0,0,0,0.0,False,0,0,0.0,0,0,0,False,0,0,0.0,0,0.0
154,DummyImplementation,,data/safe_contracts/openzeppelin-contracts/contracts/mocks/DummyImplementation.sol,,openzeppelin,False,False,False,False,False,False,False,False,False,False,False,False,False,False,True,True,False,False,False,False,False,True,True,True,False,0,3,71,9,1,3,0,1,0,47,9,1,1.0,0,2,0.0425531914893617,2,1,0,0,35,39,0,3,0,7,3,0.0,0.0,86.0,765.4,True,critical,,,20,11,0,3,0.55,False,2,9,9,1,1,1,0.5,False,9,0,0.1111111111111111,9,3,4,False,0,6,0.0,4,0.0
155,ReentrancyMock,,data/safe_contracts/openzeppelin-contracts/contracts/mocks/ReentrancyMock.sol,,openzeppelin,False,False,False,True,False,False,False,False,False,False,False,False,False,False,True,False,False,False,False,False,False,False,True,False,False,0,0,28,10,6,1,0,3,1,46,5,1,1.4,0,1,0.021739130434782608,0,0,1,0,18,10,0,0,0,4,3,0.0,0.0,28.0,175.0,True,critical,,,37,29,0,6,0.7837837837837838,False,1,14,10,21,1,6,0.2222222222222222,True,9,1,2.1,8,1,3,True,6,4,0.5,4,0.0
157,Base64Dirty,,data/safe_contracts/openzeppelin-contracts/contracts/mocks/Base64Dirty.sol,,openzeppelin,False,False,False,False,False,False,False,False,False,False,False,False,False,False,True,False,False,False,False,False,False,False,True,False,False,1,2,76,1,1,0,0,1,0,14,3,1,1.0,0,2,0.14285714285714285,0,1,0,0,8,71,0,3,0,6,2,0.0,0.0,96.0,923.1999999999998,True,critical,,,4,3,0,3,0.75,False,1,1,1,0,0,1,1.0,False,1,0,0.0,1,0,1,False,0,1,0.0,1,0.0
158,AuthorityMock,,data/safe_contracts/openzeppelin-contracts/contracts/mocks/AuthorityMock.sol,,openzeppelin,False,False,False,False,False,False,False,False,False,False,False,False,False,False,False,False,False,False,False,False,False,False,True,True,False,0,0,11,0,0,0,0,0,0,0,1,0,0.0,0,0,0.0,0,0,0,0,11,0,0,0,0,4,1,0.0,0.0,11.0,30.25,False,moderate,,,0,0,0,0,0.0,False,0,0,0,0,0,0,0.0,False,0,0,0.0,0,0,0,False,0,0,0.0,0,0.0
159,RegressionImplementation,,data/safe_contracts/openzeppelin-contracts/contracts/mocks/RegressionImplementation.sol,,openzeppelin,False,False,False,False,False,False,False,False,False,False,False,False,False,False,True,False,False,False,False,False,False,False,True,False,False,0,0,13,0,0,0,0,0,0,0,1,0,0.0,0,0,0.0,0,0,0,0,9,4,0,0,0,4,2,0.0,0.0,13.0,38.35,False,complex,,,0,0,0,0,0.0,False,0,0,0,0,0,0,0.0,False,0,0,0.0,0,0,0,False,0,0,0.0,0,0.0
160,StorageSlotMock,,data/safe_contracts/openzeppelin-contracts/contracts/mocks/StorageSlotMock.sol,,openzeppelin,False,False,False,False,False,False,False,False,False,False,False,False,False,False,True,False,False,False,False,False,False,False,True,False,False,0,0,43,18,18,2,0,1,0,64,7,1,1.0,0,2,0.03125,0,18,2,0,27,16,0,0,0,3,2,0.0,0.0,43.0,547.5333333333333,True,critical,,,36,18,0,1,0.5,False,9,18,18,0,0,18,1.0,False,18,0,0.0,18,2,18,False,0,27,0.0,18,0.0
161,ERC165Mock,,data/safe_contracts/openzeppelin-contracts/contracts/mocks/ERC165Mock.sol,,openzeppelin,False,False,False,False,False,False,False,False,False,False,False,False,False,False,True,False,False,False,False,False,False,False,True,True,False,0,0,8,0,0,0,0,0,0,0,1,0,0.0,0,0,0.0,0,0,0,0,8,0,0,0,0,4,2,0.0,0.0,8.0,16.0,False,moderate,,,0,0,0,0,0.0,False,0,0,0,0,0,0,0.0,False,0,0,0.0,0,0,0,False,0,0,0.0,0,0.0
164,ReentrancyAttack,,data/safe_contracts/openzeppelin-contracts/contracts/mocks/ReentrancyAttack.sol,,openzeppelin,False,False,False,True,False,False,False,False,False,False,False,False,False,False,False,False,False,False,False,False,False,False,True,False,False,0,0,7,2,2,0,0,1,2,13,2,1,1.0,0,1,0.07692307692307693,0,0,1,0,5,2,0,0,0,3,2,0.0,0.0,7.0,14.933333333333334,False,moderate,,,8,6,0,3,0.75,False,0,2,2,4,1,2,0.3333333333333333,False,2,0,2.0,2,0,2,False,2,2,1.0,2,0.0
165,TimelockReentrant,,data/safe_contracts/openzeppelin-contracts/contracts/mocks/TimelockReentrant.sol,,openzeppelin,False,False,False,False,False,False,False,False,False,False,False,False,False,False,True,False,False,False,False,False,False,True,True,False,False,0,1,29,3,1,3,0,3,0,21,4,1,1.6666666666666667,0,1,0.047619047619047616,0,1,0,0,15,15,0,1,0,5,3,0.0,0.0,34.0,173.4,True,critical,,,10,8,0,3,0.8,False,0,5,3,0,0,1,1.0,False,3,0,0.0,3,3,1,True,1,2,1.0,1,0.0
166,ConstructorMock,,data/safe_contracts/openzeppelin-contracts/contracts/mocks/ConstructorMock.sol,,openzeppelin,False,False,False,False,False,False,False,False,False,False,False,False,False,False,False,False,False,False,False,False,False,False,True,False,False,0,0,3,1,0,1,0,9,0,28,1,1,9.0,0,3,0.10714285714285714,0,0,0,0,4,0,0,0,1,3,1,0.0,0.0,3.0,4.0,False,simple,,,15,18,0,7,1.2,False,0,9,1,3,1,0,0.0,False,1,0,3.0,3,1,1,False,0,1,0.0,1,0.0
167,ERC2771ContextMock,,data/safe_contracts/openzeppelin-contracts/contracts/mocks/ERC2771ContextMock.sol,,openzeppelin,False,False,False,False,False,False,False,False,False,False,False,False,False,False,True,False,False,True,False,False,False,False,True,False,False,0,0,36,4,3,0,0,1,0,22,9,1,1.0,0,3,0.13636363636363635,0,0,2,0,20,16,0,0,0,5,3,0.0,0.0,36.0,224.64,True,critical,,,9,5,0,2,0.5555555555555556,False,3,4,4,5,1,3,0.375,True,1,3,1.25,0,0,0,False,1,1,0.0,1,0.0
169,EtherReceiverMock,,data/safe_contracts/openzeppelin-contracts/contracts/mocks/EtherReceiverMock.sol,,openzeppelin,False,False,False,False,False,False,False,False,False,False,False,False,False,False,False,True,False,False,False,False,False,False,True,False,False,0,1,2,2,0,1,0,3,0,13,1,1,2.0,0,1,0.07692307692307693,1,0,0,0,3,0,0,1,0,2,2,0.0,0.0,7.0,10.5,False,moderate,,,6,5,0,2,0.8333333333333334,False,0,4,2,1,1,0,0.0,False,2,0,0.5,2,1,1,True,0,1,0.0,1,0.0
170,CallReceiverMock,,data/safe_contracts/openzeppelin-contracts/contracts/mocks/CallReceiverMock.sol,,openzeppelin,False,False,False,False,False,False,False,False,False,False,False,False,False,False,True,True,False,False,False,False,False,False,True,False,False,0,1,7,15,1,1,0,3,0,83,2,1,1.1333333333333333,0,1,0.012048192771084338,11,0,0,0,7,2,0,1,1,6,2,0.0,0.0,12.0,16.8,False,moderate,,,48,33,1,5,0.6875,False,8,17,15,6,1,1,0.14285714285714285,False,15,0,0.4,13,1,0,True,0,14,0.0,6,0.0
171,PausableMock,,data/safe_contracts/openzeppelin-contracts/contracts/mocks/PausableMock.sol,,openzeppelin,False,False,False,False,False,False,False,False,False,False,False,False,False,False,False,False,False,False,False,False,False,False,True,False,False,0,0,6,5,0,2,0,1,0,23,3,1,1.0,0,1,0.043478260869565216,0,0,2,0,4,2,0,0,0,2,1,0.0,0.0,6.0,16.2,False,moderate,,,13,8,0,2,0.6153846153846154,False,0,5,5,4,1,0,0.0,False,5,0,0.8,5,2,0,True,0,0,0.0,0,0.0
173,BatchCaller,,data/safe_contracts/openzeppelin-contracts/contracts/mocks/BatchCaller.sol,,openzeppelin,False,False,False,False,False,False,False,False,False,False,False,False,False,False,True,False,False,False,False,False,False,False,True,False,False,0,0,29,1,2,0,0,4,0,17,4,1,4.0,0,1,0.058823529411764705,0,1,0,0,15,14,0,0,0,3,2,0.0,0.0,29.0,239.73333333333332,True,critical,,,9,9,1,6,1.0,False,1,4,1,0,0,2,1.0,False,1,0,0.0,1,0,1,False,2,1,0.5,1,0.0
174,AccessManagerMock,,data/safe_contracts/openzeppelin-contracts/contracts/mocks/AccessManagerMock.sol,,openzeppelin,False,False,True,False,False,False,False,False,False,False,False,False,True,False,True,False,False,False,False,False,False,True,True,True,False,1,12,154,4,0,0,0,1,0,14,14,1,1.0,0,1,0.07142857142857142,0,0,2,0,39,128,0,13,0,10,5,0.0,0.0,224.0,2880.64,True,critical,,,9,5,0,2,0.5555555555555556,False,0,4,4,2,1,0,0.0,True,3,1,0.5,3,0,0,False,0,1,0.0,1,0.0
175,InitializableMock,,data/safe_contracts/openzeppelin-contracts/contracts/mocks/InitializableMock.sol,,openzeppelin,False,False,False,False,False,False,False,False,False,False,False,False,False,False,True,True,False,False,False,False,False,False,True,False,False,0,1,6,8,0,3,0,1,0,99,10,1,1.0,0,5,0.050505050505050504,2,0,1,0,7,0,0,1,0,4,2,0.0,0.0,11.0,19.25,False,moderate,,,21,13,0,2,0.6190476190476191,False,1,8,8,9,2,0,0.0,False,8,0,1.125,5,3,2,False,0,2,0.0,2,0.0
176,UpgradeableBeaconMock,,data/safe_contracts/openzeppelin-contracts/contracts/mocks/UpgradeableBeaconMock.sol,,openzeppelin,False,False,False,False,False,False,False,False,False,False,False,False,False,False,False,False,False,False,False,False,False,False,True,True,False,0,0,6,1,0,1,0,1,0,21,4,1,1.0,0,4,0.19047619047619047,0,0,1,0,6,1,0,0,1,5,1,0.0,0.0,6.0,8.04,False,moderate,,,2,1,0,1,0.5,False,0,1,1,0,0,0,0.0,False,1,0,0.0,1,1,1,False,0,1,0.0,1,0.0
178,ERC1271WalletMock,,data/safe_contracts/openzeppelin-contracts/contracts/mocks/ERC1271WalletMock.sol,,openzeppelin,False,False,False,False,False,False,False,False,False,False,False,False,False,False,True,False,False,False,False,False,False,False,True,True,False,0,0,21,2,1,0,0,2,0,19,6,1,1.5,0,1,0.05263157894736842,0,1,1,0,12,9,0,0,0,4,2,0.0,0.0,21.0,96.07499999999999,True,complex,,,6,4,0,2,0.6666666666666666,False,2,3,2,2,1,1,0.3333333333333333,True,2,0,1.0,1,0,1,False,0,3,0.0,2,0.0
179,IGovernor,,data/safe_contracts/openzeppelin-contracts/contracts/governance/IGovernor.sol,,openzeppelin,False,False,False,False,False,False,False,False,False,False,False,False,False,False,False,False,False,False,False,False,False,False,True,True,False,0,0,8,27,0,0,0,1,0,402,3,1,1.0,0,266,0.6616915422885572,1,0,1,0,8,0,0,0,0,3,1,0.0,0.0,8.0,21.333333333333332,False,moderate,,,0,0,0,0,0.0,False,0,0,27,0,0,0,0.0,False,27,0,0.0,27,0,0,False,0,57,0.0,21,0.0
180,TimelockController,,data/safe_contracts/openzeppelin-contracts/contracts/governance/TimelockController.sol,,openzeppelin,False,True,True,True,False,False,True,False,False,False,False,False,False,False,True,False,False,False,False,False,False,True,True,True,False,1,3,50,24,4,6,1,9,1,422,13,1,2.625,0,191,0.45260663507109006,3,1,3,0,28,26,0,4,0,11,7,0.0,0.0,75.0,315.0,True,critical,,,145,137,4,14,0.9448275862068966,True,14,63,24,49,4,4,0.07547169811320754,True,18,6,2.0416666666666665,16,6,8,True,2,54,4.0,21,0.0
182,Account,,data/safe_contracts/openzeppelin-contracts/contracts/account/Account.sol,,openzeppelin,False,False,True,False,False,False,False,False,False,False,False,False,False,False,True,False,False,False,False,False,True,True,True,True,False,1,10,820,10,2,0,2,3,0,136,17,1,1.7,0,69,0.5073529411764706,1,1,1,0,464,367,0,11,0,13,4,0.0,0.0,880.0,48799.38461538462,True,critical,,,32,25,0,4,0.78125,False,7,17,10,11,2,2,0.15384615384615385,True,5,5,1.1,7,0,2,False,1,10,2.0,5,0.0
184,ERC2771Context,,data/safe_contracts/openzeppelin-contracts/contracts/metatx/ERC2771Context.sol,,openzeppelin,False,False,False,False,False,False,False,False,False,False,False,False,False,False,False,False,False,False,False,False,False,False,True,False,False,0,0,10,6,0,1,0,2,0,81,2,1,1.3333333333333333,0,42,0.5185185185185185,0,0,1,0,3,7,0,0,0,3,1,0.0,0.0,10.0,26.333333333333336,False,moderate,,,20,14,0,4,0.7,False,7,8,6,7,1,0,0.0,True,2,4,1.1666666666666667,3,1,1,True,0,2,0.0,2,0.0
186,ERC7786Recipient,,data/safe_contracts/openzeppelin-contracts/contracts/crosschain/ERC7786Recipient.sol,,openzeppelin,False,False,False,False,False,False,False,False,False,False,False,False,False,False,False,True,False,False,False,False,False,False,True,True,False,0,1,8,3,2,1,0,5,0,59,4,1,2.3333333333333335,0,28,0.4745762711864407,1,2,1,0,7,2,0,1,0,5,2,0.0,0.0,13.0,21.84,False,moderate,,,10,11,0,7,1.1,False,1,5,3,4,1,2,0.3333333333333333,False,1,2,1.3333333333333333,4,1,1,False,2,9,0.5,3,0.0
187,IERC1155,,data/safe_contracts/openzeppelin-contracts/contracts/interfaces/IERC1155.sol,,openzeppelin,False,False,False,False,False,False,False,False,False,False,False,False,False,False,False,False,False,False,False,False,False,False,True,True,False,0,0,5,6,0,0,0,1,0,4,2,1,1.0,0,2,0.5,0,0,1,0,5,0,0,0,0,2,1,0.0,0.0,5.0,12.5,False,moderate,,,0,0,0,0,0.0,False,0,0,6,0,0,0,0.0,False,6,0,0.0,6,0,0,False,0,18,0.0,6,0.0
188,IERC1967,,data/safe_contracts/openzeppelin-contracts/contracts/interfaces/IERC1967.sol,,openzeppelin,False,False,False,False,False,False,False,False,False,False,False,False,False,False,False,False,False,False,False,False,False,False,True,False,False,0,0,2,0,0,0,0,0,0,20,1,1,0.0,0,14,0.7,0,0,0,0,2,0,0,0,0,1,1,0.0,0.0,2.0,4.0,False,simple,,,0,0,0,0,0.0,False,0,0,0,0,0,0,0.0,False,0,0,0.0,0,0,0,False,0,0,0.0,0,0.0
189,IERC165,,data/safe_contracts/openzeppelin-contracts/contracts/interfaces/IERC165.sol,,openzeppelin,False,False,False,False,False,False,False,False,False,False,False,False,False,False,False,False,False,False,False,False,False,False,True,False,False,0,0,3,1,0,0,0,1,0,4,1,1,1.0,0,2,0.5,0,0,0,0,3,0,0,0,0,1,1,0.0,0.0,3.0,9.0,False,simple,,,0,0,0,0,0.0,False,0,0,1,0,0,0,0.0,False,1,0,0.0,1,0,0,False,0,1,0.0,1,0.0
190,IERC3156,,data/safe_contracts/openzeppelin-contracts/contracts/interfaces/IERC3156.sol,,openzeppelin,False,False,False,False,False,False,False,False,False,False,False,False,False,False,False,False,False,False,False,False,False,False,True,False,False,0,0,4,0,0,0,0,0,0,0,1,0,0.0,0,0,0.0,0,0,0,0,4,0,0,0,0,1,1,0.0,0.0,4.0,16.0,False,moderate,,,0,0,0,0,0.0,False,0,0,0,0,0,0,0.0,False,0,0,0.0,0,0,0,False,0,0,0.0,0,0.0
191,IERC1363Spender,,data/safe_contracts/openzeppelin-contracts/contracts/interfaces/IERC1363Spender.sol,,openzeppelin,False,False,False,False,False,False,False,False,False,False,False,False,False,False,False,False,False,False,False,False,False,False,True,False,False,0,0,2,1,0,0,0,1,0,24,1,1,1.0,0,20,0.8333333333333334,0,0,0,0,2,0,0,0,0,1,1,0.0,0.0,2.0,4.0,False,simple,,,0,0,0,0,0.0,False,0,0,1,0,0,0,0.0,False,1,0,0.0,1,0,0,False,0,3,0.0,1,0.0
192,IERC6909,,data/safe_contracts/openzeppelin-contracts/contracts/interfaces/IERC6909.sol,,openzeppelin,False,False,False,False,False,False,False,False,False,False,False,False,False,False,False,False,False,False,False,False,False,False,True,True,False,0,0,4,7,0,0,0,1,0,107,5,1,1.0,0,75,0.7009345794392523,0,0,1,0,4,0,0,0,0,2,1,0.0,0.0,4.0,8.0,False,moderate,,,0,0,0,0,0.0,False,0,0,7,0,0,0,0.0,False,7,0,0.0,7,0,0,False,0,19,0.0,7,0.0
193,IERC2981,,data/safe_contracts/openzeppelin-contracts/contracts/interfaces/IERC2981.sol,,openzeppelin,False,False,False,False,False,False,False,False,False,False,False,False,False,False,False,False,False,False,False,False,False,False,True,True,False,0,0,4,1,0,0,0,1,0,23,2,1,1.0,0,15,0.6521739130434783,0,0,1,0,4,0,0,0,0,2,1,0.0,0.0,4.0,8.0,False,moderate,,,0,0,0,0,0.0,False,0,0,1,0,0,0,0.0,False,1,0,0.0,1,0,0,False,0,2,0.0,1,0.0
194,IERC5267,,data/safe_contracts/openzeppelin-contracts/contracts/interfaces/IERC5267.sol,,openzeppelin,False,False,False,False,False,False,False,False,False,False,False,False,False,False,False,False,False,False,False,False,False,False,True,False,False,0,0,2,1,0,0,0,1,0,25,1,1,1.0,0,9,0.36,0,0,0,0,2,0,0,0,0,1,1,0.0,0.0,2.0,4.0,False,simple,,,0,0,0,0,0.0,False,0,0,1,0,0,0,0.0,False,1,0,0.0,1,0,0,False,0,0,0.0,0,0.0
195,IERC1271,,data/safe_contracts/openzeppelin-contracts/contracts/interfaces/IERC1271.sol,,openzeppelin,False,False,False,False,False,False,False,False,False,False,False,False,False,False,False,False,False,False,False,False,False,False,True,False,False,0,0,2,1,0,0,0,1,0,15,1,1,1.0,0,11,0.7333333333333333,0,0,0,0,2,0,0,0,0,1,1,0.0,0.0,2.0,4.0,False,simple,,,0,0,0,0,0.0,False,0,0,1,0,0,0,0.0,False,1,0,0.0,1,0,0,False,0,2,0.0,1,0.0
196,IERC20,,data/safe_contracts/openzeppelin-contracts/contracts/interfaces/IERC20.sol,,openzeppelin,False,False,False,False,False,False,False,False,False,False,False,False,False,False,False,False,False,False,False,False,False,False,True,False,False,0,0,3,6,0,0,0,1,0,4,1,1,1.0,0,2,0.5,0,0,0,0,3,0,0,0,0,1,1,0.0,0.0,3.0,9.0,False,simple,,,0,0,0,0,0.0,False,0,0,6,0,0,0,0.0,False,6,0,0.0,6,0,0,False,0,10,0.0,5,0.0
197,IERC1363,,data/safe_contracts/openzeppelin-contracts/contracts/interfaces/IERC1363.sol,,openzeppelin,False,False,False,False,False,False,False,False,False,False,False,False,False,False,False,False,False,False,False,False,False,False,True,True,False,0,0,7,6,0,0,0,1,0,77,3,1,1.0,0,66,0.8571428571428571,0,0,1,0,7,0,0,0,0,2,1,0.0,0.0,7.0,24.5,False,moderate,,,0,0,0,0,0.0,False,0,0,6,0,0,0,0.0,False,6,0,0.0,3,0,0,False,0,17,0.0,6,0.0
198,IERC5313,,data/safe_contracts/openzeppelin-contracts/contracts/interfaces/IERC5313.sol,,openzeppelin,False,False,False,False,False,False,False,False,False,False,False,False,False,False,False,False,False,False,False,False,False,False,True,False,False,0,0,2,1,0,0,0,1,0,14,1,1,1.0,0,10,0.7142857142857143,0,0,0,0,2,0,0,0,0,1,1,0.0,0.0,2.0,4.0,False,simple,,,0,0,0,0,0.0,False,0,0,1,0,0,0,0.0,False,1,0,0.0,1,0,0,False,0,0,0.0,0,0.0
199,IERC4626,,data/safe_contracts/openzeppelin-contracts/contracts/interfaces/IERC4626.sol,,openzeppelin,False,False,False,False,False,False,False,False,False,False,False,False,False,False,False,False,False,False,False,False,False,False,True,True,False,0,0,5,16,0,0,0,1,0,210,3,1,1.0,0,181,0.861904761904762,0,0,2,0,5,0,0,0,0,2,1,0.0,0.0,5.0,12.5,False,moderate,,,0,0,0,0,0.0,False,0,0,16,0,0,0,0.0,False,16,0,0.0,16,0,0,False,0,20,0.0,14,0.0
200,IERC7751,,data/safe_contracts/openzeppelin-contracts/contracts/interfaces/IERC7751.sol,,openzeppelin,False,False,False,False,False,False,False,False,False,False,False,False,False,False,False,False,False,False,False,False,False,False,True,False,False,0,0,2,0,0,0,0,0,0,10,1,1,0.0,0,6,0.6,0,0,0,0,2,0,0,0,0,1,1,0.0,0.0,2.0,4.0,False,simple,,,0,0,0,0,0.0,False,0,0,0,0,0,0,0.0,False,0,0,0.0,0,0,0,False,0,0,0.0,0,0.0
201,IERC1363Receiver,,data/safe_contracts/openzeppelin-contracts/contracts/interfaces/IERC1363Receiver.sol,,openzeppelin,False,False,False,False,False,False,False,False,False,False,False,False,False,False,False,False,False,False,False,False,False,False,True,False,False,0,0,2,1,0,0,0,1,0,30,1,1,1.0,0,21,0.7,0,0,0,0,2,0,0,0,0,1,1,0.0,0.0,2.0,4.0,False,simple,,,0,0,0,0,0.0,False,0,0,1,0,0,0,0.0,False,1,0,0.0,1,0,0,False,0,4,0.0,1,0.0
202,IERC721Enumerable,,data/safe_contracts/openzeppelin-contracts/contracts/interfaces/IERC721Enumerable.sol,,openzeppelin,False,False,False,False,False,False,False,False,False,False,False,False,False,False,False,False,False,False,False,False,False,False,True,True,False,0,0,6,3,0,0,0,1,0,4,3,1,1.0,0,2,0.5,0,0,2,0,6,0,0,0,0,2,1,0.0,0.0,6.0,18.0,False,moderate,,,0,0,0,0,0.0,False,0,0,3,0,0,0,0.0,False,3,0,0.0,3,0,0,False,0,3,0.0,2,0.0
203,IERC721,,data/safe_contracts/openzeppelin-contracts/contracts/interfaces/IERC721.sol,,openzeppelin,False,False,False,False,False,False,False,False,False,False,False,False,False,False,False,False,False,False,False,False,False,False,True,True,False,0,0,5,9,0,0,0,1,0,4,2,1,1.0,0,2,0.5,0,0,1,0,5,0,0,0,0,2,1,0.0,0.0,5.0,12.5,False,moderate,,,0,0,0,0,0.0,False,0,0,9,0,0,0,0.0,False,9,0,0.0,8,0,0,False,0,19,0.0,9,0.0
204,IERC2309,,data/safe_contracts/openzeppelin-contracts/contracts/interfaces/IERC2309.sol,,openzeppelin,False,False,False,False,False,False,False,False,False,False,False,False,False,False,False,False,False,False,False,False,False,False,True,False,False,0,0,2,0,0,0,0,0,0,17,1,1,0.0,0,8,0.47058823529411764,0,0,0,0,2,0,0,0,0,1,1,0.0,0.0,2.0,4.0,False,simple,,,0,0,0,0,0.0,False,0,0,0,0,0,0,0.0,False,0,0,0.0,0,0,0,False,0,0,0.0,0,0.0
205,IERC20Metadata,,data/safe_contracts/openzeppelin-contracts/contracts/interfaces/IERC20Metadata.sol,,openzeppelin,False,False,False,False,False,False,False,False,False,False,False,False,False,False,False,False,False,False,False,False,False,False,True,True,False,0,0,5,3,0,0,0,1,0,4,2,1,1.0,0,2,0.5,0,0,1,0,5,0,0,0,0,2,1,0.0,0.0,5.0,12.5,False,moderate,,,0,0,0,0,0.0,False,0,0,3,0,0,0,0.0,False,3,0,0.0,3,0,0,False,0,0,0.0,0,0.0
206,IERC2612,,data/safe_contracts/openzeppelin-contracts/contracts/interfaces/IERC2612.sol,,openzeppelin,False,False,False,False,False,False,False,False,False,False,False,False,False,False,False,False,False,False,False,False,False,False,True,True,False,0,0,5,0,0,0,0,0,0,5,2,1,0.0,0,2,0.4,0,0,1,0,5,0,0,0,0,3,1,0.0,0.0,5.0,8.333333333333334,False,moderate,,,0,0,0,0,0.0,False,0,0,0,0,0,0,0.0,False,0,0,0.0,0,0,0,False,0,0,0.0,0,0.0
207,IERC5805,,data/safe_contracts/openzeppelin-contracts/contracts/interfaces/IERC5805.sol,,openzeppelin,False,False,False,False,False,False,False,False,False,False,False,False,False,False,False,False,False,False,False,False,False,False,True,True,False,0,0,6,0,0,0,0,0,0,6,3,1,0.0,0,2,0.3333333333333333,0,0,1,0,6,0,0,0,0,3,1,0.0,0.0,6.0,12.0,False,moderate,,,0,0,0,0,0.0,False,0,0,0,0,0,0,0.0,False,0,0,0.0,0,0,0,False,0,0,0.0,0,0.0
208,IERC777,,data/safe_contracts/openzeppelin-contracts/contracts/interfaces/IERC777.sol,,openzeppelin,False,False,False,False,False,False,False,False,False,False,False,False,False,False,False,False,False,False,False,False,False,False,True,False,False,0,0,2,13,0,0,0,1,0,181,1,1,1.0,0,147,0.8121546961325967,0,0,0,0,2,0,0,0,0,1,1,0.0,0.0,2.0,4.0,False,simple,,,0,0,0,0,0.0,False,0,0,13,0,0,0,0.0,False,13,0,0.0,13,0,0,False,0,19,0.0,8,0.0
209,IERC7913,,data/safe_contracts/openzeppelin-contracts/contracts/interfaces/IERC7913.sol,,openzeppelin,False,False,False,False,False,False,False,False,False,False,False,False,False,False,False,False,False,False,False,False,False,False,True,False,False,0,0,2,0,0,0,0,0,0,0,1,0,0.0,0,0,0.0,0,0,0,0,2,0,0,0,0,1,1,0.0,0.0,2.0,4.0,False,simple,,,0,0,0,0,0.0,False,0,0,0,0,0,0,0.0,False,0,0,0.0,0,0,0,False,0,0,0.0,0,0.0
210,IERC721Receiver,,data/safe_contracts/openzeppelin-contracts/contracts/interfaces/IERC721Receiver.sol,,openzeppelin,False,False,False,False,False,False,False,False,False,False,False,False,False,False,False,False,False,False,False,False,False,False,True,False,False,0,0,3,1,0,0,0,1,0,4,1,1,1.0,0,2,0.5,0,0,0,0,3,0,0,0,0,1,1,0.0,0.0,3.0,9.0,False,simple,,,0,0,0,0,0.0,False,0,0,1,0,0,0,0.0,False,1,0,0.0,1,0,0,False,0,4,0.0,1,0.0
211,IERC3156FlashLender,,data/safe_contracts/openzeppelin-contracts/contracts/interfaces/IERC3156FlashLender.sol,,openzeppelin,False,False,False,False,False,False,False,False,False,False,False,False,False,False,False,False,False,False,False,False,False,False,True,False,False,0,0,3,3,0,0,0,1,0,36,2,1,1.0,0,24,0.6666666666666666,0,0,0,0,3,0,0,0,0,1,1,0.0,0.0,3.0,9.0,False,simple,,,0,0,0,0,0.0,False,0,0,3,0,0,0,0.0,False,3,0,0.0,3,0,0,False,0,7,0.0,3,0.0
212,IERC4906,,data/safe_contracts/openzeppelin-contracts/contracts/interfaces/IERC4906.sol,,openzeppelin,False,False,False,False,False,False,False,False,False,False,False,False,False,False,False,False,False,False,False,False,False,False,True,True,False,0,0,7,0,0,0,0,0,0,16,3,1,0.0,0,9,0.5625,0,0,2,0,7,0,0,0,0,2,1,0.0,0.0,7.0,24.5,False,moderate,,,0,0,0,0,0.0,False,0,0,0,0,0,0,0.0,False,0,0,0.0,0,0,0,False,0,0,0.0,0,0.0
213,IERC3156FlashBorrower,,data/safe_contracts/openzeppelin-contracts/contracts/interfaces/IERC3156FlashBorrower.sol,,openzeppelin,False,False,False,False,False,False,False,False,False,False,False,False,False,False,False,False,False,False,False,False,False,False,True,False,False,0,0,2,1,0,0,0,1,0,25,1,1,1.0,0,15,0.6,0,0,0,0,2,0,0,0,0,1,1,0.0,0.0,2.0,4.0,False,simple,,,0,0,0,0,0.0,False,0,0,1,0,0,0,0.0,False,1,0,0.0,1,0,0,False,0,5,0.0,1,0.0
214,IERC1820Registry,,data/safe_contracts/openzeppelin-contracts/contracts/interfaces/IERC1820Registry.sol,,openzeppelin,False,False,False,False,False,False,False,False,False,False,False,False,False,False,False,False,False,False,False,False,False,False,True,False,False,0,0,2,8,0,0,0,1,0,101,1,1,1.0,0,88,0.8712871287128713,0,0,0,0,2,0,0,0,0,1,1,0.0,0.0,2.0,4.0,False,simple,,,0,0,0,0,0.0,False,0,0,8,0,0,0,0.0,False,8,0,0.0,8,0,0,False,0,15,0.0,8,0.0
215,IERC777Recipient,,data/safe_contracts/openzeppelin-contracts/contracts/interfaces/IERC777Recipient.sol,,openzeppelin,False,False,False,False,False,False,False,False,False,False,False,False,False,False,False,False,False,False,False,False,False,False,True,False,False,0,0,2,1,0,0,0,1,0,33,1,1,1.0,0,22,0.6666666666666666,0,0,0,0,2,0,0,0,0,1,1,0.0,0.0,2.0,4.0,False,simple,,,0,0,0,0,0.0,False,0,0,1,0,0,0,0.0,False,1,0,0.0,1,0,0,False,0,6,0.0,1,0.0
216,IERC721Metadata,,data/safe_contracts/openzeppelin-contracts/contracts/interfaces/IERC721Metadata.sol,,openzeppelin,False,False,False,False,False,False,False,False,False,False,False,False,False,False,False,False,False,False,False,False,False,False,True,True,False,0,0,6,3,0,0,0,1,0,4,3,1,1.0,0,2,0.5,0,0,2,0,6,0,0,0,0,2,1,0.0,0.0,6.0,18.0,False,moderate,,,0,0,0,0,0.0,False,0,0,3,0,0,0,0.0,False,3,0,0.0,3,0,0,False,0,1,0.0,1,0.0
217,IERC777Sender,,data/safe_contracts/openzeppelin-contracts/contracts/interfaces/IERC777Sender.sol,,openzeppelin,False,False,False,False,False,False,False,False,False,False,False,False,False,False,False,False,False,False,False,False,False,False,True,False,False,0,0,2,1,0,0,0,1,0,33,1,1,1.0,0,22,0.6666666666666666,0,0,0,0,2,0,0,0,0,1,1,0.0,0.0,2.0,4.0,False,simple,,,0,0,0,0,0.0,False,0,0,1,0,0,0,0.0,False,1,0,0.0,1,0,0,False,0,6,0.0,1,0.0
218,IERC1820Implementer,,data/safe_contracts/openzeppelin-contracts/contracts/interfaces/IERC1820Implementer.sol,,openzeppelin,False,False,False,False,False,False,False,False,False,False,False,False,False,False,False,False,False,False,False,False,False,False,True,False,False,0,0,2,1,0,0,0,1,0,18,1,1,1.0,0,14,0.7777777777777778,0,0,0,0,2,0,0,0,0,1,1,0.0,0.0,2.0,4.0,False,simple,,,0,0,0,0,0.0,False,0,0,1,0,0,0,0.0,False,1,0,0.0,1,0,0,False,0,2,0.0,1,0.0
219,IERC1155Receiver,,data/safe_contracts/openzeppelin-contracts/contracts/interfaces/IERC1155Receiver.sol,,openzeppelin,False,False,False,False,False,False,False,False,False,False,False,False,False,False,False,False,False,False,False,False,False,False,True,True,False,0,0,5,2,0,0,0,1,0,4,2,1,1.0,0,2,0.5,0,0,1,0,5,0,0,0,0,2,1,0.0,0.0,5.0,12.5,False,moderate,,,0,0,0,0,0.0,False,0,0,2,0,0,0,0.0,False,2,0,0.0,2,0,0,False,0,10,0.0,2,0.0
220,IERC6372,,data/safe_contracts/openzeppelin-contracts/contracts/interfaces/IERC6372.sol,,openzeppelin,False,False,False,False,False,False,False,False,False,False,False,False,False,False,False,False,False,False,False,False,False,False,True,False,False,0,0,3,2,0,0,0,1,0,14,1,1,1.0,0,9,0.6428571428571429,0,0,0,0,3,0,0,0,0,2,1,0.0,0.0,3.0,4.5,False,simple,,,0,0,0,0,0.0,False,0,0,2,0,0,0,0.0,False,2,0,0.0,2,0,0,False,0,0,0.0,0,0.0
221,IERC1155MetadataURI,,data/safe_contracts/openzeppelin-contracts/contracts/interfaces/IERC1155MetadataURI.sol,,openzeppelin,False,False,False,False,False,False,False,False,False,False,False,False,False,False,False,False,False,False,False,False,False,False,True,True,False,0,0,6,1,0,0,0,1,0,4,3,1,1.0,0,2,0.5,0,0,2,0,6,0,0,0,0,2,1,0.0,0.0,6.0,18.0,False,moderate,,,0,0,0,0,0.0,False,0,0,1,0,0,0,0.0,False,1,0,0.0,1,0,0,False,0,1,0.0,1,0.0
222,Base64,,data/safe_contracts/openzeppelin-contracts/contracts/utils/Base64.sol,,openzeppelin,False,False,False,False,False,False,False,False,False,False,False,False,False,False,True,False,False,False,False,False,False,False,True,False,False,1,2,76,5,2,0,0,16,0,202,2,1,6.6,2,84,0.4158415841584158,0,1,0,0,6,73,0,3,0,5,2,0.0,0.0,96.0,1096.32,True,critical,,,127,133,17,47,1.047244094488189,True,5,33,5,10,0,2,0.16666666666666666,False,0,5,2.0,5,0,1,False,0,6,0.0,5,0.0
223,Create2,,data/safe_contracts/openzeppelin-contracts/contracts/utils/Create2.sol,,openzeppelin,False,False,False,False,False,False,False,False,False,False,False,False,False,False,True,False,False,False,False,False,False,False,True,False,False,0,0,31,3,4,0,0,9,0,83,3,1,3.6666666666666665,0,45,0.5421686746987951,0,2,0,0,16,15,0,0,0,3,2,0.0,0.0,31.0,273.83333333333337,True,critical,,,30,31,0,11,1.0333333333333334,False,1,11,3,11,0,4,0.26666666666666666,True,0,3,3.6666666666666665,9,0,1,False,2,8,0.5,3,0.0
224,Comparators,,data/safe_contracts/openzeppelin-contracts/contracts/utils/Comparators.sol,,openzeppelin,False,False,False,False,False,False,False,False,False,False,False,False,False,False,False,False,False,False,False,False,False,False,True,False,False,0,0,4,2,0,0,0,1,0,16,1,1,1.0,0,7,0.4375,0,0,0,0,2,2,0,0,0,2,1,0.0,0.0,4.0,6.8,False,moderate,,,4,2,0,1,0.5,False,2,2,2,0,0,0,0.0,False,0,2,0.0,2,0,0,False,0,4,0.0,2,0.0
225,Context,,data/safe_contracts/openzeppelin-contracts/contracts/utils/Context.sol,,openzeppelin,False,False,False,False,False,False,False,False,False,False,False,False,False,False,False,False,False,False,False,False,False,False,True,False,False,0,0,5,3,0,0,0,1,0,24,1,1,1.0,0,12,0.5,0,0,0,0,2,3,0,0,0,2,1,0.0,0.0,5.0,10.25,False,moderate,,,6,3,0,1,0.5,False,3,3,3,0,0,0,0.0,False,0,3,0.0,3,0,0,False,0,0,0.0,0,0.0
226,RelayedCall,,data/safe_contracts/openzeppelin-contracts/contracts/utils/RelayedCall.sol,,openzeppelin,False,False,False,True,False,False,False,False,False,False,False,False,False,False,True,False,False,False,False,False,False,False,True,False,False,0,0,10,6,2,0,0,5,1,121,1,1,1.6666666666666667,0,76,0.628099173553719,0,0,0,0,4,6,0,0,0,4,3,0.0,0.0,10.0,20.5,True,complex,,,33,29,0,18,0.8787878787878788,False,5,10,6,14,0,2,0.125,True,0,6,2.3333333333333335,9,0,1,False,1,13,1.0,5,0.0
227,NoncesKeyed,,data/safe_contracts/openzeppelin-contracts/contracts/utils/NoncesKeyed.sol,,openzeppelin,False,False,False,False,False,False,False,False,False,False,False,False,False,False,False,False,False,True,False,False,False,False,True,False,False,1,0,9,6,0,1,0,5,0,66,2,1,2.0,0,35,0.5303030303030303,0,0,1,0,4,6,0,1,0,3,2,0.0,0.0,19.0,51.93333333333333,False,complex,,,24,20,0,6,0.8333333333333334,False,6,12,6,10,1,0,0.0,True,1,5,1.6666666666666667,3,1,1,True,0,12,0.0,6,0.0
228,Nonces,,data/safe_contracts/openzeppelin-contracts/contracts/utils/Nonces.sol,,openzeppelin,False,False,False,False,False,False,False,False,False,False,False,False,False,False,False,False,False,False,False,False,False,False,True,False,False,0,0,4,3,0,1,0,3,0,41,1,1,1.6666666666666667,0,22,0.5365853658536586,0,0,0,0,2,2,0,0,0,2,1,0.0,0.0,4.0,6.8,False,moderate,,,9,7,0,3,0.7777777777777778,False,2,5,3,2,0,0,0.0,False,1,2,0.6666666666666666,3,1,1,True,0,4,0.0,3,0.0
229,StorageSlot,,data/safe_contracts/openzeppelin-contracts/contracts/utils/StorageSlot.sol,,openzeppelin,False,False,False,False,False,False,False,False,False,False,False,False,False,False,True,False,False,False,False,False,False,False,True,False,False,0,0,20,9,0,0,0,1,0,126,1,1,1.0,0,57,0.4523809523809524,0,0,0,0,11,9,0,0,0,3,2,0.0,0.0,20.0,115.33333333333334,False,complex,,,36,27,0,3,0.75,False,0,9,9,0,0,0,0.0,False,0,9,0.0,7,0,0,False,0,9,0.0,9,0.0
230,Pausable,,data/safe_contracts/openzeppelin-contracts/contracts/utils/Pausable.sol,,openzeppelin,False,False,False,False,False,False,False,False,False,False,False,False,False,False,False,False,False,False,False,False,False,False,True,False,False,0,0,10,5,0,1,2,3,0,98,2,1,1.8,0,60,0.6122448979591837,0,0,1,0,3,7,0,0,0,2,1,0.0,0.0,10.0,39.5,False,moderate,,,18,15,0,3,0.8333333333333334,False,1,9,5,8,0,0,0.0,False,1,4,1.6,6,1,0,True,0,0,0.0,0,0.0
235,SlotDerivation,,data/safe_contracts/openzeppelin-contracts/contracts/utils/SlotDerivation.sol,,openzeppelin,False,False,False,False,False,False,False,False,False,False,False,False,False,False,True,False,False,False,False,False,False,False,True,False,False,0,0,21,10,0,0,0,1,0,144,1,1,1.0,0,67,0.4652777777777778,0,0,0,0,11,10,0,0,0,3,2,0.0,0.0,21.0,126.0,True,complex,,,70,60,0,13,0.8571428571428571,False,1,10,10,21,0,0,0.0,False,0,10,2.1,4,0,0,False,0,18,0.0,10,0.0
236,Panic,,data/safe_contracts/openzeppelin-contracts/contracts/utils/Panic.sol,,openzeppelin,False,False,False,False,False,False,False,False,False,False,False,False,False,False,True,False,False,False,False,False,False,False,True,False,False,0,0,4,2,0,10,0,1,0,54,1,1,1.0,0,34,0.6296296296296297,0,0,0,0,3,1,0,0,0,3,2,0.0,0.0,4.0,4.933333333333334,False,moderate,,,16,14,0,9,0.875,False,0,2,2,2,0,0,0.0,False,0,2,1.0,3,10,0,False,0,1,0.0,1,0.0
237,ShortStrings,,data/safe_contracts/openzeppelin-contracts/contracts/utils/ShortStrings.sol,,openzeppelin,False,False,False,False,False,False,False,False,False,False,False,False,False,False,True,False,False,False,False,False,False,False,True,False,False,0,0,29,7,7,1,0,3,0,111,2,1,2.0,0,58,0.5225225225225225,0,1,0,0,13,16,0,0,0,4,2,0.0,0.0,29.0,175.45,True,critical,,,34,29,0,7,0.8529411764705882,False,9,14,7,7,0,7,0.5,False,0,7,1.0,4,1,6,True,0,9,0.0,6,0.0
238,ReentrancyGuard,,data/safe_contracts/openzeppelin-contracts/contracts/utils/ReentrancyGuard.sol,,openzeppelin,False,False,False,False,False,False,False,False,False,False,False,False,False,False,True,False,False,False,False,False,False,False,True,False,False,0,0,26,7,4,3,2,3,0,103,2,1,1.2857142857142858,0,63,0.6116504854368932,0,4,0,0,12,14,0,0,0,3,2,0.0,0.0,26.0,188.93333333333334,True,complex,,,18,12,0,2,0.6666666666666666,False,2,9,7,7,0,4,0.36363636363636365,False,0,7,1.0,3,3,0,True,0,0,0.0,0,0.0
240,Base58,,data/safe_contracts/openzeppelin-contracts/contracts/utils/Base58.sol,,openzeppelin,False,False,False,False,False,False,False,False,False,False,False,False,False,False,True,False,False,False,False,False,False,False,True,False,False,0,0,8,4,0,0,0,25,0,211,1,1,12.25,2,79,0.3744075829383886,0,0,0,0,4,4,0,0,0,3,2,0.0,0.0,8.0,18.133333333333333,False,moderate,,,145,156,15,45,1.0758620689655172,True,4,49,4,12,0,0,0.0,False,0,4,3.0,7,0,0,False,0,4,0.0,4,0.0
241,Errors,,data/safe_contracts/openzeppelin-contracts/contracts/utils/Errors.sol,,openzeppelin,False,False,False,False,False,False,False,False,False,False,False,False,False,False,False,False,False,False,False,False,False,False,True,False,False,0,0,2,0,0,0,0,0,0,29,1,1,0.0,0,22,0.7586206896551724,0,0,0,0,2,0,0,0,0,1,1,0.0,0.0,2.0,4.0,False,simple,,,0,0,0,0,0.0,False,0,0,0,0,0,0,0.0,False,0,0,0.0,0,0,0,False,0,0,0.0,0,0.0
242,Blockhash,,data/safe_contracts/openzeppelin-contracts/contracts/utils/Blockhash.sol,,openzeppelin,False,False,False,False,False,False,False,False,False,False,False,False,False,False,True,False,False,False,False,False,False,False,True,False,False,0,0,5,3,0,1,0,2,0,46,1,1,1.3333333333333333,0,26,0.5652173913043478,0,0,0,0,3,2,0,0,0,3,2,0.0,0.0,5.0,7.333333333333334,False,moderate,,,15,12,0,6,0.8,False,2,4,3,7,0,0,0.0,False,0,3,2.3333333333333335,7,1,0,True,0,2,0.0,2,0.0
243,Packing,,data/safe_contracts/openzeppelin-contracts/contracts/utils/Packing.sol,,openzeppelin,False,False,False,False,False,False,False,False,False,False,False,False,False,False,True,False,False,False,False,False,False,False,True,False,False,0,0,638,212,0,0,0,3,0,1442,1,1,1.7358490566037736,0,32,0.022191400832177532,0,0,0,0,426,212,0,0,0,4,2,0.0,0.0,638.0,91616.8,True,critical,,,1350,1216,0,5,0.9007407407407407,False,0,368,212,156,0,0,0.0,False,0,212,0.7358490566037735,57,0,0,False,0,502,0.0,212,0.0
246,Multicall,,data/safe_contracts/openzeppelin-contracts/contracts/utils/Multicall.sol,,openzeppelin,False,False,False,False,False,False,False,False,False,False,False,False,False,False,True,False,False,False,False,False,False,False,True,False,False,0,0,32,1,4,0,0,6,0,33,5,1,6.0,0,18,0.5454545454545454,0,1,1,0,16,16,0,0,0,3,2,0.0,0.0,32.0,290.1333333333333,True,critical,,,13,14,1,9,1.0769230769230769,False,1,6,1,2,1,4,0.6666666666666666,False,1,0,2.0,2,0,1,False,1,1,1.0,1,0.0
247,LowLevelCall,,data/safe_contracts/openzeppelin-contracts/contracts/utils/LowLevelCall.sol,,openzeppelin,False,False,False,False,False,False,False,False,False,False,False,False,False,False,True,False,False,False,False,False,False,False,True,False,False,0,0,24,12,0,0,0,1,0,114,1,1,1.0,0,31,0.2719298245614035,0,0,0,0,12,12,0,0,0,3,2,0.0,0.0,24.0,163.2,True,complex,,,56,44,0,6,0.7857142857142857,False,2,12,12,31,0,0,0.0,True,0,12,2.5833333333333335,9,0,0,False,0,19,0.0,9,0.0
249,Address,,data/safe_contracts/openzeppelin-contracts/contracts/utils/Address.sol,,openzeppelin,False,False,False,False,False,False,False,False,False,False,False,False,False,False,True,False,False,False,False,False,False,False,True,False,False,0,0,33,7,28,0,0,9,0,157,3,1,6.142857142857143,0,73,0.46496815286624205,0,17,0,0,14,19,0,0,0,3,2,0.0,0.0,33.0,300.29999999999995,True,critical,,,71,76,0,8,1.0704225352112675,False,7,43,7,19,0,28,0.5957446808510638,False,0,7,2.7142857142857144,5,0,6,False,26,16,0.23076923076923078,7,0.0
250,Calldata,,data/safe_contracts/openzeppelin-contracts/contracts/utils/Calldata.sol,,openzeppelin,False,False,False,False,False,False,False,False,False,False,False,False,False,False,True,False,False,False,False,False,False,False,True,False,False,0,0,6,2,0,0,0,1,0,22,1,1,1.0,0,7,0.3181818181818182,0,0,0,0,4,2,0,0,0,3,2,0.0,0.0,6.0,10.8,False,moderate,,,10,8,0,4,0.8,False,0,2,2,0,0,0,0.0,False,0,2,0.0,2,0,0,False,0,0,0.0,0,0.0
252,Clones,,data/safe_contracts/openzeppelin-contracts/contracts/proxy/Clones.sol,,openzeppelin,False,False,False,False,False,False,False,False,False,False,False,False,False,False,True,False,False,False,False,False,False,False,True,False,False,0,0,53,14,10,0,0,5,0,277,4,1,2.0,0,140,0.5054151624548736,0,2,0,0,22,31,0,0,0,4,2,0.0,0.0,53.0,579.025,True,critical,,,76,69,0,11,0.9078947368421053,False,10,28,14,33,0,10,0.23255813953488372,True,0,14,2.357142857142857,13,0,7,False,0,35,0.0,14,0.0
253,Proxy,,data/safe_contracts/openzeppelin-contracts/contracts/proxy/Proxy.sol,,openzeppelin,False,False,False,False,False,False,False,False,False,False,False,False,False,False,True,True,False,False,False,False,False,False,True,False,False,0,1,4,4,0,0,0,3,0,61,1,1,1.5,0,37,0.6065573770491803,1,0,0,0,5,0,0,1,0,4,2,0.0,0.0,9.0,11.25,False,moderate,,,17,15,0,11,0.8823529411764706,False,0,5,4,11,3,0,0.0,False,1,3,2.75,9,0,0,False,0,1,0.0,1,0.0
254,VestingWallet,,data/safe_contracts/openzeppelin-contracts/contracts/finance/VestingWallet.sol,,openzeppelin,False,False,True,False,False,False,False,False,False,False,False,False,False,False,True,False,False,False,False,False,False,False,True,True,False,0,0,56,14,3,4,0,3,0,142,10,1,1.1428571428571428,0,75,0.528169014084507,2,2,2,0,27,29,0,0,0,5,3,0.0,0.0,56.0,529.76,True,critical,,,39,25,0,4,0.6410256410256411,False,12,16,14,19,4,3,0.13636363636363635,True,13,1,1.3571428571428572,6,4,3,True,2,11,1.5,7,0.0
255,VestingWalletCliff,,data/safe_contracts/openzeppelin-contracts/contracts/finance/VestingWalletCliff.sol,,openzeppelin,False,False,True,False,False,False,False,False,False,False,False,False,False,False,True,False,False,False,False,False,False,False,True,True,False,0,0,125,3,2,1,0,3,0,46,12,1,2.0,0,23,0.5,0,1,3,0,30,95,0,0,0,5,3,0.0,0.0,125.0,2412.5,True,critical,,,11,9,0,3,0.8181818181818182,False,3,6,3,5,0,2,0.2857142857142857,True,1,2,1.6666666666666667,4,1,1,True,0,3,0.0,2,0.0
256,IAccessControlEnumerable,,data/safe_contracts/openzeppelin-contracts/contracts/access/extensions/IAccessControlEnumerable.sol,,openzeppelin,False,False,False,False,False,False,False,False,False,False,False,False,False,False,False,False,False,False,False,False,False,False,True,False,False,0,0,3,2,0,0,0,1,0,27,2,1,1.0,0,21,0.7777777777777778,0,0,1,0,3,0,0,0,0,1,1,0.0,0.0,3.0,9.0,False,simple,,,0,0,0,0,0.0,False,0,0,2,0,0,0,0.0,False,2,0,0.0,2,0,0,False,0,3,0.0,2,0.0
257,IAccessControlDefaultAdminRules,,data/safe_contracts/openzeppelin-contracts/contracts/access/extensions/IAccessControlDefaultAdminRules.sol,,openzeppelin,False,False,False,False,False,False,False,False,False,False,False,False,False,False,False,False,False,False,False,False,False,False,True,False,False,0,0,3,10,0,0,0,1,0,173,2,1,1.0,0,152,0.8786127167630058,0,0,1,0,3,0,0,0,0,1,1,0.0,0.0,3.0,9.0,False,simple,,,0,0,0,0,0.0,False,0,0,10,0,0,0,0.0,False,10,0,0.0,10,0,0,False,0,2,0.0,2,0.0
259,AccessControlDefaultAdminRules,,data/safe_contracts/openzeppelin-contracts/contracts/access/extensions/AccessControlDefaultAdminRules.sol,,openzeppelin,False,False,True,False,False,False,False,False,False,False,False,False,False,False,True,False,False,False,False,False,False,False,True,True,False,1,9,137,30,3,6,0,5,0,327,11,1,2.033333333333333,0,161,0.4923547400611621,0,3,3,0,25,122,0,10,0,8,3,0.0,0.0,192.0,2649.6,True,critical,,,135,119,0,9,0.8814814814814815,False,15,61,30,57,3,3,0.05,True,15,15,1.9,12,6,9,True,0,26,0.0,17,0.0
260,AccessManaged,,data/safe_contracts/openzeppelin-contracts/contracts/access/manager/AccessManaged.sol,,openzeppelin,False,False,False,False,False,True,False,False,False,False,False,False,False,False,True,False,False,False,False,False,False,False,True,True,False,0,0,14,6,2,2,1,5,0,101,6,1,2.5,0,48,0.4752475247524752,0,1,1,0,9,5,0,0,0,5,3,0.0,0.0,14.0,35.0,True,complex,,,32,30,0,8,0.9375,False,3,15,6,9,1,2,0.18181818181818182,False,3,3,1.5,7,2,2,True,2,5,1.0,4,0.0
261,AccessManager,,data/safe_contracts/openzeppelin-contracts/contracts/access/manager/AccessManager.sol,,openzeppelin,False,False,True,False,False,False,False,False,False,False,False,False,True,False,True,False,False,False,False,False,False,True,True,True,False,1,12,153,49,21,6,1,9,0,633,13,1,2.4693877551020407,0,236,0.37282780410742494,1,16,1,0,38,128,0,13,0,10,5,0.0,0.0,223.0,2845.4799999999996,True,critical,,,297,271,1,17,0.9124579124579124,False,42,121,49,94,4,21,0.1826086956521739,False,30,19,1.9183673469387754,32,6,23,True,2,87,11.5,45,0.0
262,IAccessManager,,data/safe_contracts/openzeppelin-contracts/contracts/access/manager/IAccessManager.sol,,openzeppelin,False,False,False,False,False,False,False,False,False,False,False,False,False,False,False,False,False,False,False,False,False,False,True,False,False,0,0,2,29,0,0,0,1,0,360,1,1,1.0,0,287,0.7972222222222223,1,0,0,0,2,0,0,0,0,1,1,0.0,0.0,2.0,4.0,False,simple,,,0,0,0,0,0.0,False,0,0,29,0,0,0,0.0,False,29,0,0.0,29,0,0,False,0,53,0.0,27,0.0
263,AuthorityUtils,,data/safe_contracts/openzeppelin-contracts/contracts/access/manager/AuthorityUtils.sol,,openzeppelin,False,False,False,False,False,False,False,False,False,False,False,False,False,False,True,False,False,False,False,False,False,False,True,True,False,0,0,6,1,1,0,0,3,0,30,2,1,3.0,0,9,0.3,0,0,0,0,5,1,0,0,0,4,2,0.0,0.0,6.0,8.55,False,moderate,,,11,11,0,8,1.0,False,0,3,1,5,0,1,0.16666666666666666,False,0,1,5.0,5,0,1,False,1,4,1.0,1,0.0
264,IAccessManaged,,data/safe_contracts/openzeppelin-contracts/contracts/access/manager/IAccessManaged.sol,,openzeppelin,False,False,False,False,False,False,False,False,False,False,False,False,False,False,False,False,False,False,False,False,False,False,True,False,False,0,0,2,3,0,0,0,1,0,26,1,1,1.0,0,16,0.6153846153846154,0,0,0,0,2,0,0,0,0,1,1,0.0,0.0,2.0,4.0,False,simple,,,0,0,0,0,0.0,False,0,0,3,0,0,0,0.0,False,3,0,0.0,3,0,0,False,0,1,0.0,1,0.0
265,IAuthority,,data/safe_contracts/openzeppelin-contracts/contracts/access/manager/IAuthority.sol,,openzeppelin,False,False,False,False,False,False,False,False,False,False,False,False,False,False,False,False,False,False,False,False,False,False,True,False,False,0,0,2,1,0,0,0,1,0,12,1,1,1.0,0,8,0.6666666666666666,0,0,0,0,2,0,0,0,0,1,1,0.0,0.0,2.0,4.0,False,simple,,,0,0,0,0,0.0,False,0,0,1,0,0,0,0.0,False,1,0,0.0,1,0,0,False,0,3,0.0,1,0.0
283,ERC7786RecipientMock,,data/safe_contracts/openzeppelin-contracts/contracts/mocks/crosschain/ERC7786RecipientMock.sol,,openzeppelin,False,False,False,False,False,False,False,False,False,False,False,False,False,False,False,True,False,False,False,False,False,False,True,True,False,0,1,9,3,0,1,0,1,0,24,5,1,1.0,0,2,0.08333333333333333,0,0,2,0,7,3,0,1,0,5,2,0.0,0.0,14.0,25.480000000000004,False,moderate,,,6,3,0,1,0.5,False,1,3,3,0,0,0,0.0,False,1,2,0.0,3,1,1,True,0,7,0.0,3,0.0
284,ERC1363NoReturnMock,,data/safe_contracts/openzeppelin-contracts/contracts/mocks/token/ERC1363NoReturnMock.sol,,openzeppelin,False,False,False,False,False,False,False,False,False,False,False,False,False,False,True,False,False,False,False,False,False,False,True,True,False,0,0,26,3,0,0,0,1,0,28,15,1,1.0,0,1,0.03571428571428571,0,0,3,0,22,4,0,0,0,4,2,0.0,0.0,26.0,161.2,True,complex,,,15,12,0,4,0.8,False,0,3,3,6,1,0,0.0,True,3,0,2.0,1,0,0,False,0,10,0.0,3,0.0
285,ERC20ApprovalMock,,data/safe_contracts/openzeppelin-contracts/contracts/mocks/token/ERC20ApprovalMock.sol,,openzeppelin,False,False,False,False,False,False,False,False,False,False,False,False,False,False,False,False,False,False,False,False,False,False,True,True,False,0,0,12,1,0,0,0,1,0,8,8,1,1.0,0,1,0.125,0,0,2,0,8,4,0,0,0,3,1,0.0,0.0,12.0,43.2,False,moderate,,,2,1,0,1,0.5,False,0,1,1,1,0,0,0.0,True,0,1,1.0,0,0,0,False,0,4,0.0,1,0.0
286,ERC20ExcessDecimalsMock,,data/safe_contracts/openzeppelin-contracts/contracts/mocks/token/ERC20ExcessDecimalsMock.sol,,openzeppelin,False,False,False,False,False,False,False,False,False,False,False,False,False,False,False,False,False,False,False,False,False,False,True,False,False,0,0,2,1,0,0,0,1,0,7,1,1,1.0,0,1,0.14285714285714285,0,0,0,0,2,0,0,0,0,1,1,0.0,0.0,2.0,4.0,False,simple,,,2,1,0,1,0.5,False,1,1,1,0,0,0,0.0,False,1,0,0.0,1,0,0,False,0,0,0.0,0,0.0
287,ERC1155ReceiverMock,,data/safe_contracts/openzeppelin-contracts/contracts/mocks/token/ERC1155ReceiverMock.sol,,openzeppelin,False,False,False,False,False,False,False,False,False,False,False,False,False,False,False,False,False,False,False,False,False,False,True,True,False,0,0,8,3,0,3,0,9,0,64,4,1,6.333333333333333,0,1,0.015625,0,0,2,0,8,0,0,0,0,3,1,0.0,0.0,8.0,21.333333333333332,False,moderate,,,36,41,0,6,1.1388888888888888,False,2,19,3,8,1,0,0.0,False,3,0,2.6666666666666665,5,3,1,True,0,13,0.0,3,0.0
289,ERC20MulticallMock,,data/safe_contracts/openzeppelin-contracts/contracts/mocks/token/ERC20MulticallMock.sol,,openzeppelin,False,False,False,False,False,False,False,False,False,False,False,False,False,False,True,False,False,False,False,False,False,False,True,True,False,0,0,40,0,0,0,0,0,0,5,12,1,0.0,0,1,0.2,0,0,2,0,22,18,0,0,0,4,2,0.0,0.0,40.0,346.0,True,critical,,,0,0,0,0,0.0,False,0,0,0,0,0,0,0.0,False,0,0,0.0,0,0,0,False,0,0,0.0,0,0.0
291,ERC20ForceApproveMock,,data/safe_contracts/openzeppelin-contracts/contracts/mocks/token/ERC20ForceApproveMock.sol,,openzeppelin,False,False,False,False,False,False,False,False,False,False,False,False,False,False,False,False,False,False,False,False,False,False,True,True,False,0,0,12,1,0,0,0,1,0,10,8,1,1.0,0,2,0.2,0,0,2,0,8,4,0,0,0,3,1,0.0,0.0,12.0,43.2,False,moderate,,,3,2,0,2,0.6666666666666666,False,1,1,1,3,1,0,0.0,True,1,0,3.0,2,0,0,False,0,2,0.0,1,0.0
293,ERC20NoReturnMock,,data/safe_contracts/openzeppelin-contracts/contracts/mocks/token/ERC20NoReturnMock.sol,,openzeppelin,False,False,False,False,False,False,False,False,False,False,False,False,False,False,True,False,False,False,False,False,False,False,True,True,False,0,0,15,3,0,0,0,1,0,25,8,1,1.0,0,3,0.12,0,0,2,0,11,4,0,0,0,4,2,0.0,0.0,15.0,51.75,False,complex,,,15,12,0,4,0.8,False,0,3,3,6,1,0,0.0,True,3,0,2.0,1,0,0,False,0,7,0.0,3,0.0
295,ERC1363ReturnFalseMock,,data/safe_contracts/openzeppelin-contracts/contracts/mocks/token/ERC1363ReturnFalseMock.sol,,openzeppelin,False,False,False,False,False,False,False,False,False,False,False,False,False,False,True,False,False,False,False,False,False,False,True,True,False,0,0,23,3,0,0,0,1,0,26,16,1,1.0,0,1,0.038461538461538464,0,0,3,0,19,4,0,0,0,4,2,0.0,0.0,23.0,125.35,True,complex,,,6,3,0,1,0.5,False,3,3,3,0,0,0,0.0,False,3,0,0.0,3,0,0,False,0,10,0.0,3,0.0
296,ERC20BridgeableMock,,data/safe_contracts/openzeppelin-contracts/contracts/mocks/token/ERC20BridgeableMock.sol,,openzeppelin,False,False,False,False,False,False,False,False,False,False,False,False,False,False,False,False,False,False,False,False,False,False,True,True,False,0,0,16,4,0,1,0,3,0,22,12,1,1.5,0,1,0.045454545454545456,0,0,3,0,13,3,0,0,0,3,1,0.0,0.0,16.0,80.53333333333333,False,complex,,,11,8,0,2,0.7272727272727273,False,0,6,4,3,1,0,0.0,False,1,3,0.75,3,1,1,True,0,3,0.0,3,0.0
297,ERC20DecimalsMock,,data/safe_contracts/openzeppelin-contracts/contracts/mocks/token/ERC20DecimalsMock.sol,,openzeppelin,False,False,False,False,False,False,False,False,False,False,False,False,False,False,False,False,False,False,False,False,False,False,True,True,False,0,0,12,2,0,1,0,1,0,12,8,1,1.0,0,1,0.08333333333333333,0,0,2,0,8,4,0,0,0,3,1,0.0,0.0,12.0,43.2,False,moderate,,,4,2,0,1,0.5,False,1,2,2,0,0,0,0.0,False,1,1,0.0,2,1,1,True,0,1,0.0,1,0.0
298,ERC1363SpenderMock,,data/safe_contracts/openzeppelin-contracts/contracts/mocks/token/ERC1363SpenderMock.sol,,openzeppelin,False,False,False,False,False,False,False,False,False,False,False,False,False,False,False,False,False,False,False,False,False,False,True,True,False,0,0,5,3,0,2,0,9,0,38,2,1,3.6666666666666665,0,1,0.02631578947368421,0,0,1,0,5,0,0,0,0,3,1,0.0,0.0,5.0,8.333333333333334,False,moderate,,,22,23,0,6,1.0454545454545454,False,1,11,3,3,1,0,0.0,False,3,0,1.0,5,2,1,True,0,5,0.0,2,0.0
300,ERC20Mock,,data/safe_contracts/openzeppelin-contracts/contracts/mocks/token/ERC20Mock.sol,,openzeppelin,False,False,False,False,False,False,False,False,False,False,False,False,False,False,False,False,False,False,False,False,False,False,True,True,False,0,0,10,3,0,0,0,1,0,12,8,1,1.0,0,1,0.08333333333333333,0,0,2,0,8,2,0,0,0,3,1,0.0,0.0,10.0,31.333333333333336,False,moderate,,,6,3,0,1,0.5,False,0,3,3,3,1,0,0.0,True,3,0,1.0,2,0,0,False,0,4,0.0,2,0.0
301,ERC721ReceiverMock,,data/safe_contracts/openzeppelin-contracts/contracts/mocks/token/ERC721ReceiverMock.sol,,openzeppelin,False,False,False,False,False,False,False,False,False,False,False,False,False,False,False,False,False,False,False,False,False,False,True,True,False,0,0,5,2,0,2,0,9,0,39,2,1,5.0,0,1,0.02564102564102564,0,0,1,0,5,0,0,0,0,3,1,0.0,0.0,5.0,8.333333333333334,False,moderate,,,19,21,0,6,1.105263157894737,False,1,10,2,4,1,0,0.0,False,2,0,2.0,5,2,1,True,0,6,0.0,2,0.0
304,ERC1363ForceApproveMock,,data/safe_contracts/openzeppelin-contracts/contracts/mocks/token/ERC1363ForceApproveMock.sol,,openzeppelin,False,False,False,False,False,False,False,False,False,False,False,False,False,False,True,False,False,False,False,False,False,False,True,True,False,0,0,23,1,0,0,0,1,0,10,15,1,1.0,0,2,0.2,0,0,3,0,19,4,0,0,0,4,2,0.0,0.0,23.0,125.35,True,complex,,,3,2,0,2,0.6666666666666666,False,1,1,1,3,1,0,0.0,True,1,0,3.0,2,0,0,False,0,3,0.0,1,0.0
306,ERC20Reentrant,,data/safe_contracts/openzeppelin-contracts/contracts/mocks/token/ERC20Reentrant.sol,,openzeppelin,False,False,False,False,False,False,False,False,False,False,False,False,False,False,True,False,False,False,False,False,False,False,True,True,False,0,0,39,3,1,3,0,5,0,33,11,1,2.3333333333333335,0,1,0.030303030303030304,0,1,2,0,21,18,0,0,0,5,2,0.0,0.0,39.0,262.08,True,critical,,,16,15,0,6,0.9375,False,1,7,3,2,0,1,0.3333333333333333,True,2,1,0.6666666666666666,2,3,3,True,1,8,3.0,3,0.0
307,ERC1363ReceiverMock,,data/safe_contracts/openzeppelin-contracts/contracts/mocks/token/ERC1363ReceiverMock.sol,,openzeppelin,False,False,False,False,False,False,False,False,False,False,False,False,False,False,False,False,False,False,False,False,False,False,True,True,False,0,0,5,3,0,2,0,9,0,43,2,1,3.6666666666666665,0,1,0.023255813953488372,0,0,1,0,5,0,0,0,0,3,1,0.0,0.0,5.0,8.333333333333334,False,moderate,,,22,23,0,6,1.0454545454545454,False,1,11,3,3,1,0,0.0,False,3,0,1.0,5,2,1,True,0,6,0.0,2,0.0
309,ERC20FlashMintMock,,data/safe_contracts/openzeppelin-contracts/contracts/mocks/token/ERC20FlashMintMock.sol,,openzeppelin,False,False,False,False,False,True,True,False,False,False,False,False,False,False,False,False,False,False,False,False,False,False,True,True,False,0,0,18,4,0,2,0,1,0,19,11,1,1.0,0,1,0.05263157894736842,0,0,2,0,11,7,0,0,0,6,2,0.0,0.0,18.0,47.7,False,complex,,,8,4,0,1,0.5,False,2,4,4,0,0,0,0.0,False,2,2,0.0,4,2,2,True,0,4,0.0,3,0.0
311,ERC20ReturnFalseMock,,data/safe_contracts/openzeppelin-contracts/contracts/mocks/token/ERC20ReturnFalseMock.sol,,openzeppelin,False,False,False,False,False,False,False,False,False,False,False,False,False,False,False,False,False,False,False,False,False,False,True,True,False,0,0,18,3,0,0,0,1,0,14,8,1,1.0,0,1,0.07142857142857142,0,0,2,0,8,10,0,0,0,3,1,0.0,0.0,18.0,90.0,False,complex,,,6,3,0,1,0.5,False,3,3,3,0,0,0,0.0,False,3,0,0.0,3,0,0,False,0,7,0.0,3,0.0
312,ERC20GetterHelper,,data/safe_contracts/openzeppelin-contracts/contracts/mocks/token/ERC20GetterHelper.sol,,openzeppelin,False,False,False,False,False,False,False,False,False,False,False,False,False,False,False,False,False,False,False,False,False,False,True,True,False,0,0,5,6,6,0,0,1,0,30,3,1,1.0,0,1,0.03333333333333333,0,0,0,0,5,0,0,0,0,2,1,0.0,0.0,5.0,12.5,False,moderate,,,12,6,0,1,0.5,False,0,6,6,0,0,6,1.0,False,6,0,0.0,6,0,6,False,0,9,0.0,6,0.0
313,UUPSUpgradeableMock,,data/safe_contracts/openzeppelin-contracts/contracts/mocks/proxy/UUPSUpgradeableMock.sol,,openzeppelin,False,False,False,False,False,False,False,False,False,False,False,False,False,False,True,False,False,False,False,False,False,True,True,True,False,0,2,65,2,0,0,0,1,0,27,13,1,1.0,0,2,0.07407407407407407,0,0,2,0,33,34,0,2,0,7,3,0.0,0.0,75.0,608.5714285714286,True,critical,,,2,0,0,0,0.0,False,0,2,2,0,0,0,0.0,False,0,2,0.0,2,0,0,False,0,1,0.0,1,0.0
314,BadBeacon,,data/safe_contracts/openzeppelin-contracts/contracts/mocks/proxy/BadBeacon.sol,,openzeppelin,False,False,False,False,False,False,False,False,False,False,False,False,False,False,False,False,False,False,False,False,False,False,True,False,False,0,0,2,0,0,0,0,0,0,0,1,0,0.0,0,0,0.0,0,0,0,0,2,0,0,0,0,1,1,0.0,0.0,2.0,4.0,False,simple,,,0,0,0,0,0.0,False,0,0,0,0,0,0,0.0,False,0,0,0.0,0,0,0,False,0,0,0.0,0,0.0
315,ClashingImplementation,,data/safe_contracts/openzeppelin-contracts/contracts/mocks/proxy/ClashingImplementation.sol,,openzeppelin,False,False,False,False,False,False,False,False,False,False,False,False,False,False,False,True,False,False,False,False,False,False,True,False,False,0,1,2,2,0,0,0,1,0,15,1,1,1.0,0,5,0.3333333333333333,1,0,0,0,3,0,0,1,0,2,2,0.0,0.0,7.0,10.5,False,moderate,,,4,2,0,1,0.5,False,1,2,2,0,0,0,0.0,False,2,0,0.0,2,0,0,False,0,2,0.0,1,0.0
316,ERC1967ProxyUnsafe,,data/safe_contracts/openzeppelin-contracts/contracts/mocks/proxy/ERC1967ProxyUnsafe.sol,,openzeppelin,False,False,False,False,False,False,False,False,False,False,False,False,False,False,True,False,False,False,False,False,False,True,True,True,False,0,2,61,2,0,0,0,1,0,9,10,1,1.0,0,1,0.1111111111111111,1,0,2,0,32,31,0,2,0,5,3,0.0,0.0,71.0,762.54,True,critical,,,4,2,0,1,0.5,False,1,2,2,1,0,0,0.0,True,1,1,0.5,1,0,0,False,0,2,0.0,1,0.0
317,CompTimelock,,data/safe_contracts/openzeppelin-contracts/contracts/mocks/compound/CompTimelock.sol,,openzeppelin,False,False,True,True,False,False,True,False,False,False,False,False,False,False,False,False,False,False,False,False,False,False,True,False,False,0,0,9,10,5,7,0,3,1,145,1,1,1.2,0,27,0.18620689655172415,2,0,0,0,3,6,0,0,0,5,4,0.0,0.0,9.0,12.96,True,complex,,,56,47,0,16,0.8392857142857143,False,3,12,10,16,1,5,0.23809523809523808,False,8,2,1.6,7,7,6,True,1,19,6.0,6,0.0
318,ERC20WithAutoMinerReward,,data/safe_contracts/openzeppelin-contracts/contracts/mocks/docs/ERC20WithAutoMinerReward.sol,,openzeppelin,False,False,False,False,False,False,False,False,False,False,False,False,False,False,False,False,False,False,False,False,False,False,True,True,False,0,0,11,3,0,0,0,3,0,17,8,1,1.6666666666666667,0,1,0.058823529411764705,0,0,2,0,8,3,0,0,0,3,1,0.0,0.0,11.0,37.03333333333333,False,moderate,,,10,8,0,3,0.8,False,0,5,3,5,2,0,0.0,True,1,2,1.6666666666666667,1,0,0,False,0,3,0.0,1,0.0
323,ERC7579UtilsMock,,data/safe_contracts/openzeppelin-contracts/contracts/mocks/account/utils/ERC7579UtilsMock.sol,,openzeppelin,False,False,False,True,False,False,True,False,False,False,False,False,False,False,True,False,False,False,False,False,False,True,True,True,False,0,1,704,0,0,0,0,0,0,0,1,0,0.0,0,0,0.0,0,0,0,0,447,258,0,1,0,9,5,0.0,0.0,709.0,49440.933333333334,True,critical,,,0,0,0,0,0.0,False,0,0,0,0,0,0,0.0,False,0,0,0.0,0,0,0,False,0,0,0.0,0,0.0
329,MyFactoryAccount,,data/safe_contracts/openzeppelin-contracts/contracts/mocks/docs/account/MyFactoryAccount.sol,,openzeppelin,False,False,False,False,False,False,False,False,False,False,False,False,False,False,True,False,False,False,False,False,False,True,True,False,False,0,2,53,3,3,1,0,3,0,30,6,1,1.6666666666666667,0,7,0.23333333333333334,0,3,0,0,24,31,0,2,0,5,3,0.0,0.0,63.0,575.8199999999999,True,critical,,,12,10,0,4,0.8333333333333334,False,2,5,3,6,1,3,0.3333333333333333,False,3,0,2.0,3,1,3,True,3,3,1.0,3,0.0
330,MyAccountEIP7702,,data/safe_contracts/openzeppelin-contracts/contracts/mocks/docs/account/MyAccountEIP7702.sol,,openzeppelin,False,False,True,True,False,False,True,False,False,False,False,False,False,False,True,False,False,False,False,False,True,True,True,True,False,1,14,865,1,0,0,0,1,0,18,37,1,1.0,0,3,0.16666666666666666,0,0,3,0,485,395,0,15,0,14,6,0.0,0.0,945.0,51401.25,True,critical,,,2,1,0,1,0.5,False,1,1,1,2,0,0,0.0,True,0,1,2.0,1,0,0,False,0,3,0.0,1,0.0
331,AccessManagedERC20MintBase,,data/safe_contracts/openzeppelin-contracts/contracts/mocks/docs/access-control/AccessManagedERC20MintBase.sol,,openzeppelin,False,False,False,False,False,True,True,False,False,False,False,False,False,False,True,False,False,False,False,False,False,False,True,True,False,0,0,19,0,0,0,0,0,0,0,1,0,0.0,0,0,0.0,0,0,0,0,14,5,0,0,0,6,3,0.0,0.0,19.0,55.41666666666666,True,complex,,,0,0,0,0,0.0,False,0,0,0,0,0,0,0.0,False,0,0,0.0,0,0,0,False,0,0,0.0,0,0.0
332,AccessControlERC20MintMissing,,data/safe_contracts/openzeppelin-contracts/contracts/mocks/docs/access-control/AccessControlERC20MintMissing.sol,,openzeppelin,False,False,False,False,False,False,False,False,False,False,False,False,False,False,False,False,False,False,False,False,False,False,True,True,False,0,0,15,4,0,2,0,1,0,19,12,1,1.0,0,3,0.15789473684210525,0,0,3,0,12,3,0,0,0,3,1,0.0,0.0,15.0,70.5,False,complex,,,12,8,0,2,0.6666666666666666,False,0,4,4,7,1,0,0.0,True,3,1,1.75,5,2,0,True,0,4,0.0,2,0.0
333,AccessControlERC20MintBase,,data/safe_contracts/openzeppelin-contracts/contracts/mocks/docs/access-control/AccessControlERC20MintBase.sol,,openzeppelin,False,False,False,False,False,False,False,False,False,False,False,False,False,False,False,False,False,False,False,False,False,False,True,True,False,0,0,16,3,0,1,0,3,0,20,12,1,1.6666666666666667,0,4,0.2,0,0,3,0,12,4,0,0,0,3,1,0.0,0.0,16.0,78.93333333333334,False,complex,,,10,8,0,3,0.8,False,0,5,3,6,1,0,0.0,True,2,1,2.0,5,1,0,True,0,3,0.0,2,0.0
334,AccessControlERC20MintOnlyRole,,data/safe_contracts/openzeppelin-contracts/contracts/mocks/docs/access-control/AccessControlERC20MintOnlyRole.sol,,openzeppelin,False,False,False,False,False,False,False,False,False,False,False,False,False,False,False,False,False,False,False,False,False,False,True,True,False,0,0,15,0,0,0,0,0,0,0,1,0,0.0,0,0,0.0,0,0,0,0,12,3,0,0,0,3,1,0.0,0.0,15.0,70.5,False,complex,,,0,0,0,0,0.0,False,0,0,0,0,0,0,0.0,False,0,0,0.0,0,0,0,False,0,0,0.0,0,0.0
335,AccessControlModified,,data/safe_contracts/openzeppelin-contracts/contracts/mocks/docs/access-control/AccessControlModified.sol,,openzeppelin,False,False,False,False,False,False,False,False,False,False,False,False,False,False,False,False,False,False,False,False,False,False,True,True,False,0,0,11,2,0,0,0,1,0,11,6,1,1.0,0,3,0.2727272727272727,0,0,3,0,8,3,0,0,0,3,1,0.0,0.0,11.0,37.03333333333333,False,moderate,,,3,1,0,1,0.3333333333333333,False,0,2,2,1,1,0,0.0,False,1,1,0.5,2,0,0,False,0,2,0.0,1,0.0
336,MyContractOwnable,,data/safe_contracts/openzeppelin-contracts/contracts/mocks/docs/access-control/MyContractOwnable.sol,,openzeppelin,False,False,False,False,False,False,False,False,False,False,False,False,False,False,False,False,False,False,False,False,False,False,True,False,False,0,0,6,0,0,0,0,0,0,0,1,0,0.0,0,0,0.0,0,0,0,0,4,2,0,0,0,2,1,0.0,0.0,6.0,16.2,False,moderate,,,0,0,0,0,0.0,False,0,0,0,0,0,0,0.0,False,0,0,0.0,0,0,0,False,0,0,0.0,0,0.0
338,Multicall,,data/safe_contracts/openzeppelin-contracts/contracts/mocks/docs/utilities/Multicall.sol,,openzeppelin,False,False,False,False,False,False,False,False,False,False,False,False,False,False,True,False,False,False,False,False,False,False,True,False,False,0,0,33,1,4,0,0,6,0,12,6,1,6.0,0,4,0.3333333333333333,0,1,1,0,17,16,0,0,0,3,2,0.0,0.0,33.0,310.2,True,critical,,,13,14,1,9,1.0769230769230769,False,1,6,1,2,1,4,0.6666666666666666,False,1,0,2.0,2,0,1,False,1,1,1.0,1,0.0
339,ERC6909GameItems,,data/safe_contracts/openzeppelin-contracts/contracts/mocks/docs/token/ERC6909/ERC6909GameItems.sol,,openzeppelin,False,False,False,False,False,False,False,False,False,False,False,False,False,False,False,False,False,False,False,False,False,False,True,True,False,0,0,14,2,0,5,0,1,0,22,10,1,1.0,0,2,0.09090909090909091,0,0,4,0,9,5,0,0,0,3,1,0.0,0.0,14.0,58.333333333333336,False,complex,,,15,13,0,9,0.8666666666666667,False,0,2,2,2,1,0,0.0,False,1,1,1.0,3,5,0,True,0,0,0.0,0,0.0
341,GLDToken,,data/safe_contracts/openzeppelin-contracts/contracts/mocks/docs/token/ERC20/GLDToken.sol,,openzeppelin,False,False,False,False,False,False,False,False,False,False,False,False,False,False,False,False,False,False,False,False,False,False,True,True,False,0,0,11,1,0,0,0,1,0,9,8,1,1.0,0,2,0.2222222222222222,0,0,2,0,8,3,0,0,0,3,1,0.0,0.0,11.0,37.03333333333333,False,moderate,,,3,2,0,2,0.6666666666666666,False,0,1,1,2,1,0,0.0,True,1,0,2.0,1,0,0,False,0,1,0.0,1,0.0
343,MyERC115HolderContract,,data/safe_contracts/openzeppelin-contracts/contracts/mocks/docs/token/ERC1155/MyERC115HolderContract.sol,,openzeppelin,False,False,False,False,False,False,False,False,False,False,False,False,False,False,False,False,False,False,False,False,False,False,True,True,False,0,0,7,0,0,0,0,0,0,5,5,1,0.0,0,2,0.4,0,0,3,0,7,0,0,0,0,2,1,0.0,0.0,7.0,24.5,False,moderate,,,0,0,0,0,0.0,False,0,0,0,0,0,0,0.0,False,0,0,0.0,0,0,0,False,0,0,0.0,0,0.0
346,IVotes,,data/safe_contracts/openzeppelin-contracts/contracts/governance/utils/IVotes.sol,,openzeppelin,False,False,False,False,False,False,False,False,False,False,False,False,False,False,False,False,False,False,False,False,False,False,True,False,False,0,0,2,6,0,0,0,1,0,50,1,1,1.0,0,38,0.76,0,0,0,0,2,0,0,0,0,1,1,0.0,0.0,2.0,4.0,False,simple,,,0,0,0,0,0.0,False,0,0,6,0,0,0,0.0,False,6,0,0.0,6,0,0,False,0,12,0.0,6,0.0
363,EIP7702Utils,,data/safe_contracts/openzeppelin-contracts/contracts/account/utils/EIP7702Utils.sol,,openzeppelin,False,False,False,False,False,False,False,False,False,False,False,False,False,False,False,False,False,False,False,False,False,False,True,False,False,0,0,3,2,0,1,0,2,0,18,1,1,1.5,0,10,0.5555555555555556,0,0,0,0,2,1,0,0,0,2,1,0.0,0.0,3.0,4.05,False,simple,,,6,4,0,3,0.6666666666666666,False,2,3,2,1,0,0,0.0,False,0,2,0.5,2,1,0,True,0,1,0.0,1,0.0
367,ERC6909,,data/safe_contracts/openzeppelin-contracts/contracts/token/ERC6909/ERC6909.sol,,openzeppelin,False,False,False,False,False,False,False,False,False,False,False,False,False,False,False,False,False,False,False,False,False,False,True,True,False,0,0,11,15,0,3,0,7,0,201,8,1,2.8666666666666667,0,81,0.40298507462686567,0,0,2,0,7,4,0,0,0,3,1,0.0,0.0,11.0,35.93333333333333,False,moderate,,,81,80,0,6,0.9876543209876543,False,8,43,15,27,3,0,0.0,True,8,7,1.8,11,3,4,True,0,45,0.0,15,0.0
369,IERC721,,data/safe_contracts/openzeppelin-contracts/contracts/token/ERC721/IERC721.sol,,openzeppelin,False,False,False,False,False,False,False,False,False,False,False,False,False,False,False,False,False,False,False,False,False,False,True,True,False,0,0,4,9,0,0,0,1,0,121,2,1,1.0,0,105,0.8677685950413223,0,0,1,0,4,0,0,0,0,2,1,0.0,0.0,4.0,8.0,False,moderate,,,0,0,0,0,0.0,False,0,0,9,0,0,0,0.0,False,9,0,0.0,8,0,0,False,0,19,0.0,9,0.0
370,IERC721Receiver,,data/safe_contracts/openzeppelin-contracts/contracts/token/ERC721/IERC721Receiver.sol,,openzeppelin,False,False,False,False,False,False,False,False,False,False,False,False,False,False,False,False,False,False,False,False,False,False,True,False,False,0,0,2,1,0,0,0,1,0,26,1,1,1.0,0,17,0.6538461538461539,0,0,0,0,2,0,0,0,0,1,1,0.0,0.0,2.0,4.0,False,simple,,,0,0,0,0,0.0,False,0,0,1,0,0,0,0.0,False,1,0,0.0,1,0,0,False,0,4,0.0,1,0.0
371,IERC20,,data/safe_contracts/openzeppelin-contracts/contracts/token/ERC20/IERC20.sol,,openzeppelin,False,False,False,False,False,False,False,False,False,False,False,False,False,False,False,False,False,False,False,False,False,False,True,False,False,0,0,2,6,0,0,0,1,0,70,1,1,1.0,0,59,0.8428571428571429,0,0,0,0,2,0,0,0,0,1,1,0.0,0.0,2.0,4.0,False,simple,,,0,0,0,0,0.0,False,0,0,6,0,0,0,0.0,False,6,0,0.0,6,0,0,False,0,10,0.0,5,0.0
372,ERC20,,data/safe_contracts/openzeppelin-contracts/contracts/token/ERC20/ERC20.sol,,openzeppelin,False,False,False,False,False,False,False,False,False,False,False,False,False,False,False,False,False,False,False,False,False,False,True,True,False,0,0,11,17,0,5,0,7,0,280,7,1,2.411764705882353,0,160,0.5714285714285714,0,0,1,0,7,4,0,0,0,3,1,0.0,0.0,11.0,35.93333333333333,False,moderate,,,81,76,0,7,0.9382716049382716,False,9,41,17,21,3,0,0.0,True,9,8,1.2352941176470589,14,5,3,True,0,32,0.0,13,0.0
373,IERC1155,,data/safe_contracts/openzeppelin-contracts/contracts/token/ERC1155/IERC1155.sol,,openzeppelin,False,False,False,False,False,False,False,False,False,False,False,False,False,False,False,False,False,False,False,False,False,False,True,True,False,0,0,4,6,0,0,0,1,0,111,2,1,1.0,0,82,0.7387387387387387,0,0,1,0,4,0,0,0,0,2,1,0.0,0.0,4.0,8.0,False,moderate,,,0,0,0,0,0.0,False,0,0,6,0,0,0,0.0,False,6,0,0.0,6,0,0,False,0,18,0.0,6,0.0
375,IERC1155Receiver,,data/safe_contracts/openzeppelin-contracts/contracts/token/ERC1155/IERC1155Receiver.sol,,openzeppelin,False,False,False,False,False,False,False,False,False,False,False,False,False,False,False,False,False,False,False,False,False,False,True,True,False,0,0,4,2,0,0,0,1,0,55,2,1,1.0,0,37,0.6727272727272727,0,0,1,0,4,0,0,0,0,2,1,0.0,0.0,4.0,8.0,False,moderate,,,0,0,0,0,0.0,False,0,0,2,0,0,0,0.0,False,2,0,0.0,2,0,0,False,0,10,0.0,2,0.0
376,ERC2981,,data/safe_contracts/openzeppelin-contracts/contracts/token/common/ERC2981.sol,,openzeppelin,False,False,False,False,False,False,False,False,False,False,False,False,False,False,False,False,False,False,False,False,False,False,True,True,False,0,0,10,7,0,2,0,5,0,119,4,1,2.4285714285714284,0,58,0.48739495798319327,0,0,2,0,6,4,0,0,0,3,1,0.0,0.0,10.0,29.333333333333336,False,moderate,,,36,34,0,7,0.9444444444444444,False,3,17,7,9,1,0,0.0,True,2,5,1.2857142857142858,8,2,3,True,0,9,0.0,5,0.0
377,ERC6909TokenSupply,,data/safe_contracts/openzeppelin-contracts/contracts/token/ERC6909/extensions/ERC6909TokenSupply.sol,,openzeppelin,False,False,False,False,False,False,False,False,False,False,False,False,False,False,False,False,False,False,False,False,False,False,True,True,False,0,0,12,2,0,1,0,5,0,29,9,1,3.0,0,9,0.3103448275862069,0,0,3,0,8,4,0,0,0,3,1,0.0,0.0,12.0,43.2,False,moderate,,,10,10,0,5,1.0,False,1,6,2,1,0,0,0.0,True,1,1,0.5,1,1,1,True,0,5,0.0,2,0.0
378,ERC6909Metadata,,data/safe_contracts/openzeppelin-contracts/contracts/token/ERC6909/extensions/ERC6909Metadata.sol,,openzeppelin,False,False,False,False,False,False,False,False,False,False,False,False,False,False,False,False,False,False,False,False,False,False,True,True,False,0,0,15,6,0,1,0,1,0,61,9,1,1.0,0,26,0.4262295081967213,0,0,3,0,8,7,0,0,0,3,1,0.0,0.0,15.0,64.5,False,complex,,,15,9,0,2,0.6,False,3,6,6,0,0,0,0.0,False,3,3,0.0,6,1,3,True,0,9,0.0,6,0.0
379,ERC6909ContentURI,,data/safe_contracts/openzeppelin-contracts/contracts/token/ERC6909/extensions/ERC6909ContentURI.sol,,openzeppelin,False,False,False,False,False,False,False,False,False,False,False,False,False,False,False,False,False,False,False,False,False,False,True,True,False,0,0,14,4,0,2,0,1,0,42,9,1,1.0,0,19,0.4523809523809524,0,0,3,0,8,6,0,0,0,3,1,0.0,0.0,14.0,56.93333333333334,False,complex,,,10,6,0,2,0.6,False,2,4,4,0,0,0,0.0,False,2,2,0.0,4,2,2,True,0,4,0.0,3,0.0
380,ERC721Utils,,data/safe_contracts/openzeppelin-contracts/contracts/token/ERC721/utils/ERC721Utils.sol,,openzeppelin,False,False,False,False,False,False,False,False,False,False,False,False,False,False,True,False,False,False,False,False,False,False,True,True,False,0,0,7,1,3,0,0,7,0,47,5,1,7.0,0,19,0.40425531914893614,0,0,0,0,6,1,0,0,0,4,2,0.0,0.0,7.0,11.725,False,moderate,,,15,19,0,7,1.2666666666666666,False,0,7,1,4,0,3,0.42857142857142855,False,0,1,4.0,4,0,1,False,0,5,0.0,1,0.0
381,ERC721Holder,,data/safe_contracts/openzeppelin-contracts/contracts/token/ERC721/utils/ERC721Holder.sol,,openzeppelin,False,False,False,False,False,False,False,False,False,False,False,False,False,False,False,False,False,False,False,False,False,False,True,True,False,0,0,4,1,0,0,0,1,0,23,2,1,1.0,0,16,0.6956521739130435,0,0,1,0,4,0,0,0,0,2,1,0.0,0.0,4.0,8.0,False,moderate,,,2,1,0,1,0.5,False,1,1,1,0,0,0,0.0,False,1,0,0.0,1,0,0,False,0,4,0.0,1,0.0
382,IERC721Enumerable,,data/safe_contracts/openzeppelin-contracts/contracts/token/ERC721/extensions/IERC721Enumerable.sol,,openzeppelin,False,False,False,False,False,False,False,False,False,False,False,False,False,False,False,False,False,False,False,False,False,False,True,True,False,0,0,5,3,0,0,0,1,0,24,3,1,1.0,0,17,0.7083333333333334,0,0,2,0,5,0,0,0,0,2,1,0.0,0.0,5.0,12.5,False,moderate,,,0,0,0,0,0.0,False,0,0,3,0,0,0,0.0,False,3,0,0.0,3,0,0,False,0,3,0.0,2,0.0
387,IERC721Metadata,,data/safe_contracts/openzeppelin-contracts/contracts/token/ERC721/extensions/IERC721Metadata.sol,,openzeppelin,False,False,False,False,False,False,False,False,False,False,False,False,False,False,False,False,False,False,False,False,False,False,True,True,False,0,0,5,3,0,0,0,1,0,22,3,1,1.0,0,15,0.6818181818181818,0,0,2,0,5,0,0,0,0,2,1,0.0,0.0,5.0,12.5,False,moderate,,,0,0,0,0,0.0,False,0,0,3,0,0,0,0.0,False,3,0,0.0,3,0,0,False,0,1,0.0,1,0.0
392,SafeERC20,,data/safe_contracts/openzeppelin-contracts/contracts/token/ERC20/utils/SafeERC20.sol,,openzeppelin,False,False,False,False,False,False,False,False,False,False,False,False,False,False,True,False,False,False,False,False,False,False,True,True,False,0,0,24,13,5,0,0,7,0,260,4,1,3.769230769230769,0,129,0.49615384615384617,0,0,0,0,11,13,0,0,0,4,2,0.0,0.0,24.0,120.6,True,complex,,,107,112,0,14,1.0467289719626167,False,2,49,13,41,0,5,0.10869565217391304,False,0,13,3.1538461538461537,10,0,5,False,3,49,1.6666666666666667,13,0.0
393,ERC1363Utils,,data/safe_contracts/openzeppelin-contracts/contracts/token/ERC20/utils/ERC1363Utils.sol,,openzeppelin,False,False,False,False,False,False,False,False,False,False,False,False,False,False,True,False,False,False,False,False,False,False,True,True,False,0,0,9,2,2,0,0,7,0,87,3,1,7.0,0,33,0.3793103448275862,0,0,0,0,7,2,0,0,0,4,2,0.0,0.0,9.0,18.9,False,moderate,,,32,36,0,8,1.125,False,0,14,2,8,0,2,0.2,False,0,2,4.0,5,0,2,False,1,9,2.0,2,0.0
395,ERC20Capped,,data/safe_contracts/openzeppelin-contracts/contracts/token/ERC20/extensions/ERC20Capped.sol,,openzeppelin,False,False,False,False,False,False,False,False,False,False,False,False,False,False,False,False,False,False,False,False,False,False,True,True,False,0,0,12,3,0,1,0,5,0,45,8,1,3.0,0,19,0.4222222222222222,0,0,2,0,8,4,0,0,0,3,1,0.0,0.0,12.0,43.2,False,moderate,,,16,16,0,6,1.0,False,1,9,3,5,0,0,0.0,True,1,2,1.6666666666666667,4,1,1,True,0,4,0.0,2,0.0
396,ERC20Wrapper,,data/safe_contracts/openzeppelin-contracts/contracts/token/ERC20/extensions/ERC20Wrapper.sol,,openzeppelin,False,False,False,False,False,False,False,False,False,False,False,False,False,False,True,False,False,False,False,False,False,False,True,True,False,0,0,28,6,4,1,0,5,0,79,11,1,2.3333333333333335,0,31,0.3924050632911392,0,2,2,0,16,12,0,0,0,4,2,0.0,0.0,28.0,170.8,True,critical,,,35,33,0,8,0.9428571428571428,False,6,14,6,11,1,4,0.26666666666666666,True,4,2,1.8333333333333333,8,1,4,True,2,6,2.0,4,0.0
397,ERC20Burnable,,data/safe_contracts/openzeppelin-contracts/contracts/token/ERC20/extensions/ERC20Burnable.sol,,openzeppelin,False,False,False,False,False,False,False,False,False,False,False,False,False,False,False,False,False,False,False,False,False,False,True,True,False,0,0,11,2,0,0,0,1,0,35,8,1,1.0,0,23,0.6571428571428571,0,0,2,0,8,3,0,0,0,3,1,0.0,0.0,11.0,37.03333333333333,False,moderate,,,5,3,0,2,0.6,False,0,2,2,5,1,0,0.0,False,2,0,2.5,3,0,0,False,0,3,0.0,2,0.0
400,IERC20Metadata,,data/safe_contracts/openzeppelin-contracts/contracts/token/ERC20/extensions/IERC20Metadata.sol,,openzeppelin,False,False,False,False,False,False,False,False,False,False,False,False,False,False,False,False,False,False,False,False,False,False,True,True,False,0,0,4,3,0,0,0,1,0,21,2,1,1.0,0,14,0.6666666666666666,0,0,1,0,4,0,0,0,0,2,1,0.0,0.0,4.0,8.0,False,moderate,,,0,0,0,0,0.0,False,0,0,3,0,0,0,0.0,False,3,0,0.0,3,0,0,False,0,0,0.0,0,0.0
402,ERC20FlashMint,,data/safe_contracts/openzeppelin-contracts/contracts/token/ERC20/extensions/ERC20FlashMint.sol,,openzeppelin,False,False,False,False,False,True,True,False,False,False,False,False,False,False,False,False,False,False,False,False,False,False,True,True,False,0,0,14,6,1,1,0,7,0,119,10,1,2.5,0,70,0.5882352941176471,0,0,1,0,10,4,0,0,0,5,2,0.0,0.0,14.0,35.839999999999996,False,complex,,,32,30,0,13,0.9375,False,6,15,6,14,2,1,0.06666666666666667,False,3,3,2.3333333333333335,12,1,1,True,1,9,1.0,4,0.0
403,ERC1363,,data/safe_contracts/openzeppelin-contracts/contracts/token/ERC20/extensions/ERC1363.sol,,openzeppelin,False,False,False,False,False,False,False,False,False,False,False,False,False,False,True,False,False,False,False,False,False,False,True,True,False,0,0,22,7,3,0,0,3,0,123,14,1,1.8571428571428572,0,75,0.6097560975609756,0,3,2,0,18,4,0,0,0,4,2,0.0,0.0,22.0,114.4,True,complex,,,26,22,0,4,0.8461538461538461,False,7,13,7,14,1,3,0.17647058823529413,True,7,0,2.0,8,0,3,False,3,18,1.0,7,0.0
404,IERC20Permit,,data/safe_contracts/openzeppelin-contracts/contracts/token/ERC20/extensions/IERC20Permit.sol,,openzeppelin,False,False,False,False,False,False,False,False,False,False,False,False,False,False,False,False,False,False,False,False,False,False,True,False,False,0,0,3,3,0,0,0,1,0,86,1,1,1.0,0,72,0.8372093023255814,0,0,0,0,3,0,0,0,0,2,1,0.0,0.0,3.0,4.5,False,simple,,,0,0,0,0,0.0,False,0,0,3,0,0,0,0.0,False,3,0,0.0,3,0,0,False,0,8,0.0,2,0.0
405,ERC20Pausable,,data/safe_contracts/openzeppelin-contracts/contracts/token/ERC20/extensions/ERC20Pausable.sol,,openzeppelin,False,False,False,False,False,False,False,False,False,False,False,False,False,False,False,False,False,False,False,False,False,False,True,True,False,0,0,16,1,0,0,0,1,0,30,9,1,1.0,0,22,0.7333333333333333,0,0,2,0,9,7,0,0,0,3,1,0.0,0.0,16.0,74.13333333333333,False,complex,,,3,2,0,2,0.6666666666666666,False,0,1,1,2,0,0,0.0,True,0,1,2.0,1,0,0,False,0,3,0.0,1,0.0
406,ERC1155Utils,,data/safe_contracts/openzeppelin-contracts/contracts/token/ERC1155/utils/ERC1155Utils.sol,,openzeppelin,False,False,False,False,False,False,False,False,False,False,False,False,False,False,True,False,False,False,False,False,False,False,True,True,False,0,0,10,2,6,0,0,7,0,84,6,1,7.0,0,29,0.34523809523809523,0,0,0,0,8,2,0,0,0,4,2,0.0,0.0,10.0,23.5,False,moderate,,,30,38,0,7,1.2666666666666666,False,0,14,2,8,0,6,0.42857142857142855,False,0,2,4.0,4,0,2,False,0,12,0.0,2,0.0
407,ERC1155Holder,,data/safe_contracts/openzeppelin-contracts/contracts/token/ERC1155/utils/ERC1155Holder.sol,,openzeppelin,False,False,False,False,False,False,False,False,False,False,False,False,False,False,False,False,False,False,False,False,False,False,True,True,False,0,0,6,3,0,0,0,1,0,37,4,1,1.0,0,11,0.2972972972972973,0,0,2,0,6,0,0,0,0,2,1,0.0,0.0,6.0,18.0,False,moderate,,,6,3,0,1,0.5,False,3,3,3,2,1,0,0.0,True,3,0,0.6666666666666666,3,0,0,False,0,11,0.0,3,0.0
412,IERC1155MetadataURI,,data/safe_contracts/openzeppelin-contracts/contracts/token/ERC1155/extensions/IERC1155MetadataURI.sol,,openzeppelin,False,False,False,False,False,False,False,False,False,False,False,False,False,False,False,False,False,False,False,False,False,False,True,True,False,0,0,5,1,0,0,0,1,0,17,3,1,1.0,0,12,0.7058823529411765,0,0,2,0,5,0,0,0,0,2,1,0.0,0.0,5.0,12.5,False,moderate,,,0,0,0,0,0.0,False,0,0,1,0,0,0,0.0,False,1,0,0.0,1,0,0,False,0,1,0.0,1,0.0
414,BitMaps,,data/safe_contracts/openzeppelin-contracts/contracts/utils/structs/BitMaps.sol,,openzeppelin,False,False,False,False,False,False,False,False,False,False,False,False,False,False,False,False,False,False,False,False,False,False,True,False,False,0,0,6,4,0,0,0,3,0,55,1,1,1.5,0,27,0.4909090909090909,0,0,0,0,2,4,0,0,0,2,1,0.0,0.0,6.0,14.399999999999999,False,moderate,,,17,14,0,3,0.8235294117647058,False,1,6,4,2,0,0,0.0,False,0,4,0.5,3,0,0,False,0,9,0.0,4,0.0
417,DoubleEndedQueue,,data/safe_contracts/openzeppelin-contracts/contracts/utils/structs/DoubleEndedQueue.sol,,openzeppelin,False,False,False,False,False,False,False,False,False,False,False,False,False,False,True,False,False,False,False,False,False,False,True,False,False,0,0,22,17,7,0,0,3,0,218,2,1,2.6470588235294117,0,109,0.5,0,7,0,0,4,18,0,0,0,3,2,0.0,0.0,22.0,121.73333333333332,True,complex,,,107,97,0,8,0.9065420560747663,False,19,45,17,10,0,7,0.4117647058823529,False,0,17,0.5882352941176471,7,0,7,False,0,23,0.0,17,0.0
421,Checkpoints,,data/safe_contracts/openzeppelin-contracts/contracts/utils/structs/Checkpoints.sol,,openzeppelin,False,False,False,False,False,False,False,False,False,False,False,False,False,False,True,False,False,False,False,False,False,False,True,False,False,1,9,172,48,20,0,0,6,0,746,4,1,3.0,0,249,0.33378016085790885,0,12,0,0,21,161,0,10,0,6,2,0.0,0.0,227.0,5058.316666666667,True,critical,,,340,324,16,11,0.9529411764705882,True,68,144,48,60,0,20,0.25,False,0,48,1.25,5,0,16,False,0,108,0.0,48,0.0
422,IERC165,,data/safe_contracts/openzeppelin-contracts/contracts/utils/introspection/IERC165.sol,,openzeppelin,False,False,False,False,False,False,False,False,False,False,False,False,False,False,False,False,False,False,False,False,False,False,True,False,False,0,0,2,1,0,0,0,1,0,23,1,1,1.0,0,19,0.8260869565217391,0,0,0,0,2,0,0,0,0,1,1,0.0,0.0,2.0,4.0,False,simple,,,0,0,0,0,0.0,False,0,0,1,0,0,0,0.0,False,1,0,0.0,1,0,0,False,0,1,0.0,1,0.0
423,ERC165,,data/safe_contracts/openzeppelin-contracts/contracts/utils/introspection/ERC165.sol,,openzeppelin,False,False,False,False,False,False,False,False,False,False,False,False,False,False,False,False,False,False,False,False,False,False,True,True,False,0,0,4,1,0,0,0,1,0,22,2,1,1.0,0,15,0.6818181818181818,0,0,1,0,4,0,0,0,0,2,1,0.0,0.0,4.0,8.0,False,moderate,,,2,1,0,1,0.5,False,1,1,1,1,1,0,0.0,False,1,0,1.0,1,0,0,False,0,1,0.0,1,0.0
424,ERC165Checker,,data/safe_contracts/openzeppelin-contracts/contracts/utils/introspection/ERC165Checker.sol,,openzeppelin,False,False,False,False,False,False,False,False,False,False,False,False,False,False,True,False,False,False,False,False,False,False,True,True,False,0,0,11,7,1,1,0,8,0,128,2,1,2.857142857142857,0,70,0.546875,0,0,0,0,5,6,0,0,0,4,2,0.0,0.0,11.0,25.299999999999997,False,moderate,,,47,43,2,8,0.9148936170212766,False,8,20,7,14,0,1,0.06666666666666667,False,0,7,2.0,6,1,1,True,0,11,0.0,6,0.0
425,Time,,data/safe_contracts/openzeppelin-contracts/contracts/utils/types/Time.sol,,openzeppelin,False,False,True,False,False,False,False,False,False,False,False,False,False,False,True,False,False,False,False,False,False,True,True,False,False,1,10,130,9,10,0,0,3,0,118,4,1,1.3333333333333333,0,68,0.576271186440678,0,6,0,0,17,124,0,11,0,8,4,0.0,0.0,190.0,2465.25,True,critical,,,33,25,0,6,0.7575757575757576,False,10,12,9,4,0,10,0.7142857142857143,False,0,9,0.4444444444444444,7,0,6,False,0,12,0.0,7,0.0
426,MerkleProof,,data/safe_contracts/openzeppelin-contracts/contracts/utils/cryptography/MerkleProof.sol,,openzeppelin,False,False,False,False,False,False,False,False,False,False,False,False,False,False,True,False,False,False,False,False,False,False,True,False,False,0,0,22,16,8,0,0,16,0,483,2,1,5.5,4,248,0.5134575569358178,0,4,0,0,4,18,0,0,0,3,2,0.0,0.0,22.0,121.73333333333332,True,complex,,,192,204,28,20,1.0625,True,24,88,16,12,0,8,0.4,False,0,16,0.75,3,0,6,False,0,56,0.0,16,0.0
428,Hashes,,data/safe_contracts/openzeppelin-contracts/contracts/utils/cryptography/Hashes.sol,,openzeppelin,False,False,False,False,False,False,False,False,False,False,False,False,False,False,True,False,False,False,False,False,False,False,True,False,False,0,0,5,2,0,0,0,2,0,28,1,1,1.5,0,15,0.5357142857142857,0,0,0,0,3,2,0,0,0,3,2,0.0,0.0,5.0,7.333333333333334,False,moderate,,,10,8,0,5,0.8,False,2,3,2,3,0,0,0.0,False,0,2,1.5,2,0,0,False,0,4,0.0,2,0.0
432,P256,,data/safe_contracts/openzeppelin-contracts/contracts/utils/cryptography/P256.sol,,openzeppelin,False,False,False,False,False,False,False,False,False,False,False,False,False,False,True,False,False,False,False,False,False,False,True,False,False,1,9,147,16,5,8,0,10,0,379,5,1,2.9375,0,149,0.39313984168865435,0,4,0,0,23,134,0,10,0,6,2,0.0,0.0,202.0,3932.2666666666664,True,critical,,,220,212,6,40,0.9636363636363636,True,17,47,16,37,0,5,0.11904761904761904,False,0,16,2.3125,10,8,4,True,0,51,0.0,15,0.0
434,ECDSA,,data/safe_contracts/openzeppelin-contracts/contracts/utils/cryptography/ECDSA.sol,,openzeppelin,False,False,False,False,False,False,False,False,False,False,False,False,False,False,True,False,False,False,False,False,False,False,True,False,False,0,0,17,11,0,0,0,9,0,266,1,1,3.0,0,119,0.4473684210526316,0,0,0,0,6,11,0,0,0,3,2,0.0,0.0,17.0,77.63333333333333,False,complex,,,118,114,0,10,0.9661016949152542,False,13,33,11,23,0,0,0.0,True,0,11,2.090909090909091,7,0,0,False,0,26,0.0,11,0.0
435,RSA,,data/safe_contracts/openzeppelin-contracts/contracts/utils/cryptography/RSA.sol,,openzeppelin,False,False,False,False,False,False,False,False,False,False,False,False,False,False,True,False,False,False,False,False,False,False,True,False,False,1,9,128,3,2,0,0,19,0,142,4,1,7.0,1,79,0.5563380281690141,0,2,0,0,18,120,0,10,0,6,2,0.0,0.0,183.0,3111.0,True,critical,,,50,51,2,23,1.02,True,6,21,3,4,0,2,0.3333333333333333,True,0,3,1.3333333333333333,2,0,1,False,0,10,0.0,3,0.0
436,SafeCast,,data/safe_contracts/openzeppelin-contracts/contracts/utils/math/SafeCast.sol,,openzeppelin,False,False,False,False,False,False,False,False,False,False,False,False,False,False,True,False,False,False,False,False,False,False,True,False,False,0,0,68,65,0,0,0,3,0,1092,1,1,2.9692307692307693,0,696,0.6373626373626373,0,0,0,0,3,65,0,0,0,3,2,0.0,0.0,68.0,1099.3333333333335,True,critical,,,324,323,0,3,0.9969135802469136,False,33,193,65,64,0,0,0.0,False,0,65,0.9846153846153847,5,0,0,False,0,65,0.0,65,0.0
437,SignedMath,,data/safe_contracts/openzeppelin-contracts/contracts/utils/math/SignedMath.sol,,openzeppelin,False,False,False,False,False,False,False,False,False,False,False,False,False,False,True,False,False,False,False,False,False,False,True,False,False,0,0,74,5,1,0,0,1,0,60,2,1,1.0,0,35,0.5833333333333334,0,1,0,0,4,70,0,0,0,3,2,0.0,0.0,74.0,1307.3333333333335,True,critical,,,12,7,0,2,0.5833333333333334,False,5,5,5,2,0,1,0.3333333333333333,False,0,5,0.4,3,0,1,False,0,10,0.0,5,0.0
438,Math,,data/safe_contracts/openzeppelin-contracts/contracts/utils/math/Math.sol,,openzeppelin,False,False,False,False,False,False,False,False,False,False,False,False,False,False,True,False,False,False,False,False,False,False,True,False,False,1,9,119,36,31,0,0,17,0,693,3,1,2.611111111111111,2,339,0.48917748917748916,0,19,0,0,16,113,0,10,0,6,2,0.0,0.0,174.0,2757.8999999999996,True,critical,,,289,274,2,29,0.9480968858131488,False,33,94,36,45,0,31,0.40789473684210525,True,0,36,1.25,17,0,20,False,0,76,0.0,36,0.0
439,ERC7913P256Verifier,,data/safe_contracts/openzeppelin-contracts/contracts/utils/cryptography/verifiers/ERC7913P256Verifier.sol,,openzeppelin,False,False,False,False,False,False,False,False,False,False,False,False,False,False,True,False,False,False,False,False,False,False,True,True,False,1,9,133,1,1,0,0,5,0,26,7,1,5.0,0,9,0.34615384615384615,0,1,1,0,26,117,0,10,0,7,2,0.0,0.0,188.0,2897.885714285714,True,critical,,,11,11,0,7,1.0,False,2,5,1,0,0,1,1.0,False,1,0,0.0,1,0,1,False,0,3,0.0,1,0.0
440,ERC7913RSAVerifier,,data/safe_contracts/openzeppelin-contracts/contracts/utils/cryptography/verifiers/ERC7913RSAVerifier.sol,,openzeppelin,False,False,False,False,False,False,False,False,False,False,False,False,False,False,True,False,False,False,False,False,False,False,True,True,False,1,9,119,1,3,0,0,2,0,20,6,1,2.0,0,8,0.4,0,1,1,0,21,108,0,10,0,7,2,0.0,0.0,174.0,2401.2,True,critical,,,7,6,0,5,0.8571428571428571,False,2,2,1,2,1,3,0.6,False,1,0,2.0,2,0,1,False,0,3,0.0,1,0.0
442,SignerECDSA,,data/safe_contracts/openzeppelin-contracts/contracts/utils/cryptography/signers/SignerECDSA.sol,,openzeppelin,False,False,False,False,False,False,False,False,False,False,False,False,False,False,True,False,False,False,False,False,False,True,True,False,False,0,1,21,4,1,1,0,1,0,49,3,1,1.0,0,27,0.5510204081632653,0,1,1,0,8,14,0,1,0,4,3,0.0,0.0,26.0,115.69999999999999,True,complex,,,11,7,0,4,0.6363636363636364,False,2,4,4,2,0,1,0.3333333333333333,False,1,3,0.5,2,1,2,True,1,4,2.0,3,0.0
445,SignerP256,,data/safe_contracts/openzeppelin-contracts/contracts/utils/cryptography/signers/SignerP256.sol,,openzeppelin,False,False,False,False,False,False,False,False,False,False,False,False,False,False,True,False,False,False,False,False,False,False,True,False,False,1,9,151,4,2,2,0,3,0,56,7,1,2.0,0,27,0.48214285714285715,0,2,1,0,25,136,0,10,0,6,2,0.0,0.0,206.0,4126.866666666667,True,critical,,,20,17,0,8,0.85,False,3,8,4,3,0,2,0.4,False,1,3,0.75,2,2,2,True,0,6,0.0,3,0.0
446,AbstractSigner,,data/safe_contracts/openzeppelin-contracts/contracts/utils/cryptography/signers/AbstractSigner.sol,,openzeppelin,False,False,False,False,False,False,False,False,False,False,False,False,False,False,False,False,False,False,False,False,False,False,True,False,False,0,0,2,1,0,0,0,1,0,21,1,1,1.0,0,17,0.8095238095238095,0,0,0,0,2,0,0,0,0,1,1,0.0,0.0,2.0,4.0,False,simple,,,0,0,0,0,0.0,False,0,0,1,0,0,0,0.0,False,0,1,0.0,1,0,0,False,0,2,0.0,1,0.0
447,SignerEIP7702,,data/safe_contracts/openzeppelin-contracts/contracts/utils/cryptography/signers/SignerEIP7702.sol,,openzeppelin,False,False,False,False,False,False,False,False,False,False,False,False,False,False,True,False,False,False,False,False,False,True,True,False,False,0,1,20,1,1,0,0,1,0,22,3,1,1.0,0,10,0.45454545454545453,0,1,1,0,8,13,0,1,0,4,3,0.0,0.0,25.0,106.875,True,complex,,,5,4,0,4,0.8,False,1,1,1,0,0,1,1.0,False,0,1,0.0,1,0,1,False,1,2,1.0,1,0.0
450,SignerRSA,,data/safe_contracts/openzeppelin-contracts/contracts/utils/cryptography/signers/SignerRSA.sol,,openzeppelin,False,False,False,False,False,False,False,False,False,False,False,False,False,False,True,False,False,False,False,False,False,False,True,False,False,1,9,132,4,2,2,0,1,0,58,6,1,1.0,0,34,0.5862068965517241,0,1,1,0,20,122,0,10,0,6,2,0.0,0.0,187.0,3284.9666666666662,True,critical,,,12,8,0,4,0.6666666666666666,False,2,4,4,3,0,2,0.4,False,1,3,0.75,3,2,2,True,0,6,0.0,3,0.0
451,ProxyAdmin,,data/safe_contracts/openzeppelin-contracts/contracts/proxy/transparent/ProxyAdmin.sol,,openzeppelin,False,False,False,False,False,False,False,False,False,False,False,False,False,False,True,False,False,False,False,False,False,True,True,True,False,1,2,63,3,1,1,0,1,0,40,14,1,1.0,0,26,0.65,1,0,2,0,35,31,0,3,0,7,3,0.0,0.0,83.0,672.3,True,critical,,,6,3,0,2,0.5,False,0,3,3,2,1,1,0.3333333333333333,True,2,1,0.6666666666666666,2,1,1,False,1,4,1.0,2,0.0
452,TransparentUpgradeableProxy,,data/safe_contracts/openzeppelin-contracts/contracts/proxy/transparent/TransparentUpgradeableProxy.sol,,openzeppelin,False,False,False,False,False,False,False,False,False,False,False,False,False,False,True,False,False,False,False,False,False,True,True,True,False,1,2,63,4,4,1,0,5,0,109,14,1,2.0,0,75,0.6880733944954128,1,2,2,0,35,31,0,3,0,7,3,0.0,0.0,83.0,672.3,True,critical,,,19,17,0,4,0.8947368421052632,False,1,8,4,7,1,4,0.36363636363636365,True,1,3,1.75,3,1,1,True,1,3,1.0,1,0.0
453,UUPSUpgradeable,,data/safe_contracts/openzeppelin-contracts/contracts/proxy/utils/UUPSUpgradeable.sol,,openzeppelin,False,False,False,False,False,False,False,False,False,False,False,False,False,False,True,False,False,False,False,False,False,True,True,True,False,0,2,60,8,4,2,2,3,0,134,9,1,1.75,0,86,0.6417910447761194,1,2,1,0,32,30,0,2,0,7,3,0.0,0.0,70.0,530.0,True,critical,,,26,22,0,5,0.8461538461538461,False,1,13,8,8,2,4,0.3333333333333333,False,2,6,1.0,8,2,1,True,1,5,1.0,3,0.0
454,Initializable,,data/safe_contracts/openzeppelin-contracts/contracts/proxy/utils/Initializable.sol,,openzeppelin,False,False,False,False,False,False,False,False,False,False,False,False,False,False,True,False,False,False,False,False,False,False,True,False,False,0,0,9,7,0,1,3,5,0,218,1,1,1.8571428571428572,0,143,0.6559633027522935,0,0,0,0,3,6,0,0,0,3,2,0.0,0.0,9.0,21.6,False,moderate,,,25,21,0,6,0.84,False,3,13,7,7,0,0,0.0,False,0,7,1.0,4,1,0,True,0,0,0.0,0,0.0
455,ERC1967Proxy,,data/safe_contracts/openzeppelin-contracts/contracts/proxy/ERC1967/ERC1967Proxy.sol,,openzeppelin,False,False,False,False,False,False,False,False,False,False,False,False,False,False,True,False,False,False,False,False,False,True,True,True,False,0,2,59,3,2,0,0,3,0,56,9,1,1.6666666666666667,0,38,0.6785714285714286,1,2,1,0,31,30,0,2,0,5,3,0.0,0.0,69.0,717.6,True,critical,,,9,7,0,3,0.7777777777777778,False,2,5,3,2,1,2,0.5,False,1,2,0.6666666666666666,3,0,1,False,1,2,1.0,1,0.0
456,ERC1967Utils,,data/safe_contracts/openzeppelin-contracts/contracts/proxy/ERC1967/ERC1967Utils.sol,,openzeppelin,False,False,False,False,False,False,False,False,False,False,False,False,False,False,True,False,False,False,False,False,False,True,True,True,False,0,2,66,11,13,3,0,5,0,154,7,1,2.272727272727273,0,82,0.5324675324675324,0,8,0,0,28,40,0,2,0,5,3,0.0,0.0,76.0,851.1999999999999,True,critical,,,49,45,0,6,0.9183673469387755,False,3,25,11,13,0,13,0.5,False,0,11,1.1818181818181819,9,3,6,True,2,8,3.0,6,0.0
457,UpgradeableBeacon,,data/safe_contracts/openzeppelin-contracts/contracts/proxy/beacon/UpgradeableBeacon.sol,,openzeppelin,False,False,False,False,False,False,False,False,False,False,False,False,False,False,False,False,False,False,False,False,False,False,True,True,False,0,0,9,4,0,1,0,3,0,61,4,1,1.5,0,37,0.6065573770491803,0,0,2,0,6,3,0,0,0,4,1,0.0,0.0,9.0,18.225,False,moderate,,,14,11,0,4,0.7857142857142857,False,1,6,4,6,2,0,0.0,True,3,1,1.5,4,1,1,True,0,4,0.0,3,0.0
458,IBeacon,,data/safe_contracts/openzeppelin-contracts/contracts/proxy/beacon/IBeacon.sol,,openzeppelin,False,False,False,False,False,False,False,False,False,False,False,False,False,False,False,False,False,False,False,False,False,False,True,False,False,0,0,2,1,0,0,0,1,0,14,1,1,1.0,0,10,0.7142857142857143,0,0,0,0,2,0,0,0,0,1,1,0.0,0.0,2.0,4.0,False,simple,,,0,0,0,0,0.0,False,0,0,1,0,0,0,0.0,False,1,0,0.0,1,0,0,False,0,0,0.0,0,0.0
459,BeaconProxy,,data/safe_contracts/openzeppelin-contracts/contracts/proxy/beacon/BeaconProxy.sol,,openzeppelin,False,False,False,False,False,False,False,False,False,False,False,False,False,False,True,False,False,False,False,False,False,True,True,True,False,0,2,61,3,2,1,0,1,0,51,9,1,1.0,0,34,0.6666666666666666,1,1,1,0,31,32,0,2,0,6,3,0.0,0.0,71.0,631.8999999999999,True,critical,,,7,4,0,2,0.5714285714285714,False,2,3,3,1,0,2,0.6666666666666666,False,1,2,0.3333333333333333,2,1,1,True,1,2,1.0,1,0.0
460,ICompoundTimelock,,data/safe_contracts/openzeppelin-contracts/contracts/vendor/compound/ICompoundTimelock.sol,,openzeppelin,False,False,False,False,False,False,False,False,False,False,False,False,False,False,False,False,False,False,False,False,False,False,True,False,False,0,0,5,14,0,0,0,1,0,70,1,1,1.0,0,8,0.11428571428571428,2,0,0,0,5,0,0,0,0,2,1,0.0,0.0,5.0,12.5,False,moderate,,,0,0,0,0,0.0,False,0,0,14,0,0,0,0.0,False,14,0,0.0,14,0,0,False,0,18,0.0,6,0.0
