contract_id,contract_name,address,file_path,compiler_version,data_source,has_reentrancy,has_access_control_issues,has_timestamp_dependency,has_unchecked_call,has_reentrancy_unlimited,has_reentrancy_benign,has_reentrancy_events,has_unchecked_transfer,has_controlled_delegatecall,has_delegatecall_loop,has_uninitialized_state,has_uninitialized_storage,has_uninitialized_local,has_tx_origin,has_inline_assembly,has_locked_ether,has_msg_value_loop,has_shadowing_state,has_shadowing_builtin,has_shadowing_abstract,has_unused_state_vars,has_unused_return_values,has_incorrect_solc_version,has_floating_pragma,has_outdated_compiler,high_severity_count,medium_severity_count,low_severity_count,num_functions,num_external_calls,num_state_vars,num_modifiers,max_cyclomatic_complexity,num_low_level_calls,lines_of_code,num_contracts_in_file,num_dependencies,avg_function_complexity,num_functions_high_complexity,num_comments,comment_to_code_ratio,num_payable_functions,num_library_calls,inheritance_depth,num_unused_functions,high_confidence_detectors,medium_confidence_detectors,low_confidence_detectors,security_detectors_triggered,optimization_detectors_triggered,total_detector_hits,unique_vulnerability_types,detectors_per_function,detectors_per_loc,risk_score_simple,risk_score_weighted,is_high_risk,contract_complexity_category,failure_reason,error_message,cfg_num_nodes,cfg_num_edges,cfg_num_cycles,cfg_max_depth,cfg_avg_branching,cfg_has_complex_loops,cfg_num_exit_points,cfg_cyclomatic_total,cg_num_nodes,cg_num_edges,cg_max_call_depth,cg_num_external_calls,cg_external_call_ratio,cg_has_cyclic_calls,cg_num_public_entry_points,cg_num_internal_functions,cg_avg_calls_per_function,cg_num_leaf_functions,dfg_num_state_vars,dfg_num_tainted_flows,dfg_has_cross_function_flow,dfg_num_sensitive_sinks,dfg_num_external_sources,dfg_taint_to_sink_ratio,dfg_num_unvalidated_inputs
1,phishable,,data/smartbugs_curated/dataset/access_control/phishable.sol,,smartbugs_curated,False,True,False,False,False,False,False,False,False,False,False,False,False,True,False,False,False,False,False,False,False,False,True,False,False,1,1,5,0,0,0,0,0,0,0,1,0,0.0,0,0,0.0,0,0,0,0,3,4,0,2,0,5,3,0.0,0.0,20.0,23.200000000000003,True,complex,,,0,0,0,0,0.0,False,0,0,0,0,0,0,0.0,False,0,0,0.0,0,0,0,False,0,0,0.0,0
2,parity_wallet_bug_1,,data/smartbugs_curated/dataset/access_control/parity_wallet_bug_1.sol,,smartbugs_curated,True,True,True,True,False,False,True,False,False,False,True,False,True,False,True,False,False,False,False,False,True,False,True,False,False,3,3,66,0,0,0,0,0,0,0,1,0,0.0,0,0,0.0,0,0,0,0,74,7,0,6,0,17,8,0.0,0.0,111.0,515.1705882352942,True,critical,,,0,0,0,0,0.0,False,0,0,0,0,0,0,0.0,False,0,0,0.0,0,0,0,False,0,0,0.0,0
3,arbitrary_location_write_simple,,data/smartbugs_curated/dataset/access_control/arbitrary_location_write_simple.sol,,smartbugs_curated,False,False,False,False,False,False,False,False,False,False,False,False,False,False,False,False,False,False,False,False,False,False,True,False,False,1,1,6,0,0,0,0,0,0,0,1,0,0.0,0,0,0.0,0,0,0,0,7,1,0,2,0,4,1,0.0,0.0,21.0,40.425,True,moderate,,,0,0,0,0,0.0,False,0,0,0,0,0,0,0.0,False,0,0,0.0,0,0,0,False,0,0,0.0,0
4,wallet_03_wrong_constructor,,data/smartbugs_curated/dataset/access_control/wallet_03_wrong_constructor.sol,,smartbugs_curated,False,False,False,False,True,False,False,False,False,False,False,False,False,False,False,False,False,False,False,False,False,False,True,False,False,0,0,4,0,0,0,0,0,0,0,1,0,0.0,0,0,0.0,0,0,0,0,2,2,0,0,1,3,2,0.0,0.0,4.0,4.533333333333333,False,moderate,,,0,0,0,0,0.0,False,0,0,0,0,0,0,0.0,False,0,0,0.0,0,0,0,False,0,0,0.0,0
5,rubixi,,data/smartbugs_curated/dataset/access_control/rubixi.sol,,smartbugs_curated,False,False,False,True,True,False,False,False,False,False,False,False,False,False,False,False,False,False,False,False,False,False,True,False,False,1,5,25,0,0,0,0,0,0,0,1,0,0.0,0,0,0.0,0,0,0,0,15,16,0,6,4,11,4,0.0,0.0,60.0,142.9090909090909,True,critical,,,0,0,0,0,0.0,False,0,0,0,0,0,0,0.0,False,0,0,0.0,0,0,0,False,0,0,0.0,0
6,mycontract,,data/smartbugs_curated/dataset/access_control/mycontract.sol,,smartbugs_curated,False,True,False,False,False,False,False,False,False,False,False,False,False,True,False,False,False,False,False,False,False,False,True,False,False,1,1,3,0,0,0,0,0,0,0,1,0,0.0,0,0,0.0,0,0,0,0,2,3,0,2,0,4,3,0.0,0.0,18.0,18.45,True,moderate,,,0,0,0,0,0.0,False,0,0,0,0,0,0,0.0,False,0,0,0.0,0,0,0,False,0,0,0.0,0
7,wallet_02_refund_nosub,,data/smartbugs_curated/dataset/access_control/wallet_02_refund_nosub.sol,,smartbugs_curated,False,False,False,False,True,False,False,False,False,False,False,False,False,False,False,False,False,False,False,False,False,False,True,False,False,0,0,4,0,0,0,0,0,0,0,1,0,0.0,0,0,0.0,0,0,0,0,2,2,0,0,1,3,2,0.0,0.0,4.0,4.533333333333333,False,moderate,,,0,0,0,0,0.0,False,0,0,0,0,0,0,0.0,False,0,0,0.0,0,0,0,False,0,0,0.0,0
8,incorrect_constructor_name1,,data/smartbugs_curated/dataset/access_control/incorrect_constructor_name1.sol,,smartbugs_curated,False,False,False,False,False,False,False,False,False,False,False,False,False,False,False,False,False,False,False,False,False,False,True,False,False,0,0,3,0,0,0,0,0,0,0,1,0,0.0,0,0,0.0,0,0,0,0,3,0,0,0,0,2,1,0.0,0.0,3.0,4.5,False,simple,,,0,0,0,0,0.0,False,0,0,0,0,0,0,0.0,False,0,0,0.0,0,0,0,False,0,0,0.0,0
9,wallet_04_confused_sign,,data/smartbugs_curated/dataset/access_control/wallet_04_confused_sign.sol,,smartbugs_curated,False,False,False,False,True,False,False,False,False,False,False,False,False,False,False,False,False,False,False,False,False,False,True,False,False,0,0,4,0,0,0,0,0,0,0,1,0,0.0,0,0,0.0,0,0,0,0,2,2,0,0,1,3,2,0.0,0.0,4.0,4.533333333333333,False,moderate,,,0,0,0,0,0.0,False,0,0,0,0,0,0,0.0,False,0,0,0.0,0,0,0,False,0,0,0.0,0
10,multiowned_vulnerable,,data/smartbugs_curated/dataset/access_control/multiowned_vulnerable.sol,,smartbugs_curated,False,False,False,False,False,False,False,False,False,False,False,False,False,False,False,False,False,False,False,False,False,False,True,False,False,0,0,4,0,0,0,0,0,0,0,1,0,0.0,0,0,0.0,0,0,0,0,4,0,0,0,0,2,1,0.0,0.0,4.0,8.0,False,moderate,,,0,0,0,0,0.0,False,0,0,0,0,0,0,0.0,False,0,0,0.0,0,0,0,False,0,0,0.0,0
11,mapping_write,,data/smartbugs_curated/dataset/access_control/mapping_write.sol,,smartbugs_curated,False,False,False,False,False,False,False,False,False,False,True,False,False,False,False,False,False,False,False,False,False,False,True,False,False,2,0,2,0,0,0,0,0,0,0,1,0,0.0,0,0,0.0,0,0,0,0,4,1,0,2,0,4,2,0.0,0.0,22.0,25.85,True,moderate,,,0,0,0,0,0.0,False,0,0,0,0,0,0,0.0,False,0,0,0.0,0,0,0,False,0,0,0.0,0
12,simple_suicide,,data/smartbugs_curated/dataset/access_control/simple_suicide.sol,,smartbugs_curated,False,True,False,False,False,False,False,False,False,False,False,False,False,False,False,False,False,False,False,False,False,False,True,False,False,1,0,2,0,0,0,0,0,0,0,1,0,0.0,0,0,0.0,0,0,0,0,3,0,0,1,0,2,2,0.0,0.0,12.0,18.0,False,moderate,,,0,0,0,0,0.0,False,0,0,0,0,0,0,0.0,False,0,0,0.0,0,0,0,False,0,0,0.0,0
13,incorrect_constructor_name3,,data/smartbugs_curated/dataset/access_control/incorrect_constructor_name3.sol,,smartbugs_curated,False,False,False,False,False,False,False,False,False,False,False,False,False,False,False,False,False,False,False,False,False,False,True,False,False,0,0,3,0,0,0,0,0,0,0,1,0,0.0,0,0,0.0,0,0,0,0,3,0,0,0,0,2,1,0.0,0.0,3.0,4.5,False,simple,,,0,0,0,0,0.0,False,0,0,0,0,0,0,0.0,False,0,0,0.0,0,0,0,False,0,0,0.0,0
14,incorrect_constructor_name2,,data/smartbugs_curated/dataset/access_control/incorrect_constructor_name2.sol,,smartbugs_curated,False,False,False,False,False,False,False,False,False,False,False,False,False,False,False,False,False,False,False,False,False,False,True,False,False,0,0,2,0,0,0,0,0,0,0,1,0,0.0,0,0,0.0,0,0,0,0,2,0,0,0,0,1,1,0.0,0.0,2.0,4.0,False,simple,,,0,0,0,0,0.0,False,0,0,0,0,0,0,0.0,False,0,0,0.0,0,0,0,False,0,0,0.0,0
15,unprotected0,,data/smartbugs_curated/dataset/access_control/unprotected0.sol,,smartbugs_curated,False,False,False,False,False,False,False,False,False,False,False,False,False,False,False,False,False,False,False,False,False,False,True,False,False,0,0,4,0,0,0,0,0,0,0,1,0,0.0,0,0,0.0,0,0,0,0,3,1,0,0,0,3,1,0.0,0.0,4.0,4.933333333333334,False,moderate,,,0,0,0,0,0.0,False,0,0,0,0,0,0,0.0,False,0,0,0.0,0,0,0,False,0,0,0.0,0
16,proxy,,data/smartbugs_curated/dataset/access_control/proxy.sol,,smartbugs_curated,False,False,False,True,False,False,False,False,True,False,False,False,False,False,False,False,False,False,False,False,False,False,True,False,False,1,0,4,0,0,0,0,0,0,0,1,0,0.0,0,0,0.0,0,0,0,0,5,1,0,1,0,5,3,0.0,0.0,14.0,15.96,True,moderate,,,0,0,0,0,0.0,False,0,0,0,0,0,0,0.0,False,0,0,0.0,0,0,0,False,0,0,0.0,0
17,FibonacciBalance,,data/smartbugs_curated/dataset/access_control/FibonacciBalance.sol,,smartbugs_curated,False,True,False,True,False,False,False,False,True,False,True,False,False,False,False,False,False,False,False,False,False,False,True,False,False,4,0,9,5,3,5,0,1,2,52,2,1,1.0,0,18,0.34615384615384615,1,0,0,0,11,4,0,4,0,9,5,0.0,0.0,49.0,75.13333333333333,True,critical,,,10,5,0,3,0.5,False,0,5,5,3,1,3,0.5,False,3,2,0.6,4,5,1,True,3,1,0.3333333333333333,1
18,parity_wallet_bug_2,,data/smartbugs_curated/dataset/access_control/parity_wallet_bug_2.sol,,smartbugs_curated,True,True,True,True,False,False,True,False,False,False,False,False,True,False,False,False,False,False,False,False,True,False,True,False,False,2,2,59,0,0,0,0,0,0,0,1,0,0.0,0,0,0.0,0,0,0,0,58,6,0,4,0,13,7,0.0,0.0,89.0,425.83076923076925,True,critical,,,0,0,0,0,0.0,False,0,0,0,0,0,0,0.0,False,0,0,0.0,0,0,0,False,0,0,0.0,0
19,governmental_survey,,data/smartbugs_curated/dataset/time_manipulation/governmental_survey.sol,,smartbugs_curated,False,True,True,True,True,False,False,False,False,False,False,False,False,False,False,False,False,False,False,False,False,False,True,False,False,1,3,9,0,0,0,0,0,0,0,1,0,0.0,0,0,0.0,0,0,0,0,9,5,0,4,1,9,5,0.0,0.0,34.0,47.22222222222222,True,complex,,,0,0,0,0,0.0,False,0,0,0,0,0,0,0.0,False,0,0,0.0,0,0,0,False,0,0,0.0,0
20,roulette,,data/smartbugs_curated/dataset/time_manipulation/roulette.sol,,smartbugs_curated,False,True,True,False,False,False,False,False,False,False,False,False,False,False,False,False,False,False,False,False,False,False,True,False,False,2,1,3,0,0,0,0,0,0,0,1,0,0.0,0,0,0.0,0,0,0,0,3,3,0,3,0,5,3,0.0,0.0,28.0,28.560000000000002,True,complex,,,0,0,0,0,0.0,False,0,0,0,0,0,0,0.0,False,0,0,0.0,0,0,0,False,0,0,0.0,0
21,ether_lotto,,data/smartbugs_curated/dataset/time_manipulation/ether_lotto.sol,,smartbugs_curated,False,True,True,False,True,False,False,False,False,False,False,False,False,False,False,False,False,False,False,False,False,False,True,False,False,2,1,5,0,0,0,0,0,0,0,1,0,0.0,0,0,0.0,0,0,0,0,4,4,0,3,1,7,4,0.0,0.0,30.0,29.14285714285714,True,complex,,,0,0,0,0,0.0,False,0,0,0,0,0,0,0.0,False,0,0,0.0,0,0,0,False,0,0,0.0,0
22,timed_crowdsale,,data/smartbugs_curated/dataset/time_manipulation/timed_crowdsale.sol,,smartbugs_curated,False,False,True,False,False,False,False,False,False,False,False,False,False,False,False,False,False,False,False,False,False,False,True,False,False,0,0,3,0,0,0,0,0,0,0,1,0,0.0,0,0,0.0,0,0,0,0,2,1,0,0,0,2,2,0.0,0.0,3.0,4.05,False,moderate,,,0,0,0,0,0.0,False,0,0,0,0,0,0,0.0,False,0,0,0.0,0,0,0,False,0,0,0.0,0
23,lottopollo,,data/smartbugs_curated/dataset/time_manipulation/lottopollo.sol,,smartbugs_curated,False,True,True,True,False,False,False,False,False,False,False,False,False,False,False,False,False,False,False,False,False,False,True,False,False,1,2,4,3,2,2,0,7,0,31,1,1,3.0,0,7,0.22580645161290322,0,0,0,0,3,4,0,3,0,5,4,0.0,0.0,24.0,27.84,True,complex,,,16,16,0,4,1.0,False,1,9,3,3,2,2,0.4,False,2,1,1.0,2,2,1,True,2,2,0.5,2
24,dos_number,,data/smartbugs_curated/dataset/denial_of_service/dos_number.sol,,smartbugs_curated,False,False,False,False,False,False,False,False,False,False,False,False,False,False,False,False,False,False,False,False,False,False,True,False,False,0,0,3,0,0,0,0,0,0,0,1,0,0.0,0,0,0.0,0,0,0,0,2,1,0,0,1,2,1,0.0,0.0,3.0,4.05,False,simple,,,0,0,0,0,0.0,False,0,0,0,0,0,0,0.0,False,0,0,0.0,0,0,0,False,0,0,0.0,0
25,send_loop,,data/smartbugs_curated/dataset/denial_of_service/send_loop.sol,,smartbugs_curated,False,False,False,False,False,False,False,False,False,False,True,False,False,False,False,False,False,False,False,False,False,False,True,False,False,1,0,3,0,0,0,0,0,0,0,1,0,0.0,0,0,0.0,0,0,0,0,4,1,0,1,1,4,2,0.0,0.0,13.0,15.275,False,moderate,,,0,0,0,0,0.0,False,0,0,0,0,0,0,0.0,False,0,0,0.0,0,0,0,False,0,0,0.0,0
26,list_dos,,data/smartbugs_curated/dataset/denial_of_service/list_dos.sol,,smartbugs_curated,False,False,True,True,True,False,False,False,False,False,False,False,False,False,False,False,False,False,False,False,False,False,True,False,False,2,7,8,0,0,0,0,0,0,0,1,0,0.0,0,0,0.0,0,0,0,0,3,15,0,9,5,7,4,0.0,0.0,63.0,121.5,True,critical,,,0,0,0,0,0.0,False,0,0,0,0,0,0,0.0,False,0,0,0.0,0,0,0,False,0,0,0.0,0
27,dos_simple,,data/smartbugs_curated/dataset/denial_of_service/dos_simple.sol,,smartbugs_curated,False,False,False,False,False,False,False,False,False,False,False,False,False,False,False,False,False,False,False,False,False,False,True,False,False,0,0,2,0,0,0,0,0,0,0,1,0,0.0,0,0,0.0,0,0,0,0,2,0,0,0,0,1,1,0.0,0.0,2.0,4.0,False,simple,,,0,0,0,0,0.0,False,0,0,0,0,0,0,0.0,False,0,0,0.0,0,0,0,False,0,0,0.0,0
28,auction,,data/smartbugs_curated/dataset/denial_of_service/auction.sol,,smartbugs_curated,False,False,False,False,True,False,False,False,False,False,False,False,False,False,False,False,False,False,False,False,False,False,True,False,False,0,0,3,0,0,0,0,0,0,0,1,0,0.0,0,0,0.0,0,0,0,0,2,1,0,0,1,2,2,0.0,0.0,3.0,4.05,False,moderate,,,0,0,0,0,0.0,False,0,0,0,0,0,0,0.0,False,0,0,0.0,0,0,0,False,0,0,0.0,0
29,dos_address,,data/smartbugs_curated/dataset/denial_of_service/dos_address.sol,,smartbugs_curated,False,False,False,False,False,False,False,False,False,False,False,False,False,False,False,False,False,False,False,False,False,False,True,False,False,1,0,2,0,0,0,0,0,0,0,1,0,0.0,0,0,0.0,0,0,0,0,2,1,0,1,0,2,1,0.0,0.0,12.0,16.2,False,moderate,,,0,0,0,0,0.0,False,0,0,0,0,0,0,0.0,False,0,0,0.0,0,0,0,False,0,0,0.0,0
30,lottery,,data/smartbugs_curated/dataset/bad_randomness/lottery.sol,,smartbugs_curated,False,False,False,False,False,False,False,False,False,False,False,False,False,False,False,False,False,False,False,False,False,False,True,False,False,1,1,7,0,0,0,0,0,0,0,1,0,0.0,0,0,0.0,0,0,0,0,9,1,0,2,1,5,1,0.0,0.0,22.0,42.67999999999999,True,moderate,,,0,0,0,0,0.0,False,0,0,0,0,0,0,0.0,False,0,0,0.0,0,0,0,False,0,0,0.0,0
31,random_number_generator,,data/smartbugs_curated/dataset/bad_randomness/random_number_generator.sol,,smartbugs_curated,False,False,True,False,False,False,False,False,False,False,False,False,False,False,False,False,False,False,False,False,False,False,True,False,False,1,0,3,0,0,0,0,0,0,0,1,0,0.0,0,0,0.0,0,0,0,0,2,2,0,1,0,3,2,0.0,0.0,13.0,14.733333333333333,False,moderate,,,0,0,0,0,0.0,False,0,0,0,0,0,0,0.0,False,0,0,0.0,0,0,0,False,0,0,0.0,0
32,etheraffle,,data/smartbugs_curated/dataset/bad_randomness/etheraffle.sol,,smartbugs_curated,False,False,False,False,True,False,False,False,False,False,False,False,False,False,False,False,False,False,False,False,False,False,True,False,False,0,0,6,0,0,0,0,0,0,0,1,0,0.0,0,0,0.0,0,0,0,0,3,3,0,0,2,5,2,0.0,0.0,6.0,6.119999999999999,False,moderate,,,0,0,0,0,0.0,False,0,0,0,0,0,0,0.0,False,0,0,0.0,0,0,0,False,0,0,0.0,0
33,lucky_doubler,,data/smartbugs_curated/dataset/bad_randomness/lucky_doubler.sol,,smartbugs_curated,False,False,True,True,True,False,False,False,False,False,False,False,False,False,False,False,False,False,False,False,False,False,True,False,False,3,4,12,0,0,0,0,0,0,0,1,0,0.0,0,0,0.0,0,0,0,0,6,13,0,7,2,10,5,0.0,0.0,62.0,93.62,True,critical,,,0,0,0,0,0.0,False,0,0,0,0,0,0,0.0,False,0,0,0.0,0,0,0,False,0,0,0.0,0
34,guess_the_random_number,,data/smartbugs_curated/dataset/bad_randomness/guess_the_random_number.sol,,smartbugs_curated,False,True,True,False,False,False,False,False,False,False,False,False,False,False,False,False,False,False,False,False,False,False,True,False,False,1,2,4,0,0,0,0,0,0,0,1,0,0.0,0,0,0.0,0,0,0,0,5,2,0,3,0,5,3,0.0,0.0,24.0,30.720000000000002,True,complex,,,0,0,0,0,0.0,False,0,0,0,0,0,0,0.0,False,0,0,0.0,0,0,0,False,0,0,0.0,0
35,smart_billions,,data/smartbugs_curated/dataset/bad_randomness/smart_billions.sol,,smartbugs_curated,False,False,False,False,True,False,False,False,False,False,False,False,False,False,False,False,False,True,False,False,False,False,True,False,False,3,16,58,0,0,0,0,0,0,0,1,0,0.0,0,0,0.0,0,0,0,0,59,20,0,19,6,15,4,0.0,0.0,168.0,817.5999999999999,True,critical,,,0,0,0,0,0.0,False,0,0,0,0,0,0,0.0,False,0,0,0.0,0,0,0,False,0,0,0.0,0
36,old_blockhash,,data/smartbugs_curated/dataset/bad_randomness/old_blockhash.sol,,smartbugs_curated,False,False,False,False,False,False,False,False,False,False,False,False,False,False,False,False,False,False,False,False,False,False,True,False,False,0,0,3,0,0,0,0,0,0,0,1,0,0.0,0,0,0.0,0,0,0,0,3,0,0,0,0,2,1,0.0,0.0,3.0,4.5,False,simple,,,0,0,0,0,0.0,False,0,0,0,0,0,0,0.0,False,0,0,0.0,0,0,0,False,0,0,0.0,0
37,blackjack,,data/smartbugs_curated/dataset/bad_randomness/blackjack.sol,,smartbugs_curated,False,False,True,False,True,False,False,False,False,False,False,False,False,False,False,False,False,False,False,False,False,False,True,False,False,3,2,21,0,0,0,0,0,0,0,1,0,0.0,0,0,0.0,0,0,0,0,21,8,0,5,5,8,3,0.0,0.0,61.0,202.825,True,critical,,,0,0,0,0,0.0,False,0,0,0,0,0,0,0.0,False,0,0,0.0,0,0,0,False,0,0,0.0,0
38,integer_overflow_benign_1,,data/smartbugs_curated/dataset/arithmetic/integer_overflow_benign_1.sol,,smartbugs_curated,False,False,False,False,False,False,False,False,False,False,False,False,False,False,False,False,False,False,False,False,False,False,True,False,False,0,0,2,0,0,0,0,0,0,0,1,0,0.0,0,0,0.0,0,0,0,0,3,0,0,0,0,2,1,0.0,0.0,2.0,3.0,False,simple,,,0,0,0,0,0.0,False,0,0,0,0,0,0,0.0,False,0,0,0.0,0,0,0,False,0,0,0.0,0
39,timelock,,data/smartbugs_curated/dataset/arithmetic/timelock.sol,,smartbugs_curated,False,False,True,False,False,False,False,False,False,False,False,False,False,False,False,False,False,False,False,False,False,False,True,False,False,0,0,4,0,0,0,0,0,0,0,1,0,0.0,0,0,0.0,0,0,0,0,3,1,0,0,0,3,2,0.0,0.0,4.0,4.933333333333334,False,moderate,,,0,0,0,0,0.0,False,0,0,0,0,0,0,0.0,False,0,0,0.0,0,0,0,False,0,0,0.0,0
40,integer_overflow_multitx_multifunc_feasible,,data/smartbugs_curated/dataset/arithmetic/integer_overflow_multitx_multifunc_feasible.sol,,smartbugs_curated,False,False,False,False,False,False,False,False,False,False,False,False,False,False,False,False,False,False,False,False,False,False,True,False,False,0,0,2,0,0,0,0,0,0,0,1,0,0.0,0,0,0.0,0,0,0,0,2,0,0,0,0,1,1,0.0,0.0,2.0,4.0,False,simple,,,0,0,0,0,0.0,False,0,0,0,0,0,0,0.0,False,0,0,0.0,0,0,0,False,0,0,0.0,0
41,BECToken,,data/smartbugs_curated/dataset/arithmetic/BECToken.sol,,smartbugs_curated,False,False,False,False,False,False,False,False,False,False,False,False,False,False,False,False,False,False,False,False,False,False,True,False,False,0,0,24,0,0,0,0,0,0,0,1,0,0.0,0,0,0.0,0,0,0,0,26,3,0,0,0,6,1,0.0,0.0,24.0,112.4,True,complex,,,0,0,0,0,0.0,False,0,0,0,0,0,0,0.0,False,0,0,0.0,0,0,0,False,0,0,0.0,0
42,overflow_simple_add,,data/smartbugs_curated/dataset/arithmetic/overflow_simple_add.sol,,smartbugs_curated,False,False,False,False,False,False,False,False,False,False,False,False,False,False,False,False,False,False,False,False,False,False,True,False,False,0,0,3,0,0,0,0,0,0,0,1,0,0.0,0,0,0.0,0,0,0,0,3,0,0,0,0,2,1,0.0,0.0,3.0,4.5,False,simple,,,0,0,0,0,0.0,False,0,0,0,0,0,0,0.0,False,0,0,0.0,0,0,0,False,0,0,0.0,0
43,overflow_single_tx,,data/smartbugs_curated/dataset/arithmetic/overflow_single_tx.sol,,smartbugs_curated,False,False,False,False,False,False,False,False,False,False,False,False,False,False,False,False,False,False,False,False,False,False,True,False,False,0,0,2,0,0,0,0,0,0,0,1,0,0.0,0,0,0.0,0,0,0,0,2,0,0,0,0,1,1,0.0,0.0,2.0,4.0,False,simple,,,0,0,0,0,0.0,False,0,0,0,0,0,0,0.0,False,0,0,0.0,0,0,0,False,0,0,0.0,0
44,integer_overflow_1,,data/smartbugs_curated/dataset/arithmetic/integer_overflow_1.sol,,smartbugs_curated,False,False,False,False,False,False,False,False,False,False,False,False,False,False,False,False,False,False,False,False,False,False,True,False,False,0,0,2,0,0,0,0,0,0,0,1,0,0.0,0,0,0.0,0,0,0,0,2,0,0,0,0,1,1,0.0,0.0,2.0,4.0,False,simple,,,0,0,0,0,0.0,False,0,0,0,0,0,0,0.0,False,0,0,0.0,0,0,0,False,0,0,0.0,0
45,token,,data/smartbugs_curated/dataset/arithmetic/token.sol,,smartbugs_curated,False,False,False,False,False,False,False,False,False,False,False,False,False,False,False,False,False,False,False,False,False,False,True,False,False,0,1,5,0,0,0,0,0,0,0,1,0,0.0,0,0,0.0,0,0,0,0,6,0,0,1,0,3,1,0.0,0.0,10.0,20.0,False,moderate,,,0,0,0,0,0.0,False,0,0,0,0,0,0,0.0,False,0,0,0.0,0,0,0,False,0,0,0.0,0
46,integer_overflow_minimal,,data/smartbugs_curated/dataset/arithmetic/integer_overflow_minimal.sol,,smartbugs_curated,False,False,False,False,False,False,False,False,False,False,False,False,False,False,False,False,False,False,False,False,False,False,True,False,False,0,0,2,0,0,0,0,0,0,0,1,0,0.0,0,0,0.0,0,0,0,0,2,0,0,0,0,1,1,0.0,0.0,2.0,4.0,False,simple,,,0,0,0,0,0.0,False,0,0,0,0,0,0,0.0,False,0,0,0.0,0,0,0,False,0,0,0.0,0
47,integer_overflow_mapping_sym_1,,data/smartbugs_curated/dataset/arithmetic/integer_overflow_mapping_sym_1.sol,,smartbugs_curated,False,False,False,False,False,False,False,False,False,False,False,False,False,False,False,False,False,False,False,False,False,False,True,False,False,0,0,2,0,0,0,0,0,0,0,1,0,0.0,0,0,0.0,0,0,0,0,2,0,0,0,0,1,1,0.0,0.0,2.0,4.0,False,simple,,,0,0,0,0,0.0,False,0,0,0,0,0,0,0.0,False,0,0,0.0,0,0,0,False,0,0,0.0,0
48,insecure_transfer,,data/smartbugs_curated/dataset/arithmetic/insecure_transfer.sol,,smartbugs_curated,False,False,False,False,False,False,False,False,False,False,False,False,False,False,False,False,False,False,False,False,False,False,True,False,False,0,1,4,0,0,0,0,0,0,0,1,0,0.0,0,0,0.0,0,0,0,0,5,0,0,1,0,3,1,0.0,0.0,9.0,14.999999999999998,False,moderate,,,0,0,0,0,0.0,False,0,0,0,0,0,0,0.0,False,0,0,0.0,0,0,0,False,0,0,0.0,0
49,integer_overflow_multitx_onefunc_feasible,,data/smartbugs_curated/dataset/arithmetic/integer_overflow_multitx_onefunc_feasible.sol,,smartbugs_curated,False,False,False,False,False,False,False,False,False,False,False,False,False,False,False,False,False,False,False,False,False,False,True,False,False,0,0,2,0,0,0,0,0,0,0,1,0,0.0,0,0,0.0,0,0,0,0,2,0,0,0,0,1,1,0.0,0.0,2.0,4.0,False,simple,,,0,0,0,0,0.0,False,0,0,0,0,0,0,0.0,False,0,0,0.0,0,0,0,False,0,0,0.0,0
50,integer_overflow_add,,data/smartbugs_curated/dataset/arithmetic/integer_overflow_add.sol,,smartbugs_curated,False,False,False,False,False,False,False,False,False,False,False,False,False,False,False,False,False,False,False,False,False,False,True,False,False,0,0,2,0,0,0,0,0,0,0,1,0,0.0,0,0,0.0,0,0,0,0,2,0,0,0,0,1,1,0.0,0.0,2.0,4.0,False,simple,,,0,0,0,0,0.0,False,0,0,0,0,0,0,0.0,False,0,0,0.0,0,0,0,False,0,0,0.0,0
51,tokensalechallenge,,data/smartbugs_curated/dataset/arithmetic/tokensalechallenge.sol,,smartbugs_curated,False,False,False,False,False,False,False,False,False,False,False,False,False,False,False,False,False,False,False,False,False,False,True,False,False,0,0,2,0,0,0,0,0,0,0,1,0,0.0,0,0,0.0,0,0,0,0,2,0,0,0,0,1,1,0.0,0.0,2.0,4.0,False,simple,,,0,0,0,0,0.0,False,0,0,0,0,0,0,0.0,False,0,0,0.0,0,0,0,False,0,0,0.0,0
52,integer_overflow_mul,,data/smartbugs_curated/dataset/arithmetic/integer_overflow_mul.sol,,smartbugs_curated,False,False,False,False,False,False,False,False,False,False,False,False,False,False,False,False,False,False,False,False,False,False,True,False,False,0,0,2,0,0,0,0,0,0,0,1,0,0.0,0,0,0.0,0,0,0,0,2,0,0,0,0,1,1,0.0,0.0,2.0,4.0,False,simple,,,0,0,0,0,0.0,False,0,0,0,0,0,0,0.0,False,0,0,0.0,0,0,0,False,0,0,0.0,0
53,0x941d225236464a25eb18076df7da6a91d0f95e9e,,data/smartbugs_curated/dataset/reentrancy/0x941d225236464a25eb18076df7da6a91d0f95e9e.sol,,smartbugs_curated,True,False,False,True,False,True,False,False,False,False,False,False,False,False,False,False,False,False,False,False,False,False,True,False,False,2,0,16,0,0,0,0,0,0,0,1,0,0.0,0,0,0.0,0,0,0,0,17,3,0,2,0,8,3,0.0,0.0,36.0,85.95,True,complex,,,0,0,0,0,0.0,False,0,0,0,0,0,0,0.0,False,0,0,0.0,0,0,0,False,0,0,0.0,0
54,0x23a91059fdc9579a9fbd0edc5f2ea0bfdb70deb4,,data/smartbugs_curated/dataset/reentrancy/0x23a91059fdc9579a9fbd0edc5f2ea0bfdb70deb4.sol,,smartbugs_curated,True,False,False,True,False,False,False,False,False,False,False,False,False,False,False,False,False,False,False,False,False,False,True,False,False,2,0,14,0,0,0,0,0,0,0,1,0,0.0,0,0,0.0,0,0,0,0,16,2,0,2,0,7,3,0.0,0.0,34.0,84.5142857142857,True,complex,,,0,0,0,0,0.0,False,0,0,0,0,0,0,0.0,False,0,0,0.0,0,0,0,False,0,0,0.0,0
55,etherstore,,data/smartbugs_curated/dataset/reentrancy/etherstore.sol,,smartbugs_curated,True,False,True,True,False,False,False,False,False,False,False,False,False,False,False,False,False,False,False,False,False,False,True,False,False,1,0,5,0,0,0,0,0,0,0,1,0,0.0,0,0,0.0,0,0,0,0,5,2,0,1,0,6,4,0.0,0.0,15.0,15.999999999999998,True,complex,,,0,0,0,0,0.0,False,0,0,0,0,0,0,0.0,False,0,0,0.0,0,0,0,False,0,0,0.0,0
56,0xbe4041d55db380c5ae9d4a9b9703f1ed4e7e3888,,data/smartbugs_curated/dataset/reentrancy/0xbe4041d55db380c5ae9d4a9b9703f1ed4e7e3888.sol,,smartbugs_curated,True,False,True,True,False,False,False,False,False,False,False,False,False,False,False,False,False,False,False,False,False,False,True,False,False,2,0,26,0,0,0,0,0,0,0,1,0,0.0,0,0,0.0,0,0,0,0,25,4,0,2,0,8,4,0.0,0.0,46.0,159.85,True,critical,,,0,0,0,0,0.0,False,0,0,0,0,0,0,0.0,False,0,0,0.0,0,0,0,False,0,0,0.0,0
57,0xb5e1b1ee15c6fa0e48fce100125569d430f1bd12,,data/smartbugs_curated/dataset/reentrancy/0xb5e1b1ee15c6fa0e48fce100125569d430f1bd12.sol,,smartbugs_curated,True,False,False,True,False,False,False,False,False,False,False,False,False,False,False,False,False,False,False,False,False,False,True,False,False,2,0,15,0,0,0,0,0,0,0,1,0,0.0,0,0,0.0,0,0,0,0,17,2,0,2,0,7,3,0.0,0.0,35.0,92.0,True,complex,,,0,0,0,0,0.0,False,0,0,0,0,0,0,0.0,False,0,0,0.0,0,0,0,False,0,0,0.0,0
58,etherbank,,data/smartbugs_curated/dataset/reentrancy/etherbank.sol,,smartbugs_curated,True,False,False,True,False,False,False,False,False,False,False,False,False,False,False,False,False,False,False,False,False,False,True,False,False,1,0,4,0,0,0,0,0,0,0,1,0,0.0,0,0,0.0,0,0,0,0,4,1,0,1,0,4,3,0.0,0.0,14.0,16.45,True,moderate,,,0,0,0,0,0.0,False,0,0,0,0,0,0,0.0,False,0,0,0.0,0,0,0,False,0,0,0.0,0
59,modifier_reentrancy,,data/smartbugs_curated/dataset/reentrancy/modifier_reentrancy.sol,,smartbugs_curated,True,False,False,False,False,False,False,False,False,False,False,False,False,False,False,False,False,False,False,False,True,False,True,False,False,0,1,4,0,0,0,0,0,0,0,1,0,0.0,0,0,0.0,0,0,0,0,4,1,0,1,0,4,3,0.0,0.0,9.0,10.575,True,moderate,,,0,0,0,0,0.0,False,0,0,0,0,0,0,0.0,False,0,0,0.0,0,0,0,False,0,0,0.0,0
60,reentrance,,data/smartbugs_curated/dataset/reentrancy/reentrance.sol,,smartbugs_curated,True,False,False,True,False,False,False,False,False,False,False,False,False,False,False,False,False,False,False,False,False,False,True,False,False,1,0,7,0,0,0,0,0,0,0,1,0,0.0,0,0,0.0,0,0,0,0,7,1,0,1,0,5,3,0.0,0.0,17.0,26.180000000000003,True,complex,,,0,0,0,0,0.0,False,0,0,0,0,0,0,0.0,False,0,0,0.0,0,0,0,False,0,0,0.0,0
61,0x4e73b32ed6c35f570686b89848e5f39f20ecc106,,data/smartbugs_curated/dataset/reentrancy/0x4e73b32ed6c35f570686b89848e5f39f20ecc106.sol,,smartbugs_curated,True,False,False,True,False,False,False,False,False,False,False,False,False,False,False,False,False,False,False,False,False,False,True,False,False,2,0,20,0,0,0,0,0,0,0,1,0,0.0,0,0,0.0,0,0,0,0,21,2,0,2,0,6,3,0.0,0.0,40.0,149.33333333333334,True,critical,,,0,0,0,0,0.0,False,0,0,0,0,0,0,0.0,False,0,0,0.0,0,0,0,False,0,0,0.0,0
62,0xb93430ce38ac4a6bb47fb1fc085ea669353fd89e,,data/smartbugs_curated/dataset/reentrancy/0xb93430ce38ac4a6bb47fb1fc085ea669353fd89e.sol,,smartbugs_curated,True,False,False,True,False,False,False,False,False,False,False,False,False,False,False,False,False,False,False,False,False,False,True,False,False,2,0,14,0,0,0,0,0,0,0,1,0,0.0,0,0,0.0,0,0,0,0,16,2,0,2,0,7,3,0.0,0.0,34.0,84.5142857142857,True,complex,,,0,0,0,0,0.0,False,0,0,0,0,0,0,0.0,False,0,0,0.0,0,0,0,False,0,0,0.0,0
63,0xbaf51e761510c1a11bf48dd87c0307ac8a8c8a4f,,data/smartbugs_curated/dataset/reentrancy/0xbaf51e761510c1a11bf48dd87c0307ac8a8c8a4f.sol,,smartbugs_curated,True,False,False,True,False,False,False,False,False,False,False,False,False,False,False,False,False,False,False,False,False,False,True,False,False,2,0,15,0,0,0,0,0,0,0,1,0,0.0,0,0,0.0,0,0,0,0,17,2,0,2,0,7,3,0.0,0.0,35.0,92.0,True,complex,,,0,0,0,0,0.0,False,0,0,0,0,0,0,0.0,False,0,0,0.0,0,0,0,False,0,0,0.0,0
64,0xaae1f51cf3339f18b6d3f3bdc75a5facd744b0b8,,data/smartbugs_curated/dataset/reentrancy/0xaae1f51cf3339f18b6d3f3bdc75a5facd744b0b8.sol,,smartbugs_curated,True,False,False,True,False,False,False,False,False,False,False,False,False,False,False,False,False,False,False,False,False,False,True,False,False,2,0,22,0,0,0,0,0,0,0,1,0,0.0,0,0,0.0,0,0,0,0,23,2,0,2,0,7,3,0.0,0.0,42.0,146.4,True,critical,,,0,0,0,0,0.0,False,0,0,0,0,0,0,0.0,False,0,0,0.0,0,0,0,False,0,0,0.0,0
65,0x01f8c4e3fa3edeb29e514cba738d87ce8c091d3f,,data/smartbugs_curated/dataset/reentrancy/0x01f8c4e3fa3edeb29e514cba738d87ce8c091d3f.sol,,smartbugs_curated,True,False,False,True,False,False,False,False,False,False,False,False,False,False,False,False,False,False,False,False,False,False,True,False,False,2,0,20,0,0,0,0,0,0,0,1,0,0.0,0,0,0.0,0,0,0,0,21,2,0,2,0,6,3,0.0,0.0,40.0,149.33333333333334,True,critical,,,0,0,0,0,0.0,False,0,0,0,0,0,0,0.0,False,0,0,0.0,0,0,0,False,0,0,0.0,0
66,reentrancy_insecure,,data/smartbugs_curated/dataset/reentrancy/reentrancy_insecure.sol,,smartbugs_curated,True,False,False,True,False,False,False,False,False,False,False,False,False,False,False,False,False,False,False,False,False,False,True,False,False,1,0,4,0,0,0,0,0,0,0,1,0,0.0,0,0,0.0,0,0,0,0,4,1,0,1,0,4,3,0.0,0.0,14.0,16.45,True,moderate,,,0,0,0,0,0.0,False,0,0,0,0,0,0,0.0,False,0,0,0.0,0,0,0,False,0,0,0.0,0
67,simple_dao,,data/smartbugs_curated/dataset/reentrancy/simple_dao.sol,,smartbugs_curated,True,False,False,True,False,False,False,False,False,False,False,False,False,False,False,False,False,False,False,False,False,False,True,False,False,1,0,3,0,0,0,0,0,0,0,1,0,0.0,0,0,0.0,0,0,0,0,3,1,0,1,0,3,3,0.0,0.0,13.0,16.03333333333333,True,moderate,,,0,0,0,0,0.0,False,0,0,0,0,0,0,0.0,False,0,0,0.0,0,0,0,False,0,0,0.0,0
68,0x4320e6f8c05b27ab4707cd1f6d5ce6f3e4b3a5a1,,data/smartbugs_curated/dataset/reentrancy/0x4320e6f8c05b27ab4707cd1f6d5ce6f3e4b3a5a1.sol,,smartbugs_curated,True,False,False,True,False,False,False,False,False,False,False,False,False,False,False,False,False,False,False,False,False,False,True,False,False,2,0,20,0,0,0,0,0,0,0,1,0,0.0,0,0,0.0,0,0,0,0,21,2,0,2,0,6,3,0.0,0.0,40.0,149.33333333333334,True,critical,,,0,0,0,0,0.0,False,0,0,0,0,0,0,0.0,False,0,0,0.0,0,0,0,False,0,0,0.0,0
69,0x7541b76cb60f4c60af330c208b0623b7f54bf615,,data/smartbugs_curated/dataset/reentrancy/0x7541b76cb60f4c60af330c208b0623b7f54bf615.sol,,smartbugs_curated,True,False,True,True,False,False,False,False,False,False,False,False,False,False,False,False,False,False,False,False,False,False,True,False,False,2,0,19,0,0,0,0,0,0,0,1,0,0.0,0,0,0.0,0,0,0,0,19,4,0,2,0,8,4,0.0,0.0,39.0,106.275,True,critical,,,0,0,0,0,0.0,False,0,0,0,0,0,0,0.0,False,0,0,0.0,0,0,0,False,0,0,0.0,0
70,0x561eac93c92360949ab1f1403323e6db345cbf31,,data/smartbugs_curated/dataset/reentrancy/0x561eac93c92360949ab1f1403323e6db345cbf31.sol,,smartbugs_curated,True,False,False,True,False,False,False,False,False,False,False,False,False,False,False,False,False,False,False,False,False,False,True,False,False,2,0,22,0,0,0,0,0,0,0,1,0,0.0,0,0,0.0,0,0,0,0,23,2,0,2,0,7,3,0.0,0.0,42.0,146.4,True,critical,,,0,0,0,0,0.0,False,0,0,0,0,0,0,0.0,False,0,0,0.0,0,0,0,False,0,0,0.0,0
71,reentrancy_cross_function,,data/smartbugs_curated/dataset/reentrancy/reentrancy_cross_function.sol,,smartbugs_curated,True,False,False,True,False,False,False,False,False,False,False,False,False,False,False,False,False,False,False,False,False,False,True,False,False,1,1,4,0,0,0,0,0,0,0,1,0,0.0,0,0,0.0,0,0,0,0,5,1,0,2,0,5,3,0.0,0.0,19.0,21.659999999999997,True,moderate,,,0,0,0,0,0.0,False,0,0,0,0,0,0,0.0,False,0,0,0.0,0,0,0,False,0,0,0.0,0
72,spank_chain_payment,,data/smartbugs_curated/dataset/reentrancy/spank_chain_payment.sol,,smartbugs_curated,True,True,True,True,True,True,True,False,False,False,False,False,False,False,True,False,False,False,False,False,False,False,True,False,False,3,17,98,0,0,0,0,0,0,0,1,0,0.0,0,0,0.0,0,0,0,0,93,35,0,20,3,18,6,0.0,0.0,213.0,1390.4166666666667,True,critical,,,0,0,0,0,0.0,False,0,0,0,0,0,0,0.0,False,0,0,0.0,0,0,0,False,0,0,0.0,0
73,0x7b368c4e805c3870b6c49a3f1f49f69af8662cf3,,data/smartbugs_curated/dataset/reentrancy/0x7b368c4e805c3870b6c49a3f1f49f69af8662cf3.sol,,smartbugs_curated,True,False,True,True,False,False,False,False,False,False,False,False,False,False,False,False,False,False,False,False,False,False,True,False,False,2,0,19,0,0,0,0,0,0,0,1,0,0.0,0,0,0.0,0,0,0,0,19,4,0,2,0,8,4,0.0,0.0,39.0,106.275,True,critical,,,0,0,0,0,0.0,False,0,0,0,0,0,0,0.0,False,0,0,0.0,0,0,0,False,0,0,0.0,0
74,0x7a8721a9d64c74da899424c1b52acbf58ddc9782,,data/smartbugs_curated/dataset/reentrancy/0x7a8721a9d64c74da899424c1b52acbf58ddc9782.sol,,smartbugs_curated,True,False,False,True,False,False,False,False,False,False,False,False,False,False,False,False,False,False,False,False,False,False,True,False,False,2,0,15,0,0,0,0,0,0,0,1,0,0.0,0,0,0.0,0,0,0,0,17,2,0,2,0,7,3,0.0,0.0,35.0,92.0,True,complex,,,0,0,0,0,0.0,False,0,0,0,0,0,0,0.0,False,0,0,0.0,0,0,0,False,0,0,0.0,0
75,0xf015c35649c82f5467c9c74b7f28ee67665aad68,,data/smartbugs_curated/dataset/reentrancy/0xf015c35649c82f5467c9c74b7f28ee67665aad68.sol,,smartbugs_curated,True,False,True,True,False,False,False,False,False,False,False,False,False,False,False,False,False,False,False,False,False,False,True,False,False,2,0,19,0,0,0,0,0,0,0,1,0,0.0,0,0,0.0,0,0,0,0,19,4,0,2,0,8,4,0.0,0.0,39.0,106.275,True,critical,,,0,0,0,0,0.0,False,0,0,0,0,0,0,0.0,False,0,0,0.0,0,0,0,False,0,0,0.0,0
76,0x8c7777c45481dba411450c228cb692ac3d550344,,data/smartbugs_curated/dataset/reentrancy/0x8c7777c45481dba411450c228cb692ac3d550344.sol,,smartbugs_curated,True,False,False,True,False,False,False,False,False,False,False,False,False,False,False,False,False,False,False,False,False,False,True,False,False,2,0,15,0,0,0,0,0,0,0,1,0,0.0,0,0,0.0,0,0,0,0,17,2,0,2,0,7,3,0.0,0.0,35.0,92.0,True,complex,,,0,0,0,0,0.0,False,0,0,0,0,0,0,0.0,False,0,0,0.0,0,0,0,False,0,0,0.0,0
77,0x627fa62ccbb1c1b04ffaecd72a53e37fc0e17839,,data/smartbugs_curated/dataset/reentrancy/0x627fa62ccbb1c1b04ffaecd72a53e37fc0e17839.sol,,smartbugs_curated,True,False,False,True,False,False,False,False,False,False,False,False,False,False,False,False,False,True,False,False,False,False,True,False,False,2,1,20,0,0,0,0,0,0,0,1,0,0.0,0,0,0.0,0,0,0,0,18,5,0,3,0,9,4,0.0,0.0,45.0,107.5,True,critical,,,0,0,0,0,0.0,False,0,0,0,0,0,0,0.0,False,0,0,0.0,0,0,0,False,0,0,0.0,0
78,reentrancy_bonus,,data/smartbugs_curated/dataset/reentrancy/reentrancy_bonus.sol,,smartbugs_curated,True,True,False,True,False,False,False,False,False,False,False,False,False,False,False,False,False,False,False,False,True,False,True,False,False,2,0,6,0,0,0,0,0,0,0,1,0,0.0,0,0,0.0,0,0,0,0,5,3,0,2,0,7,5,0.0,0.0,26.0,26.37142857142857,True,complex,,,0,0,0,0,0.0,False,0,0,0,0,0,0,0.0,False,0,0,0.0,0,0,0,False,0,0,0.0,0
79,0xcead721ef5b11f1a7b530171aab69b16c5e66b6e,,data/smartbugs_curated/dataset/reentrancy/0xcead721ef5b11f1a7b530171aab69b16c5e66b6e.sol,,smartbugs_curated,True,False,True,True,False,False,False,False,False,False,False,False,False,False,False,False,False,False,False,False,False,False,True,False,False,2,0,18,0,0,0,0,0,0,0,1,0,0.0,0,0,0.0,0,0,0,0,18,4,0,2,0,8,4,0.0,0.0,38.0,98.8,True,critical,,,0,0,0,0,0.0,False,0,0,0,0,0,0,0.0,False,0,0,0.0,0,0,0,False,0,0,0.0,0
80,reentrancy_simple,,data/smartbugs_curated/dataset/reentrancy/reentrancy_simple.sol,,smartbugs_curated,True,False,False,True,False,False,False,False,False,False,False,False,False,False,False,False,False,False,False,False,False,False,True,False,False,1,0,4,0,0,0,0,0,0,0,1,0,0.0,0,0,0.0,0,0,0,0,4,1,0,1,0,4,3,0.0,0.0,14.0,16.45,True,moderate,,,0,0,0,0,0.0,False,0,0,0,0,0,0,0.0,False,0,0,0.0,0,0,0,False,0,0,0.0,0
81,0x96edbe868531bd23a6c05e9d0c424ea64fb1b78b,,data/smartbugs_curated/dataset/reentrancy/0x96edbe868531bd23a6c05e9d0c424ea64fb1b78b.sol,,smartbugs_curated,True,False,True,True,False,False,False,False,False,False,False,False,False,False,False,False,False,False,False,False,False,False,True,False,False,2,0,26,0,0,0,0,0,0,0,1,0,0.0,0,0,0.0,0,0,0,0,25,4,0,2,0,8,4,0.0,0.0,46.0,159.85,True,critical,,,0,0,0,0,0.0,False,0,0,0,0,0,0,0.0,False,0,0,0.0,0,0,0,False,0,0,0.0,0
82,0x93c32845fae42c83a70e5f06214c8433665c2ab5,,data/smartbugs_curated/dataset/reentrancy/0x93c32845fae42c83a70e5f06214c8433665c2ab5.sol,,smartbugs_curated,True,False,True,True,False,False,False,False,False,False,False,False,False,False,False,False,False,False,False,False,False,False,True,False,False,2,0,19,0,0,0,0,0,0,0,1,0,0.0,0,0,0.0,0,0,0,0,19,4,0,2,0,8,4,0.0,0.0,39.0,106.275,True,critical,,,0,0,0,0,0.0,False,0,0,0,0,0,0,0.0,False,0,0,0.0,0,0,0,False,0,0,0.0,0
83,reentrancy_dao,,data/smartbugs_curated/dataset/reentrancy/reentrancy_dao.sol,,smartbugs_curated,True,False,False,True,False,False,False,False,False,False,False,False,False,False,False,False,False,False,False,False,False,False,True,False,False,1,0,3,0,0,0,0,0,0,0,1,0,0.0,0,0,0.0,0,0,0,0,3,1,0,1,0,3,3,0.0,0.0,13.0,16.03333333333333,True,moderate,,,0,0,0,0,0.0,False,0,0,0,0,0,0,0.0,False,0,0,0.0,0,0,0,False,0,0,0.0,0
84,0x610495793564aed0f9c7fc48dc4c7c9151d34fd6,,data/smartbugs_curated/dataset/unchecked_low_level_calls/0x610495793564aed0f9c7fc48dc4c7c9151d34fd6.sol,,smartbugs_curated,False,False,False,True,False,False,False,False,False,False,False,False,False,False,False,False,False,False,False,False,False,False,True,False,False,0,1,8,0,0,0,0,0,0,0,1,0,0.0,0,0,0.0,0,0,0,0,8,2,0,1,0,6,2,0.0,0.0,13.0,20.366666666666667,False,moderate,,,0,0,0,0,0.0,False,0,0,0,0,0,0,0.0,False,0,0,0.0,0,0,0,False,0,0,0.0,0
85,0xb0510d68f210b7db66e8c7c814f22680f2b8d1d6,,data/smartbugs_curated/dataset/unchecked_low_level_calls/0xb0510d68f210b7db66e8c7c814f22680f2b8d1d6.sol,,smartbugs_curated,False,False,False,True,False,False,False,False,False,False,False,False,False,False,False,False,False,True,False,False,True,False,True,False,False,0,5,18,0,0,0,0,0,0,0,1,0,0.0,0,0,0.0,0,0,0,0,11,14,0,5,0,10,3,0.0,0.0,43.0,89.44,True,critical,,,0,0,0,0,0.0,False,0,0,0,0,0,0,0.0,False,0,0,0.0,0,0,0,False,0,0,0.0,0
86,0xbebbfe5b549f5db6e6c78ca97cac19d1fb03082c,,data/smartbugs_curated/dataset/unchecked_low_level_calls/0xbebbfe5b549f5db6e6c78ca97cac19d1fb03082c.sol,,smartbugs_curated,False,False,False,True,False,False,False,False,False,False,False,False,False,False,False,False,False,True,False,False,False,False,True,False,False,1,1,12,0,0,0,0,0,0,0,1,0,0.0,0,0,0.0,0,0,0,0,11,4,0,2,0,9,4,0.0,0.0,27.0,41.4,True,complex,,,0,0,0,0,0.0,False,0,0,0,0,0,0,0.0,False,0,0,0.0,0,0,0,False,0,0,0.0,0
87,0x7a4349a749e59a5736efb7826ee3496a2dfd5489,,data/smartbugs_curated/dataset/unchecked_low_level_calls/0x7a4349a749e59a5736efb7826ee3496a2dfd5489.sol,,smartbugs_curated,False,True,False,True,False,False,False,False,False,False,False,False,False,False,False,False,False,False,False,False,False,False,True,False,False,1,1,7,0,0,0,0,0,0,0,1,0,0.0,0,0,0.0,0,0,0,0,7,3,0,2,0,7,3,0.0,0.0,22.0,28.6,True,complex,,,0,0,0,0,0.0,False,0,0,0,0,0,0,0.0,False,0,0,0.0,0,0,0,False,0,0,0.0,0
88,0x958a8f594101d2c0485a52319f29b2647f2ebc06,,data/smartbugs_curated/dataset/unchecked_low_level_calls/0x958a8f594101d2c0485a52319f29b2647f2ebc06.sol,,smartbugs_curated,False,True,True,True,True,False,False,False,False,False,False,False,False,False,False,False,False,False,False,False,False,False,True,False,False,1,1,16,0,0,0,0,0,0,0,1,0,0.0,0,0,0.0,0,0,0,0,15,7,0,2,1,10,5,0.0,0.0,31.0,61.69,True,critical,,,0,0,0,0,0.0,False,0,0,0,0,0,0,0.0,False,0,0,0.0,0,0,0,False,0,0,0.0,0
89,etherpot_lotto,,data/smartbugs_curated/dataset/unchecked_low_level_calls/etherpot_lotto.sol,,smartbugs_curated,False,False,True,True,True,False,False,False,False,False,False,False,False,False,False,False,False,False,False,False,False,False,True,False,False,1,2,7,0,0,0,0,0,0,0,1,0,0.0,0,0,0.0,0,0,0,0,3,7,0,3,2,6,4,0.0,0.0,27.0,35.55,True,complex,,,0,0,0,0,0.0,False,0,0,0,0,0,0,0.0,False,0,0,0.0,0,0,0,False,0,0,0.0,0
90,0x0cbe050f75bc8f8c2d6c0d249fea125fd6e1acc9,,data/smartbugs_curated/dataset/unchecked_low_level_calls/0x0cbe050f75bc8f8c2d6c0d249fea125fd6e1acc9.sol,,smartbugs_curated,False,False,False,True,False,False,False,False,False,False,False,False,False,False,False,False,False,False,False,False,False,False,True,False,False,0,1,4,0,0,0,0,0,0,0,1,0,0.0,0,0,0.0,0,0,0,0,3,2,0,1,0,4,2,0.0,0.0,9.0,9.9,False,moderate,,,0,0,0,0,0.0,False,0,0,0,0,0,0,0.0,False,0,0,0.0,0,0,0,False,0,0,0.0,0
91,lotto,,data/smartbugs_curated/dataset/unchecked_low_level_calls/lotto.sol,,smartbugs_curated,False,True,False,True,True,False,False,False,False,False,True,False,False,False,False,False,False,False,False,False,False,False,True,False,False,3,2,3,0,0,0,0,0,0,0,1,0,0.0,0,0,0.0,0,0,0,0,6,4,0,5,1,6,5,0.0,0.0,43.0,63.06666666666666,True,complex,,,0,0,0,0,0.0,False,0,0,0,0,0,0,0.0,False,0,0,0.0,0,0,0,False,0,0,0.0,0
92,0x5aa88d2901c68fda244f1d0584400368d2c8e739,,data/smartbugs_curated/dataset/unchecked_low_level_calls/0x5aa88d2901c68fda244f1d0584400368d2c8e739.sol,,smartbugs_curated,False,False,False,True,False,False,False,False,False,False,False,False,False,False,False,False,False,False,False,False,False,False,True,False,False,0,1,7,0,0,0,0,0,0,0,1,0,0.0,0,0,0.0,0,0,0,0,6,3,0,1,0,6,2,0.0,0.0,12.0,16.2,False,moderate,,,0,0,0,0,0.0,False,0,0,0,0,0,0,0.0,False,0,0,0.0,0,0,0,False,0,0,0.0,0
93,0xe82f0742a71a02b9e9ffc142fdcb6eb1ed06fb87,,data/smartbugs_curated/dataset/unchecked_low_level_calls/0xe82f0742a71a02b9e9ffc142fdcb6eb1ed06fb87.sol,,smartbugs_curated,False,True,False,True,False,False,False,False,False,False,False,False,False,False,False,False,False,False,False,False,False,False,True,False,False,1,1,7,0,0,0,0,0,0,0,1,0,0.0,0,0,0.0,0,0,0,0,7,3,0,2,0,7,3,0.0,0.0,22.0,28.6,True,complex,,,0,0,0,0,0.0,False,0,0,0,0,0,0,0.0,False,0,0,0.0,0,0,0,False,0,0,0.0,0
94,0xa46edd6a9a93feec36576ee5048146870ea2c3ae,,data/smartbugs_curated/dataset/unchecked_low_level_calls/0xa46edd6a9a93feec36576ee5048146870ea2c3ae.sol,,smartbugs_curated,False,False,False,True,False,False,False,False,False,False,False,False,False,False,False,False,False,False,False,False,False,False,True,False,False,0,1,7,0,0,0,0,0,0,0,1,0,0.0,0,0,0.0,0,0,0,0,5,4,0,1,0,7,2,0.0,0.0,12.0,13.37142857142857,False,moderate,,,0,0,0,0,0.0,False,0,0,0,0,0,0,0.0,False,0,0,0.0,0,0,0,False,0,0,0.0,0
95,0x78c2a1e91b52bca4130b6ed9edd9fbcfd4671c37,,data/smartbugs_curated/dataset/unchecked_low_level_calls/0x78c2a1e91b52bca4130b6ed9edd9fbcfd4671c37.sol,,smartbugs_curated,False,True,False,True,False,False,False,False,False,False,False,False,False,False,False,False,False,False,False,False,False,False,True,False,False,1,1,6,0,0,0,0,0,0,0,1,0,0.0,0,0,0.0,0,0,0,0,6,3,0,2,0,7,3,0.0,0.0,21.0,24.3,True,complex,,,0,0,0,0,0.0,False,0,0,0,0,0,0,0.0,False,0,0,0.0,0,0,0,False,0,0,0.0,0
96,0x52d2e0f9b01101a59b38a3d05c80b7618aeed984,,data/smartbugs_curated/dataset/unchecked_low_level_calls/0x52d2e0f9b01101a59b38a3d05c80b7618aeed984.sol,,smartbugs_curated,False,True,False,True,False,False,False,True,False,False,False,False,False,False,False,False,False,False,False,False,False,False,True,False,False,3,1,5,0,0,0,0,0,0,0,1,0,0.0,0,0,0.0,0,0,0,0,3,6,0,4,0,7,3,0.0,0.0,40.0,41.142857142857146,True,complex,,,0,0,0,0,0.0,False,0,0,0,0,0,0,0.0,False,0,0,0.0,0,0,0,False,0,0,0.0,0
97,0x806a6bd219f162442d992bdc4ee6eba1f2c5a707,,data/smartbugs_curated/dataset/unchecked_low_level_calls/0x806a6bd219f162442d992bdc4ee6eba1f2c5a707.sol,,smartbugs_curated,False,True,False,True,False,False,False,False,False,False,False,False,False,False,False,False,False,False,False,False,False,False,True,False,False,1,1,7,0,0,0,0,0,0,0,1,0,0.0,0,0,0.0,0,0,0,0,7,3,0,2,0,7,3,0.0,0.0,22.0,28.6,True,complex,,,0,0,0,0,0.0,False,0,0,0,0,0,0,0.0,False,0,0,0.0,0,0,0,False,0,0,0.0,0
98,0x524960d55174d912768678d8c606b4d50b79d7b1,,data/smartbugs_curated/dataset/unchecked_low_level_calls/0x524960d55174d912768678d8c606b4d50b79d7b1.sol,,smartbugs_curated,False,False,False,True,False,False,False,False,False,False,False,False,False,False,False,False,False,False,False,False,False,False,True,False,False,0,1,3,0,0,0,0,0,0,0,1,0,0.0,0,0,0.0,0,0,0,0,3,1,0,1,0,3,2,0.0,0.0,8.0,9.866666666666665,False,moderate,,,0,0,0,0,0.0,False,0,0,0,0,0,0,0.0,False,0,0,0.0,0,0,0,False,0,0,0.0,0
99,0x89c1b3807d4c67df034fffb62f3509561218d30b,,data/smartbugs_curated/dataset/unchecked_low_level_calls/0x89c1b3807d4c67df034fffb62f3509561218d30b.sol,,smartbugs_curated,False,False,False,False,False,False,False,False,False,False,False,False,False,False,False,False,False,False,False,False,False,False,False,False,False,0,0,0,0,0,0,0,0,0,0,1,0,0.0,0,0,0.0,0,0,0,0,0,0,0,0,0,0,0,0.0,0.0,0.0,0.0,False,simple,COMPILATION_ERROR,Compilation error: ,0,0,0,0,0.0,False,0,0,0,0,0,0,0.0,False,0,0,0.0,0,0,0,False,0,0,0.0,0
100,0x8fd1e427396ddb511533cf9abdbebd0a7e08da35,,data/smartbugs_curated/dataset/unchecked_low_level_calls/0x8fd1e427396ddb511533cf9abdbebd0a7e08da35.sol,,smartbugs_curated,False,False,False,True,False,False,False,False,False,False,False,False,False,False,False,True,False,True,False,False,False,False,True,False,False,1,2,20,0,0,0,0,0,0,0,1,0,0.0,0,0,0.0,0,0,0,0,19,4,0,3,0,9,4,0.0,0.0,40.0,96.88888888888889,True,critical,,,0,0,0,0,0.0,False,0,0,0,0,0,0,0.0,False,0,0,0.0,0,0,0,False,0,0,0.0,0
101,0xf70d589d76eebdd7c12cc5eec99f8f6fa4233b9e,,data/smartbugs_curated/dataset/unchecked_low_level_calls/0xf70d589d76eebdd7c12cc5eec99f8f6fa4233b9e.sol,,smartbugs_curated,False,True,False,True,False,False,False,False,False,False,False,False,False,False,False,False,False,False,False,False,False,False,True,False,False,1,1,7,0,0,0,0,0,0,0,1,0,0.0,0,0,0.0,0,0,0,0,7,3,0,2,0,7,3,0.0,0.0,22.0,28.6,True,complex,,,0,0,0,0,0.0,False,0,0,0,0,0,0,0.0,False,0,0,0.0,0,0,0,False,0,0,0.0,0
102,0x9d06cbafa865037a01d322d3f4222fa3e04e5488,,data/smartbugs_curated/dataset/unchecked_low_level_calls/0x9d06cbafa865037a01d322d3f4222fa3e04e5488.sol,,smartbugs_curated,False,False,False,True,False,False,False,False,False,False,False,False,False,False,False,False,False,True,False,False,False,False,True,False,False,0,2,15,0,0,0,0,0,0,0,1,0,0.0,0,0,0.0,0,0,0,0,16,4,0,2,0,8,3,0.0,0.0,25.0,58.75,True,complex,,,0,0,0,0,0.0,False,0,0,0,0,0,0,0.0,False,0,0,0.0,0,0,0,False,0,0,0.0,0
103,0xb7c5c5aa4d42967efe906e1b66cb8df9cebf04f7,,data/smartbugs_curated/dataset/unchecked_low_level_calls/0xb7c5c5aa4d42967efe906e1b66cb8df9cebf04f7.sol,,smartbugs_curated,True,False,False,True,False,False,False,False,False,False,False,False,False,False,False,False,False,False,False,False,False,False,True,False,False,1,1,4,0,0,0,0,0,0,0,1,0,0.0,0,0,0.0,0,0,0,0,4,2,0,2,0,5,3,0.0,0.0,19.0,20.52,True,moderate,,,0,0,0,0,0.0,False,0,0,0,0,0,0,0.0,False,0,0,0.0,0,0,0,False,0,0,0.0,0
104,0x19cf8481ea15427a98ba3cdd6d9e14690011ab10,,data/smartbugs_curated/dataset/unchecked_low_level_calls/0x19cf8481ea15427a98ba3cdd6d9e14690011ab10.sol,,smartbugs_curated,True,True,False,True,False,False,True,True,False,False,False,False,False,False,False,False,False,False,True,False,True,False,True,False,False,2,3,87,0,0,0,0,0,0,0,1,0,0.0,0,0,0.0,0,0,0,0,84,15,0,5,0,17,5,0.0,0.0,122.0,678.1764705882354,True,critical,,,0,0,0,0,0.0,False,0,0,0,0,0,0,0.0,False,0,0,0.0,0,0,0,False,0,0,0.0,0
105,0x07f7ecb66d788ab01dc93b9b71a88401de7d0f2e,,data/smartbugs_curated/dataset/unchecked_low_level_calls/0x07f7ecb66d788ab01dc93b9b71a88401de7d0f2e.sol,,smartbugs_curated,False,True,True,True,True,True,True,False,False,False,False,False,False,False,False,False,False,False,False,False,True,False,True,False,False,3,2,14,0,0,0,0,0,0,0,1,0,0.0,0,0,0.0,0,0,0,0,9,11,0,5,1,12,6,0.0,0.0,54.0,75.14999999999999,True,critical,,,0,0,0,0,0.0,False,0,0,0,0,0,0,0.0,False,0,0,0.0,0,0,0,False,0,0,0.0,0
106,0xa1fceeff3acc57d257b917e30c4df661401d6431,,data/smartbugs_curated/dataset/unchecked_low_level_calls/0xa1fceeff3acc57d257b917e30c4df661401d6431.sol,,smartbugs_curated,False,False,False,True,False,False,False,False,False,False,False,False,False,False,False,False,False,False,False,False,False,False,True,False,False,0,1,5,0,0,0,0,0,0,0,1,0,0.0,0,0,0.0,0,0,0,0,5,2,0,1,0,6,2,0.0,0.0,10.0,10.666666666666666,False,moderate,,,0,0,0,0,0.0,False,0,0,0,0,0,0,0.0,False,0,0,0.0,0,0,0,False,0,0,0.0,0
107,mishandled,,data/smartbugs_curated/dataset/unchecked_low_level_calls/mishandled.sol,,smartbugs_curated,False,False,False,True,False,False,False,False,False,False,False,False,False,False,False,False,False,False,False,False,False,False,True,False,False,0,1,2,0,0,0,0,0,0,0,1,0,0.0,0,0,0.0,0,0,0,0,2,1,0,1,0,2,2,0.0,0.0,7.0,9.45,False,moderate,,,0,0,0,0,0.0,False,0,0,0,0,0,0,0.0,False,0,0,0.0,0,0,0,False,0,0,0.0,0
108,0xd2018bfaa266a9ec0a1a84b061640faa009def76,,data/smartbugs_curated/dataset/unchecked_low_level_calls/0xd2018bfaa266a9ec0a1a84b061640faa009def76.sol,,smartbugs_curated,False,True,False,True,False,False,False,False,False,False,False,False,False,False,False,False,False,False,False,False,False,False,True,False,False,1,1,7,0,0,0,0,0,0,0,1,0,0.0,0,0,0.0,0,0,0,0,7,3,0,2,0,7,3,0.0,0.0,22.0,28.6,True,complex,,,0,0,0,0,0.0,False,0,0,0,0,0,0,0.0,False,0,0,0.0,0,0,0,False,0,0,0.0,0
109,0x3a0e9acd953ffc0dd18d63603488846a6b8b2b01,,data/smartbugs_curated/dataset/unchecked_low_level_calls/0x3a0e9acd953ffc0dd18d63603488846a6b8b2b01.sol,,smartbugs_curated,False,False,False,True,False,False,False,False,False,False,False,False,False,False,False,True,False,True,False,False,False,False,True,False,False,1,2,20,0,0,0,0,0,0,0,1,0,0.0,0,0,0.0,0,0,0,0,19,4,0,3,0,9,4,0.0,0.0,40.0,96.88888888888889,True,critical,,,0,0,0,0,0.0,False,0,0,0,0,0,0,0.0,False,0,0,0.0,0,0,0,False,0,0,0.0,0
110,0xf29ebe930a539a60279ace72c707cba851a57707,,data/smartbugs_curated/dataset/unchecked_low_level_calls/0xf29ebe930a539a60279ace72c707cba851a57707.sol,,smartbugs_curated,False,False,False,True,False,False,False,False,False,False,False,False,False,False,False,False,False,False,False,False,False,False,True,False,False,0,1,3,0,0,0,0,0,0,0,1,0,0.0,0,0,0.0,0,0,0,0,3,1,0,1,0,3,2,0.0,0.0,8.0,9.866666666666665,False,moderate,,,0,0,0,0,0.0,False,0,0,0,0,0,0,0.0,False,0,0,0.0,0,0,0,False,0,0,0.0,0
111,0x2972d548497286d18e92b5fa1f8f9139e5653fd2,,data/smartbugs_curated/dataset/unchecked_low_level_calls/0x2972d548497286d18e92b5fa1f8f9139e5653fd2.sol,,smartbugs_curated,False,False,False,True,False,False,False,False,False,False,False,False,False,False,False,False,False,False,False,False,False,False,True,False,False,0,1,8,0,0,0,0,0,0,0,1,0,0.0,0,0,0.0,0,0,0,0,6,4,0,1,0,7,2,0.0,0.0,13.0,16.34285714285714,False,moderate,,,0,0,0,0,0.0,False,0,0,0,0,0,0,0.0,False,0,0,0.0,0,0,0,False,0,0,0.0,0
112,0x7d09edb07d23acb532a82be3da5c17d9d85806b4,,data/smartbugs_curated/dataset/unchecked_low_level_calls/0x7d09edb07d23acb532a82be3da5c17d9d85806b4.sol,,smartbugs_curated,False,True,True,True,True,True,True,False,False,False,False,False,False,False,False,False,False,False,False,False,True,False,True,False,False,3,2,14,0,0,0,0,0,0,0,1,0,0.0,0,0,0.0,0,0,0,0,9,11,0,5,1,12,6,0.0,0.0,54.0,75.14999999999999,True,critical,,,0,0,0,0,0.0,False,0,0,0,0,0,0,0.0,False,0,0,0.0,0,0,0,False,0,0,0.0,0
113,0x70f9eddb3931491aab1aeafbc1e7f1ca2a012db4,,data/smartbugs_curated/dataset/unchecked_low_level_calls/0x70f9eddb3931491aab1aeafbc1e7f1ca2a012db4.sol,,smartbugs_curated,False,True,False,True,False,False,False,False,False,False,False,False,False,False,False,False,False,False,False,False,False,False,True,False,False,1,1,7,0,0,0,0,0,0,0,1,0,0.0,0,0,0.0,0,0,0,0,7,3,0,2,0,7,3,0.0,0.0,22.0,28.6,True,complex,,,0,0,0,0,0.0,False,0,0,0,0,0,0,0.0,False,0,0,0.0,0,0,0,False,0,0,0.0,0
114,king_of_the_ether_throne,,data/smartbugs_curated/dataset/unchecked_low_level_calls/king_of_the_ether_throne.sol,,smartbugs_curated,False,False,True,True,True,False,False,False,False,False,False,False,False,False,False,False,False,False,False,False,False,False,True,False,False,1,10,13,0,0,0,0,0,0,0,1,0,0.0,0,0,0.0,0,0,0,0,8,16,0,11,1,11,5,0.0,0.0,73.0,127.41818181818181,True,critical,,,0,0,0,0,0.0,False,0,0,0,0,0,0,0.0,False,0,0,0.0,0,0,0,False,0,0,0.0,0
115,0xb37f18af15bafb869a065b61fc83cfc44ed9cc27,,data/smartbugs_curated/dataset/unchecked_low_level_calls/0xb37f18af15bafb869a065b61fc83cfc44ed9cc27.sol,,smartbugs_curated,False,False,False,True,False,False,False,False,False,False,False,False,False,False,False,False,False,False,False,False,False,False,True,False,False,0,1,7,0,0,0,0,0,0,0,1,0,0.0,0,0,0.0,0,0,0,0,6,2,0,1,0,5,2,0.0,0.0,12.0,17.759999999999998,False,moderate,,,0,0,0,0,0.0,False,0,0,0,0,0,0,0.0,False,0,0,0.0,0,0,0,False,0,0,0.0,0
116,0xdb1c55f6926e7d847ddf8678905ad871a68199d2,,data/smartbugs_curated/dataset/unchecked_low_level_calls/0xdb1c55f6926e7d847ddf8678905ad871a68199d2.sol,,smartbugs_curated,False,True,False,True,False,False,False,False,False,False,False,False,False,False,False,False,False,False,False,False,False,False,True,False,False,1,1,7,0,0,0,0,0,0,0,1,0,0.0,0,0,0.0,0,0,0,0,7,3,0,2,0,7,3,0.0,0.0,22.0,28.6,True,complex,,,0,0,0,0,0.0,False,0,0,0,0,0,0,0.0,False,0,0,0.0,0,0,0,False,0,0,0.0,0
117,0x39cfd754c85023648bf003bea2dd498c5612abfa,,data/smartbugs_curated/dataset/unchecked_low_level_calls/0x39cfd754c85023648bf003bea2dd498c5612abfa.sol,,smartbugs_curated,False,False,False,True,False,False,False,False,False,False,False,False,False,False,False,True,False,True,False,False,False,False,True,False,False,1,2,19,0,0,0,0,0,0,0,1,0,0.0,0,0,0.0,0,0,0,0,18,4,0,3,0,9,4,0.0,0.0,39.0,90.13333333333334,True,critical,,,0,0,0,0,0.0,False,0,0,0,0,0,0,0.0,False,0,0,0.0,0,0,0,False,0,0,0.0,0
118,0xe894d54dca59cb53fe9cbc5155093605c7068220,,data/smartbugs_curated/dataset/unchecked_low_level_calls/0xe894d54dca59cb53fe9cbc5155093605c7068220.sol,,smartbugs_curated,False,False,False,True,False,False,False,False,False,False,False,False,False,False,False,False,False,False,False,False,False,False,True,False,False,0,1,9,0,0,0,0,0,0,0,1,0,0.0,0,0,0.0,0,0,0,0,7,4,0,1,0,7,2,0.0,0.0,14.0,19.6,False,moderate,,,0,0,0,0,0.0,False,0,0,0,0,0,0,0.0,False,0,0,0.0,0,0,0,False,0,0,0.0,0
119,0xec329ffc97d75fe03428ae155fc7793431487f63,,data/smartbugs_curated/dataset/unchecked_low_level_calls/0xec329ffc97d75fe03428ae155fc7793431487f63.sol,,smartbugs_curated,True,False,False,True,False,False,False,False,False,False,False,False,False,False,True,False,False,False,False,False,False,False,True,False,False,1,3,17,0,0,0,0,0,0,0,1,0,0.0,0,0,0.0,0,0,0,0,14,9,0,4,0,15,5,0.0,0.0,42.0,56.84,True,critical,,,0,0,0,0,0.0,False,0,0,0,0,0,0,0.0,False,0,0,0.0,0,0,0,False,0,0,0.0,0
120,0x3f2ef511aa6e75231e4deafc7a3d2ecab3741de2,,data/smartbugs_curated/dataset/unchecked_low_level_calls/0x3f2ef511aa6e75231e4deafc7a3d2ecab3741de2.sol,,smartbugs_curated,False,True,False,True,False,False,False,False,False,False,False,False,False,False,False,False,False,False,False,False,False,False,True,False,False,1,1,6,0,0,0,0,0,0,0,1,0,0.0,0,0,0.0,0,0,0,0,6,3,0,2,0,7,3,0.0,0.0,21.0,24.3,True,complex,,,0,0,0,0,0.0,False,0,0,0,0,0,0,0.0,False,0,0,0.0,0,0,0,False,0,0,0.0,0
121,0x627fa62ccbb1c1b04ffaecd72a53e37fc0e17839,,data/smartbugs_curated/dataset/unchecked_low_level_calls/0x627fa62ccbb1c1b04ffaecd72a53e37fc0e17839.sol,,smartbugs_curated,True,False,False,True,False,False,False,False,False,False,False,False,False,False,False,False,False,True,False,False,False,False,True,False,False,2,1,20,0,0,0,0,0,0,0,1,0,0.0,0,0,0.0,0,0,0,0,18,5,0,3,0,9,4,0.0,0.0,45.0,107.5,True,critical,,,0,0,0,0,0.0,False,0,0,0,0,0,0,0.0,False,0,0,0.0,0,0,0,False,0,0,0.0,0
122,0xb11b2fed6c9354f7aa2f658d3b4d7b31d8a13b77,,data/smartbugs_curated/dataset/unchecked_low_level_calls/0xb11b2fed6c9354f7aa2f658d3b4d7b31d8a13b77.sol,,smartbugs_curated,False,False,False,True,False,False,False,False,False,False,False,False,False,False,False,False,False,True,False,False,False,False,True,False,False,1,1,12,0,0,0,0,0,0,0,1,0,0.0,0,0,0.0,0,0,0,0,11,4,0,2,0,9,4,0.0,0.0,27.0,41.4,True,complex,,,0,0,0,0,0.0,False,0,0,0,0,0,0,0.0,False,0,0,0.0,0,0,0,False,0,0,0.0,0
123,0x4a66ad0bca2d700f11e1f2fc2c106f7d3264504c,,data/smartbugs_curated/dataset/unchecked_low_level_calls/0x4a66ad0bca2d700f11e1f2fc2c106f7d3264504c.sol,,smartbugs_curated,False,False,False,True,False,False,False,False,False,False,False,False,False,False,False,False,False,False,False,False,False,False,True,False,False,0,1,6,0,0,0,0,0,0,0,1,0,0.0,0,0,0.0,0,0,0,0,7,3,0,1,0,8,2,0.0,0.0,11.0,12.5125,False,moderate,,,0,0,0,0,0.0,False,0,0,0,0,0,0,0.0,False,0,0,0.0,0,0,0,False,0,0,0.0,0
124,0xe09b1ab8111c2729a76f16de96bc86a7af837928,,data/smartbugs_curated/dataset/unchecked_low_level_calls/0xe09b1ab8111c2729a76f16de96bc86a7af837928.sol,,smartbugs_curated,True,True,True,True,True,True,True,False,False,False,False,False,False,False,False,False,False,False,False,False,False,False,True,False,False,4,1,21,0,0,0,0,0,0,0,1,0,0.0,0,0,0.0,0,0,0,0,4,22,0,5,7,13,5,0.0,0.0,66.0,98.4923076923077,True,critical,,,0,0,0,0,0.0,False,0,0,0,0,0,0,0.0,False,0,0,0.0,0,0,0,False,0,0,0.0,0
125,0x3e013fc32a54c4c5b6991ba539dcd0ec4355c859,,data/smartbugs_curated/dataset/unchecked_low_level_calls/0x3e013fc32a54c4c5b6991ba539dcd0ec4355c859.sol,,smartbugs_curated,False,False,False,True,False,False,False,False,False,False,False,False,False,False,False,False,False,False,False,False,False,False,True,False,False,0,1,7,0,0,0,0,0,0,0,1,0,0.0,0,0,0.0,0,0,0,0,6,3,0,1,0,6,2,0.0,0.0,12.0,16.2,False,moderate,,,0,0,0,0,0.0,False,0,0,0,0,0,0,0.0,False,0,0,0.0,0,0,0,False,0,0,0.0,0
126,0xb620cee6b52f96f3c6b253e6eea556aa2d214a99,,data/smartbugs_curated/dataset/unchecked_low_level_calls/0xb620cee6b52f96f3c6b253e6eea556aa2d214a99.sol,,smartbugs_curated,False,False,True,True,False,False,False,False,False,False,False,False,False,False,False,False,False,True,False,False,False,False,True,False,False,3,4,13,0,0,0,0,0,0,0,1,0,0.0,0,0,0.0,0,0,0,0,15,7,0,7,0,10,4,0.0,0.0,63.0,125.37,True,critical,,,0,0,0,0,0.0,False,0,0,0,0,0,0,0.0,False,0,0,0.0,0,0,0,False,0,0,0.0,0
127,0x663e4229142a27f00bafb5d087e1e730648314c3,,data/smartbugs_curated/dataset/unchecked_low_level_calls/0x663e4229142a27f00bafb5d087e1e730648314c3.sol,,smartbugs_curated,True,True,True,True,True,True,True,True,False,False,False,False,False,False,True,False,False,False,False,False,False,True,True,False,False,7,12,172,0,0,0,0,0,0,0,1,0,0.0,0,0,0.0,0,0,0,0,129,71,0,19,3,24,7,0.0,0.0,302.0,2248.641666666667,True,critical,,,0,0,0,0,0.0,False,0,0,0,0,0,0,0.0,False,0,0,0.0,0,0,0,False,0,0,0.0,0
128,0xd5967fed03e85d1cce44cab284695b41bc675b5c,,data/smartbugs_curated/dataset/unchecked_low_level_calls/0xd5967fed03e85d1cce44cab284695b41bc675b5c.sol,,smartbugs_curated,False,False,False,True,False,False,False,False,False,False,False,False,False,False,False,False,False,False,False,False,False,False,True,False,False,0,1,8,0,0,0,0,0,0,0,1,0,0.0,0,0,0.0,0,0,0,0,6,4,0,1,0,7,2,0.0,0.0,13.0,16.34285714285714,False,moderate,,,0,0,0,0,0.0,False,0,0,0,0,0,0,0.0,False,0,0,0.0,0,0,0,False,0,0,0.0,0
129,0x84d9ec85c9c568eb332b7226a8f826d897e0a4a8,,data/smartbugs_curated/dataset/unchecked_low_level_calls/0x84d9ec85c9c568eb332b7226a8f826d897e0a4a8.sol,,smartbugs_curated,False,False,False,True,False,False,False,False,False,False,False,False,False,False,False,False,False,True,False,False,False,False,True,False,False,1,1,14,0,0,0,0,0,0,0,1,0,0.0,0,0,0.0,0,0,0,0,19,4,0,2,0,9,3,0.0,0.0,29.0,70.24444444444444,True,complex,,,0,0,0,0,0.0,False,0,0,0,0,0,0,0.0,False,0,0,0.0,0,0,0,False,0,0,0.0,0
130,0xf2570186500a46986f3139f65afedc2afe4f445d,,data/smartbugs_curated/dataset/unchecked_low_level_calls/0xf2570186500a46986f3139f65afedc2afe4f445d.sol,,smartbugs_curated,False,False,False,True,False,False,False,False,False,False,False,False,False,False,False,False,False,False,False,False,False,False,True,False,False,0,1,5,0,0,0,0,0,0,0,1,0,0.0,0,0,0.0,0,0,0,0,5,2,0,1,0,6,2,0.0,0.0,10.0,10.666666666666666,False,moderate,,,0,0,0,0,0.0,False,0,0,0,0,0,0,0.0,False,0,0,0.0,0,0,0,False,0,0,0.0,0
131,0x4051334adc52057aca763453820cb0e045076ef3,,data/smartbugs_curated/dataset/unchecked_low_level_calls/0x4051334adc52057aca763453820cb0e045076ef3.sol,,smartbugs_curated,False,False,False,True,False,False,False,False,False,False,False,False,False,False,False,False,False,False,False,False,False,False,True,False,False,0,1,8,0,0,0,0,0,0,0,1,0,0.0,0,0,0.0,0,0,0,0,6,4,0,1,0,7,2,0.0,0.0,13.0,16.34285714285714,False,moderate,,,0,0,0,0,0.0,False,0,0,0,0,0,0,0.0,False,0,0,0.0,0,0,0,False,0,0,0.0,0
132,0xe4eabdca81e31d9acbc4af76b30f532b6ed7f3bf,,data/smartbugs_curated/dataset/unchecked_low_level_calls/0xe4eabdca81e31d9acbc4af76b30f532b6ed7f3bf.sol,,smartbugs_curated,False,True,False,True,False,False,False,False,False,False,False,False,False,False,False,False,False,False,False,False,False,False,True,False,False,1,1,7,0,0,0,0,0,0,0,1,0,0.0,0,0,0.0,0,0,0,0,7,3,0,2,0,7,3,0.0,0.0,22.0,28.6,True,complex,,,0,0,0,0,0.0,False,0,0,0,0,0,0,0.0,False,0,0,0.0,0,0,0,False,0,0,0.0,0
133,0xbaa3de6504690efb064420d89e871c27065cdd52,,data/smartbugs_curated/dataset/unchecked_low_level_calls/0xbaa3de6504690efb064420d89e871c27065cdd52.sol,,smartbugs_curated,False,False,False,True,False,False,False,False,False,False,False,False,False,False,False,False,False,True,False,False,False,False,True,False,False,1,1,12,0,0,0,0,0,0,0,1,0,0.0,0,0,0.0,0,0,0,0,11,4,0,2,0,9,4,0.0,0.0,27.0,41.4,True,complex,,,0,0,0,0,0.0,False,0,0,0,0,0,0,0.0,False,0,0,0.0,0,0,0,False,0,0,0.0,0
134,unchecked_return_value,,data/smartbugs_curated/dataset/unchecked_low_level_calls/unchecked_return_value.sol,,smartbugs_curated,False,False,False,True,False,False,False,False,False,False,False,False,False,False,False,False,False,False,False,False,False,False,True,False,False,0,1,5,0,0,0,0,0,0,0,1,0,0.0,0,0,0.0,0,0,0,0,4,2,0,1,0,4,2,0.0,0.0,10.0,13.5,False,moderate,,,0,0,0,0,0.0,False,0,0,0,0,0,0,0.0,False,0,0,0.0,0,0,0,False,0,0,0.0,0
135,0x4b71ad9c1a84b9b643aa54fdd66e2dec96e8b152,,data/smartbugs_curated/dataset/unchecked_low_level_calls/0x4b71ad9c1a84b9b643aa54fdd66e2dec96e8b152.sol,,smartbugs_curated,False,False,False,True,False,False,False,False,False,False,False,False,False,False,False,False,False,False,False,False,False,False,True,False,False,0,1,8,0,0,0,0,0,0,0,1,0,0.0,0,0,0.0,0,0,0,0,6,4,0,1,0,7,2,0.0,0.0,13.0,16.34285714285714,False,moderate,,,0,0,0,0,0.0,False,0,0,0,0,0,0,0.0,False,0,0,0.0,0,0,0,False,0,0,0.0,0
136,short_address_example,,data/smartbugs_curated/dataset/short_addresses/short_address_example.sol,,smartbugs_curated,False,False,False,False,False,False,False,False,False,False,False,False,False,False,False,False,False,False,False,False,False,False,True,False,False,0,0,2,0,0,0,0,0,0,0,1,0,0.0,0,0,0.0,0,0,0,0,2,0,0,0,0,1,1,0.0,0.0,2.0,4.0,False,simple,,,0,0,0,0,0.0,False,0,0,0,0,0,0,0.0,False,0,0,0.0,0,0,0,False,0,0,0.0,0
137,odds_and_evens,,data/smartbugs_curated/dataset/front_running/odds_and_evens.sol,,smartbugs_curated,False,True,False,False,True,False,False,False,False,False,False,False,False,False,False,False,False,False,False,False,False,False,True,False,False,1,0,5,0,0,0,0,0,0,0,1,0,0.0,0,0,0.0,0,0,0,0,4,2,0,1,1,4,3,0.0,0.0,15.0,20.25,True,moderate,,,0,0,0,0,0.0,False,0,0,0,0,0,0,0.0,False,0,0,0.0,0,0,0,False,0,0,0.0,0
138,ERC20,,data/smartbugs_curated/dataset/front_running/ERC20.sol,,smartbugs_curated,False,False,False,False,False,False,False,False,False,False,False,False,False,False,False,False,False,False,False,False,True,False,True,False,False,0,0,6,6,5,3,0,1,0,103,2,1,1.0,0,31,0.30097087378640774,0,4,0,0,4,3,0,0,0,4,2,0.0,0.0,6.0,9.15,False,moderate,,,27,21,0,8,0.7777777777777778,False,5,6,6,3,1,5,0.625,False,6,0,0.5,4,3,4,True,2,11,2.0,6
139,FindThisHash,,data/smartbugs_curated/dataset/front_running/FindThisHash.sol,,smartbugs_curated,False,True,False,False,False,False,False,False,False,False,False,False,False,False,False,False,False,False,False,False,False,False,True,False,False,1,0,3,3,1,1,0,1,0,16,1,1,1.0,0,7,0.4375,1,0,0,0,4,1,0,1,0,4,2,0.0,0.0,13.0,15.275,False,moderate,,,5,2,0,2,0.4,False,0,3,3,2,1,1,0.3333333333333333,False,2,1,0.6666666666666666,4,1,1,True,1,1,1.0,1
140,eth_tx_order_dependence_minimal,,data/smartbugs_curated/dataset/front_running/eth_tx_order_dependence_minimal.sol,,smartbugs_curated,False,False,False,False,True,False,False,False,False,False,False,False,False,False,False,False,False,False,False,False,False,False,True,False,False,0,0,5,0,0,0,0,0,0,0,1,0,0.0,0,0,0.0,0,0,0,0,2,3,0,0,2,3,2,0.0,0.0,5.0,6.833333333333334,False,moderate,,,0,0,0,0,0.0,False,0,0,0,0,0,0,0.0,False,0,0,0.0,0,0,0,False,0,0,0.0,0
141,Ownable2Step,,data/safe_contracts/openzeppelin-contracts/contracts/access/Ownable2Step.sol,,openzeppelin,False,False,False,False,False,False,False,False,False,False,False,False,False,False,False,False,False,False,False,False,False,False,True,False,False,0,0,7,4,0,1,0,3,0,59,3,1,1.5,0,35,0.5932203389830508,0,0,2,0,4,3,0,0,0,3,1,0.0,0.0,7.0,14.233333333333334,False,moderate,,,15,12,0,4,0.8,False,1,6,4,7,1,0,0.0,True,3,1,1.75,5,1,2,True,0,2,0.0,2
142,Ownable,,data/safe_contracts/openzeppelin-contracts/contracts/access/Ownable.sol,,openzeppelin,False,False,False,False,False,False,False,False,False,False,False,False,False,False,False,False,False,False,False,False,False,False,True,False,False,0,0,5,6,0,1,1,3,0,87,2,1,2.0,0,47,0.5402298850574713,0,0,1,0,3,2,0,0,0,2,1,0.0,0.0,5.0,11.0,False,moderate,,,24,21,0,4,0.875,False,1,12,6,10,1,0,0.0,False,3,3,1.6666666666666667,6,1,1,True,0,3,0.0,3
143,AccessControl,,data/safe_contracts/openzeppelin-contracts/contracts/access/AccessControl.sol,,openzeppelin,False,False,False,False,False,False,False,False,False,False,False,False,False,False,False,False,False,False,False,False,False,False,True,True,False,0,0,10,12,0,2,1,3,0,189,5,1,1.5,0,121,0.6402116402116402,0,0,2,0,7,3,0,0,0,3,1,0.0,0.0,10.0,30.333333333333336,False,moderate,,,42,32,0,4,0.7619047619047619,False,7,18,12,20,2,0,0.0,True,6,6,1.6666666666666667,8,2,3,True,0,19,0.0,11
144,IAccessControl,,data/safe_contracts/openzeppelin-contracts/contracts/access/IAccessControl.sol,,openzeppelin,False,False,False,False,False,False,False,False,False,False,False,False,False,False,False,False,False,False,False,False,False,False,True,False,False,0,0,2,5,0,0,0,1,0,87,1,1,1.0,0,74,0.8505747126436781,0,0,0,0,2,0,0,0,0,1,1,0.0,0.0,2.0,4.0,False,simple,,,0,0,0,0,0.0,False,0,0,5,0,0,0,0.0,False,5,0,0.0,5,0,0,False,0,9,0.0,5
145,MultipleInheritanceInitializableMocks,,data/safe_contracts/openzeppelin-contracts/contracts/mocks/MultipleInheritanceInitializableMocks.sol,,openzeppelin,False,False,False,False,False,False,False,False,False,False,False,False,False,False,True,False,False,False,False,False,False,False,True,False,False,0,0,30,0,0,0,0,0,0,0,1,0,0.0,0,0,0.0,0,0,0,0,28,2,0,0,0,4,2,0.0,0.0,30.0,220.5,True,critical,,,0,0,0,0,0.0,False,0,0,0,0,0,0,0.0,False,0,0,0.0,0,0,0,False,0,0,0.0,0
146,ERC3156FlashBorrowerMock,,data/safe_contracts/openzeppelin-contracts/contracts/mocks/ERC3156FlashBorrowerMock.sol,,openzeppelin,False,False,False,False,False,False,False,False,False,False,False,False,False,False,True,False,False,False,False,False,False,True,True,True,False,0,2,33,3,4,3,0,6,0,42,7,1,2.6666666666666665,0,10,0.23809523809523808,0,1,1,0,20,15,0,2,0,5,3,0.0,0.0,43.0,262.3,True,critical,,,17,16,0,9,0.9411764705882353,False,2,8,3,2,1,4,0.6666666666666666,False,2,1,0.6666666666666666,3,3,2,True,1,7,2.0,2
147,MulticallHelper,,data/safe_contracts/openzeppelin-contracts/contracts/mocks/MulticallHelper.sol,,openzeppelin,False,False,False,False,False,False,False,False,False,False,False,False,False,False,True,False,False,False,False,False,False,False,True,True,False,0,0,41,1,4,0,0,7,0,19,13,1,7.0,0,1,0.05263157894736842,0,0,0,0,23,18,0,0,0,4,2,0.0,0.0,41.0,364.9,True,critical,,,15,16,2,11,1.0666666666666667,True,0,7,1,3,1,4,0.5714285714285714,False,1,0,3.0,3,0,1,False,2,3,0.5,1
148,MerkleTreeMock,,data/safe_contracts/openzeppelin-contracts/contracts/mocks/MerkleTreeMock.sol,,openzeppelin,False,False,False,False,False,False,False,False,False,False,False,False,False,False,False,False,False,False,False,False,False,False,False,False,False,0,0,0,0,0,0,0,0,0,0,1,0,0.0,0,0,0.0,0,0,0,0,0,0,0,0,0,0,0,0.0,0.0,0.0,0.0,False,simple,COMPILATION_ERROR,Compilation error: unresolved reference to identifier mcopy,0,0,0,0,0.0,False,0,0,0,0,0,0,0.0,False,0,0,0.0,0,0,0,False,0,0,0.0,0
149,ContextMock,,data/safe_contracts/openzeppelin-contracts/contracts/mocks/ContextMock.sol,,openzeppelin,False,False,False,False,False,False,False,False,False,False,False,False,False,False,False,False,False,False,False,False,False,False,True,False,False,0,0,4,3,0,0,0,1,0,25,3,1,1.0,0,1,0.04,0,0,1,0,3,1,0,0,0,2,1,0.0,0.0,4.0,7.4,False,moderate,,,6,3,0,1,0.5,False,0,3,3,3,1,0,0.0,False,3,0,1.0,2,0,0,False,0,2,0.0,1
150,EIP712Verifier,,data/safe_contracts/openzeppelin-contracts/contracts/mocks/EIP712Verifier.sol,,openzeppelin,False,False,False,False,False,False,False,False,False,False,False,False,False,False,False,False,False,False,False,False,False,False,False,False,False,0,0,0,0,0,0,0,0,0,0,1,0,0.0,0,0,0.0,0,0,0,0,0,0,0,0,0,0,0,0.0,0.0,0.0,0.0,False,simple,COMPILATION_ERROR,Compilation error: unresolved reference to identifier mcopy,0,0,0,0,0.0,False,0,0,0,0,0,0,0.0,False,0,0,0.0,0,0,0,False,0,0,0.0,0
151,MerkleProofCustomHashMock,,data/safe_contracts/openzeppelin-contracts/contracts/mocks/MerkleProofCustomHashMock.sol,,openzeppelin,False,False,False,False,False,False,False,False,False,False,False,False,False,False,True,False,False,False,False,False,False,False,True,False,False,0,0,32,9,10,0,0,2,0,51,3,1,1.1111111111111112,0,2,0.0392156862745098,0,8,0,0,5,27,0,0,0,3,2,0.0,0.0,32.0,254.93333333333334,True,critical,,,20,11,0,2,0.55,False,10,10,9,2,0,10,0.8333333333333334,False,0,9,0.2222222222222222,10,0,9,False,4,26,2.25,9
152,AccessManagedTarget,,data/safe_contracts/openzeppelin-contracts/contracts/mocks/AccessManagedTarget.sol,,openzeppelin,False,False,False,False,False,True,True,False,False,False,False,False,False,False,True,False,False,False,False,False,False,False,True,True,False,0,0,31,4,2,0,0,3,0,27,8,1,1.5,0,2,0.07407407407407407,0,1,2,0,20,11,0,0,0,6,3,0.0,0.0,31.0,143.11666666666667,True,critical,,,13,10,0,4,0.7692307692307693,False,0,6,4,1,1,2,0.6666666666666666,False,4,0,0.25,4,0,1,False,0,2,0.0,1
153,SingleInheritanceInitializableMocks,,data/safe_contracts/openzeppelin-contracts/contracts/mocks/SingleInheritanceInitializableMocks.sol,,openzeppelin,False,False,False,False,False,False,False,False,False,False,False,False,False,False,True,True,False,False,False,False,False,False,True,False,False,0,1,9,0,0,0,0,0,0,0,1,0,0.0,0,0,0.0,0,0,0,0,5,5,0,1,0,5,2,0.0,0.0,14.0,23.8,False,moderate,,,0,0,0,0,0.0,False,0,0,0,0,0,0,0.0,False,0,0,0.0,0,0,0,False,0,0,0.0,0
154,DummyImplementation,,data/safe_contracts/openzeppelin-contracts/contracts/mocks/DummyImplementation.sol,,openzeppelin,False,False,False,False,False,False,False,False,False,False,False,False,False,False,True,True,False,False,False,False,False,True,True,True,False,0,3,71,9,1,3,0,1,0,47,9,1,1.0,0,2,0.0425531914893617,2,1,0,0,35,39,0,3,0,7,3,0.0,0.0,86.0,765.4,True,critical,,,20,11,0,3,0.55,False,2,9,9,1,1,1,0.5,False,9,0,0.1111111111111111,9,3,4,False,0,6,0.0,4
155,ReentrancyMock,,data/safe_contracts/openzeppelin-contracts/contracts/mocks/ReentrancyMock.sol,,openzeppelin,False,False,False,True,False,False,False,False,False,False,False,False,False,False,True,False,False,False,False,False,False,False,True,False,False,0,0,28,10,6,1,0,3,1,46,5,1,1.4,0,1,0.021739130434782608,0,0,1,0,18,10,0,0,0,4,3,0.0,0.0,28.0,175.0,True,critical,,,37,29,0,6,0.7837837837837838,False,1,14,10,21,1,6,0.2222222222222222,True,9,1,2.1,8,1,3,True,6,4,0.5,4
156,ArraysMock,,data/safe_contracts/openzeppelin-contracts/contracts/mocks/ArraysMock.sol,,openzeppelin,False,False,False,False,False,False,False,False,False,False,False,False,False,False,False,False,False,False,False,False,False,False,False,False,False,0,0,0,0,0,0,0,0,0,0,1,0,0.0,0,0,0.0,0,0,0,0,0,0,0,0,0,0,0,0.0,0.0,0.0,0.0,False,simple,COMPILATION_ERROR,Compilation error: unresolved reference to identifier mcopy,0,0,0,0,0.0,False,0,0,0,0,0,0,0.0,False,0,0,0.0,0,0,0,False,0,0,0.0,0
157,Base64Dirty,,data/safe_contracts/openzeppelin-contracts/contracts/mocks/Base64Dirty.sol,,openzeppelin,False,False,False,False,False,False,False,False,False,False,False,False,False,False,True,False,False,False,False,False,False,False,True,False,False,1,2,76,1,1,0,0,1,0,14,3,1,1.0,0,2,0.14285714285714285,0,1,0,0,8,71,0,3,0,6,2,0.0,0.0,96.0,923.1999999999998,True,critical,,,4,3,0,3,0.75,False,1,1,1,0,0,1,1.0,False,1,0,0.0,1,0,1,False,0,1,0.0,1
158,AuthorityMock,,data/safe_contracts/openzeppelin-contracts/contracts/mocks/AuthorityMock.sol,,openzeppelin,False,False,False,False,False,False,False,False,False,False,False,False,False,False,False,False,False,False,False,False,False,False,True,True,False,0,0,11,0,0,0,0,0,0,0,1,0,0.0,0,0,0.0,0,0,0,0,11,0,0,0,0,4,1,0.0,0.0,11.0,30.25,False,moderate,,,0,0,0,0,0.0,False,0,0,0,0,0,0,0.0,False,0,0,0.0,0,0,0,False,0,0,0.0,0
159,RegressionImplementation,,data/safe_contracts/openzeppelin-contracts/contracts/mocks/RegressionImplementation.sol,,openzeppelin,False,False,False,False,False,False,False,False,False,False,False,False,False,False,True,False,False,False,False,False,False,False,True,False,False,0,0,13,0,0,0,0,0,0,0,1,0,0.0,0,0,0.0,0,0,0,0,9,4,0,0,0,4,2,0.0,0.0,13.0,38.35,False,complex,,,0,0,0,0,0.0,False,0,0,0,0,0,0,0.0,False,0,0,0.0,0,0,0,False,0,0,0.0,0
160,StorageSlotMock,,data/safe_contracts/openzeppelin-contracts/contracts/mocks/StorageSlotMock.sol,,openzeppelin,False,False,False,False,False,False,False,False,False,False,False,False,False,False,True,False,False,False,False,False,False,False,True,False,False,0,0,43,18,18,2,0,1,0,64,7,1,1.0,0,2,0.03125,0,18,2,0,27,16,0,0,0,3,2,0.0,0.0,43.0,547.5333333333333,True,critical,,,36,18,0,1,0.5,False,9,18,18,0,0,18,1.0,False,18,0,0.0,18,2,18,False,0,27,0.0,18
161,ERC165Mock,,data/safe_contracts/openzeppelin-contracts/contracts/mocks/ERC165Mock.sol,,openzeppelin,False,False,False,False,False,False,False,False,False,False,False,False,False,False,True,False,False,False,False,False,False,False,True,True,False,0,0,8,0,0,0,0,0,0,0,1,0,0.0,0,0,0.0,0,0,0,0,8,0,0,0,0,4,2,0.0,0.0,8.0,16.0,False,moderate,,,0,0,0,0,0.0,False,0,0,0,0,0,0,0.0,False,0,0,0.0,0,0,0,False,0,0,0.0,0
162,ReentrancyTransientMock,,data/safe_contracts/openzeppelin-contracts/contracts/mocks/ReentrancyTransientMock.sol,,openzeppelin,False,False,False,False,False,False,False,False,False,False,False,False,False,False,False,False,False,False,False,False,False,False,False,False,False,0,0,0,0,0,0,0,0,0,0,1,0,0.0,0,0,0.0,0,0,0,0,0,0,0,0,0,0,0,0.0,0.0,0.0,0.0,False,simple,COMPILATION_ERROR,Compilation error: unresolved reference to identifier tload,0,0,0,0,0.0,False,0,0,0,0,0,0,0.0,False,0,0,0.0,0,0,0,False,0,0,0.0,0
163,Stateless,,data/safe_contracts/openzeppelin-contracts/contracts/mocks/Stateless.sol,,openzeppelin,False,False,False,False,False,False,False,False,False,False,False,False,False,False,False,False,False,False,False,False,False,False,False,False,False,0,0,0,0,0,0,0,0,0,0,1,0,0.0,0,0,0.0,0,0,0,0,0,0,0,0,0,0,0,0.0,0.0,0.0,0.0,False,simple,COMPILATION_ERROR,Compilation error: unresolved reference to identifier mcopy,0,0,0,0,0.0,False,0,0,0,0,0,0,0.0,False,0,0,0.0,0,0,0,False,0,0,0.0,0
164,ReentrancyAttack,,data/safe_contracts/openzeppelin-contracts/contracts/mocks/ReentrancyAttack.sol,,openzeppelin,False,False,False,True,False,False,False,False,False,False,False,False,False,False,False,False,False,False,False,False,False,False,True,False,False,0,0,7,2,2,0,0,1,2,13,2,1,1.0,0,1,0.07692307692307693,0,0,1,0,5,2,0,0,0,3,2,0.0,0.0,7.0,14.933333333333334,False,moderate,,,8,6,0,3,0.75,False,0,2,2,4,1,2,0.3333333333333333,False,2,0,2.0,2,0,2,False,2,2,1.0,2
165,TimelockReentrant,,data/safe_contracts/openzeppelin-contracts/contracts/mocks/TimelockReentrant.sol,,openzeppelin,False,False,False,False,False,False,False,False,False,False,False,False,False,False,True,False,False,False,False,False,False,True,True,False,False,0,1,29,3,1,3,0,3,0,21,4,1,1.6666666666666667,0,1,0.047619047619047616,0,1,0,0,15,15,0,1,0,5,3,0.0,0.0,34.0,173.4,True,critical,,,10,8,0,3,0.8,False,0,5,3,0,0,1,1.0,False,3,0,0.0,3,3,1,True,1,2,1.0,1
166,ConstructorMock,,data/safe_contracts/openzeppelin-contracts/contracts/mocks/ConstructorMock.sol,,openzeppelin,False,False,False,False,False,False,False,False,False,False,False,False,False,False,False,False,False,False,False,False,False,False,True,False,False,0,0,3,1,0,1,0,9,0,28,1,1,9.0,0,3,0.10714285714285714,0,0,0,0,4,0,0,0,1,3,1,0.0,0.0,3.0,4.0,False,simple,,,15,18,0,7,1.2,False,0,9,1,3,1,0,0.0,False,1,0,3.0,3,1,1,False,0,1,0.0,1
167,ERC2771ContextMock,,data/safe_contracts/openzeppelin-contracts/contracts/mocks/ERC2771ContextMock.sol,,openzeppelin,False,False,False,False,False,False,False,False,False,False,False,False,False,False,True,False,False,True,False,False,False,False,True,False,False,0,0,36,4,3,0,0,1,0,22,9,1,1.0,0,3,0.13636363636363635,0,0,2,0,20,16,0,0,0,5,3,0.0,0.0,36.0,224.64,True,critical,,,9,5,0,2,0.5555555555555556,False,3,4,4,5,1,3,0.375,True,1,3,1.25,0,0,0,False,1,1,0.0,1
168,VotesExtendedMock,,data/safe_contracts/openzeppelin-contracts/contracts/mocks/VotesExtendedMock.sol,,openzeppelin,False,False,False,False,False,False,False,False,False,False,False,False,False,False,False,False,False,False,False,False,False,False,False,False,False,0,0,0,0,0,0,0,0,0,0,1,0,0.0,0,0,0.0,0,0,0,0,0,0,0,0,0,0,0,0.0,0.0,0.0,0.0,False,simple,COMPILATION_ERROR,Compilation error: unresolved reference to identifier mcopy,0,0,0,0,0.0,False,0,0,0,0,0,0,0.0,False,0,0,0.0,0,0,0,False,0,0,0.0,0
169,EtherReceiverMock,,data/safe_contracts/openzeppelin-contracts/contracts/mocks/EtherReceiverMock.sol,,openzeppelin,False,False,False,False,False,False,False,False,False,False,False,False,False,False,False,True,False,False,False,False,False,False,True,False,False,0,1,2,2,0,1,0,3,0,13,1,1,2.0,0,1,0.07692307692307693,1,0,0,0,3,0,0,1,0,2,2,0.0,0.0,7.0,10.5,False,moderate,,,6,5,0,2,0.8333333333333334,False,0,4,2,1,1,0,0.0,False,2,0,0.5,2,1,1,True,0,1,0.0,1
170,CallReceiverMock,,data/safe_contracts/openzeppelin-contracts/contracts/mocks/CallReceiverMock.sol,,openzeppelin,False,False,False,False,False,False,False,False,False,False,False,False,False,False,True,True,False,False,False,False,False,False,True,False,False,0,1,7,15,1,1,0,3,0,83,2,1,1.1333333333333333,0,1,0.012048192771084338,11,0,0,0,7,2,0,1,1,6,2,0.0,0.0,12.0,16.8,False,moderate,,,48,33,1,5,0.6875,False,8,17,15,6,1,1,0.14285714285714285,False,15,0,0.4,13,1,0,True,0,14,0.0,6
171,PausableMock,,data/safe_contracts/openzeppelin-contracts/contracts/mocks/PausableMock.sol,,openzeppelin,False,False,False,False,False,False,False,False,False,False,False,False,False,False,False,False,False,False,False,False,False,False,True,False,False,0,0,6,5,0,2,0,1,0,23,3,1,1.0,0,1,0.043478260869565216,0,0,2,0,4,2,0,0,0,2,1,0.0,0.0,6.0,16.2,False,moderate,,,13,8,0,2,0.6153846153846154,False,0,5,5,4,1,0,0.0,False,5,0,0.8,5,2,0,True,0,0,0.0,0
172,TransientSlotMock,,data/safe_contracts/openzeppelin-contracts/contracts/mocks/TransientSlotMock.sol,,openzeppelin,False,False,False,False,False,False,False,False,False,False,False,False,False,False,False,False,False,False,False,False,False,False,False,False,False,0,0,0,0,0,0,0,0,0,0,1,0,0.0,0,0,0.0,0,0,0,0,0,0,0,0,0,0,0,0.0,0.0,0.0,0.0,False,simple,COMPILATION_ERROR,Compilation error: unresolved reference to identifier tload,0,0,0,0,0.0,False,0,0,0,0,0,0,0.0,False,0,0,0.0,0,0,0,False,0,0,0.0,0
173,BatchCaller,,data/safe_contracts/openzeppelin-contracts/contracts/mocks/BatchCaller.sol,,openzeppelin,False,False,False,False,False,False,False,False,False,False,False,False,False,False,True,False,False,False,False,False,False,False,True,False,False,0,0,29,1,2,0,0,4,0,17,4,1,4.0,0,1,0.058823529411764705,0,1,0,0,15,14,0,0,0,3,2,0.0,0.0,29.0,239.73333333333332,True,critical,,,9,9,1,6,1.0,False,1,4,1,0,0,2,1.0,False,1,0,0.0,1,0,1,False,2,1,0.5,1
174,AccessManagerMock,,data/safe_contracts/openzeppelin-contracts/contracts/mocks/AccessManagerMock.sol,,openzeppelin,False,False,True,False,False,False,False,False,False,False,False,False,True,False,True,False,False,False,False,False,False,True,True,True,False,1,12,154,4,0,0,0,1,0,14,14,1,1.0,0,1,0.07142857142857142,0,0,2,0,39,128,0,13,0,10,5,0.0,0.0,224.0,2880.64,True,critical,,,9,5,0,2,0.5555555555555556,False,0,4,4,2,1,0,0.0,True,3,1,0.5,3,0,0,False,0,1,0.0,1
175,InitializableMock,,data/safe_contracts/openzeppelin-contracts/contracts/mocks/InitializableMock.sol,,openzeppelin,False,False,False,False,False,False,False,False,False,False,False,False,False,False,True,True,False,False,False,False,False,False,True,False,False,0,1,6,8,0,3,0,1,0,99,10,1,1.0,0,5,0.050505050505050504,2,0,1,0,7,0,0,1,0,4,2,0.0,0.0,11.0,19.25,False,moderate,,,21,13,0,2,0.6190476190476191,False,1,8,8,9,2,0,0.0,False,8,0,1.125,5,3,2,False,0,2,0.0,2
176,UpgradeableBeaconMock,,data/safe_contracts/openzeppelin-contracts/contracts/mocks/UpgradeableBeaconMock.sol,,openzeppelin,False,False,False,False,False,False,False,False,False,False,False,False,False,False,False,False,False,False,False,False,False,False,True,True,False,0,0,6,1,0,1,0,1,0,21,4,1,1.0,0,4,0.19047619047619047,0,0,1,0,6,1,0,0,1,5,1,0.0,0.0,6.0,8.04,False,moderate,,,2,1,0,1,0.5,False,0,1,1,0,0,0,0.0,False,1,0,0.0,1,1,1,False,0,1,0.0,1
177,VotesMock,,data/safe_contracts/openzeppelin-contracts/contracts/mocks/VotesMock.sol,,openzeppelin,False,False,False,False,False,False,False,False,False,False,False,False,False,False,False,False,False,False,False,False,False,False,False,False,False,0,0,0,0,0,0,0,0,0,0,1,0,0.0,0,0,0.0,0,0,0,0,0,0,0,0,0,0,0,0.0,0.0,0.0,0.0,False,simple,COMPILATION_ERROR,Compilation error: unresolved reference to identifier mcopy,0,0,0,0,0.0,False,0,0,0,0,0,0,0.0,False,0,0,0.0,0,0,0,False,0,0,0.0,0
178,ERC1271WalletMock,,data/safe_contracts/openzeppelin-contracts/contracts/mocks/ERC1271WalletMock.sol,,openzeppelin,False,False,False,False,False,False,False,False,False,False,False,False,False,False,True,False,False,False,False,False,False,False,True,True,False,0,0,21,2,1,0,0,2,0,19,6,1,1.5,0,1,0.05263157894736842,0,1,1,0,12,9,0,0,0,4,2,0.0,0.0,21.0,96.07499999999999,True,complex,,,6,4,0,2,0.6666666666666666,False,2,3,2,2,1,1,0.3333333333333333,True,2,0,1.0,1,0,1,False,0,3,0.0,2
179,IGovernor,,data/safe_contracts/openzeppelin-contracts/contracts/governance/IGovernor.sol,,openzeppelin,False,False,False,False,False,False,False,False,False,False,False,False,False,False,False,False,False,False,False,False,False,False,True,True,False,0,0,8,27,0,0,0,1,0,402,3,1,1.0,0,266,0.6616915422885572,1,0,1,0,8,0,0,0,0,3,1,0.0,0.0,8.0,21.333333333333332,False,moderate,,,0,0,0,0,0.0,False,0,0,27,0,0,0,0.0,False,27,0,0.0,27,0,0,False,0,57,0.0,21
180,TimelockController,,data/safe_contracts/openzeppelin-contracts/contracts/governance/TimelockController.sol,,openzeppelin,False,True,True,True,False,False,True,False,False,False,False,False,False,False,True,False,False,False,False,False,False,True,True,True,False,1,3,50,24,4,6,1,9,1,422,13,1,2.625,0,191,0.45260663507109006,3,1,3,0,28,26,0,4,0,11,7,0.0,0.0,75.0,315.0,True,critical,,,145,137,4,14,0.9448275862068966,True,14,63,24,49,4,4,0.07547169811320754,True,18,6,2.0416666666666665,16,6,8,True,2,54,4.0,21
181,Governor,,data/safe_contracts/openzeppelin-contracts/contracts/governance/Governor.sol,,openzeppelin,False,False,False,False,False,False,False,False,False,False,False,False,False,False,False,False,False,False,False,False,False,False,False,False,False,0,0,0,0,0,0,0,0,0,0,1,0,0.0,0,0,0.0,0,0,0,0,0,0,0,0,0,0,0,0.0,0.0,0.0,0.0,False,simple,COMPILATION_ERROR,Compilation error: unresolved reference to identifier mcopy,0,0,0,0,0.0,False,0,0,0,0,0,0,0.0,False,0,0,0.0,0,0,0,False,0,0,0.0,0
182,Account,,data/safe_contracts/openzeppelin-contracts/contracts/account/Account.sol,,openzeppelin,False,False,True,False,False,False,False,False,False,False,False,False,False,False,True,False,False,False,False,False,True,True,True,True,False,1,10,820,10,2,0,2,3,0,136,17,1,1.7,0,69,0.5073529411764706,1,1,1,0,464,367,0,11,0,13,4,0.0,0.0,880.0,48799.38461538462,True,critical,,,32,25,0,4,0.78125,False,7,17,10,11,2,2,0.15384615384615385,True,5,5,1.1,7,0,2,False,1,10,2.0,5
183,ERC2771Forwarder,,data/safe_contracts/openzeppelin-contracts/contracts/metatx/ERC2771Forwarder.sol,,openzeppelin,False,False,False,False,False,False,False,False,False,False,False,False,False,False,False,False,False,False,False,False,False,False,False,False,False,0,0,0,0,0,0,0,0,0,0,1,0,0.0,0,0,0.0,0,0,0,0,0,0,0,0,0,0,0,0.0,0.0,0.0,0.0,False,simple,COMPILATION_ERROR,Compilation error: unresolved reference to identifier mcopy,0,0,0,0,0.0,False,0,0,0,0,0,0,0.0,False,0,0,0.0,0,0,0,False,0,0,0.0,0
184,ERC2771Context,,data/safe_contracts/openzeppelin-contracts/contracts/metatx/ERC2771Context.sol,,openzeppelin,False,False,False,False,False,False,False,False,False,False,False,False,False,False,False,False,False,False,False,False,False,False,True,False,False,0,0,10,6,0,1,0,2,0,81,2,1,1.3333333333333333,0,42,0.5185185185185185,0,0,1,0,3,7,0,0,0,3,1,0.0,0.0,10.0,26.333333333333336,False,moderate,,,20,14,0,4,0.7,False,7,8,6,7,1,0,0.0,True,2,4,1.1666666666666667,3,1,1,True,0,2,0.0,2
185,CrosschainLinked,,data/safe_contracts/openzeppelin-contracts/contracts/crosschain/CrosschainLinked.sol,,openzeppelin,False,False,False,False,False,False,False,False,False,False,False,False,False,False,False,False,False,False,False,False,False,False,False,False,False,0,0,0,0,0,0,0,0,0,0,1,0,0.0,0,0,0.0,0,0,0,0,0,0,0,0,0,0,0,0.0,0.0,0.0,0.0,False,simple,COMPILATION_ERROR,Compilation error: unresolved reference to identifier mcopy,0,0,0,0,0.0,False,0,0,0,0,0,0,0.0,False,0,0,0.0,0,0,0,False,0,0,0.0,0
186,ERC7786Recipient,,data/safe_contracts/openzeppelin-contracts/contracts/crosschain/ERC7786Recipient.sol,,openzeppelin,False,False,False,False,False,False,False,False,False,False,False,False,False,False,False,True,False,False,False,False,False,False,True,True,False,0,1,8,3,2,1,0,5,0,59,4,1,2.3333333333333335,0,28,0.4745762711864407,1,2,1,0,7,2,0,1,0,5,2,0.0,0.0,13.0,21.84,False,moderate,,,10,11,0,7,1.1,False,1,5,3,4,1,2,0.3333333333333333,False,1,2,1.3333333333333333,4,1,1,False,2,9,0.5,3
187,IERC1155,,data/safe_contracts/openzeppelin-contracts/contracts/interfaces/IERC1155.sol,,openzeppelin,False,False,False,False,False,False,False,False,False,False,False,False,False,False,False,False,False,False,False,False,False,False,True,True,False,0,0,5,6,0,0,0,1,0,4,2,1,1.0,0,2,0.5,0,0,1,0,5,0,0,0,0,2,1,0.0,0.0,5.0,12.5,False,moderate,,,0,0,0,0,0.0,False,0,0,6,0,0,0,0.0,False,6,0,0.0,6,0,0,False,0,18,0.0,6
188,IERC1967,,data/safe_contracts/openzeppelin-contracts/contracts/interfaces/IERC1967.sol,,openzeppelin,False,False,False,False,False,False,False,False,False,False,False,False,False,False,False,False,False,False,False,False,False,False,True,False,False,0,0,2,0,0,0,0,0,0,20,1,1,0.0,0,14,0.7,0,0,0,0,2,0,0,0,0,1,1,0.0,0.0,2.0,4.0,False,simple,,,0,0,0,0,0.0,False,0,0,0,0,0,0,0.0,False,0,0,0.0,0,0,0,False,0,0,0.0,0
189,IERC165,,data/safe_contracts/openzeppelin-contracts/contracts/interfaces/IERC165.sol,,openzeppelin,False,False,False,False,False,False,False,False,False,False,False,False,False,False,False,False,False,False,False,False,False,False,True,False,False,0,0,3,1,0,0,0,1,0,4,1,1,1.0,0,2,0.5,0,0,0,0,3,0,0,0,0,1,1,0.0,0.0,3.0,9.0,False,simple,,,0,0,0,0,0.0,False,0,0,1,0,0,0,0.0,False,1,0,0.0,1,0,0,False,0,1,0.0,1
190,IERC3156,,data/safe_contracts/openzeppelin-contracts/contracts/interfaces/IERC3156.sol,,openzeppelin,False,False,False,False,False,False,False,False,False,False,False,False,False,False,False,False,False,False,False,False,False,False,True,False,False,0,0,4,0,0,0,0,0,0,0,1,0,0.0,0,0,0.0,0,0,0,0,4,0,0,0,0,1,1,0.0,0.0,4.0,16.0,False,moderate,,,0,0,0,0,0.0,False,0,0,0,0,0,0,0.0,False,0,0,0.0,0,0,0,False,0,0,0.0,0
191,IERC1363Spender,,data/safe_contracts/openzeppelin-contracts/contracts/interfaces/IERC1363Spender.sol,,openzeppelin,False,False,False,False,False,False,False,False,False,False,False,False,False,False,False,False,False,False,False,False,False,False,True,False,False,0,0,2,1,0,0,0,1,0,24,1,1,1.0,0,20,0.8333333333333334,0,0,0,0,2,0,0,0,0,1,1,0.0,0.0,2.0,4.0,False,simple,,,0,0,0,0,0.0,False,0,0,1,0,0,0,0.0,False,1,0,0.0,1,0,0,False,0,3,0.0,1
192,IERC6909,,data/safe_contracts/openzeppelin-contracts/contracts/interfaces/IERC6909.sol,,openzeppelin,False,False,False,False,False,False,False,False,False,False,False,False,False,False,False,False,False,False,False,False,False,False,True,True,False,0,0,4,7,0,0,0,1,0,107,5,1,1.0,0,75,0.7009345794392523,0,0,1,0,4,0,0,0,0,2,1,0.0,0.0,4.0,8.0,False,moderate,,,0,0,0,0,0.0,False,0,0,7,0,0,0,0.0,False,7,0,0.0,7,0,0,False,0,19,0.0,7
193,IERC2981,,data/safe_contracts/openzeppelin-contracts/contracts/interfaces/IERC2981.sol,,openzeppelin,False,False,False,False,False,False,False,False,False,False,False,False,False,False,False,False,False,False,False,False,False,False,True,True,False,0,0,4,1,0,0,0,1,0,23,2,1,1.0,0,15,0.6521739130434783,0,0,1,0,4,0,0,0,0,2,1,0.0,0.0,4.0,8.0,False,moderate,,,0,0,0,0,0.0,False,0,0,1,0,0,0,0.0,False,1,0,0.0,1,0,0,False,0,2,0.0,1
194,IERC5267,,data/safe_contracts/openzeppelin-contracts/contracts/interfaces/IERC5267.sol,,openzeppelin,False,False,False,False,False,False,False,False,False,False,False,False,False,False,False,False,False,False,False,False,False,False,True,False,False,0,0,2,1,0,0,0,1,0,25,1,1,1.0,0,9,0.36,0,0,0,0,2,0,0,0,0,1,1,0.0,0.0,2.0,4.0,False,simple,,,0,0,0,0,0.0,False,0,0,1,0,0,0,0.0,False,1,0,0.0,1,0,0,False,0,0,0.0,0
195,IERC1271,,data/safe_contracts/openzeppelin-contracts/contracts/interfaces/IERC1271.sol,,openzeppelin,False,False,False,False,False,False,False,False,False,False,False,False,False,False,False,False,False,False,False,False,False,False,True,False,False,0,0,2,1,0,0,0,1,0,15,1,1,1.0,0,11,0.7333333333333333,0,0,0,0,2,0,0,0,0,1,1,0.0,0.0,2.0,4.0,False,simple,,,0,0,0,0,0.0,False,0,0,1,0,0,0,0.0,False,1,0,0.0,1,0,0,False,0,2,0.0,1
196,IERC20,,data/safe_contracts/openzeppelin-contracts/contracts/interfaces/IERC20.sol,,openzeppelin,False,False,False,False,False,False,False,False,False,False,False,False,False,False,False,False,False,False,False,False,False,False,True,False,False,0,0,3,6,0,0,0,1,0,4,1,1,1.0,0,2,0.5,0,0,0,0,3,0,0,0,0,1,1,0.0,0.0,3.0,9.0,False,simple,,,0,0,0,0,0.0,False,0,0,6,0,0,0,0.0,False,6,0,0.0,6,0,0,False,0,10,0.0,5
197,IERC1363,,data/safe_contracts/openzeppelin-contracts/contracts/interfaces/IERC1363.sol,,openzeppelin,False,False,False,False,False,False,False,False,False,False,False,False,False,False,False,False,False,False,False,False,False,False,True,True,False,0,0,7,6,0,0,0,1,0,77,3,1,1.0,0,66,0.8571428571428571,0,0,1,0,7,0,0,0,0,2,1,0.0,0.0,7.0,24.5,False,moderate,,,0,0,0,0,0.0,False,0,0,6,0,0,0,0.0,False,6,0,0.0,3,0,0,False,0,17,0.0,6
198,IERC5313,,data/safe_contracts/openzeppelin-contracts/contracts/interfaces/IERC5313.sol,,openzeppelin,False,False,False,False,False,False,False,False,False,False,False,False,False,False,False,False,False,False,False,False,False,False,True,False,False,0,0,2,1,0,0,0,1,0,14,1,1,1.0,0,10,0.7142857142857143,0,0,0,0,2,0,0,0,0,1,1,0.0,0.0,2.0,4.0,False,simple,,,0,0,0,0,0.0,False,0,0,1,0,0,0,0.0,False,1,0,0.0,1,0,0,False,0,0,0.0,0
199,IERC4626,,data/safe_contracts/openzeppelin-contracts/contracts/interfaces/IERC4626.sol,,openzeppelin,False,False,False,False,False,False,False,False,False,False,False,False,False,False,False,False,False,False,False,False,False,False,True,True,False,0,0,5,16,0,0,0,1,0,210,3,1,1.0,0,181,0.861904761904762,0,0,2,0,5,0,0,0,0,2,1,0.0,0.0,5.0,12.5,False,moderate,,,0,0,0,0,0.0,False,0,0,16,0,0,0,0.0,False,16,0,0.0,16,0,0,False,0,20,0.0,14
200,IERC7751,,data/safe_contracts/openzeppelin-contracts/contracts/interfaces/IERC7751.sol,,openzeppelin,False,False,False,False,False,False,False,False,False,False,False,False,False,False,False,False,False,False,False,False,False,False,True,False,False,0,0,2,0,0,0,0,0,0,10,1,1,0.0,0,6,0.6,0,0,0,0,2,0,0,0,0,1,1,0.0,0.0,2.0,4.0,False,simple,,,0,0,0,0,0.0,False,0,0,0,0,0,0,0.0,False,0,0,0.0,0,0,0,False,0,0,0.0,0
201,IERC1363Receiver,,data/safe_contracts/openzeppelin-contracts/contracts/interfaces/IERC1363Receiver.sol,,openzeppelin,False,False,False,False,False,False,False,False,False,False,False,False,False,False,False,False,False,False,False,False,False,False,True,False,False,0,0,2,1,0,0,0,1,0,30,1,1,1.0,0,21,0.7,0,0,0,0,2,0,0,0,0,1,1,0.0,0.0,2.0,4.0,False,simple,,,0,0,0,0,0.0,False,0,0,1,0,0,0,0.0,False,1,0,0.0,1,0,0,False,0,4,0.0,1
202,IERC721Enumerable,,data/safe_contracts/openzeppelin-contracts/contracts/interfaces/IERC721Enumerable.sol,,openzeppelin,False,False,False,False,False,False,False,False,False,False,False,False,False,False,False,False,False,False,False,False,False,False,True,True,False,0,0,6,3,0,0,0,1,0,4,3,1,1.0,0,2,0.5,0,0,2,0,6,0,0,0,0,2,1,0.0,0.0,6.0,18.0,False,moderate,,,0,0,0,0,0.0,False,0,0,3,0,0,0,0.0,False,3,0,0.0,3,0,0,False,0,3,0.0,2
203,IERC721,,data/safe_contracts/openzeppelin-contracts/contracts/interfaces/IERC721.sol,,openzeppelin,False,False,False,False,False,False,False,False,False,False,False,False,False,False,False,False,False,False,False,False,False,False,True,True,False,0,0,5,9,0,0,0,1,0,4,2,1,1.0,0,2,0.5,0,0,1,0,5,0,0,0,0,2,1,0.0,0.0,5.0,12.5,False,moderate,,,0,0,0,0,0.0,False,0,0,9,0,0,0,0.0,False,9,0,0.0,8,0,0,False,0,19,0.0,9
204,IERC2309,,data/safe_contracts/openzeppelin-contracts/contracts/interfaces/IERC2309.sol,,openzeppelin,False,False,False,False,False,False,False,False,False,False,False,False,False,False,False,False,False,False,False,False,False,False,True,False,False,0,0,2,0,0,0,0,0,0,17,1,1,0.0,0,8,0.47058823529411764,0,0,0,0,2,0,0,0,0,1,1,0.0,0.0,2.0,4.0,False,simple,,,0,0,0,0,0.0,False,0,0,0,0,0,0,0.0,False,0,0,0.0,0,0,0,False,0,0,0.0,0
205,IERC20Metadata,,data/safe_contracts/openzeppelin-contracts/contracts/interfaces/IERC20Metadata.sol,,openzeppelin,False,False,False,False,False,False,False,False,False,False,False,False,False,False,False,False,False,False,False,False,False,False,True,True,False,0,0,5,3,0,0,0,1,0,4,2,1,1.0,0,2,0.5,0,0,1,0,5,0,0,0,0,2,1,0.0,0.0,5.0,12.5,False,moderate,,,0,0,0,0,0.0,False,0,0,3,0,0,0,0.0,False,3,0,0.0,3,0,0,False,0,0,0.0,0
206,IERC2612,,data/safe_contracts/openzeppelin-contracts/contracts/interfaces/IERC2612.sol,,openzeppelin,False,False,False,False,False,False,False,False,False,False,False,False,False,False,False,False,False,False,False,False,False,False,True,True,False,0,0,5,0,0,0,0,0,0,5,2,1,0.0,0,2,0.4,0,0,1,0,5,0,0,0,0,3,1,0.0,0.0,5.0,8.333333333333334,False,moderate,,,0,0,0,0,0.0,False,0,0,0,0,0,0,0.0,False,0,0,0.0,0,0,0,False,0,0,0.0,0
207,IERC5805,,data/safe_contracts/openzeppelin-contracts/contracts/interfaces/IERC5805.sol,,openzeppelin,False,False,False,False,False,False,False,False,False,False,False,False,False,False,False,False,False,False,False,False,False,False,True,True,False,0,0,6,0,0,0,0,0,0,6,3,1,0.0,0,2,0.3333333333333333,0,0,1,0,6,0,0,0,0,3,1,0.0,0.0,6.0,12.0,False,moderate,,,0,0,0,0,0.0,False,0,0,0,0,0,0,0.0,False,0,0,0.0,0,0,0,False,0,0,0.0,0
208,IERC777,,data/safe_contracts/openzeppelin-contracts/contracts/interfaces/IERC777.sol,,openzeppelin,False,False,False,False,False,False,False,False,False,False,False,False,False,False,False,False,False,False,False,False,False,False,True,False,False,0,0,2,13,0,0,0,1,0,181,1,1,1.0,0,147,0.8121546961325967,0,0,0,0,2,0,0,0,0,1,1,0.0,0.0,2.0,4.0,False,simple,,,0,0,0,0,0.0,False,0,0,13,0,0,0,0.0,False,13,0,0.0,13,0,0,False,0,19,0.0,8
209,IERC7913,,data/safe_contracts/openzeppelin-contracts/contracts/interfaces/IERC7913.sol,,openzeppelin,False,False,False,False,False,False,False,False,False,False,False,False,False,False,False,False,False,False,False,False,False,False,True,False,False,0,0,2,0,0,0,0,0,0,0,1,0,0.0,0,0,0.0,0,0,0,0,2,0,0,0,0,1,1,0.0,0.0,2.0,4.0,False,simple,,,0,0,0,0,0.0,False,0,0,0,0,0,0,0.0,False,0,0,0.0,0,0,0,False,0,0,0.0,0
210,IERC721Receiver,,data/safe_contracts/openzeppelin-contracts/contracts/interfaces/IERC721Receiver.sol,,openzeppelin,False,False,False,False,False,False,False,False,False,False,False,False,False,False,False,False,False,False,False,False,False,False,True,False,False,0,0,3,1,0,0,0,1,0,4,1,1,1.0,0,2,0.5,0,0,0,0,3,0,0,0,0,1,1,0.0,0.0,3.0,9.0,False,simple,,,0,0,0,0,0.0,False,0,0,1,0,0,0,0.0,False,1,0,0.0,1,0,0,False,0,4,0.0,1
211,IERC3156FlashLender,,data/safe_contracts/openzeppelin-contracts/contracts/interfaces/IERC3156FlashLender.sol,,openzeppelin,False,False,False,False,False,False,False,False,False,False,False,False,False,False,False,False,False,False,False,False,False,False,True,False,False,0,0,3,3,0,0,0,1,0,36,2,1,1.0,0,24,0.6666666666666666,0,0,0,0,3,0,0,0,0,1,1,0.0,0.0,3.0,9.0,False,simple,,,0,0,0,0,0.0,False,0,0,3,0,0,0,0.0,False,3,0,0.0,3,0,0,False,0,7,0.0,3
212,IERC4906,,data/safe_contracts/openzeppelin-contracts/contracts/interfaces/IERC4906.sol,,openzeppelin,False,False,False,False,False,False,False,False,False,False,False,False,False,False,False,False,False,False,False,False,False,False,True,True,False,0,0,7,0,0,0,0,0,0,16,3,1,0.0,0,9,0.5625,0,0,2,0,7,0,0,0,0,2,1,0.0,0.0,7.0,24.5,False,moderate,,,0,0,0,0,0.0,False,0,0,0,0,0,0,0.0,False,0,0,0.0,0,0,0,False,0,0,0.0,0
213,IERC3156FlashBorrower,,data/safe_contracts/openzeppelin-contracts/contracts/interfaces/IERC3156FlashBorrower.sol,,openzeppelin,False,False,False,False,False,False,False,False,False,False,False,False,False,False,False,False,False,False,False,False,False,False,True,False,False,0,0,2,1,0,0,0,1,0,25,1,1,1.0,0,15,0.6,0,0,0,0,2,0,0,0,0,1,1,0.0,0.0,2.0,4.0,False,simple,,,0,0,0,0,0.0,False,0,0,1,0,0,0,0.0,False,1,0,0.0,1,0,0,False,0,5,0.0,1
214,IERC1820Registry,,data/safe_contracts/openzeppelin-contracts/contracts/interfaces/IERC1820Registry.sol,,openzeppelin,False,False,False,False,False,False,False,False,False,False,False,False,False,False,False,False,False,False,False,False,False,False,True,False,False,0,0,2,8,0,0,0,1,0,101,1,1,1.0,0,88,0.8712871287128713,0,0,0,0,2,0,0,0,0,1,1,0.0,0.0,2.0,4.0,False,simple,,,0,0,0,0,0.0,False,0,0,8,0,0,0,0.0,False,8,0,0.0,8,0,0,False,0,15,0.0,8
215,IERC777Recipient,,data/safe_contracts/openzeppelin-contracts/contracts/interfaces/IERC777Recipient.sol,,openzeppelin,False,False,False,False,False,False,False,False,False,False,False,False,False,False,False,False,False,False,False,False,False,False,True,False,False,0,0,2,1,0,0,0,1,0,33,1,1,1.0,0,22,0.6666666666666666,0,0,0,0,2,0,0,0,0,1,1,0.0,0.0,2.0,4.0,False,simple,,,0,0,0,0,0.0,False,0,0,1,0,0,0,0.0,False,1,0,0.0,1,0,0,False,0,6,0.0,1
216,IERC721Metadata,,data/safe_contracts/openzeppelin-contracts/contracts/interfaces/IERC721Metadata.sol,,openzeppelin,False,False,False,False,False,False,False,False,False,False,False,False,False,False,False,False,False,False,False,False,False,False,True,True,False,0,0,6,3,0,0,0,1,0,4,3,1,1.0,0,2,0.5,0,0,2,0,6,0,0,0,0,2,1,0.0,0.0,6.0,18.0,False,moderate,,,0,0,0,0,0.0,False,0,0,3,0,0,0,0.0,False,3,0,0.0,3,0,0,False,0,1,0.0,1
217,IERC777Sender,,data/safe_contracts/openzeppelin-contracts/contracts/interfaces/IERC777Sender.sol,,openzeppelin,False,False,False,False,False,False,False,False,False,False,False,False,False,False,False,False,False,False,False,False,False,False,True,False,False,0,0,2,1,0,0,0,1,0,33,1,1,1.0,0,22,0.6666666666666666,0,0,0,0,2,0,0,0,0,1,1,0.0,0.0,2.0,4.0,False,simple,,,0,0,0,0,0.0,False,0,0,1,0,0,0,0.0,False,1,0,0.0,1,0,0,False,0,6,0.0,1
218,IERC1820Implementer,,data/safe_contracts/openzeppelin-contracts/contracts/interfaces/IERC1820Implementer.sol,,openzeppelin,False,False,False,False,False,False,False,False,False,False,False,False,False,False,False,False,False,False,False,False,False,False,True,False,False,0,0,2,1,0,0,0,1,0,18,1,1,1.0,0,14,0.7777777777777778,0,0,0,0,2,0,0,0,0,1,1,0.0,0.0,2.0,4.0,False,simple,,,0,0,0,0,0.0,False,0,0,1,0,0,0,0.0,False,1,0,0.0,1,0,0,False,0,2,0.0,1
219,IERC1155Receiver,,data/safe_contracts/openzeppelin-contracts/contracts/interfaces/IERC1155Receiver.sol,,openzeppelin,False,False,False,False,False,False,False,False,False,False,False,False,False,False,False,False,False,False,False,False,False,False,True,True,False,0,0,5,2,0,0,0,1,0,4,2,1,1.0,0,2,0.5,0,0,1,0,5,0,0,0,0,2,1,0.0,0.0,5.0,12.5,False,moderate,,,0,0,0,0,0.0,False,0,0,2,0,0,0,0.0,False,2,0,0.0,2,0,0,False,0,10,0.0,2
220,IERC6372,,data/safe_contracts/openzeppelin-contracts/contracts/interfaces/IERC6372.sol,,openzeppelin,False,False,False,False,False,False,False,False,False,False,False,False,False,False,False,False,False,False,False,False,False,False,True,False,False,0,0,3,2,0,0,0,1,0,14,1,1,1.0,0,9,0.6428571428571429,0,0,0,0,3,0,0,0,0,2,1,0.0,0.0,3.0,4.5,False,simple,,,0,0,0,0,0.0,False,0,0,2,0,0,0,0.0,False,2,0,0.0,2,0,0,False,0,0,0.0,0
221,IERC1155MetadataURI,,data/safe_contracts/openzeppelin-contracts/contracts/interfaces/IERC1155MetadataURI.sol,,openzeppelin,False,False,False,False,False,False,False,False,False,False,False,False,False,False,False,False,False,False,False,False,False,False,True,True,False,0,0,6,1,0,0,0,1,0,4,3,1,1.0,0,2,0.5,0,0,2,0,6,0,0,0,0,2,1,0.0,0.0,6.0,18.0,False,moderate,,,0,0,0,0,0.0,False,0,0,1,0,0,0,0.0,False,1,0,0.0,1,0,0,False,0,1,0.0,1
222,Base64,,data/safe_contracts/openzeppelin-contracts/contracts/utils/Base64.sol,,openzeppelin,False,False,False,False,False,False,False,False,False,False,False,False,False,False,True,False,False,False,False,False,False,False,True,False,False,1,2,76,5,2,0,0,16,0,202,2,1,6.6,2,84,0.4158415841584158,0,1,0,0,6,73,0,3,0,5,2,0.0,0.0,96.0,1096.32,True,critical,,,127,133,17,47,1.047244094488189,True,5,33,5,10,0,2,0.16666666666666666,False,0,5,2.0,5,0,1,False,0,6,0.0,5
223,Create2,,data/safe_contracts/openzeppelin-contracts/contracts/utils/Create2.sol,,openzeppelin,False,False,False,False,False,False,False,False,False,False,False,False,False,False,True,False,False,False,False,False,False,False,True,False,False,0,0,31,3,4,0,0,9,0,83,3,1,3.6666666666666665,0,45,0.5421686746987951,0,2,0,0,16,15,0,0,0,3,2,0.0,0.0,31.0,273.83333333333337,True,critical,,,30,31,0,11,1.0333333333333334,False,1,11,3,11,0,4,0.26666666666666666,True,0,3,3.6666666666666665,9,0,1,False,2,8,0.5,3
224,Comparators,,data/safe_contracts/openzeppelin-contracts/contracts/utils/Comparators.sol,,openzeppelin,False,False,False,False,False,False,False,False,False,False,False,False,False,False,False,False,False,False,False,False,False,False,True,False,False,0,0,4,2,0,0,0,1,0,16,1,1,1.0,0,7,0.4375,0,0,0,0,2,2,0,0,0,2,1,0.0,0.0,4.0,6.8,False,moderate,,,4,2,0,1,0.5,False,2,2,2,0,0,0,0.0,False,0,2,0.0,2,0,0,False,0,4,0.0,2
225,Context,,data/safe_contracts/openzeppelin-contracts/contracts/utils/Context.sol,,openzeppelin,False,False,False,False,False,False,False,False,False,False,False,False,False,False,False,False,False,False,False,False,False,False,True,False,False,0,0,5,3,0,0,0,1,0,24,1,1,1.0,0,12,0.5,0,0,0,0,2,3,0,0,0,2,1,0.0,0.0,5.0,10.25,False,moderate,,,6,3,0,1,0.5,False,3,3,3,0,0,0,0.0,False,0,3,0.0,3,0,0,False,0,0,0.0,0
226,RelayedCall,,data/safe_contracts/openzeppelin-contracts/contracts/utils/RelayedCall.sol,,openzeppelin,False,False,False,True,False,False,False,False,False,False,False,False,False,False,True,False,False,False,False,False,False,False,True,False,False,0,0,10,6,2,0,0,5,1,121,1,1,1.6666666666666667,0,76,0.628099173553719,0,0,0,0,4,6,0,0,0,4,3,0.0,0.0,10.0,20.5,True,complex,,,33,29,0,18,0.8787878787878788,False,5,10,6,14,0,2,0.125,True,0,6,2.3333333333333335,9,0,1,False,1,13,1.0,5
227,NoncesKeyed,,data/safe_contracts/openzeppelin-contracts/contracts/utils/NoncesKeyed.sol,,openzeppelin,False,False,False,False,False,False,False,False,False,False,False,False,False,False,False,False,False,True,False,False,False,False,True,False,False,1,0,9,6,0,1,0,5,0,66,2,1,2.0,0,35,0.5303030303030303,0,0,1,0,4,6,0,1,0,3,2,0.0,0.0,19.0,51.93333333333333,False,complex,,,24,20,0,6,0.8333333333333334,False,6,12,6,10,1,0,0.0,True,1,5,1.6666666666666667,3,1,1,True,0,12,0.0,6
228,Nonces,,data/safe_contracts/openzeppelin-contracts/contracts/utils/Nonces.sol,,openzeppelin,False,False,False,False,False,False,False,False,False,False,False,False,False,False,False,False,False,False,False,False,False,False,True,False,False,0,0,4,3,0,1,0,3,0,41,1,1,1.6666666666666667,0,22,0.5365853658536586,0,0,0,0,2,2,0,0,0,2,1,0.0,0.0,4.0,6.8,False,moderate,,,9,7,0,3,0.7777777777777778,False,2,5,3,2,0,0,0.0,False,1,2,0.6666666666666666,3,1,1,True,0,4,0.0,3
229,StorageSlot,,data/safe_contracts/openzeppelin-contracts/contracts/utils/StorageSlot.sol,,openzeppelin,False,False,False,False,False,False,False,False,False,False,False,False,False,False,True,False,False,False,False,False,False,False,True,False,False,0,0,20,9,0,0,0,1,0,126,1,1,1.0,0,57,0.4523809523809524,0,0,0,0,11,9,0,0,0,3,2,0.0,0.0,20.0,115.33333333333334,False,complex,,,36,27,0,3,0.75,False,0,9,9,0,0,0,0.0,False,0,9,0.0,7,0,0,False,0,9,0.0,9
230,Pausable,,data/safe_contracts/openzeppelin-contracts/contracts/utils/Pausable.sol,,openzeppelin,False,False,False,False,False,False,False,False,False,False,False,False,False,False,False,False,False,False,False,False,False,False,True,False,False,0,0,10,5,0,1,2,3,0,98,2,1,1.8,0,60,0.6122448979591837,0,0,1,0,3,7,0,0,0,2,1,0.0,0.0,10.0,39.5,False,moderate,,,18,15,0,3,0.8333333333333334,False,1,9,5,8,0,0,0.0,False,1,4,1.6,6,1,0,True,0,0,0.0,0
231,CAIP2,,data/safe_contracts/openzeppelin-contracts/contracts/utils/CAIP2.sol,,openzeppelin,False,False,False,False,False,False,False,False,False,False,False,False,False,False,False,False,False,False,False,False,False,False,False,False,False,0,0,0,0,0,0,0,0,0,0,1,0,0.0,0,0,0.0,0,0,0,0,0,0,0,0,0,0,0,0.0,0.0,0.0,0.0,False,simple,COMPILATION_ERROR,Compilation error: unresolved reference to identifier mcopy,0,0,0,0,0.0,False,0,0,0,0,0,0,0.0,False,0,0,0.0,0,0,0,False,0,0,0.0,0
232,Strings,,data/safe_contracts/openzeppelin-contracts/contracts/utils/Strings.sol,,openzeppelin,False,False,False,False,False,False,False,False,False,False,False,False,False,False,False,False,False,False,False,False,False,False,False,False,False,0,0,0,0,0,0,0,0,0,0,1,0,0.0,0,0,0.0,0,0,0,0,0,0,0,0,0,0,0,0.0,0.0,0.0,0.0,False,simple,COMPILATION_ERROR,Compilation error: unresolved reference to identifier mcopy,0,0,0,0,0.0,False,0,0,0,0,0,0,0.0,False,0,0,0.0,0,0,0,False,0,0,0.0,0
233,Arrays,,data/safe_contracts/openzeppelin-contracts/contracts/utils/Arrays.sol,,openzeppelin,False,False,False,False,False,False,False,False,False,False,False,False,False,False,False,False,False,False,False,False,False,False,False,False,False,0,0,0,0,0,0,0,0,0,0,1,0,0.0,0,0,0.0,0,0,0,0,0,0,0,0,0,0,0,0.0,0.0,0.0,0.0,False,simple,COMPILATION_ERROR,Compilation error: unresolved reference to identifier mcopy,0,0,0,0,0.0,False,0,0,0,0,0,0,0.0,False,0,0,0.0,0,0,0,False,0,0,0.0,0
234,TransientSlot,,data/safe_contracts/openzeppelin-contracts/contracts/utils/TransientSlot.sol,,openzeppelin,False,False,False,False,False,False,False,False,False,False,False,False,False,False,False,False,False,False,False,False,False,False,False,False,False,0,0,0,0,0,0,0,0,0,0,1,0,0.0,0,0,0.0,0,0,0,0,0,0,0,0,0,0,0,0.0,0.0,0.0,0.0,False,simple,COMPILATION_ERROR,Compilation error: unresolved reference to identifier tload,0,0,0,0,0.0,False,0,0,0,0,0,0,0.0,False,0,0,0.0,0,0,0,False,0,0,0.0,0
235,SlotDerivation,,data/safe_contracts/openzeppelin-contracts/contracts/utils/SlotDerivation.sol,,openzeppelin,False,False,False,False,False,False,False,False,False,False,False,False,False,False,True,False,False,False,False,False,False,False,True,False,False,0,0,21,10,0,0,0,1,0,144,1,1,1.0,0,67,0.4652777777777778,0,0,0,0,11,10,0,0,0,3,2,0.0,0.0,21.0,126.0,True,complex,,,70,60,0,13,0.8571428571428571,False,1,10,10,21,0,0,0.0,False,0,10,2.1,4,0,0,False,0,18,0.0,10
236,Panic,,data/safe_contracts/openzeppelin-contracts/contracts/utils/Panic.sol,,openzeppelin,False,False,False,False,False,False,False,False,False,False,False,False,False,False,True,False,False,False,False,False,False,False,True,False,False,0,0,4,2,0,10,0,1,0,54,1,1,1.0,0,34,0.6296296296296297,0,0,0,0,3,1,0,0,0,3,2,0.0,0.0,4.0,4.933333333333334,False,moderate,,,16,14,0,9,0.875,False,0,2,2,2,0,0,0.0,False,0,2,1.0,3,10,0,False,0,1,0.0,1
237,ShortStrings,,data/safe_contracts/openzeppelin-contracts/contracts/utils/ShortStrings.sol,,openzeppelin,False,False,False,False,False,False,False,False,False,False,False,False,False,False,True,False,False,False,False,False,False,False,True,False,False,0,0,29,7,7,1,0,3,0,111,2,1,2.0,0,58,0.5225225225225225,0,1,0,0,13,16,0,0,0,4,2,0.0,0.0,29.0,175.45,True,critical,,,34,29,0,7,0.8529411764705882,False,9,14,7,7,0,7,0.5,False,0,7,1.0,4,1,6,True,0,9,0.0,6
238,ReentrancyGuard,,data/safe_contracts/openzeppelin-contracts/contracts/utils/ReentrancyGuard.sol,,openzeppelin,False,False,False,False,False,False,False,False,False,False,False,False,False,False,True,False,False,False,False,False,False,False,True,False,False,0,0,26,7,4,3,2,3,0,103,2,1,1.2857142857142858,0,63,0.6116504854368932,0,4,0,0,12,14,0,0,0,3,2,0.0,0.0,26.0,188.93333333333334,True,complex,,,18,12,0,2,0.6666666666666666,False,2,9,7,7,0,4,0.36363636363636365,False,0,7,1.0,3,3,0,True,0,0,0.0,0
239,CAIP10,,data/safe_contracts/openzeppelin-contracts/contracts/utils/CAIP10.sol,,openzeppelin,False,False,False,False,False,False,False,False,False,False,False,False,False,False,False,False,False,False,False,False,False,False,False,False,False,0,0,0,0,0,0,0,0,0,0,1,0,0.0,0,0,0.0,0,0,0,0,0,0,0,0,0,0,0,0.0,0.0,0.0,0.0,False,simple,COMPILATION_ERROR,Compilation error: unresolved reference to identifier mcopy,0,0,0,0,0.0,False,0,0,0,0,0,0,0.0,False,0,0,0.0,0,0,0,False,0,0,0.0,0
240,Base58,,data/safe_contracts/openzeppelin-contracts/contracts/utils/Base58.sol,,openzeppelin,False,False,False,False,False,False,False,False,False,False,False,False,False,False,True,False,False,False,False,False,False,False,True,False,False,0,0,8,4,0,0,0,25,0,211,1,1,12.25,2,79,0.3744075829383886,0,0,0,0,4,4,0,0,0,3,2,0.0,0.0,8.0,18.133333333333333,False,moderate,,,145,156,15,45,1.0758620689655172,True,4,49,4,12,0,0,0.0,False,0,4,3.0,7,0,0,False,0,4,0.0,4
241,Errors,,data/safe_contracts/openzeppelin-contracts/contracts/utils/Errors.sol,,openzeppelin,False,False,False,False,False,False,False,False,False,False,False,False,False,False,False,False,False,False,False,False,False,False,True,False,False,0,0,2,0,0,0,0,0,0,29,1,1,0.0,0,22,0.7586206896551724,0,0,0,0,2,0,0,0,0,1,1,0.0,0.0,2.0,4.0,False,simple,,,0,0,0,0,0.0,False,0,0,0,0,0,0,0.0,False,0,0,0.0,0,0,0,False,0,0,0.0,0
242,Blockhash,,data/safe_contracts/openzeppelin-contracts/contracts/utils/Blockhash.sol,,openzeppelin,False,False,False,False,False,False,False,False,False,False,False,False,False,False,True,False,False,False,False,False,False,False,True,False,False,0,0,5,3,0,1,0,2,0,46,1,1,1.3333333333333333,0,26,0.5652173913043478,0,0,0,0,3,2,0,0,0,3,2,0.0,0.0,5.0,7.333333333333334,False,moderate,,,15,12,0,6,0.8,False,2,4,3,7,0,0,0.0,False,0,3,2.3333333333333335,7,1,0,True,0,2,0.0,2
243,Packing,,data/safe_contracts/openzeppelin-contracts/contracts/utils/Packing.sol,,openzeppelin,False,False,False,False,False,False,False,False,False,False,False,False,False,False,True,False,False,False,False,False,False,False,True,False,False,0,0,638,212,0,0,0,3,0,1442,1,1,1.7358490566037736,0,32,0.022191400832177532,0,0,0,0,426,212,0,0,0,4,2,0.0,0.0,638.0,91616.8,True,critical,,,1350,1216,0,5,0.9007407407407407,False,0,368,212,156,0,0,0.0,False,0,212,0.7358490566037735,57,0,0,False,0,502,0.0,212
244,RLP,,data/safe_contracts/openzeppelin-contracts/contracts/utils/RLP.sol,,openzeppelin,False,False,False,False,False,False,False,False,False,False,False,False,False,False,False,False,False,False,False,False,False,False,False,False,False,0,0,0,0,0,0,0,0,0,0,1,0,0.0,0,0,0.0,0,0,0,0,0,0,0,0,0,0,0,0.0,0.0,0.0,0.0,False,simple,COMPILATION_ERROR,Compilation error: unresolved reference to identifier mcopy,0,0,0,0,0.0,False,0,0,0,0,0,0,0.0,False,0,0,0.0,0,0,0,False,0,0,0.0,0
245,Bytes,,data/safe_contracts/openzeppelin-contracts/contracts/utils/Bytes.sol,,openzeppelin,False,False,False,False,False,False,False,False,False,False,False,False,False,False,False,False,False,False,False,False,False,False,False,False,False,0,0,0,0,0,0,0,0,0,0,1,0,0.0,0,0,0.0,0,0,0,0,0,0,0,0,0,0,0,0.0,0.0,0.0,0.0,False,simple,COMPILATION_ERROR,Compilation error: unresolved reference to identifier mcopy,0,0,0,0,0.0,False,0,0,0,0,0,0,0.0,False,0,0,0.0,0,0,0,False,0,0,0.0,0
246,Multicall,,data/safe_contracts/openzeppelin-contracts/contracts/utils/Multicall.sol,,openzeppelin,False,False,False,False,False,False,False,False,False,False,False,False,False,False,True,False,False,False,False,False,False,False,True,False,False,0,0,32,1,4,0,0,6,0,33,5,1,6.0,0,18,0.5454545454545454,0,1,1,0,16,16,0,0,0,3,2,0.0,0.0,32.0,290.1333333333333,True,critical,,,13,14,1,9,1.0769230769230769,False,1,6,1,2,1,4,0.6666666666666666,False,1,0,2.0,2,0,1,False,1,1,1.0,1
247,LowLevelCall,,data/safe_contracts/openzeppelin-contracts/contracts/utils/LowLevelCall.sol,,openzeppelin,False,False,False,False,False,False,False,False,False,False,False,False,False,False,True,False,False,False,False,False,False,False,True,False,False,0,0,24,12,0,0,0,1,0,114,1,1,1.0,0,31,0.2719298245614035,0,0,0,0,12,12,0,0,0,3,2,0.0,0.0,24.0,163.2,True,complex,,,56,44,0,6,0.7857142857142857,False,2,12,12,31,0,0,0.0,True,0,12,2.5833333333333335,9,0,0,False,0,19,0.0,9
248,ReentrancyGuardTransient,,data/safe_contracts/openzeppelin-contracts/contracts/utils/ReentrancyGuardTransient.sol,,openzeppelin,False,False,False,False,False,False,False,False,False,False,False,False,False,False,False,False,False,False,False,False,False,False,False,False,False,0,0,0,0,0,0,0,0,0,0,1,0,0.0,0,0,0.0,0,0,0,0,0,0,0,0,0,0,0,0.0,0.0,0.0,0.0,False,simple,COMPILATION_ERROR,Compilation error: unresolved reference to identifier tload,0,0,0,0,0.0,False,0,0,0,0,0,0,0.0,False,0,0,0.0,0,0,0,False,0,0,0.0,0
249,Address,,data/safe_contracts/openzeppelin-contracts/contracts/utils/Address.sol,,openzeppelin,False,False,False,False,False,False,False,False,False,False,False,False,False,False,True,False,False,False,False,False,False,False,True,False,False,0,0,33,7,28,0,0,9,0,157,3,1,6.142857142857143,0,73,0.46496815286624205,0,17,0,0,14,19,0,0,0,3,2,0.0,0.0,33.0,300.29999999999995,True,critical,,,71,76,0,8,1.0704225352112675,False,7,43,7,19,0,28,0.5957446808510638,False,0,7,2.7142857142857144,5,0,6,False,26,16,0.23076923076923078,7
250,Calldata,,data/safe_contracts/openzeppelin-contracts/contracts/utils/Calldata.sol,,openzeppelin,False,False,False,False,False,False,False,False,False,False,False,False,False,False,True,False,False,False,False,False,False,False,True,False,False,0,0,6,2,0,0,0,1,0,22,1,1,1.0,0,7,0.3181818181818182,0,0,0,0,4,2,0,0,0,3,2,0.0,0.0,6.0,10.8,False,moderate,,,10,8,0,4,0.8,False,0,2,2,0,0,0,0.0,False,0,2,0.0,2,0,0,False,0,0,0.0,0
251,Memory,,data/safe_contracts/openzeppelin-contracts/contracts/utils/Memory.sol,,openzeppelin,False,False,False,False,False,False,False,False,False,False,False,False,False,False,False,False,False,False,False,False,False,False,False,False,False,0,0,0,0,0,0,0,0,0,0,1,0,0.0,0,0,0.0,0,0,0,0,0,0,0,0,0,0,0,0.0,0.0,0.0,0.0,False,simple,COMPILATION_ERROR,Compilation error: unresolved reference to identifier mcopy,0,0,0,0,0.0,False,0,0,0,0,0,0,0.0,False,0,0,0.0,0,0,0,False,0,0,0.0,0
252,Clones,,data/safe_contracts/openzeppelin-contracts/contracts/proxy/Clones.sol,,openzeppelin,False,False,False,False,False,False,False,False,False,False,False,False,False,False,True,False,False,False,False,False,False,False,True,False,False,0,0,53,14,10,0,0,5,0,277,4,1,2.0,0,140,0.5054151624548736,0,2,0,0,22,31,0,0,0,4,2,0.0,0.0,53.0,579.025,True,critical,,,76,69,0,11,0.9078947368421053,False,10,28,14,33,0,10,0.23255813953488372,True,0,14,2.357142857142857,13,0,7,False,0,35,0.0,14
253,Proxy,,data/safe_contracts/openzeppelin-contracts/contracts/proxy/Proxy.sol,,openzeppelin,False,False,False,False,False,False,False,False,False,False,False,False,False,False,True,True,False,False,False,False,False,False,True,False,False,0,1,4,4,0,0,0,3,0,61,1,1,1.5,0,37,0.6065573770491803,1,0,0,0,5,0,0,1,0,4,2,0.0,0.0,9.0,11.25,False,moderate,,,17,15,0,11,0.8823529411764706,False,0,5,4,11,3,0,0.0,False,1,3,2.75,9,0,0,False,0,1,0.0,1
254,VestingWallet,,data/safe_contracts/openzeppelin-contracts/contracts/finance/VestingWallet.sol,,openzeppelin,False,False,True,False,False,False,False,False,False,False,False,False,False,False,True,False,False,False,False,False,False,False,True,True,False,0,0,56,14,3,4,0,3,0,142,10,1,1.1428571428571428,0,75,0.528169014084507,2,2,2,0,27,29,0,0,0,5,3,0.0,0.0,56.0,529.76,True,critical,,,39,25,0,4,0.6410256410256411,False,12,16,14,19,4,3,0.13636363636363635,True,13,1,1.3571428571428572,6,4,3,True,2,11,1.5,7
255,VestingWalletCliff,,data/safe_contracts/openzeppelin-contracts/contracts/finance/VestingWalletCliff.sol,,openzeppelin,False,False,True,False,False,False,False,False,False,False,False,False,False,False,True,False,False,False,False,False,False,False,True,True,False,0,0,125,3,2,1,0,3,0,46,12,1,2.0,0,23,0.5,0,1,3,0,30,95,0,0,0,5,3,0.0,0.0,125.0,2412.5,True,critical,,,11,9,0,3,0.8181818181818182,False,3,6,3,5,0,2,0.2857142857142857,True,1,2,1.6666666666666667,4,1,1,True,0,3,0.0,2
256,IAccessControlEnumerable,,data/safe_contracts/openzeppelin-contracts/contracts/access/extensions/IAccessControlEnumerable.sol,,openzeppelin,False,False,False,False,False,False,False,False,False,False,False,False,False,False,False,False,False,False,False,False,False,False,True,False,False,0,0,3,2,0,0,0,1,0,27,2,1,1.0,0,21,0.7777777777777778,0,0,1,0,3,0,0,0,0,1,1,0.0,0.0,3.0,9.0,False,simple,,,0,0,0,0,0.0,False,0,0,2,0,0,0,0.0,False,2,0,0.0,2,0,0,False,0,3,0.0,2
257,IAccessControlDefaultAdminRules,,data/safe_contracts/openzeppelin-contracts/contracts/access/extensions/IAccessControlDefaultAdminRules.sol,,openzeppelin,False,False,False,False,False,False,False,False,False,False,False,False,False,False,False,False,False,False,False,False,False,False,True,False,False,0,0,3,10,0,0,0,1,0,173,2,1,1.0,0,152,0.8786127167630058,0,0,1,0,3,0,0,0,0,1,1,0.0,0.0,3.0,9.0,False,simple,,,0,0,0,0,0.0,False,0,0,10,0,0,0,0.0,False,10,0,0.0,10,0,0,False,0,2,0.0,2
258,AccessControlEnumerable,,data/safe_contracts/openzeppelin-contracts/contracts/access/extensions/AccessControlEnumerable.sol,,openzeppelin,False,False,False,False,False,False,False,False,False,False,False,False,False,False,False,False,False,False,False,False,False,False,False,False,False,0,0,0,0,0,0,0,0,0,0,1,0,0.0,0,0,0.0,0,0,0,0,0,0,0,0,0,0,0,0.0,0.0,0.0,0.0,False,simple,COMPILATION_ERROR,Compilation error: unresolved reference to identifier mcopy,0,0,0,0,0.0,False,0,0,0,0,0,0,0.0,False,0,0,0.0,0,0,0,False,0,0,0.0,0
259,AccessControlDefaultAdminRules,,data/safe_contracts/openzeppelin-contracts/contracts/access/extensions/AccessControlDefaultAdminRules.sol,,openzeppelin,False,False,True,False,False,False,False,False,False,False,False,False,False,False,True,False,False,False,False,False,False,False,True,True,False,1,9,137,30,3,6,0,5,0,327,11,1,2.033333333333333,0,161,0.4923547400611621,0,3,3,0,25,122,0,10,0,8,3,0.0,0.0,192.0,2649.6,True,critical,,,135,119,0,9,0.8814814814814815,False,15,61,30,57,3,3,0.05,True,15,15,1.9,12,6,9,True,0,26,0.0,17
260,AccessManaged,,data/safe_contracts/openzeppelin-contracts/contracts/access/manager/AccessManaged.sol,,openzeppelin,False,False,False,False,False,True,False,False,False,False,False,False,False,False,True,False,False,False,False,False,False,False,True,True,False,0,0,14,6,2,2,1,5,0,101,6,1,2.5,0,48,0.4752475247524752,0,1,1,0,9,5,0,0,0,5,3,0.0,0.0,14.0,35.0,True,complex,,,32,30,0,8,0.9375,False,3,15,6,9,1,2,0.18181818181818182,False,3,3,1.5,7,2,2,True,2,5,1.0,4
261,AccessManager,,data/safe_contracts/openzeppelin-contracts/contracts/access/manager/AccessManager.sol,,openzeppelin,False,False,True,False,False,False,False,False,False,False,False,False,True,False,True,False,False,False,False,False,False,True,True,True,False,1,12,153,49,21,6,1,9,0,633,13,1,2.4693877551020407,0,236,0.37282780410742494,1,16,1,0,38,128,0,13,0,10,5,0.0,0.0,223.0,2845.4799999999996,True,critical,,,297,271,1,17,0.9124579124579124,False,42,121,49,94,4,21,0.1826086956521739,False,30,19,1.9183673469387754,32,6,23,True,2,87,11.5,45
262,IAccessManager,,data/safe_contracts/openzeppelin-contracts/contracts/access/manager/IAccessManager.sol,,openzeppelin,False,False,False,False,False,False,False,False,False,False,False,False,False,False,False,False,False,False,False,False,False,False,True,False,False,0,0,2,29,0,0,0,1,0,360,1,1,1.0,0,287,0.7972222222222223,1,0,0,0,2,0,0,0,0,1,1,0.0,0.0,2.0,4.0,False,simple,,,0,0,0,0,0.0,False,0,0,29,0,0,0,0.0,False,29,0,0.0,29,0,0,False,0,53,0.0,27
263,AuthorityUtils,,data/safe_contracts/openzeppelin-contracts/contracts/access/manager/AuthorityUtils.sol,,openzeppelin,False,False,False,False,False,False,False,False,False,False,False,False,False,False,True,False,False,False,False,False,False,False,True,True,False,0,0,6,1,1,0,0,3,0,30,2,1,3.0,0,9,0.3,0,0,0,0,5,1,0,0,0,4,2,0.0,0.0,6.0,8.55,False,moderate,,,11,11,0,8,1.0,False,0,3,1,5,0,1,0.16666666666666666,False,0,1,5.0,5,0,1,False,1,4,1.0,1
264,IAccessManaged,,data/safe_contracts/openzeppelin-contracts/contracts/access/manager/IAccessManaged.sol,,openzeppelin,False,False,False,False,False,False,False,False,False,False,False,False,False,False,False,False,False,False,False,False,False,False,True,False,False,0,0,2,3,0,0,0,1,0,26,1,1,1.0,0,16,0.6153846153846154,0,0,0,0,2,0,0,0,0,1,1,0.0,0.0,2.0,4.0,False,simple,,,0,0,0,0,0.0,False,0,0,3,0,0,0,0.0,False,3,0,0.0,3,0,0,False,0,1,0.0,1
265,IAuthority,,data/safe_contracts/openzeppelin-contracts/contracts/access/manager/IAuthority.sol,,openzeppelin,False,False,False,False,False,False,False,False,False,False,False,False,False,False,False,False,False,False,False,False,False,False,True,False,False,0,0,2,1,0,0,0,1,0,12,1,1,1.0,0,8,0.6666666666666666,0,0,0,0,2,0,0,0,0,1,1,0.0,0.0,2.0,4.0,False,simple,,,0,0,0,0,0.0,False,0,0,1,0,0,0,0.0,False,1,0,0.0,1,0,0,False,0,3,0.0,1
266,GovernorProposalGuardianMock,,data/safe_contracts/openzeppelin-contracts/contracts/mocks/governance/GovernorProposalGuardianMock.sol,,openzeppelin,False,False,False,False,False,False,False,False,False,False,False,False,False,False,False,False,False,False,False,False,False,False,False,False,False,0,0,0,0,0,0,0,0,0,0,1,0,0.0,0,0,0.0,0,0,0,0,0,0,0,0,0,0,0,0.0,0.0,0.0,0.0,False,simple,COMPILATION_ERROR,Compilation error: unresolved reference to identifier mcopy,0,0,0,0,0.0,False,0,0,0,0,0,0,0.0,False,0,0,0.0,0,0,0,False,0,0,0.0,0
267,GovernorPreventLateQuorumMock,,data/safe_contracts/openzeppelin-contracts/contracts/mocks/governance/GovernorPreventLateQuorumMock.sol,,openzeppelin,False,False,False,False,False,False,False,False,False,False,False,False,False,False,False,False,False,False,False,False,False,False,False,False,False,0,0,0,0,0,0,0,0,0,0,1,0,0.0,0,0,0.0,0,0,0,0,0,0,0,0,0,0,0,0.0,0.0,0.0,0.0,False,simple,COMPILATION_ERROR,Compilation error: unresolved reference to identifier mcopy,0,0,0,0,0.0,False,0,0,0,0,0,0,0.0,False,0,0,0.0,0,0,0,False,0,0,0.0,0
268,GovernorTimelockAccessMock,,data/safe_contracts/openzeppelin-contracts/contracts/mocks/governance/GovernorTimelockAccessMock.sol,,openzeppelin,False,False,False,False,False,False,False,False,False,False,False,False,False,False,False,False,False,False,False,False,False,False,False,False,False,0,0,0,0,0,0,0,0,0,0,1,0,0.0,0,0,0.0,0,0,0,0,0,0,0,0,0,0,0,0.0,0.0,0.0,0.0,False,simple,COMPILATION_ERROR,Compilation error: unresolved reference to identifier mcopy,0,0,0,0,0.0,False,0,0,0,0,0,0,0.0,False,0,0,0.0,0,0,0,False,0,0,0.0,0
269,GovernorCountingOverridableMock,,data/safe_contracts/openzeppelin-contracts/contracts/mocks/governance/GovernorCountingOverridableMock.sol,,openzeppelin,False,False,False,False,False,False,False,False,False,False,False,False,False,False,False,False,False,False,False,False,False,False,False,False,False,0,0,0,0,0,0,0,0,0,0,1,0,0.0,0,0,0.0,0,0,0,0,0,0,0,0,0,0,0,0.0,0.0,0.0,0.0,False,simple,COMPILATION_ERROR,Compilation error: unresolved reference to identifier mcopy,0,0,0,0,0.0,False,0,0,0,0,0,0,0.0,False,0,0,0.0,0,0,0,False,0,0,0.0,0
270,GovernorFractionalMock,,data/safe_contracts/openzeppelin-contracts/contracts/mocks/governance/GovernorFractionalMock.sol,,openzeppelin,False,False,False,False,False,False,False,False,False,False,False,False,False,False,False,False,False,False,False,False,False,False,False,False,False,0,0,0,0,0,0,0,0,0,0,1,0,0.0,0,0,0.0,0,0,0,0,0,0,0,0,0,0,0,0.0,0.0,0.0,0.0,False,simple,COMPILATION_ERROR,Compilation error: unresolved reference to identifier mcopy,0,0,0,0,0.0,False,0,0,0,0,0,0,0.0,False,0,0,0.0,0,0,0,False,0,0,0.0,0
271,GovernorVoteMock,,data/safe_contracts/openzeppelin-contracts/contracts/mocks/governance/GovernorVoteMock.sol,,openzeppelin,False,False,False,False,False,False,False,False,False,False,False,False,False,False,False,False,False,False,False,False,False,False,False,False,False,0,0,0,0,0,0,0,0,0,0,1,0,0.0,0,0,0.0,0,0,0,0,0,0,0,0,0,0,0,0.0,0.0,0.0,0.0,False,simple,COMPILATION_ERROR,Compilation error: unresolved reference to identifier mcopy,0,0,0,0,0.0,False,0,0,0,0,0,0,0.0,False,0,0,0.0,0,0,0,False,0,0,0.0,0
272,GovernorWithParamsMock,,data/safe_contracts/openzeppelin-contracts/contracts/mocks/governance/GovernorWithParamsMock.sol,,openzeppelin,False,False,False,False,False,False,False,False,False,False,False,False,False,False,False,False,False,False,False,False,False,False,False,False,False,0,0,0,0,0,0,0,0,0,0,1,0,0.0,0,0,0.0,0,0,0,0,0,0,0,0,0,0,0,0.0,0.0,0.0,0.0,False,simple,COMPILATION_ERROR,Compilation error: unresolved reference to identifier mcopy,0,0,0,0,0.0,False,0,0,0,0,0,0,0.0,False,0,0,0.0,0,0,0,False,0,0,0.0,0
273,GovernorMock,,data/safe_contracts/openzeppelin-contracts/contracts/mocks/governance/GovernorMock.sol,,openzeppelin,False,False,False,False,False,False,False,False,False,False,False,False,False,False,False,False,False,False,False,False,False,False,False,False,False,0,0,0,0,0,0,0,0,0,0,1,0,0.0,0,0,0.0,0,0,0,0,0,0,0,0,0,0,0,0.0,0.0,0.0,0.0,False,simple,COMPILATION_ERROR,Compilation error: unresolved reference to identifier mcopy,0,0,0,0,0.0,False,0,0,0,0,0,0,0.0,False,0,0,0.0,0,0,0,False,0,0,0.0,0
274,GovernorSequentialProposalIdMock,,data/safe_contracts/openzeppelin-contracts/contracts/mocks/governance/GovernorSequentialProposalIdMock.sol,,openzeppelin,False,False,False,False,False,False,False,False,False,False,False,False,False,False,False,False,False,False,False,False,False,False,False,False,False,0,0,0,0,0,0,0,0,0,0,1,0,0.0,0,0,0.0,0,0,0,0,0,0,0,0,0,0,0,0.0,0.0,0.0,0.0,False,simple,COMPILATION_ERROR,Compilation error: unresolved reference to identifier mcopy,0,0,0,0,0.0,False,0,0,0,0,0,0,0.0,False,0,0,0.0,0,0,0,False,0,0,0.0,0
275,GovernorSuperQuorumMock,,data/safe_contracts/openzeppelin-contracts/contracts/mocks/governance/GovernorSuperQuorumMock.sol,,openzeppelin,False,False,False,False,False,False,False,False,False,False,False,False,False,False,False,False,False,False,False,False,False,False,False,False,False,0,0,0,0,0,0,0,0,0,0,1,0,0.0,0,0,0.0,0,0,0,0,0,0,0,0,0,0,0,0.0,0.0,0.0,0.0,False,simple,COMPILATION_ERROR,Compilation error: unresolved reference to identifier mcopy,0,0,0,0,0.0,False,0,0,0,0,0,0,0.0,False,0,0,0.0,0,0,0,False,0,0,0.0,0
276,GovernorStorageMock,,data/safe_contracts/openzeppelin-contracts/contracts/mocks/governance/GovernorStorageMock.sol,,openzeppelin,False,False,False,False,False,False,False,False,False,False,False,False,False,False,False,False,False,False,False,False,False,False,False,False,False,0,0,0,0,0,0,0,0,0,0,1,0,0.0,0,0,0.0,0,0,0,0,0,0,0,0,0,0,0,0.0,0.0,0.0,0.0,False,simple,COMPILATION_ERROR,Compilation error: unresolved reference to identifier mcopy,0,0,0,0,0.0,False,0,0,0,0,0,0,0.0,False,0,0,0.0,0,0,0,False,0,0,0.0,0
277,GovernorNoncesKeyedMock,,data/safe_contracts/openzeppelin-contracts/contracts/mocks/governance/GovernorNoncesKeyedMock.sol,,openzeppelin,False,False,False,False,False,False,False,False,False,False,False,False,False,False,False,False,False,False,False,False,False,False,False,False,False,0,0,0,0,0,0,0,0,0,0,1,0,0.0,0,0,0.0,0,0,0,0,0,0,0,0,0,0,0,0.0,0.0,0.0,0.0,False,simple,COMPILATION_ERROR,Compilation error: unresolved reference to identifier mcopy,0,0,0,0,0.0,False,0,0,0,0,0,0,0.0,False,0,0,0.0,0,0,0,False,0,0,0.0,0
278,GovernorTimelockControlMock,,data/safe_contracts/openzeppelin-contracts/contracts/mocks/governance/GovernorTimelockControlMock.sol,,openzeppelin,False,False,False,False,False,False,False,False,False,False,False,False,False,False,False,False,False,False,False,False,False,False,False,False,False,0,0,0,0,0,0,0,0,0,0,1,0,0.0,0,0,0.0,0,0,0,0,0,0,0,0,0,0,0,0.0,0.0,0.0,0.0,False,simple,COMPILATION_ERROR,Compilation error: unresolved reference to identifier mcopy,0,0,0,0,0.0,False,0,0,0,0,0,0,0.0,False,0,0,0.0,0,0,0,False,0,0,0.0,0
279,GovernorTimelockCompoundMock,,data/safe_contracts/openzeppelin-contracts/contracts/mocks/governance/GovernorTimelockCompoundMock.sol,,openzeppelin,False,False,False,False,False,False,False,False,False,False,False,False,False,False,False,False,False,False,False,False,False,False,False,False,False,0,0,0,0,0,0,0,0,0,0,1,0,0.0,0,0,0.0,0,0,0,0,0,0,0,0,0,0,0,0.0,0.0,0.0,0.0,False,simple,COMPILATION_ERROR,Compilation error: unresolved reference to identifier mcopy,0,0,0,0,0.0,False,0,0,0,0,0,0,0.0,False,0,0,0.0,0,0,0,False,0,0,0.0,0
280,GovernorVotesSuperQuorumFractionMock,,data/safe_contracts/openzeppelin-contracts/contracts/mocks/governance/GovernorVotesSuperQuorumFractionMock.sol,,openzeppelin,False,False,False,False,False,False,False,False,False,False,False,False,False,False,False,False,False,False,False,False,False,False,False,False,False,0,0,0,0,0,0,0,0,0,0,1,0,0.0,0,0,0.0,0,0,0,0,0,0,0,0,0,0,0,0.0,0.0,0.0,0.0,False,simple,COMPILATION_ERROR,Compilation error: unresolved reference to identifier mcopy,0,0,0,0,0.0,False,0,0,0,0,0,0,0.0,False,0,0,0.0,0,0,0,False,0,0,0.0,0
281,AccountMock,,data/safe_contracts/openzeppelin-contracts/contracts/mocks/account/AccountMock.sol,,openzeppelin,False,False,False,False,False,False,False,False,False,False,False,False,False,False,False,False,False,False,False,False,False,False,False,False,False,0,0,0,0,0,0,0,0,0,0,1,0,0.0,0,0,0.0,0,0,0,0,0,0,0,0,0,0,0,0.0,0.0,0.0,0.0,False,simple,COMPILATION_ERROR,Compilation error: unresolved reference to identifier mcopy,0,0,0,0,0.0,False,0,0,0,0,0,0,0.0,False,0,0,0.0,0,0,0,False,0,0,0.0,0
282,ERC7786GatewayMock,,data/safe_contracts/openzeppelin-contracts/contracts/mocks/crosschain/ERC7786GatewayMock.sol,,openzeppelin,False,False,False,False,False,False,False,False,False,False,False,False,False,False,False,False,False,False,False,False,False,False,False,False,False,0,0,0,0,0,0,0,0,0,0,1,0,0.0,0,0,0.0,0,0,0,0,0,0,0,0,0,0,0,0.0,0.0,0.0,0.0,False,simple,COMPILATION_ERROR,Compilation error: unresolved reference to identifier mcopy,0,0,0,0,0.0,False,0,0,0,0,0,0,0.0,False,0,0,0.0,0,0,0,False,0,0,0.0,0
283,ERC7786RecipientMock,,data/safe_contracts/openzeppelin-contracts/contracts/mocks/crosschain/ERC7786RecipientMock.sol,,openzeppelin,False,False,False,False,False,False,False,False,False,False,False,False,False,False,False,True,False,False,False,False,False,False,True,True,False,0,1,9,3,0,1,0,1,0,24,5,1,1.0,0,2,0.08333333333333333,0,0,2,0,7,3,0,1,0,5,2,0.0,0.0,14.0,25.480000000000004,False,moderate,,,6,3,0,1,0.5,False,1,3,3,0,0,0,0.0,False,1,2,0.0,3,1,1,True,0,7,0.0,3
284,ERC1363NoReturnMock,,data/safe_contracts/openzeppelin-contracts/contracts/mocks/token/ERC1363NoReturnMock.sol,,openzeppelin,False,False,False,False,False,False,False,False,False,False,False,False,False,False,True,False,False,False,False,False,False,False,True,True,False,0,0,26,3,0,0,0,1,0,28,15,1,1.0,0,1,0.03571428571428571,0,0,3,0,22,4,0,0,0,4,2,0.0,0.0,26.0,161.2,True,complex,,,15,12,0,4,0.8,False,0,3,3,6,1,0,0.0,True,3,0,2.0,1,0,0,False,0,10,0.0,3
285,ERC20ApprovalMock,,data/safe_contracts/openzeppelin-contracts/contracts/mocks/token/ERC20ApprovalMock.sol,,openzeppelin,False,False,False,False,False,False,False,False,False,False,False,False,False,False,False,False,False,False,False,False,False,False,True,True,False,0,0,12,1,0,0,0,1,0,8,8,1,1.0,0,1,0.125,0,0,2,0,8,4,0,0,0,3,1,0.0,0.0,12.0,43.2,False,moderate,,,2,1,0,1,0.5,False,0,1,1,1,0,0,0.0,True,0,1,1.0,0,0,0,False,0,4,0.0,1
286,ERC20ExcessDecimalsMock,,data/safe_contracts/openzeppelin-contracts/contracts/mocks/token/ERC20ExcessDecimalsMock.sol,,openzeppelin,False,False,False,False,False,False,False,False,False,False,False,False,False,False,False,False,False,False,False,False,False,False,True,False,False,0,0,2,1,0,0,0,1,0,7,1,1,1.0,0,1,0.14285714285714285,0,0,0,0,2,0,0,0,0,1,1,0.0,0.0,2.0,4.0,False,simple,,,2,1,0,1,0.5,False,1,1,1,0,0,0,0.0,False,1,0,0.0,1,0,0,False,0,0,0.0,0
287,ERC1155ReceiverMock,,data/safe_contracts/openzeppelin-contracts/contracts/mocks/token/ERC1155ReceiverMock.sol,,openzeppelin,False,False,False,False,False,False,False,False,False,False,False,False,False,False,False,False,False,False,False,False,False,False,True,True,False,0,0,8,3,0,3,0,9,0,64,4,1,6.333333333333333,0,1,0.015625,0,0,2,0,8,0,0,0,0,3,1,0.0,0.0,8.0,21.333333333333332,False,moderate,,,36,41,0,6,1.1388888888888888,False,2,19,3,8,1,0,0.0,False,3,0,2.6666666666666665,5,3,1,True,0,13,0.0,3
288,ERC20VotesAdditionalCheckpointsMock,,data/safe_contracts/openzeppelin-contracts/contracts/mocks/token/ERC20VotesAdditionalCheckpointsMock.sol,,openzeppelin,False,False,False,False,False,False,False,False,False,False,False,False,False,False,False,False,False,False,False,False,False,False,False,False,False,0,0,0,0,0,0,0,0,0,0,1,0,0.0,0,0,0.0,0,0,0,0,0,0,0,0,0,0,0,0.0,0.0,0.0,0.0,False,simple,COMPILATION_ERROR,Compilation error: unresolved reference to identifier mcopy,0,0,0,0,0.0,False,0,0,0,0,0,0,0.0,False,0,0,0.0,0,0,0,False,0,0,0.0,0
289,ERC20MulticallMock,,data/safe_contracts/openzeppelin-contracts/contracts/mocks/token/ERC20MulticallMock.sol,,openzeppelin,False,False,False,False,False,False,False,False,False,False,False,False,False,False,True,False,False,False,False,False,False,False,True,True,False,0,0,40,0,0,0,0,0,0,5,12,1,0.0,0,1,0.2,0,0,2,0,22,18,0,0,0,4,2,0.0,0.0,40.0,346.0,True,critical,,,0,0,0,0,0.0,False,0,0,0,0,0,0,0.0,False,0,0,0.0,0,0,0,False,0,0,0.0,0
290,ERC20VotesLegacyMock,,data/safe_contracts/openzeppelin-contracts/contracts/mocks/token/ERC20VotesLegacyMock.sol,,openzeppelin,False,False,False,False,False,False,False,False,False,False,False,False,False,False,False,False,False,False,False,False,False,False,False,False,False,0,0,0,0,0,0,0,0,0,0,1,0,0.0,0,0,0.0,0,0,0,0,0,0,0,0,0,0,0,0.0,0.0,0.0,0.0,False,simple,COMPILATION_ERROR,Compilation error: unresolved reference to identifier mcopy,0,0,0,0,0.0,False,0,0,0,0,0,0,0.0,False,0,0,0.0,0,0,0,False,0,0,0.0,0
291,ERC20ForceApproveMock,,data/safe_contracts/openzeppelin-contracts/contracts/mocks/token/ERC20ForceApproveMock.sol,,openzeppelin,False,False,False,False,False,False,False,False,False,False,False,False,False,False,False,False,False,False,False,False,False,False,True,True,False,0,0,12,1,0,0,0,1,0,10,8,1,1.0,0,2,0.2,0,0,2,0,8,4,0,0,0,3,1,0.0,0.0,12.0,43.2,False,moderate,,,3,2,0,2,0.6666666666666666,False,1,1,1,3,1,0,0.0,True,1,0,3.0,2,0,0,False,0,2,0.0,1
292,ERC721ConsecutiveMock,,data/safe_contracts/openzeppelin-contracts/contracts/mocks/token/ERC721ConsecutiveMock.sol,,openzeppelin,False,False,False,False,False,False,False,False,False,False,False,False,False,False,False,False,False,False,False,False,False,False,False,False,False,0,0,0,0,0,0,0,0,0,0,1,0,0.0,0,0,0.0,0,0,0,0,0,0,0,0,0,0,0,0.0,0.0,0.0,0.0,False,simple,COMPILATION_ERROR,Compilation error: unresolved reference to identifier mcopy,0,0,0,0,0.0,False,0,0,0,0,0,0,0.0,False,0,0,0.0,0,0,0,False,0,0,0.0,0
293,ERC20NoReturnMock,,data/safe_contracts/openzeppelin-contracts/contracts/mocks/token/ERC20NoReturnMock.sol,,openzeppelin,False,False,False,False,False,False,False,False,False,False,False,False,False,False,True,False,False,False,False,False,False,False,True,True,False,0,0,15,3,0,0,0,1,0,25,8,1,1.0,0,3,0.12,0,0,2,0,11,4,0,0,0,4,2,0.0,0.0,15.0,51.75,False,complex,,,15,12,0,4,0.8,False,0,3,3,6,1,0,0.0,True,3,0,2.0,1,0,0,False,0,7,0.0,3
294,ERC721URIStorageMock,,data/safe_contracts/openzeppelin-contracts/contracts/mocks/token/ERC721URIStorageMock.sol,,openzeppelin,False,False,False,False,False,False,False,False,False,False,False,False,False,False,False,False,False,False,False,False,False,False,False,False,False,0,0,0,0,0,0,0,0,0,0,1,0,0.0,0,0,0.0,0,0,0,0,0,0,0,0,0,0,0,0.0,0.0,0.0,0.0,False,simple,COMPILATION_ERROR,Compilation error: unresolved reference to identifier mcopy,0,0,0,0,0.0,False,0,0,0,0,0,0,0.0,False,0,0,0.0,0,0,0,False,0,0,0.0,0
295,ERC1363ReturnFalseMock,,data/safe_contracts/openzeppelin-contracts/contracts/mocks/token/ERC1363ReturnFalseMock.sol,,openzeppelin,False,False,False,False,False,False,False,False,False,False,False,False,False,False,True,False,False,False,False,False,False,False,True,True,False,0,0,23,3,0,0,0,1,0,26,16,1,1.0,0,1,0.038461538461538464,0,0,3,0,19,4,0,0,0,4,2,0.0,0.0,23.0,125.35,True,complex,,,6,3,0,1,0.5,False,3,3,3,0,0,0,0.0,False,3,0,0.0,3,0,0,False,0,10,0.0,3
296,ERC20BridgeableMock,,data/safe_contracts/openzeppelin-contracts/contracts/mocks/token/ERC20BridgeableMock.sol,,openzeppelin,False,False,False,False,False,False,False,False,False,False,False,False,False,False,False,False,False,False,False,False,False,False,True,True,False,0,0,16,4,0,1,0,3,0,22,12,1,1.5,0,1,0.045454545454545456,0,0,3,0,13,3,0,0,0,3,1,0.0,0.0,16.0,80.53333333333333,False,complex,,,11,8,0,2,0.7272727272727273,False,0,6,4,3,1,0,0.0,False,1,3,0.75,3,1,1,True,0,3,0.0,3
297,ERC20DecimalsMock,,data/safe_contracts/openzeppelin-contracts/contracts/mocks/token/ERC20DecimalsMock.sol,,openzeppelin,False,False,False,False,False,False,False,False,False,False,False,False,False,False,False,False,False,False,False,False,False,False,True,True,False,0,0,12,2,0,1,0,1,0,12,8,1,1.0,0,1,0.08333333333333333,0,0,2,0,8,4,0,0,0,3,1,0.0,0.0,12.0,43.2,False,moderate,,,4,2,0,1,0.5,False,1,2,2,0,0,0,0.0,False,1,1,0.0,2,1,1,True,0,1,0.0,1
298,ERC1363SpenderMock,,data/safe_contracts/openzeppelin-contracts/contracts/mocks/token/ERC1363SpenderMock.sol,,openzeppelin,False,False,False,False,False,False,False,False,False,False,False,False,False,False,False,False,False,False,False,False,False,False,True,True,False,0,0,5,3,0,2,0,9,0,38,2,1,3.6666666666666665,0,1,0.02631578947368421,0,0,1,0,5,0,0,0,0,3,1,0.0,0.0,5.0,8.333333333333334,False,moderate,,,22,23,0,6,1.0454545454545454,False,1,11,3,3,1,0,0.0,False,3,0,1.0,5,2,1,True,0,5,0.0,2
299,ERC4626OffsetMock,,data/safe_contracts/openzeppelin-contracts/contracts/mocks/token/ERC4626OffsetMock.sol,,openzeppelin,False,False,False,False,False,False,False,False,False,False,False,False,False,False,False,False,False,False,False,False,False,False,False,False,False,0,0,0,0,0,0,0,0,0,0,1,0,0.0,0,0,0.0,0,0,0,0,0,0,0,0,0,0,0,0.0,0.0,0.0,0.0,False,simple,COMPILATION_ERROR,Compilation error: unresolved reference to identifier mcopy,0,0,0,0,0.0,False,0,0,0,0,0,0,0.0,False,0,0,0.0,0,0,0,False,0,0,0.0,0
300,ERC20Mock,,data/safe_contracts/openzeppelin-contracts/contracts/mocks/token/ERC20Mock.sol,,openzeppelin,False,False,False,False,False,False,False,False,False,False,False,False,False,False,False,False,False,False,False,False,False,False,True,True,False,0,0,10,3,0,0,0,1,0,12,8,1,1.0,0,1,0.08333333333333333,0,0,2,0,8,2,0,0,0,3,1,0.0,0.0,10.0,31.333333333333336,False,moderate,,,6,3,0,1,0.5,False,0,3,3,3,1,0,0.0,True,3,0,1.0,2,0,0,False,0,4,0.0,2
301,ERC721ReceiverMock,,data/safe_contracts/openzeppelin-contracts/contracts/mocks/token/ERC721ReceiverMock.sol,,openzeppelin,False,False,False,False,False,False,False,False,False,False,False,False,False,False,False,False,False,False,False,False,False,False,True,True,False,0,0,5,2,0,2,0,9,0,39,2,1,5.0,0,1,0.02564102564102564,0,0,1,0,5,0,0,0,0,3,1,0.0,0.0,5.0,8.333333333333334,False,moderate,,,19,21,0,6,1.105263157894737,False,1,10,2,4,1,0,0.0,False,2,0,2.0,5,2,1,True,0,6,0.0,2
302,ERC4646FeesMock,,data/safe_contracts/openzeppelin-contracts/contracts/mocks/token/ERC4646FeesMock.sol,,openzeppelin,False,False,False,False,False,False,False,False,False,False,False,False,False,False,False,False,False,False,False,False,False,False,False,False,False,0,0,0,0,0,0,0,0,0,0,1,0,0.0,0,0,0.0,0,0,0,0,0,0,0,0,0,0,0,0.0,0.0,0.0,0.0,False,simple,COMPILATION_ERROR,Compilation error: unresolved reference to identifier mcopy,0,0,0,0,0.0,False,0,0,0,0,0,0,0.0,False,0,0,0.0,0,0,0,False,0,0,0.0,0
303,ERC4626LimitsMock,,data/safe_contracts/openzeppelin-contracts/contracts/mocks/token/ERC4626LimitsMock.sol,,openzeppelin,False,False,False,False,False,False,False,False,False,False,False,False,False,False,False,False,False,False,False,False,False,False,False,False,False,0,0,0,0,0,0,0,0,0,0,1,0,0.0,0,0,0.0,0,0,0,0,0,0,0,0,0,0,0,0.0,0.0,0.0,0.0,False,simple,COMPILATION_ERROR,Compilation error: unresolved reference to identifier mcopy,0,0,0,0,0.0,False,0,0,0,0,0,0,0.0,False,0,0,0.0,0,0,0,False,0,0,0.0,0
304,ERC1363ForceApproveMock,,data/safe_contracts/openzeppelin-contracts/contracts/mocks/token/ERC1363ForceApproveMock.sol,,openzeppelin,False,False,False,False,False,False,False,False,False,False,False,False,False,False,True,False,False,False,False,False,False,False,True,True,False,0,0,23,1,0,0,0,1,0,10,15,1,1.0,0,2,0.2,0,0,3,0,19,4,0,0,0,4,2,0.0,0.0,23.0,125.35,True,complex,,,3,2,0,2,0.6666666666666666,False,1,1,1,3,1,0,0.0,True,1,0,3.0,2,0,0,False,0,3,0.0,1
305,ERC20VotesTimestampMock,,data/safe_contracts/openzeppelin-contracts/contracts/mocks/token/ERC20VotesTimestampMock.sol,,openzeppelin,False,False,False,False,False,False,False,False,False,False,False,False,False,False,False,False,False,False,False,False,False,False,False,False,False,0,0,0,0,0,0,0,0,0,0,1,0,0.0,0,0,0.0,0,0,0,0,0,0,0,0,0,0,0,0.0,0.0,0.0,0.0,False,simple,COMPILATION_ERROR,Compilation error: unresolved reference to identifier mcopy,0,0,0,0,0.0,False,0,0,0,0,0,0,0.0,False,0,0,0.0,0,0,0,False,0,0,0.0,0
306,ERC20Reentrant,,data/safe_contracts/openzeppelin-contracts/contracts/mocks/token/ERC20Reentrant.sol,,openzeppelin,False,False,False,False,False,False,False,False,False,False,False,False,False,False,True,False,False,False,False,False,False,False,True,True,False,0,0,39,3,1,3,0,5,0,33,11,1,2.3333333333333335,0,1,0.030303030303030304,0,1,2,0,21,18,0,0,0,5,2,0.0,0.0,39.0,262.08,True,critical,,,16,15,0,6,0.9375,False,1,7,3,2,0,1,0.3333333333333333,True,2,1,0.6666666666666666,2,3,3,True,1,8,3.0,3
307,ERC1363ReceiverMock,,data/safe_contracts/openzeppelin-contracts/contracts/mocks/token/ERC1363ReceiverMock.sol,,openzeppelin,False,False,False,False,False,False,False,False,False,False,False,False,False,False,False,False,False,False,False,False,False,False,True,True,False,0,0,5,3,0,2,0,9,0,43,2,1,3.6666666666666665,0,1,0.023255813953488372,0,0,1,0,5,0,0,0,0,3,1,0.0,0.0,5.0,8.333333333333334,False,moderate,,,22,23,0,6,1.0454545454545454,False,1,11,3,3,1,0,0.0,False,3,0,1.0,5,2,1,True,0,6,0.0,2
308,ERC4626Mock,,data/safe_contracts/openzeppelin-contracts/contracts/mocks/token/ERC4626Mock.sol,,openzeppelin,False,False,False,False,False,False,False,False,False,False,False,False,False,False,False,False,False,False,False,False,False,False,False,False,False,0,0,0,0,0,0,0,0,0,0,1,0,0.0,0,0,0.0,0,0,0,0,0,0,0,0,0,0,0,0.0,0.0,0.0,0.0,False,simple,COMPILATION_ERROR,Compilation error: unresolved reference to identifier mcopy,0,0,0,0,0.0,False,0,0,0,0,0,0,0.0,False,0,0,0.0,0,0,0,False,0,0,0.0,0
309,ERC20FlashMintMock,,data/safe_contracts/openzeppelin-contracts/contracts/mocks/token/ERC20FlashMintMock.sol,,openzeppelin,False,False,False,False,False,True,True,False,False,False,False,False,False,False,False,False,False,False,False,False,False,False,True,True,False,0,0,18,4,0,2,0,1,0,19,11,1,1.0,0,1,0.05263157894736842,0,0,2,0,11,7,0,0,0,6,2,0.0,0.0,18.0,47.7,False,complex,,,8,4,0,1,0.5,False,2,4,4,0,0,0,0.0,False,2,2,0.0,4,2,2,True,0,4,0.0,3
310,ERC721ConsecutiveEnumerableMock,,data/safe_contracts/openzeppelin-contracts/contracts/mocks/token/ERC721ConsecutiveEnumerableMock.sol,,openzeppelin,False,False,False,False,False,False,False,False,False,False,False,False,False,False,False,False,False,False,False,False,False,False,False,False,False,0,0,0,0,0,0,0,0,0,0,1,0,0.0,0,0,0.0,0,0,0,0,0,0,0,0,0,0,0,0.0,0.0,0.0,0.0,False,simple,COMPILATION_ERROR,Compilation error: unresolved reference to identifier mcopy,0,0,0,0,0.0,False,0,0,0,0,0,0,0.0,False,0,0,0.0,0,0,0,False,0,0,0.0,0
311,ERC20ReturnFalseMock,,data/safe_contracts/openzeppelin-contracts/contracts/mocks/token/ERC20ReturnFalseMock.sol,,openzeppelin,False,False,False,False,False,False,False,False,False,False,False,False,False,False,False,False,False,False,False,False,False,False,True,True,False,0,0,18,3,0,0,0,1,0,14,8,1,1.0,0,1,0.07142857142857142,0,0,2,0,8,10,0,0,0,3,1,0.0,0.0,18.0,90.0,False,complex,,,6,3,0,1,0.5,False,3,3,3,0,0,0,0.0,False,3,0,0.0,3,0,0,False,0,7,0.0,3
312,ERC20GetterHelper,,data/safe_contracts/openzeppelin-contracts/contracts/mocks/token/ERC20GetterHelper.sol,,openzeppelin,False,False,False,False,False,False,False,False,False,False,False,False,False,False,False,False,False,False,False,False,False,False,True,True,False,0,0,5,6,6,0,0,1,0,30,3,1,1.0,0,1,0.03333333333333333,0,0,0,0,5,0,0,0,0,2,1,0.0,0.0,5.0,12.5,False,moderate,,,12,6,0,1,0.5,False,0,6,6,0,0,6,1.0,False,6,0,0.0,6,0,6,False,0,9,0.0,6
313,UUPSUpgradeableMock,,data/safe_contracts/openzeppelin-contracts/contracts/mocks/proxy/UUPSUpgradeableMock.sol,,openzeppelin,False,False,False,False,False,False,False,False,False,False,False,False,False,False,True,False,False,False,False,False,False,True,True,True,False,0,2,65,2,0,0,0,1,0,27,13,1,1.0,0,2,0.07407407407407407,0,0,2,0,33,34,0,2,0,7,3,0.0,0.0,75.0,608.5714285714286,True,critical,,,2,0,0,0,0.0,False,0,2,2,0,0,0,0.0,False,0,2,0.0,2,0,0,False,0,1,0.0,1
314,BadBeacon,,data/safe_contracts/openzeppelin-contracts/contracts/mocks/proxy/BadBeacon.sol,,openzeppelin,False,False,False,False,False,False,False,False,False,False,False,False,False,False,False,False,False,False,False,False,False,False,True,False,False,0,0,2,0,0,0,0,0,0,0,1,0,0.0,0,0,0.0,0,0,0,0,2,0,0,0,0,1,1,0.0,0.0,2.0,4.0,False,simple,,,0,0,0,0,0.0,False,0,0,0,0,0,0,0.0,False,0,0,0.0,0,0,0,False,0,0,0.0,0
315,ClashingImplementation,,data/safe_contracts/openzeppelin-contracts/contracts/mocks/proxy/ClashingImplementation.sol,,openzeppelin,False,False,False,False,False,False,False,False,False,False,False,False,False,False,False,True,False,False,False,False,False,False,True,False,False,0,1,2,2,0,0,0,1,0,15,1,1,1.0,0,5,0.3333333333333333,1,0,0,0,3,0,0,1,0,2,2,0.0,0.0,7.0,10.5,False,moderate,,,4,2,0,1,0.5,False,1,2,2,0,0,0,0.0,False,2,0,0.0,2,0,0,False,0,2,0.0,1
316,ERC1967ProxyUnsafe,,data/safe_contracts/openzeppelin-contracts/contracts/mocks/proxy/ERC1967ProxyUnsafe.sol,,openzeppelin,False,False,False,False,False,False,False,False,False,False,False,False,False,False,True,False,False,False,False,False,False,True,True,True,False,0,2,61,2,0,0,0,1,0,9,10,1,1.0,0,1,0.1111111111111111,1,0,2,0,32,31,0,2,0,5,3,0.0,0.0,71.0,762.54,True,critical,,,4,2,0,1,0.5,False,1,2,2,1,0,0,0.0,True,1,1,0.5,1,0,0,False,0,2,0.0,1
317,CompTimelock,,data/safe_contracts/openzeppelin-contracts/contracts/mocks/compound/CompTimelock.sol,,openzeppelin,False,False,True,True,False,False,True,False,False,False,False,False,False,False,False,False,False,False,False,False,False,False,True,False,False,0,0,9,10,5,7,0,3,1,145,1,1,1.2,0,27,0.18620689655172415,2,0,0,0,3,6,0,0,0,5,4,0.0,0.0,9.0,12.96,True,complex,,,56,47,0,16,0.8392857142857143,False,3,12,10,16,1,5,0.23809523809523808,False,8,2,1.6,7,7,6,True,1,19,6.0,6
318,ERC20WithAutoMinerReward,,data/safe_contracts/openzeppelin-contracts/contracts/mocks/docs/ERC20WithAutoMinerReward.sol,,openzeppelin,False,False,False,False,False,False,False,False,False,False,False,False,False,False,False,False,False,False,False,False,False,False,True,True,False,0,0,11,3,0,0,0,3,0,17,8,1,1.6666666666666667,0,1,0.058823529411764705,0,0,2,0,8,3,0,0,0,3,1,0.0,0.0,11.0,37.03333333333333,False,moderate,,,10,8,0,3,0.8,False,0,5,3,5,2,0,0.0,True,1,2,1.6666666666666667,1,0,0,False,0,3,0.0,1
319,AccessManagerEnumerable,,data/safe_contracts/openzeppelin-contracts/contracts/mocks/docs/AccessManagerEnumerable.sol,,openzeppelin,False,False,False,False,False,False,False,False,False,False,False,False,False,False,False,False,False,False,False,False,False,False,False,False,False,0,0,0,0,0,0,0,0,0,0,1,0,0.0,0,0,0.0,0,0,0,0,0,0,0,0,0,0,0,0.0,0.0,0.0,0.0,False,simple,COMPILATION_ERROR,Compilation error: unresolved reference to identifier mcopy,0,0,0,0,0.0,False,0,0,0,0,0,0,0.0,False,0,0,0.0,0,0,0,False,0,0,0.0,0
320,MyNFT,,data/safe_contracts/openzeppelin-contracts/contracts/mocks/docs/MyNFT.sol,,openzeppelin,False,False,False,False,False,False,False,False,False,False,False,False,False,False,False,False,False,False,False,False,False,False,False,False,False,0,0,0,0,0,0,0,0,0,0,1,0,0.0,0,0,0.0,0,0,0,0,0,0,0,0,0,0,0,0.0,0.0,0.0,0.0,False,simple,COMPILATION_ERROR,Compilation error: unresolved reference to identifier mcopy,0,0,0,0,0.0,False,0,0,0,0,0,0,0.0,False,0,0,0.0,0,0,0,False,0,0,0.0,0
321,ERC4626Fees,,data/safe_contracts/openzeppelin-contracts/contracts/mocks/docs/ERC4626Fees.sol,,openzeppelin,False,False,False,False,False,False,False,False,False,False,False,False,False,False,False,False,False,False,False,False,False,False,False,False,False,0,0,0,0,0,0,0,0,0,0,1,0,0.0,0,0,0.0,0,0,0,0,0,0,0,0,0,0,0,0.0,0.0,0.0,0.0,False,simple,COMPILATION_ERROR,Compilation error: unresolved reference to identifier mcopy,0,0,0,0,0.0,False,0,0,0,0,0,0,0.0,False,0,0,0.0,0,0,0,False,0,0,0.0,0
322,ERC7579Mock,,data/safe_contracts/openzeppelin-contracts/contracts/mocks/account/modules/ERC7579Mock.sol,,openzeppelin,False,False,False,False,False,False,False,False,False,False,False,False,False,False,False,False,False,False,False,False,False,False,False,False,False,0,0,0,0,0,0,0,0,0,0,1,0,0.0,0,0,0.0,0,0,0,0,0,0,0,0,0,0,0,0.0,0.0,0.0,0.0,False,simple,COMPILATION_ERROR,Compilation error: unresolved reference to identifier mcopy,0,0,0,0,0.0,False,0,0,0,0,0,0,0.0,False,0,0,0.0,0,0,0,False,0,0,0.0,0
323,ERC7579UtilsMock,,data/safe_contracts/openzeppelin-contracts/contracts/mocks/account/utils/ERC7579UtilsMock.sol,,openzeppelin,False,False,False,True,False,False,True,False,False,False,False,False,False,False,True,False,False,False,False,False,False,True,True,True,False,0,1,704,0,0,0,0,0,0,0,1,0,0.0,0,0,0.0,0,0,0,0,447,258,0,1,0,9,5,0.0,0.0,709.0,49440.933333333334,True,critical,,,0,0,0,0,0.0,False,0,0,0,0,0,0,0.0,False,0,0,0.0,0,0,0,False,0,0,0.0,0
324,ERC7739Mock,,data/safe_contracts/openzeppelin-contracts/contracts/mocks/utils/cryptography/ERC7739Mock.sol,,openzeppelin,False,False,False,False,False,False,False,False,False,False,False,False,False,False,False,False,False,False,False,False,False,False,False,False,False,0,0,0,0,0,0,0,0,0,0,1,0,0.0,0,0,0.0,0,0,0,0,0,0,0,0,0,0,0,0.0,0.0,0.0,0.0,False,simple,COMPILATION_ERROR,Compilation error: unresolved reference to identifier mcopy,0,0,0,0,0.0,False,0,0,0,0,0,0,0.0,False,0,0,0.0,0,0,0,False,0,0,0.0,0
325,MyTokenTimestampBased,,data/safe_contracts/openzeppelin-contracts/contracts/mocks/docs/governance/MyTokenTimestampBased.sol,,openzeppelin,False,False,False,False,False,False,False,False,False,False,False,False,False,False,False,False,False,False,False,False,False,False,False,False,False,0,0,0,0,0,0,0,0,0,0,1,0,0.0,0,0,0.0,0,0,0,0,0,0,0,0,0,0,0,0.0,0.0,0.0,0.0,False,simple,COMPILATION_ERROR,Compilation error: unresolved reference to identifier mcopy,0,0,0,0,0.0,False,0,0,0,0,0,0,0.0,False,0,0,0.0,0,0,0,False,0,0,0.0,0
326,MyTokenWrapped,,data/safe_contracts/openzeppelin-contracts/contracts/mocks/docs/governance/MyTokenWrapped.sol,,openzeppelin,False,False,False,False,False,False,False,False,False,False,False,False,False,False,False,False,False,False,False,False,False,False,False,False,False,0,0,0,0,0,0,0,0,0,0,1,0,0.0,0,0,0.0,0,0,0,0,0,0,0,0,0,0,0,0.0,0.0,0.0,0.0,False,simple,COMPILATION_ERROR,Compilation error: unresolved reference to identifier mcopy,0,0,0,0,0.0,False,0,0,0,0,0,0,0.0,False,0,0,0.0,0,0,0,False,0,0,0.0,0
327,MyGovernor,,data/safe_contracts/openzeppelin-contracts/contracts/mocks/docs/governance/MyGovernor.sol,,openzeppelin,False,False,False,False,False,False,False,False,False,False,False,False,False,False,False,False,False,False,False,False,False,False,False,False,False,0,0,0,0,0,0,0,0,0,0,1,0,0.0,0,0,0.0,0,0,0,0,0,0,0,0,0,0,0,0.0,0.0,0.0,0.0,False,simple,COMPILATION_ERROR,Compilation error: unresolved reference to identifier mcopy,0,0,0,0,0.0,False,0,0,0,0,0,0,0.0,False,0,0,0.0,0,0,0,False,0,0,0.0,0
328,MyToken,,data/safe_contracts/openzeppelin-contracts/contracts/mocks/docs/governance/MyToken.sol,,openzeppelin,False,False,False,False,False,False,False,False,False,False,False,False,False,False,False,False,False,False,False,False,False,False,False,False,False,0,0,0,0,0,0,0,0,0,0,1,0,0.0,0,0,0.0,0,0,0,0,0,0,0,0,0,0,0,0.0,0.0,0.0,0.0,False,simple,COMPILATION_ERROR,Compilation error: unresolved reference to identifier mcopy,0,0,0,0,0.0,False,0,0,0,0,0,0,0.0,False,0,0,0.0,0,0,0,False,0,0,0.0,0
329,MyFactoryAccount,,data/safe_contracts/openzeppelin-contracts/contracts/mocks/docs/account/MyFactoryAccount.sol,,openzeppelin,False,False,False,False,False,False,False,False,False,False,False,False,False,False,True,False,False,False,False,False,False,True,True,False,False,0,2,53,3,3,1,0,3,0,30,6,1,1.6666666666666667,0,7,0.23333333333333334,0,3,0,0,24,31,0,2,0,5,3,0.0,0.0,63.0,575.8199999999999,True,critical,,,12,10,0,4,0.8333333333333334,False,2,5,3,6,1,3,0.3333333333333333,False,3,0,2.0,3,1,3,True,3,3,1.0,3
330,MyAccountEIP7702,,data/safe_contracts/openzeppelin-contracts/contracts/mocks/docs/account/MyAccountEIP7702.sol,,openzeppelin,False,False,True,True,False,False,True,False,False,False,False,False,False,False,True,False,False,False,False,False,True,True,True,True,False,1,14,865,1,0,0,0,1,0,18,37,1,1.0,0,3,0.16666666666666666,0,0,3,0,485,395,0,15,0,14,6,0.0,0.0,945.0,51401.25,True,critical,,,2,1,0,1,0.5,False,1,1,1,2,0,0,0.0,True,0,1,2.0,1,0,0,False,0,3,0.0,1
331,AccessManagedERC20MintBase,,data/safe_contracts/openzeppelin-contracts/contracts/mocks/docs/access-control/AccessManagedERC20MintBase.sol,,openzeppelin,False,False,False,False,False,True,True,False,False,False,False,False,False,False,True,False,False,False,False,False,False,False,True,True,False,0,0,19,0,0,0,0,0,0,0,1,0,0.0,0,0,0.0,0,0,0,0,14,5,0,0,0,6,3,0.0,0.0,19.0,55.41666666666666,True,complex,,,0,0,0,0,0.0,False,0,0,0,0,0,0,0.0,False,0,0,0.0,0,0,0,False,0,0,0.0,0
332,AccessControlERC20MintMissing,,data/safe_contracts/openzeppelin-contracts/contracts/mocks/docs/access-control/AccessControlERC20MintMissing.sol,,openzeppelin,False,False,False,False,False,False,False,False,False,False,False,False,False,False,False,False,False,False,False,False,False,False,True,True,False,0,0,15,4,0,2,0,1,0,19,12,1,1.0,0,3,0.15789473684210525,0,0,3,0,12,3,0,0,0,3,1,0.0,0.0,15.0,70.5,False,complex,,,12,8,0,2,0.6666666666666666,False,0,4,4,7,1,0,0.0,True,3,1,1.75,5,2,0,True,0,4,0.0,2
333,AccessControlERC20MintBase,,data/safe_contracts/openzeppelin-contracts/contracts/mocks/docs/access-control/AccessControlERC20MintBase.sol,,openzeppelin,False,False,False,False,False,False,False,False,False,False,False,False,False,False,False,False,False,False,False,False,False,False,True,True,False,0,0,16,3,0,1,0,3,0,20,12,1,1.6666666666666667,0,4,0.2,0,0,3,0,12,4,0,0,0,3,1,0.0,0.0,16.0,78.93333333333334,False,complex,,,10,8,0,3,0.8,False,0,5,3,6,1,0,0.0,True,2,1,2.0,5,1,0,True,0,3,0.0,2
334,AccessControlERC20MintOnlyRole,,data/safe_contracts/openzeppelin-contracts/contracts/mocks/docs/access-control/AccessControlERC20MintOnlyRole.sol,,openzeppelin,False,False,False,False,False,False,False,False,False,False,False,False,False,False,False,False,False,False,False,False,False,False,True,True,False,0,0,15,0,0,0,0,0,0,0,1,0,0.0,0,0,0.0,0,0,0,0,12,3,0,0,0,3,1,0.0,0.0,15.0,70.5,False,complex,,,0,0,0,0,0.0,False,0,0,0,0,0,0,0.0,False,0,0,0.0,0,0,0,False,0,0,0.0,0
335,AccessControlModified,,data/safe_contracts/openzeppelin-contracts/contracts/mocks/docs/access-control/AccessControlModified.sol,,openzeppelin,False,False,False,False,False,False,False,False,False,False,False,False,False,False,False,False,False,False,False,False,False,False,True,True,False,0,0,11,2,0,0,0,1,0,11,6,1,1.0,0,3,0.2727272727272727,0,0,3,0,8,3,0,0,0,3,1,0.0,0.0,11.0,37.03333333333333,False,moderate,,,3,1,0,1,0.3333333333333333,False,0,2,2,1,1,0,0.0,False,1,1,0.5,2,0,0,False,0,2,0.0,1
336,MyContractOwnable,,data/safe_contracts/openzeppelin-contracts/contracts/mocks/docs/access-control/MyContractOwnable.sol,,openzeppelin,False,False,False,False,False,False,False,False,False,False,False,False,False,False,False,False,False,False,False,False,False,False,True,False,False,0,0,6,0,0,0,0,0,0,0,1,0,0.0,0,0,0.0,0,0,0,0,4,2,0,0,0,2,1,0.0,0.0,6.0,16.2,False,moderate,,,0,0,0,0,0.0,False,0,0,0,0,0,0,0.0,False,0,0,0.0,0,0,0,False,0,0,0.0,0
337,Base64NFT,,data/safe_contracts/openzeppelin-contracts/contracts/mocks/docs/utilities/Base64NFT.sol,,openzeppelin,False,False,False,False,False,False,False,False,False,False,False,False,False,False,False,False,False,False,False,False,False,False,False,False,False,0,0,0,0,0,0,0,0,0,0,1,0,0.0,0,0,0.0,0,0,0,0,0,0,0,0,0,0,0,0.0,0.0,0.0,0.0,False,simple,COMPILATION_ERROR,Compilation error: unresolved reference to identifier mcopy,0,0,0,0,0.0,False,0,0,0,0,0,0,0.0,False,0,0,0.0,0,0,0,False,0,0,0.0,0
338,Multicall,,data/safe_contracts/openzeppelin-contracts/contracts/mocks/docs/utilities/Multicall.sol,,openzeppelin,False,False,False,False,False,False,False,False,False,False,False,False,False,False,True,False,False,False,False,False,False,False,True,False,False,0,0,33,1,4,0,0,6,0,12,6,1,6.0,0,4,0.3333333333333333,0,1,1,0,17,16,0,0,0,3,2,0.0,0.0,33.0,310.2,True,critical,,,13,14,1,9,1.0769230769230769,False,1,6,1,2,1,4,0.6666666666666666,False,1,0,2.0,2,0,1,False,1,1,1.0,1
339,ERC6909GameItems,,data/safe_contracts/openzeppelin-contracts/contracts/mocks/docs/token/ERC6909/ERC6909GameItems.sol,,openzeppelin,False,False,False,False,False,False,False,False,False,False,False,False,False,False,False,False,False,False,False,False,False,False,True,True,False,0,0,14,2,0,5,0,1,0,22,10,1,1.0,0,2,0.09090909090909091,0,0,4,0,9,5,0,0,0,3,1,0.0,0.0,14.0,58.333333333333336,False,complex,,,15,13,0,9,0.8666666666666667,False,0,2,2,2,1,0,0.0,False,1,1,1.0,3,5,0,True,0,0,0.0,0
340,GameItem,,data/safe_contracts/openzeppelin-contracts/contracts/mocks/docs/token/ERC721/GameItem.sol,,openzeppelin,False,False,False,False,False,False,False,False,False,False,False,False,False,False,False,False,False,False,False,False,False,False,False,False,False,0,0,0,0,0,0,0,0,0,0,1,0,0.0,0,0,0.0,0,0,0,0,0,0,0,0,0,0,0,0.0,0.0,0.0,0.0,False,simple,COMPILATION_ERROR,Compilation error: unresolved reference to identifier mcopy,0,0,0,0,0.0,False,0,0,0,0,0,0,0.0,False,0,0,0.0,0,0,0,False,0,0,0.0,0
341,GLDToken,,data/safe_contracts/openzeppelin-contracts/contracts/mocks/docs/token/ERC20/GLDToken.sol,,openzeppelin,False,False,False,False,False,False,False,False,False,False,False,False,False,False,False,False,False,False,False,False,False,False,True,True,False,0,0,11,1,0,0,0,1,0,9,8,1,1.0,0,2,0.2222222222222222,0,0,2,0,8,3,0,0,0,3,1,0.0,0.0,11.0,37.03333333333333,False,moderate,,,3,2,0,2,0.6666666666666666,False,0,1,1,2,1,0,0.0,True,1,0,2.0,1,0,0,False,0,1,0.0,1
342,GameItems,,data/safe_contracts/openzeppelin-contracts/contracts/mocks/docs/token/ERC1155/GameItems.sol,,openzeppelin,False,False,False,False,False,False,False,False,False,False,False,False,False,False,False,False,False,False,False,False,False,False,False,False,False,0,0,0,0,0,0,0,0,0,0,1,0,0.0,0,0,0.0,0,0,0,0,0,0,0,0,0,0,0,0.0,0.0,0.0,0.0,False,simple,COMPILATION_ERROR,Compilation error: unresolved reference to identifier mcopy,0,0,0,0,0.0,False,0,0,0,0,0,0,0.0,False,0,0,0.0,0,0,0,False,0,0,0.0,0
343,MyERC115HolderContract,,data/safe_contracts/openzeppelin-contracts/contracts/mocks/docs/token/ERC1155/MyERC115HolderContract.sol,,openzeppelin,False,False,False,False,False,False,False,False,False,False,False,False,False,False,False,False,False,False,False,False,False,False,True,True,False,0,0,7,0,0,0,0,0,0,5,5,1,0.0,0,2,0.4,0,0,3,0,7,0,0,0,0,2,1,0.0,0.0,7.0,24.5,False,moderate,,,0,0,0,0,0.0,False,0,0,0,0,0,0,0.0,False,0,0,0.0,0,0,0,False,0,0,0.0,0
344,VotesExtended,,data/safe_contracts/openzeppelin-contracts/contracts/governance/utils/VotesExtended.sol,,openzeppelin,False,False,False,False,False,False,False,False,False,False,False,False,False,False,False,False,False,False,False,False,False,False,False,False,False,0,0,0,0,0,0,0,0,0,0,1,0,0.0,0,0,0.0,0,0,0,0,0,0,0,0,0,0,0,0.0,0.0,0.0,0.0,False,simple,COMPILATION_ERROR,Compilation error: unresolved reference to identifier mcopy,0,0,0,0,0.0,False,0,0,0,0,0,0,0.0,False,0,0,0.0,0,0,0,False,0,0,0.0,0
345,Votes,,data/safe_contracts/openzeppelin-contracts/contracts/governance/utils/Votes.sol,,openzeppelin,False,False,False,False,False,False,False,False,False,False,False,False,False,False,False,False,False,False,False,False,False,False,False,False,False,0,0,0,0,0,0,0,0,0,0,1,0,0.0,0,0,0.0,0,0,0,0,0,0,0,0,0,0,0,0.0,0.0,0.0,0.0,False,simple,COMPILATION_ERROR,Compilation error: unresolved reference to identifier mcopy,0,0,0,0,0.0,False,0,0,0,0,0,0,0.0,False,0,0,0.0,0,0,0,False,0,0,0.0,0
346,IVotes,,data/safe_contracts/openzeppelin-contracts/contracts/governance/utils/IVotes.sol,,openzeppelin,False,False,False,False,False,False,False,False,False,False,False,False,False,False,False,False,False,False,False,False,False,False,True,False,False,0,0,2,6,0,0,0,1,0,50,1,1,1.0,0,38,0.76,0,0,0,0,2,0,0,0,0,1,1,0.0,0.0,2.0,4.0,False,simple,,,0,0,0,0,0.0,False,0,0,6,0,0,0,0.0,False,6,0,0.0,6,0,0,False,0,12,0.0,6
347,GovernorTimelockCompound,,data/safe_contracts/openzeppelin-contracts/contracts/governance/extensions/GovernorTimelockCompound.sol,,openzeppelin,False,False,False,False,False,False,False,False,False,False,False,False,False,False,False,False,False,False,False,False,False,False,False,False,False,0,0,0,0,0,0,0,0,0,0,1,0,0.0,0,0,0.0,0,0,0,0,0,0,0,0,0,0,0,0.0,0.0,0.0,0.0,False,simple,COMPILATION_ERROR,Compilation error: unresolved reference to identifier mcopy,0,0,0,0,0.0,False,0,0,0,0,0,0,0.0,False,0,0,0.0,0,0,0,False,0,0,0.0,0
348,GovernorNoncesKeyed,,data/safe_contracts/openzeppelin-contracts/contracts/governance/extensions/GovernorNoncesKeyed.sol,,openzeppelin,False,False,False,False,False,False,False,False,False,False,False,False,False,False,False,False,False,False,False,False,False,False,False,False,False,0,0,0,0,0,0,0,0,0,0,1,0,0.0,0,0,0.0,0,0,0,0,0,0,0,0,0,0,0,0.0,0.0,0.0,0.0,False,simple,COMPILATION_ERROR,Compilation error: unresolved reference to identifier mcopy,0,0,0,0,0.0,False,0,0,0,0,0,0,0.0,False,0,0,0.0,0,0,0,False,0,0,0.0,0
349,GovernorVotesQuorumFraction,,data/safe_contracts/openzeppelin-contracts/contracts/governance/extensions/GovernorVotesQuorumFraction.sol,,openzeppelin,False,False,False,False,False,False,False,False,False,False,False,False,False,False,False,False,False,False,False,False,False,False,False,False,False,0,0,0,0,0,0,0,0,0,0,1,0,0.0,0,0,0.0,0,0,0,0,0,0,0,0,0,0,0,0.0,0.0,0.0,0.0,False,simple,COMPILATION_ERROR,Compilation error: unresolved reference to identifier mcopy,0,0,0,0,0.0,False,0,0,0,0,0,0,0.0,False,0,0,0.0,0,0,0,False,0,0,0.0,0
350,GovernorVotes,,data/safe_contracts/openzeppelin-contracts/contracts/governance/extensions/GovernorVotes.sol,,openzeppelin,False,False,False,False,False,False,False,False,False,False,False,False,False,False,False,False,False,False,False,False,False,False,False,False,False,0,0,0,0,0,0,0,0,0,0,1,0,0.0,0,0,0.0,0,0,0,0,0,0,0,0,0,0,0,0.0,0.0,0.0,0.0,False,simple,COMPILATION_ERROR,Compilation error: unresolved reference to identifier mcopy,0,0,0,0,0.0,False,0,0,0,0,0,0,0.0,False,0,0,0.0,0,0,0,False,0,0,0.0,0
351,GovernorTimelockAccess,,data/safe_contracts/openzeppelin-contracts/contracts/governance/extensions/GovernorTimelockAccess.sol,,openzeppelin,False,False,False,False,False,False,False,False,False,False,False,False,False,False,False,False,False,False,False,False,False,False,False,False,False,0,0,0,0,0,0,0,0,0,0,1,0,0.0,0,0,0.0,0,0,0,0,0,0,0,0,0,0,0,0.0,0.0,0.0,0.0,False,simple,COMPILATION_ERROR,Compilation error: unresolved reference to identifier mcopy,0,0,0,0,0.0,False,0,0,0,0,0,0,0.0,False,0,0,0.0,0,0,0,False,0,0,0.0,0
352,GovernorCountingOverridable,,data/safe_contracts/openzeppelin-contracts/contracts/governance/extensions/GovernorCountingOverridable.sol,,openzeppelin,False,False,False,False,False,False,False,False,False,False,False,False,False,False,False,False,False,False,False,False,False,False,False,False,False,0,0,0,0,0,0,0,0,0,0,1,0,0.0,0,0,0.0,0,0,0,0,0,0,0,0,0,0,0,0.0,0.0,0.0,0.0,False,simple,COMPILATION_ERROR,Compilation error: unresolved reference to identifier mcopy,0,0,0,0,0.0,False,0,0,0,0,0,0,0.0,False,0,0,0.0,0,0,0,False,0,0,0.0,0
353,GovernorSuperQuorum,,data/safe_contracts/openzeppelin-contracts/contracts/governance/extensions/GovernorSuperQuorum.sol,,openzeppelin,False,False,False,False,False,False,False,False,False,False,False,False,False,False,False,False,False,False,False,False,False,False,False,False,False,0,0,0,0,0,0,0,0,0,0,1,0,0.0,0,0,0.0,0,0,0,0,0,0,0,0,0,0,0,0.0,0.0,0.0,0.0,False,simple,COMPILATION_ERROR,Compilation error: unresolved reference to identifier mcopy,0,0,0,0,0.0,False,0,0,0,0,0,0,0.0,False,0,0,0.0,0,0,0,False,0,0,0.0,0
354,GovernorPreventLateQuorum,,data/safe_contracts/openzeppelin-contracts/contracts/governance/extensions/GovernorPreventLateQuorum.sol,,openzeppelin,False,False,False,False,False,False,False,False,False,False,False,False,False,False,False,False,False,False,False,False,False,False,False,False,False,0,0,0,0,0,0,0,0,0,0,1,0,0.0,0,0,0.0,0,0,0,0,0,0,0,0,0,0,0,0.0,0.0,0.0,0.0,False,simple,COMPILATION_ERROR,Compilation error: unresolved reference to identifier mcopy,0,0,0,0,0.0,False,0,0,0,0,0,0,0.0,False,0,0,0.0,0,0,0,False,0,0,0.0,0
355,GovernorTimelockControl,,data/safe_contracts/openzeppelin-contracts/contracts/governance/extensions/GovernorTimelockControl.sol,,openzeppelin,False,False,False,False,False,False,False,False,False,False,False,False,False,False,False,False,False,False,False,False,False,False,False,False,False,0,0,0,0,0,0,0,0,0,0,1,0,0.0,0,0,0.0,0,0,0,0,0,0,0,0,0,0,0,0.0,0.0,0.0,0.0,False,simple,COMPILATION_ERROR,Compilation error: unresolved reference to identifier mcopy,0,0,0,0,0.0,False,0,0,0,0,0,0,0.0,False,0,0,0.0,0,0,0,False,0,0,0.0,0
356,GovernorSettings,,data/safe_contracts/openzeppelin-contracts/contracts/governance/extensions/GovernorSettings.sol,,openzeppelin,False,False,False,False,False,False,False,False,False,False,False,False,False,False,False,False,False,False,False,False,False,False,False,False,False,0,0,0,0,0,0,0,0,0,0,1,0,0.0,0,0,0.0,0,0,0,0,0,0,0,0,0,0,0,0.0,0.0,0.0,0.0,False,simple,COMPILATION_ERROR,Compilation error: unresolved reference to identifier mcopy,0,0,0,0,0.0,False,0,0,0,0,0,0,0.0,False,0,0,0.0,0,0,0,False,0,0,0.0,0
357,GovernorProposalGuardian,,data/safe_contracts/openzeppelin-contracts/contracts/governance/extensions/GovernorProposalGuardian.sol,,openzeppelin,False,False,False,False,False,False,False,False,False,False,False,False,False,False,False,False,False,False,False,False,False,False,False,False,False,0,0,0,0,0,0,0,0,0,0,1,0,0.0,0,0,0.0,0,0,0,0,0,0,0,0,0,0,0,0.0,0.0,0.0,0.0,False,simple,COMPILATION_ERROR,Compilation error: unresolved reference to identifier mcopy,0,0,0,0,0.0,False,0,0,0,0,0,0,0.0,False,0,0,0.0,0,0,0,False,0,0,0.0,0
358,GovernorCountingSimple,,data/safe_contracts/openzeppelin-contracts/contracts/governance/extensions/GovernorCountingSimple.sol,,openzeppelin,False,False,False,False,False,False,False,False,False,False,False,False,False,False,False,False,False,False,False,False,False,False,False,False,False,0,0,0,0,0,0,0,0,0,0,1,0,0.0,0,0,0.0,0,0,0,0,0,0,0,0,0,0,0,0.0,0.0,0.0,0.0,False,simple,COMPILATION_ERROR,Compilation error: unresolved reference to identifier mcopy,0,0,0,0,0.0,False,0,0,0,0,0,0,0.0,False,0,0,0.0,0,0,0,False,0,0,0.0,0
359,GovernorCountingFractional,,data/safe_contracts/openzeppelin-contracts/contracts/governance/extensions/GovernorCountingFractional.sol,,openzeppelin,False,False,False,False,False,False,False,False,False,False,False,False,False,False,False,False,False,False,False,False,False,False,False,False,False,0,0,0,0,0,0,0,0,0,0,1,0,0.0,0,0,0.0,0,0,0,0,0,0,0,0,0,0,0,0.0,0.0,0.0,0.0,False,simple,COMPILATION_ERROR,Compilation error: unresolved reference to identifier mcopy,0,0,0,0,0.0,False,0,0,0,0,0,0,0.0,False,0,0,0.0,0,0,0,False,0,0,0.0,0
360,GovernorVotesSuperQuorumFraction,,data/safe_contracts/openzeppelin-contracts/contracts/governance/extensions/GovernorVotesSuperQuorumFraction.sol,,openzeppelin,False,False,False,False,False,False,False,False,False,False,False,False,False,False,False,False,False,False,False,False,False,False,False,False,False,0,0,0,0,0,0,0,0,0,0,1,0,0.0,0,0,0.0,0,0,0,0,0,0,0,0,0,0,0,0.0,0.0,0.0,0.0,False,simple,COMPILATION_ERROR,Compilation error: unresolved reference to identifier mcopy,0,0,0,0,0.0,False,0,0,0,0,0,0,0.0,False,0,0,0.0,0,0,0,False,0,0,0.0,0
361,GovernorStorage,,data/safe_contracts/openzeppelin-contracts/contracts/governance/extensions/GovernorStorage.sol,,openzeppelin,False,False,False,False,False,False,False,False,False,False,False,False,False,False,False,False,False,False,False,False,False,False,False,False,False,0,0,0,0,0,0,0,0,0,0,1,0,0.0,0,0,0.0,0,0,0,0,0,0,0,0,0,0,0,0.0,0.0,0.0,0.0,False,simple,COMPILATION_ERROR,Compilation error: unresolved reference to identifier mcopy,0,0,0,0,0.0,False,0,0,0,0,0,0,0.0,False,0,0,0.0,0,0,0,False,0,0,0.0,0
362,GovernorSequentialProposalId,,data/safe_contracts/openzeppelin-contracts/contracts/governance/extensions/GovernorSequentialProposalId.sol,,openzeppelin,False,False,False,False,False,False,False,False,False,False,False,False,False,False,False,False,False,False,False,False,False,False,False,False,False,0,0,0,0,0,0,0,0,0,0,1,0,0.0,0,0,0.0,0,0,0,0,0,0,0,0,0,0,0,0.0,0.0,0.0,0.0,False,simple,COMPILATION_ERROR,Compilation error: unresolved reference to identifier mcopy,0,0,0,0,0.0,False,0,0,0,0,0,0,0.0,False,0,0,0.0,0,0,0,False,0,0,0.0,0
363,EIP7702Utils,,data/safe_contracts/openzeppelin-contracts/contracts/account/utils/EIP7702Utils.sol,,openzeppelin,False,False,False,False,False,False,False,False,False,False,False,False,False,False,False,False,False,False,False,False,False,False,True,False,False,0,0,3,2,0,1,0,2,0,18,1,1,1.5,0,10,0.5555555555555556,0,0,0,0,2,1,0,0,0,2,1,0.0,0.0,3.0,4.05,False,simple,,,6,4,0,3,0.6666666666666666,False,2,3,2,1,0,0,0.0,False,0,2,0.5,2,1,0,True,0,1,0.0,1
364,BridgeERC20Core,,data/safe_contracts/openzeppelin-contracts/contracts/crosschain/bridges/BridgeERC20Core.sol,,openzeppelin,False,False,False,False,False,False,False,False,False,False,False,False,False,False,False,False,False,False,False,False,False,False,False,False,False,0,0,0,0,0,0,0,0,0,0,1,0,0.0,0,0,0.0,0,0,0,0,0,0,0,0,0,0,0,0.0,0.0,0.0,0.0,False,simple,COMPILATION_ERROR,Compilation error: unresolved reference to identifier mcopy,0,0,0,0,0.0,False,0,0,0,0,0,0,0.0,False,0,0,0.0,0,0,0,False,0,0,0.0,0
365,BridgeERC7802,,data/safe_contracts/openzeppelin-contracts/contracts/crosschain/bridges/BridgeERC7802.sol,,openzeppelin,False,False,False,False,False,False,False,False,False,False,False,False,False,False,False,False,False,False,False,False,False,False,False,False,False,0,0,0,0,0,0,0,0,0,0,1,0,0.0,0,0,0.0,0,0,0,0,0,0,0,0,0,0,0,0.0,0.0,0.0,0.0,False,simple,COMPILATION_ERROR,Compilation error: unresolved reference to identifier mcopy,0,0,0,0,0.0,False,0,0,0,0,0,0,0.0,False,0,0,0.0,0,0,0,False,0,0,0.0,0
366,BridgeERC20,,data/safe_contracts/openzeppelin-contracts/contracts/crosschain/bridges/BridgeERC20.sol,,openzeppelin,False,False,False,False,False,False,False,False,False,False,False,False,False,False,False,False,False,False,False,False,False,False,False,False,False,0,0,0,0,0,0,0,0,0,0,1,0,0.0,0,0,0.0,0,0,0,0,0,0,0,0,0,0,0,0.0,0.0,0.0,0.0,False,simple,COMPILATION_ERROR,Compilation error: unresolved reference to identifier mcopy,0,0,0,0,0.0,False,0,0,0,0,0,0,0.0,False,0,0,0.0,0,0,0,False,0,0,0.0,0
367,ERC6909,,data/safe_contracts/openzeppelin-contracts/contracts/token/ERC6909/ERC6909.sol,,openzeppelin,False,False,False,False,False,False,False,False,False,False,False,False,False,False,False,False,False,False,False,False,False,False,True,True,False,0,0,11,15,0,3,0,7,0,201,8,1,2.8666666666666667,0,81,0.40298507462686567,0,0,2,0,7,4,0,0,0,3,1,0.0,0.0,11.0,35.93333333333333,False,moderate,,,81,80,0,6,0.9876543209876543,False,8,43,15,27,3,0,0.0,True,8,7,1.8,11,3,4,True,0,45,0.0,15
368,ERC721,,data/safe_contracts/openzeppelin-contracts/contracts/token/ERC721/ERC721.sol,,openzeppelin,False,False,False,False,False,False,False,False,False,False,False,False,False,False,False,False,False,False,False,False,False,False,False,False,False,0,0,0,0,0,0,0,0,0,0,1,0,0.0,0,0,0.0,0,0,0,0,0,0,0,0,0,0,0,0.0,0.0,0.0,0.0,False,simple,COMPILATION_ERROR,Compilation error: unresolved reference to identifier mcopy,0,0,0,0,0.0,False,0,0,0,0,0,0,0.0,False,0,0,0.0,0,0,0,False,0,0,0.0,0
369,IERC721,,data/safe_contracts/openzeppelin-contracts/contracts/token/ERC721/IERC721.sol,,openzeppelin,False,False,False,False,False,False,False,False,False,False,False,False,False,False,False,False,False,False,False,False,False,False,True,True,False,0,0,4,9,0,0,0,1,0,121,2,1,1.0,0,105,0.8677685950413223,0,0,1,0,4,0,0,0,0,2,1,0.0,0.0,4.0,8.0,False,moderate,,,0,0,0,0,0.0,False,0,0,9,0,0,0,0.0,False,9,0,0.0,8,0,0,False,0,19,0.0,9
370,IERC721Receiver,,data/safe_contracts/openzeppelin-contracts/contracts/token/ERC721/IERC721Receiver.sol,,openzeppelin,False,False,False,False,False,False,False,False,False,False,False,False,False,False,False,False,False,False,False,False,False,False,True,False,False,0,0,2,1,0,0,0,1,0,26,1,1,1.0,0,17,0.6538461538461539,0,0,0,0,2,0,0,0,0,1,1,0.0,0.0,2.0,4.0,False,simple,,,0,0,0,0,0.0,False,0,0,1,0,0,0,0.0,False,1,0,0.0,1,0,0,False,0,4,0.0,1
371,IERC20,,data/safe_contracts/openzeppelin-contracts/contracts/token/ERC20/IERC20.sol,,openzeppelin,False,False,False,False,False,False,False,False,False,False,False,False,False,False,False,False,False,False,False,False,False,False,True,False,False,0,0,2,6,0,0,0,1,0,70,1,1,1.0,0,59,0.8428571428571429,0,0,0,0,2,0,0,0,0,1,1,0.0,0.0,2.0,4.0,False,simple,,,0,0,0,0,0.0,False,0,0,6,0,0,0,0.0,False,6,0,0.0,6,0,0,False,0,10,0.0,5
372,ERC20,,data/safe_contracts/openzeppelin-contracts/contracts/token/ERC20/ERC20.sol,,openzeppelin,False,False,False,False,False,False,False,False,False,False,False,False,False,False,False,False,False,False,False,False,False,False,True,True,False,0,0,11,17,0,5,0,7,0,280,7,1,2.411764705882353,0,160,0.5714285714285714,0,0,1,0,7,4,0,0,0,3,1,0.0,0.0,11.0,35.93333333333333,False,moderate,,,81,76,0,7,0.9382716049382716,False,9,41,17,21,3,0,0.0,True,9,8,1.2352941176470589,14,5,3,True,0,32,0.0,13
373,IERC1155,,data/safe_contracts/openzeppelin-contracts/contracts/token/ERC1155/IERC1155.sol,,openzeppelin,False,False,False,False,False,False,False,False,False,False,False,False,False,False,False,False,False,False,False,False,False,False,True,True,False,0,0,4,6,0,0,0,1,0,111,2,1,1.0,0,82,0.7387387387387387,0,0,1,0,4,0,0,0,0,2,1,0.0,0.0,4.0,8.0,False,moderate,,,0,0,0,0,0.0,False,0,0,6,0,0,0,0.0,False,6,0,0.0,6,0,0,False,0,18,0.0,6
374,ERC1155,,data/safe_contracts/openzeppelin-contracts/contracts/token/ERC1155/ERC1155.sol,,openzeppelin,False,False,False,False,False,False,False,False,False,False,False,False,False,False,False,False,False,False,False,False,False,False,False,False,False,0,0,0,0,0,0,0,0,0,0,1,0,0.0,0,0,0.0,0,0,0,0,0,0,0,0,0,0,0,0.0,0.0,0.0,0.0,False,simple,COMPILATION_ERROR,Compilation error: unresolved reference to identifier mcopy,0,0,0,0,0.0,False,0,0,0,0,0,0,0.0,False,0,0,0.0,0,0,0,False,0,0,0.0,0
375,IERC1155Receiver,,data/safe_contracts/openzeppelin-contracts/contracts/token/ERC1155/IERC1155Receiver.sol,,openzeppelin,False,False,False,False,False,False,False,False,False,False,False,False,False,False,False,False,False,False,False,False,False,False,True,True,False,0,0,4,2,0,0,0,1,0,55,2,1,1.0,0,37,0.6727272727272727,0,0,1,0,4,0,0,0,0,2,1,0.0,0.0,4.0,8.0,False,moderate,,,0,0,0,0,0.0,False,0,0,2,0,0,0,0.0,False,2,0,0.0,2,0,0,False,0,10,0.0,2
376,ERC2981,,data/safe_contracts/openzeppelin-contracts/contracts/token/common/ERC2981.sol,,openzeppelin,False,False,False,False,False,False,False,False,False,False,False,False,False,False,False,False,False,False,False,False,False,False,True,True,False,0,0,10,7,0,2,0,5,0,119,4,1,2.4285714285714284,0,58,0.48739495798319327,0,0,2,0,6,4,0,0,0,3,1,0.0,0.0,10.0,29.333333333333336,False,moderate,,,36,34,0,7,0.9444444444444444,False,3,17,7,9,1,0,0.0,True,2,5,1.2857142857142858,8,2,3,True,0,9,0.0,5
377,ERC6909TokenSupply,,data/safe_contracts/openzeppelin-contracts/contracts/token/ERC6909/extensions/ERC6909TokenSupply.sol,,openzeppelin,False,False,False,False,False,False,False,False,False,False,False,False,False,False,False,False,False,False,False,False,False,False,True,True,False,0,0,12,2,0,1,0,5,0,29,9,1,3.0,0,9,0.3103448275862069,0,0,3,0,8,4,0,0,0,3,1,0.0,0.0,12.0,43.2,False,moderate,,,10,10,0,5,1.0,False,1,6,2,1,0,0,0.0,True,1,1,0.5,1,1,1,True,0,5,0.0,2
378,ERC6909Metadata,,data/safe_contracts/openzeppelin-contracts/contracts/token/ERC6909/extensions/ERC6909Metadata.sol,,openzeppelin,False,False,False,False,False,False,False,False,False,False,False,False,False,False,False,False,False,False,False,False,False,False,True,True,False,0,0,15,6,0,1,0,1,0,61,9,1,1.0,0,26,0.4262295081967213,0,0,3,0,8,7,0,0,0,3,1,0.0,0.0,15.0,64.5,False,complex,,,15,9,0,2,0.6,False,3,6,6,0,0,0,0.0,False,3,3,0.0,6,1,3,True,0,9,0.0,6
379,ERC6909ContentURI,,data/safe_contracts/openzeppelin-contracts/contracts/token/ERC6909/extensions/ERC6909ContentURI.sol,,openzeppelin,False,False,False,False,False,False,False,False,False,False,False,False,False,False,False,False,False,False,False,False,False,False,True,True,False,0,0,14,4,0,2,0,1,0,42,9,1,1.0,0,19,0.4523809523809524,0,0,3,0,8,6,0,0,0,3,1,0.0,0.0,14.0,56.93333333333334,False,complex,,,10,6,0,2,0.6,False,2,4,4,0,0,0,0.0,False,2,2,0.0,4,2,2,True,0,4,0.0,3
380,ERC721Utils,,data/safe_contracts/openzeppelin-contracts/contracts/token/ERC721/utils/ERC721Utils.sol,,openzeppelin,False,False,False,False,False,False,False,False,False,False,False,False,False,False,True,False,False,False,False,False,False,False,True,True,False,0,0,7,1,3,0,0,7,0,47,5,1,7.0,0,19,0.40425531914893614,0,0,0,0,6,1,0,0,0,4,2,0.0,0.0,7.0,11.725,False,moderate,,,15,19,0,7,1.2666666666666666,False,0,7,1,4,0,3,0.42857142857142855,False,0,1,4.0,4,0,1,False,0,5,0.0,1
381,ERC721Holder,,data/safe_contracts/openzeppelin-contracts/contracts/token/ERC721/utils/ERC721Holder.sol,,openzeppelin,False,False,False,False,False,False,False,False,False,False,False,False,False,False,False,False,False,False,False,False,False,False,True,True,False,0,0,4,1,0,0,0,1,0,23,2,1,1.0,0,16,0.6956521739130435,0,0,1,0,4,0,0,0,0,2,1,0.0,0.0,4.0,8.0,False,moderate,,,2,1,0,1,0.5,False,1,1,1,0,0,0,0.0,False,1,0,0.0,1,0,0,False,0,4,0.0,1
382,IERC721Enumerable,,data/safe_contracts/openzeppelin-contracts/contracts/token/ERC721/extensions/IERC721Enumerable.sol,,openzeppelin,False,False,False,False,False,False,False,False,False,False,False,False,False,False,False,False,False,False,False,False,False,False,True,True,False,0,0,5,3,0,0,0,1,0,24,3,1,1.0,0,17,0.7083333333333334,0,0,2,0,5,0,0,0,0,2,1,0.0,0.0,5.0,12.5,False,moderate,,,0,0,0,0,0.0,False,0,0,3,0,0,0,0.0,False,3,0,0.0,3,0,0,False,0,3,0.0,2
383,ERC721Royalty,,data/safe_contracts/openzeppelin-contracts/contracts/token/ERC721/extensions/ERC721Royalty.sol,,openzeppelin,False,False,False,False,False,False,False,False,False,False,False,False,False,False,False,False,False,False,False,False,False,False,False,False,False,0,0,0,0,0,0,0,0,0,0,1,0,0.0,0,0,0.0,0,0,0,0,0,0,0,0,0,0,0,0.0,0.0,0.0,0.0,False,simple,COMPILATION_ERROR,Compilation error: unresolved reference to identifier mcopy,0,0,0,0,0.0,False,0,0,0,0,0,0,0.0,False,0,0,0.0,0,0,0,False,0,0,0.0,0
384,ERC721Votes,,data/safe_contracts/openzeppelin-contracts/contracts/token/ERC721/extensions/ERC721Votes.sol,,openzeppelin,False,False,False,False,False,False,False,False,False,False,False,False,False,False,False,False,False,False,False,False,False,False,False,False,False,0,0,0,0,0,0,0,0,0,0,1,0,0.0,0,0,0.0,0,0,0,0,0,0,0,0,0,0,0,0.0,0.0,0.0,0.0,False,simple,COMPILATION_ERROR,Compilation error: unresolved reference to identifier mcopy,0,0,0,0,0.0,False,0,0,0,0,0,0,0.0,False,0,0,0.0,0,0,0,False,0,0,0.0,0
385,ERC721Burnable,,data/safe_contracts/openzeppelin-contracts/contracts/token/ERC721/extensions/ERC721Burnable.sol,,openzeppelin,False,False,False,False,False,False,False,False,False,False,False,False,False,False,False,False,False,False,False,False,False,False,False,False,False,0,0,0,0,0,0,0,0,0,0,1,0,0.0,0,0,0.0,0,0,0,0,0,0,0,0,0,0,0,0.0,0.0,0.0,0.0,False,simple,COMPILATION_ERROR,Compilation error: unresolved reference to identifier mcopy,0,0,0,0,0.0,False,0,0,0,0,0,0,0.0,False,0,0,0.0,0,0,0,False,0,0,0.0,0
386,ERC721Pausable,,data/safe_contracts/openzeppelin-contracts/contracts/token/ERC721/extensions/ERC721Pausable.sol,,openzeppelin,False,False,False,False,False,False,False,False,False,False,False,False,False,False,False,False,False,False,False,False,False,False,False,False,False,0,0,0,0,0,0,0,0,0,0,1,0,0.0,0,0,0.0,0,0,0,0,0,0,0,0,0,0,0,0.0,0.0,0.0,0.0,False,simple,COMPILATION_ERROR,Compilation error: unresolved reference to identifier mcopy,0,0,0,0,0.0,False,0,0,0,0,0,0,0.0,False,0,0,0.0,0,0,0,False,0,0,0.0,0
387,IERC721Metadata,,data/safe_contracts/openzeppelin-contracts/contracts/token/ERC721/extensions/IERC721Metadata.sol,,openzeppelin,False,False,False,False,False,False,False,False,False,False,False,False,False,False,False,False,False,False,False,False,False,False,True,True,False,0,0,5,3,0,0,0,1,0,22,3,1,1.0,0,15,0.6818181818181818,0,0,2,0,5,0,0,0,0,2,1,0.0,0.0,5.0,12.5,False,moderate,,,0,0,0,0,0.0,False,0,0,3,0,0,0,0.0,False,3,0,0.0,3,0,0,False,0,1,0.0,1
388,ERC721URIStorage,,data/safe_contracts/openzeppelin-contracts/contracts/token/ERC721/extensions/ERC721URIStorage.sol,,openzeppelin,False,False,False,False,False,False,False,False,False,False,False,False,False,False,False,False,False,False,False,False,False,False,False,False,False,0,0,0,0,0,0,0,0,0,0,1,0,0.0,0,0,0.0,0,0,0,0,0,0,0,0,0,0,0,0.0,0.0,0.0,0.0,False,simple,COMPILATION_ERROR,Compilation error: unresolved reference to identifier mcopy,0,0,0,0,0.0,False,0,0,0,0,0,0,0.0,False,0,0,0.0,0,0,0,False,0,0,0.0,0
389,ERC721Consecutive,,data/safe_contracts/openzeppelin-contracts/contracts/token/ERC721/extensions/ERC721Consecutive.sol,,openzeppelin,False,False,False,False,False,False,False,False,False,False,False,False,False,False,False,False,False,False,False,False,False,False,False,False,False,0,0,0,0,0,0,0,0,0,0,1,0,0.0,0,0,0.0,0,0,0,0,0,0,0,0,0,0,0,0.0,0.0,0.0,0.0,False,simple,COMPILATION_ERROR,Compilation error: unresolved reference to identifier mcopy,0,0,0,0,0.0,False,0,0,0,0,0,0,0.0,False,0,0,0.0,0,0,0,False,0,0,0.0,0
390,ERC721Enumerable,,data/safe_contracts/openzeppelin-contracts/contracts/token/ERC721/extensions/ERC721Enumerable.sol,,openzeppelin,False,False,False,False,False,False,False,False,False,False,False,False,False,False,False,False,False,False,False,False,False,False,False,False,False,0,0,0,0,0,0,0,0,0,0,1,0,0.0,0,0,0.0,0,0,0,0,0,0,0,0,0,0,0,0.0,0.0,0.0,0.0,False,simple,COMPILATION_ERROR,Compilation error: unresolved reference to identifier mcopy,0,0,0,0,0.0,False,0,0,0,0,0,0,0.0,False,0,0,0.0,0,0,0,False,0,0,0.0,0
391,ERC721Wrapper,,data/safe_contracts/openzeppelin-contracts/contracts/token/ERC721/extensions/ERC721Wrapper.sol,,openzeppelin,False,False,False,False,False,False,False,False,False,False,False,False,False,False,False,False,False,False,False,False,False,False,False,False,False,0,0,0,0,0,0,0,0,0,0,1,0,0.0,0,0,0.0,0,0,0,0,0,0,0,0,0,0,0,0.0,0.0,0.0,0.0,False,simple,COMPILATION_ERROR,Compilation error: unresolved reference to identifier mcopy,0,0,0,0,0.0,False,0,0,0,0,0,0,0.0,False,0,0,0.0,0,0,0,False,0,0,0.0,0
392,SafeERC20,,data/safe_contracts/openzeppelin-contracts/contracts/token/ERC20/utils/SafeERC20.sol,,openzeppelin,False,False,False,False,False,False,False,False,False,False,False,False,False,False,True,False,False,False,False,False,False,False,True,True,False,0,0,24,13,5,0,0,7,0,260,4,1,3.769230769230769,0,129,0.49615384615384617,0,0,0,0,11,13,0,0,0,4,2,0.0,0.0,24.0,120.6,True,complex,,,107,112,0,14,1.0467289719626167,False,2,49,13,41,0,5,0.10869565217391304,False,0,13,3.1538461538461537,10,0,5,False,3,49,1.6666666666666667,13
393,ERC1363Utils,,data/safe_contracts/openzeppelin-contracts/contracts/token/ERC20/utils/ERC1363Utils.sol,,openzeppelin,False,False,False,False,False,False,False,False,False,False,False,False,False,False,True,False,False,False,False,False,False,False,True,True,False,0,0,9,2,2,0,0,7,0,87,3,1,7.0,0,33,0.3793103448275862,0,0,0,0,7,2,0,0,0,4,2,0.0,0.0,9.0,18.9,False,moderate,,,32,36,0,8,1.125,False,0,14,2,8,0,2,0.2,False,0,2,4.0,5,0,2,False,1,9,2.0,2
394,ERC20Crosschain,,data/safe_contracts/openzeppelin-contracts/contracts/token/ERC20/extensions/ERC20Crosschain.sol,,openzeppelin,False,False,False,False,False,False,False,False,False,False,False,False,False,False,False,False,False,False,False,False,False,False,False,False,False,0,0,0,0,0,0,0,0,0,0,1,0,0.0,0,0,0.0,0,0,0,0,0,0,0,0,0,0,0,0.0,0.0,0.0,0.0,False,simple,COMPILATION_ERROR,Compilation error: unresolved reference to identifier mcopy,0,0,0,0,0.0,False,0,0,0,0,0,0,0.0,False,0,0,0.0,0,0,0,False,0,0,0.0,0
395,ERC20Capped,,data/safe_contracts/openzeppelin-contracts/contracts/token/ERC20/extensions/ERC20Capped.sol,,openzeppelin,False,False,False,False,False,False,False,False,False,False,False,False,False,False,False,False,False,False,False,False,False,False,True,True,False,0,0,12,3,0,1,0,5,0,45,8,1,3.0,0,19,0.4222222222222222,0,0,2,0,8,4,0,0,0,3,1,0.0,0.0,12.0,43.2,False,moderate,,,16,16,0,6,1.0,False,1,9,3,5,0,0,0.0,True,1,2,1.6666666666666667,4,1,1,True,0,4,0.0,2
396,ERC20Wrapper,,data/safe_contracts/openzeppelin-contracts/contracts/token/ERC20/extensions/ERC20Wrapper.sol,,openzeppelin,False,False,False,False,False,False,False,False,False,False,False,False,False,False,True,False,False,False,False,False,False,False,True,True,False,0,0,28,6,4,1,0,5,0,79,11,1,2.3333333333333335,0,31,0.3924050632911392,0,2,2,0,16,12,0,0,0,4,2,0.0,0.0,28.0,170.8,True,critical,,,35,33,0,8,0.9428571428571428,False,6,14,6,11,1,4,0.26666666666666666,True,4,2,1.8333333333333333,8,1,4,True,2,6,2.0,4
397,ERC20Burnable,,data/safe_contracts/openzeppelin-contracts/contracts/token/ERC20/extensions/ERC20Burnable.sol,,openzeppelin,False,False,False,False,False,False,False,False,False,False,False,False,False,False,False,False,False,False,False,False,False,False,True,True,False,0,0,11,2,0,0,0,1,0,35,8,1,1.0,0,23,0.6571428571428571,0,0,2,0,8,3,0,0,0,3,1,0.0,0.0,11.0,37.03333333333333,False,moderate,,,5,3,0,2,0.6,False,0,2,2,5,1,0,0.0,False,2,0,2.5,3,0,0,False,0,3,0.0,2
398,ERC20Permit,,data/safe_contracts/openzeppelin-contracts/contracts/token/ERC20/extensions/ERC20Permit.sol,,openzeppelin,False,False,False,False,False,False,False,False,False,False,False,False,False,False,False,False,False,False,False,False,False,False,False,False,False,0,0,0,0,0,0,0,0,0,0,1,0,0.0,0,0,0.0,0,0,0,0,0,0,0,0,0,0,0,0.0,0.0,0.0,0.0,False,simple,COMPILATION_ERROR,Compilation error: unresolved reference to identifier mcopy,0,0,0,0,0.0,False,0,0,0,0,0,0,0.0,False,0,0,0.0,0,0,0,False,0,0,0.0,0
399,ERC4626,,data/safe_contracts/openzeppelin-contracts/contracts/token/ERC20/extensions/ERC4626.sol,,openzeppelin,False,False,False,False,False,False,False,False,False,False,False,False,False,False,False,False,False,False,False,False,False,False,False,False,False,0,0,0,0,0,0,0,0,0,0,1,0,0.0,0,0,0.0,0,0,0,0,0,0,0,0,0,0,0,0.0,0.0,0.0,0.0,False,simple,COMPILATION_ERROR,Compilation error: unresolved reference to identifier mcopy,0,0,0,0,0.0,False,0,0,0,0,0,0,0.0,False,0,0,0.0,0,0,0,False,0,0,0.0,0
400,IERC20Metadata,,data/safe_contracts/openzeppelin-contracts/contracts/token/ERC20/extensions/IERC20Metadata.sol,,openzeppelin,False,False,False,False,False,False,False,False,False,False,False,False,False,False,False,False,False,False,False,False,False,False,True,True,False,0,0,4,3,0,0,0,1,0,21,2,1,1.0,0,14,0.6666666666666666,0,0,1,0,4,0,0,0,0,2,1,0.0,0.0,4.0,8.0,False,moderate,,,0,0,0,0,0.0,False,0,0,3,0,0,0,0.0,False,3,0,0.0,3,0,0,False,0,0,0.0,0
401,ERC20Votes,,data/safe_contracts/openzeppelin-contracts/contracts/token/ERC20/extensions/ERC20Votes.sol,,openzeppelin,False,False,False,False,False,False,False,False,False,False,False,False,False,False,False,False,False,False,False,False,False,False,False,False,False,0,0,0,0,0,0,0,0,0,0,1,0,0.0,0,0,0.0,0,0,0,0,0,0,0,0,0,0,0,0.0,0.0,0.0,0.0,False,simple,COMPILATION_ERROR,Compilation error: unresolved reference to identifier mcopy,0,0,0,0,0.0,False,0,0,0,0,0,0,0.0,False,0,0,0.0,0,0,0,False,0,0,0.0,0
402,ERC20FlashMint,,data/safe_contracts/openzeppelin-contracts/contracts/token/ERC20/extensions/ERC20FlashMint.sol,,openzeppelin,False,False,False,False,False,True,True,False,False,False,False,False,False,False,False,False,False,False,False,False,False,False,True,True,False,0,0,14,6,1,1,0,7,0,119,10,1,2.5,0,70,0.5882352941176471,0,0,1,0,10,4,0,0,0,5,2,0.0,0.0,14.0,35.839999999999996,False,complex,,,32,30,0,13,0.9375,False,6,15,6,14,2,1,0.06666666666666667,False,3,3,2.3333333333333335,12,1,1,True,1,9,1.0,4
403,ERC1363,,data/safe_contracts/openzeppelin-contracts/contracts/token/ERC20/extensions/ERC1363.sol,,openzeppelin,False,False,False,False,False,False,False,False,False,False,False,False,False,False,True,False,False,False,False,False,False,False,True,True,False,0,0,22,7,3,0,0,3,0,123,14,1,1.8571428571428572,0,75,0.6097560975609756,0,3,2,0,18,4,0,0,0,4,2,0.0,0.0,22.0,114.4,True,complex,,,26,22,0,4,0.8461538461538461,False,7,13,7,14,1,3,0.17647058823529413,True,7,0,2.0,8,0,3,False,3,18,1.0,7
404,IERC20Permit,,data/safe_contracts/openzeppelin-contracts/contracts/token/ERC20/extensions/IERC20Permit.sol,,openzeppelin,False,False,False,False,False,False,False,False,False,False,False,False,False,False,False,False,False,False,False,False,False,False,True,False,False,0,0,3,3,0,0,0,1,0,86,1,1,1.0,0,72,0.8372093023255814,0,0,0,0,3,0,0,0,0,2,1,0.0,0.0,3.0,4.5,False,simple,,,0,0,0,0,0.0,False,0,0,3,0,0,0,0.0,False,3,0,0.0,3,0,0,False,0,8,0.0,2
405,ERC20Pausable,,data/safe_contracts/openzeppelin-contracts/contracts/token/ERC20/extensions/ERC20Pausable.sol,,openzeppelin,False,False,False,False,False,False,False,False,False,False,False,False,False,False,False,False,False,False,False,False,False,False,True,True,False,0,0,16,1,0,0,0,1,0,30,9,1,1.0,0,22,0.7333333333333333,0,0,2,0,9,7,0,0,0,3,1,0.0,0.0,16.0,74.13333333333333,False,complex,,,3,2,0,2,0.6666666666666666,False,0,1,1,2,0,0,0.0,True,0,1,2.0,1,0,0,False,0,3,0.0,1
406,ERC1155Utils,,data/safe_contracts/openzeppelin-contracts/contracts/token/ERC1155/utils/ERC1155Utils.sol,,openzeppelin,False,False,False,False,False,False,False,False,False,False,False,False,False,False,True,False,False,False,False,False,False,False,True,True,False,0,0,10,2,6,0,0,7,0,84,6,1,7.0,0,29,0.34523809523809523,0,0,0,0,8,2,0,0,0,4,2,0.0,0.0,10.0,23.5,False,moderate,,,30,38,0,7,1.2666666666666666,False,0,14,2,8,0,6,0.42857142857142855,False,0,2,4.0,4,0,2,False,0,12,0.0,2
407,ERC1155Holder,,data/safe_contracts/openzeppelin-contracts/contracts/token/ERC1155/utils/ERC1155Holder.sol,,openzeppelin,False,False,False,False,False,False,False,False,False,False,False,False,False,False,False,False,False,False,False,False,False,False,True,True,False,0,0,6,3,0,0,0,1,0,37,4,1,1.0,0,11,0.2972972972972973,0,0,2,0,6,0,0,0,0,2,1,0.0,0.0,6.0,18.0,False,moderate,,,6,3,0,1,0.5,False,3,3,3,2,1,0,0.0,True,3,0,0.6666666666666666,3,0,0,False,0,11,0.0,3
408,ERC1155Burnable,,data/safe_contracts/openzeppelin-contracts/contracts/token/ERC1155/extensions/ERC1155Burnable.sol,,openzeppelin,False,False,False,False,False,False,False,False,False,False,False,False,False,False,False,False,False,False,False,False,False,False,False,False,False,0,0,0,0,0,0,0,0,0,0,1,0,0.0,0,0,0.0,0,0,0,0,0,0,0,0,0,0,0,0.0,0.0,0.0,0.0,False,simple,COMPILATION_ERROR,Compilation error: unresolved reference to identifier mcopy,0,0,0,0,0.0,False,0,0,0,0,0,0,0.0,False,0,0,0.0,0,0,0,False,0,0,0.0,0
409,ERC1155Supply,,data/safe_contracts/openzeppelin-contracts/contracts/token/ERC1155/extensions/ERC1155Supply.sol,,openzeppelin,False,False,False,False,False,False,False,False,False,False,False,False,False,False,False,False,False,False,False,False,False,False,False,False,False,0,0,0,0,0,0,0,0,0,0,1,0,0.0,0,0,0.0,0,0,0,0,0,0,0,0,0,0,0,0.0,0.0,0.0,0.0,False,simple,COMPILATION_ERROR,Compilation error: unresolved reference to identifier mcopy,0,0,0,0,0.0,False,0,0,0,0,0,0,0.0,False,0,0,0.0,0,0,0,False,0,0,0.0,0
410,ERC1155URIStorage,,data/safe_contracts/openzeppelin-contracts/contracts/token/ERC1155/extensions/ERC1155URIStorage.sol,,openzeppelin,False,False,False,False,False,False,False,False,False,False,False,False,False,False,False,False,False,False,False,False,False,False,False,False,False,0,0,0,0,0,0,0,0,0,0,1,0,0.0,0,0,0.0,0,0,0,0,0,0,0,0,0,0,0,0.0,0.0,0.0,0.0,False,simple,COMPILATION_ERROR,Compilation error: unresolved reference to identifier mcopy,0,0,0,0,0.0,False,0,0,0,0,0,0,0.0,False,0,0,0.0,0,0,0,False,0,0,0.0,0
411,ERC1155Pausable,,data/safe_contracts/openzeppelin-contracts/contracts/token/ERC1155/extensions/ERC1155Pausable.sol,,openzeppelin,False,False,False,False,False,False,False,False,False,False,False,False,False,False,False,False,False,False,False,False,False,False,False,False,False,0,0,0,0,0,0,0,0,0,0,1,0,0.0,0,0,0.0,0,0,0,0,0,0,0,0,0,0,0,0.0,0.0,0.0,0.0,False,simple,COMPILATION_ERROR,Compilation error: unresolved reference to identifier mcopy,0,0,0,0,0.0,False,0,0,0,0,0,0,0.0,False,0,0,0.0,0,0,0,False,0,0,0.0,0
412,IERC1155MetadataURI,,data/safe_contracts/openzeppelin-contracts/contracts/token/ERC1155/extensions/IERC1155MetadataURI.sol,,openzeppelin,False,False,False,False,False,False,False,False,False,False,False,False,False,False,False,False,False,False,False,False,False,False,True,True,False,0,0,5,1,0,0,0,1,0,17,3,1,1.0,0,12,0.7058823529411765,0,0,2,0,5,0,0,0,0,2,1,0.0,0.0,5.0,12.5,False,moderate,,,0,0,0,0,0.0,False,0,0,1,0,0,0,0.0,False,1,0,0.0,1,0,0,False,0,1,0.0,1
413,Heap,,data/safe_contracts/openzeppelin-contracts/contracts/utils/structs/Heap.sol,,openzeppelin,False,False,False,False,False,False,False,False,False,False,False,False,False,False,False,False,False,False,False,False,False,False,False,False,False,0,0,0,0,0,0,0,0,0,0,1,0,0.0,0,0,0.0,0,0,0,0,0,0,0,0,0,0,0,0.0,0.0,0.0,0.0,False,simple,COMPILATION_ERROR,Compilation error: unresolved reference to identifier mcopy,0,0,0,0,0.0,False,0,0,0,0,0,0,0.0,False,0,0,0.0,0,0,0,False,0,0,0.0,0
414,BitMaps,,data/safe_contracts/openzeppelin-contracts/contracts/utils/structs/BitMaps.sol,,openzeppelin,False,False,False,False,False,False,False,False,False,False,False,False,False,False,False,False,False,False,False,False,False,False,True,False,False,0,0,6,4,0,0,0,3,0,55,1,1,1.5,0,27,0.4909090909090909,0,0,0,0,2,4,0,0,0,2,1,0.0,0.0,6.0,14.399999999999999,False,moderate,,,17,14,0,3,0.8235294117647058,False,1,6,4,2,0,0,0.0,False,0,4,0.5,3,0,0,False,0,9,0.0,4
415,Accumulators,,data/safe_contracts/openzeppelin-contracts/contracts/utils/structs/Accumulators.sol,,openzeppelin,False,False,False,False,False,False,False,False,False,False,False,False,False,False,False,False,False,False,False,False,False,False,False,False,False,0,0,0,0,0,0,0,0,0,0,1,0,0.0,0,0,0.0,0,0,0,0,0,0,0,0,0,0,0,0.0,0.0,0.0,0.0,False,simple,COMPILATION_ERROR,Compilation error: unresolved reference to identifier mcopy,0,0,0,0,0.0,False,0,0,0,0,0,0,0.0,False,0,0,0.0,0,0,0,False,0,0,0.0,0
416,EnumerableMap,,data/safe_contracts/openzeppelin-contracts/contracts/utils/structs/EnumerableMap.sol,,openzeppelin,False,False,False,False,False,False,False,False,False,False,False,False,False,False,False,False,False,False,False,False,False,False,False,False,False,0,0,0,0,0,0,0,0,0,0,1,0,0.0,0,0,0.0,0,0,0,0,0,0,0,0,0,0,0,0.0,0.0,0.0,0.0,False,simple,COMPILATION_ERROR,Compilation error: unresolved reference to identifier mcopy,0,0,0,0,0.0,False,0,0,0,0,0,0,0.0,False,0,0,0.0,0,0,0,False,0,0,0.0,0
417,DoubleEndedQueue,,data/safe_contracts/openzeppelin-contracts/contracts/utils/structs/DoubleEndedQueue.sol,,openzeppelin,False,False,False,False,False,False,False,False,False,False,False,False,False,False,True,False,False,False,False,False,False,False,True,False,False,0,0,22,17,7,0,0,3,0,218,2,1,2.6470588235294117,0,109,0.5,0,7,0,0,4,18,0,0,0,3,2,0.0,0.0,22.0,121.73333333333332,True,complex,,,107,97,0,8,0.9065420560747663,False,19,45,17,10,0,7,0.4117647058823529,False,0,17,0.5882352941176471,7,0,7,False,0,23,0.0,17
418,EnumerableSet,,data/safe_contracts/openzeppelin-contracts/contracts/utils/structs/EnumerableSet.sol,,openzeppelin,False,False,False,False,False,False,False,False,False,False,False,False,False,False,False,False,False,False,False,False,False,False,False,False,False,0,0,0,0,0,0,0,0,0,0,1,0,0.0,0,0,0.0,0,0,0,0,0,0,0,0,0,0,0,0.0,0.0,0.0,0.0,False,simple,COMPILATION_ERROR,Compilation error: unresolved reference to identifier mcopy,0,0,0,0,0.0,False,0,0,0,0,0,0,0.0,False,0,0,0.0,0,0,0,False,0,0,0.0,0
419,CircularBuffer,,data/safe_contracts/openzeppelin-contracts/contracts/utils/structs/CircularBuffer.sol,,openzeppelin,False,False,False,False,False,False,False,False,False,False,False,False,False,False,False,False,False,False,False,False,False,False,False,False,False,0,0,0,0,0,0,0,0,0,0,1,0,0.0,0,0,0.0,0,0,0,0,0,0,0,0,0,0,0,0.0,0.0,0.0,0.0,False,simple,COMPILATION_ERROR,Compilation error: unresolved reference to identifier mcopy,0,0,0,0,0.0,False,0,0,0,0,0,0,0.0,False,0,0,0.0,0,0,0,False,0,0,0.0,0
420,MerkleTree,,data/safe_contracts/openzeppelin-contracts/contracts/utils/structs/MerkleTree.sol,,openzeppelin,False,False,False,False,False,False,False,False,False,False,False,False,False,False,False,False,False,False,False,False,False,False,False,False,False,0,0,0,0,0,0,0,0,0,0,1,0,0.0,0,0,0.0,0,0,0,0,0,0,0,0,0,0,0,0.0,0.0,0.0,0.0,False,simple,COMPILATION_ERROR,Compilation error: unresolved reference to identifier mcopy,0,0,0,0,0.0,False,0,0,0,0,0,0,0.0,False,0,0,0.0,0,0,0,False,0,0,0.0,0
421,Checkpoints,,data/safe_contracts/openzeppelin-contracts/contracts/utils/structs/Checkpoints.sol,,openzeppelin,False,False,False,False,False,False,False,False,False,False,False,False,False,False,True,False,False,False,False,False,False,False,True,False,False,1,9,172,48,20,0,0,6,0,746,4,1,3.0,0,249,0.33378016085790885,0,12,0,0,21,161,0,10,0,6,2,0.0,0.0,227.0,5058.316666666667,True,critical,,,340,324,16,11,0.9529411764705882,True,68,144,48,60,0,20,0.25,False,0,48,1.25,5,0,16,False,0,108,0.0,48
422,IERC165,,data/safe_contracts/openzeppelin-contracts/contracts/utils/introspection/IERC165.sol,,openzeppelin,False,False,False,False,False,False,False,False,False,False,False,False,False,False,False,False,False,False,False,False,False,False,True,False,False,0,0,2,1,0,0,0,1,0,23,1,1,1.0,0,19,0.8260869565217391,0,0,0,0,2,0,0,0,0,1,1,0.0,0.0,2.0,4.0,False,simple,,,0,0,0,0,0.0,False,0,0,1,0,0,0,0.0,False,1,0,0.0,1,0,0,False,0,1,0.0,1
423,ERC165,,data/safe_contracts/openzeppelin-contracts/contracts/utils/introspection/ERC165.sol,,openzeppelin,False,False,False,False,False,False,False,False,False,False,False,False,False,False,False,False,False,False,False,False,False,False,True,True,False,0,0,4,1,0,0,0,1,0,22,2,1,1.0,0,15,0.6818181818181818,0,0,1,0,4,0,0,0,0,2,1,0.0,0.0,4.0,8.0,False,moderate,,,2,1,0,1,0.5,False,1,1,1,1,1,0,0.0,False,1,0,1.0,1,0,0,False,0,1,0.0,1
424,ERC165Checker,,data/safe_contracts/openzeppelin-contracts/contracts/utils/introspection/ERC165Checker.sol,,openzeppelin,False,False,False,False,False,False,False,False,False,False,False,False,False,False,True,False,False,False,False,False,False,False,True,True,False,0,0,11,7,1,1,0,8,0,128,2,1,2.857142857142857,0,70,0.546875,0,0,0,0,5,6,0,0,0,4,2,0.0,0.0,11.0,25.299999999999997,False,moderate,,,47,43,2,8,0.9148936170212766,False,8,20,7,14,0,1,0.06666666666666667,False,0,7,2.0,6,1,1,True,0,11,0.0,6
425,Time,,data/safe_contracts/openzeppelin-contracts/contracts/utils/types/Time.sol,,openzeppelin,False,False,True,False,False,False,False,False,False,False,False,False,False,False,True,False,False,False,False,False,False,True,True,False,False,1,10,130,9,10,0,0,3,0,118,4,1,1.3333333333333333,0,68,0.576271186440678,0,6,0,0,17,124,0,11,0,8,4,0.0,0.0,190.0,2465.25,True,critical,,,33,25,0,6,0.7575757575757576,False,10,12,9,4,0,10,0.7142857142857143,False,0,9,0.4444444444444444,7,0,6,False,0,12,0.0,7
426,MerkleProof,,data/safe_contracts/openzeppelin-contracts/contracts/utils/cryptography/MerkleProof.sol,,openzeppelin,False,False,False,False,False,False,False,False,False,False,False,False,False,False,True,False,False,False,False,False,False,False,True,False,False,0,0,22,16,8,0,0,16,0,483,2,1,5.5,4,248,0.5134575569358178,0,4,0,0,4,18,0,0,0,3,2,0.0,0.0,22.0,121.73333333333332,True,complex,,,192,204,28,20,1.0625,True,24,88,16,12,0,8,0.4,False,0,16,0.75,3,0,6,False,0,56,0.0,16
427,SignatureChecker,,data/safe_contracts/openzeppelin-contracts/contracts/utils/cryptography/SignatureChecker.sol,,openzeppelin,False,False,False,False,False,False,False,False,False,False,False,False,False,False,False,False,False,False,False,False,False,False,False,False,False,0,0,0,0,0,0,0,0,0,0,1,0,0.0,0,0,0.0,0,0,0,0,0,0,0,0,0,0,0,0.0,0.0,0.0,0.0,False,simple,COMPILATION_ERROR,Compilation error: unresolved reference to identifier mcopy,0,0,0,0,0.0,False,0,0,0,0,0,0,0.0,False,0,0,0.0,0,0,0,False,0,0,0.0,0
428,Hashes,,data/safe_contracts/openzeppelin-contracts/contracts/utils/cryptography/Hashes.sol,,openzeppelin,False,False,False,False,False,False,False,False,False,False,False,False,False,False,True,False,False,False,False,False,False,False,True,False,False,0,0,5,2,0,0,0,2,0,28,1,1,1.5,0,15,0.5357142857142857,0,0,0,0,3,2,0,0,0,3,2,0.0,0.0,5.0,7.333333333333334,False,moderate,,,10,8,0,5,0.8,False,2,3,2,3,0,0,0.0,False,0,2,1.5,2,0,0,False,0,4,0.0,2
429,MessageHashUtils,,data/safe_contracts/openzeppelin-contracts/contracts/utils/cryptography/MessageHashUtils.sol,,openzeppelin,False,False,False,False,False,False,False,False,False,False,False,False,False,False,False,False,False,False,False,False,False,False,False,False,False,0,0,0,0,0,0,0,0,0,0,1,0,0.0,0,0,0.0,0,0,0,0,0,0,0,0,0,0,0,0.0,0.0,0.0,0.0,False,simple,COMPILATION_ERROR,Compilation error: unresolved reference to identifier mcopy,0,0,0,0,0.0,False,0,0,0,0,0,0,0.0,False,0,0,0.0,0,0,0,False,0,0,0.0,0
430,WebAuthn,,data/safe_contracts/openzeppelin-contracts/contracts/utils/cryptography/WebAuthn.sol,,openzeppelin,False,False,False,False,False,False,False,False,False,False,False,False,False,False,False,False,False,False,False,False,False,False,False,False,False,0,0,0,0,0,0,0,0,0,0,1,0,0.0,0,0,0.0,0,0,0,0,0,0,0,0,0,0,0,0.0,0.0,0.0,0.0,False,simple,COMPILATION_ERROR,Compilation error: unresolved reference to identifier mcopy,0,0,0,0,0.0,False,0,0,0,0,0,0,0.0,False,0,0,0.0,0,0,0,False,0,0,0.0,0
431,TrieProof,,data/safe_contracts/openzeppelin-contracts/contracts/utils/cryptography/TrieProof.sol,,openzeppelin,False,False,False,False,False,False,False,False,False,False,False,False,False,False,False,False,False,False,False,False,False,False,False,False,False,0,0,0,0,0,0,0,0,0,0,1,0,0.0,0,0,0.0,0,0,0,0,0,0,0,0,0,0,0,0.0,0.0,0.0,0.0,False,simple,COMPILATION_ERROR,Compilation error: unresolved reference to identifier mcopy,0,0,0,0,0.0,False,0,0,0,0,0,0,0.0,False,0,0,0.0,0,0,0,False,0,0,0.0,0
432,P256,,data/safe_contracts/openzeppelin-contracts/contracts/utils/cryptography/P256.sol,,openzeppelin,False,False,False,False,False,False,False,False,False,False,False,False,False,False,True,False,False,False,False,False,False,False,True,False,False,1,9,147,16,5,8,0,10,0,379,5,1,2.9375,0,149,0.39313984168865435,0,4,0,0,23,134,0,10,0,6,2,0.0,0.0,202.0,3932.2666666666664,True,critical,,,220,212,6,40,0.9636363636363636,True,17,47,16,37,0,5,0.11904761904761904,False,0,16,2.3125,10,8,4,True,0,51,0.0,15
433,EIP712,,data/safe_contracts/openzeppelin-contracts/contracts/utils/cryptography/EIP712.sol,,openzeppelin,False,False,False,False,False,False,False,False,False,False,False,False,False,False,False,False,False,False,False,False,False,False,False,False,False,0,0,0,0,0,0,0,0,0,0,1,0,0.0,0,0,0.0,0,0,0,0,0,0,0,0,0,0,0,0.0,0.0,0.0,0.0,False,simple,COMPILATION_ERROR,Compilation error: unresolved reference to identifier mcopy,0,0,0,0,0.0,False,0,0,0,0,0,0,0.0,False,0,0,0.0,0,0,0,False,0,0,0.0,0
434,ECDSA,,data/safe_contracts/openzeppelin-contracts/contracts/utils/cryptography/ECDSA.sol,,openzeppelin,False,False,False,False,False,False,False,False,False,False,False,False,False,False,True,False,False,False,False,False,False,False,True,False,False,0,0,17,11,0,0,0,9,0,266,1,1,3.0,0,119,0.4473684210526316,0,0,0,0,6,11,0,0,0,3,2,0.0,0.0,17.0,77.63333333333333,False,complex,,,118,114,0,10,0.9661016949152542,False,13,33,11,23,0,0,0.0,True,0,11,2.090909090909091,7,0,0,False,0,26,0.0,11
435,RSA,,data/safe_contracts/openzeppelin-contracts/contracts/utils/cryptography/RSA.sol,,openzeppelin,False,False,False,False,False,False,False,False,False,False,False,False,False,False,True,False,False,False,False,False,False,False,True,False,False,1,9,128,3,2,0,0,19,0,142,4,1,7.0,1,79,0.5563380281690141,0,2,0,0,18,120,0,10,0,6,2,0.0,0.0,183.0,3111.0,True,critical,,,50,51,2,23,1.02,True,6,21,3,4,0,2,0.3333333333333333,True,0,3,1.3333333333333333,2,0,1,False,0,10,0.0,3
436,SafeCast,,data/safe_contracts/openzeppelin-contracts/contracts/utils/math/SafeCast.sol,,openzeppelin,False,False,False,False,False,False,False,False,False,False,False,False,False,False,True,False,False,False,False,False,False,False,True,False,False,0,0,68,65,0,0,0,3,0,1092,1,1,2.9692307692307693,0,696,0.6373626373626373,0,0,0,0,3,65,0,0,0,3,2,0.0,0.0,68.0,1099.3333333333335,True,critical,,,324,323,0,3,0.9969135802469136,False,33,193,65,64,0,0,0.0,False,0,65,0.9846153846153847,5,0,0,False,0,65,0.0,65
437,SignedMath,,data/safe_contracts/openzeppelin-contracts/contracts/utils/math/SignedMath.sol,,openzeppelin,False,False,False,False,False,False,False,False,False,False,False,False,False,False,True,False,False,False,False,False,False,False,True,False,False,0,0,74,5,1,0,0,1,0,60,2,1,1.0,0,35,0.5833333333333334,0,1,0,0,4,70,0,0,0,3,2,0.0,0.0,74.0,1307.3333333333335,True,critical,,,12,7,0,2,0.5833333333333334,False,5,5,5,2,0,1,0.3333333333333333,False,0,5,0.4,3,0,1,False,0,10,0.0,5
438,Math,,data/safe_contracts/openzeppelin-contracts/contracts/utils/math/Math.sol,,openzeppelin,False,False,False,False,False,False,False,False,False,False,False,False,False,False,True,False,False,False,False,False,False,False,True,False,False,1,9,119,36,31,0,0,17,0,693,3,1,2.611111111111111,2,339,0.48917748917748916,0,19,0,0,16,113,0,10,0,6,2,0.0,0.0,174.0,2757.8999999999996,True,critical,,,289,274,2,29,0.9480968858131488,False,33,94,36,45,0,31,0.40789473684210525,True,0,36,1.25,17,0,20,False,0,76,0.0,36
439,ERC7913P256Verifier,,data/safe_contracts/openzeppelin-contracts/contracts/utils/cryptography/verifiers/ERC7913P256Verifier.sol,,openzeppelin,False,False,False,False,False,False,False,False,False,False,False,False,False,False,True,False,False,False,False,False,False,False,True,True,False,1,9,133,1,1,0,0,5,0,26,7,1,5.0,0,9,0.34615384615384615,0,1,1,0,26,117,0,10,0,7,2,0.0,0.0,188.0,2897.885714285714,True,critical,,,11,11,0,7,1.0,False,2,5,1,0,0,1,1.0,False,1,0,0.0,1,0,1,False,0,3,0.0,1
440,ERC7913RSAVerifier,,data/safe_contracts/openzeppelin-contracts/contracts/utils/cryptography/verifiers/ERC7913RSAVerifier.sol,,openzeppelin,False,False,False,False,False,False,False,False,False,False,False,False,False,False,True,False,False,False,False,False,False,False,True,True,False,1,9,119,1,3,0,0,2,0,20,6,1,2.0,0,8,0.4,0,1,1,0,21,108,0,10,0,7,2,0.0,0.0,174.0,2401.2,True,critical,,,7,6,0,5,0.8571428571428571,False,2,2,1,2,1,3,0.6,False,1,0,2.0,2,0,1,False,0,3,0.0,1
441,ERC7913WebAuthnVerifier,,data/safe_contracts/openzeppelin-contracts/contracts/utils/cryptography/verifiers/ERC7913WebAuthnVerifier.sol,,openzeppelin,False,False,False,False,False,False,False,False,False,False,False,False,False,False,False,False,False,False,False,False,False,False,False,False,False,0,0,0,0,0,0,0,0,0,0,1,0,0.0,0,0,0.0,0,0,0,0,0,0,0,0,0,0,0,0.0,0.0,0.0,0.0,False,simple,COMPILATION_ERROR,Compilation error: unresolved reference to identifier mcopy,0,0,0,0,0.0,False,0,0,0,0,0,0,0.0,False,0,0,0.0,0,0,0,False,0,0,0.0,0
442,SignerECDSA,,data/safe_contracts/openzeppelin-contracts/contracts/utils/cryptography/signers/SignerECDSA.sol,,openzeppelin,False,False,False,False,False,False,False,False,False,False,False,False,False,False,True,False,False,False,False,False,False,True,True,False,False,0,1,21,4,1,1,0,1,0,49,3,1,1.0,0,27,0.5510204081632653,0,1,1,0,8,14,0,1,0,4,3,0.0,0.0,26.0,115.69999999999999,True,complex,,,11,7,0,4,0.6363636363636364,False,2,4,4,2,0,1,0.3333333333333333,False,1,3,0.5,2,1,2,True,1,4,2.0,3
443,MultiSignerERC7913,,data/safe_contracts/openzeppelin-contracts/contracts/utils/cryptography/signers/MultiSignerERC7913.sol,,openzeppelin,False,False,False,False,False,False,False,False,False,False,False,False,False,False,False,False,False,False,False,False,False,False,False,False,False,0,0,0,0,0,0,0,0,0,0,1,0,0.0,0,0,0.0,0,0,0,0,0,0,0,0,0,0,0,0.0,0.0,0.0,0.0,False,simple,COMPILATION_ERROR,Compilation error: unresolved reference to identifier mcopy,0,0,0,0,0.0,False,0,0,0,0,0,0,0.0,False,0,0,0.0,0,0,0,False,0,0,0.0,0
444,SignerWebAuthn,,data/safe_contracts/openzeppelin-contracts/contracts/utils/cryptography/signers/SignerWebAuthn.sol,,openzeppelin,False,False,False,False,False,False,False,False,False,False,False,False,False,False,False,False,False,False,False,False,False,False,False,False,False,0,0,0,0,0,0,0,0,0,0,1,0,0.0,0,0,0.0,0,0,0,0,0,0,0,0,0,0,0,0.0,0.0,0.0,0.0,False,simple,COMPILATION_ERROR,Compilation error: unresolved reference to identifier mcopy,0,0,0,0,0.0,False,0,0,0,0,0,0,0.0,False,0,0,0.0,0,0,0,False,0,0,0.0,0
445,SignerP256,,data/safe_contracts/openzeppelin-contracts/contracts/utils/cryptography/signers/SignerP256.sol,,openzeppelin,False,False,False,False,False,False,False,False,False,False,False,False,False,False,True,False,False,False,False,False,False,False,True,False,False,1,9,151,4,2,2,0,3,0,56,7,1,2.0,0,27,0.48214285714285715,0,2,1,0,25,136,0,10,0,6,2,0.0,0.0,206.0,4126.866666666667,True,critical,,,20,17,0,8,0.85,False,3,8,4,3,0,2,0.4,False,1,3,0.75,2,2,2,True,0,6,0.0,3
446,AbstractSigner,,data/safe_contracts/openzeppelin-contracts/contracts/utils/cryptography/signers/AbstractSigner.sol,,openzeppelin,False,False,False,False,False,False,False,False,False,False,False,False,False,False,False,False,False,False,False,False,False,False,True,False,False,0,0,2,1,0,0,0,1,0,21,1,1,1.0,0,17,0.8095238095238095,0,0,0,0,2,0,0,0,0,1,1,0.0,0.0,2.0,4.0,False,simple,,,0,0,0,0,0.0,False,0,0,1,0,0,0,0.0,False,0,1,0.0,1,0,0,False,0,2,0.0,1
447,SignerEIP7702,,data/safe_contracts/openzeppelin-contracts/contracts/utils/cryptography/signers/SignerEIP7702.sol,,openzeppelin,False,False,False,False,False,False,False,False,False,False,False,False,False,False,True,False,False,False,False,False,False,True,True,False,False,0,1,20,1,1,0,0,1,0,22,3,1,1.0,0,10,0.45454545454545453,0,1,1,0,8,13,0,1,0,4,3,0.0,0.0,25.0,106.875,True,complex,,,5,4,0,4,0.8,False,1,1,1,0,0,1,1.0,False,0,1,0.0,1,0,1,False,1,2,1.0,1
448,MultiSignerERC7913Weighted,,data/safe_contracts/openzeppelin-contracts/contracts/utils/cryptography/signers/MultiSignerERC7913Weighted.sol,,openzeppelin,False,False,False,False,False,False,False,False,False,False,False,False,False,False,False,False,False,False,False,False,False,False,False,False,False,0,0,0,0,0,0,0,0,0,0,1,0,0.0,0,0,0.0,0,0,0,0,0,0,0,0,0,0,0,0.0,0.0,0.0,0.0,False,simple,COMPILATION_ERROR,Compilation error: unresolved reference to identifier mcopy,0,0,0,0,0.0,False,0,0,0,0,0,0,0.0,False,0,0,0.0,0,0,0,False,0,0,0.0,0
449,SignerERC7913,,data/safe_contracts/openzeppelin-contracts/contracts/utils/cryptography/signers/SignerERC7913.sol,,openzeppelin,False,False,False,False,False,False,False,False,False,False,False,False,False,False,False,False,False,False,False,False,False,False,False,False,False,0,0,0,0,0,0,0,0,0,0,1,0,0.0,0,0,0.0,0,0,0,0,0,0,0,0,0,0,0,0.0,0.0,0.0,0.0,False,simple,COMPILATION_ERROR,Compilation error: unresolved reference to identifier mcopy,0,0,0,0,0.0,False,0,0,0,0,0,0,0.0,False,0,0,0.0,0,0,0,False,0,0,0.0,0
450,SignerRSA,,data/safe_contracts/openzeppelin-contracts/contracts/utils/cryptography/signers/SignerRSA.sol,,openzeppelin,False,False,False,False,False,False,False,False,False,False,False,False,False,False,True,False,False,False,False,False,False,False,True,False,False,1,9,132,4,2,2,0,1,0,58,6,1,1.0,0,34,0.5862068965517241,0,1,1,0,20,122,0,10,0,6,2,0.0,0.0,187.0,3284.9666666666662,True,critical,,,12,8,0,4,0.6666666666666666,False,2,4,4,3,0,2,0.4,False,1,3,0.75,3,2,2,True,0,6,0.0,3
451,ProxyAdmin,,data/safe_contracts/openzeppelin-contracts/contracts/proxy/transparent/ProxyAdmin.sol,,openzeppelin,False,False,False,False,False,False,False,False,False,False,False,False,False,False,True,False,False,False,False,False,False,True,True,True,False,1,2,63,3,1,1,0,1,0,40,14,1,1.0,0,26,0.65,1,0,2,0,35,31,0,3,0,7,3,0.0,0.0,83.0,672.3,True,critical,,,6,3,0,2,0.5,False,0,3,3,2,1,1,0.3333333333333333,True,2,1,0.6666666666666666,2,1,1,False,1,4,1.0,2
452,TransparentUpgradeableProxy,,data/safe_contracts/openzeppelin-contracts/contracts/proxy/transparent/TransparentUpgradeableProxy.sol,,openzeppelin,False,False,False,False,False,False,False,False,False,False,False,False,False,False,True,False,False,False,False,False,False,True,True,True,False,1,2,63,4,4,1,0,5,0,109,14,1,2.0,0,75,0.6880733944954128,1,2,2,0,35,31,0,3,0,7,3,0.0,0.0,83.0,672.3,True,critical,,,19,17,0,4,0.8947368421052632,False,1,8,4,7,1,4,0.36363636363636365,True,1,3,1.75,3,1,1,True,1,3,1.0,1
453,UUPSUpgradeable,,data/safe_contracts/openzeppelin-contracts/contracts/proxy/utils/UUPSUpgradeable.sol,,openzeppelin,False,False,False,False,False,False,False,False,False,False,False,False,False,False,True,False,False,False,False,False,False,True,True,True,False,0,2,60,8,4,2,2,3,0,134,9,1,1.75,0,86,0.6417910447761194,1,2,1,0,32,30,0,2,0,7,3,0.0,0.0,70.0,530.0,True,critical,,,26,22,0,5,0.8461538461538461,False,1,13,8,8,2,4,0.3333333333333333,False,2,6,1.0,8,2,1,True,1,5,1.0,3
454,Initializable,,data/safe_contracts/openzeppelin-contracts/contracts/proxy/utils/Initializable.sol,,openzeppelin,False,False,False,False,False,False,False,False,False,False,False,False,False,False,True,False,False,False,False,False,False,False,True,False,False,0,0,9,7,0,1,3,5,0,218,1,1,1.8571428571428572,0,143,0.6559633027522935,0,0,0,0,3,6,0,0,0,3,2,0.0,0.0,9.0,21.6,False,moderate,,,25,21,0,6,0.84,False,3,13,7,7,0,0,0.0,False,0,7,1.0,4,1,0,True,0,0,0.0,0
455,ERC1967Proxy,,data/safe_contracts/openzeppelin-contracts/contracts/proxy/ERC1967/ERC1967Proxy.sol,,openzeppelin,False,False,False,False,False,False,False,False,False,False,False,False,False,False,True,False,False,False,False,False,False,True,True,True,False,0,2,59,3,2,0,0,3,0,56,9,1,1.6666666666666667,0,38,0.6785714285714286,1,2,1,0,31,30,0,2,0,5,3,0.0,0.0,69.0,717.6,True,critical,,,9,7,0,3,0.7777777777777778,False,2,5,3,2,1,2,0.5,False,1,2,0.6666666666666666,3,0,1,False,1,2,1.0,1
456,ERC1967Utils,,data/safe_contracts/openzeppelin-contracts/contracts/proxy/ERC1967/ERC1967Utils.sol,,openzeppelin,False,False,False,False,False,False,False,False,False,False,False,False,False,False,True,False,False,False,False,False,False,True,True,True,False,0,2,66,11,13,3,0,5,0,154,7,1,2.272727272727273,0,82,0.5324675324675324,0,8,0,0,28,40,0,2,0,5,3,0.0,0.0,76.0,851.1999999999999,True,critical,,,49,45,0,6,0.9183673469387755,False,3,25,11,13,0,13,0.5,False,0,11,1.1818181818181819,9,3,6,True,2,8,3.0,6
457,UpgradeableBeacon,,data/safe_contracts/openzeppelin-contracts/contracts/proxy/beacon/UpgradeableBeacon.sol,,openzeppelin,False,False,False,False,False,False,False,False,False,False,False,False,False,False,False,False,False,False,False,False,False,False,True,True,False,0,0,9,4,0,1,0,3,0,61,4,1,1.5,0,37,0.6065573770491803,0,0,2,0,6,3,0,0,0,4,1,0.0,0.0,9.0,18.225,False,moderate,,,14,11,0,4,0.7857142857142857,False,1,6,4,6,2,0,0.0,True,3,1,1.5,4,1,1,True,0,4,0.0,3
458,IBeacon,,data/safe_contracts/openzeppelin-contracts/contracts/proxy/beacon/IBeacon.sol,,openzeppelin,False,False,False,False,False,False,False,False,False,False,False,False,False,False,False,False,False,False,False,False,False,False,True,False,False,0,0,2,1,0,0,0,1,0,14,1,1,1.0,0,10,0.7142857142857143,0,0,0,0,2,0,0,0,0,1,1,0.0,0.0,2.0,4.0,False,simple,,,0,0,0,0,0.0,False,0,0,1,0,0,0,0.0,False,1,0,0.0,1,0,0,False,0,0,0.0,0
459,BeaconProxy,,data/safe_contracts/openzeppelin-contracts/contracts/proxy/beacon/BeaconProxy.sol,,openzeppelin,False,False,False,False,False,False,False,False,False,False,False,False,False,False,True,False,False,False,False,False,False,True,True,True,False,0,2,61,3,2,1,0,1,0,51,9,1,1.0,0,34,0.6666666666666666,1,1,1,0,31,32,0,2,0,6,3,0.0,0.0,71.0,631.8999999999999,True,critical,,,7,4,0,2,0.5714285714285714,False,2,3,3,1,0,2,0.6666666666666666,False,1,2,0.3333333333333333,2,1,1,True,1,2,1.0,1
460,ICompoundTimelock,,data/safe_contracts/openzeppelin-contracts/contracts/vendor/compound/ICompoundTimelock.sol,,openzeppelin,False,False,False,False,False,False,False,False,False,False,False,False,False,False,False,False,False,False,False,False,False,False,True,False,False,0,0,5,14,0,0,0,1,0,70,1,1,1.0,0,8,0.11428571428571428,2,0,0,0,5,0,0,0,0,2,1,0.0,0.0,5.0,12.5,False,moderate,,,0,0,0,0,0.0,False,0,0,14,0,0,0,0.0,False,14,0,0.0,14,0,0,False,0,18,0.0,6
461,UNCX,0xadb2437e00000000000000000000000000000000,blockchain/contracts/collected/UNCX_0xadb2437e.sol,,manual,False,False,False,False,False,False,False,False,False,False,False,False,False,False,False,False,False,False,False,False,False,False,False,False,False,0,0,0,0,0,0,0,0,0,0,1,0,0.0,0,0,0.0,0,0,0,0,0,0,0,0,0,0,0,0.0,0.0,0.0,0.0,False,simple,COMPILATION_ERROR,"Compilation error: Invalid compilation: 
Invalid solc compilation Error: Expected pragma, import directive or contract/interface/library/struct/enum definition.
 --> /home/motafeq/projects/chainguardian-ai/blockchain/contracts/collected/UNCX_0xadb2437e.sol:1:1:
  |
1 | {""Address.sol"":{""content"":""// SPDX-L ...
  | ^

",0,0,0,0,0.0,False,0,0,0,0,0,0,0.0,False,0,0,0.0,0,0,0,False,0,0,0.0,0
462,GravityTokenG,0x9c7beba800000000000000000000000000000000,blockchain/contracts/collected/GravityTokenG_0x9c7beba8,,manual,False,False,False,False,False,False,False,False,False,False,False,False,False,False,False,False,False,False,False,False,False,False,False,False,False,0,0,0,0,0,0,0,0,0,0,1,0,0.0,0,0,0.0,0,0,0,0,0,0,0,0,0,0,0,0.0,0.0,0.0,0.0,False,simple,IMPORT_ERROR,"External library imports: Invalid compilation: 
Invalid solc compilation Error: Source ""@openzeppelin/contracts/token/ERC20/ERC20.sol"" not found: File not found. Searched the following locations: """".
 --> blockchain/contracts/collected/GravityTokenG_0x9c7beba8/GravityTokenG.sol:5:1:
  |
5 | import { ERC20 } from ""@openzeppelin/contracts/token/ERC20/ERC20.sol"";
  | ^^^^^^^^^^^^^^^^^^^^^^^^^^^^^^^^^^^^^^^^^^^^^^^^^^^^^^^^^^^^^^^^^^^^^^

Error: Source ""@openzeppelin/contracts/token/ERC20/extensions/ERC20Burnable.sol"" not found: File not found. Searched the following locations: """".
 --> blockchain/contracts/collected/GravityTokenG_0x9c7beba8/GravityTokenG.sol:6:1:
  |
6 | import { ERC20Burnable } from ""@openzeppelin/contracts/token/ERC20/extensions/ERC20Burnable.sol"";
  | ^^^^^^^^^^^^^^^^^^^^^^^^^^^^^^^^^^^^^^^^^^^^^^^^^^^^^^^^^^^^^^^^^^^^^^^^^^^^^^^^^^^^^^^^^^^^^^^^^

Error: Source ""@openzeppelin/contracts/token/ERC20/extensions/ERC20Pausable.sol"" not found: File not found. Searched the following locations: """".
 --> blockchain/contracts/collected/GravityTokenG_0x9c7beba8/GravityTokenG.sol:7:1:
  |
7 | import { ERC20Pausable } from ""@openzeppelin/contracts/token/ERC20/extensions/ERC20Pausable.sol"";
  | ^^^^^^^^^^^^^^^^^^^^^^^^^^^^^^^^^^^^^^^^^^^^^^^^^^^^^^^^^^^^^^^^^^^^^^^^^^^^^^^^^^^^^^^^^^^^^^^^^

Error: Source ""@openzeppelin/contracts/token/ERC20/extensions/ERC20Permit.sol"" not found: File not found. Searched the following locations: """".
 --> blockchain/contracts/collected/GravityTokenG_0x9c7beba8/GravityTokenG.sol:8:1:
  |
8 | import { ERC20Permit } from ""@openzeppelin/contracts/token/ERC20/extensions/ERC20Permit.sol"";
  | ^^^^^^^^^^^^^^^^^^^^^^^^^^^^^^^^^^^^^^^^^^^^^^^^^^^^^^^^^^^^^^^^^^^^^^^^^^^^^^^^^^^^^^^^^^^^^

Error: Source ""@openzeppelin/contracts/access/Ownable2Step.sol"" not found: File not found. Searched the following locations: """".
 --> blockchain/contracts/collected/GravityTokenG_0x9c7beba8/GravityTokenG.sol:9:1:
  |
9 | import { Ownable2Step, Ownable } ",0,0,0,0,0.0,False,0,0,0,0,0,0,0.0,False,0,0,0.0,0,0,0,False,0,0,0.0,0
463,USDX,0xf3527ef800000000000000000000000000000000,blockchain/contracts/collected/USDX_0xf3527ef8,,manual,False,False,False,False,False,False,False,False,False,False,False,False,False,False,False,False,False,False,False,False,False,False,False,False,False,0,0,0,0,0,0,0,0,0,0,1,0,0.0,0,0,0.0,0,0,0,0,0,0,0,0,0,0,0,0.0,0.0,0.0,0.0,False,simple,IMPORT_ERROR,"External library imports: Invalid compilation: 
Invalid solc compilation Error: Source ""@openzeppelin/contracts/token/ERC20/ERC20.sol"" not found: File not found. Searched the following locations: """".
 --> blockchain/contracts/collected/USDX_0xf3527ef8/USDX.sol:4:1:
  |
4 | import {ERC20} from '@openzeppelin/contracts/token/ERC20/ERC20.sol';
  | ^^^^^^^^^^^^^^^^^^^^^^^^^^^^^^^^^^^^^^^^^^^^^^^^^^^^^^^^^^^^^^^^^^^^

Error: Source ""@openzeppelin/contracts/token/ERC20/extensions/ERC20Burnable.sol"" not found: File not found. Searched the following locations: """".
 --> blockchain/contracts/collected/USDX_0xf3527ef8/USDX.sol:5:1:
  |
5 | import {ERC20Burnable} from '@openzeppelin/contracts/token/ERC20/extensions/ERC20Burnable.sol';
  | ^^^^^^^^^^^^^^^^^^^^^^^^^^^^^^^^^^^^^^^^^^^^^^^^^^^^^^^^^^^^^^^^^^^^^^^^^^^^^^^^^^^^^^^^^^^^^^^

Error: Source ""@openzeppelin/contracts/token/ERC20/extensions/draft-ERC20Permit.sol"" not found: File not found. Searched the following locations: """".
 --> blockchain/contracts/collected/USDX_0xf3527ef8/USDX.sol:6:1:
  |
6 | import {ERC20Permit} from '@openzeppelin/contracts/token/ERC20/extensions/draft-ERC20Permit.sol';
  | ^^^^^^^^^^^^^^^^^^^^^^^^^^^^^^^^^^^^^^^^^^^^^^^^^^^^^^^^^^^^^^^^^^^^^^^^^^^^^^^^^^^^^^^^^^^^^^^^^

Error: Source ""@openzeppelin/contracts/access/Ownable2Step.sol"" not found: File not found. Searched the following locations: """".
 --> blockchain/contracts/collected/USDX_0xf3527ef8/USDX.sol:7:1:
  |
7 | import {Ownable2Step} from '@openzeppelin/contracts/access/Ownable2Step.sol';
  | ^^^^^^^^^^^^^^^^^^^^^^^^^^^^^^^^^^^^^^^^^^^^^^^^^^^^^^^^^^^^^^^^^^^^^^^^^^^^^

Error: Source ""@openzeppelin/contracts/access/AccessControl.sol"" not found: File not found. Searched the following locations: """".
 --> blockchain/contracts/collected/USDX_0xf3527ef8/USDX.sol:8:1:
  |
8 | import {AccessControl} from '@openzeppelin/contracts/access/AccessControl.sol';
  | ^^^^^^^^^^^^^^^^^^^^^^^^^^^^^^^^^^^^^^^^^^^^^^^^^^^^^^^^^^^^^^^^^^^^^^^^^^^^^^^

Error: S",0,0,0,0,0.0,False,0,0,0,0,0,0,0.0,False,0,0,0.0,0,0,0,False,0,0,0.0,0
464,OxO,0x5a3e6A7700000000000000000000000000000000,blockchain/contracts/collected/OxO_0x5a3e6A77.sol,,manual,True,True,False,False,True,True,True,True,False,False,False,False,False,False,False,False,False,True,False,False,False,True,True,False,False,4,2,23,25,20,22,1,17,0,278,7,1,1.88,1,28,0.10071942446043165,1,5,2,0,18,16,0,6,3,13,5,0.0,0.0,73.0,163.96923076923073,True,critical,,,139,124,2,18,0.8920863309352518,False,9,47,25,41,3,20,0.32786885245901637,False,19,6,1.64,17,22,8,True,4,21,2.0,12
465,SushiToken,0x6b35950600000000000000000000000000000000,blockchain/contracts/collected/SushiToken_0x6b359506.sol,,manual,False,False,True,True,False,False,False,False,False,False,False,False,False,False,True,False,False,True,False,False,False,False,True,True,False,0,1,35,12,5,6,0,14,0,902,7,1,3.1666666666666665,2,528,0.5853658536585366,0,2,2,0,20,16,0,1,0,10,5,0.0,0.0,40.0,124.79999999999998,True,critical,,,95,91,2,19,0.9578947368421052,True,12,38,12,20,5,5,0.2,False,6,6,1.6666666666666667,12,6,4,True,0,24,0.0,10
466,SDAO,0xc20059e000000000000000000000000000000000,blockchain/contracts/collected/SDAO_0xc20059e0,,manual,False,False,True,True,False,False,False,False,False,False,False,False,False,False,True,False,False,False,False,False,False,False,True,False,False,0,0,7,15,8,12,1,7,1,367,2,1,2.4,0,183,0.4986376021798365,0,0,0,0,6,1,0,0,0,5,4,0.0,0.0,7.0,9.379999999999999,True,moderate,,,115,108,0,11,0.9391304347826087,False,9,36,15,28,2,8,0.2222222222222222,True,12,3,1.8666666666666667,13,12,13,True,2,33,6.5,13
467,ERC1967Proxy,0x58D97B5700000000000000000000000000000000,blockchain/contracts/collected/ERC1967Proxy_0x58D97B57,,manual,False,False,False,False,False,False,False,False,False,False,False,False,False,False,False,False,False,False,False,False,False,False,False,False,False,0,0,0,0,0,0,0,0,0,0,1,0,0.0,0,0,0.0,0,0,0,0,0,0,0,0,0,0,0,0.0,0.0,0.0,0.0,False,simple,IMPORT_ERROR,"File not found: Invalid compilation: 
Invalid solc compilation Error: Source ""blockchain/contracts/collected/Proxy.sol"" not found: File not found. Searched the following locations: """".
 --> blockchain/contracts/collected/ERC1967Proxy_0x58D97B57/ERC1967Proxy.sol:6:1:
  |
6 | import {Proxy} from ""../Proxy.sol"";
  | ^^^^^^^^^^^^^^^^^^^^^^^^^^^^^^^^^^^

Error: Source ""blockchain/contracts/collected/beacon/IBeacon.sol"" not found: File not found. Searched the following locations: """".
 --> blockchain/contracts/collected/ERC1967Proxy_0x58D97B57/ERC1967Utils.sol:6:1:
  |
6 | import {IBeacon} from ""../beacon/IBeacon.sol"";
  | ^^^^^^^^^^^^^^^^^^^^^^^^^^^^^^^^^^^^^^^^^^^^^^

Error: Source ""blockchain/contracts/interfaces/IERC1967.sol"" not found: File not found. Searched the following locations: """".
 --> blockchain/contracts/collected/ERC1967Proxy_0x58D97B57/ERC1967Utils.sol:7:1:
  |
7 | import {IERC1967} from ""../../interfaces/IERC1967.sol"";
  | ^^^^^^^^^^^^^^^^^^^^^^^^^^^^^^^^^^^^^^^^^^^^^^^^^^^^^^^

Error: Source ""blockchain/contracts/utils/Address.sol"" not found: File not found. Searched the following locations: """".
 --> blockchain/contracts/collected/ERC1967Proxy_0x58D97B57/ERC1967Utils.sol:8:1:
  |
8 | import {Address} from ""../../utils/Address.sol"";
  | ^^^^^^^^^^^^^^^^^^^^^^^^^^^^^^^^^^^^^^^^^^^^^^^^

Error: Source ""blockchain/contracts/utils/StorageSlot.sol"" not found: File not found. Searched the following locations: """".
 --> blockchain/contracts/collected/ERC1967Proxy_0x58D97B57/ERC1967Utils.sol:9:1:
  |
9 | import {StorageSlot} from ""../../utils/StorageSlot.sol"";
  | ^^^^^^^^^^^^^^^^^^^^^^^^^^^^^^^^^^^^^^^^^^^^^^^^^^^^^^^^

",0,0,0,0,0.0,False,0,0,0,0,0,0,0.0,False,0,0,0.0,0,0,0,False,0,0,0.0,0
468,RocketTokenRPL,0xd335260600000000000000000000000000000000,blockchain/contracts/collected/RocketTokenRPL_0xd3352606,,manual,False,False,False,False,False,False,False,False,False,False,False,False,False,False,False,False,False,False,False,False,False,False,False,False,False,0,0,0,0,0,0,0,0,0,0,1,0,0.0,0,0,0.0,0,0,0,0,0,0,0,0,0,0,0,0.0,0.0,0.0,0.0,False,simple,IMPORT_ERROR,"External library imports: Invalid compilation: 
Invalid solc compilation Error: Source ""@openzeppelin/contracts/token/ERC20/ERC20Burnable.sol"" not found: File not found.
  --> /home/motafeq/projects/chainguardian-ai/blockchain/contracts/collected/RocketTokenRPL_0xd3352606/RocketTokenRPL.sol:31:1:
   |
31 | import ""@openzeppelin/contracts/token/ERC20/ERC20Burnable.sol"";
   | ^^^^^^^^^^^^^^^^^^^^^^^^^^^^^^^^^^^^^^^^^^^^^^^^^^^^^^^^^^^^^^^

Error: Source ""@openzeppelin/contracts/token/ERC20/IERC20.sol"" not found: File not found.
  --> /home/motafeq/projects/chainguardian-ai/blockchain/contracts/collected/RocketTokenRPL_0xd3352606/RocketTokenRPL.sol:32:1:
   |
32 | import ""@openzeppelin/contracts/token/ERC20/IERC20.sol"";
   | ^^^^^^^^^^^^^^^^^^^^^^^^^^^^^^^^^^^^^^^^^^^^^^^^^^^^^^^^

Error: Source ""/home/motafeq/projects/chainguardian-ai/blockchain/contracts/collected/RocketBase.sol"" not found: File not found.
  --> /home/motafeq/projects/chainguardian-ai/blockchain/contracts/collected/RocketTokenRPL_0xd3352606/RocketTokenRPL.sol:34:1:
   |
34 | import ""../RocketBase.sol"";
   | ^^^^^^^^^^^^^^^^^^^^^^^^^^^

Error: Source ""/home/motafeq/projects/chainguardian-ai/blockchain/contracts/interface/dao/protocol/settings/RocketDAOProtocolSettingsInflationInterface.sol"" not found: File not found.
  --> /home/motafeq/projects/chainguardian-ai/blockchain/contracts/collected/RocketTokenRPL_0xd3352606/RocketTokenRPL.sol:35:1:
   |
35 | import ""../../interface/dao/protocol/settings/RocketDAOProtocolSettingsInflationInterface.sol"";
   | ^^^^^^^^^^^^^^^^^^^^^^^^^^^^^^^^^^^^^^^^^^^^^^^^^^^^^^^^^^^^^^^^^^^^^^^^^^^^^^^^^^^^^^^^^^^^^^^

Error: Source ""/home/motafeq/projects/chainguardian-ai/blockchain/contracts/interface/token/RocketTokenRPLInterface.sol"" not found: File not found.
  --> /home/motafeq/projects/chainguardian-ai/blockchain/contracts/collected/RocketTokenRPL_0xd3352606/RocketTokenRPL.sol:36:1:
   |
36 | import ""../../interface/token/RocketTokenRPLInterface.sol"";
   | ^^^^^^^^^^",0,0,0,0,0.0,False,0,0,0,0,0,0,0.0,False,0,0,0.0,0,0,0,False,0,0,0.0,0
469,BoneToken,0x9813037e00000000000000000000000000000000,blockchain/contracts/collected/BoneToken_0x9813037e,,manual,False,False,False,False,False,False,False,False,False,False,False,False,False,False,False,False,False,False,False,False,False,False,False,False,False,0,0,0,0,0,0,0,0,0,0,1,0,0.0,0,0,0.0,0,0,0,0,0,0,0,0,0,0,0,0.0,0.0,0.0,0.0,False,simple,IMPORT_ERROR,"External library imports: Invalid compilation: 
Invalid solc compilation Error: Source ""@openzeppelin/contracts/token/ERC20/ERC20.sol"" not found: File not found.
 --> /home/motafeq/projects/chainguardian-ai/blockchain/contracts/collected/BoneToken_0x9813037e/BoneToken.sol:5:1:
  |
5 | import ""@openzeppelin/contracts/token/ERC20/ERC20.sol"";
  | ^^^^^^^^^^^^^^^^^^^^^^^^^^^^^^^^^^^^^^^^^^^^^^^^^^^^^^^

Error: Source ""@openzeppelin/contracts/access/Ownable.sol"" not found: File not found.
 --> /home/motafeq/projects/chainguardian-ai/blockchain/contracts/collected/BoneToken_0x9813037e/BoneToken.sol:6:1:
  |
6 | import ""@openzeppelin/contracts/access/Ownable.sol"";
  | ^^^^^^^^^^^^^^^^^^^^^^^^^^^^^^^^^^^^^^^^^^^^^^^^^^^^

",0,0,0,0,0.0,False,0,0,0,0,0,0,0.0,False,0,0,0.0,0,0,0,False,0,0,0.0,0
470,ObolToken,0x0b01000000000000000000000000000000000000,blockchain/contracts/collected/ObolToken_0x0b010000,,manual,False,False,False,False,False,False,False,False,False,False,False,False,False,False,False,False,False,False,False,False,False,False,False,False,False,0,0,0,0,0,0,0,0,0,0,1,0,0.0,0,0,0.0,0,0,0,0,0,0,0,0,0,0,0,0.0,0.0,0.0,0.0,False,simple,IMPORT_ERROR,"External library imports: Invalid compilation: 
Invalid solc compilation Error: Source ""@openzeppelin/contracts/token/ERC20/ERC20.sol"" not found: File not found. Searched the following locations: """".
  --> blockchain/contracts/collected/ObolToken_0x0b010000/ObolToken.sol:34:1:
   |
34 | import ""@openzeppelin/contracts/token/ERC20/ERC20.sol"";
   | ^^^^^^^^^^^^^^^^^^^^^^^^^^^^^^^^^^^^^^^^^^^^^^^^^^^^^^^

Error: Source ""@openzeppelin/contracts/access/AccessControl.sol"" not found: File not found. Searched the following locations: """".
  --> blockchain/contracts/collected/ObolToken_0x0b010000/ObolToken.sol:35:1:
   |
35 | import ""@openzeppelin/contracts/access/AccessControl.sol"";
   | ^^^^^^^^^^^^^^^^^^^^^^^^^^^^^^^^^^^^^^^^^^^^^^^^^^^^^^^^^^

Error: Source ""@openzeppelin/contracts/token/ERC20/extensions/draft-ERC20Permit.sol"" not found: File not found. Searched the following locations: """".
  --> blockchain/contracts/collected/ObolToken_0x0b010000/ObolToken.sol:36:1:
   |
36 | import ""@openzeppelin/contracts/token/ERC20/extensions/draft-ERC20Permit.sol"";
   | ^^^^^^^^^^^^^^^^^^^^^^^^^^^^^^^^^^^^^^^^^^^^^^^^^^^^^^^^^^^^^^^^^^^^^^^^^^^^^^

Error: Source ""@openzeppelin/contracts/token/ERC20/extensions/ERC20Votes.sol"" not found: File not found. Searched the following locations: """".
  --> blockchain/contracts/collected/ObolToken_0x0b010000/ObolToken.sol:37:1:
   |
37 | import ""@openzeppelin/contracts/token/ERC20/extensions/ERC20Votes.sol"";
   | ^^^^^^^^^^^^^^^^^^^^^^^^^^^^^^^^^^^^^^^^^^^^^^^^^^^^^^^^^^^^^^^^^^^^^^^

Error: Source ""blockchain/contracts/collected/ObolToken_0x0b010000/lib/IENSReverseRegistrar.sol"" not found: File not found. Searched the following locations: """".
  --> blockchain/contracts/collected/ObolToken_0x0b010000/ObolToken.sol:38:1:
   |
38 | import ""./lib/IENSReverseRegistrar.sol"";
   | ^^^^^^^^^^^^^^^^^^^^^^^^^^^^^^^^^^^^^^^^

",0,0,0,0,0.0,False,0,0,0,0,0,0,0.0,False,0,0,0.0,0,0,0,False,0,0,0.0,0
471,ERC1967Proxy,0x534D1F5E00000000000000000000000000000000,blockchain/contracts/collected/ERC1967Proxy_0x534D1F5E.sol,,manual,False,False,False,True,False,False,True,False,False,False,False,False,False,False,True,False,False,True,False,False,False,True,True,False,False,6,4,34,3,1,0,0,1,0,790,14,1,1.0,0,467,0.5911392405063292,1,0,1,0,18,26,0,10,0,10,5,0.0,0.0,114.0,412.67999999999995,True,critical,,,8,5,0,2,0.625,False,1,3,3,4,1,1,0.2,False,1,2,1.3333333333333333,5,0,0,True,0,2,0.0,1
472,Unic,0x94e0bab200000000000000000000000000000000,blockchain/contracts/collected/Unic_0x94e0bab2.sol,,manual,False,False,False,False,False,False,False,False,False,False,False,False,False,False,False,False,False,False,False,False,False,False,False,False,False,0,0,0,0,0,0,0,0,0,0,1,0,0.0,0,0,0.0,0,0,0,0,0,0,0,0,0,0,0,0.0,0.0,0.0,0.0,False,simple,VERSION_MISMATCH,"Version mismatch: Invalid compilation: 
Invalid solc compilation Error: Source file requires different compiler version (current compiler is 0.7.6+commit.7338295f.Linux.g++) - note that nightly builds are considered to be strictly less than the released version
   --> /home/motafeq/projects/chainguardian-ai/blockchain/contracts/collected/Unic_0x94e0bab2.sol:741:1:
    |
741 | pragma solidity 0.6.12;
    | ^^^^^^^^^^^^^^^^^^^^^^^

",0,0,0,0,0.0,False,0,0,0,0,0,0,0.0,False,0,0,0.0,0,0,0,False,0,0,0.0,0
473,NumeraireBackend,0x1776e1f200000000000000000000000000000000,blockchain/contracts/collected/NumeraireBackend_0x1776e1f2.sol,,manual,False,False,True,True,False,False,False,True,True,False,True,False,False,False,False,False,False,True,False,False,True,False,True,False,False,11,1,111,22,13,7,0,3,9,382,5,1,1.1818181818181819,0,83,0.21727748691099477,0,0,2,0,108,22,0,12,0,17,6,0.0,0.0,226.0,1640.4941176470588,True,critical,,,112,90,0,10,0.8035714285714286,False,19,26,22,46,1,13,0.22033898305084745,False,20,2,2.090909090909091,17,7,16,True,11,54,1.4545454545454546,19
474,SOLV,0x256f2d6700000000000000000000000000000000,blockchain/contracts/collected/SOLV_0x256f2d67,,manual,False,False,False,False,False,False,False,False,False,False,False,False,False,False,False,False,False,False,False,False,False,False,False,False,False,0,0,0,0,0,0,0,0,0,0,1,0,0.0,0,0,0.0,0,0,0,0,0,0,0,0,0,0,0,0.0,0.0,0.0,0.0,False,simple,IMPORT_ERROR,"External library imports: Invalid compilation: 
Invalid solc compilation Error: Source ""@openzeppelin/contracts/token/ERC20/ERC20.sol"" not found: File not found.
 --> /home/motafeq/projects/chainguardian-ai/blockchain/contracts/collected/SOLV_0x256f2d67/Solv.sol:5:1:
  |
5 | import '@openzeppelin/contracts/token/ERC20/ERC20.sol';
  | ^^^^^^^^^^^^^^^^^^^^^^^^^^^^^^^^^^^^^^^^^^^^^^^^^^^^^^^

",0,0,0,0,0.0,False,0,0,0,0,0,0,0.0,False,0,0,0.0,0,0,0,False,0,0,0.0,0
475,Token,0x91fbB25000000000000000000000000000000000,blockchain/contracts/collected/Token_0x91fbB250,,manual,False,False,False,False,False,False,False,False,False,False,False,False,False,False,False,False,False,False,False,False,False,False,False,False,False,0,0,0,0,0,0,0,0,0,0,1,0,0.0,0,0,0.0,0,0,0,0,0,0,0,0,0,0,0,0.0,0.0,0.0,0.0,False,simple,IMPORT_ERROR,"External library imports: Invalid compilation: 
Invalid solc compilation Error: Source ""blockchain/contracts/collected/Token_0x91fbB250/interfaces/IPair.sol"" not found: File not found. Searched the following locations: """".
 --> blockchain/contracts/collected/Token_0x91fbB250/Token.sol:4:1:
  |
4 | import ""./interfaces/IPair.sol"";
  | ^^^^^^^^^^^^^^^^^^^^^^^^^^^^^^^^

Error: Source ""blockchain/contracts/collected/Token_0x91fbB250/interfaces/IFactory.sol"" not found: File not found. Searched the following locations: """".
 --> blockchain/contracts/collected/Token_0x91fbB250/Token.sol:5:1:
  |
5 | import ""./interfaces/IFactory.sol"";
  | ^^^^^^^^^^^^^^^^^^^^^^^^^^^^^^^^^^^

Error: Source ""@openzeppelin/contracts/utils/Pausable.sol"" not found: File not found. Searched the following locations: """".
 --> blockchain/contracts/collected/Token_0x91fbB250/Token.sol:7:1:
  |
7 | import ""@openzeppelin/contracts/utils/Pausable.sol"";
  | ^^^^^^^^^^^^^^^^^^^^^^^^^^^^^^^^^^^^^^^^^^^^^^^^^^^^

Error: Source ""@openzeppelin/contracts/access/Ownable.sol"" not found: File not found. Searched the following locations: """".
 --> blockchain/contracts/collected/Token_0x91fbB250/Token.sol:8:1:
  |
8 | import ""@openzeppelin/contracts/access/Ownable.sol"";
  | ^^^^^^^^^^^^^^^^^^^^^^^^^^^^^^^^^^^^^^^^^^^^^^^^^^^^

Error: Source ""@openzeppelin/contracts/token/ERC20/extensions/ERC20Capped.sol"" not found: File not found. Searched the following locations: """".
 --> blockchain/contracts/collected/Token_0x91fbB250/Token.sol:9:1:
  |
9 | import ""@openzeppelin/contracts/token/ERC20/extensions/ERC20Capped.sol"";
  | ^^^^^^^^^^^^^^^^^^^^^^^^^^^^^^^^^^^^^^^^^^^^^^^^^^^^^^^^^^^^^^^^^^^^^^^^

Error: Source ""@openzeppelin/contracts/token/ERC20/extensions/ERC20Burnable.sol"" not found: File not found. Searched the following locations: """".
  --> blockchain/contracts/collected/Token_0x91fbB250/Token.sol:10:1:
   |
10 | import ""@openzeppelin/contracts/token/ERC20/extensions/ERC20Burnable.sol"";
   | ^^^^^^^^^^^^^^^^^^^^^^^^^",0,0,0,0,0.0,False,0,0,0,0,0,0,0.0,False,0,0,0.0,0,0,0,False,0,0,0.0,0
476,OrionToken,0x0258f47400000000000000000000000000000000,blockchain/contracts/collected/OrionToken_0x0258f474.sol,,manual,False,False,False,False,False,False,False,False,False,False,False,False,False,False,False,False,False,False,False,False,False,False,False,False,False,0,0,0,0,0,0,0,0,0,0,1,0,0.0,0,0,0.0,0,0,0,0,0,0,0,0,0,0,0,0.0,0.0,0.0,0.0,False,simple,COMPILATION_ERROR,"Compilation error: Invalid compilation: 
Invalid solc compilation /home/motafeq/projects/chainguardian-ai/blockchain/contracts/collected/OrionToken_0x0258f474.sol:1:1: Error: Expected pragma, import directive or contract/interface/library definition.
{""Context.sol"":{""content"":""pragma so ...
^
",0,0,0,0,0.0,False,0,0,0,0,0,0,0.0,False,0,0,0.0,0,0,0,False,0,0,0.0,0
477,UwU,0x55C08ca500000000000000000000000000000000,blockchain/contracts/collected/UwU_0x55C08ca5.sol,,manual,False,False,True,False,False,False,False,False,False,False,False,False,False,False,True,False,False,False,False,False,False,True,True,False,False,0,4,29,11,11,7,2,1,0,573,9,1,1.0,0,225,0.39267015706806285,0,11,2,0,9,24,0,4,0,7,4,0.0,0.0,49.0,180.60000000000002,True,critical,,,41,30,0,5,0.7317073170731707,False,2,11,11,14,2,11,0.44,False,8,3,1.2727272727272727,7,7,6,True,0,12,0.0,8
478,Proxy,0x7712c34200000000000000000000000000000000,blockchain/contracts/collected/Proxy_0x7712c342.sol,,manual,False,False,False,False,False,False,False,False,False,False,False,False,False,False,True,False,False,False,False,False,False,False,True,False,False,0,0,7,4,0,2,1,3,0,44,1,1,1.5,0,4,0.09090909090909091,0,0,0,0,5,2,0,0,0,4,2,0.0,0.0,7.0,11.2,False,moderate,,,29,26,0,17,0.896551724137931,False,0,6,4,12,1,0,0.0,False,4,0,3.0,12,2,2,True,0,2,0.0,2
479,Boring,0xbc19712f00000000000000000000000000000000,blockchain/contracts/collected/Boring_0xbc19712f,,manual,False,False,False,False,False,False,False,False,False,False,False,False,False,False,False,False,False,False,False,False,False,False,False,False,False,0,0,0,0,0,0,0,0,0,0,1,0,0.0,0,0,0.0,0,0,0,0,0,0,0,0,0,0,0,0.0,0.0,0.0,0.0,False,simple,IMPORT_ERROR,"External library imports: Invalid compilation: 
Invalid solc compilation Error: Source ""@openzeppelin/contracts/token/ERC20/extensions/ERC20Burnable.sol"" not found: File not found. Searched the following locations: """".
 --> blockchain/contracts/collected/Boring_0xbc19712f/Boring.sol:5:1:
  |
5 | import ""@openzeppelin/contracts/token/ERC20/extensions/ERC20Burnable.sol"";
  | ^^^^^^^^^^^^^^^^^^^^^^^^^^^^^^^^^^^^^^^^^^^^^^^^^^^^^^^^^^^^^^^^^^^^^^^^^^

Error: Source ""@openzeppelin/contracts/token/ERC20/IERC20.sol"" not found: File not found. Searched the following locations: """".
 --> blockchain/contracts/collected/Boring_0xbc19712f/Boring.sol:6:1:
  |
6 | import ""@openzeppelin/contracts/token/ERC20/IERC20.sol"";
  | ^^^^^^^^^^^^^^^^^^^^^^^^^^^^^^^^^^^^^^^^^^^^^^^^^^^^^^^^

Error: Source ""@openzeppelin/contracts/token/ERC20/utils/SafeERC20.sol"" not found: File not found. Searched the following locations: """".
 --> blockchain/contracts/collected/Boring_0xbc19712f/Boring.sol:7:1:
  |
7 | import ""@openzeppelin/contracts/token/ERC20/utils/SafeERC20.sol"";
  | ^^^^^^^^^^^^^^^^^^^^^^^^^^^^^^^^^^^^^^^^^^^^^^^^^^^^^^^^^^^^^^^^^

Error: Source ""@openzeppelin/contracts/access/Ownable.sol"" not found: File not found. Searched the following locations: """".
 --> blockchain/contracts/collected/Boring_0xbc19712f/Boring.sol:8:1:
  |
8 | import ""@openzeppelin/contracts/access/Ownable.sol"";
  | ^^^^^^^^^^^^^^^^^^^^^^^^^^^^^^^^^^^^^^^^^^^^^^^^^^^^

",0,0,0,0,0.0,False,0,0,0,0,0,0,0.0,False,0,0,0.0,0,0,0,False,0,0,0.0,0
480,TransparentUpgradeableProxy,0xc353bf0700000000000000000000000000000000,blockchain/contracts/collected/TransparentUpgradeableProxy_0xc353bf07,,manual,False,False,False,False,False,False,False,False,False,False,False,False,False,False,False,False,False,False,False,False,False,False,False,False,False,0,0,0,0,0,0,0,0,0,0,1,0,0.0,0,0,0.0,0,0,0,0,0,0,0,0,0,0,0,0.0,0.0,0.0,0.0,False,simple,IMPORT_ERROR,"File not found: Invalid compilation: 
Invalid solc compilation Error: Source ""blockchain/contracts/collected/ERC1967/ERC1967Proxy.sol"" not found: File not found. Searched the following locations: """".
 --> blockchain/contracts/collected/TransparentUpgradeableProxy_0xc353bf07/TransparentUpgradeableProxy.sol:5:1:
  |
5 | import ""../ERC1967/ERC1967Proxy.sol"";
  | ^^^^^^^^^^^^^^^^^^^^^^^^^^^^^^^^^^^^^

",0,0,0,0,0.0,False,0,0,0,0,0,0,0.0,False,0,0,0.0,0,0,0,False,0,0,0.0,0
481,DODOToken,0x43Dfc41500000000000000000000000000000000,blockchain/contracts/collected/DODOToken_0x43Dfc415.sol,,manual,False,False,False,False,False,False,False,False,False,False,False,False,False,False,False,False,False,False,False,False,False,False,True,False,False,0,0,7,7,5,6,0,1,0,134,2,1,1.0,0,51,0.3805970149253731,0,4,0,0,6,5,0,0,0,4,1,0.0,0.0,7.0,16.625,False,moderate,,,28,21,0,7,0.75,False,5,7,7,2,1,5,0.7142857142857143,False,6,1,0.2857142857142857,6,6,3,True,2,10,1.5,5
482,ENA,0x57e114b600000000000000000000000000000000,blockchain/contracts/collected/ENA_0x57e114b6,,manual,False,False,False,False,False,False,False,False,False,False,False,False,False,False,False,False,False,False,False,False,False,False,False,False,False,0,0,0,0,0,0,0,0,0,0,1,0,0.0,0,0,0.0,0,0,0,0,0,0,0,0,0,0,0,0.0,0.0,0.0,0.0,False,simple,IMPORT_ERROR,"External library imports: Invalid compilation: 
Invalid solc compilation Error: Source ""@openzeppelin/contracts/token/ERC20/ERC20.sol"" not found: File not found. Searched the following locations: """".
 --> blockchain/contracts/collected/ENA_0x57e114b6/ENA.sol:4:1:
  |
4 | import ""@openzeppelin/contracts/token/ERC20/ERC20.sol"";
  | ^^^^^^^^^^^^^^^^^^^^^^^^^^^^^^^^^^^^^^^^^^^^^^^^^^^^^^^

Error: Source ""@openzeppelin/contracts/token/ERC20/extensions/ERC20Burnable.sol"" not found: File not found. Searched the following locations: """".
 --> blockchain/contracts/collected/ENA_0x57e114b6/ENA.sol:5:1:
  |
5 | import ""@openzeppelin/contracts/token/ERC20/extensions/ERC20Burnable.sol"";
  | ^^^^^^^^^^^^^^^^^^^^^^^^^^^^^^^^^^^^^^^^^^^^^^^^^^^^^^^^^^^^^^^^^^^^^^^^^^

Error: Source ""@openzeppelin/contracts/token/ERC20/extensions/ERC20Permit.sol"" not found: File not found. Searched the following locations: """".
 --> blockchain/contracts/collected/ENA_0x57e114b6/ENA.sol:6:1:
  |
6 | import ""@openzeppelin/contracts/token/ERC20/extensions/ERC20Permit.sol"";
  | ^^^^^^^^^^^^^^^^^^^^^^^^^^^^^^^^^^^^^^^^^^^^^^^^^^^^^^^^^^^^^^^^^^^^^^^^

Error: Source ""@openzeppelin/contracts/access/Ownable2Step.sol"" not found: File not found. Searched the following locations: """".
 --> blockchain/contracts/collected/ENA_0x57e114b6/ENA.sol:7:1:
  |
7 | import ""@openzeppelin/contracts/access/Ownable2Step.sol"";
  | ^^^^^^^^^^^^^^^^^^^^^^^^^^^^^^^^^^^^^^^^^^^^^^^^^^^^^^^^^

Error: Source ""blockchain/contracts/collected/ENA_0x57e114b6/interfaces/IENADefinitions.sol"" not found: File not found. Searched the following locations: """".
 --> blockchain/contracts/collected/ENA_0x57e114b6/ENA.sol:8:1:
  |
8 | import ""./interfaces/IENADefinitions.sol"";
  | ^^^^^^^^^^^^^^^^^^^^^^^^^^^^^^^^^^^^^^^^^^

",0,0,0,0,0.0,False,0,0,0,0,0,0,0.0,False,0,0,0.0,0,0,0,False,0,0,0.0,0
483,TransparentUpgradeableProxy,0x3b6564b500000000000000000000000000000000,blockchain/contracts/collected/TransparentUpgradeableProxy_0x3b6564b5,,manual,False,False,False,False,False,False,False,False,False,False,False,False,False,False,False,False,False,False,False,False,False,False,False,False,False,0,0,0,0,0,0,0,0,0,0,1,0,0.0,0,0,0.0,0,0,0,0,0,0,0,0,0,0,0,0.0,0.0,0.0,0.0,False,simple,IMPORT_ERROR,"File not found: Invalid compilation: 
Invalid solc compilation Error: Source ""blockchain/contracts/collected/ERC1967/ERC1967Proxy.sol"" not found: File not found. Searched the following locations: """".
 --> blockchain/contracts/collected/TransparentUpgradeableProxy_0x3b6564b5/TransparentUpgradeableProxy.sol:6:1:
  |
6 | import ""../ERC1967/ERC1967Proxy.sol"";
  | ^^^^^^^^^^^^^^^^^^^^^^^^^^^^^^^^^^^^^

",0,0,0,0,0.0,False,0,0,0,0,0,0,0.0,False,0,0,0.0,0,0,0,False,0,0,0.0,0
484,FRAXShares,0x3432b6a600000000000000000000000000000000,blockchain/contracts/collected/FRAXShares_0x3432b6a6.sol,,manual,False,False,False,False,False,False,False,False,False,False,False,False,False,False,False,False,False,False,False,False,False,False,False,False,False,0,0,0,0,0,0,0,0,0,0,1,0,0.0,0,0,0.0,0,0,0,0,0,0,0,0,0,0,0,0.0,0.0,0.0,0.0,False,simple,COMPILATION_ERROR,"Compilation error: Invalid compilation: 
Invalid solc compilation Error: Expected pragma, import directive or contract/interface/library/struct/enum definition.
 --> /home/motafeq/projects/chainguardian-ai/blockchain/contracts/collected/FRAXShares_0x3432b6a6.sol:1:1:
  |
1 | {""AccessControl.sol"":{""content"":""//  ...
  | ^

",0,0,0,0,0.0,False,0,0,0,0,0,0,0.0,False,0,0,0.0,0,0,0,False,0,0,0.0,0
485,BDPToken,0xf3dcbc6d00000000000000000000000000000000,blockchain/contracts/collected/BDPToken_0xf3dcbc6d.sol,,manual,False,False,False,False,False,False,False,False,False,False,False,False,False,False,False,False,False,False,False,False,False,False,False,False,False,0,0,0,0,0,0,0,0,0,0,1,0,0.0,0,0,0.0,0,0,0,0,0,0,0,0,0,0,0,0.0,0.0,0.0,0.0,False,simple,VERSION_MISMATCH,"Version mismatch: Invalid compilation: 
Invalid solc compilation Error: Source file requires different compiler version (current compiler is 0.7.6+commit.7338295f.Linux.g++) - note that nightly builds are considered to be strictly less than the released version
   --> /home/motafeq/projects/chainguardian-ai/blockchain/contracts/collected/BDPToken_0xf3dcbc6d.sol:702:1:
    |
702 | pragma solidity 0.6.12;
    | ^^^^^^^^^^^^^^^^^^^^^^^

",0,0,0,0,0.0,False,0,0,0,0,0,0,0.0,False,0,0,0.0,0,0,0,False,0,0,0.0,0
486,XaveToken,0x40370aed00000000000000000000000000000000,blockchain/contracts/collected/XaveToken_0x40370aed,,manual,False,False,False,False,False,False,False,False,False,False,False,False,False,False,False,False,False,False,False,False,False,False,False,False,False,0,0,0,0,0,0,0,0,0,0,1,0,0.0,0,0,0.0,0,0,0,0,0,0,0,0,0,0,0,0.0,0.0,0.0,0.0,False,simple,VERSION_MISMATCH,"Version mismatch: Invalid compilation: 
Invalid solc compilation Error: Source file requires different compiler version (current compiler is 0.6.12+commit.27d51765.Linux.g++) - note that nightly builds are considered to be strictly less than the released version
    --> /home/motafeq/projects/chainguardian-ai/blockchain/contracts/collected/XaveToken_0x40370aed/XaveToken.sol:1399:1:
     |
1399 | pragma solidity =0.6.8;
     | ^^^^^^^^^^^^^^^^^^^^^^^

",0,0,0,0,0.0,False,0,0,0,0,0,0,0.0,False,0,0,0.0,0,0,0,False,0,0,0.0,0
487,BosonToken,0xc477d03800000000000000000000000000000000,blockchain/contracts/collected/BosonToken_0xc477d038,,manual,False,False,False,False,False,False,False,False,False,False,False,False,False,False,False,False,False,False,False,False,False,False,False,False,False,0,0,0,0,0,0,0,0,0,0,1,0,0.0,0,0,0.0,0,0,0,0,0,0,0,0,0,0,0,0.0,0.0,0.0,0.0,False,simple,IMPORT_ERROR,"External library imports: Invalid compilation: 
Invalid solc compilation Error: Source ""@openzeppelin/contracts/access/AccessControl.sol"" not found: File not found.
 --> /home/motafeq/projects/chainguardian-ai/blockchain/contracts/collected/BosonToken_0xc477d038/BosonToken.sol:5:1:
  |
5 | import ""@openzeppelin/contracts/access/AccessControl.sol"";
  | ^^^^^^^^^^^^^^^^^^^^^^^^^^^^^^^^^^^^^^^^^^^^^^^^^^^^^^^^^^

Error: Source ""@openzeppelin/contracts/math/SafeMath.sol"" not found: File not found.
 --> /home/motafeq/projects/chainguardian-ai/blockchain/contracts/collected/BosonToken_0xc477d038/ERC20Permit.sol:5:1:
  |
5 | import ""@openzeppelin/contracts/math/SafeMath.sol"";
  | ^^^^^^^^^^^^^^^^^^^^^^^^^^^^^^^^^^^^^^^^^^^^^^^^^^^

Error: Source ""@openzeppelin/contracts/utils/Pausable.sol"" not found: File not found.
 --> /home/motafeq/projects/chainguardian-ai/blockchain/contracts/collected/BosonToken_0xc477d038/ERC20Permit.sol:6:1:
  |
6 | import ""@openzeppelin/contracts/utils/Pausable.sol"";
  | ^^^^^^^^^^^^^^^^^^^^^^^^^^^^^^^^^^^^^^^^^^^^^^^^^^^^

",0,0,0,0,0.0,False,0,0,0,0,0,0,0.0,False,0,0,0.0,0,0,0,False,0,0,0.0,0
488,PUFFER,0x4d1c297d00000000000000000000000000000000,blockchain/contracts/collected/PUFFER_0x4d1c297d,,manual,False,False,False,False,False,False,False,False,False,False,False,False,False,False,False,False,False,False,False,False,False,False,False,False,False,0,0,0,0,0,0,0,0,0,0,1,0,0.0,0,0,0.0,0,0,0,0,0,0,0,0,0,0,0,0.0,0.0,0.0,0.0,False,simple,IMPORT_ERROR,"External library imports: Invalid compilation: 
Invalid solc compilation Error: Source ""@openzeppelin/contracts/token/ERC20/ERC20.sol"" not found: File not found. Searched the following locations: """".
 --> blockchain/contracts/collected/PUFFER_0x4d1c297d/PUFFER.sol:4:1:
  |
4 | import { ERC20 } from ""@openzeppelin/contracts/token/ERC20/ERC20.sol"";
  | ^^^^^^^^^^^^^^^^^^^^^^^^^^^^^^^^^^^^^^^^^^^^^^^^^^^^^^^^^^^^^^^^^^^^^^

Error: Source ""@openzeppelin/contracts/token/ERC20/extensions/ERC20Permit.sol"" not found: File not found. Searched the following locations: """".
 --> blockchain/contracts/collected/PUFFER_0x4d1c297d/PUFFER.sol:5:1:
  |
5 | import { ERC20Permit } from ""@openzeppelin/contracts/token/ERC20/extensions/ERC20Permit.sol"";
  | ^^^^^^^^^^^^^^^^^^^^^^^^^^^^^^^^^^^^^^^^^^^^^^^^^^^^^^^^^^^^^^^^^^^^^^^^^^^^^^^^^^^^^^^^^^^^^

Error: Source ""@openzeppelin/contracts/token/ERC20/extensions/ERC20Votes.sol"" not found: File not found. Searched the following locations: """".
 --> blockchain/contracts/collected/PUFFER_0x4d1c297d/PUFFER.sol:6:1:
  |
6 | import { ERC20Votes } from ""@openzeppelin/contracts/token/ERC20/extensions/ERC20Votes.sol"";
  | ^^^^^^^^^^^^^^^^^^^^^^^^^^^^^^^^^^^^^^^^^^^^^^^^^^^^^^^^^^^^^^^^^^^^^^^^^^^^^^^^^^^^^^^^^^^

Error: Source ""@openzeppelin/contracts/utils/Pausable.sol"" not found: File not found. Searched the following locations: """".
 --> blockchain/contracts/collected/PUFFER_0x4d1c297d/PUFFER.sol:7:1:
  |
7 | import { Pausable } from ""@openzeppelin/contracts/utils/Pausable.sol"";
  | ^^^^^^^^^^^^^^^^^^^^^^^^^^^^^^^^^^^^^^^^^^^^^^^^^^^^^^^^^^^^^^^^^^^^^^

Error: Source ""@openzeppelin/contracts/access/Ownable.sol"" not found: File not found. Searched the following locations: """".
 --> blockchain/contracts/collected/PUFFER_0x4d1c297d/PUFFER.sol:8:1:
  |
8 | import { Ownable } from ""@openzeppelin/contracts/access/Ownable.sol"";
  | ^^^^^^^^^^^^^^^^^^^^^^^^^^^^^^^^^^^^^^^^^^^^^^^^^^^^^^^^^^^^^^^^^^^^^

Error: Source ""@openzeppelin/contracts/utils/types/Tim",0,0,0,0,0.0,False,0,0,0,0,0,0,0.0,False,0,0,0.0,0,0,0,False,0,0,0.0,0
489,Gamma,0x6bea7cfe00000000000000000000000000000000,blockchain/contracts/collected/Gamma_0x6bea7cfe,,manual,False,False,False,False,False,False,False,False,False,False,False,False,False,False,False,False,False,False,False,False,False,False,False,False,False,0,0,0,0,0,0,0,0,0,0,1,0,0.0,0,0,0.0,0,0,0,0,0,0,0,0,0,0,0,0.0,0.0,0.0,0.0,False,simple,IMPORT_ERROR,"External library imports: Invalid compilation: 
Invalid solc compilation Error: Source ""@openzeppelin/contracts/drafts/ERC20Permit.sol"" not found: File not found.
 --> /home/motafeq/projects/chainguardian-ai/blockchain/contracts/collected/Gamma_0x6bea7cfe/Gamma.sol:5:1:
  |
5 | import ""@openzeppelin/contracts/drafts/ERC20Permit.sol"";
  | ^^^^^^^^^^^^^^^^^^^^^^^^^^^^^^^^^^^^^^^^^^^^^^^^^^^^^^^^

Error: Source ""@openzeppelin/contracts/token/ERC20/ERC20Snapshot.sol"" not found: File not found.
 --> /home/motafeq/projects/chainguardian-ai/blockchain/contracts/collected/Gamma_0x6bea7cfe/Gamma.sol:6:1:
  |
6 | import ""@openzeppelin/contracts/token/ERC20/ERC20Snapshot.sol"";
  | ^^^^^^^^^^^^^^^^^^^^^^^^^^^^^^^^^^^^^^^^^^^^^^^^^^^^^^^^^^^^^^^

",0,0,0,0,0.0,False,0,0,0,0,0,0,0.0,False,0,0,0.0,0,0,0,False,0,0,0.0,0
490,BLUSDToken,0xB9D7DdDc00000000000000000000000000000000,blockchain/contracts/collected/BLUSDToken_0xB9D7DdDc,,manual,False,False,False,False,False,False,False,False,False,False,False,False,False,False,False,False,False,False,False,False,False,False,False,False,False,0,0,0,0,0,0,0,0,0,0,1,0,0.0,0,0,0.0,0,0,0,0,0,0,0,0,0,0,0,0.0,0.0,0.0,0.0,False,simple,IMPORT_ERROR,"File not found: Invalid compilation: 
Invalid solc compilation Error: Source ""openzeppelin-contracts/contracts/access/Ownable.sol"" not found: File not found. Searched the following locations: """".
 --> blockchain/contracts/collected/BLUSDToken_0xB9D7DdDc/BLUSDToken.sol:4:1:
  |
4 | import ""openzeppelin-contracts/contracts/access/Ownable.sol"";
  | ^^^^^^^^^^^^^^^^^^^^^^^^^^^^^^^^^^^^^^^^^^^^^^^^^^^^^^^^^^^^^

Error: Source ""openzeppelin-contracts/contracts/token/ERC20/ERC20.sol"" not found: File not found. Searched the following locations: """".
 --> blockchain/contracts/collected/BLUSDToken_0xB9D7DdDc/BLUSDToken.sol:5:1:
  |
5 | import ""openzeppelin-contracts/contracts/token/ERC20/ERC20.sol"";
  | ^^^^^^^^^^^^^^^^^^^^^^^^^^^^^^^^^^^^^^^^^^^^^^^^^^^^^^^^^^^^^^^^

",0,0,0,0,0.0,False,0,0,0,0,0,0,0.0,False,0,0,0.0,0,0,0,False,0,0,0.0,0
491,ERC1967Proxy,0x7714678400000000000000000000000000000000,blockchain/contracts/collected/ERC1967Proxy_0x77146784,,manual,False,False,False,False,False,False,False,False,False,False,False,False,False,False,False,False,False,False,False,False,False,False,False,False,False,0,0,0,0,0,0,0,0,0,0,1,0,0.0,0,0,0.0,0,0,0,0,0,0,0,0,0,0,0,0.0,0.0,0.0,0.0,False,simple,IMPORT_ERROR,"File not found: Invalid compilation: 
Invalid solc compilation Error: Source ""blockchain/contracts/collected/Proxy.sol"" not found: File not found. Searched the following locations: """".
 --> blockchain/contracts/collected/ERC1967Proxy_0x77146784/ERC1967Proxy.sol:6:1:
  |
6 | import {Proxy} from ""../Proxy.sol"";
  | ^^^^^^^^^^^^^^^^^^^^^^^^^^^^^^^^^^^

Error: Source ""blockchain/contracts/collected/beacon/IBeacon.sol"" not found: File not found. Searched the following locations: """".
 --> blockchain/contracts/collected/ERC1967Proxy_0x77146784/ERC1967Utils.sol:6:1:
  |
6 | import {IBeacon} from ""../beacon/IBeacon.sol"";
  | ^^^^^^^^^^^^^^^^^^^^^^^^^^^^^^^^^^^^^^^^^^^^^^

Error: Source ""blockchain/contracts/interfaces/IERC1967.sol"" not found: File not found. Searched the following locations: """".
 --> blockchain/contracts/collected/ERC1967Proxy_0x77146784/ERC1967Utils.sol:7:1:
  |
7 | import {IERC1967} from ""../../interfaces/IERC1967.sol"";
  | ^^^^^^^^^^^^^^^^^^^^^^^^^^^^^^^^^^^^^^^^^^^^^^^^^^^^^^^

Error: Source ""blockchain/contracts/utils/Address.sol"" not found: File not found. Searched the following locations: """".
 --> blockchain/contracts/collected/ERC1967Proxy_0x77146784/ERC1967Utils.sol:8:1:
  |
8 | import {Address} from ""../../utils/Address.sol"";
  | ^^^^^^^^^^^^^^^^^^^^^^^^^^^^^^^^^^^^^^^^^^^^^^^^

Error: Source ""blockchain/contracts/utils/StorageSlot.sol"" not found: File not found. Searched the following locations: """".
 --> blockchain/contracts/collected/ERC1967Proxy_0x77146784/ERC1967Utils.sol:9:1:
  |
9 | import {StorageSlot} from ""../../utils/StorageSlot.sol"";
  | ^^^^^^^^^^^^^^^^^^^^^^^^^^^^^^^^^^^^^^^^^^^^^^^^^^^^^^^^

",0,0,0,0,0.0,False,0,0,0,0,0,0,0.0,False,0,0,0.0,0,0,0,False,0,0,0.0,0
492,AjnaToken,0x9a96ec9b00000000000000000000000000000000,blockchain/contracts/collected/AjnaToken_0x9a96ec9b,,manual,False,False,False,False,False,False,False,False,False,False,False,False,False,False,False,False,False,False,False,False,False,False,True,False,False,0,0,2,0,0,0,0,0,0,0,1,0,0.0,0,0,0.0,0,0,0,0,2,0,0,0,0,1,1,0.0,0.0,2.0,4.0,False,simple,,,0,0,0,0,0.0,False,0,0,0,0,0,0,0.0,False,0,0,0.0,0,0,0,False,0,0,0.0,0
493,Uni,0x1f9840a800000000000000000000000000000000,blockchain/contracts/collected/Uni_0x1f9840a8.sol,,manual,False,False,True,False,False,False,False,False,False,False,False,False,False,False,True,False,False,False,False,False,False,False,True,False,False,0,1,15,24,10,17,0,14,0,493,2,1,2.3333333333333335,2,229,0.4645030425963489,0,3,0,0,4,12,0,1,0,6,3,0.0,0.0,20.0,41.33333333333333,True,complex,,,176,163,2,19,0.9261363636363636,True,19,56,24,42,4,10,0.19230769230769232,False,13,11,1.75,10,17,10,True,0,55,0.0,21
494,AsfToken,0x59a5290700000000000000000000000000000000,blockchain/contracts/collected/AsfToken_0x59a52907,,manual,False,False,False,False,False,False,False,False,False,False,False,False,False,False,False,False,False,False,False,False,False,False,False,False,False,0,0,0,0,0,0,0,0,0,0,1,0,0.0,0,0,0.0,0,0,0,0,0,0,0,0,0,0,0,0.0,0.0,0.0,0.0,False,simple,IMPORT_ERROR,"External library imports: Invalid compilation: 
Invalid solc compilation Error: Source ""@openzeppelin/contracts/token/ERC20/ERC20.sol"" not found: File not found. Searched the following locations: """".
 --> blockchain/contracts/collected/AsfToken_0x59a52907/AsfToken.sol:4:1:
  |
4 | import {ERC20} from ""@openzeppelin/contracts/token/ERC20/ERC20.sol"";
  | ^^^^^^^^^^^^^^^^^^^^^^^^^^^^^^^^^^^^^^^^^^^^^^^^^^^^^^^^^^^^^^^^^^^^

Error: Source ""@openzeppelin/contracts/access/Ownable.sol"" not found: File not found. Searched the following locations: """".
 --> blockchain/contracts/collected/AsfToken_0x59a52907/AsfToken.sol:5:1:
  |
5 | import {Ownable} from ""@openzeppelin/contracts/access/Ownable.sol"";
  | ^^^^^^^^^^^^^^^^^^^^^^^^^^^^^^^^^^^^^^^^^^^^^^^^^^^^^^^^^^^^^^^^^^^

",0,0,0,0,0.0,False,0,0,0,0,0,0,0.0,False,0,0,0.0,0,0,0,False,0,0,0.0,0
495,TransparentUpgradeableProxy,0x2593386500000000000000000000000000000000,blockchain/contracts/collected/TransparentUpgradeableProxy_0x25933865,,manual,False,False,False,False,False,False,False,False,False,False,False,False,False,False,False,False,False,False,False,False,False,False,False,False,False,0,0,0,0,0,0,0,0,0,0,1,0,0.0,0,0,0.0,0,0,0,0,0,0,0,0,0,0,0,0.0,0.0,0.0,0.0,False,simple,IMPORT_ERROR,"File not found: Invalid compilation: 
Invalid solc compilation Error: Source ""blockchain/contracts/collected/ERC1967/ERC1967Utils.sol"" not found: File not found. Searched the following locations: """".
 --> blockchain/contracts/collected/TransparentUpgradeableProxy_0x25933865/TransparentUpgradeableProxy.sol:6:1:
  |
6 | import {ERC1967Utils} from ""../ERC1967/ERC1967Utils.sol"";
  | ^^^^^^^^^^^^^^^^^^^^^^^^^^^^^^^^^^^^^^^^^^^^^^^^^^^^^^^^^

Error: Source ""blockchain/contracts/collected/ERC1967/ERC1967Proxy.sol"" not found: File not found. Searched the following locations: """".
 --> blockchain/contracts/collected/TransparentUpgradeableProxy_0x25933865/TransparentUpgradeableProxy.sol:7:1:
  |
7 | import {ERC1967Proxy} from ""../ERC1967/ERC1967Proxy.sol"";
  | ^^^^^^^^^^^^^^^^^^^^^^^^^^^^^^^^^^^^^^^^^^^^^^^^^^^^^^^^^

Error: Source ""blockchain/contracts/interfaces/IERC1967.sol"" not found: File not found. Searched the following locations: """".
 --> blockchain/contracts/collected/TransparentUpgradeableProxy_0x25933865/TransparentUpgradeableProxy.sol:8:1:
  |
8 | import {IERC1967} from ""../../interfaces/IERC1967.sol"";
  | ^^^^^^^^^^^^^^^^^^^^^^^^^^^^^^^^^^^^^^^^^^^^^^^^^^^^^^^

Error: Source ""blockchain/contracts/access/Ownable.sol"" not found: File not found. Searched the following locations: """".
 --> blockchain/contracts/collected/TransparentUpgradeableProxy_0x25933865/ProxyAdmin.sol:7:1:
  |
7 | import {Ownable} from ""../../access/Ownable.sol"";
  | ^^^^^^^^^^^^^^^^^^^^^^^^^^^^^^^^^^^^^^^^^^^^^^^^^

",0,0,0,0,0.0,False,0,0,0,0,0,0,0.0,False,0,0,0.0,0,0,0,False,0,0,0.0,0
496,MaverickToken,0x7448c74500000000000000000000000000000000,blockchain/contracts/collected/MaverickToken_0x7448c745,,manual,False,False,False,False,False,False,False,False,False,False,False,False,False,False,False,False,False,False,False,False,False,False,False,False,False,0,0,0,0,0,0,0,0,0,0,1,0,0.0,0,0,0.0,0,0,0,0,0,0,0,0,0,0,0,0.0,0.0,0.0,0.0,False,simple,IMPORT_ERROR,"File not found: Invalid compilation: 
Invalid solc compilation Error: Source ""@layerzerolabs/solidity-examples/contracts/token/oft/OFT.sol"" not found: File not found. Searched the following locations: """".
 --> blockchain/contracts/collected/MaverickToken_0x7448c745/MaverickToken.sol:4:1:
  |
4 | import {OFT} from ""@layerzerolabs/solidity-examples/contracts/token/oft/OFT.sol"";
  | ^^^^^^^^^^^^^^^^^^^^^^^^^^^^^^^^^^^^^^^^^^^^^^^^^^^^^^^^^^^^^^^^^^^^^^^^^^^^^^^^^

",0,0,0,0,0.0,False,0,0,0,0,0,0,0.0,False,0,0,0.0,0,0,0,False,0,0,0.0,0
497,HFT,0xb3999f6500000000000000000000000000000000,blockchain/contracts/collected/HFT_0xb3999f65.sol,,manual,False,False,True,False,False,False,False,False,False,False,False,False,False,False,True,False,False,False,False,False,False,False,True,False,False,0,1,17,28,10,17,0,14,0,790,2,1,2.142857142857143,2,250,0.31645569620253167,0,3,0,0,4,14,0,1,0,5,3,0.0,0.0,22.0,60.72,True,complex,,,193,176,2,19,0.9119170984455959,True,21,60,28,47,4,10,0.17543859649122806,False,16,12,1.6785714285714286,10,17,11,True,0,62,0.0,25
498,LienToken,0xab37e13500000000000000000000000000000000,blockchain/contracts/collected/LienToken_0xab37e135.sol,,manual,False,False,False,False,False,False,False,False,False,False,False,False,False,False,False,False,False,False,False,False,False,False,False,False,False,0,0,0,0,0,0,0,0,0,0,1,0,0.0,0,0,0.0,0,0,0,0,0,0,0,0,0,0,0,0.0,0.0,0.0,0.0,False,simple,VERSION_MISMATCH,"Version mismatch: Invalid compilation: 
Invalid solc compilation Error: Source file requires different compiler version (current compiler is 0.6.12+commit.27d51765.Linux.g++) - note that nightly builds are considered to be strictly less than the released version
   --> /home/motafeq/projects/chainguardian-ai/blockchain/contracts/collected/LienToken_0xab37e135.sol:916:1:
    |
916 | pragma solidity 0.6.5;
    | ^^^^^^^^^^^^^^^^^^^^^^

",0,0,0,0,0.0,False,0,0,0,0,0,0,0.0,False,0,0,0.0,0,0,0,False,0,0,0.0,0
499,Frankencoin,0xB58E61C300000000000000000000000000000000,blockchain/contracts/collected/Frankencoin_0xB58E61C3,,manual,False,False,False,False,False,False,False,False,False,False,False,False,False,False,False,False,False,False,False,False,False,False,False,False,False,0,0,0,0,0,0,0,0,0,0,1,0,0.0,0,0,0.0,0,0,0,0,0,0,0,0,0,0,0,0.0,0.0,0.0,0.0,False,simple,IMPORT_ERROR,"File not found: Invalid compilation: 
Invalid solc compilation Error: Source ""blockchain/contracts/collected/Frankencoin_0xB58E61C3/utils/ERC20PermitLight.sol"" not found: File not found. Searched the following locations: """".
 --> blockchain/contracts/collected/Frankencoin_0xB58E61C3/Frankencoin.sol:4:1:
  |
4 | import ""./utils/ERC20PermitLight.sol"";
  | ^^^^^^^^^^^^^^^^^^^^^^^^^^^^^^^^^^^^^^

Error: Source ""blockchain/contracts/collected/Frankencoin_0xB58E61C3/interface/IReserve.sol"" not found: File not found. Searched the following locations: """".
 --> blockchain/contracts/collected/Frankencoin_0xB58E61C3/Frankencoin.sol:6:1:
  |
6 | import ""./interface/IReserve.sol"";
  | ^^^^^^^^^^^^^^^^^^^^^^^^^^^^^^^^^^

Error: Source ""blockchain/contracts/collected/Frankencoin_0xB58E61C3/interface/IFrankencoin.sol"" not found: File not found. Searched the following locations: """".
 --> blockchain/contracts/collected/Frankencoin_0xB58E61C3/Frankencoin.sol:7:1:
  |
7 | import ""./interface/IFrankencoin.sol"";
  | ^^^^^^^^^^^^^^^^^^^^^^^^^^^^^^^^^^^^^^

Error: Source ""blockchain/contracts/collected/Frankencoin_0xB58E61C3/utils/MathUtil.sol"" not found: File not found. Searched the following locations: """".
 --> blockchain/contracts/collected/Frankencoin_0xB58E61C3/Equity.sol:6:1:
  |
6 | import ""./utils/MathUtil.sol"";
  | ^^^^^^^^^^^^^^^^^^^^^^^^^^^^^^

Error: Source ""blockchain/contracts/collected/Frankencoin_0xB58E61C3/interface/IReserve.sol"" not found: File not found. Searched the following locations: """".
 --> blockchain/contracts/collected/Frankencoin_0xB58E61C3/Equity.sol:7:1:
  |
7 | import ""./interface/IReserve.sol"";
  | ^^^^^^^^^^^^^^^^^^^^^^^^^^^^^^^^^^

Error: Source ""blockchain/contracts/collected/Frankencoin_0xB58E61C3/interface/IERC677Receiver.sol"" not found: File not found. Searched the following locations: """".
 --> blockchain/contracts/collected/Frankencoin_0xB58E61C3/Equity.sol:8:1:
  |
8 | import ""./interface/IERC677Receiver.sol"";
  | ^^^^^^^^^^^^^^^^^^^^^^^^^^^^^^^^^^^^",0,0,0,0,0.0,False,0,0,0,0,0,0,0.0,False,0,0,0.0,0,0,0,False,0,0,0.0,0
500,SirenToken,0xD23Ac27100000000000000000000000000000000,blockchain/contracts/collected/SirenToken_0xD23Ac271.sol,,manual,False,False,True,False,False,False,False,False,False,False,False,False,False,False,True,False,False,False,False,False,False,False,True,False,False,0,1,6,20,3,12,0,14,0,396,2,1,2.5,2,95,0.2398989898989899,0,0,0,0,6,1,0,1,0,5,3,0.0,0.0,11.0,14.74,True,moderate,,,143,133,2,19,0.9300699300699301,True,19,50,20,30,4,3,0.09090909090909091,False,10,10,1.5,10,12,7,True,0,43,0.0,18
501,Vyper_contract,0xD533a94900000000000000000000000000000000,blockchain/contracts/collected/Vyper_contract_0xD533a949.sol,,manual,False,False,False,False,False,False,False,False,False,False,False,False,False,False,False,False,False,False,False,False,False,False,False,False,False,0,0,0,0,0,0,0,0,0,0,1,0,0.0,0,0,0.0,0,0,0,0,0,0,0,0,0,0,0,0.0,0.0,0.0,0.0,False,simple,COMPILATION_ERROR,"Compilation error: Invalid compilation: 
Invalid solc compilation Error: Expected pragma, import directive or contract/interface/library/struct/enum/constant/function/error definition.
 --> blockchain/contracts/collected/Vyper_contract_0xD533a949.sol:1:1:
  |
1 | # @version 0.2.4
  | ^

",0,0,0,0,0.0,False,0,0,0,0,0,0,0.0,False,0,0,0.0,0,0,0,False,0,0,0.0,0
502,InsureToken,0xd83ae04c00000000000000000000000000000000,blockchain/contracts/collected/InsureToken_0xd83ae04c,,manual,False,False,False,False,False,False,False,False,False,False,False,False,False,False,False,False,False,False,False,False,False,False,False,False,False,0,0,0,0,0,0,0,0,0,0,1,0,0.0,0,0,0.0,0,0,0,0,0,0,0,0,0,0,0,0.0,0.0,0.0,0.0,False,simple,IMPORT_ERROR,"External library imports: Invalid compilation: 
Invalid solc compilation Error: Source ""@openzeppelin/contracts/token/ERC20/IERC20.sol"" not found: File not found.
  --> blockchain/contracts/collected/InsureToken_0xd83ae04c/InsureToken.sol:11:1:
   |
11 | import ""@openzeppelin/contracts/token/ERC20/IERC20.sol"";
   | ^^^^^^^^^^^^^^^^^^^^^^^^^^^^^^^^^^^^^^^^^^^^^^^^^^^^^^^^

Error: Source ""blockchain/contracts/collected/InsureToken_0xd83ae04c/interfaces/pool/IOwnership.sol"" not found: File not found.
  --> blockchain/contracts/collected/InsureToken_0xd83ae04c/InsureToken.sol:12:1:
   |
12 | import ""./interfaces/pool/IOwnership.sol"";
   | ^^^^^^^^^^^^^^^^^^^^^^^^^^^^^^^^^^^^^^^^^^

",0,0,0,0,0.0,False,0,0,0,0,0,0,0.0,False,0,0,0.0,0,0,0,False,0,0,0.0,0
503,TransparentUpgradeableProxy,0xb1d1eae600000000000000000000000000000000,blockchain/contracts/collected/TransparentUpgradeableProxy_0xb1d1eae6,,manual,False,False,False,False,False,False,False,False,False,False,False,False,False,False,False,False,False,False,False,False,False,False,False,False,False,0,0,0,0,0,0,0,0,0,0,1,0,0.0,0,0,0.0,0,0,0,0,0,0,0,0,0,0,0,0.0,0.0,0.0,0.0,False,simple,IMPORT_ERROR,"File not found: Invalid compilation: 
Invalid solc compilation Error: Source ""blockchain/contracts/collected/ERC1967/ERC1967Utils.sol"" not found: File not found. Searched the following locations: """".
 --> blockchain/contracts/collected/TransparentUpgradeableProxy_0xb1d1eae6/TransparentUpgradeableProxy.sol:6:1:
  |
6 | import {ERC1967Utils} from ""../ERC1967/ERC1967Utils.sol"";
  | ^^^^^^^^^^^^^^^^^^^^^^^^^^^^^^^^^^^^^^^^^^^^^^^^^^^^^^^^^

Error: Source ""blockchain/contracts/collected/ERC1967/ERC1967Proxy.sol"" not found: File not found. Searched the following locations: """".
 --> blockchain/contracts/collected/TransparentUpgradeableProxy_0xb1d1eae6/TransparentUpgradeableProxy.sol:7:1:
  |
7 | import {ERC1967Proxy} from ""../ERC1967/ERC1967Proxy.sol"";
  | ^^^^^^^^^^^^^^^^^^^^^^^^^^^^^^^^^^^^^^^^^^^^^^^^^^^^^^^^^

Error: Source ""blockchain/contracts/interfaces/IERC1967.sol"" not found: File not found. Searched the following locations: """".
 --> blockchain/contracts/collected/TransparentUpgradeableProxy_0xb1d1eae6/TransparentUpgradeableProxy.sol:8:1:
  |
8 | import {IERC1967} from ""../../interfaces/IERC1967.sol"";
  | ^^^^^^^^^^^^^^^^^^^^^^^^^^^^^^^^^^^^^^^^^^^^^^^^^^^^^^^

Error: Source ""blockchain/contracts/access/Ownable.sol"" not found: File not found. Searched the following locations: """".
 --> blockchain/contracts/collected/TransparentUpgradeableProxy_0xb1d1eae6/ProxyAdmin.sol:7:1:
  |
7 | import {Ownable} from ""../../access/Ownable.sol"";
  | ^^^^^^^^^^^^^^^^^^^^^^^^^^^^^^^^^^^^^^^^^^^^^^^^^

",0,0,0,0,0.0,False,0,0,0,0,0,0,0.0,False,0,0,0.0,0,0,0,False,0,0,0.0,0
504,BMIToken,0x725c263e00000000000000000000000000000000,blockchain/contracts/collected/BMIToken_0x725c263e.sol,,manual,False,False,False,False,False,False,False,False,False,False,False,False,False,False,False,False,False,False,False,False,False,False,False,False,False,0,0,0,0,0,0,0,0,0,0,1,0,0.0,0,0,0.0,0,0,0,0,0,0,0,0,0,0,0,0.0,0.0,0.0,0.0,False,simple,VERSION_MISMATCH,"Version mismatch: Invalid compilation: 
Invalid solc compilation Error: Source file requires different compiler version (current compiler is 0.7.6+commit.7338295f.Linux.g++) - note that nightly builds are considered to be strictly less than the released version
   --> /home/motafeq/projects/chainguardian-ai/blockchain/contracts/collected/BMIToken_0x725c263e.sol:574:1:
    |
574 | pragma solidity =0.7.4;
    | ^^^^^^^^^^^^^^^^^^^^^^^

",0,0,0,0,0.0,False,0,0,0,0,0,0,0.0,False,0,0,0.0,0,0,0,False,0,0,0.0,0
505,USF,0xe0e05c4300000000000000000000000000000000,blockchain/contracts/collected/USF_0xe0e05c43.sol,,manual,False,False,True,False,False,False,False,False,False,False,False,False,False,False,True,False,False,False,False,False,False,False,True,False,False,0,1,5,20,3,12,0,14,0,249,1,1,2.5,2,80,0.321285140562249,0,0,0,0,4,2,0,1,0,5,3,0.0,0.0,10.0,10.8,True,moderate,,,139,129,2,19,0.9280575539568345,True,19,50,20,29,4,3,0.09375,False,10,10,1.45,10,12,7,True,0,43,0.0,18
506,ValueLiquidityToken,0x49e8333300000000000000000000000000000000,blockchain/contracts/collected/ValueLiquidityToken_0x49e83333.sol,,manual,False,False,True,True,False,True,True,False,False,False,False,False,False,False,True,False,False,True,False,False,False,False,True,False,False,0,1,45,23,16,11,0,14,0,981,7,1,2.3043478260869565,2,539,0.5494393476044852,0,11,2,0,26,21,0,1,1,14,6,0.0,0.0,50.0,145.35714285714286,True,critical,,,145,132,2,19,0.9103448275862069,True,12,53,23,40,5,16,0.2857142857142857,True,16,7,1.7391304347826086,15,11,14,True,4,41,3.5,21
507,ANKRToken,0x8290333c00000000000000000000000000000000,blockchain/contracts/collected/ANKRToken_0x8290333c.sol,,manual,False,False,False,False,False,False,False,False,False,False,False,False,False,False,False,False,False,False,False,False,False,False,True,False,False,0,0,21,2,0,4,0,1,0,228,6,1,1.0,0,94,0.41228070175438597,0,0,3,0,21,3,0,0,0,6,1,0.0,0.0,21.0,80.85,True,complex,,,8,6,0,3,0.75,False,0,2,2,0,0,0,0.0,False,1,1,0.0,2,4,0,True,0,0,0.0,0
508,QuartzToken,0xbA8A621b00000000000000000000000000000000,blockchain/contracts/collected/QuartzToken_0xbA8A621b,,manual,False,False,False,False,False,False,False,False,False,False,False,False,False,False,False,False,False,False,False,False,False,False,False,False,False,0,0,0,0,0,0,0,0,0,0,1,0,0.0,0,0,0.0,0,0,0,0,0,0,0,0,0,0,0,0.0,0.0,0.0,0.0,False,simple,IMPORT_ERROR,"External library imports: Invalid compilation: 
Invalid solc compilation Error: Source ""@openzeppelin/contracts/token/ERC20/ERC20.sol"" not found: File not found. Searched the following locations: """".
 --> blockchain/contracts/collected/QuartzToken_0xbA8A621b/QuartzToken.sol:4:1:
  |
4 | import ""@openzeppelin/contracts/token/ERC20/ERC20.sol"";
  | ^^^^^^^^^^^^^^^^^^^^^^^^^^^^^^^^^^^^^^^^^^^^^^^^^^^^^^^

",0,0,0,0,0.0,False,0,0,0,0,0,0,0.0,False,0,0,0.0,0,0,0,False,0,0,0.0,0
509,FLOKI,0xcf0c122c00000000000000000000000000000000,blockchain/contracts/collected/FLOKI_0xcf0c122c,,manual,False,False,False,False,False,False,False,False,False,False,False,False,False,False,False,False,False,False,False,False,False,False,False,False,False,0,0,0,0,0,0,0,0,0,0,1,0,0.0,0,0,0.0,0,0,0,0,0,0,0,0,0,0,0,0.0,0.0,0.0,0.0,False,simple,IMPORT_ERROR,"External library imports: Invalid compilation: 
Invalid solc compilation Error: Source ""@openzeppelin/contracts/token/ERC20/IERC20.sol"" not found: File not found.
 --> blockchain/contracts/collected/FLOKI_0xcf0c122c/Floki.sol:4:1:
  |
4 | import ""@openzeppelin/contracts/token/ERC20/IERC20.sol"";
  | ^^^^^^^^^^^^^^^^^^^^^^^^^^^^^^^^^^^^^^^^^^^^^^^^^^^^^^^^

Error: Source ""@openzeppelin/contracts/access/Ownable.sol"" not found: File not found.
 --> blockchain/contracts/collected/FLOKI_0xcf0c122c/Floki.sol:5:1:
  |
5 | import ""@openzeppelin/contracts/access/Ownable.sol"";
  | ^^^^^^^^^^^^^^^^^^^^^^^^^^^^^^^^^^^^^^^^^^^^^^^^^^^^

Error: Source ""blockchain/contracts/collected/FLOKI_0xcf0c122c/governance/IGovernanceToken.sol"" not found: File not found.
 --> blockchain/contracts/collected/FLOKI_0xcf0c122c/Floki.sol:7:1:
  |
7 | import ""./governance/IGovernanceToken.sol"";
  | ^^^^^^^^^^^^^^^^^^^^^^^^^^^^^^^^^^^^^^^^^^^

Error: Source ""blockchain/contracts/collected/FLOKI_0xcf0c122c/tax/ITaxHandler.sol"" not found: File not found.
 --> blockchain/contracts/collected/FLOKI_0xcf0c122c/Floki.sol:8:1:
  |
8 | import ""./tax/ITaxHandler.sol"";
  | ^^^^^^^^^^^^^^^^^^^^^^^^^^^^^^^

Error: Source ""blockchain/contracts/collected/FLOKI_0xcf0c122c/treasury/ITreasuryHandler.sol"" not found: File not found.
 --> blockchain/contracts/collected/FLOKI_0xcf0c122c/Floki.sol:9:1:
  |
9 | import ""./treasury/ITreasuryHandler.sol"";
  | ^^^^^^^^^^^^^^^^^^^^^^^^^^^^^^^^^^^^^^^^^

",0,0,0,0,0.0,False,0,0,0,0,0,0,0.0,False,0,0,0.0,0,0,0,False,0,0,0.0,0
510,Token,0xaeb3607e00000000000000000000000000000000,blockchain/contracts/collected/Token_0xaeb3607e,,manual,False,False,False,False,False,False,False,False,False,False,False,False,False,False,False,False,False,False,False,False,False,False,False,False,False,0,0,0,0,0,0,0,0,0,0,1,0,0.0,0,0,0.0,0,0,0,0,0,0,0,0,0,0,0,0.0,0.0,0.0,0.0,False,simple,IMPORT_ERROR,"File not found: Invalid compilation: 
Invalid solc compilation Error: Source ""blockchain/contracts/collected/Token_0xaeb3607e/lib/solmate/ERC20.sol"" not found: File not found. Searched the following locations: """".
 --> blockchain/contracts/collected/Token_0xaeb3607e/Token.sol:4:1:
  |
4 | import {ERC20} from ""./lib/solmate/ERC20.sol"";
  | ^^^^^^^^^^^^^^^^^^^^^^^^^^^^^^^^^^^^^^^^^^^^^^

",0,0,0,0,0.0,False,0,0,0,0,0,0,0.0,False,0,0,0.0,0,0,0,False,0,0,0.0,0
511,Elk,0xeEeEEb5700000000000000000000000000000000,blockchain/contracts/collected/Elk_0xeEeEEb57.sol,,manual,False,False,True,False,False,False,False,False,False,False,False,False,False,False,True,False,False,True,False,False,False,False,True,True,False,0,1,65,6,0,0,0,1,0,1825,18,1,1.0,0,1016,0.5567123287671233,0,0,3,0,32,34,0,1,0,8,4,0.0,0.0,70.0,488.25,True,critical,,,15,9,0,3,0.6,False,0,6,6,10,1,0,0.0,True,2,4,1.6666666666666667,3,0,0,False,0,10,0.0,4
512,BABLToken,0xf4dc48d200000000000000000000000000000000,blockchain/contracts/collected/BABLToken_0xf4dc48d2,,manual,False,False,False,False,False,False,False,False,False,False,False,False,False,False,False,False,False,False,False,False,False,False,False,False,False,0,0,0,0,0,0,0,0,0,0,1,0,0.0,0,0,0.0,0,0,0,0,0,0,0,0,0,0,0,0.0,0.0,0.0,0.0,False,simple,IMPORT_ERROR,"External library imports: Invalid compilation: 
Invalid solc compilation Error: Source ""/home/motafeq/projects/chainguardian-ai/blockchain/contracts/collected/lib/LowGasSafeMath.sol"" not found: File not found.
  --> /home/motafeq/projects/chainguardian-ai/blockchain/contracts/collected/BABLToken_0xf4dc48d2/BABLToken.sol:19:1:
   |
19 | import {LowGasSafeMath} from '../lib/LowGasSafeMath.sol';
   | ^^^^^^^^^^^^^^^^^^^^^^^^^^^^^^^^^^^^^^^^^^^^^^^^^^^^^^^^^

Error: Source ""@openzeppelin/contracts/utils/Address.sol"" not found: File not found.
  --> /home/motafeq/projects/chainguardian-ai/blockchain/contracts/collected/BABLToken_0xf4dc48d2/BABLToken.sol:21:1:
   |
21 | import {Address} from '@openzeppelin/contracts/utils/Address.sol';
   | ^^^^^^^^^^^^^^^^^^^^^^^^^^^^^^^^^^^^^^^^^^^^^^^^^^^^^^^^^^^^^^^^^^

Error: Source ""@openzeppelin/contracts/utils/ReentrancyGuard.sol"" not found: File not found.
  --> /home/motafeq/projects/chainguardian-ai/blockchain/contracts/collected/BABLToken_0xf4dc48d2/BABLToken.sol:22:1:
   |
22 | import {ReentrancyGuard} from '@openzeppelin/contracts/utils/ReentrancyGuard.sol';
   | ^^^^^^^^^^^^^^^^^^^^^^^^^^^^^^^^^^^^^^^^^^^^^^^^^^^^^^^^^^^^^^^^^^^^^^^^^^^^^^^^^^

Error: Source ""/home/motafeq/projects/chainguardian-ai/blockchain/contracts/collected/interfaces/IBabController.sol"" not found: File not found.
  --> /home/motafeq/projects/chainguardian-ai/blockchain/contracts/collected/BABLToken_0xf4dc48d2/BABLToken.sol:23:1:
   |
23 | import {IBabController} from '../interfaces/IBabController.sol';
   | ^^^^^^^^^^^^^^^^^^^^^^^^^^^^^^^^^^^^^^^^^^^^^^^^^^^^^^^^^^^^^^^^

Error: Source ""/home/motafeq/projects/chainguardian-ai/blockchain/contracts/collected/interfaces/IBabController.sol"" not found: File not found.
  --> /home/motafeq/projects/chainguardian-ai/blockchain/contracts/collected/BABLToken_0xf4dc48d2/TimeLockedToken.sol:19:1:
   |
19 | import {IBabController} from '../interfaces/IBabController.sol';
   | ^^^^^^^^^^^^^^^^^^^^^^^^^^^^^^^^^^^^^^",0,0,0,0,0.0,False,0,0,0,0,0,0,0.0,False,0,0,0.0,0,0,0,False,0,0,0.0,0
513,AdminUpgradeabilityProxy,0xF88b137c00000000000000000000000000000000,blockchain/contracts/collected/AdminUpgradeabilityProxy_0xF88b137c.sol,,manual,False,False,False,True,False,False,False,False,False,False,False,False,False,False,True,False,False,True,False,False,False,False,True,False,False,6,0,29,10,1,1,1,1,1,405,4,1,1.0,0,243,0.6,2,0,2,0,17,18,0,6,0,8,4,0.0,0.0,89.0,329.3,True,critical,,,39,29,0,5,0.7435897435897436,False,2,10,10,22,2,1,0.043478260869565216,True,6,4,2.2,10,1,1,True,1,8,1.0,5
514,XDEX,0x0000000000000000000000000000000000000000,blockchain/contracts/collected/XDEX_0x00000000.sol,,manual,False,False,False,False,False,False,False,False,False,False,False,False,False,False,False,False,False,True,False,False,False,False,True,True,False,0,0,22,4,0,1,1,1,0,515,6,1,1.0,0,346,0.6718446601941748,0,0,2,0,14,8,0,0,0,7,2,0.0,0.0,22.0,61.599999999999994,True,complex,,,12,8,0,3,0.6666666666666666,False,0,4,4,5,1,0,0.0,True,4,0,1.25,3,1,1,True,0,4,0.0,3
515,PickleToken,0x4298816700000000000000000000000000000000,blockchain/contracts/collected/PickleToken_0x42988167.sol,,manual,False,False,False,True,False,False,False,False,False,False,False,False,False,False,True,False,False,True,False,False,False,False,True,True,False,0,0,34,1,0,0,0,1,0,704,7,1,1.0,0,482,0.6846590909090909,0,0,2,0,18,16,0,0,0,8,4,0.0,0.0,34.0,124.1,True,critical,,,3,2,0,2,0.6666666666666666,False,0,1,1,2,1,0,0.0,False,1,0,2.0,2,0,0,False,0,2,0.0,1
516,VCX,0xcE246eEa00000000000000000000000000000000,blockchain/contracts/collected/VCX_0xcE246eEa,,manual,False,False,False,False,False,False,False,False,False,False,False,False,False,False,False,False,False,False,False,False,False,False,False,False,False,0,0,0,0,0,0,0,0,0,0,1,0,0.0,0,0,0.0,0,0,0,0,0,0,0,0,0,0,0,0.0,0.0,0.0,0.0,False,simple,IMPORT_ERROR,"File not found: Invalid compilation: 
Invalid solc compilation Warning: SPDX license identifier not provided in source file. Before publishing, consider adding a comment containing ""SPDX-License-Identifier: <SPDX-License>"" to each source file. Use ""SPDX-License-Identifier: UNLICENSED"" for non-open-source code. Please see https://spdx.org for more information.
--> blockchain/contracts/collected/VCX_0xcE246eEa/VCX.sol

Error: Source ""openzeppelin-contracts/contracts/interfaces/IERC20.sol"" not found: File not found. Searched the following locations: """".
 --> blockchain/contracts/collected/VCX_0xcE246eEa/VCX.sol:3:1:
  |
3 | import {IERC20} from ""openzeppelin-contracts/contracts/interfaces/IERC20.sol"";
  | ^^^^^^^^^^^^^^^^^^^^^^^^^^^^^^^^^^^^^^^^^^^^^^^^^^^^^^^^^^^^^^^^^^^^^^^^^^^^^^

Error: Source ""solmate/tokens/ERC20.sol"" not found: File not found. Searched the following locations: """".
 --> blockchain/contracts/collected/VCX_0xcE246eEa/VCX.sol:4:1:
  |
4 | import {ERC20} from ""solmate/tokens/ERC20.sol"";
  | ^^^^^^^^^^^^^^^^^^^^^^^^^^^^^^^^^^^^^^^^^^^^^^^

Error: Source ""solmate/auth/Owned.sol"" not found: File not found. Searched the following locations: """".
 --> blockchain/contracts/collected/VCX_0xcE246eEa/VCX.sol:5:1:
  |
5 | import {Owned} from ""solmate/auth/Owned.sol"";
  | ^^^^^^^^^^^^^^^^^^^^^^^^^^^^^^^^^^^^^^^^^^^^^

",0,0,0,0,0.0,False,0,0,0,0,0,0,0.0,False,0,0,0.0,0,0,0,False,0,0,0.0,0
517,PENDLE,0x8085071200000000000000000000000000000000,blockchain/contracts/collected/PENDLE_0x80850712.sol,,manual,False,False,False,False,False,False,False,False,False,False,False,False,False,False,False,False,False,False,False,False,False,False,False,False,False,0,0,0,0,0,0,0,0,0,0,1,0,0.0,0,0,0.0,0,0,0,0,0,0,0,0,0,0,0,0.0,0.0,0.0,0.0,False,simple,COMPILATION_ERROR,"Compilation error: Invalid compilation: 
Invalid solc compilation Error: Expected pragma, import directive or contract/interface/library/struct/enum/constant/function/error definition.
 --> blockchain/contracts/collected/PENDLE_0x80850712.sol:1:1:
  |
1 | {""Address.sol"":{""content"":""// SPDX-L ...
  | ^

",0,0,0,0,0.0,False,0,0,0,0,0,0,0.0,False,0,0,0.0,0,0,0,False,0,0,0.0,0
518,LRC_v2,0xbbbbca6a00000000000000000000000000000000,blockchain/contracts/collected/LRC_v2_0xbbbbca6a.sol,,manual,False,False,False,False,False,False,False,False,False,False,False,False,False,False,False,True,False,False,False,False,False,False,True,False,False,0,1,24,4,0,3,0,4,0,252,6,1,1.75,0,104,0.4126984126984127,1,0,3,0,24,4,0,1,2,6,2,0.0,0.0,29.0,129.53333333333333,True,complex,,,17,14,1,6,0.8235294117647058,False,1,7,4,4,1,0,0.0,False,3,1,1.0,6,3,0,True,0,2,0.0,1
519,BoldToken,0x6440f14400000000000000000000000000000000,blockchain/contracts/collected/BoldToken_0x6440f144.sol,,manual,False,False,False,False,False,False,False,False,False,False,False,False,False,False,False,False,False,False,False,False,False,False,False,False,False,0,0,0,0,0,0,0,0,0,0,1,0,0.0,0,0,0.0,0,0,0,0,0,0,0,0,0,0,0,0.0,0.0,0.0,0.0,False,simple,VERSION_MISMATCH,"Version mismatch: Invalid compilation: 
Invalid solc compilation Error: Source file requires different compiler version (current compiler is 0.8.31+commit.fd3a2265.Linux.g++) - note that nightly builds are considered to be strictly less than the released version
 --> blockchain/contracts/collected/BoldToken_0x6440f144.sol:2:1:
  |
2 | pragma solidity =0.8.24 ^0.8.0 ^0.8.8;
  | ^^^^^^^^^^^^^^^^^^^^^^^^^^^^^^^^^^^^^^

",0,0,0,0,0.0,False,0,0,0,0,0,0,0.0,False,0,0,0.0,0,0,0,False,0,0,0.0,0
520,ERC1967Proxy,0x50f41f5800000000000000000000000000000000,blockchain/contracts/collected/ERC1967Proxy_0x50f41f58,,manual,False,False,False,False,False,False,False,False,False,False,False,False,False,False,False,False,False,False,False,False,False,False,False,False,False,0,0,0,0,0,0,0,0,0,0,1,0,0.0,0,0,0.0,0,0,0,0,0,0,0,0,0,0,0,0.0,0.0,0.0,0.0,False,simple,IMPORT_ERROR,"File not found: Invalid compilation: 
Invalid solc compilation Error: Source ""blockchain/contracts/collected/Proxy.sol"" not found: File not found. Searched the following locations: """".
 --> blockchain/contracts/collected/ERC1967Proxy_0x50f41f58/ERC1967Proxy.sol:6:1:
  |
6 | import {Proxy} from ""../Proxy.sol"";
  | ^^^^^^^^^^^^^^^^^^^^^^^^^^^^^^^^^^^

Error: Source ""blockchain/contracts/collected/beacon/IBeacon.sol"" not found: File not found. Searched the following locations: """".
 --> blockchain/contracts/collected/ERC1967Proxy_0x50f41f58/ERC1967Utils.sol:6:1:
  |
6 | import {IBeacon} from ""../beacon/IBeacon.sol"";
  | ^^^^^^^^^^^^^^^^^^^^^^^^^^^^^^^^^^^^^^^^^^^^^^

Error: Source ""blockchain/contracts/interfaces/IERC1967.sol"" not found: File not found. Searched the following locations: """".
 --> blockchain/contracts/collected/ERC1967Proxy_0x50f41f58/ERC1967Utils.sol:7:1:
  |
7 | import {IERC1967} from ""../../interfaces/IERC1967.sol"";
  | ^^^^^^^^^^^^^^^^^^^^^^^^^^^^^^^^^^^^^^^^^^^^^^^^^^^^^^^

Error: Source ""blockchain/contracts/utils/Address.sol"" not found: File not found. Searched the following locations: """".
 --> blockchain/contracts/collected/ERC1967Proxy_0x50f41f58/ERC1967Utils.sol:8:1:
  |
8 | import {Address} from ""../../utils/Address.sol"";
  | ^^^^^^^^^^^^^^^^^^^^^^^^^^^^^^^^^^^^^^^^^^^^^^^^

Error: Source ""blockchain/contracts/utils/StorageSlot.sol"" not found: File not found. Searched the following locations: """".
 --> blockchain/contracts/collected/ERC1967Proxy_0x50f41f58/ERC1967Utils.sol:9:1:
  |
9 | import {StorageSlot} from ""../../utils/StorageSlot.sol"";
  | ^^^^^^^^^^^^^^^^^^^^^^^^^^^^^^^^^^^^^^^^^^^^^^^^^^^^^^^^

",0,0,0,0,0.0,False,0,0,0,0,0,0,0.0,False,0,0,0.0,0,0,0,False,0,0,0.0,0
521,DextfToken,0x5f64ab1500000000000000000000000000000000,blockchain/contracts/collected/DextfToken_0x5f64ab15.sol,,manual,False,False,False,True,False,False,False,False,False,False,False,False,False,False,True,False,False,True,False,False,False,False,True,False,False,0,0,25,2,0,1,0,1,0,769,6,1,1.0,0,447,0.5812743823146944,0,0,2,0,10,16,0,0,0,7,4,0.0,0.0,25.0,75.71428571428572,True,critical,,,4,2,0,2,0.5,False,0,2,2,2,1,0,0.0,True,1,1,1.0,2,1,0,True,0,0,0.0,0
522,SESH,0x10ea9e5300000000000000000000000000000000,blockchain/contracts/collected/SESH_0x10ea9e53,,manual,False,False,False,False,False,False,False,False,False,False,False,False,False,False,False,False,False,False,False,False,False,False,False,False,False,0,0,0,0,0,0,0,0,0,0,1,0,0.0,0,0,0.0,0,0,0,0,0,0,0,0,0,0,0,0.0,0.0,0.0,0.0,False,simple,IMPORT_ERROR,"External library imports: Invalid compilation: 
Invalid solc compilation Error: Source ""@openzeppelin/contracts/token/ERC20/ERC20.sol"" not found: File not found. Searched the following locations: """".
 --> blockchain/contracts/collected/SESH_0x10ea9e53/SESH.sol:4:1:
  |
4 | import ""@openzeppelin/contracts/token/ERC20/ERC20.sol"";
  | ^^^^^^^^^^^^^^^^^^^^^^^^^^^^^^^^^^^^^^^^^^^^^^^^^^^^^^^

Error: Source ""@openzeppelin/contracts/token/ERC20/extensions/ERC20Permit.sol"" not found: File not found. Searched the following locations: """".
 --> blockchain/contracts/collected/SESH_0x10ea9e53/SESH.sol:5:1:
  |
5 | import ""@openzeppelin/contracts/token/ERC20/extensions/ERC20Permit.sol"";
  | ^^^^^^^^^^^^^^^^^^^^^^^^^^^^^^^^^^^^^^^^^^^^^^^^^^^^^^^^^^^^^^^^^^^^^^^^

Error: Source ""blockchain/contracts/collected/SESH_0x10ea9e53/libraries/arbitrum-bridge/ICustomToken.sol"" not found: File not found. Searched the following locations: """".
 --> blockchain/contracts/collected/SESH_0x10ea9e53/SESH.sol:6:1:
  |
6 | import ""./libraries/arbitrum-bridge/ICustomToken.sol"";
  | ^^^^^^^^^^^^^^^^^^^^^^^^^^^^^^^^^^^^^^^^^^^^^^^^^^^^^^

Error: Source ""blockchain/contracts/collected/SESH_0x10ea9e53/libraries/arbitrum-bridge/IGateways.sol"" not found: File not found. Searched the following locations: """".
 --> blockchain/contracts/collected/SESH_0x10ea9e53/SESH.sol:7:1:
  |
7 | import ""./libraries/arbitrum-bridge/IGateways.sol"";
  | ^^^^^^^^^^^^^^^^^^^^^^^^^^^^^^^^^^^^^^^^^^^^^^^^^^^

Error: Source ""blockchain/contracts/collected/SESH_0x10ea9e53/libraries/Shared.sol"" not found: File not found. Searched the following locations: """".
 --> blockchain/contracts/collected/SESH_0x10ea9e53/SESH.sol:8:1:
  |
8 | import ""./libraries/Shared.sol"";
  | ^^^^^^^^^^^^^^^^^^^^^^^^^^^^^^^^

",0,0,0,0,0.0,False,0,0,0,0,0,0,0.0,False,0,0,0.0,0,0,0,False,0,0,0.0,0
523,IndexToken,0x0954906d00000000000000000000000000000000,blockchain/contracts/collected/IndexToken_0x0954906d.sol,,manual,False,False,True,False,False,False,False,False,False,False,False,False,False,False,True,False,False,False,False,False,False,False,True,False,False,0,1,5,20,3,12,0,14,0,249,1,1,2.5,2,80,0.321285140562249,0,0,0,0,4,2,0,1,0,5,3,0.0,0.0,10.0,10.8,True,moderate,,,141,131,2,19,0.9290780141843972,True,19,50,20,30,4,3,0.09090909090909091,False,10,10,1.5,10,12,7,True,0,43,0.0,18
524,SNT,0x744d70fd00000000000000000000000000000000,blockchain/contracts/collected/SNT_0x744d70fd.sol,,manual,True,False,True,False,True,True,True,True,False,False,False,False,False,False,True,False,False,True,False,False,False,True,True,False,False,6,12,151,2,0,0,0,1,0,1484,15,1,1.0,0,655,0.4413746630727763,0,0,2,0,117,58,0,18,3,22,7,0.0,0.0,271.0,1941.3454545454542,True,critical,,,3,1,0,1,0.3333333333333333,False,0,2,2,1,1,0,0.0,False,1,1,0.5,2,0,0,False,0,1,0.0,1
525,Chiba,0xa5c45d4800000000000000000000000000000000,blockchain/contracts/collected/Chiba_0xa5c45d48.sol,,manual,True,False,True,False,False,True,True,False,False,False,False,False,False,False,False,False,False,True,False,False,False,True,True,False,False,1,2,15,8,10,8,0,7,0,292,6,1,2.25,0,15,0.05136986301369863,2,0,2,0,11,11,0,3,2,13,4,0.0,0.0,35.0,50.346153846153854,True,complex,,,55,52,0,12,0.9454545454545454,False,0,18,8,16,1,10,0.38461538461538464,True,5,3,2.0,12,8,0,True,1,3,0.0,1
526,Qtoken,0xea01906800000000000000000000000000000000,blockchain/contracts/collected/Qtoken_0xea019068.sol,,manual,False,False,False,False,False,False,False,False,False,False,False,False,False,False,False,False,False,False,False,False,False,False,True,False,False,0,0,19,9,7,7,0,3,0,95,2,1,1.2222222222222223,0,13,0.1368421052631579,0,6,0,0,16,3,0,0,0,4,1,0.0,0.0,19.0,85.975,False,complex,,,44,36,0,8,0.8181818181818182,False,7,11,9,2,1,7,0.7777777777777778,False,8,1,0.2222222222222222,8,7,5,True,3,14,1.6666666666666667,7
527,TokenProxy,0xace8e71900000000000000000000000000000000,blockchain/contracts/collected/TokenProxy_0xace8e719,,manual,False,False,False,False,False,False,False,False,False,False,False,False,False,False,False,False,False,False,False,False,False,False,False,False,False,0,0,0,0,0,0,0,0,0,0,1,0,0.0,0,0,0.0,0,0,0,0,0,0,0,0,0,0,0,0.0,0.0,0.0,0.0,False,simple,IMPORT_ERROR,"File not found: Invalid compilation: 
Invalid solc compilation Error: Source ""contracts/external/openzeppelin/contracts/proxy/Proxy.sol"" not found: File not found. Searched the following locations: """".
 --> blockchain/contracts/collected/TokenProxy_0xace8e719/ERC1967Proxy.sol:6:1:
  |
6 | import ""contracts/external/openzeppelin/contracts/proxy/Proxy.sol"";
  | ^^^^^^^^^^^^^^^^^^^^^^^^^^^^^^^^^^^^^^^^^^^^^^^^^^^^^^^^^^^^^^^^^^^

Error: Source ""contracts/external/openzeppelin/contracts/proxy/ERC1967Upgrade.sol"" not found: File not found. Searched the following locations: """".
 --> blockchain/contracts/collected/TokenProxy_0xace8e719/ERC1967Proxy.sol:7:1:
  |
7 | import ""contracts/external/openzeppelin/contracts/proxy/ERC1967Upgrade.sol"";
  | ^^^^^^^^^^^^^^^^^^^^^^^^^^^^^^^^^^^^^^^^^^^^^^^^^^^^^^^^^^^^^^^^^^^^^^^^^^^^

",0,0,0,0,0.0,False,0,0,0,0,0,0,0.0,False,0,0,0.0,0,0,0,False,0,0,0.0,0
528,Token,0xa37f4d2d00000000000000000000000000000000,blockchain/contracts/collected/Token_0xa37f4d2d.sol,,manual,True,True,False,False,True,True,True,False,False,False,False,False,False,False,False,False,False,True,False,False,True,True,True,False,False,3,4,24,21,35,29,1,25,0,277,7,1,2.4761904761904763,1,8,0.02888086642599278,2,5,2,0,28,15,0,7,4,16,4,0.0,0.0,74.0,178.0625,True,critical,,,151,145,0,21,0.9602649006622517,False,11,52,21,33,3,35,0.5147058823529411,False,14,7,1.5714285714285714,18,29,5,True,5,20,1.0,10
529,Token,0x00869e8e00000000000000000000000000000000,blockchain/contracts/collected/Token_0x00869e8e.sol,,manual,False,False,True,True,False,True,False,True,False,False,False,False,True,False,False,False,False,True,False,False,False,True,True,False,False,1,16,42,4,0,6,0,7,0,785,13,1,2.5,0,2,0.0025477707006369425,0,0,3,0,20,44,0,17,5,17,6,0.0,0.0,132.0,394.44705882352946,True,critical,,,25,23,0,8,0.92,False,2,10,4,6,1,0,0.0,True,2,2,1.5,6,6,1,True,0,7,0.0,2
530,IMXToken,0xf57e7e7c00000000000000000000000000000000,blockchain/contracts/collected/IMXToken_0xf57e7e7c.sol,,manual,False,False,False,False,False,False,False,False,False,False,False,False,False,False,False,False,False,False,False,False,False,False,True,False,False,0,0,14,3,0,1,1,1,0,639,9,1,1.0,0,427,0.6682316118935837,0,0,3,0,10,4,0,0,0,4,1,0.0,0.0,14.0,44.8,False,complex,,,9,6,0,3,0.6666666666666666,False,0,3,3,6,1,0,0.0,True,2,1,2.0,4,1,0,True,0,3,0.0,2
531,POINTS,0xd7c1eb0f00000000000000000000000000000000,blockchain/contracts/collected/POINTS_0xd7c1eb0f,,manual,False,False,False,False,False,False,False,False,False,False,False,False,False,False,False,False,False,False,False,False,False,False,False,False,False,0,0,0,0,0,0,0,0,0,0,1,0,0.0,0,0,0.0,0,0,0,0,0,0,0,0,0,0,0,0.0,0.0,0.0,0.0,False,simple,IMPORT_ERROR,"External library imports: Invalid compilation: 
Invalid solc compilation Error: Source ""@openzeppelin/contracts/token/ERC20/ERC20.sol"" not found: File not found. Searched the following locations: """".
 --> blockchain/contracts/collected/POINTS_0xd7c1eb0f/points.sol:4:1:
  |
4 | import ""@openzeppelin/contracts/token/ERC20/ERC20.sol"";
  | ^^^^^^^^^^^^^^^^^^^^^^^^^^^^^^^^^^^^^^^^^^^^^^^^^^^^^^^

Error: Source ""@openzeppelin/contracts/access/Ownable.sol"" not found: File not found. Searched the following locations: """".
 --> blockchain/contracts/collected/POINTS_0xd7c1eb0f/points.sol:5:1:
  |
5 | import ""@openzeppelin/contracts/access/Ownable.sol"";
  | ^^^^^^^^^^^^^^^^^^^^^^^^^^^^^^^^^^^^^^^^^^^^^^^^^^^^

",0,0,0,0,0.0,False,0,0,0,0,0,0,0.0,False,0,0,0.0,0,0,0,False,0,0,0.0,0
532,RewardToken,0xa0246c9000000000000000000000000000000000,blockchain/contracts/collected/RewardToken_0xa0246c90.sol,,manual,False,False,False,False,False,False,False,False,False,False,False,False,False,False,False,False,False,False,False,False,False,False,False,False,False,0,0,0,0,0,0,0,0,0,0,1,0,0.0,0,0,0.0,0,0,0,0,0,0,0,0,0,0,0,0.0,0.0,0.0,0.0,False,simple,VERSION_MISMATCH,"Version mismatch: Invalid compilation: 
Invalid solc compilation /home/motafeq/projects/chainguardian-ai/blockchain/contracts/collected/RewardToken_0xa0246c90.sol:789:1: Error: Source file requires different compiler version (current compiler is 0.5.17+commit.d19bba13.Linux.g++ - note that nightly builds are considered to be strictly less than the released version
pragma solidity 0.5.16;
^---------------------^
",0,0,0,0,0.0,False,0,0,0,0,0,0,0.0,False,0,0,0.0,0,0,0,False,0,0,0.0,0
533,MainToken,0x3a810ff700000000000000000000000000000000,blockchain/contracts/collected/MainToken_0x3a810ff7.sol,,manual,False,False,False,False,False,False,False,False,False,False,False,False,False,False,False,False,False,False,False,False,False,False,False,False,False,0,0,0,0,0,0,0,0,0,0,1,0,0.0,0,0,0.0,0,0,0,0,0,0,0,0,0,0,0,0.0,0.0,0.0,0.0,False,simple,COMPILATION_ERROR,"Compilation error: Invalid compilation: 
Invalid solc compilation /home/motafeq/projects/chainguardian-ai/blockchain/contracts/collected/MainToken_0x3a810ff7.sol:1:1: Error: Expected pragma, import directive or contract/interface/library definition.
 ... { ... 
     ^
",0,0,0,0,0.0,False,0,0,0,0,0,0,0.0,False,0,0,0.0,0,0,0,False,0,0,0.0,0
534,URQAToken,0x1735db6a00000000000000000000000000000000,blockchain/contracts/collected/URQAToken_0x1735db6a.sol,,manual,False,False,False,False,False,False,False,False,False,False,False,False,False,False,False,False,False,False,False,False,False,True,True,True,False,0,8,27,4,0,0,0,4,0,1081,6,1,1.75,0,533,0.49306197964847365,0,0,2,0,14,21,0,8,0,6,2,0.0,0.0,67.0,320.4833333333333,True,critical,,,18,15,1,5,0.8333333333333334,False,1,7,4,6,1,0,0.0,True,2,2,1.5,5,0,0,False,0,5,0.0,2
535,ZERO,0xf093901100000000000000000000000000000000,blockchain/contracts/collected/ZERO_0xf0939011.sol,,manual,False,False,True,False,False,False,False,False,False,False,False,False,False,False,True,False,False,False,False,False,False,False,True,False,False,0,0,7,18,12,16,1,3,0,168,3,1,1.1111111111111112,0,16,0.09523809523809523,0,5,1,0,4,3,0,0,0,5,3,0.0,0.0,7.0,8.54,True,moderate,,,77,60,0,9,0.7792207792207793,False,6,20,18,29,3,12,0.2926829268292683,False,11,7,1.6111111111111112,11,16,9,True,1,44,9.0,15
536,KryllToken,0x464ebe7700000000000000000000000000000000,blockchain/contracts/collected/KryllToken_0x464ebe77.sol,,manual,False,False,False,False,False,False,False,False,False,False,False,False,False,False,False,False,False,False,False,False,False,False,True,False,False,0,0,57,5,6,19,0,1,0,440,8,1,1.0,0,232,0.5272727272727272,0,1,2,0,51,9,0,0,0,8,1,0.0,0.0,57.0,408.2625,True,critical,,,50,45,0,16,0.9,False,0,5,5,7,1,6,0.46153846153846156,False,3,2,1.4,6,19,2,True,0,8,0.0,2
537,Contract,0x2b7c0fa700000000000000000000000000000000,blockchain/contracts/collected/Contract_0x2b7c0fa7.sol,,manual,True,True,False,False,True,True,True,False,False,False,False,False,False,False,False,False,False,True,False,False,False,True,True,False,False,3,2,26,27,29,29,1,25,0,297,7,1,2.2962962962962963,1,8,0.026936026936026935,1,5,2,0,23,16,0,5,3,13,4,0.0,0.0,66.0,173.63076923076923,True,critical,,,178,167,2,25,0.9382022471910112,False,12,62,27,42,3,29,0.4084507042253521,False,20,7,1.5555555555555556,19,29,8,True,5,24,1.6,14
538,AdminUpgradeabilityProxy,0x6de037ef00000000000000000000000000000000,blockchain/contracts/collected/AdminUpgradeabilityProxy_0x6de037ef.sol,,manual,False,False,False,True,False,False,False,False,False,False,False,False,False,False,True,False,False,True,False,False,False,False,True,False,False,0,3,13,10,1,1,1,1,1,269,4,1,1.0,0,162,0.6022304832713755,2,0,2,0,13,3,0,3,0,6,4,0.0,0.0,28.0,70.46666666666665,True,complex,,,32,22,0,4,0.6875,False,2,10,10,20,1,1,0.047619047619047616,True,6,4,2.0,10,1,1,True,1,7,1.0,5
539,TidalToken,0x29cbd05100000000000000000000000000000000,blockchain/contracts/collected/TidalToken_0x29cbd051.sol,,manual,False,False,False,True,False,False,False,False,False,False,False,False,False,False,True,False,False,True,False,False,False,False,True,True,False,0,0,30,2,0,0,0,1,0,647,6,1,1.0,0,448,0.6924265842349304,0,0,2,0,16,14,0,0,0,8,4,0.0,0.0,30.0,96.75,True,critical,,,4,2,0,1,0.5,False,0,2,2,3,1,0,0.0,False,2,0,1.5,3,0,0,False,0,1,0.0,1
540,TransparentUpgradeableProxy,0x66a1e37c00000000000000000000000000000000,blockchain/contracts/collected/TransparentUpgradeableProxy_0x66a1e37c,,manual,False,False,False,False,False,False,False,False,False,False,False,False,False,False,False,False,False,False,False,False,False,False,False,False,False,0,0,0,0,0,0,0,0,0,0,1,0,0.0,0,0,0.0,0,0,0,0,0,0,0,0,0,0,0,0.0,0.0,0.0,0.0,False,simple,IMPORT_ERROR,"File not found: Invalid compilation: 
Invalid solc compilation Error: Source ""blockchain/contracts/collected/ERC1967/ERC1967Utils.sol"" not found: File not found. Searched the following locations: """".
 --> blockchain/contracts/collected/TransparentUpgradeableProxy_0x66a1e37c/TransparentUpgradeableProxy.sol:6:1:
  |
6 | import {ERC1967Utils} from ""../ERC1967/ERC1967Utils.sol"";
  | ^^^^^^^^^^^^^^^^^^^^^^^^^^^^^^^^^^^^^^^^^^^^^^^^^^^^^^^^^

Error: Source ""blockchain/contracts/collected/ERC1967/ERC1967Proxy.sol"" not found: File not found. Searched the following locations: """".
 --> blockchain/contracts/collected/TransparentUpgradeableProxy_0x66a1e37c/TransparentUpgradeableProxy.sol:7:1:
  |
7 | import {ERC1967Proxy} from ""../ERC1967/ERC1967Proxy.sol"";
  | ^^^^^^^^^^^^^^^^^^^^^^^^^^^^^^^^^^^^^^^^^^^^^^^^^^^^^^^^^

Error: Source ""blockchain/contracts/interfaces/IERC1967.sol"" not found: File not found. Searched the following locations: """".
 --> blockchain/contracts/collected/TransparentUpgradeableProxy_0x66a1e37c/TransparentUpgradeableProxy.sol:8:1:
  |
8 | import {IERC1967} from ""../../interfaces/IERC1967.sol"";
  | ^^^^^^^^^^^^^^^^^^^^^^^^^^^^^^^^^^^^^^^^^^^^^^^^^^^^^^^

Error: Source ""blockchain/contracts/access/Ownable.sol"" not found: File not found. Searched the following locations: """".
 --> blockchain/contracts/collected/TransparentUpgradeableProxy_0x66a1e37c/ProxyAdmin.sol:7:1:
  |
7 | import {Ownable} from ""../../access/Ownable.sol"";
  | ^^^^^^^^^^^^^^^^^^^^^^^^^^^^^^^^^^^^^^^^^^^^^^^^^

",0,0,0,0,0.0,False,0,0,0,0,0,0,0.0,False,0,0,0.0,0,0,0,False,0,0,0.0,0
541,ZumToken,0xe0b9bcd500000000000000000000000000000000,blockchain/contracts/collected/ZumToken_0xe0b9bcd5.sol,,manual,False,False,False,False,False,False,False,False,False,False,False,False,False,False,False,True,False,True,False,False,False,False,True,False,False,0,1,10,17,18,7,0,4,0,154,4,1,1.1764705882352942,0,0,0.0,1,12,2,0,11,2,0,1,1,8,3,0.0,0.0,15.0,23.25,True,complex,,,80,64,1,12,0.8,False,9,20,17,15,2,18,0.5454545454545454,True,13,4,0.8823529411764706,7,7,9,True,7,24,1.2857142857142858,13
542,VaultToken,0x6b785a0300000000000000000000000000000000,blockchain/contracts/collected/VaultToken_0x6b785a03.sol,,manual,False,False,False,False,False,False,False,False,False,False,False,False,False,False,False,False,False,False,False,False,False,False,False,False,False,0,0,0,0,0,0,0,0,0,0,1,0,0.0,0,0,0.0,0,0,0,0,0,0,0,0,0,0,0,0.0,0.0,0.0,0.0,False,simple,COMPILATION_ERROR,"Compilation error: Invalid compilation: 
Invalid solc compilation /home/motafeq/projects/chainguardian-ai/blockchain/contracts/collected/VaultToken_0x6b785a03.sol:80:28: Error: Expected ',' but got identifier
        address[] calldata path,
                           ^--^
",0,0,0,0,0.0,False,0,0,0,0,0,0,0.0,False,0,0,0.0,0,0,0,False,0,0,0.0,0
543,ERC1967Proxy,0x41545f8b00000000000000000000000000000000,blockchain/contracts/collected/ERC1967Proxy_0x41545f8b.sol,,manual,False,False,False,True,False,False,True,False,False,False,False,False,False,False,True,False,False,True,False,False,False,True,True,False,False,6,4,34,3,1,0,0,1,0,790,14,1,1.0,0,467,0.5911392405063292,1,0,1,0,18,26,0,10,0,10,5,0.0,0.0,114.0,412.67999999999995,True,critical,,,8,5,0,2,0.625,False,1,3,3,4,1,1,0.2,False,1,2,1.3333333333333333,5,0,0,True,0,2,0.0,1
544,Spell,0x090185f200000000000000000000000000000000,blockchain/contracts/collected/Spell_0x090185f2.sol,,manual,False,False,True,False,False,False,False,False,False,False,False,False,False,False,True,False,False,False,False,False,False,False,True,False,False,0,0,11,2,1,5,0,1,0,264,8,1,1.0,0,76,0.2878787878787879,0,1,2,0,7,4,0,0,0,6,3,0.0,0.0,11.0,17.966666666666665,True,complex,,,11,9,0,6,0.8181818181818182,False,0,2,2,2,1,1,0.3333333333333333,False,1,1,1.0,3,5,1,True,0,2,0.0,1
545,Strong,0x990f341900000000000000000000000000000000,blockchain/contracts/collected/Strong_0x990f3419.sol,,manual,False,False,False,False,False,False,False,False,False,False,False,False,False,False,False,False,False,False,False,False,False,False,False,False,False,0,0,0,0,0,0,0,0,0,0,1,0,0.0,0,0,0.0,0,0,0,0,0,0,0,0,0,0,0,0.0,0.0,0.0,0.0,False,simple,COMPILATION_ERROR,"Compilation error: Invalid compilation: 
Invalid solc compilation Error: Expected pragma, import directive or contract/interface/library/struct/enum/constant/function/error definition.
 --> blockchain/contracts/collected/Strong_0x990f3419.sol:1:1:
  |
1 | {""Address.sol"":{""content"":""// SPDX-L ...
  | ^

",0,0,0,0,0.0,False,0,0,0,0,0,0,0.0,False,0,0,0.0,0,0,0,False,0,0,0.0,0
546,BabyNeiro,0x303c89f300000000000000000000000000000000,blockchain/contracts/collected/BabyNeiro_0x303c89f3.sol,,manual,True,False,True,True,False,False,True,False,False,False,False,False,False,False,False,False,False,True,False,False,True,False,True,False,False,1,0,56,24,13,20,0,29,1,1228,9,1,2.4166666666666665,1,492,0.4006514657980456,1,2,2,0,37,20,0,1,0,13,5,0.0,0.0,66.0,258.9230769230769,True,critical,,,185,176,0,27,0.9513513513513514,False,3,58,24,37,2,13,0.26,True,19,5,1.5416666666666667,18,20,14,True,4,22,3.5,15
547,InitializableImmutableAdminUpgradeabilityProxy,0x5394794b00000000000000000000000000000000,blockchain/contracts/collected/InitializableImmutableAdminUpgradeabilityProxy_0x5394794b,,manual,False,False,False,False,False,False,False,False,False,False,False,False,False,False,False,False,False,False,False,False,False,False,False,False,False,0,0,0,0,0,0,0,0,0,0,1,0,0.0,0,0,0.0,0,0,0,0,0,0,0,0,0,0,0,0.0,0.0,0.0,0.0,False,simple,IMPORT_ERROR,"File not found: Invalid compilation: 
Invalid solc compilation Error: Source ""/home/motafeq/projects/chainguardian-ai/blockchain/dependencies/openzeppelin/upgradeability/InitializableUpgradeabilityProxy.sol"" not found: File not found.
 --> /home/motafeq/projects/chainguardian-ai/blockchain/contracts/collected/InitializableImmutableAdminUpgradeabilityProxy_0x5394794b/InitializableImmutableAdminUpgradeabilityProxy.sol:5:1:
  |
5 | import '../../../dependencies/openzeppelin/upgradeability/InitializableUpgradeabilityProxy.sol';
  | ^^^^^^^^^^^^^^^^^^^^^^^^^^^^^^^^^^^^^^^^^^^^^^^^^^^^^^^^^^^^^^^^^^^^^^^^^^^^^^^^^^^^^^^^^^^^^^^^

Error: Source ""/home/motafeq/projects/chainguardian-ai/blockchain/dependencies/openzeppelin/upgradeability/BaseUpgradeabilityProxy.sol"" not found: File not found.
 --> /home/motafeq/projects/chainguardian-ai/blockchain/contracts/collected/InitializableImmutableAdminUpgradeabilityProxy_0x5394794b/BaseImmutableAdminUpgradeabilityProxy.sol:4:1:
  |
4 | import '../../../dependencies/openzeppelin/upgradeability/BaseUpgradeabilityProxy.sol';
  | ^^^^^^^^^^^^^^^^^^^^^^^^^^^^^^^^^^^^^^^^^^^^^^^^^^^^^^^^^^^^^^^^^^^^^^^^^^^^^^^^^^^^^^^

",0,0,0,0,0.0,False,0,0,0,0,0,0,0.0,False,0,0,0.0,0,0,0,False,0,0,0.0,0
548,FiatTokenProxy,0x1abaea1f00000000000000000000000000000000,blockchain/contracts/collected/FiatTokenProxy_0x1abaea1f,,manual,False,False,False,False,False,False,False,False,False,False,False,False,False,False,False,False,False,False,False,False,False,False,False,False,False,0,0,0,0,0,0,0,0,0,0,1,0,0.0,0,0,0.0,0,0,0,0,0,0,0,0,0,0,0,0.0,0.0,0.0,0.0,False,simple,IMPORT_ERROR,"File not found: Invalid compilation: 
Invalid solc compilation Error: Source ""/home/motafeq/projects/chainguardian-ai/blockchain/contracts/collected/upgradeability/AdminUpgradeabilityProxy.sol"" not found: File not found.
  --> /home/motafeq/projects/chainguardian-ai/blockchain/contracts/collected/FiatTokenProxy_0x1abaea1f/FiatTokenProxy.sol:27:1:
   |
27 | import {
   | ^ (Relevant source part starts here and spans across multiple lines).

",0,0,0,0,0.0,False,0,0,0,0,0,0,0.0,False,0,0,0.0,0,0,0,False,0,0,0.0,0
549,XAI,0x35e78b3900000000000000000000000000000000,blockchain/contracts/collected/XAI_0x35e78b39.sol,,manual,False,False,False,True,False,False,False,False,False,False,False,False,False,False,True,False,False,True,False,False,False,False,True,True,False,0,0,30,1,0,0,0,1,0,675,7,1,1.0,0,469,0.6948148148148148,0,0,3,0,16,14,0,0,0,7,4,0.0,0.0,30.0,110.57142857142857,True,critical,,,3,2,0,2,0.6666666666666666,False,0,1,1,2,1,0,0.0,True,1,0,2.0,1,0,0,False,0,0,0.0,0
550,TracToken,0xaa7a9ca800000000000000000000000000000000,blockchain/contracts/collected/TracToken_0xaa7a9ca8.sol,,manual,True,False,True,False,False,False,False,True,False,False,False,False,False,False,False,False,False,False,False,False,False,False,True,False,False,10,10,23,11,15,16,1,17,0,331,8,1,3.090909090909091,1,102,0.3081570996978852,0,6,2,0,22,24,0,20,1,9,4,0.0,0.0,173.0,745.8222222222221,True,critical,,,102,102,1,17,1.0,False,5,34,11,16,1,15,0.4838709677419355,True,9,2,1.4545454545454546,8,16,1,True,10,12,0.1,5
551,MiniMeToken,0x5a98fcbe00000000000000000000000000000000,blockchain/contracts/collected/MiniMeToken_0x5a98fcbe.sol,,manual,True,False,False,False,False,False,True,True,False,False,False,False,False,False,True,False,False,True,False,False,False,False,True,False,False,1,2,55,22,12,12,0,12,0,516,5,1,2.6363636363636362,1,240,0.46511627906976744,1,0,1,0,52,11,0,3,0,13,6,0.0,0.0,75.0,344.42307692307696,True,critical,,,157,142,2,15,0.9044585987261147,True,29,58,22,33,3,12,0.26666666666666666,False,16,6,1.5,11,12,10,True,8,44,1.25,19
552,ERC20ByMetadrop,0xd31e539600000000000000000000000000000000,blockchain/contracts/collected/ERC20ByMetadrop_0xd31e5396.sol,,manual,False,False,False,False,False,False,False,False,False,False,False,False,False,False,False,False,False,False,False,False,False,False,False,False,False,0,0,0,0,0,0,0,0,0,0,1,0,0.0,0,0,0.0,0,0,0,0,0,0,0,0,0,0,0,0.0,0.0,0.0,0.0,False,simple,VERSION_MISMATCH,"Version mismatch: Invalid compilation: 
Invalid solc compilation Error: Source file requires different compiler version (current compiler is 0.8.31+commit.fd3a2265.Linux.g++) - note that nightly builds are considered to be strictly less than the released version
   --> blockchain/contracts/collected/ERC20ByMetadrop_0xd31e5396.sol:722:1:
    |
722 | pragma solidity 0.8.21;
    | ^^^^^^^^^^^^^^^^^^^^^^^

",0,0,0,0,0.0,False,0,0,0,0,0,0,0.0,False,0,0,0.0,0,0,0,False,0,0,0.0,0
553,GovernanceToken,0x57240c3e00000000000000000000000000000000,blockchain/contracts/collected/GovernanceToken_0x57240c3e,,manual,False,False,False,False,False,False,False,False,False,False,False,False,False,False,False,False,False,False,False,False,False,False,False,False,False,0,0,0,0,0,0,0,0,0,0,1,0,0.0,0,0,0.0,0,0,0,0,0,0,0,0,0,0,0,0.0,0.0,0.0,0.0,False,simple,IMPORT_ERROR,"External library imports: Invalid compilation: 
Invalid solc compilation Error: Source ""@openzeppelin/contracts/token/ERC20/ERC20.sol"" not found: File not found. Searched the following locations: """".
 --> blockchain/contracts/collected/GovernanceToken_0x57240c3e/GovernanceToken.sol:4:1:
  |
4 | import { ERC20 } from ""@openzeppelin/contracts/token/ERC20/ERC20.sol"";
  | ^^^^^^^^^^^^^^^^^^^^^^^^^^^^^^^^^^^^^^^^^^^^^^^^^^^^^^^^^^^^^^^^^^^^^^

Error: Source ""@openzeppelin/contracts/token/ERC20/extensions/ERC20Burnable.sol"" not found: File not found. Searched the following locations: """".
 --> blockchain/contracts/collected/GovernanceToken_0x57240c3e/GovernanceToken.sol:5:1:
  |
5 | import { ERC20Burnable } from ""@openzeppelin/contracts/token/ERC20/extensions/ERC20Burnable.sol"";
  | ^^^^^^^^^^^^^^^^^^^^^^^^^^^^^^^^^^^^^^^^^^^^^^^^^^^^^^^^^^^^^^^^^^^^^^^^^^^^^^^^^^^^^^^^^^^^^^^^^

Error: Source ""@openzeppelin/contracts/token/ERC20/extensions/ERC20Votes.sol"" not found: File not found. Searched the following locations: """".
 --> blockchain/contracts/collected/GovernanceToken_0x57240c3e/GovernanceToken.sol:6:1:
  |
6 | import { ERC20Votes } from ""@openzeppelin/contracts/token/ERC20/extensions/ERC20Votes.sol"";
  | ^^^^^^^^^^^^^^^^^^^^^^^^^^^^^^^^^^^^^^^^^^^^^^^^^^^^^^^^^^^^^^^^^^^^^^^^^^^^^^^^^^^^^^^^^^^

Error: Source ""@openzeppelin/contracts/token/ERC20/extensions/ERC20Permit.sol"" not found: File not found. Searched the following locations: """".
 --> blockchain/contracts/collected/GovernanceToken_0x57240c3e/GovernanceToken.sol:7:1:
  |
7 | import { ERC20Permit} from ""@openzeppelin/contracts/token/ERC20/extensions/ERC20Permit.sol"";
  | ^^^^^^^^^^^^^^^^^^^^^^^^^^^^^^^^^^^^^^^^^^^^^^^^^^^^^^^^^^^^^^^^^^^^^^^^^^^^^^^^^^^^^^^^^^^^

Error: Source ""@openzeppelin/contracts/access/Ownable2Step.sol"" not found: File not found. Searched the following locations: """".
 --> blockchain/contracts/collected/GovernanceToken_0x57240c3e/GovernanceToken.sol:8:1:
  |
8 | import { Ownable2Step } from """,0,0,0,0,0.0,False,0,0,0,0,0,0,0.0,False,0,0,0.0,0,0,0,False,0,0,0.0,0
554,Sharev3,0x024b6e7d00000000000000000000000000000000,blockchain/contracts/collected/Sharev3_0x024b6e7d.sol,,manual,False,False,False,True,False,False,False,False,False,False,False,False,False,False,True,False,False,True,False,False,False,False,True,True,False,0,0,33,5,1,1,0,1,0,800,9,1,1.0,0,509,0.63625,0,1,3,0,18,15,0,0,0,8,4,0.0,0.0,33.0,117.5625,True,critical,,,18,13,0,7,0.7222222222222222,False,1,5,5,11,1,1,0.08333333333333333,True,4,1,2.2,6,1,1,True,0,5,0.0,3
555,MetaMorpho,0x9a8bc3b000000000000000000000000000000000,blockchain/contracts/collected/MetaMorpho_0x9a8bc3b0,,manual,False,False,False,False,False,False,False,False,False,False,False,False,False,False,False,False,False,False,False,False,False,False,False,False,False,0,0,0,0,0,0,0,0,0,0,1,0,0.0,0,0,0.0,0,0,0,0,0,0,0,0,0,0,0,0.0,0.0,0.0,0.0,False,simple,IMPORT_ERROR,"File not found: Invalid compilation: 
Invalid solc compilation Error: Source ""blockchain/contracts/collected/MetaMorpho_0x9a8bc3b0/interfaces/IMetaMorpho.sol"" not found: File not found. Searched the following locations: """".
 --> blockchain/contracts/collected/MetaMorpho_0x9a8bc3b0/MetaMorpho.sol:4:1:
  |
4 | import {
  | ^ (Relevant source part starts here and spans across multiple lines).

Error: Source ""blockchain/contracts/collected/lib/morpho-blue/src/interfaces/IMorpho.sol"" not found: File not found. Searched the following locations: """".
  --> blockchain/contracts/collected/MetaMorpho_0x9a8bc3b0/MetaMorpho.sol:12:1:
   |
12 | import {Id, MarketParams, Market, IMorpho} from ""../lib/morpho-blue/src/interfaces/IMorpho.sol"";
   | ^^^^^^^^^^^^^^^^^^^^^^^^^^^^^^^^^^^^^^^^^^^^^^^^^^^^^^^^^^^^^^^^^^^^^^^^^^^^^^^^^^^^^^^^^^^^^^^^

Error: Source ""blockchain/contracts/collected/MetaMorpho_0x9a8bc3b0/libraries/PendingLib.sol"" not found: File not found. Searched the following locations: """".
  --> blockchain/contracts/collected/MetaMorpho_0x9a8bc3b0/MetaMorpho.sol:14:1:
   |
14 | import {PendingUint192, PendingAddress, PendingLib} from ""./libraries/PendingLib.sol"";
   | ^^^^^^^^^^^^^^^^^^^^^^^^^^^^^^^^^^^^^^^^^^^^^^^^^^^^^^^^^^^^^^^^^^^^^^^^^^^^^^^^^^^^^^

Error: Source ""blockchain/contracts/collected/MetaMorpho_0x9a8bc3b0/libraries/ConstantsLib.sol"" not found: File not found. Searched the following locations: """".
  --> blockchain/contracts/collected/MetaMorpho_0x9a8bc3b0/MetaMorpho.sol:15:1:
   |
15 | import {ConstantsLib} from ""./libraries/ConstantsLib.sol"";
   | ^^^^^^^^^^^^^^^^^^^^^^^^^^^^^^^^^^^^^^^^^^^^^^^^^^^^^^^^^^

Error: Source ""blockchain/contracts/collected/MetaMorpho_0x9a8bc3b0/libraries/ErrorsLib.sol"" not found: File not found. Searched the following locations: """".
  --> blockchain/contracts/collected/MetaMorpho_0x9a8bc3b0/MetaMorpho.sol:16:1:
   |
16 | import {ErrorsLib} from ""./libraries/ErrorsLib.sol"";
   | ^^^^^^^^^^^^^^^^^^^^^^^^^^^^^^^^^^^^^^^^^^^^^^^^^^^",0,0,0,0,0.0,False,0,0,0,0,0,0,0.0,False,0,0,0.0,0,0,0,False,0,0,0.0,0
556,LOKA,0x61e90a5000000000000000000000000000000000,blockchain/contracts/collected/LOKA_0x61e90a50.sol,,manual,False,False,True,False,False,False,False,True,False,False,False,False,False,False,False,False,False,True,False,False,False,False,True,False,False,1,1,8,7,1,1,0,1,0,615,9,1,1.0,0,317,0.5154471544715448,0,0,2,0,6,5,0,2,1,7,4,0.0,0.0,23.0,31.21428571428571,True,complex,,,22,15,0,4,0.6818181818181818,False,1,7,7,11,1,1,0.08333333333333333,True,6,1,1.5714285714285714,6,1,3,True,0,17,0.0,7
557,BlockBlend,0x0a44a7cc00000000000000000000000000000000,blockchain/contracts/collected/BlockBlend_0x0a44a7cc.sol,,manual,True,True,True,True,True,True,True,False,False,False,False,False,True,False,True,False,False,False,False,False,False,False,True,True,False,2,6,66,17,11,15,0,17,0,1354,14,1,2.2941176470588234,1,615,0.45420974889217136,2,1,2,0,53,28,0,8,7,19,7,0.0,0.0,116.0,443.2421052631579,True,critical,,,121,115,0,26,0.9504132231404959,False,0,39,17,27,2,11,0.2894736842105263,True,12,5,1.588235294117647,12,15,9,True,5,19,1.8,11
558,InitializedProxy,0xdffa3a7f00000000000000000000000000000000,blockchain/contracts/collected/InitializedProxy_0xdffa3a7f,,manual,False,False,False,True,False,False,False,False,False,False,False,False,False,False,True,False,False,False,False,False,False,False,True,False,False,0,0,5,3,1,1,0,3,1,42,1,1,1.6666666666666667,0,11,0.2619047619047619,2,0,0,0,4,1,0,0,0,4,3,0.0,0.0,5.0,5.875,True,moderate,,,25,23,0,16,0.92,False,0,5,3,10,1,1,0.09090909090909091,False,3,0,3.3333333333333335,11,1,1,True,1,2,1.0,1
559,UnFederalReserveToken,0x5218e47200000000000000000000000000000000,blockchain/contracts/collected/UnFederalReserveToken_0x5218e472.sol,,manual,False,False,True,True,False,False,False,False,False,False,False,False,False,False,True,False,False,True,False,False,False,False,True,False,False,0,1,28,12,5,6,0,14,0,896,7,1,3.1666666666666665,2,528,0.5892857142857143,0,2,2,0,13,16,0,1,0,9,5,0.0,0.0,33.0,88.73333333333332,True,critical,,,95,91,2,19,0.9578947368421052,True,12,38,12,20,5,5,0.2,False,6,6,1.6666666666666667,12,6,4,True,0,24,0.0,10
560,BRC20,0xda31d0d100000000000000000000000000000000,blockchain/contracts/collected/BRC20_0xda31d0d1,,manual,False,False,False,False,False,False,False,False,False,False,False,False,False,False,False,False,False,False,False,False,False,False,False,False,False,0,0,0,0,0,0,0,0,0,0,1,0,0.0,0,0,0.0,0,0,0,0,0,0,0,0,0,0,0,0.0,0.0,0.0,0.0,False,simple,IMPORT_ERROR,"File not found: Invalid compilation: 
Invalid solc compilation Error: Source ""blockchain/contracts/collected/BRC20_0xda31d0d1/interfaces/IBRC20Factory.sol"" not found: File not found. Searched the following locations: """".
 --> blockchain/contracts/collected/BRC20_0xda31d0d1/BRC20.sol:5:1:
  |
5 | import ""./interfaces/IBRC20Factory.sol"";
  | ^^^^^^^^^^^^^^^^^^^^^^^^^^^^^^^^^^^^^^^^

",0,0,0,0,0.0,False,0,0,0,0,0,0,0.0,False,0,0,0.0,0,0,0,False,0,0,0.0,0
561,Chain,0xa2cd3d4300000000000000000000000000000000,blockchain/contracts/collected/Chain_0xa2cd3d43.sol,,manual,True,False,True,False,False,True,True,True,False,False,False,False,False,False,True,False,False,True,False,False,False,False,True,False,False,1,2,20,13,6,10,0,14,0,554,10,1,3.0,2,216,0.3898916967509025,0,3,2,0,9,14,0,3,0,12,6,0.0,0.0,40.0,62.666666666666664,True,critical,,,104,99,2,19,0.9519230769230769,True,13,39,13,25,5,6,0.1935483870967742,True,7,6,1.9230769230769231,13,10,5,True,1,26,5.0,10
562,ERC20Token,0x723cbfc000000000000000000000000000000000,blockchain/contracts/collected/ERC20Token_0x723cbfc0.sol,,manual,False,False,False,False,False,False,False,True,False,False,False,False,False,False,True,False,False,True,False,False,False,False,True,False,False,1,0,29,3,0,1,0,3,0,1262,23,1,1.6666666666666667,0,770,0.6101426307448494,0,0,5,0,24,9,0,1,0,7,4,0.0,0.0,39.0,168.81428571428572,True,critical,,,8,6,0,3,0.75,False,0,5,3,2,1,0,0.0,True,1,2,0.6666666666666666,3,1,0,False,0,6,0.0,1
563,MonethaToken,0xaf4dce1600000000000000000000000000000000,blockchain/contracts/collected/MonethaToken_0xaf4dce16.sol,,manual,False,False,True,False,False,False,False,False,False,False,False,False,False,False,False,False,False,False,False,False,False,False,True,False,False,0,0,23,10,0,15,0,5,0,128,2,1,1.8,0,37,0.2890625,0,0,1,0,12,11,0,0,0,8,2,0.0,0.0,23.0,56.6375,True,complex,,,57,51,0,10,0.8947368421052632,False,4,18,10,13,2,0,0.0,False,7,3,1.3,7,15,6,True,0,13,0.0,7
564,OneInch,0x1111111100000000000000000000000000000000,blockchain/contracts/collected/OneInch_0x11111111.sol,,manual,False,False,False,False,False,False,False,False,False,False,False,False,False,False,False,False,False,False,False,False,False,False,False,False,False,0,0,0,0,0,0,0,0,0,0,1,0,0.0,0,0,0.0,0,0,0,0,0,0,0,0,0,0,0,0.0,0.0,0.0,0.0,False,simple,VERSION_MISMATCH,"Version mismatch: Invalid compilation: 
Invalid solc compilation Error: Source file requires different compiler version (current compiler is 0.7.6+commit.7338295f.Linux.g++) - note that nightly builds are considered to be strictly less than the released version
   --> /home/motafeq/projects/chainguardian-ai/blockchain/contracts/collected/OneInch_0x11111111.sol:778:1:
    |
778 | pragma solidity ^0.6.0;
    | ^^^^^^^^^^^^^^^^^^^^^^^

",0,0,0,0,0.0,False,0,0,0,0,0,0,0.0,False,0,0,0.0,0,0,0,False,0,0,0.0,0
565,RedstoneToken,0xc43c6bfe00000000000000000000000000000000,blockchain/contracts/collected/RedstoneToken_0xc43c6bfe,,manual,False,False,False,False,False,False,False,False,False,False,False,False,False,False,False,False,False,False,False,False,False,False,False,False,False,0,0,0,0,0,0,0,0,0,0,1,0,0.0,0,0,0.0,0,0,0,0,0,0,0,0,0,0,0,0.0,0.0,0.0,0.0,False,simple,IMPORT_ERROR,"External library imports: Invalid compilation: 
Invalid solc compilation Error: Source ""@openzeppelin/contracts/token/ERC20/ERC20.sol"" not found: File not found. Searched the following locations: """".
 --> blockchain/contracts/collected/RedstoneToken_0xc43c6bfe/RedstoneToken.sol:5:1:
  |
5 | import ""@openzeppelin/contracts/token/ERC20/ERC20.sol"";
  | ^^^^^^^^^^^^^^^^^^^^^^^^^^^^^^^^^^^^^^^^^^^^^^^^^^^^^^^

",0,0,0,0,0.0,False,0,0,0,0,0,0,0.0,False,0,0,0.0,0,0,0,False,0,0,0.0,0
566,RibbonToken,0x6123b00400000000000000000000000000000000,blockchain/contracts/collected/RibbonToken_0x6123b004.sol,,manual,False,False,False,False,False,False,False,False,False,False,False,False,False,False,False,False,False,True,False,False,False,False,True,False,False,0,0,15,6,0,4,3,1,0,729,10,1,1.0,0,446,0.6117969821673526,0,0,3,0,10,5,0,0,0,5,2,0.0,0.0,15.0,40.5,False,complex,,,21,15,0,6,0.7142857142857143,False,0,6,6,9,1,0,0.0,True,3,3,1.5,8,4,1,True,0,10,0.0,4
567,Coin98,0xae12c59300000000000000000000000000000000,blockchain/contracts/collected/Coin98_0xae12c593.sol,,manual,False,False,False,False,False,False,False,False,False,False,False,False,False,False,False,False,False,True,False,False,False,False,True,False,False,0,0,18,23,10,7,0,1,0,743,6,1,1.0,0,498,0.6702557200538358,0,9,1,0,7,13,0,0,2,6,2,0.0,0.0,18.0,48.3,False,complex,,,77,54,0,6,0.7012987012987013,False,11,23,23,32,3,10,0.23809523809523808,False,17,6,1.391304347826087,14,7,8,True,5,35,1.6,16
568,AlToken,0xbc6da0fe00000000000000000000000000000000,blockchain/contracts/collected/AlToken_0xbc6da0fe,,manual,False,False,False,False,False,False,False,False,False,False,False,False,False,False,False,False,False,False,False,False,False,False,False,False,False,0,0,0,0,0,0,0,0,0,0,1,0,0.0,0,0,0.0,0,0,0,0,0,0,0,0,0,0,0,0.0,0.0,0.0,0.0,False,simple,IMPORT_ERROR,"External library imports: Invalid compilation: 
Invalid solc compilation Error: Source ""@openzeppelin/contracts/access/AccessControl.sol"" not found: File not found.
 --> /home/motafeq/projects/chainguardian-ai/blockchain/contracts/collected/AlToken_0xbc6da0fe/AlToken.sol:5:1:
  |
5 | import {AccessControl} from ""@openzeppelin/contracts/access/AccessControl.sol"";
  | ^^^^^^^^^^^^^^^^^^^^^^^^^^^^^^^^^^^^^^^^^^^^^^^^^^^^^^^^^^^^^^^^^^^^^^^^^^^^^^^

Error: Source ""@openzeppelin/contracts/token/ERC20/ERC20.sol"" not found: File not found.
 --> /home/motafeq/projects/chainguardian-ai/blockchain/contracts/collected/AlToken_0xbc6da0fe/AlToken.sol:6:1:
  |
6 | import {ERC20} from ""@openzeppelin/contracts/token/ERC20/ERC20.sol"";
  | ^^^^^^^^^^^^^^^^^^^^^^^^^^^^^^^^^^^^^^^^^^^^^^^^^^^^^^^^^^^^^^^^^^^^

Error: Source ""@openzeppelin/contracts/token/ERC20/SafeERC20.sol"" not found: File not found.
 --> /home/motafeq/projects/chainguardian-ai/blockchain/contracts/collected/AlToken_0xbc6da0fe/AlToken.sol:7:1:
  |
7 | import {SafeERC20} from ""@openzeppelin/contracts/token/ERC20/SafeERC20.sol"";
  | ^^^^^^^^^^^^^^^^^^^^^^^^^^^^^^^^^^^^^^^^^^^^^^^^^^^^^^^^^^^^^^^^^^^^^^^^^^^^

Error: Source ""@openzeppelin/contracts/access/Ownable.sol"" not found: File not found.
 --> /home/motafeq/projects/chainguardian-ai/blockchain/contracts/collected/AlToken_0xbc6da0fe/AlToken.sol:8:1:
  |
8 | import {Ownable} from ""@openzeppelin/contracts/access/Ownable.sol"";
  | ^^^^^^^^^^^^^^^^^^^^^^^^^^^^^^^^^^^^^^^^^^^^^^^^^^^^^^^^^^^^^^^^^^^

Error: Source ""/home/motafeq/projects/chainguardian-ai/blockchain/contracts/collected/AlToken_0xbc6da0fe/interfaces/IDetailedERC20.sol"" not found: File not found.
  --> /home/motafeq/projects/chainguardian-ai/blockchain/contracts/collected/AlToken_0xbc6da0fe/AlToken.sol:10:1:
   |
10 | import {IDetailedERC20} from ""./interfaces/IDetailedERC20.sol"";
   | ^^^^^^^^^^^^^^^^^^^^^^^^^^^^^^^^^^^^^^^^^^^^^^^^^^^^^^^^^^^^^^^

",0,0,0,0,0.0,False,0,0,0,0,0,0,0.0,False,0,0,0.0,0,0,0,False,0,0,0.0,0
569,CErc20Delegator,0x4b01811000000000000000000000000000000000,blockchain/contracts/collected/CErc20Delegator_0x4b018110,,manual,True,False,False,True,False,False,True,False,True,False,False,False,False,False,True,False,False,False,False,False,True,False,True,False,False,2,3,42,39,71,0,0,3,3,425,11,1,1.0512820512820513,0,230,0.5411764705882353,1,0,2,0,57,6,0,5,0,12,6,0.0,0.0,77.0,392.7,True,critical,,,132,94,0,7,0.7121212121212122,False,34,41,39,105,2,71,0.4034090909090909,False,37,2,2.6923076923076925,5,0,28,True,5,51,5.6,29
570,ERC1967Proxy,0x44f49ff000000000000000000000000000000000,blockchain/contracts/collected/ERC1967Proxy_0x44f49ff0,,manual,False,False,False,False,False,False,False,False,False,False,False,False,False,False,False,False,False,False,False,False,False,False,False,False,False,0,0,0,0,0,0,0,0,0,0,1,0,0.0,0,0,0.0,0,0,0,0,0,0,0,0,0,0,0,0.0,0.0,0.0,0.0,False,simple,IMPORT_ERROR,"File not found: Invalid compilation: 
Invalid solc compilation Error: Source ""blockchain/contracts/collected/Proxy.sol"" not found: File not found. Searched the following locations: """".
 --> blockchain/contracts/collected/ERC1967Proxy_0x44f49ff0/ERC1967Proxy.sol:6:1:
  |
6 | import {Proxy} from ""../Proxy.sol"";
  | ^^^^^^^^^^^^^^^^^^^^^^^^^^^^^^^^^^^

Error: Source ""blockchain/contracts/collected/beacon/IBeacon.sol"" not found: File not found. Searched the following locations: """".
 --> blockchain/contracts/collected/ERC1967Proxy_0x44f49ff0/ERC1967Utils.sol:6:1:
  |
6 | import {IBeacon} from ""../beacon/IBeacon.sol"";
  | ^^^^^^^^^^^^^^^^^^^^^^^^^^^^^^^^^^^^^^^^^^^^^^

Error: Source ""blockchain/contracts/interfaces/IERC1967.sol"" not found: File not found. Searched the following locations: """".
 --> blockchain/contracts/collected/ERC1967Proxy_0x44f49ff0/ERC1967Utils.sol:7:1:
  |
7 | import {IERC1967} from ""../../interfaces/IERC1967.sol"";
  | ^^^^^^^^^^^^^^^^^^^^^^^^^^^^^^^^^^^^^^^^^^^^^^^^^^^^^^^

Error: Source ""blockchain/contracts/utils/Address.sol"" not found: File not found. Searched the following locations: """".
 --> blockchain/contracts/collected/ERC1967Proxy_0x44f49ff0/ERC1967Utils.sol:8:1:
  |
8 | import {Address} from ""../../utils/Address.sol"";
  | ^^^^^^^^^^^^^^^^^^^^^^^^^^^^^^^^^^^^^^^^^^^^^^^^

Error: Source ""blockchain/contracts/utils/StorageSlot.sol"" not found: File not found. Searched the following locations: """".
 --> blockchain/contracts/collected/ERC1967Proxy_0x44f49ff0/ERC1967Utils.sol:9:1:
  |
9 | import {StorageSlot} from ""../../utils/StorageSlot.sol"";
  | ^^^^^^^^^^^^^^^^^^^^^^^^^^^^^^^^^^^^^^^^^^^^^^^^^^^^^^^^

",0,0,0,0,0.0,False,0,0,0,0,0,0,0.0,False,0,0,0.0,0,0,0,False,0,0,0.0,0
571,Vyper_contract,0xa258c46000000000000000000000000000000000,blockchain/contracts/collected/Vyper_contract_0xa258c460.sol,,manual,False,False,False,False,False,False,False,False,False,False,False,False,False,False,False,False,False,False,False,False,False,False,False,False,False,0,0,0,0,0,0,0,0,0,0,1,0,0.0,0,0,0.0,0,0,0,0,0,0,0,0,0,0,0,0.0,0.0,0.0,0.0,False,simple,COMPILATION_ERROR,"Compilation error: Invalid compilation: 
Invalid solc compilation Error: Expected pragma, import directive or contract/interface/library/struct/enum/constant/function/error definition.
 --> blockchain/contracts/collected/Vyper_contract_0xa258c460.sol:1:1:
  |
1 | # @version 0.2.12
  | ^

",0,0,0,0,0.0,False,0,0,0,0,0,0,0.0,False,0,0,0.0,0,0,0,False,0,0,0.0,0
572,MiniMeToken,0x3f382dbd00000000000000000000000000000000,blockchain/contracts/collected/MiniMeToken_0x3f382dbd.sol,,manual,True,False,False,False,False,False,True,True,False,False,False,False,False,False,True,False,False,True,False,False,False,False,True,False,False,1,2,55,22,12,12,0,12,0,516,5,1,2.6363636363636362,1,240,0.46511627906976744,1,0,1,0,52,11,0,3,0,13,6,0.0,0.0,75.0,344.42307692307696,True,critical,,,157,142,2,15,0.9044585987261147,True,29,58,22,33,3,12,0.26666666666666666,False,16,6,1.5,11,12,10,True,8,44,1.25,19
573,TransparentUpgradeableProxy,0x14d60e7f00000000000000000000000000000000,blockchain/contracts/collected/TransparentUpgradeableProxy_0x14d60e7f,,manual,False,False,False,False,False,False,False,False,False,False,False,False,False,False,False,False,False,False,False,False,False,False,False,False,False,0,0,0,0,0,0,0,0,0,0,1,0,0.0,0,0,0.0,0,0,0,0,0,0,0,0,0,0,0,0.0,0.0,0.0,0.0,False,simple,IMPORT_ERROR,"File not found: Invalid compilation: 
Invalid solc compilation Error: Source ""blockchain/contracts/collected/ERC1967/ERC1967Proxy.sol"" not found: File not found. Searched the following locations: """".
 --> blockchain/contracts/collected/TransparentUpgradeableProxy_0x14d60e7f/TransparentUpgradeableProxy.sol:6:1:
  |
6 | import ""../ERC1967/ERC1967Proxy.sol"";
  | ^^^^^^^^^^^^^^^^^^^^^^^^^^^^^^^^^^^^^

",0,0,0,0,0.0,False,0,0,0,0,0,0,0.0,False,0,0,0.0,0,0,0,False,0,0,0.0,0
574,DssToken,0x213c53c900000000000000000000000000000000,blockchain/contracts/collected/DssToken_0x213c53c9.sol,,manual,True,False,False,True,False,False,True,True,False,False,False,False,False,False,True,False,False,True,False,False,False,False,True,True,False,2,11,90,2,0,0,0,1,0,1212,11,1,1.0,0,646,0.533003300330033,0,0,2,0,58,50,0,13,4,18,5,0.0,0.0,165.0,852.5,True,critical,,,6,4,0,2,0.6666666666666666,False,0,2,2,4,1,0,0.0,False,2,0,2.0,3,0,0,False,0,4,0.0,2
575,Share,0x5bb29c3300000000000000000000000000000000,blockchain/contracts/collected/Share_0x5bb29c33.sol,,manual,False,False,False,True,False,False,False,False,False,False,False,False,False,False,True,False,False,True,False,False,False,False,True,True,False,0,0,32,4,0,0,0,1,0,798,9,1,1.0,0,510,0.6390977443609023,0,0,3,0,18,14,0,0,0,7,4,0.0,0.0,32.0,127.08571428571427,True,critical,,,15,11,0,5,0.7333333333333333,False,1,4,4,9,1,0,0.0,True,4,0,2.25,3,0,0,False,0,5,0.0,3
576,GEEQToken,0x6b9f031d00000000000000000000000000000000,blockchain/contracts/collected/GEEQToken_0x6b9f031d.sol,,manual,False,False,False,False,False,False,False,False,False,False,False,False,False,False,False,False,False,False,False,False,False,False,True,False,False,0,0,8,18,14,11,0,3,0,174,5,1,1.5555555555555556,0,3,0.017241379310344827,0,7,1,0,6,4,0,0,0,6,1,0.0,0.0,8.0,11.733333333333333,False,moderate,,,84,69,0,7,0.8214285714285714,False,9,28,18,11,2,14,0.56,False,17,1,0.6111111111111112,10,11,8,True,6,19,1.3333333333333333,10
577,PDA,0x0d3cbed300000000000000000000000000000000,blockchain/contracts/collected/PDA_0x0d3cbed3,,manual,False,False,False,False,False,False,False,False,False,False,False,False,False,False,False,False,False,False,False,False,False,False,False,False,False,0,0,0,0,0,0,0,0,0,0,1,0,0.0,0,0,0.0,0,0,0,0,0,0,0,0,0,0,0,0.0,0.0,0.0,0.0,False,simple,IMPORT_ERROR,"External library imports: Invalid compilation: 
Invalid solc compilation Error: Source ""@openzeppelin/contracts/token/ERC20/ERC20.sol"" not found: File not found. Searched the following locations: """".
 --> blockchain/contracts/collected/PDA_0x0d3cbed3/PDA.sol:4:1:
  |
4 | import ""@openzeppelin/contracts/token/ERC20/ERC20.sol"";
  | ^^^^^^^^^^^^^^^^^^^^^^^^^^^^^^^^^^^^^^^^^^^^^^^^^^^^^^^

Error: Source ""@openzeppelin/contracts/token/ERC20/extensions/ERC20Burnable.sol"" not found: File not found. Searched the following locations: """".
 --> blockchain/contracts/collected/PDA_0x0d3cbed3/PDA.sol:5:1:
  |
5 | import ""@openzeppelin/contracts/token/ERC20/extensions/ERC20Burnable.sol"";
  | ^^^^^^^^^^^^^^^^^^^^^^^^^^^^^^^^^^^^^^^^^^^^^^^^^^^^^^^^^^^^^^^^^^^^^^^^^^

Error: Source ""@openzeppelin/contracts/access/AccessControl.sol"" not found: File not found. Searched the following locations: """".
 --> blockchain/contracts/collected/PDA_0x0d3cbed3/PDA.sol:6:1:
  |
6 | import ""@openzeppelin/contracts/access/AccessControl.sol"";
  | ^^^^^^^^^^^^^^^^^^^^^^^^^^^^^^^^^^^^^^^^^^^^^^^^^^^^^^^^^^

Error: Source ""@openzeppelin/contracts/security/Pausable.sol"" not found: File not found. Searched the following locations: """".
 --> blockchain/contracts/collected/PDA_0x0d3cbed3/PDA.sol:7:1:
  |
7 | import ""@openzeppelin/contracts/security/Pausable.sol"";
  | ^^^^^^^^^^^^^^^^^^^^^^^^^^^^^^^^^^^^^^^^^^^^^^^^^^^^^^^

Error: Source ""@openzeppelin/contracts/access/Ownable2Step.sol"" not found: File not found. Searched the following locations: """".
 --> blockchain/contracts/collected/PDA_0x0d3cbed3/PDA.sol:8:1:
  |
8 | import ""@openzeppelin/contracts/access/Ownable2Step.sol"";
  | ^^^^^^^^^^^^^^^^^^^^^^^^^^^^^^^^^^^^^^^^^^^^^^^^^^^^^^^^^

",0,0,0,0,0.0,False,0,0,0,0,0,0,0.0,False,0,0,0.0,0,0,0,False,0,0,0.0,0
578,HEZ,0xeef9f33900000000000000000000000000000000,blockchain/contracts/collected/HEZ_0xeef9f339,,manual,False,False,False,False,False,False,False,False,False,False,False,False,False,False,False,False,False,False,False,False,False,False,False,False,False,0,0,0,0,0,0,0,0,0,0,1,0,0.0,0,0,0.0,0,0,0,0,0,0,0,0,0,0,0,0.0,0.0,0.0,0.0,False,simple,IMPORT_ERROR,"File not found: Invalid compilation: 
Invalid solc compilation Error: Source ""/home/motafeq/projects/chainguardian-ai/blockchain/contracts/collected/HEZToken.sol"" not found: File not found.
 --> /home/motafeq/projects/chainguardian-ai/blockchain/contracts/collected/HEZ_0xeef9f339/HEZTokenMock.sol:5:1:
  |
5 | import ""../HEZToken.sol"";
  | ^^^^^^^^^^^^^^^^^^^^^^^^^

",0,0,0,0,0.0,False,0,0,0,0,0,0,0.0,False,0,0,0.0,0,0,0,False,0,0,0.0,0
579,PillarToken,0xe381850400000000000000000000000000000000,blockchain/contracts/collected/PillarToken_0xe3818504.sol,,manual,False,False,True,False,True,True,False,False,False,False,False,False,False,False,False,True,False,False,True,False,False,False,True,False,False,0,11,67,14,17,27,2,13,0,458,10,1,3.4285714285714284,1,149,0.32532751091703055,3,8,1,0,61,21,0,11,2,16,6,0.0,0.0,122.0,577.2125,True,critical,,,138,125,0,19,0.9057971014492754,False,22,48,14,18,1,17,0.4857142857142857,False,12,2,1.2857142857142858,9,27,3,True,4,6,0.75,3
580,BeaconProxy,0x98968f0700000000000000000000000000000000,blockchain/contracts/collected/BeaconProxy_0x98968f07.sol,,manual,False,False,False,True,False,False,False,False,False,False,False,False,False,False,True,False,False,False,False,False,False,True,True,False,False,0,1,22,5,5,1,0,3,0,336,4,1,1.4,0,213,0.6339285714285714,1,2,1,0,14,9,0,1,0,5,4,0.0,0.0,27.0,109.62,True,critical,,,21,17,0,8,0.8095238095238095,False,1,7,5,8,4,5,0.38461538461538464,False,1,4,1.6,6,1,1,True,1,4,1.0,2
581,CosmosERC20,0xc0a4df3500000000000000000000000000000000,blockchain/contracts/collected/CosmosERC20_0xc0a4df35,,manual,False,False,False,False,False,False,False,False,False,False,False,False,False,False,False,False,False,False,False,False,False,False,True,False,False,0,0,2,0,0,0,0,0,0,0,1,0,0.0,0,0,0.0,0,0,0,0,2,0,0,0,0,1,1,0.0,0.0,2.0,4.0,False,simple,,,0,0,0,0,0.0,False,0,0,0,0,0,0,0.0,False,0,0,0.0,0,0,0,False,0,0,0.0,0
582,NuCypherToken,0x4fe8321300000000000000000000000000000000,blockchain/contracts/collected/NuCypherToken_0x4fe83213.sol,,manual,False,False,False,False,False,False,False,False,False,False,False,False,False,False,False,False,False,True,False,False,False,False,True,False,False,0,0,13,2,1,0,0,1,0,314,6,1,1.0,0,175,0.5573248407643312,0,0,2,0,8,5,0,0,0,4,2,0.0,0.0,13.0,37.375,False,complex,,,6,4,0,3,0.6666666666666666,False,1,2,2,2,1,1,0.3333333333333333,False,2,0,1.0,2,0,1,False,1,4,1.0,2
583,ERC20Template,0x9abfcace00000000000000000000000000000000,blockchain/contracts/collected/ERC20Template_0x9abfcace,,manual,False,False,False,False,False,False,False,False,False,False,False,False,False,False,False,False,False,False,False,False,False,False,False,False,False,0,0,0,0,0,0,0,0,0,0,1,0,0.0,0,0,0.0,0,0,0,0,0,0,0,0,0,0,0,0.0,0.0,0.0,0.0,False,simple,IMPORT_ERROR,"External library imports: Invalid compilation: 
Invalid solc compilation Error: Source ""@openzeppelin/contracts/token/ERC20/ERC20.sol"" not found: File not found. Searched the following locations: """".
  --> blockchain/contracts/collected/ERC20Template_0x9abfcace/ERC20Template.sol:40:1:
   |
40 | import {ERC20} from ""@openzeppelin/contracts/token/ERC20/ERC20.sol"";
   | ^^^^^^^^^^^^^^^^^^^^^^^^^^^^^^^^^^^^^^^^^^^^^^^^^^^^^^^^^^^^^^^^^^^^

Error: Source ""@openzeppelin/contracts/token/ERC20/extensions/ERC20Burnable.sol"" not found: File not found. Searched the following locations: """".
  --> blockchain/contracts/collected/ERC20Template_0x9abfcace/ERC20Template.sol:41:1:
   |
41 | import {ERC20Burnable} from ""@openzeppelin/contracts/token/ERC20/extensions/ERC20Burnable.sol"";
   | ^^^^^^^^^^^^^^^^^^^^^^^^^^^^^^^^^^^^^^^^^^^^^^^^^^^^^^^^^^^^^^^^^^^^^^^^^^^^^^^^^^^^^^^^^^^^^^^

Error: Source ""@openzeppelin/contracts/utils/Pausable.sol"" not found: File not found. Searched the following locations: """".
  --> blockchain/contracts/collected/ERC20Template_0x9abfcace/ERC20Template.sol:42:1:
   |
42 | import {Pausable} from ""@openzeppelin/contracts/utils/Pausable.sol"";
   | ^^^^^^^^^^^^^^^^^^^^^^^^^^^^^^^^^^^^^^^^^^^^^^^^^^^^^^^^^^^^^^^^^^^^

Error: Source ""@openzeppelin/contracts/access/Ownable.sol"" not found: File not found. Searched the following locations: """".
  --> blockchain/contracts/collected/ERC20Template_0x9abfcace/ERC20Template.sol:43:1:
   |
43 | import {Ownable} from ""@openzeppelin/contracts/access/Ownable.sol"";
   | ^^^^^^^^^^^^^^^^^^^^^^^^^^^^^^^^^^^^^^^^^^^^^^^^^^^^^^^^^^^^^^^^^^^

Error: Source ""blockchain/contracts/utils/Secured.sol"" not found: File not found. Searched the following locations: """".
  --> blockchain/contracts/collected/ERC20Template_0x9abfcace/ERC20Template.sol:44:1:
   |
44 | import {Secured} from ""../../utils/Secured.sol"";
   | ^^^^^^^^^^^^^^^^^^^^^^^^^^^^^^^^^^^^^^^^^^^^^^^^

Error: Source ""blockchain/contracts/utils/Shallowed.sol"" not found: File n",0,0,0,0,0.0,False,0,0,0,0,0,0,0.0,False,0,0,0.0,0,0,0,False,0,0,0.0,0
584,AdminUpgradeabilityProxy,0xd714d91a00000000000000000000000000000000,blockchain/contracts/collected/AdminUpgradeabilityProxy_0xd714d91a.sol,,manual,False,False,False,True,False,False,False,False,True,False,False,False,False,False,True,False,False,True,False,False,False,False,True,False,False,7,0,25,3,0,0,0,1,0,425,12,1,1.0,0,238,0.56,1,0,3,0,22,10,0,7,0,9,5,0.0,0.0,95.0,306.1111111111111,True,critical,,,8,5,0,3,0.625,False,0,3,3,5,1,0,0.0,True,1,2,1.6666666666666667,4,0,0,True,0,3,0.0,1
585,AdminUpgradeabilityProxy,0xd291e7a000000000000000000000000000000000,blockchain/contracts/collected/AdminUpgradeabilityProxy_0xd291e7a0.sol,,manual,False,False,False,True,False,False,False,False,False,False,False,False,False,False,True,False,False,True,False,False,False,False,True,False,False,6,0,14,10,1,1,1,1,1,279,4,1,1.0,0,167,0.5985663082437276,2,0,2,0,12,8,0,6,0,7,4,0.0,0.0,74.0,186.05714285714282,True,critical,,,39,29,0,5,0.7435897435897436,False,2,10,10,22,2,1,0.043478260869565216,True,6,4,2.2,10,1,1,True,1,8,1.0,5
586,AToken,0x71fc860f00000000000000000000000000000000,blockchain/contracts/collected/AToken_0x71fc860f.sol,,manual,True,True,True,True,True,True,True,False,True,False,True,False,True,False,True,False,False,True,False,False,True,True,True,False,False,9,26,429,23,30,10,2,7,0,5465,34,1,2.217391304347826,0,2159,0.3950594693504117,0,18,2,0,398,75,0,35,2,31,9,0.0,0.0,649.0,9431.435483870966,True,critical,,,164,150,0,19,0.9146341463414634,False,16,51,23,40,4,30,0.42857142857142855,True,15,8,1.7391304347826086,12,10,13,True,1,39,13.0,21
587,ANTv2,0xa117000000000000000000000000000000000000,blockchain/contracts/collected/ANTv2_0xa1170000.sol,,manual,False,False,True,False,False,False,False,False,False,False,False,False,False,False,True,False,False,False,False,False,False,False,True,True,False,0,0,8,18,11,14,1,3,0,172,3,1,1.1111111111111112,0,21,0.12209302325581395,0,5,1,0,6,2,0,0,0,4,3,0.0,0.0,8.0,14.8,True,moderate,,,74,57,0,8,0.7702702702702703,False,6,20,18,28,3,11,0.28205128205128205,False,11,7,1.5555555555555556,12,14,9,True,1,44,9.0,15
588,ConvergenceToken,0xc834fa9900000000000000000000000000000000,blockchain/contracts/collected/ConvergenceToken_0xc834fa99.sol,,manual,False,False,False,False,False,False,False,False,False,False,False,False,False,False,False,False,False,False,False,False,False,False,True,True,False,0,0,23,2,0,1,0,1,0,615,5,1,1.0,0,399,0.6487804878048781,0,0,2,0,8,15,0,0,0,5,1,0.0,0.0,23.0,85.1,True,complex,,,4,2,0,2,0.5,False,0,2,2,2,1,0,0.0,False,1,1,1.0,3,1,0,True,0,1,0.0,1
589,PolyToken,0x9992ec3c00000000000000000000000000000000,blockchain/contracts/collected/PolyToken_0x9992ec3c.sol,,manual,False,False,False,False,False,False,False,False,False,False,False,False,False,False,False,False,False,False,False,False,False,False,True,False,False,0,0,19,10,7,7,0,3,0,187,3,1,1.2,0,96,0.5133689839572193,0,6,1,0,18,3,0,0,0,5,1,0.0,0.0,19.0,76.38,False,complex,,,45,36,0,8,0.8,False,7,12,10,3,1,7,0.7,False,8,2,0.3,8,7,6,True,3,15,2.0,8
590,AergoErc20,0x91af0fbb00000000000000000000000000000000,blockchain/contracts/collected/AergoErc20_0x91af0fbb.sol,,manual,False,False,False,True,False,False,False,False,False,False,False,False,False,False,True,False,False,True,False,False,False,False,True,False,False,0,0,28,11,0,2,1,1,0,793,7,1,1.0,0,523,0.6595208070617906,0,0,2,0,12,16,0,0,0,7,4,0.0,0.0,28.0,92.8,True,critical,,,47,36,0,4,0.7659574468085106,False,6,11,11,30,1,0,0.0,True,11,0,2.727272727272727,6,2,2,True,0,14,0.0,8
591,AdminUpgradeabilityProxy,0x3d65839000000000000000000000000000000000,blockchain/contracts/collected/AdminUpgradeabilityProxy_0x3d658390.sol,,manual,False,False,False,True,False,False,False,False,False,False,False,False,False,False,True,False,False,True,False,False,False,False,True,False,False,0,0,19,2,0,0,0,1,0,294,6,1,1.0,0,176,0.5986394557823129,1,0,3,0,17,2,0,0,0,6,4,0.0,0.0,19.0,58.26666666666666,True,complex,,,6,4,0,3,0.6666666666666666,False,0,2,2,4,1,0,0.0,True,1,1,2.0,4,0,0,True,0,3,0.0,1
592,ATAToken,0xa2120b9e00000000000000000000000000000000,blockchain/contracts/collected/ATAToken_0xa2120b9e,,manual,False,False,False,False,False,False,False,False,False,False,False,False,False,False,False,False,False,False,False,False,False,False,True,False,False,0,0,2,0,0,0,0,0,0,0,1,0,0.0,0,0,0.0,0,0,0,0,2,0,0,0,0,1,1,0.0,0.0,2.0,4.0,False,simple,,,0,0,0,0,0.0,False,0,0,0,0,0,0,0.0,False,0,0,0.0,0,0,0,False,0,0,0.0,0
593,CakeOFT,0x152649ea00000000000000000000000000000000,blockchain/contracts/collected/CakeOFT_0x152649ea,,manual,False,False,False,False,False,False,False,False,False,False,False,False,False,False,False,False,False,False,False,False,False,False,True,False,False,0,0,2,0,0,0,0,0,0,0,1,0,0.0,0,0,0.0,0,0,0,0,2,0,0,0,0,1,1,0.0,0.0,2.0,4.0,False,simple,,,0,0,0,0,0.0,False,0,0,0,0,0,0,0.0,False,0,0,0.0,0,0,0,False,0,0,0.0,0
594,Zeta,0xf091867e00000000000000000000000000000000,blockchain/contracts/collected/Zeta_0xf091867e.sol,,manual,False,False,False,False,False,False,False,False,False,False,False,False,False,False,False,False,False,True,False,False,False,False,True,False,False,0,0,6,1,0,0,0,1,0,106,5,1,1.0,0,4,0.03773584905660377,0,0,3,0,4,2,0,0,0,3,2,0.0,0.0,6.0,10.8,False,moderate,,,3,2,0,2,0.6666666666666666,False,0,1,1,3,1,0,0.0,True,1,0,3.0,2,0,0,False,0,3,0.0,1
595,GYEN,0xc085129200000000000000000000000000000000,blockchain/contracts/collected/GYEN_0xc0851292.sol,,manual,False,False,False,False,False,False,False,False,False,False,False,False,False,False,False,False,False,False,False,False,False,False,False,False,False,0,0,0,0,0,0,0,0,0,0,1,0,0.0,0,0,0.0,0,0,0,0,0,0,0,0,0,0,0,0.0,0.0,0.0,0.0,False,simple,VERSION_MISMATCH,"Version mismatch: Invalid compilation: 
Invalid solc compilation /home/motafeq/projects/chainguardian-ai/blockchain/contracts/collected/GYEN_0xc0851292.sol:345:1: Error: Source file requires different compiler version (current compiler is 0.5.17+commit.d19bba13.Linux.g++ - note that nightly builds are considered to be strictly less than the released version
pragma solidity 0.5.8;
^--------------------^
",0,0,0,0,0.0,False,0,0,0,0,0,0,0.0,False,0,0,0.0,0,0,0,False,0,0,0.0,0
596,RariToken,0xfca59cd800000000000000000000000000000000,blockchain/contracts/collected/RariToken_0xfca59cd8.sol,,manual,False,False,False,False,False,False,False,False,False,False,False,False,False,False,False,False,False,False,False,False,False,False,True,False,False,0,0,12,5,0,4,0,1,0,595,8,1,1.0,0,380,0.6386554621848739,0,0,3,0,3,9,0,0,0,3,1,0.0,0.0,12.0,37.2,False,moderate,,,13,8,0,4,0.6153846153846154,False,1,5,5,4,1,0,0.0,False,3,2,0.8,6,4,0,True,0,2,0.0,1
597,SwftCoin,0x0bb217e400000000000000000000000000000000,blockchain/contracts/collected/SwftCoin_0x0bb217e4.sol,,manual,False,False,False,False,True,False,False,False,False,False,False,False,False,False,False,False,False,False,False,False,False,False,True,False,False,0,2,41,9,1,3,0,9,0,145,4,1,3.2222222222222223,0,13,0.0896551724137931,1,0,1,0,42,4,0,2,1,10,3,0.0,0.0,51.0,228.48,True,critical,,,66,57,0,13,0.8636363636363636,False,11,29,9,4,1,1,0.2,False,8,1,0.4444444444444444,7,3,6,True,1,16,6.0,7
598,MainToken,0x97a9bac000000000000000000000000000000000,blockchain/contracts/collected/MainToken_0x97a9bac0.sol,,manual,False,False,True,False,False,False,False,False,False,False,False,False,False,False,True,False,False,False,False,False,False,False,True,False,False,0,1,50,9,0,1,0,10,0,615,13,1,2.0,0,224,0.3642276422764228,0,0,2,0,40,11,0,1,3,8,3,0.0,0.0,55.0,327.9375,True,critical,,,48,43,2,14,0.8958333333333334,True,5,18,9,11,2,0,0.0,True,6,3,1.2222222222222223,11,1,0,True,0,5,0.0,2
599,PaladinToken,0xab846fb600000000000000000000000000000000,blockchain/contracts/collected/PaladinToken_0xab846fb6,,manual,False,False,False,False,False,False,False,False,False,False,False,False,False,False,False,False,False,False,False,False,False,False,False,False,False,0,0,0,0,0,0,0,0,0,0,1,0,0.0,0,0,0.0,0,0,0,0,0,0,0,0,0,0,0,0.0,0.0,0.0,0.0,False,simple,IMPORT_ERROR,"File not found: Invalid compilation: 
Invalid solc compilation Error: Source ""blockchain/contracts/collected/PaladinToken_0xab846fb6/open-zeppelin/ERC20.sol"" not found: File not found. Searched the following locations: """".
 --> blockchain/contracts/collected/PaladinToken_0xab846fb6/PaladinToken.sol:4:1:
  |
4 | import ""./open-zeppelin/ERC20.sol"";
  | ^^^^^^^^^^^^^^^^^^^^^^^^^^^^^^^^^^^

Error: Source ""blockchain/contracts/collected/PaladinToken_0xab846fb6/open-zeppelin/AccessControl.sol"" not found: File not found. Searched the following locations: """".
 --> blockchain/contracts/collected/PaladinToken_0xab846fb6/PaladinToken.sol:5:1:
  |
5 | import ""./open-zeppelin/AccessControl.sol"";
  | ^^^^^^^^^^^^^^^^^^^^^^^^^^^^^^^^^^^^^^^^^^^

Error: Source ""blockchain/contracts/collected/PaladinToken_0xab846fb6/open-zeppelin/utils/Math.sol"" not found: File not found. Searched the following locations: """".
 --> blockchain/contracts/collected/PaladinToken_0xab846fb6/PaladinToken.sol:6:1:
  |
6 | import ""./open-zeppelin/utils/Math.sol"";
  | ^^^^^^^^^^^^^^^^^^^^^^^^^^^^^^^^^^^^^^^^

Error: Source ""blockchain/contracts/collected/PaladinToken_0xab846fb6/open-zeppelin/utils/ECDSA.sol"" not found: File not found. Searched the following locations: """".
 --> blockchain/contracts/collected/PaladinToken_0xab846fb6/PaladinToken.sol:7:1:
  |
7 | import ""./open-zeppelin/utils/ECDSA.sol"";
  | ^^^^^^^^^^^^^^^^^^^^^^^^^^^^^^^^^^^^^^^^^

",0,0,0,0,0.0,False,0,0,0,0,0,0,0.0,False,0,0,0.0,0,0,0,False,0,0,0.0,0
600,ERC1967Proxy,0xe488024900000000000000000000000000000000,blockchain/contracts/collected/ERC1967Proxy_0xe4880249,,manual,False,False,False,False,False,False,False,False,False,False,False,False,False,False,False,False,False,False,False,False,False,False,False,False,False,0,0,0,0,0,0,0,0,0,0,1,0,0.0,0,0,0.0,0,0,0,0,0,0,0,0,0,0,0,0.0,0.0,0.0,0.0,False,simple,IMPORT_ERROR,"File not found: Invalid compilation: 
Invalid solc compilation Error: Source ""blockchain/contracts/collected/Proxy.sol"" not found: File not found. Searched the following locations: """".
 --> blockchain/contracts/collected/ERC1967Proxy_0xe4880249/ERC1967Proxy.sol:6:1:
  |
6 | import ""../Proxy.sol"";
  | ^^^^^^^^^^^^^^^^^^^^^^

Error: Source ""blockchain/contracts/collected/beacon/IBeacon.sol"" not found: File not found. Searched the following locations: """".
 --> blockchain/contracts/collected/ERC1967Proxy_0xe4880249/ERC1967Upgrade.sol:6:1:
  |
6 | import ""../beacon/IBeacon.sol"";
  | ^^^^^^^^^^^^^^^^^^^^^^^^^^^^^^^

Error: Source ""blockchain/contracts/interfaces/IERC1967.sol"" not found: File not found. Searched the following locations: """".
 --> blockchain/contracts/collected/ERC1967Proxy_0xe4880249/ERC1967Upgrade.sol:7:1:
  |
7 | import ""../../interfaces/IERC1967.sol"";
  | ^^^^^^^^^^^^^^^^^^^^^^^^^^^^^^^^^^^^^^^

Error: Source ""blockchain/contracts/interfaces/draft-IERC1822.sol"" not found: File not found. Searched the following locations: """".
 --> blockchain/contracts/collected/ERC1967Proxy_0xe4880249/ERC1967Upgrade.sol:8:1:
  |
8 | import ""../../interfaces/draft-IERC1822.sol"";
  | ^^^^^^^^^^^^^^^^^^^^^^^^^^^^^^^^^^^^^^^^^^^^^

Error: Source ""blockchain/contracts/utils/Address.sol"" not found: File not found. Searched the following locations: """".
 --> blockchain/contracts/collected/ERC1967Proxy_0xe4880249/ERC1967Upgrade.sol:9:1:
  |
9 | import ""../../utils/Address.sol"";
  | ^^^^^^^^^^^^^^^^^^^^^^^^^^^^^^^^^

Error: Source ""blockchain/contracts/utils/StorageSlot.sol"" not found: File not found. Searched the following locations: """".
  --> blockchain/contracts/collected/ERC1967Proxy_0xe4880249/ERC1967Upgrade.sol:10:1:
   |
10 | import ""../../utils/StorageSlot.sol"";
   | ^^^^^^^^^^^^^^^^^^^^^^^^^^^^^^^^^^^^^

",0,0,0,0,0.0,False,0,0,0,0,0,0,0.0,False,0,0,0.0,0,0,0,False,0,0,0.0,0
601,ERC20,0x5d60d8d700000000000000000000000000000000,blockchain/contracts/collected/ERC20_0x5d60d8d7.sol,,manual,False,True,False,False,False,True,True,True,False,False,False,False,False,False,False,True,False,False,False,False,False,False,True,False,False,2,1,32,11,11,6,0,1,0,307,5,1,1.0,0,123,0.4006514657980456,1,6,1,0,33,7,0,3,0,13,5,0.0,0.0,57.0,166.17692307692312,True,critical,,,52,41,0,7,0.7884615384615384,False,9,11,11,3,1,11,0.7857142857142857,False,11,0,0.2727272727272727,10,6,7,True,5,20,1.4,9
602,AppProxyUpgradeable,0xae7ab96500000000000000000000000000000000,blockchain/contracts/collected/AppProxyUpgradeable_0xae7ab965.sol,,manual,False,False,False,False,False,False,False,False,False,False,False,False,False,False,False,False,False,False,False,False,False,False,False,False,False,0,0,0,0,0,0,0,0,0,0,1,0,0.0,0,0,0.0,0,0,0,0,0,0,0,0,0,0,0,0.0,0.0,0.0,0.0,False,simple,VERSION_MISMATCH,"Version mismatch: Invalid compilation: 
Invalid solc compilation /home/motafeq/projects/chainguardian-ai/blockchain/contracts/collected/AppProxyUpgradeable_0xae7ab965.sol:189:1: Error: Source file requires different compiler version (current compiler is 0.4.26+commit.4563c3fc.Linux.g++ - note that nightly builds are considered to be strictly less than the released version
pragma solidity 0.4.24;
^---------------------^
/home/motafeq/projects/chainguardian-ai/blockchain/contracts/collected/AppProxyUpgradeable_0xae7ab965.sol:222:1: Error: Source file requires different compiler version (current compiler is 0.4.26+commit.4563c3fc.Linux.g++ - note that nightly builds are considered to be strictly less than the released version
pragma solidity 0.4.24;
^---------------------^
/home/motafeq/projects/chainguardian-ai/blockchain/contracts/collected/AppProxyUpgradeable_0xae7ab965.sol:243:1: Error: Source file requires different compiler version (current compiler is 0.4.26+commit.4563c3fc.Linux.g++ - note that nightly builds are considered to be strictly less than the released version
pragma solidity 0.4.24;
^---------------------^
/home/motafeq/projects/chainguardian-ai/blockchain/contracts/collected/AppProxyUpgradeable_0xae7ab965.sol:321:1: Error: Source file requires different compiler version (current compiler is 0.4.26+commit.4563c3fc.Linux.g++ - note that nightly builds are considered to be strictly less than the released version
pragma solidity 0.4.24;
^---------------------^
/home/motafeq/projects/chainguardian-ai/blockchain/contracts/collected/AppProxyUpgradeable_0xae7ab965.sol:361:1: Error: Source file requires different compiler version (current compiler is 0.4.26+commit.4563c3fc.Linux.g++ - note that nightly builds are considered to be strictly less than the released version
pragma solidity 0.4.24;
^---------------------^
/home/motafeq/projects/chainguardian-ai/blockchain/contracts/collected/AppProxyUpgradeable_0xae7ab965.sol:58:5: Warning: Functions in interf",0,0,0,0,0.0,False,0,0,0,0,0,0,0.0,False,0,0,0.0,0,0,0,False,0,0,0.0,0
603,ZeroGravityOFT,0x4b948d6400000000000000000000000000000000,blockchain/contracts/collected/ZeroGravityOFT_0x4b948d64,,manual,False,False,False,False,False,False,False,False,False,False,False,False,False,False,False,False,False,False,False,False,False,False,False,False,False,0,0,0,0,0,0,0,0,0,0,1,0,0.0,0,0,0.0,0,0,0,0,0,0,0,0,0,0,0,0.0,0.0,0.0,0.0,False,simple,IMPORT_ERROR,"External library imports: Invalid compilation: 
Invalid solc compilation Error: Source ""@openzeppelin/contracts/access/Ownable.sol"" not found: File not found. Searched the following locations: """".
 --> blockchain/contracts/collected/ZeroGravityOFT_0x4b948d64/ZeroGravityOFT.sol:4:1:
  |
4 | import { Ownable } from ""@openzeppelin/contracts/access/Ownable.sol"";
  | ^^^^^^^^^^^^^^^^^^^^^^^^^^^^^^^^^^^^^^^^^^^^^^^^^^^^^^^^^^^^^^^^^^^^^

Error: Source ""@layerzerolabs/oft-evm/contracts/OFT.sol"" not found: File not found. Searched the following locations: """".
 --> blockchain/contracts/collected/ZeroGravityOFT_0x4b948d64/ZeroGravityOFT.sol:5:1:
  |
5 | import { OFT } from ""@layerzerolabs/oft-evm/contracts/OFT.sol"";
  | ^^^^^^^^^^^^^^^^^^^^^^^^^^^^^^^^^^^^^^^^^^^^^^^^^^^^^^^^^^^^^^^

",0,0,0,0,0.0,False,0,0,0,0,0,0,0.0,False,0,0,0.0,0,0,0,False,0,0,0.0,0
604,UniversalRouter,0x3fC91A3a00000000000000000000000000000000,blockchain/contracts/collected/UniversalRouter_0x3fC91A3a,,manual,False,False,False,False,False,False,False,False,False,False,False,False,False,False,False,False,False,False,False,False,False,False,False,False,False,0,0,0,0,0,0,0,0,0,0,1,0,0.0,0,0,0.0,0,0,0,0,0,0,0,0,0,0,0,0.0,0.0,0.0,0.0,False,simple,IMPORT_ERROR,"File not found: Invalid compilation: 
Invalid solc compilation Error: Source ""blockchain/contracts/collected/UniversalRouter_0x3fC91A3a/base/Dispatcher.sol"" not found: File not found. Searched the following locations: """".
 --> blockchain/contracts/collected/UniversalRouter_0x3fC91A3a/UniversalRouter.sol:5:1:
  |
5 | import {Dispatcher} from './base/Dispatcher.sol';
  | ^^^^^^^^^^^^^^^^^^^^^^^^^^^^^^^^^^^^^^^^^^^^^^^^^

Error: Source ""blockchain/contracts/collected/UniversalRouter_0x3fC91A3a/base/RewardsCollector.sol"" not found: File not found. Searched the following locations: """".
 --> blockchain/contracts/collected/UniversalRouter_0x3fC91A3a/UniversalRouter.sol:6:1:
  |
6 | import {RewardsCollector} from './base/RewardsCollector.sol';
  | ^^^^^^^^^^^^^^^^^^^^^^^^^^^^^^^^^^^^^^^^^^^^^^^^^^^^^^^^^^^^^

Error: Source ""blockchain/contracts/collected/UniversalRouter_0x3fC91A3a/base/RouterImmutables.sol"" not found: File not found. Searched the following locations: """".
 --> blockchain/contracts/collected/UniversalRouter_0x3fC91A3a/UniversalRouter.sol:7:1:
  |
7 | import {RouterParameters, RouterImmutables} from './base/RouterImmutables.sol';
  | ^^^^^^^^^^^^^^^^^^^^^^^^^^^^^^^^^^^^^^^^^^^^^^^^^^^^^^^^^^^^^^^^^^^^^^^^^^^^^^^

Error: Source ""blockchain/contracts/collected/UniversalRouter_0x3fC91A3a/libraries/Commands.sol"" not found: File not found. Searched the following locations: """".
 --> blockchain/contracts/collected/UniversalRouter_0x3fC91A3a/UniversalRouter.sol:8:1:
  |
8 | import {Commands} from './libraries/Commands.sol';
  | ^^^^^^^^^^^^^^^^^^^^^^^^^^^^^^^^^^^^^^^^^^^^^^^^^^

Error: Source ""blockchain/contracts/collected/UniversalRouter_0x3fC91A3a/interfaces/IUniversalRouter.sol"" not found: File not found. Searched the following locations: """".
 --> blockchain/contracts/collected/UniversalRouter_0x3fC91A3a/UniversalRouter.sol:9:1:
  |
9 | import {IUniversalRouter} from './interfaces/IUniversalRouter.sol';
  | ^^^^^^^^^^^^^^^^^^^^^^^^^^^^^^^^^^^^^^^^^^^^^^^^^^^^^^^^^",0,0,0,0,0.0,False,0,0,0,0,0,0,0.0,False,0,0,0.0,0,0,0,False,0,0,0.0,0
605,VaultProxy,0x053c80eA00000000000000000000000000000000,blockchain/contracts/collected/VaultProxy_0x053c80eA.sol,,manual,False,False,False,True,False,False,False,False,False,False,False,False,False,False,True,False,False,True,False,False,False,False,True,True,False,0,0,13,4,3,0,0,1,1,172,5,1,1.0,0,96,0.5581395348837209,0,0,2,0,13,0,0,0,0,5,4,0.0,0.0,13.0,33.800000000000004,True,complex,,,15,11,0,9,0.7333333333333333,False,1,4,4,5,1,3,0.375,False,3,1,1.25,6,0,0,False,1,1,0.0,1
606,DAO,0xBB9bc24400000000000000000000000000000000,blockchain/contracts/collected/DAO_0xBB9bc244.sol,,manual,False,False,False,False,False,False,False,False,False,False,False,False,False,False,False,False,False,False,False,False,False,False,False,False,False,0,0,0,0,0,0,0,0,0,0,1,0,0.0,0,0,0.0,0,0,0,0,0,0,0,0,0,0,0,0.0,0.0,0.0,0.0,False,simple,COMPILATION_ERROR,"Compilation error: Invalid compilation: 
Invalid solc compilation Error: Expected '{' but got 'constant'
  --> blockchain/contracts/collected/DAO_0xBB9bc244.sol:45:40:
   |
45 |     function balanceOf(address _owner) constant returns (uint256 balance);
   |                                        ^^^^^^^^

",0,0,0,0,0.0,False,0,0,0,0,0,0,0.0,False,0,0,0.0,0,0,0,False,0,0,0.0,0
607,CErc20Delegator,0x2Db6c82C00000000000000000000000000000000,blockchain/contracts/collected/CErc20Delegator_0x2Db6c82C,,manual,True,False,False,True,False,False,True,False,True,False,False,False,False,False,True,False,False,False,False,False,True,False,True,False,False,2,1,76,40,10,0,0,3,4,423,10,1,1.05,0,226,0.5342789598108747,1,0,2,0,90,6,0,3,0,12,6,0.0,0.0,101.0,792.85,True,critical,,,137,98,0,7,0.7153284671532847,False,3,42,40,43,2,10,0.18867924528301888,False,36,4,1.075,6,0,4,True,4,50,1.0,28
608,Vyper_contract,0xA5407eAE00000000000000000000000000000000,blockchain/contracts/collected/Vyper_contract_0xA5407eAE.sol,,manual,False,False,False,False,False,False,False,False,False,False,False,False,False,False,False,False,False,False,False,False,False,False,False,False,False,0,0,0,0,0,0,0,0,0,0,1,0,0.0,0,0,0.0,0,0,0,0,0,0,0,0,0,0,0,0.0,0.0,0.0,0.0,False,simple,COMPILATION_ERROR,"Compilation error: Invalid compilation: 
Invalid solc compilation Error: Expected pragma, import directive or contract/interface/library/struct/enum/constant/function/error definition.
 --> blockchain/contracts/collected/Vyper_contract_0xA5407eAE.sol:1:1:
  |
1 | # (c) Curve.Fi, 2020
  | ^

",0,0,0,0,0.0,False,0,0,0,0,0,0,0.0,False,0,0,0.0,0,0,0,False,0,0,0.0,0
609,MasterChef,0xbD17B1ce00000000000000000000000000000000,blockchain/contracts/collected/MasterChef_0xbD17B1ce.sol,,manual,True,False,False,True,False,False,True,True,False,False,False,False,False,False,True,False,False,True,False,False,False,False,True,True,False,2,9,84,18,49,10,0,5,0,1246,11,1,2.1666666666666665,0,694,0.5569823434991974,0,23,2,0,47,50,0,11,2,17,5,0.0,0.0,149.0,718.7058823529412,True,critical,,,120,109,1,12,0.9083333333333333,False,7,39,18,18,3,49,0.7313432835820896,False,15,3,1.0,9,10,14,True,9,27,1.5555555555555556,14
610,EtherDelta,0x8d12A19700000000000000000000000000000000,blockchain/contracts/collected/EtherDelta_0x8d12A197.sol,,manual,True,False,False,True,False,True,True,False,False,False,False,False,False,False,False,False,False,False,True,False,False,False,True,False,False,0,1,56,20,5,9,0,7,1,264,7,1,3.4,0,31,0.11742424242424243,1,0,1,0,42,17,0,1,0,12,4,0.0,0.0,61.0,273.9916666666667,True,critical,,,139,122,0,10,0.8776978417266187,False,26,68,20,23,2,5,0.17857142857142858,False,19,1,1.15,15,9,14,True,4,83,3.5,18
611,ZRXToken,0xE41d248900000000000000000000000000000000,blockchain/contracts/collected/ZRXToken_0xE41d2489.sol,,manual,False,False,False,False,False,False,False,False,False,False,False,False,False,False,False,False,False,True,False,False,False,False,True,False,False,1,0,16,3,0,4,0,1,0,113,4,1,1.0,0,42,0.37168141592920356,0,0,3,0,18,0,0,1,0,5,2,0.0,0.0,26.0,93.6,True,complex,,,7,4,0,3,0.5714285714285714,False,0,3,3,0,0,0,0.0,False,1,2,0.0,3,4,0,True,0,0,0.0,0
612,TronToken,0xf230b79000000000000000000000000000000000,blockchain/contracts/collected/TronToken_0xf230b790.sol,,manual,False,False,False,False,False,False,False,False,False,False,False,False,False,False,False,False,False,False,False,False,False,False,True,False,False,0,0,13,10,0,9,3,1,0,71,1,1,1.0,0,0,0.0,0,0,0,0,15,1,0,0,0,5,1,0.0,0.0,13.0,40.82,False,moderate,,,53,43,0,10,0.8113207547169812,False,3,10,10,13,1,0,0.0,False,8,2,1.3,7,9,6,True,0,10,0.0,6
613,WBTC,0x2260FAC500000000000000000000000000000000,blockchain/contracts/collected/WBTC_0x2260FAC5.sol,,manual,False,True,False,False,False,False,False,False,False,False,False,False,False,False,False,False,False,False,False,False,False,False,True,False,False,1,0,57,4,0,0,0,1,0,564,16,1,1.0,0,220,0.3900709219858156,0,0,3,0,52,7,0,1,0,7,2,0.0,0.0,67.0,544.6142857142856,True,critical,,,11,7,0,2,0.6363636363636364,False,1,4,4,5,1,0,0.0,True,3,1,1.25,3,0,0,False,0,1,0.0,1
614,Dai,0x6B17547400000000000000000000000000000000,blockchain/contracts/collected/Dai_0x6B175474.sol,,manual,False,False,True,False,False,False,False,False,False,False,False,False,False,False,False,False,False,False,False,False,False,False,True,False,False,0,0,4,15,3,11,1,3,0,169,2,1,1.4,0,39,0.23076923076923078,0,0,1,0,3,1,0,0,0,3,2,0.0,0.0,4.0,4.933333333333334,False,moderate,,,68,56,0,10,0.8235294117647058,False,3,21,15,24,3,3,0.1111111111111111,False,12,3,1.6,10,11,8,True,0,33,0.0,14
615,VEN,0xd850942e00000000000000000000000000000000,blockchain/contracts/collected/VEN_0xd850942e.sol,,manual,True,False,True,False,True,True,True,False,False,False,False,False,False,False,True,False,False,False,False,False,False,False,True,False,False,1,3,50,16,24,7,0,5,0,479,6,1,1.75,0,121,0.25260960334029225,0,14,1,0,42,14,0,4,1,13,5,0.0,0.0,75.0,298.84615384615387,True,critical,,,82,69,0,9,0.8414634146341463,False,13,28,16,14,2,24,0.631578947368421,False,14,2,0.875,13,7,8,True,1,20,8.0,10
